📋 Fila: 3 algoritmo(s) | 5 runs cada | 3 vaga(s) simultânea(s)
🧵 [worker 1] pegou algoritmo 'mappo' (posição 0) — 5 runs em sequência
🚀 [worker 1] lançando: mappo (run116) -> /mnt/ssd1/wesley/BusEnv/logs/mappo_run116.log
🧵 [worker 2] pegou algoritmo 'ia2c' (posição 1) — 5 runs em sequência
🚀 [worker 2] lançando: ia2c (run96) -> /mnt/ssd1/wesley/BusEnv/logs/ia2c_run96.log
🧵 [worker 3] pegou algoritmo 'maa2c' (posição 2) — 5 runs em sequência
🚀 [worker 3] lançando: maa2c (run103) -> /mnt/ssd1/wesley/BusEnv/logs/maa2c_run103.log
✅ [worker 2] ia2c (run96) concluído
🚀 [worker 2] lançando: ia2c (run97) -> /mnt/ssd1/wesley/BusEnv/logs/ia2c_run97.log
✅ [worker 3] maa2c (run103) concluído
🚀 [worker 3] lançando: maa2c (run104) -> /mnt/ssd1/wesley/BusEnv/logs/maa2c_run104.log
✅ [worker 1] mappo (run116) concluído
🚀 [worker 1] lançando: mappo (run117) -> /mnt/ssd1/wesley/BusEnv/logs/mappo_run117.log
✅ [worker 2] ia2c (run97) concluído
🚀 [worker 2] lançando: ia2c (run98) -> /mnt/ssd1/wesley/BusEnv/logs/ia2c_run98.log
✅ [worker 3] maa2c (run104) concluído
🚀 [worker 3] lançando: maa2c (run105) -> /mnt/ssd1/wesley/BusEnv/logs/maa2c_run105.log
✅ [worker 1] mappo (run117) concluído
🚀 [worker 1] lançando: mappo (run118) -> /mnt/ssd1/wesley/BusEnv/logs/mappo_run118.log
✅ [worker 2] ia2c (run98) concluído
🚀 [worker 2] lançando: ia2c (run99) -> /mnt/ssd1/wesley/BusEnv/logs/ia2c_run99.log
✅ [worker 3] maa2c (run105) concluído
🚀 [worker 3] lançando: maa2c (run106) -> /mnt/ssd1/wesley/BusEnv/logs/maa2c_run106.log
✅ [worker 1] mappo (run118) concluído
🚀 [worker 1] lançando: mappo (run119) -> /mnt/ssd1/wesley/BusEnv/logs/mappo_run119.log
✅ [worker 2] ia2c (run99) concluído
🚀 [worker 2] lançando: ia2c (run100) -> /mnt/ssd1/wesley/BusEnv/logs/ia2c_run100.log
✅ [worker 3] maa2c (run106) concluído
🚀 [worker 3] lançando: maa2c (run107) -> /mnt/ssd1/wesley/BusEnv/logs/maa2c_run107.log
✅ [worker 2] ia2c (run100) concluído
🏁 [worker 2] terminou TODAS as 5 runs de 'ia2c'. Buscando próximo algoritmo...
🧵 [worker 2] fila esgotada, encerrando.
✅ [worker 1] mappo (run119) concluído
🚀 [worker 1] lançando: mappo (run120) -> /mnt/ssd1/wesley/BusEnv/logs/mappo_run120.log
✅ [worker 3] maa2c (run107) concluído
🏁 [worker 3] terminou TODAS as 5 runs de 'maa2c'. Buscando próximo algoritmo...
🧵 [worker 3] fila esgotada, encerrando.
✅ [worker 1] mappo (run120) concluído
🏁 [worker 1] terminou TODAS as 5 runs de 'mappo'. Buscando próximo algoritmo...
🧵 [worker 1] fila esgotada, encerrando.
🏁 Todos os algoritmos (3) x 5 runs foram concluídos!
📄 Logs: /mnt/ssd1/wesley/BusEnv/logs
🌱 CodeCarbon CSV: /mnt/ssd1/wesley/BusEnv/codecarbon/emissions.csv (por padrão)
📋 Fila: 1 algoritmo(s) | 1 runs cada | 3 vaga(s) simultânea(s)
🧵 [worker 1] pegou algoritmo 'maa2c' (posição 0) — 1 runs em sequência
🚀 [worker 1] lançando: maa2c (run108) -> /mnt/ssd1/wesley/BusEnv/logs/maa2c_run108.log
🧵 [worker 2] fila esgotada, encerrando.
🧵 [worker 3] fila esgotada, encerrando.
✅ [worker 1] maa2c (run108) concluído
🏁 [worker 1] terminou TODAS as 1 runs de 'maa2c'. Buscando próximo algoritmo...
🧵 [worker 1] fila esgotada, encerrando.
🏁 Todos os algoritmos (1) x 1 runs foram concluídos!
📄 Logs: /mnt/ssd1/wesley/BusEnv/logs
🌱 CodeCarbon CSV: /mnt/ssd1/wesley/BusEnv/codecarbon/emissions.csv (por padrão)
📋 Fila: 1 algoritmo(s) | 1 runs cada | 3 vaga(s) simultânea(s)
🧵 [worker 1] pegou algoritmo 'maa2c' (posição 0) — 1 runs em sequência
🚀 [worker 1] lançando: maa2c (run109) -> /mnt/ssd1/wesley/BusEnv/logs/maa2c_run109.log
🧵 [worker 2] fila esgotada, encerrando.
🧵 [worker 3] fila esgotada, encerrando.
✅ [worker 1] maa2c (run109) concluído
🏁 [worker 1] terminou TODAS as 1 runs de 'maa2c'. Buscando próximo algoritmo...
🧵 [worker 1] fila esgotada, encerrando.
🏁 Todos os algoritmos (1) x 1 runs foram concluídos!
📄 Logs: /mnt/ssd1/wesley/BusEnv/logs
🌱 CodeCarbon CSV: /mnt/ssd1/wesley/BusEnv/codecarbon/emissions.csv (por padrão)
📋 Fila: 3 algoritmo(s) | 10 runs cada | 3 vaga(s) simultânea(s)
🧵 [worker 1] pegou algoritmo 'maa2c' (posição 0) — 10 runs em sequência
🚀 [worker 1] lançando: maa2c (run110) -> /mnt/ssd1/wesley/BusEnv/logs/maa2c_run110.log
🧵 [worker 2] pegou algoritmo 'mappo' (posição 1) — 10 runs em sequência
🚀 [worker 2] lançando: mappo (run121) -> /mnt/ssd1/wesley/BusEnv/logs/mappo_run121.log
🧵 [worker 3] pegou algoritmo 'ia2c' (posição 2) — 10 runs em sequência
🚀 [worker 3] lançando: ia2c (run101) -> /mnt/ssd1/wesley/BusEnv/logs/ia2c_run101.log
✅ [worker 3] ia2c (run101) concluído
🚀 [worker 3] lançando: ia2c (run102) -> /mnt/ssd1/wesley/BusEnv/logs/ia2c_run102.log
✅ [worker 1] maa2c (run110) concluído
🚀 [worker 1] lançando: maa2c (run111) -> /mnt/ssd1/wesley/BusEnv/logs/maa2c_run111.log
✅ [worker 2] mappo (run121) concluído
🚀 [worker 2] lançando: mappo (run122) -> /mnt/ssd1/wesley/BusEnv/logs/mappo_run122.log
✅ [worker 3] ia2c (run102) concluído
🚀 [worker 3] lançando: ia2c (run103) -> /mnt/ssd1/wesley/BusEnv/logs/ia2c_run103.log
✅ [worker 1] maa2c (run111) concluído
🚀 [worker 1] lançando: maa2c (run112) -> /mnt/ssd1/wesley/BusEnv/logs/maa2c_run112.log
run_parallel_train.sh: line 121: 2482182 Aborted                 (core dumped) nohup python "${TRAIN_SCRIPT}" --algo "${algo}" --cc-run-id "${algo}-${run_id}" --cc-output-dir "${CC_OUTDIR}" > "${log_file}" 2>&1
✅ [worker 2] mappo (run122) concluído
🚀 [worker 2] lançando: mappo (run123) -> /mnt/ssd1/wesley/BusEnv/logs/mappo_run123.log
run_parallel_train.sh: line 121: 2503514 Aborted                 (core dumped) nohup python "${TRAIN_SCRIPT}" --algo "${algo}" --cc-run-id "${algo}-${run_id}" --cc-output-dir "${CC_OUTDIR}" > "${log_file}" 2>&1
✅ [worker 3] ia2c (run103) concluído
🚀 [worker 3] lançando: ia2c (run104) -> /mnt/ssd1/wesley/BusEnv/logs/ia2c_run104.log
run_parallel_train.sh: line 121: 2507109 Aborted                 (core dumped) nohup python "${TRAIN_SCRIPT}" --algo "${algo}" --cc-run-id "${algo}-${run_id}" --cc-output-dir "${CC_OUTDIR}" > "${log_file}" 2>&1
✅ [worker 1] maa2c (run112) concluído
🚀 [worker 1] lançando: maa2c (run113) -> /mnt/ssd1/wesley/BusEnv/logs/maa2c_run113.log
📋 Fila: 3 algoritmo(s) | 5 runs cada | 3 vaga(s) simultânea(s)
🧵 [worker 1] pegou algoritmo 'itrpo' (posição 0) — 5 runs em sequência
🚀 [worker 1] lançando: itrpo (run46) -> /mnt/ssd1/wesley/BusEnv/logs/itrpo_run46.log
🧵 [worker 2] pegou algoritmo 'matrpo' (posição 1) — 5 runs em sequência
🚀 [worker 2] lançando: matrpo (run51) -> /mnt/ssd1/wesley/BusEnv/logs/matrpo_run51.log
🧵 [worker 3] pegou algoritmo 'happo' (posição 2) — 5 runs em sequência
🚀 [worker 3] lançando: happo (run51) -> /mnt/ssd1/wesley/BusEnv/logs/happo_run51.log
✅ [worker 1] itrpo (run46) concluído
🚀 [worker 1] lançando: itrpo (run47) -> /mnt/ssd1/wesley/BusEnv/logs/itrpo_run47.log
✅ [worker 2] matrpo (run51) concluído
🚀 [worker 2] lançando: matrpo (run52) -> /mnt/ssd1/wesley/BusEnv/logs/matrpo_run52.log
✅ [worker 3] happo (run51) concluído
🚀 [worker 3] lançando: happo (run52) -> /mnt/ssd1/wesley/BusEnv/logs/happo_run52.log
✅ [worker 1] itrpo (run47) concluído
🚀 [worker 1] lançando: itrpo (run48) -> /mnt/ssd1/wesley/BusEnv/logs/itrpo_run48.log
✅ [worker 2] matrpo (run52) concluído
🚀 [worker 2] lançando: matrpo (run53) -> /mnt/ssd1/wesley/BusEnv/logs/matrpo_run53.log
✅ [worker 3] happo (run52) concluído
🚀 [worker 3] lançando: happo (run53) -> /mnt/ssd1/wesley/BusEnv/logs/happo_run53.log
✅ [worker 1] itrpo (run48) concluído
🚀 [worker 1] lançando: itrpo (run49) -> /mnt/ssd1/wesley/BusEnv/logs/itrpo_run49.log
✅ [worker 2] matrpo (run53) concluído
🚀 [worker 2] lançando: matrpo (run54) -> /mnt/ssd1/wesley/BusEnv/logs/matrpo_run54.log
✅ [worker 3] happo (run53) concluído
🚀 [worker 3] lançando: happo (run54) -> /mnt/ssd1/wesley/BusEnv/logs/happo_run54.log
✅ [worker 1] itrpo (run49) concluído
🚀 [worker 1] lançando: itrpo (run50) -> /mnt/ssd1/wesley/BusEnv/logs/itrpo_run50.log
✅ [worker 2] matrpo (run54) concluído
🚀 [worker 2] lançando: matrpo (run55) -> /mnt/ssd1/wesley/BusEnv/logs/matrpo_run55.log
✅ [worker 3] happo (run54) concluído
🚀 [worker 3] lançando: happo (run55) -> /mnt/ssd1/wesley/BusEnv/logs/happo_run55.log
✅ [worker 1] itrpo (run50) concluído
🏁 [worker 1] terminou TODAS as 5 runs de 'itrpo'. Buscando próximo algoritmo...
🧵 [worker 1] fila esgotada, encerrando.
✅ [worker 2] matrpo (run55) concluído
🏁 [worker 2] terminou TODAS as 5 runs de 'matrpo'. Buscando próximo algoritmo...
🧵 [worker 2] fila esgotada, encerrando.
✅ [worker 3] happo (run55) concluído
🏁 [worker 3] terminou TODAS as 5 runs de 'happo'. Buscando próximo algoritmo...
🧵 [worker 3] fila esgotada, encerrando.
🏁 Todos os algoritmos (3) x 5 runs foram concluídos!
📄 Logs: /mnt/ssd1/wesley/BusEnv/logs
🌱 CodeCarbon CSV: /mnt/ssd1/wesley/BusEnv/codecarbon/emissions.csv (por padrão)
📋 Fila: 3 algoritmo(s) | 5 runs cada | 3 vaga(s) simultânea(s)
🧵 [worker 1] pegou algoritmo 'itrpo' (posição 0) — 5 runs em sequência
🚀 [worker 1] lançando: itrpo (run51) -> /mnt/ssd1/wesley/BusEnv/logs/itrpo_run51.log
🧵 [worker 2] pegou algoritmo 'matrpo' (posição 1) — 5 runs em sequência
🚀 [worker 2] lançando: matrpo (run56) -> /mnt/ssd1/wesley/BusEnv/logs/matrpo_run56.log
🧵 [worker 3] pegou algoritmo 'happo' (posição 2) — 5 runs em sequência
🚀 [worker 3] lançando: happo (run56) -> /mnt/ssd1/wesley/BusEnv/logs/happo_run56.log
✅ [worker 1] itrpo (run51) concluído
🚀 [worker 1] lançando: itrpo (run52) -> /mnt/ssd1/wesley/BusEnv/logs/itrpo_run52.log
✅ [worker 2] matrpo (run56) concluído
🚀 [worker 2] lançando: matrpo (run57) -> /mnt/ssd1/wesley/BusEnv/logs/matrpo_run57.log
✅ [worker 3] happo (run56) concluído
🚀 [worker 3] lançando: happo (run57) -> /mnt/ssd1/wesley/BusEnv/logs/happo_run57.log
✅ [worker 1] itrpo (run52) concluído
🚀 [worker 1] lançando: itrpo (run53) -> /mnt/ssd1/wesley/BusEnv/logs/itrpo_run53.log
✅ [worker 2] matrpo (run57) concluído
🚀 [worker 2] lançando: matrpo (run58) -> /mnt/ssd1/wesley/BusEnv/logs/matrpo_run58.log
✅ [worker 3] happo (run57) concluído
🚀 [worker 3] lançando: happo (run58) -> /mnt/ssd1/wesley/BusEnv/logs/happo_run58.log
✅ [worker 1] itrpo (run53) concluído
🚀 [worker 1] lançando: itrpo (run54) -> /mnt/ssd1/wesley/BusEnv/logs/itrpo_run54.log
✅ [worker 2] matrpo (run58) concluído
🚀 [worker 2] lançando: matrpo (run59) -> /mnt/ssd1/wesley/BusEnv/logs/matrpo_run59.log
✅ [worker 3] happo (run58) concluído
🚀 [worker 3] lançando: happo (run59) -> /mnt/ssd1/wesley/BusEnv/logs/happo_run59.log
✅ [worker 1] itrpo (run54) concluído
🚀 [worker 1] lançando: itrpo (run55) -> /mnt/ssd1/wesley/BusEnv/logs/itrpo_run55.log
✅ [worker 2] matrpo (run59) concluído
🚀 [worker 2] lançando: matrpo (run60) -> /mnt/ssd1/wesley/BusEnv/logs/matrpo_run60.log
✅ [worker 3] happo (run59) concluído
🚀 [worker 3] lançando: happo (run60) -> /mnt/ssd1/wesley/BusEnv/logs/happo_run60.log
✅ [worker 1] itrpo (run55) concluído
🏁 [worker 1] terminou TODAS as 5 runs de 'itrpo'. Buscando próximo algoritmo...
🧵 [worker 1] fila esgotada, encerrando.
✅ [worker 2] matrpo (run60) concluído
🏁 [worker 2] terminou TODAS as 5 runs de 'matrpo'. Buscando próximo algoritmo...
🧵 [worker 2] fila esgotada, encerrando.
✅ [worker 3] happo (run60) concluído
🏁 [worker 3] terminou TODAS as 5 runs de 'happo'. Buscando próximo algoritmo...
🧵 [worker 3] fila esgotada, encerrando.
🏁 Todos os algoritmos (3) x 5 runs foram concluídos!
📄 Logs: /mnt/ssd1/wesley/BusEnv/logs
🌱 CodeCarbon CSV: /mnt/ssd1/wesley/BusEnv/codecarbon/emissions.csv (por padrão)
📋 Fila: 3 algoritmo(s) | 5 runs cada | 3 vaga(s) simultânea(s)
🧵 [worker 1] pegou algoritmo 'itrpo' (posição 0) — 5 runs em sequência
🚀 [worker 1] lançando: itrpo (run56) -> /mnt/ssd1/wesley/BusEnv/logs/itrpo_run56.log
🧵 [worker 2] pegou algoritmo 'matrpo' (posição 1) — 5 runs em sequência
🚀 [worker 2] lançando: matrpo (run61) -> /mnt/ssd1/wesley/BusEnv/logs/matrpo_run61.log
🧵 [worker 3] pegou algoritmo 'happo' (posição 2) — 5 runs em sequência
🚀 [worker 3] lançando: happo (run61) -> /mnt/ssd1/wesley/BusEnv/logs/happo_run61.log
✅ [worker 1] itrpo (run56) concluído
🚀 [worker 1] lançando: itrpo (run57) -> /mnt/ssd1/wesley/BusEnv/logs/itrpo_run57.log
✅ [worker 2] matrpo (run61) concluído
🚀 [worker 2] lançando: matrpo (run62) -> /mnt/ssd1/wesley/BusEnv/logs/matrpo_run62.log
✅ [worker 3] happo (run61) concluído
🚀 [worker 3] lançando: happo (run62) -> /mnt/ssd1/wesley/BusEnv/logs/happo_run62.log
✅ [worker 1] itrpo (run57) concluído
🚀 [worker 1] lançando: itrpo (run58) -> /mnt/ssd1/wesley/BusEnv/logs/itrpo_run58.log
✅ [worker 2] matrpo (run62) concluído
🚀 [worker 2] lançando: matrpo (run63) -> /mnt/ssd1/wesley/BusEnv/logs/matrpo_run63.log
✅ [worker 3] happo (run62) concluído
🚀 [worker 3] lançando: happo (run63) -> /mnt/ssd1/wesley/BusEnv/logs/happo_run63.log
✅ [worker 1] itrpo (run58) concluído
🚀 [worker 1] lançando: itrpo (run59) -> /mnt/ssd1/wesley/BusEnv/logs/itrpo_run59.log
✅ [worker 2] matrpo (run63) concluído
🚀 [worker 2] lançando: matrpo (run64) -> /mnt/ssd1/wesley/BusEnv/logs/matrpo_run64.log
✅ [worker 3] happo (run63) concluído
🚀 [worker 3] lançando: happo (run64) -> /mnt/ssd1/wesley/BusEnv/logs/happo_run64.log
✅ [worker 1] itrpo (run59) concluído
🚀 [worker 1] lançando: itrpo (run60) -> /mnt/ssd1/wesley/BusEnv/logs/itrpo_run60.log
✅ [worker 2] matrpo (run64) concluído
🚀 [worker 2] lançando: matrpo (run65) -> /mnt/ssd1/wesley/BusEnv/logs/matrpo_run65.log
✅ [worker 3] happo (run64) concluído
🚀 [worker 3] lançando: happo (run65) -> /mnt/ssd1/wesley/BusEnv/logs/happo_run65.log
✅ [worker 1] itrpo (run60) concluído
🏁 [worker 1] terminou TODAS as 5 runs de 'itrpo'. Buscando próximo algoritmo...
🧵 [worker 1] fila esgotada, encerrando.
✅ [worker 2] matrpo (run65) concluído
🏁 [worker 2] terminou TODAS as 5 runs de 'matrpo'. Buscando próximo algoritmo...
🧵 [worker 2] fila esgotada, encerrando.
✅ [worker 3] happo (run65) concluído
🏁 [worker 3] terminou TODAS as 5 runs de 'happo'. Buscando próximo algoritmo...
🧵 [worker 3] fila esgotada, encerrando.
🏁 Todos os algoritmos (3) x 5 runs foram concluídos!
📄 Logs: /mnt/ssd1/wesley/BusEnv/logs
🌱 CodeCarbon CSV: /mnt/ssd1/wesley/BusEnv/codecarbon/emissions.csv (por padrão)
📋 Fila: 3 algoritmo(s) | 5 runs cada | 3 vaga(s) simultânea(s)
🧵 [worker 1] pegou algoritmo 'itrpo' (posição 0) — 5 runs em sequência
🚀 [worker 1] lançando: itrpo (run61) -> /mnt/ssd1/wesley/BusEnv/logs/itrpo_run61.log
🧵 [worker 2] pegou algoritmo 'matrpo' (posição 1) — 5 runs em sequência
🚀 [worker 2] lançando: matrpo (run66) -> /mnt/ssd1/wesley/BusEnv/logs/matrpo_run66.log
🧵 [worker 3] pegou algoritmo 'happo' (posição 2) — 5 runs em sequência
🚀 [worker 3] lançando: happo (run66) -> /mnt/ssd1/wesley/BusEnv/logs/happo_run66.log
✅ [worker 2] matrpo (run66) concluído
🚀 [worker 2] lançando: matrpo (run67) -> /mnt/ssd1/wesley/BusEnv/logs/matrpo_run67.log
✅ [worker 1] itrpo (run61) concluído
🚀 [worker 1] lançando: itrpo (run62) -> /mnt/ssd1/wesley/BusEnv/logs/itrpo_run62.log
✅ [worker 3] happo (run66) concluído
🚀 [worker 3] lançando: happo (run67) -> /mnt/ssd1/wesley/BusEnv/logs/happo_run67.log
✅ [worker 2] matrpo (run67) concluído
🚀 [worker 2] lançando: matrpo (run68) -> /mnt/ssd1/wesley/BusEnv/logs/matrpo_run68.log
✅ [worker 1] itrpo (run62) concluído
🚀 [worker 1] lançando: itrpo (run63) -> /mnt/ssd1/wesley/BusEnv/logs/itrpo_run63.log
✅ [worker 3] happo (run67) concluído
🚀 [worker 3] lançando: happo (run68) -> /mnt/ssd1/wesley/BusEnv/logs/happo_run68.log
✅ [worker 2] matrpo (run68) concluído
🚀 [worker 2] lançando: matrpo (run69) -> /mnt/ssd1/wesley/BusEnv/logs/matrpo_run69.log
✅ [worker 1] itrpo (run63) concluído
🚀 [worker 1] lançando: itrpo (run64) -> /mnt/ssd1/wesley/BusEnv/logs/itrpo_run64.log
✅ [worker 3] happo (run68) concluído
🚀 [worker 3] lançando: happo (run69) -> /mnt/ssd1/wesley/BusEnv/logs/happo_run69.log
✅ [worker 2] matrpo (run69) concluído
🚀 [worker 2] lançando: matrpo (run70) -> /mnt/ssd1/wesley/BusEnv/logs/matrpo_run70.log
✅ [worker 1] itrpo (run64) concluído
🚀 [worker 1] lançando: itrpo (run65) -> /mnt/ssd1/wesley/BusEnv/logs/itrpo_run65.log
✅ [worker 3] happo (run69) concluído
🚀 [worker 3] lançando: happo (run70) -> /mnt/ssd1/wesley/BusEnv/logs/happo_run70.log
✅ [worker 2] matrpo (run70) concluído
🏁 [worker 2] terminou TODAS as 5 runs de 'matrpo'. Buscando próximo algoritmo...
🧵 [worker 2] fila esgotada, encerrando.
✅ [worker 1] itrpo (run65) concluído
🏁 [worker 1] terminou TODAS as 5 runs de 'itrpo'. Buscando próximo algoritmo...
🧵 [worker 1] fila esgotada, encerrando.
✅ [worker 3] happo (run70) concluído
🏁 [worker 3] terminou TODAS as 5 runs de 'happo'. Buscando próximo algoritmo...
🧵 [worker 3] fila esgotada, encerrando.
🏁 Todos os algoritmos (3) x 5 runs foram concluídos!
📄 Logs: /mnt/ssd1/wesley/BusEnv/logs
🌱 CodeCarbon CSV: /mnt/ssd1/wesley/BusEnv/codecarbon/emissions.csv (por padrão)
📋 Fila: 3 algoritmo(s) | 5 runs cada | 3 vaga(s) simultânea(s)
🧵 [worker 1] pegou algoritmo 'itrpo' (posição 0) — 5 runs em sequência
🚀 [worker 1] lançando: itrpo (run66) -> /mnt/ssd1/wesley/BusEnv/logs/itrpo_run66.log
🧵 [worker 2] pegou algoritmo 'matrpo' (posição 1) — 5 runs em sequência
🚀 [worker 2] lançando: matrpo (run71) -> /mnt/ssd1/wesley/BusEnv/logs/matrpo_run71.log
🧵 [worker 3] pegou algoritmo 'happo' (posição 2) — 5 runs em sequência
🚀 [worker 3] lançando: happo (run71) -> /mnt/ssd1/wesley/BusEnv/logs/happo_run71.log
✅ [worker 1] itrpo (run66) concluído
🚀 [worker 1] lançando: itrpo (run67) -> /mnt/ssd1/wesley/BusEnv/logs/itrpo_run67.log
✅ [worker 2] matrpo (run71) concluído
🚀 [worker 2] lançando: matrpo (run72) -> /mnt/ssd1/wesley/BusEnv/logs/matrpo_run72.log
✅ [worker 3] happo (run71) concluído
🚀 [worker 3] lançando: happo (run72) -> /mnt/ssd1/wesley/BusEnv/logs/happo_run72.log
✅ [worker 1] itrpo (run67) concluído
🚀 [worker 1] lançando: itrpo (run68) -> /mnt/ssd1/wesley/BusEnv/logs/itrpo_run68.log
✅ [worker 2] matrpo (run72) concluído
🚀 [worker 2] lançando: matrpo (run73) -> /mnt/ssd1/wesley/BusEnv/logs/matrpo_run73.log
✅ [worker 3] happo (run72) concluído
🚀 [worker 3] lançando: happo (run73) -> /mnt/ssd1/wesley/BusEnv/logs/happo_run73.log
✅ [worker 1] itrpo (run68) concluído
🚀 [worker 1] lançando: itrpo (run69) -> /mnt/ssd1/wesley/BusEnv/logs/itrpo_run69.log
✅ [worker 2] matrpo (run73) concluído
🚀 [worker 2] lançando: matrpo (run74) -> /mnt/ssd1/wesley/BusEnv/logs/matrpo_run74.log
✅ [worker 3] happo (run73) concluído
🚀 [worker 3] lançando: happo (run74) -> /mnt/ssd1/wesley/BusEnv/logs/happo_run74.log
✅ [worker 1] itrpo (run69) concluído
🚀 [worker 1] lançando: itrpo (run70) -> /mnt/ssd1/wesley/BusEnv/logs/itrpo_run70.log
✅ [worker 2] matrpo (run74) concluído
🚀 [worker 2] lançando: matrpo (run75) -> /mnt/ssd1/wesley/BusEnv/logs/matrpo_run75.log
✅ [worker 3] happo (run74) concluído
🚀 [worker 3] lançando: happo (run75) -> /mnt/ssd1/wesley/BusEnv/logs/happo_run75.log
✅ [worker 1] itrpo (run70) concluído
🏁 [worker 1] terminou TODAS as 5 runs de 'itrpo'. Buscando próximo algoritmo...
🧵 [worker 1] fila esgotada, encerrando.
✅ [worker 2] matrpo (run75) concluído
🏁 [worker 2] terminou TODAS as 5 runs de 'matrpo'. Buscando próximo algoritmo...
🧵 [worker 2] fila esgotada, encerrando.
✅ [worker 3] happo (run75) concluído
🏁 [worker 3] terminou TODAS as 5 runs de 'happo'. Buscando próximo algoritmo...
🧵 [worker 3] fila esgotada, encerrando.
🏁 Todos os algoritmos (3) x 5 runs foram concluídos!
📄 Logs: /mnt/ssd1/wesley/BusEnv/logs
🌱 CodeCarbon CSV: /mnt/ssd1/wesley/BusEnv/codecarbon/emissions.csv (por padrão)
📋 Fila: 3 algoritmo(s) | 5 runs cada | 3 vaga(s) simultânea(s)
🧵 [worker 1] pegou algoritmo 'coma' (posição 0) — 5 runs em sequência
🚀 [worker 1] lançando: coma (run3) -> /mnt/ssd1/wesley/BusEnv/logs/coma_run3.log
🧵 [worker 2] pegou algoritmo 'hatrpo' (posição 1) — 5 runs em sequência
🚀 [worker 2] lançando: hatrpo (run46) -> /mnt/ssd1/wesley/BusEnv/logs/hatrpo_run46.log
🧵 [worker 3] pegou algoritmo 'ippo' (posição 2) — 5 runs em sequência
🚀 [worker 3] lançando: ippo (run46) -> /mnt/ssd1/wesley/BusEnv/logs/ippo_run46.log
✅ [worker 1] coma (run3) concluído
🚀 [worker 1] lançando: coma (run4) -> /mnt/ssd1/wesley/BusEnv/logs/coma_run4.log
✅ [worker 3] ippo (run46) concluído
🚀 [worker 3] lançando: ippo (run47) -> /mnt/ssd1/wesley/BusEnv/logs/ippo_run47.log
✅ [worker 2] hatrpo (run46) concluído
🚀 [worker 2] lançando: hatrpo (run47) -> /mnt/ssd1/wesley/BusEnv/logs/hatrpo_run47.log
✅ [worker 1] coma (run4) concluído
🚀 [worker 1] lançando: coma (run5) -> /mnt/ssd1/wesley/BusEnv/logs/coma_run5.log
✅ [worker 3] ippo (run47) concluído
🚀 [worker 3] lançando: ippo (run48) -> /mnt/ssd1/wesley/BusEnv/logs/ippo_run48.log
✅ [worker 2] hatrpo (run47) concluído
🚀 [worker 2] lançando: hatrpo (run48) -> /mnt/ssd1/wesley/BusEnv/logs/hatrpo_run48.log
✅ [worker 1] coma (run5) concluído
🚀 [worker 1] lançando: coma (run6) -> /mnt/ssd1/wesley/BusEnv/logs/coma_run6.log
✅ [worker 3] ippo (run48) concluído
🚀 [worker 3] lançando: ippo (run49) -> /mnt/ssd1/wesley/BusEnv/logs/ippo_run49.log
✅ [worker 2] hatrpo (run48) concluído
🚀 [worker 2] lançando: hatrpo (run49) -> /mnt/ssd1/wesley/BusEnv/logs/hatrpo_run49.log
✅ [worker 1] coma (run6) concluído
🚀 [worker 1] lançando: coma (run7) -> /mnt/ssd1/wesley/BusEnv/logs/coma_run7.log
✅ [worker 3] ippo (run49) concluído
🚀 [worker 3] lançando: ippo (run50) -> /mnt/ssd1/wesley/BusEnv/logs/ippo_run50.log
✅ [worker 1] coma (run7) concluído
🏁 [worker 1] terminou TODAS as 5 runs de 'coma'. Buscando próximo algoritmo...
🧵 [worker 1] fila esgotada, encerrando.
✅ [worker 2] hatrpo (run49) concluído
🚀 [worker 2] lançando: hatrpo (run50) -> /mnt/ssd1/wesley/BusEnv/logs/hatrpo_run50.log
✅ [worker 3] ippo (run50) concluído
🏁 [worker 3] terminou TODAS as 5 runs de 'ippo'. Buscando próximo algoritmo...
🧵 [worker 3] fila esgotada, encerrando.
✅ [worker 2] hatrpo (run50) concluído
🏁 [worker 2] terminou TODAS as 5 runs de 'hatrpo'. Buscando próximo algoritmo...
🧵 [worker 2] fila esgotada, encerrando.
🏁 Todos os algoritmos (3) x 5 runs foram concluídos!
📄 Logs: /mnt/ssd1/wesley/BusEnv/logs
🌱 CodeCarbon CSV: /mnt/ssd1/wesley/BusEnv/codecarbon/emissions.csv (por padrão)
📋 Fila: 3 algoritmo(s) | 5 runs cada | 3 vaga(s) simultânea(s)
🧵 [worker 1] pegou algoritmo 'coma' (posição 0) — 5 runs em sequência
🚀 [worker 1] lançando: coma (run8) -> /mnt/ssd1/wesley/BusEnv/logs/coma_run8.log
🧵 [worker 2] pegou algoritmo 'hatrpo' (posição 1) — 5 runs em sequência
🚀 [worker 2] lançando: hatrpo (run51) -> /mnt/ssd1/wesley/BusEnv/logs/hatrpo_run51.log
🧵 [worker 3] pegou algoritmo 'ippo' (posição 2) — 5 runs em sequência
🚀 [worker 3] lançando: ippo (run51) -> /mnt/ssd1/wesley/BusEnv/logs/ippo_run51.log
✅ [worker 1] coma (run8) concluído
🚀 [worker 1] lançando: coma (run9) -> /mnt/ssd1/wesley/BusEnv/logs/coma_run9.log
✅ [worker 3] ippo (run51) concluído
🚀 [worker 3] lançando: ippo (run52) -> /mnt/ssd1/wesley/BusEnv/logs/ippo_run52.log
✅ [worker 2] hatrpo (run51) concluído
🚀 [worker 2] lançando: hatrpo (run52) -> /mnt/ssd1/wesley/BusEnv/logs/hatrpo_run52.log
✅ [worker 1] coma (run9) concluído
🚀 [worker 1] lançando: coma (run10) -> /mnt/ssd1/wesley/BusEnv/logs/coma_run10.log
✅ [worker 3] ippo (run52) concluído
🚀 [worker 3] lançando: ippo (run53) -> /mnt/ssd1/wesley/BusEnv/logs/ippo_run53.log
✅ [worker 2] hatrpo (run52) concluído
🚀 [worker 2] lançando: hatrpo (run53) -> /mnt/ssd1/wesley/BusEnv/logs/hatrpo_run53.log
✅ [worker 1] coma (run10) concluído
🚀 [worker 1] lançando: coma (run11) -> /mnt/ssd1/wesley/BusEnv/logs/coma_run11.log
✅ [worker 3] ippo (run53) concluído
🚀 [worker 3] lançando: ippo (run54) -> /mnt/ssd1/wesley/BusEnv/logs/ippo_run54.log
✅ [worker 1] coma (run11) concluído
🚀 [worker 1] lançando: coma (run12) -> /mnt/ssd1/wesley/BusEnv/logs/coma_run12.log
✅ [worker 2] hatrpo (run53) concluído
🚀 [worker 2] lançando: hatrpo (run54) -> /mnt/ssd1/wesley/BusEnv/logs/hatrpo_run54.log
✅ [worker 3] ippo (run54) concluído
🚀 [worker 3] lançando: ippo (run55) -> /mnt/ssd1/wesley/BusEnv/logs/ippo_run55.log
✅ [worker 1] coma (run12) concluído
🏁 [worker 1] terminou TODAS as 5 runs de 'coma'. Buscando próximo algoritmo...
🧵 [worker 1] fila esgotada, encerrando.
✅ [worker 2] hatrpo (run54) concluído
🚀 [worker 2] lançando: hatrpo (run55) -> /mnt/ssd1/wesley/BusEnv/logs/hatrpo_run55.log
✅ [worker 3] ippo (run55) concluído
🏁 [worker 3] terminou TODAS as 5 runs de 'ippo'. Buscando próximo algoritmo...
🧵 [worker 3] fila esgotada, encerrando.
✅ [worker 2] hatrpo (run55) concluído
🏁 [worker 2] terminou TODAS as 5 runs de 'hatrpo'. Buscando próximo algoritmo...
🧵 [worker 2] fila esgotada, encerrando.
🏁 Todos os algoritmos (3) x 5 runs foram concluídos!
📄 Logs: /mnt/ssd1/wesley/BusEnv/logs
🌱 CodeCarbon CSV: /mnt/ssd1/wesley/BusEnv/codecarbon/emissions.csv (por padrão)
📋 Fila: 3 algoritmo(s) | 5 runs cada | 3 vaga(s) simultânea(s)
🧵 [worker 1] pegou algoritmo 'coma' (posição 0) — 5 runs em sequência
🚀 [worker 1] lançando: coma (run13) -> /mnt/ssd1/wesley/BusEnv/logs/coma_run13.log
🧵 [worker 2] pegou algoritmo 'hatrpo' (posição 1) — 5 runs em sequência
🚀 [worker 2] lançando: hatrpo (run56) -> /mnt/ssd1/wesley/BusEnv/logs/hatrpo_run56.log
🧵 [worker 3] pegou algoritmo 'ippo' (posição 2) — 5 runs em sequência
🚀 [worker 3] lançando: ippo (run56) -> /mnt/ssd1/wesley/BusEnv/logs/ippo_run56.log
✅ [worker 1] coma (run13) concluído
🚀 [worker 1] lançando: coma (run14) -> /mnt/ssd1/wesley/BusEnv/logs/coma_run14.log
✅ [worker 3] ippo (run56) concluído
🚀 [worker 3] lançando: ippo (run57) -> /mnt/ssd1/wesley/BusEnv/logs/ippo_run57.log
✅ [worker 2] hatrpo (run56) concluído
🚀 [worker 2] lançando: hatrpo (run57) -> /mnt/ssd1/wesley/BusEnv/logs/hatrpo_run57.log
✅ [worker 1] coma (run14) concluído
🚀 [worker 1] lançando: coma (run15) -> /mnt/ssd1/wesley/BusEnv/logs/coma_run15.log
✅ [worker 3] ippo (run57) concluído
🚀 [worker 3] lançando: ippo (run58) -> /mnt/ssd1/wesley/BusEnv/logs/ippo_run58.log
✅ [worker 2] hatrpo (run57) concluído
🚀 [worker 2] lançando: hatrpo (run58) -> /mnt/ssd1/wesley/BusEnv/logs/hatrpo_run58.log
✅ [worker 1] coma (run15) concluído
🚀 [worker 1] lançando: coma (run16) -> /mnt/ssd1/wesley/BusEnv/logs/coma_run16.log
✅ [worker 3] ippo (run58) concluído
🚀 [worker 3] lançando: ippo (run59) -> /mnt/ssd1/wesley/BusEnv/logs/ippo_run59.log
✅ [worker 2] hatrpo (run58) concluído
🚀 [worker 2] lançando: hatrpo (run59) -> /mnt/ssd1/wesley/BusEnv/logs/hatrpo_run59.log
✅ [worker 1] coma (run16) concluído
🚀 [worker 1] lançando: coma (run17) -> /mnt/ssd1/wesley/BusEnv/logs/coma_run17.log
✅ [worker 3] ippo (run59) concluído
🚀 [worker 3] lançando: ippo (run60) -> /mnt/ssd1/wesley/BusEnv/logs/ippo_run60.log
✅ [worker 1] coma (run17) concluído
🏁 [worker 1] terminou TODAS as 5 runs de 'coma'. Buscando próximo algoritmo...
🧵 [worker 1] fila esgotada, encerrando.
✅ [worker 2] hatrpo (run59) concluído
🚀 [worker 2] lançando: hatrpo (run60) -> /mnt/ssd1/wesley/BusEnv/logs/hatrpo_run60.log
✅ [worker 3] ippo (run60) concluído
🏁 [worker 3] terminou TODAS as 5 runs de 'ippo'. Buscando próximo algoritmo...
🧵 [worker 3] fila esgotada, encerrando.
✅ [worker 2] hatrpo (run60) concluído
🏁 [worker 2] terminou TODAS as 5 runs de 'hatrpo'. Buscando próximo algoritmo...
🧵 [worker 2] fila esgotada, encerrando.
🏁 Todos os algoritmos (3) x 5 runs foram concluídos!
📄 Logs: /mnt/ssd1/wesley/BusEnv/logs
🌱 CodeCarbon CSV: /mnt/ssd1/wesley/BusEnv/codecarbon/emissions.csv (por padrão)
📋 Fila: 3 algoritmo(s) | 5 runs cada | 3 vaga(s) simultânea(s)
🧵 [worker 1] pegou algoritmo 'coma' (posição 0) — 5 runs em sequência
🚀 [worker 1] lançando: coma (run18) -> /mnt/ssd1/wesley/BusEnv/logs/coma_run18.log
🧵 [worker 2] pegou algoritmo 'hatrpo' (posição 1) — 5 runs em sequência
🚀 [worker 2] lançando: hatrpo (run61) -> /mnt/ssd1/wesley/BusEnv/logs/hatrpo_run61.log
🧵 [worker 3] pegou algoritmo 'ippo' (posição 2) — 5 runs em sequência
🚀 [worker 3] lançando: ippo (run61) -> /mnt/ssd1/wesley/BusEnv/logs/ippo_run61.log
✅ [worker 1] coma (run18) concluído
🚀 [worker 1] lançando: coma (run19) -> /mnt/ssd1/wesley/BusEnv/logs/coma_run19.log
✅ [worker 3] ippo (run61) concluído
🚀 [worker 3] lançando: ippo (run62) -> /mnt/ssd1/wesley/BusEnv/logs/ippo_run62.log
✅ [worker 2] hatrpo (run61) concluído
🚀 [worker 2] lançando: hatrpo (run62) -> /mnt/ssd1/wesley/BusEnv/logs/hatrpo_run62.log
✅ [worker 1] coma (run19) concluído
🚀 [worker 1] lançando: coma (run20) -> /mnt/ssd1/wesley/BusEnv/logs/coma_run20.log
✅ [worker 3] ippo (run62) concluído
🚀 [worker 3] lançando: ippo (run63) -> /mnt/ssd1/wesley/BusEnv/logs/ippo_run63.log
✅ [worker 2] hatrpo (run62) concluído
🚀 [worker 2] lançando: hatrpo (run63) -> /mnt/ssd1/wesley/BusEnv/logs/hatrpo_run63.log
✅ [worker 1] coma (run20) concluído
🚀 [worker 1] lançando: coma (run21) -> /mnt/ssd1/wesley/BusEnv/logs/coma_run21.log
✅ [worker 3] ippo (run63) concluído
🚀 [worker 3] lançando: ippo (run64) -> /mnt/ssd1/wesley/BusEnv/logs/ippo_run64.log
✅ [worker 1] coma (run21) concluído
🚀 [worker 1] lançando: coma (run22) -> /mnt/ssd1/wesley/BusEnv/logs/coma_run22.log
✅ [worker 2] hatrpo (run63) concluído
🚀 [worker 2] lançando: hatrpo (run64) -> /mnt/ssd1/wesley/BusEnv/logs/hatrpo_run64.log
✅ [worker 3] ippo (run64) concluído
🚀 [worker 3] lançando: ippo (run65) -> /mnt/ssd1/wesley/BusEnv/logs/ippo_run65.log
✅ [worker 1] coma (run22) concluído
🏁 [worker 1] terminou TODAS as 5 runs de 'coma'. Buscando próximo algoritmo...
🧵 [worker 1] fila esgotada, encerrando.
✅ [worker 2] hatrpo (run64) concluído
🚀 [worker 2] lançando: hatrpo (run65) -> /mnt/ssd1/wesley/BusEnv/logs/hatrpo_run65.log
✅ [worker 3] ippo (run65) concluído
🏁 [worker 3] terminou TODAS as 5 runs de 'ippo'. Buscando próximo algoritmo...
🧵 [worker 3] fila esgotada, encerrando.
✅ [worker 2] hatrpo (run65) concluído
🏁 [worker 2] terminou TODAS as 5 runs de 'hatrpo'. Buscando próximo algoritmo...
🧵 [worker 2] fila esgotada, encerrando.
🏁 Todos os algoritmos (3) x 5 runs foram concluídos!
📄 Logs: /mnt/ssd1/wesley/BusEnv/logs
🌱 CodeCarbon CSV: /mnt/ssd1/wesley/BusEnv/codecarbon/emissions.csv (por padrão)
📋 Fila: 3 algoritmo(s) | 5 runs cada | 3 vaga(s) simultânea(s)
🧵 [worker 1] pegou algoritmo 'coma' (posição 0) — 5 runs em sequência
🚀 [worker 1] lançando: coma (run23) -> /mnt/ssd1/wesley/BusEnv/logs/coma_run23.log
🧵 [worker 2] pegou algoritmo 'hatrpo' (posição 1) — 5 runs em sequência
🚀 [worker 2] lançando: hatrpo (run66) -> /mnt/ssd1/wesley/BusEnv/logs/hatrpo_run66.log
🧵 [worker 3] pegou algoritmo 'ippo' (posição 2) — 5 runs em sequência
🚀 [worker 3] lançando: ippo (run66) -> /mnt/ssd1/wesley/BusEnv/logs/ippo_run66.log
✅ [worker 1] coma (run23) concluído
🚀 [worker 1] lançando: coma (run24) -> /mnt/ssd1/wesley/BusEnv/logs/coma_run24.log
✅ [worker 3] ippo (run66) concluído
🚀 [worker 3] lançando: ippo (run67) -> /mnt/ssd1/wesley/BusEnv/logs/ippo_run67.log
✅ [worker 2] hatrpo (run66) concluído
🚀 [worker 2] lançando: hatrpo (run67) -> /mnt/ssd1/wesley/BusEnv/logs/hatrpo_run67.log
✅ [worker 1] coma (run24) concluído
🚀 [worker 1] lançando: coma (run25) -> /mnt/ssd1/wesley/BusEnv/logs/coma_run25.log
✅ [worker 3] ippo (run67) concluído
🚀 [worker 3] lançando: ippo (run68) -> /mnt/ssd1/wesley/BusEnv/logs/ippo_run68.log
✅ [worker 2] hatrpo (run67) concluído
🚀 [worker 2] lançando: hatrpo (run68) -> /mnt/ssd1/wesley/BusEnv/logs/hatrpo_run68.log
✅ [worker 1] coma (run25) concluído
🚀 [worker 1] lançando: coma (run26) -> /mnt/ssd1/wesley/BusEnv/logs/coma_run26.log
✅ [worker 3] ippo (run68) concluído
🚀 [worker 3] lançando: ippo (run69) -> /mnt/ssd1/wesley/BusEnv/logs/ippo_run69.log
✅ [worker 2] hatrpo (run68) concluído
🚀 [worker 2] lançando: hatrpo (run69) -> /mnt/ssd1/wesley/BusEnv/logs/hatrpo_run69.log
✅ [worker 1] coma (run26) concluído
🚀 [worker 1] lançando: coma (run27) -> /mnt/ssd1/wesley/BusEnv/logs/coma_run27.log
✅ [worker 3] ippo (run69) concluído
🚀 [worker 3] lançando: ippo (run70) -> /mnt/ssd1/wesley/BusEnv/logs/ippo_run70.log
✅ [worker 1] coma (run27) concluído
🏁 [worker 1] terminou TODAS as 5 runs de 'coma'. Buscando próximo algoritmo...
🧵 [worker 1] fila esgotada, encerrando.
✅ [worker 2] hatrpo (run69) concluído
🚀 [worker 2] lançando: hatrpo (run70) -> /mnt/ssd1/wesley/BusEnv/logs/hatrpo_run70.log
✅ [worker 3] ippo (run70) concluído
🏁 [worker 3] terminou TODAS as 5 runs de 'ippo'. Buscando próximo algoritmo...
🧵 [worker 3] fila esgotada, encerrando.
✅ [worker 2] hatrpo (run70) concluído
🏁 [worker 2] terminou TODAS as 5 runs de 'hatrpo'. Buscando próximo algoritmo...
🧵 [worker 2] fila esgotada, encerrando.
🏁 Todos os algoritmos (3) x 5 runs foram concluídos!
📄 Logs: /mnt/ssd1/wesley/BusEnv/logs
🌱 CodeCarbon CSV: /mnt/ssd1/wesley/BusEnv/codecarbon/emissions.csv (por padrão)
📋 Fila: 6 algoritmo(s) | 5 runs cada | 3 vaga(s) simultânea(s)
🧵 [worker 1] pegou algoritmo 'coma' (posição 0) — 5 runs em sequência
🚀 [worker 1] lançando: coma (run28) -> /mnt/ssd1/wesley/BusEnv/logs/coma_run28.log
🧵 [worker 2] pegou algoritmo 'happo' (posição 1) — 5 runs em sequência
🚀 [worker 2] lançando: happo (run76) -> /mnt/ssd1/wesley/BusEnv/logs/happo_run76.log
🧵 [worker 3] pegou algoritmo 'hatrpo' (posição 2) — 5 runs em sequência
🚀 [worker 3] lançando: hatrpo (run71) -> /mnt/ssd1/wesley/BusEnv/logs/hatrpo_run71.log
✅ [worker 1] coma (run28) concluído
🚀 [worker 1] lançando: coma (run29) -> /mnt/ssd1/wesley/BusEnv/logs/coma_run29.log
✅ [worker 3] hatrpo (run71) concluído
🚀 [worker 3] lançando: hatrpo (run72) -> /mnt/ssd1/wesley/BusEnv/logs/hatrpo_run72.log
✅ [worker 2] happo (run76) concluído
🚀 [worker 2] lançando: happo (run77) -> /mnt/ssd1/wesley/BusEnv/logs/happo_run77.log
✅ [worker 1] coma (run29) concluído
🚀 [worker 1] lançando: coma (run30) -> /mnt/ssd1/wesley/BusEnv/logs/coma_run30.log
✅ [worker 3] hatrpo (run72) concluído
🚀 [worker 3] lançando: hatrpo (run73) -> /mnt/ssd1/wesley/BusEnv/logs/hatrpo_run73.log
✅ [worker 1] coma (run30) concluído
🚀 [worker 1] lançando: coma (run31) -> /mnt/ssd1/wesley/BusEnv/logs/coma_run31.log
✅ [worker 2] happo (run77) concluído
🚀 [worker 2] lançando: happo (run78) -> /mnt/ssd1/wesley/BusEnv/logs/happo_run78.log
✅ [worker 3] hatrpo (run73) concluído
🚀 [worker 3] lançando: hatrpo (run74) -> /mnt/ssd1/wesley/BusEnv/logs/hatrpo_run74.log
✅ [worker 1] coma (run31) concluído
🚀 [worker 1] lançando: coma (run32) -> /mnt/ssd1/wesley/BusEnv/logs/coma_run32.log
✅ [worker 2] happo (run78) concluído
🚀 [worker 2] lançando: happo (run79) -> /mnt/ssd1/wesley/BusEnv/logs/happo_run79.log
✅ [worker 1] coma (run32) concluído
🏁 [worker 1] terminou TODAS as 5 runs de 'coma'. Buscando próximo algoritmo...
🧵 [worker 1] pegou algoritmo 'ippo' (posição 3) — 5 runs em sequência
🚀 [worker 1] lançando: ippo (run71) -> /mnt/ssd1/wesley/BusEnv/logs/ippo_run71.log
✅ [worker 3] hatrpo (run74) concluído
🚀 [worker 3] lançando: hatrpo (run75) -> /mnt/ssd1/wesley/BusEnv/logs/hatrpo_run75.log
✅ [worker 2] happo (run79) concluído
🚀 [worker 2] lançando: happo (run80) -> /mnt/ssd1/wesley/BusEnv/logs/happo_run80.log
✅ [worker 1] ippo (run71) concluído
🚀 [worker 1] lançando: ippo (run72) -> /mnt/ssd1/wesley/BusEnv/logs/ippo_run72.log
✅ [worker 3] hatrpo (run75) concluído
🏁 [worker 3] terminou TODAS as 5 runs de 'hatrpo'. Buscando próximo algoritmo...
🧵 [worker 3] pegou algoritmo 'itrpo' (posição 4) — 5 runs em sequência
🚀 [worker 3] lançando: itrpo (run71) -> /mnt/ssd1/wesley/BusEnv/logs/itrpo_run71.log
✅ [worker 1] ippo (run72) concluído
🚀 [worker 1] lançando: ippo (run73) -> /mnt/ssd1/wesley/BusEnv/logs/ippo_run73.log
✅ [worker 3] itrpo (run71) concluído
🚀 [worker 3] lançando: itrpo (run72) -> /mnt/ssd1/wesley/BusEnv/logs/itrpo_run72.log
✅ [worker 2] happo (run80) concluído
🏁 [worker 2] terminou TODAS as 5 runs de 'happo'. Buscando próximo algoritmo...
🧵 [worker 2] pegou algoritmo 'matrpo' (posição 5) — 5 runs em sequência
🚀 [worker 2] lançando: matrpo (run76) -> /mnt/ssd1/wesley/BusEnv/logs/matrpo_run76.log
✅ [worker 1] ippo (run73) concluído
🚀 [worker 1] lançando: ippo (run74) -> /mnt/ssd1/wesley/BusEnv/logs/ippo_run74.log
✅ [worker 2] matrpo (run76) concluído
🚀 [worker 2] lançando: matrpo (run77) -> /mnt/ssd1/wesley/BusEnv/logs/matrpo_run77.log
✅ [worker 3] itrpo (run72) concluído
🚀 [worker 3] lançando: itrpo (run73) -> /mnt/ssd1/wesley/BusEnv/logs/itrpo_run73.log
✅ [worker 1] ippo (run74) concluído
🚀 [worker 1] lançando: ippo (run75) -> /mnt/ssd1/wesley/BusEnv/logs/ippo_run75.log
✅ [worker 2] matrpo (run77) concluído
🚀 [worker 2] lançando: matrpo (run78) -> /mnt/ssd1/wesley/BusEnv/logs/matrpo_run78.log
✅ [worker 3] itrpo (run73) concluído
🚀 [worker 3] lançando: itrpo (run74) -> /mnt/ssd1/wesley/BusEnv/logs/itrpo_run74.log
✅ [worker 1] ippo (run75) concluído
🏁 [worker 1] terminou TODAS as 5 runs de 'ippo'. Buscando próximo algoritmo...
🧵 [worker 1] fila esgotada, encerrando.
✅ [worker 2] matrpo (run78) concluído
🚀 [worker 2] lançando: matrpo (run79) -> /mnt/ssd1/wesley/BusEnv/logs/matrpo_run79.log
✅ [worker 3] itrpo (run74) concluído
🚀 [worker 3] lançando: itrpo (run75) -> /mnt/ssd1/wesley/BusEnv/logs/itrpo_run75.log
✅ [worker 2] matrpo (run79) concluído
🚀 [worker 2] lançando: matrpo (run80) -> /mnt/ssd1/wesley/BusEnv/logs/matrpo_run80.log
✅ [worker 3] itrpo (run75) concluído
🏁 [worker 3] terminou TODAS as 5 runs de 'itrpo'. Buscando próximo algoritmo...
🧵 [worker 3] fila esgotada, encerrando.
✅ [worker 2] matrpo (run80) concluído
🏁 [worker 2] terminou TODAS as 5 runs de 'matrpo'. Buscando próximo algoritmo...
🧵 [worker 2] fila esgotada, encerrando.
🏁 Todos os algoritmos (6) x 5 runs foram concluídos!
📄 Logs: /mnt/ssd1/wesley/BusEnv/logs
🌱 CodeCarbon CSV: /mnt/ssd1/wesley/BusEnv/codecarbon/emissions.csv (por padrão)
📋 Fila: 9 algoritmo(s) | 5 runs cada | 3 vaga(s) simultânea(s)
🧵 [worker 1] pegou algoritmo 'coma' (posição 0) — 5 runs em sequência
🚀 [worker 1] lançando: coma (run33) -> /mnt/ssd1/wesley/BusEnv/logs/coma_run33.log
🧵 [worker 2] pegou algoritmo 'happo' (posição 1) — 5 runs em sequência
🚀 [worker 2] lançando: happo (run81) -> /mnt/ssd1/wesley/BusEnv/logs/happo_run81.log
🧵 [worker 3] pegou algoritmo 'hatrpo' (posição 2) — 5 runs em sequência
🚀 [worker 3] lançando: hatrpo (run76) -> /mnt/ssd1/wesley/BusEnv/logs/hatrpo_run76.log
✅ [worker 1] coma (run33) concluído
🚀 [worker 1] lançando: coma (run34) -> /mnt/ssd1/wesley/BusEnv/logs/coma_run34.log
✅ [worker 3] hatrpo (run76) concluído
🚀 [worker 3] lançando: hatrpo (run77) -> /mnt/ssd1/wesley/BusEnv/logs/hatrpo_run77.log
✅ [worker 2] happo (run81) concluído
🚀 [worker 2] lançando: happo (run82) -> /mnt/ssd1/wesley/BusEnv/logs/happo_run82.log
✅ [worker 1] coma (run34) concluído
🚀 [worker 1] lançando: coma (run35) -> /mnt/ssd1/wesley/BusEnv/logs/coma_run35.log
✅ [worker 3] hatrpo (run77) concluído
🚀 [worker 3] lançando: hatrpo (run78) -> /mnt/ssd1/wesley/BusEnv/logs/hatrpo_run78.log
✅ [worker 2] happo (run82) concluído
🚀 [worker 2] lançando: happo (run83) -> /mnt/ssd1/wesley/BusEnv/logs/happo_run83.log
✅ [worker 1] coma (run35) concluído
🚀 [worker 1] lançando: coma (run36) -> /mnt/ssd1/wesley/BusEnv/logs/coma_run36.log
✅ [worker 3] hatrpo (run78) concluído
🚀 [worker 3] lançando: hatrpo (run79) -> /mnt/ssd1/wesley/BusEnv/logs/hatrpo_run79.log
✅ [worker 1] coma (run36) concluído
🚀 [worker 1] lançando: coma (run37) -> /mnt/ssd1/wesley/BusEnv/logs/coma_run37.log
✅ [worker 2] happo (run83) concluído
🚀 [worker 2] lançando: happo (run84) -> /mnt/ssd1/wesley/BusEnv/logs/happo_run84.log
✅ [worker 3] hatrpo (run79) concluído
🚀 [worker 3] lançando: hatrpo (run80) -> /mnt/ssd1/wesley/BusEnv/logs/hatrpo_run80.log
✅ [worker 1] coma (run37) concluído
🏁 [worker 1] terminou TODAS as 5 runs de 'coma'. Buscando próximo algoritmo...
🧵 [worker 1] pegou algoritmo 'ippo' (posição 3) — 5 runs em sequência
🚀 [worker 1] lançando: ippo (run76) -> /mnt/ssd1/wesley/BusEnv/logs/ippo_run76.log
✅ [worker 2] happo (run84) concluído
🚀 [worker 2] lançando: happo (run85) -> /mnt/ssd1/wesley/BusEnv/logs/happo_run85.log
✅ [worker 1] ippo (run76) concluído
🚀 [worker 1] lançando: ippo (run77) -> /mnt/ssd1/wesley/BusEnv/logs/ippo_run77.log
✅ [worker 3] hatrpo (run80) concluído
🏁 [worker 3] terminou TODAS as 5 runs de 'hatrpo'. Buscando próximo algoritmo...
🧵 [worker 3] pegou algoritmo 'itrpo' (posição 4) — 5 runs em sequência
🚀 [worker 3] lançando: itrpo (run76) -> /mnt/ssd1/wesley/BusEnv/logs/itrpo_run76.log
✅ [worker 1] ippo (run77) concluído
🚀 [worker 1] lançando: ippo (run78) -> /mnt/ssd1/wesley/BusEnv/logs/ippo_run78.log
✅ [worker 2] happo (run85) concluído
🏁 [worker 2] terminou TODAS as 5 runs de 'happo'. Buscando próximo algoritmo...
🧵 [worker 2] pegou algoritmo 'matrpo' (posição 5) — 5 runs em sequência
🚀 [worker 2] lançando: matrpo (run81) -> /mnt/ssd1/wesley/BusEnv/logs/matrpo_run81.log
✅ [worker 3] itrpo (run76) concluído
🚀 [worker 3] lançando: itrpo (run77) -> /mnt/ssd1/wesley/BusEnv/logs/itrpo_run77.log
✅ [worker 1] ippo (run78) concluído
🚀 [worker 1] lançando: ippo (run79) -> /mnt/ssd1/wesley/BusEnv/logs/ippo_run79.log
✅ [worker 2] matrpo (run81) concluído
🚀 [worker 2] lançando: matrpo (run82) -> /mnt/ssd1/wesley/BusEnv/logs/matrpo_run82.log
✅ [worker 3] itrpo (run77) concluído
🚀 [worker 3] lançando: itrpo (run78) -> /mnt/ssd1/wesley/BusEnv/logs/itrpo_run78.log
✅ [worker 1] ippo (run79) concluído
🚀 [worker 1] lançando: ippo (run80) -> /mnt/ssd1/wesley/BusEnv/logs/ippo_run80.log
✅ [worker 2] matrpo (run82) concluído
🚀 [worker 2] lançando: matrpo (run83) -> /mnt/ssd1/wesley/BusEnv/logs/matrpo_run83.log
✅ [worker 3] itrpo (run78) concluído
🚀 [worker 3] lançando: itrpo (run79) -> /mnt/ssd1/wesley/BusEnv/logs/itrpo_run79.log
✅ [worker 1] ippo (run80) concluído
🏁 [worker 1] terminou TODAS as 5 runs de 'ippo'. Buscando próximo algoritmo...
🧵 [worker 1] pegou algoritmo 'ia2c' (posição 6) — 5 runs em sequência
🚀 [worker 1] lançando: ia2c (run105) -> /mnt/ssd1/wesley/BusEnv/logs/ia2c_run105.log
✅ [worker 2] matrpo (run83) concluído
🚀 [worker 2] lançando: matrpo (run84) -> /mnt/ssd1/wesley/BusEnv/logs/matrpo_run84.log
✅ [worker 3] itrpo (run79) concluído
🚀 [worker 3] lançando: itrpo (run80) -> /mnt/ssd1/wesley/BusEnv/logs/itrpo_run80.log
✅ [worker 1] ia2c (run105) concluído
🚀 [worker 1] lançando: ia2c (run106) -> /mnt/ssd1/wesley/BusEnv/logs/ia2c_run106.log
✅ [worker 2] matrpo (run84) concluído
🚀 [worker 2] lançando: matrpo (run85) -> /mnt/ssd1/wesley/BusEnv/logs/matrpo_run85.log
✅ [worker 3] itrpo (run80) concluído
🏁 [worker 3] terminou TODAS as 5 runs de 'itrpo'. Buscando próximo algoritmo...
🧵 [worker 3] pegou algoritmo 'maa2c' (posição 7) — 5 runs em sequência
🚀 [worker 3] lançando: maa2c (run114) -> /mnt/ssd1/wesley/BusEnv/logs/maa2c_run114.log
✅ [worker 1] ia2c (run106) concluído
🚀 [worker 1] lançando: ia2c (run107) -> /mnt/ssd1/wesley/BusEnv/logs/ia2c_run107.log
✅ [worker 3] maa2c (run114) concluído
🚀 [worker 3] lançando: maa2c (run115) -> /mnt/ssd1/wesley/BusEnv/logs/maa2c_run115.log
✅ [worker 1] ia2c (run107) concluído
🚀 [worker 1] lançando: ia2c (run108) -> /mnt/ssd1/wesley/BusEnv/logs/ia2c_run108.log
✅ [worker 2] matrpo (run85) concluído
🏁 [worker 2] terminou TODAS as 5 runs de 'matrpo'. Buscando próximo algoritmo...
🧵 [worker 2] pegou algoritmo 'mappo' (posição 8) — 5 runs em sequência
🚀 [worker 2] lançando: mappo (run124) -> /mnt/ssd1/wesley/BusEnv/logs/mappo_run124.log
✅ [worker 1] ia2c (run108) concluído
🚀 [worker 1] lançando: ia2c (run109) -> /mnt/ssd1/wesley/BusEnv/logs/ia2c_run109.log
✅ [worker 3] maa2c (run115) concluído
🚀 [worker 3] lançando: maa2c (run116) -> /mnt/ssd1/wesley/BusEnv/logs/maa2c_run116.log
✅ [worker 2] mappo (run124) concluído
🚀 [worker 2] lançando: mappo (run125) -> /mnt/ssd1/wesley/BusEnv/logs/mappo_run125.log
✅ [worker 1] ia2c (run109) concluído
🏁 [worker 1] terminou TODAS as 5 runs de 'ia2c'. Buscando próximo algoritmo...
🧵 [worker 1] fila esgotada, encerrando.
✅ [worker 3] maa2c (run116) concluído
🚀 [worker 3] lançando: maa2c (run117) -> /mnt/ssd1/wesley/BusEnv/logs/maa2c_run117.log
✅ [worker 2] mappo (run125) concluído
🚀 [worker 2] lançando: mappo (run126) -> /mnt/ssd1/wesley/BusEnv/logs/mappo_run126.log
✅ [worker 3] maa2c (run117) concluído
🚀 [worker 3] lançando: maa2c (run118) -> /mnt/ssd1/wesley/BusEnv/logs/maa2c_run118.log
✅ [worker 3] maa2c (run118) concluído
🏁 [worker 3] terminou TODAS as 5 runs de 'maa2c'. Buscando próximo algoritmo...
🧵 [worker 3] fila esgotada, encerrando.
✅ [worker 2] mappo (run126) concluído
🚀 [worker 2] lançando: mappo (run127) -> /mnt/ssd1/wesley/BusEnv/logs/mappo_run127.log
✅ [worker 2] mappo (run127) concluído
🚀 [worker 2] lançando: mappo (run128) -> /mnt/ssd1/wesley/BusEnv/logs/mappo_run128.log
✅ [worker 2] mappo (run128) concluído
🏁 [worker 2] terminou TODAS as 5 runs de 'mappo'. Buscando próximo algoritmo...
🧵 [worker 2] fila esgotada, encerrando.
🏁 Todos os algoritmos (9) x 5 runs foram concluídos!
📄 Logs: /mnt/ssd1/wesley/BusEnv/logs
🌱 CodeCarbon CSV: /mnt/ssd1/wesley/BusEnv/codecarbon/emissions.csv (por padrão)
📋 Fila: 9 algoritmo(s) | 5 runs cada | 3 vaga(s) simultânea(s)
🧵 [worker 1] pegou algoritmo 'coma' (posição 0) — 5 runs em sequência
🚀 [worker 1] lançando: coma (run38) -> /mnt/ssd1/wesley/BusEnv/logs/coma_run38.log
🧵 [worker 2] pegou algoritmo 'happo' (posição 1) — 5 runs em sequência
🚀 [worker 2] lançando: happo (run86) -> /mnt/ssd1/wesley/BusEnv/logs/happo_run86.log
🧵 [worker 3] pegou algoritmo 'hatrpo' (posição 2) — 5 runs em sequência
🚀 [worker 3] lançando: hatrpo (run81) -> /mnt/ssd1/wesley/BusEnv/logs/hatrpo_run81.log
✅ [worker 1] coma (run38) concluído
🚀 [worker 1] lançando: coma (run39) -> /mnt/ssd1/wesley/BusEnv/logs/coma_run39.log
✅ [worker 3] hatrpo (run81) concluído
🚀 [worker 3] lançando: hatrpo (run82) -> /mnt/ssd1/wesley/BusEnv/logs/hatrpo_run82.log
✅ [worker 2] happo (run86) concluído
🚀 [worker 2] lançando: happo (run87) -> /mnt/ssd1/wesley/BusEnv/logs/happo_run87.log
✅ [worker 1] coma (run39) concluído
🚀 [worker 1] lançando: coma (run40) -> /mnt/ssd1/wesley/BusEnv/logs/coma_run40.log
✅ [worker 3] hatrpo (run82) concluído
🚀 [worker 3] lançando: hatrpo (run83) -> /mnt/ssd1/wesley/BusEnv/logs/hatrpo_run83.log
✅ [worker 1] coma (run40) concluído
🚀 [worker 1] lançando: coma (run41) -> /mnt/ssd1/wesley/BusEnv/logs/coma_run41.log
✅ [worker 2] happo (run87) concluído
🚀 [worker 2] lançando: happo (run88) -> /mnt/ssd1/wesley/BusEnv/logs/happo_run88.log
✅ [worker 3] hatrpo (run83) concluído
🚀 [worker 3] lançando: hatrpo (run84) -> /mnt/ssd1/wesley/BusEnv/logs/hatrpo_run84.log
✅ [worker 1] coma (run41) concluído
🚀 [worker 1] lançando: coma (run42) -> /mnt/ssd1/wesley/BusEnv/logs/coma_run42.log
✅ [worker 2] happo (run88) concluído
🚀 [worker 2] lançando: happo (run89) -> /mnt/ssd1/wesley/BusEnv/logs/happo_run89.log
✅ [worker 1] coma (run42) concluído
🏁 [worker 1] terminou TODAS as 5 runs de 'coma'. Buscando próximo algoritmo...
🧵 [worker 1] pegou algoritmo 'ippo' (posição 3) — 5 runs em sequência
🚀 [worker 1] lançando: ippo (run81) -> /mnt/ssd1/wesley/BusEnv/logs/ippo_run81.log
✅ [worker 3] hatrpo (run84) concluído
🚀 [worker 3] lançando: hatrpo (run85) -> /mnt/ssd1/wesley/BusEnv/logs/hatrpo_run85.log
✅ [worker 1] ippo (run81) concluído
🚀 [worker 1] lançando: ippo (run82) -> /mnt/ssd1/wesley/BusEnv/logs/ippo_run82.log
✅ [worker 2] happo (run89) concluído
🚀 [worker 2] lançando: happo (run90) -> /mnt/ssd1/wesley/BusEnv/logs/happo_run90.log
✅ [worker 3] hatrpo (run85) concluído
🏁 [worker 3] terminou TODAS as 5 runs de 'hatrpo'. Buscando próximo algoritmo...
🧵 [worker 3] pegou algoritmo 'itrpo' (posição 4) — 5 runs em sequência
🚀 [worker 3] lançando: itrpo (run81) -> /mnt/ssd1/wesley/BusEnv/logs/itrpo_run81.log
✅ [worker 1] ippo (run82) concluído
🚀 [worker 1] lançando: ippo (run83) -> /mnt/ssd1/wesley/BusEnv/logs/ippo_run83.log
✅ [worker 3] itrpo (run81) concluído
🚀 [worker 3] lançando: itrpo (run82) -> /mnt/ssd1/wesley/BusEnv/logs/itrpo_run82.log
✅ [worker 2] happo (run90) concluído
🏁 [worker 2] terminou TODAS as 5 runs de 'happo'. Buscando próximo algoritmo...
🧵 [worker 2] pegou algoritmo 'matrpo' (posição 5) — 5 runs em sequência
🚀 [worker 2] lançando: matrpo (run86) -> /mnt/ssd1/wesley/BusEnv/logs/matrpo_run86.log
✅ [worker 1] ippo (run83) concluído
🚀 [worker 1] lançando: ippo (run84) -> /mnt/ssd1/wesley/BusEnv/logs/ippo_run84.log
✅ [worker 3] itrpo (run82) concluído
🚀 [worker 3] lançando: itrpo (run83) -> /mnt/ssd1/wesley/BusEnv/logs/itrpo_run83.log
✅ [worker 2] matrpo (run86) concluído
🚀 [worker 2] lançando: matrpo (run87) -> /mnt/ssd1/wesley/BusEnv/logs/matrpo_run87.log
✅ [worker 1] ippo (run84) concluído
🚀 [worker 1] lançando: ippo (run85) -> /mnt/ssd1/wesley/BusEnv/logs/ippo_run85.log
✅ [worker 3] itrpo (run83) concluído
🚀 [worker 3] lançando: itrpo (run84) -> /mnt/ssd1/wesley/BusEnv/logs/itrpo_run84.log
✅ [worker 2] matrpo (run87) concluído
🚀 [worker 2] lançando: matrpo (run88) -> /mnt/ssd1/wesley/BusEnv/logs/matrpo_run88.log
✅ [worker 1] ippo (run85) concluído
🏁 [worker 1] terminou TODAS as 5 runs de 'ippo'. Buscando próximo algoritmo...
🧵 [worker 1] pegou algoritmo 'ia2c' (posição 6) — 5 runs em sequência
🚀 [worker 1] lançando: ia2c (run110) -> /mnt/ssd1/wesley/BusEnv/logs/ia2c_run110.log
✅ [worker 3] itrpo (run84) concluído
🚀 [worker 3] lançando: itrpo (run85) -> /mnt/ssd1/wesley/BusEnv/logs/itrpo_run85.log
✅ [worker 2] matrpo (run88) concluído
🚀 [worker 2] lançando: matrpo (run89) -> /mnt/ssd1/wesley/BusEnv/logs/matrpo_run89.log
✅ [worker 1] ia2c (run110) concluído
🚀 [worker 1] lançando: ia2c (run111) -> /mnt/ssd1/wesley/BusEnv/logs/ia2c_run111.log
✅ [worker 1] ia2c (run111) concluído
🚀 [worker 1] lançando: ia2c (run112) -> /mnt/ssd1/wesley/BusEnv/logs/ia2c_run112.log
✅ [worker 3] itrpo (run85) concluído
🏁 [worker 3] terminou TODAS as 5 runs de 'itrpo'. Buscando próximo algoritmo...
🧵 [worker 3] pegou algoritmo 'maa2c' (posição 7) — 5 runs em sequência
🚀 [worker 3] lançando: maa2c (run119) -> /mnt/ssd1/wesley/BusEnv/logs/maa2c_run119.log
✅ [worker 2] matrpo (run89) concluído
🚀 [worker 2] lançando: matrpo (run90) -> /mnt/ssd1/wesley/BusEnv/logs/matrpo_run90.log
✅ [worker 1] ia2c (run112) concluído
🚀 [worker 1] lançando: ia2c (run113) -> /mnt/ssd1/wesley/BusEnv/logs/ia2c_run113.log
✅ [worker 3] maa2c (run119) concluído
🚀 [worker 3] lançando: maa2c (run120) -> /mnt/ssd1/wesley/BusEnv/logs/maa2c_run120.log
✅ [worker 2] matrpo (run90) concluído
🏁 [worker 2] terminou TODAS as 5 runs de 'matrpo'. Buscando próximo algoritmo...
🧵 [worker 2] pegou algoritmo 'mappo' (posição 8) — 5 runs em sequência
🚀 [worker 2] lançando: mappo (run129) -> /mnt/ssd1/wesley/BusEnv/logs/mappo_run129.log
✅ [worker 1] ia2c (run113) concluído
🚀 [worker 1] lançando: ia2c (run114) -> /mnt/ssd1/wesley/BusEnv/logs/ia2c_run114.log
✅ [worker 3] maa2c (run120) concluído
🚀 [worker 3] lançando: maa2c (run121) -> /mnt/ssd1/wesley/BusEnv/logs/maa2c_run121.log
✅ [worker 2] mappo (run129) concluído
🚀 [worker 2] lançando: mappo (run130) -> /mnt/ssd1/wesley/BusEnv/logs/mappo_run130.log
✅ [worker 1] ia2c (run114) concluído
🏁 [worker 1] terminou TODAS as 5 runs de 'ia2c'. Buscando próximo algoritmo...
🧵 [worker 1] fila esgotada, encerrando.
✅ [worker 3] maa2c (run121) concluído
🚀 [worker 3] lançando: maa2c (run122) -> /mnt/ssd1/wesley/BusEnv/logs/maa2c_run122.log
✅ [worker 2] mappo (run130) concluído
🚀 [worker 2] lançando: mappo (run131) -> /mnt/ssd1/wesley/BusEnv/logs/mappo_run131.log
✅ [worker 3] maa2c (run122) concluído
🚀 [worker 3] lançando: maa2c (run123) -> /mnt/ssd1/wesley/BusEnv/logs/maa2c_run123.log
✅ [worker 3] maa2c (run123) concluído
🏁 [worker 3] terminou TODAS as 5 runs de 'maa2c'. Buscando próximo algoritmo...
🧵 [worker 3] fila esgotada, encerrando.
✅ [worker 2] mappo (run131) concluído
🚀 [worker 2] lançando: mappo (run132) -> /mnt/ssd1/wesley/BusEnv/logs/mappo_run132.log
✅ [worker 2] mappo (run132) concluído
🚀 [worker 2] lançando: mappo (run133) -> /mnt/ssd1/wesley/BusEnv/logs/mappo_run133.log
✅ [worker 2] mappo (run133) concluído
🏁 [worker 2] terminou TODAS as 5 runs de 'mappo'. Buscando próximo algoritmo...
🧵 [worker 2] fila esgotada, encerrando.
🏁 Todos os algoritmos (9) x 5 runs foram concluídos!
📄 Logs: /mnt/ssd1/wesley/BusEnv/logs
🌱 CodeCarbon CSV: /mnt/ssd1/wesley/BusEnv/codecarbon/emissions.csv (por padrão)
📋 Fila: 9 algoritmo(s) | 5 runs cada | 3 vaga(s) simultânea(s)
🧵 [worker 1] pegou algoritmo 'coma' (posição 0) — 5 runs em sequência
🚀 [worker 1] lançando: coma (run43) -> /mnt/ssd1/wesley/BusEnv/logs/coma_run43.log
🧵 [worker 2] pegou algoritmo 'happo' (posição 1) — 5 runs em sequência
🚀 [worker 2] lançando: happo (run91) -> /mnt/ssd1/wesley/BusEnv/logs/happo_run91.log
🧵 [worker 3] pegou algoritmo 'hatrpo' (posição 2) — 5 runs em sequência
🚀 [worker 3] lançando: hatrpo (run86) -> /mnt/ssd1/wesley/BusEnv/logs/hatrpo_run86.log
✅ [worker 1] coma (run43) concluído
🚀 [worker 1] lançando: coma (run44) -> /mnt/ssd1/wesley/BusEnv/logs/coma_run44.log
✅ [worker 3] hatrpo (run86) concluído
🚀 [worker 3] lançando: hatrpo (run87) -> /mnt/ssd1/wesley/BusEnv/logs/hatrpo_run87.log
✅ [worker 2] happo (run91) concluído
🚀 [worker 2] lançando: happo (run92) -> /mnt/ssd1/wesley/BusEnv/logs/happo_run92.log
✅ [worker 1] coma (run44) concluído
🚀 [worker 1] lançando: coma (run45) -> /mnt/ssd1/wesley/BusEnv/logs/coma_run45.log
✅ [worker 3] hatrpo (run87) concluído
🚀 [worker 3] lançando: hatrpo (run88) -> /mnt/ssd1/wesley/BusEnv/logs/hatrpo_run88.log
✅ [worker 1] coma (run45) concluído
🚀 [worker 1] lançando: coma (run46) -> /mnt/ssd1/wesley/BusEnv/logs/coma_run46.log
✅ [worker 2] happo (run92) concluído
🚀 [worker 2] lançando: happo (run93) -> /mnt/ssd1/wesley/BusEnv/logs/happo_run93.log
✅ [worker 3] hatrpo (run88) concluído
🚀 [worker 3] lançando: hatrpo (run89) -> /mnt/ssd1/wesley/BusEnv/logs/hatrpo_run89.log
✅ [worker 1] coma (run46) concluído
🚀 [worker 1] lançando: coma (run47) -> /mnt/ssd1/wesley/BusEnv/logs/coma_run47.log
✅ [worker 2] happo (run93) concluído
🚀 [worker 2] lançando: happo (run94) -> /mnt/ssd1/wesley/BusEnv/logs/happo_run94.log
✅ [worker 1] coma (run47) concluído
🏁 [worker 1] terminou TODAS as 5 runs de 'coma'. Buscando próximo algoritmo...
🧵 [worker 1] pegou algoritmo 'ippo' (posição 3) — 5 runs em sequência
🚀 [worker 1] lançando: ippo (run86) -> /mnt/ssd1/wesley/BusEnv/logs/ippo_run86.log
✅ [worker 3] hatrpo (run89) concluído
🚀 [worker 3] lançando: hatrpo (run90) -> /mnt/ssd1/wesley/BusEnv/logs/hatrpo_run90.log
✅ [worker 1] ippo (run86) concluído
🚀 [worker 1] lançando: ippo (run87) -> /mnt/ssd1/wesley/BusEnv/logs/ippo_run87.log
✅ [worker 2] happo (run94) concluído
🚀 [worker 2] lançando: happo (run95) -> /mnt/ssd1/wesley/BusEnv/logs/happo_run95.log
✅ [worker 3] hatrpo (run90) concluído
🏁 [worker 3] terminou TODAS as 5 runs de 'hatrpo'. Buscando próximo algoritmo...
🧵 [worker 3] pegou algoritmo 'itrpo' (posição 4) — 5 runs em sequência
🚀 [worker 3] lançando: itrpo (run86) -> /mnt/ssd1/wesley/BusEnv/logs/itrpo_run86.log
✅ [worker 1] ippo (run87) concluído
🚀 [worker 1] lançando: ippo (run88) -> /mnt/ssd1/wesley/BusEnv/logs/ippo_run88.log
✅ [worker 2] happo (run95) concluído
🏁 [worker 2] terminou TODAS as 5 runs de 'happo'. Buscando próximo algoritmo...
🧵 [worker 2] pegou algoritmo 'matrpo' (posição 5) — 5 runs em sequência
🚀 [worker 2] lançando: matrpo (run91) -> /mnt/ssd1/wesley/BusEnv/logs/matrpo_run91.log
✅ [worker 3] itrpo (run86) concluído
🚀 [worker 3] lançando: itrpo (run87) -> /mnt/ssd1/wesley/BusEnv/logs/itrpo_run87.log
✅ [worker 1] ippo (run88) concluído
🚀 [worker 1] lançando: ippo (run89) -> /mnt/ssd1/wesley/BusEnv/logs/ippo_run89.log
✅ [worker 2] matrpo (run91) concluído
🚀 [worker 2] lançando: matrpo (run92) -> /mnt/ssd1/wesley/BusEnv/logs/matrpo_run92.log
✅ [worker 3] itrpo (run87) concluído
🚀 [worker 3] lançando: itrpo (run88) -> /mnt/ssd1/wesley/BusEnv/logs/itrpo_run88.log
✅ [worker 1] ippo (run89) concluído
🚀 [worker 1] lançando: ippo (run90) -> /mnt/ssd1/wesley/BusEnv/logs/ippo_run90.log
✅ [worker 2] matrpo (run92) concluído
🚀 [worker 2] lançando: matrpo (run93) -> /mnt/ssd1/wesley/BusEnv/logs/matrpo_run93.log
✅ [worker 3] itrpo (run88) concluído
🚀 [worker 3] lançando: itrpo (run89) -> /mnt/ssd1/wesley/BusEnv/logs/itrpo_run89.log
✅ [worker 1] ippo (run90) concluído
🏁 [worker 1] terminou TODAS as 5 runs de 'ippo'. Buscando próximo algoritmo...
🧵 [worker 1] pegou algoritmo 'ia2c' (posição 6) — 5 runs em sequência
🚀 [worker 1] lançando: ia2c (run115) -> /mnt/ssd1/wesley/BusEnv/logs/ia2c_run115.log
✅ [worker 2] matrpo (run93) concluído
🚀 [worker 2] lançando: matrpo (run94) -> /mnt/ssd1/wesley/BusEnv/logs/matrpo_run94.log
✅ [worker 1] ia2c (run115) concluído
🚀 [worker 1] lançando: ia2c (run116) -> /mnt/ssd1/wesley/BusEnv/logs/ia2c_run116.log
✅ [worker 3] itrpo (run89) concluído
🚀 [worker 3] lançando: itrpo (run90) -> /mnt/ssd1/wesley/BusEnv/logs/itrpo_run90.log
✅ [worker 1] ia2c (run116) concluído
🚀 [worker 1] lançando: ia2c (run117) -> /mnt/ssd1/wesley/BusEnv/logs/ia2c_run117.log
✅ [worker 2] matrpo (run94) concluído
🚀 [worker 2] lançando: matrpo (run95) -> /mnt/ssd1/wesley/BusEnv/logs/matrpo_run95.log
✅ [worker 3] itrpo (run90) concluído
🏁 [worker 3] terminou TODAS as 5 runs de 'itrpo'. Buscando próximo algoritmo...
🧵 [worker 3] pegou algoritmo 'maa2c' (posição 7) — 5 runs em sequência
🚀 [worker 3] lançando: maa2c (run124) -> /mnt/ssd1/wesley/BusEnv/logs/maa2c_run124.log
✅ [worker 1] ia2c (run117) concluído
🚀 [worker 1] lançando: ia2c (run118) -> /mnt/ssd1/wesley/BusEnv/logs/ia2c_run118.log
✅ [worker 3] maa2c (run124) concluído
🚀 [worker 3] lançando: maa2c (run125) -> /mnt/ssd1/wesley/BusEnv/logs/maa2c_run125.log
✅ [worker 2] matrpo (run95) concluído
🏁 [worker 2] terminou TODAS as 5 runs de 'matrpo'. Buscando próximo algoritmo...
🧵 [worker 2] pegou algoritmo 'mappo' (posição 8) — 5 runs em sequência
🚀 [worker 2] lançando: mappo (run134) -> /mnt/ssd1/wesley/BusEnv/logs/mappo_run134.log
✅ [worker 1] ia2c (run118) concluído
🚀 [worker 1] lançando: ia2c (run119) -> /mnt/ssd1/wesley/BusEnv/logs/ia2c_run119.log
✅ [worker 3] maa2c (run125) concluído
🚀 [worker 3] lançando: maa2c (run126) -> /mnt/ssd1/wesley/BusEnv/logs/maa2c_run126.log
✅ [worker 1] ia2c (run119) concluído
🏁 [worker 1] terminou TODAS as 5 runs de 'ia2c'. Buscando próximo algoritmo...
🧵 [worker 1] fila esgotada, encerrando.
✅ [worker 2] mappo (run134) concluído
🚀 [worker 2] lançando: mappo (run135) -> /mnt/ssd1/wesley/BusEnv/logs/mappo_run135.log
✅ [worker 3] maa2c (run126) concluído
🚀 [worker 3] lançando: maa2c (run127) -> /mnt/ssd1/wesley/BusEnv/logs/maa2c_run127.log
✅ [worker 2] mappo (run135) concluído
🚀 [worker 2] lançando: mappo (run136) -> /mnt/ssd1/wesley/BusEnv/logs/mappo_run136.log
✅ [worker 3] maa2c (run127) concluído
🚀 [worker 3] lançando: maa2c (run128) -> /mnt/ssd1/wesley/BusEnv/logs/maa2c_run128.log
✅ [worker 3] maa2c (run128) concluído
🏁 [worker 3] terminou TODAS as 5 runs de 'maa2c'. Buscando próximo algoritmo...
🧵 [worker 3] fila esgotada, encerrando.
✅ [worker 2] mappo (run136) concluído
🚀 [worker 2] lançando: mappo (run137) -> /mnt/ssd1/wesley/BusEnv/logs/mappo_run137.log
✅ [worker 2] mappo (run137) concluído
🚀 [worker 2] lançando: mappo (run138) -> /mnt/ssd1/wesley/BusEnv/logs/mappo_run138.log
✅ [worker 2] mappo (run138) concluído
🏁 [worker 2] terminou TODAS as 5 runs de 'mappo'. Buscando próximo algoritmo...
🧵 [worker 2] fila esgotada, encerrando.
🏁 Todos os algoritmos (9) x 5 runs foram concluídos!
📄 Logs: /mnt/ssd1/wesley/BusEnv/logs
🌱 CodeCarbon CSV: /mnt/ssd1/wesley/BusEnv/codecarbon/emissions.csv (por padrão)
📋 Fila: 9 algoritmo(s) | 5 runs cada | 3 vaga(s) simultânea(s)
🧵 [worker 1] pegou algoritmo 'coma' (posição 0) — 5 runs em sequência
🚀 [worker 1] lançando: coma (run48) -> /mnt/ssd1/wesley/BusEnv/logs/coma_run48.log
🧵 [worker 2] pegou algoritmo 'happo' (posição 1) — 5 runs em sequência
🚀 [worker 2] lançando: happo (run96) -> /mnt/ssd1/wesley/BusEnv/logs/happo_run96.log
🧵 [worker 3] pegou algoritmo 'hatrpo' (posição 2) — 5 runs em sequência
🚀 [worker 3] lançando: hatrpo (run91) -> /mnt/ssd1/wesley/BusEnv/logs/hatrpo_run91.log
✅ [worker 1] coma (run48) concluído
🚀 [worker 1] lançando: coma (run49) -> /mnt/ssd1/wesley/BusEnv/logs/coma_run49.log
✅ [worker 3] hatrpo (run91) concluído
🚀 [worker 3] lançando: hatrpo (run92) -> /mnt/ssd1/wesley/BusEnv/logs/hatrpo_run92.log
✅ [worker 2] happo (run96) concluído
🚀 [worker 2] lançando: happo (run97) -> /mnt/ssd1/wesley/BusEnv/logs/happo_run97.log
✅ [worker 1] coma (run49) concluído
🚀 [worker 1] lançando: coma (run50) -> /mnt/ssd1/wesley/BusEnv/logs/coma_run50.log
✅ [worker 3] hatrpo (run92) concluído
🚀 [worker 3] lançando: hatrpo (run93) -> /mnt/ssd1/wesley/BusEnv/logs/hatrpo_run93.log
✅ [worker 1] coma (run50) concluído
🚀 [worker 1] lançando: coma (run51) -> /mnt/ssd1/wesley/BusEnv/logs/coma_run51.log
✅ [worker 2] happo (run97) concluído
🚀 [worker 2] lançando: happo (run98) -> /mnt/ssd1/wesley/BusEnv/logs/happo_run98.log
✅ [worker 3] hatrpo (run93) concluído
🚀 [worker 3] lançando: hatrpo (run94) -> /mnt/ssd1/wesley/BusEnv/logs/hatrpo_run94.log
✅ [worker 1] coma (run51) concluído
🚀 [worker 1] lançando: coma (run52) -> /mnt/ssd1/wesley/BusEnv/logs/coma_run52.log
✅ [worker 2] happo (run98) concluído
🚀 [worker 2] lançando: happo (run99) -> /mnt/ssd1/wesley/BusEnv/logs/happo_run99.log
✅ [worker 1] coma (run52) concluído
🏁 [worker 1] terminou TODAS as 5 runs de 'coma'. Buscando próximo algoritmo...
🧵 [worker 1] pegou algoritmo 'ippo' (posição 3) — 5 runs em sequência
🚀 [worker 1] lançando: ippo (run91) -> /mnt/ssd1/wesley/BusEnv/logs/ippo_run91.log
✅ [worker 3] hatrpo (run94) concluído
🚀 [worker 3] lançando: hatrpo (run95) -> /mnt/ssd1/wesley/BusEnv/logs/hatrpo_run95.log
✅ [worker 1] ippo (run91) concluído
🚀 [worker 1] lançando: ippo (run92) -> /mnt/ssd1/wesley/BusEnv/logs/ippo_run92.log
✅ [worker 2] happo (run99) concluído
🚀 [worker 2] lançando: happo (run100) -> /mnt/ssd1/wesley/BusEnv/logs/happo_run100.log
✅ [worker 3] hatrpo (run95) concluído
🏁 [worker 3] terminou TODAS as 5 runs de 'hatrpo'. Buscando próximo algoritmo...
🧵 [worker 3] pegou algoritmo 'itrpo' (posição 4) — 5 runs em sequência
🚀 [worker 3] lançando: itrpo (run91) -> /mnt/ssd1/wesley/BusEnv/logs/itrpo_run91.log
✅ [worker 1] ippo (run92) concluído
🚀 [worker 1] lançando: ippo (run93) -> /mnt/ssd1/wesley/BusEnv/logs/ippo_run93.log
✅ [worker 3] itrpo (run91) concluído
🚀 [worker 3] lançando: itrpo (run92) -> /mnt/ssd1/wesley/BusEnv/logs/itrpo_run92.log
✅ [worker 2] happo (run100) concluído
🏁 [worker 2] terminou TODAS as 5 runs de 'happo'. Buscando próximo algoritmo...
🧵 [worker 2] pegou algoritmo 'matrpo' (posição 5) — 5 runs em sequência
🚀 [worker 2] lançando: matrpo (run96) -> /mnt/ssd1/wesley/BusEnv/logs/matrpo_run96.log
✅ [worker 1] ippo (run93) concluído
🚀 [worker 1] lançando: ippo (run94) -> /mnt/ssd1/wesley/BusEnv/logs/ippo_run94.log
✅ [worker 3] itrpo (run92) concluído
🚀 [worker 3] lançando: itrpo (run93) -> /mnt/ssd1/wesley/BusEnv/logs/itrpo_run93.log
✅ [worker 2] matrpo (run96) concluído
🚀 [worker 2] lançando: matrpo (run97) -> /mnt/ssd1/wesley/BusEnv/logs/matrpo_run97.log
✅ [worker 1] ippo (run94) concluído
🚀 [worker 1] lançando: ippo (run95) -> /mnt/ssd1/wesley/BusEnv/logs/ippo_run95.log
✅ [worker 3] itrpo (run93) concluído
🚀 [worker 3] lançando: itrpo (run94) -> /mnt/ssd1/wesley/BusEnv/logs/itrpo_run94.log
✅ [worker 2] matrpo (run97) concluído
🚀 [worker 2] lançando: matrpo (run98) -> /mnt/ssd1/wesley/BusEnv/logs/matrpo_run98.log
✅ [worker 1] ippo (run95) concluído
🏁 [worker 1] terminou TODAS as 5 runs de 'ippo'. Buscando próximo algoritmo...
🧵 [worker 1] pegou algoritmo 'ia2c' (posição 6) — 5 runs em sequência
🚀 [worker 1] lançando: ia2c (run120) -> /mnt/ssd1/wesley/BusEnv/logs/ia2c_run120.log
✅ [worker 3] itrpo (run94) concluído
🚀 [worker 3] lançando: itrpo (run95) -> /mnt/ssd1/wesley/BusEnv/logs/itrpo_run95.log
✅ [worker 2] matrpo (run98) concluído
🚀 [worker 2] lançando: matrpo (run99) -> /mnt/ssd1/wesley/BusEnv/logs/matrpo_run99.log
✅ [worker 1] ia2c (run120) concluído
🚀 [worker 1] lançando: ia2c (run121) -> /mnt/ssd1/wesley/BusEnv/logs/ia2c_run121.log
✅ [worker 1] ia2c (run121) concluído
🚀 [worker 1] lançando: ia2c (run122) -> /mnt/ssd1/wesley/BusEnv/logs/ia2c_run122.log
✅ [worker 3] itrpo (run95) concluído
🏁 [worker 3] terminou TODAS as 5 runs de 'itrpo'. Buscando próximo algoritmo...
🧵 [worker 3] pegou algoritmo 'maa2c' (posição 7) — 5 runs em sequência
🚀 [worker 3] lançando: maa2c (run129) -> /mnt/ssd1/wesley/BusEnv/logs/maa2c_run129.log
✅ [worker 2] matrpo (run99) concluído
🚀 [worker 2] lançando: matrpo (run100) -> /mnt/ssd1/wesley/BusEnv/logs/matrpo_run100.log
✅ [worker 1] ia2c (run122) concluído
🚀 [worker 1] lançando: ia2c (run123) -> /mnt/ssd1/wesley/BusEnv/logs/ia2c_run123.log
✅ [worker 3] maa2c (run129) concluído
🚀 [worker 3] lançando: maa2c (run130) -> /mnt/ssd1/wesley/BusEnv/logs/maa2c_run130.log
✅ [worker 2] matrpo (run100) concluído
🏁 [worker 2] terminou TODAS as 5 runs de 'matrpo'. Buscando próximo algoritmo...
🧵 [worker 2] pegou algoritmo 'mappo' (posição 8) — 5 runs em sequência
🚀 [worker 2] lançando: mappo (run139) -> /mnt/ssd1/wesley/BusEnv/logs/mappo_run139.log
✅ [worker 1] ia2c (run123) concluído
🚀 [worker 1] lançando: ia2c (run124) -> /mnt/ssd1/wesley/BusEnv/logs/ia2c_run124.log
✅ [worker 3] maa2c (run130) concluído
🚀 [worker 3] lançando: maa2c (run131) -> /mnt/ssd1/wesley/BusEnv/logs/maa2c_run131.log
✅ [worker 2] mappo (run139) concluído
🚀 [worker 2] lançando: mappo (run140) -> /mnt/ssd1/wesley/BusEnv/logs/mappo_run140.log
✅ [worker 1] ia2c (run124) concluído
🏁 [worker 1] terminou TODAS as 5 runs de 'ia2c'. Buscando próximo algoritmo...
🧵 [worker 1] fila esgotada, encerrando.
✅ [worker 3] maa2c (run131) concluído
🚀 [worker 3] lançando: maa2c (run132) -> /mnt/ssd1/wesley/BusEnv/logs/maa2c_run132.log
✅ [worker 3] maa2c (run132) concluído
🚀 [worker 3] lançando: maa2c (run133) -> /mnt/ssd1/wesley/BusEnv/logs/maa2c_run133.log
✅ [worker 2] mappo (run140) concluído
🚀 [worker 2] lançando: mappo (run141) -> /mnt/ssd1/wesley/BusEnv/logs/mappo_run141.log
✅ [worker 3] maa2c (run133) concluído
🏁 [worker 3] terminou TODAS as 5 runs de 'maa2c'. Buscando próximo algoritmo...
🧵 [worker 3] fila esgotada, encerrando.
✅ [worker 2] mappo (run141) concluído
🚀 [worker 2] lançando: mappo (run142) -> /mnt/ssd1/wesley/BusEnv/logs/mappo_run142.log
✅ [worker 2] mappo (run142) concluído
🚀 [worker 2] lançando: mappo (run143) -> /mnt/ssd1/wesley/BusEnv/logs/mappo_run143.log
✅ [worker 2] mappo (run143) concluído
🏁 [worker 2] terminou TODAS as 5 runs de 'mappo'. Buscando próximo algoritmo...
🧵 [worker 2] fila esgotada, encerrando.
🏁 Todos os algoritmos (9) x 5 runs foram concluídos!
📄 Logs: /mnt/ssd1/wesley/BusEnv/logs
🌱 CodeCarbon CSV: /mnt/ssd1/wesley/BusEnv/codecarbon/emissions.csv (por padrão)
📋 Fila: 9 algoritmo(s) | 5 runs cada | 3 vaga(s) simultânea(s)
🧵 [worker 1] pegou algoritmo 'coma' (posição 0) — 5 runs em sequência
🚀 [worker 1] lançando: coma (run53) -> /mnt/ssd1/wesley/BusEnv/logs/coma_run53.log
🧵 [worker 2] pegou algoritmo 'happo' (posição 1) — 5 runs em sequência
🚀 [worker 2] lançando: happo (run101) -> /mnt/ssd1/wesley/BusEnv/logs/happo_run101.log
🧵 [worker 3] pegou algoritmo 'hatrpo' (posição 2) — 5 runs em sequência
🚀 [worker 3] lançando: hatrpo (run96) -> /mnt/ssd1/wesley/BusEnv/logs/hatrpo_run96.log
✅ [worker 1] coma (run53) concluído
🚀 [worker 1] lançando: coma (run54) -> /mnt/ssd1/wesley/BusEnv/logs/coma_run54.log
✅ [worker 3] hatrpo (run96) concluído
🚀 [worker 3] lançando: hatrpo (run97) -> /mnt/ssd1/wesley/BusEnv/logs/hatrpo_run97.log
✅ [worker 2] happo (run101) concluído
🚀 [worker 2] lançando: happo (run102) -> /mnt/ssd1/wesley/BusEnv/logs/happo_run102.log
✅ [worker 1] coma (run54) concluído
🚀 [worker 1] lançando: coma (run55) -> /mnt/ssd1/wesley/BusEnv/logs/coma_run55.log
✅ [worker 3] hatrpo (run97) concluído
🚀 [worker 3] lançando: hatrpo (run98) -> /mnt/ssd1/wesley/BusEnv/logs/hatrpo_run98.log
✅ [worker 1] coma (run55) concluído
🚀 [worker 1] lançando: coma (run56) -> /mnt/ssd1/wesley/BusEnv/logs/coma_run56.log
✅ [worker 2] happo (run102) concluído
🚀 [worker 2] lançando: happo (run103) -> /mnt/ssd1/wesley/BusEnv/logs/happo_run103.log
✅ [worker 3] hatrpo (run98) concluído
🚀 [worker 3] lançando: hatrpo (run99) -> /mnt/ssd1/wesley/BusEnv/logs/hatrpo_run99.log
✅ [worker 1] coma (run56) concluído
🚀 [worker 1] lançando: coma (run57) -> /mnt/ssd1/wesley/BusEnv/logs/coma_run57.log
✅ [worker 2] happo (run103) concluído
🚀 [worker 2] lançando: happo (run104) -> /mnt/ssd1/wesley/BusEnv/logs/happo_run104.log
✅ [worker 1] coma (run57) concluído
🏁 [worker 1] terminou TODAS as 5 runs de 'coma'. Buscando próximo algoritmo...
🧵 [worker 1] pegou algoritmo 'ippo' (posição 3) — 5 runs em sequência
🚀 [worker 1] lançando: ippo (run96) -> /mnt/ssd1/wesley/BusEnv/logs/ippo_run96.log
✅ [worker 3] hatrpo (run99) concluído
🚀 [worker 3] lançando: hatrpo (run100) -> /mnt/ssd1/wesley/BusEnv/logs/hatrpo_run100.log
✅ [worker 1] ippo (run96) concluído
🚀 [worker 1] lançando: ippo (run97) -> /mnt/ssd1/wesley/BusEnv/logs/ippo_run97.log
✅ [worker 2] happo (run104) concluído
🚀 [worker 2] lançando: happo (run105) -> /mnt/ssd1/wesley/BusEnv/logs/happo_run105.log
✅ [worker 3] hatrpo (run100) concluído
🏁 [worker 3] terminou TODAS as 5 runs de 'hatrpo'. Buscando próximo algoritmo...
🧵 [worker 3] pegou algoritmo 'itrpo' (posição 4) — 5 runs em sequência
🚀 [worker 3] lançando: itrpo (run96) -> /mnt/ssd1/wesley/BusEnv/logs/itrpo_run96.log
✅ [worker 1] ippo (run97) concluído
🚀 [worker 1] lançando: ippo (run98) -> /mnt/ssd1/wesley/BusEnv/logs/ippo_run98.log
✅ [worker 3] itrpo (run96) concluído
🚀 [worker 3] lançando: itrpo (run97) -> /mnt/ssd1/wesley/BusEnv/logs/itrpo_run97.log
✅ [worker 2] happo (run105) concluído
🏁 [worker 2] terminou TODAS as 5 runs de 'happo'. Buscando próximo algoritmo...
🧵 [worker 2] pegou algoritmo 'matrpo' (posição 5) — 5 runs em sequência
🚀 [worker 2] lançando: matrpo (run101) -> /mnt/ssd1/wesley/BusEnv/logs/matrpo_run101.log
✅ [worker 1] ippo (run98) concluído
🚀 [worker 1] lançando: ippo (run99) -> /mnt/ssd1/wesley/BusEnv/logs/ippo_run99.log
✅ [worker 3] itrpo (run97) concluído
🚀 [worker 3] lançando: itrpo (run98) -> /mnt/ssd1/wesley/BusEnv/logs/itrpo_run98.log
✅ [worker 2] matrpo (run101) concluído
🚀 [worker 2] lançando: matrpo (run102) -> /mnt/ssd1/wesley/BusEnv/logs/matrpo_run102.log
✅ [worker 1] ippo (run99) concluído
🚀 [worker 1] lançando: ippo (run100) -> /mnt/ssd1/wesley/BusEnv/logs/ippo_run100.log
✅ [worker 3] itrpo (run98) concluído
🚀 [worker 3] lançando: itrpo (run99) -> /mnt/ssd1/wesley/BusEnv/logs/itrpo_run99.log
✅ [worker 2] matrpo (run102) concluído
🚀 [worker 2] lançando: matrpo (run103) -> /mnt/ssd1/wesley/BusEnv/logs/matrpo_run103.log
✅ [worker 1] ippo (run100) concluído
🏁 [worker 1] terminou TODAS as 5 runs de 'ippo'. Buscando próximo algoritmo...
🧵 [worker 1] pegou algoritmo 'ia2c' (posição 6) — 5 runs em sequência
🚀 [worker 1] lançando: ia2c (run125) -> /mnt/ssd1/wesley/BusEnv/logs/ia2c_run125.log
✅ [worker 3] itrpo (run99) concluído
🚀 [worker 3] lançando: itrpo (run100) -> /mnt/ssd1/wesley/BusEnv/logs/itrpo_run100.log
✅ [worker 1] ia2c (run125) concluído
🚀 [worker 1] lançando: ia2c (run126) -> /mnt/ssd1/wesley/BusEnv/logs/ia2c_run126.log
✅ [worker 2] matrpo (run103) concluído
🚀 [worker 2] lançando: matrpo (run104) -> /mnt/ssd1/wesley/BusEnv/logs/matrpo_run104.log
✅ [worker 3] itrpo (run100) concluído
🏁 [worker 3] terminou TODAS as 5 runs de 'itrpo'. Buscando próximo algoritmo...
🧵 [worker 3] pegou algoritmo 'maa2c' (posição 7) — 5 runs em sequência
🚀 [worker 3] lançando: maa2c (run134) -> /mnt/ssd1/wesley/BusEnv/logs/maa2c_run134.log
✅ [worker 1] ia2c (run126) concluído
🚀 [worker 1] lançando: ia2c (run127) -> /mnt/ssd1/wesley/BusEnv/logs/ia2c_run127.log
✅ [worker 2] matrpo (run104) concluído
🚀 [worker 2] lançando: matrpo (run105) -> /mnt/ssd1/wesley/BusEnv/logs/matrpo_run105.log
✅ [worker 1] ia2c (run127) concluído
🚀 [worker 1] lançando: ia2c (run128) -> /mnt/ssd1/wesley/BusEnv/logs/ia2c_run128.log
✅ [worker 3] maa2c (run134) concluído
🚀 [worker 3] lançando: maa2c (run135) -> /mnt/ssd1/wesley/BusEnv/logs/maa2c_run135.log
✅ [worker 2] matrpo (run105) concluído
🏁 [worker 2] terminou TODAS as 5 runs de 'matrpo'. Buscando próximo algoritmo...
🧵 [worker 2] pegou algoritmo 'mappo' (posição 8) — 5 runs em sequência
🚀 [worker 2] lançando: mappo (run144) -> /mnt/ssd1/wesley/BusEnv/logs/mappo_run144.log
✅ [worker 1] ia2c (run128) concluído
🚀 [worker 1] lançando: ia2c (run129) -> /mnt/ssd1/wesley/BusEnv/logs/ia2c_run129.log
✅ [worker 3] maa2c (run135) concluído
🚀 [worker 3] lançando: maa2c (run136) -> /mnt/ssd1/wesley/BusEnv/logs/maa2c_run136.log
✅ [worker 2] mappo (run144) concluído
🚀 [worker 2] lançando: mappo (run145) -> /mnt/ssd1/wesley/BusEnv/logs/mappo_run145.log
✅ [worker 1] ia2c (run129) concluído
🏁 [worker 1] terminou TODAS as 5 runs de 'ia2c'. Buscando próximo algoritmo...
🧵 [worker 1] fila esgotada, encerrando.
✅ [worker 3] maa2c (run136) concluído
🚀 [worker 3] lançando: maa2c (run137) -> /mnt/ssd1/wesley/BusEnv/logs/maa2c_run137.log
✅ [worker 2] mappo (run145) concluído
🚀 [worker 2] lançando: mappo (run146) -> /mnt/ssd1/wesley/BusEnv/logs/mappo_run146.log
✅ [worker 3] maa2c (run137) concluído
🚀 [worker 3] lançando: maa2c (run138) -> /mnt/ssd1/wesley/BusEnv/logs/maa2c_run138.log
✅ [worker 3] maa2c (run138) concluído
🏁 [worker 3] terminou TODAS as 5 runs de 'maa2c'. Buscando próximo algoritmo...
🧵 [worker 3] fila esgotada, encerrando.
✅ [worker 2] mappo (run146) concluído
🚀 [worker 2] lançando: mappo (run147) -> /mnt/ssd1/wesley/BusEnv/logs/mappo_run147.log
✅ [worker 2] mappo (run147) concluído
🚀 [worker 2] lançando: mappo (run148) -> /mnt/ssd1/wesley/BusEnv/logs/mappo_run148.log
✅ [worker 2] mappo (run148) concluído
🏁 [worker 2] terminou TODAS as 5 runs de 'mappo'. Buscando próximo algoritmo...
🧵 [worker 2] fila esgotada, encerrando.
🏁 Todos os algoritmos (9) x 5 runs foram concluídos!
📄 Logs: /mnt/ssd1/wesley/BusEnv/logs
🌱 CodeCarbon CSV: /mnt/ssd1/wesley/BusEnv/codecarbon/emissions.csv (por padrão)
📋 Fila: 9 algoritmo(s) | 5 runs cada | 3 vaga(s) simultânea(s)
🧵 [worker 1] pegou algoritmo 'coma' (posição 0) — 5 runs em sequência
🚀 [worker 1] lançando: coma (run58) -> /mnt/ssd1/wesley/BusEnv/logs/coma_run58.log
🧵 [worker 2] pegou algoritmo 'happo' (posição 1) — 5 runs em sequência
🚀 [worker 2] lançando: happo (run106) -> /mnt/ssd1/wesley/BusEnv/logs/happo_run106.log
🧵 [worker 3] pegou algoritmo 'hatrpo' (posição 2) — 5 runs em sequência
🚀 [worker 3] lançando: hatrpo (run101) -> /mnt/ssd1/wesley/BusEnv/logs/hatrpo_run101.log
✅ [worker 1] coma (run58) concluído
🚀 [worker 1] lançando: coma (run59) -> /mnt/ssd1/wesley/BusEnv/logs/coma_run59.log
✅ [worker 3] hatrpo (run101) concluído
🚀 [worker 3] lançando: hatrpo (run102) -> /mnt/ssd1/wesley/BusEnv/logs/hatrpo_run102.log
✅ [worker 2] happo (run106) concluído
🚀 [worker 2] lançando: happo (run107) -> /mnt/ssd1/wesley/BusEnv/logs/happo_run107.log
✅ [worker 1] coma (run59) concluído
🚀 [worker 1] lançando: coma (run60) -> /mnt/ssd1/wesley/BusEnv/logs/coma_run60.log
✅ [worker 3] hatrpo (run102) concluído
🚀 [worker 3] lançando: hatrpo (run103) -> /mnt/ssd1/wesley/BusEnv/logs/hatrpo_run103.log
✅ [worker 1] coma (run60) concluído
🚀 [worker 1] lançando: coma (run61) -> /mnt/ssd1/wesley/BusEnv/logs/coma_run61.log
✅ [worker 2] happo (run107) concluído
🚀 [worker 2] lançando: happo (run108) -> /mnt/ssd1/wesley/BusEnv/logs/happo_run108.log
✅ [worker 3] hatrpo (run103) concluído
🚀 [worker 3] lançando: hatrpo (run104) -> /mnt/ssd1/wesley/BusEnv/logs/hatrpo_run104.log
✅ [worker 1] coma (run61) concluído
🚀 [worker 1] lançando: coma (run62) -> /mnt/ssd1/wesley/BusEnv/logs/coma_run62.log
✅ [worker 2] happo (run108) concluído
🚀 [worker 2] lançando: happo (run109) -> /mnt/ssd1/wesley/BusEnv/logs/happo_run109.log
✅ [worker 1] coma (run62) concluído
🏁 [worker 1] terminou TODAS as 5 runs de 'coma'. Buscando próximo algoritmo...
🧵 [worker 1] pegou algoritmo 'ippo' (posição 3) — 5 runs em sequência
🚀 [worker 1] lançando: ippo (run101) -> /mnt/ssd1/wesley/BusEnv/logs/ippo_run101.log
✅ [worker 3] hatrpo (run104) concluído
🚀 [worker 3] lançando: hatrpo (run105) -> /mnt/ssd1/wesley/BusEnv/logs/hatrpo_run105.log
✅ [worker 1] ippo (run101) concluído
🚀 [worker 1] lançando: ippo (run102) -> /mnt/ssd1/wesley/BusEnv/logs/ippo_run102.log
✅ [worker 2] happo (run109) concluído
🚀 [worker 2] lançando: happo (run110) -> /mnt/ssd1/wesley/BusEnv/logs/happo_run110.log
✅ [worker 3] hatrpo (run105) concluído
🏁 [worker 3] terminou TODAS as 5 runs de 'hatrpo'. Buscando próximo algoritmo...
🧵 [worker 3] pegou algoritmo 'itrpo' (posição 4) — 5 runs em sequência
🚀 [worker 3] lançando: itrpo (run101) -> /mnt/ssd1/wesley/BusEnv/logs/itrpo_run101.log
✅ [worker 1] ippo (run102) concluído
🚀 [worker 1] lançando: ippo (run103) -> /mnt/ssd1/wesley/BusEnv/logs/ippo_run103.log
✅ [worker 2] happo (run110) concluído
🏁 [worker 2] terminou TODAS as 5 runs de 'happo'. Buscando próximo algoritmo...
🧵 [worker 2] pegou algoritmo 'matrpo' (posição 5) — 5 runs em sequência
🚀 [worker 2] lançando: matrpo (run106) -> /mnt/ssd1/wesley/BusEnv/logs/matrpo_run106.log
✅ [worker 3] itrpo (run101) concluído
🚀 [worker 3] lançando: itrpo (run102) -> /mnt/ssd1/wesley/BusEnv/logs/itrpo_run102.log
✅ [worker 1] ippo (run103) concluído
🚀 [worker 1] lançando: ippo (run104) -> /mnt/ssd1/wesley/BusEnv/logs/ippo_run104.log
✅ [worker 2] matrpo (run106) concluído
🚀 [worker 2] lançando: matrpo (run107) -> /mnt/ssd1/wesley/BusEnv/logs/matrpo_run107.log
✅ [worker 3] itrpo (run102) concluído
🚀 [worker 3] lançando: itrpo (run103) -> /mnt/ssd1/wesley/BusEnv/logs/itrpo_run103.log
✅ [worker 1] ippo (run104) concluído
🚀 [worker 1] lançando: ippo (run105) -> /mnt/ssd1/wesley/BusEnv/logs/ippo_run105.log
✅ [worker 2] matrpo (run107) concluído
🚀 [worker 2] lançando: matrpo (run108) -> /mnt/ssd1/wesley/BusEnv/logs/matrpo_run108.log
✅ [worker 3] itrpo (run103) concluído
🚀 [worker 3] lançando: itrpo (run104) -> /mnt/ssd1/wesley/BusEnv/logs/itrpo_run104.log
✅ [worker 1] ippo (run105) concluído
🏁 [worker 1] terminou TODAS as 5 runs de 'ippo'. Buscando próximo algoritmo...
🧵 [worker 1] pegou algoritmo 'ia2c' (posição 6) — 5 runs em sequência
🚀 [worker 1] lançando: ia2c (run130) -> /mnt/ssd1/wesley/BusEnv/logs/ia2c_run130.log
✅ [worker 2] matrpo (run108) concluído
🚀 [worker 2] lançando: matrpo (run109) -> /mnt/ssd1/wesley/BusEnv/logs/matrpo_run109.log
✅ [worker 3] itrpo (run104) concluído
🚀 [worker 3] lançando: itrpo (run105) -> /mnt/ssd1/wesley/BusEnv/logs/itrpo_run105.log
✅ [worker 1] ia2c (run130) concluído
🚀 [worker 1] lançando: ia2c (run131) -> /mnt/ssd1/wesley/BusEnv/logs/ia2c_run131.log
✅ [worker 1] ia2c (run131) concluído
🚀 [worker 1] lançando: ia2c (run132) -> /mnt/ssd1/wesley/BusEnv/logs/ia2c_run132.log
✅ [worker 2] matrpo (run109) concluído
🚀 [worker 2] lançando: matrpo (run110) -> /mnt/ssd1/wesley/BusEnv/logs/matrpo_run110.log
✅ [worker 3] itrpo (run105) concluído
🏁 [worker 3] terminou TODAS as 5 runs de 'itrpo'. Buscando próximo algoritmo...
🧵 [worker 3] pegou algoritmo 'maa2c' (posição 7) — 5 runs em sequência
🚀 [worker 3] lançando: maa2c (run139) -> /mnt/ssd1/wesley/BusEnv/logs/maa2c_run139.log
✅ [worker 1] ia2c (run132) concluído
🚀 [worker 1] lançando: ia2c (run133) -> /mnt/ssd1/wesley/BusEnv/logs/ia2c_run133.log
✅ [worker 3] maa2c (run139) concluído
🚀 [worker 3] lançando: maa2c (run140) -> /mnt/ssd1/wesley/BusEnv/logs/maa2c_run140.log
✅ [worker 2] matrpo (run110) concluído
🏁 [worker 2] terminou TODAS as 5 runs de 'matrpo'. Buscando próximo algoritmo...
🧵 [worker 2] pegou algoritmo 'mappo' (posição 8) — 5 runs em sequência
🚀 [worker 2] lançando: mappo (run149) -> /mnt/ssd1/wesley/BusEnv/logs/mappo_run149.log
✅ [worker 1] ia2c (run133) concluído
🚀 [worker 1] lançando: ia2c (run134) -> /mnt/ssd1/wesley/BusEnv/logs/ia2c_run134.log
✅ [worker 3] maa2c (run140) concluído
🚀 [worker 3] lançando: maa2c (run141) -> /mnt/ssd1/wesley/BusEnv/logs/maa2c_run141.log
✅ [worker 2] mappo (run149) concluído
🚀 [worker 2] lançando: mappo (run150) -> /mnt/ssd1/wesley/BusEnv/logs/mappo_run150.log
✅ [worker 1] ia2c (run134) concluído
🏁 [worker 1] terminou TODAS as 5 runs de 'ia2c'. Buscando próximo algoritmo...
🧵 [worker 1] fila esgotada, encerrando.
✅ [worker 3] maa2c (run141) concluído
🚀 [worker 3] lançando: maa2c (run142) -> /mnt/ssd1/wesley/BusEnv/logs/maa2c_run142.log
✅ [worker 2] mappo (run150) concluído
🚀 [worker 2] lançando: mappo (run151) -> /mnt/ssd1/wesley/BusEnv/logs/mappo_run151.log
✅ [worker 3] maa2c (run142) concluído
🚀 [worker 3] lançando: maa2c (run143) -> /mnt/ssd1/wesley/BusEnv/logs/maa2c_run143.log
✅ [worker 3] maa2c (run143) concluído
🏁 [worker 3] terminou TODAS as 5 runs de 'maa2c'. Buscando próximo algoritmo...
🧵 [worker 3] fila esgotada, encerrando.
✅ [worker 2] mappo (run151) concluído
🚀 [worker 2] lançando: mappo (run152) -> /mnt/ssd1/wesley/BusEnv/logs/mappo_run152.log
✅ [worker 2] mappo (run152) concluído
🚀 [worker 2] lançando: mappo (run153) -> /mnt/ssd1/wesley/BusEnv/logs/mappo_run153.log
✅ [worker 2] mappo (run153) concluído
🏁 [worker 2] terminou TODAS as 5 runs de 'mappo'. Buscando próximo algoritmo...
🧵 [worker 2] fila esgotada, encerrando.
🏁 Todos os algoritmos (9) x 5 runs foram concluídos!
📄 Logs: /mnt/ssd1/wesley/BusEnv/logs
🌱 CodeCarbon CSV: /mnt/ssd1/wesley/BusEnv/codecarbon/emissions.csv (por padrão)
📋 Fila: 9 algoritmo(s) | 5 runs cada | 3 vaga(s) simultânea(s)
🧵 [worker 1] pegou algoritmo 'coma' (posição 0) — 5 runs em sequência
🚀 [worker 1] lançando: coma (run63) -> /mnt/ssd1/wesley/BusEnv/logs/coma_run63.log
🧵 [worker 2] pegou algoritmo 'happo' (posição 1) — 5 runs em sequência
🚀 [worker 2] lançando: happo (run111) -> /mnt/ssd1/wesley/BusEnv/logs/happo_run111.log
🧵 [worker 3] pegou algoritmo 'hatrpo' (posição 2) — 5 runs em sequência
🚀 [worker 3] lançando: hatrpo (run106) -> /mnt/ssd1/wesley/BusEnv/logs/hatrpo_run106.log
✅ [worker 1] coma (run63) concluído
🚀 [worker 1] lançando: coma (run64) -> /mnt/ssd1/wesley/BusEnv/logs/coma_run64.log
✅ [worker 3] hatrpo (run106) concluído
🚀 [worker 3] lançando: hatrpo (run107) -> /mnt/ssd1/wesley/BusEnv/logs/hatrpo_run107.log
✅ [worker 2] happo (run111) concluído
🚀 [worker 2] lançando: happo (run112) -> /mnt/ssd1/wesley/BusEnv/logs/happo_run112.log
✅ [worker 1] coma (run64) concluído
🚀 [worker 1] lançando: coma (run65) -> /mnt/ssd1/wesley/BusEnv/logs/coma_run65.log
✅ [worker 3] hatrpo (run107) concluído
🚀 [worker 3] lançando: hatrpo (run108) -> /mnt/ssd1/wesley/BusEnv/logs/hatrpo_run108.log
✅ [worker 2] happo (run112) concluído
🚀 [worker 2] lançando: happo (run113) -> /mnt/ssd1/wesley/BusEnv/logs/happo_run113.log
✅ [worker 1] coma (run65) concluído
🚀 [worker 1] lançando: coma (run66) -> /mnt/ssd1/wesley/BusEnv/logs/coma_run66.log
✅ [worker 3] hatrpo (run108) concluído
🚀 [worker 3] lançando: hatrpo (run109) -> /mnt/ssd1/wesley/BusEnv/logs/hatrpo_run109.log
✅ [worker 1] coma (run66) concluído
🚀 [worker 1] lançando: coma (run67) -> /mnt/ssd1/wesley/BusEnv/logs/coma_run67.log
✅ [worker 2] happo (run113) concluído
🚀 [worker 2] lançando: happo (run114) -> /mnt/ssd1/wesley/BusEnv/logs/happo_run114.log
✅ [worker 3] hatrpo (run109) concluído
🚀 [worker 3] lançando: hatrpo (run110) -> /mnt/ssd1/wesley/BusEnv/logs/hatrpo_run110.log
✅ [worker 1] coma (run67) concluído
🏁 [worker 1] terminou TODAS as 5 runs de 'coma'. Buscando próximo algoritmo...
🧵 [worker 1] pegou algoritmo 'ippo' (posição 3) — 5 runs em sequência
🚀 [worker 1] lançando: ippo (run106) -> /mnt/ssd1/wesley/BusEnv/logs/ippo_run106.log
✅ [worker 2] happo (run114) concluído
🚀 [worker 2] lançando: happo (run115) -> /mnt/ssd1/wesley/BusEnv/logs/happo_run115.log
✅ [worker 3] hatrpo (run110) concluído
🏁 [worker 3] terminou TODAS as 5 runs de 'hatrpo'. Buscando próximo algoritmo...
🧵 [worker 3] pegou algoritmo 'itrpo' (posição 4) — 5 runs em sequência
🚀 [worker 3] lançando: itrpo (run106) -> /mnt/ssd1/wesley/BusEnv/logs/itrpo_run106.log
✅ [worker 1] ippo (run106) concluído
🚀 [worker 1] lançando: ippo (run107) -> /mnt/ssd1/wesley/BusEnv/logs/ippo_run107.log
✅ [worker 3] itrpo (run106) concluído
🚀 [worker 3] lançando: itrpo (run107) -> /mnt/ssd1/wesley/BusEnv/logs/itrpo_run107.log
✅ [worker 2] happo (run115) concluído
🏁 [worker 2] terminou TODAS as 5 runs de 'happo'. Buscando próximo algoritmo...
🧵 [worker 2] pegou algoritmo 'matrpo' (posição 5) — 5 runs em sequência
🚀 [worker 2] lançando: matrpo (run111) -> /mnt/ssd1/wesley/BusEnv/logs/matrpo_run111.log
✅ [worker 1] ippo (run107) concluído
🚀 [worker 1] lançando: ippo (run108) -> /mnt/ssd1/wesley/BusEnv/logs/ippo_run108.log
✅ [worker 3] itrpo (run107) concluído
🚀 [worker 3] lançando: itrpo (run108) -> /mnt/ssd1/wesley/BusEnv/logs/itrpo_run108.log
✅ [worker 1] ippo (run108) concluído
🚀 [worker 1] lançando: ippo (run109) -> /mnt/ssd1/wesley/BusEnv/logs/ippo_run109.log
✅ [worker 2] matrpo (run111) concluído
🚀 [worker 2] lançando: matrpo (run112) -> /mnt/ssd1/wesley/BusEnv/logs/matrpo_run112.log
✅ [worker 1] ippo (run109) concluído
🚀 [worker 1] lançando: ippo (run110) -> /mnt/ssd1/wesley/BusEnv/logs/ippo_run110.log
✅ [worker 3] itrpo (run108) concluído
🚀 [worker 3] lançando: itrpo (run109) -> /mnt/ssd1/wesley/BusEnv/logs/itrpo_run109.log
✅ [worker 2] matrpo (run112) concluído
🚀 [worker 2] lançando: matrpo (run113) -> /mnt/ssd1/wesley/BusEnv/logs/matrpo_run113.log
📋 Fila: 6 algoritmo(s) | 5 runs cada | 3 vaga(s) simultânea(s)
🧵 [worker 1] pegou algoritmo 'ippo' (posição 0) — 5 runs em sequência
🚀 [worker 1] lançando: ippo (run111) -> /mnt/ssd1/wesley/BusEnv/logs/ippo_run111.log
🧵 [worker 2] pegou algoritmo 'itrpo' (posição 1) — 5 runs em sequência
🚀 [worker 2] lançando: itrpo (run110) -> /mnt/ssd1/wesley/BusEnv/logs/itrpo_run110.log
🧵 [worker 3] pegou algoritmo 'matrpo' (posição 2) — 5 runs em sequência
🚀 [worker 3] lançando: matrpo (run114) -> /mnt/ssd1/wesley/BusEnv/logs/matrpo_run114.log
✅ [worker 1] ippo (run111) concluído
🚀 [worker 1] lançando: ippo (run112) -> /mnt/ssd1/wesley/BusEnv/logs/ippo_run112.log
✅ [worker 2] itrpo (run110) concluído
🚀 [worker 2] lançando: itrpo (run111) -> /mnt/ssd1/wesley/BusEnv/logs/itrpo_run111.log
✅ [worker 3] matrpo (run114) concluído
🚀 [worker 3] lançando: matrpo (run115) -> /mnt/ssd1/wesley/BusEnv/logs/matrpo_run115.log
✅ [worker 1] ippo (run112) concluído
🚀 [worker 1] lançando: ippo (run113) -> /mnt/ssd1/wesley/BusEnv/logs/ippo_run113.log
✅ [worker 2] itrpo (run111) concluído
🚀 [worker 2] lançando: itrpo (run112) -> /mnt/ssd1/wesley/BusEnv/logs/itrpo_run112.log
✅ [worker 3] matrpo (run115) concluído
🚀 [worker 3] lançando: matrpo (run116) -> /mnt/ssd1/wesley/BusEnv/logs/matrpo_run116.log
✅ [worker 1] ippo (run113) concluído
🚀 [worker 1] lançando: ippo (run114) -> /mnt/ssd1/wesley/BusEnv/logs/ippo_run114.log
✅ [worker 2] itrpo (run112) concluído
🚀 [worker 2] lançando: itrpo (run113) -> /mnt/ssd1/wesley/BusEnv/logs/itrpo_run113.log
✅ [worker 3] matrpo (run116) concluído
🚀 [worker 3] lançando: matrpo (run117) -> /mnt/ssd1/wesley/BusEnv/logs/matrpo_run117.log
✅ [worker 1] ippo (run114) concluído
🚀 [worker 1] lançando: ippo (run115) -> /mnt/ssd1/wesley/BusEnv/logs/ippo_run115.log
✅ [worker 2] itrpo (run113) concluído
🚀 [worker 2] lançando: itrpo (run114) -> /mnt/ssd1/wesley/BusEnv/logs/itrpo_run114.log
✅ [worker 3] matrpo (run117) concluído
🚀 [worker 3] lançando: matrpo (run118) -> /mnt/ssd1/wesley/BusEnv/logs/matrpo_run118.log
✅ [worker 1] ippo (run115) concluído
🏁 [worker 1] terminou TODAS as 5 runs de 'ippo'. Buscando próximo algoritmo...
🧵 [worker 1] pegou algoritmo 'ia2c' (posição 3) — 5 runs em sequência
🚀 [worker 1] lançando: ia2c (run135) -> /mnt/ssd1/wesley/BusEnv/logs/ia2c_run135.log
✅ [worker 2] itrpo (run114) concluído
🏁 [worker 2] terminou TODAS as 5 runs de 'itrpo'. Buscando próximo algoritmo...
🧵 [worker 2] pegou algoritmo 'maa2c' (posição 4) — 5 runs em sequência
🚀 [worker 2] lançando: maa2c (run144) -> /mnt/ssd1/wesley/BusEnv/logs/maa2c_run144.log
✅ [worker 3] matrpo (run118) concluído
🏁 [worker 3] terminou TODAS as 5 runs de 'matrpo'. Buscando próximo algoritmo...
🧵 [worker 3] pegou algoritmo 'mappo' (posição 5) — 5 runs em sequência
🚀 [worker 3] lançando: mappo (run154) -> /mnt/ssd1/wesley/BusEnv/logs/mappo_run154.log
✅ [worker 1] ia2c (run135) concluído
🚀 [worker 1] lançando: ia2c (run136) -> /mnt/ssd1/wesley/BusEnv/logs/ia2c_run136.log
✅ [worker 2] maa2c (run144) concluído
🚀 [worker 2] lançando: maa2c (run145) -> /mnt/ssd1/wesley/BusEnv/logs/maa2c_run145.log
✅ [worker 1] ia2c (run136) concluído
🚀 [worker 1] lançando: ia2c (run137) -> /mnt/ssd1/wesley/BusEnv/logs/ia2c_run137.log
✅ [worker 3] mappo (run154) concluído
🚀 [worker 3] lançando: mappo (run155) -> /mnt/ssd1/wesley/BusEnv/logs/mappo_run155.log
✅ [worker 2] maa2c (run145) concluído
🚀 [worker 2] lançando: maa2c (run146) -> /mnt/ssd1/wesley/BusEnv/logs/maa2c_run146.log
✅ [worker 1] ia2c (run137) concluído
🚀 [worker 1] lançando: ia2c (run138) -> /mnt/ssd1/wesley/BusEnv/logs/ia2c_run138.log
✅ [worker 3] mappo (run155) concluído
🚀 [worker 3] lançando: mappo (run156) -> /mnt/ssd1/wesley/BusEnv/logs/mappo_run156.log
✅ [worker 2] maa2c (run146) concluído
🚀 [worker 2] lançando: maa2c (run147) -> /mnt/ssd1/wesley/BusEnv/logs/maa2c_run147.log
✅ [worker 1] ia2c (run138) concluído
🚀 [worker 1] lançando: ia2c (run139) -> /mnt/ssd1/wesley/BusEnv/logs/ia2c_run139.log
✅ [worker 2] maa2c (run147) concluído
🚀 [worker 2] lançando: maa2c (run148) -> /mnt/ssd1/wesley/BusEnv/logs/maa2c_run148.log
✅ [worker 3] mappo (run156) concluído
🚀 [worker 3] lançando: mappo (run157) -> /mnt/ssd1/wesley/BusEnv/logs/mappo_run157.log
✅ [worker 1] ia2c (run139) concluído
🏁 [worker 1] terminou TODAS as 5 runs de 'ia2c'. Buscando próximo algoritmo...
🧵 [worker 1] fila esgotada, encerrando.
✅ [worker 2] maa2c (run148) concluído
🏁 [worker 2] terminou TODAS as 5 runs de 'maa2c'. Buscando próximo algoritmo...
🧵 [worker 2] fila esgotada, encerrando.
✅ [worker 3] mappo (run157) concluído
🚀 [worker 3] lançando: mappo (run158) -> /mnt/ssd1/wesley/BusEnv/logs/mappo_run158.log
✅ [worker 3] mappo (run158) concluído
🏁 [worker 3] terminou TODAS as 5 runs de 'mappo'. Buscando próximo algoritmo...
🧵 [worker 3] fila esgotada, encerrando.
🏁 Todos os algoritmos (6) x 5 runs foram concluídos!
📄 Logs: /mnt/ssd1/wesley/BusEnv/logs
🌱 CodeCarbon CSV: /mnt/ssd1/wesley/BusEnv/codecarbon/emissions.csv (por padrão)
📋 Fila: 9 algoritmo(s) | 5 runs cada | 3 vaga(s) simultânea(s)
🧵 [worker 1] pegou algoritmo 'coma' (posição 0) — 5 runs em sequência
🚀 [worker 1] lançando: coma (run68) -> /mnt/ssd1/wesley/BusEnv/logs/coma_run68.log
🧵 [worker 2] pegou algoritmo 'happo' (posição 1) — 5 runs em sequência
🚀 [worker 2] lançando: happo (run116) -> /mnt/ssd1/wesley/BusEnv/logs/happo_run116.log
🧵 [worker 3] pegou algoritmo 'hatrpo' (posição 2) — 5 runs em sequência
🚀 [worker 3] lançando: hatrpo (run111) -> /mnt/ssd1/wesley/BusEnv/logs/hatrpo_run111.log
✅ [worker 1] coma (run68) concluído
🚀 [worker 1] lançando: coma (run69) -> /mnt/ssd1/wesley/BusEnv/logs/coma_run69.log
✅ [worker 3] hatrpo (run111) concluído
🚀 [worker 3] lançando: hatrpo (run112) -> /mnt/ssd1/wesley/BusEnv/logs/hatrpo_run112.log
✅ [worker 2] happo (run116) concluído
🚀 [worker 2] lançando: happo (run117) -> /mnt/ssd1/wesley/BusEnv/logs/happo_run117.log
✅ [worker 1] coma (run69) concluído
🚀 [worker 1] lançando: coma (run70) -> /mnt/ssd1/wesley/BusEnv/logs/coma_run70.log
✅ [worker 3] hatrpo (run112) concluído
🚀 [worker 3] lançando: hatrpo (run113) -> /mnt/ssd1/wesley/BusEnv/logs/hatrpo_run113.log
✅ [worker 2] happo (run117) concluído
🚀 [worker 2] lançando: happo (run118) -> /mnt/ssd1/wesley/BusEnv/logs/happo_run118.log
✅ [worker 1] coma (run70) concluído
🚀 [worker 1] lançando: coma (run71) -> /mnt/ssd1/wesley/BusEnv/logs/coma_run71.log
✅ [worker 3] hatrpo (run113) concluído
🚀 [worker 3] lançando: hatrpo (run114) -> /mnt/ssd1/wesley/BusEnv/logs/hatrpo_run114.log
✅ [worker 1] coma (run71) concluído
🚀 [worker 1] lançando: coma (run72) -> /mnt/ssd1/wesley/BusEnv/logs/coma_run72.log
✅ [worker 2] happo (run118) concluído
🚀 [worker 2] lançando: happo (run119) -> /mnt/ssd1/wesley/BusEnv/logs/happo_run119.log
✅ [worker 3] hatrpo (run114) concluído
🚀 [worker 3] lançando: hatrpo (run115) -> /mnt/ssd1/wesley/BusEnv/logs/hatrpo_run115.log
✅ [worker 1] coma (run72) concluído
🏁 [worker 1] terminou TODAS as 5 runs de 'coma'. Buscando próximo algoritmo...
🧵 [worker 1] pegou algoritmo 'ippo' (posição 3) — 5 runs em sequência
🚀 [worker 1] lançando: ippo (run116) -> /mnt/ssd1/wesley/BusEnv/logs/ippo_run116.log
✅ [worker 2] happo (run119) concluído
🚀 [worker 2] lançando: happo (run120) -> /mnt/ssd1/wesley/BusEnv/logs/happo_run120.log
✅ [worker 1] ippo (run116) concluído
🚀 [worker 1] lançando: ippo (run117) -> /mnt/ssd1/wesley/BusEnv/logs/ippo_run117.log
✅ [worker 3] hatrpo (run115) concluído
🏁 [worker 3] terminou TODAS as 5 runs de 'hatrpo'. Buscando próximo algoritmo...
🧵 [worker 3] pegou algoritmo 'itrpo' (posição 4) — 5 runs em sequência
🚀 [worker 3] lançando: itrpo (run115) -> /mnt/ssd1/wesley/BusEnv/logs/itrpo_run115.log
✅ [worker 1] ippo (run117) concluído
🚀 [worker 1] lançando: ippo (run118) -> /mnt/ssd1/wesley/BusEnv/logs/ippo_run118.log
✅ [worker 3] itrpo (run115) concluído
🚀 [worker 3] lançando: itrpo (run116) -> /mnt/ssd1/wesley/BusEnv/logs/itrpo_run116.log
✅ [worker 2] happo (run120) concluído
🏁 [worker 2] terminou TODAS as 5 runs de 'happo'. Buscando próximo algoritmo...
🧵 [worker 2] pegou algoritmo 'matrpo' (posição 5) — 5 runs em sequência
🚀 [worker 2] lançando: matrpo (run119) -> /mnt/ssd1/wesley/BusEnv/logs/matrpo_run119.log
✅ [worker 1] ippo (run118) concluído
🚀 [worker 1] lançando: ippo (run119) -> /mnt/ssd1/wesley/BusEnv/logs/ippo_run119.log
✅ [worker 3] itrpo (run116) concluído
🚀 [worker 3] lançando: itrpo (run117) -> /mnt/ssd1/wesley/BusEnv/logs/itrpo_run117.log
✅ [worker 2] matrpo (run119) concluído
🚀 [worker 2] lançando: matrpo (run120) -> /mnt/ssd1/wesley/BusEnv/logs/matrpo_run120.log
✅ [worker 1] ippo (run119) concluído
🚀 [worker 1] lançando: ippo (run120) -> /mnt/ssd1/wesley/BusEnv/logs/ippo_run120.log
✅ [worker 3] itrpo (run117) concluído
🚀 [worker 3] lançando: itrpo (run118) -> /mnt/ssd1/wesley/BusEnv/logs/itrpo_run118.log
✅ [worker 2] matrpo (run120) concluído
🚀 [worker 2] lançando: matrpo (run121) -> /mnt/ssd1/wesley/BusEnv/logs/matrpo_run121.log
✅ [worker 1] ippo (run120) concluído
🏁 [worker 1] terminou TODAS as 5 runs de 'ippo'. Buscando próximo algoritmo...
🧵 [worker 1] pegou algoritmo 'ia2c' (posição 6) — 5 runs em sequência
🚀 [worker 1] lançando: ia2c (run140) -> /mnt/ssd1/wesley/BusEnv/logs/ia2c_run140.log
✅ [worker 3] itrpo (run118) concluído
🚀 [worker 3] lançando: itrpo (run119) -> /mnt/ssd1/wesley/BusEnv/logs/itrpo_run119.log
✅ [worker 2] matrpo (run121) concluído
🚀 [worker 2] lançando: matrpo (run122) -> /mnt/ssd1/wesley/BusEnv/logs/matrpo_run122.log
✅ [worker 1] ia2c (run140) concluído
🚀 [worker 1] lançando: ia2c (run141) -> /mnt/ssd1/wesley/BusEnv/logs/ia2c_run141.log
✅ [worker 3] itrpo (run119) concluído
🏁 [worker 3] terminou TODAS as 5 runs de 'itrpo'. Buscando próximo algoritmo...
🧵 [worker 3] pegou algoritmo 'maa2c' (posição 7) — 5 runs em sequência
🚀 [worker 3] lançando: maa2c (run149) -> /mnt/ssd1/wesley/BusEnv/logs/maa2c_run149.log
✅ [worker 2] matrpo (run122) concluído
🚀 [worker 2] lançando: matrpo (run123) -> /mnt/ssd1/wesley/BusEnv/logs/matrpo_run123.log
✅ [worker 1] ia2c (run141) concluído
🚀 [worker 1] lançando: ia2c (run142) -> /mnt/ssd1/wesley/BusEnv/logs/ia2c_run142.log
✅ [worker 3] maa2c (run149) concluído
🚀 [worker 3] lançando: maa2c (run150) -> /mnt/ssd1/wesley/BusEnv/logs/maa2c_run150.log
✅ [worker 1] ia2c (run142) concluído
🚀 [worker 1] lançando: ia2c (run143) -> /mnt/ssd1/wesley/BusEnv/logs/ia2c_run143.log
✅ [worker 2] matrpo (run123) concluído
🏁 [worker 2] terminou TODAS as 5 runs de 'matrpo'. Buscando próximo algoritmo...
🧵 [worker 2] pegou algoritmo 'mappo' (posição 8) — 5 runs em sequência
🚀 [worker 2] lançando: mappo (run159) -> /mnt/ssd1/wesley/BusEnv/logs/mappo_run159.log
✅ [worker 3] maa2c (run150) concluído
🚀 [worker 3] lançando: maa2c (run151) -> /mnt/ssd1/wesley/BusEnv/logs/maa2c_run151.log
✅ [worker 1] ia2c (run143) concluído
🚀 [worker 1] lançando: ia2c (run144) -> /mnt/ssd1/wesley/BusEnv/logs/ia2c_run144.log
✅ [worker 2] mappo (run159) concluído
🚀 [worker 2] lançando: mappo (run160) -> /mnt/ssd1/wesley/BusEnv/logs/mappo_run160.log
✅ [worker 1] ia2c (run144) concluído
🏁 [worker 1] terminou TODAS as 5 runs de 'ia2c'. Buscando próximo algoritmo...
🧵 [worker 1] fila esgotada, encerrando.
✅ [worker 3] maa2c (run151) concluído
🚀 [worker 3] lançando: maa2c (run152) -> /mnt/ssd1/wesley/BusEnv/logs/maa2c_run152.log
✅ [worker 2] mappo (run160) concluído
🚀 [worker 2] lançando: mappo (run161) -> /mnt/ssd1/wesley/BusEnv/logs/mappo_run161.log
✅ [worker 3] maa2c (run152) concluído
🚀 [worker 3] lançando: maa2c (run153) -> /mnt/ssd1/wesley/BusEnv/logs/maa2c_run153.log
✅ [worker 3] maa2c (run153) concluído
🏁 [worker 3] terminou TODAS as 5 runs de 'maa2c'. Buscando próximo algoritmo...
🧵 [worker 3] fila esgotada, encerrando.
✅ [worker 2] mappo (run161) concluído
🚀 [worker 2] lançando: mappo (run162) -> /mnt/ssd1/wesley/BusEnv/logs/mappo_run162.log
✅ [worker 2] mappo (run162) concluído
🚀 [worker 2] lançando: mappo (run163) -> /mnt/ssd1/wesley/BusEnv/logs/mappo_run163.log
✅ [worker 2] mappo (run163) concluído
🏁 [worker 2] terminou TODAS as 5 runs de 'mappo'. Buscando próximo algoritmo...
🧵 [worker 2] fila esgotada, encerrando.
🏁 Todos os algoritmos (9) x 5 runs foram concluídos!
📄 Logs: /mnt/ssd1/wesley/BusEnv/logs
🌱 CodeCarbon CSV: /mnt/ssd1/wesley/BusEnv/codecarbon/emissions.csv (por padrão)
📋 Fila: 9 algoritmo(s) | 5 runs cada | 3 vaga(s) simultânea(s)
🧵 [worker 1] pegou algoritmo 'coma' (posição 0) — 5 runs em sequência
🚀 [worker 1] lançando: coma (run73) -> /mnt/ssd1/wesley/BusEnv/logs/coma_run73.log
🧵 [worker 2] pegou algoritmo 'happo' (posição 1) — 5 runs em sequência
🚀 [worker 2] lançando: happo (run121) -> /mnt/ssd1/wesley/BusEnv/logs/happo_run121.log
🧵 [worker 3] pegou algoritmo 'hatrpo' (posição 2) — 5 runs em sequência
🚀 [worker 3] lançando: hatrpo (run116) -> /mnt/ssd1/wesley/BusEnv/logs/hatrpo_run116.log
✅ [worker 1] coma (run73) concluído
🚀 [worker 1] lançando: coma (run74) -> /mnt/ssd1/wesley/BusEnv/logs/coma_run74.log
✅ [worker 3] hatrpo (run116) concluído
🚀 [worker 3] lançando: hatrpo (run117) -> /mnt/ssd1/wesley/BusEnv/logs/hatrpo_run117.log
✅ [worker 2] happo (run121) concluído
🚀 [worker 2] lançando: happo (run122) -> /mnt/ssd1/wesley/BusEnv/logs/happo_run122.log
✅ [worker 1] coma (run74) concluído
🚀 [worker 1] lançando: coma (run75) -> /mnt/ssd1/wesley/BusEnv/logs/coma_run75.log
✅ [worker 3] hatrpo (run117) concluído
🚀 [worker 3] lançando: hatrpo (run118) -> /mnt/ssd1/wesley/BusEnv/logs/hatrpo_run118.log
✅ [worker 1] coma (run75) concluído
🚀 [worker 1] lançando: coma (run76) -> /mnt/ssd1/wesley/BusEnv/logs/coma_run76.log
✅ [worker 2] happo (run122) concluído
🚀 [worker 2] lançando: happo (run123) -> /mnt/ssd1/wesley/BusEnv/logs/happo_run123.log
✅ [worker 3] hatrpo (run118) concluído
🚀 [worker 3] lançando: hatrpo (run119) -> /mnt/ssd1/wesley/BusEnv/logs/hatrpo_run119.log
✅ [worker 1] coma (run76) concluído
🚀 [worker 1] lançando: coma (run77) -> /mnt/ssd1/wesley/BusEnv/logs/coma_run77.log
✅ [worker 2] happo (run123) concluído
🚀 [worker 2] lançando: happo (run124) -> /mnt/ssd1/wesley/BusEnv/logs/happo_run124.log
✅ [worker 1] coma (run77) concluído
🏁 [worker 1] terminou TODAS as 5 runs de 'coma'. Buscando próximo algoritmo...
🧵 [worker 1] pegou algoritmo 'ippo' (posição 3) — 5 runs em sequência
🚀 [worker 1] lançando: ippo (run121) -> /mnt/ssd1/wesley/BusEnv/logs/ippo_run121.log
✅ [worker 3] hatrpo (run119) concluído
🚀 [worker 3] lançando: hatrpo (run120) -> /mnt/ssd1/wesley/BusEnv/logs/hatrpo_run120.log
✅ [worker 1] ippo (run121) concluído
🚀 [worker 1] lançando: ippo (run122) -> /mnt/ssd1/wesley/BusEnv/logs/ippo_run122.log
✅ [worker 2] happo (run124) concluído
🚀 [worker 2] lançando: happo (run125) -> /mnt/ssd1/wesley/BusEnv/logs/happo_run125.log
✅ [worker 3] hatrpo (run120) concluído
🏁 [worker 3] terminou TODAS as 5 runs de 'hatrpo'. Buscando próximo algoritmo...
🧵 [worker 3] pegou algoritmo 'itrpo' (posição 4) — 5 runs em sequência
🚀 [worker 3] lançando: itrpo (run120) -> /mnt/ssd1/wesley/BusEnv/logs/itrpo_run120.log
✅ [worker 1] ippo (run122) concluído
🚀 [worker 1] lançando: ippo (run123) -> /mnt/ssd1/wesley/BusEnv/logs/ippo_run123.log
✅ [worker 2] happo (run125) concluído
🏁 [worker 2] terminou TODAS as 5 runs de 'happo'. Buscando próximo algoritmo...
🧵 [worker 2] pegou algoritmo 'matrpo' (posição 5) — 5 runs em sequência
🚀 [worker 2] lançando: matrpo (run124) -> /mnt/ssd1/wesley/BusEnv/logs/matrpo_run124.log
✅ [worker 3] itrpo (run120) concluído
🚀 [worker 3] lançando: itrpo (run121) -> /mnt/ssd1/wesley/BusEnv/logs/itrpo_run121.log
✅ [worker 1] ippo (run123) concluído
🚀 [worker 1] lançando: ippo (run124) -> /mnt/ssd1/wesley/BusEnv/logs/ippo_run124.log
✅ [worker 2] matrpo (run124) concluído
🚀 [worker 2] lançando: matrpo (run125) -> /mnt/ssd1/wesley/BusEnv/logs/matrpo_run125.log
✅ [worker 3] itrpo (run121) concluído
🚀 [worker 3] lançando: itrpo (run122) -> /mnt/ssd1/wesley/BusEnv/logs/itrpo_run122.log
✅ [worker 1] ippo (run124) concluído
🚀 [worker 1] lançando: ippo (run125) -> /mnt/ssd1/wesley/BusEnv/logs/ippo_run125.log
✅ [worker 2] matrpo (run125) concluído
🚀 [worker 2] lançando: matrpo (run126) -> /mnt/ssd1/wesley/BusEnv/logs/matrpo_run126.log
✅ [worker 3] itrpo (run122) concluído
🚀 [worker 3] lançando: itrpo (run123) -> /mnt/ssd1/wesley/BusEnv/logs/itrpo_run123.log
✅ [worker 1] ippo (run125) concluído
🏁 [worker 1] terminou TODAS as 5 runs de 'ippo'. Buscando próximo algoritmo...
🧵 [worker 1] pegou algoritmo 'ia2c' (posição 6) — 5 runs em sequência
🚀 [worker 1] lançando: ia2c (run145) -> /mnt/ssd1/wesley/BusEnv/logs/ia2c_run145.log
📋 Fila: 3 algoritmo(s) | 5 runs cada | 3 vaga(s) simultânea(s)
🧵 [worker 1] pegou algoritmo 'ia2c' (posição 0) — 5 runs em sequência
🚀 [worker 1] lançando: ia2c (run146) -> /mnt/ssd1/wesley/BusEnv/logs/ia2c_run146.log
🧵 [worker 2] pegou algoritmo 'maa2c' (posição 1) — 5 runs em sequência
🚀 [worker 2] lançando: maa2c (run154) -> /mnt/ssd1/wesley/BusEnv/logs/maa2c_run154.log
🧵 [worker 3] pegou algoritmo 'mappo' (posição 2) — 5 runs em sequência
🚀 [worker 3] lançando: mappo (run164) -> /mnt/ssd1/wesley/BusEnv/logs/mappo_run164.log
✅ [worker 1] ia2c (run146) concluído
🚀 [worker 1] lançando: ia2c (run147) -> /mnt/ssd1/wesley/BusEnv/logs/ia2c_run147.log
✅ [worker 2] maa2c (run154) concluído
🚀 [worker 2] lançando: maa2c (run155) -> /mnt/ssd1/wesley/BusEnv/logs/maa2c_run155.log
✅ [worker 3] mappo (run164) concluído
🚀 [worker 3] lançando: mappo (run165) -> /mnt/ssd1/wesley/BusEnv/logs/mappo_run165.log
✅ [worker 1] ia2c (run147) concluído
🚀 [worker 1] lançando: ia2c (run148) -> /mnt/ssd1/wesley/BusEnv/logs/ia2c_run148.log
✅ [worker 2] maa2c (run155) concluído
🚀 [worker 2] lançando: maa2c (run156) -> /mnt/ssd1/wesley/BusEnv/logs/maa2c_run156.log
✅ [worker 3] mappo (run165) concluído
🚀 [worker 3] lançando: mappo (run166) -> /mnt/ssd1/wesley/BusEnv/logs/mappo_run166.log
✅ [worker 1] ia2c (run148) concluído
🚀 [worker 1] lançando: ia2c (run149) -> /mnt/ssd1/wesley/BusEnv/logs/ia2c_run149.log
✅ [worker 2] maa2c (run156) concluído
🚀 [worker 2] lançando: maa2c (run157) -> /mnt/ssd1/wesley/BusEnv/logs/maa2c_run157.log
✅ [worker 3] mappo (run166) concluído
🚀 [worker 3] lançando: mappo (run167) -> /mnt/ssd1/wesley/BusEnv/logs/mappo_run167.log
✅ [worker 1] ia2c (run149) concluído
🚀 [worker 1] lançando: ia2c (run150) -> /mnt/ssd1/wesley/BusEnv/logs/ia2c_run150.log
✅ [worker 2] maa2c (run157) concluído
🚀 [worker 2] lançando: maa2c (run158) -> /mnt/ssd1/wesley/BusEnv/logs/maa2c_run158.log
✅ [worker 1] ia2c (run150) concluído
🏁 [worker 1] terminou TODAS as 5 runs de 'ia2c'. Buscando próximo algoritmo...
🧵 [worker 1] fila esgotada, encerrando.
✅ [worker 2] maa2c (run158) concluído
🏁 [worker 2] terminou TODAS as 5 runs de 'maa2c'. Buscando próximo algoritmo...
🧵 [worker 2] fila esgotada, encerrando.
✅ [worker 3] mappo (run167) concluído
🚀 [worker 3] lançando: mappo (run168) -> /mnt/ssd1/wesley/BusEnv/logs/mappo_run168.log
✅ [worker 3] mappo (run168) concluído
🏁 [worker 3] terminou TODAS as 5 runs de 'mappo'. Buscando próximo algoritmo...
🧵 [worker 3] fila esgotada, encerrando.
🏁 Todos os algoritmos (3) x 5 runs foram concluídos!
📄 Logs: /mnt/ssd1/wesley/BusEnv/logs
🌱 CodeCarbon CSV: /mnt/ssd1/wesley/BusEnv/codecarbon/emissions.csv (por padrão)
📋 Fila: 9 algoritmo(s) | 5 runs cada | 3 vaga(s) simultânea(s)
🧵 [worker 1] pegou algoritmo 'coma' (posição 0) — 5 runs em sequência
🚀 [worker 1] lançando: coma (run78) -> /mnt/ssd1/wesley/BusEnv/logs/coma_run78.log
🧵 [worker 2] pegou algoritmo 'happo' (posição 1) — 5 runs em sequência
🚀 [worker 2] lançando: happo (run126) -> /mnt/ssd1/wesley/BusEnv/logs/happo_run126.log
🧵 [worker 3] pegou algoritmo 'hatrpo' (posição 2) — 5 runs em sequência
🚀 [worker 3] lançando: hatrpo (run121) -> /mnt/ssd1/wesley/BusEnv/logs/hatrpo_run121.log
✅ [worker 1] coma (run78) concluído
🚀 [worker 1] lançando: coma (run79) -> /mnt/ssd1/wesley/BusEnv/logs/coma_run79.log
✅ [worker 3] hatrpo (run121) concluído
🚀 [worker 3] lançando: hatrpo (run122) -> /mnt/ssd1/wesley/BusEnv/logs/hatrpo_run122.log
✅ [worker 2] happo (run126) concluído
🚀 [worker 2] lançando: happo (run127) -> /mnt/ssd1/wesley/BusEnv/logs/happo_run127.log
✅ [worker 1] coma (run79) concluído
🚀 [worker 1] lançando: coma (run80) -> /mnt/ssd1/wesley/BusEnv/logs/coma_run80.log
✅ [worker 3] hatrpo (run122) concluído
🚀 [worker 3] lançando: hatrpo (run123) -> /mnt/ssd1/wesley/BusEnv/logs/hatrpo_run123.log
✅ [worker 1] coma (run80) concluído
🚀 [worker 1] lançando: coma (run81) -> /mnt/ssd1/wesley/BusEnv/logs/coma_run81.log
✅ [worker 2] happo (run127) concluído
🚀 [worker 2] lançando: happo (run128) -> /mnt/ssd1/wesley/BusEnv/logs/happo_run128.log
✅ [worker 3] hatrpo (run123) concluído
🚀 [worker 3] lançando: hatrpo (run124) -> /mnt/ssd1/wesley/BusEnv/logs/hatrpo_run124.log
✅ [worker 1] coma (run81) concluído
🚀 [worker 1] lançando: coma (run82) -> /mnt/ssd1/wesley/BusEnv/logs/coma_run82.log
✅ [worker 2] happo (run128) concluído
🚀 [worker 2] lançando: happo (run129) -> /mnt/ssd1/wesley/BusEnv/logs/happo_run129.log
✅ [worker 1] coma (run82) concluído
🏁 [worker 1] terminou TODAS as 5 runs de 'coma'. Buscando próximo algoritmo...
🧵 [worker 1] pegou algoritmo 'ippo' (posição 3) — 5 runs em sequência
🚀 [worker 1] lançando: ippo (run126) -> /mnt/ssd1/wesley/BusEnv/logs/ippo_run126.log
✅ [worker 3] hatrpo (run124) concluído
🚀 [worker 3] lançando: hatrpo (run125) -> /mnt/ssd1/wesley/BusEnv/logs/hatrpo_run125.log
✅ [worker 1] ippo (run126) concluído
🚀 [worker 1] lançando: ippo (run127) -> /mnt/ssd1/wesley/BusEnv/logs/ippo_run127.log
✅ [worker 2] happo (run129) concluído
🚀 [worker 2] lançando: happo (run130) -> /mnt/ssd1/wesley/BusEnv/logs/happo_run130.log
✅ [worker 3] hatrpo (run125) concluído
🏁 [worker 3] terminou TODAS as 5 runs de 'hatrpo'. Buscando próximo algoritmo...
🧵 [worker 3] pegou algoritmo 'itrpo' (posição 4) — 5 runs em sequência
🚀 [worker 3] lançando: itrpo (run124) -> /mnt/ssd1/wesley/BusEnv/logs/itrpo_run124.log
✅ [worker 1] ippo (run127) concluído
🚀 [worker 1] lançando: ippo (run128) -> /mnt/ssd1/wesley/BusEnv/logs/ippo_run128.log
✅ [worker 3] itrpo (run124) concluído
🚀 [worker 3] lançando: itrpo (run125) -> /mnt/ssd1/wesley/BusEnv/logs/itrpo_run125.log
✅ [worker 2] happo (run130) concluído
🏁 [worker 2] terminou TODAS as 5 runs de 'happo'. Buscando próximo algoritmo...
🧵 [worker 2] pegou algoritmo 'matrpo' (posição 5) — 5 runs em sequência
🚀 [worker 2] lançando: matrpo (run127) -> /mnt/ssd1/wesley/BusEnv/logs/matrpo_run127.log
✅ [worker 1] ippo (run128) concluído
🚀 [worker 1] lançando: ippo (run129) -> /mnt/ssd1/wesley/BusEnv/logs/ippo_run129.log
✅ [worker 3] itrpo (run125) concluído
🚀 [worker 3] lançando: itrpo (run126) -> /mnt/ssd1/wesley/BusEnv/logs/itrpo_run126.log
✅ [worker 2] matrpo (run127) concluído
🚀 [worker 2] lançando: matrpo (run128) -> /mnt/ssd1/wesley/BusEnv/logs/matrpo_run128.log
✅ [worker 1] ippo (run129) concluído
🚀 [worker 1] lançando: ippo (run130) -> /mnt/ssd1/wesley/BusEnv/logs/ippo_run130.log
✅ [worker 3] itrpo (run126) concluído
🚀 [worker 3] lançando: itrpo (run127) -> /mnt/ssd1/wesley/BusEnv/logs/itrpo_run127.log
✅ [worker 2] matrpo (run128) concluído
🚀 [worker 2] lançando: matrpo (run129) -> /mnt/ssd1/wesley/BusEnv/logs/matrpo_run129.log
✅ [worker 1] ippo (run130) concluído
🏁 [worker 1] terminou TODAS as 5 runs de 'ippo'. Buscando próximo algoritmo...
🧵 [worker 1] pegou algoritmo 'ia2c' (posição 6) — 5 runs em sequência
🚀 [worker 1] lançando: ia2c (run151) -> /mnt/ssd1/wesley/BusEnv/logs/ia2c_run151.log
✅ [worker 3] itrpo (run127) concluído
🚀 [worker 3] lançando: itrpo (run128) -> /mnt/ssd1/wesley/BusEnv/logs/itrpo_run128.log
✅ [worker 2] matrpo (run129) concluído
🚀 [worker 2] lançando: matrpo (run130) -> /mnt/ssd1/wesley/BusEnv/logs/matrpo_run130.log
✅ [worker 1] ia2c (run151) concluído
🚀 [worker 1] lançando: ia2c (run152) -> /mnt/ssd1/wesley/BusEnv/logs/ia2c_run152.log
✅ [worker 1] ia2c (run152) concluído
🚀 [worker 1] lançando: ia2c (run153) -> /mnt/ssd1/wesley/BusEnv/logs/ia2c_run153.log
✅ [worker 3] itrpo (run128) concluído
🏁 [worker 3] terminou TODAS as 5 runs de 'itrpo'. Buscando próximo algoritmo...
🧵 [worker 3] pegou algoritmo 'maa2c' (posição 7) — 5 runs em sequência
🚀 [worker 3] lançando: maa2c (run159) -> /mnt/ssd1/wesley/BusEnv/logs/maa2c_run159.log
✅ [worker 2] matrpo (run130) concluído
🚀 [worker 2] lançando: matrpo (run131) -> /mnt/ssd1/wesley/BusEnv/logs/matrpo_run131.log
✅ [worker 1] ia2c (run153) concluído
🚀 [worker 1] lançando: ia2c (run154) -> /mnt/ssd1/wesley/BusEnv/logs/ia2c_run154.log
✅ [worker 3] maa2c (run159) concluído
🚀 [worker 3] lançando: maa2c (run160) -> /mnt/ssd1/wesley/BusEnv/logs/maa2c_run160.log
✅ [worker 2] matrpo (run131) concluído
🏁 [worker 2] terminou TODAS as 5 runs de 'matrpo'. Buscando próximo algoritmo...
🧵 [worker 2] pegou algoritmo 'mappo' (posição 8) — 5 runs em sequência
🚀 [worker 2] lançando: mappo (run169) -> /mnt/ssd1/wesley/BusEnv/logs/mappo_run169.log
✅ [worker 1] ia2c (run154) concluído
🚀 [worker 1] lançando: ia2c (run155) -> /mnt/ssd1/wesley/BusEnv/logs/ia2c_run155.log
✅ [worker 3] maa2c (run160) concluído
🚀 [worker 3] lançando: maa2c (run161) -> /mnt/ssd1/wesley/BusEnv/logs/maa2c_run161.log
✅ [worker 2] mappo (run169) concluído
🚀 [worker 2] lançando: mappo (run170) -> /mnt/ssd1/wesley/BusEnv/logs/mappo_run170.log
✅ [worker 1] ia2c (run155) concluído
🏁 [worker 1] terminou TODAS as 5 runs de 'ia2c'. Buscando próximo algoritmo...
🧵 [worker 1] fila esgotada, encerrando.
✅ [worker 3] maa2c (run161) concluído
🚀 [worker 3] lançando: maa2c (run162) -> /mnt/ssd1/wesley/BusEnv/logs/maa2c_run162.log
✅ [worker 3] maa2c (run162) concluído
🚀 [worker 3] lançando: maa2c (run163) -> /mnt/ssd1/wesley/BusEnv/logs/maa2c_run163.log
✅ [worker 2] mappo (run170) concluído
🚀 [worker 2] lançando: mappo (run171) -> /mnt/ssd1/wesley/BusEnv/logs/mappo_run171.log
✅ [worker 3] maa2c (run163) concluído
🏁 [worker 3] terminou TODAS as 5 runs de 'maa2c'. Buscando próximo algoritmo...
🧵 [worker 3] fila esgotada, encerrando.
✅ [worker 2] mappo (run171) concluído
🚀 [worker 2] lançando: mappo (run172) -> /mnt/ssd1/wesley/BusEnv/logs/mappo_run172.log
✅ [worker 2] mappo (run172) concluído
🚀 [worker 2] lançando: mappo (run173) -> /mnt/ssd1/wesley/BusEnv/logs/mappo_run173.log
✅ [worker 2] mappo (run173) concluído
🏁 [worker 2] terminou TODAS as 5 runs de 'mappo'. Buscando próximo algoritmo...
🧵 [worker 2] fila esgotada, encerrando.
🏁 Todos os algoritmos (9) x 5 runs foram concluídos!
📄 Logs: /mnt/ssd1/wesley/BusEnv/logs
🌱 CodeCarbon CSV: /mnt/ssd1/wesley/BusEnv/codecarbon/emissions.csv (por padrão)
📋 Fila: 9 algoritmo(s) | 5 runs cada | 3 vaga(s) simultânea(s)
🧵 [worker 1] pegou algoritmo 'coma' (posição 0) — 5 runs em sequência
🚀 [worker 1] lançando: coma (run83) -> /mnt/ssd1/wesley/BusEnv/logs/coma_run83.log
🧵 [worker 2] pegou algoritmo 'happo' (posição 1) — 5 runs em sequência
🚀 [worker 2] lançando: happo (run131) -> /mnt/ssd1/wesley/BusEnv/logs/happo_run131.log
🧵 [worker 3] pegou algoritmo 'hatrpo' (posição 2) — 5 runs em sequência
🚀 [worker 3] lançando: hatrpo (run126) -> /mnt/ssd1/wesley/BusEnv/logs/hatrpo_run126.log
✅ [worker 1] coma (run83) concluído
🚀 [worker 1] lançando: coma (run84) -> /mnt/ssd1/wesley/BusEnv/logs/coma_run84.log
✅ [worker 3] hatrpo (run126) concluído
🚀 [worker 3] lançando: hatrpo (run127) -> /mnt/ssd1/wesley/BusEnv/logs/hatrpo_run127.log
✅ [worker 2] happo (run131) concluído
🚀 [worker 2] lançando: happo (run132) -> /mnt/ssd1/wesley/BusEnv/logs/happo_run132.log
✅ [worker 1] coma (run84) concluído
🚀 [worker 1] lançando: coma (run85) -> /mnt/ssd1/wesley/BusEnv/logs/coma_run85.log
✅ [worker 3] hatrpo (run127) concluído
🚀 [worker 3] lançando: hatrpo (run128) -> /mnt/ssd1/wesley/BusEnv/logs/hatrpo_run128.log
✅ [worker 2] happo (run132) concluído
🚀 [worker 2] lançando: happo (run133) -> /mnt/ssd1/wesley/BusEnv/logs/happo_run133.log
✅ [worker 1] coma (run85) concluído
🚀 [worker 1] lançando: coma (run86) -> /mnt/ssd1/wesley/BusEnv/logs/coma_run86.log
✅ [worker 1] coma (run86) concluído
🚀 [worker 1] lançando: coma (run87) -> /mnt/ssd1/wesley/BusEnv/logs/coma_run87.log
✅ [worker 3] hatrpo (run128) concluído
🚀 [worker 3] lançando: hatrpo (run129) -> /mnt/ssd1/wesley/BusEnv/logs/hatrpo_run129.log
✅ [worker 2] happo (run133) concluído
🚀 [worker 2] lançando: happo (run134) -> /mnt/ssd1/wesley/BusEnv/logs/happo_run134.log
✅ [worker 1] coma (run87) concluído
🏁 [worker 1] terminou TODAS as 5 runs de 'coma'. Buscando próximo algoritmo...
🧵 [worker 1] pegou algoritmo 'ippo' (posição 3) — 5 runs em sequência
🚀 [worker 1] lançando: ippo (run131) -> /mnt/ssd1/wesley/BusEnv/logs/ippo_run131.log
✅ [worker 3] hatrpo (run129) concluído
🚀 [worker 3] lançando: hatrpo (run130) -> /mnt/ssd1/wesley/BusEnv/logs/hatrpo_run130.log
✅ [worker 2] happo (run134) concluído
🚀 [worker 2] lançando: happo (run135) -> /mnt/ssd1/wesley/BusEnv/logs/happo_run135.log
✅ [worker 1] ippo (run131) concluído
🚀 [worker 1] lançando: ippo (run132) -> /mnt/ssd1/wesley/BusEnv/logs/ippo_run132.log
✅ [worker 3] hatrpo (run130) concluído
🏁 [worker 3] terminou TODAS as 5 runs de 'hatrpo'. Buscando próximo algoritmo...
🧵 [worker 3] pegou algoritmo 'itrpo' (posição 4) — 5 runs em sequência
🚀 [worker 3] lançando: itrpo (run129) -> /mnt/ssd1/wesley/BusEnv/logs/itrpo_run129.log
✅ [worker 1] ippo (run132) concluído
🚀 [worker 1] lançando: ippo (run133) -> /mnt/ssd1/wesley/BusEnv/logs/ippo_run133.log
✅ [worker 2] happo (run135) concluído
🏁 [worker 2] terminou TODAS as 5 runs de 'happo'. Buscando próximo algoritmo...
🧵 [worker 2] pegou algoritmo 'matrpo' (posição 5) — 5 runs em sequência
🚀 [worker 2] lançando: matrpo (run132) -> /mnt/ssd1/wesley/BusEnv/logs/matrpo_run132.log
✅ [worker 3] itrpo (run129) concluído
🚀 [worker 3] lançando: itrpo (run130) -> /mnt/ssd1/wesley/BusEnv/logs/itrpo_run130.log
✅ [worker 1] ippo (run133) concluído
🚀 [worker 1] lançando: ippo (run134) -> /mnt/ssd1/wesley/BusEnv/logs/ippo_run134.log
✅ [worker 2] matrpo (run132) concluído
🚀 [worker 2] lançando: matrpo (run133) -> /mnt/ssd1/wesley/BusEnv/logs/matrpo_run133.log
✅ [worker 3] itrpo (run130) concluído
🚀 [worker 3] lançando: itrpo (run131) -> /mnt/ssd1/wesley/BusEnv/logs/itrpo_run131.log
✅ [worker 1] ippo (run134) concluído
🚀 [worker 1] lançando: ippo (run135) -> /mnt/ssd1/wesley/BusEnv/logs/ippo_run135.log
✅ [worker 2] matrpo (run133) concluído
🚀 [worker 2] lançando: matrpo (run134) -> /mnt/ssd1/wesley/BusEnv/logs/matrpo_run134.log
✅ [worker 3] itrpo (run131) concluído
🚀 [worker 3] lançando: itrpo (run132) -> /mnt/ssd1/wesley/BusEnv/logs/itrpo_run132.log
✅ [worker 1] ippo (run135) concluído
🏁 [worker 1] terminou TODAS as 5 runs de 'ippo'. Buscando próximo algoritmo...
🧵 [worker 1] pegou algoritmo 'ia2c' (posição 6) — 5 runs em sequência
🚀 [worker 1] lançando: ia2c (run156) -> /mnt/ssd1/wesley/BusEnv/logs/ia2c_run156.log
✅ [worker 2] matrpo (run134) concluído
🚀 [worker 2] lançando: matrpo (run135) -> /mnt/ssd1/wesley/BusEnv/logs/matrpo_run135.log
✅ [worker 3] itrpo (run132) concluído
🚀 [worker 3] lançando: itrpo (run133) -> /mnt/ssd1/wesley/BusEnv/logs/itrpo_run133.log
✅ [worker 1] ia2c (run156) concluído
🚀 [worker 1] lançando: ia2c (run157) -> /mnt/ssd1/wesley/BusEnv/logs/ia2c_run157.log
✅ [worker 2] matrpo (run135) concluído
🚀 [worker 2] lançando: matrpo (run136) -> /mnt/ssd1/wesley/BusEnv/logs/matrpo_run136.log
✅ [worker 1] ia2c (run157) concluído
🚀 [worker 1] lançando: ia2c (run158) -> /mnt/ssd1/wesley/BusEnv/logs/ia2c_run158.log
✅ [worker 3] itrpo (run133) concluído
🏁 [worker 3] terminou TODAS as 5 runs de 'itrpo'. Buscando próximo algoritmo...
🧵 [worker 3] pegou algoritmo 'maa2c' (posição 7) — 5 runs em sequência
🚀 [worker 3] lançando: maa2c (run164) -> /mnt/ssd1/wesley/BusEnv/logs/maa2c_run164.log
✅ [worker 1] ia2c (run158) concluído
🚀 [worker 1] lançando: ia2c (run159) -> /mnt/ssd1/wesley/BusEnv/logs/ia2c_run159.log
✅ [worker 2] matrpo (run136) concluído
🏁 [worker 2] terminou TODAS as 5 runs de 'matrpo'. Buscando próximo algoritmo...
🧵 [worker 2] pegou algoritmo 'mappo' (posição 8) — 5 runs em sequência
🚀 [worker 2] lançando: mappo (run174) -> /mnt/ssd1/wesley/BusEnv/logs/mappo_run174.log
✅ [worker 3] maa2c (run164) concluído
🚀 [worker 3] lançando: maa2c (run165) -> /mnt/ssd1/wesley/BusEnv/logs/maa2c_run165.log
✅ [worker 1] ia2c (run159) concluído
🚀 [worker 1] lançando: ia2c (run160) -> /mnt/ssd1/wesley/BusEnv/logs/ia2c_run160.log
✅ [worker 2] mappo (run174) concluído
🚀 [worker 2] lançando: mappo (run175) -> /mnt/ssd1/wesley/BusEnv/logs/mappo_run175.log
✅ [worker 3] maa2c (run165) concluído
🚀 [worker 3] lançando: maa2c (run166) -> /mnt/ssd1/wesley/BusEnv/logs/maa2c_run166.log
✅ [worker 1] ia2c (run160) concluído
🏁 [worker 1] terminou TODAS as 5 runs de 'ia2c'. Buscando próximo algoritmo...
🧵 [worker 1] fila esgotada, encerrando.
✅ [worker 3] maa2c (run166) concluído
🚀 [worker 3] lançando: maa2c (run167) -> /mnt/ssd1/wesley/BusEnv/logs/maa2c_run167.log
✅ [worker 2] mappo (run175) concluído
🚀 [worker 2] lançando: mappo (run176) -> /mnt/ssd1/wesley/BusEnv/logs/mappo_run176.log
✅ [worker 3] maa2c (run167) concluído
🚀 [worker 3] lançando: maa2c (run168) -> /mnt/ssd1/wesley/BusEnv/logs/maa2c_run168.log
✅ [worker 2] mappo (run176) concluído
🚀 [worker 2] lançando: mappo (run177) -> /mnt/ssd1/wesley/BusEnv/logs/mappo_run177.log
✅ [worker 3] maa2c (run168) concluído
🏁 [worker 3] terminou TODAS as 5 runs de 'maa2c'. Buscando próximo algoritmo...
🧵 [worker 3] fila esgotada, encerrando.
✅ [worker 2] mappo (run177) concluído
🚀 [worker 2] lançando: mappo (run178) -> /mnt/ssd1/wesley/BusEnv/logs/mappo_run178.log
✅ [worker 2] mappo (run178) concluído
🏁 [worker 2] terminou TODAS as 5 runs de 'mappo'. Buscando próximo algoritmo...
🧵 [worker 2] fila esgotada, encerrando.
🏁 Todos os algoritmos (9) x 5 runs foram concluídos!
📄 Logs: /mnt/ssd1/wesley/BusEnv/logs
🌱 CodeCarbon CSV: /mnt/ssd1/wesley/BusEnv/codecarbon/emissions.csv (por padrão)
📋 Fila: 9 algoritmo(s) | 5 runs cada | 3 vaga(s) simultânea(s)
🧵 [worker 1] pegou algoritmo 'coma' (posição 0) — 5 runs em sequência
🚀 [worker 1] lançando: coma (run88) -> /mnt/ssd1/wesley/BusEnv/logs/coma_run88.log
🧵 [worker 2] pegou algoritmo 'happo' (posição 1) — 5 runs em sequência
🚀 [worker 2] lançando: happo (run136) -> /mnt/ssd1/wesley/BusEnv/logs/happo_run136.log
🧵 [worker 3] pegou algoritmo 'hatrpo' (posição 2) — 5 runs em sequência
🚀 [worker 3] lançando: hatrpo (run131) -> /mnt/ssd1/wesley/BusEnv/logs/hatrpo_run131.log
✅ [worker 1] coma (run88) concluído
🚀 [worker 1] lançando: coma (run89) -> /mnt/ssd1/wesley/BusEnv/logs/coma_run89.log
✅ [worker 3] hatrpo (run131) concluído
🚀 [worker 3] lançando: hatrpo (run132) -> /mnt/ssd1/wesley/BusEnv/logs/hatrpo_run132.log
✅ [worker 2] happo (run136) concluído
🚀 [worker 2] lançando: happo (run137) -> /mnt/ssd1/wesley/BusEnv/logs/happo_run137.log
✅ [worker 1] coma (run89) concluído
🚀 [worker 1] lançando: coma (run90) -> /mnt/ssd1/wesley/BusEnv/logs/coma_run90.log
✅ [worker 3] hatrpo (run132) concluído
🚀 [worker 3] lançando: hatrpo (run133) -> /mnt/ssd1/wesley/BusEnv/logs/hatrpo_run133.log
✅ [worker 2] happo (run137) concluído
🚀 [worker 2] lançando: happo (run138) -> /mnt/ssd1/wesley/BusEnv/logs/happo_run138.log
✅ [worker 1] coma (run90) concluído
🚀 [worker 1] lançando: coma (run91) -> /mnt/ssd1/wesley/BusEnv/logs/coma_run91.log
✅ [worker 3] hatrpo (run133) concluído
🚀 [worker 3] lançando: hatrpo (run134) -> /mnt/ssd1/wesley/BusEnv/logs/hatrpo_run134.log
✅ [worker 1] coma (run91) concluído
🚀 [worker 1] lançando: coma (run92) -> /mnt/ssd1/wesley/BusEnv/logs/coma_run92.log
✅ [worker 2] happo (run138) concluído
🚀 [worker 2] lançando: happo (run139) -> /mnt/ssd1/wesley/BusEnv/logs/happo_run139.log
✅ [worker 3] hatrpo (run134) concluído
🚀 [worker 3] lançando: hatrpo (run135) -> /mnt/ssd1/wesley/BusEnv/logs/hatrpo_run135.log
✅ [worker 1] coma (run92) concluído
🏁 [worker 1] terminou TODAS as 5 runs de 'coma'. Buscando próximo algoritmo...
🧵 [worker 1] pegou algoritmo 'ippo' (posição 3) — 5 runs em sequência
🚀 [worker 1] lançando: ippo (run136) -> /mnt/ssd1/wesley/BusEnv/logs/ippo_run136.log
✅ [worker 2] happo (run139) concluído
🚀 [worker 2] lançando: happo (run140) -> /mnt/ssd1/wesley/BusEnv/logs/happo_run140.log
✅ [worker 3] hatrpo (run135) concluído
🏁 [worker 3] terminou TODAS as 5 runs de 'hatrpo'. Buscando próximo algoritmo...
🧵 [worker 3] pegou algoritmo 'itrpo' (posição 4) — 5 runs em sequência
🚀 [worker 3] lançando: itrpo (run134) -> /mnt/ssd1/wesley/BusEnv/logs/itrpo_run134.log
✅ [worker 1] ippo (run136) concluído
🚀 [worker 1] lançando: ippo (run137) -> /mnt/ssd1/wesley/BusEnv/logs/ippo_run137.log
✅ [worker 1] ippo (run137) concluído
🚀 [worker 1] lançando: ippo (run138) -> /mnt/ssd1/wesley/BusEnv/logs/ippo_run138.log
✅ [worker 3] itrpo (run134) concluído
🚀 [worker 3] lançando: itrpo (run135) -> /mnt/ssd1/wesley/BusEnv/logs/itrpo_run135.log
✅ [worker 2] happo (run140) concluído
🏁 [worker 2] terminou TODAS as 5 runs de 'happo'. Buscando próximo algoritmo...
🧵 [worker 2] pegou algoritmo 'matrpo' (posição 5) — 5 runs em sequência
🚀 [worker 2] lançando: matrpo (run137) -> /mnt/ssd1/wesley/BusEnv/logs/matrpo_run137.log
✅ [worker 1] ippo (run138) concluído
🚀 [worker 1] lançando: ippo (run139) -> /mnt/ssd1/wesley/BusEnv/logs/ippo_run139.log
✅ [worker 3] itrpo (run135) concluído
🚀 [worker 3] lançando: itrpo (run136) -> /mnt/ssd1/wesley/BusEnv/logs/itrpo_run136.log
✅ [worker 2] matrpo (run137) concluído
🚀 [worker 2] lançando: matrpo (run138) -> /mnt/ssd1/wesley/BusEnv/logs/matrpo_run138.log
✅ [worker 1] ippo (run139) concluído
🚀 [worker 1] lançando: ippo (run140) -> /mnt/ssd1/wesley/BusEnv/logs/ippo_run140.log
✅ [worker 3] itrpo (run136) concluído
🚀 [worker 3] lançando: itrpo (run137) -> /mnt/ssd1/wesley/BusEnv/logs/itrpo_run137.log
✅ [worker 2] matrpo (run138) concluído
🚀 [worker 2] lançando: matrpo (run139) -> /mnt/ssd1/wesley/BusEnv/logs/matrpo_run139.log
✅ [worker 1] ippo (run140) concluído
🏁 [worker 1] terminou TODAS as 5 runs de 'ippo'. Buscando próximo algoritmo...
🧵 [worker 1] pegou algoritmo 'ia2c' (posição 6) — 5 runs em sequência
🚀 [worker 1] lançando: ia2c (run161) -> /mnt/ssd1/wesley/BusEnv/logs/ia2c_run161.log
✅ [worker 3] itrpo (run137) concluído
🚀 [worker 3] lançando: itrpo (run138) -> /mnt/ssd1/wesley/BusEnv/logs/itrpo_run138.log
✅ [worker 2] matrpo (run139) concluído
🚀 [worker 2] lançando: matrpo (run140) -> /mnt/ssd1/wesley/BusEnv/logs/matrpo_run140.log
✅ [worker 1] ia2c (run161) concluído
🚀 [worker 1] lançando: ia2c (run162) -> /mnt/ssd1/wesley/BusEnv/logs/ia2c_run162.log
✅ [worker 3] itrpo (run138) concluído
🏁 [worker 3] terminou TODAS as 5 runs de 'itrpo'. Buscando próximo algoritmo...
🧵 [worker 3] pegou algoritmo 'maa2c' (posição 7) — 5 runs em sequência
🚀 [worker 3] lançando: maa2c (run169) -> /mnt/ssd1/wesley/BusEnv/logs/maa2c_run169.log
✅ [worker 2] matrpo (run140) concluído
🚀 [worker 2] lançando: matrpo (run141) -> /mnt/ssd1/wesley/BusEnv/logs/matrpo_run141.log
✅ [worker 1] ia2c (run162) concluído
🚀 [worker 1] lançando: ia2c (run163) -> /mnt/ssd1/wesley/BusEnv/logs/ia2c_run163.log
✅ [worker 3] maa2c (run169) concluído
🚀 [worker 3] lançando: maa2c (run170) -> /mnt/ssd1/wesley/BusEnv/logs/maa2c_run170.log
✅ [worker 2] matrpo (run141) concluído
🏁 [worker 2] terminou TODAS as 5 runs de 'matrpo'. Buscando próximo algoritmo...
🧵 [worker 2] pegou algoritmo 'mappo' (posição 8) — 5 runs em sequência
🚀 [worker 2] lançando: mappo (run179) -> /mnt/ssd1/wesley/BusEnv/logs/mappo_run179.log
✅ [worker 1] ia2c (run163) concluído
🚀 [worker 1] lançando: ia2c (run164) -> /mnt/ssd1/wesley/BusEnv/logs/ia2c_run164.log
✅ [worker 3] maa2c (run170) concluído
🚀 [worker 3] lançando: maa2c (run171) -> /mnt/ssd1/wesley/BusEnv/logs/maa2c_run171.log
✅ [worker 1] ia2c (run164) concluído
🚀 [worker 1] lançando: ia2c (run165) -> /mnt/ssd1/wesley/BusEnv/logs/ia2c_run165.log
✅ [worker 2] mappo (run179) concluído
🚀 [worker 2] lançando: mappo (run180) -> /mnt/ssd1/wesley/BusEnv/logs/mappo_run180.log
✅ [worker 3] maa2c (run171) concluído
🚀 [worker 3] lançando: maa2c (run172) -> /mnt/ssd1/wesley/BusEnv/logs/maa2c_run172.log
✅ [worker 1] ia2c (run165) concluído
🏁 [worker 1] terminou TODAS as 5 runs de 'ia2c'. Buscando próximo algoritmo...
🧵 [worker 1] fila esgotada, encerrando.
✅ [worker 2] mappo (run180) concluído
🚀 [worker 2] lançando: mappo (run181) -> /mnt/ssd1/wesley/BusEnv/logs/mappo_run181.log
✅ [worker 3] maa2c (run172) concluído
🚀 [worker 3] lançando: maa2c (run173) -> /mnt/ssd1/wesley/BusEnv/logs/maa2c_run173.log
✅ [worker 3] maa2c (run173) concluído
🏁 [worker 3] terminou TODAS as 5 runs de 'maa2c'. Buscando próximo algoritmo...
🧵 [worker 3] fila esgotada, encerrando.
✅ [worker 2] mappo (run181) concluído
🚀 [worker 2] lançando: mappo (run182) -> /mnt/ssd1/wesley/BusEnv/logs/mappo_run182.log
✅ [worker 2] mappo (run182) concluído
🚀 [worker 2] lançando: mappo (run183) -> /mnt/ssd1/wesley/BusEnv/logs/mappo_run183.log
✅ [worker 2] mappo (run183) concluído
🏁 [worker 2] terminou TODAS as 5 runs de 'mappo'. Buscando próximo algoritmo...
🧵 [worker 2] fila esgotada, encerrando.
🏁 Todos os algoritmos (9) x 5 runs foram concluídos!
📄 Logs: /mnt/ssd1/wesley/BusEnv/logs
🌱 CodeCarbon CSV: /mnt/ssd1/wesley/BusEnv/codecarbon/emissions.csv (por padrão)
📋 Fila: 9 algoritmo(s) | 5 runs cada | 3 vaga(s) simultânea(s)
🧵 [worker 1] pegou algoritmo 'coma' (posição 0) — 5 runs em sequência
🚀 [worker 1] lançando: coma (run93) -> /mnt/ssd1/wesley/BusEnv/logs/coma_run93.log
🧵 [worker 2] pegou algoritmo 'happo' (posição 1) — 5 runs em sequência
🚀 [worker 2] lançando: happo (run141) -> /mnt/ssd1/wesley/BusEnv/logs/happo_run141.log
🧵 [worker 3] pegou algoritmo 'hatrpo' (posição 2) — 5 runs em sequência
🚀 [worker 3] lançando: hatrpo (run136) -> /mnt/ssd1/wesley/BusEnv/logs/hatrpo_run136.log
✅ [worker 1] coma (run93) concluído
🚀 [worker 1] lançando: coma (run94) -> /mnt/ssd1/wesley/BusEnv/logs/coma_run94.log
✅ [worker 3] hatrpo (run136) concluído
🚀 [worker 3] lançando: hatrpo (run137) -> /mnt/ssd1/wesley/BusEnv/logs/hatrpo_run137.log
✅ [worker 2] happo (run141) concluído
🚀 [worker 2] lançando: happo (run142) -> /mnt/ssd1/wesley/BusEnv/logs/happo_run142.log
✅ [worker 1] coma (run94) concluído
🚀 [worker 1] lançando: coma (run95) -> /mnt/ssd1/wesley/BusEnv/logs/coma_run95.log
✅ [worker 3] hatrpo (run137) concluído
🚀 [worker 3] lançando: hatrpo (run138) -> /mnt/ssd1/wesley/BusEnv/logs/hatrpo_run138.log
✅ [worker 1] coma (run95) concluído
🚀 [worker 1] lançando: coma (run96) -> /mnt/ssd1/wesley/BusEnv/logs/coma_run96.log
✅ [worker 2] happo (run142) concluído
🚀 [worker 2] lançando: happo (run143) -> /mnt/ssd1/wesley/BusEnv/logs/happo_run143.log
✅ [worker 1] coma (run96) concluído
🚀 [worker 1] lançando: coma (run97) -> /mnt/ssd1/wesley/BusEnv/logs/coma_run97.log
✅ [worker 3] hatrpo (run138) concluído
🚀 [worker 3] lançando: hatrpo (run139) -> /mnt/ssd1/wesley/BusEnv/logs/hatrpo_run139.log
✅ [worker 2] happo (run143) concluído
🚀 [worker 2] lançando: happo (run144) -> /mnt/ssd1/wesley/BusEnv/logs/happo_run144.log
✅ [worker 1] coma (run97) concluído
🏁 [worker 1] terminou TODAS as 5 runs de 'coma'. Buscando próximo algoritmo...
🧵 [worker 1] pegou algoritmo 'ippo' (posição 3) — 5 runs em sequência
🚀 [worker 1] lançando: ippo (run141) -> /mnt/ssd1/wesley/BusEnv/logs/ippo_run141.log
✅ [worker 3] hatrpo (run139) concluído
🚀 [worker 3] lançando: hatrpo (run140) -> /mnt/ssd1/wesley/BusEnv/logs/hatrpo_run140.log
✅ [worker 1] ippo (run141) concluído
🚀 [worker 1] lançando: ippo (run142) -> /mnt/ssd1/wesley/BusEnv/logs/ippo_run142.log
✅ [worker 2] happo (run144) concluído
🚀 [worker 2] lançando: happo (run145) -> /mnt/ssd1/wesley/BusEnv/logs/happo_run145.log
✅ [worker 3] hatrpo (run140) concluído
🏁 [worker 3] terminou TODAS as 5 runs de 'hatrpo'. Buscando próximo algoritmo...
🧵 [worker 3] pegou algoritmo 'itrpo' (posição 4) — 5 runs em sequência
🚀 [worker 3] lançando: itrpo (run139) -> /mnt/ssd1/wesley/BusEnv/logs/itrpo_run139.log
✅ [worker 1] ippo (run142) concluído
🚀 [worker 1] lançando: ippo (run143) -> /mnt/ssd1/wesley/BusEnv/logs/ippo_run143.log
✅ [worker 2] happo (run145) concluído
🏁 [worker 2] terminou TODAS as 5 runs de 'happo'. Buscando próximo algoritmo...
🧵 [worker 2] pegou algoritmo 'matrpo' (posição 5) — 5 runs em sequência
🚀 [worker 2] lançando: matrpo (run142) -> /mnt/ssd1/wesley/BusEnv/logs/matrpo_run142.log
✅ [worker 1] ippo (run143) concluído
🚀 [worker 1] lançando: ippo (run144) -> /mnt/ssd1/wesley/BusEnv/logs/ippo_run144.log
✅ [worker 3] itrpo (run139) concluído
🚀 [worker 3] lançando: itrpo (run140) -> /mnt/ssd1/wesley/BusEnv/logs/itrpo_run140.log
✅ [worker 2] matrpo (run142) concluído
🚀 [worker 2] lançando: matrpo (run143) -> /mnt/ssd1/wesley/BusEnv/logs/matrpo_run143.log
✅ [worker 1] ippo (run144) concluído
🚀 [worker 1] lançando: ippo (run145) -> /mnt/ssd1/wesley/BusEnv/logs/ippo_run145.log
✅ [worker 3] itrpo (run140) concluído
🚀 [worker 3] lançando: itrpo (run141) -> /mnt/ssd1/wesley/BusEnv/logs/itrpo_run141.log
✅ [worker 2] matrpo (run143) concluído
🚀 [worker 2] lançando: matrpo (run144) -> /mnt/ssd1/wesley/BusEnv/logs/matrpo_run144.log
✅ [worker 1] ippo (run145) concluído
🏁 [worker 1] terminou TODAS as 5 runs de 'ippo'. Buscando próximo algoritmo...
🧵 [worker 1] pegou algoritmo 'ia2c' (posição 6) — 5 runs em sequência
🚀 [worker 1] lançando: ia2c (run166) -> /mnt/ssd1/wesley/BusEnv/logs/ia2c_run166.log
✅ [worker 3] itrpo (run141) concluído
🚀 [worker 3] lançando: itrpo (run142) -> /mnt/ssd1/wesley/BusEnv/logs/itrpo_run142.log
✅ [worker 2] matrpo (run144) concluído
🚀 [worker 2] lançando: matrpo (run145) -> /mnt/ssd1/wesley/BusEnv/logs/matrpo_run145.log
✅ [worker 1] ia2c (run166) concluído
🚀 [worker 1] lançando: ia2c (run167) -> /mnt/ssd1/wesley/BusEnv/logs/ia2c_run167.log
✅ [worker 3] itrpo (run142) concluído
🚀 [worker 3] lançando: itrpo (run143) -> /mnt/ssd1/wesley/BusEnv/logs/itrpo_run143.log
✅ [worker 1] ia2c (run167) concluído
🚀 [worker 1] lançando: ia2c (run168) -> /mnt/ssd1/wesley/BusEnv/logs/ia2c_run168.log
✅ [worker 2] matrpo (run145) concluído
🚀 [worker 2] lançando: matrpo (run146) -> /mnt/ssd1/wesley/BusEnv/logs/matrpo_run146.log
✅ [worker 3] itrpo (run143) concluído
🏁 [worker 3] terminou TODAS as 5 runs de 'itrpo'. Buscando próximo algoritmo...
🧵 [worker 3] pegou algoritmo 'maa2c' (posição 7) — 5 runs em sequência
🚀 [worker 3] lançando: maa2c (run174) -> /mnt/ssd1/wesley/BusEnv/logs/maa2c_run174.log
✅ [worker 1] ia2c (run168) concluído
🚀 [worker 1] lançando: ia2c (run169) -> /mnt/ssd1/wesley/BusEnv/logs/ia2c_run169.log
✅ [worker 2] matrpo (run146) concluído
🏁 [worker 2] terminou TODAS as 5 runs de 'matrpo'. Buscando próximo algoritmo...
🧵 [worker 2] pegou algoritmo 'mappo' (posição 8) — 5 runs em sequência
🚀 [worker 2] lançando: mappo (run184) -> /mnt/ssd1/wesley/BusEnv/logs/mappo_run184.log
✅ [worker 3] maa2c (run174) concluído
🚀 [worker 3] lançando: maa2c (run175) -> /mnt/ssd1/wesley/BusEnv/logs/maa2c_run175.log
✅ [worker 1] ia2c (run169) concluído
🚀 [worker 1] lançando: ia2c (run170) -> /mnt/ssd1/wesley/BusEnv/logs/ia2c_run170.log
✅ [worker 2] mappo (run184) concluído
🚀 [worker 2] lançando: mappo (run185) -> /mnt/ssd1/wesley/BusEnv/logs/mappo_run185.log
✅ [worker 1] ia2c (run170) concluído
🏁 [worker 1] terminou TODAS as 5 runs de 'ia2c'. Buscando próximo algoritmo...
🧵 [worker 1] fila esgotada, encerrando.
✅ [worker 3] maa2c (run175) concluído
🚀 [worker 3] lançando: maa2c (run176) -> /mnt/ssd1/wesley/BusEnv/logs/maa2c_run176.log
✅ [worker 3] maa2c (run176) concluído
🚀 [worker 3] lançando: maa2c (run177) -> /mnt/ssd1/wesley/BusEnv/logs/maa2c_run177.log
✅ [worker 2] mappo (run185) concluído
🚀 [worker 2] lançando: mappo (run186) -> /mnt/ssd1/wesley/BusEnv/logs/mappo_run186.log
✅ [worker 3] maa2c (run177) concluído
🚀 [worker 3] lançando: maa2c (run178) -> /mnt/ssd1/wesley/BusEnv/logs/maa2c_run178.log
✅ [worker 2] mappo (run186) concluído
🚀 [worker 2] lançando: mappo (run187) -> /mnt/ssd1/wesley/BusEnv/logs/mappo_run187.log
✅ [worker 3] maa2c (run178) concluído
🏁 [worker 3] terminou TODAS as 5 runs de 'maa2c'. Buscando próximo algoritmo...
🧵 [worker 3] fila esgotada, encerrando.
✅ [worker 2] mappo (run187) concluído
🚀 [worker 2] lançando: mappo (run188) -> /mnt/ssd1/wesley/BusEnv/logs/mappo_run188.log
✅ [worker 2] mappo (run188) concluído
🏁 [worker 2] terminou TODAS as 5 runs de 'mappo'. Buscando próximo algoritmo...
🧵 [worker 2] fila esgotada, encerrando.
🏁 Todos os algoritmos (9) x 5 runs foram concluídos!
📄 Logs: /mnt/ssd1/wesley/BusEnv/logs
🌱 CodeCarbon CSV: /mnt/ssd1/wesley/BusEnv/codecarbon/emissions.csv (por padrão)
📋 Fila: 9 algoritmo(s) | 5 runs cada | 3 vaga(s) simultânea(s)
🧵 [worker 1] pegou algoritmo 'coma' (posição 0) — 5 runs em sequência
🚀 [worker 1] lançando: coma (run98) -> /mnt/ssd1/wesley/BusEnv/logs/coma_run98.log
🧵 [worker 2] pegou algoritmo 'happo' (posição 1) — 5 runs em sequência
🚀 [worker 2] lançando: happo (run146) -> /mnt/ssd1/wesley/BusEnv/logs/happo_run146.log
🧵 [worker 3] pegou algoritmo 'hatrpo' (posição 2) — 5 runs em sequência
🚀 [worker 3] lançando: hatrpo (run141) -> /mnt/ssd1/wesley/BusEnv/logs/hatrpo_run141.log
✅ [worker 1] coma (run98) concluído
🚀 [worker 1] lançando: coma (run99) -> /mnt/ssd1/wesley/BusEnv/logs/coma_run99.log
✅ [worker 3] hatrpo (run141) concluído
🚀 [worker 3] lançando: hatrpo (run142) -> /mnt/ssd1/wesley/BusEnv/logs/hatrpo_run142.log
✅ [worker 2] happo (run146) concluído
🚀 [worker 2] lançando: happo (run147) -> /mnt/ssd1/wesley/BusEnv/logs/happo_run147.log
✅ [worker 1] coma (run99) concluído
🚀 [worker 1] lançando: coma (run100) -> /mnt/ssd1/wesley/BusEnv/logs/coma_run100.log
✅ [worker 3] hatrpo (run142) concluído
🚀 [worker 3] lançando: hatrpo (run143) -> /mnt/ssd1/wesley/BusEnv/logs/hatrpo_run143.log
✅ [worker 2] happo (run147) concluído
🚀 [worker 2] lançando: happo (run148) -> /mnt/ssd1/wesley/BusEnv/logs/happo_run148.log
✅ [worker 1] coma (run100) concluído
🚀 [worker 1] lançando: coma (run101) -> /mnt/ssd1/wesley/BusEnv/logs/coma_run101.log
✅ [worker 3] hatrpo (run143) concluído
🚀 [worker 3] lançando: hatrpo (run144) -> /mnt/ssd1/wesley/BusEnv/logs/hatrpo_run144.log
✅ [worker 1] coma (run101) concluído
🚀 [worker 1] lançando: coma (run102) -> /mnt/ssd1/wesley/BusEnv/logs/coma_run102.log
✅ [worker 2] happo (run148) concluído
🚀 [worker 2] lançando: happo (run149) -> /mnt/ssd1/wesley/BusEnv/logs/happo_run149.log
✅ [worker 3] hatrpo (run144) concluído
🚀 [worker 3] lançando: hatrpo (run145) -> /mnt/ssd1/wesley/BusEnv/logs/hatrpo_run145.log
✅ [worker 1] coma (run102) concluído
🏁 [worker 1] terminou TODAS as 5 runs de 'coma'. Buscando próximo algoritmo...
🧵 [worker 1] pegou algoritmo 'ippo' (posição 3) — 5 runs em sequência
🚀 [worker 1] lançando: ippo (run146) -> /mnt/ssd1/wesley/BusEnv/logs/ippo_run146.log
✅ [worker 2] happo (run149) concluído
🚀 [worker 2] lançando: happo (run150) -> /mnt/ssd1/wesley/BusEnv/logs/happo_run150.log
✅ [worker 3] hatrpo (run145) concluído
🏁 [worker 3] terminou TODAS as 5 runs de 'hatrpo'. Buscando próximo algoritmo...
🧵 [worker 3] pegou algoritmo 'itrpo' (posição 4) — 5 runs em sequência
🚀 [worker 3] lançando: itrpo (run144) -> /mnt/ssd1/wesley/BusEnv/logs/itrpo_run144.log
✅ [worker 1] ippo (run146) concluído
🚀 [worker 1] lançando: ippo (run147) -> /mnt/ssd1/wesley/BusEnv/logs/ippo_run147.log
✅ [worker 2] happo (run150) concluído
🏁 [worker 2] terminou TODAS as 5 runs de 'happo'. Buscando próximo algoritmo...
🧵 [worker 2] pegou algoritmo 'matrpo' (posição 5) — 5 runs em sequência
🚀 [worker 2] lançando: matrpo (run147) -> /mnt/ssd1/wesley/BusEnv/logs/matrpo_run147.log
✅ [worker 3] itrpo (run144) concluído
🚀 [worker 3] lançando: itrpo (run145) -> /mnt/ssd1/wesley/BusEnv/logs/itrpo_run145.log
✅ [worker 1] ippo (run147) concluído
🚀 [worker 1] lançando: ippo (run148) -> /mnt/ssd1/wesley/BusEnv/logs/ippo_run148.log
✅ [worker 1] ippo (run148) concluído
🚀 [worker 1] lançando: ippo (run149) -> /mnt/ssd1/wesley/BusEnv/logs/ippo_run149.log
✅ [worker 2] matrpo (run147) concluído
🚀 [worker 2] lançando: matrpo (run148) -> /mnt/ssd1/wesley/BusEnv/logs/matrpo_run148.log
✅ [worker 3] itrpo (run145) concluído
🚀 [worker 3] lançando: itrpo (run146) -> /mnt/ssd1/wesley/BusEnv/logs/itrpo_run146.log
✅ [worker 1] ippo (run149) concluído
🚀 [worker 1] lançando: ippo (run150) -> /mnt/ssd1/wesley/BusEnv/logs/ippo_run150.log
✅ [worker 2] matrpo (run148) concluído
🚀 [worker 2] lançando: matrpo (run149) -> /mnt/ssd1/wesley/BusEnv/logs/matrpo_run149.log
✅ [worker 3] itrpo (run146) concluído
🚀 [worker 3] lançando: itrpo (run147) -> /mnt/ssd1/wesley/BusEnv/logs/itrpo_run147.log
✅ [worker 1] ippo (run150) concluído
🏁 [worker 1] terminou TODAS as 5 runs de 'ippo'. Buscando próximo algoritmo...
🧵 [worker 1] pegou algoritmo 'ia2c' (posição 6) — 5 runs em sequência
🚀 [worker 1] lançando: ia2c (run171) -> /mnt/ssd1/wesley/BusEnv/logs/ia2c_run171.log
✅ [worker 2] matrpo (run149) concluído
🚀 [worker 2] lançando: matrpo (run150) -> /mnt/ssd1/wesley/BusEnv/logs/matrpo_run150.log
✅ [worker 3] itrpo (run147) concluído
🚀 [worker 3] lançando: itrpo (run148) -> /mnt/ssd1/wesley/BusEnv/logs/itrpo_run148.log
✅ [worker 1] ia2c (run171) concluído
🚀 [worker 1] lançando: ia2c (run172) -> /mnt/ssd1/wesley/BusEnv/logs/ia2c_run172.log
✅ [worker 2] matrpo (run150) concluído
🚀 [worker 2] lançando: matrpo (run151) -> /mnt/ssd1/wesley/BusEnv/logs/matrpo_run151.log
✅ [worker 3] itrpo (run148) concluído
🏁 [worker 3] terminou TODAS as 5 runs de 'itrpo'. Buscando próximo algoritmo...
🧵 [worker 3] pegou algoritmo 'maa2c' (posição 7) — 5 runs em sequência
🚀 [worker 3] lançando: maa2c (run179) -> /mnt/ssd1/wesley/BusEnv/logs/maa2c_run179.log
✅ [worker 1] ia2c (run172) concluído
🚀 [worker 1] lançando: ia2c (run173) -> /mnt/ssd1/wesley/BusEnv/logs/ia2c_run173.log
✅ [worker 3] maa2c (run179) concluído
🚀 [worker 3] lançando: maa2c (run180) -> /mnt/ssd1/wesley/BusEnv/logs/maa2c_run180.log
✅ [worker 1] ia2c (run173) concluído
🚀 [worker 1] lançando: ia2c (run174) -> /mnt/ssd1/wesley/BusEnv/logs/ia2c_run174.log
✅ [worker 2] matrpo (run151) concluído
🏁 [worker 2] terminou TODAS as 5 runs de 'matrpo'. Buscando próximo algoritmo...
🧵 [worker 2] pegou algoritmo 'mappo' (posição 8) — 5 runs em sequência
🚀 [worker 2] lançando: mappo (run189) -> /mnt/ssd1/wesley/BusEnv/logs/mappo_run189.log
✅ [worker 3] maa2c (run180) concluído
🚀 [worker 3] lançando: maa2c (run181) -> /mnt/ssd1/wesley/BusEnv/logs/maa2c_run181.log
✅ [worker 1] ia2c (run174) concluído
🚀 [worker 1] lançando: ia2c (run175) -> /mnt/ssd1/wesley/BusEnv/logs/ia2c_run175.log
✅ [worker 2] mappo (run189) concluído
🚀 [worker 2] lançando: mappo (run190) -> /mnt/ssd1/wesley/BusEnv/logs/mappo_run190.log
✅ [worker 3] maa2c (run181) concluído
🚀 [worker 3] lançando: maa2c (run182) -> /mnt/ssd1/wesley/BusEnv/logs/maa2c_run182.log
✅ [worker 1] ia2c (run175) concluído
🏁 [worker 1] terminou TODAS as 5 runs de 'ia2c'. Buscando próximo algoritmo...
🧵 [worker 1] fila esgotada, encerrando.
✅ [worker 2] mappo (run190) concluído
🚀 [worker 2] lançando: mappo (run191) -> /mnt/ssd1/wesley/BusEnv/logs/mappo_run191.log
✅ [worker 3] maa2c (run182) concluído
🚀 [worker 3] lançando: maa2c (run183) -> /mnt/ssd1/wesley/BusEnv/logs/maa2c_run183.log
✅ [worker 2] mappo (run191) concluído
🚀 [worker 2] lançando: mappo (run192) -> /mnt/ssd1/wesley/BusEnv/logs/mappo_run192.log
✅ [worker 3] maa2c (run183) concluído
🏁 [worker 3] terminou TODAS as 5 runs de 'maa2c'. Buscando próximo algoritmo...
🧵 [worker 3] fila esgotada, encerrando.
✅ [worker 2] mappo (run192) concluído
🚀 [worker 2] lançando: mappo (run193) -> /mnt/ssd1/wesley/BusEnv/logs/mappo_run193.log
✅ [worker 2] mappo (run193) concluído
🏁 [worker 2] terminou TODAS as 5 runs de 'mappo'. Buscando próximo algoritmo...
🧵 [worker 2] fila esgotada, encerrando.
🏁 Todos os algoritmos (9) x 5 runs foram concluídos!
📄 Logs: /mnt/ssd1/wesley/BusEnv/logs
🌱 CodeCarbon CSV: /mnt/ssd1/wesley/BusEnv/codecarbon/emissions.csv (por padrão)
📋 Fila: 1 algoritmo(s) | 3 runs cada | 3 vaga(s) simultânea(s)
🧵 [worker 1] pegou algoritmo 'matrpo' (posição 0) — 3 runs em sequência
🚀 [worker 1] lançando: matrpo (run152) -> /mnt/ssd1/wesley/BusEnv/logs/matrpo_run152.log
🧵 [worker 2] fila esgotada, encerrando.
🧵 [worker 3] fila esgotada, encerrando.
✅ [worker 1] matrpo (run152) concluído
🚀 [worker 1] lançando: matrpo (run153) -> /mnt/ssd1/wesley/BusEnv/logs/matrpo_run153.log
✅ [worker 1] matrpo (run153) concluído
🚀 [worker 1] lançando: matrpo (run154) -> /mnt/ssd1/wesley/BusEnv/logs/matrpo_run154.log
✅ [worker 1] matrpo (run154) concluído
🏁 [worker 1] terminou TODAS as 3 runs de 'matrpo'. Buscando próximo algoritmo...
🧵 [worker 1] fila esgotada, encerrando.
🏁 Todos os algoritmos (1) x 3 runs foram concluídos!
📄 Logs: /mnt/ssd1/wesley/BusEnv/logs
🌱 CodeCarbon CSV: /mnt/ssd1/wesley/BusEnv/codecarbon/emissions.csv (por padrão)
📋 Fila: 1 algoritmo(s) | 2 runs cada | 3 vaga(s) simultânea(s)
🧵 [worker 1] pegou algoritmo 'itrpo' (posição 0) — 2 runs em sequência
🚀 [worker 1] lançando: itrpo (run149) -> /mnt/ssd1/wesley/BusEnv/logs/itrpo_run149.log
🧵 [worker 2] fila esgotada, encerrando.
🧵 [worker 3] fila esgotada, encerrando.
✅ [worker 1] itrpo (run149) concluído
🚀 [worker 1] lançando: itrpo (run150) -> /mnt/ssd1/wesley/BusEnv/logs/itrpo_run150.log
✅ [worker 1] itrpo (run150) concluído
🏁 [worker 1] terminou TODAS as 2 runs de 'itrpo'. Buscando próximo algoritmo...
🧵 [worker 1] fila esgotada, encerrando.
🏁 Todos os algoritmos (1) x 2 runs foram concluídos!
📄 Logs: /mnt/ssd1/wesley/BusEnv/logs
🌱 CodeCarbon CSV: /mnt/ssd1/wesley/BusEnv/codecarbon/emissions.csv (por padrão)
📋 Fila: 9 algoritmo(s) | 10 runs cada | 3 vaga(s) simultânea(s)
🧵 [worker 1] pegou algoritmo 'coma' (posição 0) — 10 runs em sequência
🚀 [worker 1] lançando: coma (run103) -> /mnt/ssd1/wesley/BusEnv/logs/coma_run103.log
🧵 [worker 2] pegou algoritmo 'happo' (posição 1) — 10 runs em sequência
🚀 [worker 2] lançando: happo (run151) -> /mnt/ssd1/wesley/BusEnv/logs/happo_run151.log
🧵 [worker 3] pegou algoritmo 'hatrpo' (posição 2) — 10 runs em sequência
🚀 [worker 3] lançando: hatrpo (run146) -> /mnt/ssd1/wesley/BusEnv/logs/hatrpo_run146.log
✅ [worker 1] coma (run103) concluído
🚀 [worker 1] lançando: coma (run104) -> /mnt/ssd1/wesley/BusEnv/logs/coma_run104.log
✅ [worker 3] hatrpo (run146) concluído
🚀 [worker 3] lançando: hatrpo (run147) -> /mnt/ssd1/wesley/BusEnv/logs/hatrpo_run147.log
✅ [worker 1] coma (run104) concluído
🚀 [worker 1] lançando: coma (run105) -> /mnt/ssd1/wesley/BusEnv/logs/coma_run105.log
✅ [worker 2] happo (run151) concluído
🚀 [worker 2] lançando: happo (run152) -> /mnt/ssd1/wesley/BusEnv/logs/happo_run152.log
✅ [worker 3] hatrpo (run147) concluído
🚀 [worker 3] lançando: hatrpo (run148) -> /mnt/ssd1/wesley/BusEnv/logs/hatrpo_run148.log
✅ [worker 1] coma (run105) concluído
🚀 [worker 1] lançando: coma (run106) -> /mnt/ssd1/wesley/BusEnv/logs/coma_run106.log
✅ [worker 1] coma (run106) concluído
🚀 [worker 1] lançando: coma (run107) -> /mnt/ssd1/wesley/BusEnv/logs/coma_run107.log
✅ [worker 3] hatrpo (run148) concluído
🚀 [worker 3] lançando: hatrpo (run149) -> /mnt/ssd1/wesley/BusEnv/logs/hatrpo_run149.log
✅ [worker 2] happo (run152) concluído
🚀 [worker 2] lançando: happo (run153) -> /mnt/ssd1/wesley/BusEnv/logs/happo_run153.log
✅ [worker 1] coma (run107) concluído
🚀 [worker 1] lançando: coma (run108) -> /mnt/ssd1/wesley/BusEnv/logs/coma_run108.log
✅ [worker 3] hatrpo (run149) concluído
🚀 [worker 3] lançando: hatrpo (run150) -> /mnt/ssd1/wesley/BusEnv/logs/hatrpo_run150.log
✅ [worker 1] coma (run108) concluído
🚀 [worker 1] lançando: coma (run109) -> /mnt/ssd1/wesley/BusEnv/logs/coma_run109.log
✅ [worker 2] happo (run153) concluído
🚀 [worker 2] lançando: happo (run154) -> /mnt/ssd1/wesley/BusEnv/logs/happo_run154.log
✅ [worker 1] coma (run109) concluído
🚀 [worker 1] lançando: coma (run110) -> /mnt/ssd1/wesley/BusEnv/logs/coma_run110.log
✅ [worker 3] hatrpo (run150) concluído
🚀 [worker 3] lançando: hatrpo (run151) -> /mnt/ssd1/wesley/BusEnv/logs/hatrpo_run151.log
✅ [worker 1] coma (run110) concluído
🚀 [worker 1] lançando: coma (run111) -> /mnt/ssd1/wesley/BusEnv/logs/coma_run111.log
✅ [worker 3] hatrpo (run151) concluído
🚀 [worker 3] lançando: hatrpo (run152) -> /mnt/ssd1/wesley/BusEnv/logs/hatrpo_run152.log
✅ [worker 2] happo (run154) concluído
🚀 [worker 2] lançando: happo (run155) -> /mnt/ssd1/wesley/BusEnv/logs/happo_run155.log
✅ [worker 1] coma (run111) concluído
🚀 [worker 1] lançando: coma (run112) -> /mnt/ssd1/wesley/BusEnv/logs/coma_run112.log
✅ [worker 1] coma (run112) concluído
🏁 [worker 1] terminou TODAS as 10 runs de 'coma'. Buscando próximo algoritmo...
🧵 [worker 1] pegou algoritmo 'ippo' (posição 3) — 10 runs em sequência
🚀 [worker 1] lançando: ippo (run151) -> /mnt/ssd1/wesley/BusEnv/logs/ippo_run151.log
✅ [worker 3] hatrpo (run152) concluído
🚀 [worker 3] lançando: hatrpo (run153) -> /mnt/ssd1/wesley/BusEnv/logs/hatrpo_run153.log
✅ [worker 2] happo (run155) concluído
🚀 [worker 2] lançando: happo (run156) -> /mnt/ssd1/wesley/BusEnv/logs/happo_run156.log
✅ [worker 1] ippo (run151) concluído
🚀 [worker 1] lançando: ippo (run152) -> /mnt/ssd1/wesley/BusEnv/logs/ippo_run152.log
✅ [worker 3] hatrpo (run153) concluído
🚀 [worker 3] lançando: hatrpo (run154) -> /mnt/ssd1/wesley/BusEnv/logs/hatrpo_run154.log
✅ [worker 1] ippo (run152) concluído
🚀 [worker 1] lançando: ippo (run153) -> /mnt/ssd1/wesley/BusEnv/logs/ippo_run153.log
✅ [worker 3] hatrpo (run154) concluído
🚀 [worker 3] lançando: hatrpo (run155) -> /mnt/ssd1/wesley/BusEnv/logs/hatrpo_run155.log
✅ [worker 2] happo (run156) concluído
🚀 [worker 2] lançando: happo (run157) -> /mnt/ssd1/wesley/BusEnv/logs/happo_run157.log
✅ [worker 1] ippo (run153) concluído
🚀 [worker 1] lançando: ippo (run154) -> /mnt/ssd1/wesley/BusEnv/logs/ippo_run154.log
✅ [worker 3] hatrpo (run155) concluído
🏁 [worker 3] terminou TODAS as 10 runs de 'hatrpo'. Buscando próximo algoritmo...
🧵 [worker 3] pegou algoritmo 'itrpo' (posição 4) — 10 runs em sequência
🚀 [worker 3] lançando: itrpo (run151) -> /mnt/ssd1/wesley/BusEnv/logs/itrpo_run151.log
✅ [worker 1] ippo (run154) concluído
🚀 [worker 1] lançando: ippo (run155) -> /mnt/ssd1/wesley/BusEnv/logs/ippo_run155.log
✅ [worker 2] happo (run157) concluído
🚀 [worker 2] lançando: happo (run158) -> /mnt/ssd1/wesley/BusEnv/logs/happo_run158.log
✅ [worker 3] itrpo (run151) concluído
🚀 [worker 3] lançando: itrpo (run152) -> /mnt/ssd1/wesley/BusEnv/logs/itrpo_run152.log
✅ [worker 1] ippo (run155) concluído
🚀 [worker 1] lançando: ippo (run156) -> /mnt/ssd1/wesley/BusEnv/logs/ippo_run156.log
✅ [worker 2] happo (run158) concluído
🚀 [worker 2] lançando: happo (run159) -> /mnt/ssd1/wesley/BusEnv/logs/happo_run159.log
✅ [worker 3] itrpo (run152) concluído
🚀 [worker 3] lançando: itrpo (run153) -> /mnt/ssd1/wesley/BusEnv/logs/itrpo_run153.log
✅ [worker 1] ippo (run156) concluído
🚀 [worker 1] lançando: ippo (run157) -> /mnt/ssd1/wesley/BusEnv/logs/ippo_run157.log
✅ [worker 3] itrpo (run153) concluído
🚀 [worker 3] lançando: itrpo (run154) -> /mnt/ssd1/wesley/BusEnv/logs/itrpo_run154.log
✅ [worker 1] ippo (run157) concluído
🚀 [worker 1] lançando: ippo (run158) -> /mnt/ssd1/wesley/BusEnv/logs/ippo_run158.log
✅ [worker 2] happo (run159) concluído
🚀 [worker 2] lançando: happo (run160) -> /mnt/ssd1/wesley/BusEnv/logs/happo_run160.log
✅ [worker 1] ippo (run158) concluído
🚀 [worker 1] lançando: ippo (run159) -> /mnt/ssd1/wesley/BusEnv/logs/ippo_run159.log
✅ [worker 3] itrpo (run154) concluído
🚀 [worker 3] lançando: itrpo (run155) -> /mnt/ssd1/wesley/BusEnv/logs/itrpo_run155.log
✅ [worker 1] ippo (run159) concluído
🚀 [worker 1] lançando: ippo (run160) -> /mnt/ssd1/wesley/BusEnv/logs/ippo_run160.log
✅ [worker 2] happo (run160) concluído
🏁 [worker 2] terminou TODAS as 10 runs de 'happo'. Buscando próximo algoritmo...
🧵 [worker 2] pegou algoritmo 'matrpo' (posição 5) — 10 runs em sequência
🚀 [worker 2] lançando: matrpo (run155) -> /mnt/ssd1/wesley/BusEnv/logs/matrpo_run155.log
✅ [worker 3] itrpo (run155) concluído
🚀 [worker 3] lançando: itrpo (run156) -> /mnt/ssd1/wesley/BusEnv/logs/itrpo_run156.log
✅ [worker 1] ippo (run160) concluído
🏁 [worker 1] terminou TODAS as 10 runs de 'ippo'. Buscando próximo algoritmo...
🧵 [worker 1] pegou algoritmo 'ia2c' (posição 6) — 10 runs em sequência
🚀 [worker 1] lançando: ia2c (run176) -> /mnt/ssd1/wesley/BusEnv/logs/ia2c_run176.log
✅ [worker 2] matrpo (run155) concluído
🚀 [worker 2] lançando: matrpo (run156) -> /mnt/ssd1/wesley/BusEnv/logs/matrpo_run156.log
✅ [worker 3] itrpo (run156) concluído
🚀 [worker 3] lançando: itrpo (run157) -> /mnt/ssd1/wesley/BusEnv/logs/itrpo_run157.log
✅ [worker 1] ia2c (run176) concluído
🚀 [worker 1] lançando: ia2c (run177) -> /mnt/ssd1/wesley/BusEnv/logs/ia2c_run177.log
✅ [worker 1] ia2c (run177) concluído
🚀 [worker 1] lançando: ia2c (run178) -> /mnt/ssd1/wesley/BusEnv/logs/ia2c_run178.log
✅ [worker 2] matrpo (run156) concluído
🚀 [worker 2] lançando: matrpo (run157) -> /mnt/ssd1/wesley/BusEnv/logs/matrpo_run157.log
✅ [worker 3] itrpo (run157) concluído
🚀 [worker 3] lançando: itrpo (run158) -> /mnt/ssd1/wesley/BusEnv/logs/itrpo_run158.log
✅ [worker 1] ia2c (run178) concluído
🚀 [worker 1] lançando: ia2c (run179) -> /mnt/ssd1/wesley/BusEnv/logs/ia2c_run179.log
✅ [worker 1] ia2c (run179) concluído
🚀 [worker 1] lançando: ia2c (run180) -> /mnt/ssd1/wesley/BusEnv/logs/ia2c_run180.log
✅ [worker 2] matrpo (run157) concluído
🚀 [worker 2] lançando: matrpo (run158) -> /mnt/ssd1/wesley/BusEnv/logs/matrpo_run158.log
✅ [worker 3] itrpo (run158) concluído
🚀 [worker 3] lançando: itrpo (run159) -> /mnt/ssd1/wesley/BusEnv/logs/itrpo_run159.log
✅ [worker 1] ia2c (run180) concluído
🚀 [worker 1] lançando: ia2c (run181) -> /mnt/ssd1/wesley/BusEnv/logs/ia2c_run181.log
✅ [worker 2] matrpo (run158) concluído
🚀 [worker 2] lançando: matrpo (run159) -> /mnt/ssd1/wesley/BusEnv/logs/matrpo_run159.log
✅ [worker 1] ia2c (run181) concluído
🚀 [worker 1] lançando: ia2c (run182) -> /mnt/ssd1/wesley/BusEnv/logs/ia2c_run182.log
✅ [worker 3] itrpo (run159) concluído
🚀 [worker 3] lançando: itrpo (run160) -> /mnt/ssd1/wesley/BusEnv/logs/itrpo_run160.log
✅ [worker 1] ia2c (run182) concluído
🚀 [worker 1] lançando: ia2c (run183) -> /mnt/ssd1/wesley/BusEnv/logs/ia2c_run183.log
✅ [worker 2] matrpo (run159) concluído
🚀 [worker 2] lançando: matrpo (run160) -> /mnt/ssd1/wesley/BusEnv/logs/matrpo_run160.log
✅ [worker 3] itrpo (run160) concluído
🏁 [worker 3] terminou TODAS as 10 runs de 'itrpo'. Buscando próximo algoritmo...
🧵 [worker 3] pegou algoritmo 'maa2c' (posição 7) — 10 runs em sequência
🚀 [worker 3] lançando: maa2c (run184) -> /mnt/ssd1/wesley/BusEnv/logs/maa2c_run184.log
✅ [worker 1] ia2c (run183) concluído
🚀 [worker 1] lançando: ia2c (run184) -> /mnt/ssd1/wesley/BusEnv/logs/ia2c_run184.log
✅ [worker 3] maa2c (run184) concluído
🚀 [worker 3] lançando: maa2c (run185) -> /mnt/ssd1/wesley/BusEnv/logs/maa2c_run185.log
✅ [worker 1] ia2c (run184) concluído
🚀 [worker 1] lançando: ia2c (run185) -> /mnt/ssd1/wesley/BusEnv/logs/ia2c_run185.log
✅ [worker 2] matrpo (run160) concluído
🚀 [worker 2] lançando: matrpo (run161) -> /mnt/ssd1/wesley/BusEnv/logs/matrpo_run161.log
✅ [worker 3] maa2c (run185) concluído
🚀 [worker 3] lançando: maa2c (run186) -> /mnt/ssd1/wesley/BusEnv/logs/maa2c_run186.log
✅ [worker 1] ia2c (run185) concluído
🏁 [worker 1] terminou TODAS as 10 runs de 'ia2c'. Buscando próximo algoritmo...
🧵 [worker 1] pegou algoritmo 'mappo' (posição 8) — 10 runs em sequência
🚀 [worker 1] lançando: mappo (run194) -> /mnt/ssd1/wesley/BusEnv/logs/mappo_run194.log
✅ [worker 3] maa2c (run186) concluído
🚀 [worker 3] lançando: maa2c (run187) -> /mnt/ssd1/wesley/BusEnv/logs/maa2c_run187.log
✅ [worker 2] matrpo (run161) concluído
🚀 [worker 2] lançando: matrpo (run162) -> /mnt/ssd1/wesley/BusEnv/logs/matrpo_run162.log
✅ [worker 1] mappo (run194) concluído
🚀 [worker 1] lançando: mappo (run195) -> /mnt/ssd1/wesley/BusEnv/logs/mappo_run195.log
✅ [worker 3] maa2c (run187) concluído
🚀 [worker 3] lançando: maa2c (run188) -> /mnt/ssd1/wesley/BusEnv/logs/maa2c_run188.log
✅ [worker 2] matrpo (run162) concluído
🚀 [worker 2] lançando: matrpo (run163) -> /mnt/ssd1/wesley/BusEnv/logs/matrpo_run163.log
✅ [worker 3] maa2c (run188) concluído
🚀 [worker 3] lançando: maa2c (run189) -> /mnt/ssd1/wesley/BusEnv/logs/maa2c_run189.log
✅ [worker 1] mappo (run195) concluído
🚀 [worker 1] lançando: mappo (run196) -> /mnt/ssd1/wesley/BusEnv/logs/mappo_run196.log
✅ [worker 3] maa2c (run189) concluído
🚀 [worker 3] lançando: maa2c (run190) -> /mnt/ssd1/wesley/BusEnv/logs/maa2c_run190.log
✅ [worker 2] matrpo (run163) concluído
🚀 [worker 2] lançando: matrpo (run164) -> /mnt/ssd1/wesley/BusEnv/logs/matrpo_run164.log
✅ [worker 1] mappo (run196) concluído
🚀 [worker 1] lançando: mappo (run197) -> /mnt/ssd1/wesley/BusEnv/logs/mappo_run197.log
✅ [worker 3] maa2c (run190) concluído
🚀 [worker 3] lançando: maa2c (run191) -> /mnt/ssd1/wesley/BusEnv/logs/maa2c_run191.log
✅ [worker 3] maa2c (run191) concluído
🚀 [worker 3] lançando: maa2c (run192) -> /mnt/ssd1/wesley/BusEnv/logs/maa2c_run192.log
✅ [worker 2] matrpo (run164) concluído
🏁 [worker 2] terminou TODAS as 10 runs de 'matrpo'. Buscando próximo algoritmo...
🧵 [worker 2] fila esgotada, encerrando.
✅ [worker 1] mappo (run197) concluído
🚀 [worker 1] lançando: mappo (run198) -> /mnt/ssd1/wesley/BusEnv/logs/mappo_run198.log
✅ [worker 3] maa2c (run192) concluído
🚀 [worker 3] lançando: maa2c (run193) -> /mnt/ssd1/wesley/BusEnv/logs/maa2c_run193.log
✅ [worker 1] mappo (run198) concluído
🚀 [worker 1] lançando: mappo (run199) -> /mnt/ssd1/wesley/BusEnv/logs/mappo_run199.log
✅ [worker 3] maa2c (run193) concluído
🏁 [worker 3] terminou TODAS as 10 runs de 'maa2c'. Buscando próximo algoritmo...
🧵 [worker 3] fila esgotada, encerrando.
✅ [worker 1] mappo (run199) concluído
🚀 [worker 1] lançando: mappo (run200) -> /mnt/ssd1/wesley/BusEnv/logs/mappo_run200.log
✅ [worker 1] mappo (run200) concluído
🚀 [worker 1] lançando: mappo (run201) -> /mnt/ssd1/wesley/BusEnv/logs/mappo_run201.log
✅ [worker 1] mappo (run201) concluído
🚀 [worker 1] lançando: mappo (run202) -> /mnt/ssd1/wesley/BusEnv/logs/mappo_run202.log
✅ [worker 1] mappo (run202) concluído
🚀 [worker 1] lançando: mappo (run203) -> /mnt/ssd1/wesley/BusEnv/logs/mappo_run203.log
✅ [worker 1] mappo (run203) concluído
🏁 [worker 1] terminou TODAS as 10 runs de 'mappo'. Buscando próximo algoritmo...
🧵 [worker 1] fila esgotada, encerrando.
🏁 Todos os algoritmos (9) x 10 runs foram concluídos!
📄 Logs: /mnt/ssd1/wesley/BusEnv/logs
🌱 CodeCarbon CSV: /mnt/ssd1/wesley/BusEnv/codecarbon/emissions.csv (por padrão)
📋 Fila: 9 algoritmo(s) | 10 runs cada | 3 vaga(s) simultânea(s)
🧵 [worker 1] pegou algoritmo 'coma' (posição 0) — 10 runs em sequência
🚀 [worker 1] lançando: coma (run1) -> /mnt/ssd1/wesley/BusEnv/logs/coma_run1.log
🧵 [worker 2] pegou algoritmo 'happo' (posição 1) — 10 runs em sequência
🚀 [worker 2] lançando: happo (run1) -> /mnt/ssd1/wesley/BusEnv/logs/happo_run1.log
🧵 [worker 3] pegou algoritmo 'hatrpo' (posição 2) — 10 runs em sequência
🚀 [worker 3] lançando: hatrpo (run1) -> /mnt/ssd1/wesley/BusEnv/logs/hatrpo_run1.log
✅ [worker 1] coma (run1) concluído
🚀 [worker 1] lançando: coma (run2) -> /mnt/ssd1/wesley/BusEnv/logs/coma_run2.log
✅ [worker 3] hatrpo (run1) concluído
🚀 [worker 3] lançando: hatrpo (run2) -> /mnt/ssd1/wesley/BusEnv/logs/hatrpo_run2.log
✅ [worker 1] coma (run2) concluído
🚀 [worker 1] lançando: coma (run3) -> /mnt/ssd1/wesley/BusEnv/logs/coma_run3.log
✅ [worker 2] happo (run1) concluído
🚀 [worker 2] lançando: happo (run2) -> /mnt/ssd1/wesley/BusEnv/logs/happo_run2.log
✅ [worker 3] hatrpo (run2) concluído
🚀 [worker 3] lançando: hatrpo (run3) -> /mnt/ssd1/wesley/BusEnv/logs/hatrpo_run3.log
✅ [worker 1] coma (run3) concluído
🚀 [worker 1] lançando: coma (run4) -> /mnt/ssd1/wesley/BusEnv/logs/coma_run4.log
✅ [worker 1] coma (run4) concluído
🚀 [worker 1] lançando: coma (run5) -> /mnt/ssd1/wesley/BusEnv/logs/coma_run5.log
✅ [worker 3] hatrpo (run3) concluído
🚀 [worker 3] lançando: hatrpo (run4) -> /mnt/ssd1/wesley/BusEnv/logs/hatrpo_run4.log
✅ [worker 2] happo (run2) concluído
🚀 [worker 2] lançando: happo (run3) -> /mnt/ssd1/wesley/BusEnv/logs/happo_run3.log
✅ [worker 1] coma (run5) concluído
🚀 [worker 1] lançando: coma (run6) -> /mnt/ssd1/wesley/BusEnv/logs/coma_run6.log
✅ [worker 1] coma (run6) concluído
🚀 [worker 1] lançando: coma (run7) -> /mnt/ssd1/wesley/BusEnv/logs/coma_run7.log
✅ [worker 3] hatrpo (run4) concluído
🚀 [worker 3] lançando: hatrpo (run5) -> /mnt/ssd1/wesley/BusEnv/logs/hatrpo_run5.log
✅ [worker 2] happo (run3) concluído
🚀 [worker 2] lançando: happo (run4) -> /mnt/ssd1/wesley/BusEnv/logs/happo_run4.log
✅ [worker 1] coma (run7) concluído
🚀 [worker 1] lançando: coma (run8) -> /mnt/ssd1/wesley/BusEnv/logs/coma_run8.log
✅ [worker 3] hatrpo (run5) concluído
🚀 [worker 3] lançando: hatrpo (run6) -> /mnt/ssd1/wesley/BusEnv/logs/hatrpo_run6.log
✅ [worker 1] coma (run8) concluído
🚀 [worker 1] lançando: coma (run9) -> /mnt/ssd1/wesley/BusEnv/logs/coma_run9.log
✅ [worker 2] happo (run4) concluído
🚀 [worker 2] lançando: happo (run5) -> /mnt/ssd1/wesley/BusEnv/logs/happo_run5.log
✅ [worker 1] coma (run9) concluído
🚀 [worker 1] lançando: coma (run10) -> /mnt/ssd1/wesley/BusEnv/logs/coma_run10.log
✅ [worker 3] hatrpo (run6) concluído
🚀 [worker 3] lançando: hatrpo (run7) -> /mnt/ssd1/wesley/BusEnv/logs/hatrpo_run7.log
✅ [worker 1] coma (run10) concluído
🏁 [worker 1] terminou TODAS as 10 runs de 'coma'. Buscando próximo algoritmo...
🧵 [worker 1] pegou algoritmo 'ippo' (posição 3) — 10 runs em sequência
🚀 [worker 1] lançando: ippo (run1) -> /mnt/ssd1/wesley/BusEnv/logs/ippo_run1.log
✅ [worker 3] hatrpo (run7) concluído
🚀 [worker 3] lançando: hatrpo (run8) -> /mnt/ssd1/wesley/BusEnv/logs/hatrpo_run8.log
✅ [worker 2] happo (run5) concluído
🚀 [worker 2] lançando: happo (run6) -> /mnt/ssd1/wesley/BusEnv/logs/happo_run6.log
✅ [worker 1] ippo (run1) concluído
🚀 [worker 1] lançando: ippo (run2) -> /mnt/ssd1/wesley/BusEnv/logs/ippo_run2.log
✅ [worker 3] hatrpo (run8) concluído
🚀 [worker 3] lançando: hatrpo (run9) -> /mnt/ssd1/wesley/BusEnv/logs/hatrpo_run9.log
✅ [worker 1] ippo (run2) concluído
🚀 [worker 1] lançando: ippo (run3) -> /mnt/ssd1/wesley/BusEnv/logs/ippo_run3.log
✅ [worker 3] hatrpo (run9) concluído
🚀 [worker 3] lançando: hatrpo (run10) -> /mnt/ssd1/wesley/BusEnv/logs/hatrpo_run10.log
✅ [worker 2] happo (run6) concluído
🚀 [worker 2] lançando: happo (run7) -> /mnt/ssd1/wesley/BusEnv/logs/happo_run7.log
✅ [worker 1] ippo (run3) concluído
🚀 [worker 1] lançando: ippo (run4) -> /mnt/ssd1/wesley/BusEnv/logs/ippo_run4.log
✅ [worker 3] hatrpo (run10) concluído
🏁 [worker 3] terminou TODAS as 10 runs de 'hatrpo'. Buscando próximo algoritmo...
🧵 [worker 3] pegou algoritmo 'itrpo' (posição 4) — 10 runs em sequência
🚀 [worker 3] lançando: itrpo (run1) -> /mnt/ssd1/wesley/BusEnv/logs/itrpo_run1.log
✅ [worker 1] ippo (run4) concluído
🚀 [worker 1] lançando: ippo (run5) -> /mnt/ssd1/wesley/BusEnv/logs/ippo_run5.log
✅ [worker 2] happo (run7) concluído
🚀 [worker 2] lançando: happo (run8) -> /mnt/ssd1/wesley/BusEnv/logs/happo_run8.log
✅ [worker 3] itrpo (run1) concluído
🚀 [worker 3] lançando: itrpo (run2) -> /mnt/ssd1/wesley/BusEnv/logs/itrpo_run2.log
✅ [worker 1] ippo (run5) concluído
🚀 [worker 1] lançando: ippo (run6) -> /mnt/ssd1/wesley/BusEnv/logs/ippo_run6.log
✅ [worker 2] happo (run8) concluído
🚀 [worker 2] lançando: happo (run9) -> /mnt/ssd1/wesley/BusEnv/logs/happo_run9.log
✅ [worker 1] ippo (run6) concluído
🚀 [worker 1] lançando: ippo (run7) -> /mnt/ssd1/wesley/BusEnv/logs/ippo_run7.log
✅ [worker 3] itrpo (run2) concluído
🚀 [worker 3] lançando: itrpo (run3) -> /mnt/ssd1/wesley/BusEnv/logs/itrpo_run3.log
✅ [worker 1] ippo (run7) concluído
🚀 [worker 1] lançando: ippo (run8) -> /mnt/ssd1/wesley/BusEnv/logs/ippo_run8.log
✅ [worker 3] itrpo (run3) concluído
🚀 [worker 3] lançando: itrpo (run4) -> /mnt/ssd1/wesley/BusEnv/logs/itrpo_run4.log
✅ [worker 2] happo (run9) concluído
🚀 [worker 2] lançando: happo (run10) -> /mnt/ssd1/wesley/BusEnv/logs/happo_run10.log
✅ [worker 1] ippo (run8) concluído
🚀 [worker 1] lançando: ippo (run9) -> /mnt/ssd1/wesley/BusEnv/logs/ippo_run9.log
✅ [worker 3] itrpo (run4) concluído
🚀 [worker 3] lançando: itrpo (run5) -> /mnt/ssd1/wesley/BusEnv/logs/itrpo_run5.log
✅ [worker 1] ippo (run9) concluído
🚀 [worker 1] lançando: ippo (run10) -> /mnt/ssd1/wesley/BusEnv/logs/ippo_run10.log
✅ [worker 2] happo (run10) concluído
🏁 [worker 2] terminou TODAS as 10 runs de 'happo'. Buscando próximo algoritmo...
🧵 [worker 2] pegou algoritmo 'matrpo' (posição 5) — 10 runs em sequência
🚀 [worker 2] lançando: matrpo (run1) -> /mnt/ssd1/wesley/BusEnv/logs/matrpo_run1.log
✅ [worker 3] itrpo (run5) concluído
🚀 [worker 3] lançando: itrpo (run6) -> /mnt/ssd1/wesley/BusEnv/logs/itrpo_run6.log
✅ [worker 1] ippo (run10) concluído
🏁 [worker 1] terminou TODAS as 10 runs de 'ippo'. Buscando próximo algoritmo...
🧵 [worker 1] pegou algoritmo 'ia2c' (posição 6) — 10 runs em sequência
🚀 [worker 1] lançando: ia2c (run1) -> /mnt/ssd1/wesley/BusEnv/logs/ia2c_run1.log
✅ [worker 2] matrpo (run1) concluído
🚀 [worker 2] lançando: matrpo (run2) -> /mnt/ssd1/wesley/BusEnv/logs/matrpo_run2.log
✅ [worker 1] ia2c (run1) concluído
🚀 [worker 1] lançando: ia2c (run2) -> /mnt/ssd1/wesley/BusEnv/logs/ia2c_run2.log
✅ [worker 3] itrpo (run6) concluído
🚀 [worker 3] lançando: itrpo (run7) -> /mnt/ssd1/wesley/BusEnv/logs/itrpo_run7.log
✅ [worker 1] ia2c (run2) concluído
🚀 [worker 1] lançando: ia2c (run3) -> /mnt/ssd1/wesley/BusEnv/logs/ia2c_run3.log
✅ [worker 2] matrpo (run2) concluído
🚀 [worker 2] lançando: matrpo (run3) -> /mnt/ssd1/wesley/BusEnv/logs/matrpo_run3.log
✅ [worker 1] ia2c (run3) concluído
🚀 [worker 1] lançando: ia2c (run4) -> /mnt/ssd1/wesley/BusEnv/logs/ia2c_run4.log
✅ [worker 3] itrpo (run7) concluído
🚀 [worker 3] lançando: itrpo (run8) -> /mnt/ssd1/wesley/BusEnv/logs/itrpo_run8.log
✅ [worker 1] ia2c (run4) concluído
🚀 [worker 1] lançando: ia2c (run5) -> /mnt/ssd1/wesley/BusEnv/logs/ia2c_run5.log
✅ [worker 2] matrpo (run3) concluído
🚀 [worker 2] lançando: matrpo (run4) -> /mnt/ssd1/wesley/BusEnv/logs/matrpo_run4.log
✅ [worker 3] itrpo (run8) concluído
🚀 [worker 3] lançando: itrpo (run9) -> /mnt/ssd1/wesley/BusEnv/logs/itrpo_run9.log
✅ [worker 1] ia2c (run5) concluído
🚀 [worker 1] lançando: ia2c (run6) -> /mnt/ssd1/wesley/BusEnv/logs/ia2c_run6.log
✅ [worker 2] matrpo (run4) concluído
🚀 [worker 2] lançando: matrpo (run5) -> /mnt/ssd1/wesley/BusEnv/logs/matrpo_run5.log
✅ [worker 1] ia2c (run6) concluído
🚀 [worker 1] lançando: ia2c (run7) -> /mnt/ssd1/wesley/BusEnv/logs/ia2c_run7.log
✅ [worker 3] itrpo (run9) concluído
🚀 [worker 3] lançando: itrpo (run10) -> /mnt/ssd1/wesley/BusEnv/logs/itrpo_run10.log
✅ [worker 1] ia2c (run7) concluído
🚀 [worker 1] lançando: ia2c (run8) -> /mnt/ssd1/wesley/BusEnv/logs/ia2c_run8.log
✅ [worker 2] matrpo (run5) concluído
🚀 [worker 2] lançando: matrpo (run6) -> /mnt/ssd1/wesley/BusEnv/logs/matrpo_run6.log
✅ [worker 1] ia2c (run8) concluído
🚀 [worker 1] lançando: ia2c (run9) -> /mnt/ssd1/wesley/BusEnv/logs/ia2c_run9.log
✅ [worker 3] itrpo (run10) concluído
🏁 [worker 3] terminou TODAS as 10 runs de 'itrpo'. Buscando próximo algoritmo...
🧵 [worker 3] pegou algoritmo 'maa2c' (posição 7) — 10 runs em sequência
🚀 [worker 3] lançando: maa2c (run1) -> /mnt/ssd1/wesley/BusEnv/logs/maa2c_run1.log
✅ [worker 1] ia2c (run9) concluído
🚀 [worker 1] lançando: ia2c (run10) -> /mnt/ssd1/wesley/BusEnv/logs/ia2c_run10.log
✅ [worker 3] maa2c (run1) concluído
🚀 [worker 3] lançando: maa2c (run2) -> /mnt/ssd1/wesley/BusEnv/logs/maa2c_run2.log
✅ [worker 2] matrpo (run6) concluído
🚀 [worker 2] lançando: matrpo (run7) -> /mnt/ssd1/wesley/BusEnv/logs/matrpo_run7.log
✅ [worker 1] ia2c (run10) concluído
🏁 [worker 1] terminou TODAS as 10 runs de 'ia2c'. Buscando próximo algoritmo...
🧵 [worker 1] pegou algoritmo 'mappo' (posição 8) — 10 runs em sequência
🚀 [worker 1] lançando: mappo (run1) -> /mnt/ssd1/wesley/BusEnv/logs/mappo_run1.log
✅ [worker 3] maa2c (run2) concluído
🚀 [worker 3] lançando: maa2c (run3) -> /mnt/ssd1/wesley/BusEnv/logs/maa2c_run3.log
✅ [worker 2] matrpo (run7) concluído
🚀 [worker 2] lançando: matrpo (run8) -> /mnt/ssd1/wesley/BusEnv/logs/matrpo_run8.log
✅ [worker 3] maa2c (run3) concluído
🚀 [worker 3] lançando: maa2c (run4) -> /mnt/ssd1/wesley/BusEnv/logs/maa2c_run4.log
✅ [worker 1] mappo (run1) concluído
🚀 [worker 1] lançando: mappo (run2) -> /mnt/ssd1/wesley/BusEnv/logs/mappo_run2.log
✅ [worker 3] maa2c (run4) concluído
🚀 [worker 3] lançando: maa2c (run5) -> /mnt/ssd1/wesley/BusEnv/logs/maa2c_run5.log
✅ [worker 2] matrpo (run8) concluído
🚀 [worker 2] lançando: matrpo (run9) -> /mnt/ssd1/wesley/BusEnv/logs/matrpo_run9.log
✅ [worker 1] mappo (run2) concluído
🚀 [worker 1] lançando: mappo (run3) -> /mnt/ssd1/wesley/BusEnv/logs/mappo_run3.log
✅ [worker 3] maa2c (run5) concluído
🚀 [worker 3] lançando: maa2c (run6) -> /mnt/ssd1/wesley/BusEnv/logs/maa2c_run6.log
✅ [worker 3] maa2c (run6) concluído
🚀 [worker 3] lançando: maa2c (run7) -> /mnt/ssd1/wesley/BusEnv/logs/maa2c_run7.log
✅ [worker 2] matrpo (run9) concluído
🚀 [worker 2] lançando: matrpo (run10) -> /mnt/ssd1/wesley/BusEnv/logs/matrpo_run10.log
✅ [worker 1] mappo (run3) concluído
🚀 [worker 1] lançando: mappo (run4) -> /mnt/ssd1/wesley/BusEnv/logs/mappo_run4.log
✅ [worker 3] maa2c (run7) concluído
🚀 [worker 3] lançando: maa2c (run8) -> /mnt/ssd1/wesley/BusEnv/logs/maa2c_run8.log
✅ [worker 2] matrpo (run10) concluído
🏁 [worker 2] terminou TODAS as 10 runs de 'matrpo'. Buscando próximo algoritmo...
🧵 [worker 2] fila esgotada, encerrando.
✅ [worker 1] mappo (run4) concluído
🚀 [worker 1] lançando: mappo (run5) -> /mnt/ssd1/wesley/BusEnv/logs/mappo_run5.log
✅ [worker 3] maa2c (run8) concluído
🚀 [worker 3] lançando: maa2c (run9) -> /mnt/ssd1/wesley/BusEnv/logs/maa2c_run9.log
✅ [worker 3] maa2c (run9) concluído
🚀 [worker 3] lançando: maa2c (run10) -> /mnt/ssd1/wesley/BusEnv/logs/maa2c_run10.log
✅ [worker 1] mappo (run5) concluído
🚀 [worker 1] lançando: mappo (run6) -> /mnt/ssd1/wesley/BusEnv/logs/mappo_run6.log
✅ [worker 3] maa2c (run10) concluído
🏁 [worker 3] terminou TODAS as 10 runs de 'maa2c'. Buscando próximo algoritmo...
🧵 [worker 3] fila esgotada, encerrando.
✅ [worker 1] mappo (run6) concluído
🚀 [worker 1] lançando: mappo (run7) -> /mnt/ssd1/wesley/BusEnv/logs/mappo_run7.log
✅ [worker 1] mappo (run7) concluído
🚀 [worker 1] lançando: mappo (run8) -> /mnt/ssd1/wesley/BusEnv/logs/mappo_run8.log
✅ [worker 1] mappo (run8) concluído
🚀 [worker 1] lançando: mappo (run9) -> /mnt/ssd1/wesley/BusEnv/logs/mappo_run9.log
✅ [worker 1] mappo (run9) concluído
🚀 [worker 1] lançando: mappo (run10) -> /mnt/ssd1/wesley/BusEnv/logs/mappo_run10.log
✅ [worker 1] mappo (run10) concluído
🏁 [worker 1] terminou TODAS as 10 runs de 'mappo'. Buscando próximo algoritmo...
🧵 [worker 1] fila esgotada, encerrando.
🏁 Todos os algoritmos (9) x 10 runs foram concluídos!
📄 Logs: /mnt/ssd1/wesley/BusEnv/logs
🌱 CodeCarbon CSV: /mnt/ssd1/wesley/BusEnv/codecarbon/emissions.csv (por padrão)
