trip_id,service_day,pt_sequence,y_true,y_pred_naive,y_pred_timesfm,y_pred_timesfm_ft
20056_1346_2,2024-05-01,1,1.9492754,1.1769269704818726,6.416420936584473,1.276176929473877
20056_1346_2,2024-05-01,2,2.2785025,1.7154295444488523,3.923468351364136,2.1742963790893555
20056_1346_2,2024-05-01,3,3.0611112,2.365856647491455,4.40456485748291,2.7611570358276367
20056_1346_2,2024-05-01,4,5.047391,4.1190948486328125,4.054676055908203,4.250359535217285
20056_1346_2,2024-05-01,5,8.488783,6.402818202972412,5.716644287109375,6.097755432128906
20056_1346_2,2024-05-01,6,9.192854,6.60247802734375,8.03465461730957,5.939274787902832
20056_1346_2,2024-05-01,7,9.489721,6.935990810394287,7.728501319885254,6.519223213195801
20056_1346_2,2024-05-01,8,10.344503,7.142345428466797,7.37861442565918,6.2559814453125
20056_1346_2,2024-05-01,9,11.689449,8.970804214477539,7.815974235534668,8.283804893493652
20056_1346_2,2024-05-01,10,12.62392,9.480168342590332,8.340806007385254,8.619516372680664
20056_1346_2,2024-05-01,11,13.575141,9.847244262695312,9.609150886535645,8.90664291381836
20056_1346_2,2024-05-01,12,14.225735,10.585009574890137,11.292987823486328,9.052777290344238
20056_1346_2,2024-05-01,13,15.704447,12.443245887756348,13.45792007446289,10.928140640258787
20056_1346_2,2024-05-01,14,17.203917,16.112899780273438,15.054286003112791,14.292731285095217
20056_1346_2,2024-05-01,15,17.337431,17.07987403869629,15.57911777496338,14.72016429901123
20056_1346_2,2024-05-01,16,17.844677,17.41364860534668,16.738122940063477,15.17519187927246
20056_1346_2,2024-05-01,17,18.235981,19.22969436645508,17.43790054321289,16.60879135131836
20056_1346_2,2024-05-01,18,18.670765,19.62328147888184,18.159543991088867,16.90287208557129
20056_1346_2,2024-05-01,19,18.953693,19.88654899597168,19.66570472717285,16.790494918823242
20056_1346_2,2024-05-01,20,19.169098,20.695804595947266,21.639291763305664,17.04621696472168
20056_1346_2,2024-05-01,21,14.20694,25.9416561126709,22.9049015045166,22.269512176513672
20056_1346_2,2024-05-01,22,14.722791,26.41566467285156,24.03110694885254,22.83837127685547
20056_1346_2,2024-05-01,23,15.038049,27.59134292602539,25.550933837890625,24.45072364807129
20056_1346_2,2024-05-01,24,15.593789,28.024715423583984,26.64433479309082,25.03802299499512
20056_1346_2,2024-05-01,25,15.414908,28.22366714477539,27.20196533203125,25.74737548828125
20056_1346_2,2024-05-01,26,16.123468,28.50868225097656,28.284433364868164,26.831527709960938
20056_1346_2,2024-05-01,27,16.195242,28.425670623779297,27.934547424316406,26.04703140258789
20056_1346_2,2024-05-01,28,16.504772,29.60616874694824,29.81519317626953,27.936710357666016
20056_1346_2,2024-05-01,29,17.274105,32.74239730834961,31.083539962768555,31.349998474121094
20056_1346_2,2024-05-01,30,16.931976,31.70542907714844,31.586502075195312,30.474462509155277
20056_1346_2,2024-05-01,31,18.356277,33.1629638671875,31.477163314819336,32.265079498291016
20056_1346_2,2024-05-01,32,18.586798,33.22589874267578,32.26441192626953,32.93989181518555
20056_1346_2,2024-05-01,33,19.029078,33.47272872924805,32.65803527832031,33.45903015136719
20056_1346_2,2024-05-01,34,15.618365,30.298723220825195,32.41748809814453,30.772750854492188
20056_1346_2,2024-05-01,35,15.899236,30.430519104003903,32.330013275146484,31.035140991210938
20056_1346_2,2024-05-01,36,15.750426,30.60198402404785,32.41748809814453,31.00873565673828
20056_1346_2,2024-05-01,37,15.551146,30.10770606994629,32.26441192626953,30.22710227966309
20056_1346_2,2024-05-01,38,15.71043,31.052345275878903,32.3956184387207,31.22557830810547
20056_1346_2,2024-05-01,39,16.325634,31.463666915893555,32.61429977416992,31.768280029296875
20056_1346_2,2024-05-01,40,16.245716,31.423583984375,32.920448303222656,31.863609313964844
20056_1346_2,2024-05-01,41,16.737085,31.84147453308105,32.920448303222656,32.52546691894531
20056_1346_2,2024-05-01,42,17.544256,32.41223907470703,33.48902130126953,33.319847106933594
20056_1346_2,2024-05-01,43,16.95863,31.95586585998535,32.8548469543457,32.21378326416016
20056_1346_2,2024-05-01,44,17.190538,32.28456497192383,32.98605728149414,32.48286819458008
20056_1346_2,2024-05-01,45,17.638018,32.60208511352539,33.051658630371094,33.39712905883789
20056_1346_2,2024-05-01,46,17.594034,32.63068008422852,33.139129638671875,35.28078842163086
20056_1346_2,2024-05-01,47,0.0,20.87789535522461,23.011510848999023,22.76995277404785
20056_1346_2,2024-05-02,1,2.6346238,1.1769269704818726,0.0,0.0
20056_1346_2,2024-05-02,2,3.3289247,1.7154295444488523,0.0,0.0
20056_1346_2,2024-05-02,3,3.9808064,2.365856647491455,0.0,0.0
20056_1346_2,2024-05-02,4,5.144785,4.1190948486328125,0.0,0.0
20056_1346_2,2024-05-02,5,7.636774,6.402818202972412,0.0,0.0
20056_1346_2,2024-05-02,6,8.659176,6.60247802734375,0.0,0.0
20056_1346_2,2024-05-02,7,9.3027,6.935990810394287,0.0,0.0
20056_1346_2,2024-05-02,8,10.130656,7.142345428466797,0.0,0.0
20056_1346_2,2024-05-02,9,11.200366,8.970804214477539,0.0141031742095947,0.4067858457565307
20056_1346_2,2024-05-02,10,12.066894,9.480168342590332,0.5282968282699585,0.3785407543182373
20056_1346_2,2024-05-02,11,12.740305,9.847244262695312,1.2138863801956177,0.391396164894104
20056_1346_2,2024-05-02,12,13.482039,10.585009574890137,2.327970504760742,0.0842391848564148
20056_1346_2,2024-05-02,13,15.477772,12.443245887756348,4.1704936027526855,0.343559205532074
20056_1346_2,2024-05-02,14,18.03518,16.112899780273438,5.498824119567871,1.3483000993728638
20056_1346_2,2024-05-02,15,18.65294,17.07987403869629,6.612908363342285,2.120938301086426
20056_1346_2,2024-05-02,16,19.205057,17.41364860534668,7.555593967437744,1.908492088317871
20056_1346_2,2024-05-02,17,20.439577,19.22969436645508,7.641293048858643,2.564790725708008
20056_1346_2,2024-05-02,18,20.7622,19.62328147888184,8.712528228759766,2.5760669708251958
20056_1346_2,2024-05-02,19,20.874931,19.88654899597168,10.062283515930176,2.437119483947754
20056_1346_2,2024-05-02,20,21.316614,20.695804595947266,11.497736930847168,1.4430906772613523
20056_1346_2,2024-05-02,21,16.327194,25.9416561126709,12.076204299926758,2.899282455444336
20056_1346_2,2024-05-02,22,17.757353,26.41566467285156,13.147439002990724,2.795102119445801
20056_1346_2,2024-05-02,23,19.357388,27.59134292602539,13.747329711914062,2.2998251914978027
20056_1346_2,2024-05-02,24,20.36544,28.024715423583984,14.582893371582031,2.4782702922821045
20056_1346_2,2024-05-02,25,20.69152,28.22366714477539,16.104045867919922,2.506056547164917
20056_1346_2,2024-05-02,26,20.940735,28.50868225097656,16.393278121948242,2.0013914108276367
20056_1346_2,2024-05-02,27,20.994959,28.425670623779297,16.811059951782227,2.022890567779541
20056_1346_2,2024-05-02,28,22.070068,29.60616874694824,17.732322692871094,2.059385299682617
20056_1346_2,2024-05-02,29,24.703022,32.74239730834961,18.953527450561523,3.3604736328125
20056_1346_2,2024-05-02,30,24.350458,31.70542907714844,19.53199577331543,2.6740074157714844
20056_1346_2,2024-05-02,31,24.982973,33.1629638671875,19.63644218444824,3.499974250793457
20056_1346_2,2024-05-02,32,25.163586,33.22589874267578,19.673933029174805,3.8301925659179688
20056_1346_2,2024-05-02,33,25.778605,33.47272872924805,20.09171295166016,3.7029099464416495
20056_1346_2,2024-05-02,34,22.236462,30.298723220825195,19.858722686767575,2.773395299911499
20056_1346_2,2024-05-02,35,22.481829,30.430519104003903,19.783735275268555,3.096354961395264
20056_1346_2,2024-05-02,36,22.694103,30.60198402404785,19.858722686767575,3.391852855682373
20056_1346_2,2024-05-02,37,22.332113,30.10770606994629,20.10862159729004,3.4867019653320312
20056_1346_2,2024-05-02,38,22.114033,31.052345275878903,19.96852302551269,3.5430407524108887
20056_1346_2,2024-05-02,39,22.738722,31.463666915893555,20.2363338470459,4.793575763702393
20056_1346_2,2024-05-02,40,22.877941,31.423583984375,21.173662185668945,4.628833770751953
20056_1346_2,2024-05-02,41,23.30364,31.84147453308105,21.05047035217285,4.733241081237793
20056_1346_2,2024-05-02,42,24.032022,32.41223907470703,21.602155685424805,5.02227783203125
20056_1346_2,2024-05-02,43,24.254911,31.95586585998535,21.146211624145508,4.51005744934082
20056_1346_2,2024-05-02,44,24.738379,32.28456497192383,21.32363510131836,4.216623783111572
20056_1346_2,2024-05-02,45,25.298355,32.60208511352539,21.057165145874023,3.995138168334961
20056_1346_2,2024-05-02,46,25.137823,32.63068008422852,19.748920440673828,3.861197471618652
20056_1346_2,2024-05-02,47,0.032258064,20.87789535522461,11.240641593933104,0.4513273537158966
20056_1346_2,2024-05-03,1,2.1891,1.1769269704818726,0.0,0.0
20056_1346_2,2024-05-03,2,2.7396,1.7154295444488523,0.0,0.0
20056_1346_2,2024-05-03,3,3.4796,2.365856647491455,0.0,0.0
20056_1346_2,2024-05-03,4,4.9971,4.1190948486328125,0.0,0.2675635814666748
20056_1346_2,2024-05-03,5,7.3911247,6.402818202972412,1.1163746118545532,2.1259264945983887
20056_1346_2,2024-05-03,6,7.668195,6.60247802734375,2.744985818862915,2.476818561553955
20056_1346_2,2024-05-03,7,8.066073,6.935990810394287,2.744985818862915,2.9960739612579346
20056_1346_2,2024-05-03,8,8.586073,7.142345428466797,3.872485637664795,3.634033203125
20056_1346_2,2024-05-03,9,10.166431,8.970804214477539,4.8747076988220215,5.643691539764404
20056_1346_2,2024-05-03,10,11.007266,9.480168342590332,5.292301177978516,5.981224536895752
20056_1346_2,2024-05-03,11,11.527266,9.847244262695312,5.960448741912842,6.383728504180908
20056_1346_2,2024-05-03,12,12.205559,10.585009574890137,7.672579288482666,6.441831111907959
20056_1346_2,2024-05-03,13,14.527157,12.443245887756348,10.32429313659668,7.734860420227051
20056_1346_2,2024-05-03,14,17.98693,16.112899780273438,11.180357933044434,9.344210624694824
20056_1346_2,2024-05-03,15,18.922092,17.07987403869629,12.558412551879885,10.059730529785156
20056_1346_2,2024-05-03,16,19.31751,17.41364860534668,14.019987106323242,11.198728561401367
20056_1346_2,2024-05-03,17,20.794052,19.22969436645508,14.8342924118042,12.102402687072754
20056_1346_2,2024-05-03,18,21.071539,19.62328147888184,15.460680961608888,12.377256393432615
20056_1346_2,2024-05-03,19,21.151804,19.88654899597168,16.817859649658203,12.44976806640625
20056_1346_2,2024-05-03,20,21.68377,20.695804595947266,17.950576782226562,12.39608383178711
20056_1346_2,2024-05-03,21,17.704975,25.9416561126709,18.89016342163086,15.07321834564209
20056_1346_2,2024-05-03,22,17.91581,26.41566467285156,19.574295043945312,14.885174751281738
20056_1346_2,2024-05-03,23,19.356548,27.59134292602539,20.484844207763672,15.323854446411133
20056_1346_2,2024-05-03,24,20.135424,28.024715423583984,21.28348922729492,15.481775283813477
20056_1346_2,2024-05-03,25,20.127758,28.22366714477539,22.016883850097656,15.878070831298828
20056_1346_2,2024-05-03,26,19.952538,28.50868225097656,22.48667526245117,16.116445541381836
20056_1346_2,2024-05-03,27,19.809792,28.425670623779297,23.113067626953125,16.032737731933594
20056_1346_2,2024-05-03,28,20.363434,29.60616874694824,24.355403900146484,16.478458404541016
20056_1346_2,2024-05-03,29,23.018198,32.74239730834961,25.20103073120117,18.87919235229492
20056_1346_2,2024-05-03,30,21.735163,31.70542907714844,26.54776763916016,18.742206573486328
20056_1346_2,2024-05-03,31,22.310965,33.1629638671875,26.63128662109375,19.942920684814453
20056_1346_2,2024-05-03,32,22.633299,33.22589874267578,27.65438842773437,20.59349822998047
20056_1346_2,2024-05-03,33,23.155405,33.47272872924805,27.42470932006836,20.35072326660156
20056_1346_2,2024-05-03,34,20.119373,30.298723220825195,27.236797332763672,18.641921997070312
20056_1346_2,2024-05-03,35,20.369373,30.430519104003903,27.15327453613281,18.987865447998047
20056_1346_2,2024-05-03,36,20.436901,30.60198402404785,26.474689483642575,18.498794555664062
20056_1346_2,2024-05-03,37,20.513899,30.10770606994629,27.132396697998047,18.81478500366211
20056_1346_2,2024-05-03,38,21.591745,31.052345275878903,27.3620719909668,19.300670623779297
20056_1346_2,2024-05-03,39,22.615278,31.463666915893555,26.75656509399414,19.84417724609375
20056_1346_2,2024-05-03,40,23.002632,31.423583984375,26.73568344116211,19.339508056640625
20056_1346_2,2024-05-03,41,23.033133,31.84147453308105,26.73568344116211,19.624889373779297
20056_1346_2,2024-05-03,42,23.938032,32.41223907470703,26.359851837158203,19.8953857421875
20056_1346_2,2024-05-03,43,23.449556,31.95586585998535,26.255451202392575,19.69823837280273
20056_1346_2,2024-05-03,44,23.78363,32.28456497192383,25.963134765625,19.71386337280273
20056_1346_2,2024-05-03,45,24.332277,32.60208511352539,25.420265197753903,19.84744644165039
20056_1346_2,2024-05-03,46,23.979187,32.63068008422852,24.56420135498047,19.316688537597656
20056_1346_2,2024-05-03,47,0.28,20.87789535522461,16.013992309570312,11.563833236694336
20056_1346_2,2024-05-04,1,2.761111,1.0528042316436768,0.0,0.0
20056_1346_2,2024-05-04,2,3.3960316,1.6423966884613037,0.0,0.0
20056_1346_2,2024-05-04,3,3.9833333,2.271568775177002,0.0,0.1768892407417297
20056_1346_2,2024-05-04,4,5.792857,4.288400173187256,1.3459680080413818,2.71984338760376
20056_1346_2,2024-05-04,5,9.030952,7.707341194152832,3.876106023788452,5.001295566558838
20056_1346_2,2024-05-04,6,9.037487,8.021598815917969,5.875731468200684,5.899953842163086
20056_1346_2,2024-05-04,7,9.277607,8.230372428894043,6.038967132568359,6.553915500640869
20056_1346_2,2024-05-04,8,9.404592,8.497858047485352,6.610288143157959,6.652851104736328
20056_1346_2,2024-05-04,9,11.581377,10.765100479125977,6.814331531524658,7.7757463455200195
20056_1346_2,2024-05-04,10,11.982504,11.4384765625,7.140801906585693,8.08115005493164
20056_1346_2,2024-05-04,11,12.333978,12.183871269226074,8.834362030029297,9.253867149353027
20056_1346_2,2024-05-04,12,13.216842,12.96076774597168,10.527923583984377,9.744979858398438
20056_1346_2,2024-05-04,13,14.617201,14.603288650512695,12.34390926361084,10.420795440673828
20056_1346_2,2024-05-04,14,17.788837,17.25313377380371,12.894826889038086,11.917523384094238
20056_1346_2,2024-05-04,15,18.106298,17.694337844848633,14.057873725891112,12.809748649597168
20056_1346_2,2024-05-04,16,18.280901,17.902782440185547,15.0474853515625,13.581998825073242
20056_1346_2,2024-05-04,17,19.35479,18.95857048034668,15.59840202331543,13.880664825439451
20056_1346_2,2024-05-04,18,19.6439,19.255189895629883,16.230937957763672,14.003418922424316
20056_1346_2,2024-05-04,19,19.691519,19.39704132080078,17.312366485595703,14.108874320983888
20056_1346_2,2024-05-04,20,19.903925,19.972436904907227,17.842880249023438,13.572309494018556
20056_1346_2,2024-05-04,21,19.629396,27.42458152770996,18.082632064819336,16.068376541137695
20056_1346_2,2024-05-04,22,19.593813,27.587451934814453,17.705150604248047,15.54003620147705
20056_1346_2,2024-05-04,23,19.329386,27.59094619750977,18.45756149291992,15.766156196594238
20056_1346_2,2024-05-04,24,19.40443,27.70151138305664,18.281572341918945,15.957154273986816
20056_1346_2,2024-05-04,25,19.459196,27.688446044921875,18.61824607849121,16.281017303466797
20056_1346_2,2024-05-04,26,19.904594,27.78281784057617,18.80953598022461,16.2816104888916
20056_1346_2,2024-05-04,27,19.946863,27.644235610961918,19.320919036865234,16.32082748413086
20056_1346_2,2024-05-04,28,21.956112,28.86310768127441,20.6274356842041,16.99274444580078
20056_1346_2,2024-05-04,29,25.48974,32.23114776611328,21.44679832458496,18.64354515075684
20056_1346_2,2024-05-04,30,23.552937,31.10227394104004,22.3165340423584,18.51429557800293
20056_1346_2,2024-05-04,31,25.778662,32.87799072265625,21.92374992370605,19.64217758178711
20056_1346_2,2024-05-04,32,25.687078,32.93031692504883,22.474666595458984,20.089319229125977
20056_1346_2,2024-05-04,33,25.829935,33.15863037109375,22.77052879333496,20.30531311035156
20056_1346_2,2024-05-04,34,21.38411,29.03934097290039,22.36244201660156,18.27270126342773
20056_1346_2,2024-05-04,35,21.558712,29.15364646911621,22.09718894958496,17.61614418029785
20056_1346_2,2024-05-04,36,21.823713,29.3381290435791,22.081884384155277,17.816600799560547
20056_1346_2,2024-05-04,37,21.60048,28.800312042236328,22.19920921325684,17.96959686279297
20056_1346_2,2024-05-04,38,23.569963,29.702098846435547,22.423656463623047,18.763410568237305
20056_1346_2,2024-05-04,39,23.824837,30.120492935180664,23.244930267333984,19.97218132019043
20056_1346_2,2024-05-04,40,24.052713,30.05293846130371,24.168228149414062,20.556379318237305
20056_1346_2,2024-05-04,41,24.770605,30.463886260986328,23.902971267700195,21.26287841796875
20056_1346_2,2024-05-04,42,25.892204,31.39413070678711,24.729347229003903,22.357330322265625
20056_1346_2,2024-05-04,43,25.341116,30.80489730834961,24.52530288696289,22.21492958068848
20056_1346_2,2024-05-04,44,25.837149,31.14222717285156,24.688539505004883,22.0161075592041
20056_1346_2,2024-05-04,45,26.081842,31.39296531677246,24.19883346557617,21.532854080200195
20056_1346_2,2024-05-04,46,25.678871,31.35483169555664,21.645740509033203,19.666597366333008
20056_1346_2,2024-05-04,47,0.0,18.76543426513672,12.26229190826416,11.549330711364746
20056_1346_2,2024-05-05,1,1.015625,0.8287686109542847,0.0,0.0
20056_1346_2,2024-05-05,2,1.515625,1.3201738595962524,0.0,0.0
20056_1346_2,2024-05-05,3,2.0,1.6970230340957642,0.0,0.0
20056_1346_2,2024-05-05,4,3.3125,4.049117088317871,2.672607898712158,3.3111934661865234
20056_1346_2,2024-05-05,5,5.7421875,8.322346687316895,4.456486225128174,5.580090522766113
20056_1346_2,2024-05-05,6,5.81684,8.488179206848145,6.240365028381348,5.995323181152344
20056_1346_2,2024-05-05,7,6.2439237,8.926745414733887,6.557497978210449,6.89784049987793
20056_1346_2,2024-05-05,8,6.3845487,9.235280990600586,7.112483024597168,7.453598499298096
20056_1346_2,2024-05-05,9,7.898787,12.115620613098145,7.786392688751221,9.238624572753906
20056_1346_2,2024-05-05,10,8.194242,12.973203659057615,8.262093544006348,9.87398624420166
20056_1346_2,2024-05-05,11,8.569242,14.583900451660156,9.669374465942385,10.741851806640623
20056_1346_2,2024-05-05,12,9.178617,15.30591869354248,11.314507484436035,11.104025840759276
20056_1346_2,2024-05-05,13,9.787992,16.205589294433594,12.741609573364258,11.663371086120604
20056_1346_2,2024-05-05,14,11.442647,17.59914779663086,12.563220024108888,12.829258918762209
20056_1346_2,2024-05-05,15,11.691717,17.779706954956055,13.39569854736328,13.402299880981444
20056_1346_2,2024-05-05,16,11.722967,17.91851234436035,14.16871166229248,13.273677825927734
20056_1346_2,2024-05-05,17,12.144842,18.21064758300781,14.386741638183594,13.87551212310791
20056_1346_2,2024-05-05,18,12.323132,18.32961845397949,15.68500804901123,14.580500602722168
20056_1346_2,2024-05-05,19,12.416882,18.407958984375,17.0922908782959,14.653271675109863
20056_1346_2,2024-05-05,20,12.243842,18.449237823486328,17.85539436340332,14.09583854675293
20056_1346_2,2024-05-05,21,17.156246,22.995281219482425,17.580379486083984,16.140485763549805
20056_1346_2,2024-05-05,22,16.996767,22.975284576416016,18.006528854370117,15.997520446777344
20056_1346_2,2024-05-05,23,17.21134,23.00159454345703,18.471698760986328,16.216699600219727
20056_1346_2,2024-05-05,24,17.3594,23.13515853881836,18.01767921447754,16.127138137817383
20056_1346_2,2024-05-05,25,17.296087,23.121435165405277,18.298887252807617,16.30326271057129
20056_1346_2,2024-05-05,26,17.54555,23.153549194335938,18.05855941772461,15.96115493774414
20056_1346_2,2024-05-05,27,17.44891,23.04879570007324,18.778303146362305,16.066936492919922
20056_1346_2,2024-05-05,28,18.004784,23.3577880859375,19.441062927246094,16.957338333129883
20056_1346_2,2024-05-05,29,20.910591,25.31490707397461,20.61049461364746,19.33189582824707
20056_1346_2,2024-05-05,30,19.952818,24.145702362060547,22.027687072753903,19.24097442626953
20056_1346_2,2024-05-05,31,21.595821,25.20762062072754,21.75019645690918,20.467573165893555
20056_1346_2,2024-05-05,32,21.55771,25.0537223815918,22.22589683532715,20.32522392272949
20056_1346_2,2024-05-05,33,21.683855,25.163970947265625,22.414194107055664,20.199071884155277
20056_1346_2,2024-05-05,34,21.917048,21.68402671813965,21.888940811157227,17.947067260742188
20056_1346_2,2024-05-05,35,21.963923,21.79657554626465,21.6709098815918,17.230802536010742
20056_1346_2,2024-05-05,36,21.940203,21.819067001342773,21.5024356842041,17.156211853027344
20056_1346_2,2024-05-05,37,21.352339,21.39386558532715,21.65604782104492,16.941814422607422
20056_1346_2,2024-05-05,38,22.251732,22.237817764282227,20.962316513061523,17.271440505981445
20056_1346_2,2024-05-05,39,22.590498,22.489917755126957,21.55446434020996,18.16145896911621
20056_1346_2,2024-05-05,40,22.686754,22.368480682373047,21.80222511291504,18.24125099182129
20056_1346_2,2024-05-05,41,23.196476,22.991832733154297,21.39837455749512,18.55494880676269
20056_1346_2,2024-05-05,42,23.986465,23.5979061126709,21.81461334228516,19.13809967041016
20056_1346_2,2024-05-05,43,23.985905,23.005205154418945,21.779926300048828,18.90753936767578
20056_1346_2,2024-05-05,44,24.250614,23.308002471923828,21.879030227661133,18.730484008789062
20056_1346_2,2024-05-05,45,24.409695,23.51480865478516,21.59658432006836,18.02673721313477
20056_1346_2,2024-05-05,46,24.552366,23.427364349365234,18.61354255676269,15.83660888671875
20056_1346_2,2024-05-05,47,13.015508,12.740336418151855,9.213495254516602,7.48319673538208
20056_1346_2,2024-05-06,1,1.3838384,1.1769269704818726,2.3367176055908203,0.0
20056_1346_2,2024-05-06,2,1.8921717,1.7154295444488523,0.0,1.1899943351745603
20056_1346_2,2024-05-06,3,2.5285354,2.365856647491455,2.531625747680664,2.4465906620025635
20056_1346_2,2024-05-06,4,4.2765417,4.1190948486328125,4.285798072814941,4.5540924072265625
20056_1346_2,2024-05-06,5,6.680582,6.402818202972412,7.365345001220703,6.6569647789001465
20056_1346_2,2024-05-06,6,6.6398654,6.60247802734375,8.768682479858398,6.83146333694458
20056_1346_2,2024-05-06,7,7.28633,6.935990810394287,8.651738166809082,7.346615314483643
20056_1346_2,2024-05-06,8,7.3629293,7.142345428466797,8.690719604492188,7.387402057647705
20056_1346_2,2024-05-06,9,9.548106,8.970804214477539,8.963590621948242,8.38630485534668
20056_1346_2,2024-05-06,10,9.909049,9.480168342590332,9.47035026550293,8.606059074401855
20056_1346_2,2024-05-06,11,10.070665,9.847244262695312,10.912670135498049,9.233749389648438
20056_1346_2,2024-05-06,12,10.988671,10.585009574890137,12.179573059082031,9.556610107421877
20056_1346_2,2024-05-06,13,12.5219,12.443245887756348,14.118907928466797,10.231050491333008
20056_1346_2,2024-05-06,14,16.09009,16.112899780273438,13.992218017578123,11.454339981079102
20056_1346_2,2024-05-06,15,17.11127,17.07987403869629,14.118907928466797,11.82962417602539
20056_1346_2,2024-05-06,16,17.30319,17.41364860534668,15.48326301574707,12.613563537597656
20056_1346_2,2024-05-06,17,19.030817,19.22969436645508,15.92180633544922,13.34714698791504
20056_1346_2,2024-05-06,18,19.257263,19.62328147888184,16.56500244140625,13.782272338867188
20056_1346_2,2024-05-06,19,19.446619,19.88654899597168,18.076148986816406,13.95844268798828
20056_1346_2,2024-05-06,20,20.410387,20.695804595947266,19.700584411621094,14.16189956665039
20056_1346_2,2024-05-06,21,27.010403,25.9416561126709,19.84006690979004,17.729228973388672
20056_1346_2,2024-05-06,22,27.241909,26.41566467285156,20.69218063354492,17.820310592651367
20056_1346_2,2024-05-06,23,28.383106,27.59134292602539,21.457195281982425,18.804643630981445
20056_1346_2,2024-05-06,24,28.987122,28.024715423583984,22.00780868530273,19.308521270751957
20056_1346_2,2024-05-06,25,28.964851,28.22366714477539,21.95421028137207,20.08210182189941
20056_1346_2,2024-05-06,26,29.137869,28.50868225097656,22.29042625427246,20.695131301879883
20056_1346_2,2024-05-06,27,29.005785,28.425670623779297,23.123659133911133,21.16556167602539
20056_1346_2,2024-05-06,28,30.451494,29.60616874694824,23.52322006225586,22.391921997070312
20056_1346_2,2024-05-06,29,34.17422,32.74239730834961,24.10794448852539,24.76470184326172
20056_1346_2,2024-05-06,30,32.416122,31.70542907714844,24.90706825256348,24.33822250366211
20056_1346_2,2024-05-06,31,33.467846,33.1629638671875,25.550262451171875,26.449371337890625
20056_1346_2,2024-05-06,32,33.413727,33.22589874267578,25.569753646850582,26.902294158935547
20056_1346_2,2024-05-06,33,33.537853,33.47272872924805,25.598989486694336,27.013835906982425
20056_1346_2,2024-05-06,34,33.756145,30.298723220825195,25.550262451171875,25.23475456237793
20056_1346_2,2024-05-06,35,33.797413,30.430519104003903,26.251930236816406,26.064565658569336
20056_1346_2,2024-05-06,36,33.85641,30.60198402404785,26.719709396362305,26.26744842529297
20056_1346_2,2024-05-06,37,33.07441,30.10770606994629,26.66123962402344,26.33559799194336
20056_1346_2,2024-05-06,38,34.22923,31.052345275878903,27.090036392211918,26.81428337097168
20056_1346_2,2024-05-06,39,34.600433,31.463666915893555,26.524803161621094,27.114397048950195
20056_1346_2,2024-05-06,40,34.519955,31.423583984375,27.343416213989254,27.19295310974121
20056_1346_2,2024-05-06,41,34.78082,31.84147453308105,27.40188980102539,27.490493774414062
20056_1346_2,2024-05-06,42,35.118153,32.41223907470703,26.992582321166992,27.64796638488769
20056_1346_2,2024-05-06,43,35.24795,31.95586585998535,26.973093032836918,26.899927139282227
20056_1346_2,2024-05-06,44,35.41166,32.28456497192383,27.40188980102539,26.78864288330078
20056_1346_2,2024-05-06,45,35.57255,32.60208511352539,27.12902069091797,26.196453094482425
20056_1346_2,2024-05-06,46,35.570923,32.63068008422852,23.913036346435547,23.30360984802246
20056_1346_2,2024-05-06,47,22.752264,20.87789535522461,10.211002349853516,11.133472442626951
20056_1346_2,2024-05-07,1,1.29,1.1769269704818726,11.557008743286133,6.395450592041016
20056_1346_2,2024-05-07,2,2.04,1.7154295444488523,8.361869812011719,6.41361141204834
20056_1346_2,2024-05-07,3,2.7216666,2.365856647491455,8.481687545776367,6.293773174285889
20056_1346_2,2024-05-07,4,4.5379167,4.1190948486328125,8.761262893676758,6.741978168487549
20056_1346_2,2024-05-07,5,6.745917,6.402818202972412,10.25898265838623,7.964264869689941
20056_1346_2,2024-05-07,6,6.785462,6.60247802734375,11.676825523376465,8.421073913574219
20056_1346_2,2024-05-07,7,7.285462,6.935990810394287,11.357312202453612,8.986547470092773
20056_1346_2,2024-05-07,8,7.355462,7.142345428466797,11.297402381896973,8.907197952270508
20056_1346_2,2024-05-07,9,9.51648,8.970804214477539,12.216005325317385,10.80612564086914
20056_1346_2,2024-05-07,10,9.90398,9.480168342590332,12.335823059082031,10.905083656311035
20056_1346_2,2024-05-07,11,10.065948,9.847244262695312,13.813573837280272,11.351669311523438
20056_1346_2,2024-05-07,12,10.765947,10.585009574890137,15.24140167236328,12.15675163269043
20056_1346_2,2024-05-07,13,12.054188,12.443245887756348,17.53790855407715,13.927000999450684
20056_1346_2,2024-05-07,14,15.296906,16.112899780273438,18.184423446655277,15.547393798828123
20056_1346_2,2024-05-07,15,15.950286,17.07987403869629,18.91924285888672,16.27513885498047
20056_1346_2,2024-05-07,16,16.063404,17.41364860534668,20.133956909179688,16.901201248168945
20056_1346_2,2024-05-07,17,17.6261,19.22969436645508,20.678131103515625,17.816425323486328
20056_1346_2,2024-05-07,18,17.902664,19.62328147888184,21.99612236022949,18.486215591430664
20056_1346_2,2024-05-07,19,18.292665,19.88654899597168,23.77841186523437,19.66813468933105
20056_1346_2,2024-05-07,20,20.205305,20.695804595947266,25.415922164916992,20.11311912536621
20056_1346_2,2024-05-07,21,25.366217,25.9416561126709,26.2546443939209,23.517866134643555
20056_1346_2,2024-05-07,22,25.776585,26.41566467285156,27.1333065032959,24.00183868408203
20056_1346_2,2024-05-07,23,26.857855,27.59134292602539,28.411361694335938,25.316579818725582
20056_1346_2,2024-05-07,24,27.2503,28.024715423583984,29.23011779785156,25.94318008422852
20056_1346_2,2024-05-07,25,27.332148,28.22366714477539,28.930572509765625,26.42721176147461
20056_1346_2,2024-05-07,26,27.707237,28.50868225097656,29.090330123901367,26.8933219909668
20056_1346_2,2024-05-07,27,27.495764,28.425670623779297,29.88911437988281,27.49342155456543
20056_1346_2,2024-05-07,28,28.78832,29.60616874694824,30.6479606628418,28.8096981048584
20056_1346_2,2024-05-07,29,32.357967,32.74239730834961,31.087289810180664,31.40633773803711
20056_1346_2,2024-05-07,30,30.842981,31.70542907714844,31.96595573425293,31.47661590576172
20056_1346_2,2024-05-07,31,32.11004,33.1629638671875,32.00589370727539,32.97343826293945
20056_1346_2,2024-05-07,32,32.323944,33.22589874267578,32.44522476196289,33.11437225341797
20056_1346_2,2024-05-07,33,32.43827,33.47272872924805,32.64492416381836,33.31351852416992
20056_1346_2,2024-05-07,34,32.926422,30.298723220825195,32.325408935546875,31.580951690673828
20056_1346_2,2024-05-07,35,33.09042,30.430519104003903,32.325408935546875,31.866809844970703
20056_1346_2,2024-05-07,36,33.27249,30.60198402404785,32.325408935546875,31.429086685180664
20056_1346_2,2024-05-07,37,32.49578,30.10770606994629,32.64492416381836,31.67371368408203
20056_1346_2,2024-05-07,38,33.224228,31.052345275878903,32.92449951171875,32.272850036621094
20056_1346_2,2024-05-07,39,33.662083,31.463666915893555,32.64492416381836,33.00137710571289
20056_1346_2,2024-05-07,40,33.419918,31.423583984375,33.08425521850586,32.897178649902344
20056_1346_2,2024-05-07,41,33.73168,31.84147453308105,33.24401092529297,33.135467529296875
20056_1346_2,2024-05-07,42,34.032524,32.41223907470703,33.08425521850586,33.5069580078125
20056_1346_2,2024-05-07,43,33.756695,31.95586585998535,33.08425521850586,33.03860092163086
20056_1346_2,2024-05-07,44,33.84405,32.28456497192383,33.24401092529297,33.204566955566406
20056_1346_2,2024-05-07,45,33.99076,32.60208511352539,32.3653450012207,32.47930145263672
20056_1346_2,2024-05-07,46,33.81738,32.63068008422852,28.930572509765625,29.62811088562012
20056_1346_2,2024-05-07,47,21.068836,20.87789535522461,17.57784652709961,17.11261558532715
20056_1346_2,2024-05-08,1,1.1340206,1.1769269704818726,6.502741813659668,0.1141151189804077
20056_1346_2,2024-05-08,2,1.9175258,1.7154295444488523,4.037579536437988,0.461529791355133
20056_1346_2,2024-05-08,3,2.5360825,2.365856647491455,5.190639495849609,2.577465057373047
20056_1346_2,2024-05-08,4,5.082474,4.1190948486328125,6.820827960968018,5.597666263580322
20056_1346_2,2024-05-08,5,7.5230265,6.402818202972412,7.854605197906494,8.350398063659668
20056_1346_2,2024-05-08,6,7.5580783,6.60247802734375,9.246228218078612,8.606666564941406
20056_1346_2,2024-05-08,7,8.074599,6.935990810394287,9.24622917175293,8.706399917602539
20056_1346_2,2024-05-08,8,8.1740265,7.142345428466797,8.570297241210938,8.019158363342285
20056_1346_2,2024-05-08,9,10.38325,8.970804214477539,9.64383602142334,9.870650291442873
20056_1346_2,2024-05-08,10,10.8541565,9.480168342590332,9.842638969421388,9.977069854736328
20056_1346_2,2024-05-08,11,11.180617,9.847244262695312,12.188519477844238,11.17162799835205
20056_1346_2,2024-05-08,12,12.280124,10.585009574890137,13.898228645324709,11.69106388092041
20056_1346_2,2024-05-08,13,14.084202,12.443245887756348,15.260032653808594,12.714470863342283
20056_1346_2,2024-05-08,14,17.097109,16.112899780273438,15.856443405151367,14.278656959533691
20056_1346_2,2024-05-08,15,18.086828,17.07987403869629,15.975723266601562,14.571130752563477
20056_1346_2,2024-05-08,16,18.18128,17.41364860534668,17.093992233276367,14.621322631835938
20056_1346_2,2024-05-08,17,19.49318,19.22969436645508,17.874298095703125,15.350297927856444
20056_1346_2,2024-05-08,18,19.734299,19.62328147888184,18.91242218017578,15.874732971191406
20056_1346_2,2024-05-08,19,20.022959,19.88654899597168,20.195327758789062,15.869433403015137
20056_1346_2,2024-05-08,20,21.100561,20.695804595947266,21.09832763671875,15.643315315246582
20056_1346_2,2024-05-08,21,28.21765,25.9416561126709,21.90503692626953,18.694738388061523
20056_1346_2,2024-05-08,22,28.36484,26.41566467285156,22.63067054748535,18.535694122314453
20056_1346_2,2024-05-08,23,30.035791,27.59134292602539,23.838397979736328,19.6416072845459
20056_1346_2,2024-05-08,24,30.385578,28.024715423583984,24.683313369750977,19.83638572692871
20056_1346_2,2024-05-08,25,30.204218,28.22366714477539,25.14056205749512,20.45010757446289
20056_1346_2,2024-05-08,26,30.53595,28.50868225097656,25.150503158569336,20.290510177612305
20056_1346_2,2024-05-08,27,30.23711,28.425670623779297,24.852294921875,19.806575775146484
20056_1346_2,2024-05-08,28,31.983496,29.60616874694824,25.07098197937012,20.062480926513672
20056_1346_2,2024-05-08,29,36.234253,32.74239730834961,25.58786964416504,22.112119674682617
20056_1346_2,2024-05-08,30,34.243713,31.70542907714844,26.661407470703125,21.554901123046875
20056_1346_2,2024-05-08,31,35.4694,33.1629638671875,26.80056953430176,22.81582260131836
20056_1346_2,2024-05-08,32,35.651093,33.22589874267578,26.91985321044922,23.06028938293457
20056_1346_2,2024-05-08,33,35.65272,33.47272872924805,27.655424118041992,23.45440673828125
20056_1346_2,2024-05-08,34,35.94048,30.298723220825195,27.834348678588867,21.47304916381836
20056_1346_2,2024-05-08,35,36.02324,30.430519104003903,27.237939834594727,21.154939651489254
20056_1346_2,2024-05-08,36,36.01715,30.60198402404785,27.23793601989746,21.07453155517578
20056_1346_2,2024-05-08,37,35.089104,30.10770606994629,27.277698516845703,21.08255958557129
20056_1346_2,2024-05-08,38,36.01965,31.052345275878903,27.41686248779297,22.045801162719727
20056_1346_2,2024-05-08,39,36.449253,31.463666915893555,27.556020736694336,22.502071380615234
20056_1346_2,2024-05-08,40,36.156128,31.423583984375,27.85422706604004,22.457887649536133
20056_1346_2,2024-05-08,41,36.19689,31.84147453308105,27.317461013793945,22.464235305786133
20056_1346_2,2024-05-08,42,36.422546,32.41223907470703,27.01925468444824,22.54348373413086
20056_1346_2,2024-05-08,43,36.45415,31.95586585998535,26.840330123901367,22.23904609680176
20056_1346_2,2024-05-08,44,36.475906,32.28456497192383,26.939733505249023,22.37641143798828
20056_1346_2,2024-05-08,45,36.76768,32.60208511352539,25.96559715270996,22.115074157714844
20056_1346_2,2024-05-08,46,36.631794,32.63068008422852,23.42091178894043,20.74620056152344
20056_1346_2,2024-05-08,47,23.602245,20.87789535522461,14.97176742553711,11.757320404052734
20056_1346_2,2024-05-09,1,1.3229166,1.1769269704818726,8.636614799499512,3.5462160110473637
20056_1346_2,2024-05-09,2,1.9791666,1.7154295444488523,5.790959358215332,3.974660873413086
20056_1346_2,2024-05-09,3,2.6692708,2.365856647491455,6.752871513366699,5.305159568786621
20056_1346_2,2024-05-09,4,4.919271,4.1190948486328125,7.474305629730225,6.373579502105713
20056_1346_2,2024-05-09,5,7.158854,6.402818202972412,9.19773006439209,8.090616226196289
20056_1346_2,2024-05-09,6,7.2825522,6.60247802734375,10.52035903930664,8.400525093078613
20056_1346_2,2024-05-09,7,7.7929688,6.935990810394287,10.27988052368164,9.102195739746094
20056_1346_2,2024-05-09,8,7.934992,7.142345428466797,10.239802360534668,9.283568382263184
20056_1346_2,2024-05-09,9,10.317979,8.970804214477539,12.023345947265623,11.8038969039917
20056_1346_2,2024-05-09,10,10.732361,9.480168342590332,12.52434253692627,12.359660148620604
20056_1346_2,2024-05-09,11,10.861099,9.847244262695312,14.758783340454102,13.598356246948242
20056_1346_2,2024-05-09,12,11.600858,10.585009574890137,16.432109832763672,14.394997596740724
20056_1346_2,2024-05-09,13,13.160469,12.443245887756348,17.519271850585938,15.10918140411377
20056_1346_2,2024-05-09,14,16.235582,16.112899780273438,17.75473976135254,16.684778213500977
20056_1346_2,2024-05-09,15,16.723478,17.07987403869629,18.54130172729492,17.692886352539062
20056_1346_2,2024-05-09,16,16.834023,17.41364860534668,19.76811408996582,18.011486053466797
20056_1346_2,2024-05-09,17,17.76931,19.22969436645508,21.31180763244629,19.337417602539062
20056_1346_2,2024-05-09,18,17.929586,19.62328147888184,22.09336280822754,19.934568405151367
20056_1346_2,2024-05-09,19,18.130974,19.88654899597168,23.095354080200195,19.939584732055664
20056_1346_2,2024-05-09,20,18.888414,20.695804595947266,23.42601203918457,19.370853424072266
20056_1346_2,2024-05-09,21,24.847124,25.9416561126709,24.05726623535156,22.512928009033203
20056_1346_2,2024-05-09,22,25.102394,26.41566467285156,25.249635696411133,22.9780387878418
20056_1346_2,2024-05-09,23,26.348358,27.59134292602539,26.6925048828125,24.18800926208496
20056_1346_2,2024-05-09,24,26.667315,28.024715423583984,28.456010818481445,25.409334182739254
20056_1346_2,2024-05-09,25,26.736053,28.22366714477539,29.01712226867676,26.03261375427246
20056_1346_2,2024-05-09,26,26.997278,28.50868225097656,28.435970306396484,25.905487060546875
20056_1346_2,2024-05-09,27,26.64225,28.425670623779297,29.25760269165039,26.177141189575195
20056_1346_2,2024-05-09,28,28.426468,29.60616874694824,29.61832046508789,26.70900535583496
20056_1346_2,2024-05-09,29,32.179153,32.74239730834961,29.51812171936035,28.999948501586918
20056_1346_2,2024-05-09,30,30.54371,31.70542907714844,31.041149139404297,29.03406143188477
20056_1346_2,2024-05-09,31,32.255817,33.1629638671875,31.36178207397461,30.42535972595215
20056_1346_2,2024-05-09,32,32.23749,33.22589874267578,31.161386489868164,30.214311599731445
20056_1346_2,2024-05-09,33,32.35969,33.47272872924805,31.96297836303711,30.309913635253903
20056_1346_2,2024-05-09,34,32.74718,30.298723220825195,31.482023239135746,27.906322479248047
20056_1346_2,2024-05-09,35,32.92808,30.430519104003903,30.920907974243164,27.67974281311035
20056_1346_2,2024-05-09,36,33.188515,30.60198402404785,30.960987091064453,27.32554054260254
20056_1346_2,2024-05-09,37,32.473667,30.10770606994629,31.28162384033203,27.0129451751709
20056_1346_2,2024-05-09,38,33.951935,31.052345275878903,31.24154281616211,27.486204147338867
20056_1346_2,2024-05-09,39,34.215622,31.463666915893555,31.60226249694824,28.20528793334961
20056_1346_2,2024-05-09,40,34.18593,31.423583984375,31.722501754760746,27.84056282043457
20056_1346_2,2024-05-09,41,34.25872,31.84147453308105,31.321704864501957,27.94127655029297
20056_1346_2,2024-05-09,42,34.90918,32.41223907470703,30.90086936950684,28.30345916748047
20056_1346_2,2024-05-09,43,34.880306,31.95586585998535,30.800670623779297,28.117084503173828
20056_1346_2,2024-05-09,44,35.183193,32.28456497192383,31.201465606689453,28.49325561523437
20056_1346_2,2024-05-09,45,35.321747,32.60208511352539,30.11931610107422,27.51538848876953
20056_1346_2,2024-05-09,46,35.659115,32.63068008422852,24.207565307617188,23.55942916870117
20056_1346_2,2024-05-09,47,22.919092,20.87789535522461,13.72673225402832,11.979004859924316
20056_1346_2,2024-05-10,1,1.1354166,1.1769269704818726,14.330323219299316,6.755949020385742
20056_1346_2,2024-05-10,2,1.7239584,1.7154295444488523,10.398977279663086,6.66425895690918
20056_1346_2,2024-05-10,3,2.3411458,2.365856647491455,9.11527156829834,5.581667900085449
20056_1346_2,2024-05-10,4,4.3203125,4.1190948486328125,9.035039901733398,6.493998527526856
20056_1346_2,2024-05-10,5,6.8226275,6.402818202972412,9.315851211547852,8.3262300491333
20056_1346_2,2024-05-10,6,6.9163775,6.60247802734375,9.937644958496094,8.022786140441895
20056_1346_2,2024-05-10,7,7.490391,6.935990810394287,9.55654525756836,8.224213600158691
20056_1346_2,2024-05-10,8,7.6914325,7.142345428466797,9.355966567993164,7.846508979797363
20056_1346_2,2024-05-10,9,9.655929,8.970804214477539,10.760018348693848,10.271160125732422
20056_1346_2,2024-05-10,10,10.040767,9.480168342590332,11.36175537109375,10.750513076782228
20056_1346_2,2024-05-10,11,10.260373,9.847244262695312,12.745750427246094,11.71757698059082
20056_1346_2,2024-05-10,12,11.0393915,10.585009574890137,14.581046104431152,13.386533737182615
20056_1346_2,2024-05-10,13,12.65049,12.443245887756348,16.145559310913086,14.68720817565918
20056_1346_2,2024-05-10,14,15.8083315,16.112899780273438,16.96793556213379,16.4577693939209
20056_1346_2,2024-05-10,15,16.39489,17.07987403869629,18.111234664916992,17.02417755126953
20056_1346_2,2024-05-10,16,16.624056,17.41364860534668,19.19185256958008,17.639982223510742
20056_1346_2,2024-05-10,17,18.433332,19.22969436645508,20.004823684692383,18.540475845336918
20056_1346_2,2024-05-10,18,18.645473,19.62328147888184,21.31297492980957,18.71748733520508
20056_1346_2,2024-05-10,19,18.926723,19.88654899597168,23.055503845214844,19.661287307739254
20056_1346_2,2024-05-10,20,18.97607,20.695804595947266,23.005359649658203,18.459617614746094
20056_1346_2,2024-05-10,21,25.722198,25.9416561126709,23.2059383392334,21.24005126953125
20056_1346_2,2024-05-10,22,26.131393,26.41566467285156,24.800539016723636,22.05931282043457
20056_1346_2,2024-05-10,23,27.770239,27.59134292602539,26.746156692504883,23.52977752685547
20056_1346_2,2024-05-10,24,28.190271,28.024715423583984,28.33072853088379,24.55356788635254
20056_1346_2,2024-05-10,25,28.284803,28.22366714477539,28.65165328979492,25.03599739074707
20056_1346_2,2024-05-10,26,28.646202,28.50868225097656,28.41095924377441,24.93097496032715
20056_1346_2,2024-05-10,27,28.450277,28.425670623779297,29.25339126586914,25.46373176574707
20056_1346_2,2024-05-10,28,29.610548,29.60616874694824,29.79495429992676,26.368783950805664
20056_1346_2,2024-05-10,29,33.394978,32.74239730834961,30.075763702392575,28.85001373291016
20056_1346_2,2024-05-10,30,31.940557,31.70542907714844,30.31645965576172,28.14643669128418
20056_1346_2,2024-05-10,31,32.925213,33.1629638671875,31.17894744873047,29.98454475402832
20056_1346_2,2024-05-10,32,32.801388,33.22589874267578,31.70045280456543,29.91533851623535
20056_1346_2,2024-05-10,33,32.944496,33.47272872924805,32.06149673461914,29.944704055786133
20056_1346_2,2024-05-10,34,33.32144,30.298723220825195,32.18184280395508,28.3056697845459
20056_1346_2,2024-05-10,35,33.463737,30.430519104003903,31.620222091674805,27.767364501953125
20056_1346_2,2024-05-10,36,33.468884,30.60198402404785,32.34230422973633,28.24066162109375
20056_1346_2,2024-05-10,37,32.902676,30.10770606994629,31.820798873901367,27.95939826965332
20056_1346_2,2024-05-10,38,33.77632,31.052345275878903,31.74057006835937,28.162790298461918
20056_1346_2,2024-05-10,39,34.31582,31.463666915893555,32.38241958618164,29.109399795532227
20056_1346_2,2024-05-10,40,33.95548,31.423583984375,32.38241958618164,28.945743560791016
20056_1346_2,2024-05-10,41,34.15694,31.84147453308105,32.42253494262695,29.20473861694336
20056_1346_2,2024-05-10,42,34.60129,32.41223907470703,32.10160827636719,29.42026138305664
20056_1346_2,2024-05-10,43,34.548252,31.95586585998535,32.302188873291016,28.967002868652344
20056_1346_2,2024-05-10,44,34.891483,32.28456497192383,31.941146850585938,28.43754196166992
20056_1346_2,2024-05-10,45,35.19066,32.60208511352539,31.499876022338867,28.43044090270996
20056_1346_2,2024-05-10,46,35.297344,32.63068008422852,28.029861450195312,27.25100326538086
20056_1346_2,2024-05-10,47,22.815275,20.87789535522461,16.46648597717285,15.879880905151367
20056_1346_2,2024-05-11,1,0.91525424,1.0528042316436768,13.01476764678955,7.21852445602417
20056_1346_2,2024-05-11,2,1.2288135,1.6423966884613037,8.806743621826172,4.642790794372559
20056_1346_2,2024-05-11,3,1.9067796,2.271568775177002,8.085367202758789,3.879833221435547
20056_1346_2,2024-05-11,4,3.2457628,4.288400173187256,9.528119087219238,6.954757690429688
20056_1346_2,2024-05-11,5,6.433616,7.707341194152832,9.668386459350586,9.024924278259276
20056_1346_2,2024-05-11,6,6.507062,8.021598815917969,9.608272552490234,8.049215316772461
20056_1346_2,2024-05-11,7,6.846045,8.230372428894043,9.007125854492188,8.518012046813965
20056_1346_2,2024-05-11,8,6.8658195,8.497858047485352,8.926972389221191,8.95207405090332
20056_1346_2,2024-05-11,9,8.752055,10.765100479125977,10.069150924682615,11.24368381500244
20056_1346_2,2024-05-11,10,9.198949,11.4384765625,10.950833320617676,11.823003768920898
20056_1346_2,2024-05-11,11,9.355728,12.183871269226074,12.473735809326172,12.664119720458984
20056_1346_2,2024-05-11,12,10.173962,12.96076774597168,13.315340995788574,12.882936477661133
20056_1346_2,2024-05-11,13,11.132359,14.603288650512695,14.53767204284668,13.3988037109375
20056_1346_2,2024-05-11,14,14.045512,17.25313377380371,15.118779182434082,15.01677131652832
20056_1346_2,2024-05-11,15,14.532888,17.694337844848633,16.361148834228516,16.031532287597656
20056_1346_2,2024-05-11,16,14.673325,17.902782440185547,17.633575439453125,16.4627742767334
20056_1346_2,2024-05-11,17,15.861884,18.95857048034668,18.51024627685547,17.335643768310547
20056_1346_2,2024-05-11,18,16.438154,19.255189895629883,19.22661399841309,17.452550888061523
20056_1346_2,2024-05-11,19,16.675444,19.39704132080078,21.160301208496094,18.464763641357425
20056_1346_2,2024-05-11,20,16.98733,19.972436904907227,21.76144790649414,17.76016616821289
20056_1346_2,2024-05-11,21,26.336206,27.42458152770996,22.07203865051269,21.08635902404785
20056_1346_2,2024-05-11,22,26.367819,27.587451934814453,23.134063720703125,21.30477333068848
20056_1346_2,2024-05-11,23,26.265717,27.59094619750977,25.037694931030277,22.73719024658203
20056_1346_2,2024-05-11,24,26.391489,27.70151138305664,26.480445861816406,24.16630744934082
20056_1346_2,2024-05-11,25,26.202148,27.688446044921875,27.10163116455078,24.883146286010746
20056_1346_2,2024-05-11,26,26.65788,27.78281784057617,27.24189758300781,25.140504837036133
20056_1346_2,2024-05-11,27,26.57802,27.644235610961918,27.84304428100586,24.846132278442383
20056_1346_2,2024-05-11,28,27.956001,28.86310768127441,28.48426818847656,25.666868209838867
20056_1346_2,2024-05-11,29,31.592041,32.23114776611328,28.524341583251957,28.179771423339844
20056_1346_2,2024-05-11,30,30.16336,31.10227394104004,29.70659828186035,27.892091751098636
20056_1346_2,2024-05-11,31,31.34419,32.87799072265625,29.82682609558105,29.309518814086918
20056_1346_2,2024-05-11,32,31.646551,32.93031692504883,30.30774307250977,29.562145233154297
20056_1346_2,2024-05-11,33,31.809153,33.15863037109375,31.00908088684082,29.747936248779297
20056_1346_2,2024-05-11,34,32.017536,29.03934097290039,30.648393630981445,27.835506439208984
20056_1346_2,2024-05-11,35,32.15313,29.15364646911621,30.969003677368164,27.916584014892575
20056_1346_2,2024-05-11,36,32.351307,29.3381290435791,31.65030288696289,28.472116470336918
20056_1346_2,2024-05-11,37,31.587093,28.800312042236328,31.32969284057617,28.198984146118164
20056_1346_2,2024-05-11,38,33.036793,29.702098846435547,31.530073165893555,28.713224411010746
20056_1346_2,2024-05-11,39,33.463272,30.120492935180664,32.05106735229492,29.553560256958008
20056_1346_2,2024-05-11,40,33.326912,30.05293846130371,32.33160400390625,29.7476863861084
20056_1346_2,2024-05-11,41,33.99389,30.463886260986328,32.291526794433594,29.63478279113769
20056_1346_2,2024-05-11,42,34.803413,31.39413070678711,32.01099395751953,29.69120979309082
20056_1346_2,2024-05-11,43,34.77399,30.80489730834961,32.05107116699219,29.02171897888184
20056_1346_2,2024-05-11,44,35.271816,31.14222717285156,32.25144958496094,29.15057182312012
20056_1346_2,2024-05-11,45,35.489586,31.39296531677246,32.61213684082031,29.348407745361328
20056_1346_2,2024-05-11,46,35.458385,31.35483169555664,30.26766586303711,28.99977302551269
20056_1346_2,2024-05-11,47,21.520494,18.76543426513672,18.798295974731445,17.51934242248535
20056_1346_2,2024-05-12,1,0.9558824,0.8287686109542847,11.419986724853516,6.549882888793945
20056_1346_2,2024-05-12,2,1.6147059,1.3201738595962524,7.745086669921875,5.713750839233398
20056_1346_2,2024-05-12,3,2.0411766,1.6970230340957642,5.98752498626709,5.053400039672852
20056_1346_2,2024-05-12,4,3.3676472,4.049117088317871,7.9448089599609375,6.7953314781188965
20056_1346_2,2024-05-12,5,7.017059,8.322346687316895,7.785030841827393,7.589767932891846
20056_1346_2,2024-05-12,6,7.27724,8.488179206848145,8.064642906188965,6.512147426605225
20056_1346_2,2024-05-12,7,7.483122,8.926745414733887,7.785030841827393,7.047765731811523
20056_1346_2,2024-05-12,8,7.7935143,9.235280990600586,7.785031318664551,7.054112911224365
20056_1346_2,2024-05-12,9,8.9453,12.115620613098145,9.382814407348633,9.46832275390625
20056_1346_2,2024-05-12,10,9.224711,12.973203659057615,9.981982231140137,9.557952880859377
20056_1346_2,2024-05-12,11,9.680594,14.583900451660156,11.24023723602295,10.137951850891112
20056_1346_2,2024-05-12,12,10.123977,15.30591869354248,13.117630958557127,10.788759231567385
20056_1346_2,2024-05-12,13,10.550892,16.205589294433594,13.576992988586426,11.019777297973633
20056_1346_2,2024-05-12,14,11.800565,17.59914779663086,13.956467628479004,12.74183177947998
20056_1346_2,2024-05-12,15,12.032078,17.779706954956055,15.124845504760742,13.646058082580566
20056_1346_2,2024-05-12,16,12.179136,17.91851234436035,16.637746810913086,14.577303886413574
20056_1346_2,2024-05-12,17,12.366663,18.21064758300781,17.236915588378906,15.693387985229492
20056_1346_2,2024-05-12,18,12.646075,18.32961845397949,18.240522384643555,15.695530891418455
20056_1346_2,2024-05-12,19,12.738232,18.407958984375,20.136951446533203,16.468017578125
20056_1346_2,2024-05-12,20,12.733422,18.449237823486328,21.855506896972656,16.780179977416992
20056_1346_2,2024-05-12,21,16.358139,22.995281219482425,23.363414764404297,21.23745346069336
20056_1346_2,2024-05-12,22,16.512123,22.975284576416016,24.72152709960937,21.97490882873535
20056_1346_2,2024-05-12,23,16.516752,23.00159454345703,26.0996150970459,22.850749969482425
20056_1346_2,2024-05-12,24,16.889286,23.13515853881836,27.977012634277344,24.233327865600582
20056_1346_2,2024-05-12,25,16.999157,23.121435165405277,28.496288299560547,24.542217254638672
20056_1346_2,2024-05-12,26,17.154802,23.153549194335938,28.456344604492188,24.643709182739254
20056_1346_2,2024-05-12,27,17.138958,23.04879570007324,29.25523567199707,24.74653434753418
20056_1346_2,2024-05-12,28,17.585068,23.3577880859375,30.054128646850582,25.815244674682617
20056_1346_2,2024-05-12,29,19.777708,25.31490707397461,30.593379974365234,28.435626983642575
20056_1346_2,2024-05-12,30,19.295885,24.145702362060547,31.192546844482425,27.85608291625977
20056_1346_2,2024-05-12,31,20.112713,25.20762062072754,32.071327209472656,29.976804733276367
20056_1346_2,2024-05-12,32,20.239677,25.0537223815918,32.51071548461914,30.756990432739254
20056_1346_2,2024-05-12,33,20.501444,25.163970947265625,33.02999496459961,31.313119888305664
20056_1346_2,2024-05-12,34,20.623373,21.68402671813965,32.99005126953125,29.52154922485352
20056_1346_2,2024-05-12,35,20.667492,21.79657554626465,33.14982986450195,29.647052764892575
20056_1346_2,2024-05-12,36,20.763762,21.819067001342773,33.94872283935547,30.55571937561035
20056_1346_2,2024-05-12,37,20.175621,21.39386558532715,33.94872283935547,30.24285125732422
20056_1346_2,2024-05-12,38,20.809563,22.237817764282227,34.02861022949219,30.580663681030277
20056_1346_2,2024-05-12,39,21.262888,22.489917755126957,34.38811111450195,31.26075935363769
20056_1346_2,2024-05-12,40,21.37174,22.368480682373047,34.74761199951172,31.33500099182129
20056_1346_2,2024-05-12,41,21.931099,22.991832733154297,34.94733428955078,31.406818389892575
20056_1346_2,2024-05-12,42,22.668894,23.5979061126709,34.5079460144043,31.26515388488769
20056_1346_2,2024-05-12,43,23.202782,23.005205154418945,34.308223724365234,30.35267448425293
20056_1346_2,2024-05-12,44,23.564016,23.308002471923828,34.18838882446289,29.97084617614746
20056_1346_2,2024-05-12,45,23.956924,23.51480865478516,34.627777099609375,29.72802352905273
20056_1346_2,2024-05-12,46,23.941404,23.427364349365234,33.90877914428711,29.825668334960938
20056_1346_2,2024-05-12,47,13.238743,12.740336418151855,22.14510154724121,20.758174896240234
20056_1346_2,2024-05-13,1,1.050505,1.1769269704818726,5.294191360473633,5.13201904296875
20056_1346_2,2024-05-13,2,1.5474747,1.7154295444488523,3.760317802429199,5.459859848022461
20056_1346_2,2024-05-13,3,2.0424242,2.365856647491455,1.5578322410583496,4.351741790771484
20056_1346_2,2024-05-13,4,3.4313133,4.1190948486328125,2.659074306488037,5.525305271148682
20056_1346_2,2024-05-13,5,5.925084,6.402818202972412,4.074958801269531,6.410012722015381
20056_1346_2,2024-05-13,6,6.1700335,6.60247802734375,5.412182331085205,6.493876934051514
20056_1346_2,2024-05-13,7,6.63468,6.935990810394287,4.074958324432373,6.2965240478515625
20056_1346_2,2024-05-13,8,6.9983163,7.142345428466797,4.389599323272705,6.090977668762207
20056_1346_2,2024-05-13,9,8.303227,8.970804214477539,5.333522319793701,7.829646110534668
20056_1346_2,2024-05-13,10,9.017033,9.480168342590332,6.395434856414795,8.245490074157715
20056_1346_2,2024-05-13,11,9.229154,9.847244262695312,6.867396354675293,8.168244361877441
20056_1346_2,2024-05-13,12,9.642522,10.585009574890137,7.9293084144592285,7.849266052246094
20056_1346_2,2024-05-13,13,11.176169,12.443245887756348,9.187872886657717,8.28166675567627
20056_1346_2,2024-05-13,14,14.501169,16.112899780273438,9.895813941955566,9.640669822692873
20056_1346_2,2024-05-13,15,14.944366,17.07987403869629,10.997057914733888,10.232312202453612
20056_1346_2,2024-05-13,16,15.398912,17.41364860534668,12.196625709533691,11.08945655822754
20056_1346_2,2024-05-13,17,16.741528,19.22969436645508,12.609590530395508,11.64494800567627
20056_1346_2,2024-05-13,18,16.988747,19.62328147888184,12.727581977844238,11.25814151763916
20056_1346_2,2024-05-13,19,17.092901,19.88654899597168,14.123799324035645,11.212421417236328
20056_1346_2,2024-05-13,20,18.110426,20.695804595947266,15.185712814331056,11.167720794677734
20056_1346_2,2024-05-13,21,24.188328,25.9416561126709,16.80316162109375,14.905797004699709
20056_1346_2,2024-05-13,22,24.562263,26.41566467285156,17.801162719726562,15.213472366333008
20056_1346_2,2024-05-13,23,25.497156,27.59134292602539,18.69346618652344,15.714818000793455
20056_1346_2,2024-05-13,24,25.781149,28.024715423583984,19.73847770690918,15.985965728759766
20056_1346_2,2024-05-13,25,25.931974,28.22366714477539,20.10627555847168,16.000202178955078
20056_1346_2,2024-05-13,26,26.470896,28.50868225097656,20.205829620361328,16.421411514282227
20056_1346_2,2024-05-13,27,26.221521,28.425670623779297,20.596059799194336,15.834278106689451
20056_1346_2,2024-05-13,28,27.27711,29.60616874694824,21.12209892272949,16.18960189819336
20056_1346_2,2024-05-13,29,30.314404,32.74239730834961,21.97507095336914,18.42015647888184
20056_1346_2,2024-05-13,30,29.514643,31.70542907714844,22.510942459106445,17.60320472717285
20056_1346_2,2024-05-13,31,30.254713,33.1629638671875,22.678096771240234,18.87701416015625
20056_1346_2,2024-05-13,32,30.47647,33.22589874267578,23.2877140045166,19.444456100463867
20056_1346_2,2024-05-13,33,30.749905,33.47272872924805,23.661348342895508,20.303884506225582
20056_1346_2,2024-05-13,34,30.923332,30.298723220825195,23.681013107299805,18.73136138916016
20056_1346_2,2024-05-13,35,31.10515,30.430519104003903,23.828502655029297,19.04738426208496
20056_1346_2,2024-05-13,36,30.987808,30.60198402404785,24.408620834350582,19.39453887939453
20056_1346_2,2024-05-13,37,30.469488,30.10770606994629,24.57577514648437,19.674182891845703
20056_1346_2,2024-05-13,38,31.12079,31.052345275878903,24.64460182189941,20.266328811645508
20056_1346_2,2024-05-13,39,31.543524,31.463666915893555,24.782257080078125,20.713001251220703
20056_1346_2,2024-05-13,40,31.548367,31.423583984375,25.29354858398437,20.823261260986328
20056_1346_2,2024-05-13,41,31.823072,31.84147453308105,25.52953147888184,21.01345443725586
20056_1346_2,2024-05-13,42,32.495773,32.41223907470703,25.706514358520508,21.34593391418457
20056_1346_2,2024-05-13,43,32.541817,31.95586585998535,25.057567596435547,20.50504875183105
20056_1346_2,2024-05-13,44,32.78426,32.28456497192383,24.93957901000977,20.50686264038086
20056_1346_2,2024-05-13,45,33.15934,32.60208511352539,25.25421905517578,20.49107551574707
20056_1346_2,2024-05-13,46,32.881706,32.63068008422852,24.959243774414062,20.573963165283203
20056_1346_2,2024-05-13,47,20.65005,20.87789535522461,18.12563705444336,14.919832229614258
20056_1346_2,2024-05-14,1,1.3163265,1.1769269704818726,8.697833061218262,3.2564048767089844
20056_1346_2,2024-05-14,2,1.8010204,1.7154295444488523,4.986750602722168,2.0279927253723145
20056_1346_2,2024-05-14,3,2.4336734,2.365856647491455,4.348285675048828,2.547747135162353
20056_1346_2,2024-05-14,4,3.7295918,4.1190948486328125,6.2636823654174805,4.86631965637207
20056_1346_2,2024-05-14,5,6.4897957,6.402818202972412,7.500709533691406,6.770465850830078
20056_1346_2,2024-05-14,6,6.8061223,6.60247802734375,8.019463539123535,6.46757698059082
20056_1346_2,2024-05-14,7,7.2023807,6.935990810394287,7.979558944702148,7.319558143615723
20056_1346_2,2024-05-14,8,7.5673265,7.142345428466797,8.019463539123535,7.4797515869140625
20056_1346_2,2024-05-14,9,8.834466,8.970804214477539,8.737737655639648,9.24206829071045
20056_1346_2,2024-05-14,10,9.725793,9.480168342590332,9.39615535736084,9.942663192749023
20056_1346_2,2024-05-14,11,10.20745,9.847244262695312,10.27404499053955,10.239112854003906
20056_1346_2,2024-05-14,12,10.960359,10.585009574890137,11.4113130569458,10.53699779510498
20056_1346_2,2024-05-14,13,12.70865,12.443245887756348,13.02742862701416,11.371489524841309
20056_1346_2,2024-05-14,14,15.955835,16.112899780273438,13.685845375061035,13.011541366577148
20056_1346_2,2024-05-14,15,16.541832,17.07987403869629,14.942826271057127,13.997566223144531
20056_1346_2,2024-05-14,16,16.970888,17.41364860534668,15.80076503753662,14.456181526184082
20056_1346_2,2024-05-14,17,18.53979,19.22969436645508,16.379371643066406,15.534236907958984
20056_1346_2,2024-05-14,18,18.957872,19.62328147888184,16.78839111328125,15.466225624084473
20056_1346_2,2024-05-14,19,19.172157,19.88654899597168,18.35961532592773,16.55964469909668
20056_1346_2,2024-05-14,20,20.115534,20.695804595947266,20.420286178588867,17.278316497802734
20056_1346_2,2024-05-14,21,25.487741,25.9416561126709,22.484699249267575,21.649188995361328
20056_1346_2,2024-05-14,22,25.907055,26.41566467285156,24.10081672668457,22.5882625579834
20056_1346_2,2024-05-14,23,26.795006,27.59134292602539,25.018611907958984,23.34283828735352
20056_1346_2,2024-05-14,24,27.299063,28.024715423583984,25.756837844848636,23.98155403137207
20056_1346_2,2024-05-14,25,27.266338,28.22366714477539,25.856597900390625,24.28905296325684
20056_1346_2,2024-05-14,26,27.326555,28.50868225097656,25.876548767089844,24.540441513061523
20056_1346_2,2024-05-14,27,27.311363,28.425670623779297,26.73448944091797,24.539783477783203
20056_1346_2,2024-05-14,28,28.722826,29.60616874694824,27.432811737060547,25.38238906860352
20056_1346_2,2024-05-14,29,31.643524,32.74239730834961,28.709741592407227,28.33687210083008
20056_1346_2,2024-05-14,30,31.042496,31.70542907714844,29.507822036743164,28.13284111022949
20056_1346_2,2024-05-14,31,31.82593,33.1629638671875,29.56767845153809,29.54668426513672
20056_1346_2,2024-05-14,32,31.854523,33.22589874267578,30.40566635131836,30.08489227294922
20056_1346_2,2024-05-14,33,32.201126,33.47272872924805,30.96432304382324,30.41007423400879
20056_1346_2,2024-05-14,34,32.207516,30.298723220825195,31.004226684570312,29.01662826538086
20056_1346_2,2024-05-14,35,32.37265,30.430519104003903,32.24125289916992,29.800559997558597
20056_1346_2,2024-05-14,36,32.16484,30.60198402404785,31.96192741394043,29.58177757263184
20056_1346_2,2024-05-14,37,31.469604,30.10770606994629,32.48067855834961,29.552228927612305
20056_1346_2,2024-05-14,38,32.10263,31.052345275878903,32.959529876708984,29.98310852050781
20056_1346_2,2024-05-14,39,33.030643,31.463666915893555,32.52058410644531,30.42085647583008
20056_1346_2,2024-05-14,40,33.0586,31.423583984375,32.281158447265625,30.166240692138672
20056_1346_2,2024-05-14,41,33.221237,31.84147453308105,32.79991149902344,30.17143440246582
20056_1346_2,2024-05-14,42,33.456326,32.41223907470703,31.842214584350582,29.816938400268555
20056_1346_2,2024-05-14,43,33.532433,31.95586585998535,32.360965728759766,29.49372673034668
20056_1346_2,2024-05-14,44,33.72494,32.28456497192383,32.360965728759766,29.47471809387207
20056_1346_2,2024-05-14,45,33.968437,32.60208511352539,31.922021865844727,29.336305618286133
20056_1346_2,2024-05-14,46,34.136936,32.63068008422852,32.7201042175293,30.31570243835449
20056_1346_2,2024-05-14,47,22.116323,20.87789535522461,24.599618911743164,21.61519241333008
20056_1346_2,2024-05-15,1,1.3877552,1.1769269704818726,9.160987854003906,5.74662446975708
20056_1346_2,2024-05-15,2,1.8545918,1.7154295444488523,4.641822814941406,3.998535394668579
20056_1346_2,2024-05-15,3,2.6505103,2.365856647491455,4.801793575286865,3.938410520553589
20056_1346_2,2024-05-15,4,4.257653,4.1190948486328125,7.161356925964356,7.039638042449951
20056_1346_2,2024-05-15,5,6.696429,6.402818202972412,8.801053047180176,9.130961418151855
20056_1346_2,2024-05-15,6,7.0302477,6.60247802734375,10.000831604003906,8.889355659484863
20056_1346_2,2024-05-15,7,7.5304747,6.935990810394287,9.640897750854492,9.836206436157228
20056_1346_2,2024-05-15,8,7.901648,7.142345428466797,10.020828247070312,9.925286293029783
20056_1346_2,2024-05-15,9,9.312839,8.970804214477539,10.120810508728027,11.71082592010498
20056_1346_2,2024-05-15,10,10.037328,9.480168342590332,10.180798530578612,12.084228515625
20056_1346_2,2024-05-15,11,10.361076,9.847244262695312,11.640527725219728,13.303404808044434
20056_1346_2,2024-05-15,12,11.125977,10.585009574890137,14.12006950378418,14.538917541503906
20056_1346_2,2024-05-15,13,12.598937,12.443245887756348,14.440011024475098,14.924894332885742
20056_1346_2,2024-05-15,14,16.056147,16.112899780273438,14.919920921325684,16.61861228942871
20056_1346_2,2024-05-15,15,16.662086,17.07987403869629,16.049711227416992,17.486825942993164
20056_1346_2,2024-05-15,16,17.050674,17.41364860534668,17.104516983032227,18.324934005737305
20056_1346_2,2024-05-15,17,18.622543,19.22969436645508,17.43445587158203,19.25556755065918
20056_1346_2,2024-05-15,18,18.927626,19.62328147888184,19.23412322998047,20.31988525390625
20056_1346_2,2024-05-15,19,19.042316,19.88654899597168,20.615741729736328,20.74928855895996
20056_1346_2,2024-05-15,20,19.628977,20.695804595947266,22.40853500366211,21.08728408813477
20056_1346_2,2024-05-15,21,27.052345,25.9416561126709,24.29818344116211,25.820112228393555
20056_1346_2,2024-05-15,22,27.635645,26.41566467285156,25.437973022460938,26.634300231933597
20056_1346_2,2024-05-15,23,28.784758,27.59134292602539,25.937883377075195,27.324392318725582
20056_1346_2,2024-05-15,24,29.362654,28.024715423583984,26.6777458190918,27.70741081237793
20056_1346_2,2024-05-15,25,29.128323,28.22366714477539,27.437604904174805,28.064722061157227
20056_1346_2,2024-05-15,26,29.381094,28.50868225097656,27.897520065307617,28.74769592285156
20056_1346_2,2024-05-15,27,29.110174,28.425670623779297,28.09748268127441,28.69236946105957
20056_1346_2,2024-05-15,28,30.461525,29.60616874694824,29.47722816467285,29.37393951416016
20056_1346_2,2024-05-15,29,33.477673,32.74239730834961,29.917144775390625,31.661596298217773
20056_1346_2,2024-05-15,30,32.960365,31.70542907714844,30.51703643798828,31.15473937988281
20056_1346_2,2024-05-15,31,33.478592,33.1629638671875,30.217090606689453,32.63651657104492
20056_1346_2,2024-05-15,32,33.58085,33.22589874267578,30.577024459838867,32.901031494140625
20056_1346_2,2024-05-15,33,33.95432,33.47272872924805,31.31688690185547,33.51350402832031
20056_1346_2,2024-05-15,34,34.315044,30.298723220825195,31.796798706054688,31.9206485748291
20056_1346_2,2024-05-15,35,34.50913,30.430519104003903,32.0367546081543,32.34370803833008
20056_1346_2,2024-05-15,36,34.3339,30.60198402404785,32.756622314453125,32.96641540527344
20056_1346_2,2024-05-15,37,33.639854,30.10770606994629,32.43667984008789,32.01491928100586
20056_1346_2,2024-05-15,38,33.894543,31.052345275878903,32.31670379638672,32.12931442260742
20056_1346_2,2024-05-15,39,34.639606,31.463666915893555,32.4766731262207,32.732887268066406
20056_1346_2,2024-05-15,40,34.529995,31.423583984375,33.07656478881836,33.100547790527344
20056_1346_2,2024-05-15,41,35.127396,31.84147453308105,32.79661560058594,33.418975830078125
20056_1346_2,2024-05-15,42,35.450592,32.41223907470703,32.4766731262207,33.344749450683594
20056_1346_2,2024-05-15,43,35.77432,31.95586585998535,32.6766357421875,32.67207336425781
20056_1346_2,2024-05-15,44,35.859795,32.28456497192383,32.59665298461914,32.72402572631836
20056_1346_2,2024-05-15,45,36.09047,32.60208511352539,32.396690368652344,32.971923828125
20056_1346_2,2024-05-15,46,36.289577,32.63068008422852,32.19672393798828,33.66108703613281
20056_1346_2,2024-05-15,47,22.993439,20.87789535522461,23.47833824157715,23.788745880126957
20056_1346_2,2024-05-16,1,0.88659793,1.1769269704818726,8.551433563232422,5.597404956817627
20056_1346_2,2024-05-16,2,1.2502344,1.7154295444488523,3.813929557800293,4.294525623321533
20056_1346_2,2024-05-16,3,1.8894095,2.365856647491455,3.4954419136047363,3.5131611824035645
20056_1346_2,2024-05-16,4,3.1579947,4.1190948486328125,5.485990047454834,5.691627025604248
20056_1346_2,2024-05-16,5,5.725005,6.402818202972412,6.481264114379883,7.863622188568115
20056_1346_2,2024-05-16,6,6.3962064,6.60247802734375,7.874647617340088,7.413936138153076
20056_1346_2,2024-05-16,7,6.8085775,6.935990810394287,7.595971584320068,8.26319694519043
20056_1346_2,2024-05-16,8,7.2471986,7.142345428466797,7.914458751678467,8.28757381439209
20056_1346_2,2024-05-16,9,8.312381,8.970804214477539,9.22822093963623,10.271117210388184
20056_1346_2,2024-05-16,10,9.324798,9.480168342590332,9.924912452697754,11.173521995544434
20056_1346_2,2024-05-16,11,10.084248,9.847244262695312,11.11924171447754,12.29721736907959
20056_1346_2,2024-05-16,12,10.510806,10.585009574890137,13.86619758605957,13.682747840881348
20056_1346_2,2024-05-16,13,12.094208,12.443245887756348,14.90128231048584,13.972542762756348
20056_1346_2,2024-05-16,14,14.560345,16.112899780273438,15.000809669494627,15.04641056060791
20056_1346_2,2024-05-16,15,15.412618,17.07987403869629,15.77712345123291,15.443334579467772
20056_1346_2,2024-05-16,16,15.888303,17.41364860534668,17.165531158447266,16.28818130493164
20056_1346_2,2024-05-16,17,16.92754,19.22969436645508,17.653213500976562,17.366138458251953
20056_1346_2,2024-05-16,18,17.428585,19.62328147888184,18.21554374694824,17.413841247558594
20056_1346_2,2024-05-16,19,17.57579,19.88654899597168,19.906265258789062,18.203746795654297
20056_1346_2,2024-05-16,20,18.228786,20.695804595947266,21.32577514648437,17.95728302001953
20056_1346_2,2024-05-16,21,23.103483,25.9416561126709,23.420827865600582,22.26140594482422
20056_1346_2,2024-05-16,22,24.01817,26.41566467285156,25.371564865112305,23.63778686523437
20056_1346_2,2024-05-16,23,24.931828,27.59134292602539,26.40665054321289,24.941858291625977
20056_1346_2,2024-05-16,24,25.45062,28.024715423583984,26.9440975189209,25.81027030944824
20056_1346_2,2024-05-16,25,25.458118,28.22366714477539,27.66069602966309,25.72699546813965
20056_1346_2,2024-05-16,26,25.501019,28.50868225097656,26.90428733825684,25.50672149658203
20056_1346_2,2024-05-16,27,25.408926,28.425670623779297,27.52135467529297,25.72571563720703
20056_1346_2,2024-05-16,28,26.31107,29.60616874694824,28.53653717041016,26.373044967651367
20056_1346_2,2024-05-16,29,28.880615,32.74239730834961,29.890108108520508,29.379884719848636
20056_1346_2,2024-05-16,30,28.6613,31.70542907714844,30.14888000488281,28.428714752197266
20056_1346_2,2024-05-16,31,29.913477,33.1629638671875,30.40765190124512,30.407602310180664
20056_1346_2,2024-05-16,32,29.935379,33.22589874267578,30.905288696289062,30.75181198120117
20056_1346_2,2024-05-16,33,30.410221,33.47272872924805,31.442737579345703,30.88381004333496
20056_1346_2,2024-05-16,34,30.660305,30.298723220825195,32.19914627075195,30.06236457824707
20056_1346_2,2024-05-16,35,30.775068,30.430519104003903,32.27876663208008,30.394405364990234
20056_1346_2,2024-05-16,36,30.743473,30.60198402404785,32.91574478149414,30.90462684631348
20056_1346_2,2024-05-16,37,30.151163,30.10770606994629,32.63706588745117,30.540027618408203
20056_1346_2,2024-05-16,38,30.61039,31.052345275878903,32.27876663208008,30.31283187866211
20056_1346_2,2024-05-16,39,31.369722,31.463666915893555,32.318580627441406,30.940996170043945
20056_1346_2,2024-05-16,40,31.50522,31.423583984375,33.15460968017578,31.38795280456543
20056_1346_2,2024-05-16,41,31.81679,31.84147453308105,32.91574478149414,31.425048828125
20056_1346_2,2024-05-16,42,32.072105,32.41223907470703,32.59725570678711,30.881256103515625
20056_1346_2,2024-05-16,43,32.967453,31.95586585998535,32.79630661010742,30.29047393798828
20056_1346_2,2024-05-16,44,33.549778,32.28456497192383,32.87593460083008,30.376632690429688
20056_1346_2,2024-05-16,45,34.023357,32.60208511352539,33.15460968017578,30.01778221130371
20056_1346_2,2024-05-16,46,33.969177,32.63068008422852,32.35839080810547,28.974828720092773
20056_1346_2,2024-05-16,47,21.316645,20.87789535522461,24.197141647338867,19.82738876342773
20056_1346_2,2024-05-17,1,1.2020202,1.1769269704818726,5.647887706756592,3.5012142658233643
20056_1346_2,2024-05-17,2,1.7171717,1.7154295444488523,1.1166856288909912,1.936918258666992
20056_1346_2,2024-05-17,3,2.2828283,2.365856647491455,1.8853721618652344,1.4469401836395264
20056_1346_2,2024-05-17,4,3.7979798,4.1190948486328125,3.503658533096313,4.343782901763916
20056_1346_2,2024-05-17,5,6.7512627,6.402818202972412,5.566973209381104,7.419457912445068
20056_1346_2,2024-05-17,6,7.1723795,6.60247802734375,7.306631088256836,7.368035316467285
20056_1346_2,2024-05-17,7,7.624741,6.935990810394287,6.254744529724121,6.955583095550537
20056_1346_2,2024-05-17,8,7.962404,7.142345428466797,6.861602306365967,7.390161037445068
20056_1346_2,2024-05-17,9,8.983809,8.970804214477539,7.589831352233887,9.27077293395996
20056_1346_2,2024-05-17,10,10.234392,9.480168342590332,8.115775108337402,9.350403785705566
20056_1346_2,2024-05-17,11,11.020743,9.847244262695312,9.41040325164795,10.027321815490724
20056_1346_2,2024-05-17,12,11.542521,10.585009574890137,11.048917770385742,10.859282493591309
20056_1346_2,2024-05-17,13,13.447765,12.443245887756348,12.424460411071776,11.601831436157228
20056_1346_2,2024-05-17,14,16.524763,16.112899780273438,13.193148612976074,13.46491813659668
20056_1346_2,2024-05-17,15,17.309303,17.07987403869629,14.447319984436035,14.263029098510742
20056_1346_2,2024-05-17,16,17.729223,17.41364860534668,15.317148208618164,15.15039348602295
20056_1346_2,2024-05-17,17,18.542694,19.22969436645508,16.217321395874023,16.16324234008789
20056_1346_2,2024-05-17,18,19.345224,19.62328147888184,16.540977478027344,16.346479415893555
20056_1346_2,2024-05-17,19,19.465414,19.88654899597168,17.744577407836914,16.579126358032227
20056_1346_2,2024-05-17,20,20.293024,20.695804595947266,19.710542678833008,17.153331756591797
20056_1346_2,2024-05-17,21,23.813047,25.9416561126709,22.12406539916992,22.06159400939941
20056_1346_2,2024-05-17,22,25.109837,26.41566467285156,23.73223876953125,23.522689819335938
20056_1346_2,2024-05-17,23,26.446388,27.59134292602539,24.925724029541016,24.569080352783203
20056_1346_2,2024-05-17,24,27.030163,28.024715423583984,25.856237411499023,24.749874114990234
20056_1346_2,2024-05-17,25,27.268995,28.22366714477539,26.40241050720215,24.83296775817871
20056_1346_2,2024-05-17,26,27.396502,28.50868225097656,25.90680885314941,24.792598724365234
20056_1346_2,2024-05-17,27,27.212992,28.425670623779297,26.827207565307617,25.033052444458008
20056_1346_2,2024-05-17,28,27.810335,29.60616874694824,28.000465393066406,26.362457275390625
20056_1346_2,2024-05-17,29,30.634527,32.74239730834961,29.29509735107422,29.240333557128903
20056_1346_2,2024-05-17,30,29.960978,31.70542907714844,29.76035499572754,28.31450462341309
20056_1346_2,2024-05-17,31,31.31374,33.1629638671875,29.49738311767578,29.82663917541504
20056_1346_2,2024-05-17,32,31.72972,33.22589874267578,30.245838165283203,30.47154426574707
20056_1346_2,2024-05-17,33,32.17739,33.47272872924805,30.79201316833496,30.784847259521484
20056_1346_2,2024-05-17,34,32.424522,30.298723220825195,31.297725677490234,29.28265953063965
20056_1346_2,2024-05-17,35,32.532166,30.430519104003903,31.621381759643555,30.20856285095215
20056_1346_2,2024-05-17,36,32.44044,30.60198402404785,32.30915451049805,30.52264976501465
20056_1346_2,2024-05-17,37,32.03648,30.10770606994629,31.82366752624512,30.167348861694336
20056_1346_2,2024-05-17,38,32.515602,31.052345275878903,31.78321075439453,30.530113220214844
20056_1346_2,2024-05-17,39,33.21797,31.463666915893555,31.742753982543945,31.28852653503418
20056_1346_2,2024-05-17,40,33.05613,31.423583984375,32.1473274230957,31.440900802612305
20056_1346_2,2024-05-17,41,33.37209,31.84147453308105,31.864126205444336,31.49505043029785
20056_1346_2,2024-05-17,42,33.80698,32.41223907470703,31.94504165649414,31.41478538513184
20056_1346_2,2024-05-17,43,34.215164,31.95586585998535,32.106868743896484,30.621000289916992
20056_1346_2,2024-05-17,44,34.384575,32.28456497192383,32.228240966796875,30.633956909179688
20056_1346_2,2024-05-17,45,34.78945,32.60208511352539,32.228240966796875,30.800220489501957
20056_1346_2,2024-05-17,46,34.649956,32.63068008422852,32.30915451049805,31.608327865600582
20056_1346_2,2024-05-17,47,22.443163,20.87789535522461,22.806781768798828,21.663969039916992
20056_1346_2,2024-05-18,1,0.64615387,1.0528042316436768,2.7330322265625,0.0
20056_1346_2,2024-05-18,2,1.1423076,1.6423966884613037,1.4141745567321775,1.5445687770843506
20056_1346_2,2024-05-18,3,1.6346154,2.271568775177002,3.3512463569641118,2.932992935180664
20056_1346_2,2024-05-18,4,2.4166665,4.288400173187256,4.1343183517456055,5.320903778076172
20056_1346_2,2024-05-18,5,4.7551284,7.707341194152832,5.947746753692627,7.454284191131592
20056_1346_2,2024-05-18,6,5.460073,8.021598815917969,7.472675800323486,7.43882942199707
20056_1346_2,2024-05-18,7,6.0139194,8.230372428894043,7.060532569885254,8.03016185760498
20056_1346_2,2024-05-18,8,6.6320515,8.497858047485352,6.68960428237915,7.8080668449401855
20056_1346_2,2024-05-18,9,7.267095,10.765100479125977,7.637532711029053,9.746149063110352
20056_1346_2,2024-05-18,10,8.095301,11.4384765625,8.667890548706055,10.24505615234375
20056_1346_2,2024-05-18,11,8.710685,12.183871269226074,10.27524757385254,11.765024185180664
20056_1346_2,2024-05-18,12,9.139668,12.96076774597168,11.77956771850586,12.301824569702148
20056_1346_2,2024-05-18,13,10.59884,14.603288650512695,13.55178451538086,14.099405288696287
20056_1346_2,2024-05-18,14,12.208093,17.25313377380371,14.777908325195312,16.52237319946289
20056_1346_2,2024-05-18,15,12.765095,17.694337844848633,15.385820388793944,16.883352279663086
20056_1346_2,2024-05-18,16,13.31894,17.902782440185547,15.777355194091797,17.189809799194336
20056_1346_2,2024-05-18,17,13.995864,18.95857048034668,16.85923194885254,18.50059509277344
20056_1346_2,2024-05-18,18,14.47071,19.255189895629883,17.50835609436035,18.71972274780273
20056_1346_2,2024-05-18,19,14.668402,19.39704132080078,18.54386329650879,19.09727668762207
20056_1346_2,2024-05-18,20,15.237999,19.972436904907227,20.33411026000977,19.919357299804688
20056_1346_2,2024-05-18,21,20.443665,27.42458152770996,23.03107070922852,25.595016479492188
20056_1346_2,2024-05-18,22,21.503397,27.587451934814453,23.855358123779297,26.6076602935791
20056_1346_2,2024-05-18,23,22.428555,27.59094619750977,24.53539276123047,27.41914749145508
20056_1346_2,2024-05-18,24,22.893518,27.70151138305664,25.58635902404785,27.43756484985352
20056_1346_2,2024-05-18,25,22.641169,27.688446044921875,25.977893829345703,27.74090576171875
20056_1346_2,2024-05-18,26,22.27765,27.78281784057617,25.1433048248291,27.10964012145996
20056_1346_2,2024-05-18,27,22.205957,27.644235610961918,26.23548126220703,28.148101806640625
20056_1346_2,2024-05-18,28,22.223543,28.86310768127441,28.121034622192383,30.339014053344727
20056_1346_2,2024-05-18,29,24.708239,32.23114776611328,28.986536026000977,33.07014465332031
20056_1346_2,2024-05-18,30,24.475939,31.10227394104004,29.64596366882324,32.04730987548828
20056_1346_2,2024-05-18,31,25.488146,32.87799072265625,29.31624984741211,33.04249954223633
20056_1346_2,2024-05-18,32,25.829971,32.93031692504883,29.687179565429688,33.42090606689453
20056_1346_2,2024-05-18,33,26.51615,33.15863037109375,30.67632293701172,34.521759033203125
20056_1346_2,2024-05-18,34,26.866636,29.03934097290039,31.273929595947266,32.552513122558594
20056_1346_2,2024-05-18,35,27.050486,29.15364646911621,31.66546440124512,33.100032806396484
20056_1346_2,2024-05-18,36,26.869268,29.3381290435791,31.995180130004883,33.13718032836914
20056_1346_2,2024-05-18,37,26.57045,28.800312042236328,32.20125198364258,33.18077850341797
20056_1346_2,2024-05-18,38,26.815674,29.702098846435547,31.95396614074707,33.62223052978516
20056_1346_2,2024-05-18,39,27.374727,30.120492935180664,31.54182243347168,33.898681640625
20056_1346_2,2024-05-18,40,27.706194,30.05293846130371,31.85093116760254,33.76018142700195
20056_1346_2,2024-05-18,41,27.900677,30.463886260986328,31.747892379760746,34.0848388671875
20056_1346_2,2024-05-18,42,28.764957,31.39413070678711,31.995180130004883,34.53532791137695
20056_1346_2,2024-05-18,43,29.178299,30.80489730834961,32.07761001586914,34.15950393676758
20056_1346_2,2024-05-18,44,29.631449,31.14222717285156,32.44853973388672,34.56161117553711
20056_1346_2,2024-05-18,45,30.107798,31.39296531677246,32.44853973388672,34.49046325683594
20056_1346_2,2024-05-18,46,30.156212,31.35483169555664,31.31514549255371,34.04289627075195
20056_1346_2,2024-05-18,47,18.111755,18.76543426513672,20.980661392211918,21.072628021240234
20056_1346_2,2024-05-19,1,0.9117647,0.8287686109542847,2.716806173324585,0.5814566612243652
20056_1346_2,2024-05-19,2,1.2757353,1.3201738595962524,0.2204612493515014,0.9014043807983398
20056_1346_2,2024-05-19,3,1.5355392,1.6970230340957642,2.675200939178467,2.073093891143799
20056_1346_2,2024-05-19,4,2.27451,4.049117088317871,3.8401615619659424,4.569465637207031
20056_1346_2,2024-05-19,5,4.29902,8.322346687316895,5.379574775695801,7.458801746368408
20056_1346_2,2024-05-19,6,4.987255,8.488179206848145,6.003661155700684,7.020720958709717
20056_1346_2,2024-05-19,7,5.546078,8.926745414733887,4.880305767059326,6.771231174468994
20056_1346_2,2024-05-19,8,5.9578433,9.235280990600586,5.005122661590576,6.801990509033203
20056_1346_2,2024-05-19,9,6.628481,12.115620613098145,6.086872577667236,8.822068214416504
20056_1346_2,2024-05-19,10,7.2225986,12.973203659057615,6.627747535705566,8.931238174438477
20056_1346_2,2024-05-19,11,8.17701,14.583900451660156,7.45986270904541,9.28822422027588
20056_1346_2,2024-05-19,12,8.734915,15.30591869354248,8.957670211791992,9.221031188964844
20056_1346_2,2024-05-19,13,9.566614,16.205589294433594,9.95620822906494,9.602415084838867
20056_1346_2,2024-05-19,14,10.649335,17.59914779663086,10.601097106933594,11.18219757080078
20056_1346_2,2024-05-19,15,10.884629,17.779706954956055,10.684308052062988,11.5110445022583
20056_1346_2,2024-05-19,16,11.487571,17.91851234436035,10.933942794799805,11.12217903137207
20056_1346_2,2024-05-19,17,11.796394,18.21064758300781,12.119707107543944,12.11390781402588
20056_1346_2,2024-05-19,18,12.046394,18.32961845397949,12.494159698486328,12.221657752990724
20056_1346_2,2024-05-19,19,12.211791,18.407958984375,13.555105209350586,11.941716194152832
20056_1346_2,2024-05-19,20,12.267358,18.449237823486328,15.34415340423584,11.730094909667969
20056_1346_2,2024-05-19,21,14.41681,22.995281219482425,17.798892974853516,16.40983772277832
20056_1346_2,2024-05-19,22,15.466215,22.975284576416016,18.42818069458008,16.75693702697754
20056_1346_2,2024-05-19,23,16.166868,23.00159454345703,19.317502975463867,16.970748901367188
20056_1346_2,2024-05-19,24,16.576387,23.13515853881836,19.814170837402344,16.32479476928711
20056_1346_2,2024-05-19,25,16.55628,23.121435165405277,20.47986221313477,16.715988159179688
20056_1346_2,2024-05-19,26,16.40079,23.153549194335938,20.11841583251953,16.452072143554688
20056_1346_2,2024-05-19,27,16.410454,23.04879570007324,20.39080238342285,16.06167984008789
20056_1346_2,2024-05-19,28,16.766615,23.3577880859375,22.16489791870117,17.049531936645508
20056_1346_2,2024-05-19,29,18.451504,25.31490707397461,23.311655044555664,19.52786445617676
20056_1346_2,2024-05-19,30,17.739958,24.145702362060547,23.244049072265625,18.12367248535156
20056_1346_2,2024-05-19,31,18.776777,25.20762062072754,22.801984786987305,19.179027557373047
20056_1346_2,2024-05-19,32,18.962875,25.0537223815918,23.691307067871094,19.61349296569824
20056_1346_2,2024-05-19,33,19.686287,25.163970947265625,24.27378845214844,20.60927963256836
20056_1346_2,2024-05-19,34,20.10263,21.68402671813965,24.492218017578125,18.607786178588867
20056_1346_2,2024-05-19,35,20.183561,21.79657554626465,25.1527099609375,19.306316375732425
20056_1346_2,2024-05-19,36,20.056116,21.819067001342773,25.610374450683597,19.70905494689941
20056_1346_2,2024-05-19,37,19.827896,21.39386558532715,25.66238212585449,19.55390739440918
20056_1346_2,2024-05-19,38,19.946856,22.237817764282227,25.1527099609375,19.99917984008789
20056_1346_2,2024-05-19,39,19.944246,22.489917755126957,25.24632453918457,20.56523704528809
20056_1346_2,2024-05-19,40,20.044395,22.368480682373047,25.755992889404297,20.949743270874023
20056_1346_2,2024-05-19,41,20.330557,22.991832733154297,26.07843971252441,21.29516220092773
20056_1346_2,2024-05-19,42,20.715834,23.5979061126709,26.494497299194336,22.1712703704834
20056_1346_2,2024-05-19,43,21.198532,23.005205154418945,26.359277725219727,21.920333862304688
20056_1346_2,2024-05-19,44,21.751572,23.308002471923828,26.76493263244629,22.390953063964844
20056_1346_2,2024-05-19,45,22.217827,23.51480865478516,27.11858367919922,22.616619110107425
20056_1346_2,2024-05-19,46,22.02412,23.427364349365234,26.640117645263672,21.388486862182617
20056_1346_2,2024-05-19,47,12.0395775,12.740336418151855,18.402175903320312,13.219627380371094
20056_1346_2,2024-05-20,1,1.0515463,1.1769269704818726,0.0,0.0540845394134521
20056_1346_2,2024-05-20,2,1.652921,1.7154295444488523,0.0,1.292094349861145
20056_1346_2,2024-05-20,3,2.031787,2.365856647491455,0.0,1.8557493686676023
20056_1346_2,2024-05-20,4,3.2276633,4.1190948486328125,0.689509391784668,3.734916687011719
20056_1346_2,2024-05-20,5,5.2955327,6.402818202972412,2.9975249767303467,5.701849937438965
20056_1346_2,2024-05-20,6,6.3430467,6.60247802734375,4.214478015899658,5.523632049560547
20056_1346_2,2024-05-20,7,6.876364,6.935990810394287,3.1234164237976074,5.5828351974487305
20056_1346_2,2024-05-20,8,7.5576363,7.142345428466797,3.752875328063965,5.690601348876953
20056_1346_2,2024-05-20,9,8.457585,8.970804214477539,4.592153072357178,7.792642593383789
20056_1346_2,2024-05-20,10,9.70059,9.480168342590332,5.851070404052734,8.121861457824707
20056_1346_2,2024-05-20,11,10.345779,9.847244262695312,6.6903486251831055,8.378935813903809
20056_1346_2,2024-05-20,12,10.939649,10.585009574890137,7.94926643371582,8.804520606994629
20056_1346_2,2024-05-20,13,13.344085,12.443245887756348,9.942551612854004,9.74378490447998
20056_1346_2,2024-05-20,14,15.617996,16.112899780273438,10.467100143432615,11.720914840698242
20056_1346_2,2024-05-20,15,16.382008,17.07987403869629,11.243432998657228,12.508095741271973
20056_1346_2,2024-05-20,16,17.142162,17.41364860534668,12.16663932800293,13.156253814697266
20056_1346_2,2024-05-20,17,18.27506,19.22969436645508,13.089844703674316,14.55975341796875
20056_1346_2,2024-05-20,18,18.848501,19.62328147888184,13.698322296142578,15.323158264160156
20056_1346_2,2024-05-20,19,19.1836,19.88654899597168,15.334914207458496,15.931358337402344
20056_1346_2,2024-05-20,20,20.107765,20.695804595947266,17.212799072265625,16.157474517822266
20056_1346_2,2024-05-20,21,23.124228,25.9416561126709,18.65006256103516,20.54804992675781
20056_1346_2,2024-05-20,22,24.51606,26.41566467285156,19.514257431030277,21.14655494689941
20056_1346_2,2024-05-20,23,25.332888,27.59134292602539,20.37845039367676,22.130544662475582
20056_1346_2,2024-05-20,24,26.21815,28.024715423583984,21.263628005981445,22.168926239013672
20056_1346_2,2024-05-20,25,26.380892,28.22366714477539,22.129131317138672,22.710655212402344
20056_1346_2,2024-05-20,26,26.716118,28.50868225097656,22.081268310546875,23.60622215270996
20056_1346_2,2024-05-20,27,26.663557,28.425670623779297,22.65237236022949,23.493127822875977
20056_1346_2,2024-05-20,28,27.495789,29.60616874694824,24.126352310180664,24.27774429321289
20056_1346_2,2024-05-20,29,30.203882,32.74239730834961,25.212167739868164,26.9995174407959
20056_1346_2,2024-05-20,30,30.046843,31.70542907714844,25.55312728881836,26.03662109375
20056_1346_2,2024-05-20,31,30.909552,33.1629638671875,25.53214263916016,27.607908248901367
20056_1346_2,2024-05-20,32,31.284304,33.22589874267578,25.94129180908203,27.78960609436035
20056_1346_2,2024-05-20,33,31.794506,33.47272872924805,26.801551818847656,28.647310256958008
20056_1346_2,2024-05-20,34,32.35804,30.298723220825195,27.042844772338867,26.71332550048828
20056_1346_2,2024-05-20,35,32.514755,30.430519104003903,27.368064880371094,27.486188888549805
20056_1346_2,2024-05-20,36,32.567757,30.60198402404785,27.5883731842041,27.649267196655277
20056_1346_2,2024-05-20,37,32.248722,30.10770606994629,28.11292266845703,27.73948860168457
20056_1346_2,2024-05-20,38,32.13267,31.052345275878903,27.924087524414062,28.427648544311523
20056_1346_2,2024-05-20,39,32.549316,31.463666915893555,27.126771926879883,28.45905303955078
20056_1346_2,2024-05-20,40,32.713863,31.423583984375,27.546411514282227,28.928808212280277
20056_1346_2,2024-05-20,41,32.978275,31.84147453308105,27.798194885253903,29.45035171508789
20056_1346_2,2024-05-20,42,33.4222,32.41223907470703,27.84015846252441,29.70108413696289
20056_1346_2,2024-05-20,43,33.816692,31.95586585998535,27.000879287719727,28.63827133178711
20056_1346_2,2024-05-20,44,34.07965,32.28456497192383,27.315608978271484,29.27045249938965
20056_1346_2,2024-05-20,45,34.701023,32.60208511352539,27.58837509155273,30.031259536743164
20056_1346_2,2024-05-20,46,34.88695,32.63068008422852,27.609355926513672,31.297971725463867
20056_1346_2,2024-05-20,47,22.312664,20.87789535522461,17.621946334838867,19.71492958068848
20056_1346_2,2024-05-21,1,1.1847826,1.1769269704818726,6.853175640106201,1.2549524307250977
20056_1346_2,2024-05-21,2,1.5869565,1.7154295444488523,3.5447657108306885,1.7255966663360596
20056_1346_2,2024-05-21,3,2.0258152,2.365856647491455,5.15655517578125,2.610788106918335
20056_1346_2,2024-05-21,4,2.7942333,4.1190948486328125,5.750372886657715,4.479644775390625
20056_1346_2,2024-05-21,5,4.937168,6.402818202972412,7.107668876647949,6.37302827835083
20056_1346_2,2024-05-21,6,5.811488,6.60247802734375,8.422550201416016,6.481125354766846
20056_1346_2,2024-05-21,7,6.2961135,6.935990810394287,7.574240207672119,6.510765552520752
20056_1346_2,2024-05-21,8,6.8178525,7.142345428466797,7.871148109436035,7.036450386047363
20056_1346_2,2024-05-21,9,7.705868,8.970804214477539,8.337718963623047,9.024809837341309
20056_1346_2,2024-05-21,10,8.771861,9.480168342590332,9.101198196411133,9.308145523071287
20056_1346_2,2024-05-21,11,9.223978,9.847244262695312,9.991924285888672,9.198206901550291
20056_1346_2,2024-05-21,12,9.685476,10.585009574890137,11.85820770263672,9.619321823120115
20056_1346_2,2024-05-21,13,12.220791,12.443245887756348,14.74246311187744,11.700666427612305
20056_1346_2,2024-05-21,14,14.728803,16.112899780273438,16.523914337158203,14.628141403198242
20056_1346_2,2024-05-21,15,15.640652,17.07987403869629,17.28739356994629,15.25648307800293
20056_1346_2,2024-05-21,16,16.364218,17.41364860534668,18.17281913757324,15.764860153198242
20056_1346_2,2024-05-21,17,18.002983,19.22969436645508,18.596973419189453,16.62640380859375
20056_1346_2,2024-05-21,18,18.656794,19.62328147888184,19.30213165283203,17.232145309448242
20056_1346_2,2024-05-21,19,19.05625,19.88654899597168,20.89536476135254,17.553726196289062
20056_1346_2,2024-05-21,20,20.353565,20.695804595947266,23.50657081604004,18.261625289916992
20056_1346_2,2024-05-21,21,24.640802,25.9416561126709,25.728084564208984,23.884077072143555
20056_1346_2,2024-05-21,22,25.820494,26.41566467285156,26.746055603027344,24.529455184936523
20056_1346_2,2024-05-21,23,27.05146,27.59134292602539,27.848859786987305,25.97667121887207
20056_1346_2,2024-05-21,24,27.61882,28.024715423583984,27.97610664367676,25.41552734375
20056_1346_2,2024-05-21,25,27.799208,28.22366714477539,28.124561309814453,25.47229385375977
20056_1346_2,2024-05-21,26,28.131807,28.50868225097656,28.972869873046875,26.21413993835449
20056_1346_2,2024-05-21,27,28.023294,28.425670623779297,29.77876663208008,26.615083694458008
20056_1346_2,2024-05-21,28,28.46795,29.60616874694824,31.64504814147949,28.876300811767575
20056_1346_2,2024-05-21,29,30.605177,32.74239730834961,32.26007461547852,32.22624969482422
20056_1346_2,2024-05-21,30,30.238188,31.70542907714844,32.323699951171875,31.333696365356445
20056_1346_2,2024-05-21,31,31.025444,33.1629638671875,31.729881286621094,32.348228454589844
20056_1346_2,2024-05-21,32,31.397211,33.22589874267578,32.42973709106445,33.134300231933594
20056_1346_2,2024-05-21,33,32.082592,33.47272872924805,33.15079879760742,34.087406158447266
20056_1346_2,2024-05-21,34,32.488815,30.298723220825195,33.36288070678711,32.009010314941406
20056_1346_2,2024-05-21,35,32.794243,30.430519104003903,33.91427993774414,32.51700592041016
20056_1346_2,2024-05-21,36,32.91832,30.60198402404785,33.82945251464844,32.283809661865234
20056_1346_2,2024-05-21,37,32.4877,30.10770606994629,34.25360107421875,32.191532135009766
20056_1346_2,2024-05-21,38,32.438732,31.052345275878903,34.50809860229492,32.998348236083984
20056_1346_2,2024-05-21,39,33.052666,31.463666915893555,33.82944869995117,33.27577590942383
20056_1346_2,2024-05-21,40,33.20837,31.423583984375,33.659786224365234,33.07028579711914
20056_1346_2,2024-05-21,41,33.645695,31.84147453308105,34.2960205078125,33.87004852294922
20056_1346_2,2024-05-21,42,34.32979,32.41223907470703,33.871864318847656,33.99435043334961
20056_1346_2,2024-05-21,43,34.85685,31.95586585998535,33.659786224365234,33.38571548461914
20056_1346_2,2024-05-21,44,35.09966,32.28456497192383,34.2960205078125,34.24338150024414
20056_1346_2,2024-05-21,45,36.299732,32.60208511352539,34.16877365112305,34.793785095214844
20056_1346_2,2024-05-21,46,36.334503,32.63068008422852,34.80500793457031,36.72642135620117
20056_1346_2,2024-05-21,47,24.081856,20.87789535522461,23.57417106628418,23.281042098999023
20056_1346_2,2024-05-22,1,0.68085104,1.1769269704818726,6.975502014160156,2.5416975021362305
20056_1346_2,2024-05-22,2,1.3815603,1.7154295444488523,3.757164001464844,2.4453625679016118
20056_1346_2,2024-05-22,3,1.7971188,2.365856647491455,4.307668685913086,3.63829517364502
20056_1346_2,2024-05-22,4,2.8574023,4.1190948486328125,4.773481369018555,5.712469100952148
20056_1346_2,2024-05-22,5,5.0269504,6.402818202972412,6.552036285400391,6.931978225708008
20056_1346_2,2024-05-22,6,5.950558,6.60247802734375,7.780086517333984,6.214926242828369
20056_1346_2,2024-05-22,7,6.5250263,6.935990810394287,7.864778995513916,6.930334568023682
20056_1346_2,2024-05-22,8,7.2286444,7.142345428466797,7.568353652954102,6.550262928009033
20056_1346_2,2024-05-22,9,7.8476467,8.970804214477539,8.034165382385254,8.659310340881348
20056_1346_2,2024-05-22,10,8.319403,9.480168342590332,8.37293815612793,8.915327072143555
20056_1346_2,2024-05-22,11,9.114615,9.847244262695312,9.918586730957031,9.577763557434082
20056_1346_2,2024-05-22,12,9.990502,10.585009574890137,11.612448692321776,10.164715766906738
20056_1346_2,2024-05-22,13,11.700904,12.443245887756348,13.983856201171877,12.433533668518066
20056_1346_2,2024-05-22,14,14.23469,16.112899780273438,15.434226036071776,15.758326530456545
20056_1346_2,2024-05-22,15,15.07896,17.07987403869629,15.868277549743652,16.22407341003418
20056_1346_2,2024-05-22,16,15.669552,17.41364860534668,16.884593963623047,17.09821319580078
20056_1346_2,2024-05-22,17,16.66699,19.22969436645508,17.879737854003906,18.711057662963867
20056_1346_2,2024-05-22,18,17.502712,19.62328147888184,18.557283401489254,19.233097076416016
20056_1346_2,2024-05-22,19,17.89377,19.88654899597168,19.847530364990234,19.41017341613769
20056_1346_2,2024-05-22,20,18.244184,20.695804595947266,22.633140563964844,20.269777297973636
20056_1346_2,2024-05-22,21,21.800768,25.9416561126709,24.4328670501709,25.751768112182617
20056_1346_2,2024-05-22,22,23.248405,26.41566467285156,25.44918632507324,26.141590118408203
20056_1346_2,2024-05-22,23,25.228542,27.59134292602539,26.64547538757324,27.255001068115234
20056_1346_2,2024-05-22,24,26.09789,28.024715423583984,27.38654136657715,27.71628761291504
20056_1346_2,2024-05-22,25,26.163416,28.22366714477539,27.725311279296875,28.174943923950195
20056_1346_2,2024-05-22,26,27.01568,28.50868225097656,28.2546443939209,28.759838104248047
20056_1346_2,2024-05-22,27,26.909725,28.425670623779297,27.873523712158203,27.986515045166016
20056_1346_2,2024-05-22,28,27.513578,29.60616874694824,29.673254013061523,29.544322967529297
20056_1346_2,2024-05-22,29,30.334352,32.74239730834961,30.81661033630371,32.58993148803711
20056_1346_2,2024-05-22,30,29.989492,31.70542907714844,31.028343200683597,31.582244873046875
20056_1346_2,2024-05-22,31,30.652859,33.1629638671875,30.604877471923828,33.36529922485352
20056_1346_2,2024-05-22,32,31.246769,33.22589874267578,30.83778381347656,33.60099792480469
20056_1346_2,2024-05-22,33,32.190735,33.47272872924805,31.57884788513184,34.34811019897461
20056_1346_2,2024-05-22,34,32.521297,30.298723220825195,32.298736572265625,32.65276336669922
20056_1346_2,2024-05-22,35,32.829597,30.430519104003903,32.59516525268555,33.33295440673828
20056_1346_2,2024-05-22,36,33.10244,30.60198402404785,33.06097412109375,33.81943130493164
20056_1346_2,2024-05-22,37,32.64215,30.10770606994629,33.18801498413086,33.39842224121094
20056_1346_2,2024-05-22,38,33.04127,31.052345275878903,33.18801498413086,33.81767654418945
20056_1346_2,2024-05-22,39,33.737022,31.463666915893555,33.06097412109375,34.05263900756836
20056_1346_2,2024-05-22,40,33.956295,31.423583984375,33.611480712890625,34.20349884033203
20056_1346_2,2024-05-22,41,34.34597,31.84147453308105,33.65382766723633,34.6700325012207
20056_1346_2,2024-05-22,42,35.116913,32.41223907470703,34.03494644165039,35.503013610839844
20056_1346_2,2024-05-22,43,35.852455,31.95586585998535,33.18801498413086,34.12299346923828
20056_1346_2,2024-05-22,44,36.387863,32.28456497192383,33.48443984985352,34.425296783447266
20056_1346_2,2024-05-22,45,37.044136,32.60208511352539,33.01862716674805,34.438316345214844
20056_1346_2,2024-05-22,46,37.04558,32.63068008422852,32.55281448364258,35.49544906616211
20056_1346_2,2024-05-22,47,23.344452,20.87789535522461,23.236576080322266,23.59288024902344
20056_1346_2,2024-05-23,1,0.8556701,1.1769269704818726,7.06856632232666,4.098698616027832
20056_1346_2,2024-05-23,2,1.3917526,1.7154295444488523,2.1829538345336914,2.3676342964172363
20056_1346_2,2024-05-23,3,1.9587629,2.365856647491455,3.5849123001098637,3.416979551315308
20056_1346_2,2024-05-23,4,3.130298,4.1190948486328125,4.8169355392456055,5.849627494812012
20056_1346_2,2024-05-23,5,4.942325,6.402818202972412,5.41170597076416,7.102499008178711
20056_1346_2,2024-05-23,6,5.712085,6.60247802734375,6.898632049560547,5.982608795166016
20056_1346_2,2024-05-23,7,6.2785797,6.935990810394287,6.771181106567383,6.493091583251953
20056_1346_2,2024-05-23,8,6.9652343,7.142345428466797,6.643730163574219,6.29350471496582
20056_1346_2,2024-05-23,9,7.72321,8.970804214477539,7.705820083618164,8.455886840820312
20056_1346_2,2024-05-23,10,8.599499,9.480168342590332,8.04568862915039,8.651461601257324
20056_1346_2,2024-05-23,11,9.271013,9.847244262695312,8.55549144744873,8.686301231384277
20056_1346_2,2024-05-23,12,10.215578,10.585009574890137,10.361043930053713,8.9722261428833
20056_1346_2,2024-05-23,13,12.374857,12.443245887756348,12.33653163909912,10.408652305603027
20056_1346_2,2024-05-23,14,15.406654,16.112899780273438,13.632280349731444,12.743800163269045
20056_1346_2,2024-05-23,15,16.04694,17.07987403869629,14.588160514831545,13.392107009887695
20056_1346_2,2024-05-23,16,16.75934,17.41364860534668,15.883909225463867,14.350545883178713
20056_1346_2,2024-05-23,17,18.271652,19.22969436645508,16.850412368774414,15.35939121246338
20056_1346_2,2024-05-23,18,18.928446,19.62328147888184,17.5726318359375,15.841838836669922
20056_1346_2,2024-05-23,19,19.30989,19.88654899597168,18.40106201171875,15.520894050598145
20056_1346_2,2024-05-23,20,20.330067,20.695804595947266,20.74629020690918,16.157386779785156
20056_1346_2,2024-05-23,21,22.565195,25.9416561126709,22.92556381225586,21.238204956054688
20056_1346_2,2024-05-23,22,23.600813,26.41566467285156,24.476215362548828,21.805419921875
20056_1346_2,2024-05-23,23,25.36755,27.59134292602539,25.04974365234375,22.823535919189453
20056_1346_2,2024-05-23,24,26.493938,28.024715423583984,26.271146774291992,23.780168533325195
20056_1346_2,2024-05-23,25,26.761381,28.22366714477539,26.844675064086918,24.115280151367188
20056_1346_2,2024-05-23,26,27.249233,28.50868225097656,26.39859962463379,23.982812881469727
20056_1346_2,2024-05-23,27,27.014328,28.425670623779297,26.92964172363281,24.4060001373291
20056_1346_2,2024-05-23,28,27.939884,29.60616874694824,28.24663543701172,25.604204177856445
20056_1346_2,2024-05-23,29,30.85353,32.74239730834961,29.58486557006836,29.05327033996582
20056_1346_2,2024-05-23,30,30.536243,31.70542907714844,30.24336242675781,28.5773868560791
20056_1346_2,2024-05-23,31,32.17417,33.1629638671875,30.03094482421875,30.234174728393555
20056_1346_2,2024-05-23,32,32.552383,33.22589874267578,30.519506454467773,30.542770385742188
20056_1346_2,2024-05-23,33,33.484135,33.47272872924805,31.390417098999023,31.036788940429688
20056_1346_2,2024-05-23,34,34.274036,30.298723220825195,31.77276992797852,29.12959861755371
20056_1346_2,2024-05-23,35,34.50085,30.430519104003903,32.04891586303711,29.880624771118164
20056_1346_2,2024-05-23,36,34.558914,30.60198402404785,32.473751068115234,30.425098419189453
20056_1346_2,2024-05-23,37,34.344776,30.10770606994629,32.30381393432617,30.01227188110352
20056_1346_2,2024-05-23,38,34.589005,31.052345275878903,32.17636489868164,30.527637481689453
20056_1346_2,2024-05-23,39,35.35077,31.463666915893555,32.218849182128906,31.04420661926269
20056_1346_2,2024-05-23,40,35.490963,31.423583984375,32.72865295410156,31.551294326782227
20056_1346_2,2024-05-23,41,36.37784,31.84147453308105,33.06851959228516,32.11980056762695
20056_1346_2,2024-05-23,42,36.934757,32.41223907470703,33.28093719482422,32.57447814941406
20056_1346_2,2024-05-23,43,37.386986,31.95586585998535,33.28093719482422,31.85042762756348
20056_1346_2,2024-05-23,44,37.763386,32.28456497192383,33.53583908081055,32.39339828491211
20056_1346_2,2024-05-23,45,38.156693,32.60208511352539,33.23845291137695,32.678009033203125
20056_1346_2,2024-05-23,46,38.030483,32.63068008422852,33.875709533691406,34.36037063598633
20056_1346_2,2024-05-23,47,24.828978,20.87789535522461,23.998275756835938,22.973175048828125
20056_1346_2,2024-05-24,1,0.57575756,1.1769269704818726,7.108780860900879,2.766972541809082
20056_1346_2,2024-05-24,2,1.1616162,1.7154295444488523,3.590227603912353,2.0378670692443848
20056_1346_2,2024-05-24,3,1.5661376,2.365856647491455,3.717404365539551,2.4404876232147217
20056_1346_2,2024-05-24,4,2.4108346,4.1190948486328125,4.565248489379883,4.576804161071777
20056_1346_2,2024-05-24,5,4.5118446,6.402818202972412,6.430505275726318,7.194224834442139
20056_1346_2,2024-05-24,6,5.3152957,6.60247802734375,7.61748743057251,6.926797866821289
20056_1346_2,2024-05-24,7,5.8165584,6.935990810394287,7.235957145690918,7.605349540710449
20056_1346_2,2024-05-24,8,6.6446466,7.142345428466797,7.575095176696777,8.067678451538086
20056_1346_2,2024-05-24,9,7.368844,8.970804214477539,8.380547523498535,10.133283615112305
20056_1346_2,2024-05-24,10,8.05427,9.480168342590332,8.762076377868652,10.22945785522461
20056_1346_2,2024-05-24,11,8.838781,9.847244262695312,9.35556697845459,10.586532592773438
20056_1346_2,2024-05-24,12,9.69863,10.585009574890137,11.0724515914917,11.300066947937012
20056_1346_2,2024-05-24,13,11.507477,12.443245887756348,12.76814079284668,12.58160400390625
20056_1346_2,2024-05-24,14,14.349854,16.112899780273438,13.955121994018556,14.990052223205566
20056_1346_2,2024-05-24,15,15.056025,17.07987403869629,15.30107307434082,15.977865219116213
20056_1346_2,2024-05-24,16,15.611045,17.41364860534668,16.180713653564453,16.73540687561035
20056_1346_2,2024-05-24,17,16.625551,19.22969436645508,17.18752670288086,18.19191551208496
20056_1346_2,2024-05-24,18,17.266205,19.62328147888184,17.876399993896484,18.51080322265625
20056_1346_2,2024-05-24,19,17.447092,19.88654899597168,19.19055938720703,18.490074157714844
20056_1346_2,2024-05-24,20,17.930803,20.695804595947266,20.672298431396484,18.893211364746094
20056_1346_2,2024-05-24,21,21.297113,25.9416561126709,22.550142288208008,23.9399471282959
20056_1346_2,2024-05-24,22,22.406351,26.41566467285156,23.91728973388672,24.85994529724121
20056_1346_2,2024-05-24,23,23.691273,27.59134292602539,25.061878204345703,26.169322967529297
20056_1346_2,2024-05-24,24,24.554722,28.024715423583984,26.524412155151367,26.97195053100586
20056_1346_2,2024-05-24,25,24.5032,28.22366714477539,26.86354637145996,27.13100242614746
20056_1346_2,2024-05-24,26,24.867245,28.50868225097656,26.69397735595703,27.258522033691406
20056_1346_2,2024-05-24,27,24.669588,28.425670623779297,27.45703887939453,27.397411346435547
20056_1346_2,2024-05-24,28,25.64606,29.60616874694824,28.877178192138672,28.783180236816406
20056_1346_2,2024-05-24,29,27.982143,32.74239730834961,29.66143226623535,31.64927673339844
20056_1346_2,2024-05-24,30,27.657196,31.70542907714844,30.403297424316406,30.57357788085937
20056_1346_2,2024-05-24,31,28.44057,33.1629638671875,30.2125301361084,32.008140563964844
20056_1346_2,2024-05-24,32,28.722881,33.22589874267578,30.80602264404297,32.333011627197266
20056_1346_2,2024-05-24,33,29.556767,33.47272872924805,31.54788589477539,33.24860763549805
20056_1346_2,2024-05-24,34,30.23536,30.298723220825195,32.3321418762207,31.428544998168945
20056_1346_2,2024-05-24,35,30.529743,30.430519104003903,32.459320068359375,32.37310028076172
20056_1346_2,2024-05-24,36,30.586763,30.60198402404785,32.92563247680664,32.59678649902344
20056_1346_2,2024-05-24,37,30.240362,30.10770606994629,33.30716323852539,32.56088638305664
20056_1346_2,2024-05-24,38,30.17375,31.052345275878903,32.925636291503906,33.01170349121094
20056_1346_2,2024-05-24,39,30.592396,31.463666915893555,32.67127990722656,33.153541564941406
20056_1346_2,2024-05-24,40,30.907318,31.423583984375,33.05281066894531,33.365970611572266
20056_1346_2,2024-05-24,41,31.163904,31.84147453308105,33.561519622802734,34.44306945800781
20056_1346_2,2024-05-24,42,31.977694,32.41223907470703,33.68869400024414,34.666709899902344
20056_1346_2,2024-05-24,43,32.259426,31.95586585998535,33.56151580810547,33.86547088623047
20056_1346_2,2024-05-24,44,32.446583,32.28456497192383,33.73108673095703,34.2468147277832
20056_1346_2,2024-05-24,45,33.03275,32.60208511352539,33.30716323852539,34.375831604003906
20056_1346_2,2024-05-24,46,33.075592,32.63068008422852,33.603912353515625,36.15230178833008
20056_1346_2,2024-05-24,47,21.501648,20.87789535522461,23.09593963623047,23.87144088745117
20056_1346_2,2024-05-25,1,0.875,1.0528042316436768,3.2104992866516118,0.5560310482978821
20056_1346_2,2024-05-25,2,1.3046875,1.6423966884613037,1.4371576309204102,1.376570701599121
20056_1346_2,2024-05-25,3,1.6484375,2.271568775177002,2.7460527420043945,2.5523123741149902
20056_1346_2,2024-05-25,4,2.6856399,4.288400173187256,3.759390830993652,5.336967945098877
20056_1346_2,2024-05-25,5,5.207855,7.707341194152832,5.448288917541504,7.390459060668945
20056_1346_2,2024-05-25,6,5.646657,8.021598815917969,6.208292484283447,6.921150207519531
20056_1346_2,2024-05-25,7,6.084157,8.230372428894043,5.406065940856934,7.417662620544434
20056_1346_2,2024-05-25,8,6.271657,8.497858047485352,4.8993964195251465,7.304225921630859
20056_1346_2,2024-05-25,9,7.6332455,10.765100479125977,5.786068439483643,9.39013671875
20056_1346_2,2024-05-25,10,8.236371,11.4384765625,6.419404983520508,9.944631576538086
20056_1346_2,2024-05-25,11,8.705121,12.183871269226074,7.306075572967529,10.665197372436523
20056_1346_2,2024-05-25,12,9.608228,12.96076774597168,8.488304138183594,10.863340377807615
20056_1346_2,2024-05-25,13,10.61461,14.603288650512695,10.092756271362305,11.835049629211426
20056_1346_2,2024-05-25,14,13.00263,17.25313377380371,11.211650848388672,13.857285499572754
20056_1346_2,2024-05-25,15,13.543646,17.694337844848633,11.908321380615234,14.264581680297852
20056_1346_2,2024-05-25,16,13.732575,17.902782440185547,12.224989891052246,14.536187171936035
20056_1346_2,2024-05-25,17,14.640092,18.95857048034668,13.301661491394045,15.217726707458496
20056_1346_2,2024-05-25,18,14.852494,19.255189895629883,13.59721851348877,15.131470680236816
20056_1346_2,2024-05-25,19,15.017085,19.39704132080078,14.695002555847168,15.352500915527344
20056_1346_2,2024-05-25,20,14.829042,19.972436904907227,16.320566177368164,15.327282905578612
20056_1346_2,2024-05-25,21,21.36839,27.42458152770996,17.97779655456543,19.568458557128903
20056_1346_2,2024-05-25,22,21.760569,27.587451934814453,18.700855255126957,19.99189567565918
20056_1346_2,2024-05-25,23,21.98761,27.59094619750977,19.637666702270508,20.775484085083008
20056_1346_2,2024-05-25,24,22.098238,27.70151138305664,20.68630027770996,21.18666648864746
20056_1346_2,2024-05-25,25,22.383343,27.688446044921875,21.279062271118164,21.83589553833008
20056_1346_2,2024-05-25,26,22.564907,27.78281784057617,20.234058380126957,21.2194881439209
20056_1346_2,2024-05-25,27,22.57313,27.644235610961918,20.73676872253418,21.286067962646484
20056_1346_2,2024-05-25,28,23.460096,28.86310768127441,22.321428298950195,22.307342529296875
20056_1346_2,2024-05-25,29,26.563679,32.23114776611328,23.376991271972656,24.945669174194336
20056_1346_2,2024-05-25,30,25.520237,31.10227394104004,23.683103561401367,23.87335205078125
20056_1346_2,2024-05-25,31,27.276836,32.87799072265625,23.218656539916992,25.14461326599121
20056_1346_2,2024-05-25,32,27.585085,32.93031692504883,24.274219512939453,25.77743530273437
20056_1346_2,2024-05-25,33,27.94446,33.15863037109375,25.166168212890625,26.57279586791992
20056_1346_2,2024-05-25,34,28.177637,29.03934097290039,25.77839088439941,25.073257446289062
20056_1346_2,2024-05-25,35,28.23594,29.15364646911621,25.736167907714844,25.084453582763672
20056_1346_2,2024-05-25,36,28.627974,29.3381290435791,26.21117210388184,25.251998901367188
20056_1346_2,2024-05-25,37,28.342943,28.800312042236328,26.72839736938477,25.204044342041016
20056_1346_2,2024-05-25,38,29.118845,29.702098846435547,26.000059127807617,25.531784057617188
20056_1346_2,2024-05-25,39,29.142963,30.120492935180664,26.09505844116211,26.263294219970703
20056_1346_2,2024-05-25,40,28.937542,30.05293846130371,26.527841567993164,26.422481536865234
20056_1346_2,2024-05-25,41,29.491955,30.463886260986328,26.55950736999512,26.867048263549805
20056_1346_2,2024-05-25,42,30.532583,31.39413070678711,27.29840087890625,27.575855255126957
20056_1346_2,2024-05-25,43,30.952578,30.80489730834961,26.855064392089844,27.06330299377441
20056_1346_2,2024-05-25,44,31.333393,31.14222717285156,27.551734924316406,27.76442146301269
20056_1346_2,2024-05-25,45,31.765667,31.39296531677246,28.07951545715332,28.41861343383789
20056_1346_2,2024-05-25,46,31.84878,31.35483169555664,27.699512481689453,28.989320755004883
20056_1346_2,2024-05-25,47,18.681973,18.76543426513672,18.62960433959961,18.18732070922852
20056_1346_2,2024-05-26,1,3.0893652,0.8287686109542847,3.127842903137207,0.1704948544502258
20056_1346_2,2024-05-26,2,3.96291,1.3201738595962524,0.6607767343521118,0.7550123929977417
20056_1346_2,2024-05-26,3,4.4304104,1.6970230340957642,2.584252119064331,1.5510172843933103
20056_1346_2,2024-05-26,4,6.351045,4.049117088317871,3.587804317474365,3.973949432373047
20056_1346_2,2024-05-26,5,10.334552,8.322346687316895,5.218577861785889,6.805755615234375
20056_1346_2,2024-05-26,6,10.476477,8.488179206848145,5.9712419509887695,6.225429534912109
20056_1346_2,2024-05-26,7,10.805418,8.926745414733887,5.594910144805908,6.852048873901367
20056_1346_2,2024-05-26,8,11.154624,9.235280990600586,6.054871559143066,7.100574493408203
20056_1346_2,2024-05-26,9,13.757645,12.115620613098145,6.556647300720215,8.946537017822266
20056_1346_2,2024-05-26,10,14.0961075,12.973203659057615,7.225682735443115,9.14908218383789
20056_1346_2,2024-05-26,11,15.349414,14.583900451660156,8.3546781539917,9.810114860534668
20056_1346_2,2024-05-26,12,15.992293,15.30591869354248,10.089987754821776,9.967187881469728
20056_1346_2,2024-05-26,13,16.507639,16.205589294433594,10.675393104553224,10.133543968200684
20056_1346_2,2024-05-26,14,18.094131,17.59914779663086,11.490779876708984,12.14955997467041
20056_1346_2,2024-05-26,15,18.332228,17.779706954956055,12.138907432556152,12.708974838256836
20056_1346_2,2024-05-26,16,18.443338,17.91851234436035,12.766128540039062,12.713800430297852
20056_1346_2,2024-05-26,17,18.840164,18.21064758300781,14.10419750213623,14.285053253173828
20056_1346_2,2024-05-26,18,18.92387,18.32961845397949,14.85686206817627,14.482666969299316
20056_1346_2,2024-05-26,19,19.431808,18.407958984375,16.289016723632812,14.527982711791992
20056_1346_2,2024-05-26,20,19.46789,18.449237823486328,18.139314651489254,14.35402774810791
20056_1346_2,2024-05-26,21,17.164528,22.995281219482425,19.34017944335937,18.47453117370605
20056_1346_2,2024-05-26,22,17.224201,22.975284576416016,20.55901527404785,18.96414566040039
20056_1346_2,2024-05-26,23,17.079758,23.00159454345703,21.65697479248047,19.600419998168945
20056_1346_2,2024-05-26,24,17.300394,23.13515853881836,22.420093536376957,19.59387588500977
20056_1346_2,2024-05-26,25,17.710253,23.121435165405277,23.256385803222656,20.084911346435547
20056_1346_2,2024-05-26,26,18.013128,23.153549194335938,22.96368408203125,19.81011009216309
20056_1346_2,2024-05-26,27,17.957169,23.04879570007324,23.287748336791992,19.623565673828125
20056_1346_2,2024-05-26,28,19.038567,23.3577880859375,24.54741668701172,20.23604965209961
20056_1346_2,2024-05-26,29,20.990948,25.31490707397461,25.634597778320312,22.853837966918945
20056_1346_2,2024-05-26,30,20.094883,24.145702362060547,26.1990966796875,21.7657527923584
20056_1346_2,2024-05-26,31,21.057005,25.20762062072754,25.958660125732425,22.963329315185547
20056_1346_2,2024-05-26,32,21.021904,25.0537223815918,27.04584503173828,23.73393440246582
20056_1346_2,2024-05-26,33,21.30762,25.163970947265625,28.133026123046875,24.89067840576172
20056_1346_2,2024-05-26,34,18.547934,21.68402671813965,28.279375076293945,22.833332061767575
20056_1346_2,2024-05-26,35,18.595552,21.79657554626465,29.011133193969727,23.74726867675781
20056_1346_2,2024-05-26,36,18.9007,21.819067001342773,29.387466430664062,23.926925659179688
20056_1346_2,2024-05-26,37,18.47913,21.39386558532715,29.742891311645508,23.534629821777344
20056_1346_2,2024-05-26,38,19.548979,22.237817764282227,29.17839241027832,23.88939476013184
20056_1346_2,2024-05-26,39,19.58242,22.489917755126957,29.262022018432617,24.12309837341309
20056_1346_2,2024-05-26,40,19.558575,22.368480682373047,29.82651710510254,24.561748504638672
20056_1346_2,2024-05-26,41,20.047354,22.991832733154297,29.847427368164062,24.53308486938477
20056_1346_2,2024-05-26,42,21.147203,23.5979061126709,29.68016815185547,24.99530601501465
20056_1346_2,2024-05-26,43,21.10524,23.005205154418945,29.36655807495117,24.39833068847656
20056_1346_2,2024-05-26,44,21.565504,23.308002471923828,30.035593032836918,24.71072578430176
20056_1346_2,2024-05-26,45,21.80385,23.51480865478516,29.951963424682617,25.01526641845703
20056_1346_2,2024-05-26,46,21.604115,23.427364349365234,30.202852249145508,25.6464900970459
20056_1346_2,2024-05-26,47,0.0,12.740336418151855,22.00717544555664,17.203283309936523
20056_1346_2,2024-05-27,1,1.4696898,1.1769269704818726,0.0,0.0
20056_1346_2,2024-05-27,2,2.1728148,1.7154295444488523,0.0,0.0
20056_1346_2,2024-05-27,3,2.6803336,2.365856647491455,0.0,0.0
20056_1346_2,2024-05-27,4,4.548872,4.1190948486328125,0.0,0.7060391902923584
20056_1346_2,2024-05-27,5,6.969807,6.402818202972412,0.0,3.7097983360290527
20056_1346_2,2024-05-27,6,7.086225,6.60247802734375,2.1257216930389404,4.481464862823486
20056_1346_2,2024-05-27,7,7.365495,6.935990810394287,0.9444602727890016,4.504765033721924
20056_1346_2,2024-05-27,8,7.6509743,7.142345428466797,2.0035219192504883,4.638446807861328
20056_1346_2,2024-05-27,9,10.153265,8.970804214477539,2.6145191192626958,6.650660991668701
20056_1346_2,2024-05-27,10,10.628599,9.480168342590332,3.75504732131958,7.119224548339844
20056_1346_2,2024-05-27,11,10.94521,9.847244262695312,4.854842185974121,7.555102348327637
20056_1346_2,2024-05-27,12,11.86565,10.585009574890137,6.76930046081543,8.087291717529297
20056_1346_2,2024-05-27,13,14.002299,12.443245887756348,8.928156852722168,9.342363357543944
20056_1346_2,2024-05-27,14,17.800549,16.112899780273438,10.231616973876951,12.073569297790527
20056_1346_2,2024-05-27,15,18.779953,17.07987403869629,11.392512321472168,12.855639457702637
20056_1346_2,2024-05-27,16,19.139658,17.41364860534668,12.960739135742188,13.975810050964355
20056_1346_2,2024-05-27,17,21.125463,19.22969436645508,13.571736335754396,15.27537441253662
20056_1346_2,2024-05-27,18,21.38465,19.62328147888184,14.345664978027344,16.15624237060547
20056_1346_2,2024-05-27,19,21.465063,19.88654899597168,16.15829086303711,16.46342658996582
20056_1346_2,2024-05-27,20,22.140556,20.695804595947266,17.838533401489258,16.699932098388672
20056_1346_2,2024-05-27,21,27.513073,25.9416561126709,19.052892684936523,20.941505432128903
20056_1346_2,2024-05-27,22,27.779509,26.41566467285156,19.86087226867676,20.9013614654541
20056_1346_2,2024-05-27,23,28.99998,27.59134292602539,20.656757354736328,21.95835494995117
20056_1346_2,2024-05-27,24,29.778294,28.024715423583984,21.62671661376953,22.164871215820312
20056_1346_2,2024-05-27,25,29.86888,28.22366714477539,23.07274436950684,22.863807678222656
20056_1346_2,2024-05-27,26,30.366068,28.50868225097656,22.833438873291016,23.19426918029785
20056_1346_2,2024-05-27,27,30.314688,28.425670623779297,24.36602210998535,23.822858810424805
20056_1346_2,2024-05-27,28,32.21095,29.60616874694824,25.79168128967285,24.997148513793945
20056_1346_2,2024-05-27,29,35.513172,32.74239730834961,26.911842346191406,27.652135848999023
20056_1346_2,2024-05-27,30,34.38878,31.70542907714844,27.20715713500977,26.31506729125977
20056_1346_2,2024-05-27,31,36.188896,33.1629638671875,27.25807380676269,27.9089412689209
20056_1346_2,2024-05-27,32,36.340942,33.22589874267578,27.482107162475582,27.8267879486084
20056_1346_2,2024-05-27,33,36.464478,33.47272872924805,27.93017196655273,28.46724510192871
20056_1346_2,2024-05-27,34,33.488262,30.298723220825195,28.7041015625,26.9395751953125
20056_1346_2,2024-05-27,35,33.664394,30.430519104003903,28.968868255615234,27.39083671569824
20056_1346_2,2024-05-27,36,33.70502,30.60198402404785,29.131799697875977,27.662620544433597
20056_1346_2,2024-05-27,37,33.080616,30.10770606994629,29.41693115234375,27.62834358215332
20056_1346_2,2024-05-27,38,33.87364,31.052345275878903,29.457666397094727,28.281354904174805
20056_1346_2,2024-05-27,39,34.419422,31.463666915893555,29.091066360473636,28.48905563354492
20056_1346_2,2024-05-27,40,34.22828,31.423583984375,29.396564483642575,28.547826766967773
20056_1346_2,2024-05-27,41,34.57728,31.84147453308105,29.51876449584961,29.043607711791992
20056_1346_2,2024-05-27,42,34.989834,32.41223907470703,29.41693115234375,29.534931182861328
20056_1346_2,2024-05-27,43,34.378345,31.95586585998535,28.86703491210937,28.58867645263672
20056_1346_2,2024-05-27,44,34.900085,32.28456497192383,28.72446823120117,28.86833953857422
20056_1346_2,2024-05-27,45,35.346153,32.60208511352539,28.887399673461918,29.61836624145508
20056_1346_2,2024-05-27,46,35.499928,32.63068008422852,28.744836807250977,30.25667762756348
20056_1346_2,2024-05-27,47,23.128078,20.87789535522461,18.95233154296875,19.295011520385746
20056_1346_2,2024-05-28,1,1.1629393,1.1769269704818726,9.308486938476562,3.876589298248291
20056_1346_2,2024-05-28,2,1.8882134,1.7154295444488523,5.60009765625,3.4998035430908203
20056_1346_2,2024-05-28,3,2.336597,2.365856647491455,6.3917765617370605,3.6954851150512695
20056_1346_2,2024-05-28,4,4.233147,4.1190948486328125,6.933451652526856,4.959485054016113
20056_1346_2,2024-05-28,5,6.7031074,6.402818202972412,8.308472633361816,6.428162097930908
20056_1346_2,2024-05-28,6,6.573714,6.60247802734375,9.704326629638672,6.350569725036621
20056_1346_2,2024-05-28,7,6.8404427,6.935990810394287,9.141818046569824,6.584819316864014
20056_1346_2,2024-05-28,8,6.881083,7.142345428466797,9.350154876708984,6.467597007751465
20056_1346_2,2024-05-28,9,9.311465,8.970804214477539,9.725160598754885,8.385553359985352
20056_1346_2,2024-05-28,10,9.602492,9.480168342590332,10.53767204284668,8.896675109863281
20056_1346_2,2024-05-28,11,9.917978,9.847244262695312,11.68352222442627,9.189932823181152
20056_1346_2,2024-05-28,12,10.872596,10.585009574890137,13.621051788330078,9.98520565032959
20056_1346_2,2024-05-28,13,12.426699,12.443245887756348,16.339841842651367,12.288562774658203
20056_1346_2,2024-05-28,14,15.990618,16.112899780273438,17.725278854370117,15.195713996887209
20056_1346_2,2024-05-28,15,16.851995,17.07987403869629,18.662792205810547,15.724318504333496
20056_1346_2,2024-05-28,16,16.927023,17.41364860534668,19.854867935180664,16.368921279907227
20056_1346_2,2024-05-28,17,18.39387,19.22969436645508,20.309953689575195,17.523229598999023
20056_1346_2,2024-05-28,18,18.680729,19.62328147888184,21.19538116455078,18.11924171447754
20056_1346_2,2024-05-28,19,18.97152,19.88654899597168,22.600351333618164,18.621736526489254
20056_1346_2,2024-05-28,20,20.094921,20.695804595947266,24.70454978942871,19.13189125061035
20056_1346_2,2024-05-28,21,25.704098,25.9416561126709,26.267074584960938,24.202651977539062
20056_1346_2,2024-05-28,22,26.044744,26.41566467285156,27.03791618347168,24.636438369750977
20056_1346_2,2024-05-28,23,27.320272,27.59134292602539,27.975431442260746,25.72365951538086
20056_1346_2,2024-05-28,24,27.934626,28.024715423583984,28.28793716430664,25.82682991027832
20056_1346_2,2024-05-28,25,28.114286,28.22366714477539,28.517105102539062,26.24477767944336
20056_1346_2,2024-05-28,26,28.78536,28.50868225097656,28.642108917236328,26.3758487701416
20056_1346_2,2024-05-28,27,28.92652,28.425670623779297,29.412952423095703,26.52405548095703
20056_1346_2,2024-05-28,28,30.986506,29.60616874694824,30.89214324951172,28.113847732543945
20056_1346_2,2024-05-28,29,34.7655,32.74239730834961,31.24631690979004,30.82499122619629
20056_1346_2,2024-05-28,30,33.55773,31.70542907714844,32.100494384765625,30.457273483276367
20056_1346_2,2024-05-28,31,35.432274,33.1629638671875,31.89215660095215,31.835813522338867
20056_1346_2,2024-05-28,32,35.412483,33.22589874267578,32.97550582885742,33.03618240356445
20056_1346_2,2024-05-28,33,35.50025,33.47272872924805,33.18384552001953,33.78445816040039
20056_1346_2,2024-05-28,34,32.306305,30.298723220825195,33.64218521118164,32.07086944580078
20056_1346_2,2024-05-28,35,32.452515,30.430519104003903,34.26719665527344,32.577842712402344
20056_1346_2,2024-05-28,36,32.769333,30.60198402404785,33.892189025878906,32.29115676879883
20056_1346_2,2024-05-28,37,32.455475,30.10770606994629,34.43386459350586,32.35110855102539
20056_1346_2,2024-05-28,38,33.4165,31.052345275878903,34.14219284057617,32.55815124511719
20056_1346_2,2024-05-28,39,33.889595,31.463666915893555,33.267181396484375,32.224300384521484
20056_1346_2,2024-05-28,40,33.483406,31.423583984375,33.64218521118164,32.70513153076172
20056_1346_2,2024-05-28,41,33.772114,31.84147453308105,34.26719284057617,33.03915786743164
20056_1346_2,2024-05-28,42,34.44592,32.41223907470703,33.68385314941406,33.754920959472656
20056_1346_2,2024-05-28,43,34.17029,31.95586585998535,33.60051727294922,32.70529556274414
20056_1346_2,2024-05-28,44,34.81335,32.28456497192383,33.68385314941406,33.133934020996094
20056_1346_2,2024-05-28,45,34.824158,32.60208511352539,33.10050964355469,33.36009979248047
20056_1346_2,2024-05-28,46,34.899635,32.63068008422852,34.558868408203125,36.230953216552734
20056_1346_2,2024-05-28,47,22.97073,20.87789535522461,24.11599922180176,23.607336044311523
20056_1346_2,2024-05-29,1,1.3738877,1.1769269704818726,4.110782623291016,0.0
20056_1346_2,2024-05-29,2,1.8100424,1.7154295444488523,1.425771713256836,0.0
20056_1346_2,2024-05-29,3,2.372682,2.365856647491455,2.9780426025390625,2.281193494796753
20056_1346_2,2024-05-29,4,4.793341,4.1190948486328125,2.894136428833008,4.151564598083496
20056_1346_2,2024-05-29,5,7.5084047,6.402818202972412,5.830867290496826,6.753464698791504
20056_1346_2,2024-05-29,6,7.543006,6.60247802734375,7.802671432495117,6.568600654602051
20056_1346_2,2024-05-29,7,7.86248,6.935990810394287,7.634857654571533,6.869470596313477
20056_1346_2,2024-05-29,8,8.043011,7.142345428466797,7.718764305114746,6.819828033447266
20056_1346_2,2024-05-29,9,10.205482,8.970804214477539,8.180251121520996,8.340862274169922
20056_1346_2,2024-05-29,10,10.582279,9.480168342590332,8.431970596313477,8.61074447631836
20056_1346_2,2024-05-29,11,11.158495,9.847244262695312,10.424752235412598,9.364273071289062
20056_1346_2,2024-05-29,12,12.354126,10.585009574890137,12.186789512634276,9.718671798706056
20056_1346_2,2024-05-29,13,14.427814,12.443245887756348,14.410314559936523,11.71658420562744
20056_1346_2,2024-05-29,14,18.607101,16.112899780273438,15.899656295776367,15.07030963897705
20056_1346_2,2024-05-29,15,19.749308,17.07987403869629,16.5499324798584,15.618206024169922
20056_1346_2,2024-05-29,16,19.827816,17.41364860534668,18.159889221191406,16.760879516601562
20056_1346_2,2024-05-29,17,22.024567,19.22969436645508,18.95438003540039,18.0045223236084
20056_1346_2,2024-05-29,18,22.48679,19.62328147888184,19.810487747192383,18.29911422729492
20056_1346_2,2024-05-29,19,22.779856,19.88654899597168,20.47387313842773,18.11431884765625
20056_1346_2,2024-05-29,20,22.945105,20.695804595947266,23.09464454650879,19.080528259277344
20056_1346_2,2024-05-29,21,30.898453,25.9416561126709,24.458126068115234,23.982221603393555
20056_1346_2,2024-05-29,22,31.156422,26.41566467285156,25.276216506958008,24.19702911376953
20056_1346_2,2024-05-29,23,32.42713,27.59134292602539,26.29358291625977,25.61648178100586
20056_1346_2,2024-05-29,24,32.87338,28.024715423583984,27.331928253173828,26.285459518432617
20056_1346_2,2024-05-29,25,32.901466,28.22366714477539,27.45778465270996,26.501283645629883
20056_1346_2,2024-05-29,26,33.170387,28.50868225097656,28.02415657043457,26.95236587524414
20056_1346_2,2024-05-29,27,33.15145,28.425670623779297,28.15001678466797,26.692813873291016
20056_1346_2,2024-05-29,28,34.77173,29.60616874694824,29.618379592895508,28.209835052490234
20056_1346_2,2024-05-29,29,38.569313,32.74239730834961,31.275535583496094,32.062992095947266
20056_1346_2,2024-05-29,30,37.45154,31.70542907714844,31.84190559387207,31.067707061767575
20056_1346_2,2024-05-29,31,39.44453,33.1629638671875,31.50627899169922,32.73161315917969
20056_1346_2,2024-05-29,32,39.9799,33.22589874267578,32.13557815551758,33.220481872558594
20056_1346_2,2024-05-29,33,40.079277,33.47272872924805,32.42924880981445,33.70100021362305
20056_1346_2,2024-05-29,34,35.784306,30.298723220825195,33.10050201416016,31.930747985839844
20056_1346_2,2024-05-29,35,35.951317,30.430519104003903,32.8907356262207,32.125732421875
20056_1346_2,2024-05-29,36,36.106625,30.60198402404785,33.43613052368164,32.96889877319336
20056_1346_2,2024-05-29,37,35.615685,30.10770606994629,33.05854797363281,32.0571403503418
20056_1346_2,2024-05-29,38,37.12924,31.052345275878903,33.016597747802734,32.6368408203125
20056_1346_2,2024-05-29,39,37.837296,31.463666915893555,32.848785400390625,32.35719299316406
20056_1346_2,2024-05-29,40,37.936615,31.423583984375,33.31026840209961,32.88158416748047
20056_1346_2,2024-05-29,41,38.451637,31.84147453308105,33.3941764831543,33.56867218017578
20056_1346_2,2024-05-29,42,39.320656,32.41223907470703,33.60394287109375,34.17104721069336
20056_1346_2,2024-05-29,43,38.836636,31.95586585998535,33.10050201416016,32.99456024169922
20056_1346_2,2024-05-29,44,39.37258,32.28456497192383,33.10050201416016,33.074073791503906
20056_1346_2,2024-05-29,45,39.705975,32.60208511352539,32.17753219604492,33.22341537475586
20056_1346_2,2024-05-29,46,40.179276,32.63068008422852,31.799949645996094,34.12937545776367
20056_1346_2,2024-05-29,47,27.531286,20.87789535522461,20.96551322937012,21.58368682861328
20056_1346_2,2024-05-30,1,1.3370149,1.1769269704818726,9.114209175109863,1.7563395500183103
20056_1346_2,2024-05-30,2,1.8444777,1.7154295444488523,3.157836675643921,0.4660647809505462
20056_1346_2,2024-05-30,3,2.4862688,2.365856647491455,4.914752006530762,3.1340699195861816
20056_1346_2,2024-05-30,4,3.9788063,4.1190948486328125,6.200300216674805,4.609828948974609
20056_1346_2,2024-05-30,5,7.1312313,6.402818202972412,8.214325904846191,7.731998443603516
20056_1346_2,2024-05-30,6,7.319291,6.60247802734375,10.056943893432615,7.673421859741211
20056_1346_2,2024-05-30,7,7.4638286,6.935990810394287,9.671279907226562,7.607866287231445
20056_1346_2,2024-05-30,8,7.777261,7.142345428466797,9.842686653137209,7.866910934448242
20056_1346_2,2024-05-30,9,9.872428,8.970804214477539,11.063956260681152,10.555391311645508
20056_1346_2,2024-05-30,10,10.442365,9.480168342590332,11.792433738708496,10.83041286468506
20056_1346_2,2024-05-30,11,11.479635,9.847244262695312,12.970852851867676,11.330153465270996
20056_1346_2,2024-05-30,12,11.99348,10.585009574890137,14.384957313537598,11.72483730316162
20056_1346_2,2024-05-30,13,13.351688,12.443245887756348,16.270427703857422,13.549301147460938
20056_1346_2,2024-05-30,14,16.045717,16.112899780273438,17.62025260925293,16.497243881225586
20056_1346_2,2024-05-30,15,16.348537,17.07987403869629,18.81473922729492,17.34058380126953
20056_1346_2,2024-05-30,16,16.43809,17.41364860534668,20.3065128326416,18.289247512817383
20056_1346_2,2024-05-30,17,17.107862,19.22969436645508,20.962677001953125,19.080286026000977
20056_1346_2,2024-05-30,18,17.361593,19.62328147888184,21.920143127441406,19.850112915039062
20056_1346_2,2024-05-30,19,17.391445,19.88654899597168,23.37307929992676,20.129077911376957
20056_1346_2,2024-05-30,20,17.850245,20.695804595947266,24.594350814819336,19.493125915527344
20056_1346_2,2024-05-30,21,17.786737,25.9416561126709,25.515661239624023,24.48189926147461
20056_1346_2,2024-05-30,22,17.797262,26.41566467285156,27.347566604614254,25.470888137817383
20056_1346_2,2024-05-30,23,17.786343,27.59134292602539,28.761667251586918,27.14059829711914
20056_1346_2,2024-05-30,24,18.071009,28.024715423583984,30.604286193847656,29.1203556060791
20056_1346_2,2024-05-30,25,18.061634,28.22366714477539,30.71141624450684,29.255271911621094
20056_1346_2,2024-05-30,26,18.60196,28.50868225097656,30.28289794921875,28.743921279907227
20056_1346_2,2024-05-30,27,18.401707,28.425670623779297,31.289913177490234,29.29417991638184
20056_1346_2,2024-05-30,28,19.231848,29.60616874694824,32.125518798828125,30.129159927368164
20056_1346_2,2024-05-30,29,21.234041,32.74239730834961,33.11110305786133,33.195682525634766
20056_1346_2,2024-05-30,30,19.886131,31.70542907714844,34.13954162597656,32.43705368041992
20056_1346_2,2024-05-30,31,21.134933,33.1629638671875,34.39665222167969,34.44546127319336
20056_1346_2,2024-05-30,32,21.151184,33.22589874267578,34.99657440185547,34.721946716308594
20056_1346_2,2024-05-30,33,21.272224,33.47272872924805,35.553646087646484,35.15024948120117
20056_1346_2,2024-05-30,34,17.304712,30.298723220825195,35.59650039672852,32.8162956237793
20056_1346_2,2024-05-30,35,17.37624,30.430519104003903,35.33938980102539,32.646949768066406
20056_1346_2,2024-05-30,36,17.454458,30.60198402404785,35.46794128417969,32.92516326904297
20056_1346_2,2024-05-30,37,17.069021,30.10770606994629,35.51079559326172,32.44837188720703
20056_1346_2,2024-05-30,38,18.847603,31.052345275878903,35.51079559326172,33.059329986572266
20056_1346_2,2024-05-30,39,18.88462,31.463666915893555,34.996578216552734,32.89113235473633
20056_1346_2,2024-05-30,40,18.907103,31.423583984375,35.68220138549805,33.21931076049805
20056_1346_2,2024-05-30,41,19.201334,31.84147453308105,36.1107177734375,33.61579513549805
20056_1346_2,2024-05-30,42,20.390541,32.41223907470703,36.19641876220703,34.19029998779297
20056_1346_2,2024-05-30,43,20.01842,31.95586585998535,36.19641876220703,33.46013641357422
20056_1346_2,2024-05-30,44,20.36951,32.28456497192383,35.98216247558594,33.5235595703125
20056_1346_2,2024-05-30,45,20.486593,32.60208511352539,35.42509078979492,33.751651763916016
20056_1346_2,2024-05-30,46,20.821486,32.63068008422852,34.73946762084961,36.33000183105469
20056_1346_2,2024-05-30,47,0.0,20.87789535522461,21.16053009033203,21.22773742675781
20056_1346_2,2024-05-31,1,,1.1769269704818726,0.0,0.0
20056_1346_2,2024-05-31,2,,1.7154295444488523,0.0,0.0
20056_1346_2,2024-05-31,3,,2.365856647491455,0.0,0.0
20056_1346_2,2024-05-31,4,,4.1190948486328125,0.0,0.0
20056_1346_2,2024-05-31,5,,6.402818202972412,0.0,0.2266537547111511
20056_1346_2,2024-05-31,6,,6.60247802734375,0.0,0.2505555152893066
20056_1346_2,2024-05-31,7,,6.935990810394287,0.0,0.9340585470199584
20056_1346_2,2024-05-31,8,,7.142345428466797,0.3403648734092712,1.0676628351211548
20056_1346_2,2024-05-31,9,,8.970804214477539,1.4315407276153564,2.5755598545074463
20056_1346_2,2024-05-31,10,,9.480168342590332,2.1450014114379883,3.012182712554932
20056_1346_2,2024-05-31,11,,9.847244262695312,2.774524688720703,2.985495090484619
20056_1346_2,2024-05-31,12,,10.585009574890137,3.7817635536193848,2.6016197204589844
20056_1346_2,2024-05-31,13,,12.443245887756348,5.334589958190918,2.7702674865722656
20056_1346_2,2024-05-31,14,,16.112899780273438,6.048050403594971,3.7721481323242183
20056_1346_2,2024-05-31,15,,17.07987403869629,7.265130043029785,4.664157867431641
20056_1346_2,2024-05-31,16,,17.41364860534668,9.153701782226562,5.151599407196045
20056_1346_2,2024-05-31,17,,19.22969436645508,9.55239963531494,5.642873287200928
20056_1346_2,2024-05-31,18,,19.62328147888184,9.93011474609375,5.676836967468262
20056_1346_2,2024-05-31,19,,19.88654899597168,11.440972328186035,5.373446464538574
20056_1346_2,2024-05-31,20,,20.695804595947266,12.44821071624756,4.765142440795898
20056_1346_2,2024-05-31,21,,25.9416561126709,12.993797302246094,6.14741849899292
20056_1346_2,2024-05-31,22,,26.41566467285156,13.83316421508789,6.221333980560303
20056_1346_2,2024-05-31,23,,27.59134292602539,14.724989891052246,5.861576557159424
20056_1346_2,2024-05-31,24,,28.024715423583984,15.900101661682127,6.010743141174316
20056_1346_2,2024-05-31,25,,28.22366714477539,17.159151077270508,6.508852481842041
20056_1346_2,2024-05-31,26,,28.50868225097656,16.812910079956055,5.982935428619385
20056_1346_2,2024-05-31,27,,28.425670623779297,17.783428192138672,6.031322479248047
20056_1346_2,2024-05-31,28,,29.60616874694824,18.921817779541016,6.185089588165283
20056_1346_2,2024-05-31,29,,32.74239730834961,19.66216278076172,7.697950839996338
20056_1346_2,2024-05-31,30,,31.70542907714844,20.116273880004883,7.216472625732422
20056_1346_2,2024-05-31,31,,33.1629638671875,20.09479713439941,7.883538722991943
20056_1346_2,2024-05-31,32,,33.22589874267578,20.584810256958008,8.207514762878418
20056_1346_2,2024-05-31,33,,33.47272872924805,20.88121223449707,8.216377258300781
20056_1346_2,2024-05-31,34,,30.298723220825195,20.89236068725586,7.1140546798706055
20056_1346_2,2024-05-31,35,,30.430519104003903,20.542184829711918,7.077091217041016
20056_1346_2,2024-05-31,36,,30.60198402404785,20.903507232666016,6.856928825378418
20056_1346_2,2024-05-31,37,,30.10770606994629,20.72382926940918,7.073583126068115
20056_1346_2,2024-05-31,38,,31.052345275878903,20.25824546813965,7.052658081054688
20056_1346_2,2024-05-31,39,,31.463666915893555,20.470706939697266,8.098122596740723
20056_1346_2,2024-05-31,40,,31.423583984375,21.303842544555664,8.359635353088379
20056_1346_2,2024-05-31,41,,31.84147453308105,21.308761596679688,8.255733489990234
20056_1346_2,2024-05-31,42,,32.41223907470703,21.411060333251957,8.504280090332031
20056_1346_2,2024-05-31,43,,31.95586585998535,20.88973426818848,7.936808586120605
20056_1346_2,2024-05-31,44,,32.28456497192383,20.692352294921875,7.403922080993652
20056_1346_2,2024-05-31,45,,32.60208511352539,20.424806594848636,7.152000427246094
20056_1346_2,2024-05-31,46,,32.63068008422852,18.82738876342773,6.481082439422607
20056_1346_2,2024-05-31,47,,20.87789535522461,11.231130599975586,2.243612766265869
