trip_id,service_day,pt_sequence,y_true,y_pred_naive,y_pred_timesfm,y_pred_timesfm_ft
20002_1320_1,2024-05-01,1,4.0,8.064227104187012,12.424079895019531,8.722233772277832
20002_1320_1,2024-05-01,2,4.7272725,10.672468185424805,10.229104042053224,9.895997047424316
20002_1320_1,2024-05-01,3,9.58153,14.669211387634276,14.312779426574709,14.927030563354492
20002_1320_1,2024-05-01,4,11.53111,17.245332717895508,17.069259643554688,16.94272232055664
20002_1320_1,2024-05-01,5,15.106867,20.664655685424805,19.62155532836914,19.792949676513672
20002_1320_1,2024-05-01,6,18.055424,24.16229057312012,23.34790802001953,22.99662399291992
20002_1320_1,2024-05-01,7,19.737226,25.912288665771484,25.262130737304688,24.721874237060547
20002_1320_1,2024-05-01,8,21.648466,27.62790298461914,26.972171783447266,26.39788055419922
20002_1320_1,2024-05-01,9,21.782465,28.392534255981445,27.94204330444336,26.772113800048828
20002_1320_1,2024-05-01,10,23.330233,29.322664260864254,29.116100311279297,27.862682342529297
20002_1320_1,2024-05-01,11,23.857088,29.85336685180664,29.320281982421875,28.015979766845703
20002_1320_1,2024-05-01,12,23.978111,29.944068908691406,29.21819305419922,27.87057113647461
20002_1320_1,2024-05-01,13,25.71185,32.13945007324219,29.85626602172852,29.797855377197266
20002_1320_1,2024-05-01,14,24.975487,31.805280685424805,29.754173278808597,29.620655059814453
20002_1320_1,2024-05-01,15,25.693316,31.96054458618164,29.83074188232422,29.623947143554688
20002_1320_1,2024-05-01,16,25.814528,32.34748077392578,30.188064575195312,29.635528564453125
20002_1320_1,2024-05-01,17,25.84483,32.42108917236328,30.698524475097656,30.336158752441406
20002_1320_1,2024-05-01,18,25.205479,32.18092727661133,30.49433898925781,30.033126831054688
20002_1320_1,2024-05-01,19,26.204262,32.74174118041992,30.97927474975586,31.250606536865234
20002_1320_1,2024-05-01,20,26.249186,32.943214416503906,31.693920135498047,30.95015335083008
20002_1320_1,2024-05-01,21,27.299686,33.85027313232422,32.76588439941406,32.44206237792969
20002_1320_1,2024-05-01,22,18.091984,35.426082611083984,34.89705276489258,34.40359115600586
20002_1320_1,2024-05-01,23,20.501165,37.27150344848633,38.002479553222656,36.67534637451172
20002_1320_1,2024-05-01,24,22.678135,39.91258239746094,39.81819915771485,39.5003776550293
20002_1320_1,2024-05-01,25,23.636517,40.21259307861328,43.48553085327149,40.26499938964844
20002_1320_1,2024-05-01,26,24.101532,45.479278564453125,48.28384780883789,44.34111404418945
20002_1320_1,2024-05-01,27,33.522636,57.30610656738281,53.056640625,55.19742584228516
20002_1320_1,2024-05-01,28,31.41155,57.86281204223633,55.91521453857422,56.53253555297852
20002_1320_1,2024-05-01,29,30.121277,57.33292770385742,57.54868316650391,56.18740081787109
20002_1320_1,2024-05-01,30,30.708519,58.53520965576172,57.44659423828125,57.380348205566406
20002_1320_1,2024-05-01,31,30.853043,58.44644546508789,56.62985610961914,57.41130065917969
20002_1320_1,2024-05-01,32,29.398731,57.05638885498047,56.47671890258789,55.845680236816406
20002_1320_1,2024-05-01,33,29.545885,56.74177932739258,55.35371017456055,54.92521667480469
20002_1320_1,2024-05-01,34,29.666468,56.70519256591797,55.25161743164063,55.23476409912109
20002_1320_1,2024-05-01,35,29.835058,56.64112091064453,55.65998840332031,55.5068473815918
20002_1320_1,2024-05-01,36,29.589895,55.77098846435547,54.639068603515625,54.42916870117188
20002_1320_1,2024-05-01,37,28.336811,54.2147102355957,54.69011306762695,53.44956588745117
20002_1320_1,2024-05-01,38,27.903862,53.76901245117188,53.00559616088867,52.39533615112305
20002_1320_1,2024-05-01,39,27.408297,52.4459114074707,51.32107925415039,51.43007659912109
20002_1320_1,2024-05-01,40,22.20682,46.98921585083008,48.4625129699707,45.20732116699219
20002_1320_1,2024-05-01,41,19.97477,45.62977981567383,45.78260040283203,43.6390495300293
20002_1320_1,2024-05-01,42,18.626322,44.25429534912109,44.008750915527344,41.71146011352539
20002_1320_1,2024-05-01,43,17.768377,44.04484176635742,43.14096832275391,41.27006149291992
20002_1320_1,2024-05-01,44,17.036598,42.732872009277344,43.34515380859375,40.65654373168945
20002_1320_1,2024-05-01,45,16.803915,42.88220977783203,43.00059509277344,41.03450393676758
20002_1320_1,2024-05-01,46,16.661247,42.51360702514648,42.70707702636719,40.72719955444336
20002_1320_1,2024-05-01,47,15.216909,41.46246337890625,43.17925643920898,40.49056243896485
20002_1320_1,2024-05-01,48,15.284062,41.8758659362793,43.6131477355957,40.95121765136719
20002_1320_1,2024-05-01,49,15.217527,41.895904541015625,44.6723518371582,41.333404541015625
20002_1320_1,2024-05-01,50,15.740569,44.07464218139648,45.42527770996094,43.38887405395508
20002_1320_1,2024-05-01,51,16.192383,44.46515655517578,45.935733795166016,43.61395263671875
20002_1320_1,2024-05-01,52,15.354466,44.123931884765625,45.38698959350586,42.712677001953125
20002_1320_1,2024-05-01,53,15.295307,44.11827087402344,45.8081169128418,43.01536178588867
20002_1320_1,2024-05-01,54,14.358033,41.66399765014648,44.37883377075195,40.77711486816406
20002_1320_1,2024-05-01,55,14.448942,41.64836883544922,42.82193756103516,40.20878219604492
20002_1320_1,2024-05-01,56,13.208229,39.77251052856445,42.27318954467773,38.328369140625
20002_1320_1,2024-05-01,57,13.208229,39.83708572387695,40.84390258789063,38.98550033569336
20002_1320_1,2024-05-01,58,11.816587,38.21689224243164,33.31462860107422,36.95842361450195
20002_1320_1,2024-05-01,59,0.0,22.350893020629883,22.73535919189453,21.793907165527344
20002_1320_1,2024-05-02,1,9.108434,8.064227104187012,0.0,0.0
20002_1320_1,2024-05-02,2,11.819277,10.672468185424805,0.0,0.0
20002_1320_1,2024-05-02,3,15.649249,14.669211387634276,0.0,0.0
20002_1320_1,2024-05-02,4,17.916067,17.245332717895508,0.0,0.0
20002_1320_1,2024-05-02,5,21.660328,20.664655685424805,0.0,0.3572615385055542
20002_1320_1,2024-05-02,6,25.333149,24.16229057312012,0.0,2.50136947631836
20002_1320_1,2024-05-02,7,26.958881,25.912288665771484,1.0038634538650513,5.025108337402344
20002_1320_1,2024-05-02,8,29.19407,27.62790298461914,2.5888943672180176,7.733565330505371
20002_1320_1,2024-05-02,9,29.364096,28.392534255981445,3.645580768585205,8.802035331726074
20002_1320_1,2024-05-02,10,30.428038,29.322664260864254,4.596599102020264,10.81478214263916
20002_1320_1,2024-05-02,11,30.854546,29.85336685180664,4.913605690002441,12.538241386413574
20002_1320_1,2024-05-02,12,31.048573,29.944068908691406,5.441948890686035,12.883298873901367
20002_1320_1,2024-05-02,13,33.278225,32.13945007324219,6.498635292053223,15.3446044921875
20002_1320_1,2024-05-02,14,32.978523,31.805280685424805,6.709972381591797,15.57500457763672
20002_1320_1,2024-05-02,15,33.33372,31.96054458618164,7.026978492736816,16.199573516845703
20002_1320_1,2024-05-02,16,33.876316,32.34748077392578,7.132648468017578,16.817323684692383
20002_1320_1,2024-05-02,17,34.03624,32.42108917236328,7.238315582275391,17.4022159576416
20002_1320_1,2024-05-02,18,33.436832,32.18092727661133,7.660990715026855,17.586584091186523
20002_1320_1,2024-05-02,19,34.34318,32.74174118041992,7.766658782958984,18.477258682250977
20002_1320_1,2024-05-02,20,34.715588,32.943214416503906,9.034683227539062,18.774837493896484
20002_1320_1,2024-05-02,21,35.73728,33.85027313232422,9.19318675994873,20.058025360107425
20002_1320_1,2024-05-02,22,21.207872,35.426082611083984,11.148056983947754,22.245046615600582
20002_1320_1,2024-05-02,23,22.734995,37.27150344848633,13.525602340698242,23.213552474975582
20002_1320_1,2024-05-02,24,25.199448,39.91258239746094,14.899293899536133,25.27308464050293
20002_1320_1,2024-05-02,25,26.908411,40.21259307861328,18.01651954650879,26.180662155151367
20002_1320_1,2024-05-02,26,28.711182,45.479278564453125,22.533855438232425,29.536701202392575
20002_1320_1,2024-05-02,27,39.289696,57.30610656738281,26.760602951049805,38.115379333496094
20002_1320_1,2024-05-02,28,38.102726,57.86281204223633,29.494779586791992,39.43722915649414
20002_1320_1,2024-05-02,29,37.698112,57.33292770385742,31.443044662475582,40.032474517822266
20002_1320_1,2024-05-02,30,39.229206,58.53520965576172,32.22895431518555,41.88176727294922
20002_1320_1,2024-05-02,31,39.404495,58.44644546508789,31.8690242767334,41.68794250488281
20002_1320_1,2024-05-02,32,38.126766,57.05638885498047,30.112279891967773,39.93576431274414
20002_1320_1,2024-05-02,33,37.92503,56.74177932739258,30.05614280700684,40.344234466552734
20002_1320_1,2024-05-02,34,37.770977,56.70519256591797,30.09638786315918,40.24528503417969
20002_1320_1,2024-05-02,35,37.803917,56.64112091064453,30.156858444213867,39.73218536376953
20002_1320_1,2024-05-02,36,36.850014,55.77098846435547,29.311511993408203,38.869876861572266
20002_1320_1,2024-05-02,37,35.52567,54.2147102355957,28.63622283935547,37.08887481689453
20002_1320_1,2024-05-02,38,34.835274,53.76901245117188,27.513490676879883,37.21420669555664
20002_1320_1,2024-05-02,39,33.77215,52.4459114074707,26.43038749694824,36.28620910644531
20002_1320_1,2024-05-02,40,28.629736,46.98921585083008,23.64337539672852,30.88494110107422
20002_1320_1,2024-05-02,41,26.68952,45.62977981567383,21.21299743652344,29.20936393737793
20002_1320_1,2024-05-02,42,25.202019,44.25429534912109,19.918556213378903,27.55208969116211
20002_1320_1,2024-05-02,43,24.823845,44.04484176635742,19.31096076965332,27.32367706298828
20002_1320_1,2024-05-02,44,23.670435,42.732872009277344,19.839303970336918,26.817827224731445
20002_1320_1,2024-05-02,45,24.01088,42.88220977783203,19.65438461303711,26.71288108825684
20002_1320_1,2024-05-02,46,23.637596,42.51360702514648,19.627967834472656,26.690439224243164
20002_1320_1,2024-05-02,47,22.581425,41.46246337890625,19.81288719177246,25.67179107666016
20002_1320_1,2024-05-02,48,23.115128,41.8758659362793,19.627967834472656,25.53605842590332
20002_1320_1,2024-05-02,49,23.110394,41.895904541015625,19.94497299194336,25.402267456054688
20002_1320_1,2024-05-02,50,25.696692,44.07464218139648,21.2922477722168,27.019376754760746
20002_1320_1,2024-05-02,51,26.282423,44.46515655517578,22.24326705932617,27.455995559692383
20002_1320_1,2024-05-02,52,26.243359,44.123931884765625,22.586688995361328,27.7273006439209
20002_1320_1,2024-05-02,53,26.304306,44.11827087402344,22.692358016967773,27.941879272460938
20002_1320_1,2024-05-02,54,23.535303,41.66399765014648,22.190431594848636,26.28907012939453
20002_1320_1,2024-05-02,55,23.507795,41.64836883544922,21.054492950439453,26.10521125793457
20002_1320_1,2024-05-02,56,20.890465,39.77251052856445,20.499732971191406,25.464448928833008
20002_1320_1,2024-05-02,57,20.947721,39.83708572387695,17.541011810302734,24.212865829467773
20002_1320_1,2024-05-02,58,19.349922,38.21689224243164,11.676400184631348,22.23023796081543
20002_1320_1,2024-05-02,59,0.012048192,22.350893020629883,4.596597671508789,12.026873588562012
20002_1320_1,2024-05-03,1,8.211764,8.064227104187012,0.0,0.0
20002_1320_1,2024-05-03,2,10.705882,10.672468185424805,0.0,0.0
20002_1320_1,2024-05-03,3,14.731266,14.669211387634276,0.0,0.0
20002_1320_1,2024-05-03,4,17.761984,17.245332717895508,0.491498589515686,0.200202465057373
20002_1320_1,2024-05-03,5,21.367914,20.664655685424805,3.741188526153565,3.373260974884033
20002_1320_1,2024-05-03,6,25.471037,24.16229057312012,6.5715651512146,6.171401977539063
20002_1320_1,2024-05-03,7,27.305244,25.912288665771484,8.039167404174805,8.27710247039795
20002_1320_1,2024-05-03,8,29.449593,27.62790298461914,9.61159896850586,10.098742485046388
20002_1320_1,2024-05-03,9,29.992203,28.392534255981445,11.236444473266602,11.59059238433838
20002_1320_1,2024-05-03,10,30.401611,29.322664260864254,12.075074195861816,12.730472564697266
20002_1320_1,2024-05-03,11,30.9165,29.85336685180664,13.490262985229492,14.193466186523438
20002_1320_1,2024-05-03,12,31.020582,29.944068908691406,14.381306648254396,14.708864212036133
20002_1320_1,2024-05-03,13,33.315014,32.13945007324219,15.639251708984377,17.3311824798584
20002_1320_1,2024-05-03,14,32.940598,31.805280685424805,15.69166660308838,17.166471481323242
20002_1320_1,2024-05-03,15,33.281105,31.96054458618164,16.215810775756836,17.93498420715332
20002_1320_1,2024-05-03,16,33.814625,32.34748077392578,16.6351261138916,18.380584716796875
20002_1320_1,2024-05-03,17,33.7963,32.42108917236328,16.739953994750977,18.96172142028809
20002_1320_1,2024-05-03,18,33.569912,32.18092727661133,17.21168327331543,18.965660095214844
20002_1320_1,2024-05-03,19,33.952618,32.74174118041992,17.054441452026367,19.322877883911133
20002_1320_1,2024-05-03,20,34.27929,32.943214416503906,17.316513061523438,19.018896102905277
20002_1320_1,2024-05-03,21,35.036522,33.85027313232422,17.735828399658203,20.438426971435547
20002_1320_1,2024-05-03,22,19.513557,35.426082611083984,18.207555770874023,21.237768173217773
20002_1320_1,2024-05-03,23,21.294086,37.27150344848633,19.806196212768555,22.09664535522461
20002_1320_1,2024-05-03,24,23.631973,39.91258239746094,22.217256546020508,24.757293701171875
20002_1320_1,2024-05-03,25,25.278265,40.21259307861328,25.414533615112305,25.38599395751953
20002_1320_1,2024-05-03,26,26.935633,45.479278564453125,29.38492202758789,28.309024810791016
20002_1320_1,2024-05-03,27,37.054935,57.30610656738281,33.229190826416016,37.00089263916016
20002_1320_1,2024-05-03,28,35.551033,57.86281204223633,35.504302978515625,37.88690948486328
20002_1320_1,2024-05-03,29,35.112907,57.33292770385742,36.79500961303711,37.90680694580078
20002_1320_1,2024-05-03,30,36.372818,58.53520965576172,37.19466781616211,38.87632751464844
20002_1320_1,2024-05-03,31,36.31835,58.44644546508789,37.29949569702149,39.36890411376953
20002_1320_1,2024-05-03,32,35.679234,57.05638885498047,35.93672180175781,38.15977478027344
20002_1320_1,2024-05-03,33,35.353096,56.74177932739258,36.473968505859375,39.211402893066406
20002_1320_1,2024-05-03,34,35.188095,56.70519256591797,36.01534652709961,39.29820251464844
20002_1320_1,2024-05-03,35,34.98258,56.64112091064453,36.34293365478516,39.370887756347656
20002_1320_1,2024-05-03,36,34.17945,55.77098846435547,35.03257369995117,38.2772102355957
20002_1320_1,2024-05-03,37,32.698948,54.2147102355957,34.50187683105469,36.99629974365234
20002_1320_1,2024-05-03,38,32.258705,53.76901245117188,33.43393325805664,35.85280990600586
20002_1320_1,2024-05-03,39,31.120731,52.4459114074707,32.490474700927734,35.51682662963867
20002_1320_1,2024-05-03,40,27.06706,46.98921585083008,30.480710983276367,31.119050979614254
20002_1320_1,2024-05-03,41,26.0865,45.62977981567383,28.86077880859375,29.922239303588867
20002_1320_1,2024-05-03,42,24.806435,44.25429534912109,27.688007354736328,28.556472778320312
20002_1320_1,2024-05-03,43,24.494389,44.04484176635742,26.751100540161133,28.319564819335938
20002_1320_1,2024-05-03,44,23.57775,42.732872009277344,26.80351448059082,27.895479202270508
20002_1320_1,2024-05-03,45,23.913076,42.88220977783203,26.633167266845703,27.543346405029297
20002_1320_1,2024-05-03,46,23.359121,42.51360702514648,26.646270751953125,27.12116050720215
20002_1320_1,2024-05-03,47,22.088585,41.46246337890625,27.11800193786621,27.221263885498047
20002_1320_1,2024-05-03,48,22.594992,41.8758659362793,27.83869743347168,27.50965690612793
20002_1320_1,2024-05-03,49,22.71951,41.895904541015625,28.6707763671875,27.222806930541992
20002_1320_1,2024-05-03,50,24.602175,44.07464218139648,29.76492691040039,28.09565734863281
20002_1320_1,2024-05-03,51,24.89967,44.46515655517578,30.14165687561035,28.862735748291016
20002_1320_1,2024-05-03,52,23.997719,44.123931884765625,29.54544258117676,28.292556762695312
20002_1320_1,2024-05-03,53,23.972727,44.11827087402344,29.463546752929688,27.707502365112305
20002_1320_1,2024-05-03,54,22.089956,41.66399765014648,29.31940650939941,26.02237892150879
20002_1320_1,2024-05-03,55,22.177599,41.64836883544922,27.30145072937012,25.35707664489746
20002_1320_1,2024-05-03,56,20.31166,39.77251052856445,25.96488380432129,23.23941802978516
20002_1320_1,2024-05-03,57,20.380716,39.83708572387695,23.76348114013672,22.220867156982425
20002_1320_1,2024-05-03,58,18.271809,38.21689224243164,18.10272789001465,20.324501037597656
20002_1320_1,2024-05-03,59,0.105882354,22.350893020629883,10.921958923339844,10.893702507019045
20002_1320_1,2024-05-04,1,6.3432837,6.091636657714844,0.0,0.0
20002_1320_1,2024-05-04,2,8.238806,7.621786594390869,0.0,0.0
20002_1320_1,2024-05-04,3,12.552446,11.237970352172852,2.312803030014038,2.6896157264709477
20002_1320_1,2024-05-04,4,15.139807,13.410161972045898,4.781612873077393,5.767552375793457
20002_1320_1,2024-05-04,5,18.252459,16.317638397216797,7.456155776977539,8.162445068359375
20002_1320_1,2024-05-04,6,22.071133,19.80887222290039,9.822097778320312,10.988849639892578
20002_1320_1,2024-05-04,7,23.548065,21.3751277923584,11.622271537780762,12.821294784545898
20002_1320_1,2024-05-04,8,24.552177,22.78887367248535,13.628178596496582,15.151243209838867
20002_1320_1,2024-05-04,9,25.235718,23.209909439086918,15.428352355957031,15.753917694091797
20002_1320_1,2024-05-04,10,25.958107,24.331684112548828,17.022790908813477,17.355140686035156
20002_1320_1,2024-05-04,11,26.732733,24.73952865600586,17.691429138183594,17.915380477905273
20002_1320_1,2024-05-04,12,27.0503,24.867963790893555,18.82296562194824,18.69335556030273
20002_1320_1,2024-05-04,13,28.412043,26.27592086791992,19.69733428955078,20.20878028869629
20002_1320_1,2024-05-04,14,28.063927,25.790637969970703,20.31453895568848,20.330087661743164
20002_1320_1,2024-05-04,15,28.506193,25.799102783203125,20.828872680664062,20.76424217224121
20002_1320_1,2024-05-04,16,28.613495,25.90376663208008,21.497507095336918,21.17225456237793
20002_1320_1,2024-05-04,17,28.58901,25.91786193847656,21.80611038208008,21.52121353149414
20002_1320_1,2024-05-04,18,28.612457,25.84853172302246,21.6260929107666,20.985546112060547
20002_1320_1,2024-05-04,19,29.513138,26.787036895751957,21.703243255615234,21.58275604248047
20002_1320_1,2024-05-04,20,29.621243,27.004409790039062,21.960411071777344,21.339683532714844
20002_1320_1,2024-05-04,21,30.546871,27.72719955444336,22.037561416625977,21.852693557739254
20002_1320_1,2024-05-04,22,20.403912,29.56087684631348,22.937646865844727,22.901456832885746
20002_1320_1,2024-05-04,23,22.365978,31.67726707458496,24.09490203857422,23.37204933166504
20002_1320_1,2024-05-04,24,22.606344,32.923118591308594,25.02070426940918,24.979644775390625
20002_1320_1,2024-05-04,25,24.088318,33.014060974121094,27.193771362304688,25.131406784057617
20002_1320_1,2024-05-04,26,24.976076,36.44109344482422,29.56614112854004,26.79361724853516
20002_1320_1,2024-05-04,27,35.04809,46.16209030151367,33.03147888183594,34.03709411621094
20002_1320_1,2024-05-04,28,34.309452,46.9591178894043,34.51019287109375,34.461936950683594
20002_1320_1,2024-05-04,29,34.016453,46.52164077758789,35.5645751953125,34.485992431640625
20002_1320_1,2024-05-04,30,35.5053,47.70344924926758,35.4488525390625,35.662628173828125
20002_1320_1,2024-05-04,31,35.61044,47.7075080871582,35.3717041015625,35.92333221435547
20002_1320_1,2024-05-04,32,32.913483,45.69417190551758,35.05023956298828,35.19036102294922
20002_1320_1,2024-05-04,33,32.78968,45.67584228515625,34.368751525878906,35.113304138183594
20002_1320_1,2024-05-04,34,32.835884,45.61045837402344,34.30445861816406,35.770172119140625
20002_1320_1,2024-05-04,35,32.791683,45.60052490234375,34.30445861816406,35.731781005859375
20002_1320_1,2024-05-04,36,31.724588,44.8010368347168,33.85441207885742,35.096473693847656
20002_1320_1,2024-05-04,37,30.322815,43.6291618347168,32.88360595703125,33.57093048095703
20002_1320_1,2024-05-04,38,30.056055,43.27328109741211,31.51097297668457,32.87762451171875
20002_1320_1,2024-05-04,39,28.327053,42.155704498291016,30.32157325744629,32.03202819824219
20002_1320_1,2024-05-04,40,22.744118,36.76350784301758,27.84954833984375,27.93803977966309
20002_1320_1,2024-05-04,41,19.879868,34.8077278137207,25.84364128112793,26.46896171569824
20002_1320_1,2024-05-04,42,18.521925,33.72148513793945,24.78925323486328,25.165088653564453
20002_1320_1,2024-05-04,43,17.74498,33.36978912353516,24.15919303894043,24.68960952758789
20002_1320_1,2024-05-04,44,16.448036,32.1420783996582,24.15919303894043,24.364978790283203
20002_1320_1,2024-05-04,45,16.179295,31.839773178100582,24.223485946655277,24.61880874633789
20002_1320_1,2024-05-04,46,15.950527,31.485088348388672,24.557804107666016,25.40660858154297
20002_1320_1,2024-05-04,47,15.247164,30.6666202545166,25.05928039550781,25.795255661010746
20002_1320_1,2024-05-04,48,15.472476,30.83208274841309,25.907934188842773,26.710115432739254
20002_1320_1,2024-05-04,49,15.470691,30.84959983825684,26.846593856811523,27.26680374145508
20002_1320_1,2024-05-04,50,17.144808,31.95193099975586,28.13243293762207,28.81333351135254
20002_1320_1,2024-05-04,51,17.785421,32.04930877685547,28.24173164367676,29.161762237548828
20002_1320_1,2024-05-04,52,17.411293,31.635326385498047,27.515230178833008,28.570178985595703
20002_1320_1,2024-05-04,53,17.409946,31.620716094970703,27.193771362304688,27.94518280029297
20002_1320_1,2024-05-04,54,15.859067,30.20194625854492,27.264493942260746,26.93599319458008
20002_1320_1,2024-05-04,55,15.89946,30.18910217285156,26.049375534057617,26.979812622070312
20002_1320_1,2024-05-04,56,14.630792,28.979467391967773,25.6121883392334,25.501850128173828
20002_1320_1,2024-05-04,57,14.783642,28.98622703552246,23.374832153320312,23.7127742767334
20002_1320_1,2024-05-04,58,13.5457945,28.0876522064209,16.765625,21.41164207458496
20002_1320_1,2024-05-04,59,0.029850746,16.911678314208984,11.05650234222412,13.310842514038086
20002_1320_1,2024-05-05,1,3.4117646,4.626830101013184,0.0,0.0
20002_1320_1,2024-05-05,2,4.2941175,5.828117847442627,0.0,0.0
20002_1320_1,2024-05-05,3,8.170588,10.57917022705078,1.0387887954711914,1.2993268966674805
20002_1320_1,2024-05-05,4,9.843791,12.42431640625,3.398478507995605,4.346657752990723
20002_1320_1,2024-05-05,5,12.873203,14.912409782409668,5.963357925415039,7.304947376251221
20002_1320_1,2024-05-05,6,15.423413,17.931137084960938,8.630833625793457,10.573975563049316
20002_1320_1,2024-05-05,7,17.865808,19.83785820007324,10.88792896270752,13.41316032409668
20002_1320_1,2024-05-05,8,18.74937,21.693693161010746,13.55540370941162,16.975727081298828
20002_1320_1,2024-05-05,9,19.674093,22.006088256835938,15.966390609741213,19.051328659057617
20002_1320_1,2024-05-05,10,20.80733,23.48821258544922,18.018295288085938,21.435453414916992
20002_1320_1,2024-05-05,11,21.101849,24.13829803466797,18.78775787353516,22.17558860778809
20002_1320_1,2024-05-05,12,21.2615,24.252147674560547,19.58287048339844,23.07996940612793
20002_1320_1,2024-05-05,13,22.756956,25.79183006286621,21.121797561645508,25.22182846069336
20002_1320_1,2024-05-05,14,22.69911,25.11680221557617,21.53217887878418,25.51291847229004
20002_1320_1,2024-05-05,15,23.427452,25.16650009155273,22.22469711303711,26.310665130615234
20002_1320_1,2024-05-05,16,23.392172,25.283058166503903,23.148054122924805,27.071365356445312
20002_1320_1,2024-05-05,17,23.392172,25.30076026916504,23.27630043029785,27.32175064086914
20002_1320_1,2024-05-05,18,23.101524,25.243749618530277,23.173702239990234,27.34385681152344
20002_1320_1,2024-05-05,19,23.215603,25.875316619873047,22.917213439941406,27.839269638061523
20002_1320_1,2024-05-05,20,23.330515,25.97274780273437,22.917213439941406,27.59085273742676
20002_1320_1,2024-05-05,21,24.418652,27.046077728271484,22.378591537475582,28.03219985961914
20002_1320_1,2024-05-05,22,25.887505,28.971832275390625,21.686073303222656,28.205549240112305
20002_1320_1,2024-05-05,23,27.859146,31.082937240600582,22.12210273742676,28.50525665283203
20002_1320_1,2024-05-05,24,29.070242,33.0195426940918,23.30194664001465,30.08080101013184
20002_1320_1,2024-05-05,25,30.93184,33.203372955322266,24.99476623535156,30.37468910217285
20002_1320_1,2024-05-05,26,30.862358,36.47574996948242,26.35415267944336,31.788352966308597
20002_1320_1,2024-05-05,27,40.2482,47.62132263183594,29.11781311035156,38.47251129150391
20002_1320_1,2024-05-05,28,40.755096,48.48259735107422,31.078344345092773,39.43762969970703
20002_1320_1,2024-05-05,29,40.229248,47.83074951171875,31.791698455810547,39.34345245361328
20002_1320_1,2024-05-05,30,41.56729,48.75162506103516,31.50956153869629,40.00799560546875
20002_1320_1,2024-05-05,31,41.510914,48.74505233764648,31.878263473510746,40.38413238525391
20002_1320_1,2024-05-05,32,38.893158,46.37027740478516,31.29796028137207,39.63580322265625
20002_1320_1,2024-05-05,33,38.88639,46.48524856567383,31.187349319458008,39.72123336791992
20002_1320_1,2024-05-05,34,38.945217,46.52566909790039,30.17742729187012,39.36093521118164
20002_1320_1,2024-05-05,35,38.572296,46.4631233215332,30.52048110961914,39.01218032836914
20002_1320_1,2024-05-05,36,38.293938,46.23527145385742,29.3839168548584,37.69843673706055
20002_1320_1,2024-05-05,37,37.431343,45.0629997253418,28.48300552368164,35.81150817871094
20002_1320_1,2024-05-05,38,37.208664,44.6735725402832,26.546520233154297,34.132911682128906
20002_1320_1,2024-05-05,39,36.661892,44.03477478027344,25.12301254272461,32.77959442138672
20002_1320_1,2024-05-05,40,31.851063,37.8956184387207,22.917213439941406,28.52267837524414
20002_1320_1,2024-05-05,41,29.728523,35.5960693359375,20.99355697631836,26.832582473754883
20002_1320_1,2024-05-05,42,29.116154,34.047515869140625,19.50592422485352,25.437480926513672
20002_1320_1,2024-05-05,43,28.748964,33.76720428466797,18.55691909790039,24.37034034729004
20002_1320_1,2024-05-05,44,28.242327,32.33028793334961,17.966997146606445,22.983646392822266
20002_1320_1,2024-05-05,45,28.212091,31.888545989990234,18.19783592224121,23.443279266357425
20002_1320_1,2024-05-05,46,28.236647,31.77178955078125,18.274782180786133,23.65480613708496
20002_1320_1,2024-05-05,47,27.241713,31.185766220092773,18.47997283935547,23.24967384338379
20002_1320_1,2024-05-05,48,27.229763,31.31895446777344,18.326080322265625,23.48328971862793
20002_1320_1,2024-05-05,49,27.208542,31.27826499938965,19.788061141967773,24.67873954772949
20002_1320_1,2024-05-05,50,28.063435,31.85619735717773,21.275691986083984,26.439939498901367
20002_1320_1,2024-05-05,51,28.199871,32.03800964355469,21.198745727539062,25.78563690185547
20002_1320_1,2024-05-05,52,27.862984,31.890705108642575,21.01920318603516,25.64115333557129
20002_1320_1,2024-05-05,53,27.862984,31.8420524597168,21.01920318603516,25.83647727966309
20002_1320_1,2024-05-05,54,27.33992,30.66595458984375,21.48088264465332,25.320968627929688
20002_1320_1,2024-05-05,55,27.36197,30.631542205810547,20.30103874206543,24.537376403808597
20002_1320_1,2024-05-05,56,26.092236,29.182842254638672,19.095542907714844,22.0976619720459
20002_1320_1,2024-05-05,57,26.092236,29.156726837158203,16.01768684387207,19.78824615478516
20002_1320_1,2024-05-05,58,24.724777,27.668201446533203,10.682738304138184,17.422584533691406
20002_1320_1,2024-05-05,59,14.599221,17.24326515197754,6.271144866943359,10.072772979736328
20002_1320_1,2024-05-06,1,8.238095,8.064227104187012,10.717867851257324,7.607021331787109
20002_1320_1,2024-05-06,2,10.547619,10.672468185424805,9.133928298950195,7.778376579284668
20002_1320_1,2024-05-06,3,14.168531,14.669211387634276,9.951446533203123,9.277268409729004
20002_1320_1,2024-05-06,4,16.555325,17.245332717895508,11.688669204711914,11.404529571533203
20002_1320_1,2024-05-06,5,19.704306,20.664655685424805,14.090126037597656,14.132156372070312
20002_1320_1,2024-05-06,6,22.942116,24.16229057312012,16.849246978759766,17.49192237854004
20002_1320_1,2024-05-06,7,24.600487,25.912288665771484,20.22150230407715,20.93675804138184
20002_1320_1,2024-05-06,8,25.934359,27.62790298461914,23.031719207763672,24.270565032958984
20002_1320_1,2024-05-06,9,27.013212,28.392534255981445,25.5609130859375,25.927690505981445
20002_1320_1,2024-05-06,10,27.912382,29.322664260864254,26.69777107238769,27.244224548339844
20002_1320_1,2024-05-06,11,28.281033,29.85336685180664,27.949596405029297,28.1362419128418
20002_1320_1,2024-05-06,12,28.23174,29.944068908691406,28.72240447998047,28.689836502075195
20002_1320_1,2024-05-06,13,30.389887,32.13945007324219,29.89119911193848,30.33704376220703
20002_1320_1,2024-05-06,14,30.378286,31.805280685424805,30.737457275390625,30.933473587036133
20002_1320_1,2024-05-06,15,30.982693,31.96054458618164,31.20848846435547,31.657175064086918
20002_1320_1,2024-05-06,16,31.335184,32.34748077392578,31.931798934936523,32.23418426513672
20002_1320_1,2024-05-06,17,31.452648,32.42108917236328,32.3213996887207,32.73469161987305
20002_1320_1,2024-05-06,18,31.063852,32.18092727661133,32.59283828735352,32.884063720703125
20002_1320_1,2024-05-06,19,32.397316,32.74174118041992,32.976051330566406,33.54766845703125
20002_1320_1,2024-05-06,20,32.60938,32.943214416503906,33.41035842895508,33.08745574951172
20002_1320_1,2024-05-06,21,33.475677,33.85027313232422,32.81637954711914,33.185089111328125
20002_1320_1,2024-05-06,22,35.29505,35.426082611083984,31.609262466430664,32.40304946899414
20002_1320_1,2024-05-06,23,37.40016,37.27150344848633,30.37660026550293,31.454757690429688
20002_1320_1,2024-05-06,24,40.64327,39.91258239746094,31.52942657470703,33.346153259277344
20002_1320_1,2024-05-06,25,43.724113,40.21259307861328,34.76676177978516,34.789588928222656
20002_1320_1,2024-05-06,26,45.70468,45.479278564453125,38.07914733886719,38.26708984375
20002_1320_1,2024-05-06,27,56.76591,57.30610656738281,41.374759674072266,46.0964241027832
20002_1320_1,2024-05-06,28,57.251106,57.86281204223633,44.26161575317383,47.57670593261719
20002_1320_1,2024-05-06,29,56.99312,57.33292770385742,45.43680191040039,48.30795669555664
20002_1320_1,2024-05-06,30,58.345257,58.53520965576172,46.02438735961914,50.19067001342773
20002_1320_1,2024-05-06,31,58.24217,58.44644546508789,46.94409942626953,51.13321304321289
20002_1320_1,2024-05-06,32,56.655354,57.05638885498047,46.918548583984375,50.47391891479492
20002_1320_1,2024-05-06,33,56.40434,56.74177932739258,46.02438735961914,49.98270034790039
20002_1320_1,2024-05-06,34,56.294613,56.70519256591797,45.232421875,49.76047134399414
20002_1320_1,2024-05-06,35,56.013947,56.64112091064453,45.64117813110352,49.554683685302734
20002_1320_1,2024-05-06,36,54.914864,55.77098846435547,45.104679107666016,48.895050048828125
20002_1320_1,2024-05-06,37,53.73305,54.2147102355957,44.363807678222656,47.22575759887695
20002_1320_1,2024-05-06,38,53.319073,53.76901245117188,42.601036071777344,46.28963088989258
20002_1320_1,2024-05-06,39,52.437275,52.4459114074707,40.95322799682617,44.60694122314453
20002_1320_1,2024-05-06,40,48.32511,46.98921585083008,38.46235656738281,40.0903434753418
20002_1320_1,2024-05-06,41,47.224968,45.62977981567383,35.94114303588867,38.77628707885742
20002_1320_1,2024-05-06,42,45.772316,44.25429534912109,34.33006286621094,36.93634414672852
20002_1320_1,2024-05-06,43,45.640938,44.04484176635742,33.79995346069336,36.25201034545898
20002_1320_1,2024-05-06,44,44.381126,42.732872009277344,33.44867706298828,35.52215576171875
20002_1320_1,2024-05-06,45,44.329094,42.88220977783203,32.92495346069336,35.18240737915039
20002_1320_1,2024-05-06,46,43.76077,42.51360702514648,33.28261947631836,34.888633728027344
20002_1320_1,2024-05-06,47,43.055794,41.46246337890625,33.76802062988281,34.73703384399414
20002_1320_1,2024-05-06,48,43.468178,41.8758659362793,34.08416748046875,35.200469970703125
20002_1320_1,2024-05-06,49,43.431908,41.895904541015625,34.48175048828125,35.12702560424805
20002_1320_1,2024-05-06,50,45.30452,44.07464218139648,35.2465705871582,36.39666366577149
20002_1320_1,2024-05-06,51,45.9929,44.46515655517578,35.112449645996094,36.64934158325195
20002_1320_1,2024-05-06,52,45.965717,44.123931884765625,34.448219299316406,35.873905181884766
20002_1320_1,2024-05-06,53,45.915684,44.11827087402344,34.15602111816406,35.4815788269043
20002_1320_1,2024-05-06,54,42.997936,41.66399765014648,34.039459228515625,34.19774627685547
20002_1320_1,2024-05-06,55,42.95286,41.64836883544922,32.143463134765625,33.7470817565918
20002_1320_1,2024-05-06,56,40.84431,39.77251052856445,29.80817031860352,31.089223861694336
20002_1320_1,2024-05-06,57,40.88636,39.83708572387695,26.391202926635746,28.81390190124512
20002_1320_1,2024-05-06,58,39.486916,38.21689224243164,20.247051239013672,25.53870010375977
20002_1320_1,2024-05-06,59,23.151789,22.350893020629883,14.754359245300291,16.77703094482422
20002_1320_1,2024-05-07,1,8.783133,8.064227104187012,18.9029598236084,13.031452178955078
20002_1320_1,2024-05-07,2,11.493976,10.672468185424805,18.017072677612305,14.000608444213867
20002_1320_1,2024-05-07,3,15.020998,14.669211387634276,19.893064498901367,16.271480560302734
20002_1320_1,2024-05-07,4,17.29805,17.245332717895508,21.977500915527344,18.454954147338867
20002_1320_1,2024-05-07,5,20.566322,20.664655685424805,24.7393798828125,20.68525505065918
20002_1320_1,2024-05-07,6,24.133371,24.16229057312012,27.357954025268555,24.07965660095215
20002_1320_1,2024-05-07,7,25.740301,25.912288665771484,30.197998046875,27.44706916809082
20002_1320_1,2024-05-07,8,27.314135,27.62790298461914,32.31500625610352,29.771961212158203
20002_1320_1,2024-05-07,9,28.700945,28.392534255981445,34.42875289916992,30.98519897460937
20002_1320_1,2024-05-07,10,29.11779,29.322664260864254,34.690120697021484,31.784564971923828
20002_1320_1,2024-05-07,11,29.516434,29.85336685180664,35.44165802001953,32.50633239746094
20002_1320_1,2024-05-07,12,29.499777,29.944068908691406,35.53488540649414,32.59135437011719
20002_1320_1,2024-05-07,13,31.403015,32.13945007324219,36.21029281616211,34.48635482788086
20002_1320_1,2024-05-07,14,31.335161,31.805280685424805,36.55064010620117,34.366477966308594
20002_1320_1,2024-05-07,15,31.764046,31.96054458618164,36.75745391845703,34.904056549072266
20002_1320_1,2024-05-07,16,32.103268,32.34748077392578,37.82573318481445,35.686214447021484
20002_1320_1,2024-05-07,17,32.159927,32.42108917236328,38.2882194519043,36.18467330932617
20002_1320_1,2024-05-07,18,31.750755,32.18092727661133,38.340328216552734,35.79522705078125
20002_1320_1,2024-05-07,19,32.658558,32.74174118041992,38.20353698730469,35.99583435058594
20002_1320_1,2024-05-07,20,32.898533,32.943214416503906,38.37940979003906,35.01398468017578
20002_1320_1,2024-05-07,21,33.05891,33.85027313232422,38.36638641357422,35.45797348022461
20002_1320_1,2024-05-07,22,34.469574,35.426082611083984,37.51958084106445,35.397186279296875
20002_1320_1,2024-05-07,23,36.482082,37.27150344848633,38.39244079589844,36.43593597412109
20002_1320_1,2024-05-07,24,39.096832,39.91258239746094,41.02404022216797,39.66278076171875
20002_1320_1,2024-05-07,25,41.91376,40.21259307861328,45.14080429077149,41.54584884643555
20002_1320_1,2024-05-07,26,43.83271,45.479278564453125,49.596282958984375,45.800201416015625
20002_1320_1,2024-05-07,27,56.128517,57.30610656738281,53.81726837158203,54.83014297485352
20002_1320_1,2024-05-07,28,56.848198,57.86281204223633,55.95381546020508,56.03840255737305
20002_1320_1,2024-05-07,29,56.47171,57.33292770385742,56.94392013549805,56.2942008972168
20002_1320_1,2024-05-07,30,58.442276,58.53520965576172,58.03825378417969,58.44644546508789
20002_1320_1,2024-05-07,31,58.236374,58.44644546508789,58.66358184814453,59.32073974609375
20002_1320_1,2024-05-07,32,56.649403,57.05638885498047,58.66358184814453,58.71477890014648
20002_1320_1,2024-05-07,33,56.474068,56.74177932739258,57.51713943481445,58.16423034667969
20002_1320_1,2024-05-07,34,56.40275,56.70519256591797,56.78759002685547,57.86172103881836
20002_1320_1,2024-05-07,35,56.02676,56.64112091064453,56.83970260620117,57.6009635925293
20002_1320_1,2024-05-07,36,54.80715,55.77098846435547,56.3185920715332,57.29415893554688
20002_1320_1,2024-05-07,37,53.572277,54.2147102355957,54.49471282958984,54.74941253662109
20002_1320_1,2024-05-07,38,53.102734,53.76901245117188,52.82716369628906,53.49773788452149
20002_1320_1,2024-05-07,39,51.996593,52.4459114074707,50.89905548095703,51.535640716552734
20002_1320_1,2024-05-07,40,47.368385,46.98921585083008,48.34562301635742,46.70555114746094
20002_1320_1,2024-05-07,41,46.23508,45.62977981567383,46.02668762207031,45.15509033203125
20002_1320_1,2024-05-07,42,44.733185,44.25429534912109,44.854190826416016,43.43527603149414
20002_1320_1,2024-05-07,43,44.197887,44.04484176635742,44.35913848876953,43.13545989990234
20002_1320_1,2024-05-07,44,42.831787,42.732872009277344,43.44719696044922,42.23894500732422
20002_1320_1,2024-05-07,45,43.256264,42.88220977783203,43.96830368041992,42.9102783203125
20002_1320_1,2024-05-07,46,43.14897,42.51360702514648,44.77602767944336,43.40697860717773
20002_1320_1,2024-05-07,47,42.38284,41.46246337890625,45.42741012573242,43.62479019165039
20002_1320_1,2024-05-07,48,42.6329,41.8758659362793,45.60979843139648,43.5643424987793
20002_1320_1,2024-05-07,49,42.64074,41.895904541015625,46.13090896606445,43.67967987060547
20002_1320_1,2024-05-07,50,45.05361,44.07464218139648,46.91257095336914,45.10068893432617
20002_1320_1,2024-05-07,51,45.44517,44.46515655517578,47.66818237304688,45.73352813720703
20002_1320_1,2024-05-07,52,45.292885,44.123931884765625,47.0428466796875,45.451133728027344
20002_1320_1,2024-05-07,53,45.26597,44.11827087402344,46.36540985107422,44.61582565307617
20002_1320_1,2024-05-07,54,42.849205,41.66399765014648,45.06263732910156,42.282745361328125
20002_1320_1,2024-05-07,55,42.950638,41.64836883544922,42.82186508178711,41.48656463623047
20002_1320_1,2024-05-07,56,40.848076,39.77251052856445,40.34659576416016,39.16997909545898
20002_1320_1,2024-05-07,57,40.861767,39.83708572387695,38.09280014038086,37.88130569458008
20002_1320_1,2024-05-07,58,39.421875,38.21689224243164,31.999080657958984,34.43767166137695
20002_1320_1,2024-05-07,59,22.964718,22.350893020629883,26.615373611450195,24.602048873901367
20002_1320_1,2024-05-08,1,9.3375,8.064227104187012,15.592781066894531,10.480216979980469
20002_1320_1,2024-05-08,2,12.434999,10.672468185424805,15.124225616455078,11.683547973632812
20002_1320_1,2024-05-08,3,16.338524,14.669211387634276,16.894323348999023,14.351686477661133
20002_1320_1,2024-05-08,4,18.71407,17.245332717895508,18.19586753845215,15.818758010864258
20002_1320_1,2024-05-08,5,21.86009,20.664655685424805,20.772920608520508,17.657590866088867
20002_1320_1,2024-05-08,6,25.247866,24.16229057312012,23.42806625366211,20.53702163696289
20002_1320_1,2024-05-08,7,27.016977,25.912288665771484,25.22419548034668,22.81938934326172
20002_1320_1,2024-05-08,8,28.354801,27.62790298461914,27.17650985717773,25.203880310058597
20002_1320_1,2024-05-08,9,29.355392,28.392534255981445,29.46722412109375,26.91114044189453
20002_1320_1,2024-05-08,10,29.877365,29.322664260864254,31.04859733581543,28.565963745117188
20002_1320_1,2024-05-08,11,30.294764,29.85336685180664,32.10284805297852,29.56325340270996
20002_1320_1,2024-05-08,12,30.44195,29.944068908691406,32.43473815917969,29.75986671447754
20002_1320_1,2024-05-08,13,32.76827,32.13945007324219,32.99114990234375,31.07571220397949
20002_1320_1,2024-05-08,14,32.717262,31.805280685424805,32.91631317138672,30.673559188842773
20002_1320_1,2024-05-08,15,33.183983,31.96054458618164,32.5713996887207,30.549091339111328
20002_1320_1,2024-05-08,16,33.602768,32.34748077392578,32.10935592651367,29.698272705078125
20002_1320_1,2024-05-08,17,33.661255,32.42108917236328,32.197208404541016,29.81017303466797
20002_1320_1,2024-05-08,18,33.712585,32.18092727661133,32.150840759277344,29.71587181091309
20002_1320_1,2024-05-08,19,34.928276,32.74174118041992,32.56489562988281,30.2338981628418
20002_1320_1,2024-05-08,20,35.341755,32.943214416503906,32.80567932128906,29.60354804992676
20002_1320_1,2024-05-08,21,36.39466,33.85027313232422,33.35232925415039,30.39957046508789
20002_1320_1,2024-05-08,22,37.96406,35.426082611083984,33.50851058959961,30.9227237701416
20002_1320_1,2024-05-08,23,39.70022,37.27150344848633,34.67339324951172,31.94907569885254
20002_1320_1,2024-05-08,24,42.126568,39.91258239746094,37.03569030761719,34.61270904541016
20002_1320_1,2024-05-08,25,45.537273,40.21259307861328,40.67350769042969,35.8077278137207
20002_1320_1,2024-05-08,26,46.9972,45.479278564453125,44.38290023803711,39.20145034790039
20002_1320_1,2024-05-08,27,57.63838,57.30610656738281,48.07928466796875,46.709774017333984
20002_1320_1,2024-05-08,28,58.34623,57.86281204223633,50.73442840576172,48.14397811889648
20002_1320_1,2024-05-08,29,58.14514,57.33292770385742,52.60865020751953,48.38169860839844
20002_1320_1,2024-05-08,30,60.004303,58.53520965576172,53.70194625854492,50.00123977661133
20002_1320_1,2024-05-08,31,59.864666,58.44644546508789,53.12926864624024,49.67144012451172
20002_1320_1,2024-05-08,32,58.04616,57.05638885498047,53.49369812011719,48.93880081176758
20002_1320_1,2024-05-08,33,58.034466,56.74177932739258,52.60865020751953,48.24000549316406
20002_1320_1,2024-05-08,34,57.854572,56.70519256591797,51.51535415649414,47.050689697265625
20002_1320_1,2024-05-08,35,57.639275,56.64112091064453,51.307106018066406,46.64474868774414
20002_1320_1,2024-05-08,36,56.588753,55.77098846435547,50.73442840576172,46.01395797729492
20002_1320_1,2024-05-08,37,55.30268,54.2147102355957,49.69319534301758,43.98458480834961
20002_1320_1,2024-05-08,38,54.8739,53.76901245117188,47.818973541259766,42.90113067626953
20002_1320_1,2024-05-08,39,53.75779,52.4459114074707,45.65840911865234,41.23384094238281
20002_1320_1,2024-05-08,40,48.598396,46.98921585083008,43.44579315185547,37.00332260131836
20002_1320_1,2024-05-08,41,47.05961,45.62977981567383,41.13555145263672,35.79233169555664
20002_1320_1,2024-05-08,42,45.893204,44.25429534912109,39.68758392333984,34.1419677734375
20002_1320_1,2024-05-08,43,45.56887,44.04484176635742,38.82124710083008,33.61212921142578
20002_1320_1,2024-05-08,44,44.671932,42.732872009277344,38.39824676513672,32.66712951660156
20002_1320_1,2024-05-08,45,45.129387,42.88220977783203,38.23067092895508,32.56610870361328
20002_1320_1,2024-05-08,46,44.823025,42.51360702514648,38.35350799560547,32.648712158203125
20002_1320_1,2024-05-08,47,44.019447,41.46246337890625,38.84646224975586,32.443931579589844
20002_1320_1,2024-05-08,48,44.5859,41.8758659362793,38.98882293701172,32.62181091308594
20002_1320_1,2024-05-08,49,44.69438,41.895904541015625,39.672943115234375,32.977195739746094
20002_1320_1,2024-05-08,50,48.063793,44.07464218139648,40.764610290527344,34.52012634277344
20002_1320_1,2024-05-08,51,48.800724,44.46515655517578,41.4804573059082,34.99282455444336
20002_1320_1,2024-05-08,52,48.928978,44.123931884765625,41.84489440917969,35.185550689697266
20002_1320_1,2024-05-08,53,48.87397,44.11827087402344,41.06396865844727,34.47418975830078
20002_1320_1,2024-05-08,54,46.385735,41.66399765014648,39.6745719909668,32.427284240722656
20002_1320_1,2024-05-08,55,46.420815,41.64836883544922,37.10727691650391,31.227882385253903
20002_1320_1,2024-05-08,56,44.09084,39.77251052856445,34.9337043762207,28.77151107788086
20002_1320_1,2024-05-08,57,44.118156,39.83708572387695,31.75143241882324,26.80510711669922
20002_1320_1,2024-05-08,58,41.96387,38.21689224243164,26.31748962402344,24.153696060180664
20002_1320_1,2024-05-08,59,24.14485,22.350893020629883,20.174211502075195,15.73613166809082
20002_1320_1,2024-05-09,1,8.75,8.064227104187012,17.083168029785156,10.44866943359375
20002_1320_1,2024-05-09,2,11.09127,10.672468185424805,16.56169891357422,10.583553314208984
20002_1320_1,2024-05-09,3,14.8118725,14.669211387634276,17.96965789794922,12.572877883911133
20002_1320_1,2024-05-09,4,17.434835,17.245332717895508,20.629135131835938,14.720830917358398
20002_1320_1,2024-05-09,5,20.576792,20.664655685424805,23.731853485107425,17.332691192626953
20002_1320_1,2024-05-09,6,24.347073,24.16229057312012,26.639026641845703,19.54190444946289
20002_1320_1,2024-05-09,7,25.835783,25.912288665771484,29.318058013916016,22.60078811645508
20002_1320_1,2024-05-09,8,27.13705,27.62790298461914,30.94112014770508,24.41879653930664
20002_1320_1,2024-05-09,9,28.197727,28.392534255981445,32.367000579833984,24.870853424072266
20002_1320_1,2024-05-09,10,28.357553,29.322664260864254,33.54763412475586,26.036216735839844
20002_1320_1,2024-05-09,11,28.674622,29.85336685180664,35.321434020996094,27.39495849609375
20002_1320_1,2024-05-09,12,28.849438,29.944068908691406,35.976524353027344,27.353702545166016
20002_1320_1,2024-05-09,13,30.62405,32.13945007324219,36.03193283081055,28.457748413085938
20002_1320_1,2024-05-09,14,30.547512,31.805280685424805,36.96405029296875,28.35928726196289
20002_1320_1,2024-05-09,15,30.736012,31.96054458618164,36.74568557739258,27.622806549072266
20002_1320_1,2024-05-09,16,31.27776,32.34748077392578,36.4442138671875,26.83804702758789
20002_1320_1,2024-05-09,17,31.425686,32.42108917236328,36.47843551635742,27.354419708251957
20002_1320_1,2024-05-09,18,31.298779,32.18092727661133,36.214447021484375,26.68906021118164
20002_1320_1,2024-05-09,19,32.26374,32.74174118041992,36.12318801879883,26.80428695678711
20002_1320_1,2024-05-09,20,32.448994,32.943214416503906,36.514286041259766,26.065837860107425
20002_1320_1,2024-05-09,21,33.42022,33.85027313232422,35.96674728393555,26.33320617675781
20002_1320_1,2024-05-09,22,34.918976,35.426082611083984,34.87900161743164,25.46772003173828
20002_1320_1,2024-05-09,23,37.05075,37.27150344848633,36.55991363525391,26.004833221435547
20002_1320_1,2024-05-09,24,39.638084,39.91258239746094,38.48934173583984,27.899311065673828
20002_1320_1,2024-05-09,25,42.587288,40.21259307861328,42.40032958984375,29.07059097290039
20002_1320_1,2024-05-09,26,43.72057,45.479278564453125,47.8757209777832,33.35599136352539
20002_1320_1,2024-05-09,27,53.949516,57.30610656738281,51.81278610229492,41.51841735839844
20002_1320_1,2024-05-09,28,54.50011,57.86281204223633,55.25445938110352,43.30611801147461
20002_1320_1,2024-05-09,29,54.432194,57.33292770385742,56.71456909179688,43.50920867919922
20002_1320_1,2024-05-09,30,55.796898,58.53520965576172,57.39247512817383,44.510704040527344
20002_1320_1,2024-05-09,31,55.902763,58.44644546508789,57.9139404296875,44.52253723144531
20002_1320_1,2024-05-09,32,54.668346,57.05638885498047,58.12252807617188,43.26328659057617
20002_1320_1,2024-05-09,33,54.66333,56.74177932739258,57.39247512817383,42.53901672363281
20002_1320_1,2024-05-09,34,54.758255,56.70519256591797,56.03666305541992,41.360801696777344
20002_1320_1,2024-05-09,35,54.409832,56.64112091064453,55.93236923217773,40.85677337646485
20002_1320_1,2024-05-09,36,53.697132,55.77098846435547,54.42011642456055,39.816444396972656
20002_1320_1,2024-05-09,37,52.67415,54.2147102355957,54.107234954833984,38.42055892944336
20002_1320_1,2024-05-09,38,52.37461,53.76901245117188,52.85572052001953,37.86643981933594
20002_1320_1,2024-05-09,39,51.275433,52.4459114074707,50.24839019775391,35.20627975463867
20002_1320_1,2024-05-09,40,46.933277,46.98921585083008,48.00608825683594,30.856220245361328
20002_1320_1,2024-05-09,41,45.314564,45.62977981567383,45.39875793457031,29.10822296142578
20002_1320_1,2024-05-09,42,43.93156,44.25429534912109,44.12116622924805,27.991161346435547
20002_1320_1,2024-05-09,43,44.104706,44.04484176635742,43.75613784790039,27.98360061645508
20002_1320_1,2024-05-09,44,42.865707,42.732872009277344,43.02609252929688,26.925762176513672
20002_1320_1,2024-05-09,45,43.274746,42.88220977783203,42.79143142700195,26.584495544433597
20002_1320_1,2024-05-09,46,43.05927,42.51360702514648,42.23085784912109,25.939414978027344
20002_1320_1,2024-05-09,47,41.93271,41.46246337890625,42.84357452392578,25.927852630615234
20002_1320_1,2024-05-09,48,42.371075,41.8758659362793,43.62577438354492,26.35401153564453
20002_1320_1,2024-05-09,49,42.333176,41.895904541015625,44.64263534545898,27.455020904541016
20002_1320_1,2024-05-09,50,44.413605,44.07464218139648,45.21624374389648,28.66991424560547
20002_1320_1,2024-05-09,51,44.757072,44.46515655517578,46.02451705932617,29.857616424560547
20002_1320_1,2024-05-09,52,44.45833,44.123931884765625,46.15488815307617,29.91513061523437
20002_1320_1,2024-05-09,53,44.44206,44.11827087402344,45.2423210144043,28.868724822998047
20002_1320_1,2024-05-09,54,41.79782,41.66399765014648,44.43404769897461,27.44451141357422
20002_1320_1,2024-05-09,55,41.88256,41.64836883544922,42.00923156738281,26.76211166381836
20002_1320_1,2024-05-09,56,39.715416,39.77251052856445,39.32368469238281,24.31287384033203
20002_1320_1,2024-05-09,57,39.833504,39.83708572387695,34.47405242919922,21.58911895751953
20002_1320_1,2024-05-09,58,38.231842,38.21689224243164,26.547771453857425,17.631765365600586
20002_1320_1,2024-05-09,59,22.34811,22.350893020629883,21.202747344970703,9.98857593536377
20002_1320_1,2024-05-10,1,9.283784,8.064227104187012,21.27480697631836,14.911295890808104
20002_1320_1,2024-05-10,2,12.006757,10.672468185424805,21.715137481689453,15.954299926757812
20002_1320_1,2024-05-10,3,15.809593,14.669211387634276,21.300708770751957,16.98775291442871
20002_1320_1,2024-05-10,4,18.550743,17.245332717895508,22.699398040771484,17.969696044921875
20002_1320_1,2024-05-10,5,22.1685,20.664655685424805,25.496774673461918,20.250076293945312
20002_1320_1,2024-05-10,6,26.030071,24.16229057312012,26.97316551208496,22.205568313598636
20002_1320_1,2024-05-10,7,27.379978,25.912288665771484,28.423656463623047,24.62358856201172
20002_1320_1,2024-05-10,8,28.629002,27.62790298461914,28.68267250061035,26.23994445800781
20002_1320_1,2024-05-10,9,29.904274,28.392534255981445,30.0036563873291,26.92841911315918
20002_1320_1,2024-05-10,10,30.73366,29.322664260864254,31.57394218444824,28.662330627441406
20002_1320_1,2024-05-10,11,31.148922,29.85336685180664,32.45783615112305,29.77030372619629
20002_1320_1,2024-05-10,12,31.32321,29.944068908691406,33.660640716552734,30.266433715820312
20002_1320_1,2024-05-10,13,33.393562,32.13945007324219,33.85976028442383,31.756250381469727
20002_1320_1,2024-05-10,14,33.36748,31.805280685424805,33.42914581298828,31.05892944335937
20002_1320_1,2024-05-10,15,33.604855,31.96054458618164,33.19602966308594,30.191295623779297
20002_1320_1,2024-05-10,16,33.9852,32.34748077392578,33.36763000488281,30.701717376708984
20002_1320_1,2024-05-10,17,34.199013,32.42108917236328,33.733489990234375,30.673280715942383
20002_1320_1,2024-05-10,18,33.91217,32.18092727661133,34.18353271484375,30.4379940032959
20002_1320_1,2024-05-10,19,34.351578,32.74174118041992,34.491111755371094,31.077726364135746
20002_1320_1,2024-05-10,20,34.685677,32.943214416503906,34.84968566894531,31.26512336730957
20002_1320_1,2024-05-10,21,35.864166,33.85027313232422,33.733489990234375,31.061447143554688
20002_1320_1,2024-05-10,22,37.562237,35.426082611083984,30.987916946411133,29.62666130065918
20002_1320_1,2024-05-10,23,39.235664,37.27150344848633,33.43400192260742,31.294506072998047
20002_1320_1,2024-05-10,24,42.41084,39.91258239746094,37.68349075317383,35.07975769042969
20002_1320_1,2024-05-10,25,44.744316,40.21259307861328,42.33282852172852,37.34583282470703
20002_1320_1,2024-05-10,26,47.717735,45.479278564453125,47.59086227416992,41.5670166015625
20002_1320_1,2024-05-10,27,59.05016,57.30610656738281,51.165283203125,50.10588073730469
20002_1320_1,2024-05-10,28,59.33961,57.86281204223633,53.34101867675781,51.51021957397461
20002_1320_1,2024-05-10,29,59.012398,57.33292770385742,54.11806869506836,51.2015495300293
20002_1320_1,2024-05-10,30,60.321987,58.53520965576172,55.3613510131836,52.988582611083984
20002_1320_1,2024-05-10,31,60.306263,58.44644546508789,55.3613510131836,53.17047500610352
20002_1320_1,2024-05-10,32,58.945656,57.05638885498047,56.08659362792969,52.64425659179688
20002_1320_1,2024-05-10,33,58.636322,56.74177932739258,55.41315078735352,52.628265380859375
20002_1320_1,2024-05-10,34,58.47119,56.70519256591797,54.37708282470703,51.54731369018555
20002_1320_1,2024-05-10,35,58.13991,56.64112091064453,54.11806869506836,51.61747360229492
20002_1320_1,2024-05-10,36,57.31325,55.77098846435547,53.54823303222656,51.21418380737305
20002_1320_1,2024-05-10,37,55.68894,54.2147102355957,53.28921890258789,49.762001037597656
20002_1320_1,2024-05-10,38,55.228115,53.76901245117188,51.52790451049805,48.52893829345703
20002_1320_1,2024-05-10,39,54.125484,52.4459114074707,49.40397644042969,46.18183135986328
20002_1320_1,2024-05-10,40,49.189133,46.98921585083008,46.89151763916016,42.07661056518555
20002_1320_1,2024-05-10,41,48.01808,45.62977981567383,45.13020706176758,41.06859970092773
20002_1320_1,2024-05-10,42,46.58214,44.25429534912109,44.30135345458984,40.13996887207031
20002_1320_1,2024-05-10,43,46.269318,44.04484176635742,44.14594650268555,40.07079315185547
20002_1320_1,2024-05-10,44,45.073936,42.732872009277344,42.90266418457031,38.59154510498047
20002_1320_1,2024-05-10,45,44.9673,42.88220977783203,43.42070007324219,38.47453689575195
20002_1320_1,2024-05-10,46,44.79889,42.51360702514648,42.90266418457031,38.08466339111328
20002_1320_1,2024-05-10,47,43.943687,41.46246337890625,43.18758392333984,37.31679916381836
20002_1320_1,2024-05-10,48,44.548225,41.8758659362793,44.09414291381836,37.814334869384766
20002_1320_1,2024-05-10,49,44.784668,41.895904541015625,45.182010650634766,38.49152374267578
20002_1320_1,2024-05-10,50,47.618202,44.07464218139648,45.88135147094727,39.87108612060547
20002_1320_1,2024-05-10,51,47.570236,44.46515655517578,46.55479431152344,40.166805267333984
20002_1320_1,2024-05-10,52,47.56179,44.123931884765625,46.425289154052734,39.97284698486328
20002_1320_1,2024-05-10,53,47.578117,44.11827087402344,46.19217300415039,39.80670166015625
20002_1320_1,2024-05-10,54,45.03638,41.66399765014648,45.77774429321289,38.61528396606445
20002_1320_1,2024-05-10,55,45.20514,41.64836883544922,43.44660186767578,37.61862564086914
20002_1320_1,2024-05-10,56,42.777275,39.77251052856445,41.03775024414063,35.0173454284668
20002_1320_1,2024-05-10,57,42.85118,39.83708572387695,37.3985710144043,32.01104736328125
20002_1320_1,2024-05-10,58,41.275036,38.21689224243164,30.146114349365234,28.55620574951172
20002_1320_1,2024-05-10,59,25.316572,22.350893020629883,22.54398727416992,18.45681953430176
20002_1320_1,2024-05-11,1,6.1846156,6.091636657714844,22.72748374938965,17.67097282409668
20002_1320_1,2024-05-11,2,7.7956047,7.621786594390869,22.80440902709961,19.95448303222656
20002_1320_1,2024-05-11,3,11.536866,11.237970352172852,22.62491607666016,21.366607666015625
20002_1320_1,2024-05-11,4,13.455281,13.410161972045898,24.21470832824707,22.87902069091797
20002_1320_1,2024-05-11,5,16.325508,16.317638397216797,25.240381240844727,24.32270622253418
20002_1320_1,2024-05-11,6,19.605158,19.80887222290039,27.08659172058105,26.33135414123535
20002_1320_1,2024-05-11,7,21.050095,21.3751277923584,29.04178047180176,28.318359375
20002_1320_1,2024-05-11,8,22.788881,22.78887367248535,29.93924331665039,29.768421173095703
20002_1320_1,2024-05-11,9,24.115307,23.209909439086918,30.900814056396484,30.191320419311523
20002_1320_1,2024-05-11,10,25.203882,24.331684112548828,31.33672142028809,30.66436004638672
20002_1320_1,2024-05-11,11,25.940838,24.73952865600586,32.377620697021484,31.43071937561035
20002_1320_1,2024-05-11,12,26.054111,24.867963790893555,33.55634307861328,32.11311721801758
20002_1320_1,2024-05-11,13,27.562782,26.27592086791992,33.409706115722656,33.17060470581055
20002_1320_1,2024-05-11,14,27.599636,25.790637969970703,33.63727569580078,33.309349060058594
20002_1320_1,2024-05-11,15,27.61502,25.799102783203125,34.24066162109375,34.15296173095703
20002_1320_1,2024-05-11,16,27.728497,25.90376663208008,34.554771423339844,34.847747802734375
20002_1320_1,2024-05-11,17,27.678923,25.91786193847656,34.01949691772461,34.040061950683594
20002_1320_1,2024-05-11,18,27.589552,25.84853172302246,35.125301361083984,34.51954650878906
20002_1320_1,2024-05-11,19,28.37932,26.787036895751957,35.657371520996094,35.7341194152832
20002_1320_1,2024-05-11,20,28.698217,27.004409790039062,36.49073028564453,35.41080093383789
20002_1320_1,2024-05-11,21,29.537783,27.72719955444336,35.54838943481445,34.77113342285156
20002_1320_1,2024-05-11,22,31.469606,29.56087684631348,34.032318115234375,33.59525680541992
20002_1320_1,2024-05-11,23,33.33365,31.67726707458496,36.85612487792969,35.228607177734375
20002_1320_1,2024-05-11,24,34.330692,32.923118591308594,40.39469528198242,39.31953811645508
20002_1320_1,2024-05-11,25,36.113987,33.014060974121094,45.112789154052734,42.24729537963867
20002_1320_1,2024-05-11,26,37.76676,36.44109344482422,50.06166076660156,46.63122177124024
20002_1320_1,2024-05-11,27,47.4727,46.16209030151367,54.77975463867188,55.66486740112305
20002_1320_1,2024-05-11,28,48.387527,46.9591178894043,55.907997131347656,56.048370361328125
20002_1320_1,2024-05-11,29,47.98853,46.52164077758789,56.88238525390625,55.65974044799805
20002_1320_1,2024-05-11,30,49.72172,47.70344924926758,57.24137115478516,56.71650314331055
20002_1320_1,2024-05-11,31,49.60067,47.7075080871582,57.03623580932617,56.63612365722656
20002_1320_1,2024-05-11,32,47.32486,45.69417190551758,57.24137115478516,56.08551406860352
20002_1320_1,2024-05-11,33,47.348793,45.67584228515625,56.67724990844727,55.945579528808594
20002_1320_1,2024-05-11,34,47.33202,45.61045837402344,55.95927810668945,55.13510513305664
20002_1320_1,2024-05-11,35,47.19554,45.60052490234375,55.343875885009766,54.8138427734375
20002_1320_1,2024-05-11,36,46.3205,44.8010368347168,55.036170959472656,54.00749969482422
20002_1320_1,2024-05-11,37,45.11971,43.6291618347168,54.113067626953125,52.04622650146485
20002_1320_1,2024-05-11,38,45.000492,43.27328109741211,51.95915603637695,51.07095336914063
20002_1320_1,2024-05-11,39,44.09281,42.155704498291016,49.49754333496094,49.068119049072266
20002_1320_1,2024-05-11,40,37.95486,36.76350784301758,47.60004806518555,45.378299713134766
20002_1320_1,2024-05-11,41,36.60622,34.8077278137207,46.16410446166992,45.00244903564453
20002_1320_1,2024-05-11,42,35.472046,33.72148513793945,44.47174453735352,43.465110778808594
20002_1320_1,2024-05-11,43,35.42954,33.36978912353516,44.49738311767578,43.38340759277344
20002_1320_1,2024-05-11,44,34.554214,32.1420783996582,43.72813415527344,42.16397476196289
20002_1320_1,2024-05-11,45,34.257973,31.839773178100582,43.67684555053711,41.96000289916992
20002_1320_1,2024-05-11,46,34.011196,31.485088348388672,43.446075439453125,41.695919036865234
20002_1320_1,2024-05-11,47,33.2026,30.6666202545166,43.3947868347168,40.87822723388672
20002_1320_1,2024-05-11,48,33.479523,30.83208274841309,44.54867172241211,41.66696166992188
20002_1320_1,2024-05-11,49,33.48982,30.84959983825684,45.5999870300293,41.89703750610352
20002_1320_1,2024-05-11,50,34.793236,31.95193099975586,46.57437515258789,43.246829986572266
20002_1320_1,2024-05-11,51,34.860634,32.04930877685547,47.52311706542969,43.778594970703125
20002_1320_1,2024-05-11,52,34.571915,31.635326385498047,47.36927032470703,43.66485977172852
20002_1320_1,2024-05-11,53,34.544163,31.620716094970703,46.369239807128906,43.036808013916016
20002_1320_1,2024-05-11,54,33.265076,30.20194625854492,45.36920928955078,41.38616561889648
20002_1320_1,2024-05-11,55,33.303818,30.18910217285156,44.16404342651367,41.40500259399414
20002_1320_1,2024-05-11,56,31.916098,28.979467391967773,42.33065414428711,39.14732360839844
20002_1320_1,2024-05-11,57,31.916098,28.98622703552246,39.76647186279297,37.58333206176758
20002_1320_1,2024-05-11,58,30.476944,28.0876522064209,34.15732192993164,35.84901809692383
20002_1320_1,2024-05-11,59,18.496168,16.911678314208984,25.03524780273437,25.02711677551269
20002_1320_1,2024-05-12,1,3.90625,4.626830101013184,14.934233665466309,10.06472873687744
20002_1320_1,2024-05-12,2,4.375,5.828117847442627,14.586103439331056,10.602986335754396
20002_1320_1,2024-05-12,3,7.973485,10.57917022705078,13.840107917785645,11.734801292419434
20002_1320_1,2024-05-12,4,10.060624,12.42431640625,15.232632637023926,13.272468566894531
20002_1320_1,2024-05-12,5,13.2204685,14.912409782409668,17.470617294311523,16.043642044067383
20002_1320_1,2024-05-12,6,15.985745,17.931137084960938,19.50967025756836,18.41715240478516
20002_1320_1,2024-05-12,7,16.490007,19.83785820007324,20.8027286529541,20.415117263793945
20002_1320_1,2024-05-12,8,17.67104,21.693693161010746,21.996320724487305,22.259389877319336
20002_1320_1,2024-05-12,9,19.007133,22.006088256835938,23.46344757080078,23.178489685058597
20002_1320_1,2024-05-12,10,20.649029,23.48821258544922,24.60730743408203,24.92997169494629
20002_1320_1,2024-05-12,11,20.928831,24.13829803466797,24.930570602416992,25.70478820800781
20002_1320_1,2024-05-12,12,20.71563,24.252147674560547,25.55223274230957,25.581701278686523
20002_1320_1,2024-05-12,13,21.904383,25.79183006286621,26.037128448486328,27.44082260131836
20002_1320_1,2024-05-12,14,21.88477,25.11680221557617,26.410127639770508,27.46341133117676
20002_1320_1,2024-05-12,15,21.88477,25.16650009155273,26.497159957885746,27.290727615356445
20002_1320_1,2024-05-12,16,22.00977,25.283058166503903,26.360395431518555,26.92607879638672
20002_1320_1,2024-05-12,17,22.07227,25.30076026916504,25.974964141845703,26.65198516845703
20002_1320_1,2024-05-12,18,22.504498,25.243749618530277,26.522029876708984,27.02217483520508
20002_1320_1,2024-05-12,19,23.2639,25.875316619873047,27.255590438842773,28.23786354064941
20002_1320_1,2024-05-12,20,23.67015,25.97274780273437,28.87191390991211,28.911300659179688
20002_1320_1,2024-05-12,21,24.231554,27.046077728271484,29.070846557617188,30.10448265075684
20002_1320_1,2024-05-12,22,25.47748,28.971832275390625,30.121456146240234,31.42708969116211
20002_1320_1,2024-05-12,23,26.606382,31.082937240600582,32.72700119018555,33.164276123046875
20002_1320_1,2024-05-12,24,30.045204,33.0195426940918,36.07076644897461,36.48537063598633
20002_1320_1,2024-05-12,25,32.165787,33.203372955322266,39.228816986083984,37.95488739013672
20002_1320_1,2024-05-12,26,32.726166,36.47574996948242,42.43659591674805,41.30890274047852
20002_1320_1,2024-05-12,27,41.703197,47.62132263183594,46.61417007446289,50.12823486328125
20002_1320_1,2024-05-12,28,43.12799,48.48259735107422,48.603492736816406,50.97239685058594
20002_1320_1,2024-05-12,29,42.441185,47.83074951171875,49.20028305053711,50.41732025146485
20002_1320_1,2024-05-12,30,42.949654,48.75162506103516,50.49334335327149,52.49585723876953
20002_1320_1,2024-05-12,31,43.017303,48.74505233764648,50.39387512207031,52.28522491455078
20002_1320_1,2024-05-12,32,41.36308,46.37027740478516,50.14521408081055,51.19984817504883
20002_1320_1,2024-05-12,33,41.289654,46.48524856567383,50.294410705566406,51.64262771606445
20002_1320_1,2024-05-12,34,41.246246,46.52566909790039,50.443607330322266,52.18575668334961
20002_1320_1,2024-05-12,35,41.319992,46.4631233215332,50.14521408081055,51.79386901855469
20002_1320_1,2024-05-12,36,40.993633,46.23527145385742,49.89654922485352,51.57304000854492
20002_1320_1,2024-05-12,37,40.165077,45.0629997253418,49.448951721191406,50.07331085205078
20002_1320_1,2024-05-12,38,40.081074,44.6735725402832,47.608829498291016,49.13541793823242
20002_1320_1,2024-05-12,39,39.82788,44.03477478027344,45.76870727539063,47.75897979736328
20002_1320_1,2024-05-12,40,34.40533,37.8956184387207,43.97831726074219,43.67491912841797
20002_1320_1,2024-05-12,41,32.58771,35.5960693359375,41.79006576538086,42.41356658935547
20002_1320_1,2024-05-12,42,31.60786,34.047515869140625,40.72080612182617,41.52745056152344
20002_1320_1,2024-05-12,43,31.55107,33.76720428466797,39.96237564086914,41.159088134765625
20002_1320_1,2024-05-12,44,29.949066,32.33028793334961,39.77587890625,40.45361709594727
20002_1320_1,2024-05-12,45,29.73516,31.888545989990234,39.87534332275391,40.60453796386719
20002_1320_1,2024-05-12,46,29.62861,31.77178955078125,39.166648864746094,40.01740264892578
20002_1320_1,2024-05-12,47,29.162907,31.185766220092773,39.05474853515625,39.20675277709961
20002_1320_1,2024-05-12,48,29.319157,31.31895446777344,39.6142463684082,39.81544876098633
20002_1320_1,2024-05-12,49,29.381657,31.27826499938965,40.23590850830078,39.86127471923828
20002_1320_1,2024-05-12,50,29.707743,31.85619735717773,40.89487075805664,41.08306121826172
20002_1320_1,2024-05-12,51,29.528439,32.03800964355469,42.28739547729492,41.8278923034668
20002_1320_1,2024-05-12,52,29.301792,31.890705108642575,42.66039276123047,42.47251510620117
20002_1320_1,2024-05-12,53,29.301792,31.8420524597168,41.88953399658203,41.91179275512695
20002_1320_1,2024-05-12,54,28.371906,30.66595458984375,41.08137130737305,40.23262405395508
20002_1320_1,2024-05-12,55,28.392702,30.631542205810547,39.77587890625,39.79884338378906
20002_1320_1,2024-05-12,56,27.287064,29.182842254638672,37.62492370605469,37.24409484863281
20002_1320_1,2024-05-12,57,27.287064,29.156726837158203,35.655029296875,36.62216567993164
20002_1320_1,2024-05-12,58,25.758272,27.668201446533203,31.89630508422852,35.519737243652344
20002_1320_1,2024-05-12,59,16.941017,17.24326515197754,24.81867218017578,23.833961486816406
20002_1320_1,2024-05-13,1,7.8915663,8.064227104187012,13.099382400512695,11.18000316619873
20002_1320_1,2024-05-13,2,10.039587,10.672468185424805,10.608059883117676,10.826855659484863
20002_1320_1,2024-05-13,3,13.300971,14.669211387634276,10.059968948364258,10.865540504455566
20002_1320_1,2024-05-13,4,15.144849,17.245332717895508,11.853721618652344,12.59577178955078
20002_1320_1,2024-05-13,5,17.639458,20.664655685424805,14.49452304840088,15.36967945098877
20002_1320_1,2024-05-13,6,20.673588,24.16229057312012,15.540878295898438,16.797258377075195
20002_1320_1,2024-05-13,7,21.969389,25.912288665771484,16.836366653442383,18.324729919433597
20002_1320_1,2024-05-13,8,23.483526,27.62790298461914,17.982372283935547,20.15272331237793
20002_1320_1,2024-05-13,9,24.451914,28.392534255981445,19.22803497314453,20.792375564575195
20002_1320_1,2024-05-13,10,25.679447,29.322664260864254,20.523521423339844,22.33487319946289
20002_1320_1,2024-05-13,11,26.243864,29.85336685180664,20.74774169921875,22.913349151611328
20002_1320_1,2024-05-13,12,26.333273,29.944068908691406,21.56987762451172,23.305644989013672
20002_1320_1,2024-05-13,13,27.82194,32.13945007324219,22.093055725097656,25.17218399047852
20002_1320_1,2024-05-13,14,27.810785,31.805280685424805,22.989931106567383,25.414207458496094
20002_1320_1,2024-05-13,15,28.14285,31.96054458618164,22.616233825683597,25.32270050048828
20002_1320_1,2024-05-13,16,28.548351,32.34748077392578,21.868837356567383,25.02391815185547
20002_1320_1,2024-05-13,17,28.582617,32.42108917236328,21.42040061950684,25.10805892944336
20002_1320_1,2024-05-13,18,28.30458,32.18092727661133,21.61970329284668,25.05764579772949
20002_1320_1,2024-05-13,19,29.682228,32.74174118041992,21.56987762451172,25.43121910095215
20002_1320_1,2024-05-13,20,30.057632,32.943214416503906,22.64114761352539,25.71444129943848
20002_1320_1,2024-05-13,21,31.131891,33.85027313232422,22.790624618530277,27.03923225402832
20002_1320_1,2024-05-13,22,32.516544,35.426082611083984,25.03281784057617,28.949716567993164
20002_1320_1,2024-05-13,23,34.85431,37.27150344848633,27.34974670410156,30.41240119934082
20002_1320_1,2024-05-13,24,37.26033,39.91258239746094,30.46389961242676,33.44657516479492
20002_1320_1,2024-05-13,25,39.7811,40.21259307861328,34.02337646484375,35.30284118652344
20002_1320_1,2024-05-13,26,41.109592,45.479278564453125,37.82575607299805,39.13470077514648
20002_1320_1,2024-05-13,27,51.924076,57.30610656738281,42.04854965209961,47.64002227783203
20002_1320_1,2024-05-13,28,52.22727,57.86281204223633,44.96339797973633,49.31900024414063
20002_1320_1,2024-05-13,29,51.7921,57.33292770385742,46.48310470581055,50.29656219482422
20002_1320_1,2024-05-13,30,53.415916,58.53520965576172,47.52945709228516,52.20379257202149
20002_1320_1,2024-05-13,31,53.07082,58.44644546508789,48.3266830444336,53.5224609375
20002_1320_1,2024-05-13,32,51.86801,57.05638885498047,48.72529220581055,53.59004211425781
20002_1320_1,2024-05-13,33,51.613686,56.74177932739258,48.77511978149414,53.893497467041016
20002_1320_1,2024-05-13,34,51.48216,56.70519256591797,48.52598571777344,54.637882232666016
20002_1320_1,2024-05-13,35,51.41096,56.64112091064453,49.123905181884766,55.10476303100586
20002_1320_1,2024-05-13,36,50.74173,55.77098846435547,49.17372894287109,55.1134147644043
20002_1320_1,2024-05-13,37,49.318695,54.2147102355957,49.123905181884766,54.39102935791016
20002_1320_1,2024-05-13,38,48.959793,53.76901245117188,48.12737655639648,54.14312744140625
20002_1320_1,2024-05-13,39,47.72341,52.4459114074707,46.83188629150391,53.11557388305664
20002_1320_1,2024-05-13,40,42.639984,46.98921585083008,45.561309814453125,49.63702392578125
20002_1320_1,2024-05-13,41,41.475536,45.62977981567383,43.16964340209961,48.597049713134766
20002_1320_1,2024-05-13,42,40.425835,44.25429534912109,42.0983772277832,47.66249465942383
20002_1320_1,2024-05-13,43,40.10348,44.04484176635742,41.40080261230469,47.34632873535156
20002_1320_1,2024-05-13,44,39.136826,42.732872009277344,40.80288696289063,46.48099136352539
20002_1320_1,2024-05-13,45,39.139366,42.88220977783203,40.95236587524414,46.900047302246094
20002_1320_1,2024-05-13,46,38.933533,42.51360702514648,40.77797317504883,46.36595153808594
20002_1320_1,2024-05-13,47,38.357956,41.46246337890625,40.75305938720703,45.74031066894531
20002_1320_1,2024-05-13,48,38.78619,41.8758659362793,40.90254211425781,45.83170318603516
20002_1320_1,2024-05-13,49,38.758575,41.895904541015625,41.6001091003418,45.84346389770508
20002_1320_1,2024-05-13,50,41.01309,44.07464218139648,42.39733123779297,46.96468734741211
20002_1320_1,2024-05-13,51,41.81682,44.46515655517578,43.09490585327149,47.279903411865234
20002_1320_1,2024-05-13,52,41.904305,44.123931884765625,43.717735290527344,47.922119140625
20002_1320_1,2024-05-13,53,41.943886,44.11827087402344,43.36894607543945,47.646278381347656
20002_1320_1,2024-05-13,54,39.93538,41.66399765014648,42.64646530151367,46.20249176025391
20002_1320_1,2024-05-13,55,39.903534,41.64836883544922,41.69976425170898,46.07411575317383
20002_1320_1,2024-05-13,56,38.16878,39.77251052856445,40.47901916503906,43.82539367675781
20002_1320_1,2024-05-13,57,38.176083,39.83708572387695,38.14963150024414,42.79155349731445
20002_1320_1,2024-05-13,58,36.590633,38.21689224243164,33.92372131347656,40.39836502075195
20002_1320_1,2024-05-13,59,21.203129,22.350893020629883,27.710987091064453,29.58255958557129
20002_1320_1,2024-05-14,1,7.952381,8.064227104187012,16.233335494995117,12.58433723449707
20002_1320_1,2024-05-14,2,10.035714,10.672468185424805,12.517802238464355,11.17802906036377
20002_1320_1,2024-05-14,3,13.755906,14.669211387634276,13.42158031463623,12.960494041442873
20002_1320_1,2024-05-14,4,15.986418,17.245332717895508,15.68102741241455,15.987896919250488
20002_1320_1,2024-05-14,5,18.998775,20.664655685424805,18.64341163635254,19.425291061401367
20002_1320_1,2024-05-14,6,22.240875,24.16229057312012,21.00327682495117,21.87521743774414
20002_1320_1,2024-05-14,7,23.51414,25.912288665771484,23.664403915405277,24.416624069213867
20002_1320_1,2024-05-14,8,25.70162,27.62790298461914,25.145597457885746,26.23981666564941
20002_1320_1,2024-05-14,9,26.674162,28.392534255981445,25.64769554138184,26.46628189086914
20002_1320_1,2024-05-14,10,27.680193,29.322664260864254,26.95315361022949,27.57330894470215
20002_1320_1,2024-05-14,11,28.049143,29.85336685180664,27.543121337890625,28.036975860595703
20002_1320_1,2024-05-14,12,28.15993,29.944068908691406,28.08287811279297,28.02762985229492
20002_1320_1,2024-05-14,13,29.996876,32.13945007324219,28.854854583740234,29.675743103027344
20002_1320_1,2024-05-14,14,29.89881,31.805280685424805,29.94692039489746,29.914451599121094
20002_1320_1,2024-05-14,15,30.10119,31.96054458618164,29.59545135498047,29.805116653442383
20002_1320_1,2024-05-14,16,30.573307,32.34748077392578,28.77326393127441,29.11587905883789
20002_1320_1,2024-05-14,17,30.62526,32.42108917236328,28.559871673583984,28.72195053100586
20002_1320_1,2024-05-14,18,30.633095,32.18092727661133,28.760711669921875,28.42103385925293
20002_1320_1,2024-05-14,19,32.07027,32.74174118041992,28.89251136779785,28.78566169738769
20002_1320_1,2024-05-14,20,32.378716,32.943214416503906,30.74400520324707,29.36492729187012
20002_1320_1,2024-05-14,21,33.21666,33.85027313232422,31.95845603942871,30.83778381347656
20002_1320_1,2024-05-14,22,34.840714,35.426082611083984,33.45651626586914,32.1744270324707
20002_1320_1,2024-05-14,23,36.54867,37.27150344848633,35.808929443359375,33.51579284667969
20002_1320_1,2024-05-14,24,39.296474,39.91258239746094,39.45542526245117,37.033573150634766
20002_1320_1,2024-05-14,25,41.994984,40.21259307861328,43.24627304077149,38.586463928222656
20002_1320_1,2024-05-14,26,43.615376,45.479278564453125,46.158447265625,41.341426849365234
20002_1320_1,2024-05-14,27,54.966743,57.30610656738281,50.52671813964844,50.11273956298828
20002_1320_1,2024-05-14,28,55.15745,57.86281204223633,53.9911994934082,52.1863899230957
20002_1320_1,2024-05-14,29,54.922417,57.33292770385742,55.2464485168457,53.032039642333984
20002_1320_1,2024-05-14,30,56.24235,58.53520965576172,55.69833755493164,54.33501815795898
20002_1320_1,2024-05-14,31,56.54527,58.44644546508789,56.20043182373047,55.71134948730469
20002_1320_1,2024-05-14,32,55.725883,57.05638885498047,56.55190658569336,55.92786407470703
20002_1320_1,2024-05-14,33,55.667366,56.74177932739258,55.99959182739258,56.82664108276367
20002_1320_1,2024-05-14,34,55.483906,56.70519256591797,55.59791564941406,57.71787643432617
20002_1320_1,2024-05-14,35,55.215584,56.64112091064453,56.0498046875,58.38165664672852
20002_1320_1,2024-05-14,36,54.686802,55.77098846435547,55.84896469116211,58.52197265625
20002_1320_1,2024-05-14,37,53.32055,54.2147102355957,54.392879486083984,56.73980712890625
20002_1320_1,2024-05-14,38,52.769417,53.76901245117188,53.18784332275391,56.631614685058594
20002_1320_1,2024-05-14,39,51.797073,52.4459114074707,51.73175048828125,55.680641174316406
20002_1320_1,2024-05-14,40,46.75321,46.98921585083008,49.924198150634766,51.68354034423828
20002_1320_1,2024-05-14,41,45.202106,45.62977981567383,47.9409065246582,51.21317672729492
20002_1320_1,2024-05-14,42,44.003227,44.25429534912109,46.309078216552734,49.98805236816406
20002_1320_1,2024-05-14,43,43.60961,44.04484176635742,45.22956466674805,49.74528121948242
20002_1320_1,2024-05-14,44,42.519585,42.732872009277344,44.02452850341797,48.55526351928711
20002_1320_1,2024-05-14,45,42.342915,42.88220977783203,43.47222137451172,48.79499816894531
20002_1320_1,2024-05-14,46,42.095966,42.51360702514648,43.39690780639648,48.64923477172852
20002_1320_1,2024-05-14,47,41.26096,41.46246337890625,43.47222137451172,48.101070404052734
20002_1320_1,2024-05-14,48,41.829758,41.8758659362793,43.74837493896485,47.94943237304688
20002_1320_1,2024-05-14,49,41.84974,41.895904541015625,43.67305755615234,47.7869873046875
20002_1320_1,2024-05-14,50,43.954636,44.07464218139648,44.65215301513672,48.854248046875
20002_1320_1,2024-05-14,51,44.49524,44.46515655517578,45.98271560668945,49.55800247192383
20002_1320_1,2024-05-14,52,43.938225,44.123931884765625,46.309078216552734,49.68320083618164
20002_1320_1,2024-05-14,53,43.955948,44.11827087402344,46.20866012573242,49.69096374511719
20002_1320_1,2024-05-14,54,41.16152,41.66399765014648,45.70655822753906,48.07772445678711
20002_1320_1,2024-05-14,55,41.033775,41.64836883544922,44.77767562866211,48.036991119384766
20002_1320_1,2024-05-14,56,39.036552,39.77251052856445,43.52243041992188,45.92216491699219
20002_1320_1,2024-05-14,57,39.075775,39.83708572387695,41.137454986572266,44.295406341552734
20002_1320_1,2024-05-14,58,37.636467,38.21689224243164,37.10811233520508,42.50786972045898
20002_1320_1,2024-05-14,59,22.644161,22.350893020629883,29.90926170349121,30.828453063964844
20002_1320_1,2024-05-15,1,8.176471,8.064227104187012,13.348013877868652,8.819308280944824
20002_1320_1,2024-05-15,2,10.282353,10.672468185424805,10.660502433776855,8.023077964782715
20002_1320_1,2024-05-15,3,13.903006,14.669211387634276,13.746164321899414,12.204949378967283
20002_1320_1,2024-05-15,4,16.281788,17.245332717895508,17.180208206176758,15.746917724609377
20002_1320_1,2024-05-15,5,19.648481,20.664655685424805,19.071420669555664,18.555938720703125
20002_1320_1,2024-05-15,6,23.135567,24.16229057312012,22.007776260375977,21.60257339477539
20002_1320_1,2024-05-15,7,24.583105,25.912288665771484,24.72017288208008,24.593366622924805
20002_1320_1,2024-05-15,8,26.072937,27.62790298461914,26.437196731567383,26.54164695739746
20002_1320_1,2024-05-15,9,26.963057,28.392534255981445,26.922443389892575,26.69040298461914
20002_1320_1,2024-05-15,10,27.434933,29.322664260864254,27.843164443969727,27.500001907348636
20002_1320_1,2024-05-15,11,27.638193,29.85336685180664,28.278640747070312,27.896228790283203
20002_1320_1,2024-05-15,12,27.69034,29.944068908691406,28.36573600769043,27.286684036254883
20002_1320_1,2024-05-15,13,29.586481,32.13945007324219,28.5523681640625,28.344301223754883
20002_1320_1,2024-05-15,14,29.413158,31.805280685424805,29.833913803100582,29.41294479370117
20002_1320_1,2024-05-15,15,29.621729,31.96054458618164,30.46224403381348,29.56610107421875
20002_1320_1,2024-05-15,16,30.12172,32.34748077392578,29.970779418945312,29.361093521118164
20002_1320_1,2024-05-15,17,30.162565,32.42108917236328,29.448204040527344,29.12313842773437
20002_1320_1,2024-05-15,18,30.079998,32.18092727661133,29.12470817565918,28.9254093170166
20002_1320_1,2024-05-15,19,31.296318,32.74174118041992,29.504196166992188,29.157360076904297
20002_1320_1,2024-05-15,20,31.72072,32.943214416503906,30.58666610717773,29.6489200592041
20002_1320_1,2024-05-15,21,32.32605,33.85027313232422,31.23055076599121,30.512432098388672
20002_1320_1,2024-05-15,22,33.671276,35.426082611083984,32.797489166259766,31.62797737121582
20002_1320_1,2024-05-15,23,35.803295,37.27150344848633,35.79994583129883,33.76449966430664
20002_1320_1,2024-05-15,24,38.75161,39.91258239746094,38.84206008911133,37.38337707519531
20002_1320_1,2024-05-15,25,41.03578,40.21259307861328,42.33831787109375,38.658973693847656
20002_1320_1,2024-05-15,26,42.887466,45.479278564453125,45.797245025634766,41.816314697265625
20002_1320_1,2024-05-15,27,53.226173,57.30610656738281,50.624813079833984,52.11855697631836
20002_1320_1,2024-05-15,28,54.11902,57.86281204223633,54.95469665527344,55.979591369628906
20002_1320_1,2024-05-15,29,53.71698,57.33292770385742,56.34822082519531,56.33422470092773
20002_1320_1,2024-05-15,30,55.559868,58.53520965576172,56.89567947387695,57.372955322265625
20002_1320_1,2024-05-15,31,55.3852,58.44644546508789,56.59706878662109,57.52180862426758
20002_1320_1,2024-05-15,32,54.234272,57.05638885498047,55.80076599121094,55.81344985961914
20002_1320_1,2024-05-15,33,53.96127,56.74177932739258,55.45238494873047,56.177093505859375
20002_1320_1,2024-05-15,34,53.786087,56.70519256591797,55.00446701049805,56.44446563720703
20002_1320_1,2024-05-15,35,53.4986,56.64112091064453,54.80538940429688,56.31037902832031
20002_1320_1,2024-05-15,36,52.803097,55.77098846435547,54.60631561279297,56.09833908081055
20002_1320_1,2024-05-15,37,51.33035,54.2147102355957,53.90955352783203,54.68804931640625
20002_1320_1,2024-05-15,38,50.879658,53.76901245117188,53.01371383666992,54.45173263549805
20002_1320_1,2024-05-15,39,49.991867,52.4459114074707,51.37134552001953,52.98124694824219
20002_1320_1,2024-05-15,40,45.856575,46.98921585083008,49.38059616088867,48.543975830078125
20002_1320_1,2024-05-15,41,44.675137,45.62977981567383,46.79262161254883,46.52989196777344
20002_1320_1,2024-05-15,42,43.344467,44.25429534912109,45.249786376953125,45.03480911254883
20002_1320_1,2024-05-15,43,43.430473,44.04484176635742,44.279296875,44.5018310546875
20002_1320_1,2024-05-15,44,42.39722,42.732872009277344,43.657188415527344,43.563697814941406
20002_1320_1,2024-05-15,45,42.548985,42.88220977783203,42.93553924560547,43.254512786865234
20002_1320_1,2024-05-15,46,42.387295,42.51360702514648,42.537391662597656,43.03993988037109
20002_1320_1,2024-05-15,47,41.440727,41.46246337890625,43.03507614135742,42.584808349609375
20002_1320_1,2024-05-15,48,41.958374,41.8758659362793,42.960426330566406,42.16392517089844
20002_1320_1,2024-05-15,49,41.989418,41.895904541015625,42.985313415527344,42.10477828979492
20002_1320_1,2024-05-15,50,44.970848,44.07464218139648,44.30418395996094,43.93038177490234
20002_1320_1,2024-05-15,51,45.82477,44.46515655517578,45.52351760864258,44.431617736816406
20002_1320_1,2024-05-15,52,45.66065,44.123931884765625,45.6479377746582,44.49932098388672
20002_1320_1,2024-05-15,53,45.578804,44.11827087402344,45.69770812988281,44.98262023925781
20002_1320_1,2024-05-15,54,43.01872,41.66399765014648,45.29955673217773,43.91357803344727
20002_1320_1,2024-05-15,55,43.13547,41.64836883544922,44.25441360473633,43.97735595703125
20002_1320_1,2024-05-15,56,40.726376,39.77251052856445,43.2839241027832,42.14722442626953
20002_1320_1,2024-05-15,57,40.796963,39.83708572387695,41.318058013916016,41.44931411743164
20002_1320_1,2024-05-15,58,39.474342,38.21689224243164,37.67249298095703,40.22356796264648
20002_1320_1,2024-05-15,59,22.450075,22.350893020629883,30.63021278381348,27.96615219116211
20002_1320_1,2024-05-16,1,8.447059,8.064227104187012,15.24397087097168,10.893991470336914
20002_1320_1,2024-05-16,2,10.964705,10.672468185424805,11.57709503173828,8.441797256469727
20002_1320_1,2024-05-16,3,15.0859,14.669211387634276,12.964561462402344,11.335962295532228
20002_1320_1,2024-05-16,4,17.210655,17.245332717895508,16.581886291503906,15.749364852905272
20002_1320_1,2024-05-16,5,20.51197,20.664655685424805,19.257715225219727,19.281959533691406
20002_1320_1,2024-05-16,6,23.634504,24.16229057312012,21.95832061767578,21.971418380737305
20002_1320_1,2024-05-16,7,25.135397,25.912288665771484,24.039520263671875,24.248016357421875
20002_1320_1,2024-05-16,8,26.434872,27.62790298461914,25.897735595703125,26.17669486999512
20002_1320_1,2024-05-16,9,27.620646,28.392534255981445,26.814455032348636,26.496143341064453
20002_1320_1,2024-05-16,10,28.153725,29.322664260864254,27.124156951904297,27.08429527282715
20002_1320_1,2024-05-16,11,28.30185,29.85336685180664,27.235652923583984,27.416215896606445
20002_1320_1,2024-05-16,12,28.306522,29.944068908691406,28.040876388549805,27.53339958190918
20002_1320_1,2024-05-16,13,30.40494,32.13945007324219,28.28864097595215,28.9079532623291
20002_1320_1,2024-05-16,14,30.375212,31.805280685424805,29.51506233215332,29.330974578857425
20002_1320_1,2024-05-16,15,30.583132,31.96054458618164,29.205360412597656,29.481739044189453
20002_1320_1,2024-05-16,16,30.997705,32.34748077392578,28.89565658569336,29.16858673095703
20002_1320_1,2024-05-16,17,31.086447,32.42108917236328,28.746997833251957,29.331438064575195
20002_1320_1,2024-05-16,18,30.731592,32.18092727661133,28.41251945495605,28.922340393066406
20002_1320_1,2024-05-16,19,31.793518,32.74174118041992,29.25491142272949,29.43930435180664
20002_1320_1,2024-05-16,20,31.985622,32.943214416503906,29.98580741882324,29.769367218017575
20002_1320_1,2024-05-16,21,33.118935,33.85027313232422,30.487525939941406,30.72528648376465
20002_1320_1,2024-05-16,22,34.47294,35.426082611083984,31.958614349365234,31.89151954650879
20002_1320_1,2024-05-16,23,36.978035,37.27150344848633,36.06836318969727,34.62123489379883
20002_1320_1,2024-05-16,24,38.867733,39.91258239746094,39.33882522583008,38.467620849609375
20002_1320_1,2024-05-16,25,41.214466,40.21259307861328,42.02704620361328,39.53904342651367
20002_1320_1,2024-05-16,26,43.18941,45.479278564453125,46.0655632019043,43.89829254150391
20002_1320_1,2024-05-16,27,55.221405,57.30610656738281,50.27751922607422,53.50226211547852
20002_1320_1,2024-05-16,28,55.575867,57.86281204223633,54.09305191040039,55.55630493164063
20002_1320_1,2024-05-16,29,55.43524,57.33292770385742,54.2417106628418,54.60724639892578
20002_1320_1,2024-05-16,30,56.71388,58.53520965576172,54.73723220825195,55.74723815917969
20002_1320_1,2024-05-16,31,56.83765,58.44644546508789,54.73723220825195,56.229774475097656
20002_1320_1,2024-05-16,32,55.636898,57.05638885498047,53.99394607543945,54.84400939941406
20002_1320_1,2024-05-16,33,55.42353,56.74177932739258,53.15155792236328,54.63877868652344
20002_1320_1,2024-05-16,34,55.35639,56.70519256591797,52.85424041748047,54.67499923706055
20002_1320_1,2024-05-16,35,55.04381,56.64112091064453,53.10200119018555,54.69913482666016
20002_1320_1,2024-05-16,36,54.660896,55.77098846435547,52.35872268676758,54.07295227050781
20002_1320_1,2024-05-16,37,53.36767,54.2147102355957,52.11095428466797,52.86824035644531
20002_1320_1,2024-05-16,38,53.0119,53.76901245117188,50.72349166870117,52.7214241027832
20002_1320_1,2024-05-16,39,52.502567,52.4459114074707,49.38557434082031,51.47356033325195
20002_1320_1,2024-05-16,40,47.400787,46.98921585083008,47.15571594238281,46.926212310791016
20002_1320_1,2024-05-16,41,45.949287,45.62977981567383,44.70287704467773,45.04905319213867
20002_1320_1,2024-05-16,42,44.49101,44.25429534912109,42.79510116577149,43.26851272583008
20002_1320_1,2024-05-16,43,44.06956,44.04484176635742,42.57211685180664,43.26774215698242
20002_1320_1,2024-05-16,44,43.0479,42.732872009277344,42.94375991821289,43.37555694580078
20002_1320_1,2024-05-16,45,43.58622,42.88220977783203,42.52256774902344,43.213985443115234
20002_1320_1,2024-05-16,46,43.23839,42.51360702514648,42.02704620361328,42.67583084106445
20002_1320_1,2024-05-16,47,42.099995,41.46246337890625,42.15092086791992,41.954368591308594
20002_1320_1,2024-05-16,48,42.66118,41.8758659362793,42.547340393066406,42.119415283203125
20002_1320_1,2024-05-16,49,42.602123,41.895904541015625,42.81988143920898,42.21990203857422
20002_1320_1,2024-05-16,50,44.946056,44.07464218139648,43.86048126220703,43.97221374511719
20002_1320_1,2024-05-16,51,45.27348,44.46515655517578,44.80197525024414,44.49087905883789
20002_1320_1,2024-05-16,52,45.1308,44.123931884765625,44.826751708984375,45.0153694152832
20002_1320_1,2024-05-16,53,45.081944,44.11827087402344,44.75242614746094,45.1953239440918
20002_1320_1,2024-05-16,54,42.230618,41.66399765014648,44.15779495239258,44.173439025878906
20002_1320_1,2024-05-16,55,42.265774,41.64836883544922,42.94375991821289,44.246673583984375
20002_1320_1,2024-05-16,56,40.167,39.77251052856445,41.80405807495117,42.49936294555664
20002_1320_1,2024-05-16,57,40.30264,39.83708572387695,38.88046646118164,41.07562255859375
20002_1320_1,2024-05-16,58,39.132362,38.21689224243164,34.216346740722656,38.67748260498047
20002_1320_1,2024-05-16,59,22.770708,22.350893020629883,27.012664794921875,27.15057945251465
20002_1320_1,2024-05-17,1,8.523809,8.064227104187012,14.075313568115234,9.06983757019043
20002_1320_1,2024-05-17,2,10.376985,10.672468185424805,12.014802932739258,8.049674034118652
20002_1320_1,2024-05-17,3,14.257022,14.669211387634276,13.437536239624023,10.786643028259276
20002_1320_1,2024-05-17,4,16.235596,17.245332717895508,16.528305053710938,14.81415843963623
20002_1320_1,2024-05-17,5,19.459623,20.664655685424805,19.570011138916016,18.907543182373047
20002_1320_1,2024-05-17,6,22.389425,24.16229057312012,22.317359924316406,22.04377555847168
20002_1320_1,2024-05-17,7,23.595821,25.912288665771484,24.08351325988769,24.11260223388672
20002_1320_1,2024-05-17,8,25.278347,27.62790298461914,25.48171806335449,25.851173400878903
20002_1320_1,2024-05-17,9,26.47486,28.392534255981445,26.9780387878418,26.63340759277344
20002_1320_1,2024-05-17,10,27.161005,29.322664260864254,27.419578552246094,27.436241149902344
20002_1320_1,2024-05-17,11,27.564587,29.85336685180664,28.057355880737305,28.109270095825195
20002_1320_1,2024-05-17,12,27.704153,29.944068908691406,28.879106521606445,28.48181533813477
20002_1320_1,2024-05-17,13,29.093817,32.13945007324219,29.529150009155277,30.067344665527344
20002_1320_1,2024-05-17,14,28.932695,31.805280685424805,29.65180015563965,29.666704177856445
20002_1320_1,2024-05-17,15,29.170383,31.96054458618164,29.22252655029297,29.11850357055664
20002_1320_1,2024-05-17,16,29.535162,32.34748077392578,29.112140655517575,29.355960845947266
20002_1320_1,2024-05-17,17,29.627514,32.42108917236328,29.51688575744629,29.819883346557617
20002_1320_1,2024-05-17,18,29.447937,32.18092727661133,29.234790802001957,29.3566951751709
20002_1320_1,2024-05-17,19,30.42031,32.74174118041992,30.28957748413086,30.19768524169922
20002_1320_1,2024-05-17,20,30.695917,32.943214416503906,31.534469604492188,30.683582305908203
20002_1320_1,2024-05-17,21,31.85848,33.85027313232422,32.15385055541992,31.635053634643555
20002_1320_1,2024-05-17,22,33.53106,35.426082611083984,32.74869918823242,32.254150390625
20002_1320_1,2024-05-17,23,34.700706,37.27150344848633,35.233882904052734,33.92024230957031
20002_1320_1,2024-05-17,24,37.372784,39.91258239746094,38.85050964355469,37.98384094238281
20002_1320_1,2024-05-17,25,39.816875,40.21259307861328,42.628116607666016,39.42849349975586
20002_1320_1,2024-05-17,26,41.856606,45.479278564453125,46.82272720336914,43.96727752685547
20002_1320_1,2024-05-17,27,52.344135,57.30610656738281,50.919219970703125,53.83697128295898
20002_1320_1,2024-05-17,28,52.56533,57.86281204223633,55.13836288452149,55.93342208862305
20002_1320_1,2024-05-17,29,52.23773,57.33292770385742,55.67802429199219,55.44484329223633
20002_1320_1,2024-05-17,30,53.30783,58.53520965576172,55.97237777709961,56.39818954467773
20002_1320_1,2024-05-17,31,53.316837,58.44644546508789,55.57990264892578,56.854251861572266
20002_1320_1,2024-05-17,32,52.475555,57.05638885498047,55.13836669921875,55.432918548583984
20002_1320_1,2024-05-17,33,52.150494,56.74177932739258,54.4024658203125,55.07540512084961
20002_1320_1,2024-05-17,34,52.169746,56.70519256591797,54.009986877441406,54.77240753173828
20002_1320_1,2024-05-17,35,52.051804,56.64112091064453,54.05904769897461,54.620243072509766
20002_1320_1,2024-05-17,36,51.41403,55.77098846435547,53.86280822753906,54.42874526977539
20002_1320_1,2024-05-17,37,50.026566,54.2147102355957,53.86281204223633,53.6455192565918
20002_1320_1,2024-05-17,38,49.661335,53.76901245117188,52.44007873535156,53.48569488525391
20002_1320_1,2024-05-17,39,48.859417,52.4459114074707,50.72298431396485,52.02100372314453
20002_1320_1,2024-05-17,40,44.43039,46.98921585083008,48.26998901367188,47.258426666259766
20002_1320_1,2024-05-17,41,42.67218,45.62977981567383,45.86606216430664,45.89919662475586
20002_1320_1,2024-05-17,42,41.06474,44.25429534912109,44.541446685791016,44.67221450805664
20002_1320_1,2024-05-17,43,40.682697,44.04484176635742,43.63384246826172,44.22270202636719
20002_1320_1,2024-05-17,44,39.728237,42.732872009277344,43.56024932861328,43.88856506347656
20002_1320_1,2024-05-17,45,40.15891,42.88220977783203,43.11871337890625,43.587284088134766
20002_1320_1,2024-05-17,46,39.849403,42.51360702514648,42.8243522644043,43.25775909423828
20002_1320_1,2024-05-17,47,38.909607,41.46246337890625,42.50546646118164,42.199405670166016
20002_1320_1,2024-05-17,48,39.302418,41.8758659362793,42.97153472900391,42.3090705871582
20002_1320_1,2024-05-17,49,39.2398,41.895904541015625,43.43760299682617,42.32148742675781
20002_1320_1,2024-05-17,50,41.333076,44.07464218139648,44.73768997192383,44.01835250854492
20002_1320_1,2024-05-17,51,41.62272,44.46515655517578,44.83580780029297,44.14057922363281
20002_1320_1,2024-05-17,52,41.274258,44.123931884765625,45.00751495361328,44.47880935668945
20002_1320_1,2024-05-17,53,41.26363,44.11827087402344,44.786746978759766,44.21700286865234
20002_1320_1,2024-05-17,54,39.217766,41.66399765014648,44.075382232666016,42.7658805847168
20002_1320_1,2024-05-17,55,39.23868,41.64836883544922,42.50546646118164,42.80219650268555
20002_1320_1,2024-05-17,56,37.191853,39.77251052856445,42.014869689941406,41.85229110717773
20002_1320_1,2024-05-17,57,37.244095,39.83708572387695,39.34111022949219,41.01753234863281
20002_1320_1,2024-05-17,58,36.116554,38.21689224243164,32.78319549560547,38.26726913452149
20002_1320_1,2024-05-17,59,21.238865,22.350893020629883,23.05325698852539,25.151647567749023
20002_1320_1,2024-05-18,1,6.1343284,6.091636657714844,11.343177795410156,6.917520523071289
20002_1320_1,2024-05-18,2,7.9365673,7.621786594390869,11.096694946289062,7.211170673370361
20002_1320_1,2024-05-18,3,10.506255,11.237970352172852,13.216449737548828,9.950080871582031
20002_1320_1,2024-05-18,4,12.340203,13.410161972045898,14.892532348632812,11.730401992797852
20002_1320_1,2024-05-18,5,14.871723,16.317638397216797,16.962989807128906,14.0377197265625
20002_1320_1,2024-05-18,6,18.158659,19.80887222290039,19.575708389282227,16.637693405151367
20002_1320_1,2024-05-18,7,19.44787,21.3751277923584,21.399682998657227,18.531991958618164
20002_1320_1,2024-05-18,8,20.060556,22.78887367248535,22.0405387878418,19.4493350982666
20002_1320_1,2024-05-18,9,21.06735,23.209909439086918,23.272953033447266,20.05167579650879
20002_1320_1,2024-05-18,10,22.111885,24.331684112548828,23.667325973510746,20.276514053344727
20002_1320_1,2024-05-18,11,22.434813,24.73952865600586,23.69197654724121,20.313425064086918
20002_1320_1,2024-05-18,12,22.661009,24.867963790893555,24.8011474609375,20.54314422607422
20002_1320_1,2024-05-18,13,23.9444,26.27592086791992,24.998336791992188,21.65130424499512
20002_1320_1,2024-05-18,14,23.88525,25.790637969970703,24.554668426513672,20.99946975708008
20002_1320_1,2024-05-18,15,23.944952,25.799102783203125,24.43142509460449,20.612926483154297
20002_1320_1,2024-05-18,16,23.959023,25.90376663208008,24.382125854492188,20.88538360595703
20002_1320_1,2024-05-18,17,24.0038,25.91786193847656,24.776500701904297,21.13140296936035
20002_1320_1,2024-05-18,18,23.865217,25.84853172302246,24.92439079284668,21.09858703613281
20002_1320_1,2024-05-18,19,24.532505,26.787036895751957,25.170873641967773,21.384666442871094
20002_1320_1,2024-05-18,20,24.711699,27.004409790039062,26.132158279418945,21.523439407348636
20002_1320_1,2024-05-18,21,25.667974,27.72719955444336,26.452585220336918,22.69025421142578
20002_1320_1,2024-05-18,22,27.158468,29.56087684631348,27.66035270690918,23.71334648132324
20002_1320_1,2024-05-18,23,29.384224,31.67726707458496,29.669187545776367,24.869386672973636
20002_1320_1,2024-05-18,24,30.95164,32.923118591308594,33.48043441772461,27.750408172607425
20002_1320_1,2024-05-18,25,32.96992,33.014060974121094,36.63541793823242,27.677295684814453
20002_1320_1,2024-05-18,26,34.24105,36.44109344482422,40.514442443847656,30.593334197998047
20002_1320_1,2024-05-18,27,43.768482,46.16209030151367,44.421199798583984,38.97111129760742
20002_1320_1,2024-05-18,28,44.39514,46.9591178894043,47.15715789794922,40.49076843261719
20002_1320_1,2024-05-18,29,43.88805,46.52164077758789,47.822662353515625,39.93137741088867
20002_1320_1,2024-05-18,30,45.22881,47.70344924926758,47.47758483886719,40.23959732055664
20002_1320_1,2024-05-18,31,45.20845,47.7075080871582,47.0092658996582,40.54942321777344
20002_1320_1,2024-05-18,32,43.12904,45.69417190551758,46.63954162597656,39.2558479309082
20002_1320_1,2024-05-18,33,42.80493,45.67584228515625,45.72755432128906,38.68038940429688
20002_1320_1,2024-05-18,34,42.712574,45.61045837402344,45.38248062133789,38.54497528076172
20002_1320_1,2024-05-18,35,42.619904,45.60052490234375,45.23459243774414,38.64613723754883
20002_1320_1,2024-05-18,36,41.98792,44.8010368347168,45.33318710327149,38.23018646240234
20002_1320_1,2024-05-18,37,40.63136,43.6291618347168,44.8895149230957,36.94987869262695
20002_1320_1,2024-05-18,38,40.285698,43.27328109741211,42.91764831542969,35.975616455078125
20002_1320_1,2024-05-18,39,39.20117,42.155704498291016,41.41410827636719,34.804718017578125
20002_1320_1,2024-05-18,40,34.80735,36.76350784301758,39.01089859008789,31.06536865234375
20002_1320_1,2024-05-18,41,33.57532,34.8077278137207,36.9281120300293,30.20747947692871
20002_1320_1,2024-05-18,42,32.4127,33.72148513793945,35.75115966796875,29.10515785217285
20002_1320_1,2024-05-18,43,32.075623,33.36978912353516,35.052146911621094,28.589284896850582
20002_1320_1,2024-05-18,44,31.098265,32.1420783996582,34.31539535522461,27.713773727416992
20002_1320_1,2024-05-18,45,31.188461,31.839773178100582,33.86248016357422,27.153642654418945
20002_1320_1,2024-05-18,46,31.045647,31.485088348388672,33.557456970214844,26.83548164367676
20002_1320_1,2024-05-18,47,30.444504,30.6666202545166,33.31097412109375,26.2232666015625
20002_1320_1,2024-05-18,48,30.653584,30.83208274841309,33.557456970214844,26.470415115356445
20002_1320_1,2024-05-18,49,30.70581,30.84959983825684,34.51874542236328,26.58453369140625
20002_1320_1,2024-05-18,50,32.19525,31.95193099975586,35.62945556640625,27.762283325195312
20002_1320_1,2024-05-18,51,32.356415,32.04930877685547,36.03769302368164,28.103116989135746
20002_1320_1,2024-05-18,52,31.83033,31.635326385498047,35.54973602294922,27.7551212310791
20002_1320_1,2024-05-18,53,31.801409,31.620716094970703,35.135719299316406,27.16193389892578
20002_1320_1,2024-05-18,54,30.05254,30.20194625854492,34.19061279296875,25.93247985839844
20002_1320_1,2024-05-18,55,29.971708,30.18910217285156,32.85498046875,25.978513717651367
20002_1320_1,2024-05-18,56,28.7647,28.979467391967773,31.616403579711918,24.42836570739746
20002_1320_1,2024-05-18,57,28.761003,28.98622703552246,29.743133544921875,23.660768508911133
20002_1320_1,2024-05-18,58,27.502073,28.0876522064209,24.43142318725586,22.317995071411133
20002_1320_1,2024-05-18,59,16.180342,16.911678314208984,16.51932144165039,13.749088287353516
20002_1320_1,2024-05-19,1,4.2058825,4.626830101013184,6.6268696784973145,3.6285400390625
20002_1320_1,2024-05-19,2,4.970588,5.828117847442627,5.838196277618408,4.459569454193115
20002_1320_1,2024-05-19,3,8.936975,10.57917022705078,6.331117630004883,6.774782657623291
20002_1320_1,2024-05-19,4,10.217278,12.42431640625,8.105632781982422,8.327726364135742
20002_1320_1,2024-05-19,5,12.87274,14.912409782409668,9.682979583740234,10.482464790344238
20002_1320_1,2024-05-19,6,15.28762,17.931137084960938,12.19687557220459,12.964506149291992
20002_1320_1,2024-05-19,7,16.62151,19.83785820007324,13.379886627197266,14.508257865905762
20002_1320_1,2024-05-19,8,18.319736,21.693693161010746,14.710773468017578,16.03402328491211
20002_1320_1,2024-05-19,9,19.374609,22.006088256835938,16.041658401489258,16.657752990722656
20002_1320_1,2024-05-19,10,20.218552,23.48821258544922,16.978208541870117,17.954957962036133
20002_1320_1,2024-05-19,11,20.745363,24.13829803466797,17.569713592529297,18.5378532409668
20002_1320_1,2024-05-19,12,20.805506,24.252147674560547,18.06263542175293,18.148786544799805
20002_1320_1,2024-05-19,13,21.265656,25.79183006286621,18.55555534362793,19.43906784057617
20002_1320_1,2024-05-19,14,21.22573,25.11680221557617,18.456972122192383,19.074539184570312
20002_1320_1,2024-05-19,15,21.255142,25.16650009155273,19.04847526550293,19.41499710083008
20002_1320_1,2024-05-19,16,21.29035,25.283058166503903,19.14705848693848,20.047067642211918
20002_1320_1,2024-05-19,17,21.29035,25.30076026916504,19.59069061279297,20.413915634155277
20002_1320_1,2024-05-19,18,21.264517,25.243749618530277,19.639982223510746,20.09999084472656
20002_1320_1,2024-05-19,19,22.153349,25.875316619873047,19.935733795166016,20.772432327270508
20002_1320_1,2024-05-19,20,22.288494,25.97274780273437,21.16803741455078,21.324113845825195
20002_1320_1,2024-05-19,21,23.638699,27.046077728271484,21.0694522857666,22.02343368530273
20002_1320_1,2024-05-19,22,24.983768,28.971832275390625,22.72073745727539,23.791051864624023
20002_1320_1,2024-05-19,23,26.312672,31.082937240600582,25.505739212036133,25.848363876342773
20002_1320_1,2024-05-19,24,27.11994,33.0195426940918,27.921051025390625,28.368236541748047
20002_1320_1,2024-05-19,25,28.060656,33.203372955322266,31.02645301818848,29.30917739868164
20002_1320_1,2024-05-19,26,29.571274,36.47574996948242,34.440704345703125,32.27643203735352
20002_1320_1,2024-05-19,27,37.076874,47.62132263183594,38.13068008422852,41.51459503173828
20002_1320_1,2024-05-19,28,37.82492,48.48259735107422,41.13133239746094,42.9153938293457
20002_1320_1,2024-05-19,29,37.545643,47.83074951171875,42.3636360168457,42.96650695800781
20002_1320_1,2024-05-19,30,38.146732,48.75162506103516,42.14181900024414,43.9142951965332
20002_1320_1,2024-05-19,31,38.155975,48.74505233764648,41.89536285400391,44.04693603515625
20002_1320_1,2024-05-19,32,37.517292,46.37027740478516,41.525672912597656,42.31377410888672
20002_1320_1,2024-05-19,33,37.493507,46.48524856567383,41.20527267456055,42.40657043457031
20002_1320_1,2024-05-19,34,37.614773,46.52566909790039,40.847904205322266,42.83474349975586
20002_1320_1,2024-05-19,35,37.427185,46.4631233215332,40.55215072631836,42.380313873291016
20002_1320_1,2024-05-19,36,37.184425,46.23527145385742,40.23175048828125,42.15583801269531
20002_1320_1,2024-05-19,37,36.206085,45.0629997253418,40.03458404541016,41.11611175537109
20002_1320_1,2024-05-19,38,36.070946,44.6735725402832,38.66056823730469,40.51235961914063
20002_1320_1,2024-05-19,39,35.791687,44.03477478027344,37.5792236328125,39.81929016113281
20002_1320_1,2024-05-19,40,31.067976,37.8956184387207,35.18547439575195,35.054962158203125
20002_1320_1,2024-05-19,41,29.957401,35.5960693359375,33.39555358886719,34.06159973144531
20002_1320_1,2024-05-19,42,28.868681,34.047515869140625,32.55142974853516,33.589656829833984
20002_1320_1,2024-05-19,43,28.50743,33.76720428466797,32.16017532348633,33.35737609863281
20002_1320_1,2024-05-19,44,27.204535,32.33028793334961,31.65492820739746,31.944934844970703
20002_1320_1,2024-05-19,45,26.882702,31.888545989990234,31.969165802001957,31.839534759521484
20002_1320_1,2024-05-19,46,26.841118,31.77178955078125,31.211299896240234,31.328311920166016
20002_1320_1,2024-05-19,47,26.15843,31.185766220092773,31.235944747924805,30.46609878540039
20002_1320_1,2024-05-19,48,26.320192,31.31895446777344,31.88906478881836,31.13720703125
20002_1320_1,2024-05-19,49,26.349604,31.27826499938965,33.053592681884766,31.41518783569336
20002_1320_1,2024-05-19,50,27.14995,31.85619735717773,33.792972564697266,32.733863830566406
20002_1320_1,2024-05-19,51,26.811344,32.03800964355469,34.39680099487305,32.6907844543457
20002_1320_1,2024-05-19,52,26.666437,31.890705108642575,34.10721206665039,32.49357604980469
20002_1320_1,2024-05-19,53,26.621641,31.8420524597168,33.94239044189453,32.67095947265625
20002_1320_1,2024-05-19,54,25.757666,30.66595458984375,33.34337615966797,31.320131301879883
20002_1320_1,2024-05-19,55,25.562439,30.631542205810547,32.43436050415039,31.60257339477539
20002_1320_1,2024-05-19,56,24.41243,29.182842254638672,31.580989837646484,29.772600173950195
20002_1320_1,2024-05-19,57,24.41243,29.156726837158203,30.361011505126957,29.69110870361328
20002_1320_1,2024-05-19,58,23.254253,27.668201446533203,25.53038787841797,28.32503700256348
20002_1320_1,2024-05-19,59,14.791115,17.24326515197754,18.210512161254883,17.449085235595703
20002_1320_1,2024-05-20,1,7.797619,8.064227104187012,8.000852584838867,7.353662014007568
20002_1320_1,2024-05-20,2,10.071428,10.672468185424805,6.928538799285889,9.106839179992676
20002_1320_1,2024-05-20,3,13.515339,14.669211387634276,8.098335266113281,11.02377223968506
20002_1320_1,2024-05-20,4,15.686989,17.245332717895508,9.463099479675291,12.71701717376709
20002_1320_1,2024-05-20,5,18.975811,20.664655685424805,11.851438522338867,15.357030868530272
20002_1320_1,2024-05-20,6,22.149153,24.16229057312012,14.5322265625,17.915294647216797
20002_1320_1,2024-05-20,7,23.691402,25.912288665771484,15.99447250366211,19.660707473754883
20002_1320_1,2024-05-20,8,24.817139,27.62790298461914,17.310495376586914,21.1431941986084
20002_1320_1,2024-05-20,9,25.832272,28.392534255981445,18.724000930786133,21.847694396972656
20002_1320_1,2024-05-20,10,26.950335,29.322664260864254,19.893800735473636,23.31664657592773
20002_1320_1,2024-05-20,11,27.090952,29.85336685180664,20.429956436157227,23.899024963378903
20002_1320_1,2024-05-20,12,27.260159,29.944068908691406,20.81989097595215,23.812997817993164
20002_1320_1,2024-05-20,13,29.403652,32.13945007324219,21.57538414001465,25.579517364501957
20002_1320_1,2024-05-20,14,29.159634,31.805280685424805,21.89220428466797,25.204748153686523
20002_1320_1,2024-05-20,15,29.426098,31.96054458618164,22.20902633666992,25.72435569763184
20002_1320_1,2024-05-20,16,29.949497,32.34748077392578,22.45273208618164,26.396947860717773
20002_1320_1,2024-05-20,17,30.079708,32.42108917236328,22.84266662597656,26.748594284057617
20002_1320_1,2024-05-20,18,29.714157,32.18092727661133,23.305709838867188,26.909067153930664
20002_1320_1,2024-05-20,19,30.59121,32.74174118041992,24.13431930541992,27.895723342895508
20002_1320_1,2024-05-20,20,30.809622,32.943214416503906,24.84107208251953,27.876224517822266
20002_1320_1,2024-05-20,21,31.89754,33.85027313232422,25.30411529541016,29.079912185668945
20002_1320_1,2024-05-20,22,33.057487,35.426082611083984,26.59576797485352,30.32364654541016
20002_1320_1,2024-05-20,23,34.591797,37.27150344848633,28.277353286743164,31.366456985473636
20002_1320_1,2024-05-20,24,36.90655,39.91258239746094,31.20794105529785,34.068546295166016
20002_1320_1,2024-05-20,25,39.206165,40.21259307861328,34.07151412963867,34.986873626708984
20002_1320_1,2024-05-20,26,40.93262,45.479278564453125,37.62050628662109,38.181583404541016
20002_1320_1,2024-05-20,27,50.637974,57.30610656738281,41.620365142822266,46.57738494873047
20002_1320_1,2024-05-20,28,51.725742,57.86281204223633,43.85029220581055,47.08301162719727
20002_1320_1,2024-05-20,29,51.46751,57.33292770385742,44.80075454711914,46.98964309692383
20002_1320_1,2024-05-20,30,52.884754,58.53520965576172,44.77638244628906,47.935791015625
20002_1320_1,2024-05-20,31,52.71176,58.44644546508789,45.31254196166992,48.44222259521485
20002_1320_1,2024-05-20,32,51.503128,57.05638885498047,44.22804260253906,47.11338806152344
20002_1320_1,2024-05-20,33,51.280537,56.74177932739258,44.25240707397461,47.27420425415039
20002_1320_1,2024-05-20,34,51.172966,56.70519256591797,43.911224365234375,47.18620300292969
20002_1320_1,2024-05-20,35,50.988327,56.64112091064453,44.34989547729492,47.086036682128906
20002_1320_1,2024-05-20,36,50.159138,55.77098846435547,44.05744171142578,46.87363815307617
20002_1320_1,2024-05-20,37,48.96015,54.2147102355957,44.06963348388672,46.28108978271485
20002_1320_1,2024-05-20,38,48.545555,53.76901245117188,42.381954193115234,45.5355339050293
20002_1320_1,2024-05-20,39,47.701492,52.4459114074707,41.47414016723633,44.6951904296875
20002_1320_1,2024-05-20,40,43.512566,46.98921585083008,39.43765640258789,40.690406799316406
20002_1320_1,2024-05-20,41,42.346,45.62977981567383,37.74541091918945,39.99614334106445
20002_1320_1,2024-05-20,42,41.16099,44.25429534912109,36.58779525756836,39.00689315795898
20002_1320_1,2024-05-20,43,40.77115,44.04484176635742,36.1856803894043,38.47991561889648
20002_1320_1,2024-05-20,44,39.95705,42.732872009277344,35.96634292602539,37.49120330810547
20002_1320_1,2024-05-20,45,40.329365,42.88220977783203,35.60077667236328,37.61793518066406
20002_1320_1,2024-05-20,46,39.967808,42.51360702514648,35.088993072509766,37.0711669921875
20002_1320_1,2024-05-20,47,39.486225,41.46246337890625,35.137733459472656,36.29505920410156
20002_1320_1,2024-05-20,48,39.943417,41.8758659362793,35.0280647277832,36.14394760131836
20002_1320_1,2024-05-20,49,40.04753,41.895904541015625,35.75918960571289,36.052513122558594
20002_1320_1,2024-05-20,50,42.83897,44.07464218139648,36.28316116333008,37.46373748779297
20002_1320_1,2024-05-20,51,43.51938,44.46515655517578,37.0934944152832,37.90503692626953
20002_1320_1,2024-05-20,52,42.903694,44.123931884765625,37.19097518920898,37.764404296875
20002_1320_1,2024-05-20,53,42.91265,44.11827087402344,36.59389114379883,36.92223358154297
20002_1320_1,2024-05-20,54,40.122417,41.66399765014648,35.9907112121582,35.72940444946289
20002_1320_1,2024-05-20,55,40.152874,41.64836883544922,35.25958633422852,36.41017532348633
20002_1320_1,2024-05-20,56,38.42469,39.77251052856445,34.55892562866211,35.26105117797852
20002_1320_1,2024-05-20,57,38.70481,39.83708572387695,32.90780258178711,34.87710189819336
20002_1320_1,2024-05-20,58,37.033882,38.21689224243164,26.69325065612793,32.87750625610352
20002_1320_1,2024-05-20,59,21.574112,22.350893020629883,19.552608489990234,22.167573928833008
20002_1320_1,2024-05-21,1,8.841463,8.064227104187012,12.813239097595217,7.617234706878662
20002_1320_1,2024-05-21,2,11.192761,10.672468185424805,11.361430168151855,8.643370628356934
20002_1320_1,2024-05-21,3,14.385575,14.669211387634276,14.99095344543457,13.52056884765625
20002_1320_1,2024-05-21,4,16.758476,17.245332717895508,17.459028244018555,15.981012344360352
20002_1320_1,2024-05-21,5,19.69834,20.664655685424805,20.07228660583496,18.42658424377441
20002_1320_1,2024-05-21,6,22.846445,24.16229057312012,23.07269096374512,21.22076797485352
20002_1320_1,2024-05-21,7,24.035513,25.912288665771484,24.4519100189209,22.94493293762207
20002_1320_1,2024-05-21,8,25.068886,27.62790298461914,25.613357543945312,24.57299423217773
20002_1320_1,2024-05-21,9,26.006914,28.392534255981445,26.79900360107422,25.357505798339844
20002_1320_1,2024-05-21,10,26.919037,29.322664260864254,28.033039093017575,26.79969787597656
20002_1320_1,2024-05-21,11,27.360558,29.85336685180664,28.73474884033203,27.35445976257324
20002_1320_1,2024-05-21,12,27.462284,29.944068908691406,28.39599227905273,26.692317962646484
20002_1320_1,2024-05-21,13,29.537018,32.13945007324219,28.964618682861328,28.53432846069336
20002_1320_1,2024-05-21,14,29.392933,31.805280685424805,30.307540893554688,28.7266902923584
20002_1320_1,2024-05-21,15,29.533865,31.96054458618164,30.12606430053711,29.24228286743164
20002_1320_1,2024-05-21,16,29.899069,32.34748077392578,30.13816261291504,29.19681930541992
20002_1320_1,2024-05-21,17,30.04387,32.42108917236328,29.932491302490234,29.01150321960449
20002_1320_1,2024-05-21,18,29.741402,32.18092727661133,29.89619445800781,28.60934257507324
20002_1320_1,2024-05-21,19,30.523909,32.74174118041992,30.573705673217773,29.56719398498535
20002_1320_1,2024-05-21,20,30.779856,32.943214416503906,31.57787322998047,29.543190002441406
20002_1320_1,2024-05-21,21,31.772532,33.85027313232422,32.17069625854492,30.791257858276367
20002_1320_1,2024-05-21,22,33.589607,35.426082611083984,33.73744201660156,32.32585144042969
20002_1320_1,2024-05-21,23,35.28946,37.27150344848633,36.17734909057617,34.44544219970703
20002_1320_1,2024-05-21,24,38.143436,39.91258239746094,38.62519454956055,37.93927001953125
20002_1320_1,2024-05-21,25,40.612003,40.21259307861328,42.09139251708984,39.04084777832031
20002_1320_1,2024-05-21,26,42.130283,45.479278564453125,46.88235855102539,42.84512710571289
20002_1320_1,2024-05-21,27,52.182457,57.30610656738281,50.80224609375,52.71221923828125
20002_1320_1,2024-05-21,28,52.13486,57.86281204223633,53.125144958496094,53.92731475830078
20002_1320_1,2024-05-21,29,51.917393,57.33292770385742,53.70586395263672,52.87400436401367
20002_1320_1,2024-05-21,30,53.446896,58.53520965576172,54.14141082763672,53.92797470092773
20002_1320_1,2024-05-21,31,53.19533,58.44644546508789,53.65746688842773,54.11893081665039
20002_1320_1,2024-05-21,32,52.25021,57.05638885498047,53.3187141418457,52.94933319091797
20002_1320_1,2024-05-21,33,52.221226,56.74177932739258,52.68959426879883,52.88047409057617
20002_1320_1,2024-05-21,34,52.168285,56.70519256591797,51.81851196289063,52.30890655517578
20002_1320_1,2024-05-21,35,52.12343,56.64112091064453,52.35084533691406,52.147586822509766
20002_1320_1,2024-05-21,36,51.69287,55.77098846435547,51.189395904541016,51.44362258911133
20002_1320_1,2024-05-21,37,50.251625,54.2147102355957,50.89902877807617,50.07843399047852
20002_1320_1,2024-05-21,38,49.82374,53.76901245117188,49.2536506652832,49.21075820922852
20002_1320_1,2024-05-21,39,48.98232,52.4459114074707,48.23738479614258,48.53425216674805
20002_1320_1,2024-05-21,40,44.550125,46.98921585083008,46.32583618164063,43.927059173583984
20002_1320_1,2024-05-21,41,43.34265,45.62977981567383,44.075531005859375,42.44994735717773
20002_1320_1,2024-05-21,42,41.553215,44.25429534912109,42.514835357666016,40.9794807434082
20002_1320_1,2024-05-21,43,41.22445,44.04484176635742,42.405948638916016,41.04806137084961
20002_1320_1,2024-05-21,44,40.26528,42.732872009277344,41.909912109375,40.25888442993164
20002_1320_1,2024-05-21,45,40.675423,42.88220977783203,42.09139251708984,40.7536735534668
20002_1320_1,2024-05-21,46,40.535038,42.51360702514648,41.776832580566406,40.3446044921875
20002_1320_1,2024-05-21,47,39.729065,41.46246337890625,41.65584945678711,39.88748550415039
20002_1320_1,2024-05-21,48,40.184963,41.8758659362793,42.24867248535156,39.87534713745117
20002_1320_1,2024-05-21,49,40.174797,41.895904541015625,42.62371826171875,39.688663482666016
20002_1320_1,2024-05-21,50,43.229107,44.07464218139648,43.59159469604492,41.384033203125
20002_1320_1,2024-05-21,51,43.312706,44.46515655517578,44.027137756347656,41.59950256347656
20002_1320_1,2024-05-21,52,42.944885,44.123931884765625,43.39801788330078,40.92033767700195
20002_1320_1,2024-05-21,53,42.99434,44.11827087402344,43.1076545715332,40.92889404296875
20002_1320_1,2024-05-21,54,40.45362,41.66399765014648,42.72050857543945,39.465599060058594
20002_1320_1,2024-05-21,55,40.467186,41.64836883544922,40.96623611450195,39.196868896484375
20002_1320_1,2024-05-21,56,38.455708,39.77251052856445,39.42974090576172,37.19381332397461
20002_1320_1,2024-05-21,57,38.43677,39.83708572387695,38.280391693115234,36.96909713745117
20002_1320_1,2024-05-21,58,37.050175,38.21689224243164,31.39639663696289,33.93741607666016
20002_1320_1,2024-05-21,59,21.223116,22.350893020629883,22.201608657836918,20.88280868530273
20002_1320_1,2024-05-22,1,7.7411766,8.064227104187012,13.408700942993164,9.413652420043944
20002_1320_1,2024-05-22,2,9.938824,10.672468185424805,11.492457389831545,10.514103889465332
20002_1320_1,2024-05-22,3,13.787183,14.669211387634276,15.03750991821289,14.743021965026855
20002_1320_1,2024-05-22,4,16.040188,17.245332717895508,17.528627395629883,16.99411964416504
20002_1320_1,2024-05-22,5,19.158443,20.664655685424805,20.115554809570312,19.7149600982666
20002_1320_1,2024-05-22,6,22.679178,24.16229057312012,23.46898460388184,22.509204864501957
20002_1320_1,2024-05-22,7,24.646261,25.912288665771484,24.978025436401367,24.18939208984375
20002_1320_1,2024-05-22,8,27.113434,27.62790298461914,26.65473937988281,25.99472427368164
20002_1320_1,2024-05-22,9,28.305435,28.392534255981445,27.349380493164062,26.25960922241211
20002_1320_1,2024-05-22,10,29.061245,29.322664260864254,28.906330108642575,27.749237060546875
20002_1320_1,2024-05-22,11,29.493698,29.85336685180664,29.55306053161621,28.33373069763184
20002_1320_1,2024-05-22,12,29.539488,29.944068908691406,29.481201171875,28.27690315246582
20002_1320_1,2024-05-22,13,31.448275,32.13945007324219,29.72073173522949,29.680747985839844
20002_1320_1,2024-05-22,14,31.364191,31.805280685424805,29.57701301574707,29.37222671508789
20002_1320_1,2024-05-22,15,31.515064,31.96054458618164,29.51713180541992,29.624326705932617
20002_1320_1,2024-05-22,16,32.032814,32.34748077392578,29.696781158447266,29.83475112915039
20002_1320_1,2024-05-22,17,32.17208,32.42108917236328,29.912357330322266,30.08696556091309
20002_1320_1,2024-05-22,18,32.1945,32.18092727661133,29.612943649291992,29.85779571533203
20002_1320_1,2024-05-22,19,32.815422,32.74174118041992,30.52316093444824,31.107934951782227
20002_1320_1,2024-05-22,20,33.09511,32.943214416503906,31.61302375793457,31.13920211791992
20002_1320_1,2024-05-22,21,33.854126,33.85027313232422,32.69091033935547,32.70098876953125
20002_1320_1,2024-05-22,22,35.564514,35.426082611083984,34.1310920715332,34.25382995605469
20002_1320_1,2024-05-22,23,36.9219,37.27150344848633,36.46501541137695,35.75123977661133
20002_1320_1,2024-05-22,24,39.968082,39.91258239746094,38.55941390991211,38.50859451293945
20002_1320_1,2024-05-22,25,42.61257,40.21259307861328,42.16434860229492,39.57862091064453
20002_1320_1,2024-05-22,26,44.77529,45.479278564453125,46.05671691894531,43.25975799560547
20002_1320_1,2024-05-22,27,56.43296,57.30610656738281,50.00897216796875,52.227874755859375
20002_1320_1,2024-05-22,28,56.88068,57.86281204223633,52.500091552734375,53.30265808105469
20002_1320_1,2024-05-22,29,56.667988,57.33292770385742,53.88936614990234,53.157222747802734
20002_1320_1,2024-05-22,30,58.2324,58.53520965576172,53.64983749389648,53.76980209350586
20002_1320_1,2024-05-22,31,58.232822,58.44644546508789,52.83543395996094,53.86091232299805
20002_1320_1,2024-05-22,32,56.93911,57.05638885498047,52.59590148925781,52.26029586791992
20002_1320_1,2024-05-22,33,56.603447,56.74177932739258,52.02103042602539,51.88021469116211
20002_1320_1,2024-05-22,34,56.465538,56.70519256591797,51.68568801879883,52.07241439819336
20002_1320_1,2024-05-22,35,56.372612,56.64112091064453,51.20662307739258,51.63973617553711
20002_1320_1,2024-05-22,36,55.37317,55.77098846435547,51.11081314086914,51.29415893554688
20002_1320_1,2024-05-22,37,53.517445,54.2147102355957,51.30243682861328,50.37628555297852
20002_1320_1,2024-05-22,38,53.10638,53.76901245117188,49.81734848022461,49.67596054077149
20002_1320_1,2024-05-22,39,52.20378,52.4459114074707,47.97296142578125,48.80519104003906
20002_1320_1,2024-05-22,40,47.23809,46.98921585083008,45.84114456176758,43.92367172241211
20002_1320_1,2024-05-22,41,46.112118,45.62977981567383,44.11652374267578,43.07308578491211
20002_1320_1,2024-05-22,42,44.633415,44.25429534912109,42.60747909545898,41.51986312866211
20002_1320_1,2024-05-22,43,44.007576,44.04484176635742,41.97272491455078,41.271728515625
20002_1320_1,2024-05-22,44,42.849983,42.732872009277344,42.11643981933594,40.744239807128906
20002_1320_1,2024-05-22,45,43.03059,42.88220977783203,41.67330932617188,40.74482727050781
20002_1320_1,2024-05-22,46,42.823917,42.51360702514648,41.33796691894531,40.5396842956543
20002_1320_1,2024-05-22,47,42.01115,41.46246337890625,41.98469543457031,40.37588882446289
20002_1320_1,2024-05-22,48,42.30804,41.8758659362793,42.32003784179688,40.69154739379883
20002_1320_1,2024-05-22,49,42.378014,41.895904541015625,43.11049270629883,40.85126876831055
20002_1320_1,2024-05-22,50,44.68471,44.07464218139648,43.948848724365234,42.71630859375
20002_1320_1,2024-05-22,51,45.145386,44.46515655517578,44.64348983764648,43.20289611816406
20002_1320_1,2024-05-22,52,44.870544,44.123931884765625,44.18838119506836,42.65073776245117
20002_1320_1,2024-05-22,53,44.856544,44.11827087402344,44.21232986450195,42.46501159667969
20002_1320_1,2024-05-22,54,42.376904,41.66399765014648,43.27816390991211,40.38683319091797
20002_1320_1,2024-05-22,55,42.415337,41.64836883544922,41.25413513183594,39.74089813232422
20002_1320_1,2024-05-22,56,40.672474,39.77251052856445,40.331939697265625,37.81728363037109
20002_1320_1,2024-05-22,57,40.707256,39.83708572387695,38.61929702758789,37.48319625854492
20002_1320_1,2024-05-22,58,39.782482,38.21689224243164,31.026172637939453,34.33158874511719
20002_1320_1,2024-05-22,59,23.448805,22.350893020629883,21.121585845947266,20.87922096252441
20002_1320_1,2024-05-23,1,7.929412,8.064227104187012,15.049848556518556,10.424230575561523
20002_1320_1,2024-05-23,2,10.3529415,10.672468185424805,14.13839340209961,11.439504623413086
20002_1320_1,2024-05-23,3,14.568544,14.669211387634276,15.721445083618164,14.042137145996094
20002_1320_1,2024-05-23,4,16.600266,17.245332717895508,18.791608810424805,16.68088150024414
20002_1320_1,2024-05-23,5,20.067595,20.664655685424805,21.813800811767575,19.872875213623047
20002_1320_1,2024-05-23,6,23.127953,24.16229057312012,24.62012481689453,22.496686935424805
20002_1320_1,2024-05-23,7,24.552256,25.912288665771484,26.251148223876957,24.49262237548828
20002_1320_1,2024-05-23,8,25.742842,27.62790298461914,27.66630172729492,26.250473022460938
20002_1320_1,2024-05-23,9,27.169336,28.392534255981445,28.96152687072754,26.672780990600582
20002_1320_1,2024-05-23,10,27.968727,29.322664260864254,29.297325134277344,27.75840377807617
20002_1320_1,2024-05-23,11,28.36379,29.85336685180664,30.052873611450195,28.87641906738281
20002_1320_1,2024-05-23,12,28.476637,29.944068908691406,31.000307083129883,29.50132369995117
20002_1320_1,2024-05-23,13,30.767849,32.13945007324219,31.635927200317383,31.299095153808597
20002_1320_1,2024-05-23,14,30.61176,31.805280685424805,31.79183387756348,31.4349308013916
20002_1320_1,2024-05-23,15,30.65358,31.96054458618164,31.97172737121582,31.616641998291016
20002_1320_1,2024-05-23,16,31.084232,32.34748077392578,32.07966232299805,31.737098693847656
20002_1320_1,2024-05-23,17,31.148909,32.42108917236328,32.0556755065918,31.540790557861328
20002_1320_1,2024-05-23,18,31.12784,32.18092727661133,31.48002052307129,30.83425712585449
20002_1320_1,2024-05-23,19,32.099552,32.74174118041992,32.60734558105469,32.09778594970703
20002_1320_1,2024-05-23,20,32.222477,32.943214416503906,33.46483612060547,32.25007247924805
20002_1320_1,2024-05-23,21,33.22049,33.85027313232422,33.27894592285156,32.58270263671875
20002_1320_1,2024-05-23,22,34.544033,35.426082611083984,34.25636291503906,33.85345458984375
20002_1320_1,2024-05-23,23,35.884537,37.27150344848633,37.35650634765625,36.174747467041016
20002_1320_1,2024-05-23,24,38.791466,39.91258239746094,40.3667106628418,39.41871643066406
20002_1320_1,2024-05-23,25,40.225456,40.21259307861328,43.4488639831543,40.21700668334961
20002_1320_1,2024-05-23,26,43.17724,45.479278564453125,48.24599456787109,44.7378044128418
20002_1320_1,2024-05-23,27,53.95942,57.30610656738281,52.08369827270508,54.59182357788086
20002_1320_1,2024-05-23,28,53.724396,57.86281204223633,54.81806182861328,55.922508239746094
20002_1320_1,2024-05-23,29,53.557865,57.33292770385742,55.92140579223633,55.70525741577149
20002_1320_1,2024-05-23,30,54.48403,58.53520965576172,56.0653190612793,56.76514053344727
20002_1320_1,2024-05-23,31,54.507084,58.44644546508789,55.681549072265625,56.53060531616211
20002_1320_1,2024-05-23,32,53.10054,57.05638885498047,54.86603927612305,54.920372009277344
20002_1320_1,2024-05-23,33,52.703083,56.74177932739258,54.77009582519531,54.5362548828125
20002_1320_1,2024-05-23,34,52.605038,56.70519256591797,53.810665130615234,53.89003753662109
20002_1320_1,2024-05-23,35,52.573235,56.64112091064453,53.66675567626953,53.47803497314453
20002_1320_1,2024-05-23,36,51.73694,55.77098846435547,53.37892532348633,53.010833740234375
20002_1320_1,2024-05-23,37,50.189224,54.2147102355957,53.37892532348633,51.89371109008789
20002_1320_1,2024-05-23,38,49.742577,53.76901245117188,51.795875549316406,51.61687088012695
20002_1320_1,2024-05-23,39,48.63029,52.4459114074707,50.16484832763672,50.40396118164063
20002_1320_1,2024-05-23,40,43.89776,46.98921585083008,47.86222839355469,45.52947998046875
20002_1320_1,2024-05-23,41,42.50826,45.62977981567383,45.60757064819336,44.18017959594727
20002_1320_1,2024-05-23,42,41.071125,44.25429534912109,43.59277725219727,42.56070327758789
20002_1320_1,2024-05-23,43,40.9759,44.04484176635742,43.23299407958984,42.71269226074219
20002_1320_1,2024-05-23,44,40.21578,42.732872009277344,43.28096771240234,42.27048873901367
20002_1320_1,2024-05-23,45,40.74089,42.88220977783203,42.96915054321289,42.00750350952149
20002_1320_1,2024-05-23,46,40.74155,42.51360702514648,42.849220275878906,41.90842819213867
20002_1320_1,2024-05-23,47,39.95856,41.46246337890625,43.35292053222656,41.80648422241211
20002_1320_1,2024-05-23,48,40.47984,41.8758659362793,43.40089416503906,41.673431396484375
20002_1320_1,2024-05-23,49,40.526184,41.895904541015625,43.80864715576172,41.24788665771485
20002_1320_1,2024-05-23,50,42.93681,44.07464218139648,44.76807403564453,43.08156967163086
20002_1320_1,2024-05-23,51,43.582886,44.46515655517578,45.48764419555664,43.30460357666016
20002_1320_1,2024-05-23,52,43.232285,44.123931884765625,45.36771774291992,43.15641784667969
20002_1320_1,2024-05-23,53,43.23552,44.11827087402344,45.41569137573242,43.201080322265625
20002_1320_1,2024-05-23,54,40.850647,41.66399765014648,44.336334228515625,41.05901336669922
20002_1320_1,2024-05-23,55,40.743076,41.64836883544922,42.80125427246094,41.01878356933594
20002_1320_1,2024-05-23,56,38.4281,39.77251052856445,41.925777435302734,39.08683013916016
20002_1320_1,2024-05-23,57,38.545208,39.83708572387695,38.20200347900391,37.56042098999024
20002_1320_1,2024-05-23,58,36.759804,38.21689224243164,31.44404411315918,34.87282943725586
20002_1320_1,2024-05-23,59,21.677198,22.350893020629883,22.96511459350586,21.82295227050781
20002_1320_1,2024-05-24,1,8.416667,8.064227104187012,13.20347499847412,9.270109176635742
20002_1320_1,2024-05-24,2,10.470238,10.672468185424805,12.398091316223145,8.666055679321289
20002_1320_1,2024-05-24,3,14.4372425,14.669211387634276,14.577362060546877,10.522196769714355
20002_1320_1,2024-05-24,4,16.851828,17.245332717895508,16.80400848388672,11.912169456481934
20002_1320_1,2024-05-24,5,19.804304,20.664655685424805,19.457035064697266,14.01014518737793
20002_1320_1,2024-05-24,6,23.129204,24.16229057312012,21.967931747436523,15.863178253173828
20002_1320_1,2024-05-24,7,24.649935,25.912288665771484,23.341821670532227,17.40821647644043
20002_1320_1,2024-05-24,8,26.258478,27.62790298461914,24.289329528808597,18.704116821289062
20002_1320_1,2024-05-24,9,27.26566,28.392534255981445,25.994844436645508,19.368392944335938
20002_1320_1,2024-05-24,10,28.049782,29.322664260864254,26.72916412353516,20.004945755004883
20002_1320_1,2024-05-24,11,28.425276,29.85336685180664,26.96604347229004,20.405912399291992
20002_1320_1,2024-05-24,12,28.505081,29.944068908691406,28.221492767333984,20.913854598999023
20002_1320_1,2024-05-24,13,30.557978,32.13945007324219,28.837371826171875,22.26107788085937
20002_1320_1,2024-05-24,14,30.419483,31.805280685424805,28.57680892944336,21.645198822021484
20002_1320_1,2024-05-24,15,30.585432,31.96054458618164,28.363618850708008,21.100643157958984
20002_1320_1,2024-05-24,16,31.067373,32.34748077392578,28.69524574279785,21.67645835876465
20002_1320_1,2024-05-24,17,31.149565,32.42108917236328,28.84921646118164,21.628026962280277
20002_1320_1,2024-05-24,18,30.883867,32.18092727661133,28.908435821533203,21.73880195617676
20002_1320_1,2024-05-24,19,31.803194,32.74174118041992,29.28743934631348,22.62854385375977
20002_1320_1,2024-05-24,20,32.10914,32.943214416503906,30.22310447692871,22.077808380126957
20002_1320_1,2024-05-24,21,33.312954,33.85027313232422,31.19430160522461,23.375829696655277
20002_1320_1,2024-05-24,22,34.723724,35.426082611083984,32.66293716430664,24.165943145751957
20002_1320_1,2024-05-24,23,36.118645,37.27150344848633,34.72728729248047,25.3607120513916
20002_1320_1,2024-05-24,24,38.822735,39.91258239746094,37.515960693359375,27.664255142211918
20002_1320_1,2024-05-24,25,41.540154,40.21259307861328,40.65754699707031,27.164745330810547
20002_1320_1,2024-05-24,26,43.437683,45.479278564453125,44.897647857666016,29.69424057006836
20002_1320_1,2024-05-24,27,54.838478,57.30610656738281,48.26130294799805,37.22688293457031
20002_1320_1,2024-05-24,28,55.169167,57.86281204223633,50.67745208740234,38.1021614074707
20002_1320_1,2024-05-24,29,54.881725,57.33292770385742,52.00396728515625,37.863380432128906
20002_1320_1,2024-05-24,30,56.39251,58.53520965576172,51.95659255981445,38.19840621948242
20002_1320_1,2024-05-24,31,56.352352,58.44644546508789,50.819580078125,37.86956787109375
20002_1320_1,2024-05-24,32,55.143303,57.05638885498047,50.53532791137695,36.66388702392578
20002_1320_1,2024-05-24,33,54.686638,56.74177932739258,50.10894775390625,36.43965911865234
20002_1320_1,2024-05-24,34,54.578133,56.70519256591797,49.25619125366211,35.44081115722656
20002_1320_1,2024-05-24,35,54.473167,56.64112091064453,49.49306488037109,35.77559280395508
20002_1320_1,2024-05-24,36,53.629547,55.77098846435547,49.16144180297852,35.494483947753906
20002_1320_1,2024-05-24,37,52.044853,54.2147102355957,49.066688537597656,34.204566955566406
20002_1320_1,2024-05-24,38,51.68607,53.76901245117188,46.72160339355469,33.32706451416016
20002_1320_1,2024-05-24,39,50.693512,52.4459114074707,45.18190383911133,32.4111213684082
20002_1320_1,2024-05-24,40,46.650566,46.98921585083008,42.43412780761719,28.54519844055176
20002_1320_1,2024-05-24,41,44.987816,45.62977981567383,40.45620346069336,27.7270565032959
20002_1320_1,2024-05-24,42,43.48658,44.25429534912109,38.79806137084961,26.66809844970703
20002_1320_1,2024-05-24,43,43.23368,44.04484176635742,38.38944625854492,26.39048385620117
20002_1320_1,2024-05-24,44,42.265747,42.732872009277344,38.52565002441406,26.09164810180664
20002_1320_1,2024-05-24,45,42.25627,42.88220977783203,38.205867767333984,25.50859260559082
20002_1320_1,2024-05-24,46,42.29339,42.51360702514648,37.67585372924805,25.616596221923828
20002_1320_1,2024-05-24,47,41.462597,41.46246337890625,37.67584991455078,25.63313865661621
20002_1320_1,2024-05-24,48,41.786327,41.8758659362793,38.12295913696289,25.57941436767578
20002_1320_1,2024-05-24,49,41.817528,41.895904541015625,39.01716995239258,25.340103149414062
20002_1320_1,2024-05-24,50,44.787098,44.07464218139648,39.67450714111328,26.311355590820312
20002_1320_1,2024-05-24,51,45.03604,44.46515655517578,39.9350700378418,26.83881187438965
20002_1320_1,2024-05-24,52,44.726215,44.123931884765625,39.20074844360352,26.33100128173828
20002_1320_1,2024-05-24,53,44.796696,44.11827087402344,39.09415435791016,25.938329696655277
20002_1320_1,2024-05-24,54,42.156155,41.66399765014648,37.95418548583984,24.38490104675293
20002_1320_1,2024-05-24,55,41.92907,41.64836883544922,35.967376708984375,24.095970153808597
20002_1320_1,2024-05-24,56,39.804653,39.77251052856445,35.46697235107422,23.192285537719727
20002_1320_1,2024-05-24,57,39.82846,39.83708572387695,33.160377502441406,22.32677459716797
20002_1320_1,2024-05-24,58,37.94333,38.21689224243164,25.14208602905273,21.271522521972656
20002_1320_1,2024-05-24,59,22.882418,22.350893020629883,16.472379684448242,13.14523696899414
20002_1320_1,2024-05-25,1,5.6666665,6.091636657714844,13.738019943237305,9.291640281677246
20002_1320_1,2024-05-25,2,7.2727275,7.621786594390869,12.837214469909668,9.088319778442385
20002_1320_1,2024-05-25,3,10.102385,11.237970352172852,15.681862831115724,12.46207046508789
20002_1320_1,2024-05-25,4,12.273211,13.410161972045898,17.05677604675293,14.441827774047852
20002_1320_1,2024-05-25,5,15.104333,16.317638397216797,18.810976028442383,16.75715446472168
20002_1320_1,2024-05-25,6,18.046612,19.80887222290039,21.22892570495605,18.884315490722656
20002_1320_1,2024-05-25,7,19.193459,21.3751277923584,22.65124893188477,21.16374015808105
20002_1320_1,2024-05-25,8,20.720655,22.78887367248535,23.860225677490234,22.64369201660156
20002_1320_1,2024-05-25,9,21.79084,23.209909439086918,25.14031791687012,23.107431411743164
20002_1320_1,2024-05-25,10,22.960566,24.331684112548828,25.30625534057617,23.394834518432617
20002_1320_1,2024-05-25,11,23.440348,24.73952865600586,25.614425659179688,23.47639274597168
20002_1320_1,2024-05-25,12,23.660627,24.867963790893555,26.65746307373047,23.31678771972656
20002_1320_1,2024-05-25,13,25.028513,26.27592086791992,27.060453414916992,24.5618896484375
20002_1320_1,2024-05-25,14,24.940605,25.790637969970703,27.08415985107422,24.461448669433597
20002_1320_1,2024-05-25,15,25.061817,25.799102783203125,26.87080955505371,24.2585391998291
20002_1320_1,2024-05-25,16,25.198181,25.90376663208008,26.96563148498535,24.10344696044922
20002_1320_1,2024-05-25,17,25.213333,25.91786193847656,26.96563148498535,24.238998413085938
20002_1320_1,2024-05-25,18,25.005611,25.84853172302246,27.107866287231445,24.347675323486328
20002_1320_1,2024-05-25,19,25.8712,26.787036895751957,27.70050048828125,25.214332580566406
20002_1320_1,2024-05-25,20,25.992058,27.004409790039062,27.89014434814453,24.941951751708984
20002_1320_1,2024-05-25,21,27.184515,27.72719955444336,28.17460823059082,25.501569747924805
20002_1320_1,2024-05-25,22,28.897243,29.56087684631348,29.38358497619629,26.770191192626957
20002_1320_1,2024-05-25,23,30.43961,31.67726707458496,31.05481338500977,27.97419548034668
20002_1320_1,2024-05-25,24,31.78617,32.923118591308594,33.21200942993164,30.019142150878903
20002_1320_1,2024-05-25,25,33.73301,33.014060974121094,36.60187911987305,30.51301002502441
20002_1320_1,2024-05-25,26,35.371387,36.44109344482422,40.46586227416992,33.62834548950195
20002_1320_1,2024-05-25,27,44.052727,46.16209030151367,43.84387969970703,41.61384582519531
20002_1320_1,2024-05-25,28,44.839138,46.9591178894043,45.4084358215332,42.683372497558594
20002_1320_1,2024-05-25,29,44.353497,46.52164077758789,46.996700286865234,42.81575775146485
20002_1320_1,2024-05-25,30,45.912773,47.70344924926758,46.59370803833008,43.04041290283203
20002_1320_1,2024-05-25,31,45.818577,47.7075080871582,45.882545471191406,43.24205017089844
20002_1320_1,2024-05-25,32,44.35396,45.69417190551758,45.24249649047852,42.08043670654297
20002_1320_1,2024-05-25,33,43.991505,45.67584228515625,45.14767456054688,42.506927490234375
20002_1320_1,2024-05-25,34,44.0399,45.61045837402344,44.483924865722656,42.81078720092773
20002_1320_1,2024-05-25,35,44.073456,45.60052490234375,44.34169387817383,42.41554641723633
20002_1320_1,2024-05-25,36,43.214268,44.8010368347168,43.63053131103516,41.86703872680664
20002_1320_1,2024-05-25,37,41.75834,43.6291618347168,43.03789520263672,40.40650177001953
20002_1320_1,2024-05-25,38,41.433437,43.27328109741211,41.5088996887207,39.87891387939453
20002_1320_1,2024-05-25,39,40.63882,42.155704498291016,39.96804428100586,38.79041290283203
20002_1320_1,2024-05-25,40,36.01259,36.76350784301758,37.23600006103516,34.579524993896484
20002_1320_1,2024-05-25,41,34.817745,34.8077278137207,35.53217315673828,33.31300735473633
20002_1320_1,2024-05-25,42,33.574543,33.72148513793945,34.097999572753906,31.85727882385254
20002_1320_1,2024-05-25,43,33.290066,33.36978912353516,33.69204330444336,31.82597923278809
20002_1320_1,2024-05-25,44,32.45182,32.1420783996582,32.94532012939453,30.76809501647949
20002_1320_1,2024-05-25,45,32.361115,31.839773178100582,32.91568756103516,30.34084892272949
20002_1320_1,2024-05-25,46,32.005096,31.485088348388672,33.158668518066406,30.50574493408203
20002_1320_1,2024-05-25,47,31.157696,30.6666202545166,33.22978591918945,30.002685546875
20002_1320_1,2024-05-25,48,31.478685,30.83208274841309,33.265342712402344,29.863147735595703
20002_1320_1,2024-05-25,49,31.485788,30.84959983825684,33.83427047729492,29.58422470092773
20002_1320_1,2024-05-25,50,32.549866,31.95193099975586,34.74396896362305,30.720945358276367
20002_1320_1,2024-05-25,51,32.74877,32.04930877685547,35.12492370605469,31.434059143066406
20002_1320_1,2024-05-25,52,32.313282,31.635326385498047,34.19282150268555,30.530906677246094
20002_1320_1,2024-05-25,53,32.32843,31.620716094970703,33.76315689086914,30.114715576171875
20002_1320_1,2024-05-25,54,30.784307,30.20194625854492,32.89198684692383,28.643156051635746
20002_1320_1,2024-05-25,55,30.740194,30.18910217285156,31.67115592956543,28.84010505676269
20002_1320_1,2024-05-25,56,29.655273,28.979467391967773,30.391063690185547,27.23550033569336
20002_1320_1,2024-05-25,57,29.655273,28.98622703552246,28.79094886779785,26.59627914428711
20002_1320_1,2024-05-25,58,28.518785,28.0876522064209,24.073575973510746,24.916236877441406
20002_1320_1,2024-05-25,59,17.300198,16.911678314208984,16.06114959716797,15.337827682495115
20002_1320_1,2024-05-26,1,5.181818,4.626830101013184,9.04670238494873,5.5969977378845215
20002_1320_1,2024-05-26,2,6.242424,5.828117847442627,8.11538314819336,6.091689109802246
20002_1320_1,2024-05-26,3,10.607176,10.57917022705078,8.953570365905762,8.565277099609375
20002_1320_1,2024-05-26,4,12.697502,12.42431640625,10.536813735961914,9.999857902526855
20002_1320_1,2024-05-26,5,15.4659815,14.912409782409668,12.446017265319824,12.318074226379396
20002_1320_1,2024-05-26,6,18.773094,17.931137084960938,14.774316787719728,14.882755279541016
20002_1320_1,2024-05-26,7,20.075144,19.83785820007324,15.985031127929688,16.345317840576172
20002_1320_1,2024-05-26,8,21.366148,21.693693161010746,16.916351318359375,17.57095718383789
20002_1320_1,2024-05-26,9,22.363367,22.006088256835938,18.313329696655277,17.898372650146484
20002_1320_1,2024-05-26,10,24.228313,23.48821258544922,19.57061004638672,19.183349609375
20002_1320_1,2024-05-26,11,24.742498,24.13829803466797,19.850006103515625,19.58617782592773
20002_1320_1,2024-05-26,12,24.706617,24.252147674560547,20.12940216064453,19.4519100189209
20002_1320_1,2024-05-26,13,25.367401,25.79183006286621,21.06072235107422,21.01409149169922
20002_1320_1,2024-05-26,14,24.568617,25.11680221557617,21.01415634155273,20.510725021362305
20002_1320_1,2024-05-26,15,24.598919,25.16650009155273,21.479816436767575,20.8955078125
20002_1320_1,2024-05-26,16,24.598919,25.283058166503903,21.52638053894043,21.35152816772461
20002_1320_1,2024-05-26,17,24.689829,25.30076026916504,21.898910522460938,21.650922775268555
20002_1320_1,2024-05-26,18,24.326927,25.243749618530277,21.992042541503903,21.3437442779541
20002_1320_1,2024-05-26,19,25.3363,25.875316619873047,22.131738662719727,21.77216339111328
20002_1320_1,2024-05-26,20,25.60755,25.97274780273437,22.92336082458496,22.110445022583008
20002_1320_1,2024-05-26,21,27.592093,27.046077728271484,22.90007781982422,22.69920539855957
20002_1320_1,2024-05-26,22,21.216055,28.971832275390625,24.250492095947266,23.79971694946289
20002_1320_1,2024-05-26,23,23.183455,31.082937240600582,26.15969657897949,25.12721061706543
20002_1320_1,2024-05-26,24,25.191217,33.0195426940918,28.138750076293945,27.429431915283203
20002_1320_1,2024-05-26,25,26.323261,33.203372955322266,30.92106437683105,28.04189109802246
20002_1320_1,2024-05-26,26,26.920406,36.47574996948242,33.540401458740234,30.40681266784668
20002_1320_1,2024-05-26,27,35.4102,47.62132263183594,36.436222076416016,38.30846405029297
20002_1320_1,2024-05-26,28,33.20189,48.48259735107422,38.5229606628418,38.94660949707031
20002_1320_1,2024-05-26,29,32.7323,47.83074951171875,39.48920822143555,38.6562385559082
20002_1320_1,2024-05-26,30,34.353954,48.75162506103516,39.50084686279297,39.671504974365234
20002_1320_1,2024-05-26,31,34.43153,48.74505233764648,39.11668014526367,39.567779541015625
20002_1320_1,2024-05-26,32,31.51298,46.37027740478516,38.616092681884766,37.71254348754883
20002_1320_1,2024-05-26,33,31.586336,46.48524856567383,38.16207504272461,37.68821716308594
20002_1320_1,2024-05-26,34,31.579626,46.52566909790039,37.71388244628906,37.64934921264648
20002_1320_1,2024-05-26,35,31.400513,46.4631233215332,37.44030380249024,37.54898071289063
20002_1320_1,2024-05-26,36,31.20279,46.23527145385742,37.01538848876953,37.350379943847656
20002_1320_1,2024-05-26,37,30.142954,45.0629997253418,36.96882247924805,36.39432144165039
20002_1320_1,2024-05-26,38,30.037653,44.6735725402832,35.34046936035156,35.90622329711914
20002_1320_1,2024-05-26,39,29.414757,44.03477478027344,34.16176986694336,35.243736267089844
20002_1320_1,2024-05-26,40,23.343304,37.8956184387207,32.009544372558594,30.83041381835937
20002_1320_1,2024-05-26,41,20.697765,35.5960693359375,30.26914405822754,29.907262802124023
20002_1320_1,2024-05-26,42,18.782873,34.047515869140625,29.45423698425293,29.20370101928711
20002_1320_1,2024-05-26,43,18.03496,33.76720428466797,28.60441017150879,28.82220458984375
20002_1320_1,2024-05-26,44,16.70654,32.33028793334961,27.88263702392578,27.32107353210449
20002_1320_1,2024-05-26,45,16.568756,31.888545989990234,27.510108947753903,27.09823608398437
20002_1320_1,2024-05-26,46,16.416904,31.77178955078125,27.370410919189453,26.82246398925781
20002_1320_1,2024-05-26,47,16.044722,31.185766220092773,27.76622009277344,26.567218780517575
20002_1320_1,2024-05-26,48,15.977378,31.31895446777344,28.662616729736328,27.33881187438965
20002_1320_1,2024-05-26,49,15.871547,31.27826499938965,29.5473690032959,27.469087600708008
20002_1320_1,2024-05-26,50,16.971182,31.85619735717773,30.17601203918457,28.95347023010254
20002_1320_1,2024-05-26,51,17.335655,32.03800964355469,30.932706832885746,28.966386795043945
20002_1320_1,2024-05-26,52,17.16118,31.890705108642575,30.65331268310547,28.36706924438477
20002_1320_1,2024-05-26,53,17.16118,31.8420524597168,30.64167022705078,28.457767486572266
20002_1320_1,2024-05-26,54,15.250671,30.66595458984375,29.687068939208984,27.11921119689941
20002_1320_1,2024-05-26,55,15.253118,30.631542205810547,28.557842254638672,27.028669357299805
20002_1320_1,2024-05-26,56,13.8733225,29.182842254638672,27.55667304992676,25.03149032592773
20002_1320_1,2024-05-26,57,13.9339285,29.156726837158203,25.670753479003903,24.451902389526367
20002_1320_1,2024-05-26,58,12.474282,27.668201446533203,21.107288360595703,23.40186309814453
20002_1320_1,2024-05-26,59,0.0,17.24326515197754,15.053712844848633,13.915168762207031
20002_1320_1,2024-05-27,1,8.419565,8.064227104187012,0.0,0.0
20002_1320_1,2024-05-27,2,10.959838,10.672468185424805,0.0,0.0
20002_1320_1,2024-05-27,3,14.647492,14.669211387634276,0.0,1.1059997081756592
20002_1320_1,2024-05-27,4,17.015028,17.245332717895508,0.7228891849517822,3.985434055328369
20002_1320_1,2024-05-27,5,20.053753,20.664655685424805,3.681602478027344,7.248761177062988
20002_1320_1,2024-05-27,6,23.342827,24.16229057312012,6.3539886474609375,10.162433624267578
20002_1320_1,2024-05-27,7,25.165342,25.912288665771484,8.024229049682617,11.922489166259766
20002_1320_1,2024-05-27,8,26.36238,27.62790298461914,9.742191314697266,14.257353782653809
20002_1320_1,2024-05-27,9,27.029297,28.392534255981445,11.603317260742188,15.916053771972656
20002_1320_1,2024-05-27,10,27.645708,29.322664260864254,13.607606887817385,18.112417221069336
20002_1320_1,2024-05-27,11,28.256996,29.85336685180664,14.371146202087402,19.09483528137207
20002_1320_1,2024-05-27,12,28.4348,29.944068908691406,15.421011924743652,19.68948745727539
20002_1320_1,2024-05-27,13,30.539711,32.13945007324219,16.184551239013672,21.075284957885746
20002_1320_1,2024-05-27,14,30.26485,31.805280685424805,16.8049259185791,21.035579681396484
20002_1320_1,2024-05-27,15,30.41904,31.96054458618164,17.091251373291016,21.47169303894043
20002_1320_1,2024-05-27,16,31.049578,32.34748077392578,17.830928802490234,21.94522857666016
20002_1320_1,2024-05-27,17,31.04288,32.42108917236328,18.069536209106445,21.91508102416992
20002_1320_1,2024-05-27,18,31.179358,32.18092727661133,18.88079643249512,21.56542205810547
20002_1320_1,2024-05-27,19,32.3354,32.74174118041992,19.525033950805664,22.864974975585938
20002_1320_1,2024-05-27,20,32.49953,32.943214416503906,20.336292266845703,22.60476875305176
20002_1320_1,2024-05-27,21,33.54051,33.85027313232422,21.07596969604492,23.649917602539062
20002_1320_1,2024-05-27,22,35.41573,35.426082611083984,22.805864334106445,25.33472442626953
20002_1320_1,2024-05-27,23,37.387264,37.27150344848633,24.225568771362305,25.108598709106445
20002_1320_1,2024-05-27,24,40.978104,39.91258239746094,26.27310562133789,26.780460357666016
20002_1320_1,2024-05-27,25,44.191395,40.21259307861328,29.105060577392575,27.06586456298828
20002_1320_1,2024-05-27,26,46.258404,45.479278564453125,32.67221450805664,29.39055061340332
20002_1320_1,2024-05-27,27,57.4458,57.30610656738281,36.22743988037109,36.18860626220703
20002_1320_1,2024-05-27,28,57.539936,57.86281204223633,38.17208099365234,36.36311721801758
20002_1320_1,2024-05-27,29,57.44425,57.33292770385742,39.6275749206543,36.041934967041016
20002_1320_1,2024-05-27,30,59.10314,58.53520965576172,39.26966857910156,36.49007415771485
20002_1320_1,2024-05-27,31,58.873005,58.44644546508789,39.65143585205078,36.79875564575195
20002_1320_1,2024-05-27,32,57.74203,57.05638885498047,38.78052520751953,35.24589538574219
20002_1320_1,2024-05-27,33,57.18489,56.74177932739258,39.031063079833984,35.19266128540039
20002_1320_1,2024-05-27,34,56.97081,56.70519256591797,38.68508529663086,35.09386444091797
20002_1320_1,2024-05-27,35,56.672756,56.64112091064453,38.4703369140625,34.18672180175781
20002_1320_1,2024-05-27,36,55.480343,55.77098846435547,38.06470489501953,33.3348503112793
20002_1320_1,2024-05-27,37,54.176723,54.2147102355957,37.802242279052734,32.069366455078125
20002_1320_1,2024-05-27,38,53.720192,53.76901245117188,36.46604919433594,31.257814407348636
20002_1320_1,2024-05-27,39,52.45179,52.4459114074707,35.46390151977539,30.55723762512207
20002_1320_1,2024-05-27,40,47.79588,46.98921585083008,33.36417007446289,26.977519989013672
20002_1320_1,2024-05-27,41,46.931152,45.62977981567383,31.01390647888184,25.761219024658203
20002_1320_1,2024-05-27,42,45.597713,44.25429534912109,30.54862403869629,24.90267562866211
20002_1320_1,2024-05-27,43,45.59503,44.04484176635742,30.154926300048828,24.546693801879883
20002_1320_1,2024-05-27,44,44.51418,42.732872009277344,29.952110290527344,24.014020919799805
20002_1320_1,2024-05-27,45,44.70212,42.88220977783203,29.92824935913086,24.122220993041992
20002_1320_1,2024-05-27,46,44.62935,42.51360702514648,29.653852462768555,23.9218807220459
20002_1320_1,2024-05-27,47,43.81795,41.46246337890625,29.415246963500977,22.81691551208496
20002_1320_1,2024-05-27,48,44.392506,41.8758659362793,29.343664169311523,22.6148738861084
20002_1320_1,2024-05-27,49,44.287968,41.895904541015625,30.72757911682129,23.098539352416992
20002_1320_1,2024-05-27,50,46.900665,44.07464218139648,31.622350692749023,24.25327491760254
20002_1320_1,2024-05-27,51,47.333992,44.46515655517578,32.314308166503906,24.65165328979492
20002_1320_1,2024-05-27,52,47.102146,44.123931884765625,32.21886444091797,24.633739471435547
20002_1320_1,2024-05-27,53,47.131813,44.11827087402344,31.70586204528809,23.927223205566406
20002_1320_1,2024-05-27,54,43.900997,41.66399765014648,30.882673263549805,22.972766876220703
20002_1320_1,2024-05-27,55,43.858257,41.64836883544922,29.4033145904541,22.65464210510254
20002_1320_1,2024-05-27,56,41.456264,39.77251052856445,28.46678924560547,21.325937271118164
20002_1320_1,2024-05-27,57,41.534832,39.83708572387695,26.52503776550293,20.419469833374023
20002_1320_1,2024-05-27,58,39.404247,38.21689224243164,21.553184509277344,19.253068923950195
20002_1320_1,2024-05-27,59,22.740644,22.350893020629883,14.705193519592283,11.460463523864746
20002_1320_1,2024-05-28,1,10.414798,8.064227104187012,15.51579475402832,9.902026176452637
20002_1320_1,2024-05-28,2,12.9897585,10.672468185424805,12.66599941253662,9.18124008178711
20002_1320_1,2024-05-28,3,16.977947,14.669211387634276,15.80560302734375,12.91045093536377
20002_1320_1,2024-05-28,4,19.36537,17.245332717895508,18.8003044128418,16.49897575378418
20002_1320_1,2024-05-28,5,23.298723,20.664655685424805,21.69839859008789,19.59654235839844
20002_1320_1,2024-05-28,6,28.258192,24.16229057312012,24.54819107055664,22.66573715209961
20002_1320_1,2024-05-28,7,29.873564,25.912288665771484,26.38365364074707,24.688308715820312
20002_1320_1,2024-05-28,8,31.789444,27.62790298461914,28.14666175842285,26.484508514404297
20002_1320_1,2024-05-28,9,32.51733,28.392534255981445,29.112693786621094,27.14322853088379
20002_1320_1,2024-05-28,10,33.602814,29.322664260864254,30.22362899780273,28.287363052368164
20002_1320_1,2024-05-28,11,34.15771,29.85336685180664,31.056833267211918,28.559627532958984
20002_1320_1,2024-05-28,12,34.119644,29.944068908691406,30.76702117919922,28.225954055786133
20002_1320_1,2024-05-28,13,37.177097,32.13945007324219,31.020605087280277,29.57343292236328
20002_1320_1,2024-05-28,14,36.463627,31.805280685424805,32.10135269165039,29.57719612121582
20002_1320_1,2024-05-28,15,36.542103,31.96054458618164,31.841732025146484,29.888580322265625
20002_1320_1,2024-05-28,16,36.997803,32.34748077392578,32.33078384399414,30.286880493164062
20002_1320_1,2024-05-28,17,37.27959,32.42108917236328,32.457576751708984,30.222949981689453
20002_1320_1,2024-05-28,18,37.32925,32.18092727661133,31.93229866027832,29.5832462310791
20002_1320_1,2024-05-28,19,38.13998,32.74174118041992,32.03493881225586,29.79008102416992
20002_1320_1,2024-05-28,20,38.221455,32.943214416503906,33.13078308105469,30.05653190612793
20002_1320_1,2024-05-28,21,39.07856,33.85027313232422,34.03417205810547,31.37147331237793
20002_1320_1,2024-05-28,22,40.5555,35.426082611083984,35.047752380371094,32.752201080322266
20002_1320_1,2024-05-28,23,43.01941,37.27150344848633,37.46282958984375,34.764644622802734
20002_1320_1,2024-05-28,24,46.67996,39.91258239746094,40.08922958374024,38.11777114868164
20002_1320_1,2024-05-28,25,50.303707,40.21259307861328,43.26505661010742,38.938507080078125
20002_1320_1,2024-05-28,26,53.584103,45.479278564453125,47.49144744873047,43.03261184692383
20002_1320_1,2024-05-28,27,65.38362,57.30610656738281,52.22500228881836,52.87521743774414
20002_1320_1,2024-05-28,28,65.27591,57.86281204223633,54.39857864379883,53.61280059814453
20002_1320_1,2024-05-28,29,65.06188,57.33292770385742,54.39857864379883,52.39990997314453
20002_1320_1,2024-05-28,30,67.424545,58.53520965576172,54.881591796875,53.4134635925293
20002_1320_1,2024-05-28,31,67.35624,58.44644546508789,55.31630325317383,53.8660888671875
20002_1320_1,2024-05-28,32,65.82058,57.05638885498047,55.21969985961914,53.16904830932617
20002_1320_1,2024-05-28,33,65.562355,56.74177932739258,54.35027694702149,53.08583831787109
20002_1320_1,2024-05-28,34,65.56112,56.70519256591797,53.14273452758789,52.425235748291016
20002_1320_1,2024-05-28,35,65.29456,56.64112091064453,53.43254089355469,51.93367767333984
20002_1320_1,2024-05-28,36,64.78532,55.77098846435547,51.59708404541016,50.79350662231445
20002_1320_1,2024-05-28,37,62.832363,54.2147102355957,51.69368362426758,49.940574645996094
20002_1320_1,2024-05-28,38,62.46433,53.76901245117188,49.42351150512695,48.89625549316406
20002_1320_1,2024-05-28,39,61.007313,52.4459114074707,48.457481384277344,48.22148132324219
20002_1320_1,2024-05-28,40,57.311783,46.98921585083008,46.79107666015625,44.14384460449219
20002_1320_1,2024-05-28,41,56.186264,45.62977981567383,44.2310905456543,42.81776809692383
20002_1320_1,2024-05-28,42,54.273388,44.25429534912109,43.07184982299805,41.987571716308594
20002_1320_1,2024-05-28,43,53.89511,44.04484176635742,42.32317733764648,41.32975387573242
20002_1320_1,2024-05-28,44,52.248783,42.732872009277344,41.574501037597656,40.43254852294922
20002_1320_1,2024-05-28,45,51.975983,42.88220977783203,41.47789764404297,40.24615859985352
20002_1320_1,2024-05-28,46,51.50002,42.51360702514648,41.38129425048828,39.651329040527344
20002_1320_1,2024-05-28,47,51.010303,41.46246337890625,41.888465881347656,39.81850051879883
20002_1320_1,2024-05-28,48,51.783466,41.8758659362793,42.1058235168457,39.82189178466797
20002_1320_1,2024-05-28,49,51.75298,41.895904541015625,42.3956298828125,39.65156173706055
20002_1320_1,2024-05-28,50,54.956223,44.07464218139648,43.19260787963867,40.89784240722656
20002_1320_1,2024-05-28,51,56.022293,44.46515655517578,43.748077392578125,41.333457946777344
20002_1320_1,2024-05-28,52,55.62386,44.123931884765625,43.14430618286133,40.87881088256836
20002_1320_1,2024-05-28,53,55.577366,44.11827087402344,42.709590911865234,40.621826171875
20002_1320_1,2024-05-28,54,53.32488,41.66399765014648,42.32317733764648,39.49301910400391
20002_1320_1,2024-05-28,55,53.32791,41.64836883544922,40.43941879272461,38.609073638916016
20002_1320_1,2024-05-28,56,50.19455,39.77251052856445,38.1269760131836,35.851680755615234
20002_1320_1,2024-05-28,57,50.44934,39.83708572387695,35.895294189453125,34.63813018798828
20002_1320_1,2024-05-28,58,48.74908,38.21689224243164,30.36853408813477,32.31578826904297
20002_1320_1,2024-05-28,59,30.086609,22.350893020629883,23.123294830322266,21.24881172180176
20002_1320_1,2024-05-29,1,9.589305,8.064227104187012,23.89324378967285,18.936798095703125
20002_1320_1,2024-05-29,2,12.37594,10.672468185424805,21.722314834594727,18.48634910583496
20002_1320_1,2024-05-29,3,16.701218,14.669211387634276,24.37286758422852,21.264196395874023
20002_1320_1,2024-05-29,4,19.213778,17.245332717895508,27.09914970397949,24.04347419738769
20002_1320_1,2024-05-29,5,22.050282,20.664655685424805,29.74970245361328,27.04657554626465
20002_1320_1,2024-05-29,6,25.4428,24.16229057312012,33.60562515258789,30.645946502685547
20002_1320_1,2024-05-29,7,27.170513,25.912288665771484,35.594329833984375,32.490814208984375
20002_1320_1,2024-05-29,8,29.363716,27.62790298461914,37.69505310058594,34.38692855834961
20002_1320_1,2024-05-29,9,29.844349,28.392534255981445,38.61643600463867,35.02669143676758
20002_1320_1,2024-05-29,10,30.536818,29.322664260864254,40.94513320922852,36.990909576416016
20002_1320_1,2024-05-29,11,31.161766,29.85336685180664,40.91989135742188,37.218048095703125
20002_1320_1,2024-05-29,12,31.246677,29.944068908691406,40.75580978393555,36.87199783325195
20002_1320_1,2024-05-29,13,33.565876,32.13945007324219,40.238319396972656,38.317115783691406
20002_1320_1,2024-05-29,14,33.1065,31.805280685424805,40.44026565551758,38.3608627319336
20002_1320_1,2024-05-29,15,33.318474,31.96054458618164,40.882022857666016,38.94300842285156
20002_1320_1,2024-05-29,16,34.071915,32.34748077392578,41.18494415283203,39.60456085205078
20002_1320_1,2024-05-29,17,34.26065,32.42108917236328,41.77816390991211,39.93082809448242
20002_1320_1,2024-05-29,18,34.187744,32.18092727661133,41.09659194946289,39.25519180297852
20002_1320_1,2024-05-29,19,35.30523,32.74174118041992,42.081085205078125,40.17913436889648
20002_1320_1,2024-05-29,20,35.52957,32.943214416503906,42.69954681396485,40.12245559692383
20002_1320_1,2024-05-29,21,36.15371,33.85027313232422,43.128684997558594,41.05540466308594
20002_1320_1,2024-05-29,22,38.12593,35.426082611083984,45.7287483215332,43.01077651977539
20002_1320_1,2024-05-29,23,39.956417,37.27150344848633,49.43952178955078,45.79190444946289
20002_1320_1,2024-05-29,24,42.429184,39.91258239746094,51.81240081787109,49.37768173217773
20002_1320_1,2024-05-29,25,45.76019,40.21259307861328,55.54841995239258,50.44839859008789
20002_1320_1,2024-05-29,26,48.904156,45.479278564453125,60.09222412109375,54.55915451049805
20002_1320_1,2024-05-29,27,61.858074,57.30610656738281,64.13116455078125,64.25828552246094
20002_1320_1,2024-05-29,28,62.56364,57.86281204223633,66.04965209960938,65.22555541992188
20002_1320_1,2024-05-29,29,62.54256,57.33292770385742,66.8574447631836,64.5245590209961
20002_1320_1,2024-05-29,30,63.918404,58.53520965576172,67.76620483398438,65.986083984375
20002_1320_1,2024-05-29,31,63.924355,58.44644546508789,66.95841217041016,66.33711242675781
20002_1320_1,2024-05-29,32,62.459778,57.05638885498047,66.8574447631836,65.22991943359375
20002_1320_1,2024-05-29,33,62.4828,56.74177932739258,66.0496597290039,65.17826080322266
20002_1320_1,2024-05-29,34,62.253757,56.70519256591797,65.94868469238281,65.34638214111328
20002_1320_1,2024-05-29,35,61.94751,56.64112091064453,65.44381713867188,64.6048355102539
20002_1320_1,2024-05-29,36,60.72703,55.77098846435547,64.83797454833984,64.29328918457031
20002_1320_1,2024-05-29,37,59.12585,54.2147102355957,64.5350570678711,62.8648681640625
20002_1320_1,2024-05-29,38,58.682827,53.76901245117188,63.020450592041016,62.0152587890625
20002_1320_1,2024-05-29,39,57.579556,52.4459114074707,60.950496673583984,60.33929443359375
20002_1320_1,2024-05-29,40,51.889072,46.98921585083008,57.76983642578125,54.99571228027344
20002_1320_1,2024-05-29,41,51.70642,45.62977981567383,55.14452362060547,53.19624328613281
20002_1320_1,2024-05-29,42,50.04967,44.25429534912109,53.52894592285156,51.24611282348633
20002_1320_1,2024-05-29,43,49.986538,44.04484176635742,53.175540924072266,51.338417053222656
20002_1320_1,2024-05-29,44,48.679306,42.732872009277344,52.31726837158203,50.20708847045898
20002_1320_1,2024-05-29,45,48.559483,42.88220977783203,52.72116088867188,50.49925231933594
20002_1320_1,2024-05-29,46,48.386448,42.51360702514648,52.21629333496094,50.11903762817383
20002_1320_1,2024-05-29,47,47.639256,41.46246337890625,53.427978515625,50.5107536315918
20002_1320_1,2024-05-29,48,48.115402,41.8758659362793,54.33673477172852,51.50353240966797
20002_1320_1,2024-05-29,49,48.1195,41.895904541015625,54.185279846191406,51.2097053527832
20002_1320_1,2024-05-29,50,50.68451,44.07464218139648,55.2454948425293,53.115455627441406
20002_1320_1,2024-05-29,51,52.53795,44.46515655517578,55.80084991455078,53.53394317626953
20002_1320_1,2024-05-29,52,51.956062,44.123931884765625,54.94257736206055,52.50832748413086
20002_1320_1,2024-05-29,53,51.939785,44.11827087402344,54.185279846191406,52.22297286987305
20002_1320_1,2024-05-29,54,49.199818,41.66399765014648,53.47846221923828,50.32910537719727
20002_1320_1,2024-05-29,55,49.17571,41.64836883544922,51.30753326416016,49.35002136230469
20002_1320_1,2024-05-29,56,46.908478,39.77251052856445,49.43952560424805,46.35346603393555
20002_1320_1,2024-05-29,57,47.010975,39.83708572387695,46.94043350219727,45.08515167236328
20002_1320_1,2024-05-29,58,45.224186,38.21689224243164,36.32875442504883,40.28892517089844
20002_1320_1,2024-05-29,59,27.607761,22.350893020629883,25.88746833801269,25.994384765625
20002_1320_1,2024-05-30,1,5.470588,8.064227104187012,19.13662338256836,13.079734802246094
20002_1320_1,2024-05-30,2,7.147059,10.672468185424805,17.90226173400879,12.668004035949709
20002_1320_1,2024-05-30,3,13.004902,14.669211387634276,19.44521141052246,14.751016616821287
20002_1320_1,2024-05-30,4,15.099412,17.245332717895508,22.0682315826416,17.516944885253906
20002_1320_1,2024-05-30,5,19.013626,20.664655685424805,24.794113159179688,20.7875919342041
20002_1320_1,2024-05-30,6,23.22147,24.16229057312012,27.72572326660156,23.7042179107666
20002_1320_1,2024-05-30,7,25.363628,25.912288665771484,29.71870231628418,26.19676780700684
20002_1320_1,2024-05-30,8,28.028189,27.62790298461914,30.875917434692383,27.91009521484375
20002_1320_1,2024-05-30,9,28.222017,28.392534255981445,32.47673034667969,29.030452728271484
20002_1320_1,2024-05-30,10,29.016518,29.322664260864254,33.408931732177734,30.78362846374512
20002_1320_1,2024-05-30,11,29.921339,29.85336685180664,33.69823455810547,31.14031791687012
20002_1320_1,2024-05-30,12,30.266336,29.944068908691406,34.06468200683594,31.397485733032227
20002_1320_1,2024-05-30,13,32.094208,32.13945007324219,34.85865783691406,33.366947174072266
20002_1320_1,2024-05-30,14,31.477829,31.805280685424805,34.89803695678711,33.151241302490234
20002_1320_1,2024-05-30,15,31.436735,31.96054458618164,34.408634185791016,33.42630386352539
20002_1320_1,2024-05-30,16,31.634098,32.34748077392578,34.80562210083008,33.79987335205078
20002_1320_1,2024-05-30,17,31.66351,32.42108917236328,34.52756881713867,33.52228546142578
20002_1320_1,2024-05-30,18,31.751049,32.18092727661133,33.672515869140625,32.929969787597656
20002_1320_1,2024-05-30,19,32.53991,32.74174118041992,34.884376525878906,34.113990783691406
20002_1320_1,2024-05-30,20,32.833622,32.943214416503906,36.160926818847656,34.39690017700195
20002_1320_1,2024-05-30,21,33.356647,33.85027313232422,36.25776290893555,35.521480560302734
20002_1320_1,2024-05-30,22,20.555632,35.426082611083984,37.28237915039063,36.633033752441406
20002_1320_1,2024-05-30,23,22.823988,37.27150344848633,40.28792190551758,38.48621368408203
20002_1320_1,2024-05-30,24,24.580885,39.91258239746094,43.772422790527344,42.5240478515625
20002_1320_1,2024-05-30,25,24.254189,40.21259307861328,47.39836120605469,42.84929275512695
20002_1320_1,2024-05-30,26,25.801735,45.479278564453125,52.824405670166016,48.27765274047852
20002_1320_1,2024-05-30,27,33.57688,57.30610656738281,56.21889877319336,58.30538558959961
20002_1320_1,2024-05-30,28,32.326954,57.86281204223633,58.73905563354492,59.0462646484375
20002_1320_1,2024-05-30,29,31.787418,57.33292770385742,60.333438873291016,59.260990142822266
20002_1320_1,2024-05-30,30,33.411446,58.53520965576172,60.95061874389648,60.92926406860352
20002_1320_1,2024-05-30,31,33.499523,58.44644546508789,60.43630599975586,61.20749282836914
20002_1320_1,2024-05-30,32,31.061323,57.05638885498047,60.0762825012207,59.3935432434082
20002_1320_1,2024-05-30,33,30.614275,56.74177932739258,59.1505126953125,58.87724685668945
20002_1320_1,2024-05-30,34,30.643688,56.70519256591797,58.48190307617188,58.293907165527344
20002_1320_1,2024-05-30,35,30.767374,56.64112091064453,58.32760620117188,57.6928939819336
20002_1320_1,2024-05-30,36,30.008713,55.77098846435547,58.12187576293945,57.359859466552734
20002_1320_1,2024-05-30,37,28.928469,54.2147102355957,57.45326232910156,55.50727844238281
20002_1320_1,2024-05-30,38,28.6978,53.76901245117188,55.44742584228516,54.10103225708008
20002_1320_1,2024-05-30,39,27.835953,52.4459114074707,54.00733947753906,52.96646881103516
20002_1320_1,2024-05-30,40,22.736383,46.98921585083008,51.74434280395508,47.74407196044922
20002_1320_1,2024-05-30,41,22.020035,45.62977981567383,49.58420944213867,46.197566986083984
20002_1320_1,2024-05-30,42,20.168772,44.25429534912109,47.424076080322266,44.08040237426758
20002_1320_1,2024-05-30,43,19.505533,44.04484176635742,47.14119720458984,43.622047424316406
20002_1320_1,2024-05-30,44,18.515594,42.732872009277344,47.21834564208984,42.972076416015625
20002_1320_1,2024-05-30,45,18.228792,42.88220977783203,46.369720458984375,42.42591857910156
20002_1320_1,2024-05-30,46,18.216143,42.51360702514648,45.906837463378906,41.630741119384766
20002_1320_1,2024-05-30,47,17.2248,41.46246337890625,47.21834564208984,41.270111083984375
20002_1320_1,2024-05-30,48,17.607153,41.8758659362793,47.16691589355469,40.631866455078125
20002_1320_1,2024-05-30,49,17.463451,41.895904541015625,47.98982238769531,40.61837387084961
20002_1320_1,2024-05-30,50,18.456623,44.07464218139648,48.99274444580078,42.65315246582031
20002_1320_1,2024-05-30,51,18.339243,44.46515655517578,49.19847106933594,42.45872116088867
20002_1320_1,2024-05-30,52,18.584564,44.123931884765625,49.55849456787109,42.06845474243164
20002_1320_1,2024-05-30,53,18.584564,44.11827087402344,49.68707275390625,41.53924560546875
20002_1320_1,2024-05-30,54,16.850906,41.66399765014648,48.22126770019531,39.09958267211914
20002_1320_1,2024-05-30,55,16.736305,41.64836883544922,46.29257583618164,38.37993240356445
20002_1320_1,2024-05-30,56,15.678251,39.77251052856445,44.363887786865234,34.38779830932617
20002_1320_1,2024-05-30,57,15.617501,39.83708572387695,40.03076553344727,32.26874542236328
20002_1320_1,2024-05-30,58,14.024496,38.21689224243164,31.83383178710937,28.83492851257324
20002_1320_1,2024-05-30,59,0.0,22.350893020629883,23.791194915771484,16.164806365966797
20002_1320_1,2024-05-31,1,,8.064227104187012,0.0,0.0
20002_1320_1,2024-05-31,2,,10.672468185424805,0.0,0.0
20002_1320_1,2024-05-31,3,,14.669211387634276,0.0,1.032534122467041
20002_1320_1,2024-05-31,4,,17.245332717895508,0.6008548736572266,1.90579092502594
20002_1320_1,2024-05-31,5,,20.664655685424805,2.67624831199646,3.195220470428467
20002_1320_1,2024-05-31,6,,24.16229057312012,4.232792854309082,4.20155143737793
20002_1320_1,2024-05-31,7,,25.912288665771484,5.581799030303955,5.672308921813965
20002_1320_1,2024-05-31,8,,27.62790298461914,7.034574508666992,7.099050521850586
20002_1320_1,2024-05-31,9,,28.392534255981445,8.539234161376953,7.922821998596191
20002_1320_1,2024-05-31,10,,29.322664260864254,9.369391441345217,8.832563400268555
20002_1320_1,2024-05-31,11,,29.85336685180664,10.35520362854004,10.220128059387209
20002_1320_1,2024-05-31,12,,29.944068908691406,11.1853609085083,9.994319915771484
20002_1320_1,2024-05-31,13,,32.13945007324219,11.807978630065918,11.326493263244627
20002_1320_1,2024-05-31,14,,31.805280685424805,11.444785118103027,10.835272789001465
20002_1320_1,2024-05-31,15,,31.96054458618164,11.237245559692385,11.024782180786133
20002_1320_1,2024-05-31,16,,32.34748077392578,11.1853609085083,10.794795036315918
20002_1320_1,2024-05-31,17,,32.42108917236328,11.392899513244627,10.486106872558594
20002_1320_1,2024-05-31,18,,32.18092727661133,11.029706954956056,9.407450675964355
20002_1320_1,2024-05-31,19,,32.74174118041992,11.1853609085083,10.349284172058104
20002_1320_1,2024-05-31,20,,32.943214416503906,11.289130210876465,9.716055870056152
20002_1320_1,2024-05-31,21,,33.85027313232422,12.326827049255373,11.408100128173828
20002_1320_1,2024-05-31,22,,35.426082611083984,13.675832748413086,12.759411811828612
20002_1320_1,2024-05-31,23,,37.27150344848633,15.284261703491213,13.856330871582031
20002_1320_1,2024-05-31,24,,39.91258239746094,16.996461868286133,15.110467910766602
20002_1320_1,2024-05-31,25,,40.21259307861328,20.394920349121094,16.352901458740234
20002_1320_1,2024-05-31,26,,45.479278564453125,24.05279922485352,18.6240234375
20002_1320_1,2024-05-31,27,,57.30610656738281,27.25668716430664,25.961669921875
20002_1320_1,2024-05-31,28,,57.86281204223633,28.83268928527832,25.914287567138672
20002_1320_1,2024-05-31,29,,57.33292770385742,30.10711097717285,26.12523651123047
20002_1320_1,2024-05-31,30,,58.53520965576172,30.839982986450195,27.302494049072266
20002_1320_1,2024-05-31,31,,58.44644546508789,30.622716903686523,28.28021812438965
20002_1320_1,2024-05-31,32,,57.05638885498047,30.097383499145508,26.887237548828125
20002_1320_1,2024-05-31,33,,56.74177932739258,29.98226356506348,27.07003593444824
20002_1320_1,2024-05-31,34,,56.70519256591797,29.77553367614746,27.232545852661133
20002_1320_1,2024-05-31,35,,56.64112091064453,29.913354873657227,27.2469425201416
20002_1320_1,2024-05-31,36,,55.77098846435547,29.494220733642575,26.308202743530277
20002_1320_1,2024-05-31,37,,54.2147102355957,28.398155212402344,25.054590225219727
20002_1320_1,2024-05-31,38,,53.76901245117188,26.997264862060547,24.037410736083984
20002_1320_1,2024-05-31,39,,52.4459114074707,26.180076599121094,24.28757095336914
20002_1320_1,2024-05-31,40,,46.98921585083008,24.493820190429688,20.79107666015625
20002_1320_1,2024-05-31,41,,45.62977981567383,22.755678176879883,20.06341552734375
20002_1320_1,2024-05-31,42,,44.25429534912109,21.66609764099121,18.90729522705078
20002_1320_1,2024-05-31,43,,44.04484176635742,21.04347801208496,18.187686920166016
20002_1320_1,2024-05-31,44,,42.732872009277344,20.680286407470703,17.611949920654297
20002_1320_1,2024-05-31,45,,42.88220977783203,20.368974685668945,17.530691146850586
20002_1320_1,2024-05-31,46,,42.51360702514648,20.368974685668945,17.20868492126465
20002_1320_1,2024-05-31,47,,41.46246337890625,20.80999755859375,17.17087745666504
20002_1320_1,2024-05-31,48,,41.8758659362793,21.12130546569824,17.46656608581543
20002_1320_1,2024-05-31,49,,41.895904541015625,22.1330623626709,17.998689651489258
20002_1320_1,2024-05-31,50,,44.07464218139648,23.066987991333008,18.68377113342285
20002_1320_1,2024-05-31,51,,44.46515655517578,24.40302085876465,20.19147491455078
20002_1320_1,2024-05-31,52,,44.123931884765625,24.46787643432617,19.80694007873535
20002_1320_1,2024-05-31,53,,44.11827087402344,24.07874298095703,19.14817237854004
20002_1320_1,2024-05-31,54,,41.66399765014648,22.703792572021484,17.72743797302246
20002_1320_1,2024-05-31,55,,41.64836883544922,21.717981338500977,17.70248794555664
20002_1320_1,2024-05-31,56,,39.77251052856445,20.680286407470703,16.005428314208984
20002_1320_1,2024-05-31,57,,39.83708572387695,17.515310287475586,14.930116653442385
20002_1320_1,2024-05-31,58,,38.21689224243164,11.60044002532959,13.837235450744627
20002_1320_1,2024-05-31,59,,22.350893020629883,5.581799030303955,6.713469505310059
