trip_id,service_day,pt_sequence,y_true,y_pred_naive,y_pred_timesfm,y_pred_timesfm_ft
20001_0310_2,2024-05-01,1,3.6889286,1.0417025089263916,15.792835235595703,12.960091590881348
20001_0310_2,2024-05-01,2,5.081786,4.576722145080566,16.901819229125977,14.042448043823242
20001_0310_2,2024-05-01,3,11.950833,12.858295440673828,25.26297950744629,22.285423278808597
20001_0310_2,2024-05-01,4,14.52184,14.927048683166504,26.79877471923828,23.600317001342773
20001_0310_2,2024-05-01,5,15.373083,15.684619903564451,27.05413246154785,24.637348175048828
20001_0310_2,2024-05-01,6,16.549192,17.82515525817871,28.805160522460938,26.161977767944336
20001_0310_2,2024-05-01,7,16.618858,20.013507843017575,31.428054809570312,28.43231964111328
20001_0310_2,2024-05-01,8,17.833323,22.16661834716797,33.28852462768555,30.458860397338867
20001_0310_2,2024-05-01,9,17.511723,22.47068214416504,33.959747314453125,30.803117752075195
20001_0310_2,2024-05-01,10,17.278332,23.241050720214844,34.38290786743164,31.22143173217773
20001_0310_2,2024-05-01,11,17.421188,23.50570106506348,34.74770736694336,31.39124298095703
20001_0310_2,2024-05-01,12,17.941893,24.029653549194336,34.86444091796875,31.704065322875977
20001_0310_2,2024-05-01,13,17.941893,24.23081970214844,35.17087173461914,31.126888275146484
20001_0310_2,2024-05-01,14,17.977608,24.588558197021484,36.10475540161133,31.863548278808597
20001_0310_2,2024-05-01,15,18.15618,24.869035720825195,36.367408752441406,31.835599899291992
20001_0310_2,2024-05-01,16,19.575502,26.559799194335938,37.2721061706543,33.20030212402344
20001_0310_2,2024-05-01,17,19.575502,26.979686737060547,37.56394577026367,32.93267059326172
20001_0310_2,2024-05-01,18,19.575502,27.32332992553711,38.030887603759766,33.37364196777344
20001_0310_2,2024-05-01,19,20.49737,29.572370529174805,39.51926040649414,35.319419860839844
20001_0310_2,2024-05-01,20,19.995098,29.719444274902344,40.219669342041016,35.30305862426758
20001_0310_2,2024-05-01,21,20.364468,31.16596984863281,41.1535530090332,36.968788146972656
20001_0310_2,2024-05-01,22,20.49116,30.02050399780273,41.03681564331055,36.31672286987305
20001_0310_2,2024-05-01,23,20.71427,30.12152671813965,41.09518051147461,36.35668182373047
20001_0310_2,2024-05-01,24,21.83313,30.750732421875,41.85396194458008,36.897193908691406
20001_0310_2,2024-05-01,25,21.537905,30.417463302612305,41.76641082763672,36.65663909912109
20001_0310_2,2024-05-01,26,22.240143,31.10061454772949,42.05824661254883,37.26202392578125
20001_0310_2,2024-05-01,27,22.365652,31.21687889099121,42.3500862121582,37.374420166015625
20001_0310_2,2024-05-01,28,22.861115,32.55681228637695,43.5758056640625,39.30573654174805
20001_0310_2,2024-05-01,29,22.325125,33.029056549072266,43.079681396484375,39.15544128417969
20001_0310_2,2024-05-01,30,24.208073,34.52275848388672,44.655609130859375,41.23897933959961
20001_0310_2,2024-05-01,31,23.872461,34.4538459777832,44.655609130859375,41.28594207763672
20001_0310_2,2024-05-01,32,24.115229,34.7032356262207,44.480506896972656,41.23276138305664
20001_0310_2,2024-05-01,33,22.30241,30.774518966674805,42.61273956298828,37.67632293701172
20001_0310_2,2024-05-01,34,21.980488,31.72612571716309,43.10886764526367,38.398380279541016
20001_0310_2,2024-05-01,35,22.451168,32.64167404174805,43.83846282958984,39.6363525390625
20001_0310_2,2024-05-01,36,21.74026,32.46792221069336,43.19641876220703,39.222267150878906
20001_0310_2,2024-05-01,37,21.380438,31.67352294921875,43.16723251342773,38.73153305053711
20001_0310_2,2024-05-01,38,21.554373,31.768156051635746,42.29171752929688,38.30852890014648
20001_0310_2,2024-05-01,39,20.229763,31.778823852539062,42.32090377807617,38.12921524047852
20001_0310_2,2024-05-01,40,13.0152,31.05484962463379,42.4668197631836,37.93906021118164
20001_0310_2,2024-05-01,41,12.396186,30.03682518005371,42.40845489501953,37.3074836730957
20001_0310_2,2024-05-01,42,12.513926,30.36955070495605,42.40845489501953,37.79471969604492
20001_0310_2,2024-05-01,43,12.5225115,30.563087463378903,42.43763732910156,37.85933303833008
20001_0310_2,2024-05-01,44,12.665368,30.87820625305176,41.912330627441406,37.75740814208984
20001_0310_2,2024-05-01,45,12.2888565,30.01733016967773,41.67885971069336,36.57863998413086
20001_0310_2,2024-05-01,46,11.810448,29.86408042907715,41.2411003112793,36.23640823364258
20001_0310_2,2024-05-01,47,12.061811,30.18276596069336,41.64967346191406,36.28919219970703
20001_0310_2,2024-05-01,48,11.999036,30.15804672241211,42.14579772949219,36.723670959472656
20001_0310_2,2024-05-01,49,11.437027,30.58067321777344,41.999881744384766,37.07655715942383
20001_0310_2,2024-05-01,50,10.547593,30.24319076538086,42.087432861328125,36.69843292236328
20001_0310_2,2024-05-01,51,10.633164,30.73224830627441,42.52518844604492,37.15691757202149
20001_0310_2,2024-05-01,52,10.970153,31.13802146911621,43.05049896240234,37.65755844116211
20001_0310_2,2024-05-01,53,10.406908,31.040695190429688,42.904579162597656,37.30647277832031
20001_0310_2,2024-05-01,54,7.390819,29.96627426147461,42.67110824584961,36.21709442138672
20001_0310_2,2024-05-01,55,10.9027815,33.509429931640625,43.955196380615234,40.04188919067383
20001_0310_2,2024-05-01,56,9.605362,33.24592590332031,43.9260139465332,39.68687438964844
20001_0310_2,2024-05-01,57,9.636757,33.729400634765625,43.86764526367188,40.222801208496094
20001_0310_2,2024-05-01,58,8.838396,33.443973541259766,43.48825454711914,39.81869125366211
20001_0310_2,2024-05-01,59,9.038599,32.604347229003906,43.5758056640625,38.342994689941406
20001_0310_2,2024-05-01,60,9.030745,32.381866455078125,42.875396728515625,37.65920639038086
20001_0310_2,2024-05-01,61,7.649997,30.987159729003903,42.3500862121582,36.4417610168457
20001_0310_2,2024-05-01,62,6.9846597,30.42020606994629,41.09518432617188,35.34949493408203
20001_0310_2,2024-05-01,63,6.80194,29.93871116638184,40.86171340942383,35.24031066894531
20001_0310_2,2024-05-01,64,5.973434,29.638872146606445,40.97845077514648,35.182613372802734
20001_0310_2,2024-05-01,65,5.317289,29.36930274963379,40.803348541259766,34.68256378173828
20001_0310_2,2024-05-01,66,5.1309195,28.69648742675781,39.927833557128906,33.875877380371094
20001_0310_2,2024-05-01,67,4.9188933,28.64621925354004,39.69436264038086,33.876991271972656
20001_0310_2,2024-05-01,68,3.6851869,27.82088279724121,38.70211410522461,32.675132751464844
20001_0310_2,2024-05-01,69,3.7209013,27.864091873168945,38.4102783203125,32.27669906616211
20001_0310_2,2024-05-01,70,3.610757,27.627689361572266,37.79741668701172,31.857898712158203
20001_0310_2,2024-05-01,71,3.518565,27.28032493591309,38.14762115478516,32.325408935546875
20001_0310_2,2024-05-01,72,3.444607,27.025341033935547,37.76823425292969,31.777729034423828
20001_0310_2,2024-05-01,73,3.444607,26.82840156555176,37.943336486816406,31.95655632019043
20001_0310_2,2024-05-01,74,1.8221619,26.192684173583984,37.4618034362793,31.77875518798828
20001_0310_2,2024-05-01,75,1.6765875,25.861446380615234,36.513328552246094,30.865318298339844
20001_0310_2,2024-05-01,76,0.60714287,23.71573638916016,33.959747314453125,28.532201766967773
20001_0310_2,2024-05-02,1,3.8012068,1.0417025089263916,0.0,0.0
20001_0310_2,2024-05-02,2,5.842299,4.576722145080566,0.0,0.0
20001_0310_2,2024-05-02,3,15.73829,12.858295440673828,0.0,0.0
20001_0310_2,2024-05-02,4,18.314209,14.927048683166504,0.0,0.0
20001_0310_2,2024-05-02,5,18.126053,15.684619903564451,0.0,0.0
20001_0310_2,2024-05-02,6,19.871086,17.82515525817871,0.0,0.7679680585861206
20001_0310_2,2024-05-02,7,21.856966,20.013507843017575,0.6498351097106934,2.7063233852386475
20001_0310_2,2024-05-02,8,24.323637,22.16661834716797,1.5526690483093262,4.025432586669922
20001_0310_2,2024-05-02,9,24.498615,22.47068214416504,2.004084825515747,4.600987911224365
20001_0310_2,2024-05-02,10,24.952436,23.241050720214844,2.391014575958252,5.237493515014648
20001_0310_2,2024-05-02,11,25.151058,23.50570106506348,2.777942657470703,6.1351518630981445
20001_0310_2,2024-05-02,12,25.626358,24.029653549194336,2.84243106842041,6.038874626159668
20001_0310_2,2024-05-02,13,25.91946,24.23081970214844,3.68077564239502,7.329051494598389
20001_0310_2,2024-05-02,14,26.195518,24.588558197021484,3.7452642917633057,6.883327960968018
20001_0310_2,2024-05-02,15,26.35496,24.869035720825195,4.519122123718262,7.832972526550293
20001_0310_2,2024-05-02,16,27.951803,26.559799194335938,4.906049728393555,8.547809600830078
20001_0310_2,2024-05-02,17,28.158306,26.979686737060547,5.357466697692871,8.891059875488281
20001_0310_2,2024-05-02,18,28.225174,27.32332992553711,6.389276027679443,9.806208610534668
20001_0310_2,2024-05-02,19,30.003662,29.572370529174805,8.130455017089844,11.569520950317385
20001_0310_2,2024-05-02,20,29.54322,29.719444274902344,8.549627304077148,11.954736709594728
20001_0310_2,2024-05-02,21,31.053001,31.16596984863281,9.936120986938477,12.794071197509766
20001_0310_2,2024-05-02,22,31.867573,30.02050399780273,9.387971878051758,12.707071304321287
20001_0310_2,2024-05-02,23,31.38724,30.12152671813965,9.516948699951172,13.249567031860352
20001_0310_2,2024-05-02,24,31.763494,30.750732421875,10.83895492553711,14.270008087158203
20001_0310_2,2024-05-02,25,31.17643,30.417463302612305,11.258127212524414,14.46868896484375
20001_0310_2,2024-05-02,26,31.942287,31.10061454772949,12.031984329223633,15.49894905090332
20001_0310_2,2024-05-02,27,32.075897,31.21687889099121,12.354425430297852,15.807550430297852
20001_0310_2,2024-05-02,28,33.790688,32.55681228637695,13.19277000427246,16.86465072631836
20001_0310_2,2024-05-02,29,33.93859,33.029056549072266,13.225013732910156,17.34071922302246
20001_0310_2,2024-05-02,30,35.361855,34.52275848388672,14.675996780395508,18.88888931274414
20001_0310_2,2024-05-02,31,34.72493,34.4538459777832,14.837217330932615,19.162673950195312
20001_0310_2,2024-05-02,32,34.07398,34.7032356262207,14.256824493408203,18.89221572875977
20001_0310_2,2024-05-02,33,29.753414,30.774518966674805,13.998870849609377,17.73615264892578
20001_0310_2,2024-05-02,34,29.922085,31.72612571716309,14.804973602294922,18.41687393188477
20001_0310_2,2024-05-02,35,30.266209,32.64167404174805,14.901704788208008,19.422264099121094
20001_0310_2,2024-05-02,36,29.23871,32.46792221069336,15.67556381225586,20.001941680908203
20001_0310_2,2024-05-02,37,28.697617,31.67352294921875,14.966192245483398,18.869600296020508
20001_0310_2,2024-05-02,38,28.641634,31.768156051635746,14.547019958496094,18.99163818359375
20001_0310_2,2024-05-02,39,28.342379,31.778823852539062,15.191902160644531,19.76055335998535
20001_0310_2,2024-05-02,40,15.767026,31.05484962463379,15.030681610107422,19.474090576171875
20001_0310_2,2024-05-02,41,14.883048,30.03682518005371,14.418045043945312,18.446563720703125
20001_0310_2,2024-05-02,42,15.313443,30.36955070495605,13.902139663696287,18.100770950317383
20001_0310_2,2024-05-02,43,15.355804,30.563087463378903,14.385801315307615,18.56001663208008
20001_0310_2,2024-05-02,44,15.519188,30.87820625305176,14.482532501220703,18.83373069763184
20001_0310_2,2024-05-02,45,14.541663,30.01733016967773,13.902139663696287,18.667675018310547
20001_0310_2,2024-05-02,46,14.137345,29.86408042907715,13.611942291259766,18.30621719360352
20001_0310_2,2024-05-02,47,14.692038,30.18276596069336,14.547019958496094,18.82477760314941
20001_0310_2,2024-05-02,48,14.925401,30.15804672241211,14.547019958496094,19.10481834411621
20001_0310_2,2024-05-02,49,15.134502,30.58067321777344,15.385366439819336,19.905500411987305
20001_0310_2,2024-05-02,50,14.538723,30.24319076538086,14.950071334838867,19.020606994628903
20001_0310_2,2024-05-02,51,14.773077,30.73224830627441,15.159656524658203,19.213773727416992
20001_0310_2,2024-05-02,52,15.09728,31.13802146911621,16.223711013793945,20.245067596435547
20001_0310_2,2024-05-02,53,14.699021,31.040695190429688,16.272077560424805,19.629898071289062
20001_0310_2,2024-05-02,54,13.106056,29.96627426147461,15.8529052734375,18.74344825744629
20001_0310_2,2024-05-02,55,15.3169365,33.509429931640625,16.9814453125,21.902250289916992
20001_0310_2,2024-05-02,56,14.584603,33.24592590332031,17.54571533203125,21.90262985229492
20001_0310_2,2024-05-02,57,14.577986,33.729400634765625,18.00519561767578,22.32653045654297
20001_0310_2,2024-05-02,58,13.22115,33.443973541259766,17.80367088317871,22.156173706054688
20001_0310_2,2024-05-02,59,12.805622,32.604347229003906,17.287765502929688,20.88918113708496
20001_0310_2,2024-05-02,60,12.287709,32.381866455078125,16.949201583862305,19.76386833190918
20001_0310_2,2024-05-02,61,10.534422,30.987159729003903,16.562274932861328,18.915529251098636
20001_0310_2,2024-05-02,62,9.625828,30.42020606994629,16.433298110961914,18.693161010742188
20001_0310_2,2024-05-02,63,8.866263,29.93871116638184,16.57839584350586,18.746692657470703
20001_0310_2,2024-05-02,64,8.414372,29.638872146606445,15.820659637451172,18.05588150024414
20001_0310_2,2024-05-02,65,8.1457615,29.36930274963379,15.852903366088867,17.644004821777344
20001_0310_2,2024-05-02,66,7.8761325,28.69648742675781,15.74005126953125,17.706132888793945
20001_0310_2,2024-05-02,67,7.718563,28.64621925354004,15.288633346557615,17.36703109741211
20001_0310_2,2024-05-02,68,7.1155047,27.82088279724121,14.772727966308594,16.882110595703125
20001_0310_2,2024-05-02,69,7.177953,27.864091873168945,14.982315063476562,17.12095832824707
20001_0310_2,2024-05-02,70,7.0789475,27.627689361572266,14.772727966308594,16.925474166870117
20001_0310_2,2024-05-02,71,6.9659333,27.28032493591309,14.788850784301758,16.843772888183594
20001_0310_2,2024-05-02,72,6.8522153,27.025341033935547,13.998872756958008,16.14565658569336
20001_0310_2,2024-05-02,73,6.5858254,26.82840156555176,14.224580764770508,16.327241897583008
20001_0310_2,2024-05-02,74,4.281406,26.192684173583984,13.547454833984377,15.952125549316406
20001_0310_2,2024-05-02,75,3.963605,25.861446380615234,13.80540657043457,15.668106079101562
20001_0310_2,2024-05-02,76,0.36206895,23.71573638916016,10.83895492553711,12.745899200439451
20001_0310_2,2024-05-03,1,4.030877,1.0417025089263916,0.0,0.0
20001_0310_2,2024-05-03,2,5.4461985,4.576722145080566,0.0,0.0
20001_0310_2,2024-05-03,3,17.062515,12.858295440673828,0.0,0.0
20001_0310_2,2024-05-03,4,18.54869,14.927048683166504,0.0,0.0
20001_0310_2,2024-05-03,5,18.627312,15.684619903564451,0.0,1.6123344898223877
20001_0310_2,2024-05-03,6,21.198341,17.82515525817871,0.6776555776596069,4.210741996765137
20001_0310_2,2024-05-03,7,23.329363,20.013507843017575,3.2540760040283203,7.009615421295166
20001_0310_2,2024-05-03,8,25.07016,22.16661834716797,4.20328426361084,8.736541748046875
20001_0310_2,2024-05-03,9,25.57442,22.47068214416504,5.4914960861206055,10.142045974731444
20001_0310_2,2024-05-03,10,26.54568,23.241050720214844,5.559295654296875,11.085878372192385
20001_0310_2,2024-05-03,11,26.808342,23.50570106506348,6.5763044357299805,12.494918823242188
20001_0310_2,2024-05-03,12,27.741102,24.029653549194336,7.254310607910156,13.822956085205078
20001_0310_2,2024-05-03,13,27.933733,24.23081970214844,9.186626434326172,15.66242218017578
20001_0310_2,2024-05-03,14,27.91327,24.588558197021484,9.72903060913086,16.241714477539062
20001_0310_2,2024-05-03,15,28.108736,24.869035720825195,10.440937042236328,17.257192611694336
20001_0310_2,2024-05-03,16,29.339073,26.559799194335938,11.898649215698242,19.24269294738769
20001_0310_2,2024-05-03,17,30.179407,26.979686737060547,12.542755126953123,20.225128173828125
20001_0310_2,2024-05-03,18,30.266003,27.32332992553711,13.017358779907228,20.33976554870605
20001_0310_2,2024-05-03,19,31.536186,29.572370529174805,14.508970260620115,22.09500503540039
20001_0310_2,2024-05-03,20,31.8904,29.719444274902344,15.424278259277344,22.856414794921875
20001_0310_2,2024-05-03,21,32.96359,31.16596984863281,16.98369026184082,24.799320220947266
20001_0310_2,2024-05-03,22,34.41599,30.02050399780273,16.780290603637695,24.30552101135254
20001_0310_2,2024-05-03,23,34.211403,30.12152671813965,17.237943649291992,25.11351776123047
20001_0310_2,2024-05-03,24,34.55496,30.750732421875,18.15325164794922,26.30695152282715
20001_0310_2,2024-05-03,25,33.668365,30.417463302612305,18.49225425720215,25.94405746459961
20001_0310_2,2024-05-03,26,34.081642,31.10061454772949,18.746505737304688,26.500080108642575
20001_0310_2,2024-05-03,27,34.338917,31.21687889099121,19.76351547241211,27.61487197875977
20001_0310_2,2024-05-03,28,34.99449,32.55681228637695,20.2042179107666,28.82493782043457
20001_0310_2,2024-05-03,29,35.366623,33.029056549072266,20.15336799621582,29.28837203979492
20001_0310_2,2024-05-03,30,35.65209,34.52275848388672,21.221227645874023,31.31654167175293
20001_0310_2,2024-05-03,31,35.132965,34.4538459777832,21.79753303527832,31.308372497558597
20001_0310_2,2024-05-03,32,35.323215,34.7032356262207,20.475419998168945,30.336584091186523
20001_0310_2,2024-05-03,33,31.367863,30.774518966674805,21.221227645874023,29.81928825378418
20001_0310_2,2024-05-03,34,30.709919,31.72612571716309,21.289026260375977,30.113279342651367
20001_0310_2,2024-05-03,35,31.082207,32.64167404174805,21.47547912597656,30.93041038513184
20001_0310_2,2024-05-03,36,30.921934,32.46792221069336,21.746681213378903,30.64002799987793
20001_0310_2,2024-05-03,37,30.459127,31.67352294921875,20.882225036621094,29.81991004943848
20001_0310_2,2024-05-03,38,30.471714,31.768156051635746,21.00087547302246,30.29792213439941
20001_0310_2,2024-05-03,39,30.380413,31.778823852539062,20.49237060546875,29.455537796020508
20001_0310_2,2024-05-03,40,16.570019,31.05484962463379,20.255067825317383,29.2314567565918
20001_0310_2,2024-05-03,41,16.197474,30.03682518005371,19.594013214111328,27.88186454772949
20001_0310_2,2024-05-03,42,16.241364,30.36955070495605,19.88216590881348,28.400754928588867
20001_0310_2,2024-05-03,43,16.509771,30.563087463378903,20.35677146911621,28.42355155944824
20001_0310_2,2024-05-03,44,16.685514,30.87820625305176,20.15336799621582,28.78620719909668
20001_0310_2,2024-05-03,45,15.332218,30.01733016967773,20.62797164916992,29.000547409057617
20001_0310_2,2024-05-03,46,15.086894,29.86408042907715,20.339818954467773,28.70054817199707
20001_0310_2,2024-05-03,47,15.650978,30.18276596069336,21.238176345825195,29.55523109436035
20001_0310_2,2024-05-03,48,15.6321125,30.15804672241211,20.560171127319336,29.43936538696289
20001_0310_2,2024-05-03,49,15.904585,30.58067321777344,20.96697425842285,30.099802017211918
20001_0310_2,2024-05-03,50,15.253478,30.24319076538086,20.509321212768555,29.334274291992188
20001_0310_2,2024-05-03,51,15.334607,30.73224830627441,21.08562469482422,29.96878433227539
20001_0310_2,2024-05-03,52,16.019602,31.13802146911621,21.407678604125977,30.41359138488769
20001_0310_2,2024-05-03,53,16.238873,31.040695190429688,21.407678604125977,30.154708862304688
20001_0310_2,2024-05-03,54,13.563441,29.96627426147461,21.272077560424805,28.5562744140625
20001_0310_2,2024-05-03,55,17.256268,33.509429931640625,21.899232864379883,31.52610206604004
20001_0310_2,2024-05-03,56,17.191662,33.24592590332031,22.229761123657227,31.39593315124512
20001_0310_2,2024-05-03,57,17.85828,33.729400634765625,22.35688591003418,31.729463577270508
20001_0310_2,2024-05-03,58,16.07615,33.443973541259766,21.51785469055176,30.480194091796875
20001_0310_2,2024-05-03,59,15.063244,32.604347229003906,21.70430564880371,30.10253143310547
20001_0310_2,2024-05-03,60,13.174369,32.381866455078125,21.24665260314941,29.335203170776367
20001_0310_2,2024-05-03,61,10.55333,30.987159729003903,20.61102294921875,28.08346366882324
20001_0310_2,2024-05-03,62,8.366631,30.42020606994629,20.797473907470703,28.47180938720703
20001_0310_2,2024-05-03,63,7.989589,29.93871116638184,19.76351547241211,27.236019134521484
20001_0310_2,2024-05-03,64,7.3919005,29.638872146606445,19.33976173400879,26.8779239654541
20001_0310_2,2024-05-03,65,7.2844205,29.36930274963379,19.627914428710938,26.66584205627441
20001_0310_2,2024-05-03,66,7.094317,28.69648742675781,18.93295669555664,26.26551055908203
20001_0310_2,2024-05-03,67,7.03451,28.64621925354004,18.40750312805176,25.57571220397949
20001_0310_2,2024-05-03,68,5.951378,27.82088279724121,18.03459930419922,25.104692459106445
20001_0310_2,2024-05-03,69,5.9144816,27.864091873168945,18.068500518798828,25.221529006958008
20001_0310_2,2024-05-03,70,5.749563,27.627689361572266,17.712547302246094,24.523141860961918
20001_0310_2,2024-05-03,71,5.5383263,27.28032493591309,17.7294979095459,24.43252182006836
20001_0310_2,2024-05-03,72,5.4694166,27.025341033935547,17.47524642944336,23.637714385986328
20001_0310_2,2024-05-03,73,5.182701,26.82840156555176,16.33958625793457,22.943660736083984
20001_0310_2,2024-05-03,74,3.4797442,26.192684173583984,15.932783126831056,22.33080101013184
20001_0310_2,2024-05-03,75,2.9087534,25.861446380615234,16.271785736083984,22.146562576293945
20001_0310_2,2024-05-03,76,0.14035088,23.71573638916016,14.203868865966797,19.91647148132324
20001_0310_2,2024-05-04,1,3.3572974,1.2430121898651123,0.0,0.0
20001_0310_2,2024-05-04,2,5.1899614,5.49270486831665,0.0,0.0
20001_0310_2,2024-05-04,3,15.514285,10.7034273147583,0.0,1.7400411367416382
20001_0310_2,2024-05-04,4,19.15562,12.060948371887209,1.0561753511428833,4.216478824615479
20001_0310_2,2024-05-04,5,19.710005,12.945600509643556,3.0212271213531494,6.319334030151367
20001_0310_2,2024-05-04,6,21.543743,15.016389846801758,5.19681978225708,8.824294090270996
20001_0310_2,2024-05-04,7,22.189274,16.2313289642334,5.337180614471436,9.848387718200684
20001_0310_2,2024-05-04,8,23.837824,18.869850158691406,6.881150245666504,11.7778902053833
20001_0310_2,2024-05-04,9,23.822021,18.911510467529297,8.600569725036621,13.78402614593506
20001_0310_2,2024-05-04,10,24.242172,19.614625930786133,9.548006057739258,15.13025951385498
20001_0310_2,2024-05-04,11,24.426878,19.77874565124512,10.179630279541016,16.037071228027344
20001_0310_2,2024-05-04,12,26.778463,20.369518280029297,10.530532836914062,16.485685348510742
20001_0310_2,2024-05-04,13,26.977924,20.4697380065918,12.425403594970703,18.478071212768555
20001_0310_2,2024-05-04,14,27.411613,20.57149124145508,13.302659034729004,19.517127990722656
20001_0310_2,2024-05-04,15,27.50037,20.62781143188477,13.934283256530762,20.27577209472656
20001_0310_2,2024-05-04,16,29.362629,22.02509117126465,14.811537742614746,21.201765060424805
20001_0310_2,2024-05-04,17,29.632898,22.209590911865234,15.513341903686523,21.558713912963867
20001_0310_2,2024-05-04,18,29.644146,22.24139213562012,15.969515800476074,21.982568740844727
20001_0310_2,2024-05-04,19,31.337042,24.09101104736328,17.162580490112305,22.83609390258789
20001_0310_2,2024-05-04,20,30.618986,23.686511993408203,17.671388626098633,22.97000312805176
20001_0310_2,2024-05-04,21,31.163788,24.66843032836914,18.26792335510254,23.321855545043945
20001_0310_2,2024-05-04,22,31.278624,25.080326080322266,18.776729583740234,23.993309020996094
20001_0310_2,2024-05-04,23,31.367006,25.06695938110352,19.425899505615234,24.628610610961918
20001_0310_2,2024-05-04,24,32.38639,25.882762908935547,19.706621170043945,24.52692413330078
20001_0310_2,2024-05-04,25,31.716833,25.737171173095703,20.496150970458984,24.7283935546875
20001_0310_2,2024-05-04,26,32.45465,26.80862808227539,20.44351577758789,25.126014709472656
20001_0310_2,2024-05-04,27,32.144283,26.771825790405277,21.78571510314941,25.97394752502441
20001_0310_2,2024-05-04,28,33.224537,28.75693893432617,21.07513999938965,25.44809913635254
20001_0310_2,2024-05-04,29,33.334835,28.905710220336918,21.17163848876953,25.39533042907715
20001_0310_2,2024-05-04,30,34.227615,30.79349899291992,21.91730308532715,26.694002151489254
20001_0310_2,2024-05-04,31,33.536934,30.4113883972168,21.57517433166504,25.97836303710937
20001_0310_2,2024-05-04,32,33.7061,31.12604713439941,20.52246856689453,25.05631828308105
20001_0310_2,2024-05-04,33,30.467352,28.74640464782715,21.013731002807617,24.795040130615234
20001_0310_2,2024-05-04,34,31.742382,29.90458106994629,20.250518798828125,24.401376724243164
20001_0310_2,2024-05-04,35,32.655933,31.329965591430664,19.52239799499512,23.61067771911621
20001_0310_2,2024-05-04,36,31.719193,31.029220581054688,19.706621170043945,23.391843795776367
20001_0310_2,2024-05-04,37,30.895937,30.23079490661621,19.32062721252441,22.55624008178711
20001_0310_2,2024-05-04,38,30.726767,30.11663246154785,18.33810234069824,21.617504119873047
20001_0310_2,2024-05-04,39,30.83729,29.819828033447266,17.934566497802734,20.94648742675781
20001_0310_2,2024-05-04,40,15.0926695,29.303333282470703,17.302942276000977,20.40361785888672
20001_0310_2,2024-05-04,41,13.664758,28.131494522094727,16.53095817565918,19.339399337768555
20001_0310_2,2024-05-04,42,14.005557,28.346893310546875,16.039695739746094,18.911163330078125
20001_0310_2,2024-05-04,43,14.023526,28.535076141357425,16.4432315826416,19.31255149841309
20001_0310_2,2024-05-04,44,13.873343,28.76263427734375,16.14496612548828,19.318546295166016
20001_0310_2,2024-05-04,45,13.387486,28.17671585083008,16.390596389770508,19.037094116210938
20001_0310_2,2024-05-04,46,13.52833,27.875600814819336,16.057239532470703,18.709793090820312
20001_0310_2,2024-05-04,47,13.899698,28.19883346557617,16.513412475585938,19.05491065979004
20001_0310_2,2024-05-04,48,14.258271,28.23032760620117,16.180055618286133,18.58748817443848
20001_0310_2,2024-05-04,49,14.660927,28.21905899047852,16.250234603881836,18.278230667114254
20001_0310_2,2024-05-04,50,13.740647,27.390172958374023,16.26778221130371,18.19044685363769
20001_0310_2,2024-05-04,51,15.098192,27.93927001953125,15.75897216796875,17.260936737060547
20001_0310_2,2024-05-04,52,15.55926,28.38115882873535,16.58359146118164,17.96520233154297
20001_0310_2,2024-05-04,53,15.343985,28.32761573791504,16.14496612548828,17.437896728515625
20001_0310_2,2024-05-04,54,13.104831,26.028270721435547,16.180055618286133,17.21993064880371
20001_0310_2,2024-05-04,55,16.975122,30.08829116821289,15.601067543029783,17.846500396728516
20001_0310_2,2024-05-04,56,15.966919,29.67669677734375,15.636157035827637,17.565038681030273
20001_0310_2,2024-05-04,57,16.102055,29.97320556640625,15.144895553588867,17.346031188964844
20001_0310_2,2024-05-04,58,14.084088,28.076122283935547,14.916808128356934,17.00288200378418
20001_0310_2,2024-05-04,59,12.993457,26.98455238342285,14.758901596069336,16.36102867126465
20001_0310_2,2024-05-04,60,10.160001,25.22390556335449,14.425544738769531,16.038591384887695
20001_0310_2,2024-05-04,61,8.639272,23.721826553344727,14.109733581542969,15.7579984664917
20001_0310_2,2024-05-04,62,7.7007256,23.00668716430664,13.443018913269045,15.008397102355955
20001_0310_2,2024-05-04,63,7.05092,22.495441436767575,13.05702781677246,14.572100639343262
20001_0310_2,2024-05-04,64,6.408725,22.13409996032715,12.49558448791504,14.523699760437012
20001_0310_2,2024-05-04,65,6.3207088,21.932891845703125,13.021937370300291,14.497855186462402
20001_0310_2,2024-05-04,66,5.7253275,21.536212921142575,13.021937370300291,15.023197174072266
20001_0310_2,2024-05-04,67,5.5857944,21.64546775817871,13.092117309570312,15.274622917175291
20001_0310_2,2024-05-04,68,4.8555565,21.25713348388672,13.12720775604248,15.49513339996338
20001_0310_2,2024-05-04,69,4.8015027,21.28620338439941,11.723600387573242,14.268028259277344
20001_0310_2,2024-05-04,70,4.588211,21.16840362548828,11.793779373168944,14.553411483764648
20001_0310_2,2024-05-04,71,4.615238,20.893142700195312,12.600854873657228,15.48973560333252
20001_0310_2,2024-05-04,72,4.612008,20.60910415649414,11.828869819641112,14.737876892089844
20001_0310_2,2024-05-04,73,4.601948,20.445772171020508,7.898766040802002,11.231770515441896
20001_0310_2,2024-05-04,74,3.016571,19.798633575439453,7.968946933746338,11.477712631225586
20001_0310_2,2024-05-04,75,2.97835,19.545743942260746,10.42526149749756,13.64655876159668
20001_0310_2,2024-05-04,76,0.027027028,17.381542205810547,10.98670482635498,14.758745193481444
20001_0310_2,2024-05-05,1,0.76666665,0.9069584608078004,0.0,0.1238355636596679
20001_0310_2,2024-05-05,2,4.0333333,5.322512626647949,1.6026077270507812,4.043486595153809
20001_0310_2,2024-05-05,3,8.12807,9.428565979003906,6.007915019989014,10.107873916625977
20001_0310_2,2024-05-05,4,9.718769,11.127596855163574,8.119548797607422,12.908695220947266
20001_0310_2,2024-05-05,5,10.163448,12.10594081878662,10.085554122924805,15.63557243347168
20001_0310_2,2024-05-05,6,10.908448,13.434297561645508,12.925338745117188,18.91655540466309
20001_0310_2,2024-05-05,7,11.508449,13.707160949707031,14.345230102539062,20.796232223510746
20001_0310_2,2024-05-05,8,14.3038025,16.25973892211914,15.61949348449707,22.43161964416504
20001_0310_2,2024-05-05,9,14.170719,16.365604400634766,17.36705207824707,24.02059555053711
20001_0310_2,2024-05-05,10,14.291255,17.092849731445312,18.56850242614746,25.06235885620117
20001_0310_2,2024-05-05,11,14.376552,17.29190444946289,20.20683860778809,26.490873336791992
20001_0310_2,2024-05-05,12,15.323678,17.949064254760742,20.7347469329834,26.711294174194336
20001_0310_2,2024-05-05,13,16.323677,17.99781036376953,21.572120666503903,26.93766593933105
20001_0310_2,2024-05-05,14,17.02761,18.11787223815918,22.58925437927246,27.678306579589844
20001_0310_2,2024-05-05,15,16.98551,18.158737182617188,22.573326110839844,27.45600891113281
20001_0310_2,2024-05-05,16,18.400103,19.69154930114746,23.858964920043945,28.46989631652832
20001_0310_2,2024-05-05,17,18.400103,19.802101135253903,24.52340316772461,28.98736953735352
20001_0310_2,2024-05-05,18,18.400103,19.874786376953125,24.78963279724121,29.12607192993164
20001_0310_2,2024-05-05,19,19.176905,20.727842330932617,25.67820167541504,29.60749053955078
20001_0310_2,2024-05-05,20,19.210238,20.180234909057617,26.714679718017575,30.42003631591797
20001_0310_2,2024-05-05,21,19.621761,20.49832344055176,26.94677734375,30.826086044311523
20001_0310_2,2024-05-05,22,19.505297,20.8702392578125,27.142467498779297,30.68668365478516
20001_0310_2,2024-05-05,23,20.08186,21.368579864501957,27.797801971435547,31.231225967407227
20001_0310_2,2024-05-05,24,20.668907,22.208349227905277,28.089061737060547,31.499595642089844
20001_0310_2,2024-05-05,25,20.841425,21.98046875,28.357566833496094,31.517187118530277
20001_0310_2,2024-05-05,26,21.606173,22.68833351135254,27.438278198242188,30.50628471374512
20001_0310_2,2024-05-05,27,21.613028,22.72761344909668,27.92977905273437,30.414480209350582
20001_0310_2,2024-05-05,28,23.33313,24.191150665283203,27.38821792602539,29.8330192565918
20001_0310_2,2024-05-05,29,23.766,24.524280548095703,27.278995513916016,29.602615356445312
20001_0310_2,2024-05-05,30,25.756477,26.63298988342285,26.66461753845215,29.27034950256348
20001_0310_2,2024-05-05,31,25.691593,26.728084564208984,25.922815322875977,27.864826202392575
20001_0310_2,2024-05-05,32,26.17932,27.38374710083008,24.76659393310547,26.63656044006348
20001_0310_2,2024-05-05,33,27.12696,24.7305850982666,24.41133689880371,26.395980834960938
20001_0310_2,2024-05-05,34,26.950941,25.16924476623535,23.772497177124023,25.421905517578125
20001_0310_2,2024-05-05,35,27.848381,26.26351928710937,23.16949844360352,24.357391357421875
20001_0310_2,2024-05-05,36,27.655668,26.225378036499023,22.282066345214844,23.46940422058105
20001_0310_2,2024-05-05,37,26.459578,25.9570426940918,21.82697296142578,22.59858703613281
20001_0310_2,2024-05-05,38,26.601831,25.971267700195312,20.13402366638184,20.650955200195312
20001_0310_2,2024-05-05,39,26.712343,25.29994010925293,19.80635643005371,19.78962516784668
20001_0310_2,2024-05-05,40,26.37067,25.028854370117188,18.62311172485352,18.57806205749512
20001_0310_2,2024-05-05,41,25.766485,24.20278549194336,16.875553131103516,16.32704734802246
20001_0310_2,2024-05-05,42,26.184034,24.56062889099121,16.18381118774414,15.813535690307615
20001_0310_2,2024-05-05,43,26.617369,24.76663589477539,16.202014923095703,15.912811279296877
20001_0310_2,2024-05-05,44,26.617369,24.795015335083008,16.256624221801758,16.257015228271484
20001_0310_2,2024-05-05,45,24.673544,24.024999618530277,15.47386360168457,14.994148254394531
20001_0310_2,2024-05-05,46,24.04349,23.762592315673828,15.728715896606444,15.382814407348633
20001_0310_2,2024-05-05,47,24.002834,23.943124771118164,16.092790603637695,15.684494018554688
20001_0310_2,2024-05-05,48,23.943352,23.950489044189453,15.98356819152832,15.50639533996582
20001_0310_2,2024-05-05,49,23.356354,23.86800193786621,16.165607452392578,15.840150833129885
20001_0310_2,2024-05-05,50,22.318642,22.820667266845703,16.675312042236328,16.175813674926758
20001_0310_2,2024-05-05,51,22.685308,23.03988647460937,16.092790603637695,15.322240829467772
20001_0310_2,2024-05-05,52,22.439734,22.972003936767575,15.874345779418944,14.817564010620115
20001_0310_2,2024-05-05,53,22.268139,22.778369903564453,15.273622512817385,14.143720626831056
20001_0310_2,2024-05-05,54,20.746637,20.357295989990234,15.291826248168944,13.952102661132812
20001_0310_2,2024-05-05,55,23.94886,26.08480834960937,14.23600959777832,13.90182876586914
20001_0310_2,2024-05-05,56,22.812296,24.996612548828125,13.689895629882812,12.913867950439451
20001_0310_2,2024-05-05,57,22.759682,25.01205444335937,12.524856567382812,12.096843719482422
20001_0310_2,2024-05-05,58,21.69634,23.89315795898437,10.886518478393556,10.983980178833008
20001_0310_2,2024-05-05,59,21.339851,23.17011070251465,10.959333419799805,10.57870101928711
20001_0310_2,2024-05-05,60,20.21595,22.10843276977539,10.303998947143556,9.82186508178711
20001_0310_2,2024-05-05,61,18.90638,20.58197593688965,9.794294357299805,9.70866584777832
20001_0310_2,2024-05-05,62,18.315516,19.94412612915039,8.010326385498047,8.212066650390625
20001_0310_2,2024-05-05,63,17.926104,19.44808387756348,7.027324199676514,7.38329553604126
20001_0310_2,2024-05-05,64,17.763834,19.00782012939453,6.699656963348389,7.357438087463379
20001_0310_2,2024-05-05,65,17.563135,18.790903091430664,7.209362506866455,7.476171970367432
20001_0310_2,2024-05-05,66,17.310444,18.564697265625,6.663249969482422,7.100209712982178
20001_0310_2,2024-05-05,67,17.310444,18.46684837341309,6.5540266036987305,7.273643970489502
20001_0310_2,2024-05-05,68,16.845293,17.806318283081055,7.245769500732422,7.768867015838623
20001_0310_2,2024-05-05,69,16.803127,17.918176651000977,6.3719892501831055,6.925907135009766
20001_0310_2,2024-05-05,70,16.717253,17.698970794677734,6.918102264404297,7.417226314544678
20001_0310_2,2024-05-05,71,16.664614,17.323429107666016,7.937512397766113,8.559883117675781
20001_0310_2,2024-05-05,72,16.507143,17.01854133605957,8.155956268310547,8.217120170593262
20001_0310_2,2024-05-05,73,16.442205,16.846450805664062,7.209361553192139,6.928426742553711
20001_0310_2,2024-05-05,74,16.068653,16.370479583740234,7.02732515335083,6.886936187744141
20001_0310_2,2024-05-05,75,15.850254,16.054967880249023,8.95692253112793,9.237060546875
20001_0310_2,2024-05-05,76,15.031386,14.833979606628418,8.629254341125488,8.790079116821289
20001_0310_2,2024-05-06,1,0.87931037,1.0417025089263916,12.996686935424805,13.483251571655272
20001_0310_2,2024-05-06,2,3.7873564,4.576722145080566,13.693660736083984,14.504207611083984
20001_0310_2,2024-05-06,3,12.055381,12.858295440673828,15.967998504638672,16.481971740722656
20001_0310_2,2024-05-06,4,14.547445,14.927048683166504,16.811702728271484,17.373403549194336
20001_0310_2,2024-05-06,5,15.279676,15.684619903564451,14.849170684814451,16.81153106689453
20001_0310_2,2024-05-06,6,17.99745,17.82515525817871,16.444873809814453,18.12987518310547
20001_0310_2,2024-05-06,7,20.64759,20.013507843017575,18.20565223693848,19.45821762084961
20001_0310_2,2024-05-06,8,22.325401,22.16661834716797,18.42574882507324,19.9318904876709
20001_0310_2,2024-05-06,9,22.805553,22.47068214416504,19.06769752502441,20.578880310058597
20001_0310_2,2024-05-06,10,23.47473,23.241050720214844,20.030622482299805,21.40488624572754
20001_0310_2,2024-05-06,11,23.762407,23.50570106506348,20.59920692443848,21.975154876708984
20001_0310_2,2024-05-06,12,24.377499,24.029653549194336,21.057741165161133,22.28503799438477
20001_0310_2,2024-05-06,13,24.683653,24.23081970214844,21.759302139282227,22.937963485717773
20001_0310_2,2024-05-06,14,25.14507,24.588558197021484,21.919788360595703,23.229251861572266
20001_0310_2,2024-05-06,15,25.422766,24.869035720825195,22.323299407958984,23.74411964416504
20001_0310_2,2024-05-06,16,26.992607,26.559799194335938,22.96524810791016,24.45657157897949
20001_0310_2,2024-05-06,17,27.335474,26.979686737060547,23.24037170410156,24.830785751342773
20001_0310_2,2024-05-06,18,27.481718,27.32332992553711,23.44900321960449,25.06155776977539
20001_0310_2,2024-05-06,19,29.160215,29.572370529174805,24.02217483520508,25.42283821105957
20001_0310_2,2024-05-06,20,29.890572,29.719444274902344,24.232240676879883,25.566612243652344
20001_0310_2,2024-05-06,21,31.28225,31.16596984863281,24.962745666503903,26.60611343383789
20001_0310_2,2024-05-06,22,30.492054,30.02050399780273,24.787355422973636,26.45085906982422
20001_0310_2,2024-05-06,23,30.286541,30.12152671813965,25.21665954589844,26.74518775939941
20001_0310_2,2024-05-06,24,30.997984,30.750732421875,25.436756134033203,27.138595581054688
20001_0310_2,2024-05-06,25,30.490921,30.417463302612305,25.82651138305664,27.63307380676269
20001_0310_2,2024-05-06,26,31.15376,31.10061454772949,25.704998016357425,27.604103088378903
20001_0310_2,2024-05-06,27,31.342003,31.21687889099121,25.739389419555664,27.38715362548828
20001_0310_2,2024-05-06,28,32.966892,32.55681228637695,25.842559814453125,27.923768997192383
20001_0310_2,2024-05-06,29,33.249607,33.029056549072266,25.96636390686035,28.14970016479492
20001_0310_2,2024-05-06,30,34.33584,34.52275848388672,26.342363357543945,28.646852493286133
20001_0310_2,2024-05-06,31,34.2955,34.4538459777832,26.40885162353516,28.51847648620605
20001_0310_2,2024-05-06,32,33.660233,34.7032356262207,25.82651138305664,28.452713012695312
20001_0310_2,2024-05-06,33,33.844368,30.774518966674805,26.0030460357666,28.46025848388672
20001_0310_2,2024-05-06,34,33.989185,31.72612571716309,26.450119018554688,28.88553237915039
20001_0310_2,2024-05-06,35,34.47098,32.64167404174805,25.998462677001957,28.4739990234375
20001_0310_2,2024-05-06,36,34.515896,32.46792221069336,25.76690101623535,28.260854721069336
20001_0310_2,2024-05-06,37,33.843037,31.67352294921875,25.92853355407715,27.948888778686523
20001_0310_2,2024-05-06,38,34.31219,31.768156051635746,25.551389694213867,27.778644561767575
20001_0310_2,2024-05-06,39,35.011444,31.778823852539062,25.3997859954834,27.75739288330078
20001_0310_2,2024-05-06,40,35.118896,31.05484962463379,23.87314796447754,26.527774810791016
20001_0310_2,2024-05-06,41,34.405884,30.03682518005371,22.713054656982425,25.47522735595703
20001_0310_2,2024-05-06,42,34.670967,30.36955070495605,22.089445114135746,25.03485107421875
20001_0310_2,2024-05-06,43,34.833504,30.563087463378903,23.289663314819336,26.28546905517578
20001_0310_2,2024-05-06,44,35.419712,30.87820625305176,23.38652992248535,26.56865501403809
20001_0310_2,2024-05-06,45,34.142895,30.01733016967773,23.559053421020508,26.805330276489254
20001_0310_2,2024-05-06,46,33.640297,29.86408042907715,23.557907104492188,26.84391212463379
20001_0310_2,2024-05-06,47,34.18786,30.18276596069336,23.50632095336914,26.7822265625
20001_0310_2,2024-05-06,48,34.050045,30.15804672241211,23.9969539642334,27.28249931335449
20001_0310_2,2024-05-06,49,34.419144,30.58067321777344,24.230806350708008,27.51679229736328
20001_0310_2,2024-05-06,50,34.05579,30.24319076538086,24.368370056152344,27.75819969177246
20001_0310_2,2024-05-06,51,33.95558,30.73224830627441,23.847930908203125,27.230377197265625
20001_0310_2,2024-05-06,52,34.93894,31.13802146911621,24.23080825805664,27.833589553833008
20001_0310_2,2024-05-06,53,34.853035,31.040695190429688,23.99695205688477,27.59252166748047
20001_0310_2,2024-05-06,54,33.79705,29.96627426147461,23.2856502532959,27.0317497253418
20001_0310_2,2024-05-06,55,36.93763,33.509429931640625,23.1841983795166,27.44156646728516
20001_0310_2,2024-05-06,56,36.73608,33.24592590332031,22.47920227050781,26.679893493652344
20001_0310_2,2024-05-06,57,37.40685,33.729400634765625,22.050472259521484,26.69410514831543
20001_0310_2,2024-05-06,58,37.736523,33.443973541259766,21.26866912841797,25.945579528808597
20001_0310_2,2024-05-06,59,37.024956,32.604347229003906,21.08525276184082,25.414928436279297
20001_0310_2,2024-05-06,60,36.754173,32.381866455078125,20.65423011779785,25.013671875
20001_0310_2,2024-05-06,61,35.27684,30.987159729003903,20.562524795532227,24.611549377441406
20001_0310_2,2024-05-06,62,35.094955,30.42020606994629,19.75550079345703,23.727174758911133
20001_0310_2,2024-05-06,63,34.5729,29.93871116638184,19.599597930908203,23.78219985961914
20001_0310_2,2024-05-06,64,34.137703,29.638872146606445,18.315698623657227,22.07476806640625
20001_0310_2,2024-05-06,65,33.829334,29.36930274963379,17.23355484008789,19.87273406982422
20001_0310_2,2024-05-06,66,33.558342,28.69648742675781,17.178529739379883,20.26739501953125
20001_0310_2,2024-05-06,67,33.456078,28.64621925354004,18.462432861328125,22.649906158447266
20001_0310_2,2024-05-06,68,32.49979,27.82088279724121,17.2885799407959,21.27820587158203
20001_0310_2,2024-05-06,69,32.607956,27.864091873168945,16.408191680908203,20.932130813598636
20001_0310_2,2024-05-06,70,32.350014,27.627689361572266,17.343605041503906,21.74178504943848
20001_0310_2,2024-05-06,71,31.959173,27.28032493591309,17.343605041503906,21.685253143310547
20001_0310_2,2024-05-06,72,31.785936,27.025341033935547,17.82048225402832,21.92692756652832
20001_0310_2,2024-05-06,73,31.669615,26.82840156555176,17.655406951904297,21.714693069458008
20001_0310_2,2024-05-06,74,31.02288,26.192684173583984,17.380287170410156,21.54268264770508
20001_0310_2,2024-05-06,75,30.538713,25.861446380615234,18.09560203552246,22.096954345703125
20001_0310_2,2024-05-06,76,27.863289,23.71573638916016,18.077260971069336,22.287029266357425
20001_0310_2,2024-05-07,1,0.36206895,1.0417025089263916,24.708702087402344,23.835573196411133
20001_0310_2,2024-05-07,2,1.8908045,4.576722145080566,24.32331085205078,23.125656127929688
20001_0310_2,2024-05-07,3,11.901888,12.858295440673828,25.47832489013672,23.68779945373535
20001_0310_2,2024-05-07,4,13.793603,14.927048683166504,25.718650817871094,23.55733871459961
20001_0310_2,2024-05-07,5,14.188527,15.684619903564451,24.124971389770508,22.26947593688965
20001_0310_2,2024-05-07,6,16.304405,17.82515525817871,25.121021270751957,23.017032623291016
20001_0310_2,2024-05-07,7,19.031517,20.013507843017575,25.96882057189941,23.66561508178711
20001_0310_2,2024-05-07,8,20.514177,22.16661834716797,26.418201446533203,24.00057983398437
20001_0310_2,2024-05-07,9,20.744244,22.47068214416504,26.35334014892578,24.071208953857425
20001_0310_2,2024-05-07,10,21.99277,23.241050720214844,26.890745162963867,24.533004760742188
20001_0310_2,2024-05-07,11,22.334805,23.50570106506348,28.25625991821289,25.498336791992188
20001_0310_2,2024-05-07,12,23.286793,24.029653549194336,28.6234073638916,25.824535369873047
20001_0310_2,2024-05-07,13,23.427668,24.23081970214844,28.66162872314453,25.996950149536133
20001_0310_2,2024-05-07,14,23.460094,24.588558197021484,29.09189796447754,26.437379837036133
20001_0310_2,2024-05-07,15,23.746803,24.869035720825195,29.58413314819336,26.73309135437012
20001_0310_2,2024-05-07,16,24.972364,26.559799194335938,30.462623596191406,27.63164710998535
20001_0310_2,2024-05-07,17,25.166641,26.979686737060547,30.708162307739254,27.660310745239254
20001_0310_2,2024-05-07,18,25.44467,27.32332992553711,31.06025505065918,27.949880599975582
20001_0310_2,2024-05-07,19,27.325317,29.572370529174805,31.792234420776367,28.923397064208984
20001_0310_2,2024-05-07,20,27.953997,29.719444274902344,32.25551223754883,29.266965866088867
20001_0310_2,2024-05-07,21,28.904982,31.16596984863281,32.514949798583984,29.805702209472656
20001_0310_2,2024-05-07,22,28.263811,30.02050399780273,32.3759651184082,29.69010353088379
20001_0310_2,2024-05-07,23,27.914902,30.12152671813965,33.00602340698242,30.26236343383789
20001_0310_2,2024-05-07,24,28.194809,30.750732421875,33.48783493041992,30.76704788208008
20001_0310_2,2024-05-07,25,27.825514,30.417463302612305,33.48783493041992,30.807279586791992
20001_0310_2,2024-05-07,26,28.298618,31.10061454772949,33.65461349487305,31.0214958190918
20001_0310_2,2024-05-07,27,28.27546,31.21687889099121,34.04376983642578,31.57099914550781
20001_0310_2,2024-05-07,28,29.572313,32.55681228637695,34.340267181396484,32.114532470703125
20001_0310_2,2024-05-07,29,29.97591,33.029056549072266,34.284671783447266,32.03058624267578
20001_0310_2,2024-05-07,30,31.012104,34.52275848388672,34.766483306884766,32.646095275878906
20001_0310_2,2024-05-07,31,30.89684,34.4538459777832,34.525577545166016,32.53017807006836
20001_0310_2,2024-05-07,32,30.904278,34.7032356262207,34.266143798828125,32.42289352416992
20001_0310_2,2024-05-07,33,31.171734,30.774518966674805,33.82139205932617,31.50264549255371
20001_0310_2,2024-05-07,34,32.176556,31.72612571716309,34.15495681762695,31.71934700012207
20001_0310_2,2024-05-07,35,33.25848,32.64167404174805,34.46998596191406,32.07492446899414
20001_0310_2,2024-05-07,36,33.27731,32.46792221069336,34.1920166015625,31.951169967651367
20001_0310_2,2024-05-07,37,32.5475,31.67352294921875,33.80286407470703,31.3181266784668
20001_0310_2,2024-05-07,38,32.87468,31.768156051635746,33.54343032836914,31.14758682250977
20001_0310_2,2024-05-07,39,33.121014,31.778823852539062,33.65461730957031,31.07158660888672
20001_0310_2,2024-05-07,40,32.34161,31.05484962463379,33.154273986816406,30.6039981842041
20001_0310_2,2024-05-07,41,31.457027,30.03682518005371,32.93190002441406,30.07416534423828
20001_0310_2,2024-05-07,42,31.60238,30.36955070495605,32.76512145996094,30.27680015563965
20001_0310_2,2024-05-07,43,31.728165,30.563087463378903,33.4322395324707,31.00479507446289
20001_0310_2,2024-05-07,44,32.21536,30.87820625305176,33.19133377075195,31.06561851501465
20001_0310_2,2024-05-07,45,31.29615,30.01733016967773,33.17280578613281,30.75186920166016
20001_0310_2,2024-05-07,46,31.169048,29.86408042907715,32.70952606201172,30.44319725036621
20001_0310_2,2024-05-07,47,31.55512,30.18276596069336,33.19133377075195,30.9339599609375
20001_0310_2,2024-05-07,48,31.76371,30.15804672241211,33.8955192565918,31.58091926574707
20001_0310_2,2024-05-07,49,32.40824,30.58067321777344,34.30320358276367,31.99909782409668
20001_0310_2,2024-05-07,50,31.921635,30.24319076538086,34.080833435058594,31.82238006591797
20001_0310_2,2024-05-07,51,32.127514,30.73224830627441,34.284671783447266,32.168060302734375
20001_0310_2,2024-05-07,52,33.24794,31.13802146911621,34.39585876464844,32.54350280761719
20001_0310_2,2024-05-07,53,33.760735,31.040695190429688,34.48851776123047,32.24077224731445
20001_0310_2,2024-05-07,54,31.617565,29.96627426147461,34.22908020019531,31.714513778686523
20001_0310_2,2024-05-07,55,34.279015,33.509429931640625,34.54410934448242,33.18879699707031
20001_0310_2,2024-05-07,56,34.854584,33.24592590332031,34.39585876464844,32.87082290649414
20001_0310_2,2024-05-07,57,35.563923,33.729400634765625,34.17348861694336,33.03008270263672
20001_0310_2,2024-05-07,58,35.34867,33.443973541259766,33.8955192565918,32.68169021606445
20001_0310_2,2024-05-07,59,34.51145,32.604347229003906,33.765804290771484,31.97533226013184
20001_0310_2,2024-05-07,60,34.33135,32.381866455078125,33.11721420288086,31.274999618530277
20001_0310_2,2024-05-07,61,32.82953,30.987159729003903,32.487152099609375,30.568756103515625
20001_0310_2,2024-05-07,62,31.615377,30.42020606994629,32.097999572753906,30.30120086669922
20001_0310_2,2024-05-07,63,31.228937,29.93871116638184,31.227035522460938,29.710756301879883
20001_0310_2,2024-05-07,64,30.759567,29.638872146606445,30.485788345336918,28.68218421936035
20001_0310_2,2024-05-07,65,30.65175,29.36930274963379,29.21640396118164,26.85652732849121
20001_0310_2,2024-05-07,66,30.616339,28.69648742675781,29.14228057861328,26.942556381225582
20001_0310_2,2024-05-07,67,30.430914,28.64621925354004,28.95697021484375,27.21635627746582
20001_0310_2,2024-05-07,68,29.260998,27.82088279724121,27.92848777770996,26.395282745361328
20001_0310_2,2024-05-07,69,29.329962,27.864091873168945,26.62146377563477,25.74757575988769
20001_0310_2,2024-05-07,70,29.018116,27.627689361572266,26.23173141479492,25.688289642333984
20001_0310_2,2024-05-07,71,28.44108,27.28032493591309,26.725122451782227,25.826169967651367
20001_0310_2,2024-05-07,72,27.826319,27.025341033935547,25.86689758300781,24.854398727416992
20001_0310_2,2024-05-07,73,27.663233,26.82840156555176,24.146976470947266,23.169443130493164
20001_0310_2,2024-05-07,74,27.032152,26.192684173583984,23.23084259033203,22.3945426940918
20001_0310_2,2024-05-07,75,26.908695,25.861446380615234,23.105756759643555,21.91726303100586
20001_0310_2,2024-05-07,76,25.042562,23.71573638916016,21.48891258239746,19.90192031860352
20001_0310_2,2024-05-08,1,0.54385966,1.0417025089263916,18.006141662597656,17.167442321777344
20001_0310_2,2024-05-08,2,1.9920635,4.576722145080566,19.84864044189453,19.48318099975586
20001_0310_2,2024-05-08,3,10.8868,12.858295440673828,23.25912857055664,22.79616928100586
20001_0310_2,2024-05-08,4,13.409439,14.927048683166504,23.30565643310547,22.8572998046875
20001_0310_2,2024-05-08,5,14.65606,15.684619903564451,23.294021606445312,23.318408966064453
20001_0310_2,2024-05-08,6,17.206232,17.82515525817871,24.699161529541016,24.82242584228516
20001_0310_2,2024-05-08,7,19.609066,20.013507843017575,26.00891876220703,25.52750396728516
20001_0310_2,2024-05-08,8,21.929998,22.16661834716797,27.409400939941406,27.27804183959961
20001_0310_2,2024-05-08,9,22.167484,22.47068214416504,27.1348876953125,27.110191345214844
20001_0310_2,2024-05-08,10,22.948292,23.241050720214844,27.34775161743164,27.512710571289062
20001_0310_2,2024-05-08,11,23.442513,23.50570106506348,27.5815544128418,27.942523956298828
20001_0310_2,2024-05-08,12,24.230743,24.029653549194336,28.25620651245117,28.632137298583984
20001_0310_2,2024-05-08,13,24.51304,24.23081970214844,28.307388305664062,28.865318298339844
20001_0310_2,2024-05-08,14,24.746397,24.588558197021484,28.167804718017575,28.588809967041016
20001_0310_2,2024-05-08,15,24.935333,24.869035720825195,28.660999298095703,28.905277252197266
20001_0310_2,2024-05-08,16,25.83119,26.559799194335938,29.284469604492188,29.833660125732425
20001_0310_2,2024-05-08,17,26.107626,26.979686737060547,29.21002578735352,29.671947479248047
20001_0310_2,2024-05-08,18,26.52625,27.32332992553711,29.424053192138672,29.871257781982425
20001_0310_2,2024-05-08,19,29.233131,29.572370529174805,30.23363494873047,31.09322738647461
20001_0310_2,2024-05-08,20,30.142963,29.719444274902344,30.550025939941406,31.3551025390625
20001_0310_2,2024-05-08,21,31.254496,31.16596984863281,30.550025939941406,31.699127197265625
20001_0310_2,2024-05-08,22,30.316435,30.02050399780273,29.87071990966797,31.040546417236328
20001_0310_2,2024-05-08,23,30.138966,30.12152671813965,29.80558013916016,30.984844207763672
20001_0310_2,2024-05-08,24,30.45159,30.750732421875,30.33599853515625,31.74907684326172
20001_0310_2,2024-05-08,25,29.841068,30.417463302612305,30.75474548339844,32.0080451965332
20001_0310_2,2024-05-08,26,30.237469,31.10061454772949,30.95946884155273,32.830650329589844
20001_0310_2,2024-05-08,27,30.442484,31.21687889099121,30.47558212280273,32.13633728027344
20001_0310_2,2024-05-08,28,31.974615,32.55681228637695,31.443359375,33.60573196411133
20001_0310_2,2024-05-08,29,32.49773,33.029056549072266,31.42475128173828,33.75055313110352
20001_0310_2,2024-05-08,30,33.888367,34.52275848388672,32.24363327026367,35.16918182373047
20001_0310_2,2024-05-08,31,33.4404,34.4538459777832,31.20141220092773,33.841339111328125
20001_0310_2,2024-05-08,32,33.49497,34.7032356262207,30.875717163085938,33.36763381958008
20001_0310_2,2024-05-08,33,33.84713,30.774518966674805,30.121971130371094,31.806900024414062
20001_0310_2,2024-05-08,34,33.920574,31.72612571716309,30.615161895751957,32.169063568115234
20001_0310_2,2024-05-08,35,34.978313,32.64167404174805,30.30807876586914,31.893627166748047
20001_0310_2,2024-05-08,36,34.975136,32.46792221069336,30.34530258178711,31.726837158203125
20001_0310_2,2024-05-08,37,33.718605,31.67352294921875,30.494190216064453,31.567153930664062
20001_0310_2,2024-05-08,38,33.87351,31.768156051635746,29.535720825195312,30.707439422607425
20001_0310_2,2024-05-08,39,34.191444,31.778823852539062,29.9172477722168,30.703067779541016
20001_0310_2,2024-05-08,40,33.69527,31.05484962463379,28.64587783813477,28.671295166015625
20001_0310_2,2024-05-08,41,32.730145,30.03682518005371,28.42428970336914,27.83818817138672
20001_0310_2,2024-05-08,42,33.177357,30.36955070495605,28.067768096923828,27.65636444091797
20001_0310_2,2024-05-08,43,33.332054,30.563087463378903,28.095687866210938,27.79342269897461
20001_0310_2,2024-05-08,44,33.619293,30.87820625305176,27.386138916015625,26.877704620361328
20001_0310_2,2024-05-08,45,32.785923,30.01733016967773,27.614124298095703,27.04532623291016
20001_0310_2,2024-05-08,46,32.939533,29.86408042907715,27.176761627197266,26.367958068847656
20001_0310_2,2024-05-08,47,33.368,30.18276596069336,27.46988677978516,26.065013885498047
20001_0310_2,2024-05-08,48,33.401764,30.15804672241211,28.018917083740234,26.246166229248047
20001_0310_2,2024-05-08,49,34.160027,30.58067321777344,28.153846740722656,26.744853973388672
20001_0310_2,2024-05-08,50,33.44137,30.24319076538086,27.990997314453125,26.247055053710938
20001_0310_2,2024-05-08,51,33.71208,30.73224830627441,28.260860443115234,26.071216583251957
20001_0310_2,2024-05-08,52,34.45179,31.13802146911621,27.735095977783203,25.61074447631836
20001_0310_2,2024-05-08,53,34.688034,31.040695190429688,27.86072158813477,25.458087921142575
20001_0310_2,2024-05-08,54,33.53264,29.96627426147461,27.330303192138672,23.952564239501957
20001_0310_2,2024-05-08,55,36.268288,33.509429931640625,28.10266494750977,26.287643432617188
20001_0310_2,2024-05-08,56,36.793015,33.24592590332031,28.060791015625,25.754169464111328
20001_0310_2,2024-05-08,57,37.474285,33.729400634765625,27.665306091308597,25.530658721923828
20001_0310_2,2024-05-08,58,37.5647,33.443973541259766,27.59551239013672,25.167526245117188
20001_0310_2,2024-05-08,59,36.508217,32.604347229003906,27.274471282958984,23.676315307617188
20001_0310_2,2024-05-08,60,36.556454,32.381866455078125,25.692527770996094,21.701438903808597
20001_0310_2,2024-05-08,61,35.020737,30.987159729003903,24.59447479248047,20.66241455078125
20001_0310_2,2024-05-08,62,34.094334,30.42020606994629,23.67322540283203,19.787860870361328
20001_0310_2,2024-05-08,63,33.777763,29.93871116638184,24.129196166992188,20.51582336425781
20001_0310_2,2024-05-08,64,33.563828,29.638872146606445,23.412670135498047,19.923507690429688
20001_0310_2,2024-05-08,65,33.331547,29.36930274963379,24.240863800048828,20.848445892333984
20001_0310_2,2024-05-08,66,33.140667,28.69648742675781,23.114891052246094,20.13383102416992
20001_0310_2,2024-05-08,67,33.1423,28.64621925354004,22.81711196899414,19.821651458740234
20001_0310_2,2024-05-08,68,32.0582,27.82088279724121,21.895862579345703,19.170562744140625
20001_0310_2,2024-05-08,69,32.10342,27.864091873168945,20.415115356445312,18.92296600341797
20001_0310_2,2024-05-08,70,31.722267,27.627689361572266,20.53957748413086,19.448955535888672
20001_0310_2,2024-05-08,71,31.331816,27.28032493591309,20.98799133300781,19.738903045654297
20001_0310_2,2024-05-08,72,30.850138,27.025341033935547,20.04405975341797,18.721927642822266
20001_0310_2,2024-05-08,73,30.662437,26.82840156555176,18.62030792236328,18.064228057861328
20001_0310_2,2024-05-08,74,30.201857,26.192684173583984,17.31753158569336,16.739700317382812
20001_0310_2,2024-05-08,75,29.82892,25.861446380615234,18.285308837890625,17.787639617919922
20001_0310_2,2024-05-08,76,27.487497,23.71573638916016,16.238086700439453,15.292200088500977
20001_0310_2,2024-05-09,1,1.220339,1.0417025089263916,16.84899139404297,10.16562557220459
20001_0310_2,2024-05-09,2,3.088983,4.576722145080566,17.29601287841797,11.471233367919922
20001_0310_2,2024-05-09,3,13.012389,12.858295440673828,23.20332717895508,17.650718688964844
20001_0310_2,2024-05-09,4,15.346669,14.927048683166504,24.129962921142575,18.388477325439453
20001_0310_2,2024-05-09,5,15.857175,15.684619903564451,21.528743743896484,16.10234832763672
20001_0310_2,2024-05-09,6,17.868998,17.82515525817871,23.85930633544922,18.40074920654297
20001_0310_2,2024-05-09,7,20.088993,20.013507843017575,25.78941345214844,20.331298828125
20001_0310_2,2024-05-09,8,22.324608,22.16661834716797,26.444812774658203,20.89302062988281
20001_0310_2,2024-05-09,9,22.743847,22.47068214416504,26.23177719116211,20.56869888305664
20001_0310_2,2024-05-09,10,24.067614,23.241050720214844,25.868572235107425,20.20689392089844
20001_0310_2,2024-05-09,11,24.45748,23.50570106506348,26.455867767333984,20.843860626220703
20001_0310_2,2024-05-09,12,25.045267,24.029653549194336,27.179367065429688,22.12485885620117
20001_0310_2,2024-05-09,13,25.350351,24.23081970214844,28.164215087890625,22.59458923339844
20001_0310_2,2024-05-09,14,25.75251,24.588558197021484,27.754440307617188,21.859912872314453
20001_0310_2,2024-05-09,15,26.023697,24.869035720825195,28.513446807861328,22.45619201660156
20001_0310_2,2024-05-09,16,27.067724,26.559799194335938,28.993064880371094,23.318408966064453
20001_0310_2,2024-05-09,17,27.27129,26.979686737060547,28.993064880371094,23.159469604492188
20001_0310_2,2024-05-09,18,27.763252,27.32332992553711,29.067569732666016,23.390640258789062
20001_0310_2,2024-05-09,19,29.904585,29.572370529174805,30.08267974853516,24.75124740600586
20001_0310_2,2024-05-09,20,30.770779,29.719444274902344,30.837024688720703,25.34143447875977
20001_0310_2,2024-05-09,21,31.997099,31.16596984863281,31.19091796875,26.17679977416992
20001_0310_2,2024-05-09,22,31.806175,30.02050399780273,31.153663635253903,26.056739807128903
20001_0310_2,2024-05-09,23,31.55206,30.12152671813965,30.85565185546875,25.886066436767575
20001_0310_2,2024-05-09,24,32.147713,30.750732421875,31.56343460083008,26.697715759277344
20001_0310_2,2024-05-09,25,31.756248,30.417463302612305,31.805572509765625,26.81591033935547
20001_0310_2,2024-05-09,26,32.178795,31.10061454772949,32.34572219848633,27.76522827148437
20001_0310_2,2024-05-09,27,31.751003,31.21687889099121,32.4015998840332,27.83397674560547
20001_0310_2,2024-05-09,28,32.74,32.55681228637695,32.68098449707031,28.882892608642575
20001_0310_2,2024-05-09,29,33.172455,33.029056549072266,32.96037673950195,29.60485076904297
20001_0310_2,2024-05-09,30,34.345818,34.52275848388672,33.55640411376953,30.6582145690918
20001_0310_2,2024-05-09,31,34.40507,34.4538459777832,33.31427001953125,30.450389862060547
20001_0310_2,2024-05-09,32,34.014206,34.7032356262207,33.426021575927734,30.608158111572266
20001_0310_2,2024-05-09,33,33.935577,30.774518966674805,32.96037673950195,28.98852157592773
20001_0310_2,2024-05-09,34,34.37546,31.72612571716309,33.537776947021484,29.717044830322266
20001_0310_2,2024-05-09,35,34.739998,32.64167404174805,33.537776947021484,30.126876831054688
20001_0310_2,2024-05-09,36,34.435738,32.46792221069336,33.72403717041016,30.12603759765625
20001_0310_2,2024-05-09,37,32.837406,31.67352294921875,32.99762725830078,29.43805313110352
20001_0310_2,2024-05-09,38,33.204834,31.768156051635746,33.14663314819336,29.7146110534668
20001_0310_2,2024-05-09,39,33.905434,31.778823852539062,33.12800979614258,29.779071807861328
20001_0310_2,2024-05-09,40,33.184235,31.05484962463379,32.23396682739258,28.10135269165039
20001_0310_2,2024-05-09,41,32.035114,30.03682518005371,32.308467864990234,27.62124252319336
20001_0310_2,2024-05-09,42,32.525658,30.36955070495605,32.19671630859375,27.957332611083984
20001_0310_2,2024-05-09,43,32.544918,30.563087463378903,32.21533966064453,27.953075408935547
20001_0310_2,2024-05-09,44,32.853794,30.87820625305176,31.749691009521484,27.67312240600586
20001_0310_2,2024-05-09,45,32.0205,30.01733016967773,32.494728088378906,28.303050994873047
20001_0310_2,2024-05-09,46,32.157883,29.86408042907715,32.364349365234375,28.19613265991211
20001_0310_2,2024-05-09,47,32.678936,30.18276596069336,32.68098449707031,28.173694610595703
20001_0310_2,2024-05-09,48,32.564663,30.15804672241211,32.97900390625,28.61266326904297
20001_0310_2,2024-05-09,49,33.360332,30.58067321777344,32.64373779296875,28.64615249633789
20001_0310_2,2024-05-09,50,32.685955,30.24319076538086,32.364349365234375,27.7954216003418
20001_0310_2,2024-05-09,51,32.93387,30.73224830627441,32.77411651611328,28.263816833496094
20001_0310_2,2024-05-09,52,33.172485,31.13802146911621,33.1093864440918,28.96392822265625
20001_0310_2,2024-05-09,53,33.065357,31.040695190429688,32.755489349365234,28.38320541381836
20001_0310_2,2024-05-09,54,31.833939,29.96627426147461,32.73686599731445,27.38536071777344
20001_0310_2,2024-05-09,55,34.463074,33.509429931640625,33.202510833740234,30.123291015625
20001_0310_2,2024-05-09,56,34.928116,33.24592590332031,33.6495361328125,30.14197158813477
20001_0310_2,2024-05-09,57,35.370987,33.729400634765625,33.40739440917969,29.94696044921875
20001_0310_2,2024-05-09,58,35.524937,33.443973541259766,32.97900390625,29.1254997253418
20001_0310_2,2024-05-09,59,34.31142,32.604347229003906,33.01625061035156,28.294189453125
20001_0310_2,2024-05-09,60,34.101593,32.381866455078125,32.029083251953125,27.149803161621094
20001_0310_2,2024-05-09,61,32.225056,30.987159729003903,31.675189971923828,25.97465133666992
20001_0310_2,2024-05-09,62,31.675583,30.42020606994629,30.5203857421875,25.000511169433597
20001_0310_2,2024-05-09,63,30.80996,29.93871116638184,30.483131408691406,24.951744079589844
20001_0310_2,2024-05-09,64,30.182682,29.638872146606445,29.95229721069336,24.29156494140625
20001_0310_2,2024-05-09,65,29.9379,29.36930274963379,30.948780059814453,24.977710723876957
20001_0310_2,2024-05-09,66,29.749083,28.69648742675781,29.84054183959961,23.971614837646484
20001_0310_2,2024-05-09,67,29.600605,28.64621925354004,29.253826141357425,22.90693664550781
20001_0310_2,2024-05-09,68,28.889849,27.82088279724121,28.406349182128903,21.97767639160156
20001_0310_2,2024-05-09,69,29.028328,27.864091873168945,28.00589370727539,21.655818939208984
20001_0310_2,2024-05-09,70,28.80029,27.627689361572266,27.726505279541016,21.454540252685547
20001_0310_2,2024-05-09,71,28.429598,27.28032493591309,27.968639373779297,21.555152893066406
20001_0310_2,2024-05-09,72,28.255396,27.025341033935547,27.912761688232425,21.023849487304688
20001_0310_2,2024-05-09,73,28.210348,26.82840156555176,26.21548080444336,19.863689422607425
20001_0310_2,2024-05-09,74,27.481714,26.192684173583984,24.98849868774414,18.662899017333984
20001_0310_2,2024-05-09,75,27.306635,25.861446380615234,25.32260131835937,18.163402557373047
20001_0310_2,2024-05-09,76,25.240852,23.71573638916016,23.48911666870117,15.7857027053833
20001_0310_2,2024-05-10,1,0.85714287,1.0417025089263916,14.382102966308594,11.244482040405272
20001_0310_2,2024-05-10,2,3.0580356,4.576722145080566,13.8951997756958,10.682056427001951
20001_0310_2,2024-05-10,3,12.490859,12.858295440673828,21.011463165283203,17.85141372680664
20001_0310_2,2024-05-10,4,14.991818,14.927048683166504,22.68285369873047,19.386886596679688
20001_0310_2,2024-05-10,5,15.451181,15.684619903564451,21.40473175048828,18.52778625488281
20001_0310_2,2024-05-10,6,17.453564,17.82515525817871,23.534931182861328,20.781627655029297
20001_0310_2,2024-05-10,7,19.643621,20.013507843017575,25.39358901977539,22.228816986083984
20001_0310_2,2024-05-10,8,21.359118,22.16661834716797,26.160518646240234,23.168136596679688
20001_0310_2,2024-05-10,9,21.575596,22.47068214416504,26.18246078491211,23.251338958740234
20001_0310_2,2024-05-10,10,22.431654,23.241050720214844,26.320575714111328,23.000057220458984
20001_0310_2,2024-05-10,11,22.613577,23.50570106506348,26.313552856445312,22.76736831665039
20001_0310_2,2024-05-10,12,23.35759,24.029653549194336,27.23819732666016,23.80796813964844
20001_0310_2,2024-05-10,13,23.530138,24.23081970214844,27.139881134033203,23.08974838256836
20001_0310_2,2024-05-10,14,23.656979,24.588558197021484,27.476970672607425,23.25217056274414
20001_0310_2,2024-05-10,15,23.728407,24.869035720825195,27.322471618652344,22.919002532958984
20001_0310_2,2024-05-10,16,24.76457,26.559799194335938,28.502273559570312,24.53765869140625
20001_0310_2,2024-05-10,17,24.935253,26.979686737060547,28.35245513916016,24.409889221191406
20001_0310_2,2024-05-10,18,25.141603,27.32332992553711,29.138992309570312,25.266876220703125
20001_0310_2,2024-05-10,19,26.43417,29.572370529174805,30.356246948242188,26.864582061767575
20001_0310_2,2024-05-10,20,26.987642,29.719444274902344,31.01169204711914,27.288280487060547
20001_0310_2,2024-05-10,21,28.72645,31.16596984863281,31.59223175048828,28.645984649658203
20001_0310_2,2024-05-10,22,28.66074,30.02050399780273,31.723316192626957,28.219390869140625
20001_0310_2,2024-05-10,23,28.5179,30.12152671813965,31.46113967895508,28.05161666870117
20001_0310_2,2024-05-10,24,28.950542,30.750732421875,32.17276763916016,28.967845916748047
20001_0310_2,2024-05-10,25,28.382349,30.417463302612305,32.36003494262695,29.07172393798828
20001_0310_2,2024-05-10,26,28.79994,31.10061454772949,32.69712448120117,29.97179412841797
20001_0310_2,2024-05-10,27,28.654453,31.21687889099121,32.80948638916016,30.44762420654297
20001_0310_2,2024-05-10,28,29.150574,32.55681228637695,33.408748626708984,31.40328598022461
20001_0310_2,2024-05-10,29,29.620367,33.029056549072266,33.63347244262695,32.08539581298828
20001_0310_2,2024-05-10,30,30.596506,34.52275848388672,34.307647705078125,33.14005661010742
20001_0310_2,2024-05-10,31,30.351688,34.4538459777832,33.31511306762695,32.40028762817383
20001_0310_2,2024-05-10,32,30.19155,34.7032356262207,34.195281982421875,33.30081558227539
20001_0310_2,2024-05-10,33,29.272648,30.774518966674805,33.37129592895508,31.69695281982422
20001_0310_2,2024-05-10,34,29.97637,31.72612571716309,33.80201721191406,32.23832702636719
20001_0310_2,2024-05-10,35,30.605345,32.64167404174805,33.839473724365234,32.41374969482422
20001_0310_2,2024-05-10,36,30.528103,32.46792221069336,33.27766418457031,32.06854248046875
20001_0310_2,2024-05-10,37,29.81625,31.67352294921875,33.22148132324219,31.67853546142578
20001_0310_2,2024-05-10,38,30.342459,31.768156051635746,33.408748626708984,32.34141540527344
20001_0310_2,2024-05-10,39,30.766424,31.778823852539062,32.99675369262695,31.74842834472656
20001_0310_2,2024-05-10,40,30.700274,31.05484962463379,31.929317474365234,29.79974365234375
20001_0310_2,2024-05-10,41,29.913794,30.03682518005371,31.948043823242188,29.337108612060547
20001_0310_2,2024-05-10,42,30.326212,30.36955070495605,31.74204635620117,29.406967163085938
20001_0310_2,2024-05-10,43,30.351889,30.563087463378903,31.685867309570312,29.332115173339844
20001_0310_2,2024-05-10,44,30.672415,30.87820625305176,31.10532760620117,28.859508514404297
20001_0310_2,2024-05-10,45,29.489695,30.01733016967773,31.966766357421875,29.726680755615234
20001_0310_2,2024-05-10,46,29.37531,29.86408042907715,31.629684448242188,29.26580047607422
20001_0310_2,2024-05-10,47,29.783583,30.18276596069336,31.34878158569336,28.73246383666992
20001_0310_2,2024-05-10,48,29.985302,30.15804672241211,32.04167556762695,29.228778839111328
20001_0310_2,2024-05-10,49,30.219233,30.58067321777344,31.70458984375,29.26510238647461
20001_0310_2,2024-05-10,50,29.62007,30.24319076538086,31.198963165283203,28.60089874267578
20001_0310_2,2024-05-10,51,30.174606,30.73224830627441,31.98550033569336,29.16564178466797
20001_0310_2,2024-05-10,52,30.950764,31.13802146911621,32.26640319824219,29.61886978149414
20001_0310_2,2024-05-10,53,30.922617,31.040695190429688,32.341312408447266,29.484230041503903
20001_0310_2,2024-05-10,54,29.92682,29.96627426147461,32.11658477783203,28.465110778808597
20001_0310_2,2024-05-10,55,34.814713,33.509429931640625,32.67839431762695,31.33242416381836
20001_0310_2,2024-05-10,56,34.913704,33.24592590332031,33.24020767211914,31.383522033691406
20001_0310_2,2024-05-10,57,35.334785,33.729400634765625,32.99675369262695,31.179000854492188
20001_0310_2,2024-05-10,58,34.563503,33.443973541259766,32.978031158447266,30.795154571533203
20001_0310_2,2024-05-10,59,33.777973,32.604347229003906,33.05293655395508,30.045143127441406
20001_0310_2,2024-05-10,60,33.358807,32.381866455078125,32.622215270996094,28.980396270751957
20001_0310_2,2024-05-10,61,31.509138,30.987159729003903,32.00422668457031,27.895755767822266
20001_0310_2,2024-05-10,62,30.807295,30.42020606994629,31.18023681640625,26.769237518310547
20001_0310_2,2024-05-10,63,30.389338,29.93871116638184,30.42179107666016,25.650577545166016
20001_0310_2,2024-05-10,64,29.85845,29.638872146606445,30.019161224365234,25.219173431396484
20001_0310_2,2024-05-10,65,29.569311,29.36930274963379,31.18023681640625,25.828872680664062
20001_0310_2,2024-05-10,66,29.42107,28.69648742675781,29.83189010620117,24.372222900390625
20001_0310_2,2024-05-10,67,29.406366,28.64621925354004,29.316898345947266,23.892616271972656
20001_0310_2,2024-05-10,68,28.67574,27.82088279724121,28.61931610107422,22.982681274414062
20001_0310_2,2024-05-10,69,28.728346,27.864091873168945,28.67549514770508,23.190784454345703
20001_0310_2,2024-05-10,70,28.490154,27.627689361572266,27.626785278320312,22.13869857788086
20001_0310_2,2024-05-10,71,28.084732,27.28032493591309,27.68062210083008,22.092578887939453
20001_0310_2,2024-05-10,72,27.843313,27.025341033935547,27.68296432495117,22.087970733642575
20001_0310_2,2024-05-10,73,27.868334,26.82840156555176,26.55817413330078,21.18737030029297
20001_0310_2,2024-05-10,74,27.205301,26.192684173583984,25.78217315673828,20.393455505371094
20001_0310_2,2024-05-10,75,27.193054,25.861446380615234,25.442745208740234,19.717193603515625
20001_0310_2,2024-05-10,76,24.331024,23.71573638916016,23.08548355102539,17.560754776000977
20001_0310_2,2024-05-11,1,1.0526316,1.2430121898651123,11.098243713378906,5.889006614685059
20001_0310_2,2024-05-11,2,5.9736843,5.49270486831665,11.172197341918944,6.26664924621582
20001_0310_2,2024-05-11,3,12.052631,10.7034273147583,18.678390502929688,15.519783973693848
20001_0310_2,2024-05-11,4,14.097107,12.060948371887209,20.712087631225582,17.73029899597168
20001_0310_2,2024-05-11,5,14.6865,12.945600509643556,17.18084716796875,15.609636306762695
20001_0310_2,2024-05-11,6,17.030416,15.016389846801758,18.84478187561035,17.555225372314453
20001_0310_2,2024-05-11,7,17.842133,16.2313289642334,21.183534622192383,20.23721694946289
20001_0310_2,2024-05-11,8,19.937834,18.869850158691406,22.560903549194336,21.697689056396484
20001_0310_2,2024-05-11,9,19.692032,18.911510467529297,21.41463661193848,20.41503524780273
20001_0310_2,2024-05-11,10,19.860407,19.614625930786133,21.997013092041016,21.27162742614746
20001_0310_2,2024-05-11,11,20.061203,19.77874565124512,22.417619705200195,21.53009986877441
20001_0310_2,2024-05-11,12,20.363693,20.369518280029297,23.580062866210938,23.09558868408203
20001_0310_2,2024-05-11,13,20.434519,20.4697380065918,23.452957153320312,22.627216339111328
20001_0310_2,2024-05-11,14,20.776625,20.57149124145508,23.585838317871094,22.94752693176269
20001_0310_2,2024-05-11,15,20.934519,20.62781143188477,24.52758026123047,23.177640914916992
20001_0310_2,2024-05-11,16,22.301294,22.02509117126465,26.28164291381836,25.506092071533203
20001_0310_2,2024-05-11,17,22.218836,22.209590911865234,25.64264678955078,24.628986358642575
20001_0310_2,2024-05-11,18,22.17835,22.24139213562012,26.259689331054688,25.19314193725586
20001_0310_2,2024-05-11,19,24.20071,24.09101104736328,27.14134407043457,26.429441452026367
20001_0310_2,2024-05-11,20,24.46387,23.686511993408203,28.14432716369629,27.11737632751465
20001_0310_2,2024-05-11,21,24.748652,24.66843032836914,28.375429153442383,27.914871215820312
20001_0310_2,2024-05-11,22,24.49339,25.080326080322266,29.26286125183105,28.6565055847168
20001_0310_2,2024-05-11,23,24.373978,25.06695938110352,28.865365982055664,28.298871994018555
20001_0310_2,2024-05-11,24,25.160467,25.882762908935547,29.83599281311035,29.311494827270508
20001_0310_2,2024-05-11,25,24.710196,25.737171173095703,29.475473403930664,28.68294906616211
20001_0310_2,2024-05-11,26,25.60101,26.80862808227539,29.956167221069336,29.82530212402344
20001_0310_2,2024-05-11,27,25.122156,26.771825790405277,30.41836929321289,30.214365005493164
20001_0310_2,2024-05-11,28,26.486246,28.75693893432617,31.093185424804688,31.111547470092773
20001_0310_2,2024-05-11,29,27.068922,28.905710220336918,30.82511138916016,31.27808952331543
20001_0310_2,2024-05-11,30,28.713129,30.79349899291992,32.19322967529297,32.982269287109375
20001_0310_2,2024-05-11,31,28.611666,30.4113883972168,31.80498313903809,32.63074493408203
20001_0310_2,2024-05-11,32,29.044058,31.12604713439941,31.71253967285156,32.763648986816406
20001_0310_2,2024-05-11,33,29.547155,28.74640464782715,31.84195709228516,32.089683532714844
20001_0310_2,2024-05-11,34,30.598059,29.90458106994629,32.23020935058594,32.58838653564453
20001_0310_2,2024-05-11,35,31.6835,31.329965591430664,32.02684020996094,32.40917205810547
20001_0310_2,2024-05-11,36,31.572886,31.029220581054688,31.878936767578125,32.37364196777344
20001_0310_2,2024-05-11,37,30.59005,30.23079490661621,31.324291229248047,31.60465812683105
20001_0310_2,2024-05-11,38,31.084406,30.11663246154785,31.60161018371582,32.06569290161133
20001_0310_2,2024-05-11,39,31.011475,29.819828033447266,31.69404983520508,32.28644180297852
20001_0310_2,2024-05-11,40,30.851215,29.303333282470703,30.69569396972656,31.06689453125
20001_0310_2,2024-05-11,41,29.965723,28.131494522094727,29.946922302246094,29.85517692565918
20001_0310_2,2024-05-11,42,30.2703,28.346893310546875,30.7696475982666,31.006786346435547
20001_0310_2,2024-05-11,43,30.56389,28.535076141357425,30.91755104064941,31.155563354492188
20001_0310_2,2024-05-11,44,30.450037,28.76263427734375,30.732667922973636,31.1451473236084
20001_0310_2,2024-05-11,45,29.932524,28.17671585083008,30.806621551513672,31.416683197021484
20001_0310_2,2024-05-11,46,29.563454,27.875600814819336,30.806621551513672,31.45088005065918
20001_0310_2,2024-05-11,47,29.704506,28.19883346557617,30.88057327270508,31.006214141845703
20001_0310_2,2024-05-11,48,29.783453,28.23032760620117,31.7495174407959,31.901065826416016
20001_0310_2,2024-05-11,49,30.35419,28.21905899047852,30.67720413208008,31.16921615600586
20001_0310_2,2024-05-11,50,29.286226,27.390172958374023,30.64022827148437,30.98551750183105
20001_0310_2,2024-05-11,51,30.035223,27.93927001953125,31.25033569335937,31.203733444213867
20001_0310_2,2024-05-11,52,30.112074,28.38115882873535,31.71253967285156,31.93773651123047
20001_0310_2,2024-05-11,53,29.951435,28.32761573791504,31.63858795166016,31.3696403503418
20001_0310_2,2024-05-11,54,27.87414,26.028270721435547,31.7495174407959,30.94034194946289
20001_0310_2,2024-05-11,55,34.54514,30.08829116821289,32.13776779174805,33.35369873046875
20001_0310_2,2024-05-11,56,34.49814,29.67669677734375,32.45206832885742,33.20218276977539
20001_0310_2,2024-05-11,57,35.005928,29.97320556640625,31.9898624420166,32.936275482177734
20001_0310_2,2024-05-11,58,32.42503,28.076122283935547,32.13776779174805,33.394432067871094
20001_0310_2,2024-05-11,59,32.21888,26.98455238342285,33.284034729003906,33.46759033203125
20001_0310_2,2024-05-11,60,30.168335,25.22390556335449,31.76800346374512,31.96489524841309
20001_0310_2,2024-05-11,61,27.779371,23.721826553344727,31.73103141784668,31.2911376953125
20001_0310_2,2024-05-11,62,26.726599,23.00668716430664,30.71418190002441,30.52195930480957
20001_0310_2,2024-05-11,63,25.911964,22.495441436767575,31.32428932189941,31.42426872253418
20001_0310_2,2024-05-11,64,25.763412,22.13409996032715,29.65110969543457,29.59561538696289
20001_0310_2,2024-05-11,65,25.623882,21.932891845703125,30.89906311035156,30.434572219848636
20001_0310_2,2024-05-11,66,25.457117,21.536212921142575,29.956165313720703,29.66262626647949
20001_0310_2,2024-05-11,67,25.427996,21.64546775817871,30.01163101196289,29.732044219970703
20001_0310_2,2024-05-11,68,24.503925,21.25713348388672,29.410764694213867,29.07396507263184
20001_0310_2,2024-05-11,69,24.645334,21.28620338439941,28.920827865600582,28.718355178833008
20001_0310_2,2024-05-11,70,24.635239,21.16840362548828,28.03339958190918,27.994365692138672
20001_0310_2,2024-05-11,71,24.201319,20.893142700195312,28.763681411743164,28.64139175415039
20001_0310_2,2024-05-11,72,24.33847,20.60910415649414,28.791412353515625,28.519874572753903
20001_0310_2,2024-05-11,73,23.862268,20.445772171020508,26.699939727783203,26.19460678100586
20001_0310_2,2024-05-11,74,22.952887,19.798633575439453,26.219825744628903,26.059268951416016
20001_0310_2,2024-05-11,75,22.798582,19.545743942260746,24.87769889831543,24.54881858825684
20001_0310_2,2024-05-11,76,19.908106,17.381542205810547,23.610105514526367,23.174957275390625
20001_0310_2,2024-05-12,1,1.1111112,0.9069584608078004,7.0435333251953125,5.745796203613281
20001_0310_2,2024-05-12,2,4.888889,5.322512626647949,6.200478553771973,4.9010396003723145
20001_0310_2,2024-05-12,3,9.20194,9.428565979003906,14.539387702941896,13.475034713745115
20001_0310_2,2024-05-12,4,11.152581,11.127596855163574,15.895605087280272,14.435296058654783
20001_0310_2,2024-05-12,5,11.905434,12.10594081878662,11.955242156982422,12.133889198303224
20001_0310_2,2024-05-12,6,13.21916,13.434297561645508,13.678006172180176,13.60723114013672
20001_0310_2,2024-05-12,7,13.256197,13.707160949707031,16.66535186767578,16.36591339111328
20001_0310_2,2024-05-12,8,15.959146,16.25973892211914,16.958585739135742,17.17079734802246
20001_0310_2,2024-05-12,9,15.944393,16.365604400634766,16.555387496948242,17.303194046020508
20001_0310_2,2024-05-12,10,16.319422,17.092849731445312,17.746660232543945,18.412139892578125
20001_0310_2,2024-05-12,11,16.246113,17.29190444946289,18.03989601135254,18.811498641967773
20001_0310_2,2024-05-12,12,16.282509,17.949064254760742,19.54273223876953,20.198162078857425
20001_0310_2,2024-05-12,13,16.282509,17.99781036376953,18.79131317138672,19.22931289672852
20001_0310_2,2024-05-12,14,16.356583,18.11787223815918,19.02956771850586,19.322677612304688
20001_0310_2,2024-05-12,15,16.430656,18.158737182617188,19.65269660949707,19.647003173828125
20001_0310_2,2024-05-12,16,17.925436,19.69154930114746,20.880624771118164,20.95270729064941
20001_0310_2,2024-05-12,17,17.925436,19.802101135253903,20.19335174560547,20.35073471069336
20001_0310_2,2024-05-12,18,17.925436,19.874786376953125,21.33422470092773,21.572439193725582
20001_0310_2,2024-05-12,19,18.460428,20.727842330932617,22.406368255615234,22.498348236083984
20001_0310_2,2024-05-12,20,18.497465,20.180234909057617,23.125715255737305,23.23538017272949
20001_0310_2,2024-05-12,21,18.719688,20.49832344055176,24.05582427978516,24.30717658996582
20001_0310_2,2024-05-12,22,18.753069,20.8702392578125,24.669788360595703,24.76889991760254
20001_0310_2,2024-05-12,23,18.606102,21.368579864501957,24.136005401611328,24.07472419738769
20001_0310_2,2024-05-12,24,19.415226,22.208349227905277,24.605642318725582,24.75341033935547
20001_0310_2,2024-05-12,25,19.007051,21.98046875,25.132551193237305,24.92537879943848
20001_0310_2,2024-05-12,26,19.2942,22.68833351135254,25.801496505737305,26.45828437805176
20001_0310_2,2024-05-12,27,19.352562,22.72761344909668,26.35446548461914,26.72735977172852
20001_0310_2,2024-05-12,28,20.280968,24.191150665283203,26.83240509033203,27.29953956604004
20001_0310_2,2024-05-12,29,19.909115,24.524280548095703,27.02484130859375,27.94951820373535
20001_0310_2,2024-05-12,30,22.055513,26.63298988342285,28.830080032348636,30.0508975982666
20001_0310_2,2024-05-12,31,21.879255,26.728084564208984,28.775096893310547,30.128786087036133
20001_0310_2,2024-05-12,32,22.559517,27.38374710083008,28.843822479248047,30.44074249267578
20001_0310_2,2024-05-12,33,23.771366,24.7305850982666,29.23785972595215,29.91572570800781
20001_0310_2,2024-05-12,34,23.959364,25.16924476623535,30.282514572143555,31.19584846496582
20001_0310_2,2024-05-12,35,24.768898,26.26351928710937,30.392478942871094,31.364879608154297
20001_0310_2,2024-05-12,36,24.453753,26.225378036499023,30.70403861999512,31.860475540161133
20001_0310_2,2024-05-12,37,23.81765,25.9570426940918,30.6307315826416,31.633359909057617
20001_0310_2,2024-05-12,38,23.422642,25.971267700195312,30.768186569213867,31.881298065185547
20001_0310_2,2024-05-12,39,23.613981,25.29994010925293,31.47378921508789,32.7586784362793
20001_0310_2,2024-05-12,40,24.04305,25.028854370117188,30.70403861999512,31.673023223876957
20001_0310_2,2024-05-12,41,23.068802,24.20278549194336,29.7143669128418,30.149559020996094
20001_0310_2,2024-05-12,42,23.263987,24.56062889099121,30.30084228515625,31.12557411193848
20001_0310_2,2024-05-12,43,23.412134,24.76663589477539,30.868986129760746,31.7137393951416
20001_0310_2,2024-05-12,44,23.634356,24.795015335083008,30.54826164245605,31.53257179260254
20001_0310_2,2024-05-12,45,22.749739,24.024999618530277,31.03393173217773,32.04987335205078
20001_0310_2,2024-05-12,46,22.277245,23.762592315673828,31.34549903869629,32.422828674316406
20001_0310_2,2024-05-12,47,22.396566,23.943124771118164,31.327167510986328,32.11699676513672
20001_0310_2,2024-05-12,48,22.544714,23.950489044189453,32.02360534667969,32.86721420288086
20001_0310_2,2024-05-12,49,21.837767,23.86800193786621,31.528770446777344,32.814395904541016
20001_0310_2,2024-05-12,50,20.848988,22.820667266845703,31.60207748413086,32.74485397338867
20001_0310_2,2024-05-12,51,21.230103,23.03988647460937,32.2252082824707,33.17549133300781
20001_0310_2,2024-05-12,52,20.703365,22.972003936767575,32.33517074584961,33.274166107177734
20001_0310_2,2024-05-12,53,20.572557,22.778369903564453,32.9216423034668,33.9460563659668
20001_0310_2,2024-05-12,54,18.95689,20.357295989990234,32.866661071777344,33.16128158569336
20001_0310_2,2024-05-12,55,21.631914,26.08480834960937,33.41647720336914,35.48283767700195
20001_0310_2,2024-05-12,56,21.696299,24.996612548828125,33.65473556518555,35.14533615112305
20001_0310_2,2024-05-12,57,21.882866,25.01205444335937,33.544769287109375,35.43510818481445
20001_0310_2,2024-05-12,58,21.164358,23.89315795898437,33.43480682373047,35.166500091552734
20001_0310_2,2024-05-12,59,21.52965,23.17011070251465,34.18622589111328,35.24333953857422
20001_0310_2,2024-05-12,60,19.59862,22.10843276977539,33.61807632446289,34.47664260864258
20001_0310_2,2024-05-12,61,19.20662,20.58197593688965,33.36149978637695,33.80765151977539
20001_0310_2,2024-05-12,62,18.553932,19.94412612915039,32.866661071777344,33.31404113769531
20001_0310_2,2024-05-12,63,18.243265,19.44808387756348,33.08658981323242,33.54585647583008
20001_0310_2,2024-05-12,64,17.454887,19.00782012939453,32.88499069213867,33.416481018066406
20001_0310_2,2024-05-12,65,17.305729,18.790903091430664,33.45313262939453,33.554386138916016
20001_0310_2,2024-05-12,66,17.045542,18.564697265625,33.06826400756836,33.382530212402344
20001_0310_2,2024-05-12,67,17.119616,18.46684837341309,33.17822265625,33.27213668823242
20001_0310_2,2024-05-12,68,16.595898,17.806318283081055,32.97662353515625,33.22819519042969
20001_0310_2,2024-05-12,69,16.595898,17.918176651000977,33.0316047668457,33.29899215698242
20001_0310_2,2024-05-12,70,16.595898,17.698970794677734,32.88499069213867,33.29676055908203
20001_0310_2,2024-05-12,71,16.422436,17.323429107666016,33.06826400756836,33.40061569213867
20001_0310_2,2024-05-12,72,16.186417,17.01854133605957,33.25153350830078,33.55119705200195
20001_0310_2,2024-05-12,73,16.058826,16.846450805664062,32.11524200439453,32.67556381225586
20001_0310_2,2024-05-12,74,15.11646,16.370479583740234,32.75669479370117,33.50406646728516
20001_0310_2,2024-05-12,75,15.011845,16.054967880249023,32.70171356201172,32.626548767089844
20001_0310_2,2024-05-12,76,13.768768,14.833979606628418,31.180553436279297,31.3778133392334
20001_0310_2,2024-05-13,1,0.6440678,1.0417025089263916,6.708403587341309,8.971254348754883
20001_0310_2,2024-05-13,2,2.5197742,4.576722145080566,6.893226146697998,9.048869132995604
20001_0310_2,2024-05-13,3,12.507566,12.858295440673828,9.850385665893556,11.54692840576172
20001_0310_2,2024-05-13,4,14.149025,14.927048683166504,10.99628448486328,12.422183990478516
20001_0310_2,2024-05-13,5,14.549045,15.684619903564451,9.295917510986328,12.299100875854492
20001_0310_2,2024-05-13,6,17.079952,17.82515525817871,10.663604736328123,13.3902587890625
20001_0310_2,2024-05-13,7,19.249887,20.013507843017575,11.439859390258787,13.655319213867188
20001_0310_2,2024-05-13,8,21.17366,22.16661834716797,11.883432388305664,14.377279281616213
20001_0310_2,2024-05-13,9,21.278685,22.47068214416504,12.105218887329102,15.17856788635254
20001_0310_2,2024-05-13,10,21.571102,23.241050720214844,12.474864959716797,15.71078872680664
20001_0310_2,2024-05-13,11,22.021221,23.50570106506348,12.105218887329102,15.89886474609375
20001_0310_2,2024-05-13,12,22.68203,24.029653549194336,12.363971710205078,16.75071144104004
20001_0310_2,2024-05-13,13,22.82455,24.23081970214844,12.918437957763672,17.060626983642578
20001_0310_2,2024-05-13,14,23.264355,24.588558197021484,12.770580291748049,17.288650512695312
20001_0310_2,2024-05-13,15,23.519218,24.869035720825195,13.36201286315918,17.88862419128418
20001_0310_2,2024-05-13,16,25.42808,26.559799194335938,14.212196350097656,19.210926055908203
20001_0310_2,2024-05-13,17,25.772377,26.979686737060547,14.17523193359375,18.927793502807617
20001_0310_2,2024-05-13,18,25.977564,27.32332992553711,14.785144805908203,19.56848907470703
20001_0310_2,2024-05-13,19,27.80129,29.572370529174805,15.52443504333496,20.246395111083984
20001_0310_2,2024-05-13,20,28.707447,29.719444274902344,16.115867614746094,21.16703987121582
20001_0310_2,2024-05-13,21,30.182545,31.16596984863281,16.92908477783203,21.58360481262207
20001_0310_2,2024-05-13,22,28.316822,30.02050399780273,17.003015518188477,21.944101333618164
20001_0310_2,2024-05-13,23,28.47394,30.12152671813965,16.55944061279297,21.680404663085938
20001_0310_2,2024-05-13,24,29.052986,30.750732421875,17.354177474975586,22.311628341674805
20001_0310_2,2024-05-13,25,28.570807,30.417463302612305,17.816234588623047,22.931421279907227
20001_0310_2,2024-05-13,26,29.189142,31.10061454772949,18.333738327026367,23.766504287719727
20001_0310_2,2024-05-13,27,29.388916,31.21687889099121,18.41690826416016,23.735130310058597
20001_0310_2,2024-05-13,28,30.77983,32.55681228637695,19.2024040222168,24.68240165710449
20001_0310_2,2024-05-13,29,31.053423,33.029056549072266,19.128475189208984,24.97463607788086
20001_0310_2,2024-05-13,30,31.805202,34.52275848388672,20.01562118530273,26.173219680786133
20001_0310_2,2024-05-13,31,31.690392,34.4538459777832,20.63015556335449,26.926034927368164
20001_0310_2,2024-05-13,32,31.516226,34.7032356262207,20.842702865600582,27.160097122192383
20001_0310_2,2024-05-13,33,31.49064,30.774518966674805,22.0717716217041,27.76293182373047
20001_0310_2,2024-05-13,34,31.976053,31.72612571716309,22.693239212036133,28.57655143737793
20001_0310_2,2024-05-13,35,32.501408,32.64167404174805,22.693239212036133,28.91953468322754
20001_0310_2,2024-05-13,36,32.402927,32.46792221069336,22.96354103088379,29.01177406311035
20001_0310_2,2024-05-13,37,31.720806,31.67352294921875,22.988954544067383,28.85630989074707
20001_0310_2,2024-05-13,38,31.928677,31.768156051635746,22.921955108642575,29.29046058654785
20001_0310_2,2024-05-13,39,32.311543,31.778823852539062,23.239620208740234,29.51185607910156
20001_0310_2,2024-05-13,40,31.732756,31.05484962463379,23.166845321655277,29.5191707611084
20001_0310_2,2024-05-13,41,30.902422,30.03682518005371,22.72789192199707,28.85626220703125
20001_0310_2,2024-05-13,42,31.217897,30.36955070495605,22.86650848388672,29.21925544738769
20001_0310_2,2024-05-13,43,31.352001,30.563087463378903,23.3147029876709,29.740386962890625
20001_0310_2,2024-05-13,44,31.597952,30.87820625305176,23.25694465637207,29.81852531433105
20001_0310_2,2024-05-13,45,30.817804,30.01733016967773,23.910757064819336,30.62867927551269
20001_0310_2,2024-05-13,46,30.550066,29.86408042907715,23.997678756713867,30.64626693725586
20001_0310_2,2024-05-13,47,30.859243,30.18276596069336,24.0869140625,30.428564071655277
20001_0310_2,2024-05-13,48,30.922827,30.15804672241211,24.39533805847168,30.973726272583008
20001_0310_2,2024-05-13,49,31.425287,30.58067321777344,24.439231872558597,30.981674194335938
20001_0310_2,2024-05-13,50,31.023825,30.24319076538086,24.172683715820312,30.75686836242676
20001_0310_2,2024-05-13,51,31.423784,30.73224830627441,24.566875457763672,31.122314453125
20001_0310_2,2024-05-13,52,31.466738,31.13802146911621,25.06589698791504,31.59671974182129
20001_0310_2,2024-05-13,53,31.316458,31.040695190429688,24.93478775024414,31.48637962341309
20001_0310_2,2024-05-13,54,30.42557,29.96627426147461,25.333887100219727,31.69949531555176
20001_0310_2,2024-05-13,55,33.833702,33.509429931640625,26.06855773925781,33.37202072143555
20001_0310_2,2024-05-13,56,33.712723,33.24592590332031,26.18869400024414,33.33790969848633
20001_0310_2,2024-05-13,57,34.662514,33.729400634765625,26.29034423828125,33.43068313598633
20001_0310_2,2024-05-13,58,34.78445,33.443973541259766,26.10552406311035,33.12631607055664
20001_0310_2,2024-05-13,59,34.098934,32.604347229003906,26.52599334716797,33.19705581665039
20001_0310_2,2024-05-13,60,33.87458,32.381866455078125,25.93918228149414,32.97333526611328
20001_0310_2,2024-05-13,61,32.597527,30.987159729003903,26.077800750732425,32.686004638671875
20001_0310_2,2024-05-13,62,32.03893,30.42020606994629,25.865253448486328,32.73081970214844
20001_0310_2,2024-05-13,63,31.639797,29.93871116638184,26.02928352355957,32.97261428833008
20001_0310_2,2024-05-13,64,31.168915,29.638872146606445,25.96690559387207,33.02399444580078
20001_0310_2,2024-05-13,65,30.952002,29.36930274963379,26.221036911010746,33.097171783447266
20001_0310_2,2024-05-13,66,30.375202,28.69648742675781,25.70353507995605,33.04153060913086
20001_0310_2,2024-05-13,67,30.294355,28.64621925354004,26.077800750732425,33.06680679321289
20001_0310_2,2024-05-13,68,29.473885,27.82088279724121,25.64808654785156,32.9008903503418
20001_0310_2,2024-05-13,69,29.59253,27.864091873168945,25.44478225708008,32.53665542602539
20001_0310_2,2024-05-13,70,29.336845,27.627689361572266,25.24494361877441,32.529823303222656
20001_0310_2,2024-05-13,71,28.86557,27.28032493591309,25.00120735168457,31.958568572998047
20001_0310_2,2024-05-13,72,28.485188,27.025341033935547,25.11989974975586,32.00290298461914
20001_0310_2,2024-05-13,73,28.305637,26.82840156555176,24.13485336303711,31.01031494140625
20001_0310_2,2024-05-13,74,27.438868,26.192684173583984,23.511075973510746,30.374141693115234
20001_0310_2,2024-05-13,75,27.27424,25.861446380615234,23.835670471191406,30.059797286987305
20001_0310_2,2024-05-13,76,25.178907,23.71573638916016,22.173423767089844,28.06818389892578
20001_0310_2,2024-05-14,1,0.66101694,1.0417025089263916,15.497904777526855,14.659167289733888
20001_0310_2,2024-05-14,2,1.9152542,4.576722145080566,15.609420776367188,14.117020606994627
20001_0310_2,2024-05-14,3,11.575295,12.858295440673828,20.87861442565918,20.287221908569336
20001_0310_2,2024-05-14,4,13.657084,14.927048683166504,20.571941375732425,19.19365882873535
20001_0310_2,2024-05-14,5,13.888518,15.684619903564451,19.48464775085449,19.450645446777344
20001_0310_2,2024-05-14,6,15.887224,17.82515525817871,20.88326072692871,20.40093421936035
20001_0310_2,2024-05-14,7,18.768368,20.013507843017575,22.15177154541016,21.413650512695312
20001_0310_2,2024-05-14,8,20.79345,22.16661834716797,22.87663459777832,22.790489196777344
20001_0310_2,2024-05-14,9,21.066994,22.47068214416504,22.562992095947266,23.57839584350586
20001_0310_2,2024-05-14,10,21.569704,23.241050720214844,22.616426467895508,23.59302520751953
20001_0310_2,2024-05-14,11,21.902409,23.50570106506348,23.61659812927246,25.13905334472656
20001_0310_2,2024-05-14,12,22.406324,24.029653549194336,23.179821014404297,24.8046932220459
20001_0310_2,2024-05-14,13,22.574461,24.23081970214844,23.05552673339844,24.723939895629883
20001_0310_2,2024-05-14,14,22.818806,24.588558197021484,23.0671443939209,24.86933135986328
20001_0310_2,2024-05-14,15,23.202652,24.869035720825195,23.16936683654785,24.616470336914062
20001_0310_2,2024-05-14,16,24.742918,26.559799194335938,23.87041473388672,25.16400146484375
20001_0310_2,2024-05-14,17,25.313847,26.979686737060547,23.448162078857425,24.69656562805176
20001_0310_2,2024-05-14,18,25.649868,27.32332992553711,24.312419891357425,25.47538375854492
20001_0310_2,2024-05-14,19,27.49161,29.572370529174805,24.72886657714844,26.071977615356445
20001_0310_2,2024-05-14,20,27.94746,29.719444274902344,25.53446388244629,26.633092880249023
20001_0310_2,2024-05-14,21,29.468937,31.16596984863281,26.366195678710938,27.36383819580078
20001_0310_2,2024-05-14,22,27.653563,30.02050399780273,26.75650787353516,27.68176651000977
20001_0310_2,2024-05-14,23,28.14126,30.12152671813965,26.12225341796875,27.60506820678711
20001_0310_2,2024-05-14,24,28.694527,30.750732421875,26.726306915283203,28.052602767944336
20001_0310_2,2024-05-14,25,28.012985,30.417463302612305,26.95863342285156,28.286523818969727
20001_0310_2,2024-05-14,26,28.96582,31.10061454772949,27.52318954467773,29.027774810791016
20001_0310_2,2024-05-14,27,29.237034,31.21687889099121,27.727638244628903,29.280988693237305
20001_0310_2,2024-05-14,28,30.987492,32.55681228637695,28.40603256225586,29.690597534179688
20001_0310_2,2024-05-14,29,31.350399,33.029056549072266,28.415328979492188,30.38190269470215
20001_0310_2,2024-05-14,30,32.257793,34.52275848388672,29.353931427001957,31.827617645263672
20001_0310_2,2024-05-14,31,32.31001,34.4538459777832,30.13455581665039,32.42970275878906
20001_0310_2,2024-05-14,32,32.05662,34.7032356262207,30.301830291748047,32.814239501953125
20001_0310_2,2024-05-14,33,31.621342,30.774518966674805,30.385469436645508,32.3359489440918
20001_0310_2,2024-05-14,34,31.677938,31.72612571716309,31.649333953857425,33.80764389038086
20001_0310_2,2024-05-14,35,32.353867,32.64167404174805,31.77943420410156,34.01670837402344
20001_0310_2,2024-05-14,36,31.885397,32.46792221069336,31.965295791625977,34.339134216308594
20001_0310_2,2024-05-14,37,31.086857,31.67352294921875,31.57498550415039,33.73165512084961
20001_0310_2,2024-05-14,38,31.317678,31.768156051635746,32.522884368896484,34.96043395996094
20001_0310_2,2024-05-14,39,31.675148,31.778823852539062,32.002471923828125,34.2703857421875
20001_0310_2,2024-05-14,40,31.290379,31.05484962463379,31.87236785888672,34.15275955200195
20001_0310_2,2024-05-14,41,30.35581,30.03682518005371,31.742263793945312,33.50897979736328
20001_0310_2,2024-05-14,42,30.487295,30.36955070495605,31.389122009277344,33.28264617919922
20001_0310_2,2024-05-14,43,30.622887,30.563087463378903,31.742263793945312,33.65006256103516
20001_0310_2,2024-05-14,44,30.830761,30.87820625305176,31.612159729003903,34.09354782104492
20001_0310_2,2024-05-14,45,30.024174,30.01733016967773,31.59357261657715,33.91065216064453
20001_0310_2,2024-05-14,46,29.864315,29.86408042907715,31.259021759033203,33.74726486206055
20001_0310_2,2024-05-14,47,30.022007,30.18276596069336,31.742263793945312,33.96772384643555
20001_0310_2,2024-05-14,48,29.971857,30.15804672241211,32.50429916381836,34.69143295288086
20001_0310_2,2024-05-14,49,30.99715,30.58067321777344,31.7050895690918,34.35867691040039
20001_0310_2,2024-05-14,50,30.663282,30.24319076538086,31.85378074645996,34.0032958984375
20001_0310_2,2024-05-14,51,31.128994,30.73224830627441,32.61581802368164,35.08351135253906
20001_0310_2,2024-05-14,52,31.338598,31.13802146911621,32.31843566894531,35.240562438964844
20001_0310_2,2024-05-14,53,31.040892,31.040695190429688,33.210575103759766,35.67274475097656
20001_0310_2,2024-05-14,54,29.40889,29.96627426147461,33.043296813964844,35.12062072753906
20001_0310_2,2024-05-14,55,32.78579,33.509429931640625,33.22916030883789,37.26893997192383
20001_0310_2,2024-05-14,56,32.580532,33.24592590332031,33.99119567871094,37.27318572998047
20001_0310_2,2024-05-14,57,33.19383,33.729400634765625,33.3592643737793,37.32768630981445
20001_0310_2,2024-05-14,58,33.084194,33.443973541259766,32.83885192871094,37.265533447265625
20001_0310_2,2024-05-14,59,31.772982,32.604347229003906,34.1398811340332,37.39474868774414
20001_0310_2,2024-05-14,60,31.204857,32.381866455078125,33.582298278808594,36.74181365966797
20001_0310_2,2024-05-14,61,29.599989,30.987159729003903,32.652984619140625,35.95465850830078
20001_0310_2,2024-05-14,62,28.726345,30.42020606994629,32.764503479003906,36.13557052612305
20001_0310_2,2024-05-14,63,28.139938,29.93871116638184,32.28126525878906,35.79437255859375
20001_0310_2,2024-05-14,64,27.849497,29.638872146606445,32.37419509887695,35.83991241455078
20001_0310_2,2024-05-14,65,27.619015,29.36930274963379,32.31843566894531,35.52846145629883
20001_0310_2,2024-05-14,66,27.694454,28.69648742675781,31.77943420410156,35.552040100097656
20001_0310_2,2024-05-14,67,27.706964,28.64621925354004,31.816606521606445,35.65541076660156
20001_0310_2,2024-05-14,68,27.017729,27.82088279724121,31.667917251586918,35.67280578613281
20001_0310_2,2024-05-14,69,27.009464,27.864091873168945,31.37053871154785,35.320255279541016
20001_0310_2,2024-05-14,70,26.914003,27.627689361572266,30.57132911682129,34.743385314941406
20001_0310_2,2024-05-14,71,26.570755,27.28032493591309,31.05456924438477,34.938968658447266
20001_0310_2,2024-05-14,72,26.180489,27.025341033935547,30.236778259277344,34.38629913330078
20001_0310_2,2024-05-14,73,26.017797,26.82840156555176,30.218191146850582,34.13766860961914
20001_0310_2,2024-05-14,74,25.502878,26.192684173583984,28.94503593444824,33.60033416748047
20001_0310_2,2024-05-14,75,25.346834,25.861446380615234,28.87998390197754,33.31388473510742
20001_0310_2,2024-05-14,76,23.204393,23.71573638916016,27.98784446716309,31.964284896850582
20001_0310_2,2024-05-15,1,0.88135594,1.0417025089263916,3.551577568054199,3.2263362407684326
20001_0310_2,2024-05-15,2,2.9062147,4.576722145080566,3.181081771850586,2.666443347930908
20001_0310_2,2024-05-15,3,13.0757065,12.858295440673828,14.796097755432127,14.04594898223877
20001_0310_2,2024-05-15,4,14.645839,14.927048683166504,16.685623168945312,16.00685691833496
20001_0310_2,2024-05-15,5,15.16096,15.684619903564451,14.999870300292969,15.712362289428713
20001_0310_2,2024-05-15,6,17.507782,17.82515525817871,16.889394760131836,17.371902465820312
20001_0310_2,2024-05-15,7,19.309917,20.013507843017575,20.31647491455078,20.388263702392575
20001_0310_2,2024-05-15,8,20.628931,22.16661834716797,21.15934944152832,21.32158851623535
20001_0310_2,2024-05-15,9,20.93937,22.47068214416504,21.886445999145508,22.370519638061523
20001_0310_2,2024-05-15,10,21.69476,23.241050720214844,21.05746459960937,21.53747940063477
20001_0310_2,2024-05-15,11,21.974073,23.50570106506348,21.86328887939453,22.336898803710938
20001_0310_2,2024-05-15,12,22.408419,24.029653549194336,22.168947219848636,22.652692794799805
20001_0310_2,2024-05-15,13,22.510113,24.23081970214844,22.36345863342285,22.930025100708008
20001_0310_2,2024-05-15,14,22.834871,24.588558197021484,21.937387466430664,21.96040344238281
20001_0310_2,2024-05-15,15,22.970465,24.869035720825195,22.86825561523437,22.472023010253903
20001_0310_2,2024-05-15,16,24.402231,26.559799194335938,23.39158058166504,23.44549369812012
20001_0310_2,2024-05-15,17,25.104954,26.979686737060547,23.758604049682617,23.465951919555664
20001_0310_2,2024-05-15,18,25.558598,27.32332992553711,24.294662475585938,23.892967224121094
20001_0310_2,2024-05-15,19,27.997671,29.572370529174805,25.50456047058105,25.44923210144043
20001_0310_2,2024-05-15,20,28.563461,29.719444274902344,26.1749267578125,25.44147300720215
20001_0310_2,2024-05-15,21,29.986917,31.16596984863281,27.75415802001953,27.572872161865234
20001_0310_2,2024-05-15,22,28.495758,30.02050399780273,27.170629501342773,26.74640655517578
20001_0310_2,2024-05-15,23,28.543604,30.12152671813965,26.545419692993164,25.803436279296875
20001_0310_2,2024-05-15,24,29.219748,30.750732421875,27.49481201171875,26.944988250732425
20001_0310_2,2024-05-15,25,28.955097,30.417463302612305,27.216941833496094,26.35518264770508
20001_0310_2,2024-05-15,26,29.772371,31.10061454772949,26.804767608642575,26.495969772338867
20001_0310_2,2024-05-15,27,30.014439,31.21687889099121,27.369770050048828,26.64617156982422
20001_0310_2,2024-05-15,28,31.415443,32.55681228637695,27.957931518554688,27.957630157470703
20001_0310_2,2024-05-15,29,32.088085,33.029056549072266,28.606298446655277,28.896703720092773
20001_0310_2,2024-05-15,30,33.173355,34.52275848388672,30.54213523864746,31.294761657714844
20001_0310_2,2024-05-15,31,32.74752,34.4538459777832,29.49548721313477,30.311168670654297
20001_0310_2,2024-05-15,32,32.765007,34.7032356262207,29.523273468017575,30.317331314086918
20001_0310_2,2024-05-15,33,32.698982,30.774518966674805,29.91229057312012,29.60125541687012
20001_0310_2,2024-05-15,34,33.36324,31.72612571716309,31.04230117797852,30.95575523376465
20001_0310_2,2024-05-15,35,34.202538,32.64167404174805,30.80147933959961,30.899564743041992
20001_0310_2,2024-05-15,36,34.243397,32.46792221069336,31.11639976501465,31.57687187194824
20001_0310_2,2024-05-15,37,32.83646,31.67352294921875,30.93115234375,31.07303810119629
20001_0310_2,2024-05-15,38,33.000153,31.768156051635746,31.060827255249023,31.710655212402344
20001_0310_2,2024-05-15,39,33.68725,31.778823852539062,30.968202590942383,31.51568984985352
20001_0310_2,2024-05-15,40,33.28257,31.05484962463379,30.98672866821289,31.50182342529297
20001_0310_2,2024-05-15,41,32.14637,30.03682518005371,30.93115234375,30.77006721496582
20001_0310_2,2024-05-15,42,32.37892,30.36955070495605,30.393938064575195,30.988445281982425
20001_0310_2,2024-05-15,43,32.446487,30.563087463378903,30.44951057434082,31.08039093017578
20001_0310_2,2024-05-15,44,32.829235,30.87820625305176,30.44951057434082,31.246234893798828
20001_0310_2,2024-05-15,45,32.030773,30.01733016967773,30.26426315307617,30.970718383789062
20001_0310_2,2024-05-15,46,31.690203,29.86408042907715,30.0234432220459,30.71709251403809
20001_0310_2,2024-05-15,47,32.12998,30.18276596069336,30.375411987304688,30.6961727142334
20001_0310_2,2024-05-15,48,32.000935,30.15804672241211,30.560659408569336,30.735742568969727
20001_0310_2,2024-05-15,49,32.45615,30.58067321777344,29.893768310546875,30.7076416015625
20001_0310_2,2024-05-15,50,31.69334,30.24319076538086,30.319839477539062,30.65512084960937
20001_0310_2,2024-05-15,51,32.0766,30.73224830627441,30.523609161376957,30.76205444335937
20001_0310_2,2024-05-15,52,32.20584,31.13802146911621,29.94934463500977,30.527362823486328
20001_0310_2,2024-05-15,53,32.068226,31.040695190429688,30.78295516967773,30.910051345825195
20001_0310_2,2024-05-15,54,30.415531,29.96627426147461,30.375411987304688,29.731590270996094
20001_0310_2,2024-05-15,55,33.681107,33.509429931640625,31.20902633666992,32.78602981567383
20001_0310_2,2024-05-15,56,32.806873,33.24592590332031,31.486894607543945,32.43490219116211
20001_0310_2,2024-05-15,57,33.184483,33.729400634765625,31.74624252319336,33.087162017822266
20001_0310_2,2024-05-15,58,33.096893,33.443973541259766,31.060827255249023,32.00516891479492
20001_0310_2,2024-05-15,59,32.114254,32.604347229003906,31.87591552734375,31.78647232055664
20001_0310_2,2024-05-15,60,32.181644,32.381866455078125,31.24607276916504,30.75722885131836
20001_0310_2,2024-05-15,61,30.859274,30.987159729003903,30.606971740722656,29.85658264160156
20001_0310_2,2024-05-15,62,30.330069,30.42020606994629,29.893768310546875,29.15034866333008
20001_0310_2,2024-05-15,63,30.013796,29.93871116638184,29.64368438720703,28.86029815673828
20001_0310_2,2024-05-15,64,29.791567,29.638872146606445,29.24540138244629,28.45635986328125
20001_0310_2,2024-05-15,65,29.343515,29.36930274963379,30.08827781677246,28.98298072814941
20001_0310_2,2024-05-15,66,29.015406,28.69648742675781,29.28244972229004,28.40532112121582
20001_0310_2,2024-05-15,67,28.925457,28.64621925354004,29.069416046142575,28.260637283325195
20001_0310_2,2024-05-15,68,28.099672,27.82088279724121,28.726707458496094,27.78995132446289
20001_0310_2,2024-05-15,69,28.150518,27.864091873168945,28.75449562072754,27.942745208740234
20001_0310_2,2024-05-15,70,28.01972,27.627689361572266,27.846784591674805,27.18174171447754
20001_0310_2,2024-05-15,71,27.759333,27.28032493591309,27.643009185791016,26.73733329772949
20001_0310_2,2024-05-15,72,27.483837,27.025341033935547,27.670799255371094,26.6309871673584
20001_0310_2,2024-05-15,73,27.407864,26.82840156555176,27.89772605895996,26.7401065826416
20001_0310_2,2024-05-15,74,26.466469,26.192684173583984,26.67393493652344,25.601451873779297
20001_0310_2,2024-05-15,75,26.187168,25.861446380615234,26.705196380615234,25.67988967895508
20001_0310_2,2024-05-15,76,24.13672,23.71573638916016,23.851224899291992,23.18239021301269
20001_0310_2,2024-05-16,1,1.0,1.0417025089263916,0.2916717529296875,0.0
20001_0310_2,2024-05-16,2,2.6206896,4.576722145080566,0.0841435194015502,0.0
20001_0310_2,2024-05-16,3,13.358934,12.858295440673828,11.60193920135498,10.291247367858888
20001_0310_2,2024-05-16,4,15.045418,14.927048683166504,14.057684898376465,12.58765697479248
20001_0310_2,2024-05-16,5,16.286757,15.684619903564451,12.847105979919434,12.733346939086914
20001_0310_2,2024-05-16,6,18.548647,17.82515525817871,16.2540225982666,16.095088958740234
20001_0310_2,2024-05-16,7,22.26326,20.013507843017575,18.81353187561035,18.468849182128903
20001_0310_2,2024-05-16,8,23.506952,22.16661834716797,20.084640502929688,19.61830139160156
20001_0310_2,2024-05-16,9,23.702011,22.47068214416504,20.369991302490234,20.4722843170166
20001_0310_2,2024-05-16,10,24.251677,23.241050720214844,20.30081558227539,20.481422424316406
20001_0310_2,2024-05-16,11,24.554754,23.50570106506348,21.243337631225582,21.33446884155273
20001_0310_2,2024-05-16,12,25.088451,24.029653549194336,21.805391311645508,22.33856201171875
20001_0310_2,2024-05-16,13,25.218954,24.23081970214844,21.705951690673828,22.05466651916504
20001_0310_2,2024-05-16,14,25.652452,24.588558197021484,22.293947219848636,22.305179595947266
20001_0310_2,2024-05-16,15,25.797565,24.869035720825195,22.34150695800781,22.021528244018555
20001_0310_2,2024-05-16,16,27.315556,26.559799194335938,23.15432357788086,23.076950073242188
20001_0310_2,2024-05-16,17,27.872326,26.979686737060547,24.35625457763672,23.86479759216309
20001_0310_2,2024-05-16,18,28.268877,27.32332992553711,25.217714309692383,24.823680877685547
20001_0310_2,2024-05-16,19,30.69656,29.572370529174805,26.409915924072266,26.195558547973636
20001_0310_2,2024-05-16,20,31.228941,29.719444274902344,27.40864562988281,26.81452369689941
20001_0310_2,2024-05-16,21,32.396255,31.16596984863281,28.09175682067871,28.30180931091309
20001_0310_2,2024-05-16,22,30.991041,30.02050399780273,28.35116577148437,28.21758079528809
20001_0310_2,2024-05-16,23,31.111279,30.12152671813965,28.0225830078125,27.845762252807617
20001_0310_2,2024-05-16,24,31.670254,30.750732421875,28.627872467041016,28.634769439697266
20001_0310_2,2024-05-16,25,31.010056,30.417463302612305,28.43763542175293,28.161794662475582
20001_0310_2,2024-05-16,26,32.03885,31.10061454772949,28.498167037963867,28.493043899536133
20001_0310_2,2024-05-16,27,32.02305,31.21687889099121,28.420345306396484,28.12704849243164
20001_0310_2,2024-05-16,28,32.725746,32.55681228637695,29.74333381652832,30.10685539245605
20001_0310_2,2024-05-16,29,33.18667,33.029056549072266,30.24485969543457,31.0335750579834
20001_0310_2,2024-05-16,30,33.8192,34.52275848388672,31.24791145324707,32.43630599975586
20001_0310_2,2024-05-16,31,33.350586,34.4538459777832,30.79826545715332,32.01176834106445
20001_0310_2,2024-05-16,32,33.45589,34.7032356262207,30.659915924072266,32.14678192138672
20001_0310_2,2024-05-16,33,33.220478,30.774518966674805,31.196027755737305,31.1785888671875
20001_0310_2,2024-05-16,34,33.614914,31.72612571716309,31.97425842285156,32.201839447021484
20001_0310_2,2024-05-16,35,34.017258,32.64167404174805,31.33437728881836,31.822349548339844
20001_0310_2,2024-05-16,36,33.813732,32.46792221069336,31.97425842285156,32.5929069519043
20001_0310_2,2024-05-16,37,32.6279,31.67352294921875,31.64567375183105,32.08447265625
20001_0310_2,2024-05-16,38,32.579395,31.768156051635746,31.52461242675781,32.45591354370117
20001_0310_2,2024-05-16,39,33.069733,31.778823852539062,31.42085075378418,32.02356719970703
20001_0310_2,2024-05-16,40,31.783628,31.05484962463379,31.472734451293945,32.06987762451172
20001_0310_2,2024-05-16,41,30.89101,30.03682518005371,30.86744499206543,30.984149932861328
20001_0310_2,2024-05-16,42,30.96883,30.36955070495605,30.815561294555664,31.47199249267578
20001_0310_2,2024-05-16,43,31.108683,30.563087463378903,30.919321060180664,31.493242263793945
20001_0310_2,2024-05-16,44,31.455969,30.87820625305176,31.178733825683597,31.99052047729492
20001_0310_2,2024-05-16,45,30.201204,30.01733016967773,30.48697662353516,31.131479263305664
20001_0310_2,2024-05-16,46,29.933853,29.86408042907715,30.43509292602539,30.86686897277832
20001_0310_2,2024-05-16,47,30.054882,30.18276596069336,30.43509292602539,30.56812858581543
20001_0310_2,2024-05-16,48,30.122988,30.15804672241211,30.504268646240234,30.633996963500977
20001_0310_2,2024-05-16,49,30.30129,30.58067321777344,30.4523868560791,30.85384559631348
20001_0310_2,2024-05-16,50,29.541794,30.24319076538086,30.6080322265625,30.44684219360352
20001_0310_2,2024-05-16,51,29.918585,30.73224830627441,31.14414405822754,31.017683029174805
20001_0310_2,2024-05-16,52,30.218678,31.13802146911621,31.33437728881836,31.35018539428711
20001_0310_2,2024-05-16,53,30.130718,31.040695190429688,31.351673126220703,31.28952980041504
20001_0310_2,2024-05-16,54,29.095196,29.96627426147461,31.14414405822754,30.171777725219727
20001_0310_2,2024-05-16,55,33.134403,33.509429931640625,32.32013320922852,33.63114929199219
20001_0310_2,2024-05-16,56,32.856323,33.24592590332031,32.40660858154297,33.09327697753906
20001_0310_2,2024-05-16,57,33.26784,33.729400634765625,32.33742904663086,33.58561706542969
20001_0310_2,2024-05-16,58,33.14661,33.443973541259766,31.50731658935547,32.43599319458008
20001_0310_2,2024-05-16,59,32.139458,32.604347229003906,31.732139587402344,31.66530036926269
20001_0310_2,2024-05-16,60,32.033436,32.381866455078125,31.47273063659668,30.99803733825684
20001_0310_2,2024-05-16,61,31.00917,30.987159729003903,29.933563232421875,29.06112289428711
20001_0310_2,2024-05-16,62,30.318165,30.42020606994629,29.25910186767578,28.44348907470703
20001_0310_2,2024-05-16,63,29.768764,29.93871116638184,29.362865447998047,28.451074600219727
20001_0310_2,2024-05-16,64,29.377007,29.638872146606445,28.76622200012207,28.010610580444336
20001_0310_2,2024-05-16,65,29.162548,29.36930274963379,29.95085906982422,28.67898941040039
20001_0310_2,2024-05-16,66,28.90168,28.69648742675781,29.310985565185547,28.030946731567383
20001_0310_2,2024-05-16,67,28.873028,28.64621925354004,28.913219451904297,27.80165672302246
20001_0310_2,2024-05-16,68,28.239128,27.82088279724121,28.55869483947754,27.334522247314453
20001_0310_2,2024-05-16,69,28.226965,27.864091873168945,28.04852104187012,27.15569496154785
20001_0310_2,2024-05-16,70,28.10311,27.627689361572266,27.469173431396484,26.56349372863769
20001_0310_2,2024-05-16,71,27.841469,27.28032493591309,27.123294830322266,25.995574951171875
20001_0310_2,2024-05-16,72,27.592659,27.025341033935547,27.26164436340332,26.06495475769043
20001_0310_2,2024-05-16,73,27.44733,26.82840156555176,27.114646911621094,25.87520408630371
20001_0310_2,2024-05-16,74,26.70382,26.192684173583984,26.271564483642575,24.954233169555664
20001_0310_2,2024-05-16,75,26.493896,25.861446380615234,25.791654586791992,24.03166389465332
20001_0310_2,2024-05-16,76,24.44079,23.71573638916016,23.322938919067383,21.4545955657959
20001_0310_2,2024-05-17,1,1.2142857,1.0417025089263916,2.037864923477173,0.0
20001_0310_2,2024-05-17,2,2.7857144,4.576722145080566,2.234757900238037,0.0
20001_0310_2,2024-05-17,3,12.264668,12.858295440673828,11.81689453125,5.5882415771484375
20001_0310_2,2024-05-17,4,14.241176,14.927048683166504,13.621748924255373,7.812665462493896
20001_0310_2,2024-05-17,5,14.583341,15.684619903564451,13.65456485748291,8.266419410705566
20001_0310_2,2024-05-17,6,16.679169,17.82515525817871,16.411069869995117,11.22338581085205
20001_0310_2,2024-05-17,7,19.06927,20.013507843017575,18.54408073425293,13.523183822631836
20001_0310_2,2024-05-17,8,20.883717,22.16661834716797,20.26689720153809,15.411235809326172
20001_0310_2,2024-05-17,9,21.079954,22.47068214416504,21.070877075195312,16.40054702758789
20001_0310_2,2024-05-17,10,21.64324,23.241050720214844,21.333398818969727,16.58463478088379
20001_0310_2,2024-05-17,11,21.854427,23.50570106506348,21.71077919006348,17.070873260498047
20001_0310_2,2024-05-17,12,22.266758,24.029653549194336,21.98971176147461,17.142173767089844
20001_0310_2,2024-05-17,13,22.32033,24.23081970214844,22.66653251647949,17.194778442382812
20001_0310_2,2024-05-17,14,22.928417,24.588558197021484,22.76087760925293,16.95490264892578
20001_0310_2,2024-05-17,15,23.392702,24.869035720825195,22.98237991333008,16.773853302001953
20001_0310_2,2024-05-17,16,24.38661,26.559799194335938,24.124771118164062,18.708261489868164
20001_0310_2,2024-05-17,17,24.53262,26.979686737060547,25.4012451171875,18.89922523498535
20001_0310_2,2024-05-17,18,24.891382,27.32332992553711,25.68863677978516,19.591753005981445
20001_0310_2,2024-05-17,19,27.250256,29.572370529174805,27.46170234680176,21.547563552856445
20001_0310_2,2024-05-17,20,27.689913,29.719444274902344,28.24927520751953,21.48139762878418
20001_0310_2,2024-05-17,21,28.91682,31.16596984863281,28.7661190032959,22.71327209472656
20001_0310_2,2024-05-17,22,27.361233,30.02050399780273,28.692283630371094,22.572494506835938
20001_0310_2,2024-05-17,23,27.219524,30.12152671813965,28.56922721862793,21.784996032714844
20001_0310_2,2024-05-17,24,28.095816,30.750732421875,29.086071014404297,22.526973724365234
20001_0310_2,2024-05-17,25,27.763739,30.417463302612305,29.291168212890625,22.45458984375
20001_0310_2,2024-05-17,26,28.258839,31.10061454772949,28.963014602661133,22.502117156982425
20001_0310_2,2024-05-17,27,28.419497,31.21687889099121,29.4798583984375,22.08238983154297
20001_0310_2,2024-05-17,28,29.171717,32.55681228637695,30.5545654296875,23.75839614868164
20001_0310_2,2024-05-17,29,29.781603,33.029056549072266,30.538158416748047,23.960601806640625
20001_0310_2,2024-05-17,30,30.46763,34.52275848388672,31.42417907714844,25.42876243591309
20001_0310_2,2024-05-17,31,30.295292,34.4538459777832,31.653886795043945,25.56816291809082
20001_0310_2,2024-05-17,32,30.46068,34.7032356262207,31.42417907714844,25.69495964050293
20001_0310_2,2024-05-17,33,30.600428,30.774518966674805,31.71951675415039,24.55916976928711
20001_0310_2,2024-05-17,34,30.638721,31.72612571716309,32.45786666870117,25.621835708618164
20001_0310_2,2024-05-17,35,31.639084,32.64167404174805,32.17893600463867,25.442636489868164
20001_0310_2,2024-05-17,36,31.919722,32.46792221069336,32.37582778930664,25.439430236816406
20001_0310_2,2024-05-17,37,31.213192,31.67352294921875,31.965635299682617,24.44413185119629
20001_0310_2,2024-05-17,38,31.16577,31.768156051635746,31.81796264648437,24.843603134155277
20001_0310_2,2024-05-17,39,31.561731,31.778823852539062,31.90000534057617,24.113832473754883
20001_0310_2,2024-05-17,40,30.899534,31.05484962463379,31.604660034179688,23.70856094360352
20001_0310_2,2024-05-17,41,30.220318,30.03682518005371,30.86631202697754,21.815109252929688
20001_0310_2,2024-05-17,42,30.575718,30.36955070495605,30.997573852539062,22.477813720703125
20001_0310_2,2024-05-17,43,30.747112,30.563087463378903,31.09602165222168,22.836626052856445
20001_0310_2,2024-05-17,44,30.919016,30.87820625305176,30.735050201416016,22.760343551635746
20001_0310_2,2024-05-17,45,30.255396,30.01733016967773,30.86631202697754,22.39189720153809
20001_0310_2,2024-05-17,46,30.093447,29.86408042907715,30.5545654296875,22.08636474609375
20001_0310_2,2024-05-17,47,30.40163,30.18276596069336,30.964757919311523,21.96187973022461
20001_0310_2,2024-05-17,48,30.234106,30.15804672241211,30.899126052856445,22.0059871673584
20001_0310_2,2024-05-17,49,30.685892,30.58067321777344,30.62019920349121,22.09421157836914
20001_0310_2,2024-05-17,50,30.37264,30.24319076538086,30.226408004760746,21.441123962402344
20001_0310_2,2024-05-17,51,31.023876,30.73224830627441,30.784276962280277,21.684480667114254
20001_0310_2,2024-05-17,52,31.556879,31.13802146911621,30.84990692138672,22.02528381347656
20001_0310_2,2024-05-17,53,31.257221,31.040695190429688,31.194467544555664,22.05635643005371
20001_0310_2,2024-05-17,54,30.249512,29.96627426147461,30.439712524414062,21.138132095336918
20001_0310_2,2024-05-17,55,32.980698,33.509429931640625,31.90000534057617,24.563987731933597
20001_0310_2,2024-05-17,56,32.475624,33.24592590332031,32.21175003051758,24.675073623657227
20001_0310_2,2024-05-17,57,33.182884,33.729400634765625,32.277381896972656,24.956562042236328
20001_0310_2,2024-05-17,58,32.874493,33.443973541259766,31.358549118041992,24.200838088989254
20001_0310_2,2024-05-17,59,32.189274,32.604347229003906,31.883594512939453,23.360183715820312
20001_0310_2,2024-05-17,60,32.02921,32.381866455078125,31.276506423950195,22.349143981933597
20001_0310_2,2024-05-17,61,30.748566,30.987159729003903,29.898256301879883,20.621335983276367
20001_0310_2,2024-05-17,62,30.019808,30.42020606994629,29.168107986450195,20.04166984558105
20001_0310_2,2024-05-17,63,29.644138,29.93871116638184,29.028644561767575,19.76667213439941
20001_0310_2,2024-05-17,64,29.147083,29.638872146606445,28.331314086914062,19.78660011291504
20001_0310_2,2024-05-17,65,29.00018,29.36930274963379,29.520875930786133,20.3952579498291
20001_0310_2,2024-05-17,66,28.672266,28.69648742675781,28.63485717773437,20.09820556640625
20001_0310_2,2024-05-17,67,28.686914,28.64621925354004,28.470779418945312,20.112537384033203
20001_0310_2,2024-05-17,68,28.01748,27.82088279724121,27.96213722229004,19.863725662231445
20001_0310_2,2024-05-17,69,28.125866,27.864091873168945,27.867794036865234,19.979156494140625
20001_0310_2,2024-05-17,70,27.931904,27.627689361572266,27.3714599609375,20.046289443969727
20001_0310_2,2024-05-17,71,27.550358,27.28032493591309,27.289419174194336,19.461387634277344
20001_0310_2,2024-05-17,72,27.278036,27.025341033935547,27.154056549072266,19.452299118041992
20001_0310_2,2024-05-17,73,26.962448,26.82840156555176,27.3304386138916,19.377281188964844
20001_0310_2,2024-05-17,74,26.177881,26.192684173583984,26.30905532836914,18.65992546081543
20001_0310_2,2024-05-17,75,25.870924,25.861446380615234,25.730682373046875,17.508787155151367
20001_0310_2,2024-05-17,76,23.762905,23.71573638916016,23.130050659179688,14.764399528503418
20001_0310_2,2024-05-18,1,0.9736842,1.2430121898651123,2.145390033721924,3.6863882541656494
20001_0310_2,2024-05-18,2,6.2763157,5.49270486831665,2.396202564239502,3.335678577423096
20001_0310_2,2024-05-18,3,11.776316,10.7034273147583,11.425463676452637,10.77259922027588
20001_0310_2,2024-05-18,4,13.539687,12.060948371887209,13.526019096374512,12.33324146270752
20001_0310_2,2024-05-18,5,14.35025,12.945600509643556,13.494668006896973,11.988517761230469
20001_0310_2,2024-05-18,6,16.231022,15.016389846801758,16.12820053100586,14.387615203857422
20001_0310_2,2024-05-18,7,17.188257,16.2313289642334,18.52659797668457,16.452587127685547
20001_0310_2,2024-05-18,8,19.353945,18.869850158691406,19.796337127685547,17.141605377197266
20001_0310_2,2024-05-18,9,19.171013,18.911510467529297,20.893644332885746,18.117511749267575
20001_0310_2,2024-05-18,10,19.545803,19.614625930786133,20.909320831298828,17.89741325378418
20001_0310_2,2024-05-18,11,19.77803,19.77874565124512,21.7714900970459,18.934532165527344
20001_0310_2,2024-05-18,12,23.351332,20.369518280029297,21.48932456970215,18.312162399291992
20001_0310_2,2024-05-18,13,23.518618,20.4697380065918,21.47364997863769,17.70799446105957
20001_0310_2,2024-05-18,14,23.767384,20.57149124145508,21.834192276000977,17.72172737121582
20001_0310_2,2024-05-18,15,23.74718,20.62781143188477,22.077167510986328,17.662628173828125
20001_0310_2,2024-05-18,16,25.911358,22.02509117126465,22.91582298278809,18.6036376953125
20001_0310_2,2024-05-18,17,25.965513,22.209590911865234,24.185562133789062,18.87376976013184
20001_0310_2,2024-05-18,18,25.937153,22.24139213562012,24.455968856811523,19.09994506835937
20001_0310_2,2024-05-18,19,28.33261,24.09101104736328,25.80959892272949,20.672990798950195
20001_0310_2,2024-05-18,20,28.460693,23.686511993408203,26.407604217529297,20.715106964111328
20001_0310_2,2024-05-18,21,28.748878,24.66843032836914,27.08950424194336,22.194232940673828
20001_0310_2,2024-05-18,22,28.776052,25.080326080322266,26.920988082885746,21.978551864624023
20001_0310_2,2024-05-18,23,29.048222,25.06695938110352,26.96017837524414,22.01241111755371
20001_0310_2,2024-05-18,24,30.075974,25.882762908935547,27.4226131439209,22.5473575592041
20001_0310_2,2024-05-18,25,29.69851,25.737171173095703,27.6068058013916,22.855640411376957
20001_0310_2,2024-05-18,26,30.333082,26.80862808227539,27.57545280456543,23.305124282836918
20001_0310_2,2024-05-18,27,30.131454,26.771825790405277,27.74396705627441,23.293426513671875
20001_0310_2,2024-05-18,28,31.438574,28.75693893432617,28.692354202270508,24.86085700988769
20001_0310_2,2024-05-18,29,31.335169,28.905710220336918,28.9666805267334,25.81696891784668
20001_0310_2,2024-05-18,30,32.36983,30.79349899291992,30.01696014404297,27.25636100769043
20001_0310_2,2024-05-18,31,31.55071,30.4113883972168,29.63290023803711,27.347558975219727
20001_0310_2,2024-05-18,32,31.290237,31.12604713439941,30.393178939819336,28.294897079467773
20001_0310_2,2024-05-18,33,31.91979,28.74640464782715,30.58128929138184,27.7813720703125
20001_0310_2,2024-05-18,34,33.520195,29.90458106994629,31.3023738861084,28.777936935424805
20001_0310_2,2024-05-18,35,34.993866,31.329965591430664,31.035888671875,29.149578094482425
20001_0310_2,2024-05-18,36,34.8234,31.029220581054688,31.239669799804688,29.511703491210938
20001_0310_2,2024-05-18,37,33.582413,30.23079490661621,31.1142635345459,29.237342834472656
20001_0310_2,2024-05-18,38,33.79473,30.11663246154785,30.78507423400879,29.462526321411133
20001_0310_2,2024-05-18,39,34.18277,29.819828033447266,30.910478591918945,29.564075469970703
20001_0310_2,2024-05-18,40,34.040295,29.303333282470703,30.80074882507324,29.254228591918945
20001_0310_2,2024-05-18,41,32.464275,28.131494522094727,30.549938201904297,28.68572425842285
20001_0310_2,2024-05-18,42,33.17633,28.346893310546875,30.64398956298828,29.36904525756836
20001_0310_2,2024-05-18,43,33.334225,28.535076141357425,30.628318786621094,29.522031784057617
20001_0310_2,2024-05-18,44,33.439487,28.76263427734375,30.330474853515625,29.485746383666992
20001_0310_2,2024-05-18,45,31.922726,28.17671585083008,30.220741271972656,29.19295310974121
20001_0310_2,2024-05-18,46,31.678656,27.875600814819336,29.78182029724121,29.02494430541992
20001_0310_2,2024-05-18,47,31.95052,28.19883346557617,30.032634735107425,28.986557006835938
20001_0310_2,2024-05-18,48,32.096344,28.23032760620117,30.150203704833984,29.323570251464844
20001_0310_2,2024-05-18,49,31.924644,28.21905899047852,29.78182029724121,29.38723564147949
20001_0310_2,2024-05-18,50,30.606783,27.390172958374023,29.037221908569336,28.3536376953125
20001_0310_2,2024-05-18,51,31.40951,27.93927001953125,29.750471115112305,29.02389335632324
20001_0310_2,2024-05-18,52,31.530676,28.38115882873535,29.82884979248047,29.273515701293945
20001_0310_2,2024-05-18,53,31.31881,28.32761573791504,29.82101058959961,28.953712463378903
20001_0310_2,2024-05-18,54,29.762081,26.028270721435547,29.65641593933105,28.180879592895508
20001_0310_2,2024-05-18,55,32.832733,30.08829116821289,30.7380485534668,31.502878189086918
20001_0310_2,2024-05-18,56,32.52546,29.67669677734375,31.412107467651367,31.45664405822754
20001_0310_2,2024-05-18,57,32.497272,29.97320556640625,31.082914352416992,31.60175132751465
20001_0310_2,2024-05-18,58,30.877487,28.076122283935547,30.29128837585449,30.70488739013672
20001_0310_2,2024-05-18,59,30.283852,26.98455238342285,30.89480400085449,30.087785720825195
20001_0310_2,2024-05-18,60,28.607008,25.22390556335449,30.299121856689453,29.11237525939941
20001_0310_2,2024-05-18,61,26.608465,23.721826553344727,29.63290023803711,28.15423393249512
20001_0310_2,2024-05-18,62,26.139542,23.00668716430664,28.692354202270508,27.279590606689453
20001_0310_2,2024-05-18,63,26.253387,22.495441436767575,28.47289276123047,27.23126983642578
20001_0310_2,2024-05-18,64,25.847733,22.13409996032715,27.62639808654785,26.42181205749512
20001_0310_2,2024-05-18,65,25.585901,21.932891845703125,27.91640281677246,26.26276588439941
20001_0310_2,2024-05-18,66,25.204462,21.536212921142575,27.030717849731445,25.350555419921875
20001_0310_2,2024-05-18,67,25.18049,21.64546775817871,26.736799240112305,25.41327667236328
20001_0310_2,2024-05-18,68,24.60367,21.25713348388672,26.285139083862305,24.917320251464844
20001_0310_2,2024-05-18,69,24.765368,21.28620338439941,26.10682678222656,24.800107955932617
20001_0310_2,2024-05-18,70,24.55985,21.16840362548828,25.061447143554688,24.11023330688477
20001_0310_2,2024-05-18,71,24.225227,20.893142700195312,24.708742141723636,23.543685913085938
20001_0310_2,2024-05-18,72,24.23602,20.60910415649414,24.53434944152832,23.059539794921875
20001_0310_2,2024-05-18,73,23.992794,20.445772171020508,23.715288162231445,22.281667709350582
20001_0310_2,2024-05-18,74,23.11028,19.798633575439453,22.67284774780273,21.233917236328125
20001_0310_2,2024-05-18,75,22.85887,19.545743942260746,21.99878692626953,20.34705352783203
20001_0310_2,2024-05-18,76,20.669302,17.381542205810547,19.38876724243164,18.08367347717285
20001_0310_2,2024-05-19,1,0.9285714,0.9069584608078004,0.0,0.0
20001_0310_2,2024-05-19,2,6.202381,5.322512626647949,1.0480589866638184,0.0
20001_0310_2,2024-05-19,3,7.317517,9.428565979003906,9.779541015625,8.171573638916016
20001_0310_2,2024-05-19,4,9.156238,11.127596855163574,11.62087345123291,10.116479873657228
20001_0310_2,2024-05-19,5,10.317787,12.10594081878662,10.75960636138916,9.936366081237791
20001_0310_2,2024-05-19,6,11.013756,13.434297561645508,13.105819702148438,12.168973922729492
20001_0310_2,2024-05-19,7,11.243627,13.707160949707031,15.452033996582031,14.22628688812256
20001_0310_2,2024-05-19,8,12.8903265,16.25973892211914,16.04601287841797,14.95129680633545
20001_0310_2,2024-05-19,9,12.90641,16.365604400634766,15.867819786071776,15.11276626586914
20001_0310_2,2024-05-19,10,13.259172,17.092849731445312,16.283605575561523,15.534669876098633
20001_0310_2,2024-05-19,11,13.500514,17.29190444946289,16.402400970458984,15.660648345947266
20001_0310_2,2024-05-19,12,13.992163,17.949064254760742,16.491497039794922,15.561017990112305
20001_0310_2,2024-05-19,13,14.281259,17.99781036376953,16.66969108581543,15.300657272338867
20001_0310_2,2024-05-19,14,15.140161,18.11787223815918,17.441864013671875,15.867073059082031
20001_0310_2,2024-05-19,15,15.211589,18.158737182617188,18.02099227905273,16.05803871154785
20001_0310_2,2024-05-19,16,17.44864,19.69154930114746,18.37737846374512,16.88475799560547
20001_0310_2,2024-05-19,17,17.484356,19.802101135253903,18.748615264892575,16.825786590576172
20001_0310_2,2024-05-19,18,17.484356,19.874786376953125,18.926807403564453,17.14937400817871
20001_0310_2,2024-05-19,19,18.131365,20.727842330932617,20.23356056213379,18.3435115814209
20001_0310_2,2024-05-19,20,18.109554,20.180234909057617,21.03543281555176,18.835718154907227
20001_0310_2,2024-05-19,21,18.608658,20.49832344055176,21.48091697692871,19.665185928344727
20001_0310_2,2024-05-19,22,18.516363,20.8702392578125,20.619647979736328,18.784242630004883
20001_0310_2,2024-05-19,23,18.85549,21.368579864501957,20.87208747863769,19.041481018066406
20001_0310_2,2024-05-19,24,19.92692,22.208349227905277,20.85723876953125,19.111595153808597
20001_0310_2,2024-05-19,25,20.283268,21.98046875,21.183927536010746,19.41826057434082
20001_0310_2,2024-05-19,26,21.604696,22.68833351135254,21.332422256469727,19.95647430419922
20001_0310_2,2024-05-19,27,21.462568,22.72761344909668,21.7630558013916,20.0108642578125
20001_0310_2,2024-05-19,28,23.879665,24.191150665283203,22.564926147460938,21.325119018554688
20001_0310_2,2024-05-19,29,24.346088,24.524280548095703,22.965864181518555,22.04315948486328
20001_0310_2,2024-05-19,30,26.096518,26.63298988342285,23.838268280029297,23.544692993164062
20001_0310_2,2024-05-19,31,25.699324,26.728084564208984,23.997900009155277,23.58457565307617
20001_0310_2,2024-05-19,32,25.951113,27.38374710083008,23.89766502380371,23.860973358154297
20001_0310_2,2024-05-19,33,25.698015,24.7305850982666,23.689773559570312,22.46092796325684
20001_0310_2,2024-05-19,34,25.438221,25.16924476623535,24.083282470703125,23.253528594970703
20001_0310_2,2024-05-19,35,26.293951,26.26351928710937,24.409971237182617,23.91018295288086
20001_0310_2,2024-05-19,36,25.596603,26.225378036499023,24.213214874267575,23.9852294921875
20001_0310_2,2024-05-19,37,25.523802,25.9570426940918,24.05729866027832,23.765241622924805
20001_0310_2,2024-05-19,38,25.856493,25.971267700195312,23.533855438232425,23.79943084716797
20001_0310_2,2024-05-19,39,26.035309,25.29994010925293,23.712047576904297,23.70199012756348
20001_0310_2,2024-05-19,40,25.805521,25.028854370117188,23.262853622436523,23.223731994628903
20001_0310_2,2024-05-19,41,24.865082,24.20278549194336,22.624324798583984,22.246809005737305
20001_0310_2,2024-05-19,42,25.695587,24.56062889099121,22.57235145568848,22.698152542114254
20001_0310_2,2024-05-19,43,25.766844,24.76663589477539,22.564926147460938,22.415884017944336
20001_0310_2,2024-05-19,44,25.873987,24.795015335083008,22.223390579223636,22.537548065185547
20001_0310_2,2024-05-19,45,24.71695,24.024999618530277,21.8892765045166,21.70136260986328
20001_0310_2,2024-05-19,46,24.318073,23.762592315673828,21.673959732055664,21.686622619628903
20001_0310_2,2024-05-19,47,24.398462,23.943124771118164,21.904125213623047,21.53588485717773
20001_0310_2,2024-05-19,48,24.398462,23.950489044189453,21.74820709228516,21.5524845123291
20001_0310_2,2024-05-19,49,24.229694,23.86800193786621,21.28044891357422,21.273889541625977
20001_0310_2,2024-05-19,50,23.67191,22.820667266845703,20.946334838867188,20.709692001342773
20001_0310_2,2024-05-19,51,23.700518,23.03988647460937,21.718507766723636,21.20771598815918
20001_0310_2,2024-05-19,52,23.090061,22.972003936767575,21.40666961669922,21.17230033874512
20001_0310_2,2024-05-19,53,22.839987,22.778369903564453,20.946334838867188,20.34735870361328
20001_0310_2,2024-05-19,54,19.127283,20.357295989990234,20.634496688842773,19.340112686157227
20001_0310_2,2024-05-19,55,24.806658,26.08480834960937,21.503189086914062,22.39371681213379
20001_0310_2,2024-05-19,56,23.408222,24.996612548828125,21.65911102294922,21.963844299316406
20001_0310_2,2024-05-19,57,23.386156,25.01205444335937,21.176502227783203,21.747657775878903
20001_0310_2,2024-05-19,58,23.027683,23.89315795898437,20.307809829711918,20.92164421081543
20001_0310_2,2024-05-19,59,22.770489,23.17011070251465,20.263259887695312,19.95984268188477
20001_0310_2,2024-05-19,60,21.792704,22.10843276977539,19.431690216064453,18.66008949279785
20001_0310_2,2024-05-19,61,20.299515,20.58197593688965,18.33283233642578,17.288164138793945
20001_0310_2,2024-05-19,62,19.54472,19.94412612915039,17.41216468811035,16.862178802490234
20001_0310_2,2024-05-19,63,19.56314,19.44808387756348,16.936981201171875,16.159690856933594
20001_0310_2,2024-05-19,64,18.70338,19.00782012939453,16.847885131835938,15.894573211669922
20001_0310_2,2024-05-19,65,18.680773,18.790903091430664,17.70915412902832,15.94886875152588
20001_0310_2,2024-05-19,66,18.291327,18.564697265625,16.847885131835938,15.578179359436035
20001_0310_2,2024-05-19,67,18.183352,18.46684837341309,16.87758445739746,15.50649070739746
20001_0310_2,2024-05-19,68,17.299788,17.806318283081055,16.729089736938477,15.331354141235352
20001_0310_2,2024-05-19,69,17.27738,17.918176651000977,16.818185806274414,15.199460983276367
20001_0310_2,2024-05-19,70,17.13666,17.698970794677734,16.66969108581543,15.196781158447266
20001_0310_2,2024-05-19,71,16.688639,17.323429107666016,16.907283782958984,15.27410888671875
20001_0310_2,2024-05-19,72,16.682697,17.01854133605957,17.20427131652832,15.44016933441162
20001_0310_2,2024-05-19,73,16.528477,16.846450805664062,16.729089736938477,15.057645797729492
20001_0310_2,2024-05-19,74,15.846147,16.370479583740234,16.818185806274414,15.00999927520752
20001_0310_2,2024-05-19,75,15.209496,16.054967880249023,17.263669967651367,15.00334644317627
20001_0310_2,2024-05-19,76,13.281625,14.833979606628418,15.452033996582031,13.481633186340332
20001_0310_2,2024-05-20,1,0.6666667,1.0417025089263916,0.3734687566757202,2.292562961578369
20001_0310_2,2024-05-20,2,2.0421052,4.576722145080566,2.065124034881592,4.3257269859313965
20001_0310_2,2024-05-20,3,12.635673,12.858295440673828,7.816752433776855,9.651252746582031
20001_0310_2,2024-05-20,4,14.927531,14.927048683166504,10.072293281555176,11.758037567138672
20001_0310_2,2024-05-20,5,15.847423,15.684619903564451,10.24145793914795,12.51796054840088
20001_0310_2,2024-05-20,6,17.95744,17.82515525817871,12.243250846862791,14.51133632659912
20001_0310_2,2024-05-20,7,19.438145,20.013507843017575,14.075878143310549,16.05802345275879
20001_0310_2,2024-05-20,8,21.5373,22.16661834716797,15.682950973510742,17.72637367248535
20001_0310_2,2024-05-20,9,21.610386,22.47068214416504,16.726137161254883,18.79147148132324
20001_0310_2,2024-05-20,10,22.342731,23.241050720214844,17.51557731628418,19.63026237487793
20001_0310_2,2024-05-20,11,22.711037,23.50570106506348,18.445987701416016,20.438207626342773
20001_0310_2,2024-05-20,12,23.096487,24.029653549194336,19.27771759033203,21.26638412475586
20001_0310_2,2024-05-20,13,23.181078,24.23081970214844,20.51826477050781,21.872896194458008
20001_0310_2,2024-05-20,14,23.373756,24.588558197021484,21.138538360595703,22.33985710144043
20001_0310_2,2024-05-20,15,23.528652,24.869035720825195,22.054851531982425,22.900096893310547
20001_0310_2,2024-05-20,16,24.981356,26.559799194335938,23.246057510375977,24.33938789367676
20001_0310_2,2024-05-20,17,25.003786,26.979686737060547,24.084836959838867,24.76469993591309
20001_0310_2,2024-05-20,18,25.197975,27.32332992553711,24.317441940307617,25.02437973022461
20001_0310_2,2024-05-20,19,27.642408,29.572370529174805,26.007333755493164,26.485031127929688
20001_0310_2,2024-05-20,20,28.25961,29.719444274902344,26.792808532714844,27.121538162231445
20001_0310_2,2024-05-20,21,29.694818,31.16596984863281,27.547443389892575,28.056903839111328
20001_0310_2,2024-05-20,22,28.412378,30.02050399780273,27.321008682250977,27.639375686645508
20001_0310_2,2024-05-20,23,28.435793,30.12152671813965,27.71132469177246,27.873310089111328
20001_0310_2,2024-05-20,24,28.870955,30.750732421875,28.16948127746582,28.40475273132324
20001_0310_2,2024-05-20,25,28.270006,30.417463302612305,28.35274314880371,28.382143020629883
20001_0310_2,2024-05-20,26,28.819561,31.10061454772949,28.41618156433105,29.010866165161133
20001_0310_2,2024-05-20,27,28.945961,31.21687889099121,28.8637638092041,29.043970108032227
20001_0310_2,2024-05-20,28,29.960644,32.55681228637695,29.64615249633789,30.111541748046875
20001_0310_2,2024-05-20,29,30.334074,33.029056549072266,29.91399955749512,30.68389129638672
20001_0310_2,2024-05-20,30,31.268112,34.52275848388672,30.978334426879883,32.094825744628906
20001_0310_2,2024-05-20,31,30.778267,34.4538459777832,30.809165954589844,31.77305221557617
20001_0310_2,2024-05-20,32,30.736639,34.7032356262207,31.062917709350582,32.28829574584961
20001_0310_2,2024-05-20,33,30.616959,30.774518966674805,31.81006622314453,31.73036766052246
20001_0310_2,2024-05-20,34,31.184454,31.72612571716309,32.021522521972656,32.151214599609375
20001_0310_2,2024-05-20,35,32.112694,32.64167404174805,32.1906852722168,32.750728607177734
20001_0310_2,2024-05-20,36,31.38026,32.46792221069336,31.979228973388672,32.50461196899414
20001_0310_2,2024-05-20,37,30.818546,31.67352294921875,31.92284202575684,32.10490417480469
20001_0310_2,2024-05-20,38,30.955128,31.768156051635746,31.866453170776367,32.7504997253418
20001_0310_2,2024-05-20,39,31.39448,31.778823852539062,31.83826065063477,32.591590881347656
20001_0310_2,2024-05-20,40,31.397154,31.05484962463379,31.51402473449707,32.06837463378906
20001_0310_2,2024-05-20,41,30.347519,30.03682518005371,31.33076286315918,31.616352081298828
20001_0310_2,2024-05-20,42,30.395267,30.36955070495605,31.457637786865234,31.90254020690918
20001_0310_2,2024-05-20,43,30.463476,30.563087463378903,31.612701416015625,32.09049987792969
20001_0310_2,2024-05-20,44,30.87399,30.87820625305176,31.612701416015625,32.478904724121094
20001_0310_2,2024-05-20,45,30.08543,30.01733016967773,31.24618148803711,31.78028678894043
20001_0310_2,2024-05-20,46,29.934843,29.86408042907715,30.823266983032227,31.3652458190918
20001_0310_2,2024-05-20,47,30.180456,30.18276596069336,31.3166618347168,31.48921585083008
20001_0310_2,2024-05-20,48,30.352638,30.15804672241211,31.47173309326172,31.937562942504883
20001_0310_2,2024-05-20,49,30.848402,30.58067321777344,31.260278701782227,32.00172805786133
20001_0310_2,2024-05-20,50,30.002262,30.24319076538086,30.83736228942871,31.357765197753903
20001_0310_2,2024-05-20,51,30.51011,30.73224830627441,31.528121948242188,31.736572265625
20001_0310_2,2024-05-20,52,30.758759,31.13802146911621,31.683189392089844,32.01708221435547
20001_0310_2,2024-05-20,53,30.61353,31.040695190429688,32.1906852722168,32.27070236206055
20001_0310_2,2024-05-20,54,29.168037,29.96627426147461,31.24618148803711,30.664724349975582
20001_0310_2,2024-05-20,55,31.931625,33.509429931640625,32.148399353027344,33.58539581298828
20001_0310_2,2024-05-20,56,31.781673,33.24592590332031,32.40214157104492,33.294307708740234
20001_0310_2,2024-05-20,57,32.481926,33.729400634765625,32.303462982177734,33.640140533447266
20001_0310_2,2024-05-20,58,32.429916,33.443973541259766,31.24618148803711,32.48271942138672
20001_0310_2,2024-05-20,59,31.424074,32.604347229003906,31.51402282714844,31.749515533447266
20001_0310_2,2024-05-20,60,31.281567,32.381866455078125,31.105207443237305,31.105239868164062
20001_0310_2,2024-05-20,61,30.342049,30.987159729003903,30.343963623046875,29.866819381713867
20001_0310_2,2024-05-20,62,29.64842,30.42020606994629,29.64615249633789,29.179180145263672
20001_0310_2,2024-05-20,63,29.449415,29.93871116638184,29.2161922454834,28.72706794738769
20001_0310_2,2024-05-20,64,29.015705,29.638872146606445,28.78622817993164,28.28404235839844
20001_0310_2,2024-05-20,65,28.82688,29.36930274963379,29.575668334960938,28.47698974609375
20001_0310_2,2024-05-20,66,28.57638,28.69648742675781,29.068172454833984,28.208641052246094
20001_0310_2,2024-05-20,67,28.629879,28.64621925354004,28.694599151611328,28.020204544067383
20001_0310_2,2024-05-20,68,28.184261,27.82088279724121,28.12366485595703,27.502199172973636
20001_0310_2,2024-05-20,69,28.152203,27.864091873168945,27.936878204345703,27.165489196777344
20001_0310_2,2024-05-20,70,27.80683,27.627689361572266,27.468149185180664,26.947946548461918
20001_0310_2,2024-05-20,71,27.459187,27.28032493591309,27.258453369140625,26.74091911315918
20001_0310_2,2024-05-20,72,27.199745,27.025341033935547,26.907787322998047,26.39696884155273
20001_0310_2,2024-05-20,73,26.984293,26.82840156555176,26.002046585083008,25.82512664794922
20001_0310_2,2024-05-20,74,26.446917,26.192684173583984,25.170316696166992,24.995384216308597
20001_0310_2,2024-05-20,75,26.117916,25.861446380615234,25.28309440612793,25.292335510253903
20001_0310_2,2024-05-20,76,24.141912,23.71573638916016,22.23106575012207,22.65217018127441
20001_0310_2,2024-05-21,1,1.0,1.0417025089263916,3.682962417602539,0.5441373586654663
20001_0310_2,2024-05-21,2,2.403564,4.576722145080566,5.770112991333008,4.120431423187256
20001_0310_2,2024-05-21,3,11.491614,12.858295440673828,13.899018287658691,12.89283275604248
20001_0310_2,2024-05-21,4,13.689501,14.927048683166504,15.903782844543455,14.743250846862791
20001_0310_2,2024-05-21,5,13.986161,15.684619903564451,15.986169815063477,15.40379524230957
20001_0310_2,2024-05-21,6,15.760952,17.82515525817871,18.81481170654297,18.5141716003418
20001_0310_2,2024-05-21,7,17.866999,20.013507843017575,20.90196228027344,20.27107048034668
20001_0310_2,2024-05-21,8,19.668365,22.16661834716797,22.68702507019043,22.514726638793945
20001_0310_2,2024-05-21,9,20.214666,22.47068214416504,22.632099151611328,22.549867630004883
20001_0310_2,2024-05-21,10,21.201103,23.241050720214844,23.28433609008789,23.16859245300293
20001_0310_2,2024-05-21,11,21.465254,23.50570106506348,23.620750427246094,23.645919799804688
20001_0310_2,2024-05-21,12,21.795092,24.029653549194336,23.936569213867188,23.75483703613281
20001_0310_2,2024-05-21,13,21.964903,24.23081970214844,24.09447860717773,24.10042953491211
20001_0310_2,2024-05-21,14,22.133997,24.588558197021484,24.853132247924805,24.46883201599121
20001_0310_2,2024-05-21,15,22.1135,24.869035720825195,25.53797912597656,24.85190200805664
20001_0310_2,2024-05-21,16,22.865547,26.559799194335938,26.74589729309082,26.430782318115234
20001_0310_2,2024-05-21,17,22.925224,26.979686737060547,27.389123916625977,26.845947265625
20001_0310_2,2024-05-21,18,22.898615,27.32332992553711,27.7349796295166,26.78632354736328
20001_0310_2,2024-05-21,19,24.695381,29.572370529174805,28.64295768737793,28.21354103088379
20001_0310_2,2024-05-21,20,25.151335,29.719444274902344,29.69683265686035,28.47811889648437
20001_0310_2,2024-05-21,21,26.264042,31.16596984863281,30.23235321044922,29.822996139526367
20001_0310_2,2024-05-21,22,25.481314,30.02050399780273,29.895936965942383,28.92544174194336
20001_0310_2,2024-05-21,23,25.152832,30.12152671813965,29.51146125793457,28.694255828857425
20001_0310_2,2024-05-21,24,25.538654,30.750732421875,29.73802757263184,28.887775421142575
20001_0310_2,2024-05-21,25,24.97346,30.417463302612305,29.86847496032715,28.738853454589844
20001_0310_2,2024-05-21,26,25.414288,31.10061454772949,29.78608512878418,29.03500366210937
20001_0310_2,2024-05-21,27,25.34121,31.21687889099121,30.27354431152344,29.29526138305664
20001_0310_2,2024-05-21,28,26.038998,32.55681228637695,31.186674118041992,30.880859375
20001_0310_2,2024-05-21,29,26.436493,33.029056549072266,31.241601943969727,31.2998104095459
20001_0310_2,2024-05-21,30,28.066782,34.52275848388672,31.584880828857425,32.31246566772461
20001_0310_2,2024-05-21,31,27.759344,34.4538459777832,32.3675651550293,32.908382415771484
20001_0310_2,2024-05-21,32,27.432348,34.7032356262207,32.32636642456055,33.116207122802734
20001_0310_2,2024-05-21,33,27.096832,30.774518966674805,32.23025131225586,31.8276309967041
20001_0310_2,2024-05-21,34,27.760447,31.72612571716309,32.57353210449219,32.16463851928711
20001_0310_2,2024-05-21,35,28.502407,32.64167404174805,33.01293182373047,33.23769760131836
20001_0310_2,2024-05-21,36,28.328873,32.46792221069336,32.49114227294922,32.68141555786133
20001_0310_2,2024-05-21,37,27.726536,31.67352294921875,32.16159439086914,31.909324645996094
20001_0310_2,2024-05-21,38,27.684397,31.768156051635746,31.92815971374512,32.09402847290039
20001_0310_2,2024-05-21,39,28.19173,31.778823852539062,31.955625534057617,31.978967666625977
20001_0310_2,2024-05-21,40,28.049398,31.05484962463379,31.70846176147461,31.6267204284668
20001_0310_2,2024-05-21,41,26.856733,30.03682518005371,31.50249481201172,31.00263786315918
20001_0310_2,2024-05-21,42,26.9281,30.36955070495605,30.966976165771484,30.789138793945312
20001_0310_2,2024-05-21,43,26.903418,30.563087463378903,31.035633087158203,30.893991470336918
20001_0310_2,2024-05-21,44,27.073229,30.87820625305176,31.021900177001957,31.167142868041992
20001_0310_2,2024-05-21,45,26.405207,30.01733016967773,30.445188522338867,30.321258544921875
20001_0310_2,2024-05-21,46,26.129498,29.86408042907715,30.067577362060547,29.70170783996582
20001_0310_2,2024-05-21,47,26.623392,30.18276596069336,30.664884567260746,30.22237014770508
20001_0310_2,2024-05-21,48,26.388819,30.15804672241211,31.145479202270508,30.60208320617676
20001_0310_2,2024-05-21,49,27.291424,30.58067321777344,30.36966323852539,30.34945678710937
20001_0310_2,2024-05-21,50,26.72866,30.24319076538086,30.225486755371094,29.49546241760254
20001_0310_2,2024-05-21,51,27.367323,30.73224830627441,30.51384162902832,29.825912475585938
20001_0310_2,2024-05-21,52,27.623438,31.13802146911621,30.89831924438477,30.160234451293945
20001_0310_2,2024-05-21,53,27.385242,31.040695190429688,30.706079483032227,29.864259719848636
20001_0310_2,2024-05-21,54,25.967821,29.96627426147461,30.18429183959961,28.465085983276367
20001_0310_2,2024-05-21,55,28.928879,33.509429931640625,31.749656677246094,32.47003936767578
20001_0310_2,2024-05-21,56,28.820322,33.24592590332031,31.722190856933597,32.102088928222656
20001_0310_2,2024-05-21,57,29.030748,33.729400634765625,31.351449966430664,32.28108596801758
20001_0310_2,2024-05-21,58,29.239017,33.443973541259766,30.65115547180176,31.351198196411133
20001_0310_2,2024-05-21,59,28.559578,32.604347229003906,31.172945022583008,30.5898551940918
20001_0310_2,2024-05-21,60,28.5811,32.381866455078125,30.92577743530273,30.18437957763672
20001_0310_2,2024-05-21,61,27.660975,30.987159729003903,29.724294662475582,28.42013931274414
20001_0310_2,2024-05-21,62,27.142591,30.42020606994629,28.8386287689209,27.858783721923828
20001_0310_2,2024-05-21,63,27.147745,29.93871116638184,28.28937721252441,26.864032745361328
20001_0310_2,2024-05-21,64,26.805582,29.638872146606445,28.526243209838867,27.04773712158203
20001_0310_2,2024-05-21,65,26.557455,29.36930274963379,28.776840209960938,26.94588661193848
20001_0310_2,2024-05-21,66,26.435814,28.69648742675781,27.764158248901367,25.88733673095703
20001_0310_2,2024-05-21,67,26.37453,28.64621925354004,28.10743904113769,26.29884529113769
20001_0310_2,2024-05-21,68,25.906301,27.82088279724121,27.33333969116211,25.07707977294922
20001_0310_2,2024-05-21,69,25.925169,27.864091873168945,26.89737319946289,25.06501007080078
20001_0310_2,2024-05-21,70,26.0184,27.627689361572266,26.470844268798828,24.78692054748535
20001_0310_2,2024-05-21,71,25.743204,27.28032493591309,26.577260971069336,24.856494903564453
20001_0310_2,2024-05-21,72,25.367056,27.025341033935547,26.270240783691406,24.58026123046875
20001_0310_2,2024-05-21,73,25.31132,26.82840156555176,25.919021606445312,24.566680908203125
20001_0310_2,2024-05-21,74,24.557472,26.192684173583984,25.16551780700684,23.831003189086918
20001_0310_2,2024-05-21,75,24.275503,25.861446380615234,24.729549407958984,23.25371360778809
20001_0310_2,2024-05-21,76,21.701862,23.71573638916016,22.76254653930664,21.52071762084961
20001_0310_2,2024-05-22,1,1.2,1.0417025089263916,1.2579703330993652,0.6103197336196899
20001_0310_2,2024-05-22,2,2.1766233,4.576722145080566,2.867367744445801,3.324664354324341
20001_0310_2,2024-05-22,3,12.150108,12.858295440673828,11.558115005493164,11.741418838500977
20001_0310_2,2024-05-22,4,14.419088,14.927048683166504,13.382099151611328,13.504446029663086
20001_0310_2,2024-05-22,5,15.302382,15.684619903564451,14.15997314453125,14.96367073059082
20001_0310_2,2024-05-22,6,17.233265,17.82515525817871,15.501138687133787,16.280603408813477
20001_0310_2,2024-05-22,7,19.083887,20.013507843017575,18.585817337036133,18.88997459411621
20001_0310_2,2024-05-22,8,21.798864,22.16661834716797,20.718271255493164,21.307090759277344
20001_0310_2,2024-05-22,9,21.710812,22.47068214416504,20.946266174316406,21.41903305053711
20001_0310_2,2024-05-22,10,22.107306,23.241050720214844,21.32179450988769,21.934572219848636
20001_0310_2,2024-05-22,11,22.37488,23.50570106506348,21.4424991607666,22.064537048339844
20001_0310_2,2024-05-22,12,23.27124,24.029653549194336,22.2471981048584,22.992847442626957
20001_0310_2,2024-05-22,13,23.321817,24.23081970214844,22.823898315429688,23.36074447631836
20001_0310_2,2024-05-22,14,23.597895,24.588558197021484,23.092130661010746,23.26540184020996
20001_0310_2,2024-05-22,15,23.827797,24.869035720825195,23.42742156982422,23.42075729370117
20001_0310_2,2024-05-22,16,25.753948,26.559799194335938,24.4299430847168,24.803682327270508
20001_0310_2,2024-05-22,17,25.935822,26.979686737060547,25.506017684936523,25.50425910949707
20001_0310_2,2024-05-22,18,26.161243,27.32332992553711,25.81720924377441,25.646392822265625
20001_0310_2,2024-05-22,19,28.420246,29.572370529174805,27.196094512939453,27.413074493408203
20001_0310_2,2024-05-22,20,28.82302,29.719444274902344,28.17849922180176,27.69199562072754
20001_0310_2,2024-05-22,21,30.733328,31.16596984863281,28.97984504699707,29.093881607055664
20001_0310_2,2024-05-22,22,29.382812,30.02050399780273,28.47020149230957,28.274906158447266
20001_0310_2,2024-05-22,23,29.316133,30.12152671813965,28.359554290771484,28.184106826782227
20001_0310_2,2024-05-22,24,29.743826,30.750732421875,28.812198638916016,28.60658264160156
20001_0310_2,2024-05-22,25,29.286718,30.417463302612305,28.805492401123047,28.48657989501953
20001_0310_2,2024-05-22,26,29.90328,31.10061454772949,29.44925117492676,29.441028594970703
20001_0310_2,2024-05-22,27,30.153376,31.21687889099121,29.61689567565918,29.312000274658203
20001_0310_2,2024-05-22,28,30.279366,32.55681228637695,30.374656677246094,30.75278091430664
20001_0310_2,2024-05-22,29,30.421856,33.029056549072266,30.65630149841309,31.16890335083008
20001_0310_2,2024-05-22,30,31.337286,34.52275848388672,31.434175491333008,32.62767791748047
20001_0310_2,2024-05-22,31,31.24033,34.4538459777832,31.635351181030277,32.53839111328125
20001_0310_2,2024-05-22,32,30.55843,34.7032356262207,31.232999801635746,32.47486877441406
20001_0310_2,2024-05-22,33,30.98104,30.774518966674805,31.380529403686523,31.3433780670166
20001_0310_2,2024-05-22,34,31.734917,31.72612571716309,31.98405265808105,32.099456787109375
20001_0310_2,2024-05-22,35,32.85499,32.64167404174805,32.23887252807617,32.734588623046875
20001_0310_2,2024-05-22,36,32.98132,32.46792221069336,31.7158203125,32.286865234375
20001_0310_2,2024-05-22,37,32.251244,31.67352294921875,31.7158203125,31.959060668945312
20001_0310_2,2024-05-22,38,32.326984,31.768156051635746,31.232999801635746,31.877296447753903
20001_0310_2,2024-05-22,39,32.55777,31.778823852539062,31.541467666625977,32.04562759399414
20001_0310_2,2024-05-22,40,31.978579,31.05484962463379,31.259824752807617,31.652746200561523
20001_0310_2,2024-05-22,41,30.809687,30.03682518005371,31.01841163635254,31.011571884155277
20001_0310_2,2024-05-22,42,31.262083,30.36955070495605,30.763595581054688,31.165807723999023
20001_0310_2,2024-05-22,43,31.287258,30.563087463378903,30.803829193115234,31.36362075805664
20001_0310_2,2024-05-22,44,31.35186,30.87820625305176,30.5892391204834,31.309968948364254
20001_0310_2,2024-05-22,45,30.400545,30.01733016967773,30.22712516784668,30.59405899047852
20001_0310_2,2024-05-22,46,30.226156,29.86408042907715,29.86501121520996,30.25347900390625
20001_0310_2,2024-05-22,47,30.663387,30.18276596069336,30.334421157836918,30.4462947845459
20001_0310_2,2024-05-22,48,30.495733,30.15804672241211,30.2941837310791,30.38329124450684
20001_0310_2,2024-05-22,49,30.87021,30.58067321777344,30.173480987548828,30.81125259399414
20001_0310_2,2024-05-22,50,30.264977,30.24319076538086,29.99912643432617,30.320785522460938
20001_0310_2,2024-05-22,51,30.682743,30.73224830627441,30.37465476989746,30.43976783752441
20001_0310_2,2024-05-22,52,30.961512,31.13802146911621,30.535593032836918,30.619400024414062
20001_0310_2,2024-05-22,53,30.848581,31.040695190429688,30.723358154296875,30.682796478271484
20001_0310_2,2024-05-22,54,29.587452,29.96627426147461,30.039363861083984,29.256555557250977
20001_0310_2,2024-05-22,55,32.83635,33.509429931640625,31.54147148132324,33.15665054321289
20001_0310_2,2024-05-22,56,33.012943,33.24592590332031,31.70240592956543,32.77497482299805
20001_0310_2,2024-05-22,57,33.520634,33.729400634765625,31.67558479309082,33.24900817871094
20001_0310_2,2024-05-22,58,33.660133,33.443973541259766,31.232999801635746,32.747127532958984
20001_0310_2,2024-05-22,59,32.856995,32.604347229003906,31.27323341369629,31.545677185058597
20001_0310_2,2024-05-22,60,32.695812,32.381866455078125,30.84406280517578,31.06285095214844
20001_0310_2,2024-05-22,61,31.27678,30.987159729003903,29.97230529785156,29.975170135498047
20001_0310_2,2024-05-22,62,30.610636,30.42020606994629,28.9731388092041,28.737945556640625
20001_0310_2,2024-05-22,63,30.552343,29.93871116638184,28.926197052001957,28.65985870361328
20001_0310_2,2024-05-22,64,30.253107,29.638872146606445,28.114791870117188,27.94156837463379
20001_0310_2,2024-05-22,65,30.05512,29.36930274963379,28.711612701416016,28.030630111694336
20001_0310_2,2024-05-22,66,29.714188,28.69648742675781,28.564083099365234,28.15359687805176
20001_0310_2,2024-05-22,67,29.775253,28.64621925354004,28.22208595275879,27.77518844604492
20001_0310_2,2024-05-22,68,29.20965,27.82088279724121,28.0980281829834,27.48245429992676
20001_0310_2,2024-05-22,69,29.355104,27.864091873168945,27.796266555786133,27.3489933013916
20001_0310_2,2024-05-22,70,29.122787,27.627689361572266,27.393917083740234,26.935094833374023
20001_0310_2,2024-05-22,71,28.775837,27.28032493591309,27.53473854064941,27.070676803588867
20001_0310_2,2024-05-22,72,28.579172,27.025341033935547,27.28997611999512,26.69993019104004
20001_0310_2,2024-05-22,73,28.46457,26.82840156555176,27.40732765197754,26.87356948852539
20001_0310_2,2024-05-22,74,27.701103,26.192684173583984,26.58921813964844,25.990310668945312
20001_0310_2,2024-05-22,75,27.405458,25.861446380615234,26.10776138305664,25.42327308654785
20001_0310_2,2024-05-22,76,25.2508,23.71573638916016,24.017534255981445,23.286779403686523
20001_0310_2,2024-05-23,1,1.0,1.0417025089263916,4.248899459838867,4.019644260406494
20001_0310_2,2024-05-23,2,1.9564165,4.576722145080566,6.224538326263428,6.505648612976074
20001_0310_2,2024-05-23,3,10.990315,12.858295440673828,15.435287475585938,14.661301612854004
20001_0310_2,2024-05-23,4,13.892459,14.927048683166504,17.624507904052734,16.373517990112305
20001_0310_2,2024-05-23,5,15.012759,15.684619903564451,17.357532501220703,17.189464569091797
20001_0310_2,2024-05-23,6,16.97613,17.82515525817871,19.38656616210937,19.32587432861328
20001_0310_2,2024-05-23,7,19.32416,20.013507843017575,21.85611343383789,21.20312118530273
20001_0310_2,2024-05-23,8,21.537802,22.16661834716797,23.297794342041016,22.689666748046875
20001_0310_2,2024-05-23,9,21.601797,22.47068214416504,23.65154266357422,22.989971160888672
20001_0310_2,2024-05-23,10,22.264967,23.241050720214844,23.82508087158203,23.115550994873047
20001_0310_2,2024-05-23,11,22.671747,23.50570106506348,24.06536102294922,23.588871002197266
20001_0310_2,2024-05-23,12,23.590782,24.029653549194336,24.589305877685547,24.17855834960937
20001_0310_2,2024-05-23,13,23.668262,24.23081970214844,25.14662170410156,24.27405548095703
20001_0310_2,2024-05-23,14,23.651394,24.588558197021484,25.804054260253903,24.80545425415039
20001_0310_2,2024-05-23,15,23.730469,24.869035720825195,26.161136627197266,24.812179565429688
20001_0310_2,2024-05-23,16,25.30276,26.559799194335938,26.89188766479492,25.927982330322266
20001_0310_2,2024-05-23,17,25.451834,26.979686737060547,27.849773406982425,26.48025131225586
20001_0310_2,2024-05-23,18,25.484518,27.32332992553711,28.16681289672852,26.66204071044922
20001_0310_2,2024-05-23,19,27.86639,29.572370529174805,29.53173828125,28.162681579589844
20001_0310_2,2024-05-23,20,28.411343,29.719444274902344,30.612998962402344,28.55059814453125
20001_0310_2,2024-05-23,21,29.398958,31.16596984863281,30.86663055419922,29.6226806640625
20001_0310_2,2024-05-23,22,28.309351,30.02050399780273,30.239227294921875,28.665508270263672
20001_0310_2,2024-05-23,23,28.155998,30.12152671813965,30.279277801513672,28.572227478027344
20001_0310_2,2024-05-23,24,28.531158,30.750732421875,30.693096160888672,29.01146697998047
20001_0310_2,2024-05-23,25,28.130642,30.417463302612305,30.77318572998047,28.96853256225586
20001_0310_2,2024-05-23,26,28.818392,31.10061454772949,31.013465881347656,29.50320053100586
20001_0310_2,2024-05-23,27,28.535463,31.21687889099121,31.066864013671875,29.254261016845703
20001_0310_2,2024-05-23,28,29.283043,32.55681228637695,32.02798843383789,31.055702209472656
20001_0310_2,2024-05-23,29,29.403013,33.029056549072266,32.20151901245117,31.40938949584961
20001_0310_2,2024-05-23,30,31.098368,34.52275848388672,32.668731689453125,32.60539245605469
20001_0310_2,2024-05-23,31,30.522982,34.4538459777832,32.76217269897461,32.58731842041016
20001_0310_2,2024-05-23,32,30.107285,34.7032356262207,32.441802978515625,32.669517517089844
20001_0310_2,2024-05-23,33,30.345648,30.774518966674805,32.52189636230469,31.44209671020508
20001_0310_2,2024-05-23,34,30.826378,31.72612571716309,32.89566421508789,32.262718200683594
20001_0310_2,2024-05-23,35,31.970217,32.64167404174805,32.74882507324219,32.44715118408203
20001_0310_2,2024-05-23,36,31.844389,32.46792221069336,32.61533737182617,32.27351379394531
20001_0310_2,2024-05-23,37,31.584103,31.67352294921875,32.34835433959961,31.897964477539062
20001_0310_2,2024-05-23,38,31.61026,31.768156051635746,31.921192169189453,32.00879669189453
20001_0310_2,2024-05-23,39,31.988338,31.778823852539062,32.14812469482422,31.94440078735352
20001_0310_2,2024-05-23,40,31.569778,31.05484962463379,31.89449691772461,31.31027603149414
20001_0310_2,2024-05-23,41,30.572878,30.03682518005371,31.64086532592773,30.775619506835938
20001_0310_2,2024-05-23,42,30.701464,30.36955070495605,31.066864013671875,30.62945556640625
20001_0310_2,2024-05-23,43,30.792292,30.563087463378903,31.17365264892578,30.7263298034668
20001_0310_2,2024-05-23,44,30.784595,30.87820625305176,31.16030502319336,31.14950561523437
20001_0310_2,2024-05-23,45,29.379341,30.01733016967773,30.572948455810547,30.178783416748047
20001_0310_2,2024-05-23,46,29.122328,29.86408042907715,30.35936737060547,29.857784271240234
20001_0310_2,2024-05-23,47,29.274336,30.18276596069336,30.87997817993164,30.125770568847656
20001_0310_2,2024-05-23,48,29.153725,30.15804672241211,30.693092346191406,30.1055908203125
20001_0310_2,2024-05-23,49,29.836777,30.58067321777344,30.35936737060547,30.19466781616211
20001_0310_2,2024-05-23,50,29.588488,30.24319076538086,30.386066436767575,29.77080535888672
20001_0310_2,2024-05-23,51,30.474459,30.73224830627441,31.0401611328125,30.103614807128903
20001_0310_2,2024-05-23,52,31.109793,31.13802146911621,31.13360595703125,30.39252471923828
20001_0310_2,2024-05-23,53,31.110216,31.040695190429688,30.93337631225586,29.86211395263672
20001_0310_2,2024-05-23,54,29.236992,29.96627426147461,30.55960464477539,28.59381484985352
20001_0310_2,2024-05-23,55,33.024303,33.509429931640625,31.61417007446289,31.949604034423828
20001_0310_2,2024-05-23,56,32.23367,33.24592590332031,31.64086532592773,31.636775970458984
20001_0310_2,2024-05-23,57,32.650677,33.729400634765625,31.61417007446289,32.12799835205078
20001_0310_2,2024-05-23,58,33.036884,33.443973541259766,31.093563079833984,31.309253692626957
20001_0310_2,2024-05-23,59,31.362062,32.604347229003906,31.427284240722656,30.310997009277344
20001_0310_2,2024-05-23,60,30.987715,32.381866455078125,30.986766815185547,29.615703582763672
20001_0310_2,2024-05-23,61,30.090014,30.987159729003903,30.239227294921875,28.487773895263672
20001_0310_2,2024-05-23,62,29.808035,30.42020606994629,29.631855010986328,27.86962509155273
20001_0310_2,2024-05-23,63,29.504135,29.93871116638184,29.358203887939453,27.37067031860352
20001_0310_2,2024-05-23,64,29.151546,29.638872146606445,29.071197509765625,27.01314926147461
20001_0310_2,2024-05-23,65,29.164167,29.36930274963379,29.49169158935547,26.73712921142578
20001_0310_2,2024-05-23,66,29.064545,28.69648742675781,28.87096405029297,26.23971939086914
20001_0310_2,2024-05-23,67,29.145515,28.64621925354004,28.597312927246094,25.969379425048828
20001_0310_2,2024-05-23,68,28.709814,27.82088279724121,28.060020446777344,25.32286071777344
20001_0310_2,2024-05-23,69,28.704649,27.864091873168945,27.679576873779297,25.21963119506836
20001_0310_2,2024-05-23,70,28.45033,27.627689361572266,27.422607421875,25.02695083618164
20001_0310_2,2024-05-23,71,28.142284,27.28032493591309,27.330833435058597,24.744461059570312
20001_0310_2,2024-05-23,72,27.633831,27.025341033935547,27.082210540771484,24.51557922363281
20001_0310_2,2024-05-23,73,27.413065,26.82840156555176,27.08721923828125,24.366573333740234
20001_0310_2,2024-05-23,74,26.591427,26.192684173583984,26.232887268066406,23.33281707763672
20001_0310_2,2024-05-23,75,26.536348,25.861446380615234,26.221206665039062,23.31116485595703
20001_0310_2,2024-05-23,76,24.50331,23.71573638916016,24.282276153564453,21.47317123413086
20001_0310_2,2024-05-24,1,0.80701756,1.0417025089263916,2.512824058532715,3.0817675590515137
20001_0310_2,2024-05-24,2,2.2491229,4.576722145080566,4.921643257141113,4.888163566589356
20001_0310_2,2024-05-24,3,11.168811,12.858295440673828,13.090682983398438,11.882800102233888
20001_0310_2,2024-05-24,4,13.741842,14.927048683166504,14.556921005249023,13.373645782470703
20001_0310_2,2024-05-24,5,14.278799,15.684619903564451,15.132943153381348,13.969876289367676
20001_0310_2,2024-05-24,6,16.368748,17.82515525817871,17.018108367919922,15.175983428955078
20001_0310_2,2024-05-24,7,18.020895,20.013507843017575,19.63638687133789,17.128673553466797
20001_0310_2,2024-05-24,8,20.09122,22.16661834716797,21.35136032104492,18.457565307617188
20001_0310_2,2024-05-24,9,20.053585,22.47068214416504,21.128807067871094,18.126850128173828
20001_0310_2,2024-05-24,10,20.629047,23.241050720214844,21.403728485107425,18.29644775390625
20001_0310_2,2024-05-24,11,20.678953,23.50570106506348,21.744102478027344,18.34796905517578
20001_0310_2,2024-05-24,12,21.717264,24.029653549194336,22.437950134277344,18.89031219482422
20001_0310_2,2024-05-24,13,21.783651,24.23081970214844,22.922332763671875,18.36554718017578
20001_0310_2,2024-05-24,14,21.773775,24.588558197021484,23.25616455078125,18.013992309570312
20001_0310_2,2024-05-24,15,21.966759,24.869035720825195,23.511444091796875,18.054798126220703
20001_0310_2,2024-05-24,16,23.189962,26.559799194335938,24.506393432617188,19.12694931030273
20001_0310_2,2024-05-24,17,23.372843,26.979686737060547,25.48906707763672,19.1241455078125
20001_0310_2,2024-05-24,18,23.344723,27.32332992553711,25.40479278564453,18.915794372558597
20001_0310_2,2024-05-24,19,25.628302,29.572370529174805,27.226131439208984,20.32666015625
20001_0310_2,2024-05-24,20,26.084242,29.719444274902344,28.060710906982425,20.2563591003418
20001_0310_2,2024-05-24,21,26.751133,31.16596984863281,28.46654510498047,21.25914764404297
20001_0310_2,2024-05-24,22,25.212538,30.02050399780273,28.041072845458984,20.39398193359375
20001_0310_2,2024-05-24,23,25.482864,30.12152671813965,28.03452682495117,19.574485778808597
20001_0310_2,2024-05-24,24,26.02567,30.750732421875,28.63018798828125,20.06891250610352
20001_0310_2,2024-05-24,25,26.02731,30.417463302612305,28.558181762695312,20.06347274780273
20001_0310_2,2024-05-24,26,26.841906,31.10061454772949,28.9836540222168,20.34531021118164
20001_0310_2,2024-05-24,27,27.061087,31.21687889099121,29.369853973388672,20.073467254638672
20001_0310_2,2024-05-24,28,28.141815,32.55681228637695,29.978599548339844,20.976985931396484
20001_0310_2,2024-05-24,29,28.345695,33.029056549072266,30.096420288085938,21.27802276611328
20001_0310_2,2024-05-24,30,29.64222,34.52275848388672,30.750995635986328,22.31328582763672
20001_0310_2,2024-05-24,31,29.507504,34.4538459777832,30.881908416748047,22.659343719482425
20001_0310_2,2024-05-24,32,29.058943,34.7032356262207,30.515350341796875,22.71278381347656
20001_0310_2,2024-05-24,33,29.036629,30.774518966674805,30.606990814208984,21.25225067138672
20001_0310_2,2024-05-24,34,30.001644,31.72612571716309,31.196102142333984,22.525711059570312
20001_0310_2,2024-05-24,35,31.088299,32.64167404174805,31.641212463378903,23.05353164672852
20001_0310_2,2024-05-24,36,30.990995,32.46792221069336,31.379383087158203,22.843589782714844
20001_0310_2,2024-05-24,37,31.019985,31.67352294921875,31.471019744873047,22.69341278076172
20001_0310_2,2024-05-24,38,31.077974,31.768156051635746,31.209197998046875,22.70528030395508
20001_0310_2,2024-05-24,39,31.376644,31.778823852539062,31.497203826904297,22.956768035888672
20001_0310_2,2024-05-24,40,30.650995,31.05484962463379,31.327014923095703,22.432449340820312
20001_0310_2,2024-05-24,41,29.5451,30.03682518005371,30.82954406738281,21.564212799072266
20001_0310_2,2024-05-24,42,29.87622,30.36955070495605,30.593894958496094,21.8155517578125
20001_0310_2,2024-05-24,43,29.941288,30.563087463378903,30.868820190429688,22.13222885131836
20001_0310_2,2024-05-24,44,30.058846,30.87820625305176,30.47607421875,22.12179183959961
20001_0310_2,2024-05-24,45,29.77127,30.01733016967773,30.188064575195312,22.172557830810547
20001_0310_2,2024-05-24,46,29.359962,29.86408042907715,30.057151794433597,21.65980529785156
20001_0310_2,2024-05-24,47,29.686762,30.18276596069336,30.38443756103516,21.56243133544922
20001_0310_2,2024-05-24,48,29.49587,30.15804672241211,30.50225830078125,21.676448822021484
20001_0310_2,2024-05-24,49,29.705154,30.58067321777344,30.27970123291016,22.16318130493164
20001_0310_2,2024-05-24,50,29.278988,30.24319076538086,29.8345947265625,21.462833404541016
20001_0310_2,2024-05-24,51,30.08227,30.73224830627441,30.606990814208984,21.54578018188477
20001_0310_2,2024-05-24,52,30.472755,31.13802146911621,30.59389877319336,21.47906494140625
20001_0310_2,2024-05-24,53,30.560266,31.040695190429688,30.84263610839844,21.63162612915039
20001_0310_2,2024-05-24,54,29.01692,29.96627426147461,30.240428924560547,20.21773147583008
20001_0310_2,2024-05-24,55,33.59051,33.509429931640625,31.43174743652344,23.32062530517578
20001_0310_2,2024-05-24,56,32.96937,33.24592590332031,31.78521728515625,23.10702896118164
20001_0310_2,2024-05-24,57,33.481472,33.729400634765625,31.60193634033203,23.60176086425781
20001_0310_2,2024-05-24,58,33.135887,33.443973541259766,31.1175537109375,23.10300064086914
20001_0310_2,2024-05-24,59,31.960375,32.604347229003906,31.43174743652344,22.060813903808597
20001_0310_2,2024-05-24,60,31.408669,32.381866455078125,31.025917053222656,21.357616424560547
20001_0310_2,2024-05-24,61,29.955635,30.987159729003903,30.25352096557617,20.430423736572266
20001_0310_2,2024-05-24,62,29.18909,30.42020606994629,29.598949432373047,19.91335678100586
20001_0310_2,2024-05-24,63,28.441874,29.93871116638184,29.47458267211914,19.539737701416016
20001_0310_2,2024-05-24,64,28.227415,29.638872146606445,28.85928726196289,19.191097259521484
20001_0310_2,2024-05-24,65,27.998627,29.36930274963379,29.533496856689453,19.219024658203125
20001_0310_2,2024-05-24,66,27.96402,28.69648742675781,28.774192810058597,19.002376556396484
20001_0310_2,2024-05-24,67,27.839897,28.64621925354004,28.97056198120117,19.31665802001953
20001_0310_2,2024-05-24,68,27.234335,27.82088279724121,28.38799285888672,18.843509674072266
20001_0310_2,2024-05-24,69,27.117361,27.864091873168945,28.44690704345703,18.954837799072266
20001_0310_2,2024-05-24,70,26.832153,27.627689361572266,28.073802947998047,18.948768615722656
20001_0310_2,2024-05-24,71,26.523235,27.28032493591309,28.132713317871094,18.908222198486328
20001_0310_2,2024-05-24,72,26.466175,27.025341033935547,27.79888153076172,18.85673141479492
20001_0310_2,2024-05-24,73,26.359983,26.82840156555176,27.7890625,18.597705841064453
20001_0310_2,2024-05-24,74,25.669584,26.192684173583984,26.98066711425781,18.048519134521484
20001_0310_2,2024-05-24,75,25.388224,25.861446380615234,27.039581298828125,18.199932098388672
20001_0310_2,2024-05-24,76,23.989538,23.71573638916016,24.62421417236328,15.925982475280762
20001_0310_2,2024-05-25,1,1.3157895,1.2430121898651123,1.4926207065582275,0.0
20001_0310_2,2024-05-25,2,5.5614033,5.49270486831665,3.356361627578736,2.4135587215423584
20001_0310_2,2024-05-25,3,10.654971,10.7034273147583,10.75955581665039,9.393683433532717
20001_0310_2,2024-05-25,4,13.748474,12.060948371887209,12.70095443725586,11.048870086669922
20001_0310_2,2024-05-25,5,14.330634,12.945600509643556,13.788135528564451,13.057065963745115
20001_0310_2,2024-05-25,6,15.758317,15.016389846801758,16.19546890258789,15.31907558441162
20001_0310_2,2024-05-25,7,16.705898,16.2313289642334,18.21452140808105,17.216848373413086
20001_0310_2,2024-05-25,8,19.390093,18.869850158691406,20.25946044921875,19.39159774780273
20001_0310_2,2024-05-25,9,19.402666,18.911510467529297,20.958362579345703,20.08480834960937
20001_0310_2,2024-05-25,10,19.994905,19.614625930786133,21.30781555175781,20.39103889465332
20001_0310_2,2024-05-25,11,20.10632,19.77874565124512,21.942005157470703,21.03863906860352
20001_0310_2,2024-05-25,12,23.640406,20.369518280029297,22.55031013488769,21.90666389465332
20001_0310_2,2024-05-25,13,23.7082,20.4697380065918,22.77033424377441,21.89948081970215
20001_0310_2,2024-05-25,14,23.745436,20.57149124145508,23.378639221191406,22.193748474121094
20001_0310_2,2024-05-25,15,23.681635,20.62781143188477,23.779861450195312,22.231006622314453
20001_0310_2,2024-05-25,16,24.960253,22.02509117126465,24.87351417541504,23.802942276000977
20001_0310_2,2024-05-25,17,25.164505,22.209590911865234,26.02642059326172,24.362892150878903
20001_0310_2,2024-05-25,18,25.243454,22.24139213562012,26.11520004272461,24.489362716674805
20001_0310_2,2024-05-25,19,26.662447,24.09101104736328,27.921506881713867,26.444337844848636
20001_0310_2,2024-05-25,20,27.000004,23.686511993408203,28.60746955871582,26.69425392150879
20001_0310_2,2024-05-25,21,27.795073,24.66843032836914,28.924562454223636,27.633893966674805
20001_0310_2,2024-05-25,22,28.019142,25.080326080322266,28.57511138916016,27.21812438964844
20001_0310_2,2024-05-25,23,28.15532,25.06695938110352,28.55569839477539,27.140918731689453
20001_0310_2,2024-05-25,24,29.016724,25.882762908935547,28.956920623779297,27.557924270629883
20001_0310_2,2024-05-25,25,28.683594,25.737171173095703,28.950448989868164,27.434326171875
20001_0310_2,2024-05-25,26,29.964619,26.80862808227539,29.306371688842773,28.35093879699707
20001_0310_2,2024-05-25,27,29.416693,26.771825790405277,29.66876602172852,28.31049346923828
20001_0310_2,2024-05-25,28,30.56651,28.75693893432617,30.76889038085937,29.989965438842773
20001_0310_2,2024-05-25,29,30.213726,28.905710220336918,30.730060577392575,30.391895294189453
20001_0310_2,2024-05-25,30,31.9629,30.79349899291992,32.10198211669922,32.33357620239258
20001_0310_2,2024-05-25,31,31.004694,30.4113883972168,31.674877166748047,31.953113555908203
20001_0310_2,2024-05-25,32,31.178204,31.12604713439941,31.59721946716309,32.06953430175781
20001_0310_2,2024-05-25,33,32.892353,28.74640464782715,31.765474319458008,30.84606170654297
20001_0310_2,2024-05-25,34,33.036217,29.90458106994629,32.19258117675781,31.5379638671875
20001_0310_2,2024-05-25,35,34.088837,31.329965591430664,32.45143127441406,32.144046783447266
20001_0310_2,2024-05-25,36,33.774548,31.029220581054688,32.3349494934082,31.889307022094727
20001_0310_2,2024-05-25,37,32.64082,30.23079490661621,32.51614761352539,31.92738342285156
20001_0310_2,2024-05-25,38,33.089928,30.11663246154785,32.3349494934082,32.036895751953125
20001_0310_2,2024-05-25,39,33.1955,29.819828033447266,32.114925384521484,31.82809257507324
20001_0310_2,2024-05-25,40,32.368565,29.303333282470703,32.06315231323242,31.40867805480957
20001_0310_2,2024-05-25,41,30.990562,28.131494522094727,31.920787811279297,30.742584228515625
20001_0310_2,2024-05-25,42,31.365456,28.346893310546875,31.545448303222656,30.978759765625
20001_0310_2,2024-05-25,43,31.353052,28.535076141357425,31.59721946716309,30.868549346923828
20001_0310_2,2024-05-25,44,31.412058,28.76263427734375,31.467792510986328,30.936368942260746
20001_0310_2,2024-05-25,45,30.606144,28.17671585083008,30.87242889404297,30.045202255249023
20001_0310_2,2024-05-25,46,30.462177,27.875600814819336,30.61357879638672,29.76585578918457
20001_0310_2,2024-05-25,47,30.804283,28.19883346557617,31.014802932739254,29.94945335388184
20001_0310_2,2024-05-25,48,30.88508,28.23032760620117,30.924203872680664,29.97050666809082
20001_0310_2,2024-05-25,49,31.142391,28.21905899047852,30.80771827697754,30.261802673339844
20001_0310_2,2024-05-25,50,30.004173,27.390172958374023,30.31589698791504,29.52217102050781
20001_0310_2,2024-05-25,51,31.522875,27.93927001953125,30.820661544799805,29.801380157470703
20001_0310_2,2024-05-25,52,31.73379,28.38115882873535,30.8853759765625,29.99955177307129
20001_0310_2,2024-05-25,53,31.366774,28.32761573791504,30.63946533203125,29.47093391418457
20001_0310_2,2024-05-25,54,29.508747,26.028270721435547,29.83702087402344,28.16332626342773
20001_0310_2,2024-05-25,55,33.117867,30.08829116821289,30.93714714050293,31.487285614013672
20001_0310_2,2024-05-25,56,32.164635,29.67669677734375,31.092456817626957,31.263202667236328
20001_0310_2,2024-05-25,57,32.200695,29.97320556640625,30.56180763244629,31.317686080932617
20001_0310_2,2024-05-25,58,30.668129,28.076122283935547,30.09587287902832,30.69659996032715
20001_0310_2,2024-05-25,59,29.929237,26.98455238342285,30.16058349609375,29.480867385864254
20001_0310_2,2024-05-25,60,27.836689,25.22390556335449,29.597583770751957,28.698699951171875
20001_0310_2,2024-05-25,61,25.934391,23.721826553344727,28.782196044921875,27.688810348510746
20001_0310_2,2024-05-25,62,25.057787,23.00668716430664,27.85679626464844,26.81912422180176
20001_0310_2,2024-05-25,63,24.83226,22.495441436767575,27.52028465270996,26.525020599365234
20001_0310_2,2024-05-25,64,24.203852,22.13409996032715,26.92815971374512,26.216724395751957
20001_0310_2,2024-05-25,65,23.944805,21.932891845703125,26.98640251159668,25.98399543762207
20001_0310_2,2024-05-25,66,23.746244,21.536212921142575,26.368391036987305,25.432762145996094
20001_0310_2,2024-05-25,67,23.553556,21.64546775817871,25.977685928344727,25.417404174804688
20001_0310_2,2024-05-25,68,22.646753,21.25713348388672,25.428430557250977,24.586444854736328
20001_0310_2,2024-05-25,69,22.646753,21.28620338439941,25.167150497436523,24.632543563842773
20001_0310_2,2024-05-25,70,22.279016,21.16840362548828,24.391401290893555,24.187183380126957
20001_0310_2,2024-05-25,71,22.190699,20.893142700195312,23.78633117675781,23.865203857421875
20001_0310_2,2024-05-25,72,22.090399,20.60910415649414,23.24274063110352,23.45170783996582
20001_0310_2,2024-05-25,73,22.07506,20.445772171020508,22.66032218933105,23.149656295776367
20001_0310_2,2024-05-25,74,21.134577,19.798633575439453,21.52783966064453,22.114133834838867
20001_0310_2,2024-05-25,75,21.038336,19.545743942260746,21.372528076171875,21.81136512756348
20001_0310_2,2024-05-25,76,19.560713,17.381542205810547,18.47337532043457,18.96600151062012
20001_0310_2,2024-05-26,1,3.1378572,0.9069584608078004,0.0,0.0
20001_0310_2,2024-05-26,2,4.5664287,5.322512626647949,0.3542007207870483,0.7895330190658569
20001_0310_2,2024-05-26,3,11.6378565,9.428565979003906,8.195669174194336,8.01336669921875
20001_0310_2,2024-05-26,4,14.51465,11.127596855163574,9.545854568481444,9.260619163513184
20001_0310_2,2024-05-26,5,15.216483,12.10594081878662,9.441994667053224,9.974254608154297
20001_0310_2,2024-05-26,6,16.006172,13.434297561645508,10.999902725219728,11.512367248535156
20001_0310_2,2024-05-26,7,16.224815,13.707160949707031,12.817461013793944,13.42173957824707
20001_0310_2,2024-05-26,8,18.446491,16.25973892211914,13.85606575012207,14.370452880859377
20001_0310_2,2024-05-26,9,18.923307,16.365604400634766,13.4925537109375,14.38290786743164
20001_0310_2,2024-05-26,10,19.264849,17.092849731445312,14.193613052368164,15.103727340698242
20001_0310_2,2024-05-26,11,19.586277,17.29190444946289,14.063787460327148,15.198575973510742
20001_0310_2,2024-05-26,12,20.37076,17.949064254760742,14.609054565429688,15.723031997680664
20001_0310_2,2024-05-26,13,20.242188,17.99781036376953,14.816776275634766,15.540180206298828
20001_0310_2,2024-05-26,14,20.313616,18.11787223815918,15.206253051757812,15.925519943237305
20001_0310_2,2024-05-26,15,20.577578,18.158737182617188,15.413972854614258,15.837928771972656
20001_0310_2,2024-05-26,16,21.359735,19.69154930114746,16.192928314208984,16.827987670898438
20001_0310_2,2024-05-26,17,21.395449,19.802101135253903,16.76416015625,16.887937545776367
20001_0310_2,2024-05-26,18,21.327816,19.874786376953125,17.049776077270508,17.305883407592773
20001_0310_2,2024-05-26,19,22.210752,20.727842330932617,18.60768318176269,18.821401596069336
20001_0310_2,2024-05-26,20,22.048536,20.180234909057617,19.269794464111328,19.055776596069336
20001_0310_2,2024-05-26,21,22.58425,20.49832344055176,20.07471466064453,20.38472366333008
20001_0310_2,2024-05-26,22,22.691284,20.8702392578125,19.724184036254883,20.060701370239254
20001_0310_2,2024-05-26,23,22.897419,21.368579864501957,19.78909683227539,19.980937957763672
20001_0310_2,2024-05-26,24,23.565569,22.208349227905277,20.10067749023437,20.290407180786133
20001_0310_2,2024-05-26,25,22.79275,21.98046875,20.45120620727539,20.70682907104492
20001_0310_2,2024-05-26,26,23.316559,22.68833351135254,20.72384262084961,21.457971572875977
20001_0310_2,2024-05-26,27,22.722803,22.72761344909668,21.38595199584961,21.54932975769043
20001_0310_2,2024-05-26,28,23.695333,24.191150665283203,22.307714462280277,23.00027847290039
20001_0310_2,2024-05-26,29,23.8229,24.524280548095703,22.5738582611084,23.634742736816406
20001_0310_2,2024-05-26,30,25.53635,26.63298988342285,23.657899856567383,25.03653335571289
20001_0310_2,2024-05-26,31,24.962809,26.728084564208984,23.680620193481445,25.135711669921875
20001_0310_2,2024-05-26,32,25.191515,27.38374710083008,23.933780670166016,25.63229751586914
20001_0310_2,2024-05-26,33,21.799103,24.7305850982666,24.00193977355957,24.270694732666016
20001_0310_2,2024-05-26,34,22.200802,25.16924476623535,24.889619827270508,25.413301467895508
20001_0310_2,2024-05-26,35,23.425577,26.26351928710937,25.549501419067383,26.45727157592773
20001_0310_2,2024-05-26,36,22.644026,26.225378036499023,25.46065139770508,26.356708526611328
20001_0310_2,2024-05-26,37,22.201498,25.9570426940918,25.61826705932617,26.289623260498047
20001_0310_2,2024-05-26,38,22.151459,25.971267700195312,25.17767143249512,26.252817153930664
20001_0310_2,2024-05-26,39,22.012707,25.29994010925293,25.493310928344727,26.361631393432617
20001_0310_2,2024-05-26,40,12.508105,25.028854370117188,25.09734344482422,25.68479347229004
20001_0310_2,2024-05-26,41,12.0522585,24.20278549194336,24.576417922973636,24.815155029296875
20001_0310_2,2024-05-26,42,12.971364,24.56062889099121,24.60887336730957,25.420948028564453
20001_0310_2,2024-05-26,43,12.850824,24.76663589477539,24.738698959350582,25.22058486938477
20001_0310_2,2024-05-26,44,12.993682,24.795015335083008,24.255098342895508,24.999290466308597
20001_0310_2,2024-05-26,45,12.387002,24.024999618530277,23.985708236694336,24.41571044921875
20001_0310_2,2024-05-26,46,12.099526,23.762592315673828,23.631935119628903,24.043701171875
20001_0310_2,2024-05-26,47,12.313812,23.943124771118164,24.005184173583984,24.06282997131348
20001_0310_2,2024-05-26,48,12.091668,23.950489044189453,23.813690185546875,23.980411529541016
20001_0310_2,2024-05-26,49,12.584562,23.86800193786621,23.17754554748535,23.556581497192383
20001_0310_2,2024-05-26,50,12.028464,22.820667266845703,22.911401748657227,23.126140594482425
20001_0310_2,2024-05-26,51,12.769931,23.03988647460937,23.612462997436523,23.518667221069336
20001_0310_2,2024-05-26,52,12.571513,22.972003936767575,23.28789710998535,23.368200302124023
20001_0310_2,2024-05-26,53,12.028398,22.778369903564453,23.229476928710938,22.91136932373047
20001_0310_2,2024-05-26,54,9.455907,20.357295989990234,22.81403541564941,21.778902053833008
20001_0310_2,2024-05-26,55,13.778329,26.08480834960937,23.450180053710938,24.308155059814453
20001_0310_2,2024-05-26,56,12.421292,24.996612548828125,23.404741287231445,23.687360763549805
20001_0310_2,2024-05-26,57,12.488401,25.01205444335937,22.93087577819824,23.52147102355957
20001_0310_2,2024-05-26,58,11.0468855,23.89315795898437,22.18437957763672,22.570232391357425
20001_0310_2,2024-05-26,59,11.227275,23.17011070251465,22.249292373657227,21.590858459472656
20001_0310_2,2024-05-26,60,9.743615,22.10843276977539,21.04840469360352,20.10299491882324
20001_0310_2,2024-05-26,61,8.360086,20.58197593688965,20.11366271972656,18.78843307495117
20001_0310_2,2024-05-26,62,7.8120313,19.94412612915039,19.594358444213867,18.35702133178711
20001_0310_2,2024-05-26,63,6.459867,19.44808387756348,18.919265747070312,17.605348587036133
20001_0310_2,2024-05-26,64,5.6422706,19.00782012939453,18.82838630676269,17.339441299438477
20001_0310_2,2024-05-26,65,5.5639,18.790903091430664,19.438566207885746,17.42853546142578
20001_0310_2,2024-05-26,66,5.355571,18.564697265625,18.58171844482422,16.72215461730957
20001_0310_2,2024-05-26,67,5.1197953,18.46684837341309,18.60768318176269,16.600881576538086
20001_0310_2,2024-05-26,68,4.500808,17.806318283081055,18.60768318176269,16.547468185424805
20001_0310_2,2024-05-26,69,4.572236,17.918176651000977,18.58172035217285,16.415802001953125
20001_0310_2,2024-05-26,70,4.6079507,17.698970794677734,19.010143280029297,16.917545318603516
20001_0310_2,2024-05-26,71,4.1641474,17.323429107666016,19.152950286865234,16.904293060302734
20001_0310_2,2024-05-26,72,3.9988563,17.01854133605957,19.20488166809082,16.740243911743164
20001_0310_2,2024-05-26,73,3.8265061,16.846450805664062,19.23084831237793,16.648456573486328
20001_0310_2,2024-05-26,74,1.4284972,16.370479583740234,19.399620056152344,16.827911376953125
20001_0310_2,2024-05-26,75,1.1231822,16.054967880249023,20.00979995727539,17.133262634277344
20001_0310_2,2024-05-26,76,0.10714286,14.833979606628418,18.19224166870117,15.622476577758787
20001_0310_2,2024-05-27,1,1.219432,1.0417025089263916,0.0,0.0
20001_0310_2,2024-05-27,2,2.5119028,4.576722145080566,0.0,0.0
20001_0310_2,2024-05-27,3,13.712258,12.858295440673828,0.0,0.0
20001_0310_2,2024-05-27,4,16.022781,14.927048683166504,0.0,1.2878236770629885
20001_0310_2,2024-05-27,5,17.292574,15.684619903564451,0.0,3.702856540679932
20001_0310_2,2024-05-27,6,19.433886,17.82515525817871,2.08776330947876,6.437157154083252
20001_0310_2,2024-05-27,7,21.64592,20.013507843017575,4.079460620880127,8.019195556640625
20001_0310_2,2024-05-27,8,24.28287,22.16661834716797,5.502102375030518,9.739466667175291
20001_0310_2,2024-05-27,9,24.43299,22.47068214416504,7.778327465057373,11.700709342956545
20001_0310_2,2024-05-27,10,25.330595,23.241050720214844,9.542403221130373,13.483959197998049
20001_0310_2,2024-05-27,11,25.52931,23.50570106506348,10.339082717895508,14.527664184570312
20001_0310_2,2024-05-27,12,26.683815,24.029653549194336,11.192667007446287,15.258515357971191
20001_0310_2,2024-05-27,13,26.975409,24.23081970214844,13.38353443145752,16.704557418823242
20001_0310_2,2024-05-27,14,26.952497,24.588558197021484,14.521646499633787,17.853967666625977
20001_0310_2,2024-05-27,15,26.942846,24.869035720825195,15.432137489318848,18.50758934020996
20001_0310_2,2024-05-27,16,28.497297,26.559799194335938,16.76942253112793,19.868358612060547
20001_0310_2,2024-05-27,17,28.746107,26.979686737060547,17.537647247314453,19.95332145690918
20001_0310_2,2024-05-27,18,28.7737,27.32332992553711,18.84647750854492,21.147294998168945
20001_0310_2,2024-05-27,19,31.329998,29.572370529174805,20.745704650878903,22.88423156738281
20001_0310_2,2024-05-27,20,30.583258,29.719444274902344,20.944873809814453,22.56943702697754
20001_0310_2,2024-05-27,21,32.170013,31.16596984863281,22.266151428222656,23.76317977905273
20001_0310_2,2024-05-27,22,30.547123,30.02050399780273,22.118553161621094,24.036836624145508
20001_0310_2,2024-05-27,23,30.923676,30.12152671813965,22.64848518371582,24.283815383911133
20001_0310_2,2024-05-27,24,31.489952,30.750732421875,23.02548599243164,24.656707763671875
20001_0310_2,2024-05-27,25,31.103443,30.417463302612305,23.573204040527344,24.88861083984375
20001_0310_2,2024-05-27,26,31.560732,31.10061454772949,24.088911056518555,25.845014572143555
20001_0310_2,2024-05-27,27,31.73748,31.21687889099121,24.682863235473636,25.98729705810547
20001_0310_2,2024-05-27,28,33.711765,32.55681228637695,25.55067443847656,27.112367630004883
20001_0310_2,2024-05-27,29,34.082195,33.029056549072266,25.78896713256836,27.37195587158203
20001_0310_2,2024-05-27,30,35.712734,34.52275848388672,27.43211555480957,28.74273109436035
20001_0310_2,2024-05-27,31,35.499577,34.4538459777832,27.231170654296875,28.596799850463867
20001_0310_2,2024-05-27,32,35.87068,34.7032356262207,26.565195083618164,28.355457305908203
20001_0310_2,2024-05-27,33,31.95839,30.774518966674805,27.8802490234375,28.127246856689453
20001_0310_2,2024-05-27,34,32.656853,31.72612571716309,28.36394691467285,28.733959197998047
20001_0310_2,2024-05-27,35,33.709248,32.64167404174805,27.94782447814941,28.689382553100582
20001_0310_2,2024-05-27,36,33.614277,32.46792221069336,27.85535430908203,28.758634567260746
20001_0310_2,2024-05-27,37,33.82899,31.67352294921875,27.625953674316406,27.960180282592773
20001_0310_2,2024-05-27,38,34.294582,31.768156051635746,27.105356216430664,27.88777732849121
20001_0310_2,2024-05-27,39,34.55158,31.778823852539062,27.59038543701172,27.89546012878418
20001_0310_2,2024-05-27,40,34.68051,31.05484962463379,27.04356002807617,27.344995498657227
20001_0310_2,2024-05-27,41,33.647762,30.03682518005371,26.073495864868164,26.023935317993164
20001_0310_2,2024-05-27,42,33.89368,30.36955070495605,25.98102188110352,25.942445755004883
20001_0310_2,2024-05-27,43,34.06516,30.563087463378903,26.247766494750977,26.503684997558597
20001_0310_2,2024-05-27,44,34.22875,30.87820625305176,26.023704528808597,26.513002395629883
20001_0310_2,2024-05-27,45,32.931973,30.01733016967773,26.226428985595703,26.59853744506836
20001_0310_2,2024-05-27,46,32.734676,29.86408042907715,25.71072006225586,26.016429901123047
20001_0310_2,2024-05-27,47,33.042873,30.18276596069336,26.363359451293945,26.178077697753903
20001_0310_2,2024-05-27,48,33.200043,30.15804672241211,26.00592041015625,26.024002075195312
20001_0310_2,2024-05-27,49,33.0853,30.58067321777344,26.08416557312012,26.18864631652832
20001_0310_2,2024-05-27,50,32.52104,30.24319076538086,25.870769500732425,25.44511032104492
20001_0310_2,2024-05-27,51,33.148544,30.73224830627441,26.73502349853516,26.27762794494629
20001_0310_2,2024-05-27,52,33.315533,31.13802146911621,27.029333114624023,26.694839477539062
20001_0310_2,2024-05-27,53,32.99417,31.040695190429688,26.493173599243164,25.771434783935547
20001_0310_2,2024-05-27,54,31.242489,29.96627426147461,26.40070152282715,25.109600067138672
20001_0310_2,2024-05-27,55,34.60161,33.509429931640625,26.985763549804688,27.69287109375
20001_0310_2,2024-05-27,56,34.18522,33.24592590332031,27.2445068359375,27.323591232299805
20001_0310_2,2024-05-27,57,34.378452,33.729400634765625,27.11135673522949,27.464820861816406
20001_0310_2,2024-05-27,58,34.47542,33.443973541259766,26.60431861877441,27.04074478149414
20001_0310_2,2024-05-27,59,34.105614,32.604347229003906,26.86795234680176,26.29360580444336
20001_0310_2,2024-05-27,60,34.103092,32.381866455078125,25.90989112854004,25.015085220336918
20001_0310_2,2024-05-27,61,33.301052,30.987159729003903,25.479541778564453,24.4163818359375
20001_0310_2,2024-05-27,62,32.662457,30.42020606994629,25.621807098388672,24.589086532592773
20001_0310_2,2024-05-27,63,32.372856,29.93871116638184,25.237693786621094,23.979963302612305
20001_0310_2,2024-05-27,64,32.080677,29.638872146606445,24.686420440673828,23.72308921813965
20001_0310_2,2024-05-27,65,32.051487,29.36930274963379,24.74332427978516,23.153322219848636
20001_0310_2,2024-05-27,66,31.99301,28.69648742675781,24.17426872253418,22.64752960205078
20001_0310_2,2024-05-27,67,32.04776,28.64621925354004,23.84528350830078,22.636402130126957
20001_0310_2,2024-05-27,68,31.256931,27.82088279724121,23.077056884765625,21.926834106445312
20001_0310_2,2024-05-27,69,31.251585,27.864091873168945,22.77474594116211,21.871612548828125
20001_0310_2,2024-05-27,70,30.860327,27.627689361572266,22.71606063842773,22.13673591613769
20001_0310_2,2024-05-27,71,30.75466,27.28032493591309,22.342618942260746,21.777318954467773
20001_0310_2,2024-05-27,72,30.673113,27.025341033935547,21.691761016845703,21.007539749145508
20001_0310_2,2024-05-27,73,30.378956,26.82840156555176,21.051570892333984,20.318565368652344
20001_0310_2,2024-05-27,74,29.756178,26.192684173583984,20.510967254638672,20.08329391479492
20001_0310_2,2024-05-27,75,29.564714,25.861446380615234,19.67160987854004,19.25453186035156
20001_0310_2,2024-05-27,76,27.210052,23.71573638916016,16.25726890563965,15.88962459564209
20001_0310_2,2024-05-28,1,1.0573224,1.0417025089263916,14.110288619995115,11.57741928100586
20001_0310_2,2024-05-28,2,3.068123,4.576722145080566,15.500967025756836,13.00997829437256
20001_0310_2,2024-05-28,3,14.5136385,12.858295440673828,21.801586151123047,19.081966400146484
20001_0310_2,2024-05-28,4,17.004433,14.927048683166504,22.48273086547852,19.755373001098636
20001_0310_2,2024-05-28,5,17.982851,15.684619903564451,22.00025177001953,19.451156616210938
20001_0310_2,2024-05-28,6,20.476326,17.82515525817871,23.660551071166992,21.399810791015625
20001_0310_2,2024-05-28,7,23.646612,20.013507843017575,25.58071517944336,23.02821159362793
20001_0310_2,2024-05-28,8,26.021915,22.16661834716797,26.692014694213867,24.39435768127441
20001_0310_2,2024-05-28,9,25.976122,22.47068214416504,26.29878044128418,23.65134620666504
20001_0310_2,2024-05-28,10,26.503725,23.241050720214844,26.077829360961918,23.43781089782715
20001_0310_2,2024-05-28,11,26.632391,23.50570106506348,27.084028244018555,24.35853385925293
20001_0310_2,2024-05-28,12,27.29294,24.029653549194336,26.98824119567871,24.046401977539062
20001_0310_2,2024-05-28,13,27.36399,24.23081970214844,27.62681770324707,24.68012237548828
20001_0310_2,2024-05-28,14,27.60979,24.588558197021484,27.747438430786133,24.78826141357422
20001_0310_2,2024-05-28,15,27.760838,24.869035720825195,28.03479766845703,24.94436454772949
20001_0310_2,2024-05-28,16,29.461063,26.559799194335938,29.14521026611328,26.30900382995605
20001_0310_2,2024-05-28,17,29.836859,26.979686737060547,29.329687118530277,26.179975509643555
20001_0310_2,2024-05-28,18,29.91503,27.32332992553711,29.159400939941406,26.205242156982425
20001_0310_2,2024-05-28,19,32.729107,29.572370529174805,29.93278694152832,27.42806434631348
20001_0310_2,2024-05-28,20,32.073105,29.719444274902344,30.826793670654297,27.97867584228516
20001_0310_2,2024-05-28,21,34.76698,31.16596984863281,31.19574737548828,28.887126922607425
20001_0310_2,2024-05-28,22,33.027313,30.02050399780273,30.826793670654297,28.43246459960937
20001_0310_2,2024-05-28,23,33.133827,30.12152671813965,31.096416473388672,28.72384452819824
20001_0310_2,2024-05-28,24,33.670704,30.750732421875,31.138988494873047,28.83766746520996
20001_0310_2,2024-05-28,25,33.067837,30.417463302612305,30.95451164245605,28.36978912353516
20001_0310_2,2024-05-28,26,33.621685,31.10061454772949,31.18155670166016,28.977710723876957
20001_0310_2,2024-05-28,27,33.4662,31.21687889099121,31.692419052124023,29.45506858825684
20001_0310_2,2024-05-28,28,35.305275,32.55681228637695,31.479564666748047,29.96375846862793
20001_0310_2,2024-05-28,29,35.82321,33.029056549072266,31.720800399780277,30.439281463623047
20001_0310_2,2024-05-28,30,37.421448,34.52275848388672,32.103946685791016,31.36689567565918
20001_0310_2,2024-05-28,31,37.631977,34.4538459777832,32.458709716796875,31.684860229492188
20001_0310_2,2024-05-28,32,38.019424,34.7032356262207,32.27423858642578,31.75575828552246
20001_0310_2,2024-05-28,33,34.050205,30.774518966674805,32.472900390625,30.7262020111084
20001_0310_2,2024-05-28,34,34.766655,31.72612571716309,32.941192626953125,31.5064640045166
20001_0310_2,2024-05-28,35,35.76416,32.64167404174805,33.2108154296875,32.28472900390625
20001_0310_2,2024-05-28,36,35.84293,32.46792221069336,33.0972900390625,32.357295989990234
20001_0310_2,2024-05-28,37,35.823933,31.67352294921875,32.543853759765625,31.6071834564209
20001_0310_2,2024-05-28,38,35.967953,31.768156051635746,32.785099029541016,32.0627555847168
20001_0310_2,2024-05-28,39,36.048466,31.778823852539062,32.72833633422852,31.94871711730957
20001_0310_2,2024-05-28,40,36.065952,31.05484962463379,32.927001953125,32.10535430908203
20001_0310_2,2024-05-28,41,34.238117,30.03682518005371,32.31681060791016,31.194610595703125
20001_0310_2,2024-05-28,42,34.342556,30.36955070495605,32.06137466430664,31.39642143249512
20001_0310_2,2024-05-28,43,34.475754,30.563087463378903,32.586429595947266,31.945819854736328
20001_0310_2,2024-05-28,44,34.626797,30.87820625305176,32.487091064453125,32.06234359741211
20001_0310_2,2024-05-28,45,33.936108,30.01733016967773,31.891090393066406,31.098133087158203
20001_0310_2,2024-05-28,46,33.824417,29.86408042907715,31.52213287353516,30.742454528808597
20001_0310_2,2024-05-28,47,34.166744,30.18276596069336,32.23166275024414,31.332258224487305
20001_0310_2,2024-05-28,48,34.143784,30.15804672241211,32.43033218383789,31.345043182373047
20001_0310_2,2024-05-28,49,34.577946,30.58067321777344,31.947851181030277,31.22103500366211
20001_0310_2,2024-05-28,50,33.774548,30.24319076538086,31.93366241455078,30.59703254699707
20001_0310_2,2024-05-28,51,34.44833,30.73224830627441,32.30261993408203,31.23048973083496
20001_0310_2,2024-05-28,52,34.43317,31.13802146911621,32.57223892211914,31.704477310180664
20001_0310_2,2024-05-28,53,34.37314,31.040695190429688,32.770904541015625,31.57147026062012
20001_0310_2,2024-05-28,54,32.381996,29.96627426147461,32.62900161743164,30.762651443481445
20001_0310_2,2024-05-28,55,36.481342,33.509429931640625,33.381099700927734,33.52578353881836
20001_0310_2,2024-05-28,56,36.096687,33.24592590332031,33.139862060546875,33.05873489379883
20001_0310_2,2024-05-28,57,36.580322,33.729400634765625,32.9837646484375,33.09489822387695
20001_0310_2,2024-05-28,58,36.543877,33.443973541259766,32.799285888671875,32.76713943481445
20001_0310_2,2024-05-28,59,35.217155,32.604347229003906,33.18243408203125,32.376407623291016
20001_0310_2,2024-05-28,60,34.597725,32.381866455078125,32.85604476928711,31.962928771972656
20001_0310_2,2024-05-28,61,33.227283,30.987159729003903,32.38776016235352,31.245363235473636
20001_0310_2,2024-05-28,62,32.281555,30.42020606994629,31.84851837158203,30.85379409790039
20001_0310_2,2024-05-28,63,31.871485,29.93871116638184,32.11813735961914,31.04314994812012
20001_0310_2,2024-05-28,64,31.44899,29.638872146606445,32.31681060791016,31.101078033447266
20001_0310_2,2024-05-28,65,31.21598,29.36930274963379,31.99042320251465,30.51148796081543
20001_0310_2,2024-05-28,66,31.19232,28.69648742675781,30.99708366394043,29.82210922241211
20001_0310_2,2024-05-28,67,31.304424,28.64621925354004,31.720800399780277,30.688255310058597
20001_0310_2,2024-05-28,68,30.705877,27.82088279724121,31.02546501159668,29.64037322998047
20001_0310_2,2024-05-28,69,30.751196,27.864091873168945,30.65651130676269,29.71238136291504
20001_0310_2,2024-05-28,70,30.697823,27.627689361572266,29.64897727966309,28.72378158569336
20001_0310_2,2024-05-28,71,30.221073,27.28032493591309,30.415267944335938,29.254114151000977
20001_0310_2,2024-05-28,72,29.77764,27.025341033935547,30.202411651611328,29.002540588378903
20001_0310_2,2024-05-28,73,29.648394,26.82840156555176,28.797542572021484,27.72953224182129
20001_0310_2,2024-05-28,74,29.088549,26.192684173583984,28.137680053710938,26.76776885986328
20001_0310_2,2024-05-28,75,28.659702,25.861446380615234,28.22282218933105,26.22055435180664
20001_0310_2,2024-05-28,76,26.374638,23.71573638916016,26.023283004760746,23.949382781982425
20001_0310_2,2024-05-29,1,1.0483024,1.0417025089263916,16.903034210205078,17.21790313720703
20001_0310_2,2024-05-29,2,3.107468,4.576722145080566,15.232661247253418,15.590003967285156
20001_0310_2,2024-05-29,3,13.078822,12.858295440673828,19.76858901977539,19.497791290283203
20001_0310_2,2024-05-29,4,15.93829,14.927048683166504,21.81335830688477,21.019454956054688
20001_0310_2,2024-05-29,5,16.702944,15.684619903564451,22.31015014648437,22.886592864990234
20001_0310_2,2024-05-29,6,19.258615,17.82515525817871,22.5693473815918,23.10389709472656
20001_0310_2,2024-05-29,7,22.342531,20.013507843017575,24.232521057128903,24.380577087402344
20001_0310_2,2024-05-29,8,24.422098,22.16661834716797,26.244888305664062,26.50832748413086
20001_0310_2,2024-05-29,9,24.791332,22.47068214416504,27.18087387084961,27.27102279663086
20001_0310_2,2024-05-29,10,25.326845,23.241050720214844,27.854061126708984,27.992156982421875
20001_0310_2,2024-05-29,11,25.442461,23.50570106506348,28.365253448486328,28.48151397705078
20001_0310_2,2024-05-29,12,26.221031,24.029653549194336,28.96284484863281,29.05767822265625
20001_0310_2,2024-05-29,13,26.40336,24.23081970214844,29.23644256591797,29.135406494140625
20001_0310_2,2024-05-29,14,26.75449,24.588558197021484,29.01324462890625,28.49059295654297
20001_0310_2,2024-05-29,15,26.766321,24.869035720825195,30.150829315185547,29.713890075683597
20001_0310_2,2024-05-29,16,28.180891,26.559799194335938,30.74121856689453,30.49072265625
20001_0310_2,2024-05-29,17,28.680462,26.979686737060547,30.827613830566406,30.309356689453125
20001_0310_2,2024-05-29,18,28.820124,27.32332992553711,31.25960922241211,30.732574462890625
20001_0310_2,2024-05-29,19,31.942453,29.572370529174805,32.26759338378906,31.901893615722656
20001_0310_2,2024-05-29,20,31.54941,29.719444274902344,32.85798645019531,32.261112213134766
20001_0310_2,2024-05-29,21,33.08177,31.16596984863281,33.14598083496094,32.85956954956055
20001_0310_2,2024-05-29,22,31.395182,30.02050399780273,33.44837188720703,33.00832748413086
20001_0310_2,2024-05-29,23,31.668293,30.12152671813965,33.37637710571289,32.793785095214844
20001_0310_2,2024-05-29,24,32.39679,30.750732421875,33.750770568847656,33.281742095947266
20001_0310_2,2024-05-29,25,32.097363,30.417463302612305,33.50597381591797,32.86466217041016
20001_0310_2,2024-05-29,26,32.876347,31.10061454772949,33.72196960449219,33.54529571533203
20001_0310_2,2024-05-29,27,32.875443,31.21687889099121,34.269161224365234,33.84089279174805
20001_0310_2,2024-05-29,28,34.668877,32.55681228637695,34.96034622192383,35.06599426269531
20001_0310_2,2024-05-29,29,35.19972,33.029056549072266,34.931549072265625,35.31634521484375
20001_0310_2,2024-05-29,30,37.088413,34.52275848388672,35.737937927246094,36.51304244995117
20001_0310_2,2024-05-29,31,36.84112,34.4538459777832,35.62274169921875,36.31196212768555
20001_0310_2,2024-05-29,32,37.385853,34.7032356262207,35.3923454284668,36.07823944091797
20001_0310_2,2024-05-29,33,32.751583,30.774518966674805,35.53634262084961,35.09930419921875
20001_0310_2,2024-05-29,34,33.820816,31.72612571716309,35.53634262084961,35.38220977783203
20001_0310_2,2024-05-29,35,34.93021,32.64167404174805,36.34272766113281,36.38120269775391
20001_0310_2,2024-05-29,36,34.57687,32.46792221069336,35.737937927246094,35.75278854370117
20001_0310_2,2024-05-29,37,34.168312,31.67352294921875,35.56513977050781,35.37117385864258
20001_0310_2,2024-05-29,38,34.584717,31.768156051635746,35.44994354248047,35.6752815246582
20001_0310_2,2024-05-29,39,34.762356,31.778823852539062,35.50754165649414,35.54389190673828
20001_0310_2,2024-05-29,40,34.820717,31.05484962463379,35.161949157714844,34.98065185546875
20001_0310_2,2024-05-29,41,33.16876,30.03682518005371,35.19074249267578,34.65068054199219
20001_0310_2,2024-05-29,42,33.41323,30.36955070495605,34.81635284423828,34.573020935058594
20001_0310_2,2024-05-29,43,33.57003,30.563087463378903,35.046749114990234,35.052284240722656
20001_0310_2,2024-05-29,44,33.762,30.87820625305176,34.729949951171875,34.91007232666016
20001_0310_2,2024-05-29,45,33.366688,30.01733016967773,34.326759338378906,34.25043869018555
20001_0310_2,2024-05-29,46,33.39585,29.86408042907715,33.53477478027344,33.506568908691406
20001_0310_2,2024-05-29,47,33.95108,30.18276596069336,34.2115592956543,34.06745529174805
20001_0310_2,2024-05-29,48,33.92283,30.15804672241211,34.182762145996094,33.8386344909668
20001_0310_2,2024-05-29,49,34.29411,30.58067321777344,33.89476776123047,34.07743453979492
20001_0310_2,2024-05-29,50,33.508152,30.24319076538086,34.326759338378906,34.27385711669922
20001_0310_2,2024-05-29,51,34.326984,30.73224830627441,34.61475372314453,34.410587310791016
20001_0310_2,2024-05-29,52,34.781807,31.13802146911621,34.44195556640625,34.0936279296875
20001_0310_2,2024-05-29,53,34.73014,31.040695190429688,34.49955749511719,34.27656555175781
20001_0310_2,2024-05-29,54,33.21435,29.96627426147461,33.89476776123047,32.98461151123047
20001_0310_2,2024-05-29,55,35.633743,33.509429931640625,35.017948150634766,36.12769317626953
20001_0310_2,2024-05-29,56,35.47752,33.24592590332031,34.81635284423828,35.49925994873047
20001_0310_2,2024-05-29,57,35.835506,33.729400634765625,34.98915100097656,36.19790649414063
20001_0310_2,2024-05-29,58,36.131516,33.443973541259766,34.816349029541016,35.840457916259766
20001_0310_2,2024-05-29,59,35.58156,32.604347229003906,34.78755187988281,34.82080078125
20001_0310_2,2024-05-29,60,35.905754,32.381866455078125,34.49955749511719,34.33696365356445
20001_0310_2,2024-05-29,61,34.572803,30.987159729003903,34.153961181640625,33.784889221191406
20001_0310_2,2024-05-29,62,33.77322,30.42020606994629,33.07398223876953,33.024417877197266
20001_0310_2,2024-05-29,63,33.601894,29.93871116638184,32.713985443115234,32.48850631713867
20001_0310_2,2024-05-29,64,33.25897,29.638872146606445,32.36839294433594,32.14703369140625
20001_0310_2,2024-05-29,65,33.129063,29.36930274963379,32.51239013671875,31.952621459960938
20001_0310_2,2024-05-29,66,33.042416,28.69648742675781,32.26759719848633,31.72759246826172
20001_0310_2,2024-05-29,67,33.06299,28.64621925354004,32.224395751953125,31.92612075805664
20001_0310_2,2024-05-29,68,32.63194,27.82088279724121,31.61960220336914,31.3405876159668
20001_0310_2,2024-05-29,69,32.70695,27.864091873168945,31.158809661865234,31.178890228271484
20001_0310_2,2024-05-29,70,32.387627,27.627689361572266,30.77001571655273,30.864261627197266
20001_0310_2,2024-05-29,71,31.964478,27.28032493591309,31.389205932617188,31.42266845703125
20001_0310_2,2024-05-29,72,31.751062,27.025341033935547,30.55401992797852,30.79855728149414
20001_0310_2,2024-05-29,73,31.496683,26.82840156555176,30.626022338867188,30.88909149169922
20001_0310_2,2024-05-29,74,31.042286,26.192684173583984,29.39483642578125,29.90515518188477
20001_0310_2,2024-05-29,75,30.997673,25.861446380615234,29.495635986328125,30.10760498046875
20001_0310_2,2024-05-29,76,29.417427,23.71573638916016,26.462684631347656,27.326602935791016
20001_0310_2,2024-05-30,1,2.9885714,1.0417025089263916,6.045847892761231,2.082376003265381
20001_0310_2,2024-05-30,2,5.738571,4.576722145080566,6.92320442199707,4.094338417053223
20001_0310_2,2024-05-30,3,11.9075,12.858295440673828,16.72035789489746,15.23399257659912
20001_0310_2,2024-05-30,4,13.50682,14.927048683166504,19.07460021972656,17.642669677734375
20001_0310_2,2024-05-30,5,14.013351,15.684619903564451,18.928375244140625,18.55133056640625
20001_0310_2,2024-05-30,6,15.316925,17.82515525817871,21.0194091796875,20.59488677978516
20001_0310_2,2024-05-30,7,15.495497,20.013507843017575,23.46869659423828,22.778453826904297
20001_0310_2,2024-05-30,8,18.256598,22.16661834716797,25.23802947998047,24.812191009521484
20001_0310_2,2024-05-30,9,18.140131,22.47068214416504,26.226886749267575,25.30987930297852
20001_0310_2,2024-05-30,10,18.280966,23.241050720214844,26.11630249023437,25.311450958251957
20001_0310_2,2024-05-30,11,18.196318,23.50570106506348,26.487350463867188,25.3969841003418
20001_0310_2,2024-05-30,12,18.49493,24.029653549194336,27.02290344238281,26.333091735839844
20001_0310_2,2024-05-30,13,18.530643,24.23081970214844,28.14062118530273,27.11859893798828
20001_0310_2,2024-05-30,14,18.41297,24.588558197021484,28.26125717163086,26.957050323486328
20001_0310_2,2024-05-30,15,18.591541,24.869035720825195,28.16255569458008,26.67963409423828
20001_0310_2,2024-05-30,16,19.770113,26.559799194335938,29.156890869140625,28.05020523071289
20001_0310_2,2024-05-30,17,19.757166,26.979686737060547,29.83684539794922,28.439430236816406
20001_0310_2,2024-05-30,18,19.828594,27.32332992553711,30.041561126708984,28.538848876953125
20001_0310_2,2024-05-30,19,20.79288,29.572370529174805,31.97174453735352,31.00811004638672
20001_0310_2,2024-05-30,20,20.17491,29.719444274902344,32.39580535888672,30.97384262084961
20001_0310_2,2024-05-30,21,20.210464,31.16596984863281,33.00994873046875,32.27565383911133
20001_0310_2,2024-05-30,22,20.412695,30.02050399780273,32.36655807495117,31.21040344238281
20001_0310_2,2024-05-30,23,20.813236,30.12152671813965,32.52740478515625,31.193546295166016
20001_0310_2,2024-05-30,24,21.47339,30.750732421875,33.185420989990234,31.89459991455078
20001_0310_2,2024-05-30,25,20.79452,30.417463302612305,32.96608352661133,31.681808471679688
20001_0310_2,2024-05-30,26,21.961308,31.10061454772949,33.75570297241211,32.86931228637695
20001_0310_2,2024-05-30,27,21.980331,31.21687889099121,33.828819274902344,32.63718795776367
20001_0310_2,2024-05-30,28,23.161747,32.55681228637695,34.442970275878906,33.950889587402344
20001_0310_2,2024-05-30,29,23.044674,33.029056549072266,34.38447952270508,34.31161880493164
20001_0310_2,2024-05-30,30,26.508068,34.52275848388672,35.23258972167969,35.654354095458984
20001_0310_2,2024-05-30,31,25.603868,34.4538459777832,35.086360931396484,35.18574142456055
20001_0310_2,2024-05-30,32,26.002033,34.7032356262207,34.969383239746094,35.389129638671875
20001_0310_2,2024-05-30,33,25.18181,30.774518966674805,34.969383239746094,33.98046875
20001_0310_2,2024-05-30,34,25.16384,31.72612571716309,35.49579620361328,34.62596130371094
20001_0310_2,2024-05-30,35,26.556406,32.64167404174805,35.75900650024414,35.09537124633789
20001_0310_2,2024-05-30,36,26.807756,32.46792221069336,35.61277770996094,35.089599609375
20001_0310_2,2024-05-30,37,26.236866,31.67352294921875,35.671268463134766,35.047847747802734
20001_0310_2,2024-05-30,38,26.6214,31.768156051635746,35.40806198120117,34.9831657409668
20001_0310_2,2024-05-30,39,26.337164,31.778823852539062,35.29108047485352,34.76435470581055
20001_0310_2,2024-05-30,40,18.424606,31.05484962463379,35.1156120300293,34.20807647705078
20001_0310_2,2024-05-30,41,16.62504,30.03682518005371,34.647682189941406,33.285579681396484
20001_0310_2,2024-05-30,42,16.555182,30.36955070495605,34.0920295715332,33.39616394042969
20001_0310_2,2024-05-30,43,16.524675,30.563087463378903,34.589195251464844,33.77401351928711
20001_0310_2,2024-05-30,44,16.548216,30.87820625305176,34.32598876953125,33.80044174194336
20001_0310_2,2024-05-30,45,14.994107,30.01733016967773,34.00429153442383,33.356101989746094
20001_0310_2,2024-05-30,46,14.449179,29.86408042907715,33.7995719909668,33.128173828125
20001_0310_2,2024-05-30,47,14.750341,30.18276596069336,34.29674530029297,33.15510559082031
20001_0310_2,2024-05-30,48,14.789983,30.15804672241211,33.97504425048828,32.661170959472656
20001_0310_2,2024-05-30,49,15.029978,30.58067321777344,33.50712203979492,32.85188674926758
20001_0310_2,2024-05-30,50,14.396564,30.24319076538086,33.69721603393555,32.70090103149414
20001_0310_2,2024-05-30,51,14.41567,30.73224830627441,34.38447952270508,33.24040603637695
20001_0310_2,2024-05-30,52,14.364619,31.13802146911621,34.29674530029297,33.311038970947266
20001_0310_2,2024-05-30,53,13.984391,31.040695190429688,34.3552360534668,33.25154113769531
20001_0310_2,2024-05-30,54,9.909301,29.96627426147461,33.94580078125,31.84443664550781
20001_0310_2,2024-05-30,55,13.851026,33.509429931640625,34.998626708984375,35.455440521240234
20001_0310_2,2024-05-30,56,12.403152,33.24592590332031,35.1156120300293,35.0063362121582
20001_0310_2,2024-05-30,57,12.394224,33.729400634765625,35.086360931396484,35.54526901245117
20001_0310_2,2024-05-30,58,11.17631,33.443973541259766,34.76466751098633,34.85304260253906
20001_0310_2,2024-05-30,59,10.377901,32.604347229003906,34.76466751098633,33.82148361206055
20001_0310_2,2024-05-30,60,9.998712,32.381866455078125,34.150516510009766,33.03886032104492
20001_0310_2,2024-05-30,61,8.255119,30.987159729003903,33.91655731201172,32.099552154541016
20001_0310_2,2024-05-30,62,7.7816396,30.42020606994629,32.87834930419922,31.127246856689453
20001_0310_2,2024-05-30,63,7.187169,29.93871116638184,32.732120513916016,31.07822799682617
20001_0310_2,2024-05-30,64,6.385713,29.638872146606445,32.644386291503906,30.92120361328125
20001_0310_2,2024-05-30,65,6.185294,29.36930274963379,32.87834930419922,30.551368713378903
20001_0310_2,2024-05-30,66,6.1279716,28.69648742675781,32.46891403198242,30.28706741333008
20001_0310_2,2024-05-30,67,5.9374123,28.64621925354004,32.48353576660156,30.11672592163086
20001_0310_2,2024-05-30,68,4.404999,27.82088279724121,31.98637008666992,29.48956680297852
20001_0310_2,2024-05-30,69,4.4764276,27.864091873168945,31.123634338378903,29.00046157836914
20001_0310_2,2024-05-30,70,4.1237645,27.627689361572266,30.816558837890625,28.62381362915039
20001_0310_2,2024-05-30,71,3.682243,27.28032493591309,30.65570831298828,28.405113220214844
20001_0310_2,2024-05-30,72,3.2914867,27.025341033935547,30.480239868164062,28.015369415283203
20001_0310_2,2024-05-30,73,2.8038907,26.82840156555176,30.334014892578125,28.215972900390625
20001_0310_2,2024-05-30,74,1.6984665,26.192684173583984,29.52245712280273,27.39146041870117
20001_0310_2,2024-05-30,75,1.5304676,25.861446380615234,29.63943862915039,27.203887939453125
20001_0310_2,2024-05-30,76,0.17857143,23.71573638916016,27.040267944335938,24.42298126220703
20001_0310_2,2024-05-31,1,,1.0417025089263916,0.0,0.0
20001_0310_2,2024-05-31,2,,4.576722145080566,0.0,0.0
20001_0310_2,2024-05-31,3,,12.858295440673828,0.0,0.0
20001_0310_2,2024-05-31,4,,14.927048683166504,0.0,1.6121002435684204
20001_0310_2,2024-05-31,5,,15.684619903564451,0.0,2.140627384185791
20001_0310_2,2024-05-31,6,,17.82515525817871,0.0,3.353647470474243
20001_0310_2,2024-05-31,7,,20.013507843017575,2.5742788314819336,4.996833801269531
20001_0310_2,2024-05-31,8,,22.16661834716797,4.577779769897461,6.937632083892822
20001_0310_2,2024-05-31,9,,22.47068214416504,5.8299665451049805,7.974987983703613
20001_0310_2,2024-05-31,10,,23.241050720214844,6.769106864929199,9.088600158691406
20001_0310_2,2024-05-31,11,,23.50570106506348,7.770855903625488,10.31761646270752
20001_0310_2,2024-05-31,12,,24.029653549194336,9.05434799194336,11.379827499389648
20001_0310_2,2024-05-31,13,,24.23081970214844,11.496113777160645,13.21824073791504
20001_0310_2,2024-05-31,14,,24.588558197021484,11.245675086975098,13.028332710266112
20001_0310_2,2024-05-31,15,,24.869035720825195,11.996988296508787,13.536433219909668
20001_0310_2,2024-05-31,16,,26.559799194335938,13.155261993408203,14.95506763458252
20001_0310_2,2024-05-31,17,,26.979686737060547,14.78310489654541,15.824798583984377
20001_0310_2,2024-05-31,18,,27.32332992553711,15.205718040466309,16.07560920715332
20001_0310_2,2024-05-31,19,,29.572370529174805,16.864866256713867,17.513607025146484
20001_0310_2,2024-05-31,20,,29.719444274902344,17.522266387939453,17.624549865722656
20001_0310_2,2024-05-31,21,,31.16596984863281,18.98575782775879,18.631004333496094
20001_0310_2,2024-05-31,22,,30.02050399780273,19.181411743164062,18.742156982421875
20001_0310_2,2024-05-31,23,,30.12152671813965,19.666635513305664,19.05642509460449
20001_0310_2,2024-05-31,24,,30.750732421875,20.324033737182617,19.903566360473636
20001_0310_2,2024-05-31,25,,30.417463302612305,20.95012664794922,20.01385498046875
20001_0310_2,2024-05-31,26,,31.10061454772949,22.00274658203125,20.97414779663086
20001_0310_2,2024-05-31,27,,31.21687889099121,22.536884307861328,21.16161346435547
20001_0310_2,2024-05-31,28,,32.55681228637695,23.54841423034668,22.45122718811035
20001_0310_2,2024-05-31,29,,33.029056549072266,23.48580551147461,22.11139869689941
20001_0310_2,2024-05-31,30,,34.52275848388672,24.88669204711914,23.626853942871094
20001_0310_2,2024-05-31,31,,34.4538459777832,25.348434448242188,24.094377517700195
20001_0310_2,2024-05-31,32,,34.7032356262207,24.76147079467773,23.95820426940918
20001_0310_2,2024-05-31,33,,30.774518966674805,25.83365631103516,23.54292869567871
20001_0310_2,2024-05-31,34,,31.72612571716309,26.162355422973636,24.020776748657227
20001_0310_2,2024-05-31,35,,32.64167404174805,26.710187911987305,24.894214630126957
20001_0310_2,2024-05-31,36,,32.46792221069336,26.88236427307129,24.80179977416992
20001_0310_2,2024-05-31,37,,31.67352294921875,26.334531784057617,23.794551849365234
20001_0310_2,2024-05-31,38,,31.768156051635746,26.61627578735352,24.63438606262207
20001_0310_2,2024-05-31,39,,31.778823852539062,26.92149543762207,24.86338806152344
20001_0310_2,2024-05-31,40,,31.05484962463379,26.56149101257324,24.29354476928711
20001_0310_2,2024-05-31,41,,30.03682518005371,25.677133560180664,23.06060218811035
20001_0310_2,2024-05-31,42,,30.36955070495605,25.692785263061523,23.238224029541016
20001_0310_2,2024-05-31,43,,30.563087463378903,25.94322395324707,23.449462890625
20001_0310_2,2024-05-31,44,,30.87820625305176,25.755395889282227,23.667381286621094
20001_0310_2,2024-05-31,45,,30.01733016967773,25.91191864013672,23.51144218444824
20001_0310_2,2024-05-31,46,,29.86408042907715,25.77104759216309,23.415395736694336
20001_0310_2,2024-05-31,47,,30.18276596069336,26.381488800048828,24.06601905822754
20001_0310_2,2024-05-31,48,,30.15804672241211,25.692785263061523,23.524280548095703
20001_0310_2,2024-05-31,49,,30.58067321777344,26.326705932617188,24.12403106689453
20001_0310_2,2024-05-31,50,,30.24319076538086,25.31713104248047,23.109813690185547
20001_0310_2,2024-05-31,51,,30.73224830627441,25.974529266357425,23.354320526123047
20001_0310_2,2024-05-31,52,,31.13802146911621,26.569318771362305,24.150318145751957
20001_0310_2,2024-05-31,53,,31.040695190429688,27.281497955322266,24.416105270385746
20001_0310_2,2024-05-31,54,,29.96627426147461,26.483230590820312,22.91801643371582
20001_0310_2,2024-05-31,55,,33.509429931640625,27.218889236450195,25.665525436401367
20001_0310_2,2024-05-31,56,,33.24592590332031,27.547588348388672,25.578304290771484
20001_0310_2,2024-05-31,57,,33.729400634765625,27.633676528930664,25.92131233215332
20001_0310_2,2024-05-31,58,,33.443973541259766,27.258020401000977,25.60552978515625
20001_0310_2,2024-05-31,59,,32.604347229003906,27.58672142028809,24.867435455322266
20001_0310_2,2024-05-31,60,,32.381866455078125,26.796276092529297,23.99196434020996
20001_0310_2,2024-05-31,61,,30.987159729003903,26.131052017211918,23.1749210357666
20001_0310_2,2024-05-31,62,,30.42020606994629,26.381488800048828,23.46565818786621
20001_0310_2,2024-05-31,63,,29.93871116638184,26.131052017211918,23.080278396606445
20001_0310_2,2024-05-31,64,,29.638872146606445,25.4580020904541,22.645278930664062
20001_0310_2,2024-05-31,65,,29.36930274963379,24.9727783203125,21.78575325012207
20001_0310_2,2024-05-31,66,,28.69648742675781,24.87886428833008,21.97975349426269
20001_0310_2,2024-05-31,67,,28.64621925354004,25.01973533630371,22.321895599365234
20001_0310_2,2024-05-31,68,,27.82088279724121,24.4092960357666,22.062583923339844
20001_0310_2,2024-05-31,69,,27.864091873168945,24.3466854095459,21.72637367248535
20001_0310_2,2024-05-31,70,,27.627689361572266,23.806678771972656,21.23971176147461
20001_0310_2,2024-05-31,71,,27.28032493591309,23.744070053100582,21.46940422058105
20001_0310_2,2024-05-31,72,,27.025341033935547,23.595373153686523,21.18372344970703
20001_0310_2,2024-05-31,73,,26.82840156555176,22.143617630004883,19.916725158691406
20001_0310_2,2024-05-31,74,,26.192684173583984,21.9636173248291,19.69898796081543
20001_0310_2,2024-05-31,75,,25.861446380615234,21.48230743408203,19.279340744018555
20001_0310_2,2024-05-31,76,,23.71573638916016,19.40837287902832,17.60594940185547
