trip_id,service_day,pt_sequence,y_true,y_pred_QRU,y_pred_LSTM
20002_1320_1,2024-03-01,1,18.260133743286133,18.260133743286133,18.260133743286133
20002_1320_1,2024-03-01,2,24.704885482788086,24.704885482788086,24.704885482788086
20002_1320_1,2024-03-01,3,39.74264144897461,16.824471308543448,16.27594662274801
20002_1320_1,2024-03-01,4,40.816768646240234,14.715313841429257,21.940512089273835
20002_1320_1,2024-03-01,5,56.92864990234375,23.55007885958189,31.855415335512156
20002_1320_1,2024-03-01,6,67.66990661621094,37.97365827234671,46.25444242813789
20002_1320_1,2024-03-01,7,69.81815338134766,39.07902743866639,53.164815642521205
20002_1320_1,2024-03-01,8,71.74794006347656,58.88812962968003,57.764753610621455
20002_1320_1,2024-03-01,9,74.9703140258789,68.07702579370674,59.04503963020373
20002_1320_1,2024-03-01,10,79.26681518554688,67.82180063223272,59.35064855090998
20002_1320_1,2024-03-01,11,79.26681518554688,70.77486761991514,59.873485572917474
20002_1320_1,2024-03-01,12,78.06580352783203,73.3298620762281,60.069756298308455
20002_1320_1,2024-03-01,13,78.75926971435547,75.96362715493495,60.0414660509194
20002_1320_1,2024-03-01,14,77.56594848632812,74.85379571834589,59.997505172046274
20002_1320_1,2024-03-01,15,77.56594848632812,72.90758076053905,59.92137410959049
20002_1320_1,2024-03-01,16,79.71420288085938,74.71211219188555,60.02651543168976
20002_1320_1,2024-03-01,17,79.71420288085938,74.47725720943507,60.093380723346044
20002_1320_1,2024-03-01,18,78.5244369506836,74.6866936330853,60.09187666837714
20002_1320_1,2024-03-01,19,74.72386169433594,76.2332468463517,59.91565546134848
20002_1320_1,2024-03-01,20,74.61190032958984,75.2100250938397,59.79302727611709
20002_1320_1,2024-03-01,21,79.85323333740234,71.67411366706699,59.62396746013893
20002_1320_1,2024-03-01,22,79.73551940917969,71.67360965834204,59.8730595940812
20002_1320_1,2024-03-01,23,81.61579132080078,72.08442102370361,59.95788236879241
20002_1320_1,2024-03-01,24,75.01496124267578,76.42595081755348,59.50693171067199
20002_1320_1,2024-03-01,25,75.01496124267578,73.68123709054359,59.63076478226472
20002_1320_1,2024-03-01,26,79.31146240234375,62.962763658764025,59.4244571982876
20002_1320_1,2024-03-01,27,100.42440032958984,72.89856880247555,60.06556611721229
20002_1320_1,2024-03-01,28,101.19739532470703,70.53268298085015,60.77942847310532
20002_1320_1,2024-03-01,29,100.8774185180664,73.07135841545377,61.15160602209768
20002_1320_1,2024-03-01,30,99.49111938476562,79.7837918351851,61.49456608674976
20002_1320_1,2024-03-01,31,101.63937377929688,79.8496339286352,61.59973195070164
20002_1320_1,2024-03-01,32,101.27800750732422,79.83890657075263,61.679811120619995
20002_1320_1,2024-03-01,33,99.8514404296875,79.96412576415892,61.76747943656417
20002_1320_1,2024-03-01,34,98.60330200195312,79.93155609602255,61.85118412949794
20002_1320_1,2024-03-01,35,101.65165710449219,79.92140297168709,61.91490682129604
20002_1320_1,2024-03-01,36,101.32060241699219,79.85918474820267,62.03769546808732
20002_1320_1,2024-03-01,37,97.56798553466797,79.77375730649905,62.09807735841403
20002_1320_1,2024-03-01,38,95.06624603271484,80.00846863803625,62.14077780504371
20002_1320_1,2024-03-01,39,90.96013641357422,79.93064937505982,62.051155819261226
20002_1320_1,2024-03-01,40,88.64398956298828,79.67475663012542,61.90242089601594
20002_1320_1,2024-03-01,41,83.50521087646484,78.5435027665946,61.81088198367749
20002_1320_1,2024-03-01,42,70.65825653076172,77.78595486829647,61.33894958366231
20002_1320_1,2024-03-01,43,76.47129821777344,77.66295698741952,60.911791764305875
20002_1320_1,2024-03-01,44,74.99637603759766,69.89866235798436,60.52592646429325
20002_1320_1,2024-03-01,45,69.91188049316406,68.01860508951924,60.42803912110848
20002_1320_1,2024-03-01,46,67.36962890625,73.08735229698591,60.596941566048784
20002_1320_1,2024-03-01,47,62.28512954711914,70.81677552515026,59.95544685857815
20002_1320_1,2024-03-01,48,62.28512954711914,68.50580714607861,59.44144562820289
20002_1320_1,2024-03-01,49,61.01400375366211,64.36649837246841,58.8236726739938
20002_1320_1,2024-03-01,50,59.74287796020508,64.4290080796861,58.60304902494974
20002_1320_1,2024-03-01,51,58.47175216674805,63.327456071337444,58.192155142225374
20002_1320_1,2024-03-01,52,55.929500579833984,62.408026373557036,57.6054186060185
20002_1320_1,2024-03-01,53,55.929500579833984,60.910341639223276,57.050474574265316
20002_1320_1,2024-03-01,54,52.116127014160156,59.01189617965551,56.070622407358584
20002_1320_1,2024-03-01,55,52.116127014160156,58.60956118330427,55.38608623110056
20002_1320_1,2024-03-01,56,49.573875427246094,55.02285048029309,53.968301072637395
20002_1320_1,2024-03-01,57,49.573875427246094,54.7510444835995,53.301357331835376
20002_1320_1,2024-03-01,58,43.2182502746582,53.180068400841584,51.12013778931466
20002_1320_1,2024-03-01,59,35.59150314331055,53.979636473290526,47.06328759805447
20002_1320_1,2024-03-02,1,16.287073135375977,16.287073135375977,16.287073135375977
20002_1320_1,2024-03-02,2,24.9735107421875,24.9735107421875,24.9735107421875
20002_1320_1,2024-03-02,3,35.83155822753906,14.18049454256624,16.11282522754074
20002_1320_1,2024-03-02,4,43.432193756103516,13.140433047278044,20.245597821659835
20002_1320_1,2024-03-02,5,51.0328254699707,22.588239561222768,29.740410881139315
20002_1320_1,2024-03-02,6,55.37604522705078,34.615206811654524,41.68244845332806
20002_1320_1,2024-03-02,7,60.80506896972656,43.86062173778293,48.853693054174826
20002_1320_1,2024-03-02,8,62.976680755615234,52.22158162833978,52.91361183706377
20002_1320_1,2024-03-02,9,64.0434341430664,57.422553343790156,54.68000320977015
20002_1320_1,2024-03-02,10,65.12924194335938,62.62525562267312,55.77550269065795
20002_1320_1,2024-03-02,11,66.21504211425781,63.66336309169523,56.170353208284155
20002_1320_1,2024-03-02,12,66.21504211425781,65.54388807329376,56.56131985049342
20002_1320_1,2024-03-02,13,73.79789733886719,66.72107992940235,56.668099444849176
20002_1320_1,2024-03-02,14,69.39205169677734,66.89069667579888,56.988947077740264
20002_1320_1,2024-03-02,15,69.39205169677734,66.29984690441074,57.17944507695512
20002_1320_1,2024-03-02,16,69.39205169677734,69.6977029675671,57.51210955787053
20002_1320_1,2024-03-02,17,69.39205169677734,69.65971921012736,57.544082238135346
20002_1320_1,2024-03-02,18,70.46220397949219,69.76194948777942,57.52178234643851
20002_1320_1,2024-03-02,19,73.65433502197266,69.64419422044361,57.514996568977516
20002_1320_1,2024-03-02,20,74.7401351928711,68.01188421642763,57.78889182711775
20002_1320_1,2024-03-02,21,75.6338119506836,68.69473442010596,57.93184862801709
20002_1320_1,2024-03-02,22,75.51348876953125,72.15134906218859,58.25714480422842
20002_1320_1,2024-03-02,23,79.79837036132812,70.52069228296855,58.32440129376363
20002_1320_1,2024-03-02,24,76.2159194946289,72.16194169653392,58.43085948490206
20002_1320_1,2024-03-02,25,77.30172729492188,72.35888311028319,58.63475188916503
20002_1320_1,2024-03-02,26,86.97200012207031,71.77624276281543,58.68627730956854
20002_1320_1,2024-03-02,27,97.78634643554688,72.60446312114709,59.26394206696498
20002_1320_1,2024-03-02,28,94.4144058227539,71.55298492216994,59.80085321501718
20002_1320_1,2024-03-02,29,92.16644287109375,77.65695154019917,60.15824386153953
20002_1320_1,2024-03-02,30,93.21407318115234,79.38876184765417,60.3141597654009
20002_1320_1,2024-03-02,31,95.38568115234375,78.94215225035374,60.43587207470218
20002_1320_1,2024-03-02,32,94.15435791015625,78.85740305255337,60.48019373994258
20002_1320_1,2024-03-02,33,95.24015808105469,79.1086591169264,60.686719479791286
20002_1320_1,2024-03-02,34,96.32596588134766,78.71899696638438,60.83115849704913
20002_1320_1,2024-03-02,35,96.25121307373047,79.32049811264227,60.99626303770788
20002_1320_1,2024-03-02,36,90.30525207519531,79.65478864978581,60.92538624235981
20002_1320_1,2024-03-02,37,82.12898254394531,79.7105558876498,60.72908189102175
20002_1320_1,2024-03-02,38,80.97223663330078,78.4123226712556,60.58673147230121
20002_1320_1,2024-03-02,39,76.34525299072266,76.65355397763904,60.32251915397687
20002_1320_1,2024-03-02,40,76.7925796508789,77.12320096115181,59.79508890795802
20002_1320_1,2024-03-02,41,76.45034790039062,73.65965257588564,59.60900034572124
20002_1320_1,2024-03-02,42,69.28312683105469,67.26116916115097,59.16017716582384
20002_1320_1,2024-03-02,43,64.50497436523438,72.85790034272917,59.2327140304215
20002_1320_1,2024-03-02,44,62.11590576171875,70.12683595515324,58.53380923857266
20002_1320_1,2024-03-02,45,59.509368896484375,66.81077780898647,57.497903853138
20002_1320_1,2024-03-02,46,59.509368896484375,63.927181544650445,56.945327445932236
20002_1320_1,2024-03-02,47,54.651458740234375,60.339214652066794,55.978043143064696
20002_1320_1,2024-03-02,48,54.651458740234375,61.96067116145187,55.73132947525447
20002_1320_1,2024-03-02,49,54.651458740234375,56.99473814585343,54.81989513100157
20002_1320_1,2024-03-02,50,53.43698501586914,57.19827545645877,54.656845369319484
20002_1320_1,2024-03-02,51,47.36459732055664,58.16210269815648,53.51951525010517
20002_1320_1,2024-03-02,52,47.36459732055664,56.19823345984373,51.88089833150265
20002_1320_1,2024-03-02,53,46.150123596191406,49.59671402918752,49.50264478767891
20002_1320_1,2024-03-02,54,42.506690979003906,50.19085371977914,48.10868308283948
20002_1320_1,2024-03-02,55,42.506690979003906,48.34446801980663,46.059521754800215
20002_1320_1,2024-03-02,56,42.506690979003906,44.01384430520896,43.88734234140104
20002_1320_1,2024-03-02,57,42.506690979003906,44.031400890736805,43.58078620626456
20002_1320_1,2024-03-02,58,36.43430709838867,45.336838991175625,41.191843010992386
20002_1320_1,2024-03-02,59,29.147445678710938,46.18127222147607,34.90171285645272
20002_1320_1,2024-03-03,1,1.2217153310775757,1.2217153310775757,1.2217153310775757
20002_1320_1,2024-03-03,2,4.886861324310303,4.886861324310303,4.886861324310303
20002_1320_1,2024-03-03,3,7.330291748046875,4.770386386711149,12.90190035141083
20002_1320_1,2024-03-03,4,9.773722648620605,4.598462543643684,13.21605443860587
20002_1320_1,2024-03-03,5,12.217153549194336,5.93322934049187,13.75769943211758
20002_1320_1,2024-03-03,6,15.882299423217773,8.237057410007843,14.34348570098859
20002_1320_1,2024-03-03,7,19.54744529724121,9.627495195076012,15.156511535208493
20002_1320_1,2024-03-03,8,19.54744529724121,10.63505745437904,16.38736301009411
20002_1320_1,2024-03-03,9,19.54744529724121,16.151340025331855,17.415930872534055
20002_1320_1,2024-03-03,10,23.21259117126465,20.098588731177603,17.965510650961424
20002_1320_1,2024-03-03,11,23.21259117126465,17.750211956172755,19.018312022365528
20002_1320_1,2024-03-03,12,23.21259117126465,18.25455415524743,20.22184099004496
20002_1320_1,2024-03-03,13,30.47500991821289,24.078541768476775,21.15338362389896
20002_1320_1,2024-03-03,14,29.08978271484375,22.39502310361759,23.15282290806445
20002_1320_1,2024-03-03,15,29.08978271484375,21.625748452736822,25.262613083000293
20002_1320_1,2024-03-03,16,29.08978271484375,29.727961400528343,28.117554651972775
20002_1320_1,2024-03-03,17,29.08978271484375,29.636478215486477,28.4252078475184
20002_1320_1,2024-03-03,18,32.75492858886719,29.5402388621665,28.69822811914496
20002_1320_1,2024-03-03,19,33.97664260864258,28.684114645960634,30.34068588640733
20002_1320_1,2024-03-03,20,35.198360443115234,28.763062411490356,32.62308871392454
20002_1320_1,2024-03-03,21,33.84457778930664,33.18450002181058,35.13638299731772
20002_1320_1,2024-03-03,22,31.13701057434082,35.14664728978023,34.79641250635423
20002_1320_1,2024-03-03,23,35.759735107421875,35.19030493200758,32.43213939708218
20002_1320_1,2024-03-03,24,34.229862213134766,30.865847693647744,31.086587512963764
20002_1320_1,2024-03-03,25,34.229862213134766,27.540346100950412,32.115207714293696
20002_1320_1,2024-03-03,26,35.451576232910156,31.75758945880675,34.99475186602308
20002_1320_1,2024-03-03,27,35.30977249145508,34.71579085139762,36.21074742416171
20002_1320_1,2024-03-03,28,36.53148651123047,34.442811239042896,36.44466386170181
20002_1320_1,2024-03-03,29,35.178466796875,34.463364842839184,36.70909365333123
20002_1320_1,2024-03-03,30,35.178466796875,35.95176630174363,37.15858899794316
20002_1320_1,2024-03-03,31,35.178466796875,35.83060984769817,36.84576245965761
20002_1320_1,2024-03-03,32,35.178466796875,35.87776547140078,36.61463535202493
20002_1320_1,2024-03-03,33,35.178466796875,35.93230903333427,36.39585457925104
20002_1320_1,2024-03-03,34,35.178466796875,35.99160661600082,36.19748482867593
20002_1320_1,2024-03-03,35,35.178466796875,36.052604792508475,36.02468459396953
20002_1320_1,2024-03-03,36,33.8254508972168,36.40098351231142,35.3875903691149
20002_1320_1,2024-03-03,37,33.8254508972168,36.2934582265259,34.62164280260113
20002_1320_1,2024-03-03,38,33.8254508972168,34.71465341277793,33.6810063077412
20002_1320_1,2024-03-03,39,33.8254508972168,34.75482782242466,33.59895026968362
20002_1320_1,2024-03-03,40,29.766395568847656,35.649068555005485,32.06061865626958
20002_1320_1,2024-03-03,41,28.41337776184082,35.47570823370012,29.541073001717674
20002_1320_1,2024-03-03,42,27.060359954833984,30.782721387690426,25.824648196380483
20002_1320_1,2024-03-03,43,27.060359954833984,29.04304562720851,24.28338584581559
20002_1320_1,2024-03-03,44,25.70734214782715,27.745009758096717,22.90440369350064
20002_1320_1,2024-03-03,45,26.929058074951172,27.56896275876758,22.126878154650843
20002_1320_1,2024-03-03,46,26.929058074951172,25.74879930030281,21.548894599329422
20002_1320_1,2024-03-03,47,26.929058074951172,25.84678408911275,21.72778625241419
20002_1320_1,2024-03-03,48,25.582605361938477,27.474616935776687,21.646118016747184
20002_1320_1,2024-03-03,49,25.582605361938477,27.286924359100297,20.86805285286875
20002_1320_1,2024-03-03,50,25.582605361938477,25.720118970696074,20.009152762637537
20002_1320_1,2024-03-03,51,26.804319381713867,25.693027731009714,19.796063153842567
20002_1320_1,2024-03-03,52,26.804319381713867,25.426440309378403,19.959963757799123
20002_1320_1,2024-03-03,53,26.804319381713867,25.549867900226594,20.228076013569527
20002_1320_1,2024-03-03,54,23.982812881469727,27.516769619194847,19.82347095147385
20002_1320_1,2024-03-03,55,23.982812881469727,27.205976594401502,18.910331722234446
20002_1320_1,2024-03-03,56,19.750551223754883,24.88037465486909,17.14766431668924
20002_1320_1,2024-03-03,57,19.750551223754883,24.447243309363166,16.390729066652
20002_1320_1,2024-03-03,58,16.929044723510742,20.141691167779932,15.363508942733505
20002_1320_1,2024-03-03,59,12.696783065795898,20.77117998465341,14.760743392283546
20002_1320_1,2024-03-05,1,8.614697456359863,8.614697456359863,8.614697456359863
20002_1320_1,2024-03-05,2,9.691534996032715,9.691534996032715,9.691534996032715
20002_1320_1,2024-03-05,3,10.768372535705566,10.326986438817563,11.105568977944998
20002_1320_1,2024-03-05,4,12.922046661376953,10.053998728518717,11.414380963379678
20002_1320_1,2024-03-05,5,17.229394912719727,9.968945066346826,11.957705242798163
20002_1320_1,2024-03-05,6,23.690420150756836,11.482826310560064,13.095082432093644
20002_1320_1,2024-03-05,7,24.767255783081055,13.070543915200215,15.229809732963716
20002_1320_1,2024-03-05,8,27.99776840209961,17.66807081412705,18.214521947624625
20002_1320_1,2024-03-05,9,27.99776840209961,23.342637407817005,22.126815928260935
20002_1320_1,2024-03-05,10,27.99776840209961,26.055659998394553,24.779419129680637
20002_1320_1,2024-03-05,11,29.07460594177246,29.69017522803036,26.81873301320906
20002_1320_1,2024-03-05,12,27.99776840209961,29.676202114548616,27.208249122415847
20002_1320_1,2024-03-05,13,27.99776840209961,29.861962467791088,27.134059911686435
20002_1320_1,2024-03-05,14,27.99776840209961,29.467960851356192,27.434618032099024
20002_1320_1,2024-03-05,15,27.99776840209961,28.292971123523785,27.73569575013257
20002_1320_1,2024-03-05,16,27.99776840209961,29.43449534708411,28.717032344304965
20002_1320_1,2024-03-05,17,27.99776840209961,29.341002301241545,29.04704684286702
20002_1320_1,2024-03-05,18,26.920930862426758,29.68477343536426,28.36699454545779
20002_1320_1,2024-03-05,19,25.844093322753906,29.56679073246943,26.936428033479352
20002_1320_1,2024-03-05,20,26.920930862426758,26.681338705136202,25.6642168880672
20002_1320_1,2024-03-05,21,26.876062393188477,25.517197531548085,25.612063171027636
20002_1320_1,2024-03-05,22,26.876062393188477,26.425765033677532,26.74235261700501
20002_1320_1,2024-03-05,23,32.260250091552734,26.43283575428242,27.272250659989986
20002_1320_1,2024-03-05,24,33.26177215576172,26.748726516906515,29.8830489437434
20002_1320_1,2024-03-05,25,32.11481475830078,26.9868621087793,32.82186216694629
20002_1320_1,2024-03-05,26,45.90333557128906,32.70279151597287,35.18787123483426
20002_1320_1,2024-03-05,27,84.56930541992188,30.1382909940757,40.540399156877456
20002_1320_1,2024-03-05,28,83.42647552490234,20.46832293448811,52.70803735671561
20002_1320_1,2024-03-05,29,82.28364562988281,44.083714362637394,60.269310243600174
20002_1320_1,2024-03-05,30,82.21765899658203,77.30801039126356,61.95280011215198
20002_1320_1,2024-03-05,31,82.21765899658203,76.79324183839503,62.021325885221714
20002_1320_1,2024-03-05,32,80.94559478759766,76.62278912138319,62.026267056254554
20002_1320_1,2024-03-05,33,78.63286590576172,76.936640006938,62.08013653783674
20002_1320_1,2024-03-05,34,78.63286590576172,75.38684323814343,62.09442892535966
20002_1320_1,2024-03-05,35,77.47650146484375,75.42860111789793,62.14086143526489
20002_1320_1,2024-03-05,36,70.45877838134766,76.07922220698076,62.00473794623397
20002_1320_1,2024-03-05,37,66.99359130859375,75.30046979905416,61.81298032734362
20002_1320_1,2024-03-05,38,65.83853149414062,70.28773885946902,61.46170313066587
20002_1320_1,2024-03-05,39,59.9849967956543,69.33864606363147,61.03734368307654
20002_1320_1,2024-03-05,40,52.53057861328125,69.3271639934353,59.86455731607007
20002_1320_1,2024-03-05,41,51.18221664428711,62.37594810685517,57.764029624593164
20002_1320_1,2024-03-05,42,47.69252014160156,51.52026616534732,55.104192001077095
20002_1320_1,2024-03-05,43,49.58700942993164,52.95210943330289,54.400849779963465
20002_1320_1,2024-03-05,44,47.280635833740234,50.42444672419157,53.623476835819716
20002_1320_1,2024-03-05,45,47.280635833740234,46.725750349940256,53.20550530713133
20002_1320_1,2024-03-05,46,43.82107925415039,50.95911867314328,53.714572497602205
20002_1320_1,2024-03-05,47,40.36151885986328,51.22065550267186,51.99567014237659
20002_1320_1,2024-03-05,48,41.438358306884766,46.78934781064177,49.19850516751887
20002_1320_1,2024-03-05,49,41.438358306884766,42.43565254091091,47.583709487953314
20002_1320_1,2024-03-05,50,55.363014221191406,42.778330222061875,47.67877789951007
20002_1320_1,2024-03-05,51,48.3660774230957,42.43525975649028,49.69471744771438
20002_1320_1,2024-03-05,52,47.21450424194336,41.911018658137166,51.55391220945695
20002_1320_1,2024-03-05,53,47.21450424194336,50.12978395125042,54.336378296778676
20002_1320_1,2024-03-05,54,40.3050651550293,51.420398738824915,52.86104635045614
20002_1320_1,2024-03-05,55,40.3050651550293,50.62777125776188,50.45767098622663
20002_1320_1,2024-03-05,56,38.00191879272461,43.017228005141114,45.54513119924983
20002_1320_1,2024-03-05,57,36.850345611572266,43.00171183473813,43.70512967243307
20002_1320_1,2024-03-05,58,32.24405288696289,41.11215850727393,39.16108055338454
20002_1320_1,2024-03-05,59,27.637758255004883,40.202980002572815,33.012612521106476
20002_1320_1,2024-03-06,1,23.51543617248535,23.51543617248535,23.51543617248535
20002_1320_1,2024-03-06,2,29.928735733032227,29.928735733032227,29.928735733032227
20002_1320_1,2024-03-06,3,38.47980499267578,23.2617210516817,21.183504783797364
20002_1320_1,2024-03-06,4,47.0308723449707,22.303797931396332,27.704852806133342
20002_1320_1,2024-03-06,5,57.719703674316406,28.850068549732697,40.46260365437101
20002_1320_1,2024-03-06,6,76.95960998535156,37.779299954497276,51.6419992401847
20002_1320_1,2024-03-06,7,80.166259765625,45.34827996620855,58.00499321975443
20002_1320_1,2024-03-06,8,83.31269073486328,59.0857270280154,60.64919577981208
20002_1320_1,2024-03-06,9,84.3815689086914,74.15530447065164,61.77544389526114
20002_1320_1,2024-03-06,10,83.25648498535156,75.52940950808966,61.85843300357596
20002_1320_1,2024-03-06,11,83.25648498535156,77.3632503803471,61.932265951172305
20002_1320_1,2024-03-06,12,84.32537078857422,77.34509085508134,61.90548740754234
20002_1320_1,2024-03-06,13,82.97920989990234,77.55125440365703,61.80678596795303
20002_1320_1,2024-03-06,14,82.97920989990234,77.17534329641907,61.82122302114547
20002_1320_1,2024-03-06,15,80.73652648925781,75.51676792482183,61.72545937949755
20002_1320_1,2024-03-06,16,80.73652648925781,77.25528586692008,61.80089340146995
20002_1320_1,2024-03-06,17,80.73652648925781,76.33904573642889,61.763371098978254
20002_1320_1,2024-03-06,18,76.25116729736328,76.64780790606655,61.689559242990235
20002_1320_1,2024-03-06,19,74.00848388671875,76.58741379084843,61.60508670800142
20002_1320_1,2024-03-06,20,75.0773696899414,74.16922977744551,61.49335486281735
20002_1320_1,2024-03-06,21,77.06011199951172,73.04243750311588,61.409649460741456
20002_1320_1,2024-03-06,22,77.9852066040039,72.65036637962092,61.452946646944525
20002_1320_1,2024-03-06,23,77.9852066040039,70.73266680920594,61.555052238432054
20002_1320_1,2024-03-06,24,65.43010711669922,73.91635734071181,61.33744260204473
20002_1320_1,2024-03-06,25,65.43010711669922,75.20442422144994,61.27570963489952
20002_1320_1,2024-03-06,26,78.13826751708984,65.36078898878193,60.784739082912864
20002_1320_1,2024-03-06,27,101.4932861328125,65.10376468619526,61.23962285697834
20002_1320_1,2024-03-06,28,101.4088363647461,60.15906122812653,61.94994452103953
20002_1320_1,2024-03-06,29,102.47771453857422,72.51619614996991,62.51495002607473
20002_1320_1,2024-03-06,30,102.19081115722656,80.03318865574576,62.759936375748936
20002_1320_1,2024-03-06,31,102.19081115722656,80.06082437957994,62.861325435139136
20002_1320_1,2024-03-06,32,105.30508422851562,79.88368346260839,62.910334313936254
20002_1320_1,2024-03-06,33,105.10273742675781,80.14430409130125,63.01286536651327
20002_1320_1,2024-03-06,34,102.76712036132812,80.071281866394,63.0795267348234
20002_1320_1,2024-03-06,35,102.76712036132812,80.23285167086695,63.15571349839698
20002_1320_1,2024-03-06,36,106.94373321533203,80.23903705332816,63.208337654286574
20002_1320_1,2024-03-06,37,102.29399871826172,80.22633068844917,63.278731468736126
20002_1320_1,2024-03-06,38,101.1315689086914,80.16102048364607,63.3236900046774
20002_1320_1,2024-03-06,39,94.06343078613281,80.31186577349388,63.276511382286095
20002_1320_1,2024-03-06,40,93.41667938232422,80.25679852579903,63.18539065570356
20002_1320_1,2024-03-06,41,92.23418426513672,79.12939278695458,63.225042388135705
20002_1320_1,2024-03-06,42,80.40929412841797,78.30135372876532,63.03543798479003
20002_1320_1,2024-03-06,43,76.86182403564453,79.3283085255068,62.97198845980012
20002_1320_1,2024-03-06,44,74.49684143066406,76.48544618411697,62.70255749123647
20002_1320_1,2024-03-06,45,68.58439636230469,75.12601857271405,62.42197672476064
20002_1320_1,2024-03-06,46,65.03692626953125,73.7949628393921,62.082119218566675
20002_1320_1,2024-03-06,47,63.85443878173828,69.75435769240288,61.62330916638855
20002_1320_1,2024-03-06,48,63.85443878173828,66.84922975610516,61.32885923243758
20002_1320_1,2024-03-06,49,63.85443878173828,65.82832474352233,61.221844075227516
20002_1320_1,2024-03-06,50,65.99220275878906,65.81131272631114,61.19401176417473
20002_1320_1,2024-03-06,51,68.93690490722656,65.83650790590451,61.14441041078154
20002_1320_1,2024-03-06,52,66.51806640625,65.36327134458051,61.21916782230156
20002_1320_1,2024-03-06,53,66.51806640625,65.3937431526096,61.27997498521047
20002_1320_1,2024-03-06,54,61.680389404296875,68.50897686240121,61.201528134989296
20002_1320_1,2024-03-06,55,61.680389404296875,68.1142378280208,60.89596880327318
20002_1320_1,2024-03-06,56,60.470970153808594,64.18317291604278,60.33568480422777
20002_1320_1,2024-03-06,57,60.470970153808594,64.08112059398627,60.162381558112514
20002_1320_1,2024-03-06,58,55.63329315185547,63.75841174443192,59.619155209099844
20002_1320_1,2024-03-06,59,45.95793533325195,64.84108784825042,58.22367329815306
20002_1320_1,2024-03-07,1,24.631179809570312,24.631179809570312,24.631179809570312
20002_1320_1,2024-03-07,2,32.12762451171875,32.12762451171875,32.12762451171875
20002_1320_1,2024-03-07,3,38.55315017700195,23.811312961040656,23.090538328022213
20002_1320_1,2024-03-07,4,44.844810485839844,23.682984684405362,28.56924081746037
20002_1320_1,2024-03-07,5,51.27033615112305,31.349666495852375,39.251804167574214
20002_1320_1,2024-03-07,6,61.97954177856445,37.17770164423502,47.670447561200646
20002_1320_1,2024-03-07,7,64.12138366699219,44.7591311426189,54.44451249471805
20002_1320_1,2024-03-07,8,64.00487518310547,53.309626535333194,57.677211722058516
20002_1320_1,2024-03-07,9,63.8681526184082,64.34389225899265,59.22474212888092
20002_1320_1,2024-03-07,10,67.08091735839844,65.03207485352516,59.37608197192062
20002_1320_1,2024-03-07,11,67.08091735839844,64.51661635155081,59.61142252048189
20002_1320_1,2024-03-07,12,67.08091735839844,65.74874862645893,59.893461854934785
20002_1320_1,2024-03-07,13,76.21139526367188,69.03200675361819,59.92743217926989
20002_1320_1,2024-03-07,14,72.63898468017578,67.18928307380091,60.17766184030338
20002_1320_1,2024-03-07,15,73.70990753173828,63.914284509640424,60.301562077348215
20002_1320_1,2024-03-07,16,73.70990753173828,71.92810600278146,60.90205533903026
20002_1320_1,2024-03-07,17,74.78082275390625,71.96690355494695,60.936979394732106
20002_1320_1,2024-03-07,18,72.40682983398438,72.76922300510881,60.94739183686033
20002_1320_1,2024-03-07,19,74.08436584472656,73.15899719493642,60.779980502595805
20002_1320_1,2024-03-07,20,74.08436584472656,71.22731416598288,60.84288503273814
20002_1320_1,2024-03-07,21,75.93905639648438,68.48764966629098,60.75893960511236
20002_1320_1,2024-03-07,22,75.93905639648438,72.35299942662527,61.08085015502168
20002_1320_1,2024-03-07,23,75.53567504882812,71.42497531285912,61.005052034213406
20002_1320_1,2024-03-07,24,76.9405288696289,74.17056641320636,60.99896649805429
20002_1320_1,2024-03-07,25,75.73833465576172,70.97972775542158,61.052640110979105
20002_1320_1,2024-03-07,26,90.7312240600586,69.34780726858331,61.11795090523991
20002_1320_1,2024-03-07,27,105.58528900146484,72.10747885757834,61.65322871242975
20002_1320_1,2024-03-07,28,105.45637512207031,71.27898748945975,62.1138557024033
20002_1320_1,2024-03-07,29,103.05963897705078,78.3619111734929,62.39219679680845
20002_1320_1,2024-03-07,30,101.86127471923828,80.33675338362296,62.516727211489666
20002_1320_1,2024-03-07,31,101.86127471923828,80.23781146842086,62.56852963400543
20002_1320_1,2024-03-07,32,106.96098327636719,80.18138291291689,62.59200130613097
20002_1320_1,2024-03-07,33,105.65499114990234,80.08948749717291,62.73108748898475
20002_1320_1,2024-03-07,34,103.28072357177734,79.93625715449399,62.79042913614435
20002_1320_1,2024-03-07,35,105.42256927490234,80.35761561308365,62.88586923189389
20002_1320_1,2024-03-07,36,101.7553939819336,80.30503891906787,62.915296286966694
20002_1320_1,2024-03-07,37,96.9103012084961,80.34892191545366,62.90322382093353
20002_1320_1,2024-03-07,38,94.54663848876953,80.13440791822049,62.91413724621522
20002_1320_1,2024-03-07,39,90.55748748779297,79.7801441422637,62.79108734091117
20002_1320_1,2024-03-07,40,91.31295776367188,79.49203330792727,62.79148863342076
20002_1320_1,2024-03-07,41,91.98484802246094,77.97886146633724,62.74099503115992
20002_1320_1,2024-03-07,42,87.32738494873047,78.1200840663258,62.80812501180048
20002_1320_1,2024-03-07,43,91.51762390136719,78.0903637566314,62.82532980433374
20002_1320_1,2024-03-07,44,87.95474243164062,78.19199940610136,62.871008737093035
20002_1320_1,2024-03-07,45,77.53904724121094,78.3048423894193,62.679777352878396
20002_1320_1,2024-03-07,46,76.20899200439453,78.37036024832557,62.49161970979538
20002_1320_1,2024-03-07,47,73.86410522460938,74.88428858004195,62.184340861258484
20002_1320_1,2024-03-07,48,77.07686614990234,72.83027012280297,62.05188855347486
20002_1320_1,2024-03-07,49,77.07686614990234,72.33233669822913,62.1333921290064
20002_1320_1,2024-03-07,50,85.64423370361328,72.53506439253609,62.19067010251065
20002_1320_1,2024-03-07,51,85.47136688232422,73.83405996227441,62.444608334744345
20002_1320_1,2024-03-07,52,81.92221069335938,74.44564531467037,62.46039123960994
20002_1320_1,2024-03-07,53,81.92221069335938,77.18700726134836,62.57445454799053
20002_1320_1,2024-03-07,54,66.92237091064453,77.26134731700597,62.045994722056584
20002_1320_1,2024-03-07,55,66.92237091064453,77.07526731493473,61.66006675230916
20002_1320_1,2024-03-07,56,62.30703353881836,68.64795538336429,60.59219149132734
20002_1320_1,2024-03-07,57,62.30703353881836,68.28013520924296,60.25845096162489
20002_1320_1,2024-03-07,58,65.35397338867188,64.74078053287498,59.58504884402072
20002_1320_1,2024-03-07,59,44.71587371826172,66.83854103131343,57.93079735319313
20002_1320_1,2024-03-08,1,25.730501174926758,25.730501174926758,25.730501174926758
20002_1320_1,2024-03-08,2,31.091022491455078,31.091022491455078,31.091022491455078
20002_1320_1,2024-03-08,3,37.39994430541992,25.132972827056523,22.129379892024122
20002_1320_1,2024-03-08,4,41.688358306884766,24.175881122109796,26.422591306372684
20002_1320_1,2024-03-08,5,47.04888153076172,28.967513392987115,34.12692600037232
20002_1320_1,2024-03-08,6,54.553611755371094,37.3373159160504,42.64489947922735
20002_1320_1,2024-03-08,7,58.84202575683594,41.64192906618916,48.78375859435096
20002_1320_1,2024-03-08,8,62.05834197998047,48.09551058342336,53.32476819645574
20002_1320_1,2024-03-08,9,67.41886138916016,56.444344266677206,56.0719810731949
20002_1320_1,2024-03-08,10,67.41886138916016,60.286601805508276,57.49422632844504
20002_1320_1,2024-03-08,11,66.2564697265625,64.09351598764617,58.18567650452289
20002_1320_1,2024-03-08,12,67.32856750488281,68.53921504774189,58.59282439481017
20002_1320_1,2024-03-08,13,64.91815948486328,67.93144194968643,58.361322850517865
20002_1320_1,2024-03-08,14,63.7589111328125,67.71720959887162,58.233428991372264
20002_1320_1,2024-03-08,15,63.7589111328125,65.64883889003829,58.052186074591575
20002_1320_1,2024-03-08,16,63.67176055908203,65.70622186670938,58.017514460412656
20002_1320_1,2024-03-08,17,63.67176055908203,65.39250956537325,58.064340372652325
20002_1320_1,2024-03-08,18,61.18529510498047,65.12480634821821,57.78956139909798
20002_1320_1,2024-03-08,19,55.4130973815918,66.13825701624307,57.388907969336444
20002_1320_1,2024-03-08,20,55.4130973815918,61.493076663520384,56.6741923897269
20002_1320_1,2024-03-08,21,58.62940979003906,57.7606012187519,56.29485653194228
20002_1320_1,2024-03-08,22,59.546531677246094,57.546361772062006,56.472498495956174
20002_1320_1,2024-03-08,23,67.05126190185547,57.016441191539876,56.89726147949323
20002_1320_1,2024-03-08,24,60.515411376953125,59.85155595018884,56.64441865976496
20002_1320_1,2024-03-08,25,60.515411376953125,60.482002664602724,57.073742017201184
20002_1320_1,2024-03-08,26,69.02255249023438,52.45195322023045,56.81461090508598
20002_1320_1,2024-03-08,27,79.74359130859375,60.8406283488483,58.43004789499197
20002_1320_1,2024-03-08,28,81.72059631347656,59.224054119775936,59.246622590588856
20002_1320_1,2024-03-08,29,80.45783233642578,68.51606208804401,60.11723099557901
20002_1320_1,2024-03-08,30,87.86860656738281,74.37528065456408,60.4793106875003
20002_1320_1,2024-03-08,31,87.86860656738281,74.64415819953203,60.855613687177396
20002_1320_1,2024-03-08,32,83.96044158935547,75.73504391243644,60.84925983413898
20002_1320_1,2024-03-08,33,83.8499984741211,78.25087921954479,61.05940143723981
20002_1320_1,2024-03-08,34,82.66901397705078,76.06462071032647,61.03842608806947
20002_1320_1,2024-03-08,35,83.74111938476562,76.95052711890176,61.16899174330902
20002_1320_1,2024-03-08,36,82.5616683959961,76.93126672136106,61.25186303145789
20002_1320_1,2024-03-08,37,75.48495483398438,77.35444170814193,61.11410254662278
20002_1320_1,2024-03-08,38,73.12604522705078,77.23543721871326,60.96392912637721
20002_1320_1,2024-03-08,39,70.55244445800781,74.12200793923658,60.53300240338835
20002_1320_1,2024-03-08,40,64.46553802490234,73.04960035207941,59.9787103436462
20002_1320_1,2024-03-08,41,60.849239349365234,69.69639868686218,59.17167417781975
20002_1320_1,2024-03-08,42,58.41080856323242,64.83319831843241,58.150918257473684
20002_1320_1,2024-03-08,43,55.97826385498047,62.642498268712984,57.30893685325893
20002_1320_1,2024-03-08,44,52.47962188720703,60.4252752551959,56.30242127530677
20002_1320_1,2024-03-08,45,50.14719772338867,58.08505494971088,55.108200488185574
20002_1320_1,2024-03-08,46,47.81476974487305,55.65840545278949,53.70869071942031
20002_1320_1,2024-03-08,47,45.48234176635742,53.247213617327105,52.088111610248376
20002_1320_1,2024-03-08,48,46.554443359375,50.295588997632656,50.70495080904152
20002_1320_1,2024-03-08,49,46.554443359375,47.32356142840389,50.06793186568474
20002_1320_1,2024-03-08,50,48.69865417480469,47.42695078861124,50.371625774081096
20002_1320_1,2024-03-08,51,49.65509033203125,48.470964292002435,50.95330193543656
20002_1320_1,2024-03-08,52,47.29056167602539,48.615683115464606,51.11733715233621
20002_1320_1,2024-03-08,53,47.29056167602539,49.696523097831246,51.33081220841894
20002_1320_1,2024-03-08,54,44.81587219238281,50.157165310492175,50.388106522231425
20002_1320_1,2024-03-08,55,45.887977600097656,49.524516967027466,49.42692368703889
20002_1320_1,2024-03-08,56,41.05766296386719,46.26378823383242,47.05899143825825
20002_1320_1,2024-03-08,57,41.05766296386719,47.10106149059328,45.968495452583696
20002_1320_1,2024-03-08,58,37.43492889404297,43.39931436236939,42.50593080286903
20002_1320_1,2024-03-08,59,33.81219482421875,43.764425198668185,39.23779628305401
20002_1320_1,2024-03-11,1,26.573867797851562,26.573867797851562,26.573867797851562
20002_1320_1,2024-03-11,2,32.951595306396484,32.951595306396484,32.951595306396484
20002_1320_1,2024-03-11,3,43.507835388183594,26.46036162959228,23.763790857698474
20002_1320_1,2024-03-11,4,45.63374710083008,24.811913584562454,31.220451237154332
20002_1320_1,2024-03-11,5,50.89845657348633,31.99326613070512,40.53765809906815
20002_1320_1,2024-03-11,6,63.65391159057617,44.76195133819262,48.75753654530914
20002_1320_1,2024-03-11,7,70.0316390991211,44.16204501402282,52.97995930312936
20002_1320_1,2024-03-11,8,73.11626434326172,52.086893618838815,56.69537417999737
20002_1320_1,2024-03-11,9,75.24217224121094,64.8980433374349,58.70212578226014
20002_1320_1,2024-03-11,10,75.24217224121094,69.26326446636288,59.26896345389096
20002_1320_1,2024-03-11,11,72.92703247070312,72.65916517251135,59.456107134654374
20002_1320_1,2024-03-11,12,73.98998260498047,73.8044872729256,59.453809332398066
20002_1320_1,2024-03-11,13,79.02534484863281,72.63222816412174,59.25714184915425
20002_1320_1,2024-03-11,14,79.02534484863281,71.4820146408553,59.427343572380664
20002_1320_1,2024-03-11,15,79.02534484863281,70.38413922449263,59.577185742181044
20002_1320_1,2024-03-11,16,83.27716064453125,75.57099010072868,59.925615216581754
20002_1320_1,2024-03-11,17,83.27716064453125,75.1622818888449,60.04545390453423
20002_1320_1,2024-03-11,18,87.52898406982422,75.36193741238657,60.1543040613015
20002_1320_1,2024-03-11,19,86.24466705322266,77.16459146136185,60.32065462012539
20002_1320_1,2024-03-11,20,87.30762481689453,77.04064297088729,60.42081509814619
20002_1320_1,2024-03-11,21,90.42557525634766,77.37994178287605,60.51607578542847
20002_1320_1,2024-03-11,22,91.35380554199219,77.8270232883116,60.64936285302488
20002_1320_1,2024-03-11,23,90.1611099243164,77.80919073503443,60.74734654211777
20002_1320_1,2024-03-11,24,90.71158599853516,78.5753166500332,60.70193373717633
20002_1320_1,2024-03-11,25,91.77454376220703,78.24510000574523,60.89632436923044
20002_1320_1,2024-03-11,26,117.17181396484375,76.01544951250227,60.93726197771598
20002_1320_1,2024-03-11,27,127.80136108398438,77.74540407705868,61.509151600175485
20002_1320_1,2024-03-11,28,125.21285247802734,78.02052340993774,61.72280026236814
20002_1320_1,2024-03-11,29,120.35021209716797,80.74166551605538,61.923141102027294
20002_1320_1,2024-03-11,30,120.35021209716797,80.77315757494931,62.043007590321004
20002_1320_1,2024-03-11,31,120.197509765625,80.77496622271278,62.13440526914959
20002_1320_1,2024-03-11,32,119.29054260253906,80.78166291778945,62.17659512455238
20002_1320_1,2024-03-11,33,122.33740234375,80.76851454790327,62.33502852943055
20002_1320_1,2024-03-11,34,121.0015869140625,80.65416293768749,62.44976582333354
20002_1320_1,2024-03-11,35,125.11832427978516,80.7677805364103,62.56483830553462
20002_1320_1,2024-03-11,36,129.21835327148438,80.78184258401373,62.70816900635101
20002_1320_1,2024-03-11,37,126.513671875,80.78556849408625,62.80942489226087
20002_1320_1,2024-03-11,38,123.96195220947266,80.79787638042927,62.892905098037254
20002_1320_1,2024-03-11,39,119.64861297607422,80.78852883457446,62.8963386241502
20002_1320_1,2024-03-11,40,117.5121078491211,80.78547386626718,62.80525326272298
20002_1320_1,2024-03-11,41,118.27804565429688,80.6905318227507,62.98692230871511
20002_1320_1,2024-03-11,42,113.08778381347656,80.03241392012188,62.97533736857478
20002_1320_1,2024-03-11,43,107.91770935058594,80.76267517626975,63.027843801189235
20002_1320_1,2024-03-11,44,105.34298706054688,80.66270201061769,63.02202529152111
20002_1320_1,2024-03-11,45,97.6343002319336,80.52194267671001,62.89277886151557
20002_1320_1,2024-03-11,46,93.73340606689453,80.41097155218881,62.81161312479977
20002_1320_1,2024-03-11,47,94.65760040283203,79.41716872778835,62.724286520922796
20002_1320_1,2024-03-11,48,93.44404602050781,78.94964431785286,62.704547324727066
20002_1320_1,2024-03-11,49,93.44404602050781,79.11830538957142,62.704302034693605
20002_1320_1,2024-03-11,50,120.01791381835938,79.25958740932955,62.68434107835417
20002_1320_1,2024-03-11,51,113.74256896972656,78.69889116201455,62.85218927547976
20002_1320_1,2024-03-11,52,106.15582275390625,79.27287972858241,62.779657701650756
20002_1320_1,2024-03-11,53,106.15582275390625,80.6491508778829,62.861216485703494
20002_1320_1,2024-03-11,54,80.37477111816406,80.50276462648975,62.36297834317698
20002_1320_1,2024-03-11,55,80.21993255615234,80.50741888830046,62.08552660385462
20002_1320_1,2024-03-11,56,70.49629974365234,76.33127982029366,61.245717831670675
20002_1320_1,2024-03-11,57,70.49629974365234,75.82870383633188,60.88562860543675
20002_1320_1,2024-03-11,58,68.67085266113281,71.3647404772032,60.08543888172149
20002_1320_1,2024-03-11,59,46.598079681396484,72.95939594333413,58.44967606397072
20002_1320_1,2024-03-12,1,21.239477157592773,21.239477157592773,21.239477157592773
20002_1320_1,2024-03-12,2,27.611318588256836,27.611318588256836,27.611318588256836
20002_1320_1,2024-03-12,3,37.16908264160156,21.004024475443245,18.3929338971384
20002_1320_1,2024-03-12,4,39.29302978515625,19.869253666108754,24.58975463329249
20002_1320_1,2024-03-12,5,46.72684860229492,27.751790955421583,34.458945855776705
20002_1320_1,2024-03-12,6,56.17841339111328,37.93104846452147,44.41502183955565
20002_1320_1,2024-03-12,7,64.67420959472656,39.0721861254912,50.62574249449987
20002_1320_1,2024-03-12,8,66.70523071289062,46.32938807199304,55.95204815520604
20002_1320_1,2024-03-12,9,65.55513763427734,58.60049781967042,58.66312929845745
20002_1320_1,2024-03-12,10,66.61711120605469,65.76960715961896,59.50666877180618
20002_1320_1,2024-03-12,11,66.61711120605469,67.32801983915974,59.69383963025984
20002_1320_1,2024-03-12,12,67.67908477783203,67.41131788349585,59.74459106629755
20002_1320_1,2024-03-12,13,64.1784439086914,68.57658252430537,59.74585997863453
20002_1320_1,2024-03-12,14,64.1784439086914,68.35358137410765,59.67292961668478
20002_1320_1,2024-03-12,15,61.84468460083008,66.66916001509261,59.45913129814663
20002_1320_1,2024-03-12,16,62.90665817260742,66.42328522666983,59.41239486910105
20002_1320_1,2024-03-12,17,62.90665817260742,64.17229270791623,59.35881084939834
20002_1320_1,2024-03-12,18,59.20591354370117,65.11699140176884,59.243027454055934
20002_1320_1,2024-03-12,19,53.28532409667969,66.0316805592744,58.89764901240086
20002_1320_1,2024-03-12,20,53.28532409667969,60.21409482379934,58.14285835166304
20002_1320_1,2024-03-12,21,59.65716552734375,56.232924931622804,57.79053766436745
20002_1320_1,2024-03-12,22,59.2953987121582,55.45598341088163,58.18603974752465
20002_1320_1,2024-03-12,23,60.184024810791016,55.68102527713641,58.673710503599466
20002_1320_1,2024-03-12,24,54.88764190673828,61.79615724283143,58.52088128889595
20002_1320_1,2024-03-12,25,54.88764190673828,60.01939945683368,58.27449595510314
20002_1320_1,2024-03-12,26,63.16895294189453,48.451058642267526,57.43785044903183
20002_1320_1,2024-03-12,27,74.67403411865234,56.215090403071166,59.116289950982605
20002_1320_1,2024-03-12,28,79.61871337890625,53.82570689053507,59.985424559437895
20002_1320_1,2024-03-12,29,77.13063049316406,62.625667518114156,61.08056078178707
20002_1320_1,2024-03-12,30,78.89044189453125,71.71867444534006,61.54503539229136
20002_1320_1,2024-03-12,31,78.89044189453125,74.18044711086958,61.788462271919144
20002_1320_1,2024-03-12,32,79.48979187011719,73.2576561421834,61.81234053450884
20002_1320_1,2024-03-12,33,76.84012603759766,75.45105241099162,61.95281234548252
20002_1320_1,2024-03-12,34,76.84012603759766,74.10262167477305,61.98013318651921
20002_1320_1,2024-03-12,35,76.84012603759766,74.42851413199386,62.063900904915165
20002_1320_1,2024-03-12,36,71.2779541015625,75.06990344163697,61.974803234587256
20002_1320_1,2024-03-12,37,63.35818099975586,75.33861226979516,61.69974037341795
20002_1320_1,2024-03-12,38,64.42015838623047,70.91295025545637,61.26812963061518
20002_1320_1,2024-03-12,39,63.1054573059082,65.5946503901207,60.871262894470405
20002_1320_1,2024-03-12,40,67.35335540771484,65.58869671989828,60.88264078849234
20002_1320_1,2024-03-12,41,65.1652603149414,66.18009223107961,60.599541644631174
20002_1320_1,2024-03-12,42,60.8209114074707,65.24095162866561,60.432235377290176
20002_1320_1,2024-03-12,43,59.37279510498047,60.763710662493665,60.024794509857486
20002_1320_1,2024-03-12,44,59.37279510498047,63.55594634508405,60.27239434748489
20002_1320_1,2024-03-12,45,57.924678802490234,62.423654638615595,60.027586037241555
20002_1320_1,2024-03-12,46,60.04862594604492,62.2628104515296,59.913035426827406
20002_1320_1,2024-03-12,47,57.18916702270508,60.96552352897641,59.68158712866203
20002_1320_1,2024-03-12,48,58.25114059448242,60.86769676466014,59.610351854552235
20002_1320_1,2024-03-12,49,58.25114059448242,59.932397653747046,59.57640166093607
20002_1320_1,2024-03-12,50,60.71949005126953,60.51215587123312,59.438217195916366
20002_1320_1,2024-03-12,51,59.27378845214844,60.592954702781924,59.55542221182429
20002_1320_1,2024-03-12,52,56.38238525390625,58.623415526203544,59.260568864328874
20002_1320_1,2024-03-12,53,56.38238525390625,62.15277676041324,59.44781456190241
20002_1320_1,2024-03-12,54,49.153873443603516,60.55966401477961,58.320364916322504
20002_1320_1,2024-03-12,55,47.70817184448242,60.07359025320987,57.06142927583033
20002_1320_1,2024-03-12,56,46.26247024536133,52.502381703840584,54.54206921450748
20002_1320_1,2024-03-12,57,46.26247024536133,50.71588596313214,53.506764047220145
20002_1320_1,2024-03-12,58,44.816768646240234,49.37049241463468,52.477937861719916
20002_1320_1,2024-03-12,59,37.5882568359375,50.68687685509818,50.109360418339335
20002_1320_1,2024-03-13,1,2.1194260120391846,2.1194260120391846,2.1194260120391846
20002_1320_1,2024-03-13,2,3.1791391372680664,3.1791391372680664,3.1791391372680664
20002_1320_1,2024-03-13,3,6.358278274536133,6.049763156583989,9.592452894347815
20002_1320_1,2024-03-13,4,10.59713077545166,5.840130329402054,9.76560381242848
20002_1320_1,2024-03-13,5,12.716556549072266,6.218663102046374,10.243791062500232
20002_1320_1,2024-03-13,6,13.776269912719727,8.15939837287274,11.077659849904649
20002_1320_1,2024-03-13,7,13.776269912719727,11.799781450305428,11.974655321004693
20002_1320_1,2024-03-13,8,18.015121459960938,14.014986320534293,12.518991944869391
20002_1320_1,2024-03-13,9,20.13454818725586,14.353693060270844,13.391652996663101
20002_1320_1,2024-03-13,10,25.43311309814453,14.405128667071404,14.63009779653654
20002_1320_1,2024-03-13,11,25.43311309814453,18.04507916767478,17.64776374005276
20002_1320_1,2024-03-13,12,25.43311309814453,20.946964138713845,20.32937221398933
20002_1320_1,2024-03-13,13,27.552539825439453,26.836534458285982,23.08618249312823
20002_1320_1,2024-03-13,14,25.047761917114258,26.859160222590152,23.19031025038205
20002_1320_1,2024-03-13,15,29.2866153717041,26.74543113424098,23.258808272457795
20002_1320_1,2024-03-13,16,32.465755462646484,25.38913893249594,24.999388076738782
20002_1320_1,2024-03-13,17,32.465755462646484,25.129204979413295,28.95492144694047
20002_1320_1,2024-03-13,18,34.44245910644531,30.428525967375712,33.9412257678107
20002_1320_1,2024-03-13,19,37.4936408996582,33.50508795955337,37.15188966668746
20002_1320_1,2024-03-13,20,40.67277908325195,31.349612254768303,39.66552676000766
20002_1320_1,2024-03-13,21,38.143714904785156,34.205196215400335,43.93721305440867
20002_1320_1,2024-03-13,22,36.951725006103516,39.19263434871457,47.01951963389635
20002_1320_1,2024-03-13,23,36.8194465637207,38.88344714053268,46.57390800129639
20002_1320_1,2024-03-13,24,46.64850997924805,39.83287350344562,43.85456839792086
20002_1320_1,2024-03-13,25,45.352718353271484,34.319646685688184,45.22680169898271
20002_1320_1,2024-03-13,26,51.71099853515625,29.032209212513738,48.62095388922966
20002_1320_1,2024-03-13,27,89.62760162353516,46.62563861680152,56.15796155988822
20002_1320_1,2024-03-13,28,86.86983489990234,39.6882812592141,59.12517549070258
20002_1320_1,2024-03-13,29,86.86983489990234,50.118644710894955,61.30724610520532
20002_1320_1,2024-03-13,30,86.5506591796875,78.09420805136422,62.40309481951507
20002_1320_1,2024-03-13,31,86.5506591796875,78.02591934034854,62.47199595602286
20002_1320_1,2024-03-13,32,89.41569519042969,77.78661672373164,62.50408729656465
20002_1320_1,2024-03-13,33,89.41569519042969,77.84258015384583,62.64150406149609
20002_1320_1,2024-03-13,34,89.41569519042969,77.61770479496045,62.721326184001164
20002_1320_1,2024-03-13,35,89.41569519042969,78.59691416463818,62.83083593971668
20002_1320_1,2024-03-13,36,90.47540283203125,78.60695613625543,62.89642492758544
20002_1320_1,2024-03-13,37,90.47540283203125,78.57947298020933,62.976193769054866
20002_1320_1,2024-03-13,38,90.47540283203125,78.60925733670501,63.04292742438855
20002_1320_1,2024-03-13,39,92.26261138916016,78.86314178099974,63.08786284009637
20002_1320_1,2024-03-13,40,70.59210968017578,79.48508346505145,62.65062552879556
20002_1320_1,2024-03-13,41,65.12731170654297,78.9606016699077,62.19877743428993
20002_1320_1,2024-03-13,42,63.71150588989258,66.9922624491387,61.22995291196695
20002_1320_1,2024-03-13,43,64.05902099609375,64.69003834647697,60.93013838528452
20002_1320_1,2024-03-13,44,62.66643524169922,65.70207253777737,61.01608619074836
20002_1320_1,2024-03-13,45,71.87097930908203,63.538851824810195,60.80327430901718
20002_1320_1,2024-03-13,46,73.99040222167969,63.34328777704112,61.37491651294263
20002_1320_1,2024-03-13,47,72.6451187133789,62.92013600308626,61.75818022069079
20002_1320_1,2024-03-13,48,72.6451187133789,71.55347255083441,62.32395515569643
20002_1320_1,2024-03-13,49,71.29984283447266,72.20695726913462,62.29668806041775
20002_1320_1,2024-03-13,50,84.50497436523438,72.40363982088886,62.15225649913724
20002_1320_1,2024-03-13,51,84.02425384521484,69.67112723638806,62.370215624070596
20002_1320_1,2024-03-13,52,81.43888854980469,68.71662694990165,62.497829134807624
20002_1320_1,2024-03-13,53,80.14620971679688,76.842795421121,62.805973668997154
20002_1320_1,2024-03-13,54,76.2681655883789,76.86722591320162,62.64135705003856
20002_1320_1,2024-03-13,55,76.2681655883789,76.13674561317762,62.49113196688179
20002_1320_1,2024-03-13,56,69.80476379394531,74.72564503517134,62.13329682766661
20002_1320_1,2024-03-13,57,69.80476379394531,74.3579011175937,61.90642797779967
20002_1320_1,2024-03-13,58,63.70216751098633,71.46796387727187,61.116927503186574
20002_1320_1,2024-03-13,59,22.56118392944336,74.68835517271305,56.78203789639346
20002_1320_1,2024-03-14,1,29.645122528076172,29.645122528076172,29.645122528076172
20002_1320_1,2024-03-14,2,40.232666015625,40.232666015625,40.232666015625
20002_1320_1,2024-03-14,3,49.76145553588867,28.379142201876228,31.94293328020358
20002_1320_1,2024-03-14,4,53.99647521972656,27.759567802007115,40.9189664404363
20002_1320_1,2024-03-14,5,66.70153045654297,40.60807798383155,51.28907659839558
20002_1320_1,2024-03-14,6,70.73677825927734,50.08751350466051,56.60668323034271
20002_1320_1,2024-03-14,7,73.91304016113281,55.17513951293381,58.96036059735435
20002_1320_1,2024-03-14,8,69.96074676513672,67.10764176526524,60.30309130629912
20002_1320_1,2024-03-14,9,69.96074676513672,70.89078303662953,60.59289294775961
20002_1320_1,2024-03-14,10,74.19576263427734,69.65213639238381,60.50009250638965
20002_1320_1,2024-03-14,11,74.19576263427734,69.89707757236562,60.70449854840578
20002_1320_1,2024-03-14,12,72.9165267944336,70.3734625244923,60.785228752808024
20002_1320_1,2024-03-14,13,77.94615173339844,73.89892683554692,60.66796579830782
20002_1320_1,2024-03-14,14,81.1224136352539,71.15644879139415,60.80852557827799
20002_1320_1,2024-03-14,15,79.83476257324219,65.91258402174697,60.85614145387068
20002_1320_1,2024-03-14,16,81.9522705078125,74.93217250159054,61.38616740140011
20002_1320_1,2024-03-14,17,81.9522705078125,75.69837575184957,61.48063234460135
20002_1320_1,2024-03-14,18,83.01102447509766,75.78043979372436,61.50483997816666
20002_1320_1,2024-03-14,19,77.58454132080078,77.08344037510005,61.41676349139135
20002_1320_1,2024-03-14,20,78.64329528808594,76.78250011236327,61.37418508027619
20002_1320_1,2024-03-14,21,81.8195571899414,73.97129930965535,61.30294727761616
20002_1320_1,2024-03-14,22,82.43895721435547,74.55097724030621,61.370523442434106
20002_1320_1,2024-03-14,23,85.61522674560547,74.8466296080367,61.491885174847354
20002_1320_1,2024-03-14,24,90.7659912109375,75.72412668971205,61.45525306852811
20002_1320_1,2024-03-14,25,96.05976104736328,75.97320583468797,61.76557614353232
20002_1320_1,2024-03-14,26,112.84264373779297,73.92242633008439,61.91841740775789
20002_1320_1,2024-03-14,27,120.25392150878906,78.0326503545273,62.41645202465668
20002_1320_1,2024-03-14,28,117.63143920898438,79.06705402112175,62.59538058732637
20002_1320_1,2024-03-14,29,113.95545196533203,80.68073314242005,62.69175595566138
20002_1320_1,2024-03-14,30,110.27947235107422,80.76618665000589,62.7037042336344
20002_1320_1,2024-03-14,31,109.05414581298828,80.71942553572862,62.735746250423425
20002_1320_1,2024-03-14,32,112.06383514404297,80.61817255143316,62.7723410670888
20002_1320_1,2024-03-14,33,114.02201080322266,80.54522909565412,62.87657080497685
20002_1320_1,2024-03-14,34,118.25702667236328,80.4756109165823,62.99337323718924
20002_1320_1,2024-03-14,35,118.09664154052734,80.60726095753475,63.12051508505675
20002_1320_1,2024-03-14,36,115.66165924072266,80.72591545037852,63.19206813365287
20002_1320_1,2024-03-14,37,110.6329574584961,80.79604276458426,63.19461889325336
20002_1320_1,2024-03-14,38,108.17444610595703,80.7751230383448,63.22899830891413
20002_1320_1,2024-03-14,39,107.49243927001953,80.64285919375726,63.205809179761395
20002_1320_1,2024-03-14,40,91.61287689208984,80.64658939117368,63.070465696504264
20002_1320_1,2024-03-14,41,95.68514251708984,80.3553965650882,63.01959072526932
20002_1320_1,2024-03-14,42,89.28791046142578,79.08013169138471,62.91884053430462
20002_1320_1,2024-03-14,43,93.58757781982422,78.98572272317811,62.822783219301186
20002_1320_1,2024-03-14,44,88.66191101074219,78.25189935344255,62.885083763653384
20002_1320_1,2024-03-14,45,85.853759765625,77.29700844423753,62.78282101836561
20002_1320_1,2024-03-14,46,83.06533813476562,78.63074431204994,62.78203740505534
20002_1320_1,2024-03-14,47,80.58577728271484,77.41720559326725,62.65660967232173
20002_1320_1,2024-03-14,48,83.76203918457031,76.35073540286841,62.5891109133363
20002_1320_1,2024-03-14,49,81.29845428466797,76.1131135700469,62.59051190462309
20002_1320_1,2024-03-14,50,82.89684295654297,76.433039664337,62.49258309626511
20002_1320_1,2024-03-14,51,76.61677551269531,76.64031664563417,62.398120233917304
20002_1320_1,2024-03-14,52,71.59272766113281,75.22164424593541,62.08420560857898
20002_1320_1,2024-03-14,53,71.59272766113281,74.39607058088487,61.8835121900723
20002_1320_1,2024-03-14,54,61.54462432861328,72.40707472952138,61.18502455608913
20002_1320_1,2024-03-14,55,61.54462432861328,71.71631943693541,60.67385190627318
20002_1320_1,2024-03-14,56,57.77658462524414,64.30174126661913,59.46120205854835
20002_1320_1,2024-03-14,57,57.77658462524414,63.957802784689946,59.05133988764335
20002_1320_1,2024-03-14,58,52.752532958984375,61.23245045123586,57.95738655308996
20002_1320_1,2024-03-14,59,45.21645736694336,62.02212205031446,56.270372173580554
20002_1320_1,2024-03-15,1,29.6495304107666,29.6495304107666,29.6495304107666
20002_1320_1,2024-03-15,2,34.944091796875,34.944091796875,34.944091796875
20002_1320_1,2024-03-15,3,43.41538619995117,29.027682279101345,27.652868963852324
20002_1320_1,2024-03-15,4,54.80670928955078,28.24376900038313,32.96637090591257
20002_1320_1,2024-03-15,5,64.3369140625,32.763343288885025,43.84717000857116
20002_1320_1,2024-03-15,6,75.98494720458984,40.998306274336855,52.72606369038951
20002_1320_1,2024-03-15,7,78.10276794433594,54.64795920404973,57.79811790214437
20002_1320_1,2024-03-15,8,79.16168212890625,65.05377383893271,59.53614325407071
20002_1320_1,2024-03-15,9,82.12052917480469,73.87932639464253,60.215409414174765
20002_1320_1,2024-03-15,10,80.65265655517578,74.90434302207271,60.30420245170254
20002_1320_1,2024-03-15,11,80.65265655517578,74.78385322299937,60.32566662650943
20002_1320_1,2024-03-15,12,81.71156311035156,75.73729384442872,60.36806118836243
20002_1320_1,2024-03-15,13,78.99917602539062,76.46341975379208,60.2737082454185
20002_1320_1,2024-03-15,14,78.99917602539062,76.23764375520734,60.22287864356743
20002_1320_1,2024-03-15,15,78.99917602539062,74.88749030346631,60.13520353165336
20002_1320_1,2024-03-15,16,80.0580825805664,75.42658311980148,60.15444784260126
20002_1320_1,2024-03-15,17,80.0580825805664,75.30492651791042,60.17921163555275
20002_1320_1,2024-03-15,18,72.55264282226562,75.99202120948286,59.92479749613229
20002_1320_1,2024-03-15,19,68.60791778564453,76.49654312019916,59.58719977979743
20002_1320_1,2024-03-15,20,68.41941833496094,71.97069364844387,59.161640780393626
20002_1320_1,2024-03-15,21,68.41941833496094,68.12342403482134,58.985763788318785
20002_1320_1,2024-03-15,22,74.56477355957031,68.20250161553982,58.991387801087114
20002_1320_1,2024-03-15,23,72.03715515136719,68.24161885809937,59.25653665499036
20002_1320_1,2024-03-15,24,65.5476303100586,69.49429925698563,58.7178924060554
20002_1320_1,2024-03-15,25,70.8421859741211,71.04639223878907,58.835008191252186
20002_1320_1,2024-03-15,26,80.37239837646484,58.75835615884449,58.622713624873285
20002_1320_1,2024-03-15,27,102.41263580322266,65.05286708292525,59.68317796651669
20002_1320_1,2024-03-15,28,102.19139099121094,67.029985978466,60.779473846949074
20002_1320_1,2024-03-15,29,99.60426330566406,74.5417058618262,61.238256230531846
20002_1320_1,2024-03-15,30,97.01714324951172,80.14131422483814,61.49216801256463
20002_1320_1,2024-03-15,31,100.19387817382812,79.97473762490772,61.54324419871207
20002_1320_1,2024-03-15,32,96.04791259765625,79.72928116108133,61.560427006059484
20002_1320_1,2024-03-15,33,94.27190399169922,79.76953452602257,61.569465044034494
20002_1320_1,2024-03-15,34,94.021484375,79.45343213845031,61.63864961431016
20002_1320_1,2024-03-15,35,94.021484375,78.99146457166445,61.732356966355496
20002_1320_1,2024-03-15,36,92.71562957763672,79.19413911472282,61.814206019709445
20002_1320_1,2024-03-15,37,88.79806518554688,79.4474172636732,61.81456698041993
20002_1320_1,2024-03-15,38,84.88050842285156,79.29713815567325,61.74882287347046
20002_1320_1,2024-03-15,39,77.04537963867188,78.78670660681655,61.496280321371714
20002_1320_1,2024-03-15,40,68.96331787109375,78.1176490680794,61.00906587392521
20002_1320_1,2024-03-15,41,65.05973052978516,75.01912692982916,60.363096481118376
20002_1320_1,2024-03-15,42,61.15614700317383,69.35709643874665,59.45062855756724
20002_1320_1,2024-03-15,43,58.55375671386719,67.13202285637334,58.73410978244209
20002_1320_1,2024-03-15,44,58.55375671386719,63.454138851422684,58.04254376549116
20002_1320_1,2024-03-15,45,54.65017318725586,61.608746051067854,57.29072278094547
20002_1320_1,2024-03-15,46,53.34897994995117,61.417268599534175,56.66693779996477
20002_1320_1,2024-03-15,47,53.92332458496094,57.75867427330896,55.36240447055238
20002_1320_1,2024-03-15,48,56.0411491394043,55.464795035245714,55.070857688342656
20002_1320_1,2024-03-15,49,54.73786544799805,52.76056500981759,55.1278117996155
20002_1320_1,2024-03-15,50,54.73786544799805,56.33164576265136,55.99449094030929
20002_1320_1,2024-03-15,51,53.43458557128906,57.424156868389844,55.9855648206146
20002_1320_1,2024-03-15,52,53.43458557128906,57.269675615104745,55.74477779201598
20002_1320_1,2024-03-15,53,53.43458557128906,55.86580459947214,55.39471633258015
20002_1320_1,2024-03-15,54,48.22145462036133,56.8382827619417,54.56885348309552
20002_1320_1,2024-03-15,55,47.97708511352539,56.51246582901047,53.201324232342294
20002_1320_1,2024-03-15,56,45.38372802734375,50.86935011946257,50.710225170702174
20002_1320_1,2024-03-15,57,45.38372802734375,49.195455413497555,49.56632456248857
20002_1320_1,2024-03-15,58,45.729339599609375,48.22042151636798,47.73155617585689
20002_1320_1,2024-03-15,59,35.567264556884766,49.00994808544148,44.28731200076756
20002_1320_1,2024-03-16,1,7.503608226776123,7.503608226776123,7.503608226776123
20002_1320_1,2024-03-16,2,17.151103973388672,17.151103973388672,17.151103973388672
20002_1320_1,2024-03-16,3,25.72665786743164,7.0262059381942095,13.742225698359228
20002_1320_1,2024-03-16,4,31.943931579589844,6.839118018813874,15.404660477568138
20002_1320_1,2024-03-16,5,37.303653717041016,14.77774398428579,19.56779104994467
20002_1320_1,2024-03-16,6,41.5914306640625,22.849859655705753,25.8265933196096
20002_1320_1,2024-03-16,7,45.87920379638672,31.27464553547994,33.46143012666086
20002_1320_1,2024-03-16,8,50.1669807434082,37.353124007938156,40.05358107660081
20002_1320_1,2024-03-16,9,52.31087112426758,42.18497594271278,45.28596176339275
20002_1320_1,2024-03-16,10,55.526702880859375,47.39713641608658,48.91923627295388
20002_1320_1,2024-03-16,11,58.74253463745117,51.97327501400339,51.395331852751994
20002_1320_1,2024-03-16,12,59.814476013183594,54.11288557114038,53.03266112179739
20002_1320_1,2024-03-16,13,67.9437484741211,58.38560145442527,53.89942660546099
20002_1320_1,2024-03-16,14,66.68553161621094,59.50742641144571,55.19336567029086
20002_1320_1,2024-03-16,15,66.68553161621094,57.913656885872186,55.931353777671205
20002_1320_1,2024-03-16,16,66.68553161621094,67.72999194082394,57.016423812800305
20002_1320_1,2024-03-16,17,67.75747680664062,67.6882240282979,57.06189924812287
20002_1320_1,2024-03-16,18,65.06511688232422,68.02042254839881,56.94322538523127
20002_1320_1,2024-03-16,19,72.5687255859375,67.59932827224843,56.92099146166436
20002_1320_1,2024-03-16,20,72.5687255859375,64.1952430394036,57.29539361972324
20002_1320_1,2024-03-16,21,76.2529296875,66.3737715997665,57.574975603453076
20002_1320_1,2024-03-16,22,75.85504913330078,71.19232294457366,58.13792451244546
20002_1320_1,2024-03-16,23,77.78520202636719,68.60677341224292,58.22947291561835
20002_1320_1,2024-03-16,24,75.4939193725586,72.73086836820713,58.31685772402885
20002_1320_1,2024-03-16,25,74.19229888916016,72.52432292905719,58.46510280980939
20002_1320_1,2024-03-16,26,87.89789581298828,69.88583918930635,58.41889269666608
20002_1320_1,2024-03-16,27,98.61734008789062,70.84332112142332,59.216520178160664
20002_1320_1,2024-03-16,28,95.6912841796875,70.15376034470427,59.77687730135348
20002_1320_1,2024-03-16,29,91.70414733886719,78.1863125157324,60.17912255375555
20002_1320_1,2024-03-16,30,92.77609252929688,79.3950918978195,60.33144605740847
20002_1320_1,2024-03-16,31,93.84803771972656,78.88393938322898,60.42419183374241
20002_1320_1,2024-03-16,32,87.23902130126953,79.08147540492199,60.373701866951976
20002_1320_1,2024-03-16,33,85.9172134399414,79.20894356637433,60.389428474103596
20002_1320_1,2024-03-16,34,85.9172134399414,78.09810027724563,60.390846523398146
20002_1320_1,2024-03-16,35,84.34555053710938,77.90016510129485,60.38808645307081
20002_1320_1,2024-03-16,36,80.1458969116211,78.01910848315356,60.30320302662918
20002_1320_1,2024-03-16,37,78.5901107788086,77.29641952314195,60.19493831049303
20002_1320_1,2024-03-16,38,78.5901107788086,75.32141350055372,60.166848824349096
20002_1320_1,2024-03-16,39,76.80448913574219,74.92423736074329,60.06807566479204
20002_1320_1,2024-03-16,40,77.56941986083984,75.78730792660878,59.80300309767007
20002_1320_1,2024-03-16,41,74.54200744628906,72.90677917897456,59.63206768759599
20002_1320_1,2024-03-16,42,74.30619812011719,69.09284843323408,59.55927516416891
20002_1320_1,2024-03-16,43,68.23375701904297,72.55935323528146,59.40778813536632
20002_1320_1,2024-03-16,44,65.60938262939453,72.4725855775608,59.11030671087725
20002_1320_1,2024-03-16,45,57.73625564575195,67.48084471414927,57.892444083957926
20002_1320_1,2024-03-16,46,53.7996940612793,67.8337736103195,56.86102540895966
20002_1320_1,2024-03-16,47,49.86313247680664,60.975674347251804,54.59586458663514
20002_1320_1,2024-03-16,48,50.93507385253906,56.47068430143282,53.01534780686558
20002_1320_1,2024-03-16,49,50.93507385253906,51.87509424185795,52.1379445992783
20002_1320_1,2024-03-16,50,47.85485076904297,53.00784490239769,51.41537997709165
20002_1320_1,2024-03-16,51,47.85485076904297,53.17341716503218,50.85195641975393
20002_1320_1,2024-03-16,52,43.75300979614258,48.21780623414435,48.56493809133323
20002_1320_1,2024-03-16,53,43.75300979614258,50.22613346034724,48.018481172294116
20002_1320_1,2024-03-16,54,36.91659927368164,46.81636540125285,43.89530563767276
20002_1320_1,2024-03-16,55,35.549320220947266,46.28947185792208,40.005684361758156
20002_1320_1,2024-03-16,56,34.182037353515625,38.16829706702707,33.749092621816104
20002_1320_1,2024-03-16,57,34.182037353515625,36.36271713820707,31.72240524959945
20002_1320_1,2024-03-16,58,32.814754486083984,35.02962231320517,29.97606388971871
20002_1320_1,2024-03-16,59,25.978347778320312,36.372761425089045,26.421097073019553
20002_1320_1,2024-03-18,1,35.183876037597656,35.183876037597656,35.183876037597656
20002_1320_1,2024-03-18,2,47.97801208496094,47.97801208496094,47.97801208496094
20002_1320_1,2024-03-18,3,61.83832550048828,34.120488428005274,39.42698123571556
20002_1320_1,2024-03-18,4,67.02288055419922,33.12802156648022,48.49860492402567
20002_1320_1,2024-03-18,5,80.88319396972656,48.60928122612039,55.98629679757529
20002_1320_1,2024-03-18,6,85.93201446533203,60.921428318332346,58.79710645742533
20002_1320_1,2024-03-18,7,85.93201446533203,66.68600929184818,59.83489418677234
20002_1320_1,2024-03-18,8,83.54501342773438,75.30120377448901,60.37280378227159
20002_1320_1,2024-03-18,9,81.15801239013672,78.10564619901567,60.42483990377558
20002_1320_1,2024-03-18,10,81.15801239013672,77.4486374267769,60.24525589422549
20002_1320_1,2024-03-18,11,81.15801239013672,76.57415166142647,60.116894489940776
20002_1320_1,2024-03-18,12,81.15801239013672,76.5708822709557,60.07720046524405
20002_1320_1,2024-03-18,13,87.98464965820312,76.9869900528808,59.92084818533314
20002_1320_1,2024-03-18,14,83.22872161865234,76.11278664619266,59.96413991476145
20002_1320_1,2024-03-18,15,84.1720962524414,73.41643953748569,59.91295070166852
20002_1320_1,2024-03-18,16,86.30445098876953,77.16374813199923,60.193382364161465
20002_1320_1,2024-03-18,17,85.12220001220703,76.70682406703048,60.2380215811102
20002_1320_1,2024-03-18,18,82.6416244506836,77.62658746917529,60.2699683175428
20002_1320_1,2024-03-18,19,83.25012969970703,77.91209313731454,60.211123048608926
20002_1320_1,2024-03-18,20,81.93773651123047,76.47424247655107,60.19310438129787
20002_1320_1,2024-03-18,21,90.2245101928711,74.9005297994006,60.179950486067085
20002_1320_1,2024-03-18,22,94.36823272705078,75.49398734191537,60.48542398392804
20002_1320_1,2024-03-18,23,98.63294982910156,74.79946422027561,60.71761766789578
20002_1320_1,2024-03-18,24,109.49671936035156,78.5783165420285,60.899880127738925
20002_1320_1,2024-03-18,25,113.76142883300781,78.81450554753596,61.28144912130317
20002_1320_1,2024-03-18,26,116.67185974121094,78.08526377806805,61.39595478101694
20002_1320_1,2024-03-18,27,116.67185974121094,80.50419922962472,61.67977000383016
20002_1320_1,2024-03-18,28,116.67185974121094,80.60046723725057,61.78124078955396
20002_1320_1,2024-03-18,29,115.45652770996094,80.73792500947613,61.8832640490091
20002_1320_1,2024-03-18,30,115.45652770996094,80.73801125969624,61.9865701996754
20002_1320_1,2024-03-18,31,115.45652770996094,80.71975441071086,62.088975540621114
20002_1320_1,2024-03-18,32,121.7044448852539,80.72696979948233,62.18186057340866
20002_1320_1,2024-03-18,33,120.47510528564453,80.70508200101432,62.35332269943193
20002_1320_1,2024-03-18,34,126.70901489257812,80.6992492090027,62.446683824900546
20002_1320_1,2024-03-18,35,128.66529846191406,80.78014895888681,62.62203544251798
20002_1320_1,2024-03-18,36,129.21852111816406,80.77776111665244,62.716613347856956
20002_1320_1,2024-03-18,37,121.67012786865234,80.78258967395298,62.78203950964004
20002_1320_1,2024-03-18,38,119.21214294433594,80.7908923388418,62.85914630278473
20002_1320_1,2024-03-18,39,113.9705581665039,80.80272546084642,62.862057386381984
20002_1320_1,2024-03-18,40,122.70299530029297,80.79941385195943,62.88247187707854
20002_1320_1,2024-03-18,41,119.24508666992188,80.6676215498318,62.94271971376665
20002_1320_1,2024-03-18,42,111.38277435302734,80.50337358439059,63.00874151850523
20002_1320_1,2024-03-18,43,112.78250885009766,80.62022239502019,63.02740384455731
20002_1320_1,2024-03-18,44,103.2338638305664,80.6900831256913,63.00323509048099
20002_1320_1,2024-03-18,45,98.23399353027344,80.58698796225468,62.88715026995742
20002_1320_1,2024-03-18,46,94.30463409423828,80.23752964875803,62.834068726822515
20002_1320_1,2024-03-18,47,89.64445495605469,79.53556729169259,62.63709658692211
20002_1320_1,2024-03-18,48,91.77680969238281,79.38660055761216,62.62340365582554
20002_1320_1,2024-03-18,49,90.48417663574219,77.91214929102861,62.53447398620355
20002_1320_1,2024-03-18,50,106.02394104003906,78.71699161098655,62.518352740766254
20002_1320_1,2024-03-18,51,107.52264404296875,78.31935885495649,62.67118855765279
20002_1320_1,2024-03-18,52,99.74991607666016,78.15340762113124,62.63962576780476
20002_1320_1,2024-03-18,53,99.74991607666016,80.19647901445127,62.7223042612125
20002_1320_1,2024-03-18,54,86.7953872680664,80.17987189862443,62.44138521301615
20002_1320_1,2024-03-18,55,86.56610870361328,80.08221713111679,62.233796259471504
20002_1320_1,2024-03-18,56,82.69001770019531,78.1970940062748,61.8591141056824
20002_1320_1,2024-03-18,57,82.69001770019531,77.82602954832917,61.67287846473431
20002_1320_1,2024-03-18,58,69.5438461303711,77.73884681051577,61.10797094134615
20002_1320_1,2024-03-18,59,48.938262939453125,78.16839877003366,59.62699452323063
20002_1320_1,2024-03-19,1,20.205760955810547,20.205760955810547,20.205760955810547
20002_1320_1,2024-03-19,2,26.586528778076172,26.586528778076172,26.586528778076172
20002_1320_1,2024-03-19,3,30.74789810180664,20.16105640457083,17.116337148456957
20002_1320_1,2024-03-19,4,33.93828201293945,19.74543860951208,20.755453698743793
20002_1320_1,2024-03-19,5,36.06520462036133,25.656593200050747,27.216038057943024
20002_1320_1,2024-03-19,6,50.77349090576172,31.950495424346325,32.97604654636653
20002_1320_1,2024-03-19,7,50.53506851196289,32.830414402808735,41.58517403035857
20002_1320_1,2024-03-19,8,53.7254524230957,35.46109135461032,48.8212057845913
20002_1320_1,2024-03-19,9,54.78891372680664,52.14665648672721,54.98200478541385
20002_1320_1,2024-03-19,10,57.97929763793945,53.50842682996488,55.92772282162633
20002_1320_1,2024-03-19,11,57.97929763793945,56.48936840017036,57.02757962792494
20002_1320_1,2024-03-19,12,59.04275894165039,57.942412125168474,57.60866619322542
20002_1320_1,2024-03-19,13,63.10383605957031,61.166709805530616,58.10307532689413
20002_1320_1,2024-03-19,14,60.528167724609375,60.64932526487491,58.3306426531819
20002_1320_1,2024-03-19,15,60.528167724609375,60.69629952907664,58.60566892914623
20002_1320_1,2024-03-19,16,61.59162902832031,63.270082536043105,58.97440382620871
20002_1320_1,2024-03-19,17,61.59162902832031,63.04595100047593,59.11872585271145
20002_1320_1,2024-03-19,18,60.3084716796875,63.29927525296595,59.21884791446551
20002_1320_1,2024-03-19,19,56.019596099853516,65.09007977520535,59.01802939449435
20002_1320_1,2024-03-19,20,54.74642562866211,63.140328491523704,58.636627621896764
20002_1320_1,2024-03-19,21,56.873348236083984,56.76988420885263,58.109765200529246
20002_1320_1,2024-03-19,22,57.73641586303711,57.463685614221895,58.40100471550003
20002_1320_1,2024-03-19,23,58.79987716674805,57.128884543023375,58.70683687053251
20002_1320_1,2024-03-19,24,61.131072998046875,58.9543789745637,58.821081685365854
20002_1320_1,2024-03-19,25,64.1113510131836,59.58263241679434,59.169504722496995
20002_1320_1,2024-03-19,26,93.88826751708984,55.21157461217146,59.44878164772753
20002_1320_1,2024-03-19,27,104.20562744140625,57.00433053199676,60.92467188603639
20002_1320_1,2024-03-19,28,104.92436218261719,62.343396093655336,61.79060025744543
20002_1320_1,2024-03-19,29,102.12638092041016,78.96430967939042,62.37215941033205
20002_1320_1,2024-03-19,30,110.63407135009766,80.19154703745286,62.504567859123114
20002_1320_1,2024-03-19,31,111.6975326538086,80.01440935540614,62.674779713257436
20002_1320_1,2024-03-19,32,101.4498519897461,80.23627354297462,62.6575269697048
20002_1320_1,2024-03-19,33,98.2862319946289,80.62663381890893,62.71163167804849
20002_1320_1,2024-03-19,34,99.00907135009766,80.04951096368154,62.74407445470136
20002_1320_1,2024-03-19,35,95.88904571533203,79.77089978425266,62.77989595966697
20002_1320_1,2024-03-19,36,94.13224029541016,79.75000121208035,62.8244179692222
20002_1320_1,2024-03-19,37,85.7024917602539,79.6414525442681,62.76843665885696
20002_1320_1,2024-03-19,38,82.89257049560547,79.37386825717152,62.73046850150796
20002_1320_1,2024-03-19,39,73.057861328125,78.31241822167028,62.4884846192392
20002_1320_1,2024-03-19,40,63.94511032104492,77.87181205232491,62.03168493547969
20002_1320_1,2024-03-19,41,65.2923583984375,72.97456887983034,61.34913480743066
20002_1320_1,2024-03-19,42,63.38798522949219,64.16815491874286,60.630893457064445
20002_1320_1,2024-03-19,43,56.01729202270508,64.56638731764744,60.27973623717375
20002_1320_1,2024-03-19,44,54.54315185546875,65.34238394586549,59.81431271780599
20002_1320_1,2024-03-19,45,47.172454833984375,60.49709820429635,58.000044161585656
20002_1320_1,2024-03-19,46,47.172454833984375,58.220400115038146,56.46908810562308
20002_1320_1,2024-03-19,47,45.69831466674805,50.42127667285861,54.06529577858483
20002_1320_1,2024-03-19,48,48.88869857788086,50.22007463012639,53.712588886947785
20002_1320_1,2024-03-19,49,48.88869857788086,47.84200408588632,53.791430690002436
20002_1320_1,2024-03-19,50,52.07908248901367,48.19574643564465,54.616451328718995
20002_1320_1,2024-03-19,51,63.777156829833984,51.206295358340384,56.076362244083015
20002_1320_1,2024-03-19,52,62.141841888427734,49.56404932832828,57.67442250730123
20002_1320_1,2024-03-19,53,62.141841888427734,54.322575485938344,59.34962725866953
20002_1320_1,2024-03-19,54,53.96528625488281,65.68512315023199,59.96941677468607
20002_1320_1,2024-03-19,55,53.96528625488281,64.94631750656023,59.203334153456126
20002_1320_1,2024-03-19,56,50.69466018676758,57.58379427137538,57.50198485925636
20002_1320_1,2024-03-19,57,50.69466018676758,57.245305549993226,56.867289332033295
20002_1320_1,2024-03-19,58,42.518104553222656,55.29595148982666,54.710507527956025
20002_1320_1,2024-03-19,59,35.97685623168945,55.665089701287606,50.90412804078359
20002_1320_1,2024-03-20,1,23.294719696044922,23.294719696044922,23.294719696044922
20002_1320_1,2024-03-20,2,30.706676483154297,30.706676483154297,30.706676483154297
20002_1320_1,2024-03-20,3,44.47174072265625,22.812564341119835,21.259188778709145
20002_1320_1,2024-03-20,4,50.82484436035156,20.924446535653047,30.543966788038993
20002_1320_1,2024-03-20,5,58.23680114746094,29.68412625661598,45.17303683580348
20002_1320_1,2024-03-20,6,65.64875793457031,45.26850785512468,54.84298870091723
20002_1320_1,2024-03-20,7,69.88416290283203,52.060586106099805,58.09982105026244
20002_1320_1,2024-03-20,8,74.11956787109375,60.04009005118692,59.886457156391
20002_1320_1,2024-03-20,9,78.35496520996094,66.62615081739389,60.80701715745344
20002_1320_1,2024-03-20,10,77.0704574584961,69.91703478207273,61.22593470222324
20002_1320_1,2024-03-20,11,77.0704574584961,72.99743235762541,61.45068502488448
20002_1320_1,2024-03-20,12,78.12931060791016,74.71337500576368,61.53742820421067
20002_1320_1,2024-03-20,13,73.84297180175781,75.19606008460731,61.403902974994416
20002_1320_1,2024-03-20,14,72.56981658935547,74.80429038856232,61.322634574958414
20002_1320_1,2024-03-20,15,72.56981658935547,71.58458648194757,61.15900911405957
20002_1320_1,2024-03-20,16,72.56981658935547,72.11376437016092,61.213761827833025
20002_1320_1,2024-03-20,17,72.56981658935547,72.07804960149474,61.23928945332756
20002_1320_1,2024-03-20,18,70.02350616455078,72.32661059711825,61.2024853338782
20002_1320_1,2024-03-20,19,67.4771957397461,72.40055458361739,61.11176781452277
20002_1320_1,2024-03-20,20,67.4771957397461,70.45223971247258,60.99619591561495
20002_1320_1,2024-03-20,21,69.59490203857422,68.50663847477755,60.93610535681398
20002_1320_1,2024-03-20,22,68.32953643798828,68.35671784443477,61.00688158813689
20002_1320_1,2024-03-20,23,71.2995834350586,68.5693834649725,61.03515043698421
20002_1320_1,2024-03-20,24,55.80674362182617,70.66404526463914,60.65186058495213
20002_1320_1,2024-03-20,25,62.159847259521484,68.62173776286008,60.222795820773335
20002_1320_1,2024-03-20,26,78.86531829833984,56.42438961041886,59.64852611570828
20002_1320_1,2024-03-20,27,83.85867309570312,55.00890181880797,60.66521374925193
20002_1320_1,2024-03-20,28,84.373046875,61.363143433340056,61.53951133014834
20002_1320_1,2024-03-20,29,84.373046875,74.18399100859521,62.158793211769634
20002_1320_1,2024-03-20,30,83.0337905883789,76.38596169703632,62.27407150271123
20002_1320_1,2024-03-20,31,85.15149688720703,77.49138285257784,62.363564067569584
20002_1320_1,2024-03-20,32,88.75778198242188,77.1271011594664,62.39706590084546
20002_1320_1,2024-03-20,33,91.93433380126953,76.70003774181171,62.567029324420304
20002_1320_1,2024-03-20,34,91.93433380126953,76.48840789172762,62.72357184798066
20002_1320_1,2024-03-20,35,92.70005798339844,78.47468069848284,62.85753469483127
20002_1320_1,2024-03-20,36,91.84617614746094,79.10802121072322,62.91409020035327
20002_1320_1,2024-03-20,37,90.2428207397461,78.83166238299758,62.962342411606485
20002_1320_1,2024-03-20,38,87.58861541748047,78.53328120063416,62.98168480025204
20002_1320_1,2024-03-20,39,86.24736785888672,78.82849428608672,62.916942598613694
20002_1320_1,2024-03-20,40,88.74728393554688,78.51627871968037,62.8110599992877
20002_1320_1,2024-03-20,41,84.71331787109375,75.94098301404006,62.84916415614745
20002_1320_1,2024-03-20,42,80.39353942871094,74.84422568220215,62.793496006942924
20002_1320_1,2024-03-20,43,95.71422576904297,77.81001659569887,62.87210502390339
20002_1320_1,2024-03-20,44,90.24484252929688,74.62929521241482,63.01125966627069
20002_1320_1,2024-03-20,45,77.93872833251953,75.57841385016951,62.90028037170224
20002_1320_1,2024-03-20,46,75.6458969116211,79.08274912629179,62.871381969202
20002_1320_1,2024-03-20,47,71.30146789550781,75.40609529158593,62.464522657458595
20002_1320_1,2024-03-20,48,68.61084747314453,72.2452073292873,62.15971807762746
20002_1320_1,2024-03-20,49,68.61084747314453,70.60050152455614,61.99475725755718
20002_1320_1,2024-03-20,50,78.62643432617188,69.73876043975164,61.7866333749579
20002_1320_1,2024-03-20,51,74.62847900390625,68.36314105993708,61.9616195409468
20002_1320_1,2024-03-20,52,69.2978744506836,67.66316221573433,61.87129482027363
20002_1320_1,2024-03-20,53,69.2978744506836,73.41231251639437,62.07487090831524
20002_1320_1,2024-03-20,54,55.97135925292969,71.46744021478946,61.2048613471088
20002_1320_1,2024-03-20,55,54.638710021972656,70.66322524590076,60.353417743696525
20002_1320_1,2024-03-20,56,50.64075469970703,59.64475569922189,58.204427789836046
20002_1320_1,2024-03-20,57,50.64075469970703,57.86976441177098,57.29488863654686
20002_1320_1,2024-03-20,58,41.038394927978516,55.62107016228025,54.60969203322068
20002_1320_1,2024-03-20,59,31.77165985107422,56.03960356681131,49.55738698524816
20002_1320_1,2024-03-21,1,25.32343864440918,25.32343864440918,25.32343864440918
20002_1320_1,2024-03-21,2,30.59915542602539,30.59915542602539,30.59915542602539
20002_1320_1,2024-03-21,3,42.20573043823242,24.948092456962808,23.228196256237528
20002_1320_1,2024-03-21,4,48.536590576171875,23.325721575342552,30.199225398913608
20002_1320_1,2024-03-21,5,54.86745071411133,29.398594327978124,41.961770993211765
20002_1320_1,2024-03-21,6,69.63945770263672,42.69885724864276,51.82945432566836
20002_1320_1,2024-03-21,7,74.91517639160156,47.978511176776784,56.7921242176057
20002_1320_1,2024-03-21,8,70.08193969726562,56.73699076704523,59.29868097545065
20002_1320_1,2024-03-21,9,69.77560424804688,70.4804163307904,60.47803105689552
20002_1320_1,2024-03-21,10,71.88589477539062,70.36586304704426,60.47442486804839
20002_1320_1,2024-03-21,11,72.94103240966797,68.43750003626332,60.47788422023006
20002_1320_1,2024-03-21,12,70.4089126586914,70.5107081526466,60.577125337961526
20002_1320_1,2024-03-21,13,67.88394165039062,72.06512053799364,60.508824962372884
20002_1320_1,2024-03-21,14,66.69300079345703,70.12134825781607,60.28323989656407
20002_1320_1,2024-03-21,15,66.69300079345703,68.15543073996436,60.14799858669349
20002_1320_1,2024-03-21,16,66.69300079345703,68.00881089410743,60.17170189740073
20002_1320_1,2024-03-21,17,66.69300079345703,67.96576166116591,60.206416884865114
20002_1320_1,2024-03-21,18,66.42139434814453,68.24829091006879,60.14516968125122
20002_1320_1,2024-03-21,19,66.15948486328125,68.04166695785102,60.08357882393044
20002_1320_1,2024-03-21,20,64.97806549072266,65.85943034580305,60.012635604572125
20002_1320_1,2024-03-21,21,70.12751007080078,65.84987737962226,60.027331953241855
20002_1320_1,2024-03-21,22,73.29293823242188,65.56167099166365,60.3238212758618
20002_1320_1,2024-03-21,23,83.84436798095703,64.57774825979001,60.60236125799962
20002_1320_1,2024-03-21,24,79.18634796142578,69.24360494660334,61.1261273193081
20002_1320_1,2024-03-21,25,82.35177612304688,71.92340140991274,61.339044755153665
20002_1320_1,2024-03-21,26,106.37745666503906,75.32541796259639,61.517772781260646
20002_1320_1,2024-03-21,27,135.9214630126953,72.70437937451712,62.07816771420933
20002_1320_1,2024-03-21,28,129.62879943847656,72.1575073283534,62.60157940736826
20002_1320_1,2024-03-21,29,128.37026977539062,80.30959121518154,62.85754367772924
20002_1320_1,2024-03-21,30,123.33614349365234,80.71551874548055,62.89958903618282
20002_1320_1,2024-03-21,31,127.55671691894531,80.75237262308391,62.95804370526125
20002_1320_1,2024-03-21,32,128.19627380371094,80.8006879628214,63.03872352005483
20002_1320_1,2024-03-21,33,125.07756805419922,80.80250874519972,63.07583885112625
20002_1320_1,2024-03-21,34,124.68630981445312,80.7999530272662,63.15437129058714
20002_1320_1,2024-03-21,35,122.00086212158203,80.81048441070716,63.20572425598612
20002_1320_1,2024-03-21,36,121.62133026123047,80.81371971517478,63.261531277246924
20002_1320_1,2024-03-21,37,113.98924255371094,80.81660093375459,63.251946009719816
20002_1320_1,2024-03-21,38,109.03318786621094,80.81491694392403,63.257997402241955
20002_1320_1,2024-03-21,39,102.65425109863281,80.7466599126039,63.19765287024788
20002_1320_1,2024-03-21,40,103.78084564208984,80.64235891468911,63.143331622888745
20002_1320_1,2024-03-21,41,98.93160247802734,80.234110257248,63.09166011390057
20002_1320_1,2024-03-21,42,94.58323669433594,79.73618914689567,63.04742805782246
20002_1320_1,2024-03-21,43,104.18780517578125,79.41278946271464,62.992741537546806
20002_1320_1,2024-03-21,44,102.48634338378906,78.61233118917052,63.17855256126914
20002_1320_1,2024-03-21,45,84.77265167236328,78.78376887528536,62.98250715963827
20002_1320_1,2024-03-21,46,82.24212646484375,80.18478793144774,62.9633001496723
20002_1320_1,2024-03-21,47,79.50148010253906,77.81804630367543,62.6439913525034
20002_1320_1,2024-03-21,48,79.29469299316406,76.95926304789226,62.52613544842966
20002_1320_1,2024-03-21,49,79.29469299316406,75.07901162390456,62.442891974137844
20002_1320_1,2024-03-21,50,87.3288345336914,75.24755246046197,62.37173637965002
20002_1320_1,2024-03-21,51,86.75160217285156,75.03630067946116,62.50997719428156
20002_1320_1,2024-03-21,52,84.20008850097656,73.95576319178173,62.53798934841288
20002_1320_1,2024-03-21,53,84.20008850097656,77.26219954839047,62.680413550678296
20002_1320_1,2024-03-21,54,70.16674041748047,78.0437869320254,62.27856426878565
20002_1320_1,2024-03-21,55,68.89097595214844,77.73394759102779,61.902861969604096
20002_1320_1,2024-03-21,56,66.33946228027344,70.69854928545082,61.09948420812998
20002_1320_1,2024-03-21,57,66.33946228027344,69.58355012493236,60.83517611939817
20002_1320_1,2024-03-21,58,62.291568756103516,68.31167752616864,60.296853950036585
20002_1320_1,2024-03-21,59,54.505123138427734,68.82177770916863,59.43887224480103
20002_1320_1,2024-03-22,1,22.305858612060547,22.305858612060547,22.305858612060547
20002_1320_1,2024-03-22,2,26.55459213256836,26.55459213256836,26.55459213256836
20002_1320_1,2024-03-22,3,43.54953384399414,21.4877999368074,18.7410078621794
20002_1320_1,2024-03-22,4,48.64176559448242,18.830389394648428,25.137395002633504
20002_1320_1,2024-03-22,5,55.014869689941406,24.365680862032697,37.19596575837439
20002_1320_1,2024-03-22,6,66.69889068603516,42.38465401283291,49.654591985906144
20002_1320_1,2024-03-22,7,70.94762420654297,48.376669291120834,54.77910699643161
20002_1320_1,2024-03-22,8,74.91990661621094,56.377862537350765,57.577608372018794
20002_1320_1,2024-03-22,9,77.04427337646484,67.01827488274492,59.235912147922086
20002_1320_1,2024-03-22,10,78.10646057128906,69.48394171935092,59.703788962143896
20002_1320_1,2024-03-22,11,78.10646057128906,73.15762370454928,60.04731234950601
20002_1320_1,2024-03-22,12,78.10646057128906,74.4720515204365,60.12738304789747
20002_1320_1,2024-03-22,13,81.57022857666016,75.40729298137538,59.98710426267133
20002_1320_1,2024-03-22,14,78.98069763183594,74.72364984026296,60.04127737688802
20002_1320_1,2024-03-22,15,78.98069763183594,72.63685225019236,59.99309907772721
20002_1320_1,2024-03-22,16,77.6859359741211,75.5331942069011,60.10787463964847
20002_1320_1,2024-03-22,17,77.6859359741211,75.43776343311268,60.07053858080306
20002_1320_1,2024-03-22,18,75.09640502929688,74.9606927169516,59.93217956093294
20002_1320_1,2024-03-22,19,74.63124084472656,75.02611290527504,59.778477081374206
20002_1320_1,2024-03-22,20,74.63124084472656,73.13217272815223,59.72002315197628
20002_1320_1,2024-03-22,21,78.65541076660156,71.71198404047874,59.64617511669873
20002_1320_1,2024-03-22,22,80.77977752685547,72.39548664403652,59.90803487856136
20002_1320_1,2024-03-22,23,81.84196472167969,71.63812663879807,60.07388430204924
20002_1320_1,2024-03-22,24,78.21977233886719,76.32744748423235,59.7197702876948
20002_1320_1,2024-03-22,25,76.75874328613281,75.71126839624054,59.86531406554348
20002_1320_1,2024-03-22,26,80.22284698486328,66.5443615266309,59.48107225471876
20002_1320_1,2024-03-22,27,111.66596984863281,73.01578984632422,60.04254787578785
20002_1320_1,2024-03-22,28,105.53047943115234,66.99833492601917,60.88381713572639
20002_1320_1,2024-03-22,29,105.36556243896484,73.4538253262377,61.343018288161176
20002_1320_1,2024-03-22,30,100.46483612060547,80.45212676367277,61.619392978546145
20002_1320_1,2024-03-22,31,104.71357727050781,80.35210141935445,61.67094961330799
20002_1320_1,2024-03-22,32,107.73038482666016,79.98758987453459,61.79188177260753
20002_1320_1,2024-03-22,33,105.84727478027344,80.03756436631497,61.879823520910506
20002_1320_1,2024-03-22,34,103.32709503173828,80.28621983054859,62.00161945653212
20002_1320_1,2024-03-22,35,99.54683685302734,80.28436585517053,62.018174188418044
20002_1320_1,2024-03-22,36,100.68169403076172,80.3857933572228,61.96245264754747
20002_1320_1,2024-03-22,37,95.4512710571289,80.0083034731154,62.00597329173371
20002_1320_1,2024-03-22,38,92.93939208984375,79.25288457768647,62.00731428626533
20002_1320_1,2024-03-22,39,85.21001434326172,79.62147936311165,61.87989137318586
20002_1320_1,2024-03-22,40,83.57511901855469,79.3538348928821,61.76356690756038
20002_1320_1,2024-03-22,41,79.49421691894531,77.61084070764355,61.53153759857924
20002_1320_1,2024-03-22,42,70.51905822753906,77.12985657693912,61.1737874792855
20002_1320_1,2024-03-22,43,69.23690032958984,75.51698497224132,60.82775707655972
20002_1320_1,2024-03-22,44,67.9547348022461,70.7292130953843,60.34457337930884
20002_1320_1,2024-03-22,45,65.3904037475586,70.01488877188741,60.086097752763976
20002_1320_1,2024-03-22,46,65.3904037475586,68.82989759266988,59.86947874357892
20002_1320_1,2024-03-22,47,62.826072692871094,67.10951141404425,59.500399580522895
20002_1320_1,2024-03-22,48,61.543907165527344,67.0538790154364,59.241135154949546
20002_1320_1,2024-03-22,49,61.543907165527344,64.7024893260953,58.865978943785215
20002_1320_1,2024-03-22,50,65.3526840209961,63.92381034095007,58.49497302441621
20002_1320_1,2024-03-22,51,64.01895141601562,62.849213308111516,58.63808310782434
20002_1320_1,2024-03-22,52,64.01895141601562,60.86115815866562,58.70885909461268
20002_1320_1,2024-03-22,53,64.01895141601562,65.56268119648936,59.22506979990922
20002_1320_1,2024-03-22,54,60.01776885986328,66.16031567278985,58.8746862787786
20002_1320_1,2024-03-22,55,60.01776885986328,65.80379149660902,58.477112709771184
20002_1320_1,2024-03-22,56,58.68404006958008,62.369718586802406,57.75997372621906
20002_1320_1,2024-03-22,57,58.68404006958008,62.24942664355273,57.51642704235425
20002_1320_1,2024-03-22,58,57.078765869140625,61.42291495746785,56.935632887906145
20002_1320_1,2024-03-22,59,45.132049560546875,62.991337985323476,55.10505745475525
20002_1320_1,2024-03-25,1,27.974184036254883,27.974184036254883,27.974184036254883
20002_1320_1,2024-03-25,2,36.58162307739258,36.58162307739258,36.58162307739258
20002_1320_1,2024-03-25,3,49.34933090209961,27.48479103693299,26.42587380873296
20002_1320_1,2024-03-25,4,57.95677185058594,25.624508471733918,36.01734919218632
20002_1320_1,2024-03-25,5,58.87550735473633,34.37144466453378,48.202429638362815
20002_1320_1,2024-03-25,6,65.33108520507812,51.397714807624794,54.85644134636925
20002_1320_1,2024-03-25,7,66.40702056884766,58.477408001430625,56.94880768075642
20002_1320_1,2024-03-25,8,68.2048110961914,61.579719164281435,57.63978143726892
20002_1320_1,2024-03-25,9,68.04065704345703,66.81682003536065,58.29312163653533
20002_1320_1,2024-03-25,10,70.19252014160156,65.7262691774834,58.358192520303746
20002_1320_1,2024-03-25,11,71.26844787597656,68.0593561213233,58.71469390838941
20002_1320_1,2024-03-25,12,71.26844787597656,68.92471494200136,58.90953366041068
20002_1320_1,2024-03-25,13,74.58856201171875,71.35367535681308,58.834560752229265
20002_1320_1,2024-03-25,14,73.27999114990234,70.6126552134809,58.95258486666036
20002_1320_1,2024-03-25,15,74.35592651367188,66.28668415534469,58.94776595846403
20002_1320_1,2024-03-25,16,74.35592651367188,72.3823730370365,59.463717830332016
20002_1320_1,2024-03-25,17,74.35592651367188,72.41980028537822,59.53713141896722
20002_1320_1,2024-03-25,18,74.9747314453125,73.33832182416768,59.556182956293796
20002_1320_1,2024-03-25,19,73.11009216308594,73.22031943256104,59.52275361304206
20002_1320_1,2024-03-25,20,74.18601989746094,71.19176459738867,59.53043336839504
20002_1320_1,2024-03-25,21,79.31684875488281,70.79241475335701,59.62427199370205
20002_1320_1,2024-03-25,22,77.9493179321289,71.62267584061419,59.91430432439486
20002_1320_1,2024-03-25,23,77.65771484375,71.94346950704872,60.05352659738709
20002_1320_1,2024-03-25,24,82.10789489746094,75.6536558043484,60.01343773471359
20002_1320_1,2024-03-25,25,86.41162109375,73.03221473153636,60.24733588997394
20002_1320_1,2024-03-25,26,96.53530883789062,67.827562390887,60.374744746664625
20002_1320_1,2024-03-25,27,118.84611511230469,75.7375174636307,61.05567629509563
20002_1320_1,2024-03-25,28,116.04973602294922,75.19878308413035,61.53017546231484
20002_1320_1,2024-03-25,29,114.65155029296875,79.23386245988111,61.7807318932739
20002_1320_1,2024-03-25,30,111.85517120361328,80.73718328643473,61.945997795489234
20002_1320_1,2024-03-25,31,111.85517120361328,80.70964617401032,62.045261209192326
20002_1320_1,2024-03-25,32,109.49020385742188,80.66980837797497,62.0742991372582
20002_1320_1,2024-03-25,33,103.87532043457031,80.66914309208704,62.13856282419088
20002_1320_1,2024-03-25,34,107.10311126708984,80.4397544792368,62.21581525569886
20002_1320_1,2024-03-25,35,107.84571838378906,80.27520088389309,62.33140635330583
20002_1320_1,2024-03-25,36,105.7957992553711,80.31827020152083,62.409608823639864
20002_1320_1,2024-03-25,37,103.7715072631836,80.44299667820158,62.481471240999504
20002_1320_1,2024-03-25,38,102.36919403076172,80.29854366585496,62.56502319966581
20002_1320_1,2024-03-25,39,93.95528411865234,80.26764397823813,62.51907846429941
20002_1320_1,2024-03-25,40,99.10531616210938,80.32662912222648,62.46707070945569
20002_1320_1,2024-03-25,41,99.81565856933594,79.28600009199526,62.504448870327145
20002_1320_1,2024-03-25,42,93.55220031738281,78.38404555638436,62.52081969907268
20002_1320_1,2024-03-25,43,93.8100814819336,79.33388166466469,62.595111582261985
20002_1320_1,2024-03-25,44,90.8785171508789,79.15578002334476,62.614061385374946
20002_1320_1,2024-03-25,45,84.23567962646484,79.09595500929186,62.45800181488809
20002_1320_1,2024-03-25,46,85.98565673828125,78.96450231166176,62.39575441673698
20002_1320_1,2024-03-25,47,85.60420227050781,76.68231789510916,62.28115743758145
20002_1320_1,2024-03-25,48,84.15328216552734,77.03367356071186,62.3055757938048
20002_1320_1,2024-03-25,49,84.15328216552734,77.56233207230932,62.31836135805232
20002_1320_1,2024-03-25,50,83.7782974243164,77.52354339501255,62.24790373409087
20002_1320_1,2024-03-25,51,80.88938903808594,77.56131605153527,62.14266469757976
20002_1320_1,2024-03-25,52,77.6319580078125,77.31678059299651,61.917756126917254
20002_1320_1,2024-03-25,53,77.6319580078125,76.3618918574922,61.73974201008659
20002_1320_1,2024-03-25,54,67.56855773925781,75.12889504674122,61.228210986936766
20002_1320_1,2024-03-25,55,63.25566864013672,75.52014234666652,60.68502510397208
20002_1320_1,2024-03-25,56,57.50515365600586,69.55960439795909,59.41566014424012
20002_1320_1,2024-03-25,57,57.50515365600586,65.59979211846607,58.376934323618094
20002_1320_1,2024-03-25,58,58.581085205078125,60.2401076307675,57.410070162765344
20002_1320_1,2024-03-25,59,47.15062713623047,62.02168555772187,56.131219780167
20002_1320_1,2024-03-26,1,17.10223388671875,17.10223388671875,17.10223388671875
20002_1320_1,2024-03-26,2,28.86001968383789,28.86001968383789,28.86001968383789
20002_1320_1,2024-03-26,3,40.61780548095703,15.796071805316451,16.432754891813513
20002_1320_1,2024-03-26,4,40.61780548095703,14.928405304726411,24.677591966020913
20002_1320_1,2024-03-26,5,51.30670166015625,29.30061172703132,37.79340898279437
20002_1320_1,2024-03-26,6,56.19305419921875,41.7654499731745,47.57234868265225
20002_1320_1,2024-03-26,7,58.330833435058594,40.90106183330617,51.79413090854063
20002_1320_1,2024-03-26,8,59.2275276184082,50.038902157785714,55.853573489018245
20002_1320_1,2024-03-26,9,56.75971603393555,59.49065676475662,57.55813131918742
20002_1320_1,2024-03-26,10,62.104164123535156,60.36880732105652,57.658659550750784
20002_1320_1,2024-03-26,11,63.17305374145508,59.11130342217493,57.98894354415913
20002_1320_1,2024-03-26,12,63.17305374145508,59.47467990453188,58.53122391090051
20002_1320_1,2024-03-26,13,69.44041442871094,64.83788894326537,59.13419310750943
20002_1320_1,2024-03-26,14,66.96039581298828,64.87824791954233,59.412700526053754
20002_1320_1,2024-03-26,15,66.96039581298828,64.21705728765843,59.61584836496097
20002_1320_1,2024-03-26,16,67.85816955566406,68.56896339752277,59.96452811814626
20002_1320_1,2024-03-26,17,66.6243896484375,68.3021524462925,60.01023805873287
20002_1320_1,2024-03-26,18,68.76216888427734,67.33526985800103,60.04047043640059
20002_1320_1,2024-03-26,19,68.12613677978516,68.3960364938568,60.07105548271985
20002_1320_1,2024-03-26,20,67.95637512207031,67.70456025347707,60.149606161502234
20002_1320_1,2024-03-26,21,69.92747497558594,65.6277744731319,60.176070157396566
20002_1320_1,2024-03-26,22,68.67876434326172,67.830541927774,60.45758218525689
20002_1320_1,2024-03-26,23,70.81654357910156,67.83092055392422,60.5747647761536
20002_1320_1,2024-03-26,24,71.56627655029297,70.32510738214293,60.48267503413261
20002_1320_1,2024-03-26,25,73.70405578613281,68.30839817352586,60.64645035424145
20002_1320_1,2024-03-26,26,88.66851043701172,62.1198401739466,60.72199894191251
20002_1320_1,2024-03-26,27,111.9679183959961,69.4309012094575,61.51836734159306
20002_1320_1,2024-03-26,28,114.10569763183594,68.80108888628175,62.10320729365278
20002_1320_1,2024-03-26,29,111.62513732910156,77.70268923246383,62.43901886628109
20002_1320_1,2024-03-26,30,110.3848648071289,80.62317514837216,62.62742727280158
20002_1320_1,2024-03-26,31,112.35124969482422,80.61890508499866,62.69716594629029
20002_1320_1,2024-03-26,32,117.6957015991211,80.55720077202088,62.80958165175831
20002_1320_1,2024-03-26,33,115.00833892822266,80.51200972682355,62.90921996755319
20002_1320_1,2024-03-26,34,113.5770492553711,80.6445505324751,62.98812055009401
20002_1320_1,2024-03-26,35,113.5770492553711,80.680620204432,63.08311028071687
20002_1320_1,2024-03-26,36,110.86003875732422,80.66893633028576,63.12552144510594
20002_1320_1,2024-03-26,37,100.78185272216797,80.71962178557939,63.105018901515244
20002_1320_1,2024-03-26,38,99.52207946777344,80.61014819536149,63.13427464755168
20002_1320_1,2024-03-26,39,87.99324035644531,80.26200078087271,62.99347445386699
20002_1320_1,2024-03-26,40,90.82359313964844,80.0793190090115,62.958683937271296
20002_1320_1,2024-03-26,41,95.71086120605469,78.07085888685432,62.923186527475266
20002_1320_1,2024-03-26,42,94.22746276855469,77.57260151431655,63.04325390385282
20002_1320_1,2024-03-26,43,104.09854125976562,78.4953876339728,63.08917665079005
20002_1320_1,2024-03-26,44,94.18439483642578,79.15768049470726,63.214779150701865
20002_1320_1,2024-03-26,45,84.27024841308594,78.84922633270601,63.078631840257
20002_1320_1,2024-03-26,46,79.31317138671875,79.58923164987681,62.98568509649285
20002_1320_1,2024-03-26,47,73.11682891845703,77.8870140776896,62.65856199686379
20002_1320_1,2024-03-26,48,73.11682891845703,75.89588434489288,62.43013597641991
20002_1320_1,2024-03-26,49,71.8775634765625,72.5174647545413,62.17937164783723
20002_1320_1,2024-03-26,50,71.8775634765625,72.42222792190678,62.117525886037456
20002_1320_1,2024-03-26,51,81.88494110107422,72.16311574880265,61.87122214470359
20002_1320_1,2024-03-26,52,76.55657196044922,70.80456311520244,61.930562139926614
20002_1320_1,2024-03-26,53,76.55657196044922,67.57531132697927,61.90094727094185
20002_1320_1,2024-03-26,54,62.2833137512207,75.03895343255006,61.77804469540022
20002_1320_1,2024-03-26,55,59.459495544433594,75.15944020495381,61.129867824836666
20002_1320_1,2024-03-26,56,54.28910446166992,65.43075491226082,59.51959927510344
20002_1320_1,2024-03-26,57,54.28910446166992,61.46569485605177,58.502178701269486
20002_1320_1,2024-03-26,58,54.68687057495117,58.041727181478905,57.279039651675234
20002_1320_1,2024-03-26,59,42.96825408935547,58.9917317990175,55.531581312757126
20002_1320_1,2024-03-27,1,30.995075225830078,30.995075225830078,30.995075225830078
20002_1320_1,2024-03-27,2,44.88941955566406,44.88941955566406,44.88941955566406
20002_1320_1,2024-03-27,3,57.714969635009766,29.496730788599557,36.393426101883406
20002_1320_1,2024-03-27,4,60.921356201171875,28.62439084508654,47.393404806581216
20002_1320_1,2024-03-27,5,64.12774658203125,45.99141599906103,56.542984780559564
20002_1320_1,2024-03-27,6,64.12774658203125,59.95324782117333,59.32147104339704
20002_1320_1,2024-03-27,7,66.26533508300781,63.40296481032196,59.84220196612908
20002_1320_1,2024-03-27,8,73.74690246582031,65.96182844199359,60.19159815566135
20002_1320_1,2024-03-27,9,73.62623596191406,65.23038018011401,60.506138557535905
20002_1320_1,2024-03-27,10,72.43871307373047,67.61535201856654,60.86064690484273
20002_1320_1,2024-03-27,11,72.43871307373047,72.20778943032863,61.16858044804657
20002_1320_1,2024-03-27,12,71.2511978149414,72.25863320247763,61.1223138540791
20002_1320_1,2024-03-27,13,70.06367492675781,72.29841162553198,61.06047440747434
20002_1320_1,2024-03-27,14,67.68863677978516,71.68390061723746,60.91761305486298
20002_1320_1,2024-03-27,15,67.68863677978516,70.66637096365625,60.817026011721424
20002_1320_1,2024-03-27,16,71.8450927734375,69.03219390842841,60.69420576329887
20002_1320_1,2024-03-27,17,71.8450927734375,68.17417006417858,60.8621084228037
20002_1320_1,2024-03-27,18,69.45025634765625,67.95366017606754,60.92439776702171
20002_1320_1,2024-03-27,19,66.92679595947266,72.07212082435292,61.02517726222343
20002_1320_1,2024-03-27,20,66.80047607421875,70.13386547354577,60.876702942573374
20002_1320_1,2024-03-27,21,74.15797424316406,67.32336879474906,60.755639095446675
20002_1320_1,2024-03-27,22,75.97061920166016,66.44867352194973,60.948272049126366
20002_1320_1,2024-03-27,23,78.00822448730469,66.1395359809359,61.221932949122746
20002_1320_1,2024-03-27,24,87.14985656738281,70.73298788870989,61.44603837918066
20002_1320_1,2024-03-27,25,88.2186508178711,71.62511520528018,61.8652400768243
20002_1320_1,2024-03-27,26,102.71240234375,71.1868854893321,61.96477287936715
20002_1320_1,2024-03-27,27,108.69496154785156,77.46041783165478,62.45647684728727
20002_1320_1,2024-03-27,28,107.38538360595703,76.64622614776144,62.64139445804007
20002_1320_1,2024-03-27,29,103.45664978027344,79.99414904269992,62.769494165672896
20002_1320_1,2024-03-27,30,100.83749389648438,80.49516067900909,62.81366877520828
20002_1320_1,2024-03-27,31,101.90628814697266,80.25689517896171,62.857371474388486
20002_1320_1,2024-03-27,32,102.49969482421875,80.07695787579347,62.89253156023661
20002_1320_1,2024-03-27,33,106.7748794555664,80.0182159116229,62.996272732995536
20002_1320_1,2024-03-27,34,108.91246795654297,79.82460560459049,63.118174315845906
20002_1320_1,2024-03-27,35,108.91246795654297,80.14210299917632,63.23471915303216
20002_1320_1,2024-03-27,36,112.73208618164062,80.472484457619,63.292956824479006
20002_1320_1,2024-03-27,37,108.31549072265625,80.56305610357528,63.3581029867539
20002_1320_1,2024-03-27,38,105.67364501953125,80.44872028920358,63.40618285133593
20002_1320_1,2024-03-27,39,104.16089630126953,80.5113153206544,63.36917409667392
20002_1320_1,2024-03-27,40,109.5120620727539,80.52576809885501,63.264009296388565
20002_1320_1,2024-03-27,41,109.08032989501953,79.59174826599873,63.415363481906134
20002_1320_1,2024-03-27,42,107.422119140625,77.99917522856231,63.48845567006034
20002_1320_1,2024-03-27,43,116.75029754638672,80.21695615764548,63.630611823930245
20002_1320_1,2024-03-27,44,112.6776123046875,80.38511133676406,63.74018119271566
20002_1320_1,2024-03-27,45,101.1533203125,80.56946380076745,63.56421681946102
20002_1320_1,2024-03-27,46,105.09239196777344,80.68155079192775,63.62050421084269
20002_1320_1,2024-03-27,47,101.62506103515625,79.24646869516839,63.544343934227605
20002_1320_1,2024-03-27,48,105.57691192626953,79.98062572381994,63.59597283600491
20002_1320_1,2024-03-27,49,104.2057876586914,79.88742777967595,63.63488753791635
20002_1320_1,2024-03-27,50,117.19313049316406,80.06584627620867,63.59102942415864
20002_1320_1,2024-03-27,51,116.79235076904297,80.2079799768882,63.68812160532829
20002_1320_1,2024-03-27,52,112.29960632324219,79.9145959158785,63.66992901896652
20002_1320_1,2024-03-27,53,112.29960632324219,80.58880004867768,63.693647726115636
20002_1320_1,2024-03-27,54,89.83968353271484,80.71960397579868,63.40733725272497
20002_1320_1,2024-03-27,55,89.5047378540039,80.69092092515808,63.26389253451483
20002_1320_1,2024-03-27,56,79.55976104736328,78.975075663528,62.849281066532335
20002_1320_1,2024-03-27,57,79.55976104736328,78.54014528002736,62.66804501857265
20002_1320_1,2024-03-27,58,71.03550720214844,76.44937419881538,62.1901746023394
20002_1320_1,2024-03-27,59,52.5662727355957,77.32275560415653,61.21176234485856
20002_1320_1,2024-03-28,1,12.928804397583008,12.928804397583008,12.928804397583008
20002_1320_1,2024-03-28,2,17.238407135009766,17.238407135009766,17.238407135009766
20002_1320_1,2024-03-28,3,30.167211532592773,12.68436433884995,12.586189609005672
20002_1320_1,2024-03-28,4,33.399410247802734,10.921112923388044,15.596852831210379
20002_1320_1,2024-03-28,5,34.47681427001953,16.009321051061967,22.072853030547424
20002_1320_1,2024-03-28,6,38.786415100097656,30.797928599540462,31.643895250387967
20002_1320_1,2024-03-28,7,39.86381530761719,33.89016851938081,36.22271626595072
20002_1320_1,2024-03-28,8,41.828487396240234,36.00191786154507,38.81877216879737
20002_1320_1,2024-03-28,9,43.89878463745117,40.378329173575494,42.281296465714505
20002_1320_1,2024-03-28,10,44.9761848449707,38.58429829956845,44.22746853512558
20002_1320_1,2024-03-28,11,44.9761848449707,42.5208945413527,47.8607624248036
20002_1320_1,2024-03-28,12,46.053585052490234,46.473028660001155,50.03194207008714
20002_1320_1,2024-03-28,13,47.02752685546875,47.730370681332815,50.74953875498019
20002_1320_1,2024-03-28,14,44.6761474609375,47.716365602333795,50.982129042749804
20002_1320_1,2024-03-28,15,44.6761474609375,47.51661277615716,51.21237521103127
20002_1320_1,2024-03-28,16,44.6761474609375,47.219754723282,51.48094546318861
20002_1320_1,2024-03-28,17,44.6761474609375,47.14557514135026,51.83297498012743
20002_1320_1,2024-03-28,18,44.6761474609375,47.06742495358994,52.177461199157584
20002_1320_1,2024-03-28,19,44.6761474609375,46.989216301902744,52.50448134742504
20002_1320_1,2024-03-28,20,46.83094787597656,46.91469309194278,52.80506891932559
20002_1320_1,2024-03-28,21,45.66017532348633,46.64356010914281,53.23907631320597
20002_1320_1,2024-03-28,22,48.79900360107422,46.94554403016963,53.501682784844526
20002_1320_1,2024-03-28,23,46.475242614746094,47.508316880541116,54.04014561044751
20002_1320_1,2024-03-28,24,51.3553581237793,47.7683481807005,53.057740817358656
20002_1320_1,2024-03-28,25,53.51015853881836,46.80154196950794,54.04061594836031
20002_1320_1,2024-03-28,26,53.51015853881836,39.42248393511313,54.75601338028194
20002_1320_1,2024-03-28,27,81.52256774902344,53.624308315245294,57.73249512035265
20002_1320_1,2024-03-28,28,77.81700134277344,51.29741035926949,59.42049896303569
20002_1320_1,2024-03-28,29,77.65921020507812,54.36433913863662,60.531020504601614
20002_1320_1,2024-03-28,30,73.80586242675781,75.13681200583646,61.44314404027892
20002_1320_1,2024-03-28,31,73.80586242675781,74.14561615919851,61.433730846727926
20002_1320_1,2024-03-28,32,72.11767578125,72.40146563291644,61.25430349484235
20002_1320_1,2024-03-28,33,69.46485137939453,72.83649658008969,61.210210708104164
20002_1320_1,2024-03-28,34,68.22441101074219,69.44838688569425,61.04856570544597
20002_1320_1,2024-03-28,35,69.30181121826172,69.08668904164175,61.06452094390795
20002_1320_1,2024-03-28,36,69.30181121826172,68.84710048894453,61.13977179987403
20002_1320_1,2024-03-28,37,64.35167694091797,69.60902334452702,61.019362192106755
20002_1320_1,2024-03-28,38,63.1141471862793,70.20205660047108,60.85752632295424
20002_1320_1,2024-03-28,39,59.40155029296875,66.74938916590179,60.267907342942934
20002_1320_1,2024-03-28,40,61.833091735839844,66.29772953998304,59.44658248463186
20002_1320_1,2024-03-28,41,57.862892150878906,61.791561089807956,58.63912467899198
20002_1320_1,2024-03-28,42,52.71952438354492,56.59398092038531,57.58043666631393
20002_1320_1,2024-03-28,43,52.302642822265625,60.307754781739405,57.389311715030054
20002_1320_1,2024-03-28,44,45.76481246948242,56.61723826741654,55.34278916418923
20002_1320_1,2024-03-28,45,45.304481506347656,53.81548634836088,53.04780334562691
20002_1320_1,2024-03-28,46,45.04939651489258,48.33064074102513,50.83696535723555
20002_1320_1,2024-03-28,47,42.319129943847656,45.662893851353715,49.59533794823089
20002_1320_1,2024-03-28,48,42.319129943847656,46.40712692839491,49.43865200133246
20002_1320_1,2024-03-28,49,42.319129943847656,44.41412580139411,48.67867404894099
20002_1320_1,2024-03-28,50,42.031394958496094,44.67262416674028,48.30910463338272
20002_1320_1,2024-03-28,51,42.830345153808594,44.54428305913191,47.70469515276467
20002_1320_1,2024-03-28,52,41.44872283935547,42.698027238022135,47.04944493835828
20002_1320_1,2024-03-28,53,41.44872283935547,42.447935216586814,47.11000998457129
20002_1320_1,2024-03-28,54,40.06709671020508,43.66341929065507,47.011624896795226
20002_1320_1,2024-03-28,55,40.06709671020508,43.50050975732634,46.31898486425036
20002_1320_1,2024-03-28,56,38.68547439575195,42.14545518116678,44.933266663159344
20002_1320_1,2024-03-28,57,37.30384826660156,42.28928834938358,43.673900951005166
20002_1320_1,2024-03-28,58,35.313777923583984,41.368536907932565,40.45007106958277
20002_1320_1,2024-03-28,59,27.164443969726562,40.52693751775952,34.73672566264391
20002_1320_1,2024-03-30,1,21.853206634521484,21.853206634521484,21.853206634521484
20002_1320_1,2024-03-30,2,21.853206634521484,21.853206634521484,21.853206634521484
20002_1320_1,2024-03-30,3,23.845703125,21.90478640289629,17.19500244783258
20002_1320_1,2024-03-30,4,28.216344833374023,21.13665820326147,17.741435028471525
20002_1320_1,2024-03-30,5,33.67964553833008,19.191435311141888,19.283057982588915
20002_1320_1,2024-03-30,6,42.420928955078125,22.462077775129853,23.101527325920873
20002_1320_1,2024-03-30,7,42.420928955078125,26.363830046031783,30.267512208910205
20002_1320_1,2024-03-30,8,44.60625076293945,33.830146508839675,37.27322547923007
20002_1320_1,2024-03-30,9,44.49333572387695,44.17867598156957,42.33266535731022
20002_1320_1,2024-03-30,10,45.585994720458984,44.08904420721695,43.22983791230402
20002_1320_1,2024-03-30,11,45.585994720458984,45.168437118072596,44.61625731979841
20002_1320_1,2024-03-30,12,46.67865753173828,46.587276896117515,45.7011171295343
20002_1320_1,2024-03-30,13,44.18064880371094,48.3619839339992,45.733960383130295
20002_1320_1,2024-03-30,14,44.18064880371094,47.79904987063401,45.443879679333236
20002_1320_1,2024-03-30,15,44.18064880371094,44.91303478868666,45.108473658925476
20002_1320_1,2024-03-30,16,44.18064880371094,46.14859566254758,45.91734132580057
20002_1320_1,2024-03-30,17,44.18064880371094,46.074788372638764,46.26968473445294
20002_1320_1,2024-03-30,18,45.273311614990234,45.99703523326882,46.61993512340451
20002_1320_1,2024-03-30,19,47.4586296081543,45.690836255799425,47.22142551432909
20002_1320_1,2024-03-30,20,47.4586296081543,45.292125173733176,48.346580668551795
20002_1320_1,2024-03-30,21,50.73661422729492,46.795604203167585,49.57264932703693
20002_1320_1,2024-03-30,22,52.921932220458984,48.647032010027374,51.01720444288946
20002_1320_1,2024-03-30,23,55.10725402832031,48.54916011607581,52.16881464729687
20002_1320_1,2024-03-30,24,61.34366226196289,52.629467305776906,53.3332281141088
20002_1320_1,2024-03-30,25,61.34366226196289,53.322246073600006,54.70014076866231
20002_1320_1,2024-03-30,26,65.34363555908203,54.45539903051908,55.43200201728768
20002_1320_1,2024-03-30,27,66.24771118164062,62.30879347528183,56.67955677170141
20002_1320_1,2024-03-30,28,66.24771118164062,59.95436482951075,57.01828517922306
20002_1320_1,2024-03-30,29,63.69972229003906,65.58959980829333,57.47312888021098
20002_1320_1,2024-03-30,30,64.7923812866211,67.24131106721619,57.548315638179915
20002_1320_1,2024-03-30,31,66.97769927978516,64.90230776275786,57.48991419824765
20002_1320_1,2024-03-30,32,63.90987014770508,65.49946297135162,57.40421999562699
20002_1320_1,2024-03-30,33,62.57841491699219,66.07394981018484,57.396841634808396
20002_1320_1,2024-03-30,34,62.57841491699219,63.43229522392784,57.219078597593445
20002_1320_1,2024-03-30,35,63.67107391357422,64.25484940392899,57.34311319777753
20002_1320_1,2024-03-30,36,62.054325103759766,64.54222568019338,57.252493389821325
20002_1320_1,2024-03-30,37,62.054325103759766,64.24949305048789,57.23736849994902
20002_1320_1,2024-03-30,38,62.054325103759766,62.88168884009608,57.18683657608919
20002_1320_1,2024-03-30,39,63.14698791503906,63.92345219277929,57.35497947971919
20002_1320_1,2024-03-30,40,68.05008697509766,64.20190779428262,57.252666588130175
20002_1320_1,2024-03-30,41,66.42074584960938,63.26651956291322,57.55627888643307
20002_1320_1,2024-03-30,42,60.99864196777344,62.90149246073209,57.49039577075537
20002_1320_1,2024-03-30,43,56.6692008972168,67.66422911787319,57.22102964678136
20002_1320_1,2024-03-30,44,55.3199348449707,63.42539469532311,56.01508915937072
20002_1320_1,2024-03-30,45,55.3199348449707,58.01261765833301,55.058095371545356
20002_1320_1,2024-03-30,46,53.97066879272461,57.969424008569874,54.87869303638369
20002_1320_1,2024-03-30,47,48.57360076904297,58.77795449799122,53.91244578184232
20002_1320_1,2024-03-30,48,47.224334716796875,57.003902419752656,52.32697195799847
20002_1320_1,2024-03-30,49,47.224334716796875,50.82966470459378,50.37928970803341
20002_1320_1,2024-03-30,50,47.224334716796875,49.24051176119447,49.89053866400689
20002_1320_1,2024-03-30,51,47.224334716796875,49.22043798736828,49.84336777336749
20002_1320_1,2024-03-30,52,41.827266693115234,50.3033506758347,48.52019911930627
20002_1320_1,2024-03-30,53,41.827266693115234,49.65924388860679,46.57216240634659
20002_1320_1,2024-03-30,54,41.57065963745117,43.52682117948062,43.15316052047662
20002_1320_1,2024-03-30,55,40.229671478271484,43.419050028859566,42.17067479509275
20002_1320_1,2024-03-30,56,38.8886833190918,42.05350418529078,40.425229396950066
20002_1320_1,2024-03-30,57,38.8886833190918,41.60722169890798,39.253499238668184
20002_1320_1,2024-03-30,58,34.86571502685547,40.8674630660135,36.46003478834141
20002_1320_1,2024-03-30,59,28.160770416259766,41.855827689930265,31.243787390413825
20002_1320_1,2024-04-03,1,30.72463035583496,30.72463035583496,30.72463035583496
20002_1320_1,2024-04-03,2,32.843570709228516,32.843570709228516,32.843570709228516
20002_1320_1,2024-04-03,3,34.529090881347656,31.93128712903604,30.2260582274586
20002_1320_1,2024-04-03,4,34.529090881347656,31.40969055646466,31.902032683537726
20002_1320_1,2024-04-03,5,36.648033142089844,32.57999974728866,34.21896344962268
20002_1320_1,2024-04-03,6,41.94538116455078,35.95715965202159,37.538937930843474
20002_1320_1,2024-04-03,7,43.004852294921875,35.16294921713377,40.844950191465294
20002_1320_1,2024-04-03,8,44.70033645629883,38.456650905378545,44.86736471001027
20002_1320_1,2024-04-03,9,45.75980758666992,44.08405087833305,48.738683226251375
20002_1320_1,2024-04-03,10,47.878746032714844,43.76652851561302,50.10129250912166
20002_1320_1,2024-04-03,11,49.997684478759766,47.20411070285928,52.398417552212
20002_1320_1,2024-04-03,12,49.997684478759766,48.247614700096186,53.86614495357844
20002_1320_1,2024-04-03,13,51.05715560913086,50.90500842704736,55.15048346376423
20002_1320_1,2024-04-03,14,51.05715560913086,53.041794792842,56.01715864445439
20002_1320_1,2024-04-03,15,51.05715560913086,53.11203121609762,56.384997168714655
20002_1320_1,2024-04-03,16,54.235565185546875,54.22322312455838,56.810216089638715
20002_1320_1,2024-04-03,17,54.235565185546875,53.546644994342955,57.293597233266084
20002_1320_1,2024-04-03,18,49.83808898925781,54.67848689957047,57.475109869852105
20002_1320_1,2024-04-03,19,51.5506706237793,57.79915091351364,57.54765013487359
20002_1320_1,2024-04-03,20,51.5506706237793,52.18780381020797,57.025310079636284
20002_1320_1,2024-04-03,21,54.315673828125,51.123659344215035,57.19632205452476
20002_1320_1,2024-04-03,22,55.375144958496094,53.645583137045854,58.07400004068618
20002_1320_1,2024-04-03,23,56.03684616088867,52.52108517518981,58.35731048298547
20002_1320_1,2024-04-03,24,55.58682632446289,57.737940567552094,58.72825795270248
20002_1320_1,2024-04-03,25,56.646297454833984,55.919762122695076,58.78193439691994
20002_1320_1,2024-04-03,26,60.23988342285156,52.841258546030524,58.70710848908341
20002_1320_1,2024-04-03,27,82.48875427246094,57.21554583600171,59.609214436083064
20002_1320_1,2024-04-03,28,81.34166717529297,53.09560006674417,60.484374221261476
20002_1320_1,2024-04-03,29,80.02970886230469,60.81329780177064,61.5097231969671
20002_1320_1,2024-04-03,30,94.60979461669922,73.84813515079018,62.06512336573657
20002_1320_1,2024-04-03,31,93.11224365234375,74.72882766012154,62.420174772907394
20002_1320_1,2024-04-03,32,86.6461181640625,75.27541988165859,62.477982667682326
20002_1320_1,2024-04-03,33,84.05966186523438,79.16193311453043,62.61361539486598
20002_1320_1,2024-04-03,34,82.76644134521484,78.121617387756,62.58565844388031
20002_1320_1,2024-04-03,35,82.53268432617188,77.51881355852699,62.58337759332117
20002_1320_1,2024-04-03,36,81.24311065673828,77.10584904231024,62.61066947801055
20002_1320_1,2024-04-03,37,77.3743896484375,76.88179725952723,62.569275696673856
20002_1320_1,2024-04-03,38,73.50566864013672,76.90534086049232,62.48466304935663
20002_1320_1,2024-04-03,39,67.05780792236328,75.46817319189121,62.2073671805653
20002_1320_1,2024-04-03,40,66.36749267578125,73.315102946023,61.82187770357184
20002_1320_1,2024-04-03,41,62.10551834106445,69.56051467337052,60.99302738489682
20002_1320_1,2024-04-03,42,59.345272064208984,65.29332954926912,60.40338411172374
20002_1320_1,2024-04-03,43,62.20302963256836,58.78299972448078,59.73714276110255
20002_1320_1,2024-04-03,44,56.5482063293457,62.427073483221534,59.98089053064166
20002_1320_1,2024-04-03,45,53.72079849243164,61.41802908760351,59.437387600517184
20002_1320_1,2024-04-03,46,53.72079849243164,59.708553903956386,58.90661302816068
20002_1320_1,2024-04-03,47,54.42603302001953,57.02013999107423,58.259314846118514
20002_1320_1,2024-04-03,48,54.42603302001953,56.449195503405164,58.29139209935396
20002_1320_1,2024-04-03,49,52.99376678466797,55.406731133712384,58.14899192137251
20002_1320_1,2024-04-03,50,61.46952819824219,57.48666073196543,58.353429777958056
20002_1320_1,2024-04-03,51,60.35936737060547,55.16105856951998,58.46207751435318
20002_1320_1,2024-04-03,52,57.55195617675781,55.546014670468814,58.945269130472326
20002_1320_1,2024-04-03,53,57.55195617675781,59.94861687891742,59.556041953340795
20002_1320_1,2024-04-03,54,51.937129974365234,61.27667444449352,59.07965052864637
20002_1320_1,2024-04-03,55,54.056068420410156,60.7114442788171,58.37041642685011
20002_1320_1,2024-04-03,56,48.51185607910156,55.52093681298355,56.764021651253216
20002_1320_1,2024-04-03,57,48.51185607910156,55.15525285854012,56.03936894428837
20002_1320_1,2024-04-03,58,45.413169860839844,52.1890454837321,54.24753997597263
20002_1320_1,2024-04-03,59,37.156227111816406,53.157422170508454,51.48562040174499
20002_1320_1,2024-04-05,1,18.275283813476562,18.275283813476562,18.275283813476562
20002_1320_1,2024-04-05,2,27.9504337310791,27.9504337310791,27.9504337310791
20002_1320_1,2024-04-05,3,37.23466873168945,16.70410107979833,16.41371994046529
20002_1320_1,2024-04-05,4,39.384700775146484,15.270972150769305,21.368589413058395
20002_1320_1,2024-04-05,5,44.75978469848633,24.321883879905002,30.44778664507677
20002_1320_1,2024-04-05,6,50.13486862182617,37.33953540023629,40.73547077688863
20002_1320_1,2024-04-05,7,53.359920501708984,39.51354143729057,45.854753329575374
20002_1320_1,2024-04-05,8,55.37224578857422,46.235822265698815,50.44228942520253
20002_1320_1,2024-04-05,9,56.447261810302734,52.091497374915605,53.2209795649205
20002_1320_1,2024-04-05,10,58.597293853759766,54.51689945747164,54.503369212791796
20002_1320_1,2024-04-05,11,58.597293853759766,57.70624678899106,55.61803113692656
20002_1320_1,2024-04-05,12,58.597293853759766,59.04264748097504,56.13124157422205
20002_1320_1,2024-04-05,13,56.009979248046875,61.797068011231225,56.1873815690975
20002_1320_1,2024-04-05,14,56.009979248046875,61.21689373553255,55.95612179656393
20002_1320_1,2024-04-05,15,56.009979248046875,57.56291857327736,55.58946733180635
20002_1320_1,2024-04-05,16,56.009979248046875,58.63178079523032,55.89702257687232
20002_1320_1,2024-04-05,17,57.08499526977539,58.57415788281298,56.02280065526428
20002_1320_1,2024-04-05,18,57.08499526977539,58.3196778295019,56.24442224194219
20002_1320_1,2024-04-05,19,55.67805862426758,58.81978461683241,56.25354052233743
20002_1320_1,2024-04-05,20,54.440765380859375,59.62955450471208,56.25114443829344
20002_1320_1,2024-04-05,21,55.515785217285156,56.975615795459305,55.98235746867438
20002_1320_1,2024-04-05,22,57.66581726074219,56.55501045407287,56.162338232936065
20002_1320_1,2024-04-05,23,58.38365936279297,56.70132973437259,56.3330951758538
20002_1320_1,2024-04-05,24,63.42436218261719,57.63856080958471,56.582691952614184
20002_1320_1,2024-04-05,25,64.49938201904297,55.92058915037195,57.22834039056296
20002_1320_1,2024-04-05,26,70.75980377197266,57.5694456893554,57.89228640934239
20002_1320_1,2024-04-05,27,76.73920440673828,64.14341256815915,58.80728120043618
20002_1320_1,2024-04-05,28,75.43853759765625,63.269980584800116,59.375800915116656
20002_1320_1,2024-04-05,29,74.13787078857422,68.37563531685659,59.84390955471992
20002_1320_1,2024-04-05,30,79.06166076660156,73.6764190317141,60.03930770541142
20002_1320_1,2024-04-05,31,79.06166076660156,71.87420811492984,60.27487364342019
20002_1320_1,2024-04-05,32,70.84295654296875,71.87552628800825,60.043283289759216
20002_1320_1,2024-04-05,33,70.62991333007812,75.59724173507686,60.136134298272
20002_1320_1,2024-04-05,34,69.34573364257812,69.08895686568428,59.79450420513865
20002_1320_1,2024-04-05,35,72.57078552246094,69.7536716789693,59.89371994830399
20002_1320_1,2024-04-05,36,71.29761505126953,69.3700303038949,60.03331026428722
20002_1320_1,2024-04-05,37,67.27994537353516,70.20122980892572,59.928490170700655
20002_1320_1,2024-04-05,38,64.74108123779297,71.4056663745171,59.793718238586166
20002_1320_1,2024-04-05,39,66.307861328125,68.00938002988072,59.1537559732063
20002_1320_1,2024-04-05,40,77.45763397216797,66.27298979998602,58.88013676741605
20002_1320_1,2024-04-05,41,77.45763397216797,60.471832457389446,59.539040526451274
20002_1320_1,2024-04-05,42,76.04931640625,63.62527423493086,60.42809193306383
20002_1320_1,2024-04-05,43,81.16619873046875,75.2072757261203,61.01748383680826
20002_1320_1,2024-04-05,44,76.96794891357422,73.42957037768913,61.081685834171964
20002_1320_1,2024-04-05,45,73.52030944824219,70.79871379418806,60.828728040354505
20002_1320_1,2024-04-05,46,76.06768798828125,74.62980329953459,60.95662922320198
20002_1320_1,2024-04-05,47,72.99356079101562,70.91875765438691,60.716763450023095
20002_1320_1,2024-04-05,48,75.14359283447266,70.3777383745406,60.77837809636223
20002_1320_1,2024-04-05,49,75.14359283447266,71.05119102355779,60.971449357176574
20002_1320_1,2024-04-05,50,88.7760238647461,72.08953628872405,61.02387008313927
20002_1320_1,2024-04-05,51,97.51484680175781,72.1571718855676,61.45020572777172
20002_1320_1,2024-04-05,52,94.2877426147461,70.91355100573846,61.86388124872994
20002_1320_1,2024-04-05,53,94.2877426147461,77.26918429516822,62.28631714188363
20002_1320_1,2024-04-05,54,85.71612548828125,79.41733149647044,62.20091090788798
20002_1320_1,2024-04-05,55,86.43756103515625,79.47766758229704,62.02378608049219
20002_1320_1,2024-04-05,56,80.67505645751953,77.943410544264,61.65647439666347
20002_1320_1,2024-04-05,57,77.7938003540039,77.61565180229204,61.38294817747419
20002_1320_1,2024-04-05,58,68.05321502685547,77.1315333977617,60.57652876812312
20002_1320_1,2024-04-05,59,42.533260345458984,76.96632136002418,58.14069992022531
20002_1320_1,2024-04-08,1,15.001952171325684,15.001952171325684,15.001952171325684
20002_1320_1,2024-04-08,2,22.502927780151367,22.502927780151367,22.502927780151367
20002_1320_1,2024-04-08,3,36.433311462402344,14.2656233955151,15.091747764790437
20002_1320_1,2024-04-08,4,36.248558044433594,12.814127683774785,20.22458785109732
20002_1320_1,2024-04-08,5,41.60639953613281,22.116631565019368,28.165332456115276
20002_1320_1,2024-04-08,6,49.10737609863281,35.763724370335034,37.94751299111525
20002_1320_1,2024-04-08,7,52.322078704833984,36.18021550758449,43.823750580747244
20002_1320_1,2024-04-08,8,51.97368621826172,43.3839618114606,49.26942291134915
20002_1320_1,2024-04-08,9,53.04525375366211,51.79886465214018,52.42536071999253
20002_1320_1,2024-04-08,10,56.25996017456055,52.66719241036509,53.278009555272774
20002_1320_1,2024-04-08,11,56.25996017456055,54.54567090431134,54.434015287952654
20002_1320_1,2024-04-08,12,56.25996017456055,56.05480780248879,55.20006868973684
20002_1320_1,2024-04-08,13,54.71478271484375,59.84317060479286,55.57435510491348
20002_1320_1,2024-04-08,14,54.71478271484375,59.350348144177914,55.447204640495045
20002_1320_1,2024-04-08,15,55.786354064941406,56.70338272959072,55.28129612626278
20002_1320_1,2024-04-08,16,59.00105667114258,57.58197241753112,55.71227051892569
20002_1320_1,2024-04-08,17,59.00105667114258,57.050027834279106,56.25822075824169
20002_1320_1,2024-04-08,18,59.00105667114258,58.453060355605444,56.865075310804386
20002_1320_1,2024-04-08,19,53.637325286865234,62.50248823412608,56.99187141597414
20002_1320_1,2024-04-08,20,55.780460357666016,61.91905827985708,56.63261740417418
20002_1320_1,2024-04-08,21,56.852027893066406,56.00977290245103,56.233759760485775
20002_1320_1,2024-04-08,22,61.95929718017578,56.2443156971116,56.59855542459528
20002_1320_1,2024-04-08,23,64.10243225097656,57.27036493730843,57.42621809674007
20002_1320_1,2024-04-08,24,75.11907196044922,57.81589347688756,57.960324434102034
20002_1320_1,2024-04-08,25,79.40534210205078,61.7628547122219,59.147515082394115
20002_1320_1,2024-04-08,26,90.12101745605469,61.6735290708408,59.82676835547201
20002_1320_1,2024-04-08,27,91.90523529052734,72.10162399641298,60.739664212554636
20002_1320_1,2024-04-08,28,89.46422576904297,75.42148832664009,60.98107408951393
20002_1320_1,2024-04-08,29,87.69566345214844,78.42310852009128,61.20297809042621
20002_1320_1,2024-04-08,30,88.42435455322266,77.89958694039902,61.26110951948483
20002_1320_1,2024-04-08,31,88.42435455322266,77.89910720171048,61.401713499826364
20002_1320_1,2024-04-08,32,85.21732330322266,78.05571639933946,61.42990014855796
20002_1320_1,2024-04-08,33,87.36045837402344,78.40176004042584,61.53992180905833
20002_1320_1,2024-04-08,34,87.36045837402344,77.30806687624866,61.631312495842366
20002_1320_1,2024-04-08,35,87.36045837402344,77.66561231743327,61.768551324671904
20002_1320_1,2024-04-08,36,85.61394500732422,78.30183995904758,61.84069753272652
20002_1320_1,2024-04-08,37,79.99991607666016,78.41617584320363,61.80568315624588
20002_1320_1,2024-04-08,38,78.5964126586914,77.71629558472699,61.749303452370526
20002_1320_1,2024-04-08,39,81.1472396850586,76.25913157091315,61.632027510303224
20002_1320_1,2024-04-08,40,85.4488754272461,75.33463396468666,61.63630935164724
20002_1320_1,2024-04-08,41,92.89126586914062,73.4198415119935,61.746165378735654
20002_1320_1,2024-04-08,42,90.03307342529297,73.40266760018437,62.10827018455497
20002_1320_1,2024-04-08,43,92.53271484375,76.41017458427012,62.319644760868435
20002_1320_1,2024-04-08,44,86.37516784667969,78.83837486753967,62.44906206715907
20002_1320_1,2024-04-08,45,78.80921936035156,78.49247830313415,62.24804337579346
20002_1320_1,2024-04-08,46,75.58209991455078,78.01966843825338,62.02774129038327
20002_1320_1,2024-04-08,47,72.67509460449219,75.16865964491231,61.698886213833035
20002_1320_1,2024-04-08,48,69.76809692382812,73.51573731175424,61.42114444675866
20002_1320_1,2024-04-08,49,69.76809692382812,72.16336725961068,61.2204133957798
20002_1320_1,2024-04-08,50,74.36206817626953,70.50406154083576,60.91773751654303
20002_1320_1,2024-04-08,51,77.2144546508789,70.05135206084307,60.818867777430285
20002_1320_1,2024-04-08,52,71.5988540649414,67.54471446722303,60.76373343630071
20002_1320_1,2024-04-08,53,71.5988540649414,69.18390174853448,60.90882746402613
20002_1320_1,2024-04-08,54,65.98326110839844,71.97435515597897,60.764100547243885
20002_1320_1,2024-04-08,55,65.98326110839844,71.58410446259803,60.42455354144473
20002_1320_1,2024-04-08,56,58.96376419067383,68.36927615555226,59.53993125341557
20002_1320_1,2024-04-08,57,58.96376419067383,67.79774050674843,58.90455835667041
20002_1320_1,2024-04-08,58,56.15596389770508,62.0439515763735,57.67836634834188
20002_1320_1,2024-04-08,59,49.13646697998047,62.94536788196078,56.454265095829086
20002_1320_1,2024-04-09,1,38.30955123901367,38.30955123901367,38.30955123901367
20002_1320_1,2024-04-09,2,48.95109558105469,48.95109558105469,48.95109558105469
20002_1320_1,2024-04-09,3,59.59263610839844,38.274028512832224,45.79324439042157
20002_1320_1,2024-04-09,4,65.9775619506836,37.42360033020189,51.96866446525054
20002_1320_1,2024-04-09,5,74.49079895019531,50.02722671060822,57.503574878239334
20002_1320_1,2024-04-09,6,86.11463165283203,60.8288379390242,59.70263529458883
20002_1320_1,2024-04-09,7,86.11463165283203,65.43989261291617,60.7009172215516
20002_1320_1,2024-04-09,8,84.65483093261719,72.51082354643377,61.18053339274771
20002_1320_1,2024-04-09,9,84.50963592529297,78.05615494925468,61.4575829339012
20002_1320_1,2024-04-09,10,86.637939453125,77.03336867211732,61.34058059057287
20002_1320_1,2024-04-09,11,87.70209503173828,77.27162469697609,61.35680263539527
20002_1320_1,2024-04-09,12,85.29930114746094,77.69255760131178,61.353844620145956
20002_1320_1,2024-04-09,13,92.19940185546875,78.3499416607861,61.30133723263906
20002_1320_1,2024-04-09,14,92.19940185546875,77.4018746732654,61.355593497928865
20002_1320_1,2024-04-09,15,92.05040740966797,76.01251516751455,61.34261115166546
20002_1320_1,2024-04-09,16,95.24286651611328,79.1067768026198,61.563879117650636
20002_1320_1,2024-04-09,17,94.03726196289062,78.8421816981429,61.58989519661695
20002_1320_1,2024-04-09,18,92.54875183105469,79.15426114727566,61.601943572424005
20002_1320_1,2024-04-09,19,89.59378051757812,79.50687779923491,61.58029787978268
20002_1320_1,2024-04-09,20,92.78623962402344,78.70857772152378,61.603491587516054
20002_1320_1,2024-04-09,21,93.56867218017578,77.6268209650536,61.61554808795209
20002_1320_1,2024-04-09,22,96.610107421875,78.52939866914375,61.74602430067671
20002_1320_1,2024-04-09,23,98.73841857910156,78.5677162566484,61.863911392127264
20002_1320_1,2024-04-09,24,102.65946197509766,79.28071383495194,61.823616082367444
20002_1320_1,2024-04-09,25,107.98023223876953,79.34418836907764,62.073546673051034
20002_1320_1,2024-04-09,26,117.5576171875,77.46069481458727,62.158387568287665
20002_1320_1,2024-04-09,27,128.96775817871094,80.03068791507104,62.40498184666234
20002_1320_1,2024-04-09,28,127.57538604736328,80.32595293642026,62.57969277992966
20002_1320_1,2024-04-09,29,126.16234588623047,80.66747318076212,62.65349942354031
20002_1320_1,2024-04-09,30,123.6885757446289,80.72991655721309,62.73971817669529
20002_1320_1,2024-04-09,31,122.2789535522461,80.74275713714495,62.81253758595046
20002_1320_1,2024-04-09,32,121.76599884033203,80.75307842150971,62.88165402784103
20002_1320_1,2024-04-09,33,121.60018920898438,80.75766646759985,62.985257846009404
20002_1320_1,2024-04-09,34,121.60018920898438,80.74203925312769,63.07772272764363
20002_1320_1,2024-04-09,35,129.0492706298828,80.7621836901709,63.163326101640756
20002_1320_1,2024-04-09,36,123.6384506225586,80.77024603249278,63.23613357032641
20002_1320_1,2024-04-09,37,110.01288604736328,80.77201125667169,63.21199332260206
20002_1320_1,2024-04-09,38,107.56815338134766,80.77457344331494,63.26054063349814
20002_1320_1,2024-04-09,39,104.4905776977539,80.60458361841951,63.22364480773752
20002_1320_1,2024-04-09,40,111.33625030517578,80.52739785384736,63.25467197851581
20002_1320_1,2024-04-09,41,117.3753433227539,79.88901681283659,63.3716097840267
20002_1320_1,2024-04-09,42,109.96216583251953,79.90021317724975,63.44737320085394
20002_1320_1,2024-04-09,43,114.940185546875,80.56701965680432,63.502994456420915
20002_1320_1,2024-04-09,44,112.46835327148438,80.56489575670565,63.57627992425818
20002_1320_1,2024-04-09,45,97.29383850097656,80.60311856587624,63.42318248082248
20002_1320_1,2024-04-09,46,96.56102752685547,80.69660507524551,63.37140054445763
20002_1320_1,2024-04-09,47,90.20832824707031,79.58180921941374,63.23347114812122
20002_1320_1,2024-04-09,48,94.25856018066406,79.16686091809287,63.167975870418246
20002_1320_1,2024-04-09,49,93.00177764892578,78.64240059639137,63.17639802739348
20002_1320_1,2024-04-09,50,97.93729400634766,78.55470566666702,63.126621811861526
20002_1320_1,2024-04-09,51,101.81100463867188,79.08890260511325,63.18698724334467
20002_1320_1,2024-04-09,52,100.3919677734375,78.59632507786421,63.18566016746059
20002_1320_1,2024-04-09,53,100.3919677734375,79.45529433117008,63.207459118800955
20002_1320_1,2024-04-09,54,84.10442352294922,80.19173820101726,62.961053981179575
20002_1320_1,2024-04-09,55,79.08326721191406,80.17827196000161,62.72325797853012
20002_1320_1,2024-04-09,56,71.55152130126953,77.61328019945358,62.16166575889527
20002_1320_1,2024-04-09,57,72.61567687988281,75.80678214406822,61.8074360097754
20002_1320_1,2024-04-09,58,68.29617309570312,72.14649802396104,61.19329661070428
20002_1320_1,2024-04-09,59,46.795528411865234,73.68835403210551,59.867693747380756
20002_1320_1,2024-04-10,1,30.790122985839844,30.790122985839844,30.790122985839844
20002_1320_1,2024-04-10,2,40.345680236816406,40.345680236816406,40.345680236816406
20002_1320_1,2024-04-10,3,52.02469253540039,30.160443257156153,34.23472630440153
20002_1320_1,2024-04-10,4,57.33333206176758,28.985460740107193,43.71419243851623
20002_1320_1,2024-04-10,5,59.456790924072266,40.63690047662329,53.7022931784841
20002_1320_1,2024-04-10,6,70.0740737915039,54.43587578076781,57.80347018733539
20002_1320_1,2024-04-10,7,73.25926208496094,58.403800140679465,59.413603552510054
20002_1320_1,2024-04-10,8,76.1410903930664,61.70752337819435,60.226049226554835
20002_1320_1,2024-04-10,9,76.1410903930664,69.83323617478769,61.11833859079546
20002_1320_1,2024-04-10,10,74.98744201660156,70.25035685374404,61.21715934964536
20002_1320_1,2024-04-10,11,74.98744201660156,74.28048990275266,61.43522425460079
20002_1320_1,2024-04-10,12,76.0491714477539,73.60696727230922,61.37914713266125
20002_1320_1,2024-04-10,13,77.81050109863281,73.95458708729754,61.28596053996914
20002_1320_1,2024-04-10,14,77.81050109863281,73.05764433754891,61.36788830971664
20002_1320_1,2024-04-10,15,77.81050109863281,71.14032235481585,61.37415657812457
20002_1320_1,2024-04-10,16,78.78968048095703,75.11525831499854,61.56568106053648
20002_1320_1,2024-04-10,17,77.6478042602539,74.93269009141044,61.58406372536207
20002_1320_1,2024-04-10,18,76.42577362060547,74.54817932764402,61.53861738437858
20002_1320_1,2024-04-10,19,77.32958984375,75.03382048611684,61.526044590185926
20002_1320_1,2024-04-10,20,77.32958984375,73.31862674168143,61.54591650520937
20002_1320_1,2024-04-10,21,82.41181945800781,73.10502962050847,61.51407928572852
20002_1320_1,2024-04-10,22,79.87396240234375,74.457804944874,61.63470340036238
20002_1320_1,2024-04-10,23,79.87396240234375,72.21576520232074,61.69297865746346
20002_1320_1,2024-04-10,24,80.45972442626953,74.75920138689888,61.67907330895685
20002_1320_1,2024-04-10,25,81.43375396728516,75.47977559957477,61.82760207405729
20002_1320_1,2024-04-10,26,101.5049819946289,71.7214540851558,61.82847067442323
20002_1320_1,2024-04-10,27,124.50731658935547,73.7907528215961,62.29881442949635
20002_1320_1,2024-04-10,28,121.88764190673828,73.07257621231221,62.720066792071314
20002_1320_1,2024-04-10,29,119.52088928222656,79.55449357938798,62.943841777576694
20002_1320_1,2024-04-10,30,119.27759552001953,80.75827729463272,63.034505069629105
20002_1320_1,2024-04-10,31,117.9773941040039,80.75809646750507,63.09645186399222
20002_1320_1,2024-04-10,32,113.25830078125,80.74501888127497,63.12473557120365
20002_1320_1,2024-04-10,33,113.02220916748047,80.74628359350481,63.16529407099749
20002_1320_1,2024-04-10,34,113.62158966064453,80.6901282727004,63.1976975459938
20002_1320_1,2024-04-10,35,112.45023345947266,80.59606781678046,63.30163960801582
20002_1320_1,2024-04-10,36,108.8265380859375,80.54784764760342,63.31996120448411
20002_1320_1,2024-04-10,37,100.63529205322266,80.70533002349498,63.306535972451485
20002_1320_1,2024-04-10,38,93.61422729492188,80.5824929832091,63.24718295214279
20002_1320_1,2024-04-10,39,84.14434814453125,80.25774797002093,63.085744174643
20002_1320_1,2024-04-10,40,86.05392456054688,79.44457643500468,62.99166992052274
20002_1320_1,2024-04-10,41,84.2406997680664,77.34901102612785,62.85482018669727
20002_1320_1,2024-04-10,42,80.57806396484375,76.77735519698629,62.858765057778484
20002_1320_1,2024-04-10,43,83.12664031982422,76.38855946264863,62.75441247130543
20002_1320_1,2024-04-10,44,75.89823913574219,76.40130290710026,62.72078324937523
20002_1320_1,2024-04-10,45,74.6935043334961,73.98144751468271,62.58369580755518
20002_1320_1,2024-04-10,46,74.4074935913086,74.25317862035172,62.50890715864264
20002_1320_1,2024-04-10,47,70.74810791015625,73.54777150015877,62.372264290248246
20002_1320_1,2024-04-10,48,69.52831268310547,72.05548798560714,62.19604093741057
20002_1320_1,2024-04-10,49,70.59004211425781,70.91283518076963,62.07774554272536
20002_1320_1,2024-04-10,50,73.61988830566406,70.04566507103642,61.98919410707777
20002_1320_1,2024-04-10,51,71.06096649169922,69.94296094142288,61.971105096025234
20002_1320_1,2024-04-10,52,67.3853988647461,70.1981292698525,61.84765683338222
20002_1320_1,2024-04-10,53,67.3853988647461,70.44824206566875,61.7412858428616
20002_1320_1,2024-04-10,54,64.77156066894531,68.9791659670972,61.38480720106246
20002_1320_1,2024-04-10,55,62.32734680175781,68.87030282690543,61.09163818007903
20002_1320_1,2024-04-10,56,59.88313674926758,66.11806283076903,60.52813357955942
20002_1320_1,2024-04-10,57,59.88313674926758,64.70046419200511,60.151817248715446
20002_1320_1,2024-04-10,58,59.72276306152344,62.667558982699035,59.713312022737114
20002_1320_1,2024-04-10,59,52.257415771484375,63.60588848041932,59.03291675861071
20002_1320_1,2024-04-11,1,32.8819580078125,32.8819580078125,32.8819580078125
20002_1320_1,2024-04-11,2,44.54975128173828,44.54975128173828,44.54975128173828
20002_1320_1,2024-04-11,3,56.21754455566406,31.632792332096198,37.62245388412116
20002_1320_1,2024-04-11,4,62.58179473876953,30.70440624402867,46.6217660276517
20002_1320_1,2024-04-11,5,68.946044921875,44.779678719909846,55.47502344533487
20002_1320_1,2024-04-11,6,77.43170928955078,57.523973245250644,58.96731161708255
20002_1320_1,2024-04-11,7,77.43170928955078,63.08505933670203,60.386343968360904
20002_1320_1,2024-04-11,8,77.26334381103516,69.42614667219092,61.03117898191767
20002_1320_1,2024-04-11,9,75.87124633789062,74.98578803626866,61.29981337588504
20002_1320_1,2024-04-11,10,78.72733306884766,74.36926052823502,61.14085575727319
20002_1320_1,2024-04-11,11,78.72733306884766,72.91382182380232,61.18231399879356
20002_1320_1,2024-04-11,12,78.72733306884766,72.37561409746667,61.227979180589635
20002_1320_1,2024-04-11,13,87.25727081298828,76.0802530835237,61.186068286597106
20002_1320_1,2024-04-11,14,87.25727081298828,74.21157523711824,61.43845288022857
20002_1320_1,2024-04-11,15,87.08900451660156,70.62789396726808,61.43137046025038
20002_1320_1,2024-04-11,16,87.08900451660156,78.18104885898612,61.81862421131476
20002_1320_1,2024-04-11,17,87.08900451660156,77.90151202368149,61.79397663658446
20002_1320_1,2024-04-11,18,83.077392578125,78.37343836947312,61.670459642276
20002_1320_1,2024-04-11,19,87.15921020507812,78.1818496861186,61.62313240656233
20002_1320_1,2024-04-11,20,85.93161010742188,75.93461509849541,61.615220821563604
20002_1320_1,2024-04-11,21,90.90138244628906,76.70840213433146,61.62334322678464
20002_1320_1,2024-04-11,22,91.59305572509766,77.64790703827201,61.77348294070509
20002_1320_1,2024-04-11,23,91.59305572509766,76.85314398934807,61.85241068358351
20002_1320_1,2024-04-11,24,86.46353912353516,78.76944892773307,61.66595279144419
20002_1320_1,2024-04-11,25,86.46353912353516,78.81909030942151,61.793795524283695
20002_1320_1,2024-04-11,26,90.51398468017578,74.59147501883645,61.6906236618625
20002_1320_1,2024-04-11,27,113.84957122802734,77.70667088543861,61.9479820200429
20002_1320_1,2024-04-11,28,108.67459106445312,76.38476915325273,62.32217954666582
20002_1320_1,2024-04-11,29,106.08710479736328,78.54361077416587,62.45985520713037
20002_1320_1,2024-04-11,30,108.2085189819336,80.54752148481639,62.605641187890555
20002_1320_1,2024-04-11,31,106.92031860351562,80.4098972681935,62.67015540548265
20002_1320_1,2024-04-11,32,107.29856872558594,80.45733435004317,62.68281388519553
20002_1320_1,2024-04-11,33,108.3592758178711,80.4450592675083,62.80595078134564
20002_1320_1,2024-04-11,34,108.11444854736328,80.22379010283949,62.871787770683156
20002_1320_1,2024-04-11,35,110.2358627319336,80.48866086430881,62.97737267675733
20002_1320_1,2024-04-11,36,111.04495239257812,80.47809692950781,63.06372090257356
20002_1320_1,2024-04-11,37,109.20047760009766,80.55455164369728,63.11784356744561
20002_1320_1,2024-04-11,38,103.93780517578125,80.60754686058704,63.14286259313604
20002_1320_1,2024-04-11,39,101.602294921875,80.5670079776892,63.09603235456243
20002_1320_1,2024-04-11,40,91.5166015625,80.46363423133826,62.94632439448493
20002_1320_1,2024-04-11,41,88.86394500732422,79.82043463928903,62.91550473691705
20002_1320_1,2024-04-11,42,80.37474060058594,78.56395934622445,62.64008990315993
20002_1320_1,2024-04-11,43,83.25528717041016,78.63130025075398,62.59407170054046
20002_1320_1,2024-04-11,44,79.1607666015625,75.08211184428473,62.41405977349681
20002_1320_1,2024-04-11,45,66.877197265625,76.4960864292065,62.09220563025719
20002_1320_1,2024-04-11,46,65.51235961914062,76.0685647543661,61.73898790178015
20002_1320_1,2024-04-11,47,65.51235961914062,68.12976196732849,61.04223487800442
20002_1320_1,2024-04-11,48,67.63377380371094,67.00148774304309,60.93529422158618
20002_1320_1,2024-04-11,49,66.22473907470703,66.88107928292965,60.95709267739339
20002_1320_1,2024-04-11,50,66.22473907470703,66.92681116433249,60.97035608638611
20002_1320_1,2024-04-11,51,64.46737670898438,67.89547616547893,60.85007492675919
20002_1320_1,2024-04-11,52,64.12661743164062,67.69723128856884,60.64168164548987
20002_1320_1,2024-04-11,53,64.12661743164062,65.11893305080187,60.38682981324818
20002_1320_1,2024-04-11,54,50.93696594238281,67.0298494286252,59.34689017729397
20002_1320_1,2024-04-11,55,50.93696594238281,66.5300655298521,58.09663566304227
20002_1320_1,2024-04-11,56,46.57094192504883,53.28112536937314,54.519979229317826
20002_1320_1,2024-04-11,57,47.631649017333984,53.97915772949641,53.741046517527
20002_1320_1,2024-04-11,58,50.048423767089844,49.41128775671144,51.688048457526946
20002_1320_1,2024-04-11,59,36.14608383178711,50.963677735761706,48.87020003894288
20002_1320_1,2024-04-12,1,20.290292739868164,20.290292739868164,20.290292739868164
20002_1320_1,2024-04-12,2,24.561933517456055,24.561933517456055,24.561933517456055
20002_1320_1,2024-04-12,3,35.143951416015625,19.800884933559026,16.745450411706297
20002_1320_1,2024-04-12,4,41.55141067504883,17.518730180625198,20.483898682304215
20002_1320_1,2024-04-12,5,46.89096450805664,20.06849222369923,28.617641430075434
20002_1320_1,2024-04-12,6,56.50215530395508,34.64606118152989,41.233307357727725
20002_1320_1,2024-04-12,7,56.50215530395508,41.049610776872655,49.08002080940609
20002_1320_1,2024-04-12,8,53.11202621459961,49.30589415973848,52.832923742873334
20002_1320_1,2024-04-12,9,53.11202621459961,59.481184028930244,54.6422787916982
20002_1320_1,2024-04-12,10,53.11202621459961,55.945212231929624,53.90429364110704
20002_1320_1,2024-04-12,11,54.179935455322266,55.94928727984619,53.97598320204915
20002_1320_1,2024-04-12,12,54.179935455322266,55.73969613791743,54.21499561815098
20002_1320_1,2024-04-12,13,57.21395492553711,56.267456844789464,54.21706804059977
20002_1320_1,2024-04-12,14,54.92539978027344,56.55451157952653,54.593508543195924
20002_1320_1,2024-04-12,15,54.92539978027344,54.344416710846346,54.731836942684225
20002_1320_1,2024-04-12,16,54.92539978027344,57.58020240284398,55.470464660123056
20002_1320_1,2024-04-12,17,55.993309020996094,57.521008995463106,55.611332411609624
20002_1320_1,2024-04-12,18,53.633056640625,57.88961746145016,55.511874306363055
20002_1320_1,2024-04-12,19,51.20436096191406,58.20917022810795,54.967108950498286
20002_1320_1,2024-04-12,20,51.20436096191406,54.8368525673027,54.39845398675221
20002_1320_1,2024-04-12,21,54.33812713623047,51.31912596445944,53.99974687533445
20002_1320_1,2024-04-12,22,58.521549224853516,52.944222082137905,54.80656301676919
20002_1320_1,2024-04-12,23,58.41902542114258,51.14663417077638,55.558254230229885
20002_1320_1,2024-04-12,24,66.45995330810547,56.002185290494495,56.17457077945729
20002_1320_1,2024-04-12,25,69.66368865966797,57.339538418437,57.38803580733209
20002_1320_1,2024-04-12,26,73.80213928222656,53.29591352485623,58.03397286851981
20002_1320_1,2024-04-12,27,82.34542083740234,66.43759961423669,59.44614766754263
20002_1320_1,2024-04-12,28,82.34542083740234,67.3385728953028,60.054966249169496
20002_1320_1,2024-04-12,29,82.34542083740234,71.98734849719716,60.463024414208896
20002_1320_1,2024-04-12,30,89.82079315185547,76.72929433795902,60.73039053075787
20002_1320_1,2024-04-12,31,87.2906265258789,76.38050489526995,60.94747744911452
20002_1320_1,2024-04-12,32,91.16792297363281,76.78643920372579,61.021960487274484
20002_1320_1,2024-04-12,33,87.17095184326172,78.08334637828423,61.19890452436144
20002_1320_1,2024-04-12,34,86.9569320678711,77.5017506796933,61.25719550996507
20002_1320_1,2024-04-12,35,84.39937591552734,77.91856838727352,61.32768627318906
20002_1320_1,2024-04-12,36,81.42008209228516,78.05235738700691,61.245427119789106
20002_1320_1,2024-04-12,37,77.39923858642578,77.6861290867759,61.12263974497354
20002_1320_1,2024-04-12,38,77.19831085205078,75.63223056792276,60.99801242670835
20002_1320_1,2024-04-12,39,70.7651138305664,74.55090953624449,60.759709993581325
20002_1320_1,2024-04-12,40,68.60356140136719,74.74854594011441,60.343227447632216
20002_1320_1,2024-04-12,41,67.0180892944336,71.55457136094853,59.47706092519423
20002_1320_1,2024-04-12,42,61.862850189208984,65.89171639734973,58.74391770099468
20002_1320_1,2024-04-12,43,62.268062591552734,62.35588720659144,58.07268241685973
20002_1320_1,2024-04-12,44,59.61835861206055,63.88334947602235,58.17518027682448
20002_1320_1,2024-04-12,45,57.77962112426758,61.00216556494263,57.43031851894867
20002_1320_1,2024-04-12,46,56.22118377685547,62.24378336971581,57.19088786415042
20002_1320_1,2024-04-12,47,55.950496673583984,58.240909607386676,56.400712473426864
20002_1320_1,2024-04-12,48,58.0863151550293,57.478828171122984,56.41070031546881
20002_1320_1,2024-04-12,49,58.0863151550293,56.89172466678452,56.756759989851744
20002_1320_1,2024-04-12,50,60.22213363647461,58.229484182935906,57.22104196439656
20002_1320_1,2024-04-12,51,55.93696594238281,60.94932584049482,57.22929776651357
20002_1320_1,2024-04-12,52,55.93696594238281,60.4236532638042,56.90396661511503
20002_1320_1,2024-04-12,53,55.93696594238281,57.21437284375179,56.39146443762121
20002_1320_1,2024-04-12,54,47.94597244262695,59.759103748230295,55.517989640065565
20002_1320_1,2024-04-12,55,47.94597244262695,58.92393513479802,53.99587573943754
20002_1320_1,2024-04-12,56,43.95047378540039,50.96103279850769,50.583080741416005
20002_1320_1,2024-04-12,57,43.95047378540039,50.50896229300881,49.20601792391133
20002_1320_1,2024-04-12,58,42.89478302001953,46.953175292979886,45.69879498120071
20002_1320_1,2024-04-12,59,27.166696548461914,48.73508672046234,39.2358305474743
20002_1320_1,2024-04-13,1,8.55942153930664,8.55942153930664,8.55942153930664
20002_1320_1,2024-04-13,2,21.3985538482666,21.3985538482666,21.3985538482666
20002_1320_1,2024-04-13,3,36.377540588378906,7.265919210992724,14.16028165567684
20002_1320_1,2024-04-13,4,41.72718048095703,6.4437484849412066,18.223889837811882
20002_1320_1,2024-04-13,5,51.356529235839844,18.842853891117574,27.776191625569975
20002_1320_1,2024-04-13,6,58.84602355957031,34.993360655918934,41.32242662006476
20002_1320_1,2024-04-13,7,63.9816780090332,41.61673978210474,48.54119254555005
20002_1320_1,2024-04-13,8,65.05160522460938,52.09424857289217,53.55591830863895
20002_1320_1,2024-04-13,9,66.12152862548828,58.35882028922889,55.514115027353
20002_1320_1,2024-04-13,10,66.12152862548828,65.50064412807133,56.58630274909427
20002_1320_1,2024-04-13,11,66.12152862548828,66.52203606099363,56.74007194363193
20002_1320_1,2024-04-13,12,68.26139068603516,67.40876391646718,56.821981651802446
20002_1320_1,2024-04-13,13,69.01033782958984,67.59025141176633,56.724318526540046
20002_1320_1,2024-04-13,14,67.79962921142578,67.00951660371656,56.8543566623367
20002_1320_1,2024-04-13,15,67.79962921142578,66.06771135887817,56.959161562578586
20002_1320_1,2024-04-13,16,68.86956024169922,68.5593804740423,57.23015074578072
20002_1320_1,2024-04-13,17,68.86956024169922,68.37312629353488,57.332856727450405
20002_1320_1,2024-04-13,18,66.31477355957031,68.90883201039378,57.21530987646129
20002_1320_1,2024-04-13,19,68.31883239746094,69.41596739982081,57.14580042822938
20002_1320_1,2024-04-13,20,65.87887573242188,66.33083871766296,56.99983867231482
20002_1320_1,2024-04-13,21,72.14838409423828,66.42256746942286,57.02647225219316
20002_1320_1,2024-04-13,22,70.7726058959961,66.19140342869156,57.38482480179582
20002_1320_1,2024-04-13,23,75.05231475830078,65.39333431335064,57.66883143694132
20002_1320_1,2024-04-13,24,81.97943878173828,69.66570399289353,58.024138403113895
20002_1320_1,2024-04-13,25,82.89572143554688,69.0319987009507,58.59860391512969
20002_1320_1,2024-04-13,26,93.09303283691406,69.63222019024201,58.8673203250953
20002_1320_1,2024-04-13,27,112.35173034667969,74.81442590353696,59.71685952472693
20002_1320_1,2024-04-13,28,111.07500457763672,72.81850716489197,60.44084242206347
20002_1320_1,2024-04-13,29,105.96810913085938,79.04973954885207,60.742575112509755
20002_1320_1,2024-04-13,30,104.6913833618164,80.69288394829505,60.917189864583186
20002_1320_1,2024-04-13,31,104.48458862304688,80.46323058839354,60.94674680907755
20002_1320_1,2024-04-13,32,96.43082427978516,80.4769602451554,60.80207725816503
20002_1320_1,2024-04-13,33,97.10295104980469,80.34001882845386,60.82191663236736
20002_1320_1,2024-04-13,34,98.17288208007812,79.25947258400245,60.92340225682341
20002_1320_1,2024-04-13,35,98.17288208007812,79.22528651358269,61.08931574302781
20002_1320_1,2024-04-13,36,95.08953094482422,79.84216697154,61.08319514503647
20002_1320_1,2024-04-13,37,89.94955444335938,79.93068595196053,61.09124726869351
20002_1320_1,2024-04-13,38,88.66456604003906,79.06348544428988,61.051572599655685
20002_1320_1,2024-04-13,39,79.66960906982422,78.97753462854831,60.81267191957116
20002_1320_1,2024-04-13,40,72.1693115234375,78.96903872280924,60.17392376275521
20002_1320_1,2024-04-13,41,72.58280944824219,75.975993832629,59.5588453477923
20002_1320_1,2024-04-13,42,67.4892807006836,67.82448428253306,58.85251422667545
20002_1320_1,2024-04-13,43,64.33214569091797,69.76538758195656,58.53324928978032
20002_1320_1,2024-04-13,44,60.2555046081543,68.88927451004912,57.85770297814304
20002_1320_1,2024-04-13,45,56.40940856933594,63.699148950139445,56.65823510093222
20002_1320_1,2024-04-13,46,56.40940856933594,61.568785858836875,56.05620288736263
20002_1320_1,2024-04-13,47,46.15315246582031,60.56540942109842,54.1732332203818
20002_1320_1,2024-04-13,48,46.15315246582031,59.48203653690558,52.231141342957486
20002_1320_1,2024-04-13,49,46.15315246582031,48.10058087971612,48.967214627891835
20002_1320_1,2024-04-13,50,45.94104766845703,48.33921744211714,48.64776825575515
20002_1320_1,2024-04-13,51,45.21302795410156,48.755258735061574,47.47229723741354
20002_1320_1,2024-04-13,52,45.21302795410156,46.214837096409894,46.61118015156882
20002_1320_1,2024-04-13,53,45.21302795410156,43.15458899292135,46.23566118897833
20002_1320_1,2024-04-13,54,41.102752685546875,47.85004174049689,46.45535511830583
20002_1320_1,2024-04-13,55,41.102752685546875,47.36177009399908,44.620223335087516
20002_1320_1,2024-04-13,56,36.99247741699219,43.318705812251224,40.55254229771423
20002_1320_1,2024-04-13,57,36.99247741699219,42.83802771299978,38.12947327707094
20002_1320_1,2024-04-13,58,31.512109756469727,39.05537236562691,32.78842845449154
20002_1320_1,2024-04-13,59,26.031742095947266,39.61556595231334,27.4789941228909
20002_1320_1,2024-04-15,1,37.48660659790039,37.48660659790039,37.48660659790039
20002_1320_1,2024-04-15,2,49.26811218261719,49.26811218261719,49.26811218261719
20002_1320_1,2024-04-15,3,58.90752410888672,36.871846652162354,42.41271780013429
20002_1320_1,2024-04-15,4,62.120662689208984,36.36850751658669,49.570156937456616
20002_1320_1,2024-04-15,5,65.33380126953125,50.869010582405835,55.60911747697935
20002_1320_1,2024-04-15,6,72.83112335205078,60.97401334683722,57.66616878789618
20002_1320_1,2024-04-15,7,72.83112335205078,63.16216313248858,58.51810754757476
20002_1320_1,2024-04-15,8,73.7175064086914,66.90543436081538,59.04018954295873
20002_1320_1,2024-04-15,9,72.4242172241211,72.27559446294305,59.41254188270632
20002_1320_1,2024-04-15,10,73.4952621459961,71.51020570080345,59.31203792035823
20002_1320_1,2024-04-15,11,74.5663070678711,71.95733880407272,59.34636479311624
20002_1320_1,2024-04-15,12,74.32917022705078,72.05264253876177,59.348188271985734
20002_1320_1,2024-04-15,13,76.00531005859375,72.88160144827847,59.33462721580079
20002_1320_1,2024-04-15,14,76.00531005859375,72.13476935911112,59.40576568032102
20002_1320_1,2024-04-15,15,76.00531005859375,71.37626862231326,59.48205092643597
20002_1320_1,2024-04-15,16,77.07636260986328,74.04640750785052,59.68780925223742
20002_1320_1,2024-04-15,17,77.07636260986328,73.90801178331147,59.75279695180231
20002_1320_1,2024-04-15,18,80.28949737548828,73.93968205542018,59.8231252128287
20002_1320_1,2024-04-15,19,78.40489196777344,74.69587221645907,59.86400808711059
20002_1320_1,2024-04-15,20,80.35343170166016,74.36967780144302,59.93465948996848
20002_1320_1,2024-04-15,21,84.22880554199219,73.28807865153982,59.99747549591119
20002_1320_1,2024-04-15,22,81.6764144897461,74.06036512705505,60.2247249101076
20002_1320_1,2024-04-15,23,84.68440246582031,74.76063914562016,60.34398457817022
20002_1320_1,2024-04-15,24,87.23248291015625,77.06654739070525,60.31353036160115
20002_1320_1,2024-04-15,25,91.51667022705078,75.03076830629908,60.56697496504226
20002_1320_1,2024-04-15,26,104.89244079589844,71.53526970005944,60.68367792485573
20002_1320_1,2024-04-15,27,118.8160400390625,77.33010419656074,61.31157552146483
20002_1320_1,2024-04-15,28,116.13500213623047,77.43248311073788,61.60524895188259
20002_1320_1,2024-04-15,29,116.13500213623047,80.2633471158365,61.853983830312416
20002_1320_1,2024-04-15,30,116.13500213623047,80.70821690711793,61.99022914018387
20002_1320_1,2024-04-15,31,118.27709197998047,80.7309227273046,62.097720743367226
20002_1320_1,2024-04-15,32,119.8575210571289,80.73888659485398,62.18645830530407
20002_1320_1,2024-04-15,33,121.9996109008789,80.72223878738512,62.34875240957873
20002_1320_1,2024-04-15,34,121.81292724609375,80.69748483520722,62.46216264791347
20002_1320_1,2024-04-15,35,123.58551025390625,80.78520000301518,62.56303400238509
20002_1320_1,2024-04-15,36,124.2764892578125,80.79082601284128,62.68261558707122
20002_1320_1,2024-04-15,37,117.44708251953125,80.79373081287162,62.708858390651905
20002_1320_1,2024-04-15,38,116.18421173095703,80.79919142924103,62.81826033773419
20002_1320_1,2024-04-15,39,119.8929214477539,80.73356067424163,62.85013979408496
20002_1320_1,2024-04-15,40,114.54170227050781,80.76306882720678,62.927272670416926
20002_1320_1,2024-04-15,41,118.30397033691406,80.6907888180893,62.96744537355078
20002_1320_1,2024-04-15,42,109.30258178710938,80.6942303988721,63.00755390549812
20002_1320_1,2024-04-15,43,99.0152816772461,80.69502669690823,62.92509641544724
20002_1320_1,2024-04-15,44,99.0152816772461,80.61328935602525,62.923101137380236
20002_1320_1,2024-04-15,45,91.72624969482422,80.12440034426912,62.71026966868728
20002_1320_1,2024-04-15,46,87.8504867553711,80.0038182045962,62.652551997509065
20002_1320_1,2024-04-15,47,85.26665496826172,78.32019216231305,62.46571536635856
20002_1320_1,2024-04-15,48,87.40874481201172,78.34448549635742,62.43668149689003
20002_1320_1,2024-04-15,49,88.47978973388672,77.63781366259077,62.41066130958237
20002_1320_1,2024-04-15,50,92.53384399414062,77.69889557699591,62.39889744024287
20002_1320_1,2024-04-15,51,84.71408081054688,78.29701188250812,62.34486943669743
20002_1320_1,2024-04-15,52,82.10749816894531,78.2856515226245,62.201204619379816
20002_1320_1,2024-04-15,53,82.10749816894531,77.63090875890315,62.04241659214404
20002_1320_1,2024-04-15,54,74.28773498535156,77.2906435740669,61.70598118019714
20002_1320_1,2024-04-15,55,74.28773498535156,76.99627728456203,61.44737931631118
20002_1320_1,2024-04-15,56,70.37785339355469,73.38029907490639,60.922724123244706
20002_1320_1,2024-04-15,57,70.37785339355469,73.13894131946378,60.666437510268125
20002_1320_1,2024-04-15,58,63.861385345458984,71.34096674251482,60.04781333293509
20002_1320_1,2024-04-15,59,56.0416259765625,71.80439001734067,59.128168396210896
20002_1320_1,2024-04-16,1,41.589881896972656,41.589881896972656,41.589881896972656
20002_1320_1,2024-04-16,2,52.25395584106445,52.25395584106445,52.25395584106445
20002_1320_1,2024-04-16,3,62.918025970458984,41.900478135486395,49.81024245538552
20002_1320_1,2024-04-16,4,65.97369384765625,41.30302854919835,54.25789828131243
20002_1320_1,2024-04-16,5,71.30573272705078,53.98724007460946,58.280463860739566
20002_1320_1,2024-04-16,6,75.57135772705078,63.191388764978086,59.82739920535444
20002_1320_1,2024-04-16,7,75.57135772705078,66.8229342559516,60.42025355376344
20002_1320_1,2024-04-16,8,75.18512725830078,71.53791312639233,60.708980825996576
20002_1320_1,2024-04-16,9,75.18512725830078,73.84198693912359,60.823735933259265
20002_1320_1,2024-04-16,10,76.25153350830078,72.44459616045829,60.72089476174831
20002_1320_1,2024-04-16,11,76.25153350830078,73.64801080271074,60.79769637420944
20002_1320_1,2024-04-16,12,79.24630737304688,73.83752778790014,60.77293876608373
20002_1320_1,2024-04-16,13,80.23029327392578,74.67387234952992,60.70505264660247
20002_1320_1,2024-04-16,14,80.23029327392578,72.84894814911969,60.7671558659857
20002_1320_1,2024-04-16,15,80.23029327392578,71.24576939715806,60.827587831670414
20002_1320_1,2024-04-16,16,81.29670715332031,76.17431836106302,61.11604856240153
20002_1320_1,2024-04-16,17,81.29670715332031,76.05930809396034,61.160341890173754
20002_1320_1,2024-04-16,18,82.17880249023438,76.18784101771284,61.186169263361634
20002_1320_1,2024-04-16,19,83.95416259765625,76.59667143623122,61.22839693880439
20002_1320_1,2024-04-16,20,83.78594970703125,75.7349694221768,61.29232842962706
20002_1320_1,2024-04-16,21,83.78594970703125,75.59396929253558,61.38112319913087
20002_1320_1,2024-04-16,22,88.05157470703125,76.97462225652278,61.4958700536085
20002_1320_1,2024-04-16,23,91.25080108642578,77.07856285236139,61.62960102079812
20002_1320_1,2024-04-16,24,95.41585540771484,77.49843669809951,61.62980303439811
20002_1320_1,2024-04-16,25,96.48226165771484,77.86786757750197,61.89120333179216
20002_1320_1,2024-04-16,26,103.94711303710938,76.47179595926399,61.97091713548708
20002_1320_1,2024-04-16,27,116.54275512695312,79.31031956467189,62.236010306703605
20002_1320_1,2024-04-16,28,115.27599334716797,79.2239933074825,62.451037972656295
20002_1320_1,2024-04-16,29,116.14203643798828,80.1121511060546,62.55345245977106
20002_1320_1,2024-04-16,30,116.14203643798828,80.6843027691361,62.68523600744786
20002_1320_1,2024-04-16,31,114.87962341308594,80.66921080856574,62.75709351673426
20002_1320_1,2024-04-16,32,113.02919006347656,80.72478484070962,62.79783201535424
20002_1320_1,2024-04-16,33,113.89201354980469,80.6937841449432,62.89745011050962
20002_1320_1,2024-04-16,34,112.6123275756836,80.55282382009035,62.982149825407284
20002_1320_1,2024-04-16,35,112.6123275756836,80.6273870687751,63.069968469898896
20002_1320_1,2024-04-16,36,112.1857681274414,80.66798968239627,63.12739053721974
20002_1320_1,2024-04-16,37,113.69329071044922,80.67268172873406,63.1844387492624
20002_1320_1,2024-04-16,38,112.4300308227539,80.56666821393907,63.287079444193566
20002_1320_1,2024-04-16,39,118.04106903076172,80.55394409026277,63.30594663387617
20002_1320_1,2024-04-16,40,122.7353744506836,80.67566712628185,63.363399157418364
20002_1320_1,2024-04-16,41,120.87334442138672,80.3904651115752,63.499448479832544
20002_1320_1,2024-04-16,42,115.37205505371094,80.45750386783365,63.519520715503276
20002_1320_1,2024-04-16,43,124.05008697509766,80.76501059317474,63.55423393922233
20002_1320_1,2024-04-16,44,111.39191436767578,80.68305960275626,63.58081769898289
20002_1320_1,2024-04-16,45,96.86969757080078,80.68485015575664,63.413350333384464
20002_1320_1,2024-04-16,46,95.22836303710938,80.66537585646148,63.37106784449071
20002_1320_1,2024-04-16,47,90.14952087402344,79.3916593945763,63.22349374323058
20002_1320_1,2024-04-16,48,90.80931854248047,79.32248056982417,63.156105409181194
20002_1320_1,2024-04-16,49,90.80931854248047,78.67846173825214,63.13551291758805
20002_1320_1,2024-04-16,50,90.80931854248047,78.21371391588735,63.09965296517173
20002_1320_1,2024-04-16,51,89.95893096923828,79.0100265017123,63.02836400678478
20002_1320_1,2024-04-16,52,88.6551742553711,78.82314661711419,62.98899569687003
20002_1320_1,2024-04-16,53,88.6551742553711,77.78837797337476,62.883527988870746
20002_1320_1,2024-04-16,54,84.7439193725586,78.59833046746198,62.80301827797843
20002_1320_1,2024-04-16,55,85.57298278808594,78.56256712787585,62.67238257269153
20002_1320_1,2024-04-16,56,76.49705505371094,77.93967291216563,62.373268537277795
20002_1320_1,2024-04-16,57,76.49705505371094,77.42828456668721,62.15167356520719
20002_1320_1,2024-04-16,58,66.96083068847656,75.35669719545217,61.525627256902354
20002_1320_1,2024-04-16,59,43.32759475708008,76.5210741403173,59.91510308200668
20002_1320_1,2024-04-18,1,38.12591552734375,38.12591552734375,38.12591552734375
20002_1320_1,2024-04-18,2,44.48023223876953,44.48023223876953,44.48023223876953
20002_1320_1,2024-04-18,3,50.83455276489258,38.527615589382805,43.66972674051133
20002_1320_1,2024-04-18,4,54.01171112060547,38.02848755703699,47.9770066031937
20002_1320_1,2024-04-18,5,59.306976318359375,45.80473326080046,53.1665596055536
20002_1320_1,2024-04-18,6,69.89750671386719,52.52054977129699,56.24327939284073
20002_1320_1,2024-04-18,7,72.01561737060547,54.659267524908344,58.364284404306346
20002_1320_1,2024-04-18,8,74.13372039794922,60.96942160575672,59.881915470014434
20002_1320_1,2024-04-18,9,74.13372039794922,70.00235252975983,60.812475984043715
20002_1320_1,2024-04-18,10,74.13372039794922,71.65930818598886,60.96037827437442
20002_1320_1,2024-04-18,11,75.1927719116211,73.03269462890619,61.03475629149145
20002_1320_1,2024-04-18,12,73.89634704589844,73.05331486507598,61.010477343545745
20002_1320_1,2024-04-18,13,87.42666625976562,73.16444297339645,60.953312648995556
20002_1320_1,2024-04-18,14,87.42666625976562,71.22468166589584,61.30493011512428
20002_1320_1,2024-04-18,15,87.42666625976562,71.34682638479609,61.50560110309298
20002_1320_1,2024-04-18,16,86.97339630126953,78.33742062666502,61.78900508504013
20002_1320_1,2024-04-18,17,86.97339630126953,78.18194648209348,61.79379297775398
20002_1320_1,2024-04-18,18,86.3134994506836,77.76064164384651,61.681482658084825
20002_1320_1,2024-04-18,19,87.5905532836914,78.23132970889205,61.63040064862521
20002_1320_1,2024-04-18,20,89.70865631103516,76.76227514948977,61.68268650884263
20002_1320_1,2024-04-18,21,90.35881042480469,76.22687645992741,61.70541258556994
20002_1320_1,2024-04-18,22,89.10382843017578,78.11738199384993,61.8392673153152
20002_1320_1,2024-04-18,23,100.75341033935547,78.05821753171703,61.85765975660546
20002_1320_1,2024-04-18,24,92.87226867675781,78.4537718755301,61.905710392096864
20002_1320_1,2024-04-18,25,94.9903793334961,78.34378806576771,61.99063001592035
20002_1320_1,2024-04-18,26,117.055908203125,78.50145516194121,62.059575697526334
20002_1320_1,2024-04-18,27,129.39210510253906,78.41235652785836,62.45155179290604
20002_1320_1,2024-04-18,28,128.1597900390625,78.49046673783027,62.73004779880883
20002_1320_1,2024-04-18,29,125.69518280029297,80.69556094045527,62.84877271301598
20002_1320_1,2024-04-18,30,125.69518280029297,80.75624674745795,62.923202854608014
20002_1320_1,2024-04-18,31,123.2305679321289,80.78341204243105,62.95651220741605
20002_1320_1,2024-04-18,32,128.00607299804688,80.78236437873983,62.978728965339144
20002_1320_1,2024-04-18,33,126.57957458496094,80.80416664763007,63.10917269297649
20002_1320_1,2024-04-18,34,127.2747802734375,80.79354092095687,63.16700163957592
20002_1320_1,2024-04-18,35,126.02699279785156,80.80217083936846,63.26795965362903
20002_1320_1,2024-04-18,36,121.03582763671875,80.8075304093941,63.2875050270705
20002_1320_1,2024-04-18,37,114.23064422607422,80.7766102493282,63.24038037730013
20002_1320_1,2024-04-18,38,110.5057373046875,80.81770693658099,63.27538101560501
20002_1320_1,2024-04-18,39,105.35659790039062,80.69224166157808,63.23219764727945
20002_1320_1,2024-04-18,40,116.03022766113281,80.68483669007477,63.199848260096864
20002_1320_1,2024-04-18,41,118.65812683105469,80.19639664486542,63.3940770970397
20002_1320_1,2024-04-18,42,113.12506103515625,79.8507107750732,63.44550245597923
20002_1320_1,2024-04-18,43,112.09964752197266,80.74201865138923,63.50125881763634
20002_1320_1,2024-04-18,44,109.10690307617188,80.6968001326579,63.52331903867317
20002_1320_1,2024-04-18,45,100.73696899414062,80.60219264193024,63.42535903308834
20002_1320_1,2024-04-18,46,96.42337799072266,80.60169346493652,63.352030104004996
20002_1320_1,2024-04-18,47,92.34915161132812,80.07345549142279,63.239606109838945
20002_1320_1,2024-04-18,48,90.99108123779297,79.58315358873662,63.16237444174804
20002_1320_1,2024-04-18,49,90.99108123779297,79.10999813613097,63.1158723076528
20002_1320_1,2024-04-18,50,90.99108123779297,78.86841765280636,63.088710167899414
20002_1320_1,2024-04-18,51,91.15306091308594,78.99098762825852,62.99419536368789
20002_1320_1,2024-04-18,52,89.7507095336914,78.82398025742532,62.98730540288443
20002_1320_1,2024-04-18,53,89.7507095336914,78.02518715357192,62.92082633712146
20002_1320_1,2024-04-18,54,85.54364776611328,78.78100252602886,62.84371939584215
20002_1320_1,2024-04-18,55,84.14128875732422,78.7441946295806,62.725997986147426
20002_1320_1,2024-04-18,56,81.33657836914062,77.90863576066636,62.515448517022975
20002_1320_1,2024-04-18,57,81.33657836914062,77.47907109755585,62.38759251287578
20002_1320_1,2024-04-18,58,78.18856811523438,76.79056820946204,62.14307461754428
20002_1320_1,2024-04-18,59,69.65890502929688,77.1112259880297,61.76154067689103
20002_1320_1,2024-04-19,1,30.941944122314453,30.941944122314453,30.941944122314453
20002_1320_1,2024-04-19,2,38.41069030761719,38.41069030761719,38.41069030761719
20002_1320_1,2024-04-19,3,51.08088302612305,30.218415854679044,29.956828056867316
20002_1320_1,2024-04-19,4,57.482662200927734,28.184801507783355,38.252871175407805
20002_1320_1,2024-04-19,5,60.683555603027344,36.01811030575196,48.893538113145354
20002_1320_1,2024-04-19,6,66.01837158203125,52.62360237635846,55.153293843800604
20002_1320_1,2024-04-19,7,68.15229797363281,58.93681276587306,57.16162271900468
20002_1320_1,2024-04-19,8,68.15229797363281,62.3269295187788,58.13892081777877
20002_1320_1,2024-04-19,9,70.15753936767578,67.46969782165218,58.687203078622446
20002_1320_1,2024-04-19,10,70.15753936767578,68.64633155791813,58.9359150239636
20002_1320_1,2024-04-19,11,70.15753936767578,67.96475139154259,58.98244836799296
20002_1320_1,2024-04-19,12,72.29146575927734,70.40187220299754,59.184733428795624
20002_1320_1,2024-04-19,13,75.21656799316406,70.42288037373785,59.16017768363516
20002_1320_1,2024-04-19,14,71.63482666015625,70.16102552286992,59.22853398065935
20002_1320_1,2024-04-19,15,71.63482666015625,70.06433444486781,59.28263326646514
20002_1320_1,2024-04-19,16,71.63482666015625,71.28163865858733,59.381977784202334
20002_1320_1,2024-04-19,17,71.63482666015625,71.24625478473115,59.39124325442048
20002_1320_1,2024-04-19,18,69.24699401855469,71.49249828194223,59.29991432629529
20002_1320_1,2024-04-19,19,65.5383071899414,71.84338244365932,59.01371495648202
20002_1320_1,2024-04-19,20,65.5383071899414,69.62792953323942,58.78518316356558
20002_1320_1,2024-04-19,21,73.00704956054688,65.81294409899618,58.580297592787076
20002_1320_1,2024-04-19,22,73.00704956054688,65.57997006258663,59.046247173834935
20002_1320_1,2024-04-19,23,77.27490234375,66.22034923955167,59.34178569102655
20002_1320_1,2024-04-19,24,85.26292419433594,72.68768509773162,59.402678511279916
20002_1320_1,2024-04-19,25,87.3968505859375,69.8890095569443,59.97270132439833
20002_1320_1,2024-04-19,26,110.87004852294922,65.5310407678297,60.24996254856768
20002_1320_1,2024-04-19,27,122.60665130615234,76.00610771965268,61.353079939181825
20002_1320_1,2024-04-19,28,123.47659301757812,77.0655747860153,61.76811786706929
20002_1320_1,2024-04-19,29,122.2036361694336,80.60426553229345,62.031673528006614
20002_1320_1,2024-04-19,30,116.90583038330078,80.83381690453658,62.02987323699339
20002_1320_1,2024-04-19,31,116.90583038330078,80.83579594479772,62.11272323174367
20002_1320_1,2024-04-19,32,115.43135833740234,80.78789399169864,62.13691799708722
20002_1320_1,2024-04-19,33,113.75985717773438,80.81106002251124,62.17410479960055
20002_1320_1,2024-04-19,34,112.49585723876953,80.75997588252127,62.26320447374471
20002_1320_1,2024-04-19,35,112.10179138183594,80.70262907989604,62.304675044339376
20002_1320_1,2024-04-19,36,109.58264923095703,80.72664150492317,62.38674617115071
20002_1320_1,2024-04-19,37,104.54436492919922,80.6753682574737,62.376539311179876
20002_1320_1,2024-04-19,38,103.28479766845703,80.652588924568,62.41953308932279
20002_1320_1,2024-04-19,39,100.38043975830078,80.44323797741316,62.37163387789381
20002_1320_1,2024-04-19,40,103.22257232666016,80.40572899455336,62.270424068936556
20002_1320_1,2024-04-19,41,102.77593231201172,79.73547995037188,62.435582306159574
20002_1320_1,2024-04-19,42,97.57209014892578,78.93413408376877,62.43422096601914
20002_1320_1,2024-04-19,43,96.402099609375,80.21357750542344,62.432730783309765
20002_1320_1,2024-04-19,44,91.11979675292969,79.84459196217111,62.39395774518966
20002_1320_1,2024-04-19,45,85.58387756347656,79.08548801508755,62.18334471429095
20002_1320_1,2024-04-19,46,86.401123046875,78.97758984024918,62.12124968493895
20002_1320_1,2024-04-19,47,87.20580291748047,77.46421260301332,62.02375279516172
20002_1320_1,2024-04-19,48,88.27276611328125,77.30939989016764,62.095950200271524
20002_1320_1,2024-04-19,49,90.15615844726562,77.59379232172877,62.13740613936312
20002_1320_1,2024-04-19,50,89.43721008300781,78.14182500589823,62.14938936051874
20002_1320_1,2024-04-19,51,85.54863739013672,78.08960256911789,62.09506698896305
20002_1320_1,2024-04-19,52,82.95625305175781,78.00531377014677,61.96613484925488
20002_1320_1,2024-04-19,53,82.95625305175781,77.76727105273116,61.868045097337976
20002_1320_1,2024-04-19,54,69.99433898925781,77.6728448644032,61.29913773140327
20002_1320_1,2024-04-19,55,68.69815063476562,77.36549846569648,60.83516822509951
20002_1320_1,2024-04-19,56,67.4019546508789,70.2827853474085,59.9800240298514
20002_1320_1,2024-04-19,57,67.4019546508789,69.22488529288566,59.73312392466515
20002_1320_1,2024-04-19,58,60.92100143432617,69.10176659370417,59.12941142854537
20002_1320_1,2024-04-19,59,50.55146789550781,69.9537805399909,57.68716368646663
20002_1320_1,2024-04-22,1,45.31315231323242,45.31315231323242,45.31315231323242
20002_1320_1,2024-04-22,2,56.10199737548828,56.10199737548828,56.10199737548828
20002_1320_1,2024-04-22,3,65.81195831298828,45.75041839934103,51.09475854946366
20002_1320_1,2024-04-22,4,66.24810791015625,45.69841228869574,54.453657968810504
20002_1320_1,2024-04-22,5,70.56364440917969,58.0256232149131,57.560815662219056
20002_1320_1,2024-04-22,6,77.50640106201172,64.82033570571548,58.552712953923944
20002_1320_1,2024-04-22,7,78.58528900146484,66.34487976000565,59.169009064274405
20002_1320_1,2024-04-22,8,78.33222198486328,68.48962474000376,59.555470280507905
20002_1320_1,2024-04-22,9,77.00455474853516,74.92954844296771,59.93636279349268
20002_1320_1,2024-04-22,10,80.2412109375,74.78635917359291,59.850374989395355
20002_1320_1,2024-04-22,11,80.2412109375,74.34041337061748,59.86300222673674
20002_1320_1,2024-04-22,12,77.6103515625,74.7746132566156,59.842219568729824
20002_1320_1,2024-04-22,13,92.24164581298828,76.46736311589859,59.81398706720029
20002_1320_1,2024-04-22,14,89.67937469482422,73.58642385262453,59.94560595488515
20002_1320_1,2024-04-22,15,88.39823913574219,73.00772285841423,60.100194676209426
20002_1320_1,2024-04-22,16,89.47712707519531,78.70945546278057,60.46813536385486
20002_1320_1,2024-04-22,17,89.47712707519531,78.39730941416,60.48335421521165
20002_1320_1,2024-04-22,18,87.99951934814453,78.49880879339686,60.487365193963285
20002_1320_1,2024-04-22,19,85.74181365966797,78.86149720080375,60.404286343139816
20002_1320_1,2024-04-22,20,86.6198501586914,78.02600629591618,60.41267047802095
20002_1320_1,2024-04-22,21,89.46662902832031,75.93865477874488,60.3802317128322
20002_1320_1,2024-04-22,22,92.70328521728516,77.22710111065103,60.61989642334757
20002_1320_1,2024-04-22,23,97.0188217163086,77.06732352634893,60.781227113123414
20002_1320_1,2024-04-22,24,105.86998748779297,78.53891488967002,60.93959348466845
20002_1320_1,2024-04-22,25,105.44556427001953,78.75714972824835,61.209467293880365
20002_1320_1,2024-04-22,26,113.86959838867188,78.77681596261772,61.33609307685293
20002_1320_1,2024-04-22,27,114.71852111816406,80.10442052265651,61.60757304092621
20002_1320_1,2024-04-22,28,114.49378967285156,80.22721955627983,61.72243166174047
20002_1320_1,2024-04-22,29,110.59059143066406,80.66433697906294,61.82157291067542
20002_1320_1,2024-04-22,30,109.06734466552734,80.69211393837139,61.892039186197366
20002_1320_1,2024-04-22,31,112.30400085449219,80.59895385877343,61.99625841465985
20002_1320_1,2024-04-22,32,108.15943908691406,80.51500907264912,62.06793895640259
20002_1320_1,2024-04-22,33,106.85631561279297,80.55944618471331,62.170241291195985
20002_1320_1,2024-04-22,34,107.9352035522461,80.47118954309667,62.26649277405661
20002_1320_1,2024-04-22,35,107.9352035522461,80.45428070249358,62.38223033466856
20002_1320_1,2024-04-22,36,109.64988708496094,80.48839491825302,62.45200720744801
20002_1320_1,2024-04-22,37,109.43877410888672,80.50653221935426,62.584363458856245
20002_1320_1,2024-04-22,38,109.43877410888672,80.37199056183461,62.68431237382601
20002_1320_1,2024-04-22,39,107.46405792236328,80.58203919179601,62.721720875277356
20002_1320_1,2024-04-22,40,109.92637634277344,80.64835811050057,62.69231853351612
20002_1320_1,2024-04-22,41,106.93391418457031,80.27049086604117,62.82316718795963
20002_1320_1,2024-04-22,42,105.580322265625,79.65424541809054,62.865149433588684
20002_1320_1,2024-04-22,43,108.81697082519531,80.4346783284129,62.97264930261987
20002_1320_1,2024-04-22,44,103.3072509765625,80.44074516468086,62.98353213228905
20002_1320_1,2024-04-22,45,101.33273315429688,80.46572905718179,62.952719297860966
20002_1320_1,2024-04-22,46,101.79314422607422,80.3060512480301,62.93070226581692
20002_1320_1,2024-04-22,47,94.82101440429688,80.01348805062497,62.85052325074355
20002_1320_1,2024-04-22,48,96.9787826538086,79.90982061407011,62.81778285742608
20002_1320_1,2024-04-22,49,96.9787826538086,79.39823037982282,62.791825319812624
20002_1320_1,2024-04-22,50,120.71424102783203,79.42567821766444,62.77349092886979
20002_1320_1,2024-04-22,51,116.01325225830078,79.29955357608394,62.930383200219865
20002_1320_1,2024-04-22,52,107.82408142089844,79.67109353267799,62.86775554845867
20002_1320_1,2024-04-22,53,106.45921325683594,80.71862030264691,62.88640072502096
20002_1320_1,2024-04-22,54,91.44573974609375,80.61897209104075,62.60211027288
20002_1320_1,2024-04-22,55,91.15975952148438,80.50640524701973,62.41107425252878
20002_1320_1,2024-04-22,56,85.7173843383789,79.09264260888354,62.052829929319245
20002_1320_1,2024-04-22,57,85.7173843383789,78.77413927200752,61.866521379437856
20002_1320_1,2024-04-22,58,79.99330139160156,78.11369705457881,61.51574401534168
20002_1320_1,2024-04-22,59,65.07929992675781,78.47626703541837,60.87113255456231
20002_1320_1,2024-04-23,1,32.04899978637695,32.04899978637695,32.04899978637695
20002_1320_1,2024-04-23,2,37.3905029296875,37.3905029296875,37.3905029296875
20002_1320_1,2024-04-23,3,45.79905700683594,32.767985425751206,32.97119612678572
20002_1320_1,2024-04-23,4,50.07225799560547,31.340564154806376,39.4782193336376
20002_1320_1,2024-04-23,5,60.75525665283203,36.54580885641216,47.96123846576013
20002_1320_1,2024-04-23,6,70.36995697021484,46.337068687659055,54.768948842640086
20002_1320_1,2024-04-23,7,71.4382553100586,50.67746238560582,57.89578716304019
20002_1320_1,2024-04-23,8,71.95154571533203,63.380070644964945,59.66867554238668
20002_1320_1,2024-04-23,9,73.01985168457031,70.46595308563829,60.32516806695119
20002_1320_1,2024-04-23,10,73.01985168457031,68.66313725069011,60.30513663755555
20002_1320_1,2024-04-23,11,73.01985168457031,71.8256387246426,60.53384813303656
20002_1320_1,2024-04-23,12,74.08815002441406,72.51632902374183,60.56655101014361
20002_1320_1,2024-04-23,13,84.43814849853516,72.65734694199932,60.53021964671865
20002_1320_1,2024-04-23,14,85.3330078125,71.21794291403856,60.737602962124996
20002_1320_1,2024-04-23,15,85.3330078125,70.78084436212492,60.943355584529314
20002_1320_1,2024-04-23,16,86.40130615234375,77.23632379006989,61.30939289272704
20002_1320_1,2024-04-23,17,86.40130615234375,77.75946486812344,61.38675124128376
20002_1320_1,2024-04-23,18,83.60069274902344,77.97765772600275,61.35485195001026
20002_1320_1,2024-04-23,19,80.98072052001953,78.15033406750265,61.3405502255456
20002_1320_1,2024-04-23,20,80.98072052001953,76.54307097763339,61.29538309369558
20002_1320_1,2024-04-23,21,82.9586410522461,75.96233150614086,61.302082751819384
20002_1320_1,2024-04-23,22,83.8752670288086,76.22694901558998,61.3953753371199
20002_1320_1,2024-04-23,23,84.77840423583984,75.63459121589787,61.46164996118586
20002_1320_1,2024-04-23,24,84.563720703125,77.10289542593937,61.41758102060814
20002_1320_1,2024-04-23,25,104.8614273071289,76.48350292839359,61.58696617183234
20002_1320_1,2024-04-23,26,104.73812103271484,70.62030569854478,61.87050660618422
20002_1320_1,2024-04-23,27,103.53423309326172,77.06600744463496,62.166028898875965
20002_1320_1,2024-04-23,28,103.53423309326172,80.2426329687322,62.37174653529755
20002_1320_1,2024-04-23,29,102.19475555419922,80.26418856065048,62.41984086217583
20002_1320_1,2024-04-23,30,112.87776184082031,80.23704126666051,62.50620073711162
20002_1320_1,2024-04-23,31,116.08265686035156,79.8783875097885,62.6929437216679
20002_1320_1,2024-04-23,32,118.06563568115234,80.0504383431465,62.81193872178255
20002_1320_1,2024-04-23,33,115.63129425048828,80.6416129029354,62.9336619567536
20002_1320_1,2024-04-23,34,115.63129425048828,80.69490504845811,63.02215857233364
20002_1320_1,2024-04-23,35,115.33354949951172,80.72096458986836,63.08442538716467
20002_1320_1,2024-04-23,36,117.17867279052734,80.72162811477855,63.16069005034127
20002_1320_1,2024-04-23,37,113.41486358642578,80.67664630628667,63.22769300763463
20002_1320_1,2024-04-23,38,114.48316192626953,80.66606185231234,63.308361743188684
20002_1320_1,2024-04-23,39,113.93601989746094,80.67415262846657,63.34008121455198
20002_1320_1,2024-04-23,40,114.34918975830078,80.69939350136303,63.3815289357791
20002_1320_1,2024-04-23,41,117.97734832763672,80.57669277516075,63.436556036595945
20002_1320_1,2024-04-23,42,116.16193389892578,80.48107638024365,63.511161781156225
20002_1320_1,2024-04-23,43,118.39518737792969,80.5839840322887,63.53104851003586
20002_1320_1,2024-04-23,44,109.48371887207031,80.68357345823063,63.56280966859245
20002_1320_1,2024-04-23,45,102.91361999511719,80.63232962439501,63.50070261429922
20002_1320_1,2024-04-23,46,96.56092834472656,80.62178503933633,63.436566221072965
20002_1320_1,2024-04-23,47,91.47877502441406,80.25577544226172,63.32153724579448
20002_1320_1,2024-04-23,48,91.27653503417969,79.73710673918629,63.234499920082335
20002_1320_1,2024-04-23,49,91.27653503417969,78.95666254874104,63.17612933543373
20002_1320_1,2024-04-23,50,85.91690826416016,78.9437927400862,63.04623723019976
20002_1320_1,2024-04-23,51,86.12904357910156,79.12293976292011,62.903025966817914
20002_1320_1,2024-04-23,52,85.8923568725586,77.53659286090317,62.78613126219714
20002_1320_1,2024-04-23,53,85.8923568725586,76.09389737562887,62.71189189039557
20002_1320_1,2024-04-23,54,72.41216278076172,78.25750922458465,62.41915403072218
20002_1320_1,2024-04-23,55,72.41216278076172,78.04238824606779,62.16980187335667
20002_1320_1,2024-04-23,56,62.067569732666016,71.68772347160976,61.25504269581714
20002_1320_1,2024-04-23,57,62.067569732666016,72.38592241207226,60.86699471216974
20002_1320_1,2024-04-23,58,59.481422424316406,64.81429042864383,59.83547811714316
20002_1320_1,2024-04-23,59,46.55067825317383,66.53669296096564,58.55719273308805
20002_1320_1,2024-04-24,1,7.457149505615234,7.457149505615234,7.457149505615234
20002_1320_1,2024-04-24,2,12.783684730529785,12.783684730529785,12.783684730529785
20002_1320_1,2024-04-24,3,19.175527572631836,8.467088635063561,10.489552052647216
20002_1320_1,2024-04-24,4,24.50206184387207,8.10876318441569,11.692281952094756
20002_1320_1,2024-04-24,5,33.02451705932617,12.451273821672007,14.679591710057643
20002_1320_1,2024-04-24,6,43.677589416503906,18.063057117214093,20.96647879049296
20002_1320_1,2024-04-24,7,45.808204650878906,22.990118870889702,32.52638052605585
20002_1320_1,2024-04-24,8,47.93881607055664,33.48449399121933,44.78850548423961
20002_1320_1,2024-04-24,9,45.6560173034668,46.44237925622784,51.26217865159917
20002_1320_1,2024-04-24,10,49.91724395751953,48.924613406616835,52.209132105715256
20002_1320_1,2024-04-24,11,46.513797760009766,48.580173243257185,52.4813206082605
20002_1320_1,2024-04-24,12,46.513797760009766,48.670422144912564,52.91912737710491
20002_1320_1,2024-04-24,13,49.640541076660156,49.86036864084273,53.262411904230646
20002_1320_1,2024-04-24,14,49.640541076660156,48.8284943349896,53.930057505512295
20002_1320_1,2024-04-24,15,49.640541076660156,47.96273552003982,54.773753452551716
20002_1320_1,2024-04-24,16,49.640541076660156,52.76628057311363,56.13638048530274
20002_1320_1,2024-04-24,17,49.640541076660156,52.6982543047951,56.35945291398569
20002_1320_1,2024-04-24,18,47.321266174316406,53.28518941867431,56.204409674663424
20002_1320_1,2024-04-24,19,47.23239517211914,52.84593306686924,55.86161955299145
20002_1320_1,2024-04-24,20,47.23239517211914,48.68961650656955,55.33819979012934
20002_1320_1,2024-04-24,21,51.26261901855469,49.12532830641263,55.43477360909312
20002_1320_1,2024-04-24,22,48.83274841308594,49.43706361231969,55.83965521933603
20002_1320_1,2024-04-24,23,50.76860809326172,47.236725651262155,55.75101965965621
20002_1320_1,2024-04-24,24,53.84917068481445,49.79941527333348,56.71771185369697
20002_1320_1,2024-04-24,25,64.50224304199219,47.81138575374141,57.37508174001736
20002_1320_1,2024-04-24,26,65.43836975097656,49.97709307859437,59.02834060563186
20002_1320_1,2024-04-24,27,80.35266876220703,55.431856608141324,60.21504041029409
20002_1320_1,2024-04-24,28,79.17101287841797,62.85585880759809,61.33975946051338
20002_1320_1,2024-04-24,29,77.9893569946289,66.23150532181094,61.71483603206291
20002_1320_1,2024-04-24,30,77.75665283203125,75.7154175940558,62.03301241583644
20002_1320_1,2024-04-24,31,76.57852172851562,74.90367738527956,62.06001680678715
20002_1320_1,2024-04-24,32,73.04412841796875,73.99938124372542,62.00218699286554
20002_1320_1,2024-04-24,33,73.04412841796875,74.35201035635993,62.026686374691366
20002_1320_1,2024-04-24,34,73.04412841796875,72.23510528510968,61.9947688264054
20002_1320_1,2024-04-24,35,71.86599731445312,72.39237916194982,62.017929410004825
20002_1320_1,2024-04-24,36,65.975341796875,72.98008765518944,61.87417236545637
20002_1320_1,2024-04-24,37,62.440948486328125,72.25012324418671,61.59028497895821
20002_1320_1,2024-04-24,38,62.440948486328125,67.72035987747772,61.176511828274336
20002_1320_1,2024-04-24,39,62.10247802734375,65.2813957101474,60.75732368744781
20002_1320_1,2024-04-24,40,57.20262145996094,65.5566826775548,60.28985150614584
20002_1320_1,2024-04-24,41,60.39854431152344,61.618363644464694,59.705826220953995
20002_1320_1,2024-04-24,42,56.91401290893555,58.04710064794965,59.3487905986494
20002_1320_1,2024-04-24,43,54.398582458496094,60.98036032999639,59.22635910301605
20002_1320_1,2024-04-24,44,53.24116897583008,60.04370585827904,58.723772869234374
20002_1320_1,2024-04-24,45,54.30647277832031,55.28467126292426,57.98258255990811
20002_1320_1,2024-04-24,46,50.84010314941406,56.754476125247166,57.91891821899641
20002_1320_1,2024-04-24,47,49.68464660644531,56.681577196314635,57.41508439642242
20002_1320_1,2024-04-24,48,50.74995422363281,53.925547825217116,56.648237163968105
20002_1320_1,2024-04-24,49,50.74995422363281,52.405304327458495,56.50143587770232
20002_1320_1,2024-04-24,50,52.88056945800781,52.503883690075,56.6937736193708
20002_1320_1,2024-04-24,51,45.82982635498047,54.616665691429446,56.25556194334172
20002_1320_1,2024-04-24,52,45.82982635498047,54.05081723533776,55.214186693821055
20002_1320_1,2024-04-24,53,45.82982635498047,48.45555933685023,53.49921047481847
20002_1320_1,2024-04-24,54,39.95420837402344,49.645043299866174,52.18939859023122
20002_1320_1,2024-04-24,55,39.95420837402344,48.9615778847712,50.15504016519199
20002_1320_1,2024-04-24,56,37.60395812988281,42.52271697853561,46.04656544280677
20002_1320_1,2024-04-24,57,37.60395812988281,42.25882830301153,44.73291422242976
20002_1320_1,2024-04-24,58,35.14389419555664,40.215845985413196,41.56000159962055
20002_1320_1,2024-04-24,59,30.29646110534668,40.634413821738505,37.78721946423307
20002_1320_1,2024-04-25,1,25.604446411132812,25.604446411132812,25.604446411132812
20002_1320_1,2024-04-25,2,28.805002212524414,28.805002212524414,28.805002212524414
20002_1320_1,2024-04-25,3,37.15427780151367,25.898432860516046,22.432469617671163
20002_1320_1,2024-04-25,4,44.62224197387695,24.28464157983236,26.82417358527144
20002_1320_1,2024-04-25,5,48.8896484375,26.128726265155578,36.00681907403696
20002_1320_1,2024-04-25,6,62.758724212646484,37.41523316372132,46.86700874592794
20002_1320_1,2024-04-25,7,65.95928192138672,44.04234603247578,53.94961724518067
20002_1320_1,2024-04-25,8,68.88057708740234,50.38111894934974,57.46819796054454
20002_1320_1,2024-04-25,9,75.28169250488281,64.25389917383009,59.74178088933225
20002_1320_1,2024-04-25,10,77.41539764404297,65.32593278601529,60.36971262938292
20002_1320_1,2024-04-25,11,77.41539764404297,69.07910431681148,60.91615460479876
20002_1320_1,2024-04-25,12,77.41539764404297,73.58934154861566,61.2364355943546
20002_1320_1,2024-04-25,13,89.48408508300781,75.06396426669627,61.21426409258002
20002_1320_1,2024-04-25,14,89.48408508300781,73.40594906171356,61.511216746321594
20002_1320_1,2024-04-25,15,88.10740661621094,72.69563559993107,61.60272669544731
20002_1320_1,2024-04-25,16,89.17426300048828,78.66256031329807,61.89042968552969
20002_1320_1,2024-04-25,17,89.17426300048828,78.32389955691556,61.87486349477636
20002_1320_1,2024-04-25,18,92.06975555419922,78.38451546239438,61.84487728614335
20002_1320_1,2024-04-25,19,88.00785827636719,78.55587446611798,61.844003818691334
20002_1320_1,2024-04-25,20,88.00785827636719,78.25367733245892,61.82283935392887
20002_1320_1,2024-04-25,21,99.45610809326172,78.33692558386409,61.79792062325332
20002_1320_1,2024-04-25,22,103.20506286621094,77.88450837848066,61.98113686329331
20002_1320_1,2024-04-25,23,106.4056167602539,77.49729081853036,62.13957350671842
20002_1320_1,2024-04-25,24,109.05757904052734,79.71928611948236,62.17317345311239
20002_1320_1,2024-04-25,25,111.1912841796875,80.10263981187043,62.3885210084249
20002_1320_1,2024-04-25,26,112.00128173828125,79.568796138111,62.43233759300882
20002_1320_1,2024-04-25,27,146.9565887451172,80.54118185055671,62.53227989826078
20002_1320_1,2024-04-25,28,146.77804565429688,80.20127622370575,62.96608140703865
20002_1320_1,2024-04-25,29,146.77804565429688,80.44045803263919,63.04309232139422
20002_1320_1,2024-04-25,30,143.04640197753906,79.88040114528833,63.09381564744241
20002_1320_1,2024-04-25,31,142.86936950683594,79.78075541472143,63.150708316065874
20002_1320_1,2024-04-25,32,141.10055541992188,80.10414039839583,63.18656477970603
20002_1320_1,2024-04-25,33,145.3679656982422,80.28441556860706,63.286491941614166
20002_1320_1,2024-04-25,34,146.434814453125,80.54132107744104,63.3949074104096
20002_1320_1,2024-04-25,35,149.6353759765625,80.35895973224717,63.475940150758085
20002_1320_1,2024-04-25,36,150.3828887939453,80.0286113988794,63.55277129453186
20002_1320_1,2024-04-25,37,140.35592651367188,79.76068930144568,63.559318736644364
20002_1320_1,2024-04-25,38,139.12472534179688,79.76272138498335,63.62365433633172
20002_1320_1,2024-04-25,39,133.70693969726562,80.34550709409609,63.611325586713065
20002_1320_1,2024-04-25,40,130.08164978027344,80.23092135241933,63.524781147184804
20002_1320_1,2024-04-25,41,128.35191345214844,80.74160508042144,63.60148636053077
20002_1320_1,2024-04-25,42,123.95698547363281,80.76168096682902,63.650502533165124
20002_1320_1,2024-04-25,43,126.1572036743164,80.82278942013369,63.620132048863354
20002_1320_1,2024-04-25,44,115.01529693603516,80.82047951612725,63.64023896352041
20002_1320_1,2024-04-25,45,111.73651123046875,80.75970908428408,63.595967131088024
20002_1320_1,2024-04-25,46,106.35162353515625,80.75139238942592,63.56584882231308
20002_1320_1,2024-04-25,47,103.37980651855469,80.64023464243955,63.50048408810379
20002_1320_1,2024-04-25,48,105.22010040283203,80.47881202697438,63.471961552142844
20002_1320_1,2024-04-25,49,105.22010040283203,80.16131243592213,63.48862315057814
20002_1320_1,2024-04-25,50,108.6411361694336,80.21895542838996,63.43774318496089
20002_1320_1,2024-04-25,51,101.67696380615234,80.40441291390843,63.43464157804193
20002_1320_1,2024-04-25,52,97.49845886230469,80.16978437440974,63.327433628862174
20002_1320_1,2024-04-25,53,97.49845886230469,80.17490517739479,63.282377081221235
20002_1320_1,2024-04-25,54,94.71278381347656,79.81613675835018,63.16721839103187
20002_1320_1,2024-04-25,55,94.71278381347656,79.78385936416288,63.109097096187114
20002_1320_1,2024-04-25,56,90.5342788696289,79.52683776076546,62.959153114048796
20002_1320_1,2024-04-25,57,90.5342788696289,79.4695383308832,62.874722775463646
20002_1320_1,2024-04-25,58,83.24412536621094,79.04961961659231,62.586720399269765
20002_1320_1,2024-04-25,59,62.08036422729492,79.44105267290644,61.8249113712232
20002_1320_1,2024-04-27,1,5.400566101074219,5.400566101074219,5.400566101074219
20002_1320_1,2024-04-27,2,12.961359024047852,12.961359024047852,12.961359024047852
20002_1320_1,2024-04-27,3,19.44203758239746,6.092672786746888,13.364210409551916
20002_1320_1,2024-04-27,4,23.76249122619629,5.9908309443249514,14.296061830376052
20002_1320_1,2024-04-27,5,24.84260368347168,11.413466618422277,16.281530326390495
20002_1320_1,2024-04-27,6,30.2431697845459,17.465037587491366,18.352922865921553
20002_1320_1,2024-04-27,7,31.323284149169922,22.769084026464434,21.34338047711109
20002_1320_1,2024-04-27,8,32.36482238769531,24.670189230074396,23.51126188891842
20002_1320_1,2024-04-27,9,33.409019470214844,30.683189240986824,26.10407067760459
20002_1320_1,2024-04-27,10,33.409019470214844,30.333685134209173,27.558194975190208
20002_1320_1,2024-04-27,11,34.489131927490234,31.82080913946745,29.22781653700585
20002_1320_1,2024-04-27,12,34.489131927490234,34.148332107312264,30.999520301010477
20002_1320_1,2024-04-27,13,37.590423583984375,34.73284390859123,30.96192370946837
20002_1320_1,2024-04-27,14,34.17311096191406,35.28359213434697,31.60443455572719
20002_1320_1,2024-04-27,15,34.17311096191406,32.70385272360927,31.756516106586616
20002_1320_1,2024-04-27,16,34.17311096191406,34.9994196680284,33.16165607731322
20002_1320_1,2024-04-27,17,34.17311096191406,34.91347437635975,33.5644284792694
20002_1320_1,2024-04-27,18,32.97501754760742,35.30993140810909,33.05540681908953
20002_1320_1,2024-04-27,19,34.05513000488281,34.715615327336934,32.74723017400247
20002_1320_1,2024-04-27,20,34.05513000488281,31.79262167818273,32.76400862430559
20002_1320_1,2024-04-27,21,40.44160842895508,33.38546286106284,33.70497251251081
20002_1320_1,2024-04-27,22,42.52647399902344,33.11237885434679,36.48889151677937
20002_1320_1,2024-04-27,23,45.76681137084961,31.736810458794718,40.257195916316846
20002_1320_1,2024-04-27,24,43.47847366333008,39.65277318482488,45.410742743868596
20002_1320_1,2024-04-27,25,47.798927307128906,43.680154379678264,47.286727458401124
20002_1320_1,2024-04-27,26,45.29412078857422,44.65792914423798,47.90690240383135
20002_1320_1,2024-04-27,27,47.454345703125,44.51469800232036,48.38801003171624
20002_1320_1,2024-04-27,28,46.26798629760742,45.331435533654286,49.14651042691135
20002_1320_1,2024-04-27,29,46.1617431640625,47.00332568779939,49.46765058916257
20002_1320_1,2024-04-27,30,50.48219299316406,47.81440205112342,49.59455263181426
20002_1320_1,2024-04-27,31,50.3603515625,45.917517689286115,49.97955701109524
20002_1320_1,2024-04-27,32,50.3603515625,47.400141990307645,51.15602045706822
20002_1320_1,2024-04-27,33,50.3603515625,51.21786753399786,52.14452527512749
20002_1320_1,2024-04-27,34,50.3603515625,52.497000490646855,52.31488746395798
20002_1320_1,2024-04-27,35,50.3603515625,52.54406662860785,52.210761059156766
20002_1320_1,2024-04-27,36,46.527259826660156,53.55339499185288,51.208095970840006
20002_1320_1,2024-04-27,37,44.07845687866211,53.301386416318074,49.58712750493987
20002_1320_1,2024-04-27,38,42.85405349731445,47.76414538650975,47.04498480655103
20002_1320_1,2024-04-27,39,43.789878845214844,46.2838655995016,45.70971586243315
20002_1320_1,2024-04-27,40,38.651790618896484,45.77940795503831,43.284497078087384
20002_1320_1,2024-04-27,41,36.23605728149414,43.76593366185096,40.639709856921414
20002_1320_1,2024-04-27,42,31.40458106994629,38.56393117808878,36.09063271316393
20002_1320_1,2024-04-27,43,26.57310676574707,38.71273038481267,32.01242258831112
20002_1320_1,2024-04-27,44,24.15736961364746,32.82466135621559,25.720166238515695
20002_1320_1,2024-04-27,45,22.949501037597656,27.10725568044395,21.443650331714828
20002_1320_1,2024-04-27,46,20.533763885498047,24.693213735451558,19.126229045387948
20002_1320_1,2024-04-27,47,19.325895309448242,23.27697320969834,17.554081400247128
20002_1320_1,2024-04-27,48,19.325895309448242,20.22558507542039,16.329659891858718
20002_1320_1,2024-04-27,49,19.325895309448242,18.78954303699512,15.847438314435474
20002_1320_1,2024-04-27,50,17.990272521972656,19.25233668549913,15.418144727403917
20002_1320_1,2024-04-27,51,19.070384979248047,18.732501848967104,15.038876856086205
20002_1320_1,2024-04-27,52,17.87848663330078,16.145850300480696,14.655308549910169
20002_1320_1,2024-04-27,53,17.87848663330078,17.314706166916057,14.807802245092102
20002_1320_1,2024-04-27,54,18.958599090576172,17.186178680217033,14.786701870622228
20002_1320_1,2024-04-27,55,18.958599090576172,16.974159231516737,14.927213701308851
20002_1320_1,2024-04-27,56,18.958599090576172,17.104295798150197,15.13940883204439
20002_1320_1,2024-04-27,57,18.958599090576172,18.343524400844224,15.40830956869087
20002_1320_1,2024-04-27,58,16.588775634765625,18.86860667343877,15.268278548271638
20002_1320_1,2024-04-27,59,11.849124908447266,19.648952333586088,14.759151293272476
20002_1320_1,2024-04-29,1,41.08331298828125,41.08331298828125,41.08331298828125
20002_1320_1,2024-04-29,2,55.13813400268555,55.13813400268555,55.13813400268555
20002_1320_1,2024-04-29,3,67.03067016601562,40.39050495043058,47.58870288265841
20002_1320_1,2024-04-29,4,75.6797866821289,39.70831408996959,53.51435970231318
20002_1320_1,2024-04-29,5,77.84207153320312,55.70863941462771,58.231307925357235
20002_1320_1,2024-04-29,6,80.95034790039062,67.76186867607876,59.64477140717051
20002_1320_1,2024-04-29,7,80.95034790039062,73.43008670388616,60.12401314472483
20002_1320_1,2024-04-29,8,77.27078247070312,74.62117037408794,60.08146374451253
20002_1320_1,2024-04-29,9,80.36882781982422,76.68077745331524,60.040672780349425
20002_1320_1,2024-04-29,10,80.36882781982422,74.41975395190504,59.90380199877755
20002_1320_1,2024-04-29,11,80.36882781982422,73.97736412897828,59.90579435503679
20002_1320_1,2024-04-29,12,80.36882781982422,76.25060243012938,60.021878839897795
20002_1320_1,2024-04-29,13,88.70733642578125,76.42995078950369,59.94601855076279
20002_1320_1,2024-04-29,14,88.57331085205078,75.49318105998618,60.06997617300793
20002_1320_1,2024-04-29,15,88.57331085205078,74.57590657795498,60.170844965737935
20002_1320_1,2024-04-29,16,88.57331085205078,78.25238437337342,60.431932100826586
20002_1320_1,2024-04-29,17,88.57331085205078,78.47117317266614,60.47531949158562
20002_1320_1,2024-04-29,18,86.01445007324219,78.58540909929832,60.45047684766955
20002_1320_1,2024-04-29,19,80.90789794921875,78.70474343702816,60.335743739494724
20002_1320_1,2024-04-29,20,80.90789794921875,77.6461519455647,60.28136946607684
20002_1320_1,2024-04-29,21,83.7719955444336,75.54203879224943,60.14928029562193
20002_1320_1,2024-04-29,22,81.23345184326172,76.0678261481381,60.30081373323378
20002_1320_1,2024-04-29,23,85.55801391601562,74.36834623188324,60.34340091939441
20002_1320_1,2024-04-29,24,90.45125579833984,76.87753490493849,60.33995817157586
20002_1320_1,2024-04-29,25,97.84410858154297,75.34045735848656,60.63899747154878
20002_1320_1,2024-04-29,26,100.00638580322266,71.0835169653715,60.897652752971766
20002_1320_1,2024-04-29,27,113.8764419555664,78.32690150911846,61.306913348259215
20002_1320_1,2024-04-29,28,113.70619201660156,79.43663692384459,61.6563839341458
20002_1320_1,2024-04-29,29,112.44278717041016,79.73079329094806,61.78142049170654
20002_1320_1,2024-04-29,30,112.44278717041016,80.65629103679763,61.94363164276673
20002_1320_1,2024-04-29,31,112.07826232910156,80.66649837077898,62.017210600299784
20002_1320_1,2024-04-29,32,111.72193145751953,80.6646492163133,62.1149214472987
20002_1320_1,2024-04-29,33,110.07550811767578,80.59510801390181,62.19129547893808
20002_1320_1,2024-04-29,34,110.07550811767578,80.56414536005437,62.318527309868514
20002_1320_1,2024-04-29,35,113.31893157958984,80.50472651315154,62.41966025562675
20002_1320_1,2024-04-29,36,115.09699249267578,80.59669163758909,62.53643975731875
20002_1320_1,2024-04-29,37,105.9472885131836,80.63990399026966,62.56205242459772
20002_1320_1,2024-04-29,38,103.36321258544922,80.65413603678329,62.622447591257526
20002_1320_1,2024-04-29,39,93.02689361572266,80.482765590938,62.52809574737257
20002_1320_1,2024-04-29,40,89.3883056640625,80.42550401562553,62.38837663569797
20002_1320_1,2024-04-29,41,86.67957305908203,79.24977879265771,62.331959817654464
20002_1320_1,2024-04-29,42,82.07000732421875,77.7123911278567,62.14030906810208
20002_1320_1,2024-04-29,43,82.35833740234375,78.26021845680836,62.10144141668531
20002_1320_1,2024-04-29,44,76.68879699707031,76.21460377805721,61.886048931877916
20002_1320_1,2024-04-29,45,76.16024017333984,75.28539640792724,61.75687533219491
20002_1320_1,2024-04-29,46,77.24137878417969,73.62120280904287,61.71048402452527
20002_1320_1,2024-04-29,47,77.24137878417969,72.64121436812249,61.73843178647239
20002_1320_1,2024-04-29,48,80.48480224609375,74.00822544035711,61.8331902796769
20002_1320_1,2024-04-29,49,79.12065124511719,74.42654240081515,61.89689717879094
20002_1320_1,2024-04-29,50,85.839599609375,74.91165849323833,61.793089339563295
20002_1320_1,2024-04-29,51,89.31998443603516,75.05954666758979,61.88908531148656
20002_1320_1,2024-04-29,52,87.65281677246094,72.57379871649329,61.933971216349285
20002_1320_1,2024-04-29,53,87.65281677246094,76.43380435602033,62.14384423370927
20002_1320_1,2024-04-29,54,78.9947509765625,78.37460684073253,61.98027126758541
20002_1320_1,2024-04-29,55,80.07588958740234,78.34714702625573,61.78722244631533
20002_1320_1,2024-04-29,56,71.79217529296875,75.53537965636377,61.233823461850356
20002_1320_1,2024-04-29,57,71.79217529296875,75.7056570123041,60.962391651407984
20002_1320_1,2024-04-29,58,63.50846481323242,72.41791711665542,60.173317305248894
20002_1320_1,2024-04-29,59,42.7991828918457,74.06100693367028,58.13209602174581
20002_1320_1,2024-04-30,1,11.922224998474121,11.922224998474121,11.922224998474121
20002_1320_1,2024-04-30,2,17.34141731262207,17.34141731262207,17.34141731262207
20002_1320_1,2024-04-30,3,20.592933654785156,12.204800989050579,12.419265594753575
20002_1320_1,2024-04-30,4,20.592933654785156,12.217095134146213,13.866751229827237
20002_1320_1,2024-04-30,5,24.928287506103516,18.158307179216088,15.770389319422032
20002_1320_1,2024-04-30,6,27.095966339111328,20.988457007023666,18.047086679548396
20002_1320_1,2024-04-30,7,30.34748077392578,21.103361611237027,20.413133510394815
20002_1320_1,2024-04-30,8,31.17119789123535,26.081609159818285,23.707974925307198
20002_1320_1,2024-04-30,9,29.92435073852539,28.235789472491735,26.35427673313073
20002_1320_1,2024-04-30,10,33.175865173339844,29.419435628493574,28.18194822873946
20002_1320_1,2024-04-30,11,33.175865173339844,31.06179547597749,31.189342894151547
20002_1320_1,2024-04-30,12,33.175865173339844,31.421081362757715,33.38507187442015
20002_1320_1,2024-04-30,13,35.343544006347656,35.19102003526946,35.9309799644807
20002_1320_1,2024-04-30,14,35.343544006347656,34.68750517166753,37.31665983580839
20002_1320_1,2024-04-30,15,37.33279037475586,35.13977166790548,38.46563419530434
20002_1320_1,2024-04-30,16,37.33279037475586,36.80014938302302,40.96595306444019
20002_1320_1,2024-04-30,17,37.33279037475586,35.600438685873826,42.32389668178577
20002_1320_1,2024-04-30,18,37.33279037475586,39.38627326795158,44.79629179181936
20002_1320_1,2024-04-30,19,35.92777633666992,39.82383929634393,44.37134116022824
20002_1320_1,2024-04-30,20,34.68888854980469,39.47522289106816,43.44163259218766
20002_1320_1,2024-04-30,21,35.61767578125,36.66151502112076,41.50510289556244
20002_1320_1,2024-04-30,22,34.38948059082031,36.06180619849962,41.31795811891111
20002_1320_1,2024-04-30,23,33.161285400390625,34.898366671492546,40.60760527668155
20002_1320_1,2024-04-30,24,38.436119079589844,36.09183968103809,40.15847194629139
20002_1320_1,2024-04-30,25,38.436119079589844,33.08061854284989,41.140304663620526
20002_1320_1,2024-04-30,26,41.490272521972656,32.64788213005806,43.35756417434108
20002_1320_1,2024-04-30,27,47.81985855102539,39.61433958726653,48.032928032928396
20002_1320_1,2024-04-30,28,47.57537078857422,37.1333711037709,50.095087613284626
20002_1320_1,2024-04-30,29,46.25382995605469,41.66141111031739,53.33038031207978
20002_1320_1,2024-04-30,30,50.58918762207031,49.06553579753765,55.25159801873842
20002_1320_1,2024-04-30,31,50.58918762207031,47.94019813299688,55.661647237862695
20002_1320_1,2024-04-30,32,49.29202651977539,48.76162884175334,56.199428748763154
20002_1320_1,2024-04-30,33,50.3758659362793,53.58376074216713,56.889599668900246
20002_1320_1,2024-04-30,34,50.3758659362793,51.969022809128234,56.60676508033744
20002_1320_1,2024-04-30,35,50.3758659362793,52.143862301242265,56.67701832316155
20002_1320_1,2024-04-30,36,50.3758659362793,53.40326552418216,56.82028743507692
20002_1320_1,2024-04-30,37,47.72450637817383,53.95764624498752,56.34944764268026
20002_1320_1,2024-04-30,38,46.39882278442383,53.951490581703126,55.483126662566946
20002_1320_1,2024-04-30,39,46.39882278442383,50.86054641884897,54.223602647541895
20002_1320_1,2024-04-30,40,39.77042007446289,50.696218835885595,52.21059312803823
20002_1320_1,2024-04-30,41,40.6124153137207,50.212407543703236,49.55540398592851
20002_1320_1,2024-04-30,42,40.6124153137207,41.835324980319676,46.090080546079804
20002_1320_1,2024-04-30,43,41.06307601928711,41.09886056551361,45.352668264766855
20002_1320_1,2024-04-30,44,41.06307601928711,42.6516710291826,46.43596743088321
20002_1320_1,2024-04-30,45,38.831138610839844,40.60350590219739,44.79269003416931
20002_1320_1,2024-04-30,46,38.831138610839844,43.47020050757538,45.53718184219174
20002_1320_1,2024-04-30,47,38.831138610839844,38.445604580476434,43.69654332105243
20002_1320_1,2024-04-30,48,39.91497802734375,41.00331309929912,45.12573854076916
20002_1320_1,2024-04-30,49,39.91497802734375,40.74258139315642,45.45239150151361
20002_1320_1,2024-04-30,50,43.1664924621582,40.84420954042143,45.91477701951146
20002_1320_1,2024-04-30,51,48.127864837646484,41.75748820291241,47.080618690867254
20002_1320_1,2024-04-30,52,46.52360153198242,40.91992890379514,49.11997720425882
20002_1320_1,2024-04-30,53,46.52360153198242,43.547926956246776,51.69690972520473
20002_1320_1,2024-04-30,54,41.7108154296875,50.27218938718938,52.68961454206159
20002_1320_1,2024-04-30,55,38.50229263305664,50.362379529067226,50.17136916129195
20002_1320_1,2024-04-30,56,38.50229263305664,44.36958174442802,45.76763150701795
20002_1320_1,2024-04-30,57,38.50229263305664,40.55910574260622,43.27707999825777
20002_1320_1,2024-04-30,58,33.68950653076172,41.60200493221141,41.15137879969465
20002_1320_1,2024-04-30,59,30.480979919433594,41.74429135754004,36.61336902899701
20002_1320_1,2024-05-27,1,7.516066074371338,7.516066074371338,7.516066074371338
20002_1320_1,2024-05-27,2,12.884684562683105,12.884684562683105,12.884684562683105
20002_1320_1,2024-05-27,3,20.4007511138916,8.365342874885204,12.492234253282852
20002_1320_1,2024-05-27,4,22.548198699951172,7.881710833814076,13.986734528265194
20002_1320_1,2024-05-27,5,26.843093872070312,12.83357888564694,16.305688202365957
20002_1320_1,2024-05-27,6,36.50660705566406,20.266922953279803,19.727581890562327
20002_1320_1,2024-05-27,7,37.58032989501953,21.31074797813114,25.615659937077822
20002_1320_1,2024-05-27,8,38.654052734375,27.060675008467744,32.57244286252204
20002_1320_1,2024-05-27,9,39.727779388427734,38.27662550266479,38.993234373599954
20002_1320_1,2024-05-27,10,40.67135238647461,39.7371698081352,40.34945814498205
20002_1320_1,2024-05-27,11,40.67135238647461,40.55752179584325,41.93855009544802
20002_1320_1,2024-05-27,12,40.67135238647461,40.64849221132063,43.15341234407727
20002_1320_1,2024-05-27,13,45.72248840332031,43.69385672920083,43.73662929344223
20002_1320_1,2024-05-27,14,45.72248840332031,41.77904999830179,45.362527820001375
20002_1320_1,2024-05-27,15,45.72248840332031,39.68448900630219,47.388369243265515
20002_1320_1,2024-05-27,16,45.72248840332031,48.519070718318744,50.4959996418182
20002_1320_1,2024-05-27,17,45.72248840332031,48.44594337159113,50.788997390291875
20002_1320_1,2024-05-27,18,44.45241928100586,48.62738816796599,50.833890043614616
20002_1320_1,2024-05-27,19,46.40352249145508,48.6590695785208,50.525164706600606
20002_1320_1,2024-05-27,20,46.40352249145508,46.28260464488176,50.6655170702913
20002_1320_1,2024-05-27,21,46.40352249145508,45.09675467940279,51.357897655327925
20002_1320_1,2024-05-27,22,46.22309494018555,49.0856262601484,52.36541179113535
20002_1320_1,2024-05-27,23,47.29682159423828,48.67196527017238,52.43795017699868
20002_1320_1,2024-05-27,24,46.954959869384766,47.58576620021074,52.217664028467475
20002_1320_1,2024-05-27,25,51.249855041503906,48.209832165022505,52.6852946033816
20002_1320_1,2024-05-27,26,51.10334396362305,46.15260256913159,53.31580387610947
20002_1320_1,2024-05-27,27,60.7668571472168,48.82221877765666,54.69342165123352
20002_1320_1,2024-05-27,28,59.55152130126953,50.80941207541249,56.39829546232925
20002_1320_1,2024-05-27,29,59.55152130126953,53.027167902397196,57.55300675475711
20002_1320_1,2024-05-27,30,59.55152130126953,61.89387984899568,58.57628314463651
20002_1320_1,2024-05-27,31,60.625244140625,61.91818028067252,58.625634726245636
20002_1320_1,2024-05-27,32,60.29819107055664,62.181124678116824,58.57849091013402
20002_1320_1,2024-05-27,33,57.83704376220703,62.129047335084216,58.47399840255921
20002_1320_1,2024-05-27,34,56.606468200683594,60.983812913907464,58.21095341082074
20002_1320_1,2024-05-27,35,54.14531707763672,61.009901125728376,57.837678513995655
20002_1320_1,2024-05-27,36,45.531288146972656,61.0601381022293,56.30666787882885
20002_1320_1,2024-05-27,37,45.531288146972656,57.70981807282628,53.94617920241534
20002_1320_1,2024-05-27,38,45.531288146972656,48.164485478760774,50.89170081195478
20002_1320_1,2024-05-27,39,47.67873764038086,48.19853826822644,50.78868515790563
20002_1320_1,2024-05-27,40,41.566078186035156,49.03024446601829,49.738188834385625
20002_1320_1,2024-05-27,41,40.343544006347656,48.82900636188198,47.93011359878014
20002_1320_1,2024-05-27,42,40.343544006347656,44.02492790365707,45.330769108357345
20002_1320_1,2024-05-27,43,37.89848327636719,43.077459623162184,43.824923104299224
20002_1320_1,2024-05-27,44,37.89848327636719,42.771263199829335,42.67701304866334
20002_1320_1,2024-05-27,45,37.89848327636719,39.82254501021167,41.03454489552263
20002_1320_1,2024-05-27,46,36.67594909667969,40.05291161477492,40.53102126532438
20002_1320_1,2024-05-27,47,34.23088836669922,40.39197311123569,38.85330782838008
20002_1320_1,2024-05-27,48,34.23088836669922,38.59801317082627,36.38680782875196
20002_1320_1,2024-05-27,49,33.00835418701172,35.89402806248208,33.71842259606823
20002_1320_1,2024-05-27,50,33.00835418701172,35.71816660057563,32.73312058335507
20002_1320_1,2024-05-27,51,29.340761184692383,35.01099755789481,29.90322455999521
20002_1320_1,2024-05-27,52,29.340761184692383,34.56139937413935,27.531927747438786
20002_1320_1,2024-05-27,53,29.340761184692383,30.22506330986007,24.797250409870756
20002_1320_1,2024-05-27,54,25.673166275024414,30.98606258005174,23.24668501392817
20002_1320_1,2024-05-27,55,24.450634002685547,30.827862522631154,21.140244842241344
20002_1320_1,2024-05-27,56,23.22810173034668,26.735326337497252,18.715701901875192
20002_1320_1,2024-05-27,57,23.22810173034668,25.253864600218698,18.014696335074078
20002_1320_1,2024-05-27,58,24.30182647705078,23.93772673027307,17.795543399832297
20002_1320_1,2024-05-27,59,21.743738174438477,24.27228342115777,17.632642976356998
20002_1320_1,2024-05-29,1,40.02920150756836,40.02920150756836,40.02920150756836
20002_1320_1,2024-05-29,2,40.02920150756836,40.02920150756836,40.02920150756836
20002_1320_1,2024-05-29,3,49.246734619140625,42.62264027482249,45.34221438984271
20002_1320_1,2024-05-29,4,56.819828033447266,40.21726358860437,47.6544237638733
20002_1320_1,2024-05-29,5,66.5566635131836,38.11222024140783,52.17492099756575
20002_1320_1,2024-05-29,6,73.04788208007812,49.87233418596209,57.75622224141286
20002_1320_1,2024-05-29,7,76.29349517822266,58.0973773196372,59.961854835424305
20002_1320_1,2024-05-29,8,77.07007598876953,67.5137682184947,61.02847147987011
20002_1320_1,2024-05-29,9,77.07007598876953,72.16090897078445,61.419665668216
20002_1320_1,2024-05-29,10,77.07007598876953,73.47537100889005,61.504907085274304
20002_1320_1,2024-05-29,11,77.07007598876953,74.71751480359455,61.554850165050006
20002_1320_1,2024-05-29,12,74.023193359375,75.09591418365537,61.441815401003964
20002_1320_1,2024-05-29,13,85.05697631835938,75.13232723925674,61.27569864511898
20002_1320_1,2024-05-29,14,83.68509674072266,70.93633317786853,61.3750730461014
20002_1320_1,2024-05-29,15,83.68509674072266,69.74022832602614,61.51759326889619
20002_1320_1,2024-05-29,16,85.84883117675781,77.41017894796883,61.89430052259469
20002_1320_1,2024-05-29,17,85.84883117675781,77.27941083133172,61.935076145658876
20002_1320_1,2024-05-29,18,81.47998809814453,77.58614983695225,61.87099668559095
20002_1320_1,2024-05-29,19,81.47998809814453,77.921696005494,61.89098685765558
20002_1320_1,2024-05-29,20,81.47998809814453,76.08010547887389,61.827853877113476
20002_1320_1,2024-05-29,21,86.5901870727539,76.6450432447261,61.84354090472755
20002_1320_1,2024-05-29,22,86.27544403076172,76.1759835359014,61.947017477085254
20002_1320_1,2024-05-29,23,92.76666259765625,75.64540388794741,62.01404585517744
20002_1320_1,2024-05-29,24,82.43109893798828,77.85317776589645,62.036889464575815
20002_1320_1,2024-05-29,25,95.41354370117188,77.93915961368069,62.06643001036978
20002_1320_1,2024-05-29,26,99.74102783203125,75.29290675577997,62.263885174765136
20002_1320_1,2024-05-29,27,99.74102783203125,76.10433871502663,62.45644570754452
20002_1320_1,2024-05-29,28,98.39317321777344,79.46428190675485,62.610478951886044
20002_1320_1,2024-05-29,29,98.39317321777344,79.95452849189215,62.68261424126082
20002_1320_1,2024-05-29,30,105.96626281738281,79.81886089468571,62.734500414124874
20002_1320_1,2024-05-29,31,105.96626281738281,79.67003215405158,62.892424347386545
20002_1320_1,2024-05-29,32,102.7646255493164,79.86916958341646,62.91131525075877
20002_1320_1,2024-05-29,33,106.80377960205078,80.41594759733184,63.005932731104025
20002_1320_1,2024-05-29,34,105.39846801757812,79.97376274974134,63.10495059003084
20002_1320_1,2024-05-29,35,103.99315643310547,80.11158132545677,63.17071696258751
20002_1320_1,2024-05-29,36,103.34626770019531,80.42115867571798,63.21677763569748
20002_1320_1,2024-05-29,37,101.94969940185547,80.31440158414166,63.278413985582645
20002_1320_1,2024-05-29,38,99.15655517578125,80.15242171698672,63.29629850646436
20002_1320_1,2024-05-29,39,99.29432678222656,80.24963027585994,63.29459258395794
20002_1320_1,2024-05-29,40,106.68272399902344,79.99991926976116,63.29812154686555
20002_1320_1,2024-05-29,41,110.5895004272461,79.21020471310698,63.45555339443501
20002_1320_1,2024-05-29,42,108.68246459960938,79.11934804622268,63.55694605032518
20002_1320_1,2024-05-29,43,108.95046997070312,80.39946216862762,63.641000057883495
20002_1320_1,2024-05-29,44,104.53356170654297,80.525256116918,63.66158633055445
20002_1320_1,2024-05-29,45,95.3093032836914,80.51302561665867,63.549417591896784
20002_1320_1,2024-05-29,46,95.57649993896484,80.41046142219241,63.492918411562876
20002_1320_1,2024-05-29,47,89.5081558227539,79.4724699764667,63.37576698659665
20002_1320_1,2024-05-29,48,90.59002685546875,79.1398385712852,63.33730755059177
20002_1320_1,2024-05-29,49,89.05459594726562,78.64402792167837,63.28900564042206
20002_1320_1,2024-05-29,50,94.1851577758789,78.7825430262563,63.191064680611845
20002_1320_1,2024-05-29,51,104.1293716430664,78.36006354382997,63.233347515873206
20002_1320_1,2024-05-29,52,93.25018310546875,77.30308840664597,63.22181708820289
20002_1320_1,2024-05-29,53,93.25018310546875,78.87401604256887,63.28683009231461
20002_1320_1,2024-05-29,54,81.89869689941406,79.5349141246046,63.061431657304205
20002_1320_1,2024-05-29,55,78.80818176269531,79.40033922693749,62.861542680998554
20002_1320_1,2024-05-29,56,75.71765899658203,76.59619651608597,62.47446977403521
20002_1320_1,2024-05-29,57,75.71765899658203,75.50443677529076,62.29753103107002
20002_1320_1,2024-05-29,58,64.9008560180664,74.86937568290699,61.79289828241385
20002_1320_1,2024-05-29,59,54.08404541015625,75.25598199953743,60.890159212887724
20002_1320_1,2024-07-06,1,15.0,15.0,15.0
20002_1320_1,2024-07-06,2,22.0,22.0,22.0
20002_1320_1,2024-07-06,3,25.842105865478516,13.491894511246436,15.264745095093417
20002_1320_1,2024-07-06,4,33.842105865478516,13.226824055660995,16.965887852010976
20002_1320_1,2024-07-06,5,41.842105865478516,18.588789911514617,21.30710341121341
20002_1320_1,2024-07-06,6,51.842105865478516,23.774792320695006,28.83951282812768
20002_1320_1,2024-07-06,7,56.636474609375,32.19201865040576,39.86643723819417
20002_1320_1,2024-07-06,8,59.636474609375,41.6825645796436,48.38842385135622
20002_1320_1,2024-07-06,9,60.636474609375,52.17931679793831,52.86322365742314
20002_1320_1,2024-07-06,10,58.21101760864258,59.28161253643006,54.33665676796118
20002_1320_1,2024-07-06,11,58.21101760864258,62.11447927853159,54.64727834364477
20002_1320_1,2024-07-06,12,58.21101760864258,60.71423504054776,54.45087664488888
20002_1320_1,2024-07-06,13,60.147369384765625,61.726166166899944,53.808713532855776
20002_1320_1,2024-07-06,14,60.147369384765625,59.69803348813987,53.97479386905785
20002_1320_1,2024-07-06,15,60.147369384765625,54.08316858120578,54.11777001815727
20002_1320_1,2024-07-06,16,60.147369384765625,62.33562938906574,55.40380521632298
20002_1320_1,2024-07-06,17,60.147369384765625,62.28444563725406,55.49654548711318
20002_1320_1,2024-07-06,18,59.78864669799805,62.62073101201158,55.39099693542053
20002_1320_1,2024-07-06,19,59.59287643432617,62.19996510213076,55.350994953203326
20002_1320_1,2024-07-06,20,59.59287643432617,59.72455343186191,55.34251638836028
20002_1320_1,2024-07-06,21,60.40101623535156,60.794423888313005,55.5383413863447
20002_1320_1,2024-07-06,22,47.18901443481445,63.629216862563915,54.429595954151615
20002_1320_1,2024-07-06,23,53.18901443481445,61.08686413238977,52.85273858090369
20002_1320_1,2024-07-06,24,43.551212310791016,48.72288538660111,49.389246821833396
20002_1320_1,2024-07-06,25,47.551212310791016,49.113648426764556,48.782432564160544
20002_1320_1,2024-07-06,26,46.173648834228516,43.344008219139575,47.78496667300281
20002_1320_1,2024-07-06,27,64.17365264892578,44.53462807662151,48.886883284382556
20002_1320_1,2024-07-06,28,64.9852523803711,43.08283454627286,52.32795145921184
20002_1320_1,2024-07-06,29,64.9852523803711,45.973221391073466,55.255857431681136
20002_1320_1,2024-07-06,30,65.9852523803711,64.32611544307345,57.46635297638602
20002_1320_1,2024-07-06,31,65.9852523803711,65.97039235473277,57.73970706150186
20002_1320_1,2024-07-06,32,58.78685760498047,67.13849983456676,57.36772339314919
20002_1320_1,2024-07-06,33,57.387393951416016,67.71215349760769,56.772901064676134
20002_1320_1,2024-07-06,34,57.387393951416016,60.85165709999951,55.81135118561738
20002_1320_1,2024-07-06,35,56.19182586669922,58.7743676133894,55.43346801041028
20002_1320_1,2024-07-06,36,47.82283020019531,61.16405025243249,54.332079525127384
20002_1320_1,2024-07-06,37,41.64940643310547,60.40022042291797,51.13496877780282
20002_1320_1,2024-07-06,38,39.199440002441406,50.87579500016309,45.927774259609095
20002_1320_1,2024-07-06,39,38.974456787109375,42.49936831151667,41.754602021625374
20002_1320_1,2024-07-06,40,35.666748046875,41.972042521280656,38.50678523812913
20002_1320_1,2024-07-06,41,32.10007095336914,39.65475550247295,35.176042305379035
20002_1320_1,2024-07-06,42,24.96672248840332,33.62961064925384,28.92190609595425
20002_1320_1,2024-07-06,43,24.777830123901367,33.565594589101686,25.483630859532667
20002_1320_1,2024-07-06,44,24.777830123901367,24.891929289995396,21.192827697863873
20002_1320_1,2024-07-06,45,22.41803741455078,24.120334728409382,20.182837171445364
20002_1320_1,2024-07-06,46,22.41803741455078,24.951202333250876,19.65313625125395
20002_1320_1,2024-07-06,47,19.878347396850586,22.95127474748211,17.76883232570497
20002_1320_1,2024-07-06,48,19.878347396850586,22.282680360365063,16.88818519794609
20002_1320_1,2024-07-06,49,19.878347396850586,18.227705257430678,15.915885887342332
20002_1320_1,2024-07-06,50,19.70903205871582,19.57483782791754,15.875692811849476
20002_1320_1,2024-07-06,51,19.70903205871582,19.20588754650123,15.673852823784124
20002_1320_1,2024-07-06,52,15.071613311767578,18.91495444099465,14.987769460736496
20002_1320_1,2024-07-06,53,15.071613311767578,19.54697462308031,14.488472911974046
20002_1320_1,2024-07-06,54,10.43419361114502,15.303908465331137,13.629135697815066
20002_1320_1,2024-07-06,55,10.43419361114502,14.845097287073132,13.313716192006162
20002_1320_1,2024-07-06,56,5.796774387359619,10.993289205509615,13.039604511168807
20002_1320_1,2024-07-06,57,5.796774387359619,10.605913613846027,12.915629271479588
20002_1320_1,2024-07-06,58,3.47806453704834,7.300570359915412,12.886708926316036
20002_1320_1,2024-07-06,59,0.0,7.618617089888122,13.056182525083262
20002_1320_1,2024-07-08,1,35.0,35.0,35.0
20002_1320_1,2024-07-08,2,40.0,40.0,40.0
20002_1320_1,2024-07-08,3,43.79999923706055,36.221273150573374,34.71536257467414
20002_1320_1,2024-07-08,4,47.79999923706055,35.02969616748759,38.66822406626173
20002_1320_1,2024-07-08,5,58.15172576904297,37.5960653732771,43.97612012677509
20002_1320_1,2024-07-08,6,57.6606559753418,44.11511658892468,50.55191004202152
20002_1320_1,2024-07-08,7,58.6606559753418,48.00447066514726,53.843500689418725
20002_1320_1,2024-07-08,8,58.19413757324219,59.75677028435807,56.07812665312781
20002_1320_1,2024-07-08,9,58.19413757324219,60.558804228632745,56.221864839899304
20002_1320_1,2024-07-08,10,56.70198059082031,60.47051949627219,56.11573989234104
20002_1320_1,2024-07-08,11,56.70198059082031,61.304849580556365,56.103094023847845
20002_1320_1,2024-07-08,12,56.70198059082031,59.82094340413333,55.91739504223372
20002_1320_1,2024-07-08,13,60.70198059082031,59.800009798709425,55.987132377207445
20002_1320_1,2024-07-08,14,63.70198059082031,59.06487504027784,56.40082988034574
20002_1320_1,2024-07-08,15,62.254207611083984,59.1682761629648,56.990040267458085
20002_1320_1,2024-07-08,16,64.25421142578125,63.1794065647945,57.64299948130929
20002_1320_1,2024-07-08,17,64.25421142578125,64.23613744474804,57.98511994469358
20002_1320_1,2024-07-08,18,60.87324142456055,65.04768454318537,57.97165572896037
20002_1320_1,2024-07-08,19,58.525150299072266,66.82189835084367,57.771608063402546
20002_1320_1,2024-07-08,20,58.525150299072266,62.228994350471226,57.35945236079536
20002_1320_1,2024-07-08,21,59.525150299072266,59.07075035713538,57.293810370134736
20002_1320_1,2024-07-08,22,35.22696304321289,64.97053799293823,55.238815272161474
20002_1320_1,2024-07-08,23,37.22696304321289,62.51805612287132,50.618422385397096
20002_1320_1,2024-07-08,24,40.931541442871094,35.67613407779102,39.062956988693195
20002_1320_1,2024-07-08,25,39.8383903503418,35.74174601627335,39.96333854275633
20002_1320_1,2024-07-08,26,45.88739776611328,33.434599986606145,40.44092624151768
20002_1320_1,2024-07-08,27,70.58545684814453,37.12585027627597,44.38825480926414
20002_1320_1,2024-07-08,28,64.92644500732422,33.09055412866512,51.128097441674214
20002_1320_1,2024-07-08,29,64.92644500732422,41.30878058987118,56.743062550411075
20002_1320_1,2024-07-08,30,64.6014175415039,65.76722996323716,59.42580313659871
20002_1320_1,2024-07-08,31,67.6014175415039,66.37921596118193,59.54199496839385
20002_1320_1,2024-07-08,32,60.648311614990234,66.09446743899849,59.32818011543031
20002_1320_1,2024-07-08,33,48.46389389038086,68.25414163676672,58.285002570599794
20002_1320_1,2024-07-08,34,48.46389389038086,62.75533989135991,56.270715290501705
20002_1320_1,2024-07-08,35,47.11767578125,50.28963993825805,53.21517501888974
20002_1320_1,2024-07-08,36,41.7327995300293,52.389536433200064,51.923428055678414
20002_1320_1,2024-07-08,37,40.04035949707031,50.824769684814264,48.74901597799292
20002_1320_1,2024-07-08,38,37.371002197265625,44.602857972790105,44.17573276321411
20002_1320_1,2024-07-08,39,32.03228759765625,42.35393394885108,39.73997264773588
20002_1320_1,2024-07-08,40,26.024215698242188,41.45641218301961,32.83568332727286
20002_1320_1,2024-07-08,41,26.024215698242188,33.733226960139156,25.745662820611365
20002_1320_1,2024-07-08,42,23.421794891357422,25.291433702054412,21.00445717674492
20002_1320_1,2024-07-08,43,23.12058448791504,27.50712575862718,20.467665229555543
20002_1320_1,2024-07-08,44,23.12058448791504,24.251974126080903,18.83648666964041
20002_1320_1,2024-07-08,45,22.760549545288086,23.15673907812255,18.029990163459647
20002_1320_1,2024-07-08,46,21.421693801879883,24.160752915916728,17.70610441886736
20002_1320_1,2024-07-08,47,21.421693801879883,22.531491647026925,16.857634164295007
20002_1320_1,2024-07-08,48,21.421693801879883,22.089651047316384,16.526229592464084
20002_1320_1,2024-07-08,49,21.421693801879883,22.04677675859904,16.338740749306925
20002_1320_1,2024-07-08,50,21.421693801879883,22.008563767691466,16.179603571972002
20002_1320_1,2024-07-08,51,16.06627082824707,23.118982917426862,15.088444902115283
20002_1320_1,2024-07-08,52,14.72741413116455,22.781100034664938,13.827800484225234
20002_1320_1,2024-07-08,53,14.72741413116455,16.5642998972422,12.660441759206265
20002_1320_1,2024-07-08,54,8.033135414123535,16.43635373755806,12.117454441200849
20002_1320_1,2024-07-08,55,8.033135414123535,15.779938758232412,11.662402294542144
20002_1320_1,2024-07-08,56,8.033135414123535,9.252244590103349,11.277716639908743
20002_1320_1,2024-07-08,57,8.033135414123535,9.279047667396252,11.44956288776482
20002_1320_1,2024-07-08,58,4.016567707061768,9.9865251496661,11.584508121268058
20002_1320_1,2024-07-08,59,0.0,10.385001245747198,11.597171960075812
20002_1320_1,2024-07-09,1,35.0,35.0,35.0
20002_1320_1,2024-07-09,2,39.0,39.0,39.0
20002_1320_1,2024-07-09,3,51.0,36.016100640865545,38.18760055303393
20002_1320_1,2024-07-09,4,61.0,34.06406106050976,44.62045282107141
20002_1320_1,2024-07-09,5,67.0,38.27084884154999,52.886945809247294
20002_1320_1,2024-07-09,6,80.0,52.36592255387424,57.971021654886314
20002_1320_1,2024-07-09,7,82.68852233886719,61.43916479234582,59.94949520454593
20002_1320_1,2024-07-09,8,80.52049255371094,68.03041032470281,60.664641375901866
20002_1320_1,2024-07-09,9,82.52049255371094,75.30733365179368,61.13790086704924
20002_1320_1,2024-07-09,10,85.52049255371094,74.67306851231518,61.12836658011193
20002_1320_1,2024-07-09,11,85.52049255371094,76.05859643787608,61.24618448576298
20002_1320_1,2024-07-09,12,86.52049255371094,77.04346592448624,61.30086710685377
20002_1320_1,2024-07-09,13,93.70341491699219,78.01723917682591,61.31258222218223
20002_1320_1,2024-07-09,14,94.43714904785156,77.51140076067034,61.386014528771675
20002_1320_1,2024-07-09,15,94.43714904785156,76.73375170890668,61.42085407794787
20002_1320_1,2024-07-09,16,94.43714904785156,79.13545185698692,61.59922287873609
20002_1320_1,2024-07-09,17,94.43714904785156,79.42705064156365,61.64139967130912
20002_1320_1,2024-07-09,18,92.55616760253906,79.50802368581553,61.630486993961966
20002_1320_1,2024-07-09,19,80.98664855957031,79.65436039277887,61.52276528472015
20002_1320_1,2024-07-09,20,81.98664855957031,78.91967390404685,61.450149769380815
20002_1320_1,2024-07-09,21,76.17839813232422,76.8574293234916,61.217284884361106
20002_1320_1,2024-07-09,22,37.084503173828125,78.3708784711626,59.70604712602047
20002_1320_1,2024-07-09,23,39.084503173828125,74.2962327183682,56.807855089446065
20002_1320_1,2024-07-09,24,39.17605209350586,37.904352670327896,44.912689795780615
20002_1320_1,2024-07-09,25,39.17605209350586,37.99821720338298,46.02484603073341
20002_1320_1,2024-07-09,26,58.17605209350586,36.173604447471,46.702275941834344
20002_1320_1,2024-07-09,27,69.9113540649414,37.23909682432472,52.701161556316336
20002_1320_1,2024-07-09,28,66.82689666748047,37.78742138931204,57.098991231361296
20002_1320_1,2024-07-09,29,62.97149658203125,59.36561138397802,60.10847486310416
20002_1320_1,2024-07-09,30,73.97149658203125,66.57218913566132,60.590153711123925
20002_1320_1,2024-07-09,31,73.71774291992188,63.467335077610706,60.867923610761466
20002_1320_1,2024-07-09,32,67.36276245117188,65.24239720782091,61.06486367059315
20002_1320_1,2024-07-09,33,64.2787857055664,72.84150732567147,61.21674180600109
20002_1320_1,2024-07-09,34,63.01841354370117,68.66299899471578,60.89315744014273
20002_1320_1,2024-07-09,35,60.497676849365234,64.89458698718326,60.5428658872586
20002_1320_1,2024-07-09,36,57.71657180786133,65.9164412492393,60.283613141349136
20002_1320_1,2024-07-09,37,56.46186447143555,63.39153422924082,59.76792320495511
20002_1320_1,2024-07-09,38,52.69773864746094,60.398211164817596,58.968249445562805
20002_1320_1,2024-07-09,39,50.424198150634766,60.866092258146935,57.74266562295007
20002_1320_1,2024-07-09,40,51.25248718261719,56.589183795593264,55.4787979017198
20002_1320_1,2024-07-09,41,52.25248718261719,48.29583961911722,54.20516702268848
20002_1320_1,2024-07-09,42,49.70358657836914,47.96806803912819,55.00520954774451
20002_1320_1,2024-07-09,43,53.429134368896484,54.816015866814354,56.244396654566515
20002_1320_1,2024-07-09,44,54.429134368896484,51.97898189289711,56.299079194223495
20002_1320_1,2024-07-09,45,50.24540710449219,51.92378127481487,56.36670793225457
20002_1320_1,2024-07-09,46,46.380374908447266,57.42559146494011,56.483823122185726
20002_1320_1,2024-07-09,47,45.09203338623047,52.79279175536398,54.46223952423085
20002_1320_1,2024-07-09,48,47.09203338623047,49.36051416502056,53.11784294677616
20002_1320_1,2024-07-09,49,47.09203338623047,47.428349157255695,53.039321757753484
20002_1320_1,2024-07-09,50,53.09203338623047,47.64035648815428,53.61228037800986
20002_1320_1,2024-07-09,51,44.56269454956055,50.64373356735736,53.669197201280866
20002_1320_1,2024-07-09,52,41.86192321777344,50.55953261835416,52.24037515371383
20002_1320_1,2024-07-09,53,41.86192321777344,46.25023174454263,49.886409523190835
20002_1320_1,2024-07-09,54,29.70846176147461,46.764882724622815,44.827838658831396
20002_1320_1,2024-07-09,55,29.70846176147461,45.34716843537056,37.60619251819266
20002_1320_1,2024-07-09,56,28.358078002929688,31.18698131040851,26.46241003524704
20002_1320_1,2024-07-09,57,28.358078002929688,31.053365555754894,25.58751951319504
20002_1320_1,2024-07-09,58,21.60615348815918,30.918009407421334,21.97465432564428
20002_1320_1,2024-07-09,59,0.0,34.81105449427641,14.921964721455465
20002_1320_1,2024-07-10,1,40.0,40.0,40.0
20002_1320_1,2024-07-10,2,42.0,42.0,42.0
20002_1320_1,2024-07-10,3,49.0,41.83415288086333,46.434072352451416
20002_1320_1,2024-07-10,4,52.0,40.66852102709202,49.013611208591215
20002_1320_1,2024-07-10,5,54.0,43.34433383011384,52.70457660142137
20002_1320_1,2024-07-10,6,69.0,51.51045319572431,55.826202806018316
20002_1320_1,2024-07-10,7,74.0,52.236207034412516,58.03009730721279
20002_1320_1,2024-07-10,8,73.44827270507812,55.71277083989982,59.6868399292549
20002_1320_1,2024-07-10,9,75.44827270507812,69.51041676955779,61.03869038007814
20002_1320_1,2024-07-10,10,76.44827270507812,71.18309187717563,61.242666978262825
20002_1320_1,2024-07-10,11,77.44827270507812,72.53695706186649,61.37772648320811
20002_1320_1,2024-07-10,12,76.157470703125,73.84898166589892,61.451468868298164
20002_1320_1,2024-07-10,13,77.99425506591797,74.88181084117787,61.34820891845784
20002_1320_1,2024-07-10,14,77.99425506591797,73.71655612106548,61.40256824890266
20002_1320_1,2024-07-10,15,77.99425506591797,70.81988500237802,61.3643759115596
20002_1320_1,2024-07-10,16,77.71566009521484,75.21742234451426,61.574196979093756
20002_1320_1,2024-07-10,17,77.71566009521484,75.02734496443358,61.59086856795949
20002_1320_1,2024-07-10,18,76.44163513183594,74.47620809658491,61.5640094531042
20002_1320_1,2024-07-10,19,73.07149505615234,75.49230081963782,61.44678914603368
20002_1320_1,2024-07-10,20,73.07149505615234,74.13496416576425,61.40914937726931
20002_1320_1,2024-07-10,21,77.50758361816406,70.49303569252895,61.24235164635891
20002_1320_1,2024-07-10,22,42.93033218383789,75.17868905918098,60.22667076376044
20002_1320_1,2024-07-10,23,43.66767501831055,71.92204350377625,58.49733608903324
20002_1320_1,2024-07-10,24,42.18178939819336,45.13201360079151,51.543711541514185
20002_1320_1,2024-07-10,25,42.62531661987305,43.40999096328384,50.377332375295836
20002_1320_1,2024-07-10,26,50.041961669921875,37.12529002662218,48.80988222969071
20002_1320_1,2024-07-10,27,67.53986358642578,39.731082919107784,52.444577279915464
20002_1320_1,2024-07-10,28,61.509521484375,38.23080002336282,56.220070111614156
20002_1320_1,2024-07-10,29,62.509521484375,48.89517457406474,59.3133510738905
20002_1320_1,2024-07-10,30,64.10530853271484,63.90110671943171,60.577368695491465
20002_1320_1,2024-07-10,31,63.91817092895508,63.3418800055959,60.65809060049522
20002_1320_1,2024-07-10,32,61.50616455078125,62.55740547451313,60.65369957487234
20002_1320_1,2024-07-10,33,61.30016326904297,65.21677576916596,60.74470241829482
20002_1320_1,2024-07-10,34,61.30016326904297,63.71498525422559,60.647788089802944
20002_1320_1,2024-07-10,35,61.30016326904297,62.727150005300295,60.61738162754382
20002_1320_1,2024-07-10,36,60.8481559753418,64.08218925982176,60.578085162123735
20002_1320_1,2024-07-10,37,49.89548873901367,65.27062521580075,59.8150603653786
20002_1320_1,2024-07-10,38,49.89548873901367,62.21082180338567,58.51945817245496
20002_1320_1,2024-07-10,39,43.810672760009766,54.10106745677091,55.64765251046588
20002_1320_1,2024-07-10,40,35.85800552368164,55.54291382507594,51.53656823057336
20002_1320_1,2024-07-10,41,37.62152099609375,47.08849219140879,44.969518516219594
20002_1320_1,2024-07-10,42,34.98072814941406,34.40706366736189,38.719447201834726
20002_1320_1,2024-07-10,43,36.48210525512695,36.73929792545349,39.03747662103837
20002_1320_1,2024-07-10,44,35.17917251586914,35.21608798952375,38.79495034847793
20002_1320_1,2024-07-10,45,36.87623977661133,34.00866582850404,38.58823712969072
20002_1320_1,2024-07-10,46,31.608205795288086,37.5123229739335,38.94662328813295
20002_1320_1,2024-07-10,47,28.97418975830078,36.21367471735082,35.86433881446739
20002_1320_1,2024-07-10,48,28.97418975830078,33.17694811655711,32.62565974636347
20002_1320_1,2024-07-10,49,27.657180786132812,30.331429855365737,29.829590727862783
20002_1320_1,2024-07-10,50,29.340171813964844,30.422311899339114,28.308774519084245
20002_1320_1,2024-07-10,51,25.513193130493164,28.89553945267618,25.9181378325956
20002_1320_1,2024-07-10,52,22.96187400817871,27.800561834825615,23.228227872087835
20002_1320_1,2024-07-10,53,22.96187400817871,26.572638634585008,21.10764446571135
20002_1320_1,2024-07-10,54,16.583576202392578,25.005712195581342,17.530806276052637
20002_1320_1,2024-07-10,55,16.583576202392578,24.340358858134625,15.342793988666026
20002_1320_1,2024-07-10,56,15.307915687561035,17.382783718868296,12.950586867654447
20002_1320_1,2024-07-10,57,15.307915687561035,17.277466174295228,12.700894261208475
20002_1320_1,2024-07-10,58,8.378297805786133,17.701584527850933,11.676607254471058
20002_1320_1,2024-07-10,59,0.0,18.13882047414126,10.6853001705557
20002_1320_1,2024-07-11,1,7.0,7.0,7.0
20002_1320_1,2024-07-11,2,8.0,8.0,8.0
20002_1320_1,2024-07-11,3,12.0,8.377393667324576,10.780404119040035
20002_1320_1,2024-07-11,4,13.0,8.026887200536049,11.074807237585265
20002_1320_1,2024-07-11,5,17.0,8.898687116132187,11.692093411527118
20002_1320_1,2024-07-11,6,24.0,12.082302271446885,12.756575106260883
20002_1320_1,2024-07-11,7,25.0,12.273168689576789,14.682225719991365
20002_1320_1,2024-07-11,8,26.0,16.925966955088487,17.647795862164987
20002_1320_1,2024-07-11,9,30.0,24.74063749543512,21.05567385668551
20002_1320_1,2024-07-11,10,28.846153259277344,25.415223883973,23.0366641636718
20002_1320_1,2024-07-11,11,28.846153259277344,26.847649904928055,24.994892992498116
20002_1320_1,2024-07-11,12,29.846153259277344,30.078747054206705,26.897799777058268
20002_1320_1,2024-07-11,13,32.846153259277344,29.839090140206068,27.562245085681802
20002_1320_1,2024-07-11,14,32.846153259277344,29.285108485289122,29.621322334179908
20002_1320_1,2024-07-11,15,32.846153259277344,30.717875399941953,32.33925515640251
20002_1320_1,2024-07-11,16,32.846153259277344,34.16741795261038,34.98309044447847
20002_1320_1,2024-07-11,17,32.846153259277344,34.079199329836186,35.4560990778669
20002_1320_1,2024-07-11,18,31.580902099609375,34.46533747511188,34.95940626404219
20002_1320_1,2024-07-11,19,35.41123962402344,34.14180215027656,33.96102202747654
20002_1320_1,2024-07-11,20,35.41123962402344,30.304820436538424,34.624591108391876
20002_1320_1,2024-07-11,21,40.26893997192383,30.844598567943343,37.43754558926455
20002_1320_1,2024-07-11,22,22.371633529663086,39.15479899585411,36.067723510887
20002_1320_1,2024-07-11,23,28.371633529663086,36.32434814132102,27.830437037347316
20002_1320_1,2024-07-11,24,27.967037200927734,21.838568453005593,20.62522733057837
20002_1320_1,2024-07-11,25,31.848356246948242,21.70169847137062,22.4571865564446
20002_1320_1,2024-07-11,26,31.651918411254883,24.33805871507671,26.421119689231976
20002_1320_1,2024-07-11,27,36.37758255004883,27.024285111368133,29.099205455543785
20002_1320_1,2024-07-11,28,33.16779327392578,29.139264404883868,32.81507939990199
20002_1320_1,2024-07-11,29,33.16779327392578,28.229004569303395,34.62259190190361
20002_1320_1,2024-07-11,30,33.09786605834961,34.133598173772796,38.017214696204405
20002_1320_1,2024-07-11,31,33.09786605834961,33.83297546977919,37.60003439574076
20002_1320_1,2024-07-11,32,29.894845962524414,33.401449531714384,35.858748802491185
20002_1320_1,2024-07-11,33,28.75950050354004,34.730421646168054,33.89092669655516
20002_1320_1,2024-07-11,34,27.694334030151367,30.75360000119941,30.21850722468474
20002_1320_1,2024-07-11,35,25.564001083374023,28.766843897487163,27.898466861807638
20002_1320_1,2024-07-11,36,25.433666229248047,28.95752409093441,26.222825755395334
20002_1320_1,2024-07-11,37,23.222043991088867,26.3898064989534,23.93047910874861
20002_1320_1,2024-07-11,38,23.222043991088867,24.049108089848872,22.683028826700138
20002_1320_1,2024-07-11,39,20.69298553466797,24.959393090444006,21.224884118567857
20002_1320_1,2024-07-11,40,18.39376449584961,24.26831063162576,19.524655870299974
20002_1320_1,2024-07-11,41,21.39376449584961,18.053215340748007,17.117284023283005
20002_1320_1,2024-07-11,42,17.82813835144043,18.954973543880673,17.37959398095056
20002_1320_1,2024-07-11,43,20.82813835144043,18.889858953219935,17.225896793474483
20002_1320_1,2024-07-11,44,19.60295295715332,17.88827003063105,17.311776544514963
20002_1320_1,2024-07-11,45,18.37776756286621,18.29141777912327,17.53264190214901
20002_1320_1,2024-07-11,46,15.927399635314941,20.628717630750913,17.35921723049993
20002_1320_1,2024-07-11,47,13.477029800415039,19.431325429285845,15.543596685900305
20002_1320_1,2024-07-11,48,14.477029800415039,16.427031130918934,13.91952210504829
20002_1320_1,2024-07-11,49,14.477029800415039,13.631845997617539,13.143405444442006
20002_1320_1,2024-07-11,50,14.477029800415039,13.687548450935672,13.187426206568546
20002_1320_1,2024-07-11,51,8.444933891296387,15.844191397591956,12.743559924481222
20002_1320_1,2024-07-11,52,8.444933891296387,15.22702189034613,11.73344182754282
20002_1320_1,2024-07-11,53,8.444933891296387,9.302109902940057,10.675935386612778
20002_1320_1,2024-07-11,54,6.032095909118652,9.702712438436134,10.619587869772829
20002_1320_1,2024-07-11,55,6.032095909118652,9.50648130840499,10.426726792792266
20002_1320_1,2024-07-11,56,2.4128384590148926,8.175364223541276,10.249795624233514
20002_1320_1,2024-07-11,57,2.4128384590148926,7.983880759177222,10.091224547023746
20002_1320_1,2024-07-11,58,0.0,6.086681830969951,10.000169980629117
20002_1320_1,2024-07-11,59,0.0,6.000586774960471,9.985162314517709
20002_1320_1,2024-07-12,1,37.0,37.0,37.0
20002_1320_1,2024-07-12,2,39.0,39.0,39.0
20002_1320_1,2024-07-12,3,43.5625,38.32171613041801,36.8275148103819
20002_1320_1,2024-07-12,4,47.5625,36.8398408206189,39.018264909285364
20002_1320_1,2024-07-12,5,56.5625,36.38803908431768,43.23623064308323
20002_1320_1,2024-07-12,6,66.33287811279297,43.73744302327014,49.907051415800865
20002_1320_1,2024-07-12,7,66.33287811279297,47.22332336604666,54.53374552233525
20002_1320_1,2024-07-12,8,68.33287811279297,57.28174059269854,57.36021792147419
20002_1320_1,2024-07-12,9,69.33287811279297,67.3775093452818,58.68731638216164
20002_1320_1,2024-07-12,10,69.33287811279297,67.41752934747566,58.82261682324062
20002_1320_1,2024-07-12,11,72.33287811279297,69.09053931928156,59.0013129787544
20002_1320_1,2024-07-12,12,73.33287811279297,69.45134914190913,59.19953760422597
20002_1320_1,2024-07-12,13,77.8470230102539,69.8629654680651,59.24285846539563
20002_1320_1,2024-07-12,14,77.8470230102539,71.0214503932813,59.64604926677251
20002_1320_1,2024-07-12,15,77.8470230102539,70.45207030563633,59.78004777778156
20002_1320_1,2024-07-12,16,78.8470230102539,74.85567421475167,60.05233221083171
20002_1320_1,2024-07-12,17,78.8470230102539,74.73345956510406,60.07870382059795
20002_1320_1,2024-07-12,18,78.61503601074219,74.87784125519548,60.051972906862964
20002_1320_1,2024-07-12,19,77.15831756591797,75.4458613911685,60.005362573636354
20002_1320_1,2024-07-12,20,76.93357849121094,74.69857628381874,59.936259551969115
20002_1320_1,2024-07-12,21,75.49124145507812,73.97223618358075,59.84574335681782
20002_1320_1,2024-07-12,22,49.50245666503906,76.03842011604083,58.60278024201976
20002_1320_1,2024-07-12,23,53.50245666503906,73.83566694892608,57.2990397008604
20002_1320_1,2024-07-12,24,56.2812385559082,52.04048630196805,53.83381494728032
20002_1320_1,2024-07-12,25,54.164764404296875,50.98177457729585,54.03041986583028
20002_1320_1,2024-07-12,26,68.16476440429688,48.23567564981256,54.57669642843713
20002_1320_1,2024-07-12,27,70.3778305053711,51.04699472007943,56.6583658472251
20002_1320_1,2024-07-12,28,71.09823608398438,54.70113407499026,58.18956334870726
20002_1320_1,2024-07-12,29,68.55901336669922,65.4901706331216,59.225724701680065
20002_1320_1,2024-07-12,30,69.75017547607422,69.82348130662861,59.32686029141796
20002_1320_1,2024-07-12,31,71.48199462890625,68.63531522134599,59.38018417389165
20002_1320_1,2024-07-12,32,63.82320785522461,66.52478010245207,59.13141505163116
20002_1320_1,2024-07-12,33,59.99381637573242,69.6710291313828,58.970045576346834
20002_1320_1,2024-07-12,34,58.440887451171875,65.98126773288408,58.21287200763237
20002_1320_1,2024-07-12,35,57.170433044433594,62.33129965450595,57.54693052096701
20002_1320_1,2024-07-12,36,54.35906982421875,60.49184604637884,56.75830097380458
20002_1320_1,2024-07-12,37,51.83074188232422,60.12865510424521,55.97939915112422
20002_1320_1,2024-07-12,38,50.56657791137695,56.25882008124245,54.700349641043765
20002_1320_1,2024-07-12,39,47.24575424194336,55.68606971869835,52.90289179171049
20002_1320_1,2024-07-12,40,39.03045654296875,55.00556397172754,49.184733656900235
20002_1320_1,2024-07-12,41,40.42842483520508,47.094502643085974,43.87035271902656
20002_1320_1,2024-07-12,42,40.080810546875,37.805563632186875,40.71021601740623
20002_1320_1,2024-07-12,43,39.40876007080078,37.75267408724662,40.95188182643024
20002_1320_1,2024-07-12,44,39.40876007080078,40.31488493544917,42.31471213923839
20002_1320_1,2024-07-12,45,38.049835205078125,38.80524419200495,41.820875310394676
20002_1320_1,2024-07-12,46,34.97306823730469,41.89807951737659,41.08353795019213
20002_1320_1,2024-07-12,47,32.282833099365234,40.09592423029324,37.994109713696716
20002_1320_1,2024-07-12,48,33.282833099365234,34.93486184661101,34.583002113242806
20002_1320_1,2024-07-12,49,34.282833099365234,32.66350967536512,33.64445892107781
20002_1320_1,2024-07-12,50,41.8543815612793,32.841578544726524,33.73610461154203
20002_1320_1,2024-07-12,51,34.48350524902344,33.828528867060136,34.156485079458946
20002_1320_1,2024-07-12,52,31.724822998046875,33.74565683029523,33.23226136744869
20002_1320_1,2024-07-12,53,31.724822998046875,34.28105250499834,32.44416306560879
20002_1320_1,2024-07-12,54,25.448781967163086,33.937016292266556,27.828860291623172
20002_1320_1,2024-07-12,55,23.95179557800293,32.86766679237434,23.780419406174428
20002_1320_1,2024-07-12,56,19.460834503173828,24.273522028134362,18.298309628635707
20002_1320_1,2024-07-12,57,19.460834503173828,24.375172399506443,17.12503928417764
20002_1320_1,2024-07-12,58,6.987948894500732,22.033092989907644,14.396216140841732
20002_1320_1,2024-07-12,59,0.0,21.912570255470946,12.995318933675634
20002_1320_1,2024-08-27,1,29.0,29.0,29.0
20002_1320_1,2024-08-27,2,31.0,31.0,31.0
20002_1320_1,2024-08-27,3,37.0,29.939755413748564,26.758036037497615
20002_1320_1,2024-08-27,4,38.0,29.012647290445233,30.69943812760012
20002_1320_1,2024-08-27,5,38.0,31.879507428295287,36.12631735841998
20002_1320_1,2024-08-27,6,51.0,39.156967592507776,40.970622576229076
20002_1320_1,2024-08-27,7,53.0,37.68916744286036,45.95418467073852
20002_1320_1,2024-08-27,8,52.738094329833984,39.1682553010249,50.95167623393378
20002_1320_1,2024-08-27,9,52.738094329833984,54.16963646017893,55.45754617943732
20002_1320_1,2024-08-27,10,52.738094329833984,55.10363027586503,55.82343219148164
20002_1320_1,2024-08-27,11,53.738094329833984,56.18272446041774,56.09693758075999
20002_1320_1,2024-08-27,12,53.738094329833984,55.98753314195784,56.28506907874841
20002_1320_1,2024-08-27,13,38.24197006225586,59.247613351896554,54.27596794352577
20002_1320_1,2024-08-27,14,38.24197006225586,58.06380003221096,50.810264475666635
20002_1320_1,2024-08-27,15,38.24197006225586,38.252026388868615,43.514645370168644
20002_1320_1,2024-08-27,16,41.24197006225586,40.56099188606791,45.15168883595372
20002_1320_1,2024-08-27,17,41.24197006225586,39.84731212090945,46.51900280004358
20002_1320_1,2024-08-27,18,41.24197006225586,40.12148036480272,48.17269531901239
20002_1320_1,2024-08-27,19,39.66434860229492,44.1553876280706,49.376008040122684
20002_1320_1,2024-08-27,20,41.66434860229492,43.55791134910369,49.02992657381239
20002_1320_1,2024-08-27,21,44.13923645019531,40.63354932138495,48.28482888215564
20002_1320_1,2024-08-27,22,47.13923645019531,40.650676609481565,50.11762099990467
20002_1320_1,2024-08-27,23,47.13923645019531,39.946134863544714,52.30922338955517
20002_1320_1,2024-08-27,24,50.22100067138672,48.073312264214195,53.474818868455756
20002_1320_1,2024-08-27,25,68.22100067138672,48.038322085755425,54.288241166688024
20002_1320_1,2024-08-27,26,64.16759490966797,36.160275860793185,55.66977498418815
20002_1320_1,2024-08-27,27,83.60089111328125,52.22777164677049,59.22911668269097
20002_1320_1,2024-08-27,28,79.11886596679688,62.5910284005068,60.79128721348356
20002_1320_1,2024-08-27,29,72.1786117553711,63.6912475210094,61.06095983712791
20002_1320_1,2024-08-27,30,72.1786117553711,75.19478942287972,61.54910746459997
20002_1320_1,2024-08-27,31,72.1786117553711,71.6721306178774,61.473204060488555
20002_1320_1,2024-08-27,32,68.01446533203125,72.16757534692877,61.4307758458122
20002_1320_1,2024-08-27,33,68.23836517333984,72.21868188233542,61.314838539894055
20002_1320_1,2024-08-27,34,65.453125,69.07825881889157,61.12939712518357
20002_1320_1,2024-08-27,35,65.453125,66.91740470804581,61.04585369835951
20002_1320_1,2024-08-27,36,60.49002456665039,68.09990848562106,60.80555310073295
20002_1320_1,2024-08-27,37,52.049556732177734,68.43295072885917,60.06757965517
20002_1320_1,2024-08-27,38,47.829322814941406,62.49449783579713,58.21515472197045
20002_1320_1,2024-08-27,39,38.98210906982422,57.376120318200954,54.304305976578846
20002_1320_1,2024-08-27,40,31.763198852539062,52.9418083222305,47.69447612796766
20002_1320_1,2024-08-27,41,27.431854248046875,41.685125959369444,37.19873305351265
20002_1320_1,2024-08-27,42,25.988073348999023,34.08797392512833,29.404441301362098
20002_1320_1,2024-08-27,43,24.100509643554688,29.476140386015455,24.17517732376081
20002_1320_1,2024-08-27,44,21.265155792236328,27.87307247570875,21.088292439919794
20002_1320_1,2024-08-27,45,19.847476959228516,24.721006070640694,18.09197039325656
20002_1320_1,2024-08-27,46,20.847476959228516,22.473213753620175,16.519382804029817
20002_1320_1,2024-08-27,47,18.067813873291016,21.16286417228983,15.352775927272777
20002_1320_1,2024-08-27,48,18.067813873291016,20.923174051785665,14.70180486649732
20002_1320_1,2024-08-27,49,19.067813873291016,18.874748252535614,13.935170953399009
20002_1320_1,2024-08-27,50,24.601058959960938,18.92943715225888,13.726607911342487
20002_1320_1,2024-08-27,51,18.450794219970703,18.677423728219498,13.651347564151681
20002_1320_1,2024-08-27,52,18.450794219970703,18.22916211274668,13.61364470476802
20002_1320_1,2024-08-27,53,18.450794219970703,19.15690957485471,13.800330767320114
20002_1320_1,2024-08-27,54,13.838095664978027,20.094770744936007,13.119975635378264
20002_1320_1,2024-08-27,55,14.838095664978027,19.60837155453482,12.389428323540589
20002_1320_1,2024-08-27,56,14.838095664978027,14.47667182548524,11.752608665382784
20002_1320_1,2024-08-27,57,14.838095664978027,14.599256763392164,11.99774229138636
20002_1320_1,2024-08-27,58,15.540740966796875,16.301879578323963,11.985130885899949
20002_1320_1,2024-08-27,59,0.0,18.307875672714232,11.31958473058021
20002_1320_1,2024-08-28,1,37.0,37.0,37.0
20002_1320_1,2024-08-28,2,43.0,43.0,43.0
20002_1320_1,2024-08-28,3,50.0,37.672287310703396,43.37874029837798
20002_1320_1,2024-08-28,4,60.0,36.99689003643272,48.045626166524684
20002_1320_1,2024-08-28,5,66.0,43.00083834798758,54.48891323374208
20002_1320_1,2024-08-28,6,77.68000030517578,51.47682182944918,58.13032510857052
20002_1320_1,2024-08-28,7,82.68000030517578,60.31580766727464,60.331613547928484
20002_1320_1,2024-08-28,8,82.68000030517578,65.17998662555826,61.238873591990384
20002_1320_1,2024-08-28,9,83.302001953125,74.95580484533812,61.81504556490197
20002_1320_1,2024-08-28,10,85.302001953125,77.06584750667915,61.928476437088094
20002_1320_1,2024-08-28,11,86.302001953125,76.44261486308983,61.919031125060656
20002_1320_1,2024-08-28,12,84.9100341796875,77.3347973528968,61.953773300824714
20002_1320_1,2024-08-28,13,84.734130859375,78.01836325387193,61.90236870323733
20002_1320_1,2024-08-28,14,84.734130859375,77.63350457105099,61.907926235505705
20002_1320_1,2024-08-28,15,84.734130859375,76.25928728953595,61.85878862946986
20002_1320_1,2024-08-28,16,85.734130859375,77.66818076438571,61.93902186862294
20002_1320_1,2024-08-28,17,85.734130859375,77.6066503318626,61.95983245149374
20002_1320_1,2024-08-28,18,85.734130859375,77.61567739395844,61.97675564702696
20002_1320_1,2024-08-28,19,81.29069519042969,78.07487966667814,61.912422895390584
20002_1320_1,2024-08-28,20,83.29069519042969,77.88261196361847,61.90081771265944
20002_1320_1,2024-08-28,21,82.82901000976562,76.29224880859303,61.77687672917346
20002_1320_1,2024-08-28,22,50.24054718017578,77.99144695866613,61.00377713338967
20002_1320_1,2024-08-28,23,60.882694244384766,75.87588825479662,60.05774705984307
20002_1320_1,2024-08-28,24,59.96420669555664,52.03200311649543,57.910936194232704
20002_1320_1,2024-08-28,25,61.601383209228516,50.13447029816817,58.61769440440228
20002_1320_1,2024-08-28,26,57.494625091552734,56.520113267399445,59.57563939438493
20002_1320_1,2024-08-28,27,67.75678253173828,61.6126587317563,59.82739380842818
20002_1320_1,2024-08-28,28,60.98110580444336,59.16027362007795,59.91036763463158
20002_1320_1,2024-08-28,29,54.20542907714844,58.22533668416766,59.697556437453926
20002_1320_1,2024-08-28,30,51.495155334472656,64.08839472668267,59.67820819599456
20002_1320_1,2024-08-28,31,52.495155334472656,57.16394240676411,58.65491187049277
20002_1320_1,2024-08-28,32,50.45706558227539,54.85507488894318,57.858978248690256
20002_1320_1,2024-08-28,33,50.45706558227539,54.173128014284735,57.53155036190131
20002_1320_1,2024-08-28,34,50.45706558227539,51.04266949730159,57.06006313863901
20002_1320_1,2024-08-28,35,50.45706558227539,53.34507061037904,57.376834652173116
20002_1320_1,2024-08-28,36,51.093360900878906,53.655629500072266,57.079797063858024
20002_1320_1,2024-08-28,37,49.748802185058594,53.417327159137315,56.796781152511926
20002_1320_1,2024-08-28,38,49.748802185058594,52.00484746119385,56.451581861470146
20002_1320_1,2024-08-28,39,47.0259895324707,54.07395981148625,55.434410746120285
20002_1320_1,2024-08-28,40,40.96438980102539,54.12751892725848,52.76046772121952
20002_1320_1,2024-08-28,41,39.23343276977539,46.134588231893915,48.12245305839525
20002_1320_1,2024-08-28,42,37.832237243652344,41.31201020797027,45.453098656233905
20002_1320_1,2024-08-28,43,37.832237243652344,40.386251775134774,44.83234413155317
20002_1320_1,2024-08-28,44,37.832237243652344,39.89293926971417,44.58899014847492
20002_1320_1,2024-08-28,45,30.82626724243164,41.352370594480604,42.298471173227504
20002_1320_1,2024-08-28,46,26.6226863861084,41.389529074540505,37.55172736261527
20002_1320_1,2024-08-28,47,18.21552276611328,34.29867318883181,27.271193300433346
20002_1320_1,2024-08-28,48,18.21552276611328,28.415374341923286,20.166741606461322
20002_1320_1,2024-08-28,49,19.21552276611328,18.858234415241327,15.41600830519126
20002_1320_1,2024-08-28,50,24.842985153198242,18.894289818268447,15.123672293075419
20002_1320_1,2024-08-28,51,28.462818145751953,17.702195906549726,15.997725952758113
20002_1320_1,2024-08-28,52,27.0396785736084,17.16895989104021,18.430926570064806
20002_1320_1,2024-08-28,53,27.0396785736084,23.92929040696042,23.043450996231936
20002_1320_1,2024-08-28,54,15.654550552368164,30.275203494347917,21.344100107824616
20002_1320_1,2024-08-28,55,16.654550552368164,29.022887051693566,16.68641943085597
20002_1320_1,2024-08-28,56,13.626450538635254,16.61597958372711,12.358362812166614
20002_1320_1,2024-08-28,57,13.626450538635254,16.437604954569125,12.03637069148197
20002_1320_1,2024-08-28,58,12.11240005493164,14.641972580378015,11.555739197077077
20002_1320_1,2024-08-28,59,0.0,16.88168125708914,10.960654608426996
20002_1320_1,2024-08-29,1,28.0,28.0,28.0
20002_1320_1,2024-08-29,2,32.0,32.0,32.0
20002_1320_1,2024-08-29,3,41.0,27.979408237281735,26.65710731264887
20002_1320_1,2024-08-29,4,47.0,26.689300731231555,32.21735340241659
20002_1320_1,2024-08-29,5,53.0,31.193223591653375,41.74527629030658
20002_1320_1,2024-08-29,6,59.0,41.45671456497698,50.52322648717174
20002_1320_1,2024-08-29,7,66.0,48.11543919689226,55.04068237600211
20002_1320_1,2024-08-29,8,71.0,54.29440463690511,57.881932032461016
20002_1320_1,2024-08-29,9,74.0,60.4671314405597,59.557938784753766
20002_1320_1,2024-08-29,10,79.0,66.8913206595924,60.50661075704029
20002_1320_1,2024-08-29,11,82.0,70.35374341871847,61.035044065457946
20002_1320_1,2024-08-29,12,82.0,72.39880578850793,61.340955472864025
20002_1320_1,2024-08-29,13,85.93103790283203,76.07916879685152,61.35559778447478
20002_1320_1,2024-08-29,14,82.9678955078125,76.46747238438651,61.506867832530645
20002_1320_1,2024-08-29,15,82.9678955078125,73.08428126995692,61.42445143243675
20002_1320_1,2024-08-29,16,85.9678955078125,77.15193150342077,61.62155603590192
20002_1320_1,2024-08-29,17,85.9678955078125,76.94013462764924,61.675664666805275
20002_1320_1,2024-08-29,18,84.95147705078125,77.22233813408224,61.634747677948994
20002_1320_1,2024-08-29,19,78.36652374267578,78.14974152817922,61.521694001303615
20002_1320_1,2024-08-29,20,79.36652374267578,77.13531646642332,61.4250584090361
20002_1320_1,2024-08-29,21,79.8690414428711,74.57149111507226,61.314736691894765
20002_1320_1,2024-08-29,22,31.581127166748047,78.09457251128032,59.070438259552205
20002_1320_1,2024-08-29,23,33.58112716674805,76.2380009926381,54.97614496814754
20002_1320_1,2024-08-29,24,35.475467681884766,30.665442979607775,32.06628712602692
20002_1320_1,2024-08-29,25,39.99732208251953,31.14589900819348,34.24297698435915
20002_1320_1,2024-08-29,26,42.56884765625,26.179856119580112,36.87232894146172
20002_1320_1,2024-08-29,27,69.56884765625,33.5123553500037,45.858011365724764
20002_1320_1,2024-08-29,28,58.524688720703125,36.56795049245901,52.717134571896324
20002_1320_1,2024-08-29,29,57.09725570678711,43.02531054526682,56.69068054888412
20002_1320_1,2024-08-29,30,58.66982650756836,59.18725190718159,58.88034322809109
20002_1320_1,2024-08-29,31,58.238853454589844,59.36915115493748,58.92255197449535
20002_1320_1,2024-08-29,32,59.81839370727539,58.173646707821646,58.83282560268535
20002_1320_1,2024-08-29,33,58.121402740478516,60.24601412570681,58.7543438417364
20002_1320_1,2024-08-29,34,64.35372161865234,59.36498392637048,58.493348590837314
20002_1320_1,2024-08-29,35,65.92363739013672,55.31488329406119,58.770685914276534
20002_1320_1,2024-08-29,36,65.06375885009766,58.03455720059107,59.37374816604631
20002_1320_1,2024-08-29,37,59.40604019165039,65.2005638642321,59.92555108318397
20002_1320_1,2024-08-29,38,53.748321533203125,63.46739913287746,59.152970411216145
20002_1320_1,2024-08-29,39,49.09060287475586,63.24840945594288,57.84279531544241
20002_1320_1,2024-08-29,40,56.75907897949219,57.66116428407566,55.12070259914569
20002_1320_1,2024-08-29,41,56.420310974121094,49.35732747695961,54.06839270191329
20002_1320_1,2024-08-29,42,57.65717697143555,46.25325294745802,55.14945193886997
20002_1320_1,2024-08-29,43,59.41561508178711,56.63391482287492,57.27335821345044
20002_1320_1,2024-08-29,44,54.845401763916016,57.426231711635126,57.36568365606613
20002_1320_1,2024-08-29,45,54.845401763916016,54.97792698380236,57.23238054180885
20002_1320_1,2024-08-29,46,49.36085891723633,57.618625955938185,57.02350170352926
20002_1320_1,2024-08-29,47,45.704498291015625,58.71044046319045,55.78942466390162
20002_1320_1,2024-08-29,48,47.704498291015625,52.35399678276219,53.36325367300379
20002_1320_1,2024-08-29,49,47.704498291015625,47.71281384882174,52.45242771542037
20002_1320_1,2024-08-29,50,47.869712829589844,48.301271616568755,52.625323187383664
20002_1320_1,2024-08-29,51,47.09675979614258,50.337256948731216,52.90256916752624
20002_1320_1,2024-08-29,52,41.851104736328125,49.493218285725334,50.836505901078205
20002_1320_1,2024-08-29,53,42.851104736328125,48.6054069340707,49.32749482483433
20002_1320_1,2024-08-29,54,35.70925521850586,42.71593140237159,44.97036611568606
20002_1320_1,2024-08-29,55,33.923789978027344,44.75422808779186,42.736616237182176
20002_1320_1,2024-08-29,56,30.35286521911621,37.93167142310264,36.155115521309284
20002_1320_1,2024-08-29,57,31.35286521911621,35.3813342811832,32.60605279624469
20002_1320_1,2024-08-29,58,26.12738800048828,32.0564780728154,27.968790459587492
20002_1320_1,2024-08-29,59,0.0,37.24415519997598,18.436288977662805
20002_1320_1,2024-08-30,1,27.0,27.0,27.0
20002_1320_1,2024-08-30,2,36.0,36.0,36.0
20002_1320_1,2024-08-30,3,47.0,25.479257536073263,25.36165012488089
20002_1320_1,2024-08-30,4,51.0,24.394301873269196,33.78961852411581
20002_1320_1,2024-08-30,5,62.0,35.41446690505691,45.35354879748033
20002_1320_1,2024-08-30,6,77.0,46.86885261644681,53.06100155633152
20002_1320_1,2024-08-30,7,84.0,49.87832657489392,57.04647862882822
20002_1320_1,2024-08-30,8,83.25,62.323407240377975,59.56542212802017
20002_1320_1,2024-08-30,9,84.47872161865234,74.35373427751556,60.48668361372181
20002_1320_1,2024-08-30,10,84.75466918945312,76.83369881346094,60.636134071566076
20002_1320_1,2024-08-30,11,84.75466918945312,76.41490321437871,60.6453683194416
20002_1320_1,2024-08-30,12,84.75466918945312,77.01910980959447,60.67076849899367
20002_1320_1,2024-08-30,13,93.83592224121094,77.92651810867349,60.463560516109396
20002_1320_1,2024-08-30,14,92.0654296875,77.00724697264974,60.72666121720861
20002_1320_1,2024-08-30,15,92.0654296875,74.30162230413787,60.73117731357475
20002_1320_1,2024-08-30,16,92.0654296875,79.06452168977711,61.003453635055735
20002_1320_1,2024-08-30,17,92.0654296875,79.05346252147797,60.976476146436326
20002_1320_1,2024-08-30,18,84.98347473144531,79.24570648650064,60.76779931349111
20002_1320_1,2024-08-30,19,87.44249725341797,79.21181377557866,60.57277289258127
20002_1320_1,2024-08-30,20,87.44249725341797,77.366659716362,60.57452793770602
20002_1320_1,2024-08-30,21,90.44249725341797,76.22432520138193,60.58313708574711
20002_1320_1,2024-08-30,22,50.835662841796875,79.33013274134001,59.224119380426245
20002_1320_1,2024-08-30,23,58.835662841796875,78.57701997967091,58.05479261486791
20002_1320_1,2024-08-30,24,65.02971649169922,52.22803019578511,54.36197933883366
20002_1320_1,2024-08-30,25,67.02971649169922,49.94227881344005,55.96773109243162
20002_1320_1,2024-08-30,26,71.11458587646484,49.73124290532367,57.32067338098937
20002_1320_1,2024-08-30,27,78.29113006591797,65.57665504372014,59.04623231648323
20002_1320_1,2024-08-30,28,79.58914947509766,64.91810499320547,59.565593717438475
20002_1320_1,2024-08-30,29,76.0518569946289,69.1090224168615,59.9901434887649
20002_1320_1,2024-08-30,30,76.28321075439453,74.19002076397555,60.22007554341497
20002_1320_1,2024-08-30,31,76.28321075439453,73.57671992224385,60.30650840617841
20002_1320_1,2024-08-30,32,75.73515319824219,73.0137224354299,60.23925697721687
20002_1320_1,2024-08-30,33,76.73515319824219,73.71247424889762,60.403928237013886
20002_1320_1,2024-08-30,34,76.73515319824219,71.55930884041885,60.4703438631539
20002_1320_1,2024-08-30,35,74.99117279052734,73.75433485741405,60.6156657276333
20002_1320_1,2024-08-30,36,75.27127075195312,75.08086223057887,60.329895620416465
20002_1320_1,2024-08-30,37,70.36227416992188,73.16657933623173,60.210485555363704
20002_1320_1,2024-08-30,38,70.36227416992188,67.1917354264395,59.96081506548603
20002_1320_1,2024-08-30,39,66.45327758789062,70.98992460607005,60.02474467429654
20002_1320_1,2024-08-30,40,61.970027923583984,71.3015364745848,59.50066675291541
20002_1320_1,2024-08-30,41,62.970027923583984,66.86388410430371,58.873794306413885
20002_1320_1,2024-08-30,42,54.460567474365234,63.349436769372815,57.77407257779392
20002_1320_1,2024-08-30,43,54.75867462158203,64.73300791641473,57.04663810841488
20002_1320_1,2024-08-30,44,49.78061294555664,57.730732604971955,54.961550293950744
20002_1320_1,2024-08-30,45,45.80255126953125,56.50574363413456,53.11575306001409
20002_1320_1,2024-08-30,46,44.166744232177734,52.77486748435294,50.85444336472099
20002_1320_1,2024-08-30,47,41.25933074951172,47.929136734306496,47.570049798200046
20002_1320_1,2024-08-30,48,42.25933074951172,46.14598717486556,46.13711145318965
20002_1320_1,2024-08-30,49,42.25933074951172,40.24890051793104,44.70979357452583
20002_1320_1,2024-08-30,50,40.21610641479492,44.24844252927187,43.9940008077315
20002_1320_1,2024-08-30,51,38.46758270263672,43.889913485088336,42.57358834434568
20002_1320_1,2024-08-30,52,31.47347640991211,37.24478327719703,37.18239364756098
20002_1320_1,2024-08-30,53,31.47347640991211,40.33230484119629,35.66274010072499
20002_1320_1,2024-08-30,54,24.4793701171875,33.3852124780656,27.89418903443431
20002_1320_1,2024-08-30,55,24.4793701171875,32.57361533747011,24.23717410755245
20002_1320_1,2024-08-30,56,24.4793701171875,24.473547791727597,20.12867339896535
20002_1320_1,2024-08-30,57,24.4793701171875,24.495500964988576,19.933489918512844
20002_1320_1,2024-08-30,58,18.736738204956055,26.30273349179094,17.8119357870468
20002_1320_1,2024-08-30,59,0.0,28.702390051922816,14.547477030550104
