trip_id,service_day,pt_sequence,y_true,y_pred_naive,y_pred_timesfm,y_pred_timesfm_ft
20056_1346_1,2024-05-01,1,21.942028,30.767868041992188,27.444175720214844,32.858551025390625
20056_1346_1,2024-05-01,2,23.10145,30.99342918395996,31.581573486328125,33.86509323120117
20056_1346_1,2024-05-01,3,23.348866,30.84661865234375,32.41206741333008,33.92844772338867
20056_1346_1,2024-05-01,4,22.7526,30.65206718444824,32.57280731201172,33.94228744506836
20056_1346_1,2024-05-01,5,22.736046,31.27898597717285,32.18881607055664,33.82109832763672
20056_1346_1,2024-05-01,6,21.342657,30.625961303710938,32.1977424621582,33.05139923095703
20056_1346_1,2024-05-01,7,21.040977,30.261425018310547,31.501201629638672,32.20735168457031
20056_1346_1,2024-05-01,8,21.015594,29.710811614990234,31.64408302307129,31.80762481689453
20056_1346_1,2024-05-01,9,20.72331,28.18863296508789,30.87610244750977,29.79222297668457
20056_1346_1,2024-05-01,10,20.98659,29.680152893066406,31.17079162597656,31.325225830078125
20056_1346_1,2024-05-01,11,21.876297,30.29937744140625,31.224374771118164,32.0976676940918
20056_1346_1,2024-05-01,12,22.231796,30.46942710876465,31.081491470336918,32.67936325073242
20056_1346_1,2024-05-01,13,22.063953,30.12053871154785,30.80466079711914,32.27204513549805
20056_1346_1,2024-05-01,14,22.307184,30.102277755737305,30.3581600189209,32.13338088989258
20056_1346_1,2024-05-01,15,21.660864,28.589731216430664,29.11241912841797,30.015405654907227
20056_1346_1,2024-05-01,16,19.96934,26.09847640991211,28.047513961791992,27.233884811401367
20056_1346_1,2024-05-01,17,20.66856,26.18589782714844,27.040929794311523,26.792076110839844
20056_1346_1,2024-05-01,18,20.912447,26.41392517089844,27.253297805786133,27.18235969543457
20056_1346_1,2024-05-01,19,21.209393,26.166791915893555,27.51729393005371,27.607982635498047
20056_1346_1,2024-05-01,20,21.951036,26.36477470397949,27.56222343444824,27.66255187988281
20056_1346_1,2024-05-01,21,22.442867,26.23698234558105,27.776264190673828,27.79825210571289
20056_1346_1,2024-05-01,22,22.669481,26.12112617492676,28.029653549194336,28.224889755249023
20056_1346_1,2024-05-01,23,22.843395,26.26922607421875,27.414037704467773,28.334381103515625
20056_1346_1,2024-05-01,24,22.988321,26.396778106689453,27.24492454528809,28.34157943725586
20056_1346_1,2024-05-01,25,23.295223,26.2878532409668,27.47989654541016,28.2959098815918
20056_1346_1,2024-05-01,26,23.668106,26.46335792541504,27.08334732055664,27.928281784057617
20056_1346_1,2024-05-01,27,22.9427,25.78500747680664,28.435970306396484,27.715147018432617
20056_1346_1,2024-05-01,28,13.281551,31.22851181030273,29.7553825378418,31.48390007019043
20056_1346_1,2024-05-01,29,13.477946,31.27646255493164,30.51889991760254,31.96138381958008
20056_1346_1,2024-05-01,30,13.377602,30.955190658569336,31.12614250183105,32.005699157714844
20056_1346_1,2024-05-01,31,13.640925,31.320579528808597,31.82268524169922,32.70237731933594
20056_1346_1,2024-05-01,32,13.839154,31.290239334106445,32.1977424621582,33.07266616821289
20056_1346_1,2024-05-01,33,14.237848,30.747224807739254,31.697664260864254,32.95846176147461
20056_1346_1,2024-05-01,34,14.299163,30.68201065063477,31.59943389892578,33.124656677246094
20056_1346_1,2024-05-01,35,14.28129,30.53912353515625,31.34939193725586,33.463680267333984
20056_1346_1,2024-05-01,36,13.107164,28.389148712158203,30.643918991088867,31.72369384765625
20056_1346_1,2024-05-01,37,12.06755,27.02011489868164,30.3581600189209,30.669960021972656
20056_1346_1,2024-05-01,38,12.131478,27.049495697021484,29.56338882446289,30.280179977416992
20056_1346_1,2024-05-01,39,11.575584,26.02886009216309,29.724124908447266,29.68345260620117
20056_1346_1,2024-05-01,40,11.489443,25.487455368041992,29.73305892944336,29.295385360717773
20056_1346_1,2024-05-01,41,11.106502,25.393787384033203,29.344600677490234,29.430198669433597
20056_1346_1,2024-05-01,42,10.788912,25.20224952697754,29.536596298217773,29.40265655517578
20056_1346_1,2024-05-01,43,10.87389,25.246665954589844,28.782007217407227,29.373443603515625
20056_1346_1,2024-05-01,44,10.057937,24.09830665588379,28.12341690063477,28.541683197021484
20056_1346_1,2024-05-01,45,9.552134,23.775365829467773,27.16120719909668,28.09450340270996
20056_1346_1,2024-05-01,46,9.237501,23.021276473999023,25.857421875,26.929319381713867
20056_1346_1,2024-05-01,47,7.6341686,21.66953468322754,24.218759536743164,25.29064178466797
20056_1346_1,2024-05-01,48,6.860131,21.00058937072754,23.276641845703125,24.943361282348636
20056_1346_1,2024-05-01,49,6.924044,21.00400733947754,21.749605178833008,24.163286209106445
20056_1346_1,2024-05-01,50,2.227023,15.59118366241455,19.070594787597656,18.535606384277344
20056_1346_1,2024-05-01,51,2.1439664,15.384053230285645,19.55281639099121,18.05040740966797
20056_1346_1,2024-05-01,52,1.9335927,15.328765869140623,18.94557380676269,17.91986846923828
20056_1346_1,2024-05-01,53,0.24637681,13.474700927734377,20.356521606445312,16.34162139892578
20056_1346_1,2024-05-02,1,33.141304,30.767868041992188,5.176284790039063,11.102901458740234
20056_1346_1,2024-05-02,2,34.310055,30.99342918395996,8.389923095703125,14.199027061462402
20056_1346_1,2024-05-02,3,33.986275,30.84661865234375,10.446651458740234,16.829227447509766
20056_1346_1,2024-05-02,4,33.285507,30.65206718444824,10.83228874206543,16.620769500732422
20056_1346_1,2024-05-02,5,33.93269,31.27898597717285,10.875137329101562,16.9984130859375
20056_1346_1,2024-05-02,6,33.793358,30.625961303710938,11.346470832824709,16.02616310119629
20056_1346_1,2024-05-02,7,33.49404,30.261425018310547,11.560712814331056,16.26305389404297
20056_1346_1,2024-05-02,8,33.142113,29.710811614990234,11.989198684692385,15.970100402832031
20056_1346_1,2024-05-02,9,32.719208,28.18863296508789,12.074894905090332,14.487534523010254
20056_1346_1,2024-05-02,10,32.979733,29.680152893066406,12.331986427307127,15.874323844909668
20056_1346_1,2024-05-02,11,34.373962,30.29937744140625,12.331986427307127,16.297435760498047
20056_1346_1,2024-05-02,12,34.912514,30.46942710876465,12.803319931030272,17.34918212890625
20056_1346_1,2024-05-02,13,34.68692,30.12053871154785,13.017563819885254,17.283220291137695
20056_1346_1,2024-05-02,14,34.76028,30.102277755737305,12.674775123596191,17.254913330078125
20056_1346_1,2024-05-02,15,32.115524,28.589731216430664,11.817804336547852,15.398829460144045
20056_1346_1,2024-05-02,16,28.975103,26.09847640991211,11.38931941986084,13.31147289276123
20056_1346_1,2024-05-02,17,28.78192,26.18589782714844,10.746591567993164,13.018081665039062
20056_1346_1,2024-05-02,18,29.151535,26.41392517089844,11.38931941986084,13.87159538269043
20056_1346_1,2024-05-02,19,29.363194,26.166791915893555,11.689258575439451,14.136728286743164
20056_1346_1,2024-05-02,20,29.711672,26.36477470397949,11.860652923583984,14.626097679138184
20056_1346_1,2024-05-02,21,29.91217,26.23698234558105,12.417683601379396,15.2075834274292
20056_1346_1,2024-05-02,22,29.819323,26.12112617492676,12.417684555053713,15.368315696716309
20056_1346_1,2024-05-02,23,29.918781,26.26922607421875,12.589077949523926,16.25682830810547
20056_1346_1,2024-05-02,24,30.156815,26.396778106689453,13.360349655151367,17.450336456298828
20056_1346_1,2024-05-02,25,30.181595,26.2878532409668,13.788836479187012,17.671100616455078
20056_1346_1,2024-05-02,26,30.469246,26.46335792541504,13.61744213104248,17.374061584472656
20056_1346_1,2024-05-02,27,29.909082,25.78500747680664,13.91738224029541,16.518342971801758
20056_1346_1,2024-05-02,28,17.993681,31.22851181030273,14.624381065368652,19.659610748291016
20056_1346_1,2024-05-02,29,17.036358,31.27646255493164,15.71702003479004,20.353519439697266
20056_1346_1,2024-05-02,30,17.416658,30.955190658569336,17.6666259765625,21.722076416015625
20056_1346_1,2024-05-02,31,17.859238,31.320579528808597,18.223657608032227,22.044509887695312
20056_1346_1,2024-05-02,32,18.16862,31.290239334106445,18.620004653930664,22.382835388183597
20056_1346_1,2024-05-02,33,18.010954,30.747224807739254,19.17703437805176,23.03253746032715
20056_1346_1,2024-05-02,34,17.852045,30.68201065063477,19.27344512939453,23.440845489501957
20056_1346_1,2024-05-02,35,17.78044,30.53912353515625,19.444839477539062,23.537071228027344
20056_1346_1,2024-05-02,36,16.137062,28.389148712158203,19.144899368286133,22.3174991607666
20056_1346_1,2024-05-02,37,14.517816,27.02011489868164,18.994930267333984,21.547346115112305
20056_1346_1,2024-05-02,38,14.622361,27.049495697021484,18.9735050201416,21.385114669799805
20056_1346_1,2024-05-02,39,13.348288,26.02886009216309,19.34843063354492,21.242115020751957
20056_1346_1,2024-05-02,40,13.088103,25.487455368041992,19.144899368286133,20.46286392211914
20056_1346_1,2024-05-02,41,13.009481,25.393787384033203,19.369853973388672,20.82268714904785
20056_1346_1,2024-05-02,42,12.722971,25.20224952697754,19.766202926635746,21.01942443847656
20056_1346_1,2024-05-02,43,12.798795,25.246665954589844,19.294870376586918,20.743507385253903
20056_1346_1,2024-05-02,44,11.827727,24.09830665588379,18.95208168029785,20.37238502502441
20056_1346_1,2024-05-02,45,11.434861,23.775365829467773,18.63071632385254,20.65473747253418
20056_1346_1,2024-05-02,46,10.7915125,23.021276473999023,17.238142013549805,19.03450584411621
20056_1346_1,2024-05-02,47,9.484029,21.66953468322754,16.25262451171875,18.30597496032715
20056_1346_1,2024-05-02,48,8.769423,21.00058937072754,15.181410789489746,17.637611389160156
20056_1346_1,2024-05-02,49,8.796927,21.00400733947754,14.345866203308104,17.2635498046875
20056_1346_1,2024-05-02,50,3.1022086,15.59118366241455,11.774956703186035,12.5704927444458
20056_1346_1,2024-05-02,51,2.8832748,15.384053230285645,11.132227897644045,11.382336616516112
20056_1346_1,2024-05-02,52,2.9764113,15.328765869140623,11.217925071716309,11.83708953857422
20056_1346_1,2024-05-02,53,0.19565217,13.474700927734377,12.417683601379396,11.483243942260742
20056_1346_1,2024-05-03,1,31.21,30.767868041992188,4.032439231872559,7.452950477600098
20056_1346_1,2024-05-03,2,31.654285,30.99342918395996,9.03333568572998,12.177127838134766
20056_1346_1,2024-05-03,3,31.860336,30.84661865234375,10.319279670715332,13.540345191955566
20056_1346_1,2024-05-03,4,31.811026,30.65206718444824,10.271652221679688,13.51054859161377
20056_1346_1,2024-05-03,5,32.49345,31.27898597717285,10.462162971496582,14.261026382446287
20056_1346_1,2024-05-03,6,31.921997,30.625961303710938,11.224203109741213,14.320868492126465
20056_1346_1,2024-05-03,7,31.855066,30.261425018310547,11.605224609375,14.847941398620604
20056_1346_1,2024-05-03,8,31.62888,29.710811614990234,12.272010803222656,14.968804359436035
20056_1346_1,2024-05-03,9,30.257967,28.18863296508789,12.653031349182127,14.299577713012695
20056_1346_1,2024-05-03,10,31.608921,29.680152893066406,12.51014804840088,14.77835178375244
20056_1346_1,2024-05-03,11,32.401447,30.29937744140625,13.224562644958496,15.514692306518556
20056_1346_1,2024-05-03,12,32.565712,30.46942710876465,13.46269989013672,16.121597290039062
20056_1346_1,2024-05-03,13,32.02384,30.12053871154785,13.843720436096191,16.02374839782715
20056_1346_1,2024-05-03,14,31.967756,30.102277755737305,13.46269989013672,15.625533103942873
20056_1346_1,2024-05-03,15,30.212553,28.589731216430664,13.319817543029783,14.831403732299805
20056_1346_1,2024-05-03,16,28.12683,26.09847640991211,13.296003341674805,13.68634796142578
20056_1346_1,2024-05-03,17,27.595047,26.18589782714844,12.938796043395996,13.46293830871582
20056_1346_1,2024-05-03,18,27.926426,26.41392517089844,13.605582237243652,14.576889991760254
20056_1346_1,2024-05-03,19,28.08233,26.166791915893555,14.129486083984377,14.945432662963867
20056_1346_1,2024-05-03,20,28.437866,26.36477470397949,14.43906593322754,15.2652587890625
20056_1346_1,2024-05-03,21,28.495754,26.23698234558105,14.820085525512695,15.4964599609375
20056_1346_1,2024-05-03,22,28.46281,26.12112617492676,14.748644828796388,15.29331874847412
20056_1346_1,2024-05-03,23,28.374441,26.26922607421875,14.962968826293944,16.00348663330078
20056_1346_1,2024-05-03,24,28.638908,26.396778106689453,14.558135032653809,15.604243278503418
20056_1346_1,2024-05-03,25,28.410975,26.2878532409668,15.05822467803955,15.79204559326172
20056_1346_1,2024-05-03,26,28.604319,26.46335792541504,15.629755020141602,16.284530639648438
20056_1346_1,2024-05-03,27,28.565845,25.78500747680664,15.96314811706543,15.625886917114258
20056_1346_1,2024-05-03,28,21.235315,31.22851181030273,16.725191116333008,18.26502799987793
20056_1346_1,2024-05-03,29,20.776098,31.27646255493164,17.939693450927734,19.42829132080078
20056_1346_1,2024-05-03,30,20.483006,30.955190658569336,19.26136016845703,20.847171783447266
20056_1346_1,2024-05-03,31,21.11649,31.320579528808597,19.535219192504883,21.20037841796875
20056_1346_1,2024-05-03,32,21.266497,31.290239334106445,20.047212600708008,21.351451873779297
20056_1346_1,2024-05-03,33,21.050884,30.747224807739254,20.28535270690918,21.60951232910156
20056_1346_1,2024-05-03,34,20.912283,30.68201065063477,20.54730224609375,21.89097213745117
20056_1346_1,2024-05-03,35,20.72419,30.53912353515625,20.618745803833008,22.0837345123291
20056_1346_1,2024-05-03,36,18.67559,28.389148712158203,20.535398483276367,21.462085723876957
20056_1346_1,2024-05-03,37,16.174986,27.02011489868164,20.190095901489254,20.73659896850586
20056_1346_1,2024-05-03,38,16.24984,27.049495697021484,20.17819023132324,20.71903419494629
20056_1346_1,2024-05-03,39,14.329856,26.02886009216309,19.987680435180664,20.034887313842773
20056_1346_1,2024-05-03,40,13.779248,25.487455368041992,20.118656158447266,20.03578758239746
20056_1346_1,2024-05-03,41,13.653556,25.393787384033203,20.14246940612793,20.267498016357425
20056_1346_1,2024-05-03,42,13.499249,25.20224952697754,20.39251518249512,20.39601707458496
20056_1346_1,2024-05-03,43,13.515542,25.246665954589844,20.035308837890625,20.2531795501709
20056_1346_1,2024-05-03,44,12.394888,24.09830665588379,20.09484100341797,19.979700088500977
20056_1346_1,2024-05-03,45,12.010175,23.775365829467773,19.53521728515625,19.477388381958008
20056_1346_1,2024-05-03,46,11.158826,23.021276473999023,19.154197692871094,18.952775955200195
20056_1346_1,2024-05-03,47,8.758895,21.66953468322754,18.93987464904785,18.680753707885746
20056_1346_1,2024-05-03,48,7.6261764,21.00058937072754,18.20164680480957,17.99013328552246
20056_1346_1,2024-05-03,49,7.653653,21.00400733947754,18.201644897460938,17.875764846801758
20056_1346_1,2024-05-03,50,3.382409,15.59118366241455,17.749183654785156,15.25844383239746
20056_1346_1,2024-05-03,51,3.0981512,15.384053230285645,17.130023956298828,13.905120849609377
20056_1346_1,2024-05-03,52,3.0980597,15.328765869140623,17.582487106323242,14.412601470947266
20056_1346_1,2024-05-03,53,0.28,13.474700927734377,19.201824188232425,16.06950569152832
20056_1346_1,2024-05-04,1,33.65625,33.55537414550781,2.737538576126098,7.147758483886719
20056_1346_1,2024-05-04,2,33.853607,33.806182861328125,6.093628883361816,11.706473350524902
20056_1346_1,2024-05-04,3,33.848198,33.67827606201172,8.076772689819336,14.499290466308594
20056_1346_1,2024-05-04,4,33.346375,33.099300384521484,9.551419258117676,15.550801277160645
20056_1346_1,2024-05-04,5,34.75748,33.69348907470703,11.331165313720703,17.355684280395508
20056_1346_1,2024-05-04,6,33.9779,32.60780334472656,12.399012565612791,17.44158935546875
20056_1346_1,2024-05-04,7,33.370754,32.167686462402344,12.729535102844238,17.517019271850586
20056_1346_1,2024-05-04,8,32.93147,31.613025665283203,13.568559646606444,17.681339263916016
20056_1346_1,2024-05-04,9,31.400894,29.40851402282715,14.661831855773926,17.300439834594727
20056_1346_1,2024-05-04,10,33.051678,31.180089950561523,15.577128410339355,18.59833526611328
20056_1346_1,2024-05-04,11,33.513966,31.88099670410156,15.983926773071287,18.87697029113769
20056_1346_1,2024-05-04,12,33.79598,32.1646728515625,16.46700096130371,19.51981735229492
20056_1346_1,2024-05-04,13,33.651833,31.82625389099121,16.695823669433594,19.387340545654297
20056_1346_1,2024-05-04,14,33.98063,31.78513526916504,17.102624893188477,19.983491897583008
20056_1346_1,2024-05-04,15,32.16286,30.48932266235352,17.534847259521484,20.17060089111328
20056_1346_1,2024-05-04,16,29.860207,28.305957794189453,17.534847259521484,19.103199005126957
20056_1346_1,2024-05-04,17,29.495134,28.51840209960937,17.611122131347656,19.21774673461914
20056_1346_1,2024-05-04,18,29.643467,29.00024032592773,17.636547088623047,19.35508918762207
20056_1346_1,2024-05-04,19,29.11279,29.07428932189941,18.17047119140625,19.861064910888672
20056_1346_1,2024-05-04,20,29.710457,29.702505111694336,18.8569450378418,20.94750595092773
20056_1346_1,2024-05-04,21,29.625183,29.73027992248535,19.60698127746582,21.90064239501953
20056_1346_1,2024-05-04,22,29.636345,29.741779327392575,20.00106430053711,22.64253234863281
20056_1346_1,2024-05-04,23,29.910664,29.930156707763672,20.827377319335938,23.88387107849121
20056_1346_1,2024-05-04,24,30.082539,30.15848922729492,20.70025062561035,23.750411987304688
20056_1346_1,2024-05-04,25,29.94737,30.14085960388184,20.78923797607422,23.605470657348636
20056_1346_1,2024-05-04,26,30.011917,30.28916931152344,21.03077507019043,23.80482292175293
20056_1346_1,2024-05-04,27,29.36981,29.33270263671875,21.43757438659668,23.232563018798828
20056_1346_1,2024-05-04,28,21.029182,33.948997497558594,21.33587455749512,24.64826011657715
20056_1346_1,2024-05-04,29,19.05553,34.21916580200195,22.49270820617676,25.532127380371094
20056_1346_1,2024-05-04,30,18.658518,33.91333770751953,23.109264373779297,25.95929527282715
20056_1346_1,2024-05-04,31,18.971018,34.08512115478516,23.14104461669922,26.089336395263672
20056_1346_1,2024-05-04,32,18.930649,34.107940673828125,23.64954376220703,26.523645401000977
20056_1346_1,2024-05-04,33,18.279045,33.95623016357422,24.123083114624023,26.87103271484375
20056_1346_1,2024-05-04,34,18.349592,33.9050407409668,24.574377059936523,27.420259475708008
20056_1346_1,2024-05-04,35,18.209335,33.88336944580078,24.240673065185547,26.986122131347656
20056_1346_1,2024-05-04,36,16.17064,32.563087463378906,24.10083770751953,26.21161460876465
20056_1346_1,2024-05-04,37,14.482468,30.80719566345215,23.713106155395508,25.29808235168457
20056_1346_1,2024-05-04,38,14.513718,30.855762481689453,23.43978881835937,25.236230850219727
20056_1346_1,2024-05-04,39,13.915705,30.02964782714844,23.23003196716309,24.70830345153809
20056_1346_1,2024-05-04,40,13.295652,29.55887794494629,22.84230232238769,24.03592872619629
20056_1346_1,2024-05-04,41,13.03876,29.15475845336914,22.87408447265625,24.019643783569336
20056_1346_1,2024-05-04,42,12.765477,28.829578399658203,22.77238273620605,23.880949020385746
20056_1346_1,2024-05-04,43,12.850628,28.89667320251465,22.63254737854004,24.08942413330078
20056_1346_1,2024-05-04,44,11.747473,27.28646278381348,22.333803176879883,23.75881004333496
20056_1346_1,2024-05-04,45,11.607614,26.980972290039062,21.3867244720459,23.29202079772949
20056_1346_1,2024-05-04,46,11.187425,26.18927001953125,20.852802276611328,22.75054359436035
20056_1346_1,2024-05-04,47,8.970715,24.452638626098636,20.21717834472656,22.148590087890625
20056_1346_1,2024-05-04,48,8.332002,23.7912654876709,19.18746757507324,21.129793167114254
20056_1346_1,2024-05-04,49,8.279216,23.77546119689941,18.14504623413086,20.05064392089844
20056_1346_1,2024-05-04,50,2.6768947,17.430984497070312,17.890796661376953,18.093673706054688
20056_1346_1,2024-05-04,51,2.402981,17.202499389648438,17.967071533203125,17.62672233581543
20056_1346_1,2024-05-04,52,2.418362,17.144550323486328,18.60269546508789,18.55097961425781
20056_1346_1,2024-05-04,53,0.140625,15.168733596801758,20.992639541625977,20.655311584472656
20056_1346_1,2024-05-05,1,21.569231,21.62185478210449,3.8567278385162354,6.9022722244262695
20056_1346_1,2024-05-05,2,22.246155,21.86794090270996,9.10765266418457,11.889230728149414
20056_1346_1,2024-05-05,3,22.092123,21.948217391967773,14.358575820922852,17.925018310546875
20056_1346_1,2024-05-05,4,22.315462,21.788724899291992,17.936277389526367,21.483211517333984
20056_1346_1,2024-05-05,5,22.637962,22.30526351928711,20.0720157623291,23.66332626342773
20056_1346_1,2024-05-05,6,21.633955,21.13032913208008,21.459566116333008,23.75701141357422
20056_1346_1,2024-05-05,7,21.390644,20.720897674560547,22.41860580444336,24.26068687438965
20056_1346_1,2024-05-05,8,21.326162,20.547908782958984,22.72128295898437,23.91895866394043
20056_1346_1,2024-05-05,9,19.46403,19.442790985107425,23.241613388061523,23.571435928344727
20056_1346_1,2024-05-05,10,20.433672,20.894392013549805,23.561294555664062,24.72347450256348
20056_1346_1,2024-05-05,11,20.854477,21.140888214111328,23.17699813842773,24.31641387939453
20056_1346_1,2024-05-05,12,21.14441,21.477828979492188,23.391252517700195,24.75741195678711
20056_1346_1,2024-05-05,13,20.790068,21.395381927490234,23.445667266845703,24.833637237548828
20056_1346_1,2024-05-05,14,20.790272,21.718978881835938,23.221210479736328,24.79962921142578
20056_1346_1,2024-05-05,15,20.134138,21.85033798217773,23.268821716308597,24.47870445251465
20056_1346_1,2024-05-05,16,19.261417,21.785280227661133,23.156593322753903,23.54596900939941
20056_1346_1,2024-05-05,17,19.724443,22.585132598876957,22.966144561767575,23.63256454467773
20056_1346_1,2024-05-05,18,19.71312,22.94479751586914,22.87092018127441,23.65633583068848
20056_1346_1,2024-05-05,19,19.328955,22.8568058013916,22.72468376159668,23.46070671081543
20056_1346_1,2024-05-05,20,19.725773,23.397357940673828,23.051166534423828,23.80867576599121
20056_1346_1,2024-05-05,21,19.626839,23.479602813720703,22.8607177734375,23.686185836791992
20056_1346_1,2024-05-05,22,19.598452,23.4982967376709,23.071571350097656,24.07382583618164
20056_1346_1,2024-05-05,23,19.788511,23.63194465637207,23.241613388061523,24.68954467773437
20056_1346_1,2024-05-05,24,19.822052,23.76572608947754,23.30963134765625,24.67207717895508
20056_1346_1,2024-05-05,25,19.692184,23.79250144958496,23.183801651000977,24.15361595153809
20056_1346_1,2024-05-05,26,19.623077,23.84161949157715,22.636260986328125,23.69023323059082
20056_1346_1,2024-05-05,27,19.667707,23.001426696777344,22.56824493408203,22.57636260986328
20056_1346_1,2024-05-05,28,21.397291,25.098865509033203,21.79285049438477,23.13553047180176
20056_1346_1,2024-05-05,29,21.271223,25.13274955749512,21.677221298217773,22.84797096252441
20056_1346_1,2024-05-05,30,21.083908,25.068824768066406,21.37794303894043,22.37800025939941
20056_1346_1,2024-05-05,31,21.119263,25.1848201751709,21.201099395751957,22.004173278808597
20056_1346_1,2024-05-05,32,21.193792,25.26454162597656,20.473318099975582,21.22685813903809
20056_1346_1,2024-05-05,33,21.147757,25.28619956970215,19.881568908691406,20.77530288696289
20056_1346_1,2024-05-05,34,21.121939,25.277990341186523,19.201396942138672,20.36610984802246
20056_1346_1,2024-05-05,35,20.980082,25.28023910522461,18.426000595092773,19.747913360595703
20056_1346_1,2024-05-05,36,20.113617,24.75938415527344,17.90907096862793,18.67273330688477
20056_1346_1,2024-05-05,37,19.12107,24.07453727722168,18.16753578186035,18.492395401000977
20056_1346_1,2024-05-05,38,19.167225,24.131006240844727,18.099517822265625,18.713096618652344
20056_1346_1,2024-05-05,39,18.83121,23.899991989135746,18.04510498046875,18.406768798828125
20056_1346_1,2024-05-05,40,18.47323,23.546955108642575,17.705018997192383,17.926755905151367
20056_1346_1,2024-05-05,41,18.214266,22.80237197875977,17.528173446655273,17.98726463317871
20056_1346_1,2024-05-05,42,17.923756,22.43476104736328,17.786638259887695,18.257051467895508
20056_1346_1,2024-05-05,43,17.951817,22.498764038085938,17.949880599975586,18.738222122192383
20056_1346_1,2024-05-05,44,17.144823,21.176055908203125,17.90907096862793,18.637859344482425
20056_1346_1,2024-05-05,45,16.58975,20.635839462280277,17.759431838989258,18.798696517944336
20056_1346_1,2024-05-05,46,15.843849,20.017967224121094,18.12672615051269,19.11835289001465
20056_1346_1,2024-05-05,47,14.796638,18.1944580078125,18.00429344177246,19.026241302490234
20056_1346_1,2024-05-05,48,14.385922,17.33197021484375,17.63700294494629,18.974760055541992
20056_1346_1,2024-05-05,49,14.362762,17.320077896118164,17.26970863342285,18.81331443786621
20056_1346_1,2024-05-05,50,13.944027,12.32935905456543,17.405742645263672,17.510053634643555
20056_1346_1,2024-05-05,51,13.449847,12.10735034942627,18.16753578186035,17.684770584106445
20056_1346_1,2024-05-05,52,13.412332,12.0353364944458,19.636707305908203,19.240243911743164
20056_1346_1,2024-05-05,53,11.985135,10.238876342773438,21.14668655395508,19.9641227722168
20056_1346_1,2024-05-06,1,31.90099,30.767868041992188,12.1687593460083,14.884944915771484
20056_1346_1,2024-05-06,2,32.158417,30.99342918395996,15.918509483337402,19.324520111083984
20056_1346_1,2024-05-06,3,31.956915,30.84661865234375,18.193174362182617,22.46245002746582
20056_1346_1,2024-05-06,4,32.306427,30.65206718444824,19.97154998779297,23.83625221252441
20056_1346_1,2024-05-06,5,33.123756,31.27898597717285,21.536243438720703,25.48774719238281
20056_1346_1,2024-05-06,6,31.758308,30.625961303710938,22.85106658935547,25.669095993041992
20056_1346_1,2024-05-06,7,31.253017,30.261425018310547,23.129369735717773,25.22858047485352
20056_1346_1,2024-05-06,8,30.92343,29.710811614990234,23.46798324584961,24.96047019958496
20056_1346_1,2024-05-06,9,29.074408,28.18863296508789,23.76954841613769,24.47202491760254
20056_1346_1,2024-05-06,10,31.429995,29.680152893066406,23.74887084960937,24.783456802368164
20056_1346_1,2024-05-06,11,31.854794,30.29937744140625,23.569656372070312,24.643089294433597
20056_1346_1,2024-05-06,12,32.194775,30.46942710876465,23.238794326782227,24.60120010375977
20056_1346_1,2024-05-06,13,31.653402,30.12053871154785,23.30772399902344,24.512113571166992
20056_1346_1,2024-05-06,14,31.672857,30.102277755737305,23.04062271118164,24.255598068237305
20056_1346_1,2024-05-06,15,29.330324,28.589731216430664,22.60809135437012,23.42416381835937
20056_1346_1,2024-05-06,16,28.14646,26.09847640991211,22.55811882019043,22.659358978271484
20056_1346_1,2024-05-06,17,27.72591,26.18589782714844,22.465925216674805,22.611513137817383
20056_1346_1,2024-05-06,18,27.727442,26.41392517089844,22.80281639099121,23.043197631835938
20056_1346_1,2024-05-06,19,27.254498,26.166791915893555,23.00443649291992,23.28011703491211
20056_1346_1,2024-05-06,20,27.410461,26.36477470397949,22.80798721313477,23.135234832763672
20056_1346_1,2024-05-06,21,27.032408,26.23698234558105,22.624462127685547,22.911657333374023
20056_1346_1,2024-05-06,22,26.909224,26.12112617492676,22.231565475463867,22.552188873291016
20056_1346_1,2024-05-06,23,27.105728,26.26922607421875,21.971359252929688,22.70150756835937
20056_1346_1,2024-05-06,24,27.170954,26.396778106689453,21.674102783203125,22.35325050354004
20056_1346_1,2024-05-06,25,27.012957,26.2878532409668,21.55347442626953,22.09861183166504
20056_1346_1,2024-05-06,26,27.03802,26.46335792541504,21.257078170776367,21.77847671508789
20056_1346_1,2024-05-06,27,28.341978,25.78500747680664,21.39493751525879,21.044734954833984
20056_1346_1,2024-05-06,28,33.44953,31.22851181030273,21.605173110961918,22.52670288085937
20056_1346_1,2024-05-06,29,33.165913,31.27646255493164,21.649974822998047,22.029926300048828
20056_1346_1,2024-05-06,30,33.041782,30.955190658569336,21.834362030029297,22.03290557861328
20056_1346_1,2024-05-06,31,33.21183,31.320579528808597,21.8188533782959,21.94668960571289
20056_1346_1,2024-05-06,32,33.160007,31.290239334106445,22.18417739868164,22.132862091064453
20056_1346_1,2024-05-06,33,32.145847,30.747224807739254,21.77512550354004,21.622047424316406
20056_1346_1,2024-05-06,34,32.08775,30.68201065063477,21.80851173400879,21.79355812072754
20056_1346_1,2024-05-06,35,31.717815,30.53912353515625,21.97394371032715,22.20555686950684
20056_1346_1,2024-05-06,36,28.624266,28.389148712158203,21.625850677490234,21.46027183532715
20056_1346_1,2024-05-06,37,26.953152,27.02011489868164,21.712011337280277,21.182292938232425
20056_1346_1,2024-05-06,38,26.999296,27.049495697021484,21.400108337402344,20.83495140075684
20056_1346_1,2024-05-06,39,25.93451,26.02886009216309,21.091650009155277,20.36672019958496
20056_1346_1,2024-05-06,40,25.109644,25.487455368041992,20.457500457763672,19.352094650268555
20056_1346_1,2024-05-06,41,24.974676,25.393787384033203,20.247264862060547,19.35253143310547
20056_1346_1,2024-05-06,42,24.754484,25.20224952697754,20.288623809814453,19.52705955505371
20056_1346_1,2024-05-06,43,24.811535,25.246665954589844,20.136978149414062,19.831859588623047
20056_1346_1,2024-05-06,44,23.978325,24.09830665588379,20.09562110900879,19.7955265045166
20056_1346_1,2024-05-06,45,23.656939,23.775365829467773,19.62001037597656,19.712068557739254
20056_1346_1,2024-05-06,46,23.063393,23.021276473999023,19.08925437927246,18.81151962280273
20056_1346_1,2024-05-06,47,21.914925,21.66953468322754,18.234533309936523,17.812421798706055
20056_1346_1,2024-05-06,48,20.700377,21.00058937072754,17.559024810791016,17.41897964477539
20056_1346_1,2024-05-06,49,20.648645,21.00400733947754,17.338451385498047,17.353506088256836
20056_1346_1,2024-05-06,50,19.921406,15.59118366241455,17.559024810791016,16.54704475402832
20056_1346_1,2024-05-06,51,19.509266,15.384053230285645,18.151817321777344,16.984079360961914
20056_1346_1,2024-05-06,52,19.40112,15.328765869140623,19.406328201293945,18.71244239807129
20056_1346_1,2024-05-06,53,17.07342,13.474700927734377,20.619483947753903,19.623485565185547
20056_1346_1,2024-05-07,1,32.11,30.767868041992188,19.086647033691406,21.21731185913086
20056_1346_1,2024-05-07,2,32.32606,30.99342918395996,21.581846237182617,22.30674934387207
20056_1346_1,2024-05-07,3,32.186783,30.84661865234375,23.930879592895508,24.598424911499023
20056_1346_1,2024-05-07,4,32.419117,30.65206718444824,25.94235038757324,26.510210037231445
20056_1346_1,2024-05-07,5,33.503475,31.27898597717285,27.04204750061035,27.745681762695312
20056_1346_1,2024-05-07,6,32.684597,30.625961303710938,27.49967384338379,27.3616886138916
20056_1346_1,2024-05-07,7,32.08046,30.261425018310547,27.70151901245117,27.47004127502441
20056_1346_1,2024-05-07,8,31.722307,29.710811614990234,27.925981521606445,27.193510055541992
20056_1346_1,2024-05-07,9,30.47767,28.18863296508789,27.76937866210937,26.357404708862305
20056_1346_1,2024-05-07,10,32.918972,29.680152893066406,27.519685745239254,26.681774139404297
20056_1346_1,2024-05-07,11,33.356518,30.29937744140625,27.27869033813477,26.64561653137207
20056_1346_1,2024-05-07,12,33.481503,30.46942710876465,26.801925659179688,26.361143112182617
20056_1346_1,2024-05-07,13,32.813084,30.12053871154785,26.415637969970703,25.930912017822266
20056_1346_1,2024-05-07,14,33.162582,30.102277755737305,26.00498962402344,25.522972106933597
20056_1346_1,2024-05-07,15,31.010654,28.589731216430664,25.357702255249023,24.63331413269043
20056_1346_1,2024-05-07,16,29.616278,26.09847640991211,24.49464988708496,23.156272888183597
20056_1346_1,2024-05-07,17,29.177933,26.18589782714844,23.95524024963379,22.93041038513184
20056_1346_1,2024-05-07,18,29.285809,26.41392517089844,23.81951904296875,23.160205841064453
20056_1346_1,2024-05-07,19,28.300444,26.166791915893555,23.565475463867188,22.9942684173584
20056_1346_1,2024-05-07,20,28.237328,26.36477470397949,23.53937530517578,23.117115020751957
20056_1346_1,2024-05-07,21,27.946428,26.23698234558105,23.50631523132324,23.28593635559082
20056_1346_1,2024-05-07,22,27.535503,26.12112617492676,23.485435485839844,23.391557693481445
20056_1346_1,2024-05-07,23,27.808933,26.26922607421875,23.31317138671875,23.70516014099121
20056_1346_1,2024-05-07,24,28.006708,26.396778106689453,23.335790634155277,23.83095359802246
20056_1346_1,2024-05-07,25,27.798899,26.2878532409668,23.70467758178711,23.906482696533203
20056_1346_1,2024-05-07,26,27.94118,26.46335792541504,24.529451370239254,24.79651260375977
20056_1346_1,2024-05-07,27,28.763884,25.78500747680664,25.399463653564453,24.87977600097656
20056_1346_1,2024-05-07,28,34.881977,31.22851181030273,26.433034896850582,26.977466583251957
20056_1346_1,2024-05-07,29,34.165558,31.27646255493164,27.543176651000977,28.019821166992188
20056_1346_1,2024-05-07,30,33.982597,30.955190658569336,28.065183639526367,28.48687744140625
20056_1346_1,2024-05-07,31,34.234337,31.320579528808597,28.70551300048828,29.18230438232422
20056_1346_1,2024-05-07,32,34.0922,31.290239334106445,28.969995498657227,29.39662742614746
20056_1346_1,2024-05-07,33,33.072865,30.747224807739254,28.99783706665039,29.671911239624023
20056_1346_1,2024-05-07,34,33.033394,30.68201065063477,28.9143180847168,29.745582580566406
20056_1346_1,2024-05-07,35,32.704945,30.53912353515625,28.385347366333008,29.34324073791504
20056_1346_1,2024-05-07,36,29.839106,28.389148712158203,27.72413825988769,28.437374114990234
20056_1346_1,2024-05-07,37,27.586235,27.02011489868164,27.43877220153809,27.781200408935547
20056_1346_1,2024-05-07,38,27.590235,27.049495697021484,27.015947341918945,27.432071685791016
20056_1346_1,2024-05-07,39,26.354206,26.02886009216309,26.363439559936523,26.504711151123047
20056_1346_1,2024-05-07,40,25.731373,25.487455368041992,25.23590087890625,25.30766487121582
20056_1346_1,2024-05-07,41,25.811016,25.393787384033203,24.244083404541016,24.53404235839844
20056_1346_1,2024-05-07,42,25.54553,25.20224952697754,23.74991798400879,24.02530670166016
20056_1346_1,2024-05-07,43,25.521141,25.246665954589844,23.307950973510746,23.7326602935791
20056_1346_1,2024-05-07,44,24.468328,24.09830665588379,22.57366180419922,22.87151527404785
20056_1346_1,2024-05-07,45,24.247295,23.775365829467773,22.06557273864746,22.435775756835938
20056_1346_1,2024-05-07,46,23.545559,23.021276473999023,21.940290451049805,22.27405166625977
20056_1346_1,2024-05-07,47,22.313562,21.66953468322754,21.286041259765625,21.75938415527344
20056_1346_1,2024-05-07,48,21.00434,21.00058937072754,20.61787223815918,21.341344833374023
20056_1346_1,2024-05-07,49,21.001385,21.00400733947754,20.06106185913086,20.93361473083496
20056_1346_1,2024-05-07,50,20.277422,15.59118366241455,20.06106185913086,19.80316925048828
20056_1346_1,2024-05-07,51,19.853441,15.384053230285645,20.44386863708496,19.80756950378418
20056_1346_1,2024-05-07,52,19.754763,15.328765869140623,21.139877319335938,20.78800392150879
20056_1346_1,2024-05-07,53,17.448805,13.474700927734377,22.39617729187012,21.702768325805664
20056_1346_1,2024-05-08,1,32.88889,30.767868041992188,20.47434425354004,24.341842651367188
20056_1346_1,2024-05-08,2,32.974613,30.99342918395996,24.20200729370117,26.204734802246094
20056_1346_1,2024-05-08,3,32.70066,30.84661865234375,26.58974266052246,27.97441291809082
20056_1346_1,2024-05-08,4,33.120964,30.65206718444824,27.77223777770996,28.833696365356445
20056_1346_1,2024-05-08,5,34.0467,31.27898597717285,28.450950622558597,29.57625389099121
20056_1346_1,2024-05-08,6,33.305214,30.625961303710938,28.541912078857425,28.61595726013184
20056_1346_1,2024-05-08,7,32.961487,30.261425018310547,28.422962188720703,28.294971466064453
20056_1346_1,2024-05-08,8,32.56412,29.710811614990234,28.08710479736328,27.55574989318848
20056_1346_1,2024-05-08,9,30.737778,28.18863296508789,28.2270450592041,26.813495635986328
20056_1346_1,2024-05-08,10,33.09729,29.680152893066406,28.2270450592041,27.513221740722656
20056_1346_1,2024-05-08,11,33.65159,30.29937744140625,28.003143310546875,27.59152603149414
20056_1346_1,2024-05-08,12,33.911156,30.46942710876465,27.835214614868164,27.64842414855957
20056_1346_1,2024-05-08,13,33.63873,30.12053871154785,27.597312927246094,27.257110595703125
20056_1346_1,2024-05-08,14,34.004032,30.102277755737305,27.01656150817871,26.801576614379883
20056_1346_1,2024-05-08,15,30.550385,28.589731216430664,26.13143539428711,25.623573303222656
20056_1346_1,2024-05-08,16,28.693644,26.09847640991211,25.26555824279785,24.20788955688477
20056_1346_1,2024-05-08,17,28.16514,26.18589782714844,24.69004821777344,23.914531707763672
20056_1346_1,2024-05-08,18,28.420351,26.41392517089844,24.32270622253418,23.784900665283203
20056_1346_1,2024-05-08,19,27.763783,26.166791915893555,23.864402770996094,23.219696044921875
20056_1346_1,2024-05-08,20,27.758299,26.36477470397949,23.318634033203125,22.81573486328125
20056_1346_1,2024-05-08,21,27.545761,26.23698234558105,22.89531517028809,22.469051361083984
20056_1346_1,2024-05-08,22,26.984175,26.12112617492676,22.65041923522949,22.29739570617676
20056_1346_1,2024-05-08,23,27.356625,26.26922607421875,22.79035758972168,22.797212600708008
20056_1346_1,2024-05-08,24,27.664103,26.396778106689453,22.98977279663086,23.02594757080078
20056_1346_1,2024-05-08,25,27.378315,26.2878532409668,23.49006080627441,23.32047843933105
20056_1346_1,2024-05-08,26,28.132011,26.46335792541504,24.25448608398437,24.120555877685547
20056_1346_1,2024-05-08,27,29.13608,25.78500747680664,24.84748268127441,23.88548851013184
20056_1346_1,2024-05-08,28,34.239834,31.22851181030273,25.27080345153809,25.594240188598636
20056_1346_1,2024-05-08,29,33.993027,31.27646255493164,25.834062576293945,26.233612060546875
20056_1346_1,2024-05-08,30,33.859234,30.955190658569336,26.65708923339844,26.939117431640625
20056_1346_1,2024-05-08,31,34.13153,31.320579528808597,27.06903839111328,27.52570343017578
20056_1346_1,2024-05-08,32,34.099236,31.290239334106445,26.83551406860352,27.06786155700684
20056_1346_1,2024-05-08,33,32.943985,30.747224807739254,26.486536026000977,26.829748153686523
20056_1346_1,2024-05-08,34,32.9487,30.68201065063477,26.159423828125,26.83315658569336
20056_1346_1,2024-05-08,35,32.672066,30.53912353515625,25.43873405456543,26.375873565673828
20056_1346_1,2024-05-08,36,29.570593,28.389148712158203,24.40667152404785,24.99912452697754
20056_1346_1,2024-05-08,37,28.284088,27.02011489868164,23.851720809936523,24.045785903930664
20056_1346_1,2024-05-08,38,28.346401,27.049495697021484,23.30813789367676,23.659439086914062
20056_1346_1,2024-05-08,39,26.587109,26.02886009216309,22.77636337280273,22.92906188964844
20056_1346_1,2024-05-08,40,25.77971,25.487455368041992,22.02068519592285,22.033174514770508
20056_1346_1,2024-05-08,41,25.531467,25.393787384033203,21.30698776245117,21.740291595458984
20056_1346_1,2024-05-08,42,25.40769,25.20224952697754,20.76122093200684,21.37189102172852
20056_1346_1,2024-05-08,43,25.410852,25.246665954589844,19.95656394958496,20.89827919006348
20056_1346_1,2024-05-08,44,24.676722,24.09830665588379,19.43878555297852,20.35406875610352
20056_1346_1,2024-05-08,45,24.293213,23.775365829467773,18.893014907836918,20.289995193481445
20056_1346_1,2024-05-08,46,23.630941,23.021276473999023,18.30526733398437,19.84769630432129
20056_1346_1,2024-05-08,47,22.38374,21.66953468322754,18.039379119873047,19.75382423400879
20056_1346_1,2024-05-08,48,21.304146,21.00058937072754,18.24928855895996,20.250316619873047
20056_1346_1,2024-05-08,49,21.267906,21.00400733947754,18.445207595825195,20.82651710510254
20056_1346_1,2024-05-08,50,20.856321,15.59118366241455,19.21487808227539,20.331832885742188
20056_1346_1,2024-05-08,51,20.212482,15.384053230285645,20.628278732299805,21.31655502319336
20056_1346_1,2024-05-08,52,20.2417,15.328765869140623,22.041675567626957,22.833911895751957
20056_1346_1,2024-05-08,53,17.646801,13.474700927734377,23.526796340942383,23.823177337646484
20056_1346_1,2024-05-09,1,31.979166,30.767868041992188,18.1429443359375,18.75860977172852
20056_1346_1,2024-05-09,2,32.38016,30.99342918395996,20.54694175720215,20.033935546875
20056_1346_1,2024-05-09,3,32.085545,30.84661865234375,23.33628273010254,22.444507598876957
20056_1346_1,2024-05-09,4,32.37482,30.65206718444824,25.622730255126957,24.2186336517334
20056_1346_1,2024-05-09,5,33.07146,31.27898597717285,26.974092483520508,25.430316925048828
20056_1346_1,2024-05-09,6,32.589863,30.625961303710938,27.670543670654297,25.44991874694824
20056_1346_1,2024-05-09,7,32.21536,30.261425018310547,27.893266677856445,25.693988800048828
20056_1346_1,2024-05-09,8,31.705153,29.710811614990234,28.00639533996582,25.520767211914062
20056_1346_1,2024-05-09,9,30.010633,28.18863296508789,28.112455368041992,25.165163040161133
20056_1346_1,2024-05-09,10,32.420643,29.680152893066406,28.013465881347656,25.631324768066406
20056_1346_1,2024-05-09,11,32.639763,30.29937744140625,27.42660903930664,25.320819854736328
20056_1346_1,2024-05-09,12,32.968063,30.46942710876465,26.850357055664062,24.9184627532959
20056_1346_1,2024-05-09,13,32.339764,30.12053871154785,26.465011596679688,24.58684539794922
20056_1346_1,2024-05-09,14,32.267815,30.102277755737305,26.021333694458008,24.24961853027344
20056_1346_1,2024-05-09,15,29.599867,28.589731216430664,25.41768264770508,23.641359329223636
20056_1346_1,2024-05-09,16,27.991495,26.09847640991211,24.681459426879883,22.53230857849121
20056_1346_1,2024-05-09,17,27.738913,26.18589782714844,24.14763069152832,22.205270767211918
20056_1346_1,2024-05-09,18,28.006922,26.41392517089844,23.73930549621582,21.995576858520508
20056_1346_1,2024-05-09,19,27.580376,26.166791915893555,23.46708869934082,21.788875579833984
20056_1346_1,2024-05-09,20,27.918993,26.36477470397949,23.127700805664062,21.566059112548828
20056_1346_1,2024-05-09,21,27.59851,26.23698234558105,22.731748580932617,21.34644889831543
20056_1346_1,2024-05-09,22,27.595419,26.12112617492676,22.63983154296875,21.48126983642578
20056_1346_1,2024-05-09,23,27.783804,26.26922607421875,23.17365837097168,22.41596984863281
20056_1346_1,2024-05-09,24,27.943151,26.396778106689453,23.923139572143555,23.182863235473636
20056_1346_1,2024-05-09,25,27.648727,26.2878532409668,24.90948486328125,24.272850036621094
20056_1346_1,2024-05-09,26,27.667707,26.46335792541504,25.86047744750977,25.304887771606445
20056_1346_1,2024-05-09,27,28.224901,25.78500747680664,26.94757461547852,25.97941398620605
20056_1346_1,2024-05-09,28,33.022793,31.22851181030273,27.811952590942383,27.62860679626465
20056_1346_1,2024-05-09,29,32.900658,31.27646255493164,28.564971923828125,28.4432373046875
20056_1346_1,2024-05-09,30,32.67947,30.955190658569336,29.427579879760746,29.28964233398437
20056_1346_1,2024-05-09,31,32.89889,31.320579528808597,29.79525184631348,29.82250213623047
20056_1346_1,2024-05-09,32,32.752483,31.290239334106445,29.894237518310547,29.92793846130371
20056_1346_1,2024-05-09,33,31.890131,30.747224807739254,29.752826690673828,30.04473114013672
20056_1346_1,2024-05-09,34,31.873285,30.68201065063477,29.69626235961914,30.235464096069336
20056_1346_1,2024-05-09,35,31.627707,30.53912353515625,29.130619049072266,29.816347122192383
20056_1346_1,2024-05-09,36,28.062057,28.389148712158203,28.23972511291504,28.46434211730957
20056_1346_1,2024-05-09,37,26.584517,27.02011489868164,27.68114852905273,27.646766662597656
20056_1346_1,2024-05-09,38,26.586777,27.049495697021484,27.150856018066406,27.19536018371582
20056_1346_1,2024-05-09,39,24.919619,26.02886009216309,26.60995864868164,26.550411224365234
20056_1346_1,2024-05-09,40,23.91147,25.487455368041992,25.80744743347168,25.65169906616211
20056_1346_1,2024-05-09,41,23.89341,25.393787384033203,25.09685516357422,25.139413833618164
20056_1346_1,2024-05-09,42,23.71984,25.20224952697754,24.47110939025879,24.566022872924805
20056_1346_1,2024-05-09,43,23.769026,25.246665954589844,23.67920684814453,24.0023250579834
20056_1346_1,2024-05-09,44,22.71401,24.09830665588379,23.1418399810791,23.4799747467041
20056_1346_1,2024-05-09,45,22.400057,23.775365829467773,22.434783935546875,23.13998794555664
20056_1346_1,2024-05-09,46,21.923925,23.021276473999023,21.66409111022949,22.33903312683105
20056_1346_1,2024-05-09,47,20.782087,21.66953468322754,21.31056404113769,21.98324203491211
20056_1346_1,2024-05-09,48,19.664692,21.00058937072754,21.041879653930664,21.80712509155273
20056_1346_1,2024-05-09,49,19.608324,21.00400733947754,20.85804557800293,21.74234962463379
20056_1346_1,2024-05-09,50,18.856995,15.59118366241455,21.395410537719727,21.370420455932617
20056_1346_1,2024-05-09,51,18.469645,15.384053230285645,22.42771339416504,22.14850425720215
20056_1346_1,2024-05-09,52,18.444464,15.328765869140623,23.66860008239746,23.67870330810547
20056_1346_1,2024-05-09,53,16.202261,13.474700927734377,24.966493606567383,24.861936569213867
20056_1346_1,2024-05-10,1,32.40625,30.767868041992188,19.376283645629883,21.09473991394043
20056_1346_1,2024-05-10,2,32.56077,30.99342918395996,23.925994873046875,23.861501693725582
20056_1346_1,2024-05-10,3,32.405148,30.84661865234375,27.04569435119629,26.54910659790039
20056_1346_1,2024-05-10,4,32.306095,30.65206718444824,29.066207885742188,28.34666633605957
20056_1346_1,2024-05-10,5,33.36285,31.27898597717285,30.489103317260746,30.106069564819336
20056_1346_1,2024-05-10,6,32.5673,30.625961303710938,31.044034957885746,29.93732070922852
20056_1346_1,2024-05-10,7,32.30426,30.261425018310547,31.28592300415039,30.33907699584961
20056_1346_1,2024-05-10,8,31.611166,29.710811614990234,31.200551986694336,29.74548721313477
20056_1346_1,2024-05-10,9,30.13044,28.18863296508789,30.972888946533203,28.78738212585449
20056_1346_1,2024-05-10,10,31.612978,29.680152893066406,30.34681510925293,28.83384323120117
20056_1346_1,2024-05-10,11,32.17292,30.29937744140625,29.77765655517578,28.65992927551269
20056_1346_1,2024-05-10,12,32.342007,30.46942710876465,29.18003845214844,28.516338348388672
20056_1346_1,2024-05-10,13,31.805216,30.12053871154785,28.703369140625,28.03330421447754
20056_1346_1,2024-05-10,14,31.896784,30.102277755737305,27.70022773742676,27.287038803100582
20056_1346_1,2024-05-10,15,29.439402,28.589731216430664,26.853605270385746,26.102802276611328
20056_1346_1,2024-05-10,16,27.811255,26.09847640991211,26.366260528564453,24.831029891967773
20056_1346_1,2024-05-10,17,27.362137,26.18589782714844,25.93761444091797,24.709962844848636
20056_1346_1,2024-05-10,18,27.649788,26.41392517089844,25.642364501953125,24.726045608520508
20056_1346_1,2024-05-10,19,27.149137,26.166791915893555,25.16213607788086,24.361099243164062
20056_1346_1,2024-05-10,20,27.399618,26.36477470397949,25.112335205078125,24.47194480895996
20056_1346_1,2024-05-10,21,27.193039,26.23698234558105,24.902456283569336,24.332496643066406
20056_1346_1,2024-05-10,22,26.973755,26.12112617492676,24.822420120239254,24.18975257873535
20056_1346_1,2024-05-10,23,27.048874,26.26922607421875,25.25640296936035,24.810081481933597
20056_1346_1,2024-05-10,24,27.14242,26.396778106689453,25.838010787963867,25.41629409790039
20056_1346_1,2024-05-10,25,26.993883,26.2878532409668,26.56368827819824,25.64175033569336
20056_1346_1,2024-05-10,26,26.978724,26.46335792541504,27.568607330322266,26.666648864746094
20056_1346_1,2024-05-10,27,27.650042,25.78500747680664,28.191125869750977,26.526020050048828
20056_1346_1,2024-05-10,28,32.615765,31.22851181030273,28.489933013916016,27.645057678222656
20056_1346_1,2024-05-10,29,32.257923,31.27646255493164,28.92391967773437,27.796236038208008
20056_1346_1,2024-05-10,30,32.203968,30.955190658569336,29.59267807006836,28.464290618896484
20056_1346_1,2024-05-10,31,32.506054,31.320579528808597,29.621137619018555,28.525297164916992
20056_1346_1,2024-05-10,32,32.351162,31.290239334106445,29.379243850708008,28.21109390258789
20056_1346_1,2024-05-10,33,31.536299,30.747224807739254,28.71759796142578,27.841516494750977
20056_1346_1,2024-05-10,34,31.440584,30.68201065063477,27.977693557739254,27.171831130981445
20056_1346_1,2024-05-10,35,31.180174,30.53912353515625,27.46900749206543,26.787466049194336
20056_1346_1,2024-05-10,36,28.566458,28.389148712158203,26.0096492767334,24.727218627929688
20056_1346_1,2024-05-10,37,26.6032,27.02011489868164,24.56629753112793,22.86602020263672
20056_1346_1,2024-05-10,38,26.61514,27.049495697021484,23.595170974731445,22.02191925048828
20056_1346_1,2024-05-10,39,25.231697,26.02886009216309,22.958425521850582,20.88085556030273
20056_1346_1,2024-05-10,40,24.424507,25.487455368041992,21.983739852905277,19.80498313903809
20056_1346_1,2024-05-10,41,24.35536,25.393787384033203,20.991270065307617,18.94139671325684
20056_1346_1,2024-05-10,42,24.200315,25.20224952697754,20.41499710083008,18.650331497192383
20056_1346_1,2024-05-10,43,24.304482,25.246665954589844,19.76046562194824,18.312231063842773
20056_1346_1,2024-05-10,44,23.172201,24.09830665588379,19.24822425842285,17.8543701171875
20056_1346_1,2024-05-10,45,22.918848,23.775365829467773,18.72175025939941,17.974397659301758
20056_1346_1,2024-05-10,46,22.238626,23.021276473999023,17.89647102355957,17.0288028717041
20056_1346_1,2024-05-10,47,21.124191,21.66953468322754,17.540746688842773,16.92668342590332
20056_1346_1,2024-05-10,48,20.152483,21.00058937072754,17.128108978271484,16.66230583190918
20056_1346_1,2024-05-10,49,20.145231,21.00400733947754,16.943130493164062,16.655603408813477
20056_1346_1,2024-05-10,50,19.531046,15.59118366241455,17.327312469482422,15.677794456481934
20056_1346_1,2024-05-10,51,19.186176,15.384053230285645,18.209508895874023,15.918227195739746
20056_1346_1,2024-05-10,52,19.128359,15.328765869140623,19.703548431396484,17.567771911621094
20056_1346_1,2024-05-10,53,16.795012,13.474700927734377,21.41102409362793,18.6247501373291
20056_1346_1,2024-05-11,1,31.828125,33.55537414550781,20.62966537475586,21.6043643951416
20056_1346_1,2024-05-11,2,32.15028,33.806182861328125,25.471115112304688,24.88748359680176
20056_1346_1,2024-05-11,3,31.996977,33.67827606201172,28.30798721313477,27.67806434631348
20056_1346_1,2024-05-11,4,31.736702,33.099300384521484,29.568817138671875,28.562156677246094
20056_1346_1,2024-05-11,5,32.426746,33.69348907470703,30.24881935119629,29.250627517700195
20056_1346_1,2024-05-11,6,31.055199,32.60780334472656,30.702150344848636,28.87878799438477
20056_1346_1,2024-05-11,7,30.237999,32.167686462402344,31.12714958190918,29.71708106994629
20056_1346_1,2024-05-11,8,29.859081,31.613025665283203,31.495481491088867,29.824092864990234
20056_1346_1,2024-05-11,9,26.988169,29.40851402282715,31.637149810791016,29.39330291748047
20056_1346_1,2024-05-11,10,28.871645,31.180089950561523,31.282983779907227,30.060121536254883
20056_1346_1,2024-05-11,11,29.160133,31.88099670410156,30.81548309326172,30.012496948242188
20056_1346_1,2024-05-11,12,29.607256,32.1646728515625,30.546316146850582,30.107728958129883
20056_1346_1,2024-05-11,13,29.03243,31.82625389099121,30.092987060546875,29.628536224365234
20056_1346_1,2024-05-11,14,28.895403,31.78513526916504,29.41298484802246,29.21754646301269
20056_1346_1,2024-05-11,15,25.93437,30.48932266235352,28.612571716308597,28.109352111816406
20056_1346_1,2024-05-11,16,25.153122,28.305957794189453,27.84048843383789,26.432809829711918
20056_1346_1,2024-05-11,17,24.775902,28.51840209960937,27.24548721313477,26.070030212402344
20056_1346_1,2024-05-11,18,25.051867,29.00024032592773,26.92319869995117,26.04704093933105
20056_1346_1,2024-05-11,19,24.312073,29.07428932189941,26.342365264892575,25.475486755371094
20056_1346_1,2024-05-11,20,24.614225,29.702505111694336,25.99351119995117,25.381784439086918
20056_1346_1,2024-05-11,21,24.56151,29.73027992248535,25.492809295654297,25.12614631652832
20056_1346_1,2024-05-11,22,24.530855,29.741779327392575,25.489709854125977,25.033281326293945
20056_1346_1,2024-05-11,23,24.749605,29.930156707763672,26.03424072265625,25.864795684814453
20056_1346_1,2024-05-11,24,24.811544,30.15848922729492,26.855905532836918,26.702754974365234
20056_1346_1,2024-05-11,25,24.65983,30.14085960388184,27.89715385437012,27.419790267944336
20056_1346_1,2024-05-11,26,24.603617,30.28916931152344,28.945484161376957,28.384639739990234
20056_1346_1,2024-05-11,27,25.392653,29.33270263671875,29.39881896972656,27.970067977905277
20056_1346_1,2024-05-11,28,29.317175,33.948997497558594,29.66798591613769,29.472902297973636
20056_1346_1,2024-05-11,29,29.135963,34.21916580200195,29.922983169555664,29.7076473236084
20056_1346_1,2024-05-11,30,29.094114,33.91333770751953,30.432981491088867,30.043119430541992
20056_1346_1,2024-05-11,31,29.156614,34.08512115478516,30.574649810791016,30.34719467163086
20056_1346_1,2024-05-11,32,28.978823,34.107940673828125,30.37631607055664,30.113399505615234
20056_1346_1,2024-05-11,33,28.654337,33.95623016357422,29.90881729125977,29.92744255065918
20056_1346_1,2024-05-11,34,28.718006,33.9050407409668,29.3563175201416,29.702133178710938
20056_1346_1,2024-05-11,35,28.663311,33.88336944580078,28.79673385620117,29.471210479736328
20056_1346_1,2024-05-11,36,27.1223,32.563087463378906,27.79798889160156,27.93768310546875
20056_1346_1,2024-05-11,37,24.960897,30.80719566345215,26.855905532836918,26.4102725982666
20056_1346_1,2024-05-11,38,25.054647,30.855762481689453,25.837677001953125,25.407615661621094
20056_1346_1,2024-05-11,39,24.28139,30.02964782714844,25.302001953125,24.43760871887207
20056_1346_1,2024-05-11,40,23.94278,29.55887794494629,24.823877334594727,23.77317237854004
20056_1346_1,2024-05-11,41,23.733927,29.15475845336914,23.93403625488281,22.99951934814453
20056_1346_1,2024-05-11,42,23.244598,28.829578399658203,23.37799453735352,22.62251663208008
20056_1346_1,2024-05-11,43,23.252964,28.89667320251465,22.42174530029297,21.931941986083984
20056_1346_1,2024-05-11,44,22.342619,27.28646278381348,21.93299674987793,21.38208770751953
20056_1346_1,2024-05-11,45,22.263071,26.980972290039062,21.125497817993164,21.07171630859375
20056_1346_1,2024-05-11,46,21.828741,26.18927001953125,20.26133346557617,20.221553802490234
20056_1346_1,2024-05-11,47,20.30819,24.452638626098636,19.680500030517575,19.607818603515625
20056_1346_1,2024-05-11,48,19.472624,23.7912654876709,18.97216796875,19.14690971374512
20056_1346_1,2024-05-11,49,19.488249,23.77546119689941,18.518835067749023,19.340408325195312
20056_1346_1,2024-05-11,50,18.88271,17.430984497070312,18.71716690063477,18.157649993896484
20056_1346_1,2024-05-11,51,18.78364,17.202499389648438,19.63800048828125,18.493520736694336
20056_1346_1,2024-05-11,52,18.787973,17.144550323486328,20.88466453552246,19.8513126373291
20056_1346_1,2024-05-11,53,16.8894,15.168733596801758,23.05216217041016,21.481813430786133
20056_1346_1,2024-05-12,1,21.235294,21.62185478210449,20.163084030151367,21.99364852905273
20056_1346_1,2024-05-12,2,21.989544,21.86794090270996,24.49002265930176,25.00322151184082
20056_1346_1,2024-05-12,3,21.877121,21.948217391967773,27.048311233520508,27.0606632232666
20056_1346_1,2024-05-12,4,21.98742,21.788724899291992,28.33556365966797,27.77416229248047
20056_1346_1,2024-05-12,5,21.964766,22.30526351928711,28.889745712280277,28.265966415405277
20056_1346_1,2024-05-12,6,20.341686,21.13032913208008,29.338706970214844,27.823137283325195
20056_1346_1,2024-05-12,7,19.765326,20.720897674560547,29.4930362701416,27.967945098876957
20056_1346_1,2024-05-12,8,19.455717,20.547908782958984,29.647367477416992,27.713642120361328
20056_1346_1,2024-05-12,9,17.922941,19.442790985107425,29.87184715270996,27.42123031616211
20056_1346_1,2024-05-12,10,19.105457,20.894392013549805,29.81572914123535,28.22488594055176
20056_1346_1,2024-05-12,11,19.580389,21.140888214111328,29.282588958740234,27.98224258422852
20056_1346_1,2024-05-12,12,19.856588,21.477828979492188,28.81258201599121,27.98067855834961
20056_1346_1,2024-05-12,13,19.627403,21.395381927490234,28.47586250305176,27.55331802368164
20056_1346_1,2024-05-12,14,19.676449,21.718978881835938,27.851526260375977,27.079723358154297
20056_1346_1,2024-05-12,15,18.76056,21.85033798217773,27.14301300048828,26.03304481506348
20056_1346_1,2024-05-12,16,18.348124,21.785280227661133,26.65897560119629,24.67164421081543
20056_1346_1,2024-05-12,17,18.56158,22.585132598876957,26.20651054382324,24.49027442932129
20056_1346_1,2024-05-12,18,18.89745,22.94479751586914,25.8206844329834,24.286075592041016
20056_1346_1,2024-05-12,19,18.951218,22.8568058013916,25.33620834350586,23.742341995239254
20056_1346_1,2024-05-12,20,19.09813,23.397357940673828,24.810522079467773,23.325883865356445
20056_1346_1,2024-05-12,21,19.04611,23.479602813720703,24.12656021118164,22.63284492492676
20056_1346_1,2024-05-12,22,19.068794,23.4982967376709,24.11077690124512,22.66040802001953
20056_1346_1,2024-05-12,23,19.195135,23.63194465637207,24.69126892089844,23.668554306030277
20056_1346_1,2024-05-12,24,19.24627,23.76572608947754,25.303327560424805,24.450170516967773
20056_1346_1,2024-05-12,25,19.35018,23.79250144958496,26.438003540039062,25.41587829589844
20056_1346_1,2024-05-12,26,19.433022,23.84161949157715,27.3218936920166,26.441387176513672
20056_1346_1,2024-05-12,27,19.550905,23.001426696777344,28.047948837280277,26.657058715820312
20056_1346_1,2024-05-12,28,21.535795,25.098865509033203,28.300487518310547,28.068737030029297
20056_1346_1,2024-05-12,29,21.805298,25.13274955749512,28.64422035217285,28.568870544433597
20056_1346_1,2024-05-12,30,21.827507,25.068824768066406,29.212438583374023,28.987960815429688
20056_1346_1,2024-05-12,31,21.842213,25.1848201751709,29.479005813598636,29.329973220825195
20056_1346_1,2024-05-12,32,22.009966,25.26454162597656,29.54915809631348,29.33085250854492
20056_1346_1,2024-05-12,33,21.923666,25.28619956970215,28.97392845153809,28.815746307373047
20056_1346_1,2024-05-12,34,21.997196,25.277990341186523,28.637205123901367,28.666749954223636
20056_1346_1,2024-05-12,35,21.988947,25.28023910522461,28.37063407897949,28.54738998413086
20056_1346_1,2024-05-12,36,21.569613,24.75938415527344,27.56391143798828,27.235652923583984
20056_1346_1,2024-05-12,37,20.586391,24.07453727722168,26.96763610839844,26.243946075439453
20056_1346_1,2024-05-12,38,20.645216,24.131006240844727,26.129344940185547,25.45503234863281
20056_1346_1,2024-05-12,39,20.528322,23.899991989135746,25.50939178466797,24.418590545654297
20056_1346_1,2024-05-12,40,20.375357,23.546955108642575,25.17442512512207,23.94343376159668
20056_1346_1,2024-05-12,41,20.313034,22.80237197875977,24.69828224182129,23.78676986694336
20056_1346_1,2024-05-12,42,20.097136,22.43476104736328,24.240556716918945,23.423629760742188
20056_1346_1,2024-05-12,43,20.15596,22.498764038085938,23.375953674316406,22.74037742614746
20056_1346_1,2024-05-12,44,19.799044,21.176055908203125,22.870874404907227,22.097389221191406
20056_1346_1,2024-05-12,45,19.722723,20.635839462280277,21.92384910583496,21.624006271362305
20056_1346_1,2024-05-12,46,19.013277,20.017967224121094,21.117122650146484,20.925745010375977
20056_1346_1,2024-05-12,47,17.504963,18.1944580078125,20.80846405029297,20.86956596374512
20056_1346_1,2024-05-12,48,16.928354,17.33197021484375,20.401594161987305,20.669910430908203
20056_1346_1,2024-05-12,49,16.950977,17.320077896118164,20.13502311706543,20.835224151611328
20056_1346_1,2024-05-12,50,16.425344,12.32935905456543,20.331443786621094,19.680850982666016
20056_1346_1,2024-05-12,51,16.034132,12.10735034942627,21.516979217529297,20.396936416625977
20056_1346_1,2024-05-12,52,16.027744,12.0353364944458,22.92699432373047,21.77496910095215
20056_1346_1,2024-05-12,53,14.438973,10.238876342773438,24.396636962890625,22.61614227294922
20056_1346_1,2024-05-13,1,31.48,30.767868041992188,16.32505226135254,23.68863868713379
20056_1346_1,2024-05-13,2,31.77014,30.99342918395996,19.51915168762207,27.137428283691406
20056_1346_1,2024-05-13,3,31.719463,30.84661865234375,20.98956298828125,28.60284423828125
20056_1346_1,2024-05-13,4,31.611435,30.65206718444824,21.79160690307617,28.63186454772949
20056_1346_1,2024-05-13,5,32.007565,31.27898597717285,22.150415420532227,29.11003303527832
20056_1346_1,2024-05-13,6,31.613947,30.625961303710938,22.558473587036133,27.86563873291016
20056_1346_1,2024-05-13,7,30.764233,30.261425018310547,23.28312492370605,28.44872093200684
20056_1346_1,2024-05-13,8,30.068506,29.710811614990234,24.0539493560791,28.212018966674805
20056_1346_1,2024-05-13,9,27.915216,28.18863296508789,24.421112060546875,27.222352981567383
20056_1346_1,2024-05-13,10,28.73977,29.680152893066406,24.911834716796875,28.521181106567383
20056_1346_1,2024-05-13,11,29.680593,30.29937744140625,25.404315948486328,28.621686935424805
20056_1346_1,2024-05-13,12,30.123394,30.46942710876465,25.530956268310547,29.02728271484375
20056_1346_1,2024-05-13,13,29.556324,30.12053871154785,25.298784255981445,28.41502571105957
20056_1346_1,2024-05-13,14,29.549177,30.102277755737305,25.082006454467773,28.19515037536621
20056_1346_1,2024-05-13,15,26.755781,28.589731216430664,24.87489891052246,27.17204093933105
20056_1346_1,2024-05-13,16,25.007854,26.09847640991211,24.45189094543457,25.04018783569336
20056_1346_1,2024-05-13,17,24.28908,26.18589782714844,24.09132575988769,25.04649353027344
20056_1346_1,2024-05-13,18,24.716194,26.41392517089844,24.111553192138672,25.19513320922852
20056_1346_1,2024-05-13,19,24.0774,26.166791915893555,23.874103546142575,24.788684844970703
20056_1346_1,2024-05-13,20,24.195467,26.36477470397949,23.782642364501957,24.79694938659668
20056_1346_1,2024-05-13,21,23.9612,26.23698234558105,23.54519844055176,24.627052307128903
20056_1346_1,2024-05-13,22,23.785223,26.12112617492676,23.395692825317383,24.498334884643555
20056_1346_1,2024-05-13,23,23.930645,26.26922607421875,23.402729034423828,25.05778694152832
20056_1346_1,2024-05-13,24,24.188416,26.396778106689453,23.722843170166016,25.55301856994629
20056_1346_1,2024-05-13,25,24.07752,26.2878532409668,24.41495513916016,26.14695167541504
20056_1346_1,2024-05-13,26,24.135134,26.46335792541504,24.88105583190918,26.819339752197266
20056_1346_1,2024-05-13,27,24.316795,25.78500747680664,25.96187973022461,27.237871170043945
20056_1346_1,2024-05-13,28,29.075064,31.22851181030273,26.522958755493164,29.790607452392575
20056_1346_1,2024-05-13,29,29.44728,31.27646255493164,27.075241088867188,30.36719512939453
20056_1346_1,2024-05-13,30,29.53127,30.955190658569336,27.66270065307617,30.686250686645508
20056_1346_1,2024-05-13,31,29.713196,31.320579528808597,27.7752685546875,30.580535888671875
20056_1346_1,2024-05-13,32,29.696115,31.290239334106445,27.919496536254883,30.471553802490234
20056_1346_1,2024-05-13,33,28.469675,30.747224807739254,27.41294288635254,30.10281753540039
20056_1346_1,2024-05-13,34,28.29914,30.68201065063477,27.41997718811035,30.36798858642578
20056_1346_1,2024-05-13,35,28.000408,30.53912353515625,27.321481704711918,30.06430053710937
20056_1346_1,2024-05-13,36,25.006079,28.389148712158203,26.48074531555176,28.215408325195312
20056_1346_1,2024-05-13,37,23.517723,27.02011489868164,25.627695083618164,26.71204948425293
20056_1346_1,2024-05-13,38,23.496546,27.049495697021484,24.79047393798828,25.943363189697266
20056_1346_1,2024-05-13,39,22.073452,26.02886009216309,24.64976501464844,25.372453689575195
20056_1346_1,2024-05-13,40,21.648521,25.487455368041992,24.329652786254883,24.939252853393555
20056_1346_1,2024-05-13,41,21.422714,25.393787384033203,23.891143798828125,24.648578643798828
20056_1346_1,2024-05-13,42,21.272629,25.20224952697754,23.47835922241211,24.324098587036133
20056_1346_1,2024-05-13,43,21.326458,25.246665954589844,22.72732353210449,23.73013687133789
20056_1346_1,2024-05-13,44,20.596521,24.09830665588379,22.101167678833008,23.036849975585938
20056_1346_1,2024-05-13,45,20.118216,23.775365829467773,21.27098274230957,22.57238006591797
20056_1346_1,2024-05-13,46,19.725252,23.021276473999023,20.49004554748535,21.47515106201172
20056_1346_1,2024-05-13,47,18.222017,21.66953468322754,20.05384635925293,21.138574600219727
20056_1346_1,2024-05-13,48,17.458534,21.00058937072754,19.70207405090332,21.0900936126709
20056_1346_1,2024-05-13,49,17.48076,21.00400733947754,19.27994728088379,21.276268005371094
20056_1346_1,2024-05-13,50,17.102154,15.59118366241455,19.153308868408203,19.03178596496582
20056_1346_1,2024-05-13,51,16.764868,15.384053230285645,19.54729461669922,18.975326538085938
20056_1346_1,2024-05-13,52,16.804068,15.328765869140623,20.391550064086918,19.76364517211914
20056_1346_1,2024-05-13,53,15.145646,13.474700927734377,22.17855834960937,21.02616310119629
20056_1346_1,2024-05-14,1,29.75,30.767868041992188,18.751863479614254,22.899349212646484
20056_1346_1,2024-05-14,2,29.867409,30.99342918395996,22.98670196533203,25.79641342163086
20056_1346_1,2024-05-14,3,29.47683,30.84661865234375,25.40410423278809,27.59295082092285
20056_1346_1,2024-05-14,4,29.572702,30.65206718444824,26.561931610107425,27.891159057617188
20056_1346_1,2024-05-14,5,30.031435,31.27898597717285,27.14435386657715,28.21706199645996
20056_1346_1,2024-05-14,6,29.18466,30.625961303710938,27.607484817504883,27.095722198486328
20056_1346_1,2024-05-14,7,28.431692,30.261425018310547,28.0635986328125,27.367406845092773
20056_1346_1,2024-05-14,8,27.508472,29.710811614990234,28.11973571777344,27.085458755493164
20056_1346_1,2024-05-14,9,26.275293,28.18863296508789,28.253061294555664,26.49058532714844
20056_1346_1,2024-05-14,10,27.475868,29.680152893066406,27.92325782775879,27.26297378540039
20056_1346_1,2024-05-14,11,28.630621,30.29937744140625,27.47416114807129,26.893823623657227
20056_1346_1,2024-05-14,12,28.982449,30.46942710876465,26.839109420776367,26.898944854736328
20056_1346_1,2024-05-14,13,28.382652,30.12053871154785,26.07073211669922,25.953569412231445
20056_1346_1,2024-05-14,14,28.331472,30.102277755737305,25.69180679321289,25.70733070373535
20056_1346_1,2024-05-14,15,26.34075,28.589731216430664,24.8918571472168,24.545469284057617
20056_1346_1,2024-05-14,16,25.405214,26.09847640991211,24.193649291992188,22.85718536376953
20056_1346_1,2024-05-14,17,25.071823,26.18589782714844,23.56912422180176,22.41743469238281
20056_1346_1,2024-05-14,18,25.344704,26.41392517089844,23.04283905029297,22.34392547607422
20056_1346_1,2024-05-14,19,25.286762,26.166791915893555,22.625320434570312,22.001937866210938
20056_1346_1,2024-05-14,20,25.570152,26.36477470397949,22.386737823486328,21.99053955078125
20056_1346_1,2024-05-14,21,25.341152,26.23698234558105,22.092018127441406,21.857818603515625
20056_1346_1,2024-05-14,22,25.187202,26.12112617492676,21.98676109313965,21.71063804626465
20056_1346_1,2024-05-14,23,25.443499,26.26922607421875,22.421823501586918,22.61483383178711
20056_1346_1,2024-05-14,24,25.628654,26.396778106689453,22.7025089263916,22.89215850830078
20056_1346_1,2024-05-14,25,25.520079,26.2878532409668,23.41474723815918,23.02182960510254
20056_1346_1,2024-05-14,26,25.50672,26.46335792541504,24.416444778442383,23.972530364990234
20056_1346_1,2024-05-14,27,25.6779,25.78500747680664,25.60190200805664,24.21613311767578
20056_1346_1,2024-05-14,28,30.178457,31.22851181030273,26.79876136779785,27.337648391723636
20056_1346_1,2024-05-14,29,30.562677,31.27646255493164,27.765369415283203,28.23394203186035
20056_1346_1,2024-05-14,30,30.550383,30.955190658569336,28.267093658447266,28.63262367248535
20056_1346_1,2024-05-14,31,30.912342,31.320579528808597,28.18288803100586,28.71836280822754
20056_1346_1,2024-05-14,32,30.871283,31.290239334106445,28.063596725463867,28.634357452392575
20056_1346_1,2024-05-14,33,30.172327,30.747224807739254,27.688180923461918,28.293045043945312
20056_1346_1,2024-05-14,34,30.134668,30.68201065063477,27.333818435668945,27.98649787902832
20056_1346_1,2024-05-14,35,29.904219,30.53912353515625,26.797006607055664,27.5416202545166
20056_1346_1,2024-05-14,36,27.581654,28.389148712158203,25.79004669189453,25.657257080078125
20056_1346_1,2024-05-14,37,25.802898,27.02011489868164,24.92518615722656,24.17220687866211
20056_1346_1,2024-05-14,38,25.798317,27.049495697021484,24.105058670043945,23.428102493286133
20056_1346_1,2024-05-14,39,24.492422,26.02886009216309,23.42176628112793,22.56547164916992
20056_1346_1,2024-05-14,40,24.055153,25.487455368041992,23.039331436157227,22.163061141967773
20056_1346_1,2024-05-14,41,23.758146,25.393787384033203,22.120086669921875,21.455541610717773
20056_1346_1,2024-05-14,42,23.272652,25.20224952697754,21.193824768066406,20.52792358398437
20056_1346_1,2024-05-14,43,23.329973,25.246665954589844,20.18335723876953,19.80449104309082
20056_1346_1,2024-05-14,44,22.643217,24.09830665588379,19.453575134277344,18.95846939086914
20056_1346_1,2024-05-14,45,22.46765,23.775365829467773,18.82203483581543,18.85236167907715
20056_1346_1,2024-05-14,46,21.822092,23.021276473999023,18.008047103881836,18.104463577270508
20056_1346_1,2024-05-14,47,20.582737,21.66953468322754,17.558950424194336,17.665363311767578
20056_1346_1,2024-05-14,48,20.176735,21.00058937072754,17.025650024414062,17.2673397064209
20056_1346_1,2024-05-14,49,20.194176,21.00400733947754,16.6046199798584,17.074079513549805
20056_1346_1,2024-05-14,50,19.764471,15.59118366241455,17.025650024414062,15.520352363586426
20056_1346_1,2024-05-14,51,19.448326,15.384053230285645,17.979978561401367,15.921345710754396
20056_1346_1,2024-05-14,52,19.47836,15.328765869140623,19.3413028717041,17.4464054107666
20056_1346_1,2024-05-14,53,17.108995,13.474700927734377,21.46749496459961,19.08972549438477
20056_1346_1,2024-05-15,1,31.737373,30.767868041992188,22.858184814453125,27.954593658447266
20056_1346_1,2024-05-15,2,31.83927,30.99342918395996,27.011085510253903,32.04633712768555
20056_1346_1,2024-05-15,3,31.33306,30.84661865234375,29.18840217590332,34.57967758178711
20056_1346_1,2024-05-15,4,31.493351,30.65206718444824,30.134456634521484,35.40068054199219
20056_1346_1,2024-05-15,5,31.821087,31.27898597717285,30.14837074279785,35.35898971557617
20056_1346_1,2024-05-15,6,31.184559,30.625961303710938,29.717079162597656,33.147674560546875
20056_1346_1,2024-05-15,7,30.454512,30.261425018310547,29.285789489746094,32.132423400878906
20056_1346_1,2024-05-15,8,29.804829,29.710811614990234,29.3553524017334,31.54108238220215
20056_1346_1,2024-05-15,9,28.149408,28.18863296508789,29.452741622924805,30.550724029541016
20056_1346_1,2024-05-15,10,29.718828,29.680152893066406,29.424915313720703,31.793140411376957
20056_1346_1,2024-05-15,11,30.967083,30.29937744140625,28.659725189208984,31.123966217041016
20056_1346_1,2024-05-15,12,31.272377,30.46942710876465,28.374515533447266,31.28912353515625
20056_1346_1,2024-05-15,13,30.85009,30.12053871154785,28.228435516357425,31.00164794921875
20056_1346_1,2024-05-15,14,30.924356,30.102277755737305,27.845836639404297,30.690895080566406
20056_1346_1,2024-05-15,15,28.592556,28.589731216430664,27.146730422973636,29.387157440185547
20056_1346_1,2024-05-15,16,27.252316,26.09847640991211,26.4267578125,27.226531982421875
20056_1346_1,2024-05-15,17,26.505281,26.18589782714844,25.748517990112305,26.79600715637207
20056_1346_1,2024-05-15,18,27.104885,26.41392517089844,25.29288101196289,26.48912811279297
20056_1346_1,2024-05-15,19,26.92142,26.166791915893555,25.08854484558105,26.020671844482425
20056_1346_1,2024-05-15,20,27.246313,26.36477470397949,24.83246421813965,25.825803756713867
20056_1346_1,2024-05-15,21,26.967987,26.23698234558105,24.451610565185547,25.48260498046875
20056_1346_1,2024-05-15,22,26.86246,26.12112617492676,24.285961151123047,25.48439216613769
20056_1346_1,2024-05-15,23,27.056843,26.26922607421875,24.529430389404297,26.414854049682617
20056_1346_1,2024-05-15,24,27.293497,26.396778106689453,24.971590042114254,27.111011505126957
20056_1346_1,2024-05-15,25,27.06837,26.2878532409668,25.61374282836914,27.603191375732425
20056_1346_1,2024-05-15,26,27.151325,26.46335792541504,26.461538314819336,28.424715042114254
20056_1346_1,2024-05-15,27,27.373276,25.78500747680664,27.46324157714844,28.33656883239746
20056_1346_1,2024-05-15,28,32.39794,31.22851181030273,28.304954528808597,31.32663917541504
20056_1346_1,2024-05-15,29,32.449844,31.27646255493164,28.86145782470703,31.675262451171875
20056_1346_1,2024-05-15,30,32.48428,30.955190658569336,29.3553524017334,31.80774307250977
20056_1346_1,2024-05-15,31,32.74922,31.320579528808597,29.53621482849121,31.92982482910156
20056_1346_1,2024-05-15,32,32.661827,31.290239334106445,29.619691848754883,31.907379150390625
20056_1346_1,2024-05-15,33,32.114185,30.747224807739254,29.237096786499023,31.64634704589844
20056_1346_1,2024-05-15,34,31.85244,30.68201065063477,28.49972915649414,31.046409606933597
20056_1346_1,2024-05-15,35,31.7102,30.53912353515625,27.61628150939941,30.17234992980957
20056_1346_1,2024-05-15,36,28.830269,28.389148712158203,26.496320724487305,28.285541534423828
20056_1346_1,2024-05-15,37,26.959599,27.02011489868164,25.691131591796875,26.831636428833008
20056_1346_1,2024-05-15,38,26.949852,27.049495697021484,24.90463638305664,26.07462882995605
20056_1346_1,2024-05-15,39,25.54281,26.02886009216309,24.581605911254883,25.2515926361084
20056_1346_1,2024-05-15,40,24.96045,25.487455368041992,24.38682746887207,24.847211837768555
20056_1346_1,2024-05-15,41,24.708466,25.393787384033203,23.89249610900879,24.668676376342773
20056_1346_1,2024-05-15,42,24.361439,25.20224952697754,23.157304763793945,24.106599807739254
20056_1346_1,2024-05-15,43,24.440033,25.246665954589844,22.113862991333008,23.4572696685791
20056_1346_1,2024-05-15,44,23.92966,24.09830665588379,21.508665084838867,22.60112953186035
20056_1346_1,2024-05-15,45,23.61487,23.775365829467773,20.673912048339844,22.188026428222656
20056_1346_1,2024-05-15,46,22.91339,23.021276473999023,19.70003318786621,20.975738525390625
20056_1346_1,2024-05-15,47,21.450779,21.66953468322754,19.18526840209961,20.49635887145996
20056_1346_1,2024-05-15,48,20.288355,21.00058937072754,18.87919044494629,20.50893211364746
20056_1346_1,2024-05-15,49,20.309114,21.00400733947754,18.559202194213867,20.559228897094727
20056_1346_1,2024-05-15,50,19.679382,15.59118366241455,18.893104553222656,18.93563842773437
20056_1346_1,2024-05-15,51,19.348955,15.384053230285645,20.228710174560547,19.84402656555176
20056_1346_1,2024-05-15,52,19.403795,15.328765869140623,21.487796783447266,21.487199783325195
20056_1346_1,2024-05-15,53,17.34997,13.474700927734377,23.21643447875977,22.55562973022461
20056_1346_1,2024-05-16,1,32.01031,30.767868041992188,23.610010147094727,28.69835090637207
20056_1346_1,2024-05-16,2,32.09963,30.99342918395996,28.11025619506836,31.68649673461914
20056_1346_1,2024-05-16,3,31.862999,30.84661865234375,30.29471015930176,33.27873229980469
20056_1346_1,2024-05-16,4,31.847713,30.65206718444824,30.9168643951416,33.15156936645508
20056_1346_1,2024-05-16,5,32.097454,31.27898597717285,30.80625915527344,33.25814437866211
20056_1346_1,2024-05-16,6,31.19899,30.625961303710938,30.48826789855957,31.65800094604492
20056_1346_1,2024-05-16,7,30.382719,30.261425018310547,30.36383819580078,31.62599754333496
20056_1346_1,2024-05-16,8,29.799599,29.710811614990234,30.33618927001953,30.9439697265625
20056_1346_1,2024-05-16,9,28.29654,28.18863296508789,30.225584030151367,29.66978645324707
20056_1346_1,2024-05-16,10,29.059313,29.680152893066406,29.727861404418945,30.40140151977539
20056_1346_1,2024-05-16,11,30.727365,30.29937744140625,29.13335609436035,30.290016174316406
20056_1346_1,2024-05-16,12,30.884993,30.46942710876465,28.76006317138672,30.36557006835937
20056_1346_1,2024-05-16,13,30.062557,30.12053871154785,28.71858787536621,30.40483856201172
20056_1346_1,2024-05-16,14,29.916655,30.102277755737305,28.276168823242188,30.14314079284668
20056_1346_1,2024-05-16,15,27.448627,28.589731216430664,27.5364933013916,28.8510856628418
20056_1346_1,2024-05-16,16,25.608849,26.09847640991211,27.02494430541992,26.962308883666992
20056_1346_1,2024-05-16,17,24.75588,26.18589782714844,26.285274505615234,26.63023567199707
20056_1346_1,2024-05-16,18,25.222513,26.41392517089844,25.822114944458008,26.30648803710937
20056_1346_1,2024-05-16,19,25.421064,26.166791915893555,25.50066566467285,25.776355743408203
20056_1346_1,2024-05-16,20,26.006538,26.36477470397949,25.322664260864254,25.822555541992188
20056_1346_1,2024-05-16,21,25.95481,26.23698234558105,24.966651916503903,25.716402053833008
20056_1346_1,2024-05-16,22,25.661142,26.12112617492676,24.520774841308597,25.30814552307129
20056_1346_1,2024-05-16,23,25.714474,26.26922607421875,24.39461708068848,25.55071258544922
20056_1346_1,2024-05-16,24,25.93764,26.396778106689453,24.82494163513184,26.231298446655277
20056_1346_1,2024-05-16,25,25.85913,26.2878532409668,25.61991500854492,26.721858978271484
20056_1346_1,2024-05-16,26,26.147934,26.46335792541504,26.420074462890625,27.32068252563477
20056_1346_1,2024-05-16,27,26.341679,25.78500747680664,27.35676002502441,27.11517906188965
20056_1346_1,2024-05-16,28,29.160746,31.22851181030273,28.421337127685547,30.245718002319336
20056_1346_1,2024-05-16,29,29.826368,31.27646255493164,29.078054428100582,30.55636215209961
20056_1346_1,2024-05-16,30,30.471378,30.955190658569336,29.866113662719727,31.27004051208496
20056_1346_1,2024-05-16,31,31.01739,31.320579528808597,30.045848846435547,31.42451477050781
20056_1346_1,2024-05-16,32,30.854952,31.290239334106445,29.796987533569336,30.838403701782227
20056_1346_1,2024-05-16,33,29.993904,30.747224807739254,29.243959426879883,30.35371398925781
20056_1346_1,2024-05-16,34,29.838787,30.68201065063477,28.6010684967041,29.933223724365234
20056_1346_1,2024-05-16,35,29.085722,30.53912353515625,27.84757232666016,29.213029861450195
20056_1346_1,2024-05-16,36,26.511208,28.389148712158203,26.50648498535156,27.26637840270996
20056_1346_1,2024-05-16,37,24.923292,27.02011489868164,25.65102195739746,25.557966232299805
20056_1346_1,2024-05-16,38,24.922136,27.049495697021484,24.79210090637207,25.007686614990234
20056_1346_1,2024-05-16,39,23.497095,26.02886009216309,24.39461708068848,23.96333312988281
20056_1346_1,2024-05-16,40,23.060175,25.487455368041992,24.04378890991211,23.30369758605957
20056_1346_1,2024-05-16,41,22.786879,25.393787384033203,23.01896476745605,22.47073554992676
20056_1346_1,2024-05-16,42,22.580559,25.20224952697754,22.54889297485352,22.078628540039062
20056_1346_1,2024-05-16,43,22.684786,25.246665954589844,21.79193687438965,21.837696075439453
20056_1346_1,2024-05-16,44,22.049892,24.09830665588379,21.308040618896484,21.22108268737793
20056_1346_1,2024-05-16,45,21.843452,23.775365829467773,20.409374237060547,20.866649627685547
20056_1346_1,2024-05-16,46,20.882263,23.021276473999023,19.31714630126953,19.57161903381348
20056_1346_1,2024-05-16,47,19.371603,21.66953468322754,18.77794647216797,19.086992263793945
20056_1346_1,2024-05-16,48,18.73184,21.00058937072754,18.37700462341309,19.01336479187012
20056_1346_1,2024-05-16,49,18.814314,21.00400733947754,17.906930923461914,19.1605224609375
20056_1346_1,2024-05-16,50,18.188375,15.59118366241455,18.0866641998291,17.421762466430664
20056_1346_1,2024-05-16,51,17.911787,15.384053230285645,19.192716598510746,17.795536041259766
20056_1346_1,2024-05-16,52,17.946032,15.328765869140623,20.29185485839844,18.47618293762207
20056_1346_1,2024-05-16,53,15.831658,13.474700927734377,22.17181968688965,19.11990547180176
20056_1346_1,2024-05-17,1,32.636364,30.767868041992188,21.350860595703125,25.79991149902344
20056_1346_1,2024-05-17,2,32.83232,30.99342918395996,26.835203170776367,29.209630966186523
20056_1346_1,2024-05-17,3,32.3498,30.84661865234375,29.139652252197266,31.26222801208496
20056_1346_1,2024-05-17,4,32.172077,30.65206718444824,29.61599540710449,31.372404098510746
20056_1346_1,2024-05-17,5,32.43272,31.27898597717285,29.513002395629883,31.47474479675293
20056_1346_1,2024-05-17,6,30.91246,30.625961303710938,29.307016372680664,30.213218688964844
20056_1346_1,2024-05-17,7,30.185053,30.261425018310547,29.152528762817383,30.082996368408203
20056_1346_1,2024-05-17,8,29.612694,29.710811614990234,29.152528762817383,29.630638122558597
20056_1346_1,2024-05-17,9,28.43859,28.18863296508789,28.843549728393555,28.49113655090332
20056_1346_1,2024-05-17,10,29.196754,29.680152893066406,28.463768005371094,29.08260154724121
20056_1346_1,2024-05-17,11,31.11876,30.29937744140625,28.174102783203125,29.233545303344727
20056_1346_1,2024-05-17,12,31.58294,30.46942710876465,27.897310256958008,29.56614112854004
20056_1346_1,2024-05-17,13,30.856579,30.12053871154785,27.691326141357425,29.38605117797852
20056_1346_1,2024-05-17,14,30.857246,30.102277755737305,27.214984893798828,29.087013244628903
20056_1346_1,2024-05-17,15,28.283775,28.589731216430664,26.46185302734375,27.77157211303711
20056_1346_1,2024-05-17,16,27.478355,26.09847640991211,25.90826988220215,26.051633834838867
20056_1346_1,2024-05-17,17,26.523031,26.18589782714844,25.23419570922852,25.921432495117188
20056_1346_1,2024-05-17,18,26.82293,26.41392517089844,24.93638229370117,25.79790687561035
20056_1346_1,2024-05-17,19,26.730873,26.166791915893555,24.77455139160156,25.376670837402344
20056_1346_1,2024-05-17,20,27.320627,26.36477470397949,24.93044662475586,25.76140785217285
20056_1346_1,2024-05-17,21,27.148613,26.23698234558105,24.620059967041016,25.701026916503903
20056_1346_1,2024-05-17,22,27.041698,26.12112617492676,24.24912643432617,25.5701961517334
20056_1346_1,2024-05-17,23,27.195276,26.26922607421875,24.222576141357425,25.932884216308597
20056_1346_1,2024-05-17,24,27.182222,26.396778106689453,24.783403396606445,26.603591918945312
20056_1346_1,2024-05-17,25,27.0624,26.2878532409668,25.58883285522461,27.18963432312012
20056_1346_1,2024-05-17,26,27.414894,26.46335792541504,26.3170223236084,27.74806404113769
20056_1346_1,2024-05-17,27,27.856781,25.78500747680664,27.42097282409668,28.021862030029297
20056_1346_1,2024-05-17,28,32.02597,31.22851181030273,28.656879425048828,31.10407066345215
20056_1346_1,2024-05-17,29,32.77095,31.27646255493164,29.31989288330078,31.534236907958984
20056_1346_1,2024-05-17,30,33.45543,30.955190658569336,30.09233283996582,32.221004486083984
20056_1346_1,2024-05-17,31,33.8483,31.320579528808597,29.873477935791016,32.019344329833984
20056_1346_1,2024-05-17,32,33.595406,31.290239334106445,29.53874969482422,31.63114547729492
20056_1346_1,2024-05-17,33,33.13859,30.747224807739254,28.965856552124023,31.22527885437012
20056_1346_1,2024-05-17,34,33.072117,30.68201065063477,28.22559928894043,31.022794723510746
20056_1346_1,2024-05-17,35,32.850655,30.53912353515625,27.305105209350582,30.23050880432129
20056_1346_1,2024-05-17,36,29.735788,28.389148712158203,26.09011650085449,28.243009567260746
20056_1346_1,2024-05-17,37,27.534021,27.02011489868164,25.102035522460938,27.048093795776367
20056_1346_1,2024-05-17,38,27.549097,27.049495697021484,24.076940536499023,26.230545043945312
20056_1346_1,2024-05-17,39,25.632645,26.02886009216309,23.73255729675293,25.56095123291016
20056_1346_1,2024-05-17,40,25.168104,25.487455368041992,23.36564826965332,24.70394897460937
20056_1346_1,2024-05-17,41,24.895355,25.393787384033203,22.702634811401367,24.44100379943848
20056_1346_1,2024-05-17,42,24.335913,25.20224952697754,22.25204467773437,24.048480987548828
20056_1346_1,2024-05-17,43,24.379452,25.246665954589844,21.6920223236084,23.90781021118164
20056_1346_1,2024-05-17,44,23.82997,24.09830665588379,21.383045196533203,23.415191650390625
20056_1346_1,2024-05-17,45,23.578241,23.775365829467773,20.475425720214844,22.962053298950195
20056_1346_1,2024-05-17,46,22.694738,23.021276473999023,19.368257522583008,21.80530166625977
20056_1346_1,2024-05-17,47,20.76179,21.66953468322754,18.827547073364254,21.45184326171875
20056_1346_1,2024-05-17,48,19.859346,21.00058937072754,18.660186767578125,21.462114334106445
20056_1346_1,2024-05-17,49,19.836103,21.00400733947754,18.28683853149414,21.48451232910156
20056_1346_1,2024-05-17,50,19.293535,15.59118366241455,18.50569725036621,20.011857986450195
20056_1346_1,2024-05-17,51,18.916594,15.384053230285645,19.50987243652344,20.308837890625
20056_1346_1,2024-05-17,52,18.903444,15.328765869140623,20.68140983581543,21.13475227355957
20056_1346_1,2024-05-17,53,16.889723,13.474700927734377,22.52239990234375,22.06954002380371
20056_1346_1,2024-05-18,1,31.507692,33.55537414550781,23.64695930480957,28.38450050354004
20056_1346_1,2024-05-18,2,31.830769,33.806182861328125,28.289493560791016,31.033653259277344
20056_1346_1,2024-05-18,3,31.394028,33.67827606201172,29.98228645324707,32.316001892089844
20056_1346_1,2024-05-18,4,31.158398,33.099300384521484,30.19648742675781,31.980308532714844
20056_1346_1,2024-05-18,5,31.502567,33.69348907470703,29.732383728027344,31.502199172973636
20056_1346_1,2024-05-18,6,29.863136,32.60780334472656,29.43488121032715,30.183773040771484
20056_1346_1,2024-05-18,7,28.726942,32.167686462402344,28.756574630737305,29.523242950439453
20056_1346_1,2024-05-18,8,28.36187,31.613025665283203,28.488819122314453,28.56110572814941
20056_1346_1,2024-05-18,9,26.781254,29.40851402282715,28.536422729492188,27.596424102783203
20056_1346_1,2024-05-18,10,27.313423,31.180089950561523,28.38172149658203,28.59093475341797
20056_1346_1,2024-05-18,11,28.331724,31.88099670410156,28.435272216796875,28.807470321655277
20056_1346_1,2024-05-18,12,28.627703,32.1646728515625,28.209169387817383,28.95659637451172
20056_1346_1,2024-05-18,13,27.821686,31.82625389099121,27.846214294433597,28.59831047058105
20056_1346_1,2024-05-18,14,27.837706,31.78513526916504,27.26906013488769,28.37758445739746
20056_1346_1,2024-05-18,15,25.182665,30.48932266235352,26.54166412353516,27.441011428833008
20056_1346_1,2024-05-18,16,23.794067,28.305957794189453,25.75476837158203,25.780616760253903
20056_1346_1,2024-05-18,17,23.867207,28.51840209960937,25.304052352905277,25.612045288085938
20056_1346_1,2024-05-18,18,24.167723,29.00024032592773,25.253477096557617,26.09639549255371
20056_1346_1,2024-05-18,19,24.40989,29.07428932189941,24.870439529418945,25.62428474426269
20056_1346_1,2024-05-18,20,25.056786,29.702505111694336,24.79085922241211,25.727371215820312
20056_1346_1,2024-05-18,21,25.40212,29.73027992248535,24.490381240844727,25.53729820251465
20056_1346_1,2024-05-18,22,25.535746,29.741779327392575,24.109575271606445,25.44448471069336
20056_1346_1,2024-05-18,23,25.647306,29.930156707763672,23.96677589416504,25.75519371032715
20056_1346_1,2024-05-18,24,25.715523,30.15848922729492,24.35352897644043,26.06558990478516
20056_1346_1,2024-05-18,25,25.792747,30.14085960388184,25.179100036621094,26.37486267089844
20056_1346_1,2024-05-18,26,25.840763,30.28916931152344,25.91839408874512,26.9558219909668
20056_1346_1,2024-05-18,27,26.08666,29.33270263671875,26.87933158874512,27.030601501464844
20056_1346_1,2024-05-18,28,25.851011,33.948997497558594,28.31627082824707,30.35612678527832
20056_1346_1,2024-05-18,29,26.516298,34.21916580200195,29.244478225708008,30.788042068481445
20056_1346_1,2024-05-18,30,27.250336,33.91333770751953,29.708585739135746,30.738296508789062
20056_1346_1,2024-05-18,31,28.16729,34.08512115478516,29.815683364868164,30.984275817871094
20056_1346_1,2024-05-18,32,28.176037,34.107940673828125,29.5181827545166,30.841184616088867
20056_1346_1,2024-05-18,33,27.68335,33.95623016357422,28.970779418945312,30.55693817138672
20056_1346_1,2024-05-18,34,27.593782,33.9050407409668,28.369821548461918,30.35470962524414
20056_1346_1,2024-05-18,35,27.293991,33.88336944580078,27.42376136779785,29.55965614318848
20056_1346_1,2024-05-18,36,25.970198,32.563087463378906,26.17006492614746,27.99835777282715
20056_1346_1,2024-05-18,37,24.533731,30.80719566345215,24.890522003173828,26.409971237182617
20056_1346_1,2024-05-18,38,24.533287,30.855762481689453,24.0887508392334,26.04718780517578
20056_1346_1,2024-05-18,39,23.550148,30.02964782714844,23.704973220825195,25.375402450561523
20056_1346_1,2024-05-18,40,23.224022,29.55887794494629,23.3122673034668,24.72415351867676
20056_1346_1,2024-05-18,41,23.062906,29.15475845336914,22.19960594177246,24.039024353027344
20056_1346_1,2024-05-18,42,22.593838,28.829578399658203,21.84260368347168,23.83076477050781
20056_1346_1,2024-05-18,43,22.609222,28.89667320251465,21.36659812927246,23.794940948486328
20056_1346_1,2024-05-18,44,22.097458,27.28646278381348,20.593090057373047,22.661375045776367
20056_1346_1,2024-05-18,45,21.788712,26.980972290039062,20.021883010864254,22.621318817138672
20056_1346_1,2024-05-18,46,21.023075,26.18927001953125,19.331676483154297,22.01790809631348
20056_1346_1,2024-05-18,47,19.930885,24.452638626098636,18.879472732543945,21.84732437133789
20056_1346_1,2024-05-18,48,19.313845,23.7912654876709,18.28446578979492,21.4049015045166
20056_1346_1,2024-05-18,49,19.344614,23.77546119689941,17.594257354736328,21.217029571533203
20056_1346_1,2024-05-18,50,18.947071,17.430984497070312,17.380056381225586,19.165456771850582
20056_1346_1,2024-05-18,51,18.78821,17.202499389648438,17.808460235595703,18.74804306030273
20056_1346_1,2024-05-18,52,18.77415,17.144550323486328,18.21306610107422,18.882932662963867
20056_1346_1,2024-05-18,53,16.611265,15.168733596801758,19.938581466674805,18.800630569458008
20056_1346_1,2024-05-19,1,21.014706,21.62185478210449,20.108760833740234,20.35370445251465
20056_1346_1,2024-05-19,2,21.40625,21.86794090270996,23.03166007995605,19.45345115661621
20056_1346_1,2024-05-19,3,21.191572,21.948217391967773,24.035043716430664,19.63496398925781
20056_1346_1,2024-05-19,4,21.36444,21.788724899291992,24.24703598022461,19.72514915466309
20056_1346_1,2024-05-19,5,21.531372,22.30526351928711,24.16046714782715,19.83528709411621
20056_1346_1,2024-05-19,6,20.435287,21.13032913208008,24.45357322692871,19.382736206054688
20056_1346_1,2024-05-19,7,19.808485,20.720897674560547,24.59263038635254,19.301982879638672
20056_1346_1,2024-05-19,8,19.635773,20.547908782958984,24.41744613647461,19.13275718688965
20056_1346_1,2024-05-19,9,18.95773,19.442790985107425,24.325424194335938,18.381175994873047
20056_1346_1,2024-05-19,10,19.446148,20.894392013549805,24.28861427307129,19.016990661621094
20056_1346_1,2024-05-19,11,20.553045,21.140888214111328,24.356779098510746,19.3277530670166
20056_1346_1,2024-05-19,12,21.193245,21.477828979492188,24.27634620666504,19.519031524658203
20056_1346_1,2024-05-19,13,20.271412,21.395381927490234,24.08411979675293,19.58028984069824
20056_1346_1,2024-05-19,14,20.21951,21.718978881835938,23.70240020751953,19.786327362060547
20056_1346_1,2024-05-19,15,19.277706,21.85033798217773,22.944408416748047,19.15479278564453
20056_1346_1,2024-05-19,16,18.159803,21.785280227661133,22.666297912597656,18.64381217956543
20056_1346_1,2024-05-19,17,18.687258,22.585132598876957,22.55723571777344,18.994081497192383
20056_1346_1,2024-05-19,18,19.146622,22.94479751586914,22.51360893249512,19.253061294555664
20056_1346_1,2024-05-19,19,19.642618,22.8568058013916,22.284576416015625,19.07147026062012
20056_1346_1,2024-05-19,20,20.139786,23.397357940673828,22.235496520996094,19.400684356689453
20056_1346_1,2024-05-19,21,20.327005,23.479602813720703,22.382732391357425,19.806344985961918
20056_1346_1,2024-05-19,22,20.45294,23.4982967376709,22.31729507446289,19.747583389282227
20056_1346_1,2024-05-19,23,20.695507,23.63194465637207,22.21913719177246,19.94415855407715
20056_1346_1,2024-05-19,24,20.813154,23.76572608947754,22.532695770263672,20.43173599243164
20056_1346_1,2024-05-19,25,20.897028,23.79250144958496,23.023481369018555,21.01469993591309
20056_1346_1,2024-05-19,26,21.095024,23.84161949157715,23.467914581298828,21.553224563598636
20056_1346_1,2024-05-19,27,21.20521,23.001426696777344,24.85574531555176,22.28692054748535
20056_1346_1,2024-05-19,28,20.983196,25.098865509033203,26.16723251342773,24.86111068725586
20056_1346_1,2024-05-19,29,21.51031,25.13274955749512,27.291269302368164,25.890478134155277
20056_1346_1,2024-05-19,30,22.002829,25.068824768066406,28.397579193115234,26.635587692260746
20056_1346_1,2024-05-19,31,22.9293,25.1848201751709,28.506641387939453,27.03697395324707
20056_1346_1,2024-05-19,32,23.020208,25.26454162597656,28.577533721923828,26.9713134765625
20056_1346_1,2024-05-19,33,23.087769,25.28619956970215,28.370309829711918,27.27741050720215
20056_1346_1,2024-05-19,34,23.023407,25.277990341186523,28.114011764526367,27.417139053344727
20056_1346_1,2024-05-19,35,22.851965,25.28023910522461,27.69820785522461,27.09321403503418
20056_1346_1,2024-05-19,36,22.197298,24.75938415527344,26.679828643798828,25.50976181030273
20056_1346_1,2024-05-19,37,21.029037,24.07453727722168,25.78278541564941,24.68705940246582
20056_1346_1,2024-05-19,38,21.102566,24.131006240844727,24.893917083740234,24.30112838745117
20056_1346_1,2024-05-19,39,20.48189,23.899991989135746,24.633527755737305,23.83415985107422
20056_1346_1,2024-05-19,40,20.311434,23.546955108642575,24.321332931518555,23.281810760498047
20056_1346_1,2024-05-19,41,19.750778,22.80237197875977,23.814189910888672,23.1875114440918
20056_1346_1,2024-05-19,42,19.51934,22.43476104736328,23.69694709777832,23.07188415527344
20056_1346_1,2024-05-19,43,19.578165,22.498764038085938,22.78081512451172,22.184688568115234
20056_1346_1,2024-05-19,44,18.769377,21.176055908203125,22.07190322875977,21.31510353088379
20056_1346_1,2024-05-19,45,18.430246,20.635839462280277,21.46114730834961,21.135726928710938
20056_1346_1,2024-05-19,46,17.67883,20.017967224121094,20.87220573425293,20.67773056030273
20056_1346_1,2024-05-19,47,16.536806,18.1944580078125,20.1742000579834,20.10448837280273
20056_1346_1,2024-05-19,48,15.923022,17.33197021484375,19.530725479125977,19.46787643432617
20056_1346_1,2024-05-19,49,15.932601,17.320077896118164,19.48710060119629,19.92130470275879
20056_1346_1,2024-05-19,50,15.714054,12.32935905456543,19.86882209777832,18.638288497924805
20056_1346_1,2024-05-19,51,15.47217,12.10735034942627,21.210302352905277,19.635433197021484
20056_1346_1,2024-05-19,52,15.4495325,12.0353364944458,22.240949630737305,20.147891998291016
20056_1346_1,2024-05-19,53,13.740305,10.238876342773438,23.841455459594727,21.201631546020508
20056_1346_1,2024-05-20,1,29.93,30.767868041992188,17.011837005615234,26.25093460083008
20056_1346_1,2024-05-20,2,30.265984,30.99342918395996,21.043588638305664,30.29243850708008
20056_1346_1,2024-05-20,3,29.81503,30.84661865234375,22.6533203125,31.885326385498047
20056_1346_1,2024-05-20,4,29.701483,30.65206718444824,22.935640335083008,30.24600982666016
20056_1346_1,2024-05-20,5,30.034025,31.27898597717285,23.044607162475582,30.94123649597168
20056_1346_1,2024-05-20,6,28.713984,30.625961303710938,23.752885818481445,29.952442169189453
20056_1346_1,2024-05-20,7,27.868826,30.261425018310547,24.047592163085938,29.705415725708008
20056_1346_1,2024-05-20,8,27.902159,29.710811614990234,24.37077522277832,28.84052085876465
20056_1346_1,2024-05-20,9,26.60882,28.18863296508789,24.718727111816406,27.772069931030277
20056_1346_1,2024-05-20,10,26.852777,29.680152893066406,24.88217544555664,29.12583351135254
20056_1346_1,2024-05-20,11,28.401756,30.29937744140625,24.92055892944336,29.14790916442871
20056_1346_1,2024-05-20,12,28.853844,30.46942710876465,25.1768798828125,29.80794334411621
20056_1346_1,2024-05-20,13,28.146606,30.12053871154785,25.28336906433105,29.84870338439941
20056_1346_1,2024-05-20,14,28.0651,30.102277755737305,24.806640625,28.98494911193848
20056_1346_1,2024-05-20,15,25.888405,28.589731216430664,24.55156135559082,27.53447532653809
20056_1346_1,2024-05-20,16,24.196672,26.09847640991211,24.536083221435547,25.57920837402344
20056_1346_1,2024-05-20,17,23.50006,26.18589782714844,24.513795852661133,26.309364318847656
20056_1346_1,2024-05-20,18,24.021378,26.41392517089844,24.538713455200195,25.79136276245117
20056_1346_1,2024-05-20,19,23.83856,26.166791915893555,24.49336242675781,25.56317138671875
20056_1346_1,2024-05-20,20,24.252764,26.36477470397949,24.339820861816406,25.646425247192383
20056_1346_1,2024-05-20,21,24.28569,26.23698234558105,24.211042404174805,25.551366806030277
20056_1346_1,2024-05-20,22,24.207148,26.12112617492676,23.990633010864254,25.51936149597168
20056_1346_1,2024-05-20,23,24.29389,26.26922607421875,23.75784111022949,25.88363647460937
20056_1346_1,2024-05-20,24,24.40868,26.396778106689453,23.8593807220459,26.278600692749023
20056_1346_1,2024-05-20,25,24.370161,26.2878532409668,24.06245231628418,25.760334014892575
20056_1346_1,2024-05-20,26,24.765686,26.46335792541504,24.320009231567383,26.0166072845459
20056_1346_1,2024-05-20,27,25.160305,25.78500747680664,25.375001907348636,26.522274017333984
20056_1346_1,2024-05-20,28,26.837692,31.22851181030273,26.176612854003903,30.40099334716797
20056_1346_1,2024-05-20,29,27.985703,31.27646255493164,26.813852310180664,30.450166702270508
20056_1346_1,2024-05-20,30,29.290777,30.955190658569336,27.690534591674805,30.80300521850586
20056_1346_1,2024-05-20,31,30.264973,31.320579528808597,27.53946685791016,30.64919090270996
20056_1346_1,2024-05-20,32,30.186203,31.290239334106445,27.4849853515625,30.41288185119629
20056_1346_1,2024-05-20,33,29.701677,30.747224807739254,27.281909942626957,30.28323745727539
20056_1346_1,2024-05-20,34,29.28448,30.68201065063477,26.942626953125,30.29170608520508
20056_1346_1,2024-05-20,35,28.963076,30.53912353515625,26.52719497680664,29.79656410217285
20056_1346_1,2024-05-20,36,26.47468,28.389148712158203,25.877731323242188,28.23383331298828
20056_1346_1,2024-05-20,37,24.904505,27.02011489868164,24.952756881713867,26.51268196105957
20056_1346_1,2024-05-20,38,24.972002,27.049495697021484,23.980728149414062,25.738603591918945
20056_1346_1,2024-05-20,39,23.517075,26.02886009216309,23.775177001953125,24.82186508178711
20056_1346_1,2024-05-20,40,22.936403,25.487455368041992,23.648874282836918,24.24503517150879
20056_1346_1,2024-05-20,41,22.698006,25.393787384033203,23.07432556152344,23.969335556030277
20056_1346_1,2024-05-20,42,22.413952,25.20224952697754,22.440340042114254,22.94635581970215
20056_1346_1,2024-05-20,43,22.443323,25.246665954589844,21.845977783203125,22.74629592895508
20056_1346_1,2024-05-20,44,21.848827,24.09830665588379,21.02377700805664,21.785926818847656
20056_1346_1,2024-05-20,45,21.391342,23.775365829467773,20.48885154724121,21.928691864013672
20056_1346_1,2024-05-20,46,20.489851,23.021276473999023,19.270410537719727,20.583984375
20056_1346_1,2024-05-20,47,19.001642,21.66953468322754,18.61661148071289,19.969009399414062
20056_1346_1,2024-05-20,48,18.039633,21.00058937072754,17.98262596130371,19.55789566040039
20056_1346_1,2024-05-20,49,18.053383,21.00400733947754,17.229768753051758,19.49376106262207
20056_1346_1,2024-05-20,50,17.587914,15.59118366241455,17.209957122802734,17.02692985534668
20056_1346_1,2024-05-20,51,17.126318,15.384053230285645,17.526948928833008,16.65676498413086
20056_1346_1,2024-05-20,52,17.12722,15.328765869140623,17.824129104614258,17.173843383789062
20056_1346_1,2024-05-20,53,15.1277895,13.474700927734377,19.706275939941406,16.68044662475586
20056_1346_1,2024-05-21,1,29.768421,30.767868041992188,22.90404510498047,28.52325820922852
20056_1346_1,2024-05-21,2,29.962261,30.99342918395996,28.63870620727539,31.38725852966309
20056_1346_1,2024-05-21,3,29.320477,30.84661865234375,30.50448608398437,32.36775588989258
20056_1346_1,2024-05-21,4,29.22169,30.65206718444824,30.040407180786133,30.765108108520508
20056_1346_1,2024-05-21,5,29.177979,31.27898597717285,29.72786903381348,31.01463890075684
20056_1346_1,2024-05-21,6,28.20021,30.625961303710938,29.993053436279297,30.2550048828125
20056_1346_1,2024-05-21,7,27.62808,30.261425018310547,29.67104148864746,29.780601501464844
20056_1346_1,2024-05-21,8,27.178291,29.710811614990234,29.140670776367188,28.85201835632324
20056_1346_1,2024-05-21,9,26.167858,28.18863296508789,28.70500373840332,27.255165100097656
20056_1346_1,2024-05-21,10,26.5743,29.680152893066406,28.44928932189941,28.422176361083984
20056_1346_1,2024-05-21,11,28.0873,30.29937744140625,28.487171173095703,28.69978904724121
20056_1346_1,2024-05-21,12,28.68262,30.46942710876465,28.15095329284668,28.90524673461914
20056_1346_1,2024-05-21,13,27.994814,30.12053871154785,27.753173828125,28.52672576904297
20056_1346_1,2024-05-21,14,28.014135,30.102277755737305,27.080734252929688,27.958232879638672
20056_1346_1,2024-05-21,15,25.092287,28.589731216430664,26.067195892333984,26.384071350097656
20056_1346_1,2024-05-21,16,24.366394,26.09847640991211,25.77640724182129,24.894996643066406
20056_1346_1,2024-05-21,17,23.8349,26.18589782714844,25.371227264404297,24.870086669921875
20056_1346_1,2024-05-21,18,24.086449,26.41392517089844,25.52157974243164,25.22246742248535
20056_1346_1,2024-05-21,19,24.203585,26.166791915893555,25.46120262145996,25.341590881347656
20056_1346_1,2024-05-21,20,24.598238,26.36477470397949,25.304931640625,25.24081802368164
20056_1346_1,2024-05-21,21,24.631977,26.23698234558105,25.16050148010254,24.92997360229492
20056_1346_1,2024-05-21,22,24.392769,26.12112617492676,25.0575008392334,25.17050552368164
20056_1346_1,2024-05-21,23,24.479996,26.26922607421875,25.08828353881836,25.69160270690918
20056_1346_1,2024-05-21,24,24.679897,26.396778106689453,25.267641067504883,26.018882751464844
20056_1346_1,2024-05-21,25,24.540674,26.2878532409668,25.68288230895996,25.951215744018555
20056_1346_1,2024-05-21,26,24.871485,26.46335792541504,26.31418228149414,26.313817977905277
20056_1346_1,2024-05-21,27,24.963661,25.78500747680664,27.45957374572754,26.28697967529297
20056_1346_1,2024-05-21,28,25.959442,31.22851181030273,28.61503219604492,29.734699249267575
20056_1346_1,2024-05-21,29,26.129875,31.27646255493164,29.41532516479492,30.192495346069336
20056_1346_1,2024-05-21,30,27.035069,30.955190658569336,30.021467208862305,30.291399002075195
20056_1346_1,2024-05-21,31,28.053839,31.320579528808597,30.191944122314453,30.51515007019043
20056_1346_1,2024-05-21,32,28.260113,31.290239334106445,30.144588470458984,30.47540283203125
20056_1346_1,2024-05-21,33,27.630548,30.747224807739254,29.76575088500977,30.130956649780277
20056_1346_1,2024-05-21,34,27.554642,30.68201065063477,28.9891357421875,29.610429763793945
20056_1346_1,2024-05-21,35,27.383085,30.53912353515625,28.35457992553711,29.056137084960938
20056_1346_1,2024-05-21,36,25.490517,28.389148712158203,27.336450576782227,27.35915946960449
20056_1346_1,2024-05-21,37,24.107183,27.02011489868164,26.2697868347168,25.53874015808105
20056_1346_1,2024-05-21,38,24.200024,27.049495697021484,25.3439998626709,24.93882179260254
20056_1346_1,2024-05-21,39,22.24391,26.02886009216309,24.74614524841309,24.05858612060547
20056_1346_1,2024-05-21,40,21.978537,25.487455368041992,24.35783576965332,23.25606918334961
20056_1346_1,2024-05-21,41,21.887985,25.393787384033203,23.675928115844727,22.909284591674805
20056_1346_1,2024-05-21,42,21.517391,25.20224952697754,23.18343734741211,22.521034240722656
20056_1346_1,2024-05-21,43,21.562817,25.246665954589844,22.4447021484375,22.339017868041992
20056_1346_1,2024-05-21,44,21.361841,24.09830665588379,21.762794494628903,21.440340042114254
20056_1346_1,2024-05-21,45,21.00503,23.775365829467773,21.308189392089844,21.50826072692871
20056_1346_1,2024-05-21,46,20.27457,23.021276473999023,20.64522171020508,20.945777893066406
20056_1346_1,2024-05-21,47,19.397974,21.66953468322754,20.14326286315918,20.538135528564453
20056_1346_1,2024-05-21,48,18.728777,21.00058937072754,19.518178939819336,20.23740768432617
20056_1346_1,2024-05-21,49,18.68114,21.00400733947754,18.741559982299805,19.635520935058597
20056_1346_1,2024-05-21,50,18.317146,15.59118366241455,19.290876388549805,18.22703742980957
20056_1346_1,2024-05-21,51,18.067059,15.384053230285645,20.162202835083008,18.72953414916992
20056_1346_1,2024-05-21,52,18.122923,15.328765869140623,20.275856018066406,18.06669235229492
20056_1346_1,2024-05-21,53,16.059366,13.474700927734377,22.075336456298828,19.638134002685547
20056_1346_1,2024-05-22,1,30.12245,30.767868041992188,23.16168975830078,28.335161209106445
20056_1346_1,2024-05-22,2,30.665016,30.99342918395996,26.92154884338379,29.35133934020996
20056_1346_1,2024-05-22,3,30.240383,30.84661865234375,28.02835273742676,30.13078498840332
20056_1346_1,2024-05-22,4,30.234402,30.65206718444824,28.02601432800293,29.95612907409668
20056_1346_1,2024-05-22,5,30.211271,31.27898597717285,27.544490814208984,29.294076919555664
20056_1346_1,2024-05-22,6,29.083513,30.625961303710938,27.275094985961918,28.291563034057617
20056_1346_1,2024-05-22,7,28.389019,30.261425018310547,27.116146087646484,27.960712432861328
20056_1346_1,2024-05-22,8,27.973,29.710811614990234,26.930315017700195,27.175024032592773
20056_1346_1,2024-05-22,9,27.34912,28.18863296508789,26.72812271118164,25.68494987487793
20056_1346_1,2024-05-22,10,27.493036,29.680152893066406,26.8455810546875,27.15498161315918
20056_1346_1,2024-05-22,11,29.033522,30.29937744140625,27.016218185424805,28.14189910888672
20056_1346_1,2024-05-22,12,29.790907,30.46942710876465,26.96479034423828,28.365346908569336
20056_1346_1,2024-05-22,13,29.004616,30.12053871154785,27.04076194763184,28.35054016113281
20056_1346_1,2024-05-22,14,29.075506,30.102277755737305,26.49787712097168,28.1114444732666
20056_1346_1,2024-05-22,15,26.85253,28.589731216430664,25.61839485168457,26.567169189453125
20056_1346_1,2024-05-22,16,26.339048,26.09847640991211,24.85053062438965,24.406402587890625
20056_1346_1,2024-05-22,17,25.802162,26.18589782714844,24.2369384765625,24.29751968383789
20056_1346_1,2024-05-22,18,26.208838,26.41392517089844,24.15279006958008,24.412492752075195
20056_1346_1,2024-05-22,19,25.979239,26.166791915893555,24.482372283935547,24.7485466003418
20056_1346_1,2024-05-22,20,26.51555,26.36477470397949,24.56184959411621,24.907825469970703
20056_1346_1,2024-05-22,21,26.450462,26.23698234558105,24.49873924255371,24.7669620513916
20056_1346_1,2024-05-22,22,26.543873,26.12112617492676,24.255640029907227,24.7673282623291
20056_1346_1,2024-05-22,23,26.637014,26.26922607421875,24.162139892578125,25.179725646972656
20056_1346_1,2024-05-22,24,26.748924,26.396778106689453,24.414587020874023,25.53704643249512
20056_1346_1,2024-05-22,25,26.523697,26.2878532409668,24.73365592956543,25.3972282409668
20056_1346_1,2024-05-22,26,26.88828,26.46335792541504,24.850528717041016,25.39786148071289
20056_1346_1,2024-05-22,27,26.856903,25.78500747680664,26.067049026489254,25.51523780822754
20056_1346_1,2024-05-22,28,28.131927,31.22851181030273,27.14945411682129,28.946823120117188
20056_1346_1,2024-05-22,29,28.814524,31.27646255493164,27.986276626586918,29.56072807312012
20056_1346_1,2024-05-22,30,29.76241,30.955190658569336,28.83712387084961,29.684703826904297
20056_1346_1,2024-05-22,31,31.125996,31.320579528808597,28.888547897338867,29.942686080932617
20056_1346_1,2024-05-22,32,31.434486,31.290239334106445,28.94464683532715,29.766807556152344
20056_1346_1,2024-05-22,33,31.32817,30.747224807739254,28.505199432373047,29.50503158569336
20056_1346_1,2024-05-22,34,31.117418,30.68201065063477,27.94420051574707,29.21188735961914
20056_1346_1,2024-05-22,35,30.819035,30.53912353515625,27.29437828063965,28.98586654663086
20056_1346_1,2024-05-22,36,28.832357,28.389148712158203,26.04498672485352,26.85611343383789
20056_1346_1,2024-05-22,37,26.943571,27.02011489868164,24.875072479248047,24.92656135559082
20056_1346_1,2024-05-22,38,26.960459,27.049495697021484,23.64321517944336,24.21624565124512
20056_1346_1,2024-05-22,39,25.777954,26.02886009216309,23.36739158630371,23.39801406860352
20056_1346_1,2024-05-22,40,25.165413,25.487455368041992,23.14299201965332,22.784387588500977
20056_1346_1,2024-05-22,41,25.07038,25.393787384033203,22.6334171295166,22.78559684753418
20056_1346_1,2024-05-22,42,24.807346,25.20224952697754,22.465118408203125,22.350069046020508
20056_1346_1,2024-05-22,43,24.899183,25.246665954589844,21.90412139892578,22.381872177124023
20056_1346_1,2024-05-22,44,24.264513,24.09830665588379,21.530122756958008,21.664949417114254
20056_1346_1,2024-05-22,45,23.963573,23.775365829467773,20.894323348999023,21.726882934570312
20056_1346_1,2024-05-22,46,23.001858,23.021276473999023,19.996726989746094,20.94461250305176
20056_1346_1,2024-05-22,47,21.631723,21.66953468322754,19.342227935791016,20.21691131591797
20056_1346_1,2024-05-22,48,20.713736,21.00058937072754,18.59423065185547,19.704246520996094
20056_1346_1,2024-05-22,49,20.720009,21.00400733947754,17.864933013916016,19.57282447814941
20056_1346_1,2024-05-22,50,20.37328,15.59118366241455,17.958433151245117,17.717519760131836
20056_1346_1,2024-05-22,51,19.990496,15.384053230285645,18.3137321472168,17.45452880859375
20056_1346_1,2024-05-22,52,19.93622,15.328765869140623,18.59423065185547,17.452442169189453
20056_1346_1,2024-05-22,53,17.684185,13.474700927734377,20.74472427368164,17.453916549682617
20056_1346_1,2024-05-23,1,31.383839,30.767868041992188,25.00625991821289,29.644859313964844
20056_1346_1,2024-05-23,2,32.0901,30.99342918395996,29.48149871826172,31.21657943725586
20056_1346_1,2024-05-23,3,31.57857,30.84661865234375,31.193727493286133,32.87178039550781
20056_1346_1,2024-05-23,4,31.705492,30.65206718444824,31.284801483154297,32.44324493408203
20056_1346_1,2024-05-23,5,31.900457,31.27898597717285,30.50155067443848,31.885385513305664
20056_1346_1,2024-05-23,6,31.01345,30.625961303710938,29.909555435180664,30.284048080444336
20056_1346_1,2024-05-23,7,30.290424,30.261425018310547,29.927770614624023,30.249208450317383
20056_1346_1,2024-05-23,8,29.98284,29.710811614990234,29.690977096557617,29.677061080932617
20056_1346_1,2024-05-23,9,28.913593,28.18863296508789,29.035228729248047,27.67537879943848
20056_1346_1,2024-05-23,10,28.789131,29.680152893066406,28.488771438598636,28.37691116333008
20056_1346_1,2024-05-23,11,29.794283,30.29937744140625,28.81664657592773,29.519105911254883
20056_1346_1,2024-05-23,12,30.427622,30.46942710876465,28.798429489135746,29.813385009765625
20056_1346_1,2024-05-23,13,29.798468,30.12053871154785,28.916828155517575,29.808914184570312
20056_1346_1,2024-05-23,14,29.750814,30.102277755737305,28.525203704833984,29.613208770751957
20056_1346_1,2024-05-23,15,26.776266,28.589731216430664,27.66453742980957,28.06859970092773
20056_1346_1,2024-05-23,16,24.927732,26.09847640991211,26.792484283447266,25.861400604248047
20056_1346_1,2024-05-23,17,24.286308,26.18589782714844,25.901647567749023,25.41448974609375
20056_1346_1,2024-05-23,18,24.613434,26.41392517089844,25.57662010192871,25.32857894897461
20056_1346_1,2024-05-23,19,24.406576,26.166791915893555,25.70185089111328,25.51620101928711
20056_1346_1,2024-05-23,20,24.9871,26.36477470397949,25.927261352539062,25.931665420532227
20056_1346_1,2024-05-23,21,25.085102,26.23698234558105,25.92270851135254,25.866180419921875
20056_1346_1,2024-05-23,22,25.166523,26.12112617492676,25.73130798339844,25.96949958801269
20056_1346_1,2024-05-23,23,25.135046,26.26922607421875,25.23394775390625,26.01259422302246
20056_1346_1,2024-05-23,24,25.300678,26.396778106689453,25.47216796875,26.164644241333008
20056_1346_1,2024-05-23,25,25.269037,26.2878532409668,25.699573516845703,26.16206359863281
20056_1346_1,2024-05-23,26,25.783785,26.46335792541504,25.68050765991211,26.161401748657227
20056_1346_1,2024-05-23,27,25.797815,25.78500747680664,26.580734252929688,25.365612030029297
20056_1346_1,2024-05-23,28,27.588432,31.22851181030273,28.33394432067871,29.816015243530277
20056_1346_1,2024-05-23,29,27.921595,31.27646255493164,29.007905960083008,30.044403076171875
20056_1346_1,2024-05-23,30,28.619812,30.955190658569336,29.56346893310547,30.063888549804688
20056_1346_1,2024-05-23,31,30.048965,31.320579528808597,30.073490142822266,30.5898494720459
20056_1346_1,2024-05-23,32,30.198578,31.290239334106445,30.137245178222656,30.74888610839844
20056_1346_1,2024-05-23,33,29.759607,30.747224807739254,29.700082778930664,30.52165985107422
20056_1346_1,2024-05-23,34,29.587254,30.68201065063477,29.108089447021484,30.115121841430664
20056_1346_1,2024-05-23,35,29.312586,30.53912353515625,28.479665756225582,29.771188735961918
20056_1346_1,2024-05-23,36,26.952547,28.389148712158203,27.17500305175781,27.657384872436523
20056_1346_1,2024-05-23,37,24.945753,27.02011489868164,25.905065536499023,25.760107040405277
20056_1346_1,2024-05-23,38,24.998856,27.049495697021484,24.887863159179688,25.235502243041992
20056_1346_1,2024-05-23,39,23.60305,26.02886009216309,24.476882934570312,24.151477813720703
20056_1346_1,2024-05-23,40,23.321999,25.487455368041992,24.417680740356445,23.74083137512207
20056_1346_1,2024-05-23,41,23.231958,25.393787384033203,23.707290649414062,23.45810890197754
20056_1346_1,2024-05-23,42,22.994324,25.20224952697754,23.49781608581543,23.015079498291016
20056_1346_1,2024-05-23,43,23.045765,25.246665954589844,23.16994285583496,23.41116142272949
20056_1346_1,2024-05-23,44,22.071316,24.09830665588379,22.468656539916992,22.244531631469727
20056_1346_1,2024-05-23,45,21.767342,23.775365829467773,22.14078521728516,22.578205108642575
20056_1346_1,2024-05-23,46,20.859432,23.021276473999023,21.34842300415039,21.844520568847656
20056_1346_1,2024-05-23,47,19.774248,21.66953468322754,20.574277877807617,21.07987594604492
20056_1346_1,2024-05-23,48,18.930557,21.00058937072754,19.71816635131836,20.669658660888672
20056_1346_1,2024-05-23,49,18.956974,21.00400733947754,18.57061195373535,20.19458770751953
20056_1346_1,2024-05-23,50,18.575779,15.59118366241455,18.770977020263672,18.36087989807129
20056_1346_1,2024-05-23,51,18.311493,15.384053230285645,19.244571685791016,18.42632484436035
20056_1346_1,2024-05-23,52,18.287195,15.328765869140623,19.226356506347656,18.368391036987305
20056_1346_1,2024-05-23,53,15.769131,13.474700927734377,19.99139404296875,16.467588424682617
20056_1346_1,2024-05-24,1,28.8,30.767868041992188,23.31285285949707,28.472043991088867
20056_1346_1,2024-05-24,2,29.471697,30.99342918395996,29.354665756225582,31.88252067565918
20056_1346_1,2024-05-24,3,29.097065,30.84661865234375,30.70026016235352,32.68278884887695
20056_1346_1,2024-05-24,4,29.240456,30.65206718444824,30.21905517578125,31.592023849487305
20056_1346_1,2024-05-24,5,29.329504,31.27898597717285,29.809139251708984,31.396108627319336
20056_1346_1,2024-05-24,6,28.394663,30.625961303710938,29.80022621154785,30.578338623046875
20056_1346_1,2024-05-24,7,27.75561,30.261425018310547,29.550710678100582,30.27670288085937
20056_1346_1,2024-05-24,8,27.431614,29.710811614990234,29.319019317626957,29.65048217773437
20056_1346_1,2024-05-24,9,26.783455,28.18863296508789,28.73087882995605,28.41304016113281
20056_1346_1,2024-05-24,10,26.717165,29.680152893066406,28.347694396972656,28.978002548217773
20056_1346_1,2024-05-24,11,28.110239,30.29937744140625,29.01603889465332,30.26627349853516
20056_1346_1,2024-05-24,12,28.557844,30.46942710876465,29.18535041809082,30.84200096130371
20056_1346_1,2024-05-24,13,28.02235,30.12053871154785,29.06059455871582,30.712974548339844
20056_1346_1,2024-05-24,14,28.040415,30.102277755737305,28.704145431518555,30.519922256469727
20056_1346_1,2024-05-24,15,24.973095,28.589731216430664,27.90213394165039,29.237621307373047
20056_1346_1,2024-05-24,16,23.602392,26.09847640991211,26.99764633178711,27.45635223388672
20056_1346_1,2024-05-24,17,22.907959,26.18589782714844,26.31370735168457,27.10231590270996
20056_1346_1,2024-05-24,18,23.46895,26.41392517089844,26.269153594970703,27.207475662231445
20056_1346_1,2024-05-24,19,23.52078,26.166791915893555,26.26915168762207,27.100385665893555
20056_1346_1,2024-05-24,20,23.893885,26.36477470397949,26.474109649658203,27.45721244812012
20056_1346_1,2024-05-24,21,24.03635,26.23698234558105,26.503070831298828,27.455772399902344
20056_1346_1,2024-05-24,22,23.978157,26.12112617492676,26.086750030517575,27.08411979675293
20056_1346_1,2024-05-24,23,24.053022,26.26922607421875,25.951133728027344,27.51828956604004
20056_1346_1,2024-05-24,24,24.188538,26.396778106689453,26.500844955444336,28.268285751342773
20056_1346_1,2024-05-24,25,24.134438,26.2878532409668,26.881799697875977,28.607725143432617
20056_1346_1,2024-05-24,26,24.516525,26.46335792541504,27.10012626647949,28.614917755126957
20056_1346_1,2024-05-24,27,24.676603,25.78500747680664,27.96451187133789,28.701234817504883
20056_1346_1,2024-05-24,28,26.041521,31.22851181030273,29.14079475402832,31.79485893249512
20056_1346_1,2024-05-24,29,26.641853,31.27646255493164,29.76458168029785,32.35911178588867
20056_1346_1,2024-05-24,30,27.923302,30.955190658569336,30.68243980407715,33.0271110534668
20056_1346_1,2024-05-24,31,29.480951,31.320579528808597,31.09235572814941,33.79069137573242
20056_1346_1,2024-05-24,32,29.694353,31.290239334106445,30.91413116455078,33.63862991333008
20056_1346_1,2024-05-24,33,29.324059,30.747224807739254,30.539857864379883,33.70730972290039
20056_1346_1,2024-05-24,34,29.11855,30.68201065063477,29.99627494812012,33.47734451293945
20056_1346_1,2024-05-24,35,28.629139,30.53912353515625,29.319019317626957,32.97932434082031
20056_1346_1,2024-05-24,36,25.93572,28.389148712158203,28.16056060791016,31.142885208129883
20056_1346_1,2024-05-24,37,24.412674,27.02011489868164,27.37191390991211,29.980026245117188
20056_1346_1,2024-05-24,38,24.483448,27.049495697021484,26.42064094543457,29.234603881835938
20056_1346_1,2024-05-24,39,23.187529,26.02886009216309,25.88485717773437,28.262481689453125
20056_1346_1,2024-05-24,40,22.611029,25.487455368041992,25.408103942871094,27.42418098449707
20056_1346_1,2024-05-24,41,22.411037,25.393787384033203,24.815505981445312,26.94512939453125
20056_1346_1,2024-05-24,42,22.213617,25.20224952697754,24.591611862182617,26.722360610961918
20056_1346_1,2024-05-24,43,22.2303,25.246665954589844,23.95000457763672,26.3170223236084
20056_1346_1,2024-05-24,44,21.76248,24.09830665588379,23.486621856689453,25.64064598083496
20056_1346_1,2024-05-24,45,21.257795,23.775365829467773,22.78708839416504,25.14610290527344
20056_1346_1,2024-05-24,46,20.372784,23.021276473999023,21.931612014770508,24.17051887512207
20056_1346_1,2024-05-24,47,18.896942,21.66953468322754,21.272180557250977,23.857378005981445
20056_1346_1,2024-05-24,48,18.190735,21.00058937072754,20.684038162231445,23.408344268798828
20056_1346_1,2024-05-24,49,18.136147,21.00400733947754,19.953317642211918,23.090579986572266
20056_1346_1,2024-05-24,50,17.813599,15.59118366241455,20.185009002685547,21.87498664855957
20056_1346_1,2024-05-24,51,17.48071,15.384053230285645,20.701860427856445,21.89180374145508
20056_1346_1,2024-05-24,52,17.628057,15.328765869140623,21.12068748474121,21.825685501098636
20056_1346_1,2024-05-24,53,15.440121,13.474700927734377,22.76035499572754,22.29966926574707
20056_1346_1,2024-05-25,1,30.78125,33.55537414550781,21.0396728515625,26.2207145690918
20056_1346_1,2024-05-25,2,31.755857,33.806182861328125,25.327608108520508,29.35651206970215
20056_1346_1,2024-05-25,3,31.441229,33.67827606201172,25.97808837890625,29.95428276062012
20056_1346_1,2024-05-25,4,31.753532,33.099300384521484,25.8247127532959,30.32169342041016
20056_1346_1,2024-05-25,5,32.163654,33.69348907470703,25.589757919311523,30.60598945617676
20056_1346_1,2024-05-25,6,30.700502,32.60780334472656,25.543256759643555,29.81822204589844
20056_1346_1,2024-05-25,7,30.06542,32.167686462402344,25.074159622192383,29.507999420166016
20056_1346_1,2024-05-25,8,29.990881,31.613025665283203,24.929353713989254,29.253196716308597
20056_1346_1,2024-05-25,9,28.14745,29.40851402282715,24.94906997680664,28.64139747619629
20056_1346_1,2024-05-25,10,28.995546,31.180089950561523,24.614038467407227,29.61574363708496
20056_1346_1,2024-05-25,11,29.571346,31.88099670410156,24.744028091430664,30.19668197631836
20056_1346_1,2024-05-25,12,29.959549,32.1646728515625,24.777204513549805,31.030147552490234
20056_1346_1,2024-05-25,13,29.187983,31.82625389099121,24.5433349609375,31.11034202575684
20056_1346_1,2024-05-25,14,29.11687,31.78513526916504,23.93745422363281,30.920143127441406
20056_1346_1,2024-05-25,15,26.099012,30.48932266235352,23.437088012695312,30.212669372558597
20056_1346_1,2024-05-25,16,24.816343,28.305957794189453,23.006336212158203,29.13866424560547
20056_1346_1,2024-05-25,17,24.161911,28.51840209960937,22.65825462341309,29.25775718688965
20056_1346_1,2024-05-25,18,24.36782,29.00024032592773,22.540775299072266,29.47917366027832
20056_1346_1,2024-05-25,19,24.073545,29.07428932189941,22.51032066345215,29.282930374145508
20056_1346_1,2024-05-25,20,24.590702,29.702505111694336,22.588638305664062,29.68539047241211
20056_1346_1,2024-05-25,21,24.754967,29.73027992248535,22.62344741821289,29.76514434814453
20056_1346_1,2024-05-25,22,24.848127,29.741779327392575,22.51902198791504,29.76804542541504
20056_1346_1,2024-05-25,23,24.969126,29.930156707763672,22.49291610717773,30.332181930541992
20056_1346_1,2024-05-25,24,25.141,30.15848922729492,22.68436050415039,30.75431251525879
20056_1346_1,2024-05-25,25,25.244513,30.14085960388184,23.028091430664062,30.79289054870605
20056_1346_1,2024-05-25,26,25.463758,30.28916931152344,23.263044357299805,31.0679874420166
20056_1346_1,2024-05-25,27,26.172945,29.33270263671875,24.039705276489254,30.707353591918945
20056_1346_1,2024-05-25,28,27.451885,33.948997497558594,24.839204788208008,33.084712982177734
20056_1346_1,2024-05-25,29,27.832195,34.21916580200195,25.626195907592773,33.51362228393555
20056_1346_1,2024-05-25,30,28.325333,33.91333770751953,26.036827087402344,33.41811752319336
20056_1346_1,2024-05-25,31,28.675678,34.08512115478516,26.26960563659668,34.055198669433594
20056_1346_1,2024-05-25,32,28.825724,34.107940673828125,26.44147109985352,34.17414093017578
20056_1346_1,2024-05-25,33,28.729,33.95623016357422,26.17605972290039,34.159568786621094
20056_1346_1,2024-05-25,34,28.730955,33.9050407409668,25.837766647338867,34.12008285522461
20056_1346_1,2024-05-25,35,28.68484,33.88336944580078,25.206321716308597,33.798954010009766
20056_1346_1,2024-05-25,36,26.924122,32.563087463378906,24.259431838989254,32.43013000488281
20056_1346_1,2024-05-25,37,25.431831,30.80719566345215,23.580671310424805,31.366804122924805
20056_1346_1,2024-05-25,38,25.424181,30.855762481689453,22.858400344848636,31.11767578125
20056_1346_1,2024-05-25,39,24.621122,30.02964782714844,22.545127868652344,30.47239875793457
20056_1346_1,2024-05-25,40,24.105156,29.55887794494629,22.153535842895508,29.8361759185791
20056_1346_1,2024-05-25,41,23.812689,29.15475845336914,21.431264877319336,29.38082695007324
20056_1346_1,2024-05-25,42,23.476065,28.829578399658203,20.94395065307617,28.79888343811035
20056_1346_1,2024-05-25,43,23.538565,28.89667320251465,20.691591262817383,28.78468513488769
20056_1346_1,2024-05-25,44,22.742458,27.28646278381348,20.41312599182129,27.85964775085449
20056_1346_1,2024-05-25,45,22.356688,26.980972290039062,19.92580986022949,27.68288803100586
20056_1346_1,2024-05-25,46,21.702625,26.18927001953125,19.020795822143555,26.65784454345703
20056_1346_1,2024-05-25,47,20.529287,24.452638626098636,18.37684440612793,25.79395294189453
20056_1346_1,2024-05-25,48,19.909763,23.7912654876709,17.92433738708496,25.182973861694336
20056_1346_1,2024-05-25,49,19.9204,23.77546119689941,17.45442771911621,25.041860580444336
20056_1346_1,2024-05-25,50,19.602537,17.430984497070312,17.437023162841797,23.215015411376957
20056_1346_1,2024-05-25,51,19.366459,17.202499389648438,17.489234924316406,22.37137031555176
20056_1346_1,2024-05-25,52,19.381865,17.144550323486328,17.611064910888672,22.22550392150879
20056_1346_1,2024-05-25,53,17.339245,15.168733596801758,18.63790702819824,21.912803649902344
20056_1346_1,2024-05-26,1,23.75,21.62185478210449,20.62509536743164,20.92361068725586
20056_1346_1,2024-05-26,2,24.59375,21.86794090270996,23.583873748779297,21.112741470336918
20056_1346_1,2024-05-26,3,24.765625,21.948217391967773,24.078956604003903,20.98365592956543
20056_1346_1,2024-05-26,4,24.656837,21.788724899291992,23.85217666625977,20.617000579833984
20056_1346_1,2024-05-26,5,25.356405,22.30526351928711,23.62327003479004,20.785463333129883
20056_1346_1,2024-05-26,6,23.996796,21.13032913208008,23.729738235473636,20.313383102416992
20056_1346_1,2024-05-26,7,23.524927,20.720897674560547,23.469953536987305,20.22599029541016
20056_1346_1,2024-05-26,8,23.437033,20.547908782958984,23.08240509033203,19.919084548950195
20056_1346_1,2024-05-26,9,22.287458,19.442790985107425,22.5926456451416,19.02922821044922
20056_1346_1,2024-05-26,10,23.705914,20.894392013549805,22.32008552551269,19.547821044921875
20056_1346_1,2024-05-26,11,24.174965,21.140888214111328,22.62245750427246,20.165014266967773
20056_1346_1,2024-05-26,12,24.416506,21.477828979492188,22.515989303588867,20.441482543945312
20056_1346_1,2024-05-26,13,24.31267,21.395381927490234,22.107147216796875,20.19879531860352
20056_1346_1,2024-05-26,14,24.600124,21.718978881835938,21.7579288482666,20.339548110961918
20056_1346_1,2024-05-26,15,24.529734,21.85033798217773,21.05097198486328,19.871496200561523
20056_1346_1,2024-05-26,16,23.761398,21.785280227661133,20.565473556518555,19.34241104125977
20056_1346_1,2024-05-26,17,24.497982,22.585132598876957,20.292911529541016,19.655147552490234
20056_1346_1,2024-05-26,18,24.86856,22.94479751586914,20.42919158935547,20.033843994140625
20056_1346_1,2024-05-26,19,24.639187,22.8568058013916,20.42919158935547,20.17947578430176
20056_1346_1,2024-05-26,20,24.929071,23.397357940673828,20.44622611999512,20.247774124145508
20056_1346_1,2024-05-26,21,24.899328,23.479602813720703,20.582508087158203,20.61840057373047
20056_1346_1,2024-05-26,22,25.020077,23.4982967376709,20.59954261779785,20.67374992370605
20056_1346_1,2024-05-26,23,25.042068,23.63194465637207,20.514366149902344,20.814069747924805
20056_1346_1,2024-05-26,24,25.323318,23.76572608947754,20.582508087158203,20.9249210357666
20056_1346_1,2024-05-26,25,25.479568,23.79250144958496,20.83803367614746,20.816436767578125
20056_1346_1,2024-05-26,26,25.542068,23.84161949157715,21.119112014770508,21.10194206237793
20056_1346_1,2024-05-26,27,25.16927,23.001426696777344,21.80051612854004,21.016611099243164
20056_1346_1,2024-05-26,28,17.780197,25.098865509033203,22.294532775878903,22.580602645874023
20056_1346_1,2024-05-26,29,16.645782,25.13274955749512,23.001487731933597,23.08207130432129
20056_1346_1,2024-05-26,30,16.267057,25.068824768066406,23.670114517211918,23.364076614379883
20056_1346_1,2024-05-26,31,16.657682,25.1848201751709,24.242919921875,23.88460922241211
20056_1346_1,2024-05-26,32,16.597979,25.26454162597656,24.46065139770508,23.912281036376957
20056_1346_1,2024-05-26,33,16.607225,25.28619956970215,24.399961471557617,24.31227302551269
20056_1346_1,2024-05-26,34,16.607225,25.277990341186523,24.10450935363769,24.37479782104492
20056_1346_1,2024-05-26,35,16.705479,25.28023910522461,23.619009017944336,24.013267517089844
20056_1346_1,2024-05-26,36,16.526701,24.75938415527344,22.575611114501957,22.62712860107422
20056_1346_1,2024-05-26,37,15.459469,24.07453727722168,21.92827796936035,21.77755355834961
20056_1346_1,2024-05-26,38,15.516435,24.131006240844727,21.212804794311523,21.349401473999023
20056_1346_1,2024-05-26,39,15.485262,23.899991989135746,20.8806209564209,20.85723304748535
20056_1346_1,2024-05-26,40,15.154888,23.546955108642575,20.8465518951416,20.63850975036621
20056_1346_1,2024-05-26,41,14.942661,22.80237197875977,20.309946060180664,20.382312774658203
20056_1346_1,2024-05-26,42,14.547068,22.43476104736328,20.071456909179688,20.1074161529541
20056_1346_1,2024-05-26,43,14.679744,22.498764038085938,19.458192825317383,19.783937454223636
20056_1346_1,2024-05-26,44,12.973182,21.176055908203125,18.82789421081543,19.165916442871094
20056_1346_1,2024-05-26,45,12.763541,20.635839462280277,18.40201759338379,19.059070587158203
20056_1346_1,2024-05-26,46,11.817178,20.017967224121094,17.66950798034668,18.33671760559082
20056_1346_1,2024-05-26,47,10.097943,18.1944580078125,17.141420364379883,17.90233612060547
20056_1346_1,2024-05-26,48,9.399054,17.33197021484375,16.460018157958984,17.478200912475586
20056_1346_1,2024-05-26,49,9.368071,17.320077896118164,16.238561630249023,17.691099166870117
20056_1346_1,2024-05-26,50,3.1525102,12.32935905456543,16.391878128051758,16.42388153076172
20056_1346_1,2024-05-26,51,2.6439319,12.10735034942627,17.22659683227539,16.953258514404297
20056_1346_1,2024-05-26,52,2.6566923,12.0353364944458,17.3117733001709,16.345455169677734
20056_1346_1,2024-05-26,53,0.046875,10.238876342773438,18.521263122558597,16.457826614379883
20056_1346_1,2024-05-27,1,33.301258,30.767868041992188,4.541807174682617,11.173327445983888
20056_1346_1,2024-05-27,2,33.547245,30.99342918395996,8.109147071838379,14.163416862487791
20056_1346_1,2024-05-27,3,33.23316,30.84661865234375,10.044620513916016,16.16562271118164
20056_1346_1,2024-05-27,4,33.1327,30.65206718444824,10.575926780700684,15.956185340881348
20056_1346_1,2024-05-27,5,34.0849,31.27898597717285,10.689777374267578,16.31524085998535
20056_1346_1,2024-05-27,6,33.469948,30.625961303710938,10.91748046875,15.0365571975708
20056_1346_1,2024-05-27,7,32.966442,30.261425018310547,10.91748046875,14.963665962219238
20056_1346_1,2024-05-27,8,32.555706,29.710811614990234,11.031331062316896,14.565868377685549
20056_1346_1,2024-05-27,9,30.933907,28.18863296508789,11.562637329101562,14.00599193572998
20056_1346_1,2024-05-27,10,32.652657,29.680152893066406,11.562637329101562,15.36719036102295
20056_1346_1,2024-05-27,11,32.794643,30.29937744140625,11.600587844848633,15.731008529663086
20056_1346_1,2024-05-27,12,32.788864,30.46942710876465,11.714439392089844,16.240447998046875
20056_1346_1,2024-05-27,13,32.177525,30.12053871154785,11.904191970825195,16.466136932373047
20056_1346_1,2024-05-27,14,32.01159,30.102277755737305,11.714439392089844,16.189380645751953
20056_1346_1,2024-05-27,15,29.748552,28.589731216430664,11.714439392089844,15.723499298095703
20056_1346_1,2024-05-27,16,26.446964,26.09847640991211,11.828289985656738,14.463665962219238
20056_1346_1,2024-05-27,17,26.0353,26.18589782714844,11.676488876342772,14.810606956481934
20056_1346_1,2024-05-27,18,26.341715,26.41392517089844,12.283695220947266,15.524004936218262
20056_1346_1,2024-05-27,19,25.791338,26.166791915893555,12.473448753356934,15.731508255004885
20056_1346_1,2024-05-27,20,26.103067,26.36477470397949,12.663200378417969,16.007936477661133
20056_1346_1,2024-05-27,21,25.884457,26.23698234558105,12.777050971984863,16.512439727783203
20056_1346_1,2024-05-27,22,25.841957,26.12112617492676,12.321646690368652,16.19327735900879
20056_1346_1,2024-05-27,23,26.103573,26.26922607421875,12.663200378417969,16.904233932495117
20056_1346_1,2024-05-27,24,26.271917,26.396778106689453,13.042705535888672,17.43824005126953
20056_1346_1,2024-05-27,25,26.111748,26.2878532409668,13.23245620727539,17.30367660522461
20056_1346_1,2024-05-27,26,26.337141,26.46335792541504,13.346306800842283,17.25075340270996
20056_1346_1,2024-05-27,27,25.493895,25.78500747680664,13.687861442565918,16.642900466918945
20056_1346_1,2024-05-27,28,31.762367,31.22851181030273,13.972489356994627,19.154939651489254
20056_1346_1,2024-05-27,29,31.348848,31.27646255493164,14.940225601196287,19.838977813720703
20056_1346_1,2024-05-27,30,31.02827,30.955190658569336,16.344390869140625,21.053131103515625
20056_1346_1,2024-05-27,31,31.270117,31.320579528808597,16.363367080688477,21.031591415405277
20056_1346_1,2024-05-27,32,31.354824,31.290239334106445,16.53414535522461,21.20050048828125
20056_1346_1,2024-05-27,33,30.923315,30.747224807739254,16.894672393798828,21.90797233581543
20056_1346_1,2024-05-27,34,30.925629,30.68201065063477,16.81877326965332,22.165416717529297
20056_1346_1,2024-05-27,35,30.900944,30.53912353515625,16.610044479370117,21.796367645263672
20056_1346_1,2024-05-27,36,29.52709,28.389148712158203,16.382343292236328,20.75571060180664
20056_1346_1,2024-05-27,37,28.12641,27.02011489868164,15.813085556030272,19.568483352661133
20056_1346_1,2024-05-27,38,28.124474,27.049495697021484,15.3956298828125,18.931516647338867
20056_1346_1,2024-05-27,39,27.3263,26.02886009216309,15.471532821655272,18.42146873474121
20056_1346_1,2024-05-27,40,26.939047,25.487455368041992,15.623333930969238,17.9968204498291
20056_1346_1,2024-05-27,41,26.830908,25.393787384033203,15.414607048034668,18.075927734375
20056_1346_1,2024-05-27,42,26.61483,25.20224952697754,15.395631790161133,17.783098220825195
20056_1346_1,2024-05-27,43,26.686666,25.246665954589844,15.186903953552246,17.720993041992188
20056_1346_1,2024-05-27,44,25.221228,24.09830665588379,15.14895248413086,17.561742782592773
20056_1346_1,2024-05-27,45,24.935722,23.775365829467773,14.636622428894045,17.641334533691406
20056_1346_1,2024-05-27,46,24.539309,23.021276473999023,13.346306800842283,15.862025260925291
20056_1346_1,2024-05-27,47,22.728233,21.66953468322754,13.042705535888672,15.66456413269043
20056_1346_1,2024-05-27,48,21.850311,21.00058937072754,12.416522026062012,15.112936973571776
20056_1346_1,2024-05-27,49,21.816612,21.00400733947754,12.150869369506836,15.269530296325684
20056_1346_1,2024-05-27,50,17.1228,15.59118366241455,12.037016868591309,13.12693977355957
20056_1346_1,2024-05-27,51,16.801712,15.384053230285645,11.524686813354492,12.218639373779297
20056_1346_1,2024-05-27,52,16.683828,15.328765869140623,11.524686813354492,12.14614200592041
20056_1346_1,2024-05-27,53,14.8666525,13.474700927734377,13.346306800842283,12.924281120300291
20056_1346_1,2024-05-28,1,35.10797,30.767868041992188,20.57728576660156,26.637523651123047
20056_1346_1,2024-05-28,2,35.210873,30.99342918395996,26.671667098999023,29.30216407775879
20056_1346_1,2024-05-28,3,35.114998,30.84661865234375,29.15262794494629,30.69421768188477
20056_1346_1,2024-05-28,4,34.479214,30.65206718444824,29.46600914001465,30.08697891235352
20056_1346_1,2024-05-28,5,35.7153,31.27898597717285,29.437522888183597,30.26131248474121
20056_1346_1,2024-05-28,6,34.2567,30.625961303710938,30.17824935913086,29.49637794494629
20056_1346_1,2024-05-28,7,34.173702,30.261425018310547,30.63408088684082,29.98025321960449
20056_1346_1,2024-05-28,8,33.474396,29.710811614990234,30.824010848999023,30.143808364868164
20056_1346_1,2024-05-28,9,31.172075,28.18863296508789,30.615087509155277,28.66469955444336
20056_1346_1,2024-05-28,10,32.360287,29.680152893066406,30.235227584838867,29.10191535949707
20056_1346_1,2024-05-28,11,32.52952,30.29937744140625,30.596094131469727,29.91102600097656
20056_1346_1,2024-05-28,12,32.87402,30.46942710876465,30.691059112548828,30.430788040161133
20056_1346_1,2024-05-28,13,32.617043,30.12053871154785,30.14026260375977,29.647186279296875
20056_1346_1,2024-05-28,14,32.797462,30.102277755737305,29.190614700317383,28.935510635375977
20056_1346_1,2024-05-28,15,29.830305,28.589731216430664,28.145998001098636,27.51270866394043
20056_1346_1,2024-05-28,16,27.295042,26.09847640991211,27.519229888916016,25.896581649780277
20056_1346_1,2024-05-28,17,27.22704,26.18589782714844,26.86871910095215,25.739843368530277
20056_1346_1,2024-05-28,18,27.235773,26.41392517089844,26.68828392028809,25.80579376220703
20056_1346_1,2024-05-28,19,26.658909,26.166791915893555,26.02709197998047,25.4210147857666
20056_1346_1,2024-05-28,20,27.0618,26.36477470397949,25.6175537109375,25.266843795776367
20056_1346_1,2024-05-28,21,26.918228,26.23698234558105,25.44246482849121,25.54731750488281
20056_1346_1,2024-05-28,22,26.865019,26.12112617492676,24.9409294128418,25.11414909362793
20056_1346_1,2024-05-28,23,26.944138,26.26922607421875,24.975351333618164,25.35552406311035
20056_1346_1,2024-05-28,24,27.143696,26.396778106689453,25.05251121520996,25.79497718811035
20056_1346_1,2024-05-28,25,26.899776,26.2878532409668,25.35343170166016,25.76823616027832
20056_1346_1,2024-05-28,26,27.13825,26.46335792541504,25.8157958984375,25.58863067626953
20056_1346_1,2024-05-28,27,25.534323,25.78500747680664,26.605188369750977,25.18052673339844
20056_1346_1,2024-05-28,28,33.44699,31.22851181030273,27.57620620727539,28.20860481262207
20056_1346_1,2024-05-28,29,32.960175,31.27646255493164,28.23146629333496,28.31502342224121
20056_1346_1,2024-05-28,30,32.408722,30.955190658569336,29.238096237182617,29.236696243286133
20056_1346_1,2024-05-28,31,32.637497,31.320579528808597,29.51349449157715,29.58220100402832
20056_1346_1,2024-05-28,32,32.584408,31.290239334106445,29.45651626586914,29.840076446533203
20056_1346_1,2024-05-28,33,32.358627,30.747224807739254,29.162124633789062,29.821556091308597
20056_1346_1,2024-05-28,34,32.413918,30.68201065063477,28.59233283996582,29.35215187072754
20056_1346_1,2024-05-28,35,32.367985,30.53912353515625,28.10801315307617,28.771825790405277
20056_1346_1,2024-05-28,36,31.114594,28.389148712158203,27.395776748657227,27.12926483154297
20056_1346_1,2024-05-28,37,30.061949,27.02011489868164,26.40101623535156,25.41145896911621
20056_1346_1,2024-05-28,38,30.123735,27.049495697021484,25.521995544433597,24.71417617797852
20056_1346_1,2024-05-28,39,29.843729,26.02886009216309,24.921934127807617,23.7889461517334
20056_1346_1,2024-05-28,40,29.28256,25.487455368041992,24.36638832092285,23.022214889526367
20056_1346_1,2024-05-28,41,29.486736,25.393787384033203,23.274293899536133,22.10015869140625
20056_1346_1,2024-05-28,42,29.370632,25.20224952697754,22.799467086791992,21.918174743652344
20056_1346_1,2024-05-28,43,29.374483,25.246665954589844,22.595293045043945,22.32223892211914
20056_1346_1,2024-05-28,44,28.12567,24.09830665588379,22.01125717163086,21.589229583740234
20056_1346_1,2024-05-28,45,27.83274,23.775365829467773,21.08059883117676,21.152721405029297
20056_1346_1,2024-05-28,46,27.537739,23.021276473999023,20.016992568969727,20.10544204711914
20056_1346_1,2024-05-28,47,26.148567,21.66953468322754,19.485187530517575,19.755115509033203
20056_1346_1,2024-05-28,48,25.225698,21.00058937072754,18.51654624938965,18.82898330688477
20056_1346_1,2024-05-28,49,25.213879,21.00400733947754,18.09869956970215,18.988258361816406
20056_1346_1,2024-05-28,50,17.087965,15.59118366241455,18.250642776489254,17.33450698852539
20056_1346_1,2024-05-28,51,16.72072,15.384053230285645,18.19366455078125,16.960281372070312
20056_1346_1,2024-05-28,52,16.563711,15.328765869140623,18.402587890625,16.75070571899414
20056_1346_1,2024-05-28,53,14.791401,13.474700927734377,20.22591590881348,17.16771125793457
20056_1346_1,2024-05-29,1,34.935997,30.767868041992188,22.03618049621582,27.430856704711918
20056_1346_1,2024-05-29,2,35.228374,30.99342918395996,27.30342102050781,30.3251953125
20056_1346_1,2024-05-29,3,35.121544,30.84661865234375,30.52006149291992,33.09426498413086
20056_1346_1,2024-05-29,4,34.565468,30.65206718444824,31.88874053955078,33.870487213134766
20056_1346_1,2024-05-29,5,36.110237,31.27898597717285,32.53911209106445,34.72552490234375
20056_1346_1,2024-05-29,6,35.006676,30.625961303710938,32.577938079833984,33.134620666503906
20056_1346_1,2024-05-29,7,34.797752,30.261425018310547,32.189659118652344,32.53424072265625
20056_1346_1,2024-05-29,8,34.532227,29.710811614990234,31.72372436523437,31.480403900146484
20056_1346_1,2024-05-29,9,32.91558,28.18863296508789,31.646068572998047,30.219327926635746
20056_1346_1,2024-05-29,10,34.574993,29.680152893066406,31.976104736328125,31.99229621887207
20056_1346_1,2024-05-29,11,34.78507,30.29937744140625,32.15082931518555,32.67236328125
20056_1346_1,2024-05-29,12,35.211277,30.46942710876465,31.995519638061523,33.33573913574219
20056_1346_1,2024-05-29,13,34.917553,30.12053871154785,31.43251609802246,32.60137939453125
20056_1346_1,2024-05-29,14,34.857582,30.102277755737305,30.947166442871094,32.219627380371094
20056_1346_1,2024-05-29,15,32.334137,28.589731216430664,30.015300750732425,30.80206298828125
20056_1346_1,2024-05-29,16,29.04425,26.09847640991211,29.23874282836914,28.84996032714844
20056_1346_1,2024-05-29,17,29.274166,26.18589782714844,28.70486068725586,28.583620071411133
20056_1346_1,2024-05-29,18,29.49323,26.41392517089844,28.559253692626957,28.745943069458008
20056_1346_1,2024-05-29,19,29.28096,26.166791915893555,27.816673278808597,28.17623519897461
20056_1346_1,2024-05-29,20,29.570896,26.36477470397949,27.792407989501957,28.759143829345703
20056_1346_1,2024-05-29,21,29.372128,26.23698234558105,27.792407989501957,28.81954002380371
20056_1346_1,2024-05-29,22,29.226446,26.12112617492676,27.637096405029297,28.60369110107422
20056_1346_1,2024-05-29,23,29.537678,26.26922607421875,28.01566696166992,29.41301727294922
20056_1346_1,2024-05-29,24,29.695164,26.396778106689453,28.268049240112305,29.803964614868164
20056_1346_1,2024-05-29,25,29.51984,26.2878532409668,28.5689640045166,29.91377067565918
20056_1346_1,2024-05-29,26,29.665283,26.46335792541504,28.69515419006348,30.03162956237793
20056_1346_1,2024-05-29,27,28.597599,25.78500747680664,29.78233337402344,29.925521850585938
20056_1346_1,2024-05-29,28,34.093723,31.22851181030273,30.57830619812012,32.59749221801758
20056_1346_1,2024-05-29,29,33.791153,31.27646255493164,31.354860305786133,33.1831169128418
20056_1346_1,2024-05-29,30,33.552277,30.955190658569336,32.3061408996582,34.146812438964844
20056_1346_1,2024-05-29,31,33.674553,31.320579528808597,32.46145248413086,34.16411209106445
20056_1346_1,2024-05-29,32,33.65246,31.290239334106445,32.79148864746094,34.353267669677734
20056_1346_1,2024-05-29,33,33.43747,30.747224807739254,32.364383697509766,33.82070541381836
20056_1346_1,2024-05-29,34,33.686077,30.68201065063477,31.51016998291016,33.095272064208984
20056_1346_1,2024-05-29,35,33.769966,30.53912353515625,30.96658134460449,32.53874969482422
20056_1346_1,2024-05-29,36,32.79341,28.389148712158203,30.07354164123535,30.82974624633789
20056_1346_1,2024-05-29,37,31.294949,27.02011489868164,29.53965950012207,29.676681518554688
20056_1346_1,2024-05-29,38,31.365122,27.049495697021484,28.743688583374023,28.952341079711918
20056_1346_1,2024-05-29,39,31.336346,26.02886009216309,28.25348472595215,27.971105575561523
20056_1346_1,2024-05-29,40,31.095821,25.487455368041992,27.75357818603516,27.087507247924805
20056_1346_1,2024-05-29,41,30.967987,25.393787384033203,27.29734992980957,27.00983238220215
20056_1346_1,2024-05-29,42,30.76595,25.20224952697754,27.229402542114254,27.23748207092285
20056_1346_1,2024-05-29,43,30.752914,25.246665954589844,26.54142189025879,26.74520492553711
20056_1346_1,2024-05-29,44,29.46113,24.09830665588379,25.85222816467285,26.140525817871094
20056_1346_1,2024-05-29,45,29.146902,23.775365829467773,24.89730834960937,25.324108123779297
20056_1346_1,2024-05-29,46,28.728281,23.021276473999023,23.778579711914062,24.39874839782715
20056_1346_1,2024-05-29,47,27.242435,21.66953468322754,22.584625244140625,23.33272361755371
20056_1346_1,2024-05-29,48,26.613522,21.00058937072754,21.715850830078125,22.794788360595703
20056_1346_1,2024-05-29,49,26.66586,21.00400733947754,20.89076042175293,22.56927490234375
20056_1346_1,2024-05-29,50,19.87273,15.59118366241455,20.667499542236328,20.47806739807129
20056_1346_1,2024-05-29,51,19.850285,15.384053230285645,20.783985137939453,19.85780334472656
20056_1346_1,2024-05-29,52,19.778444,15.328765869140623,21.298452377319336,19.865827560424805
20056_1346_1,2024-05-29,53,17.327106,13.474700927734377,23.433982849121094,22.08327865600586
20056_1346_1,2024-05-30,1,24.882353,30.767868041992188,26.01219940185547,30.586719512939453
20056_1346_1,2024-05-30,2,24.88317,30.99342918395996,30.743793487548828,32.5344123840332
20056_1346_1,2024-05-30,3,24.794205,30.84661865234375,33.86441421508789,35.63096618652344
20056_1346_1,2024-05-30,4,24.40809,30.65206718444824,35.08024597167969,36.352481842041016
20056_1346_1,2024-05-30,5,25.139658,31.27898597717285,35.62736511230469,37.09648513793945
20056_1346_1,2024-05-30,6,23.953487,30.625961303710938,35.50578308105469,35.858612060546875
20056_1346_1,2024-05-30,7,23.754587,30.261425018310547,35.38420104980469,36.00347137451172
20056_1346_1,2024-05-30,8,23.730911,29.710811614990234,35.16130065917969,35.296268463134766
20056_1346_1,2024-05-30,9,21.831314,28.18863296508789,34.79655075073242,33.870018005371094
20056_1346_1,2024-05-30,10,23.303967,29.680152893066406,34.31021881103516,34.80305862426758
20056_1346_1,2024-05-30,11,23.548834,30.29937744140625,33.68204116821289,34.42376708984375
20056_1346_1,2024-05-30,12,23.804787,30.46942710876465,33.31729507446289,34.632911682128906
20056_1346_1,2024-05-30,13,23.610708,30.12053871154785,32.830963134765625,34.29798889160156
20056_1346_1,2024-05-30,14,23.691803,30.102277755737305,32.34463119506836,33.913719177246094
20056_1346_1,2024-05-30,15,22.942368,28.589731216430664,31.696189880371094,32.46935272216797
20056_1346_1,2024-05-30,16,22.598183,26.09847640991211,30.956562042236328,30.65931701660156
20056_1346_1,2024-05-30,17,23.114246,26.18589782714844,29.983901977539062,29.92768096923828
20056_1346_1,2024-05-30,18,23.526012,26.41392517089844,29.487438201904297,29.717456817626957
20056_1346_1,2024-05-30,19,23.23847,26.166791915893555,29.08216094970703,29.255653381347656
20056_1346_1,2024-05-30,20,23.639915,26.36477470397949,28.97577667236328,29.334815979003903
20056_1346_1,2024-05-30,21,23.469088,26.23698234558105,28.81366729736328,29.28937149047852
20056_1346_1,2024-05-30,22,23.49778,26.12112617492676,28.66168975830078,29.24133682250977
20056_1346_1,2024-05-30,23,23.858412,26.26922607421875,28.322269439697266,29.433528900146484
20056_1346_1,2024-05-30,24,23.969042,26.396778106689453,28.428653717041016,29.73504638671875
20056_1346_1,2024-05-30,25,23.992393,26.2878532409668,28.79846954345703,29.739547729492188
20056_1346_1,2024-05-30,26,24.150307,26.46335792541504,29.3557243347168,30.106204986572266
20056_1346_1,2024-05-30,27,23.557112,25.78500747680664,30.622211456298828,29.976184844970703
20056_1346_1,2024-05-30,28,16.419136,31.22851181030273,31.290916442871094,32.62741470336914
20056_1346_1,2024-05-30,29,14.88262,31.27646255493164,31.797508239746094,32.83089065551758
20056_1346_1,2024-05-30,30,14.859478,30.955190658569336,32.952545166015625,34.009361267089844
20056_1346_1,2024-05-30,31,14.977125,31.320579528808597,33.256500244140625,34.32127380371094
20056_1346_1,2024-05-30,32,15.011166,31.290239334106445,33.29703140258789,34.36446762084961
20056_1346_1,2024-05-30,33,14.471164,30.747224807739254,32.891754150390625,34.076393127441406
20056_1346_1,2024-05-30,34,14.471164,30.68201065063477,32.709381103515625,34.44656753540039
20056_1346_1,2024-05-30,35,14.544524,30.53912353515625,32.10146713256836,33.79102325439453
20056_1346_1,2024-05-30,36,13.092063,28.389148712158203,31.412494659423828,32.252777099609375
20056_1346_1,2024-05-30,37,11.760491,27.02011489868164,30.672870635986328,30.694175720214844
20056_1346_1,2024-05-30,38,11.775198,27.049495697021484,29.93324279785156,30.2169189453125
20056_1346_1,2024-05-30,39,11.434558,26.02886009216309,29.7407341003418,29.45166015625
20056_1346_1,2024-05-30,40,10.884712,25.487455368041992,29.6799430847168,29.015277862548828
20056_1346_1,2024-05-30,41,10.469643,25.393787384033203,28.85926055908203,28.43596649169922
20056_1346_1,2024-05-30,42,10.167104,25.20224952697754,28.80860137939453,28.639408111572266
20056_1346_1,2024-05-30,43,10.255339,25.246665954589844,28.12976455688477,28.35972595214844
20056_1346_1,2024-05-30,44,9.067302,24.09830665588379,27.496517181396484,27.461219787597656
20056_1346_1,2024-05-30,45,8.761927,23.775365829467773,27.005126953125,27.81875991821289
20056_1346_1,2024-05-30,46,8.0560465,23.021276473999023,25.742435455322266,26.35854721069336
20056_1346_1,2024-05-30,47,6.555327,21.66953468322754,24.87489318847656,25.70196914672852
20056_1346_1,2024-05-30,48,6.1693616,21.00058937072754,23.783180236816406,24.767475128173828
20056_1346_1,2024-05-30,49,6.1772733,21.00400733947754,22.648406982421875,24.235271453857425
20056_1346_1,2024-05-30,50,1.7017744,15.59118366241455,22.33432006835937,21.54574966430664
20056_1346_1,2024-05-30,51,1.5651224,15.384053230285645,23.04355239868164,21.486404418945312
20056_1346_1,2024-05-30,52,1.4420233,15.328765869140623,23.676795959472656,21.87029266357422
20056_1346_1,2024-05-30,53,0.0882353,13.474700927734377,24.91415405273437,21.45272445678711
20056_1346_1,2024-05-31,1,,30.767868041992188,4.605881214141846,8.881051063537598
20056_1346_1,2024-05-31,2,,30.99342918395996,8.759902954101562,12.488276481628418
20056_1346_1,2024-05-31,3,,30.84661865234375,10.494548797607422,14.550530433654783
20056_1346_1,2024-05-31,4,,30.65206718444824,11.01950740814209,15.428677558898926
20056_1346_1,2024-05-31,5,,31.27898597717285,11.521642684936523,16.18966293334961
20056_1346_1,2024-05-31,6,,30.625961303710938,12.343317985534668,15.614325523376465
20056_1346_1,2024-05-31,7,,30.261425018310547,13.073695182800291,15.975752830505373
20056_1346_1,2024-05-31,8,,29.710811614990234,13.7584228515625,15.606644630432127
20056_1346_1,2024-05-31,9,,28.18863296508789,14.260558128356934,15.219156265258787
20056_1346_1,2024-05-31,10,,29.680152893066406,14.465977668762209,16.02240753173828
20056_1346_1,2024-05-31,11,,30.29937744140625,14.762691497802734,16.305099487304688
20056_1346_1,2024-05-31,12,,30.46942710876465,15.082232475280762,16.856149673461914
20056_1346_1,2024-05-31,13,,30.12053871154785,15.344711303710938,16.900733947753906
20056_1346_1,2024-05-31,14,,30.102277755737305,14.705631256103516,16.621944427490234
20056_1346_1,2024-05-31,15,,28.589731216430664,14.420327186584473,15.409531593322754
20056_1346_1,2024-05-31,16,,26.09847640991211,14.214908599853516,13.993836402893066
20056_1346_1,2024-05-31,17,,26.18589782714844,14.009491920471191,14.16659927368164
20056_1346_1,2024-05-31,18,,26.41392517089844,14.71704387664795,15.147640228271484
20056_1346_1,2024-05-31,19,,26.166791915893555,14.694218635559082,15.090506553649902
20056_1346_1,2024-05-31,20,,26.36477470397949,14.808341026306152,15.548022270202637
20056_1346_1,2024-05-31,21,,26.23698234558105,14.853988647460938,15.640665054321287
20056_1346_1,2024-05-31,22,,26.12112617492676,14.774105072021484,15.478300094604492
20056_1346_1,2024-05-31,23,,26.26922607421875,14.808341026306152,15.914224624633787
20056_1346_1,2024-05-31,24,,26.396778106689453,14.774105072021484,16.275226593017578
20056_1346_1,2024-05-31,25,,26.2878532409668,14.911049842834473,16.293163299560547
20056_1346_1,2024-05-31,26,,26.46335792541504,14.853988647460938,16.462404251098633
20056_1346_1,2024-05-31,27,,25.78500747680664,15.63001537322998,16.21125602722168
20056_1346_1,2024-05-31,28,,31.22851181030273,16.097911834716797,18.348974227905277
20056_1346_1,2024-05-31,29,,31.27646255493164,16.948118209838867,18.92948341369629
20056_1346_1,2024-05-31,30,,30.955190658569336,17.99233055114746,20.122961044311523
20056_1346_1,2024-05-31,31,,31.320579528808597,18.58576011657715,20.74549102783203
20056_1346_1,2024-05-31,32,,31.290239334106445,18.96236228942871,21.27644920349121
20056_1346_1,2024-05-31,33,,30.747224807739254,19.033689498901367,21.68567276000977
20056_1346_1,2024-05-31,34,,30.68201065063477,19.10501480102539,22.104541778564453
20056_1346_1,2024-05-31,35,,30.53912353515625,18.637115478515625,21.95673942565918
20056_1346_1,2024-05-31,36,,28.389148712158203,18.40887260437012,21.032434463500977
20056_1346_1,2024-05-31,37,,27.02011489868164,17.821147918701172,20.17759132385254
20056_1346_1,2024-05-31,38,,27.049495697021484,17.8610897064209,20.241090774536133
20056_1346_1,2024-05-31,39,,26.02886009216309,18.12356758117676,19.77028083801269
20056_1346_1,2024-05-31,40,,25.487455368041992,18.494462966918945,19.629470825195312
20056_1346_1,2024-05-31,41,,25.393787384033203,18.637115478515625,19.78570938110352
20056_1346_1,2024-05-31,42,,25.20224952697754,18.665647506713867,19.83647918701172
20056_1346_1,2024-05-31,43,,25.246665954589844,18.26622009277344,19.68404769897461
20056_1346_1,2024-05-31,44,,24.09830665588379,18.003742218017578,19.379474639892575
20056_1346_1,2024-05-31,45,,23.775365829467773,17.398897171020508,19.252763748168945
20056_1346_1,2024-05-31,46,,23.021276473999023,16.702756881713867,18.000877380371094
20056_1346_1,2024-05-31,47,,21.66953468322754,15.572954177856444,17.116512298583984
20056_1346_1,2024-05-31,48,,21.00058937072754,14.671394348144531,16.3998966217041
20056_1346_1,2024-05-31,49,,21.00400733947754,14.009491920471191,16.166765213012695
20056_1346_1,2024-05-31,50,,15.59118366241455,13.826897621154783,14.112202644348145
20056_1346_1,2024-05-31,51,,15.384053230285645,14.16926097869873,13.50195026397705
20056_1346_1,2024-05-31,52,,15.328765869140623,14.968111038208008,14.223180770874023
20056_1346_1,2024-05-31,53,,13.474700927734377,16.337568283081055,15.131317138671877
