trip_id,service_day,pt_sequence,y_true,y_pred_QRU,y_pred_LSTM
20001_0310_1,2024-03-01,1,46.22893524169922,46.22893524169922,46.22893524169922
20001_0310_1,2024-03-01,2,41.91777420043945,41.91777420043945,41.91777420043945
20001_0310_1,2024-03-01,3,53.19312286376953,42.30501887206697,43.019071007770414
20001_0310_1,2024-03-01,4,49.92658996582031,41.50442244653019,44.77107425197452
20001_0310_1,2024-03-01,5,51.05412292480469,42.757618203132346,47.87429746039814
20001_0310_1,2024-03-01,6,79.06095123291016,48.73271404705429,50.697163809524405
20001_0310_1,2024-03-01,7,73.96025085449219,47.781013543100606,54.92445982822166
20001_0310_1,2024-03-01,8,73.96025085449219,50.50327238144978,57.76154601904207
20001_0310_1,2024-03-01,9,76.06768035888672,72.93312872766495,59.876749395636665
20001_0310_1,2024-03-01,10,76.06768035888672,72.48703166395683,59.92481709628851
20001_0310_1,2024-03-01,11,77.03346252441406,72.03515893251664,59.875411389660016
20001_0310_1,2024-03-01,12,76.87710571289062,73.9577455814408,60.0002600332146
20001_0310_1,2024-03-01,13,75.5958251953125,73.26019994622831,59.92911039423551
20001_0310_1,2024-03-01,14,73.03324890136719,74.08725983003379,59.83525753445454
20001_0310_1,2024-03-01,15,73.03324890136719,73.83142297577541,59.72513198590816
20001_0310_1,2024-03-01,16,74.98081970214844,72.50949231081341,59.47333053187613
20001_0310_1,2024-03-01,17,67.08810424804688,72.69149359891782,59.21403487615336
20001_0310_1,2024-03-01,18,,70.70258666100598,58.930822170172235
20001_0310_1,2024-03-01,19,,71.47007097253405,56.733854749359686
20001_0310_1,2024-03-01,20,,69.48978881653778,53.659617899306156
20001_0310_1,2024-03-01,21,,42.4203118820132,44.97428335287407
20001_0310_1,2024-03-01,22,,42.34618064735683,45.32068203759492
20001_0310_1,2024-03-01,23,,42.27288976476639,45.65610284896622
20001_0310_1,2024-03-01,24,,42.202550703981984,45.97397717828851
20001_0310_1,2024-03-01,25,,42.13703485028411,46.268090399766564
20001_0310_1,2024-03-01,26,,42.07785813572168,46.53274549826518
20001_0310_1,2024-03-01,27,,42.02610788879873,46.76291243048877
20001_0310_1,2024-03-01,28,,41.98242768570431,46.95436062576458
20001_0310_1,2024-03-01,29,,41.9470648364756,47.10377468400682
20001_0310_1,2024-03-01,30,,41.9199707705584,47.2088550020427
20001_0310_1,2024-03-01,31,,41.900931024510086,47.26840497008046
20001_0310_1,2024-03-01,32,,41.88969319741953,47.28240414569134
20001_0310_1,2024-03-01,33,,41.88606129785704,47.25206268405208
20001_0310_1,2024-03-01,34,,41.8899339437785,47.17984727719156
20001_0310_1,2024-03-01,35,,41.901279466216955,47.06946458501493
20001_0310_1,2024-03-01,36,,41.92005840494133,46.92578657620925
20001_0310_1,2024-03-01,37,,41.946117828072666,46.75470495961889
20001_0310_1,2024-03-01,38,,41.979088273717785,46.56290953850484
20001_0310_1,2024-03-01,39,,42.01831146526797,46.35759683076077
20001_0310_1,2024-03-01,40,,42.062816853305144,46.14612805868258
20001_0310_1,2024-03-01,41,,42.11135124881997,45.935666160981235
20001_0310_1,2024-03-01,42,,42.162452768963625,45.73282673413468
20001_0310_1,2024-03-01,43,,42.21455154202245,45.54337625060609
20001_0310_1,2024-03-01,44,,42.2660767277748,45.372003121973655
20001_0310_1,2024-03-01,45,,42.31555197930878,45.22217553462778
20001_0310_1,2024-03-01,46,,42.361667643091145,45.096087593413046
20001_0310_1,2024-03-01,47,,42.4033253952842,44.994684890535666
20001_0310_1,2024-03-01,48,,42.43965758279883,44.917753773165906
20001_0310_1,2024-03-01,49,,42.4700279852416,44.86405563591374
20001_0310_1,2024-03-01,50,,42.494022586825885,44.831487876944294
20001_0310_1,2024-03-01,51,,42.51143844360575,44.81725563932982
20001_0310_1,2024-03-01,52,,42.52227642132131,44.81804201378873
20001_0310_1,2024-03-01,53,,42.5267401732282,44.83016815624637
20001_0310_1,2024-03-01,54,,42.52523994947065,44.84973824710951
20001_0310_1,2024-03-01,55,,42.51839638543589,44.872767137120995
20001_0310_1,2024-03-01,56,,42.50703700259962,44.89529081619037
20001_0310_1,2024-03-01,57,,42.49217744022506,44.91346152676351
20001_0310_1,2024-03-01,58,,42.47498095749302,44.92363047087659
20001_0310_1,2024-03-01,59,,42.45669370657374,44.922421674280876
20001_0310_1,2024-03-01,60,,42.43855929162595,44.90680069975639
20001_0310_1,2024-03-01,61,,42.42172303328989,44.87414155704277
20001_0310_1,2024-03-01,62,,42.40714225408322,44.82229434306035
20001_0310_1,2024-03-01,63,,42.395521552990125,44.749654874100095
20001_0310_1,2024-03-01,64,,42.38728962675108,44.65523588000263
20001_0310_1,2024-03-01,65,,42.38262619208717,44.53873731319756
20001_0310_1,2024-03-01,66,,42.38153534318901,44.40061116192635
20001_0310_1,2024-03-01,67,,42.38394847124273,44.24211413066327
20001_0310_1,2024-03-01,68,,42.38982988113379,44.065340044051204
20001_0310_1,2024-03-01,69,,42.39925517097881,43.87322327829264
20001_0310_1,2024-03-01,70,,42.4124380133852,43.66950531967835
20001_0310_1,2024-03-01,71,,42.42969408299826,43.45865891794966
20001_0310_1,2024-03-01,72,,42.45134778444071,43.24576816675914
20001_0310_1,2024-03-01,73,,42.47760303845116,43.036367749482025
20001_0310_1,2024-03-04,1,39.565086364746094,39.565086364746094,39.565086364746094
20001_0310_1,2024-03-04,2,30.014892578125,30.014892578125,30.014892578125
20001_0310_1,2024-03-04,3,30.014892578125,31.258354255010477,26.13300523843875
20001_0310_1,2024-03-04,4,29.212356567382812,32.442278955305575,24.161030766976477
20001_0310_1,2024-03-04,5,27.751737594604492,31.19655605744624,23.340434767421826
20001_0310_1,2024-03-04,6,27.751737594604492,25.39828678741337,22.660070654209832
20001_0310_1,2024-03-04,7,31.242774963378906,29.038662070416233,24.23229315731494
20001_0310_1,2024-03-04,8,31.242774963378906,28.371974667151328,25.91633137318602
20001_0310_1,2024-03-04,9,29.822649002075195,29.08978340665445,27.184299654001723
20001_0310_1,2024-03-04,10,29.822649002075195,33.0016558677012,28.518312973895355
20001_0310_1,2024-03-04,11,29.822649002075195,31.361407936884643,28.181369600159897
20001_0310_1,2024-03-04,12,32.15000534057617,31.368135745844974,28.52862132578188
20001_0310_1,2024-03-04,13,32.84539031982422,31.459484511082252,28.685771987426723
20001_0310_1,2024-03-04,14,28.56121063232422,31.551886642313832,28.49660178734146
20001_0310_1,2024-03-04,15,27.133150100708008,31.181976740251045,27.686530606639543
20001_0310_1,2024-03-04,16,35.27890396118164,30.05823345287022,27.04028453208664
20001_0310_1,2024-03-04,17,23.066974639892578,29.197301053107758,25.139712699269793
20001_0310_1,2024-03-04,18,,28.678588259524794,23.813745938641706
20001_0310_1,2024-03-04,19,,22.643305182944246,25.106853794237452
20001_0310_1,2024-03-04,20,,23.354417434755803,28.144455997989265
20001_0310_1,2024-03-04,21,,31.115360598806674,31.709271590972243
20001_0310_1,2024-03-04,22,,31.02930435246626,31.94265344708476
20001_0310_1,2024-03-04,23,,30.944294363724357,32.14203093483427
20001_0310_1,2024-03-04,24,,30.8627737797781,32.30329548949389
20001_0310_1,2024-03-04,25,,30.786900467356208,32.42284255272158
20001_0310_1,2024-03-04,26,,30.718415648171256,32.4978083260573
20001_0310_1,2024-03-04,27,,30.658561909237218,32.52631302117354
20001_0310_1,2024-03-04,28,,30.608068229884978,32.50768976484106
20001_0310_1,2024-03-04,29,,30.567206869743178,32.44267244993213
20001_0310_1,2024-03-04,30,,30.535910594163333,32.333512220909455
20001_0310_1,2024-03-04,31,,30.51392332669795,32.183993338118
20001_0310_1,2024-03-04,32,,30.50094790550901,31.999326869591094
20001_0310_1,2024-03-04,33,,30.496754777483005,31.785915435497262
20001_0310_1,2024-03-04,34,,30.50122585961061,31.551002023487655
20001_0310_1,2024-03-04,35,,30.514325669651516,31.302236190273515
20001_0310_1,2024-03-04,36,,30.53601180558617,31.047206105848723
20001_0310_1,2024-03-04,37,,30.566112828201977,30.79299027949234
20001_0310_1,2024-03-04,38,,30.60420890684556,30.545776894020875
20001_0310_1,2024-03-04,39,,30.649547593054898,30.310583666321502
20001_0310_1,2024-03-04,40,,30.70101557515788,30.091091931858195
20001_0310_1,2024-03-04,41,,30.757171522354007,29.88959065569486
20001_0310_1,2024-03-04,42,,30.816330188122585,29.707013273241344
20001_0310_1,2024-03-04,43,,30.876677820653242,29.543044176157043
20001_0310_1,2024-03-04,44,,30.936395483584572,29.396271555552588
20001_0310_1,2024-03-04,45,,30.993769685305853,29.264367174243564
20001_0310_1,2024-03-04,46,,31.047276676119186,29.144279191357093
20001_0310_1,2024-03-04,47,,31.09563522084857,29.032429597237233
20001_0310_1,2024-03-04,48,,31.13783022897188,28.924912056375476
20001_0310_1,2024-03-04,49,,31.173114814030978,28.817688591300573
20001_0310_1,2024-03-04,50,,31.201000598241023,28.706784613516533
20001_0310_1,2024-03-04,51,,31.221245568180887,28.588481586016623
20001_0310_1,2024-03-04,52,,31.233846159588467,28.459505414060658
20001_0310_1,2024-03-04,53,,31.23903632125708,28.317206816819308
20001_0310_1,2024-03-04,54,,31.237291928517994,28.159727717925183
20001_0310_1,2024-03-04,55,,31.22933492132354,27.986145412012437
20001_0310_1,2024-03-04,56,,31.2161287547756,27.796584297441406
20001_0310_1,2024-03-04,57,,31.198855954119185,27.59228380404469
20001_0310_1,2024-03-04,58,,31.178870378495805,27.375611362761457
20001_0310_1,2024-03-04,59,,31.15762143317474,27.150011399067544
20001_0310_1,2024-03-04,60,,31.13655445408357,26.9198856837525
20001_0310_1,2024-03-04,61,,31.11699945455797,26.69040677784452
20001_0310_1,2024-03-04,62,,31.10006717632401,26.467273987752556
20001_0310_1,2024-03-04,63,,31.08657436650851,26.256428862669278
20001_0310_1,2024-03-04,64,,31.0770173430087,26.063753207593344
20001_0310_1,2024-03-04,65,,31.071603628454483,25.894775439985327
20001_0310_1,2024-03-04,66,,31.070337318842842,25.75441014559757
20001_0310_1,2024-03-04,67,,31.073138614357426,25.64675108179672
20001_0310_1,2024-03-04,68,,31.07996640828752,25.574930685340142
20001_0310_1,2024-03-04,69,,31.090909280844073,25.541050902291722
20001_0310_1,2024-03-04,70,,31.10621667902416,25.546182399935915
20001_0310_1,2024-03-04,71,,31.126257212927804,25.590423066408903
20001_0310_1,2024-03-04,72,,31.151410555113355,25.673002692321077
20001_0310_1,2024-03-04,73,,31.181917480033928,25.792418867104118
20001_0310_1,2024-03-05,1,54.96261978149414,54.96261978149414,54.96261978149414
20001_0310_1,2024-03-05,2,42.672367095947266,42.672367095947266,42.672367095947266
20001_0310_1,2024-03-05,3,44.81416320800781,44.40602449411425,46.650801962797686
20001_0310_1,2024-03-05,4,40.9160270690918,45.10112206507518,44.61387683882006
20001_0310_1,2024-03-05,5,42.06108093261719,42.186325108068225,43.334320159445866
20001_0310_1,2024-03-05,6,68.3973388671875,37.896314915433386,43.53437276656919
20001_0310_1,2024-03-05,7,72.29644012451172,39.14999343292673,51.359975667404555
20001_0310_1,2024-03-05,8,72.29644012451172,41.25040149076235,56.785360518635215
20001_0310_1,2024-03-05,9,72.29644012451172,65.01106712005013,60.13195929908725
20001_0310_1,2024-03-05,10,72.29644012451172,72.0843665555298,60.63146532586231
20001_0310_1,2024-03-05,11,72.29644012451172,72.09135535960735,60.58644359154559
20001_0310_1,2024-03-05,12,79.1667709350586,72.09395889953817,60.55135362149402
20001_0310_1,2024-03-05,13,93.89971923828125,71.44913869187698,60.652739888929574
20001_0310_1,2024-03-05,14,75.89154815673828,72.05618302370698,60.72426434365065
20001_0310_1,2024-03-05,15,66.88746643066406,75.9862961807707,60.668143289897586
20001_0310_1,2024-03-05,16,66.74622344970703,74.57441473596484,60.31767098149599
20001_0310_1,2024-03-05,17,56.477577209472656,69.67104094137912,59.435082859461446
20001_0310_1,2024-03-05,18,,67.91926401640717,58.86365323459207
20001_0310_1,2024-03-05,19,,62.15307339263845,56.66863669296093
20001_0310_1,2024-03-05,20,,60.62342297978515,54.45375419844456
20001_0310_1,2024-03-05,21,,44.013158949954935,49.668740715759014
20001_0310_1,2024-03-05,22,,43.93860305032752,49.97650595264001
20001_0310_1,2024-03-05,23,,43.86488619918954,50.27240631728637
20001_0310_1,2024-03-05,24,,43.79413265231164,50.55151495737205
20001_0310_1,2024-03-05,25,,43.72822577441944,50.809120388057245
20001_0310_1,2024-03-05,26,,43.66869178783894,51.04079481861751
20001_0310_1,2024-03-05,27,,43.616625949879015,51.242462617506554
20001_0310_1,2024-03-05,28,,43.572677091284376,51.41047115464943
20001_0310_1,2024-03-05,29,,43.53709522192467,51.54166704698444
20001_0310_1,2024-03-05,30,,43.509832431605474,51.6334811547899
20001_0310_1,2024-03-05,31,,43.49067364364939,51.68402504014476
20001_0310_1,2024-03-05,32,,43.479365370990294,51.6921995112134
20001_0310_1,2024-03-05,33,,43.47571067537531,51.65781202993479
20001_0310_1,2024-03-05,34,,43.47960762792073,51.58169427826947
20001_0310_1,2024-03-05,35,,43.49102426742631,51.46580483922378
20001_0310_1,2024-03-05,36,,43.509920612998705,51.31329628568831
20001_0310_1,2024-03-05,37,,43.53614232956441,51.128523079835844
20001_0310_1,2024-03-05,38,,43.56931705469589,50.91696866195474
20001_0310_1,2024-03-05,39,,43.6087817269575,50.685078161336925
20001_0310_1,2024-03-05,40,,43.65355908112116,50.43999675440952
20001_0310_1,2024-03-05,41,,43.702387585736254,50.18923017970704
20001_0310_1,2024-03-05,42,,43.753795962780416,49.94025909121683
20001_0310_1,2024-03-05,43,,43.80620459878395,49.70014845056906
20001_0310_1,2024-03-05,44,,43.85803325743241,49.47519424306016
20001_0310_1,2024-03-05,45,,43.90779710457654,49.270642337488454
20001_0310_1,2024-03-05,46,,43.9541792801476,49.090500786024045
20001_0310_1,2024-03-05,47,,43.996075707486895,48.93745123429514
20001_0310_1,2024-03-05,48,,44.032614443314856,48.812851249253285
20001_0310_1,2024-03-05,49,,44.06315634241489,48.716809844736105
20001_0310_1,2024-03-05,50,,44.08728568869634,48.64831413942017
20001_0310_1,2024-03-05,51,,44.104798931243664,48.60538532621068
20001_0310_1,2024-03-05,52,,44.11569733599758,48.585245576211555
20001_0310_1,2024-03-05,53,,44.120185936061745,48.58448259066048
20001_0310_1,2024-03-05,54,,44.11867736364846,48.599203946089744
20001_0310_1,2024-03-05,55,,44.111795682597005,48.62517825672282
20001_0310_1,2024-03-05,56,,44.10037291133714,48.65796400144484
20001_0310_1,2024-03-05,57,,44.08543020395233,48.69302942335621
20001_0310_1,2024-03-05,58,,44.06813718291956,48.72586819040591
20001_0310_1,2024-03-05,59,,44.04974689749663,48.75211559888977
20001_0310_1,2024-03-05,60,,44.03150993047364,48.76766916319062
20001_0310_1,2024-03-05,61,,44.01457812439399,48.76881565749534
20001_0310_1,2024-03-05,62,,43.99991433594059,48.752364274840915
20001_0310_1,2024-03-05,63,,43.9882273038983,48.71578278174134
20001_0310_1,2024-03-05,64,,43.979948296775355,48.6573306339548
20001_0310_1,2024-03-05,65,,43.975258156302296,48.57618028450355
20001_0310_1,2024-03-05,66,,43.97416105693661,48.472515729024565
20001_0310_1,2024-03-05,67,,43.97658801018612,48.34759614205271
20001_0310_1,2024-03-05,68,,43.98250308787109,48.203772747690074
20001_0310_1,2024-03-05,69,,43.99198225014999,48.04444925986703
20001_0310_1,2024-03-05,70,,44.005240272370244,47.87398050010654
20001_0310_1,2024-03-05,71,,44.02259445113709,47.697509900389406
20001_0310_1,2024-03-05,72,,44.04437078275842,47.520753727469256
20001_0310_1,2024-03-05,73,,44.07077400579327,47.34974675057876
20001_0310_1,2024-03-06,1,32.11635208129883,32.11635208129883,32.11635208129883
20001_0310_1,2024-03-06,2,27.358373641967773,27.358373641967773,27.358373641967773
20001_0310_1,2024-03-06,3,27.358373641967773,28.57558779962381,24.24995961633129
20001_0310_1,2024-03-06,4,23.78989028930664,29.35158386742993,22.845005765186894
20001_0310_1,2024-03-06,5,23.78989028930664,29.00229243040915,21.240787028889
20001_0310_1,2024-03-06,6,23.78989028930664,25.05277843099672,19.49256648578394
20001_0310_1,2024-03-06,7,23.78989028930664,25.10150003531209,19.595782572978628
20001_0310_1,2024-03-06,8,23.78989028930664,25.14616375671123,19.71684557988236
20001_0310_1,2024-03-06,9,24.93690299987793,25.184398886067655,19.852877477445666
20001_0310_1,2024-03-06,10,26.08391571044922,24.98892568275743,20.38396079989007
20001_0310_1,2024-03-06,11,28.377941131591797,24.90570633175358,21.39764710867966
20001_0310_1,2024-03-06,12,40.995079040527344,25.843377859451333,23.510585321045667
20001_0310_1,2024-03-06,13,39.82379150390625,25.114531530941946,30.297580271536123
20001_0310_1,2024-03-06,14,35.11436462402344,30.115115079003218,36.06761172368623
20001_0310_1,2024-03-06,15,32.74993896484375,43.40439496237147,40.456190073086596
20001_0310_1,2024-03-06,16,26.901737213134766,37.106637216118706,32.91003089055493
20001_0310_1,2024-03-06,17,18.714250564575195,35.44353435878104,25.181684301106138
20001_0310_1,2024-03-06,18,,28.973567185019668,19.128053516533882
20001_0310_1,2024-03-06,19,,17.942600332827055,18.65947259902201
20001_0310_1,2024-03-06,20,,18.770247205146426,21.955352215277745
20001_0310_1,2024-03-06,21,,28.428552785150373,27.285940592167282
20001_0310_1,2024-03-06,22,,28.34008328904603,27.529160950910423
20001_0310_1,2024-03-06,23,,28.252703245342044,27.75814674030241
20001_0310_1,2024-03-06,24,,28.16892275018837,27.968589045116808
20001_0310_1,2024-03-06,25,,28.090957331138537,28.15642459473785
20001_0310_1,2024-03-06,26,,28.020593400853194,28.31811175468321
20001_0310_1,2024-03-06,27,,27.95910454177769,28.450927184062056
20001_0310_1,2024-03-06,28,,27.907236625103916,28.553249613650753
20001_0310_1,2024-03-06,29,,27.865266639423844,28.62479035803784
20001_0310_1,2024-03-06,30,,27.833123338937348,28.666729425688857
20001_0310_1,2024-03-06,31,,27.810542072538325,28.681723612010003
20001_0310_1,2024-03-06,32,,27.797216530443293,28.673769127287514
20001_0310_1,2024-03-06,33,,27.79291032382047,28.647923844936557
20001_0310_1,2024-03-06,34,,27.797501981442764,28.609918281446994
20001_0310_1,2024-03-06,35,,27.810955277024053,28.56570376833984
20001_0310_1,2024-03-06,36,,27.833227286706222,28.52099568228445
20001_0310_1,2024-03-06,37,,27.864142957453023,28.480866784819142
20001_0310_1,2024-03-06,38,,27.903272461119734,28.449432257892266
20001_0310_1,2024-03-06,39,,27.949844544696735,28.42964849451339
20001_0310_1,2024-03-06,40,,28.00271729423308,28.42322772177234
20001_0310_1,2024-03-06,41,,28.06041159512337,28.430654652301172
20001_0310_1,2024-03-06,42,,28.121197253618643,28.451281891933974
20001_0310_1,2024-03-06,43,,28.183211350940468,28.48347780088227
20001_0310_1,2024-03-06,44,,28.244584842958552,28.52480240678437
20001_0310_1,2024-03-06,45,,28.303556254843116,28.572191734980215
20001_0310_1,2024-03-06,46,,28.358558436716244,28.622136680900333
20001_0310_1,2024-03-06,47,,28.408273003417843,28.670847994421784
20001_0310_1,2024-03-06,48,,28.45165485802618,28.714403390698475
20001_0310_1,2024-03-06,49,,28.48793453918384,28.748876055786393
20001_0310_1,2024-03-06,50,,28.51660845308638,28.770445996851464
20001_0310_1,2024-03-06,51,,28.537426541282265,28.77549704856177
20001_0310_1,2024-03-06,52,,28.550384244427455,28.76070314186159
20001_0310_1,2024-03-06,53,,28.555721589003006,28.723107832946678
20001_0310_1,2024-03-06,54,,28.553927722864035,28.660201112086515
20001_0310_1,2024-03-06,55,,28.54574511849324,28.56999706631627
20001_0310_1,2024-03-06,56,,28.532164800461636,28.45111487079864
20001_0310_1,2024-03-06,57,,28.514403142183692,28.30286363841723
20001_0310_1,2024-03-06,58,,28.49385264923353,28.12532878168888
20001_0310_1,2024-03-06,59,,28.47200391921264,27.919453886999
20001_0310_1,2024-03-06,60,,28.45034314853004,27.687108160799596
20001_0310_1,2024-03-06,61,,28.4302377363129,27.431126142722384
20001_0310_1,2024-03-06,62,,28.412829459047206,27.155304718006686
20001_0310_1,2024-03-06,63,,28.398957733331727,26.86434361918339
20001_0310_1,2024-03-06,64,,28.389132532549404,26.56372028418965
20001_0310_1,2024-03-06,65,,28.383566982558204,26.259497993562473
20001_0310_1,2024-03-06,66,,28.382265165549036,25.95807642389591
20001_0310_1,2024-03-06,67,,28.3851450136663,25.665903969248312
20001_0310_1,2024-03-06,68,,28.392164332191093,25.389178863456326
20001_0310_1,2024-03-06,69,,28.403414346221147,25.13356920528278
20001_0310_1,2024-03-06,70,,28.41915177262795,24.903979566603574
20001_0310_1,2024-03-06,71,,28.439755980488936,24.704384589635325
20001_0310_1,2024-03-06,72,,28.465617893386952,24.537739743563023
20001_0310_1,2024-03-06,73,,28.49698583120625,24.405968655108527
20001_0310_1,2024-03-07,1,45.48971176147461,45.48971176147461,45.48971176147461
20001_0310_1,2024-03-07,2,42.9385986328125,42.9385986328125,42.9385986328125
20001_0310_1,2024-03-07,3,41.7117805480957,44.04897108779065,46.61262194662204
20001_0310_1,2024-03-07,4,30.670427322387695,46.38175851866177,42.89283765611033
20001_0310_1,2024-03-07,5,28.03764533996582,46.052102513217264,35.164783385150386
20001_0310_1,2024-03-07,6,26.81861686706543,32.13303171826112,25.04869425469947
20001_0310_1,2024-03-07,7,25.59958839416504,26.895068657214168,22.230387564030533
20001_0310_1,2024-03-07,8,25.59958839416504,27.998456536658203,22.311591337874415
20001_0310_1,2024-03-07,9,25.436017990112305,27.150277261238582,20.958655227265147
20001_0310_1,2024-03-07,10,25.436017990112305,26.454692597594487,20.844999731504053
20001_0310_1,2024-03-07,11,25.436017990112305,24.02919782904798,20.687918892866456
20001_0310_1,2024-03-07,12,25.362022399902344,26.78850778602431,21.454983016237165
20001_0310_1,2024-03-07,13,25.362022399902344,26.422263186094668,21.488988389399
20001_0310_1,2024-03-07,14,22.946590423583984,25.66017169596364,20.728220097965185
20001_0310_1,2024-03-07,15,26.358320236206055,26.634646307483877,20.488231162044727
20001_0310_1,2024-03-07,16,22.592845916748047,23.98926412878001,19.504976164930866
20001_0310_1,2024-03-07,17,17.57221221923828,24.884650440508814,18.16010462776753
20001_0310_1,2024-03-07,18,,23.90154841660961,16.78189410445878
20001_0310_1,2024-03-07,19,,13.51188082545028,22.102406607554705
20001_0310_1,2024-03-07,20,,15.934819991206394,33.373735081307174
20001_0310_1,2024-03-07,21,,43.90815985072042,49.11679353360114
20001_0310_1,2024-03-07,22,,43.83460446587485,49.45287468351587
20001_0310_1,2024-03-07,23,,43.7618753674737,49.77564654827586
20001_0310_1,2024-03-07,24,,43.69206847403003,50.07884687280047
20001_0310_1,2024-03-07,25,,43.627042185356764,50.356719155058435
20001_0310_1,2024-03-07,26,,43.56830263682601,50.604131312816385
20001_0310_1,2024-03-07,27,,43.51693080523262,50.816661334295716
20001_0310_1,2024-03-07,28,,43.47356719923818,50.990653959671526
20001_0310_1,2024-03-07,29,,43.43845878875778,51.12325673075375
20001_0310_1,2024-03-07,30,,43.41155853702825,51.212446241577126
20001_0310_1,2024-03-07,31,,43.39265440473521,51.257055424300006
20001_0310_1,2024-03-07,32,,43.381496394864,51.256809908940006
20001_0310_1,2024-03-07,33,,43.37789025520803,51.2123760760358
20001_0310_1,2024-03-07,34,,43.381735433067355,51.12541609811631
20001_0310_1,2024-03-07,35,,43.39300036893715,50.99863734770219
20001_0310_1,2024-03-07,36,,43.41164554610582,50.83581688127309
20001_0310_1,2024-03-07,37,,43.43751857117975,50.641778407653845
20001_0310_1,2024-03-07,38,,43.47025188616813,50.4223010560834
20001_0310_1,2024-03-07,39,,43.50919107872141,50.18394717863562
20001_0310_1,2024-03-07,40,,43.55337171430705,49.93380944990472
20001_0310_1,2024-03-07,41,,43.601548905080875,49.679192889942826
20001_0310_1,2024-03-07,42,,43.65227086641734,49.427261137618885
20001_0310_1,2024-03-07,43,,43.703978998873225,49.18468446792468
20001_0310_1,2024-03-07,44,,43.75511417476601,48.95732740067499
20001_0310_1,2024-03-07,45,,43.80421147857233,48.75000646263156
20001_0310_1,2024-03-07,46,,43.849971794698945,48.56633616880485
20001_0310_1,2024-03-07,47,,43.891305995179835,48.40866717519459
20001_0310_1,2024-03-07,48,,43.927354004957074,48.27810821146953
20001_0310_1,2024-03-07,49,,43.95748543268744,48.17461500504265
20001_0310_1,2024-03-07,50,,43.98129030592713,48.09712561065347
20001_0310_1,2024-03-07,51,,43.9985679417853,48.04372177948264
20001_0310_1,2024-03-07,52,,44.009319686274054,48.0117989947953
20001_0310_1,2024-03-07,53,,44.013747873380375,47.998232207698884
20001_0310_1,2024-03-07,54,,44.01225960577314,47.99952900173918
20001_0310_1,2024-03-07,55,,44.00547054140635,48.01196614129057
20001_0310_1,2024-03-07,56,,43.99420147349696,48.03170880923543
20001_0310_1,2024-03-07,57,,43.97945977810025,48.054914173790834
20001_0310_1,2024-03-07,58,,43.962399307963864,48.07782227604459
20001_0310_1,2024-03-07,59,,43.94425623752997,48.09683773324562
20001_0310_1,2024-03-07,60,,43.926264331480894,48.10860559287304
20001_0310_1,2024-03-07,61,,43.90955996541619,48.11008404818528
20001_0310_1,2024-03-07,62,,43.89509308711046,48.09861582221538
20001_0310_1,2024-03-07,63,,43.88356294972352,48.07199899045443
20001_0310_1,2024-03-07,64,,43.875395062762024,48.0285569349419
20001_0310_1,2024-03-07,65,,43.87076786457229,47.9672060416735
20001_0310_1,2024-03-07,66,,43.86968548754352,47.88751867174739
20001_0310_1,2024-03-07,67,,43.872079872264294,47.78977786019239
20001_0310_1,2024-03-07,68,,43.877915565679594,47.67501917888468
20001_0310_1,2024-03-07,69,,43.88726749114632,47.54505437746417
20001_0310_1,2024-03-07,70,,43.90034751201313,47.40247101010644
20001_0310_1,2024-03-07,71,,43.917468621098635,47.25060253284609
20001_0310_1,2024-03-07,72,,43.93895237446108,47.093464545812466
20001_0310_1,2024-03-07,73,,43.96500067710177,46.9356550481315
20001_0310_1,2024-03-08,1,37.777164459228516,37.777164459228516,37.777164459228516
20001_0310_1,2024-03-08,2,37.14556884765625,37.14556884765625,37.14556884765625
20001_0310_1,2024-03-08,3,44.01414489746094,32.43512541820076,31.843780009058634
20001_0310_1,2024-03-08,4,33.95376968383789,33.69404072695895,32.80917510727522
20001_0310_1,2024-03-08,5,32.69622039794922,39.126240289571896,33.558360937131056
20001_0310_1,2024-03-08,6,30.181127548217773,35.71433100717125,29.727956019032142
20001_0310_1,2024-03-08,7,31.325891494750977,33.95635085350162,27.7051583337704
20001_0310_1,2024-03-08,8,32.47065353393555,30.782537021302602,26.746929252043277
20001_0310_1,2024-03-08,9,39.339229583740234,30.712861497274677,27.773868915040538
20001_0310_1,2024-03-08,10,49.64208984375,30.790800136055854,31.74907763824705
20001_0310_1,2024-03-08,11,61.089717864990234,30.84431016851592,39.7709926082915
20001_0310_1,2024-03-08,12,63.302207946777344,38.15651268792588,49.85016507815543
20001_0310_1,2024-03-08,13,54.70817184448242,52.81953849711141,54.34912366871757
20001_0310_1,2024-03-08,14,51.06095886230469,63.17308705872412,55.26058310170505
20001_0310_1,2024-03-08,15,50.919010162353516,57.01747139482512,53.24285117175333
20001_0310_1,2024-03-08,16,47.28193664550781,54.26375280349851,51.94112694712207
20001_0310_1,2024-03-08,17,42.4325065612793,52.30184506040122,50.01815263909139
20001_0310_1,2024-03-08,18,,50.15250945234084,48.22114369972546
20001_0310_1,2024-03-08,19,,46.45128736228663,43.211471372652674
20001_0310_1,2024-03-08,20,,45.2155796958544,38.758662957869426
20001_0310_1,2024-03-08,21,,33.262294803522764,32.59670914541125
20001_0310_1,2024-03-08,22,,33.17936941950846,32.92068399900693
20001_0310_1,2024-03-08,23,,33.09743990464263,33.23776264754282
20001_0310_1,2024-03-08,24,,33.018861911295986,33.54220863920729
20001_0310_1,2024-03-08,25,,32.94571733608399,33.82824675459472
20001_0310_1,2024-03-08,26,,32.87968728797918,34.0903005645981
20001_0310_1,2024-03-08,27,,32.82197257134961,34.32327051912894
20001_0310_1,2024-03-08,28,,32.773278802444956,34.52283324788878
20001_0310_1,2024-03-08,29,,32.73387092048497,34.68573563675938
20001_0310_1,2024-03-08,30,,32.70368602774343,34.8100521521941
20001_0310_1,2024-03-08,31,,32.68247860383129,34.895372309976636
20001_0310_1,2024-03-08,32,,32.66996302282505,34.942888455187195
20001_0310_1,2024-03-08,33,,32.6659184375189,34.95536284600623
20001_0310_1,2024-03-08,34,,32.67023112930904,34.93696697341685
20001_0310_1,2024-03-08,35,,32.68286668361537,34.893003166714344
20001_0310_1,2024-03-08,36,,32.703783647571115,34.829535546696604
20001_0310_1,2024-03-08,37,,32.73281575731201,34.75297044816702
20001_0310_1,2024-03-08,38,,32.76955687680709,34.6696323758792
20001_0310_1,2024-03-08,39,,32.813279890441464,34.585379072252735
20001_0310_1,2024-03-08,40,,32.86290966188011,34.50528941086574
20001_0310_1,2024-03-08,41,,32.91705495437747,34.43344355718697
20001_0310_1,2024-03-08,42,,32.97408977714261,34.372799890531034
20001_0310_1,2024-03-08,43,,33.03226485734546,34.32516076722993
20001_0310_1,2024-03-08,44,,33.08982663374588,34.29121115781083
20001_0310_1,2024-03-08,45,,33.14512389403292,34.270610799626624
20001_0310_1,2024-03-08,46,,33.19668892100385,34.262120902397236
20001_0310_1,2024-03-08,47,,33.24328817864499,34.263749223225645
20001_0310_1,2024-03-08,48,,33.283944877323165,34.27290110761845
20001_0310_1,2024-03-08,49,,33.31794075353946,34.28652785043474
20001_0310_1,2024-03-08,50,,33.34480655002707,34.3012669040111
20001_0310_1,2024-03-08,51,,33.364310177471204,34.313570889226284
20001_0310_1,2024-03-08,52,,33.37644899750202,34.31982415011266
20001_0310_1,2024-03-08,53,,33.38144887699739,34.31644694693874
20001_0310_1,2024-03-08,54,,33.37976844250872,34.299988508475124
20001_0310_1,2024-03-08,55,,33.372103113044055,34.2672111705757
20001_0310_1,2024-03-08,56,,33.35938080105146,34.215168693046564
20001_0310_1,2024-03-08,57,,33.34274039858191,34.14128241751812
20001_0310_1,2024-03-08,58,,33.323485903879956,34.04341895891075
20001_0310_1,2024-03-08,59,,33.30301350392195,33.919972337612016
20001_0310_1,2024-03-08,60,,33.28271565806748,33.76995164779843
20001_0310_1,2024-03-08,61,,33.263873912834235,33.593072478012125
20001_0310_1,2024-03-08,62,,33.247558700313064,33.38984658224178
20001_0310_1,2024-03-08,63,,33.23455726151115,33.161660307831646
20001_0310_1,2024-03-08,64,,33.225348091087,32.910828907215574
20001_0310_1,2024-03-08,65,,33.22013135403908,32.64061217124889
20001_0310_1,2024-03-08,66,,33.218911111796395,32.355177826972835
20001_0310_1,2024-03-08,67,,33.22161049468185,32.05950341559568
20001_0310_1,2024-03-08,68,,33.22818983392999,31.75921470980913
20001_0310_1,2024-03-08,69,,33.23873434397996,31.460368009705885
20001_0310_1,2024-03-08,70,,33.253484152201445,31.169192953730263
20001_0310_1,2024-03-08,71,,33.27279408257042,30.89181958139895
20001_0310_1,2024-03-08,72,,33.297029457316995,30.63401647287782
20001_0310_1,2024-03-08,73,,33.326421585352136,30.40096506946539
20001_0310_1,2024-03-11,1,35.00166320800781,35.00166320800781,35.00166320800781
20001_0310_1,2024-03-11,2,33.025760650634766,33.025760650634766,33.025760650634766
20001_0310_1,2024-03-11,3,30.153955459594727,26.495433971307833,22.795417346319482
20001_0310_1,2024-03-11,4,28.411237716674805,27.550715550784854,23.531090268188002
20001_0310_1,2024-03-11,5,26.99067497253418,31.828540892170878,24.227677981627775
20001_0310_1,2024-03-11,6,26.99067497253418,28.52542020778163,23.151255793981996
20001_0310_1,2024-03-11,7,26.99067497253418,28.24094188561511,23.33705828660309
20001_0310_1,2024-03-11,8,29.24884605407715,28.28430657732443,23.65132103456616
20001_0310_1,2024-03-11,9,28.915491104125977,28.160102418528002,24.27414960694328
20001_0310_1,2024-03-11,10,31.173662185668945,28.049094340933163,25.358300842797355
20001_0310_1,2024-03-11,11,31.173662185668945,28.640232717864667,27.410565894388203
20001_0310_1,2024-03-11,12,52.62629318237305,30.19522561097567,29.280182744479525
20001_0310_1,2024-03-11,13,52.253150939941406,28.97099494224936,37.99397882108141
20001_0310_1,2024-03-11,14,39.877403259277344,33.218298151622,42.97499868460299
20001_0310_1,2024-03-11,15,38.256324768066406,54.54403114470803,47.02196625427304
20001_0310_1,2024-03-11,16,32.791133880615234,43.4367765468386,39.92669704682105
20001_0310_1,2024-03-11,17,24.593351364135742,41.33467437171591,33.24717017865256
20001_0310_1,2024-03-11,18,,35.140566608611564,27.414994735577906
20001_0310_1,2024-03-11,19,,25.269248762800416,24.83588353486401
20001_0310_1,2024-03-11,20,,25.363584756007025,25.697949504313648
20001_0310_1,2024-03-11,21,,27.13175163920073,26.59301453364364
20001_0310_1,2024-03-11,22,,27.042542509810033,26.761169224515996
20001_0310_1,2024-03-11,23,,26.9544380821226,26.89609978376167
20001_0310_1,2024-03-11,24,,26.869968744481,26.99503612223044
20001_0310_1,2024-03-11,25,,26.79136728300146,27.055826190996974
20001_0310_1,2024-03-11,26,,26.72043343296777,27.07715598826397
20001_0310_1,2024-03-11,27,,26.658449717855536,27.058747554272014
20001_0310_1,2024-03-11,28,,26.606166670749424,27.001506612780506
20001_0310_1,2024-03-11,29,,26.563862307911933,26.907592241656342
20001_0310_1,2024-03-11,30,,26.531463845692976,26.78038710722487
20001_0310_1,2024-03-11,31,,26.50870380271843,26.62435860502573
20001_0310_1,2024-03-11,32,,26.49527294723413,26.444817218799688
20001_0310_1,2024-03-11,33,,26.49093273752009,26.247595269768382
20001_0310_1,2024-03-11,34,,26.495560652747038,26.038682724990043
20001_0310_1,2024-03-11,35,,26.50912027500778,25.823863109913333
20001_0310_1,2024-03-11,36,,26.531568617333484,25.608390090242523
20001_0310_1,2024-03-11,37,,26.56272969233345,25.39673498852997
20001_0310_1,2024-03-11,38,,26.602170865431685,25.192420734177364
20001_0310_1,2024-03-11,39,,26.64911545345188,24.99794277041746
20001_0310_1,2024-03-11,40,,26.702413156090437,24.814765826335783
20001_0310_1,2024-03-11,41,,26.76057366082681,24.643379056710852
20001_0310_1,2024-03-11,42,,26.821853333563496,24.483390845861855
20001_0310_1,2024-03-11,43,,26.884374432464345,24.333647234995382
20001_0310_1,2024-03-11,44,,26.946252686568258,24.19236261471586
20001_0310_1,2024-03-11,45,,27.005711924568004,24.05725631550951
20001_0310_1,2024-03-11,46,,27.06117159768343,23.925692820966805
20001_0310_1,2024-03-11,47,,27.111301757568622,23.794825892354492
20001_0310_1,2024-03-11,48,,27.15504788712923,23.66174778366973
20001_0310_1,2024-03-11,49,,27.191633369492237,23.523644125074835
20001_0310_1,2024-03-11,50,,27.220549726654266,23.37795332197043
20001_0310_1,2024-03-11,51,,27.241544251850044,23.222526895829496
20001_0310_1,2024-03-11,52,,27.254611950854898,23.055784537742717
20001_0310_1,2024-03-11,53,,27.259994642818675,22.87685520605739
20001_0310_1,2024-03-11,54,,27.25818553297912,22.685693811473598
20001_0310_1,2024-03-11,55,,27.249933428507635,22.483162308825186
20001_0310_1,2024-03-11,56,,27.236237883744966,22.271064710077383
20001_0310_1,2024-03-11,57,,27.218325745870843,22.052127877771355
20001_0310_1,2024-03-11,58,,27.197601463908185,21.829923957858497
20001_0310_1,2024-03-11,59,,27.17556833982659,21.608735650008875
20001_0310_1,2024-03-11,60,,27.153725141098008,21.39337151388598
20001_0310_1,2024-03-11,61,,27.133450738025154,21.188944199001007
20001_0310_1,2024-03-11,62,,27.11589640242881,21.00062879470879
20001_0310_1,2024-03-11,63,,27.101908464835084,20.833420547317154
20001_0310_1,2024-03-11,64,,27.092001045767002,20.691910570594892
20001_0310_1,2024-03-11,65,,27.08638895702303,20.580095083136243
20001_0310_1,2024-03-11,66,,27.08507625789083,20.501228894349097
20001_0310_1,2024-03-11,67,,27.087980180998752,20.45772839386664
20001_0310_1,2024-03-11,68,,27.09505820756012,20.45112422058354
20001_0310_1,2024-03-11,69,,27.106402396643535,20.48205983715914
20001_0310_1,2024-03-11,70,,27.122271733118126,20.55032971089192
20001_0310_1,2024-03-11,71,,27.143048944825974,20.654949587216244
20001_0310_1,2024-03-11,72,,27.169128491307738,20.794251063714746
20001_0310_1,2024-03-11,73,,27.200761120181202,20.96599289245026
20001_0310_1,2024-03-12,1,82.15238189697266,82.15238189697266,82.15238189697266
20001_0310_1,2024-03-12,2,72.48739624023438,72.48739624023438,72.48739624023438
20001_0310_1,2024-03-12,3,72.48739624023438,72.08688418504113,61.185222269741814
20001_0310_1,2024-03-12,4,69.26573944091797,72.4640359026747,60.99977016539731
20001_0310_1,2024-03-12,5,80.97691345214844,72.4442560927314,60.75703749187921
20001_0310_1,2024-03-12,6,95.01968383789062,68.6114698328404,60.76394046715204
20001_0310_1,2024-03-12,7,93.2504653930664,66.51823894000556,61.13222540639057
20001_0310_1,2024-03-12,8,96.58097076416016,75.32767552428604,61.672724459336585
20001_0310_1,2024-03-12,9,102.84306335449219,79.07683294765985,61.88278330192564
20001_0310_1,2024-03-12,10,106.17356872558594,79.06830008132061,61.878091200534776
20001_0310_1,2024-03-12,11,106.17356872558594,79.38431427339424,61.86304753767853
20001_0310_1,2024-03-12,12,125.0464096069336,80.25124530763006,61.88925372668942
20001_0310_1,2024-03-12,13,129.17626953125,80.26407799157269,61.82377089735935
20001_0310_1,2024-03-12,14,110.84583282470703,80.51987662018033,61.77097290650785
20001_0310_1,2024-03-12,15,105.67644500732422,80.7790911228018,61.87049615447853
20001_0310_1,2024-03-12,16,104.87744903564453,80.5806812532107,61.80075568404382
20001_0310_1,2024-03-12,17,75.57345581054688,80.54872320643588,61.50306973328155
20001_0310_1,2024-03-12,18,,80.34612393536551,61.33103049958227
20001_0310_1,2024-03-12,19,,74.17924834472649,60.76080686917691
20001_0310_1,2024-03-12,20,,73.96654294300939,60.725308417043
20001_0310_1,2024-03-12,21,,72.0300104810124,60.64839393560591
20001_0310_1,2024-03-12,22,,71.99546049833994,60.68757762095543
20001_0310_1,2024-03-12,23,,71.96109446813477,60.729697371632795
20001_0310_1,2024-03-12,24,,71.92791991202735,60.77404592107568
20001_0310_1,2024-03-12,25,,71.89685176713854,60.82003781799705
20001_0310_1,2024-03-12,26,,71.8686510899413,60.86721753634007
20001_0310_1,2024-03-12,27,,71.84388236472229,60.9152583272358
20001_0310_1,2024-03-12,28,,71.8228987701761,60.963952482713964
20001_0310_1,2024-03-12,29,,71.80585913326033,61.01319433844736
20001_0310_1,2024-03-12,30,,71.79277268458485,61.062957865634694
20001_0310_1,2024-03-12,31,,71.78356036216158,61.11327102900644
20001_0310_1,2024-03-12,32,,71.77811674469146,61.16418918922617
20001_0310_1,2024-03-12,33,,71.77635646046042,61.215769708278245
20001_0310_1,2024-03-12,34,,71.77823341094768,61.268049609388434
20001_0310_1,2024-03-12,35,,71.78372907389553,61.32102770073551
20001_0310_1,2024-03-12,36,,71.7928150554888,61.374652053539535
20001_0310_1,2024-03-12,37,,71.80540218269293,61.42881318596001
20001_0310_1,2024-03-12,38,,71.82129164182095,61.48334279176508
20001_0310_1,2024-03-12,39,,71.84014221043674,61.538017403589066
20001_0310_1,2024-03-12,40,,71.86146230163524,61.592566021870894
20001_0310_1,2024-03-12,41,,71.88462834494749,61.64668049167934
20001_0310_1,2024-03-12,42,,71.90892435275455,61.700027283514004
20001_0310_1,2024-03-12,43,,71.93359324393998,61.752259336949955
20001_0310_1,2024-03-12,44,,71.9578894104414,61.80302675522464
20001_0310_1,2024-03-12,45,,71.98112376327269,61.85198538128349
20001_0310_1,2024-03-12,46,,72.0026959647249,61.89880261589122
20001_0310_1,2024-03-12,47,,72.02211242432605,61.943160219095354
20001_0310_1,2024-03-12,48,,72.03899185395154,61.9847542224122
20001_0310_1,2024-03-12,49,,72.05306217242403,62.02329242337979
20001_0310_1,2024-03-12,50,,72.06415321734553,62.05849019488324
20001_0310_1,2024-03-12,51,,72.07218926776034,62.09006548999013
20001_0310_1,2024-03-12,52,,72.0771841465372,62.11773394796869
20001_0310_1,2024-03-12,53,,72.07924000829468,62.14120491739089
20001_0310_1,2024-03-12,54,,72.07854914030756,62.160179033921175
20001_0310_1,2024-03-12,55,,72.07539649077302,62.17434776172465
20001_0310_1,2024-03-12,56,,72.07015946950085,62.183395071086885
20001_0310_1,2024-03-12,57,,72.06330113186641,62.1870012202484
20001_0310_1,2024-03-12,58,,72.05535342971973,62.18484846618402
20001_0310_1,2024-03-12,59,,72.04688894939586,62.17662846237995
20001_0310_1,2024-03-12,60,,72.03848235387565,62.16205111072629
20001_0310_1,2024-03-12,61,,72.03066610857368,62.14085470302038
20001_0310_1,2024-03-12,62,,72.02388808876762,62.11281728579422
20001_0310_1,2024-03-12,63,,72.01848019636287,62.077769271765746
20001_0310_1,2024-03-12,64,,72.01464616887533,62.03560736004505
20001_0310_1,2024-03-12,65,,72.01247300818326,61.98630977619321
20001_0310_1,2024-03-12,66,,72.01196455138555,61.92995267426354
20001_0310_1,2024-03-12,67,,72.01308927560531,61.866727247982105
20001_0310_1,2024-03-12,68,,72.01582957411573,61.796956697573
20001_0310_1,2024-03-12,69,,72.02021826904937,61.721111746252674
20001_0310_1,2024-03-12,70,,72.02635082748724,61.639822981761235
20001_0310_1,2024-03-12,71,,72.03436804564006,61.55388801946175
20001_0310_1,2024-03-12,72,,72.04441206260518,61.46427144922751
20001_0310_1,2024-03-12,73,,72.05656602347705,61.37209581392693
20001_0310_1,2024-03-13,1,86.6026382446289,86.6026382446289,86.6026382446289
20001_0310_1,2024-03-13,2,86.03395080566406,86.03395080566406,86.03395080566406
20001_0310_1,2024-03-13,3,89.63008880615234,73.25971629500216,62.120513913915396
20001_0310_1,2024-03-13,4,84.02820587158203,73.77577265289862,62.18804640012452
20001_0310_1,2024-03-13,5,82.06005859375,78.07699026810435,62.05357451661545
20001_0310_1,2024-03-13,6,81.34678649902344,77.31489557467093,61.99311350003993
20001_0310_1,2024-03-13,7,79.49800109863281,70.7961127786502,61.665086387832645
20001_0310_1,2024-03-13,8,79.86978912353516,76.36664182026115,61.89019676049058
20001_0310_1,2024-03-13,9,80.9800796508789,75.75419914616879,61.83934414715638
20001_0310_1,2024-03-13,10,83.2006607055664,74.82118327315129,61.8008017902886
20001_0310_1,2024-03-13,11,88.75210571289062,75.83728867712185,61.88850001617013
20001_0310_1,2024-03-13,12,97.63442993164062,76.02243631447111,62.00233764479192
20001_0310_1,2024-03-13,13,97.63442993164062,76.57402095142332,62.18182804391404
20001_0310_1,2024-03-13,14,92.40401458740234,78.61953084962958,62.245570873215044
20001_0310_1,2024-03-13,15,123.33606719970703,79.9347852378666,62.269422483273715
20001_0310_1,2024-03-13,16,138.24032592773438,78.4422199335889,62.377596346813924
20001_0310_1,2024-03-13,17,128.53924560546875,77.44306086123359,62.389465489256885
20001_0310_1,2024-03-13,18,,80.64360408491783,62.51440155499224
20001_0310_1,2024-03-13,19,,80.44122869959287,62.13475574376031
20001_0310_1,2024-03-13,20,,80.6029823311942,62.02588225984471
20001_0310_1,2024-03-13,21,,74.03428260970084,61.50871899449744
20001_0310_1,2024-03-13,22,,74.0042853069462,61.525779074946655
20001_0310_1,2024-03-13,23,,73.97440210096593,61.544463281201025
20001_0310_1,2024-03-13,24,,73.94551289911502,61.56449438261343
20001_0310_1,2024-03-13,25,,73.91842146511343,61.58570536994419
20001_0310_1,2024-03-13,26,,73.8938005469321,61.60803535994717
20001_0310_1,2024-03-13,27,,73.87215292231494,61.631517795806005
20001_0310_1,2024-03-13,28,,73.8537969216543,61.65626227733671
20001_0310_1,2024-03-13,29,,73.83888001068516,61.682431785055606
20001_0310_1,2024-03-13,30,,73.82741720241367,61.71021730589899
20001_0310_1,2024-03-13,31,,73.81934444117007,61.73981191467273
20001_0310_1,2024-03-13,32,,73.81457287951757,61.77138623002426
20001_0310_1,2024-03-13,33,,73.81302970703663,61.80506688289372
20001_0310_1,2024-03-13,34,,73.81467515267187,61.84091925575078
20001_0310_1,2024-03-13,35,,73.81949230855442,61.87893532038231
20001_0310_1,2024-03-13,36,,73.82745432555188,61.91902696255152
20001_0310_1,2024-03-13,37,,73.83847985056403,61.96102476594995
20001_0310_1,2024-03-13,38,,73.85239042142265,62.004681858202886
20001_0310_1,2024-03-13,39,,73.86888221900475,62.04968211324484
20001_0310_1,2024-03-13,40,,73.8875198137095,62.09565176726559
20001_0310_1,2024-03-13,41,,73.90775312792925,62.14217334717871
20001_0310_1,2024-03-13,42,,73.9289529094504,62.18880073707665
20001_0310_1,2024-03-13,43,,73.95045625595719,62.23507422299991
20001_0310_1,2024-03-13,44,,73.9716128452005,62.28053445900553
20001_0310_1,2024-03-13,45,,73.99182416706847,62.32473448104251
20001_0310_1,2024-03-13,46,,74.01057119716361,62.36724914458233
20001_0310_1,2024-03-13,47,,74.02742940484708,62.40768165412943
20001_0310_1,2024-03-13,48,,74.04207281667121,62.445667157907295
20001_0310_1,2024-03-13,49,,74.05427057106513,62.480873666384376
20001_0310_1,2024-03-13,50,,74.06387993447368,62.51300078777364
20001_0310_1,2024-03-13,51,,74.07083930666607,62.54177693279034
20001_0310_1,2024-03-13,52,,74.07516363620181,62.56695571112832
20001_0310_1,2024-03-13,53,,74.07694320650488,62.588312222642024
20001_0310_1,2024-03-13,54,,74.07634520506056,62.605639849220935
20001_0310_1,2024-03-13,55,,74.07361608602204,62.6187480012231
20001_0310_1,2024-03-13,56,,74.06908171155195,62.62746109349432
20001_0310_1,2024-03-13,57,,74.06314185805927,62.631618849772245
20001_0310_1,2024-03-13,58,,74.05625614096158,62.63107788609071
20001_0310_1,2024-03-13,59,,74.04891989516767,62.62571442149572
20001_0310_1,2024-03-13,60,,74.04163097546582,62.6154279161037
20001_0310_1,2024-03-13,61,,74.03485139207851,62.600145440305134
20001_0310_1,2024-03-13,62,,74.02897037687919,62.57982662358488
20001_0310_1,2024-03-13,63,,74.02427686827988,62.554469098489825
20001_0310_1,2024-03-13,64,,74.02094862175443,62.52411442122961
20001_0310_1,2024-03-13,65,,74.01906188691447,62.488854489555585
20001_0310_1,2024-03-13,66,,74.01862041887168,62.44883846644541
20001_0310_1,2024-03-13,67,,74.01959694809739,62.4042801358002
20001_0310_1,2024-03-13,68,,74.02197597478283,62.35546545577226
20001_0310_1,2024-03-13,69,,74.02578546644848,62.30275984486677
20001_0310_1,2024-03-13,70,,74.03110740595122,62.24661446466526
20001_0310_1,2024-03-13,71,,74.03806264676285,62.18757050113118
20001_0310_1,2024-03-13,72,,74.04677260964127,62.12626025984148
20001_0310_1,2024-03-13,73,,74.05730687116758,62.06340384821427
20001_0310_1,2024-03-14,1,81.6462173461914,81.6462173461914,81.6462173461914
20001_0310_1,2024-03-14,2,75.68824768066406,75.68824768066406,75.68824768066406
20001_0310_1,2024-03-14,3,75.68824768066406,72.29754256563041,61.45284224583551
20001_0310_1,2024-03-14,4,65.51885986328125,73.6649606790426,61.03090082815012
20001_0310_1,2024-03-14,5,72.13882446289062,74.16518588584714,60.723653298908715
20001_0310_1,2024-03-14,6,72.13882446289062,65.24705174505597,60.25766202960137
20001_0310_1,2024-03-14,7,72.74239349365234,67.03770139250295,60.538400652792
20001_0310_1,2024-03-14,8,73.84571838378906,71.62829643822278,60.934923334087244
20001_0310_1,2024-03-14,9,73.84571838378906,70.55508932498243,60.92460652752581
20001_0310_1,2024-03-14,10,73.84571838378906,72.15642424635205,61.03956121354048
20001_0310_1,2024-03-14,11,74.94905090332031,72.87026804065817,61.062807013249135
20001_0310_1,2024-03-14,12,88.18897247314453,72.75274127604503,61.07443979323658
20001_0310_1,2024-03-14,13,88.84845733642578,71.49414529447742,61.39674217433107
20001_0310_1,2024-03-14,14,77.51451873779297,74.49546628852009,61.248121932593705
20001_0310_1,2024-03-14,15,77.36815643310547,78.2869228697013,61.342639895288556
20001_0310_1,2024-03-14,16,75.82079315185547,71.33728607791002,60.94924990687471
20001_0310_1,2024-03-14,17,60.34716033935547,73.81445565998457,60.50400430408834
20001_0310_1,2024-03-14,18,,74.49819378499359,60.11410030879137
20001_0310_1,2024-03-14,19,,60.64963989911828,59.6652474017483
20001_0310_1,2024-03-14,20,,61.92672316426664,60.288095575259426
20001_0310_1,2024-03-14,21,,72.49021039835071,60.97235441979532
20001_0310_1,2024-03-14,22,,72.45781205211813,60.98088912909054
20001_0310_1,2024-03-14,23,,72.42556697162476,60.99043841447407
20001_0310_1,2024-03-14,24,,72.39442210420127,61.00092706966236
20001_0310_1,2024-03-14,25,,72.36523936636489,61.01239018314307
20001_0310_1,2024-03-14,26,,72.33873746808152,61.02496032329151
20001_0310_1,2024-03-14,27,,72.31545108375674,61.038848208960786
20001_0310_1,2024-03-14,28,,72.29571632594073,61.05431866696597
20001_0310_1,2024-03-14,29,,72.27968616396853,61.07166391032098
20001_0310_1,2024-03-14,30,,72.26737220413264,61.09117620921086
20001_0310_1,2024-03-14,31,,72.25870224243477,61.11312188986413
20001_0310_1,2024-03-14,32,,72.25357855365121,61.137718321985716
20001_0310_1,2024-03-14,33,,72.25192163570787,61.16511518898939
20001_0310_1,2024-03-14,34,,72.25368836758861,61.19538092205873
20001_0310_1,2024-03-14,35,,72.25886103217432,61.228494756889525
20001_0310_1,2024-03-14,36,,72.26741207777756,61.264344468327124
20001_0310_1,2024-03-14,37,,72.27925622769644,61.30272947072972
20001_0310_1,2024-03-14,38,,72.29420458487422,61.34336865173176
20001_0310_1,2024-03-14,39,,72.31193398977028,61.3859120423153
20001_0310_1,2024-03-14,40,,72.33197983574742,61.42995522540245
20001_0310_1,2024-03-14,41,,72.35375372839954,61.47505525925348
20001_0310_1,2024-03-14,42,,72.37658106038626,61.520746852652394
20001_0310_1,2024-03-14,43,,72.39974954517511,61.56655758618699
20001_0310_1,2024-03-14,44,,72.42255875883892,61.612021131698796
20001_0310_1,2024-03-14,45,,72.44436243213855,61.656687673577856
20001_0310_1,2024-03-14,46,,72.46459854416574,61.70013106128145
20001_0310_1,2024-03-14,47,,72.48280593765065,61.741952589594376
20001_0310_1,2024-03-14,48,,72.49862920785621,61.781781669608975
20001_0310_1,2024-03-14,49,,72.51181548047437,61.819273974049196
20001_0310_1,2024-03-14,50,,72.52220730075375,61.854107875191964
20001_0310_1,2024-03-14,51,,72.52973540991403,61.885980114494345
20001_0310_1,2024-03-14,52,,72.53441401244923,61.91460163998682
20001_0310_1,2024-03-14,53,,72.53633957142338,61.93969442955169
20001_0310_1,2024-03-14,54,,72.53569249958284,61.960989911119874
20001_0310_1,2024-03-14,55,,72.53273960078366,61.97822933152831
20001_0310_1,2024-03-14,56,,72.52783401563416,61.99116615520881
20001_0310_1,2024-03-14,57,,72.52140900872853,61.99957032980474
20001_0310_1,2024-03-14,58,,72.51396245942222,62.00323406723565
20001_0310_1,2024-03-14,59,,72.50603053626261,62.001978672593175
20001_0310_1,2024-03-14,60,,72.49815165733841,61.99566191366975
20001_0310_1,2024-03-14,61,,72.49082500521178,61.98418545350574
20001_0310_1,2024-03-14,62,,72.48447072071494,61.96750195084886
20001_0310_1,2024-03-14,63,,72.47940036146207,61.94562154690409
20001_0310_1,2024-03-14,64,,72.47580534150865,61.91861757657545
20001_0310_1,2024-03-14,65,,72.47376754478357,61.88663144386161
20001_0310_1,2024-03-14,66,,72.47329074802107,61.84987666181807
20001_0310_1,2024-03-14,67,,72.47434543343374,61.808642060185335
20001_0310_1,2024-03-14,68,,72.47691500091875,61.76329409930602
20001_0310_1,2024-03-14,69,,72.48103000530119,61.71427810023589
20001_0310_1,2024-03-14,70,,72.48677958705133,61.66211802633977
20001_0310_1,2024-03-14,71,,72.4942951881905,61.60741426625266
20001_0310_1,2024-03-14,72,,72.50370925761813,61.55083872106037
20001_0310_1,2024-03-14,73,,72.51509866113605,61.49312644524683
20001_0310_1,2024-03-15,1,31.00438117980957,31.00438117980957,31.00438117980957
20001_0310_1,2024-03-15,2,30.6787052154541,30.6787052154541,30.6787052154541
20001_0310_1,2024-03-15,3,31.7860050201416,27.09548893051467,23.808527385569953
20001_0310_1,2024-03-15,4,29.15164566040039,28.73809228827299,23.134013417267255
20001_0310_1,2024-03-15,5,26.8293399810791,31.781731809030006,22.718116615474287
20001_0310_1,2024-03-15,6,26.8293399810791,24.86357188897689,20.83824026133612
20001_0310_1,2024-03-15,7,31.25853729248047,26.151911217925175,21.684036103464535
20001_0310_1,2024-03-15,8,52.29722595214844,26.553082879994506,23.65687545923907
20001_0310_1,2024-03-15,9,69.73826599121094,23.447599090147385,32.54851844522914
20001_0310_1,2024-03-15,10,72.48523712158203,27.216563145462253,47.81504103649332
20001_0310_1,2024-03-15,11,72.48523712158203,50.101232642910944,56.99938511569803
20001_0310_1,2024-03-15,12,76.91443634033203,67.83732846842317,59.24763165603352
20001_0310_1,2024-03-15,13,92.4166259765625,71.40065403556866,59.75863345702447
20001_0310_1,2024-03-15,14,69.31246948242188,72.5720064815086,59.552910142269454
20001_0310_1,2024-03-15,15,67.8526382446289,74.963338592112,59.36760400866585
20001_0310_1,2024-03-15,16,58.52107238769531,71.08211222317951,58.23678949220324
20001_0310_1,2024-03-15,17,42.5607795715332,70.36445951924026,55.955003003301066
20001_0310_1,2024-03-15,18,,61.047197199157594,51.82855327390638
20001_0310_1,2024-03-15,19,,47.70375631798169,41.461536154196416
20001_0310_1,2024-03-15,20,,45.86216524803725,33.86734322442093
20001_0310_1,2024-03-15,21,,27.628850195997806,24.999614383103918
20001_0310_1,2024-03-15,22,,27.541233468642858,25.17425044992558
20001_0310_1,2024-03-15,23,,27.45469844408396,25.33798369958025
20001_0310_1,2024-03-15,24,,27.37173071280333,25.48858399342589
20001_0310_1,2024-03-15,25,,27.294523880238696,25.62407462946039
20001_0310_1,2024-03-15,26,,27.22484641711312,25.74286879959692
20001_0310_1,2024-03-15,27,,27.16395886497513,25.8439143125682
20001_0310_1,2024-03-15,28,,27.112599200255488,25.92682858687561
20001_0310_1,2024-03-15,29,,27.071041164461597,25.99200269438716
20001_0310_1,2024-03-15,30,,27.039213776346877,26.04065343356644
20001_0310_1,2024-03-15,31,,27.0168546590271,26.074806920017473
20001_0310_1,2024-03-15,32,,27.0036602934631,26.097205857233778
20001_0310_1,2024-03-15,33,,26.999396490271913,26.11114407596177
20001_0310_1,2024-03-15,34,,27.00394293383958,26.12024363960466
20001_0310_1,2024-03-15,35,,27.017263796916062,26.12819899150972
20001_0310_1,2024-03-15,36,,27.03931670191207,26.138517050014705
20001_0310_1,2024-03-15,37,,27.06992852025333,26.154280986581306
20001_0310_1,2024-03-15,38,,27.108673919639642,26.177959399272616
20001_0310_1,2024-03-15,39,,27.15478953731106,26.211273677648826
20001_0310_1,2024-03-15,40,,27.207144986337788,26.25512693193398
20001_0310_1,2024-03-15,41,,27.26427593283539,26.30958994888595
20001_0310_1,2024-03-15,42,,27.32446931973489,26.373934406845414
20001_0310_1,2024-03-15,43,,27.385880521924864,26.44670126963931
20001_0310_1,2024-03-15,44,,27.446658690005933,26.525792417310633
20001_0310_1,2024-03-15,45,,27.505059341678212,26.60857534209262
20001_0310_1,2024-03-15,46,,27.559530299926713,26.69199328349758
20001_0310_1,2024-03-15,47,,27.60876564522963,26.772675804191458
20001_0310_1,2024-03-15,48,,27.651730048520914,26.84704707504632
20001_0310_1,2024-03-15,49,,27.687661141603122,26.911430846177428
20001_0310_1,2024-03-15,50,,27.716059882868393,26.96215222523566
20001_0310_1,2024-03-15,51,,27.73667837429192,26.99563707272186
20001_0310_1,2024-03-15,52,,27.7495119226929,27.008510196009198
20001_0310_1,2024-03-15,53,,27.754798145002653,26.997693677287177
20001_0310_1,2024-03-15,54,,27.753021459756578,26.96050661187041
20001_0310_1,2024-03-15,55,,27.744917239728526,26.894767158529525
20001_0310_1,2024-03-15,56,,27.731467066429065,26.798896923967227
20001_0310_1,2024-03-15,57,,27.71387572493446,26.672026116784533
20001_0310_1,2024-03-15,58,,27.69352243344904,26.514095507650957
20001_0310_1,2024-03-15,59,,27.671883530172973,26.325948145730653
20001_0310_1,2024-03-15,60,,27.6504309512932,26.109400467700727
20001_0310_1,2024-03-15,61,,27.630518933003852,25.86727972222825
20001_0310_1,2024-03-15,62,,27.61327822353122,25.60341360297544
20001_0310_1,2024-03-15,63,,27.59954010169018,25.322559696137294
20001_0310_1,2024-03-15,64,,27.589809573007816,25.03026742610273
20001_0310_1,2024-03-15,65,,27.58429766604093,24.732673396711395
20001_0310_1,2024-03-15,66,,27.58300839807663,24.43624108579417
20001_0310_1,2024-03-15,67,,27.585860486316307,24.1474655787558
20001_0310_1,2024-03-15,68,,27.592812155618454,23.872570951411497
20001_0310_1,2024-03-15,69,,27.6039537836992,23.617230102296116
20001_0310_1,2024-03-15,70,,27.619539667463577,23.386333616688507
20001_0310_1,2024-03-15,71,,27.639945603047433,23.18382645884818
20001_0310_1,2024-03-15,72,,27.66555886582957,23.01262095905647
20001_0310_1,2024-03-15,73,,27.69662553969963,22.87458414723888
20001_0310_1,2024-03-18,1,102.99949645996094,102.99949645996094,102.99949645996094
20001_0310_1,2024-03-18,2,99.06173706054688,99.06173706054688,99.06173706054688
20001_0310_1,2024-03-18,3,112.86648559570312,78.9860815801501,61.63169706033227
20001_0310_1,2024-03-18,4,91.36811065673828,79.24238410780232,61.49148565609014
20001_0310_1,2024-03-18,5,85.99351501464844,79.9147495125543,61.3461074771043
20001_0310_1,2024-03-18,6,84.20198059082031,79.10937307910828,61.0588318009017
20001_0310_1,2024-03-18,7,84.20198059082031,77.99995455481596,60.813632509895555
20001_0310_1,2024-03-18,8,84.20198059082031,77.55718955807438,60.67209814549769
20001_0310_1,2024-03-18,9,80.6189193725586,77.72416873026054,60.51979231132545
20001_0310_1,2024-03-18,10,80.6189193725586,77.63277408947438,60.37994488143852
20001_0310_1,2024-03-18,11,80.6189193725586,76.3600907553778,60.202443127613925
20001_0310_1,2024-03-18,12,80.6189193725586,76.3617371050615,60.145617977785406
20001_0310_1,2024-03-18,13,83.97760009765625,76.36037550372117,60.09950705387793
20001_0310_1,2024-03-18,14,78.50080108642578,76.51488481851905,60.019517511839794
20001_0310_1,2024-03-18,15,81.15343475341797,76.54754078575688,59.91015516262603
20001_0310_1,2024-03-18,16,78.4085464477539,75.3815128829787,59.79964628975339
20001_0310_1,2024-03-18,17,68.60747528076172,75.22628471769914,59.498358141354565
20001_0310_1,2024-03-18,18,,75.04867166288258,59.27575640290738
20001_0310_1,2024-03-18,19,,66.15182801992998,59.4537844576297
20001_0310_1,2024-03-18,20,,68.09634111025635,59.994413235215006
20001_0310_1,2024-03-18,21,,79.11083911788938,60.62905497402746
20001_0310_1,2024-03-18,22,,79.09923516837988,60.65538599499361
20001_0310_1,2024-03-18,23,,79.08757441425547,60.68718006040868
20001_0310_1,2024-03-18,24,,79.07620862379207,60.723772785717834
20001_0310_1,2024-03-18,25,,79.06546949488722,60.764585752173396
20001_0310_1,2024-03-18,26,,79.05564377085005,60.809142150190425
20001_0310_1,2024-03-18,27,,79.04695399271347,60.85707366854541
20001_0310_1,2024-03-18,28,,79.03954917003722,60.90811839142458
20001_0310_1,2024-03-18,29,,79.03350751884423,60.96211022503124
20001_0310_1,2024-03-18,30,,79.0288503336887,61.018961092287185
20001_0310_1,2024-03-18,31,,79.0255629887742,61.07863771140317
20001_0310_1,2024-03-18,32,,79.02361705070712,61.14113514079263
20001_0310_1,2024-03-18,33,,79.02298725678992,61.20644939655554
20001_0310_1,2024-03-18,34,,79.0236587821659,61.274551337931015
20001_0310_1,2024-03-18,35,,79.02562325783455,61.34536371224108
20001_0310_1,2024-03-18,36,,79.02886543651735,61.41874281492618
20001_0310_1,2024-03-18,37,,79.03334515065401,61.49446571790186
20001_0310_1,2024-03-18,38,,79.0389804282081,61.57222350898765
20001_0310_1,2024-03-18,39,,79.04563701317352,61.65162051100861
20001_0310_1,2024-03-18,40,,79.05312739340195,61.73217904048004
20001_0310_1,2024-03-18,41,,79.06121958312335,61.81334893866129
20001_0310_1,2024-03-18,42,,79.06965332512655,61.894520869150284
20001_0310_1,2024-03-18,43,,79.07815983390238,61.97504222745166
20001_0310_1,2024-03-18,44,,79.08648098536229,62.05423444713087
20001_0310_1,2024-03-18,45,,79.09438476262636,62.13141050970927
20001_0310_1,2024-03-18,46,,79.10167527208866,62.20589156385473
20001_0310_1,2024-03-18,47,,79.10819718465294,62.27702172254394
20001_0310_1,2024-03-18,48,,79.11383562656047,62.34418031968467
20001_0310_1,2024-03-18,49,,79.11851316974779,62.40679115182773
20001_0310_1,2024-03-18,50,,79.12218567850205,62.46432848588432
20001_0310_1,2024-03-18,51,,79.12483849140088,62.51631986034146
20001_0310_1,2024-03-18,52,,79.12648391258494,62.5623459281819
20001_0310_1,2024-03-18,53,,79.1271603846474,62.602037772116866
20001_0310_1,2024-03-18,54,,79.12693310803914,62.63507226033658
20001_0310_1,2024-03-18,55,,79.12589532563366,62.66116610340837
20001_0310_1,2024-03-18,56,,79.1241690730942,62.680069325043085
20001_0310_1,2024-03-18,57,,79.12190399222949,62.691558879320816
20001_0310_1,2024-03-18,58,,79.11927291920186,62.695433143386374
20001_0310_1,2024-03-18,59,,79.1164634800777,62.691507994072694
20001_0310_1,2024-03-18,60,,79.1136658620234,62.67961514081019
20001_0310_1,2024-03-18,61,,79.1110581402185,62.65960332986927
20001_0310_1,2024-03-18,62,,79.10879170891255,62.63134294309999
20001_0310_1,2024-03-18,63,,79.1069800462419,62.594734368320196
20001_0310_1,2024-03-18,64,,79.10569382716888,62.549720296817235
20001_0310_1,2024-03-18,65,,79.10496412320163,62.49630178958463
20001_0310_1,2024-03-18,66,,79.10479332436688,62.43455754562488
20001_0310_1,2024-03-18,67,,79.1051711022019,62.364665324002594
20001_0310_1,2024-03-18,68,,79.10609098923479,62.28692396677426
20001_0310_1,2024-03-18,69,,79.10756263228225,62.20177402117593
20001_0310_1,2024-03-18,70,,79.10961574363245,62.10981466264561
20001_0310_1,2024-03-18,71,,79.11229399777478,62.011814568317014
20001_0310_1,2024-03-18,72,,79.11563996393537,61.9087146472307
20001_0310_1,2024-03-18,73,,79.11967477579086,61.80162110957715
20001_0310_1,2024-03-20,1,55.57718276977539,55.57718276977539,55.57718276977539
20001_0310_1,2024-03-20,2,52.63029861450195,52.63029861450195,52.63029861450195
20001_0310_1,2024-03-20,3,52.63029861450195,53.09464643167731,56.03902792023347
20001_0310_1,2024-03-20,4,50.062965393066406,53.87550921394303,56.014144852195
20001_0310_1,2024-03-20,5,50.062965393066406,56.03953901902683,56.03182633784096
20001_0310_1,2024-03-20,6,78.96310424804688,53.27218635423357,55.30067667983504
20001_0310_1,2024-03-20,7,78.96310424804688,47.58196801539749,57.77143145342245
20001_0310_1,2024-03-20,8,78.96310424804688,51.03785970175926,60.068362153300356
20001_0310_1,2024-03-20,9,85.52909088134766,75.73834440704644,61.80017646558203
20001_0310_1,2024-03-20,10,85.52909088134766,74.98577019371366,61.89024540848736
20001_0310_1,2024-03-20,11,89.97526550292969,74.76695096618516,61.92508313947106
20001_0310_1,2024-03-20,12,89.97526550292969,77.70777009420175,62.144322959837446
20001_0310_1,2024-03-20,13,104.42533111572266,77.82171653810335,62.149891873176585
20001_0310_1,2024-03-20,14,89.68292999267578,78.7969593330653,62.19518272004834
20001_0310_1,2024-03-20,15,87.10887145996094,78.90434593600648,62.12187581531945
20001_0310_1,2024-03-20,16,84.4871826171875,78.85749986443969,62.03564716395535
20001_0310_1,2024-03-20,17,74.54751586914062,78.36391712440931,61.77805109958622
20001_0310_1,2024-03-20,18,,77.50131277906023,61.608716101539066
20001_0310_1,2024-03-20,19,,75.5709929759056,60.56070014669402
20001_0310_1,2024-03-20,20,,74.18420606638851,59.576238855222
20001_0310_1,2024-03-20,21,,53.4195122788622,56.79446138269535
20001_0310_1,2024-03-20,22,,53.35613396178094,56.957809453765435
20001_0310_1,2024-03-20,23,,53.29340575065408,57.114692699205136
20001_0310_1,2024-03-20,24,,53.2331405546216,57.26270809296412
20001_0310_1,2024-03-20,25,,53.176952377803474,57.399801774689536
20001_0310_1,2024-03-20,26,,53.126155208176044,57.52427155332899
20001_0310_1,2024-03-20,27,,53.081697648263365,57.63475165677184
20001_0310_1,2024-03-20,28,,53.044147438709714,57.73018436053941
20001_0310_1,2024-03-20,29,,53.01373035257622,57.809784052011445
20001_0310_1,2024-03-20,30,,52.9904153514379,57.872999707888184
20001_0310_1,2024-03-20,31,,52.97402595531939,57.91948164793816
20001_0310_1,2024-03-20,32,,52.96435039399189,57.94905777513163
20001_0310_1,2024-03-20,33,,52.96122307064777,57.9617233366733
20001_0310_1,2024-03-20,34,,52.96455768808901,57.95764656914899
20001_0310_1,2024-03-20,35,,52.974325932879225,57.937190469744465
20001_0310_1,2024-03-20,36,,52.99049077692537,57.900948454838726
20001_0310_1,2024-03-20,37,,53.01291558209475,57.84978900270033
20001_0310_1,2024-03-20,38,,53.041275717742096,57.784901827963566
20001_0310_1,2024-03-20,39,,53.07499706425241,57.70783613760412
20001_0310_1,2024-03-20,40,,53.11323693735,57.62052059896939
20001_0310_1,2024-03-20,41,,53.154910926784055,57.52525531179634
20001_0310_1,2024-03-20,42,,53.19875779529862,57.42466861437805
20001_0310_1,2024-03-20,43,,53.243427020274105,57.32163587441791
20001_0310_1,2024-03-20,44,,53.28757117510468,57.219162928242085
20001_0310_1,2024-03-20,45,,53.32992772654924,57.12024251388805
20001_0310_1,2024-03-20,46,,53.3693802954631,57.02769668166404
20001_0310_1,2024-03-20,47,,53.40499589463821,56.944020721342156
20001_0310_1,2024-03-20,48,,53.43604032609234,56.87124408778313
20001_0310_1,2024-03-20,49,,53.46197769701426,56.810821275181226
20001_0310_1,2024-03-20,50,,53.482461547193125,56.76356131124287
20001_0310_1,2024-03-20,51,,53.49732457791938,56.72959955625075
20001_0310_1,2024-03-20,52,,53.506571945338635,56.708410810397325
20001_0310_1,2024-03-20,53,,53.51038014445679,56.6988590741102
20001_0310_1,2024-03-20,54,,53.509100274342494,56.69927698165425
20001_0310_1,2024-03-20,55,,53.50326152793946,56.7075668842024
20001_0310_1,2024-03-20,56,,53.49356867155173,56.72131551332509
20001_0310_1,2024-03-20,57,,53.480886634441646,56.73791475867676
20001_0310_1,2024-03-20,58,,53.466206584742906,56.75468204527921
20001_0310_1,2024-03-20,59,,53.45059121821075,56.76897490530867
20001_0310_1,2024-03-20,60,,53.435102126346436,56.77829552016081
20001_0310_1,2024-03-20,61,,53.42071806101541,56.78038223546217
20001_0310_1,2024-03-20,62,,53.4082580423938,56.77328630581877
20001_0310_1,2024-03-20,63,,53.398325621660106,56.755433353152526
20001_0310_1,2024-03-20,64,,53.3912886075822,56.72567011759193
20001_0310_1,2024-03-20,65,,53.387301715451486,56.68329790213092
20001_0310_1,2024-03-20,66,,53.38636908035206,56.628094521552505
20001_0310_1,2024-03-20,67,,53.38843219451621,56.56032646924805
20001_0310_1,2024-03-20,68,,53.393460221132756,56.48075240724235
20001_0310_1,2024-03-20,69,,53.40151699905718,56.39061807130939
20001_0310_1,2024-03-20,70,,53.41278385194093,56.29164148113976
20001_0310_1,2024-03-20,71,,53.427528582419654,56.18598625209495
20001_0310_1,2024-03-20,72,,53.44602555979125,56.07622014143817
20001_0310_1,2024-03-20,73,,53.46844521116044,55.96525600015811
20001_0310_1,2024-03-21,1,61.98746871948242,61.98746871948242,61.98746871948242
20001_0310_1,2024-03-21,2,56.597251892089844,56.597251892089844,56.597251892089844
20001_0310_1,2024-03-21,3,66.55952453613281,59.42067246027899,57.7260167042952
20001_0310_1,2024-03-21,4,56.79264831542969,59.80259433102495,57.45416537514026
20001_0310_1,2024-03-21,5,57.685726165771484,59.464825737997174,57.21932298610953
20001_0310_1,2024-03-21,6,78.51306915283203,57.34277157621506,56.996721656477206
20001_0310_1,2024-03-21,7,75.98039245605469,54.78200864959948,58.696608155575234
20001_0310_1,2024-03-21,8,75.98039245605469,57.9332763271175,60.12193869610489
20001_0310_1,2024-03-21,9,75.18328857421875,74.66732272180448,61.132806398588905
20001_0310_1,2024-03-21,10,76.29020690917969,73.75596685893902,61.10597163204217
20001_0310_1,2024-03-21,11,80.71788024902344,69.80378154059028,60.97318724170148
20001_0310_1,2024-03-21,12,86.25247955322266,73.12295736063422,61.357965242360166
20001_0310_1,2024-03-21,13,83.59855651855469,73.76345415813202,61.5337444450206
20001_0310_1,2024-03-21,14,75.63678741455078,76.8658481432571,61.49141618571987
20001_0310_1,2024-03-21,15,74.08978271484375,77.65090408932267,61.34064766107732
20001_0310_1,2024-03-21,16,73.87367248535156,73.97786010417862,61.00722182696809
20001_0310_1,2024-03-21,17,64.63946533203125,73.19685542608224,60.60120487627694
20001_0310_1,2024-03-21,18,,72.50416194369976,60.33177593947627
20001_0310_1,2024-03-21,19,,67.57538778810911,59.4433376703177
20001_0310_1,2024-03-21,20,,66.84767963810613,59.00988515353268
20001_0310_1,2024-03-21,21,,59.3303265777621,58.2008644325028
20001_0310_1,2024-03-21,22,,59.275741508146055,58.29214522854624
20001_0310_1,2024-03-21,23,,59.22166388377185,58.379551074395906
20001_0310_1,2024-03-21,24,,59.16966100717612,58.461896982446035
20001_0310_1,2024-03-21,25,,59.12113374994183,58.538259042921325
20001_0310_1,2024-03-21,26,,59.07722756880142,58.607960165898476
20001_0310_1,2024-03-21,27,,59.03877403389649,58.67054351160015
20001_0310_1,2024-03-21,28,,59.00627556147309,58.72573765791154
20001_0310_1,2024-03-21,29,,58.97993760406453,58.77341787137313
20001_0310_1,2024-03-21,30,,58.959741478887935,58.81356778380003
20001_0310_1,2024-03-21,31,,58.94554046818786,58.84624537905316
20001_0310_1,2024-03-21,32,,58.93715526827214,58.87155652539766
20001_0310_1,2024-03-21,33,,58.93444476630563,58.88963840934416
20001_0310_1,2024-03-21,34,,58.937334929161025,58.9006541873016
20001_0310_1,2024-03-21,35,,58.94580042132889,58.90479901097778
20001_0310_1,2024-03-21,36,,58.95980682551999,58.902316338501436
20001_0310_1,2024-03-21,37,,58.9792319406024,58.89352216813906
20001_0310_1,2024-03-21,38,,59.003789451982186,58.878833612471745
20001_0310_1,2024-03-21,39,,59.032976200002395,58.85879720377313
20001_0310_1,2024-03-21,40,,59.06605650287311,58.83411166849754
20001_0310_1,2024-03-21,41,,59.102086425987025,58.80563983343678
20001_0310_1,2024-03-21,42,,59.139970965576005,58.77440500069226
20001_0310_1,2024-03-21,43,,59.178540553122374,58.74156862691904
20001_0310_1,2024-03-21,44,,59.21663129851379,58.708388376687836
20001_0310_1,2024-03-21,45,,59.25315557873377,58.67615831259057
20001_0310_1,2024-03-21,46,,59.28715444104478,58.64613569758421
20001_0310_1,2024-03-21,47,,59.31782896524305,58.61946111111094
20001_0310_1,2024-03-21,48,,59.34455265098087,58.59707987542142
20001_0310_1,2024-03-21,49,,59.366870129320006,58.579672895583336
20001_0310_1,2024-03-21,50,,59.38448876661923,58.5676039379138
20001_0310_1,2024-03-21,51,,59.397269240366256,58.56088835780605
20001_0310_1,2024-03-21,52,,59.40521938087015,58.55918575479561
20001_0310_1,2024-03-21,53,,59.40849302428103,58.56181643942472
20001_0310_1,2024-03-21,54,,59.40739283120914,58.56779933320917
20001_0310_1,2024-03-21,55,,59.402373484986725,58.57590724185981
20001_0310_1,2024-03-21,56,,59.3940398824367,58.58473444191644
20001_0310_1,2024-03-21,57,,59.383134349337844,58.59277117594776
20001_0310_1,2024-03-21,58,,59.37050795992417,58.59847985764008
20001_0310_1,2024-03-21,59,,59.35707389756293,58.60036840949496
20001_0310_1,2024-03-21,60,,59.3437452190596,58.597057055094076
20001_0310_1,2024-03-21,61,,59.33136454650608,58.58733593976186
20001_0310_1,2024-03-21,62,,59.32063769697152,58.57021204656639
20001_0310_1,2024-03-21,63,,59.31208537091927,58.544944908510345
20001_0310_1,2024-03-21,64,,59.306025340925736,58.51107150160995
20001_0310_1,2024-03-21,65,,59.30259167566972,58.46842135894664
20001_0310_1,2024-03-21,66,,59.301788423746714,58.417123313771114
20001_0310_1,2024-03-21,67,,59.30356530938188,58.357605330224814
20001_0310_1,2024-03-21,68,,59.30789552900272,58.29058862125055
20001_0310_1,2024-03-21,69,,59.3148334552081,58.217076737811325
20001_0310_1,2024-03-21,70,,59.324534214192006,58.13833964116486
20001_0310_1,2024-03-21,71,,59.337226854517105,58.055892079931446
20001_0310_1,2024-03-21,72,,59.353145391825095,57.97146504773271
20001_0310_1,2024-03-21,73,,59.372433603222376,57.88696885165606
20001_0310_1,2024-03-22,1,63.2159538269043,63.2159538269043,63.2159538269043
20001_0310_1,2024-03-22,2,50.82067108154297,50.82067108154297,50.82067108154297
20001_0310_1,2024-03-22,3,53.03877258300781,53.40875880341966,52.836120874741766
20001_0310_1,2024-03-22,4,36.62200927734375,56.15719729960898,49.798186571749504
20001_0310_1,2024-03-22,5,36.62200927734375,54.62976720193406,44.68730850531085
20001_0310_1,2024-03-22,6,35.35918045043945,38.29025699776277,35.560254351078804
20001_0310_1,2024-03-22,7,36.46823501586914,38.1800439431123,34.8415160371095
20001_0310_1,2024-03-22,8,37.57728576660156,36.464265677862954,34.44867652521529
20001_0310_1,2024-03-22,9,43.85816192626953,36.94550283269717,34.46434092460476
20001_0310_1,2024-03-22,10,43.85816192626953,36.24653486299093,37.87789842344085
20001_0310_1,2024-03-22,11,40.54014205932617,36.96037057768903,39.001533432977915
20001_0310_1,2024-03-22,12,40.54014205932617,46.09291445524147,42.42483773436424
20001_0310_1,2024-03-22,13,51.34177780151367,38.82809985521246,39.789676042827
20001_0310_1,2024-03-22,14,40.24085235595703,42.41026690931497,41.70500423204365
20001_0310_1,2024-03-22,15,36.90849304199219,42.011589360407974,39.66184168403797
20001_0310_1,2024-03-22,16,35.48893737792969,42.45691948637181,38.14445959521782
20001_0310_1,2024-03-22,17,28.391149520874023,37.33544087442028,32.480243875209645
20001_0310_1,2024-03-22,18,,37.39401421043138,29.630103073155166
20001_0310_1,2024-03-22,19,,24.393550224161057,34.391887268533395
20001_0310_1,2024-03-22,20,,26.88940794047422,44.983439118639865
20001_0310_1,2024-03-22,21,,53.30668281191933,53.74781641916152
20001_0310_1,2024-03-22,22,,53.24508519391065,53.91294883342859
20001_0310_1,2024-03-22,23,,53.18411459528227,54.07163793951888
20001_0310_1,2024-03-22,24,,53.12553353309039,54.221224821021664
20001_0310_1,2024-03-22,25,,53.070911656081506,54.35940328822447
20001_0310_1,2024-03-22,26,,53.02152729972149,54.48422994190928
20001_0310_1,2024-03-22,27,,52.97830375394497,54.594116542742924
20001_0310_1,2024-03-22,28,,52.9417940434617,54.68780974800015
20001_0310_1,2024-03-22,29,,52.912218609087155,54.76436426925058
20001_0310_1,2024-03-22,30,,52.889548024127556,54.82311584417553
20001_0310_1,2024-03-22,31,,52.873611251962636,54.863660050987804
20001_0310_1,2024-03-22,32,,52.864202755825545,54.88584192180041
20001_0310_1,2024-03-22,33,,52.86116173021155,54.88975956853587
20001_0310_1,2024-03-22,34,,52.86440432929953,54.87578270053104
20001_0310_1,2024-03-22,35,,52.8739029478287,54.84458412764517
20001_0310_1,2024-03-22,36,,52.88962136589025,54.79717934373754
20001_0310_1,2024-03-22,37,,52.911426368989126,54.734966440892805
20001_0310_1,2024-03-22,38,,52.93900182954158,54.65975641920068
20001_0310_1,2024-03-22,39,,52.97178895962716,54.57378301646014
20001_0310_1,2024-03-22,40,,53.008967840359404,54.47968202142613
20001_0310_1,2024-03-22,41,,53.04948361257182,54.380432940092916
20001_0310_1,2024-03-22,42,,53.092109670804504,54.27926070088658
20001_0310_1,2024-03-22,43,,53.135532847206996,54.179501113761916
20001_0310_1,2024-03-22,44,,53.17844325972822,54.08443988458125
20001_0310_1,2024-03-22,45,,53.21961382413388,53.99713980000523
20001_0310_1,2024-03-22,46,,53.25795976062875,53.92027313442419
20001_0310_1,2024-03-22,47,,53.292574720286936,53.85597586471101
20001_0310_1,2024-03-22,48,,53.32274566944673,53.80573712487673
20001_0310_1,2024-03-22,49,,53.347952339167264,53.77033233951008
20001_0310_1,2024-03-22,50,,53.36785853260859,53.749802817013546
20001_0310_1,2024-03-22,51,,53.38230208938997,53.743479392770126
20001_0310_1,2024-03-22,52,,53.39128833225901,53.75004379067543
20001_0310_1,2024-03-22,53,,53.39498896537657,53.76761906892628
20001_0310_1,2024-03-22,54,,53.39374524837076,53.79387976821896
20001_0310_1,2024-03-22,55,,53.38807140579952,53.826172847612966
20001_0310_1,2024-03-22,56,,53.37865221067979,53.861641725225404
20001_0310_1,2024-03-22,57,,53.36632805188566,53.8973473139956
20001_0310_1,2024-03-22,58,,53.352062012539065,53.93038154089902
20001_0310_1,2024-03-22,59,,53.33688674016237,53.957970277469755
20001_0310_1,2024-03-22,60,,53.32183388481282,53.977563821215526
20001_0310_1,2024-03-22,61,,53.30785466816812,53.98691405563426
20001_0310_1,2024-03-22,62,,53.295745138403944,53.98413821163456
20001_0310_1,2024-03-22,63,,53.28609197065265,53.96776977433417
20001_0310_1,2024-03-22,64,,53.279252730978115,53.936797514350644
20001_0310_1,2024-03-22,65,,53.27537786299009,53.890693830094804
20001_0310_1,2024-03-22,66,,53.27447143036376,53.82943351629067
20001_0310_1,2024-03-22,67,,53.276476579706966,53.753503695334366
20001_0310_1,2024-03-22,68,,53.281363318085056,53.66390498762354
20001_0310_1,2024-03-22,69,,53.289193634742446,53.56214315460892
20001_0310_1,2024-03-22,70,,53.300143663211514,53.4502095981137
20001_0310_1,2024-03-22,71,,53.31447353495946,53.3305484641321
20001_0310_1,2024-03-22,72,,53.33244970034822,53.20600790282563
20001_0310_1,2024-03-22,73,,53.354237522008646,53.07977344571651
20001_0310_1,2024-03-25,1,40.6140022277832,40.6140022277832,40.6140022277832
20001_0310_1,2024-03-25,2,39.70418930053711,39.70418930053711,39.70418930053711
20001_0310_1,2024-03-25,3,49.857688903808594,34.47668003729376,34.84564376454558
20001_0310_1,2024-03-25,4,43.12016296386719,34.48148489614855,39.33826195378519
20001_0310_1,2024-03-25,5,47.63283157348633,41.671077002948394,44.30174391892628
20001_0310_1,2024-03-25,6,59.80989456176758,45.11946550833236,46.96819682590005
20001_0310_1,2024-03-25,7,59.80989456176758,42.73802404969782,50.901759681676964
20001_0310_1,2024-03-25,8,60.93806076049805,48.134801655767475,54.68003780238966
20001_0310_1,2024-03-25,9,64.09654998779297,62.663880495459146,57.02828098358664
20001_0310_1,2024-03-25,10,65.22471618652344,61.9142422244447,57.26351579620659
20001_0310_1,2024-03-25,11,65.22471618652344,61.96892001022775,57.646433345239984
20001_0310_1,2024-03-25,12,85.27212524414062,66.3749526469631,58.07416256777235
20001_0310_1,2024-03-25,13,86.4002914428711,63.9700677964606,58.830063296841956
20001_0310_1,2024-03-25,14,75.25186157226562,66.21779973651286,59.265033261602824
20001_0310_1,2024-03-25,15,66.89054870605469,78.30601726783208,59.6940246418091
20001_0310_1,2024-03-25,16,65.23160552978516,74.29619790296323,58.90898683528759
20001_0310_1,2024-03-25,17,55.51626205444336,69.57886101050715,57.77610822088951
20001_0310_1,2024-03-25,18,,66.63181111985173,56.89127986431046
20001_0310_1,2024-03-25,19,,62.23553261664768,52.932641856254065
20001_0310_1,2024-03-25,20,,60.07065356450391,47.330493255239105
20001_0310_1,2024-03-25,21,,35.524999433933765,37.5511290293725
20001_0310_1,2024-03-25,22,,35.44275340742941,37.834320146688924
20001_0310_1,2024-03-25,23,,35.36148456226236,38.08936541328872
20001_0310_1,2024-03-25,24,,35.2835304405737,38.311670458410745
20001_0310_1,2024-03-25,25,,35.21095805037096,38.496903921313816
20001_0310_1,2024-03-25,26,,35.14543749278078,38.64115745088831
20001_0310_1,2024-03-25,27,,35.08816266062678,38.74113221549301
20001_0310_1,2024-03-25,28,,35.03983608787425,38.79434805448249
20001_0310_1,2024-03-25,29,,35.000722751665506,38.79936498330151
20001_0310_1,2024-03-25,30,,34.970761885024345,38.75599862034331
20001_0310_1,2024-03-25,31,,34.94971103803705,38.66550276095711
20001_0310_1,2024-03-25,32,,34.93728754390306,38.530686274463775
20001_0310_1,2024-03-25,33,,34.933272667476075,38.35593074743323
20001_0310_1,2024-03-25,34,,34.93755368018426,38.147082350770624
20001_0310_1,2024-03-25,35,,34.950096258655094,37.91120695380775
20001_0310_1,2024-03-25,36,,34.97085878254913,37.6562193542593
20001_0310_1,2024-03-25,37,,34.999675442857864,37.390420573683365
20001_0310_1,2024-03-25,38,,35.036142081309656,37.1219950099326
20001_0310_1,2024-03-25,39,,35.07953579411939,36.858526450863266
20001_0310_1,2024-03-25,40,,35.128788263311094,36.60658652815571
20001_0310_1,2024-03-25,41,,35.18251764718531,36.37143331251751
20001_0310_1,2024-03-25,42,,35.23910951894333,36.15683668801325
20001_0310_1,2024-03-25,43,,35.29682764794032,35.965026903766415
20001_0310_1,2024-03-25,44,,35.3539321547397,35.79674779731626
20001_0310_1,2024-03-25,45,,35.40878530295131,35.6513884993099
20001_0310_1,2024-03-25,46,,35.459931908759664,35.5271663987741
20001_0310_1,2024-03-25,47,,35.50614946944531,35.42133774784968
20001_0310_1,2024-03-25,48,,35.54647036836222,35.33041814477474
20001_0310_1,2024-03-25,49,,35.58018346519409,35.2504013094887
20001_0310_1,2024-03-25,50,,35.606824502608674,35.176969843516055
20001_0310_1,2024-03-25,51,,35.626164248938316,35.1056955129877
20001_0310_1,2024-03-25,52,,35.638200767696404,35.032228943430994
20001_0310_1,2024-03-25,53,,35.64315844233372,34.95247962718317
20001_0310_1,2024-03-25,54,,35.64149219710267,34.86278703178197
20001_0310_1,2024-03-25,55,,35.63389153546282,34.76008254204009
20001_0310_1,2024-03-25,56,,35.62127634885216,34.64204012056943
20001_0310_1,2024-03-25,57,,35.60477567699803,34.507211114889714
20001_0310_1,2024-03-25,58,,35.585682318071605,34.35513588382777
20001_0310_1,2024-03-25,59,,35.56538060516403,34.18642237740927
20001_0310_1,2024-03-25,60,,35.54525133975885,34.002780217024885
20001_0310_1,2024-03-25,61,,35.52656550208837,33.80699903588104
20001_0310_1,2024-03-25,62,,35.5103848410516,33.60286258168442
20001_0310_1,2024-03-25,63,,35.497490326345705,33.39499563348609
20001_0310_1,2024-03-25,64,,35.48835673218602,33.1886486749729
20001_0310_1,2024-03-25,65,,35.483182748096446,32.98943417847661
20001_0310_1,2024-03-25,66,,35.481972500016724,32.80303633781929
20001_0310_1,2024-03-25,67,,35.48464977099568,32.634921105037556
20001_0310_1,2024-03-25,68,,35.49117516805344,32.4900739925624
20001_0310_1,2024-03-25,69,,35.50163308527212,32.37278898410357
20001_0310_1,2024-03-25,70,,35.5162614740356,32.28652399927397
20001_0310_1,2024-03-25,71,,35.53541193063937,32.23382854726839
20001_0310_1,2024-03-25,72,,35.5594463254455,32.216339635878185
20001_0310_1,2024-03-25,73,,35.58859346938503,32.23483445549295
20001_0310_1,2024-03-26,1,46.77741241455078,46.77741241455078,46.77741241455078
20001_0310_1,2024-03-26,2,43.993045806884766,43.993045806884766,43.993045806884766
20001_0310_1,2024-03-26,3,54.01677703857422,45.38611222725782,49.04776002426707
20001_0310_1,2024-03-26,4,42.44175338745117,45.877164555021906,48.94388874630122
20001_0310_1,2024-03-26,5,43.21076965332031,47.56514737333265,48.09380620638075
20001_0310_1,2024-03-26,6,74.23855590820312,45.05368686533057,46.68938957515692
20001_0310_1,2024-03-26,7,71.72199249267578,36.12407717885471,52.00648250010594
20001_0310_1,2024-03-26,8,72.83573913574219,42.277162739455434,57.57467372628473
20001_0310_1,2024-03-26,9,70.32416534423828,71.87987782223469,60.585422293342745
20001_0310_1,2024-03-26,10,73.6654052734375,71.79411555456801,60.487345200045354
20001_0310_1,2024-03-26,11,80.34789276123047,70.43711128362652,60.460748311115616
20001_0310_1,2024-03-26,12,87.03038024902344,69.84988548724284,60.66974692435571
20001_0310_1,2024-03-26,13,83.24645233154297,72.2894420355554,60.975333995554315
20001_0310_1,2024-03-26,14,76.93990325927734,76.67053645354443,61.108913498114646
20001_0310_1,2024-03-26,15,81.3948974609375,77.47081544814282,61.07898577389402
20001_0310_1,2024-03-26,16,77.51895141601562,74.60285998805924,60.8999211830494
20001_0310_1,2024-03-26,17,72.35102081298828,75.09815615367762,60.807527911424756
20001_0310_1,2024-03-26,18,,75.09741946900397,60.73722187372741
20001_0310_1,2024-03-26,19,,75.00979425412837,59.33522473036798
20001_0310_1,2024-03-26,20,,73.23671590361813,57.322676060732476
20001_0310_1,2024-03-26,21,,45.49520818163258,51.0027942073193
20001_0310_1,2024-03-26,22,,45.42223551595773,51.288070040479845
20001_0310_1,2024-03-26,23,,45.35007454048198,51.563060447866484
20001_0310_1,2024-03-26,24,,45.28080547792443,51.823248571813956
20001_0310_1,2024-03-26,25,,45.2162736624037,52.06435495182495
20001_0310_1,2024-03-26,26,,45.15797541101186,52.28239289605119
20001_0310_1,2024-03-26,27,,45.106985373890474,52.473719829625665
20001_0310_1,2024-03-26,28,,45.063941048566775,52.635086814075535
20001_0310_1,2024-03-26,29,,45.02908913687724,52.76368948796535
20001_0310_1,2024-03-26,30,,45.00238420981471,52.857224423810834
20001_0310_1,2024-03-26,31,,44.98361671760609,52.91395489582614
20001_0310_1,2024-03-26,32,,44.972539117145594,52.93278884768311
20001_0310_1,2024-03-26,33,,44.96895892663088,52.91336908767682
20001_0310_1,2024-03-26,34,,44.972776434612356,52.856171355409856
20001_0310_1,2024-03-26,35,,44.983960185780575,52.76260031145983
20001_0310_1,2024-03-26,36,,45.002470588796065,52.63506772223428
20001_0310_1,2024-03-26,37,,45.028155763911116,52.477032748878145
20001_0310_1,2024-03-26,38,,45.06065003324689,52.29298318114329
20001_0310_1,2024-03-26,39,,45.09930283467861,52.088340237673016
20001_0310_1,2024-03-26,40,,45.14315585294386,51.86927864886796
20001_0310_1,2024-03-26,41,,45.190972531383366,51.64246694199352
20001_0310_1,2024-03-26,42,,45.241311243519576,51.41474727743147
20001_0310_1,2024-03-26,43,,45.29262475224496,51.192786053371684
20001_0310_1,2024-03-26,44,,45.34336575856334,50.98273245218451
20001_0310_1,2024-03-26,45,,45.392080912932755,50.78992052563618
20001_0310_1,2024-03-26,46,,45.43748178095656,50.61864201678155
20001_0310_1,2024-03-26,47,,45.47848857220654,50.47200453741365
20001_0310_1,2024-03-26,48,,45.51424892039802,50.351876415982744
20001_0310_1,2024-03-26,49,,45.5441383754646,50.25890852017515
20001_0310_1,2024-03-26,50,,45.567751096360325,50.19261640655866
20001_0310_1,2024-03-26,51,,45.58488872117432,50.151503600447825
20001_0310_1,2024-03-26,52,,45.595553105361816,50.133207924196654
20001_0310_1,2024-03-26,53,,45.599945260548935,50.134656298153075
20001_0310_1,2024-03-26,54,,45.59846910627621,50.15221801376822
20001_0310_1,2024-03-26,55,,45.59173525616218,50.18185105053544
20001_0310_1,2024-03-26,56,,45.580557680458305,50.21923986235372
20001_0310_1,2024-03-26,57,,45.56593537544903,50.259925817986684
20001_0310_1,2024-03-26,58,,45.54901265741603,50.299433032403115
20001_0310_1,2024-03-26,59,,45.53101558972091,50.333392740578006
20001_0310_1,2024-03-26,60,,45.51316797156876,50.35766882282549
20001_0310_1,2024-03-26,61,,45.496597124491274,50.36848582389126
20001_0310_1,2024-03-26,62,,45.482245536516984,50.36255905739687
20001_0310_1,2024-03-26,63,,45.47080705734698,50.33722436944042
20001_0310_1,2024-03-26,64,,45.46270397811057,50.29056303231047
20001_0310_1,2024-03-26,65,,45.45811344919298,50.221515215962334
20001_0310_1,2024-03-26,66,,45.45703964500774,50.12997373081894
20001_0310_1,2024-03-26,67,,45.45941506289107,50.016848514985504
20001_0310_1,2024-03-26,68,,45.465204493039906,49.88409201354662
20001_0310_1,2024-03-26,69,,45.47448217178958,49.73467658270735
20001_0310_1,2024-03-26,70,,45.48745812445355,49.57251768918513
20001_0310_1,2024-03-26,71,,45.504442618975915,49.40234104557888
20001_0310_1,2024-03-26,72,,45.52575431305308,49.22949756811556
20001_0310_1,2024-03-26,73,,45.55159305112362,49.05973630933446
20001_0310_1,2024-03-27,1,66.74855041503906,66.74855041503906,66.74855041503906
20001_0310_1,2024-03-27,2,60.49011993408203,60.49011993408203,60.49011993408203
20001_0310_1,2024-03-27,3,69.540771484375,60.7459714268243,59.21160372312487
20001_0310_1,2024-03-27,4,49.08760452270508,62.89734859877943,58.43765063114334
20001_0310_1,2024-03-27,5,47.72406005859375,64.14185834681516,57.23357560345042
20001_0310_1,2024-03-27,6,46.36051559448242,52.638367481073544,53.93659144909794
20001_0310_1,2024-03-27,7,46.36051559448242,50.9792260655891,53.08143554566159
20001_0310_1,2024-03-27,8,48.62317657470703,49.45270803156315,52.55703153690566
20001_0310_1,2024-03-27,9,58.03145217895508,49.86363622556543,52.19243319579394
20001_0310_1,2024-03-27,10,58.91241455078125,47.19670163518728,53.773219088719195
20001_0310_1,2024-03-27,11,57.30363464355469,46.54709321542779,55.71041708477883
20001_0310_1,2024-03-27,12,61.82896041870117,59.71084366081964,58.248257283791325
20001_0310_1,2024-03-27,13,76.11071014404297,59.019951431541344,58.456348717154945
20001_0310_1,2024-03-27,14,59.051414489746094,60.352917014899944,58.81042335723749
20001_0310_1,2024-03-27,15,53.2596321105957,63.60469669888079,58.43885328050975
20001_0310_1,2024-03-27,16,43.9391975402832,63.57383813122007,56.93460309699883
20001_0310_1,2024-03-27,17,37.281742095947266,54.84272103706183,52.54462705993046
20001_0310_1,2024-03-27,18,,47.32207802768493,47.86675433653106
20001_0310_1,2024-03-27,19,,34.98137967924229,49.67752292916208
20001_0310_1,2024-03-27,20,,37.46963631834145,55.366214947450764
20001_0310_1,2024-03-27,21,,61.043134104236756,59.30110429516781
20001_0310_1,2024-03-27,22,,60.9901508008186,59.383346507673785
20001_0310_1,2024-03-27,23,,60.93764606549553,59.463567744145365
20001_0310_1,2024-03-27,24,,60.88714278759384,59.540651703274584
20001_0310_1,2024-03-27,25,,60.84000360962702,59.61370574007499
20001_0310_1,2024-03-27,26,,60.79734404774155,59.682055357717275
20001_0310_1,2024-03-27,27,,60.75997515677619,59.74522710337883
20001_0310_1,2024-03-27,28,,60.72838819427904,59.802922644021834
20001_0310_1,2024-03-27,29,,60.70278551742737,59.854987278766764
20001_0310_1,2024-03-27,30,,60.68315113756839,59.901376342196244
20001_0310_1,2024-03-27,31,,60.66934404910704,59.942122864844364
20001_0310_1,2024-03-27,32,,60.661191032371114,59.9773095053345
20001_0310_1,2024-03-27,33,,60.658555517609,60.00704719176223
20001_0310_1,2024-03-27,34,,60.6613657217319,60.03146215388699
20001_0310_1,2024-03-27,35,,60.669596799330506,60.050692138887555
20001_0310_1,2024-03-27,36,,60.683214669506,60.064891627389514
20001_0310_1,2024-03-27,37,,60.702099511914625,60.07424485276629
20001_0310_1,2024-03-27,38,,60.725971621136495,60.07898443829768
20001_0310_1,2024-03-27,39,,60.75434028448976,60.07941258940757
20001_0310_1,2024-03-27,40,,60.786488765477095,60.075921124074036
20001_0310_1,2024-03-27,41,,60.82149816865997,60.06900632399534
20001_0310_1,2024-03-27,42,,60.85830328891065,60.05927476733656
20001_0310_1,2024-03-27,43,,60.89576716636428,60.04743704388257
20001_0310_1,2024-03-27,44,,60.93275915589683,60.03428755468191
20001_0310_1,2024-03-27,45,,60.968223481777684,60.02067034594991
20001_0310_1,2024-03-27,46,,61.00123000764644,60.00743288815349
20001_0310_1,2024-03-27,47,,61.03100448941191,59.9953715682147
20001_0310_1,2024-03-27,48,,61.05694036614949,59.98517408085021
20001_0310_1,2024-03-27,49,,61.07859727711374,59.97736461513952
20001_0310_1,2024-03-27,50,,61.09569271084736,59.972257601549416
20001_0310_1,2024-03-27,51,,61.10809270344211,59.96992484872855
20001_0310_1,2024-03-27,52,,61.11580575906155,59.97017934738141
20001_0310_1,2024-03-27,53,,61.118981687079724,59.9725771365637
20001_0310_1,2024-03-27,54,,61.11791433970604,59.97643672559191
20001_0310_1,2024-03-27,55,,61.113044767750736,59.98087390991944
20001_0310_1,2024-03-27,56,,61.10495956088034,59.98484859587813
20001_0310_1,2024-03-27,57,,61.094378568279794,59.98721954564676
20001_0310_1,2024-03-27,58,,61.08212720289369,59.98680277343833
20001_0310_1,2024-03-27,59,,61.06909129898483,59.98242960603677
20001_0310_1,2024-03-27,60,,61.056156787770526,59.97300106358601
20001_0310_1,2024-03-27,61,,61.044141475637836,59.95753609566731
20001_0310_1,2024-03-27,62,,61.033730582393915,59.93521219067415
20001_0310_1,2024-03-27,63,,61.02542976540913,59.90539783360816
20001_0310_1,2024-03-27,64,,61.01954773751701,59.86767710150819
20001_0310_1,2024-03-27,65,,61.01621485155241,59.821867261437134
20001_0310_1,2024-03-27,66,,61.015435167197495,59.76803050862982
20001_0310_1,2024-03-27,67,,61.01715991451423,59.70648092622833
20001_0310_1,2024-03-27,68,,61.02136301111477,59.637787382776054
20001_0310_1,2024-03-27,69,,61.028097071681174,59.56277247874513
20001_0310_1,2024-03-27,70,,61.037512393007034,59.482506926791295
20001_0310_1,2024-03-27,71,,61.04983087619999,59.398298058938174
20001_0310_1,2024-03-27,72,,61.06527906013777,59.31167067203749
20001_0310_1,2024-03-27,73,,61.08399570187484,59.22433831075632
20001_0310_1,2024-03-28,1,60.63859939575195,60.63859939575195,60.63859939575195
20001_0310_1,2024-03-28,2,56.62199020385742,56.62199020385742,56.62199020385742
20001_0310_1,2024-03-28,3,61.198490142822266,58.14764373046353,57.388149056854985
20001_0310_1,2024-03-28,4,50.30781173706055,60.02424884737485,56.342745101026686
20001_0310_1,2024-03-28,5,49.01786804199219,59.82230866578147,55.15925007511666
20001_0310_1,2024-03-28,6,57.87922668457031,50.00726260333347,52.18838508378077
20001_0310_1,2024-03-28,7,62.45572280883789,49.909441867297616,54.13662275723188
20001_0310_1,2024-03-28,8,62.45572280883789,47.39218029673853,56.14430655986608
20001_0310_1,2024-03-28,9,62.27100372314453,60.68806992745699,58.617666629044905
20001_0310_1,2024-03-28,10,62.27100372314453,64.6992063512567,59.12836706708448
20001_0310_1,2024-03-28,11,62.27100372314453,63.6105100513935,59.06259645833611
20001_0310_1,2024-03-28,12,63.41512680053711,64.65334397766648,59.19173944332677
20001_0310_1,2024-03-28,13,73.71224975585938,64.47278110144964,59.27233255316743
20001_0310_1,2024-03-28,14,64.65986633300781,64.3758314346363,59.43561687858182
20001_0310_1,2024-03-28,15,62.07347106933594,65.87771546276193,59.50016053755428
20001_0310_1,2024-03-28,16,57.89573287963867,67.60683806212293,59.10258550537027
20001_0310_1,2024-03-28,17,50.00086212158203,65.66025836272493,57.934513074154054
20001_0310_1,2024-03-28,18,,58.94775950812877,56.32030796860351
20001_0310_1,2024-03-28,19,,51.80287875486493,55.86962742315209
20001_0310_1,2024-03-28,20,,52.37948419132549,56.81259757761681
20001_0310_1,2024-03-28,21,,58.26073288996797,57.85722510725929
20001_0310_1,2024-03-28,22,,58.20464032476531,57.95953429998062
20001_0310_1,2024-03-28,23,,58.14907994324463,58.057336465565676
20001_0310_1,2024-03-28,24,,58.095661122505376,58.14927599388232
20001_0310_1,2024-03-28,25,,58.04582121528479,58.23427807933241
20001_0310_1,2024-03-28,26,,58.00073449717755,58.31153516181345
20001_0310_1,2024-03-28,27,,57.96125252402386,58.380480069773625
20001_0310_1,2024-03-28,28,,57.9278888391336,58.440750242320206
20001_0310_1,2024-03-28,29,,57.90085231981268,58.49214776947413
20001_0310_1,2024-03-28,30,,57.880122121941696,58.534599932271966
20001_0310_1,2024-03-28,31,,57.86554639713039,58.56812449777516
20001_0310_1,2024-03-28,32,,57.85694025916943,58.592803293044796
20001_0310_1,2024-03-28,33,,57.854158389663056,58.60876660961246
20001_0310_1,2024-03-28,34,,57.85712465139923,58.6161898270086
20001_0310_1,2024-03-28,35,,57.86581320342904,58.615302330758865
20001_0310_1,2024-03-28,36,,57.88018919440471,58.60640737879734
20001_0310_1,2024-03-28,37,,57.9001279723571,58.5899101052017
20001_0310_1,2024-03-28,38,,57.92533668988317,58.566349452372535
20001_0310_1,2024-03-28,39,,57.955300068670184,58.5364286639997
20001_0310_1,2024-03-28,40,,57.989264135745984,58.50103827807239
20001_0310_1,2024-03-28,41,,58.02626092709923,58.461265577116734
20001_0310_1,2024-03-28,42,,58.06516698712964,58.41838537828059
20001_0310_1,2024-03-28,43,,58.104781759321725,58.37382894181836
20001_0310_1,2024-03-28,44,,58.14390990671355,58.32913049990991
20001_0310_1,2024-03-28,45,,58.181433821426296,58.28585408573561
20001_0310_1,2024-03-28,46,,58.21636754828428,58.24550642462842
20001_0310_1,2024-03-28,47,,58.24788915816583,58.20944403294436
20001_0310_1,2024-03-28,48,,58.275353656027015,58.17878386731232
20001_0310_1,2024-03-28,49,,58.298291835027065,58.15432664386172
20001_0310_1,2024-03-28,50,,58.316401802773136,58.13650038943549
20001_0310_1,2024-03-28,51,,58.32953941505353,58.1253292598848
20001_0310_1,2024-03-28,52,,58.33771202557017,58.120429687714115
20001_0310_1,2024-03-28,53,,58.341077345265965,58.12103303262509
20001_0310_1,2024-03-28,54,,58.339946337470764,58.126031515479
20001_0310_1,2024-03-28,55,,58.33478646511402,58.134042548968395
20001_0310_1,2024-03-28,56,,58.32621975761613,58.14348568862833
20001_0310_1,2024-03-28,57,,58.315009573567956,58.15266623743826
20001_0310_1,2024-03-28,58,,58.302031018405174,58.15985990085788
20001_0310_1,2024-03-28,59,,58.28822291867563,58.16339364692184
20001_0310_1,2024-03-28,60,,58.27452380233575,58.16171893362798
20001_0310_1,2024-03-28,61,,58.26179963107276,58.15347460222538
20001_0310_1,2024-03-28,62,,58.25077562695422,58.13753789680758
20001_0310_1,2024-03-28,63,,58.24198668944113,58.113063163500584
20001_0310_1,2024-03-28,64,,58.23575916388176,58.079508716747966
20001_0310_1,2024-03-28,65,,58.232230654179915,58.036653053482574
20001_0310_1,2024-03-28,66,,58.23140522114903,57.984601982918846
20001_0310_1,2024-03-28,67,,58.233231177125774,57.923788284432575
20001_0310_1,2024-03-28,68,,58.23768102840059,57.85496521466116
20001_0310_1,2024-03-28,69,,58.244810773709666,57.77919461447591
20001_0310_1,2024-03-28,70,,58.254780036054605,57.697829626255114
20001_0310_1,2024-03-28,71,,58.267824516475216,57.612491275459874
20001_0310_1,2024-03-28,72,,58.28418516100733,57.525037575244475
20001_0310_1,2024-03-28,73,,58.30401033166859,57.43752354855815
20001_0310_1,2024-04-01,1,52.4984245300293,52.4984245300293,52.4984245300293
20001_0310_1,2024-04-01,2,57.887752532958984,57.887752532958984,57.887752532958984
20001_0310_1,2024-04-01,3,61.31156539916992,52.75691640231173,54.633792663275656
20001_0310_1,2024-04-01,4,56.82535171508789,53.77993169203714,55.543764063817704
20001_0310_1,2024-04-01,5,55.32994842529297,61.127603839874006,56.422337444731156
20001_0310_1,2024-04-01,6,53.83454513549805,60.21141820452554,55.758325427330874
20001_0310_1,2024-04-01,7,53.83454513549805,58.56974145017358,55.13681093966683
20001_0310_1,2024-04-01,8,53.83454513549805,57.03910701690549,54.742296834811526
20001_0310_1,2024-04-01,9,54.97581481933594,57.06334283544498,54.6839174793511
20001_0310_1,2024-04-01,10,58.39962387084961,56.87271026700255,54.7830032227489
20001_0310_1,2024-04-01,11,65.24724578857422,56.378589237588,55.307829478992645
20001_0310_1,2024-04-01,12,67.52978515625,56.70966692124927,56.49421946128944
20001_0310_1,2024-04-01,13,71.56366729736328,61.02213954873403,57.52605565884849
20001_0310_1,2024-04-01,14,68.70111846923828,66.57966367746585,58.34606881900292
20001_0310_1,2024-04-01,15,66.97984313964844,66.8800339974425,58.39661833764165
20001_0310_1,2024-04-01,16,64.98706817626953,70.15689747349111,58.40286884417922
20001_0310_1,2024-04-01,17,25.108640670776367,72.38407915151375,53.75053673734493
20001_0310_1,2024-04-01,18,,67.32479404317115,42.09118981048682
20001_0310_1,2024-04-01,19,,20.93309387995326,34.67784118148382
20001_0310_1,2024-04-01,20,,23.900276496146333,45.397223898460354
20001_0310_1,2024-04-01,21,,53.9763472567834,54.2416511321443
20001_0310_1,2024-04-01,22,,53.91401080303969,54.409822023228855
20001_0310_1,2024-04-01,23,,53.852308206328274,54.576849891266484
20001_0310_1,2024-04-01,24,,53.793023201398626,54.74018922824174
20001_0310_1,2024-04-01,25,,53.73774440483575,54.897451471755645
20001_0310_1,2024-04-01,26,,53.687765664529806,55.046429220320036
20001_0310_1,2024-04-01,27,,53.64402153470357,55.185115780236785
20001_0310_1,2024-04-01,28,,53.60707184842866,55.311720600982355
20001_0310_1,2024-04-01,29,,53.57713983389583,55.42468165349996
20001_0310_1,2024-04-01,30,,53.55419581626661,55.522676376741046
20001_0310_1,2024-04-01,31,,53.53806677612893,55.604633307721265
20001_0310_1,2024-04-01,32,,53.52854475156765,55.66974673099753
20001_0310_1,2024-04-01,33,,53.5254670279339,55.717496447872605
20001_0310_1,2024-04-01,34,,53.528748757503294,55.74767393075773
20001_0310_1,2024-04-01,35,,53.53836199152708,55.760414640900436
20001_0310_1,2024-04-01,36,,53.554270042755135,55.75623422949343
20001_0310_1,2024-04-01,37,,53.57633803998014,55.73606396304308
20001_0310_1,2024-04-01,38,,53.60424597625351,55.7012784409262
20001_0310_1,2024-04-01,39,,53.63742824802585,55.6537070722174
20001_0310_1,2024-04-01,40,,53.67505497276326,55.59562045150709
20001_0310_1,2024-04-01,41,,53.71605850880978,55.5296841890255
20001_0310_1,2024-04-01,42,,53.7591974241414,55.45887605106114
20001_0310_1,2024-04-01,43,,53.80314271644531,55.38636711684152
20001_0310_1,2024-04-01,44,,53.846568747840585,55.31537322548611
20001_0310_1,2024-04-01,45,,53.88823371243006,55.248988107217116
20001_0310_1,2024-04-01,46,,53.92703985201515,55.19001309301363
20001_0310_1,2024-04-01,47,,53.96207000661239,55.14079936047149
20001_0310_1,2024-04-01,48,,53.99260266600197,55.1031171037736
20001_0310_1,2024-04-01,49,,54.018111401232986,55.07806227720292
20001_0310_1,2024-04-01,50,,54.038256057913244,55.06600659562696
20001_0310_1,2024-04-01,51,,54.05287259266678,55.066591377228235
20001_0310_1,2024-04-01,52,,54.06196643622265,55.078761513600625
20001_0310_1,2024-04-01,53,,54.06571137606549,55.10083291081611
20001_0310_1,2024-04-01,54,,54.06445276864448,55.130585306265175
20001_0310_1,2024-04-01,55,,54.05871099223958,55.165372239847656
20001_0310_1,2024-04-01,56,,54.04917900621457,55.202240766804906
20001_0310_1,2024-04-01,57,,54.03670724565699,55.23805482401774
20001_0310_1,2024-04-01,58,,54.02227031188049,55.26961764462095
20001_0310_1,2024-04-01,59,,54.0069132115739,55.29379000841881
20001_0310_1,2024-04-01,60,,53.991679952733264,55.30760227507228
20001_0310_1,2024-04-01,61,,53.977533162142834,55.30835900478056
20001_0310_1,2024-04-01,62,,53.96527844181169,55.2937354932557
20001_0310_1,2024-04-01,63,,53.95550951533099,55.26186570678692
20001_0310_1,2024-04-01,64,,53.948588250557535,55.21142087333074
20001_0310_1,2024-04-01,65,,53.944666906268374,55.14167736338521
20001_0310_1,2024-04-01,66,,53.94374960122513,55.05257153731756
20001_0310_1,2024-04-01,67,,53.945778801595765,54.94473810178946
20001_0310_1,2024-04-01,68,,53.95072415150176,54.819527484361956
20001_0310_1,2024-04-01,69,,53.95864837578905,54.67899717618174
20001_0310_1,2024-04-01,70,,53.96972970708721,54.52587230242388
20001_0310_1,2024-04-01,71,,53.98423137620769,54.3634721530789
20001_0310_1,2024-04-01,72,,54.002422999683475,54.19560210232657
20001_0310_1,2024-04-01,73,,54.02447188447131,54.02641399293176
20001_0310_1,2024-04-02,1,34.655555725097656,34.655555725097656,34.655555725097656
20001_0310_1,2024-04-02,2,31.614810943603516,31.614810943603516,31.614810943603516
20001_0310_1,2024-04-02,3,34.96857452392578,31.816386057746747,28.848524823130603
20001_0310_1,2024-04-02,4,33.28900909423828,31.874777690471674,29.841433083021073
20001_0310_1,2024-04-02,5,31.84166145324707,33.36158540196889,30.916454458735007
20001_0310_1,2024-04-02,6,55.77707290649414,34.62994371072793,29.934984443346064
20001_0310_1,2024-04-02,7,59.130836486816406,28.47587627097458,39.25454229028917
20001_0310_1,2024-04-02,8,57.72296142578125,27.992548731224595,49.655579145445564
20001_0310_1,2024-04-02,9,58.550926208496094,59.21315163179226,57.58260107279867
20001_0310_1,2024-04-02,10,58.550926208496094,60.6433709456097,57.861012931782426
20001_0310_1,2024-04-02,11,58.550926208496094,59.481210544419284,57.86510620488389
20001_0310_1,2024-04-02,12,58.550926208496094,61.690376265733136,58.16705590143687
20001_0310_1,2024-04-02,13,57.859222412109375,62.17269569234097,57.982280774042714
20001_0310_1,2024-04-02,14,54.81399917602539,62.006883015810224,57.67498061215001
20001_0310_1,2024-04-02,15,57.049842834472656,59.01493936851198,57.21096306445459
20001_0310_1,2024-04-02,16,58.167762756347656,57.75330852407354,57.33379552665955
20001_0310_1,2024-04-02,17,58.167762756347656,57.75461855202491,57.72770652375908
20001_0310_1,2024-04-02,18,,60.109874092627464,58.20825158624632
20001_0310_1,2024-04-02,19,,65.59290247510397,55.653734080395935
20001_0310_1,2024-04-02,20,,63.042655853495766,49.18991706551029
20001_0310_1,2024-04-02,21,,31.905431499156695,33.34248080824873
20001_0310_1,2024-04-02,22,,31.81949035047689,33.63833486739044
20001_0310_1,2024-04-02,23,,31.734590553791662,33.90672130186297
20001_0310_1,2024-04-02,24,,31.653172384336663,34.14213611186264
20001_0310_1,2024-04-02,25,,31.577391544411107,34.33941500839081
20001_0310_1,2024-04-02,26,,31.50898784746777,34.494015082744426
20001_0310_1,2024-04-02,27,,31.44920319293493,34.60232208280091
20001_0310_1,2024-04-02,28,,31.39876648372961,34.66196183801345
20001_0310_1,2024-04-02,29,,31.357950350746258,34.67208563780883
20001_0310_1,2024-04-02,30,,31.32668818721469,34.63359192094578
20001_0310_1,2024-04-02,31,,31.30472461185655,34.54924349140296
20001_0310_1,2024-04-02,32,,31.291763066461215,34.42364390240256
20001_0310_1,2024-04-02,33,,31.287574405766126,34.263050729443876
20001_0310_1,2024-04-02,34,,31.292040724143114,34.07502649071808
20001_0310_1,2024-04-02,35,,31.305126523294703,33.86795563959031
20001_0310_1,2024-04-02,36,,31.326789289057118,33.6504811635798
20001_0310_1,2024-04-02,37,,31.356857509398477,33.43092935246807
20001_0310_1,2024-04-02,38,,31.3949114658007,33.21679156673305
20001_0310_1,2024-04-02,39,,31.44019913509435,33.0143176210628
20001_0310_1,2024-04-02,40,,31.491608032092895,32.82825169976144
20001_0310_1,2024-04-02,41,,31.54769808689106,32.661715900256006
20001_0310_1,2024-04-02,42,,31.60678572192778,32.51622519602675
20001_0310_1,2024-04-02,43,,31.667059182142033,32.39180459003397
20001_0310_1,2024-04-02,44,,31.72670173615119,32.28717494119602
20001_0310_1,2024-04-02,45,,31.78400216695099,32.199976445608435
20001_0310_1,2024-04-02,46,,31.837438932400744,32.1270051467208
20001_0310_1,2024-04-02,47,,31.885732819857516,32.06444547567583
20001_0310_1,2024-04-02,48,,31.927870486311807,32.00808886298501
20001_0310_1,2024-04-02,49,,31.963106456794726,31.95353400899822
20001_0310_1,2024-04-02,50,,31.99095339152754,31.896368241338777
20001_0310_1,2024-04-02,51,,32.01116991921787,31.832331702708416
20001_0310_1,2024-04-02,52,,32.0237527069019,31.757467216187848
20001_0310_1,2024-04-02,53,,32.02893551267283,31.668258848170233
20001_0310_1,2024-04-02,54,,32.02719359369183,31.56176160318837
20001_0310_1,2024-04-02,55,,32.019247851610004,31.435723402561866
20001_0310_1,2024-04-02,56,,32.00606031334735,31.28869853082596
20001_0310_1,2024-04-02,57,,31.988811748706198,31.120149138001466
20001_0310_1,2024-04-02,58,,31.968854033851713,30.93052838153418
20001_0310_1,2024-04-02,59,,31.947634497064538,30.721335854840028
20001_0310_1,2024-04-02,60,,31.926596457828573,30.495133833439596
20001_0310_1,2024-04-02,61,,31.90706812819876,30.255512503618128
20001_0310_1,2024-04-02,62,,31.890158793025588,30.006994575683837
20001_0310_1,2024-04-02,63,,31.876684166361812,29.754874942489526
20001_0310_1,2024-04-02,64,,31.8671399687528,29.504998963213275
20001_0310_1,2024-04-02,65,,31.861733500004163,29.263492243486642
20001_0310_1,2024-04-02,66,,31.860468883196774,29.036463424037365
20001_0310_1,2024-04-02,67,,31.86326643289627,28.829707279734272
20001_0310_1,2024-04-02,68,,31.8700850809884,28.648436720034038
20001_0310_1,2024-04-02,69,,31.88101324850214,28.497068572107516
20001_0310_1,2024-04-02,70,,31.89629997928678,28.379080158516583
20001_0310_1,2024-04-02,71,,31.91631328360282,28.296943517938246
20001_0310_1,2024-04-02,72,,31.9414321733585,28.252133902773956
20001_0310_1,2024-04-02,73,,31.971896900175928,28.24520085213893
20001_0310_1,2024-04-03,1,39.90666580200195,39.90666580200195,39.90666580200195
20001_0310_1,2024-04-03,2,39.90666580200195,39.90666580200195,39.90666580200195
20001_0310_1,2024-04-03,3,39.90666580200195,42.23609028791625,45.74098355282144
20001_0310_1,2024-04-03,4,38.659584045410156,42.53699681404893,45.201691902339704
20001_0310_1,2024-04-03,5,38.659584045410156,42.42880049180508,44.49226049939155
20001_0310_1,2024-04-03,6,62.908424377441406,41.24608546554806,43.14742641232702
20001_0310_1,2024-04-03,7,61.6502571105957,36.07976854777319,49.170318564322365
20001_0310_1,2024-04-03,8,61.6502571105957,37.609064781600935,55.18997856941586
20001_0310_1,2024-04-03,9,63.86729431152344,64.27849633353938,59.61191160784745
20001_0310_1,2024-04-03,10,63.86729431152344,63.946096016519206,59.706605987909306
20001_0310_1,2024-04-03,11,68.3013687133789,64.16488220109616,59.831326326394674
20001_0310_1,2024-04-03,12,82.71211242675781,65.45687292799701,60.21157198639044
20001_0310_1,2024-04-03,13,82.33413696289062,64.21221413563953,60.74403960368858
20001_0310_1,2024-04-03,14,71.27433013916016,69.8648168536244,61.09257150902782
20001_0310_1,2024-04-03,15,67.58772277832031,76.21455065890267,61.24806782668218
20001_0310_1,2024-04-03,16,69.68441009521484,71.68782860170518,60.79801461044378
20001_0310_1,2024-04-03,17,55.74753189086914,70.2829525824115,60.13633429920213
20001_0310_1,2024-04-03,18,,68.5010680038618,59.53344281146385
20001_0310_1,2024-04-03,19,,61.576963575263974,57.04495510090091
20001_0310_1,2024-04-03,20,,59.9391465340893,54.58204126503536
20001_0310_1,2024-04-03,21,,42.10957426833821,48.60734344073972
20001_0310_1,2024-04-03,22,,42.0333562180468,48.97473060571525
20001_0310_1,2024-04-03,23,,41.9580074220299,49.327761994342346
20001_0310_1,2024-04-03,24,,41.88569819650297,49.659718322181064
20001_0310_1,2024-04-03,25,,41.818351527048776,49.96429710942637
20001_0310_1,2024-04-03,26,,41.757524642285375,50.23574626394175
20001_0310_1,2024-04-03,27,,41.704334021529576,50.468976544496925
20001_0310_1,2024-04-03,28,,41.6594400133841,50.6596547467764
20001_0310_1,2024-04-03,29,,41.62309578942598,50.804283066200014
20001_0310_1,2024-04-03,30,,41.59525060694204,50.90027236293851
20001_0310_1,2024-04-03,31,,41.575683437612454,50.94601706250469
20001_0310_1,2024-04-03,32,,41.56413446687854,50.94097656390649
20001_0310_1,2024-04-03,33,,41.560402035233444,50.88576224701282
20001_0310_1,2024-04-03,34,,41.564381877600304,50.78222119958164
20001_0310_1,2024-04-03,35,,41.57604152855018,50.633499256346994
20001_0310_1,2024-04-03,36,,41.59534066967607,50.444059297918635
20001_0310_1,2024-04-03,37,,41.62212251604411,50.21962876348812
20001_0310_1,2024-04-03,38,,41.65600787765551,49.967055182295496
20001_0310_1,2024-04-03,39,,41.696320816641276,49.69406074017499
20001_0310_1,2024-04-03,40,,41.742064453619236,49.40890451455666
20001_0310_1,2024-04-03,41,,41.79195131967292,49.11997972845779
20001_0310_1,2024-04-03,42,,41.84447925481449,48.83538782342684
20001_0310_1,2024-04-03,43,,41.89803483698995,48.56253693877439
20001_0310_1,2024-04-03,44,,41.95100334719746,48.30780788051304
20001_0310_1,2024-04-03,45,,42.00186690457431,48.076317588915444
20001_0310_1,2024-04-03,46,,42.049278734726926,47.871792638678286
20001_0310_1,2024-04-03,47,,42.09210913348132,47.69654824101619
20001_0310_1,2024-04-03,48,,42.12946543975863,47.55155528513161
20001_0310_1,2024-04-03,49,,42.16069290612104,47.43657088992802
20001_0310_1,2024-04-03,50,,42.185365286359776,47.35030654843935
20001_0310_1,2024-04-03,51,,42.203273447145236,47.29061082311601
20001_0310_1,2024-04-03,52,,42.21441793965401,47.254648869662915
20001_0310_1,2024-04-03,53,,42.219007967205144,47.23906720777795
20001_0310_1,2024-04-03,54,,42.21746530122426,47.240137972113644
20001_0310_1,2024-04-03,55,,42.21042815697895,47.25388171394428
20001_0310_1,2024-04-03,56,,42.19874755976613,47.27617141006122
20001_0310_1,2024-04-03,57,,42.18346799950125,47.30282263244631
20001_0310_1,2024-04-03,58,,42.16578573913644,47.329675925726065
20001_0310_1,2024-04-03,59,,42.1469822175365,47.352677473074344
20001_0310_1,2024-04-03,60,,42.128336171383665,47.36796327942219
20001_0310_1,2024-04-03,61,,42.11102519598078,47.37195055876603
20001_0310_1,2024-04-03,62,,42.09603351979705,47.36143798845091
20001_0310_1,2024-04-03,63,,42.084085487755836,47.3337141959895
20001_0310_1,2024-04-03,64,,42.0756217650995,47.286671466141534
20001_0310_1,2024-04-03,65,,42.07082704573837,47.21891936708913
20001_0310_1,2024-04-03,66,,42.06970549039637,47.12989095069494
20001_0310_1,2024-04-03,67,,42.07218654745294,47.01993255501369
20001_0310_1,2024-04-03,68,,42.07823354147699,46.89036725025417
20001_0310_1,2024-04-03,69,,42.087924259601856,46.743521909272644
20001_0310_1,2024-04-03,70,,42.10147849339581,46.582709063706254
20001_0310_1,2024-04-03,71,,42.11922096368184,46.41215736348245
20001_0310_1,2024-04-03,72,,42.141485435858456,46.23688860182045
20001_0310_1,2024-04-03,73,,42.16848187153128,46.062544550485285
20001_0310_1,2024-04-04,1,31.92588996887207,31.92588996887207,31.92588996887207
20001_0310_1,2024-04-04,2,29.37181854248047,29.37181854248047,29.37181854248047
20001_0310_1,2024-04-04,3,39.27985382080078,30.356584557308867,27.276564675732832
20001_0310_1,2024-04-04,4,31.788278579711914,30.12895714042775,27.657305518095303
20001_0310_1,2024-04-04,5,29.22129249572754,30.858913838679413,27.213492725186313
20001_0310_1,2024-04-04,6,30.205524444580078,32.17502047589483,26.664712404486917
20001_0310_1,2024-04-04,7,31.30641746520996,28.77095156109936,25.793154139165974
20001_0310_1,2024-04-04,8,31.30641746520996,28.7048648671396,27.246384704214325
20001_0310_1,2024-04-04,9,34.60909652709961,31.412595472799904,29.287124682204716
20001_0310_1,2024-04-04,10,34.60909652709961,32.04192900509802,31.453112848951037
20001_0310_1,2024-04-04,11,37.6414794921875,32.959439159547316,32.33286237247043
20001_0310_1,2024-04-04,12,37.6414794921875,35.42838584908915,35.685014300803985
20001_0310_1,2024-04-04,13,38.51567459106445,33.65516778293784,36.18387835307361
20001_0310_1,2024-04-04,14,32.303470611572266,40.524192249297705,37.807724192330184
20001_0310_1,2024-04-04,15,30.77793312072754,38.03601484347672,33.14538799770264
20001_0310_1,2024-04-04,16,34.08061218261719,33.62565189007498,30.18464422604556
20001_0310_1,2024-04-04,17,31.45902442932129,29.32925185267515,29.3902654484664
20001_0310_1,2024-04-04,18,,31.902753612539893,31.58734485207763
20001_0310_1,2024-04-04,19,,33.06956832393171,31.51661028907383
20001_0310_1,2024-04-04,20,,32.74756798500829,30.642620278184808
20001_0310_1,2024-04-04,21,,30.213041357987233,29.422073200683705
20001_0310_1,2024-04-04,22,,30.126660108910844,29.710104436112292
20001_0310_1,2024-04-04,23,,30.041333260446095,29.99222962918949
20001_0310_1,2024-04-04,24,,29.959512713634183,30.26309321652116
20001_0310_1,2024-04-04,25,,29.88336362194683,30.517311149667854
20001_0310_1,2024-04-04,26,,29.81463268252045,30.749733098756312
20001_0310_1,2024-04-04,27,,29.754566010357667,30.955750185113114
20001_0310_1,2024-04-04,28,,29.703894263645104,31.13162183199182
20001_0310_1,2024-04-04,29,,29.66288985107079,31.274785645216213
20001_0310_1,2024-04-04,30,,29.631484640950493,31.384108589720874
20001_0310_1,2024-04-04,31,,29.609421168113766,31.46003860595459
20001_0310_1,2024-04-04,32,,29.596400901964124,31.504624761670115
20001_0310_1,2024-04-04,33,,29.59219330190932,31.521390784787506
20001_0310_1,2024-04-04,34,,29.596679815733534,31.515068759712715
20001_0310_1,2024-04-04,35,,29.60982490312235,31.491222231129726
20001_0310_1,2024-04-04,36,,29.631586203783865,31.455805482261574
20001_0310_1,2024-04-04,37,,29.661791992215186,31.414713924455437
20001_0310_1,2024-04-04,38,,29.700021389438355,31.373377627668773
20001_0310_1,2024-04-04,39,,29.745519799948607,31.336437600912863
20001_0310_1,2024-04-04,40,,29.797170499555985,31.307526592279
20001_0310_1,2024-04-04,41,,29.85352751128327,31.289157860964867
20001_0310_1,2024-04-04,42,,29.912899923421065,31.282710629532783
20001_0310_1,2024-04-04,43,,29.973467647256285,31.288491878301492
20001_0310_1,2024-04-04,44,,30.033405149299675,31.305850907667363
20001_0310_1,2024-04-04,45,,30.09099248720135,31.333324378808502
20001_0310_1,2024-04-04,46,,30.144699953883315,31.368793500160674
20001_0310_1,2024-04-04,47,,30.19324110610804,31.409639941532593
20001_0310_1,2024-04-04,48,,30.235596553660415,31.452891724865033
20001_0310_1,2024-04-04,49,,30.271016096169035,31.495354144776773
20001_0310_1,2024-04-04,50,,30.299009051385852,31.533723578240828
20001_0310_1,2024-04-04,51,,30.319332111200346,31.56468401390627
20001_0310_1,2024-04-04,52,,30.331981427075576,31.58498754925084
20001_0310_1,2024-04-04,53,,30.337191685255423,31.59152123063026
20001_0310_1,2024-04-04,54,,30.335440536401258,31.581363605877876
20001_0310_1,2024-04-04,55,,30.327452733911624,31.551835238379756
20001_0310_1,2024-04-04,56,,30.314195538380343,31.500548073114757
20001_0310_1,2024-04-04,57,,30.296856148849916,31.425458720471948
20001_0310_1,2024-04-04,58,,30.27679374338749,31.32493015590561
20001_0310_1,2024-04-04,59,,30.255463366649465,31.19780477519923
20001_0310_1,2024-04-04,60,,30.234315912708315,31.043489070407713
20001_0310_1,2024-04-04,61,,30.214686444682012,30.86204649308227
20001_0310_1,2024-04-04,62,,30.197689864838484,30.654290742560885
20001_0310_1,2024-04-04,63,,30.184145933964402,30.42186748704569
20001_0310_1,2024-04-04,64,,30.17455276491658,30.167309404247398
20001_0310_1,2024-04-04,65,,30.16911859863145,29.894048528144555
20001_0310_1,2024-04-04,66,,30.167847507647508,29.606372114313412
20001_0310_1,2024-04-04,67,,30.17065938162608,29.309313914963496
20001_0310_1,2024-04-04,68,,30.177512978196546,29.00848133016083
20001_0310_1,2024-04-04,69,,30.18849726077091,28.70982886723222
20001_0310_1,2024-04-04,70,,30.203862701525782,28.419397523538468
20001_0310_1,2024-04-04,71,,30.223979430384667,28.14304587774894
20001_0310_1,2024-04-04,72,,30.249228736518116,27.886200267295745
20001_0310_1,2024-04-04,73,,30.279852543751506,27.653648085440143
20001_0310_1,2024-04-05,1,34.879150390625,34.879150390625,34.879150390625
20001_0310_1,2024-04-05,2,33.8790283203125,33.8790283203125,33.8790283203125
20001_0310_1,2024-04-05,3,37.254432678222656,26.162753129770138,24.72031446716083
20001_0310_1,2024-04-05,4,33.4005241394043,27.066542219869174,27.53126650627702
20001_0310_1,2024-04-05,5,32.11589050292969,35.251558642434915,30.878532849694018
20001_0310_1,2024-04-05,6,39.991825103759766,34.57104431534126,29.848740708650976
20001_0310_1,2024-04-05,7,39.86721420288086,31.69585973888984,31.646213258116894
20001_0310_1,2024-04-05,8,39.86721420288086,32.288641891795294,35.46770061578722
20001_0310_1,2024-04-05,9,40.831443786621094,40.66324800674133,39.706304857038475
20001_0310_1,2024-04-05,10,44.206844329833984,41.408814790418646,40.62411686316817
20001_0310_1,2024-04-05,11,47.582244873046875,39.438493986865744,42.16743054245819
20001_0310_1,2024-04-05,12,47.582244873046875,41.851717157117704,45.92494622440422
20001_0310_1,2024-04-05,13,52.72529602050781,47.07995212506381,47.854068269868165
20001_0310_1,2024-04-05,14,43.937747955322266,50.49329899561906,48.22855549176131
20001_0310_1,2024-04-05,15,38.916290283203125,47.02841226325721,45.347543136841885
20001_0310_1,2024-04-05,16,36.40556335449219,47.16942391581007,42.78097981483164
20001_0310_1,2024-04-05,17,32.639469146728516,41.62878823234652,37.41465262338892
20001_0310_1,2024-04-05,18,,38.09258633240758,34.13897978001731
20001_0310_1,2024-04-05,19,,34.67262991771656,29.838970460929758
20001_0310_1,2024-04-05,20,,33.948006272250524,27.407446871808883
20001_0310_1,2024-04-05,21,,27.38733625751525,24.71310230674549
20001_0310_1,2024-04-05,22,,27.29953035588207,24.881187708222793
20001_0310_1,2024-04-05,23,,27.212809673295453,25.038118647246808
20001_0310_1,2024-04-05,24,,27.129665033661077,25.18180296046379
20001_0310_1,2024-04-05,25,,27.052294535638673,25.310417495536456
20001_0310_1,2024-04-05,26,,26.982470158274673,25.42253975723196
20001_0310_1,2024-04-05,27,,26.921454836659382,25.517285847688008
20001_0310_1,2024-04-05,28,,26.869987838002434,25.594436978004513
20001_0310_1,2024-04-05,29,,26.828343247202373,25.65453394767775
20001_0310_1,2024-04-05,30,,26.796449748600264,25.698919518675503
20001_0310_1,2024-04-05,31,,26.774044280048113,25.72971334762532
20001_0310_1,2024-04-05,32,,26.76082259774346,25.749712842936603
20001_0310_1,2024-04-05,33,,26.756549972707738,25.76222450782575
20001_0310_1,2024-04-05,34,,26.761105823002783,25.770841562757223
20001_0310_1,2024-04-05,35,,26.774454265411784,25.779192199348362
20001_0310_1,2024-04-05,36,,26.79655288770955,25.790686646764055
20001_0310_1,2024-04-05,37,,26.82722828925478,25.808289641987948
20001_0310_1,2024-04-05,38,,26.86605437073436,25.834338735401012
20001_0310_1,2024-04-05,39,,26.912266316883347,25.870420094925667
20001_0310_1,2024-04-05,40,,26.964731523249093,25.91730439709111
20001_0310_1,2024-04-05,41,,27.021982718845813,25.974937904488417
20001_0310_1,2024-04-05,42,,27.082303344924384,26.042478976612234
20001_0310_1,2024-04-05,43,,27.14384493811791,26.118368209571905
20001_0310_1,2024-04-05,44,,27.204752729546502,26.20042066503052
20001_0310_1,2024-04-05,45,,27.26327847614979,26.28593043340182
20001_0310_1,2024-04-05,46,,27.31786659248098,26.37178026530495
20001_0310_1,2024-04-05,47,,27.367208235364078,26.454551547549833
20001_0310_1,2024-04-05,48,,27.41026570905727,26.530632082284033
20001_0310_1,2024-04-05,49,,27.446274860398784,26.596320768483462
20001_0310_1,2024-04-05,50,,27.474735440708024,26.647929380522978
20001_0310_1,2024-04-05,51,,27.49539890948496,26.681882290965675
20001_0310_1,2024-04-05,52,,27.508260487131512,26.694815323037787
20001_0310_1,2024-04-05,53,,27.513558262469843,26.683675029792678
20001_0310_1,2024-04-05,54,,27.511777693786758,26.645819579166496
20001_0310_1,2024-04-05,55,,27.503655766099016,26.579121969513448
20001_0310_1,2024-04-05,56,,27.490176227267753,26.48207532393666
20001_0310_1,2024-04-05,57,,27.472546522178693,26.353898325585966
20001_0310_1,2024-04-05,58,,27.45214890492007,26.194636381758198
20001_0310_1,2024-04-05,59,,27.43046294789483,26.005251002763718
20001_0310_1,2024-04-05,60,,27.408963793432154,25.78768665356352
20001_0310_1,2024-04-05,61,,27.389008609225467,25.544901839863872
20001_0310_1,2024-04-05,62,,27.371730575245024,25.280850510688417
20001_0310_1,2024-04-05,63,,27.35796274515986,25.000402010708296
20001_0310_1,2024-04-05,64,,27.348211192480157,24.709193323064593
20001_0310_1,2024-04-05,65,,27.34268738296637,24.413415847227437
20001_0310_1,2024-04-05,66,,27.34139533161415,24.119549042378125
20001_0310_1,2024-04-05,67,,27.34425357754923,23.834062693847816
20001_0310_1,2024-04-05,68,,27.351220260949958,23.563115896971674
20001_0310_1,2024-04-05,69,,27.362385968376447,23.31228231236873
20001_0310_1,2024-04-05,70,,27.378005569199992,23.086327355994655
20001_0310_1,2024-04-05,71,,27.39845570691857,22.889054767358836
20001_0310_1,2024-04-05,72,,27.424124544553713,22.723229567622276
20001_0310_1,2024-04-05,73,,27.455258764937724,22.590574216545605
20001_0310_1,2024-04-08,1,47.123626708984375,47.123626708984375,47.123626708984375
20001_0310_1,2024-04-08,2,45.81463623046875,45.81463623046875,45.81463623046875
20001_0310_1,2024-04-08,3,46.93662643432617,48.58202178199686,49.36565277160966
20001_0310_1,2024-04-08,4,43.02524185180664,49.18297486882486,48.51756821108016
20001_0310_1,2024-04-08,5,41.7214469909668,49.15696191624755,46.98291600239951
20001_0310_1,2024-04-08,6,41.7214469909668,45.78192957156595,44.98346992516761
20001_0310_1,2024-04-08,7,43.96542739868164,44.27842792276882,44.31211574172036
20001_0310_1,2024-04-08,8,43.96542739868164,43.84732479329678,45.070481003673095
20001_0310_1,2024-04-08,9,38.793025970458984,45.222025381818995,44.441446209524386
20001_0310_1,2024-04-08,10,38.793025970458984,47.2691543793527,43.43668000971548
20001_0310_1,2024-04-08,11,38.793025970458984,41.162557404151585,40.93911815347272
20001_0310_1,2024-04-08,12,39.915016174316406,41.16856282929642,41.178558498481905
20001_0310_1,2024-04-08,13,46.6469612121582,40.92795703452289,41.83544362035204
20001_0310_1,2024-04-08,14,38.943851470947266,41.48585673903739,41.88176405243043
20001_0310_1,2024-04-08,15,35.17509460449219,43.10075891954715,40.84567992043713
20001_0310_1,2024-04-08,16,32.6625862121582,40.78121716899007,37.84769411502411
20001_0310_1,2024-04-08,17,31.40633201599121,37.53612716780199,35.0406526441054
20001_0310_1,2024-04-08,18,,34.33708265503704,33.44939183319019
20001_0310_1,2024-04-08,19,,29.81281397441143,38.63670540685541
20001_0310_1,2024-04-08,20,,31.430868870053903,44.98153669889708
20001_0310_1,2024-04-08,21,,48.46755914183538,50.954377984613835
20001_0310_1,2024-04-08,22,,48.39854688266544,51.18524551473082
20001_0310_1,2024-04-08,23,,48.330280996537326,51.41025651723051
20001_0310_1,2024-04-08,24,,48.26473120703513,51.62603253601782
20001_0310_1,2024-04-08,25,,48.203647074110535,51.829319186651816
20001_0310_1,2024-04-08,26,,48.148449289104875,52.017018158775436
20001_0310_1,2024-04-08,27,,48.100160087388474,52.18622234547521
20001_0310_1,2024-04-08,28,,48.05938781757949,52.33425561256588
20001_0310_1,2024-04-08,29,,48.026370252466975,52.45871882202876
20001_0310_1,2024-04-08,30,,48.001067691160614,52.557543755525415
20001_0310_1,2024-04-08,31,,47.98328409556251,52.62905633441702
20001_0310_1,2024-04-08,32,,47.9727866077928,52.67204972921486
20001_0310_1,2024-04-08,33,,47.9693938040254,52.685866332548414
20001_0310_1,2024-04-08,34,,47.973011502349166,52.6704849983375
20001_0310_1,2024-04-08,35,,47.983609569415805,52.62660654662612
20001_0310_1,2024-04-08,36,,48.00114953853292,52.55572679122545
20001_0310_1,2024-04-08,37,,48.02548594058575,52.460183161650285
20001_0310_1,2024-04-08,38,,48.05627021857187,52.34315953889922
20001_0310_1,2024-04-08,39,,48.09288359382461,52.20863535321272
20001_0310_1,2024-04-08,40,,48.13441574308307,52.06126996148529
20001_0310_1,2024-04-08,41,,48.17969317641838,51.90622156433988
20001_0310_1,2024-04-08,42,,48.22734896003704,51.74891004632663
20001_0310_1,2024-04-08,43,,48.27591722687107,51.59474285442849
20001_0310_1,2024-04-08,44,,48.32393327213278,51.44882989576883
20001_0310_1,2024-04-08,45,,48.370022519210096,51.315715626492214
20001_0310_1,2024-04-08,46,,48.41296748872802,51.19915353547971
20001_0310_1,2024-04-08,47,,48.45174886667567,51.10194107199993
20001_0310_1,2024-04-08,48,,48.485562911198144,51.025823723681185
20001_0310_1,2024-04-08,49,,48.51382156470562,50.971467687113424
20001_0310_1,2024-04-08,50,,48.536143345965684,50.938493207404875
20001_0310_1,2024-04-08,51,,48.55234258994584,50.9255561626221
20001_0310_1,2024-04-08,52,,48.56242242526126,50.930463922589965
20001_0310_1,2024-04-08,53,,48.56657369525569,50.95031236918422
20001_0310_1,2024-04-08,54,,48.565178508737986,50.981633373303396
20001_0310_1,2024-04-08,55,,48.558813898740496,51.020545112150884
20001_0310_1,2024-04-08,56,,48.54824881276275,51.06290067004136
20001_0310_1,2024-04-08,57,,48.53442697473294,51.104432916087205
20001_0310_1,2024-04-08,58,,48.51842955152838,51.14089543312072
20001_0310_1,2024-04-08,59,,48.501415225345724,51.16820019893399
20001_0310_1,2024-04-08,60,,48.48454087129032,51.182552825339684
20001_0310_1,2024-04-08,61,,48.46887249235529,51.18058553987389
20001_0310_1,2024-04-08,62,,48.455301599530046,51.15948687564161
20001_0310_1,2024-04-08,63,,48.44448474522754,51.11712535965799
20001_0310_1,2024-04-08,64,,48.43682170485343,51.05216253161825
20001_0310_1,2024-04-08,65,,48.43248034633557,50.96414862033011
20001_0310_1,2024-04-08,66,,48.43146481501424,50.85359249364701
20001_0310_1,2024-04-08,67,,48.43371131816993,50.72199653267018
20001_0310_1,2024-04-08,68,,48.439186457565796,50.5718473777262
20001_0310_1,2024-04-08,69,,48.44796019366045,50.406555498123694
20001_0310_1,2024-04-08,70,,48.46023073155222,50.23034043201889
20001_0310_1,2024-04-08,71,,48.47629085225086,50.0480640564083
20001_0310_1,2024-04-08,72,,48.496440992116405,49.865020575578455
20001_0310_1,2024-04-08,73,,48.52086893171531,49.686697831487834
20001_0310_1,2024-04-09,1,56.168724060058594,56.168724060058594,56.168724060058594
20001_0310_1,2024-04-09,2,44.504451751708984,44.504451751708984,44.504451751708984
20001_0310_1,2024-04-09,3,44.504451751708984,45.96028368798868,49.64236972218071
20001_0310_1,2024-04-09,4,42.36507034301758,47.473002659132405,48.15889159524228
20001_0310_1,2024-04-09,5,41.04116439819336,47.39393184636377,46.78636635376758
20001_0310_1,2024-04-09,6,39.717254638671875,40.336053631926205,43.814674564001535
20001_0310_1,2024-04-09,7,40.818603515625,43.88145556286265,45.08223642281819
20001_0310_1,2024-04-09,8,40.818603515625,42.11777566061061,44.68758644346034
20001_0310_1,2024-04-09,9,43.021297454833984,42.28188679746008,45.27594145111807
20001_0310_1,2024-04-09,10,45.22399139404297,43.15426354052622,46.664490295115996
20001_0310_1,2024-04-09,11,45.22399139404297,42.977181727029674,48.27319548117798
20001_0310_1,2024-04-09,12,46.325340270996094,45.84689960785437,50.185391451645344
20001_0310_1,2024-04-09,13,53.59030532836914,48.72306061929282,50.894826758653366
20001_0310_1,2024-04-09,14,43.13365936279297,48.63710147978264,50.46067804131566
20001_0310_1,2024-04-09,15,41.82658004760742,47.01811395025854,49.52973927987851
20001_0310_1,2024-04-09,16,42.72219467163086,46.4587061809708,48.74193661927739
20001_0310_1,2024-04-09,17,34.71178436279297,45.923743366116234,46.177827979016975
20001_0310_1,2024-04-09,18,,43.638207202981675,43.042527671978775
20001_0310_1,2024-04-09,19,,34.83439752098077,42.912250582241235
20001_0310_1,2024-04-09,20,,35.7988538526639,47.157573269700436
20001_0310_1,2024-04-09,21,,46.067137634769466,51.478282653541186
20001_0310_1,2024-04-09,22,,45.99478777704231,51.75461980824494
20001_0310_1,2024-04-09,23,,45.92323888990085,52.021257253567704
20001_0310_1,2024-04-09,24,,45.85455386967403,52.273836946842906
20001_0310_1,2024-04-09,25,,45.79056308136167,52.508244925311324
20001_0310_1,2024-04-09,26,,45.73275106686088,52.72066233509889
20001_0310_1,2024-04-09,27,,45.68218435811282,52.90761114522911
20001_0310_1,2024-04-09,28,,45.63949598352216,53.06599672208311
20001_0310_1,2024-04-09,29,,45.60493133470473,53.19315055100695
20001_0310_1,2024-04-09,30,,45.578445952173055,53.2868772328785
20001_0310_1,2024-04-09,31,,45.55983245603561,53.345510045693274
20001_0310_1,2024-04-09,32,,45.54884563890462,53.36797840823278
20001_0310_1,2024-04-09,33,,45.545294770820625,53.3538881663489
20001_0310_1,2024-04-09,34,,45.54908101238621,53.303611637972814
20001_0310_1,2024-04-09,35,,45.56017310806755,53.21837911257322
20001_0310_1,2024-04-09,36,,45.57853162181419,53.10035786655104
20001_0310_1,2024-04-09,37,,45.60400564341015,52.95270014491024
20001_0310_1,2024-04-09,38,,45.63623212997334,52.77953971674891
20001_0310_1,2024-04-09,39,,45.674565443366504,52.58591910604957
20001_0310_1,2024-04-09,40,,45.71805473084214,52.37763713055837
20001_0310_1,2024-04-09,41,,45.76547326833649,52.161018180269316
20001_0310_1,2024-04-09,42,,45.815391100703025,51.94261834694627
20001_0310_1,2024-04-09,43,,45.86627373215536,51.72889563262729
20001_0310_1,2024-04-09,44,,45.916586823245055,51.52587867235858
20001_0310_1,2024-04-09,45,,45.96488940996096,51.33886872275286
20001_0310_1,2024-04-09,46,,46.00990423785814,51.172203221861636
20001_0310_1,2024-04-09,47,,46.050561066409315,51.029098111817405
20001_0310_1,2024-04-09,48,,46.08601522574408,50.91157347942229
20001_0310_1,2024-04-09,49,,46.11564804152944,50.8204559294293
20001_0310_1,2024-04-09,50,,46.13905755266992,50.755443459607676
20001_0310_1,2024-04-09,51,,46.156047434629386,50.715215119630784
20001_0310_1,2024-04-09,52,,46.16661977201797,50.69756794520664
20001_0310_1,2024-04-09,53,,46.17097399302303,50.69956645591286
20001_0310_1,2024-04-09,54,,46.16951058959806,50.71769411887066
20001_0310_1,2024-04-09,55,,46.16283488523467,50.748000511177494
20001_0310_1,2024-04-09,56,,46.15175375213724,50.78624168614676
20001_0310_1,2024-04-09,57,,46.137257472327576,50.82801402573959
20001_0310_1,2024-04-09,58,,46.120480409298594,50.86888349154158
20001_0310_1,2024-04-09,59,,46.10263801245717,50.904512721203815
20001_0310_1,2024-04-09,60,,46.08494354597087,50.930788035787685
20001_0310_1,2024-04-09,61,,46.06851468563919,50.94394736502242
20001_0310_1,2024-04-09,62,,46.054285906580795,50.940708604789094
20001_0310_1,2024-04-09,63,,46.04294520075355,50.918396200369635
20001_0310_1,2024-04-09,64,,46.03491132698602,50.875061954456775
20001_0310_1,2024-04-09,65,,46.030359982909054,50.80959431017203
20001_0310_1,2024-04-09,66,,46.02929534252405,50.721808788957354
20001_0310_1,2024-04-09,67,,46.0316504875655,50.6125110768308
20001_0310_1,2024-04-09,68,,46.037390491021675,50.48352376640926
20001_0310_1,2024-04-09,69,,46.04658891160913,50.33766837857718
20001_0310_1,2024-04-09,70,,46.05945390692963,50.17869638445562
20001_0310_1,2024-04-09,71,,46.07629298130836,50.01116669766036
20001_0310_1,2024-04-09,72,,46.09742190745338,49.84027228922205
20001_0310_1,2024-04-09,73,,46.12303860700308,49.671624488286625
20001_0310_1,2024-04-10,1,53.23225784301758,53.23225784301758,53.23225784301758
20001_0310_1,2024-04-10,2,38.684715270996094,38.684715270996094,38.684715270996094
20001_0310_1,2024-04-10,3,37.072853088378906,39.76722069494266,42.02872241901623
20001_0310_1,2024-04-10,4,33.952415466308594,41.11006442671878,39.06661971759665
20001_0310_1,2024-04-10,5,33.44464111328125,39.42485081422282,35.4724159458726
20001_0310_1,2024-04-10,6,35.66265106201172,31.802277651620848,31.905563275636773
20001_0310_1,2024-04-10,7,42.9841423034668,33.841877109976934,34.16825311749774
20001_0310_1,2024-04-10,8,44.09314727783203,33.42415525645061,39.08520635434104
20001_0310_1,2024-04-10,9,47.420166015625,35.07362052063396,44.58149591001329
20001_0310_1,2024-04-10,10,48.529170989990234,45.08057929287678,50.747429813164274
20001_0310_1,2024-04-10,11,47.10184097290039,46.86251847103728,52.23698873209793
20001_0310_1,2024-04-10,12,51.53786087036133,50.67318829654143,53.4592470443085
20001_0310_1,2024-04-10,13,73.150146484375,49.97647519688935,53.738584873162836
20001_0310_1,2024-04-10,14,53.15814971923828,49.49613712398567,54.720393972938865
20001_0310_1,2024-04-10,15,48.96145248413086,52.341357664199336,55.53999517352288
20001_0310_1,2024-04-10,16,45.293975830078125,56.889575101934824,55.00997224541067
20001_0310_1,2024-04-10,17,39.44959259033203,53.21105695801597,52.09872426479129
20001_0310_1,2024-04-10,18,,44.80903406868355,48.31421395218739
20001_0310_1,2024-04-10,19,,42.144887720922796,46.7027595106601
20001_0310_1,2024-04-10,20,,41.848835826621595,46.24199939569965
20001_0310_1,2024-04-10,21,,39.53034122228816,45.45419597696845
20001_0310_1,2024-04-10,22,,39.451555862910325,45.86210625077183
20001_0310_1,2024-04-10,23,,39.37368479651194,46.25541918228164
20001_0310_1,2024-04-10,24,,39.29896966531096,46.626327757181876
20001_0310_1,2024-04-10,25,,39.22939498475775,46.96732695813398
20001_0310_1,2024-04-10,26,,39.166566299229416,47.271416854590974
20001_0310_1,2024-04-10,27,,39.11163331606748,47.53229854065724
20001_0310_1,2024-04-10,28,,39.065274588230324,47.74455946293053
20001_0310_1,2024-04-10,29,,39.02774850977051,47.90384733303111
20001_0310_1,2024-04-10,30,,38.999000210927385,48.007033219987406
20001_0310_1,2024-04-10,31,,38.97879963321953,48.05236343531761
20001_0310_1,2024-04-10,32,,38.96687728387136,48.03959585048737
20001_0310_1,2024-04-10,33,,38.96302425754558,47.97010968117215
20001_0310_1,2024-04-10,34,,38.967132689714816,47.84697014746511
20001_0310_1,2024-04-10,35,,38.979169306855965,47.67492355271322
20001_0310_1,2024-04-10,36,,38.999093191412015,47.460297512194316
20001_0310_1,2024-04-10,37,,39.026743635202585,47.21078790252048
20001_0310_1,2024-04-10,38,,39.06173069541716,46.935129056705264
20001_0310_1,2024-04-10,39,,39.10335827776656,46.64266419355673
20001_0310_1,2024-04-10,40,,39.15059890201746,46.34285368389696
20001_0310_1,2024-04-10,41,,39.20212472961494,46.04477319017933
20001_0310_1,2024-04-10,42,,39.25638563152735,45.75665724446629
20001_0310_1,2024-04-10,43,,39.31171576815986,45.48553536332625
20001_0310_1,2024-04-10,44,,39.36644705455936,45.23699024324316
20001_0310_1,2024-04-10,45,,39.419010558980546,45.01504638390863
20001_0310_1,2024-04-10,46,,39.46801338041656,44.82217828929525
20001_0310_1,2024-04-10,47,,39.51228637358679,44.659414064288804
20001_0310_1,2024-04-10,48,,39.550905057019214,44.52650406723778
20001_0310_1,2024-04-10,49,,39.58319077471503,44.422124437378294
20001_0310_1,2024-04-10,50,,39.608701193339996,44.34408976785557
20001_0310_1,2024-04-10,51,,39.62721870392323,44.289555749524155
20001_0310_1,2024-04-10,52,,39.63874285805994,44.25519953845403
20001_0310_1,2024-04-10,53,,39.64348935659114,44.23737184071567
20001_0310_1,2024-04-10,54,,39.64189409553805,44.23221978786615
20001_0310_1,2024-04-10,55,,39.63461711452351,44.235783504778766
20001_0310_1,2024-04-10,56,,39.62253873194753,44.24407193819985
20001_0310_1,2024-04-10,57,,39.60673940142708,44.25312514960656
20001_0310_1,2024-04-10,58,,39.58845645461758,44.25907097889474
20001_0310_1,2024-04-10,59,,39.56901511631526,44.25818381048412
20001_0310_1,2024-04-10,60,,39.54973757045602,44.24695214959011
20001_0310_1,2024-04-10,61,,39.53184117895976,44.22215988112666
20001_0310_1,2024-04-10,62,,39.516343193762495,44.180983516693814
20001_0310_1,2024-04-10,63,,39.50399209190618,44.12110458462457
20001_0310_1,2024-04-10,64,,39.4952430831877,44.04083281764788
20001_0310_1,2024-04-10,65,,39.49028683671028,43.93923226943957
20001_0310_1,2024-04-10,66,,39.48912750699536,43.81623936531126
20001_0310_1,2024-04-10,67,,39.49169213158726,43.67275966111942
20001_0310_1,2024-04-10,68,,39.497942873320994,43.510729278441595
20001_0310_1,2024-04-10,69,,39.50796032245622,43.33312807610811
20001_0310_1,2024-04-10,70,,39.52197198642239,43.14393488453252
20001_0310_1,2024-04-10,71,,39.54031400402436,42.948020485862514
20001_0310_1,2024-04-10,72,,39.5633320701116,42.75098089912109
20001_0310_1,2024-04-10,73,,39.59124412109141,42.558920861370126
20001_0310_1,2024-04-11,1,56.86161422729492,56.86161422729492,56.86161422729492
20001_0310_1,2024-04-11,2,48.5404052734375,48.5404052734375,48.5404052734375
20001_0310_1,2024-04-11,3,51.88520431518555,51.33024982701195,53.27989383185335
20001_0310_1,2024-04-11,4,46.58246994018555,52.410886150946354,52.16643913525368
20001_0310_1,2024-04-11,5,48.812339782714844,51.17279936030364,51.27147289542602
20001_0310_1,2024-04-11,6,69.4366683959961,45.55203333555399,49.90276031185665
20001_0310_1,2024-04-11,7,78.10956573486328,44.936213201856866,54.57755225517417
20001_0310_1,2024-04-11,8,78.10956573486328,44.94269593137436,58.41688104578196
20001_0310_1,2024-04-11,9,77.8777847290039,68.75555202343415,61.04732521598343
20001_0310_1,2024-04-11,10,80.10765075683594,75.10422852632401,61.46098182174753
20001_0310_1,2024-04-11,11,80.10765075683594,74.21943149582752,61.4641309516916
20001_0310_1,2024-04-11,12,83.45245361328125,74.96734307051554,61.51655651167681
20001_0310_1,2024-04-11,13,103.31155395507812,75.93350387696037,61.608966757686524
20001_0310_1,2024-04-11,14,85.2320327758789,75.76471867139173,61.6867747375244
20001_0310_1,2024-04-11,15,89.51530456542969,76.91531677802135,61.7295150760585
20001_0310_1,2024-04-11,16,80.56377410888672,77.94629365744423,61.687074457917156
20001_0310_1,2024-04-11,17,69.0546646118164,78.01488106163097,61.28679339674267
20001_0310_1,2024-04-11,18,,76.5862562558068,60.95431737333932
20001_0310_1,2024-04-11,19,,72.16474717627332,59.4755834049122
20001_0310_1,2024-04-11,20,,70.6771068024101,58.169781305027314
20001_0310_1,2024-04-11,21,,51.22208137836998,54.76037149547445
20001_0310_1,2024-04-11,22,,51.15683510073176,54.959033544140325
20001_0310_1,2024-04-11,23,,51.092273309792134,55.14823892059117
20001_0310_1,2024-04-11,24,,51.030260629336524,55.324919342345865
20001_0310_1,2024-04-11,25,,50.97245550075662,55.48644285550877
20001_0310_1,2024-04-11,26,,50.9202066433984,55.630621516534326
20001_0310_1,2024-04-11,27,,50.87448638869945,55.755695656232334
20001_0310_1,2024-04-11,28,,50.835875309881615,55.86030159844674
20001_0310_1,2024-04-11,29,,50.80460264199816,55.94343097444549
20001_0310_1,2024-04-11,30,,50.78063409666356,56.00439012641392
20001_0310_1,2024-04-11,31,,50.7637864615816,56.04276753276601
20001_0310_1,2024-04-11,32,,50.75384082998146,56.058415772286665
20001_0310_1,2024-04-11,33,,50.75062628670456,56.05145235375407
20001_0310_1,2024-04-11,34,,50.754053906676916,56.0222808674234
20001_0310_1,2024-04-11,35,,50.764094817675854,55.97163050076128
20001_0310_1,2024-04-11,36,,50.7807116332442,55.90060823877215
20001_0310_1,2024-04-11,37,,50.803764999510676,55.81075444069823
20001_0310_1,2024-04-11,38,,50.832922668589276,55.70408955088797
20001_0310_1,2024-04-11,39,,50.86759612211724,55.583138214373406
20001_0310_1,2024-04-11,40,,50.90692071517748,55.45091776557146
20001_0310_1,2024-04-11,41,,50.94978297113812,55.310881398129894
20001_0310_1,2024-04-11,42,,50.99488701947903,55.166812192419854
20001_0310_1,2024-04-11,43,,51.040844395982845,55.02267172549237
20001_0310_1,2024-04-11,44,,51.08626894991052,54.88241471963935
20001_0310_1,2024-04-11,45,,51.129861011541095,54.74978733656938
20001_0310_1,2024-04-11,46,,51.17047056233858,54.62812982295357
20001_0310_1,2024-04-11,47,,51.20713577603257,54.520203581665946
20001_0310_1,2024-04-11,48,,51.23909912318459,54.42805871203614
20001_0310_1,2024-04-11,49,,51.2658071257096,54.35295180660418
20001_0310_1,2024-04-11,50,,51.28690144170061,54.29531688086125
20001_0310_1,2024-04-11,51,,51.30220845931936,54.254786193147346
20001_0310_1,2024-04-11,52,,51.31173250335034,54.23025333250892
20001_0310_1,2024-04-11,53,,51.315654740222215,54.21996863240707
20001_0310_1,2024-04-11,54,,51.3143365375784,54.221656492443
20001_0310_1,2024-04-11,55,,51.30832300106047,54.232645027637815
20001_0310_1,2024-04-11,56,,51.29834027460875,54.25000000315185
20001_0310_1,2024-04-11,57,,51.28527953435443,54.270656734899035
20001_0310_1,2024-04-11,58,,51.27016190892749,54.29154521185605
20001_0310_1,2024-04-11,59,,51.25408201610294,54.309704988210825
20001_0310_1,2024-04-11,60,,51.23813309766669,54.32238741786912
20001_0310_1,2024-04-11,61,,51.223322849768486,54.327143654378304
20001_0310_1,2024-04-11,62,,51.210494307095956,54.32189761623985
20001_0310_1,2024-04-11,63,,51.20026855198641,54.30500387201104
20001_0310_1,2024-04-11,64,,51.19302394521711,54.275291108053835
20001_0310_1,2024-04-11,65,,51.1889195244541,54.23209241307987
20001_0310_1,2024-04-11,66,,51.18795940530918,54.17526392287526
20001_0310_1,2024-04-11,67,,51.19008332238833,54.10519330631378
20001_0310_1,2024-04-11,68,,51.19525960113517,54.02279909504476
20001_0310_1,2024-04-11,69,,51.20355413864711,53.929521018038145
20001_0310_1,2024-04-11,70,,51.215153904533864,53.827300460164224
20001_0310_1,2024-04-11,71,,51.23033505817536,53.71854916896375
20001_0310_1,2024-04-11,72,,51.249380718896155,53.60610367005725
20001_0310_1,2024-04-11,73,,51.272467208475405,53.49316277271496
20001_0310_1,2024-04-12,1,49.780601501464844,49.780601501464844,49.780601501464844
20001_0310_1,2024-04-12,2,44.674896240234375,44.674896240234375,44.674896240234375
20001_0310_1,2024-04-12,3,45.781131744384766,46.837880544015405,47.42828643420938
20001_0310_1,2024-04-12,4,41.96603775024414,47.433274137742416,46.551766543350695
20001_0310_1,2024-04-12,5,40.52887725830078,47.67306068408688,44.59992096312836
20001_0310_1,2024-04-12,6,39.262351989746094,44.228245867688194,41.78458012195854
20001_0310_1,2024-04-12,7,39.262351989746094,41.19595152086537,40.096233598749485
20001_0310_1,2024-04-12,8,39.262351989746094,41.039983884907315,39.96625518109617
20001_0310_1,2024-04-12,9,39.10205841064453,41.33981494445346,39.515814782640504
20001_0310_1,2024-04-12,10,39.10205841064453,40.976822154689685,39.35163933795257
20001_0310_1,2024-04-12,11,46.845706939697266,39.60305830794613,39.22062412532701
20001_0310_1,2024-04-12,12,53.48311996459961,39.30362164591798,42.65329443170795
20001_0310_1,2024-04-12,13,57.58019256591797,39.61895544825186,46.812074099538435
20001_0310_1,2024-04-12,14,53.90486145019531,48.347770516430245,51.75573786002869
20001_0310_1,2024-04-12,15,53.90486145019531,52.24422433953165,53.601345125618494
20001_0310_1,2024-04-12,16,53.785987854003906,56.91385021099434,54.505595941905376
20001_0310_1,2024-04-12,17,48.8963508605957,57.44067787323803,53.918347567837316
20001_0310_1,2024-04-12,18,,55.67294430423151,53.05782720488163
20001_0310_1,2024-04-12,19,,52.244787435780125,51.436178578865054
20001_0310_1,2024-04-12,20,,51.697569157140244,50.57622650409787
20001_0310_1,2024-04-12,21,,46.72264057575924,49.242089019385574
20001_0310_1,2024-04-12,22,,46.653171564837685,49.5176880658951
20001_0310_1,2024-04-12,23,,46.584462580461675,49.782775104502164
20001_0310_1,2024-04-12,24,,46.518495399339834,50.032428288974494
20001_0310_1,2024-04-12,25,,46.45702936730043,50.26216201896456
20001_0310_1,2024-04-12,26,,46.4014922906228,50.468003319153226
20001_0310_1,2024-04-12,27,,46.35291074885201,50.64654518459912
20001_0310_1,2024-04-12,28,,46.311894883792405,50.79498081101633
20001_0310_1,2024-04-12,29,,46.278682214299025,50.911125078635116
20001_0310_1,2024-04-12,30,,46.25323143981237,50.99343096149987
20001_0310_1,2024-04-12,31,,46.235344348314385,51.04100828605689
20001_0310_1,2024-04-12,32,,46.22478602837492,51.05365026606265
20001_0310_1,2024-04-12,33,,46.22137360484811,51.03186956806712
20001_0310_1,2024-04-12,34,,46.225012224154355,50.976940715158186
20001_0310_1,2024-04-12,35,,46.235671711352964,50.890940190033675
20001_0310_1,2024-04-12,36,,46.25331376479974,50.7767707819454
20001_0310_1,2024-04-12,37,,46.27779270341243,50.63815388670399
20001_0310_1,2024-04-12,38,,46.30875878007258,50.47957388350329
20001_0310_1,2024-04-12,39,,46.345590564879984,50.30616311799314
20001_0310_1,2024-04-12,40,,46.38737335619548,50.123524185533896
20001_0310_1,2024-04-12,41,,46.43292755466838,49.93749671185703
20001_0310_1,2024-04-12,42,,46.48087863341823,49.75388628656873
20001_0310_1,2024-04-12,43,,46.529752090024814,49.57818095694112
20001_0310_1,2024-04-12,44,,46.578074091786945,49.41528370710765
20001_0310_1,2024-04-12,45,,46.624461007163546,49.269286959534426
20001_0310_1,2024-04-12,46,,46.66768687754137,49.143308215333995
20001_0310_1,2024-04-12,47,,46.706724874946495,49.039396500433696
20001_0310_1,2024-04-12,48,,46.74076496915758,48.9585096555545
20001_0310_1,2024-04-12,49,,46.76921418531243,48.90055463264177
20001_0310_1,2024-04-12,50,,46.79168756104309,48.86447790959867
20001_0310_1,2024-04-12,51,,46.80799741112027,48.84839107124948
20001_0310_1,2024-04-12,52,,46.818146321895924,48.84971702499542
20001_0310_1,2024-04-12,53,,46.82232609610597,48.865344404313035
20001_0310_1,2024-04-12,54,,46.820921326038174,48.891780621920816
20001_0310_1,2024-04-12,55,,46.81451304451113,48.92529708728117
20001_0310_1,2024-04-12,56,,46.80387563514239,48.962062845956964
20001_0310_1,2024-04-12,57,,46.789959499865944,48.99826509135663
20001_0310_1,2024-04-12,58,,46.77385338919275,49.030216569822834
20001_0310_1,2024-04-12,59,,46.75672399803746,49.05445088648647
20001_0310_1,2024-04-12,60,,46.73973606532437,49.067807220372956
20001_0310_1,2024-04-12,61,,46.72396270503336,49.067506087970386
20001_0310_1,2024-04-12,62,,46.71030125719769,49.05121765271974
20001_0310_1,2024-04-12,63,,46.69941247219361,49.01712372328568
20001_0310_1,2024-04-12,64,,46.69169860614437,48.96397403309395
20001_0310_1,2024-04-12,65,,46.687328501981355,48.89113663720252
20001_0310_1,2024-04-12,66,,46.68630625155761,48.798641295086234
20001_0310_1,2024-04-12,67,,46.688567620930115,48.687213570882776
20001_0310_1,2024-04-12,68,,46.69407903153222,48.55829619946827
20001_0310_1,2024-04-12,69,,46.70291100801762,48.41405325519801
20001_0310_1,2024-04-12,70,,46.715263240057844,48.257352109156166
20001_0310_1,2024-04-12,71,,46.73143071191173,48.09171836804492
20001_0310_1,2024-04-12,72,,46.751716228209524,47.92126016956867
20001_0310_1,2024-04-12,73,,46.77630931135714,47.750560406049786
20001_0310_1,2024-04-15,1,32.685935974121094,32.685935974121094,32.685935974121094
20001_0310_1,2024-04-15,2,31.42878532409668,31.42878532409668,31.42878532409668
20001_0310_1,2024-04-15,3,30.171634674072266,33.04774483397489,27.66568532878732
20001_0310_1,2024-04-15,4,31.168685913085938,33.209025176552586,26.707984820345658
20001_0310_1,2024-04-15,5,31.168685913085938,31.16658387395411,26.63744941094478
20001_0310_1,2024-04-15,6,31.168685913085938,30.01552736247634,27.327402657935473
20001_0310_1,2024-04-15,7,31.168685913085938,32.68517616005947,28.755046521399706
20001_0310_1,2024-04-15,8,31.168685913085938,32.7267256914043,29.047252331113206
20001_0310_1,2024-04-15,9,30.99709129333496,33.03321317120204,28.808367597685784
20001_0310_1,2024-04-15,10,36.632598876953125,32.675198301094795,28.995316219500022
20001_0310_1,2024-04-15,11,36.632598876953125,30.152564668432014,31.57551048409839
20001_0310_1,2024-04-15,12,37.75969696044922,32.11917578562358,35.18822068516058
20001_0310_1,2024-04-15,13,37.216888427734375,39.13312603920189,37.82959711929143
20001_0310_1,2024-04-15,14,35.83848190307617,38.73231328250104,37.68607938652428
20001_0310_1,2024-04-15,15,33.0816764831543,37.39752546258878,36.46513802583903
20001_0310_1,2024-04-15,16,31.70327377319336,38.36626476909176,35.36305220883722
20001_0310_1,2024-04-15,17,22.05445098876953,36.91497297551414,29.492918184214105
20001_0310_1,2024-04-15,18,,34.10119477708369,24.851293234595808
20001_0310_1,2024-04-15,19,,21.060596229583638,24.901755753367866
20001_0310_1,2024-04-15,20,,22.034803857097028,28.89596341432214
20001_0310_1,2024-04-15,21,,32.64365758591494,33.744053248633975
20001_0310_1,2024-04-15,22,,32.55888356240264,33.998087468607146
20001_0310_1,2024-04-15,23,,32.475132380541524,34.219452514058055
20001_0310_1,2024-04-15,24,,32.394811668317445,34.40376310006318
20001_0310_1,2024-04-15,25,,32.32004875154346,34.547057385780526
20001_0310_1,2024-04-15,26,,32.2525609629931,34.64601371504742
20001_0310_1,2024-04-15,27,,32.193574550327575,34.698183437278985
20001_0310_1,2024-04-15,28,,32.143809637065466,34.70222507535047
20001_0310_1,2024-04-15,29,,32.10353606782982,34.65811814398572
20001_0310_1,2024-04-15,30,,32.07268881060938,34.5673284773975
20001_0310_1,2024-04-15,31,,32.05101639171115,34.43289343430248
20001_0310_1,2024-04-15,32,,32.0382265372085,34.2593975413801
20001_0310_1,2024-04-15,33,,32.0340933393683,34.05281893561135
20001_0310_1,2024-04-15,34,,32.038500518011844,33.82024421255459
20001_0310_1,2024-04-15,35,,32.05141297779879,33.569470971211615
20001_0310_1,2024-04-15,36,,32.072788571562796,33.308538037222306
20001_0310_1,2024-04-15,37,,32.10245774010791,33.04523699745454
20001_0310_1,2024-04-15,38,,32.140005905060356,32.786661095996394
20001_0310_1,2024-04-15,39,,32.184690532174535,32.538838224305266
20001_0310_1,2024-04-15,40,,32.2354134189743,32.30647703588645
20001_0310_1,2024-04-15,41,,32.290753221668936,32.09283473135724
20001_0310_1,2024-04-15,42,,32.34904849772451,31.89969727386414
20001_0310_1,2024-04-15,43,,32.40851156207238,31.72745118493425
20001_0310_1,2024-04-15,44,,32.4673500716843,31.575221477836156
20001_0310_1,2024-04-15,45,,32.5238760274163,31.441051450963304
20001_0310_1,2024-04-15,46,,32.57658876173405,31.322104725015123
20001_0310_1,2024-04-15,47,,32.62422681922696,31.214875812695308
20001_0310_1,2024-04-15,48,,32.665791104308724,31.115401008595192
20001_0310_1,2024-04-15,49,,32.700546779918035,31.01946558209996
20001_0310_1,2024-04-15,50,,32.72801360402005,30.92280586600708
20001_0310_1,2024-04-15,51,,32.747953879998605,30.821305953872795
20001_0310_1,2024-04-15,52,,32.7603646023743,30.711188606034487
20001_0310_1,2024-04-15,53,,32.765476506926234,30.58919889571941
20001_0310_1,2024-04-15,54,,32.76375841937512,30.452777350980295
20001_0310_1,2024-04-15,55,,32.75592136054798,30.300217104088578
20001_0310_1,2024-04-15,56,,32.74291411863655,30.130797140166386
20001_0310_1,2024-04-15,57,,32.72590121138978,29.944881559009513
20001_0310_1,2024-04-15,58,,32.70621594122537,29.743973405277757
20001_0310_1,2024-04-15,59,,32.685285808469345,29.53071177094183
20001_0310_1,2024-04-15,60,,32.66453442774107,29.308803171972297
20001_0310_1,2024-04-15,61,,32.64527194534877,29.082882991549795
20001_0310_1,2024-04-15,62,,32.62859261724793,28.85830983937388
20001_0310_1,2024-04-15,63,,32.615301153552736,28.640904052954117
20001_0310_1,2024-04-15,64,,32.605886625464464,28.436649679451232
20001_0310_1,2024-04-15,65,,32.600553585736286,28.251385284392253
20001_0310_1,2024-04-15,66,,32.59930614202277,28.090511301104073
20001_0310_1,2024-04-15,67,,32.60206570059211,27.958739661829334
20001_0310_1,2024-04-15,68,,32.60879173064631,27.859905526175442
20001_0310_1,2024-04-15,69,,32.61957140169486,27.79685237887471
20001_0310_1,2024-04-15,70,,32.63465028883223,27.77139242409237
20001_0310_1,2024-04-15,71,,32.65439127145085,27.784335793428724
20001_0310_1,2024-04-15,72,,32.67916802385579,27.835575829573703
20001_0310_1,2024-04-15,73,,32.70921728476074,27.924214136619334
20001_0310_1,2024-04-16,1,38.78546905517578,38.78546905517578,38.78546905517578
20001_0310_1,2024-04-16,2,36.434837341308594,36.434837341308594,36.434837341308594
20001_0310_1,2024-04-16,3,39.75930404663086,38.52699755203148,39.06867695659544
20001_0310_1,2024-04-16,4,39.46929168701172,38.629477841604995,38.900724066550566
20001_0310_1,2024-04-16,5,39.344032287597656,38.198638921032654,39.59077551170069
20001_0310_1,2024-04-16,6,39.344032287597656,37.915440654633535,41.01508502935158
20001_0310_1,2024-04-16,7,41.56034469604492,40.581146378611145,43.02365079618856
20001_0310_1,2024-04-16,8,41.56034469604492,41.47418183078297,44.530867567324194
20001_0310_1,2024-04-16,9,41.56034469604492,41.772755055035034,45.63279425813795
20001_0310_1,2024-04-16,10,45.99296951293945,44.42398855362067,46.9479173218544
20001_0310_1,2024-04-16,11,45.99296951293945,43.52048105963813,48.269734042421554
20001_0310_1,2024-04-16,12,45.99296951293945,44.059713507500845,49.9794994114942
20001_0310_1,2024-04-16,13,64.58705139160156,49.504577345371914,51.616851503878124
20001_0310_1,2024-04-16,14,50.087913513183594,48.23266678017916,52.38392645289667
20001_0310_1,2024-04-16,15,48.769813537597656,47.550278959079336,53.22539717903179
20001_0310_1,2024-04-16,16,44.60555648803711,54.56678287072441,53.89368366915288
20001_0310_1,2024-04-16,17,38.04591751098633,53.53989404707027,51.312660748694924
20001_0310_1,2024-04-16,18,,46.84766239089414,47.366497458712566
20001_0310_1,2024-04-16,19,,40.66258101834009,44.20227668255896
20001_0310_1,2024-04-16,20,,40.39684478961557,43.79593874301388
20001_0310_1,2024-04-16,21,,38.39386363639419,43.17180082752383
20001_0310_1,2024-04-16,22,,38.31369033706616,43.53400626984478
20001_0310_1,2024-04-16,23,,38.23445454027681,43.87748398667303
20001_0310_1,2024-04-16,24,,38.15843657711038,44.196114290534794
20001_0310_1,2024-04-16,25,,38.08765446181218,44.48390448420734
20001_0310_1,2024-04-16,26,,38.023740158370146,44.735133732562254
20001_0310_1,2024-04-16,27,,37.967861654468486,44.94452229926197
20001_0310_1,2024-04-16,28,,37.92070763668653,45.10742596210507
20001_0310_1,2024-04-16,29,,37.882539561409004,45.220053429633126
20001_0310_1,2024-04-16,30,,37.85330050250562,45.279699716482206
20001_0310_1,2024-04-16,31,,37.83275563419865,45.28498169030833
20001_0310_1,2024-04-16,32,,37.82063029846477,45.236054019427954
20001_0310_1,2024-04-16,33,,37.81671170548464,45.13477610455476
20001_0310_1,2024-04-16,34,,37.820890051113686,44.98479582144609
20001_0310_1,2024-04-16,35,,37.833131604319185,44.79151707493837
20001_0310_1,2024-04-16,36,,37.85339506876498,44.561927681529795
20001_0310_1,2024-04-16,37,,37.8815175171177,44.30428227388671
20001_0310_1,2024-04-16,38,,37.91710304736077,44.02765889983043
20001_0310_1,2024-04-16,39,,37.959444479419346,43.741431932556615
20001_0310_1,2024-04-16,40,,38.00749757433517,43.454720827031544
20001_0310_1,2024-04-16,41,,38.059912452222555,43.1758788241375
20001_0310_1,2024-04-16,42,,38.11511286091464,42.91207660232567
20001_0310_1,2024-04-16,43,,38.171404483395165,42.6690163158643
20001_0310_1,2024-04-16,44,,38.2270903099662,42.45078760423216
20001_0310_1,2024-04-16,45,,38.280573804159744,42.2598554590292
20001_0310_1,2024-04-16,46,,38.330437183079624,42.09715473725492
20001_0310_1,2024-04-16,47,,38.37549007915085,41.962259111176756
20001_0310_1,2024-04-16,48,,38.41479093482096,41.85359233430469
20001_0310_1,2024-04-16,49,,38.447648302682474,41.76865453127621
20001_0310_1,2024-04-16,50,,38.473611277409205,41.704243268873284
20001_0310_1,2024-04-16,51,,38.49245777139594,41.656656483411155
20001_0310_1,2024-04-16,52,,38.504186869450315,41.621870773556736
20001_0310_1,2024-04-16,53,,38.509017824813355,41.5956936538314
20001_0310_1,2024-04-16,54,,38.50739417549812,41.57389207488915
20001_0310_1,2024-04-16,55,,38.499987736190064,41.552302010179176
20001_0310_1,2024-04-16,56,,38.48769461638466,41.52692535295803
20001_0310_1,2024-04-16,57,,38.4716146559248,41.49402085370113
20001_0310_1,2024-04-16,58,,38.45300733308649,41.45019535660679
20001_0310_1,2024-04-16,59,,38.43322149925149,41.39250011676621
20001_0310_1,2024-04-16,60,,38.41360279974907,41.31853447439914
20001_0310_1,2024-04-16,61,,38.39539008786077,41.22655572458639
20001_0310_1,2024-04-16,62,,38.379618478014194,41.115589949864166
20001_0310_1,2024-04-16,63,,38.36704951283822,40.98553443722259
20001_0310_1,2024-04-16,64,,38.35814628680848,40.8372388844045
20001_0310_1,2024-04-16,65,,38.35310271712391,40.67255085044099
20001_0310_1,2024-04-16,66,,38.35192296553288,40.49431167233438
20001_0310_1,2024-04-16,67,,38.354532768719515,40.30629282170517
20001_0310_1,2024-04-16,68,,38.360893656138195,40.11306921965872
20001_0310_1,2024-04-16,69,,38.37108772024903,39.919834380328595
20001_0310_1,2024-04-16,70,,38.38534661724503,39.73217076291817
20001_0310_1,2024-04-16,71,,38.40401262401256,39.55579546893437
20001_0310_1,2024-04-16,72,,38.427437835041935,39.39630482978079
20001_0310_1,2024-04-16,73,,38.45584443283512,39.258940725364205
20001_0310_1,2024-04-17,1,33.54561996459961,33.54561996459961,33.54561996459961
20001_0310_1,2024-04-17,2,26.483383178710938,26.483383178710938,26.483383178710938
20001_0310_1,2024-04-17,3,27.60157012939453,27.662220073769387,22.916594307934005
20001_0310_1,2024-04-17,4,25.87647247314453,27.83119273303795,22.677410595303172
20001_0310_1,2024-04-17,5,22.4262752532959,28.51463202882312,21.17888208215459
20001_0310_1,2024-04-17,6,22.4262752532959,27.498182022451484,19.53132137445529
20001_0310_1,2024-04-17,7,23.544464111328125,23.74299934616124,18.120463116206054
20001_0310_1,2024-04-17,8,23.544464111328125,23.571995933792397,18.576683471120177
20001_0310_1,2024-04-17,9,20.18096923828125,24.380082824840322,18.097234047096627
20001_0310_1,2024-04-17,10,21.299156188964844,25.275688917502862,17.60106134509672
20001_0310_1,2024-04-17,11,21.299156188964844,21.298091839351187,16.894498043742786
20001_0310_1,2024-04-17,12,22.417343139648438,21.42905621014875,17.348671185407948
20001_0310_1,2024-04-17,13,23.53553009033203,22.47662420454202,18.191001907859842
20001_0310_1,2024-04-17,14,23.53553009033203,22.34696245789495,19.038165185613842
20001_0310_1,2024-04-17,15,22.97260856628418,24.040998567363093,19.494919703415086
20001_0310_1,2024-04-17,16,22.97260856628418,24.812999350365146,19.872678191263105
20001_0310_1,2024-04-17,17,18.04990577697754,24.009037920418585,18.19806725170146
20001_0310_1,2024-04-17,18,,24.642095567137478,17.19109386368379
20001_0310_1,2024-04-17,19,,17.324933211879284,17.961678444374435
20001_0310_1,2024-04-17,20,,18.11733545522223,20.9566906350156
20001_0310_1,2024-04-17,21,,27.514008433638317,25.811440617232346
20001_0310_1,2024-04-17,22,,27.424837079930956,26.021379430120504
20001_0310_1,2024-04-17,23,,27.3367682953205,26.216583506616722
20001_0310_1,2024-04-17,24,,27.25233158452567,26.39351894518319
20001_0310_1,2024-04-17,25,,27.173759130837638,26.548974264819645
20001_0310_1,2024-04-17,26,,27.10285034454008,26.680311622788686
20001_0310_1,2024-04-17,27,,27.040887668650715,26.785727518270885
20001_0310_1,2024-04-17,28,,26.988621745094697,26.864489587897786
20001_0310_1,2024-04-17,29,,26.94633082158803,26.917111413076647
20001_0310_1,2024-04-17,30,,26.913942400728235,26.945429185884496
20001_0310_1,2024-04-17,31,,26.891189281860832,26.952554114983023
20001_0310_1,2024-04-17,32,,26.8777624620741,26.942691987397414
20001_0310_1,2024-04-17,33,,26.87342354853426,26.920843150229857
20001_0310_1,2024-04-17,34,,26.8780500815281,26.89241713777312
20001_0310_1,2024-04-17,35,,26.891605628412684,26.862810672517536
20001_0310_1,2024-04-17,36,,26.91404714024707,26.837001968330803
20001_0310_1,2024-04-17,37,,26.945198560715006,26.8192075499004
20001_0310_1,2024-04-17,38,,26.984627225070675,26.812632904123138
20001_0310_1,2024-04-17,39,,27.031556503118498,26.819329954717524
20001_0310_1,2024-04-17,40,,27.084836267070273,26.840157432293836
20001_0310_1,2024-04-17,41,,27.142976518854617,26.874828013990566
20001_0310_1,2024-04-17,42,,27.20423408494859,26.922019815381546
20001_0310_1,2024-04-17,43,,27.266731814910166,26.979528817324553
20001_0310_1,2024-04-17,44,,27.32858612751485,27.04444149955605
20001_0310_1,2024-04-17,45,,27.388021595439533,27.113311547201562
20001_0310_1,2024-04-17,46,,27.443458419711188,27.182329546121345
20001_0310_1,2024-04-17,47,,27.493567361830557,27.247479162352537
20001_0310_1,2024-04-17,48,,27.537294536349496,27.304676973507206
20001_0310_1,2024-04-17,49,,27.573863851138576,27.34989580347937
20001_0310_1,2024-04-17,50,,27.60276722622504,27.379273226427895
20001_0310_1,2024-04-17,51,,27.623752213053468,27.3892080460252
20001_0310_1,2024-04-17,52,,27.636813927073753,27.37644819428267
20001_0310_1,2024-04-17,53,,27.642194143059147,27.338173720403482
20001_0310_1,2024-04-17,54,,27.640385866087698,27.27207833262217
20001_0310_1,2024-04-17,55,,27.632137551715594,27.17645219252119
20001_0310_1,2024-04-17,56,,27.61844826474246,27.05026716959376
20001_0310_1,2024-04-17,57,,27.600544250292245,26.89326341216899
20001_0310_1,2024-04-17,58,,27.57982928089558,26.706032906838274
20001_0310_1,2024-04-17,59,,27.557805956208757,26.49009198888256
20001_0310_1,2024-04-17,60,,27.535972369473534,26.247931191722156
20001_0310_1,2024-04-17,61,,27.515706796459806,25.983028370786226
20001_0310_1,2024-04-17,62,,27.4981600351125,25.699810836409185
20001_0310_1,2024-04-17,63,,27.484178085735127,25.403555211070763
20001_0310_1,2024-04-17,64,,27.474274882701252,25.100220188567427
20001_0310_1,2024-04-17,65,,27.468665172834083,24.796216638219445
20001_0310_1,2024-04-17,66,,27.467353029163277,24.49812984680171
20001_0310_1,2024-04-17,67,,27.470255722998388,24.21241772226699
20001_0310_1,2024-04-17,68,,27.47733074577884,23.94511413585533
20001_0310_1,2024-04-17,69,,27.488670098261757,23.701566756469596
20001_0310_1,2024-04-17,70,,27.50453262263991,23.486233650990904
20001_0310_1,2024-04-17,71,,27.525300833962582,23.302553930286397
20001_0310_1,2024-04-17,72,,27.55136895216138,23.1528970591007
20001_0310_1,2024-04-17,73,,27.582987523331305,23.03858547354147
20001_0310_1,2024-04-18,1,46.573333740234375,46.573333740234375,46.573333740234375
20001_0310_1,2024-04-18,2,41.472442626953125,41.472442626953125,41.472442626953125
20001_0310_1,2024-04-18,3,43.690223693847656,42.20703336699219,45.12957182988734
20001_0310_1,2024-04-18,4,39.88176345825195,43.180684003561495,44.27093505640889
20001_0310_1,2024-04-18,5,39.88176345825195,43.6209995496884,43.81837030848626
20001_0310_1,2024-04-18,6,38.34784698486328,39.69444466905266,41.85974555546172
20001_0310_1,2024-04-18,7,39.45673751831055,42.20711085044508,42.47778154154945
20001_0310_1,2024-04-18,8,42.78340530395508,40.17446785316289,41.85705519726809
20001_0310_1,2024-04-18,9,41.25542449951172,39.96182906652487,43.02678405316618
20001_0310_1,2024-04-18,10,41.25542449951172,41.531109349734436,44.587876772815825
20001_0310_1,2024-04-18,11,39.727447509765625,44.01183277944922,45.25503408373358
20001_0310_1,2024-04-18,12,38.199466705322266,44.154013033478876,44.22560076965327
20001_0310_1,2024-04-18,13,39.30835723876953,42.145821300604005,42.74958184493773
20001_0310_1,2024-04-18,14,37.7964973449707,40.38736433564221,41.859382549563435
20001_0310_1,2024-04-18,15,36.284637451171875,40.63018084073883,41.38523789504967
20001_0310_1,2024-04-18,16,35.88166427612305,40.24708243412671,40.0695859505269
20001_0310_1,2024-04-18,17,28.40631866455078,39.55767992444976,35.91666213740863
20001_0310_1,2024-04-18,18,,36.93339030701574,31.4534373365494
20001_0310_1,2024-04-18,19,,26.923132630348203,32.24827517801323
20001_0310_1,2024-04-18,20,,28.20864345859342,39.26756877702383
20001_0310_1,2024-04-18,21,,42.31557846227694,47.41771886753475
20001_0310_1,2024-04-18,22,,42.24035650265121,47.78222461833737
20001_0310_1,2024-04-18,23,,42.16598975271126,48.13351445772311
20001_0310_1,2024-04-18,24,,42.094620467818714,48.464534834774796
20001_0310_1,2024-04-18,25,,42.02814705461972,48.768694412852696
20001_0310_1,2024-04-18,26,,41.968107095148504,49.04002672857648
20001_0310_1,2024-04-18,27,,41.91560322343471,49.27332298765526
20001_0310_1,2024-04-18,28,,41.87128784594495,49.46423578022126
20001_0310_1,2024-04-18,29,,41.83541138858087,49.60935928616361
20001_0310_1,2024-04-18,30,,41.80792418363262,49.706294568483315
20001_0310_1,2024-04-18,31,,41.78860836139233,49.75370881297666
20001_0310_1,2024-04-18,32,,41.77720766065721,49.75139439088478
20001_0310_1,2024-04-18,33,,41.77352313459484,49.70032764280762
20001_0310_1,2024-04-18,34,,41.777451895653805,49.60271937986052
20001_0310_1,2024-04-18,35,,41.78896185406981,49.46204115229433
20001_0310_1,2024-04-18,36,,41.808013089082294,49.28300579367628
20001_0310_1,2024-04-18,37,,41.834450633479904,49.07148006640728
20001_0310_1,2024-04-18,38,,41.867899908848315,48.834313025731106
20001_0310_1,2024-04-18,39,,41.907693366254584,48.579075862488565
20001_0310_1,2024-04-18,40,,41.9528466472674,48.313725149513246
20001_0310_1,2024-04-18,41,,42.00208859832722,48.046217456741665
20001_0310_1,2024-04-18,42,,42.053936243243314,47.78411458077842
20001_0310_1,2024-04-18,43,,42.10679691720665,47.534221791795694
20001_0310_1,2024-04-18,44,,42.15907682951796,47.302295767281684
20001_0310_1,2024-04-18,45,,42.20927792331911,47.092846284458275
20001_0310_1,2024-04-18,46,,42.25607115499079,46.90904011005032
20001_0310_1,2024-04-18,47,,42.29834182092148,46.75270090878138
20001_0310_1,2024-04-18,48,,42.33520922465412,46.62438831000888
20001_0310_1,2024-04-18,49,,42.366027491461466,46.52353371271205
20001_0310_1,2024-04-18,50,,42.39037624033751,46.44860960755051
20001_0310_1,2024-04-18,51,,42.40804931490287,46.397311860335506
20001_0310_1,2024-04-18,52,,42.41904743255917,46.366738992571996
20001_0310_1,2024-04-18,53,,42.423577156109516,46.35355768710054
20001_0310_1,2024-04-18,54,,42.42205475887499,46.3541486309595
20001_0310_1,2024-04-18,55,,42.415110059633726,46.36473088439908
20001_0310_1,2024-04-18,56,,42.403582854799545,46.38146604154882
20001_0310_1,2024-04-18,57,,42.388503850793754,46.40054551748726
20001_0310_1,2024-04-18,58,,42.37105354479898,46.41826544480199
20001_0310_1,2024-04-18,59,,42.35249652260972,46.431094015482564
20001_0310_1,2024-04-18,60,,42.33409474533804,46.435735799835
20001_0310_1,2024-04-18,61,,42.31701040117031,46.429196754372285
20001_0310_1,2024-04-18,62,,42.302214877711805,46.408852432227846
20001_0310_1,2024-04-18,63,,42.2904230988505,46.37252045706116
20001_0310_1,2024-04-18,64,,42.28207002167184,46.31853672005599
20001_0310_1,2024-04-18,65,,42.27733796823003,46.24583309622309
20001_0310_1,2024-04-18,66,,42.27623106980174,46.15401283197821
20001_0310_1,2024-04-18,67,,42.278679702660874,46.04341823160121
20001_0310_1,2024-04-18,68,,42.284647658144024,45.915184014550135
20001_0310_1,2024-04-18,69,,42.29421167562189,45.77126894155239
20001_0310_1,2024-04-18,70,,42.30758862099188,45.61445827692546
20001_0310_1,2024-04-18,71,,42.32509888952297,45.448330622379075
20001_0310_1,2024-04-18,72,,42.34707176762795,45.27718477792551
20001_0310_1,2024-04-18,73,,42.373714319201746,45.10592550845375
20001_0310_1,2024-04-19,1,38.920074462890625,38.920074462890625,38.920074462890625
20001_0310_1,2024-04-19,2,36.325401306152344,36.325401306152344,36.325401306152344
20001_0310_1,2024-04-19,3,36.325401306152344,37.56399509530752,35.9974232146727
20001_0310_1,2024-04-19,4,29.83872413635254,38.99010541864616,33.25667378715645
20001_0310_1,2024-04-19,5,30.950725555419922,38.258439228249266,29.74631289829634
20001_0310_1,2024-04-19,6,29.60504150390625,30.613264545289805,25.71557933663314
20001_0310_1,2024-04-19,7,29.60504150390625,30.63186400588906,25.63027088873519
20001_0310_1,2024-04-19,8,29.60504150390625,30.40035749816215,25.558212959493684
20001_0310_1,2024-04-19,9,32.94104766845703,30.436221732858233,25.639321180460144
20001_0310_1,2024-04-19,10,32.94104766845703,29.77276358739419,26.965696908288862
20001_0310_1,2024-04-19,11,32.94104766845703,30.175917162728872,28.623902418050942
20001_0310_1,2024-04-19,12,32.94104766845703,34.114566259635914,30.700821761759617
20001_0310_1,2024-04-19,13,40.08462905883789,34.71538718727894,29.75917203395259
20001_0310_1,2024-04-19,14,36.779720306396484,33.41287431805686,30.32560623520741
20001_0310_1,2024-04-19,15,31.121299743652344,31.244326128473595,29.743167540910594
20001_0310_1,2024-04-19,16,34.457305908203125,36.122149309933285,30.949502937846148
20001_0310_1,2024-04-19,17,24.407258987426758,33.394896678887534,26.642426051789737
20001_0310_1,2024-04-19,18,,32.553321232009914,24.02229628392652
20001_0310_1,2024-04-19,19,,22.292807684999136,25.241108836615563
20001_0310_1,2024-04-19,20,,23.60822858023753,30.76041676909813
20001_0310_1,2024-04-19,21,,37.432630615388696,38.612308708439926
20001_0310_1,2024-04-19,22,,37.353526368724744,38.98913518606293
20001_0310_1,2024-04-19,23,,37.275349684102785,39.357614456415675
20001_0310_1,2024-04-19,24,,37.20035019711155,39.710517064915834
20001_0310_1,2024-04-19,25,,37.130518486263085,40.04068856521445
20001_0310_1,2024-04-19,26,,37.06746408225271,40.3413010281404
20001_0310_1,2024-04-19,27,,37.01233868699692,40.60612539216848
20001_0310_1,2024-04-19,28,,36.96582114776484,40.82981014677878
20001_0310_1,2024-04-19,29,,36.928168897587696,41.00814971462927
20001_0310_1,2024-04-19,30,,36.89932537656775,41.13832430970119
20001_0310_1,2024-04-19,31,,36.87905863262112,41.21909189951732
20001_0310_1,2024-04-19,32,,36.86709751952678,41.25091244553366
20001_0310_1,2024-04-19,33,,36.86323201123247,41.23598560146376
20001_0310_1,2024-04-19,34,,36.86735375354987,41.17818665967162
20001_0310_1,2024-04-19,35,,36.87942951160516,41.082892782500586
20001_0310_1,2024-04-19,36,,36.89941866302415,40.956702627055556
20001_0310_1,2024-04-19,37,,36.927160673607055,40.80706610837068
20001_0310_1,2024-04-19,38,,36.96226524855531,40.6418544956291
20001_0310_1,2024-04-19,39,,37.00403506185809,40.46891080473387
20001_0310_1,2024-04-19,40,,37.051440282534905,40.295623616238245
20001_0310_1,2024-04-19,41,,37.10314951732201,40.12856290920877
20001_0310_1,2024-04-19,42,,37.1576079594255,39.97320548047723
20001_0310_1,2024-04-19,43,,37.21314419765336,39.83376304277608
20001_0310_1,2024-04-19,44,,37.26808401704324,39.713111773744345
20001_0310_1,2024-04-19,45,,37.3208521822947,39.612810836417026
20001_0310_1,2024-04-19,46,,37.370049691776,39.53319067910819
20001_0310_1,2024-04-19,47,,37.41450182501321,39.47348972499097
20001_0310_1,2024-04-19,48,,37.453279294748064,39.43201933616482
20001_0310_1,2024-04-19,49,,37.48569957226014,39.40634025980328
20001_0310_1,2024-04-19,50,,37.511317483710236,39.393437846294596
20001_0310_1,2024-04-19,51,,37.529913670329535,39.389887285665885
20001_0310_1,2024-04-19,52,,37.541487063707244,39.39200349676021
20001_0310_1,2024-04-19,53,,37.54625390426636,39.39597302394457
20001_0310_1,2024-04-19,54,,37.54465180240056,39.39796744187454
20001_0310_1,2024-04-19,55,,37.53734366774389,39.39423949004964
20001_0310_1,2024-04-19,56,,37.52521376275697,39.381204568121646
20001_0310_1,2024-04-19,57,,37.50934738867066,39.355511347867335
20001_0310_1,2024-04-19,58,,37.49098735530318,39.31410603311168
20001_0310_1,2024-04-19,59,,37.47146462918713,39.254295086769
20001_0310_1,2024-04-19,60,,37.45210697331525,39.17381087371349
20001_0310_1,2024-04-19,61,,37.43413673813859,39.07088348821222
20001_0310_1,2024-04-19,62,,37.41857521462249,38.94431997413581
20001_0310_1,2024-04-19,63,,37.40617374747458,38.79358927633946
20001_0310_1,2024-04-19,64,,37.39738920761146,38.61890784871959
20001_0310_1,2024-04-19,65,,37.39241288652041,38.42131737567926
20001_0310_1,2024-04-19,66,,37.39124886667779,38.20274322342141
20001_0310_1,2024-04-19,67,,37.39382386942706,37.966020812056364
20001_0310_1,2024-04-19,68,,37.40009994916264,37.71487780353787
20001_0310_1,2024-04-19,69,,37.41015813342833,37.45386324628078
20001_0310_1,2024-04-19,70,,37.424227040216536,37.18822049055782
20001_0310_1,2024-04-19,71,,37.442644460415096,36.923708023640145
20001_0310_1,2024-04-19,72,,37.465757905207134,36.66638001951237
20001_0310_1,2024-04-19,73,,37.49378674108629,36.42234471260894
20001_0310_1,2024-04-22,1,47.75752258300781,47.75752258300781,47.75752258300781
20001_0310_1,2024-04-22,2,43.43660354614258,43.43660354614258,43.43660354614258
20001_0310_1,2024-04-22,3,43.43660354614258,44.51895905751893,45.589148303034406
20001_0310_1,2024-04-22,4,38.7034912109375,46.38378345094333,43.209944833130606
20001_0310_1,2024-04-22,5,42.114742279052734,46.090255605644195,41.04896999328193
20001_0310_1,2024-04-22,6,40.756202697753906,36.40488868121686,38.81819339030974
20001_0310_1,2024-04-22,7,40.756202697753906,40.76850387585944,41.90025438137099
20001_0310_1,2024-04-22,8,40.756202697753906,43.253649491900404,43.106913339962176
20001_0310_1,2024-04-22,9,40.756202697753906,43.284926756744134,43.21402968079698
20001_0310_1,2024-04-22,10,43.030372619628906,43.309144364032356,43.35348474224388
20001_0310_1,2024-04-22,11,43.030372619628906,42.849959873932825,44.25495247223611
20001_0310_1,2024-04-22,12,58.949546813964844,43.12978924983619,45.36133934485092
20001_0310_1,2024-04-22,13,62.36079788208008,42.52259437880815,50.05497176766481
20001_0310_1,2024-04-22,14,50.419368743896484,46.20011986510548,52.57443428496502
20001_0310_1,2024-04-22,15,46.43889236450195,63.0839410051788,54.28335274580235
20001_0310_1,2024-04-22,16,46.249149322509766,54.17213109644665,51.3316085109866
20001_0310_1,2024-04-22,17,38.32072448730469,50.855277859267176,48.28219144315379
20001_0310_1,2024-04-22,18,,48.48923913822452,45.55912379670157
20001_0310_1,2024-04-22,19,,39.544546299206566,43.97217752108485
20001_0310_1,2024-04-22,20,,39.95340821359072,45.8470803284865
20001_0310_1,2024-04-22,21,,44.63404747039067,47.83841636066968
20001_0310_1,2024-04-22,22,,44.56077860654728,48.10953197945842
20001_0310_1,2024-04-22,23,,44.4883290900696,48.36988660408932
20001_0310_1,2024-04-22,24,,44.41878709506277,48.615551021140945
20001_0310_1,2024-04-22,25,,44.35400454803038,48.84268457868693
20001_0310_1,2024-04-22,26,,44.29548269428369,49.04757915877342
20001_0310_1,2024-04-22,27,,44.24429933373064,49.226715380684354
20001_0310_1,2024-04-22,28,,44.2010934335146,49.376834007632525
20001_0310_1,2024-04-22,29,,44.1661117818516,49.49502483652904
20001_0310_1,2024-04-22,30,,44.13930809601488,49.57883408255628
20001_0310_1,2024-04-22,31,,44.12047153686548,49.626389188699115
20001_0310_1,2024-04-22,32,,44.10935329998109,49.63653688102937
20001_0310_1,2024-04-22,33,,44.10575999681698,49.60898611154821
20001_0310_1,2024-04-22,34,,44.10959148699385,49.54444260593088
20001_0310_1,2024-04-22,35,,44.120816266547735,49.44471692013855
20001_0310_1,2024-04-22,36,,44.13939479352709,49.31278461600942
20001_0310_1,2024-04-22,37,,44.1651749475897,49.15277710021142
20001_0310_1,2024-04-22,38,,44.19779012567242,48.96988627567258
20001_0310_1,2024-04-22,39,,44.23658784798536,48.7701758575396
20001_0310_1,2024-04-22,40,,44.280606733762404,48.56030582276199
20001_0310_1,2024-04-22,41,,44.328606036809035,48.347191158437866
20001_0310_1,2024-04-22,42,,44.37913900690937,48.13762810171282
20001_0310_1,2024-04-22,43,,44.43065266054823,47.937927082523714
20001_0310_1,2024-04-22,44,,44.48159370161965,47.75358995737044
20001_0310_1,2024-04-22,45,,44.53050290271587,47.58906055108241
20001_0310_1,2024-04-22,46,,44.57608638864722,47.44756464985837
20001_0310_1,2024-04-22,47,,44.61725960172742,47.33104189083213
20001_0310_1,2024-04-22,48,,44.65316623082995,47.24016052416911
20001_0310_1,2024-04-22,49,,44.683178777931786,47.17439858291793
20001_0310_1,2024-04-22,50,,44.70688927587955,47.13217195709733
20001_0310_1,2024-04-22,51,,44.72409816139893,47.11099052628839
20001_0310_1,2024-04-22,52,,44.7348070156268,47.10762662993153
20001_0310_1,2024-04-22,53,,44.739217514060705,47.11828448058431
20001_0310_1,2024-04-22,54,,44.737735192994926,47.1387636361307
20001_0310_1,2024-04-22,55,,44.73097323503463,47.1646136619933
20001_0310_1,2024-04-22,56,,44.719749088037226,47.19128024786971
20001_0310_1,2024-04-22,57,,44.70506601954649,47.214245113550646
20001_0310_1,2024-04-22,58,,44.68807320494604,47.229162983045704
20001_0310_1,2024-04-22,59,,44.67000185648617,47.2319987305915
20001_0310_1,2024-04-22,60,,44.652080844512724,47.21916656050111
20001_0310_1,2024-04-22,61,,44.63544209429267,47.18767089052296
20001_0310_1,2024-04-22,62,,44.62103188372183,47.135245673345324
20001_0310_1,2024-04-22,63,,44.609546805075325,47.060485553843506
20001_0310_1,2024-04-22,64,,44.60141078088686,46.96295902543834
20001_0310_1,2024-04-22,65,,44.59680161250393,46.84329128295536
20001_0310_1,2024-04-22,66,,44.59572345077014,46.70320352840223
20001_0310_1,2024-04-22,67,,44.59810850950588,46.545496761118685
20001_0310_1,2024-04-22,68,,44.603921456373655,46.37397196601849
20001_0310_1,2024-04-22,69,,44.61323687968565,46.19328494757695
20001_0310_1,2024-04-22,70,,44.62626574375069,46.00874199345112
20001_0310_1,2024-04-22,71,,44.64331970882316,45.826050617456694
20001_0310_1,2024-04-22,72,,44.664718916215136,45.65104606745675
20001_0310_1,2024-04-22,73,,44.690664271377614,45.489417565263636
20001_0310_1,2024-04-23,1,31.28986930847168,31.28986930847168,31.28986930847168
20001_0310_1,2024-04-23,2,26.654333114624023,26.654333114624023,26.654333114624023
20001_0310_1,2024-04-23,3,26.654333114624023,27.9819982004595,22.38054554071203
20001_0310_1,2024-04-23,4,23.136293411254883,28.97163269787063,20.848918538112716
20001_0310_1,2024-04-23,5,21.979476928710938,28.517372282132524,19.26878943520342
20001_0310_1,2024-04-23,6,21.979476928710938,23.443860712657546,17.78686390219581
20001_0310_1,2024-04-23,7,20.822662353515625,23.674771357309876,17.67991444137331
20001_0310_1,2024-04-23,8,20.822662353515625,23.600738901516902,17.58748259983429
20001_0310_1,2024-04-23,9,15.038590431213379,23.52131720984753,16.085393432300844
20001_0310_1,2024-04-23,10,19.50857162475586,22.92187844068614,15.100532465618667
20001_0310_1,2024-04-23,11,21.743562698364258,15.706985592364925,15.10127861801914
20001_0310_1,2024-04-23,12,22.86105728149414,15.740554238593043,16.652968966542833
20001_0310_1,2024-04-23,13,20.17152214050293,21.10326810918805,18.062857118794597
20001_0310_1,2024-04-23,14,16.137216567993164,24.26016456400773,17.36475720957746
20001_0310_1,2024-04-23,15,13.447680473327637,22.586697064628417,15.62959417261696
20001_0310_1,2024-04-23,16,14.337903022766113,18.00933642686808,14.355622109472955
20001_0310_1,2024-04-23,17,13.03445816040039,14.820108891224418,14.013129466686095
20001_0310_1,2024-04-23,18,,13.485252286756221,14.007065909726519
20001_0310_1,2024-04-23,19,,11.90920169772863,16.978483872093555
20001_0310_1,2024-04-23,20,,13.081276284053942,20.735337565131125
20001_0310_1,2024-04-23,21,,27.83377055654227,26.99857559423666
20001_0310_1,2024-04-23,22,,27.744587715920545,27.19007562249724
20001_0310_1,2024-04-23,23,,27.656506224897587,27.352310826368033
20001_0310_1,2024-04-23,24,,27.572056067685065,27.48177288425603
20001_0310_1,2024-04-23,25,,27.493469995347567,27.575532220080234
20001_0310_1,2024-04-23,26,,27.422548007436514,27.631515276718098
20001_0310_1,2024-04-23,27,,27.36057309051997,27.648771361813495
20001_0310_1,2024-04-23,28,,27.308296332147822,27.627693251796416
20001_0310_1,2024-04-23,29,,27.265996301446876,27.570153506530453
20001_0310_1,2024-04-23,30,,27.233600700570417,27.47952313600262
20001_0310_1,2024-04-23,31,,27.21084243139166,27.36055205726955
20001_0310_1,2024-04-23,32,,27.19741253125688,27.21911062068776
20001_0310_1,2024-04-23,33,,27.193072615776824,27.061814589667225
20001_0310_1,2024-04-23,34,,27.197700217015385,26.895576557429113
20001_0310_1,2024-04-23,35,,27.211258872973197,26.727139060070968
20001_0310_1,2024-04-23,36,,27.23370546359493,26.562645100720715
20001_0310_1,2024-04-23,37,,27.264863792570257,26.407290785120573
20001_0310_1,2024-04-23,38,,27.30430096491958,26.265086268530734
20001_0310_1,2024-04-23,39,,27.35124002476008,26.138731019821
20001_0310_1,2024-04-23,40,,27.40453043887476,26.029592750333116
20001_0310_1,2024-04-23,41,,27.46268175830938,25.937769209585245
20001_0310_1,2024-04-23,42,,27.523950357822176,25.862208753662813
20001_0310_1,2024-04-23,43,,27.58645867853845,25.800867553855017
20001_0310_1,2024-04-23,44,,27.648322808138044,25.750886167203717
20001_0310_1,2024-04-23,45,,27.7077670839355,25.708773775986476
20001_0310_1,2024-04-23,46,,27.763211569303582,25.67059327540027
20001_0310_1,2024-04-23,47,,27.813326974469973,25.632143889579204
20001_0310_1,2024-04-23,48,,27.85705942961429,25.5891400587325
20001_0310_1,2024-04-23,49,,27.893632902831083,25.53738621633866
20001_0310_1,2024-04-23,50,,27.922539398126258,25.47294710364175
20001_0310_1,2024-04-23,51,,27.94352655808017,25.392312731832476
20001_0310_1,2024-04-23,52,,27.956589585478465,25.292556172625183
20001_0310_1,2024-04-23,53,,27.961970333691152,25.171481111730014
20001_0310_1,2024-04-23,54,,27.960161878410048,25.027754576366526
20001_0310_1,2024-04-23,55,,27.951912743364993,24.861018532288288
20001_0310_1,2024-04-23,56,,27.93822206784931,24.671972349850034
20001_0310_1,2024-04-23,57,,27.92031618744121,24.462416853386912
20001_0310_1,2024-04-23,58,,27.899598988623996,24.23525034952649
20001_0310_1,2024-04-23,59,,27.877573210853615,23.99440828998693
20001_0310_1,2024-04-23,60,,27.855737107988002,23.744741524804684
20001_0310_1,2024-04-23,61,,27.835469124635395,23.49183349938665
20001_0310_1,2024-04-23,62,,27.817920218132574,23.241763693080433
20001_0310_1,2024-04-23,63,,27.803936520790604,23.000831908328177
20001_0310_1,2024-04-23,64,,27.794032058994265,22.77526412462042
20001_0310_1,2024-04-23,65,,27.788421628482716,22.57092402352977
20001_0310_1,2024-04-23,66,,27.787109315454703,22.39305404634798
20001_0310_1,2024-04-23,67,,27.790012383534233,22.246065965976733
20001_0310_1,2024-04-23,68,,27.79708831232316,22.133394366475464
20001_0310_1,2024-04-23,69,,27.80842909862238,22.057418633769306
20001_0310_1,2024-04-23,70,,27.824293590972896,22.019451634714606
20001_0310_1,2024-04-23,71,,27.845064312213644,22.019787362760432
20001_0310_1,2024-04-23,72,,27.871135473705618,22.057795994552798
20001_0310_1,2024-04-23,73,,27.90275757584463,22.132052988552513
20001_0310_1,2024-04-24,1,42.33483123779297,42.33483123779297,42.33483123779297
20001_0310_1,2024-04-24,2,35.75166320800781,35.75166320800781,35.75166320800781
20001_0310_1,2024-04-24,3,45.77833557128906,36.186554547938314,37.62735488791774
20001_0310_1,2024-04-24,4,39.592071533203125,35.55578569453861,39.69179331915226
20001_0310_1,2024-04-24,5,40.706146240234375,37.38570183175987,42.48143317906991
20001_0310_1,2024-04-24,6,38.23910903930664,42.29591373173688,44.51745558576259
20001_0310_1,2024-04-24,7,43.809478759765625,42.17449350701009,43.80831308584909
20001_0310_1,2024-04-24,8,51.608001708984375,39.4309259092969,44.786653997056796
20001_0310_1,2024-04-24,9,51.608001708984375,38.51289832788074,49.27881726927015
20001_0310_1,2024-04-24,10,51.608001708984375,46.09683704872877,53.899070868419635
20001_0310_1,2024-04-24,11,60.520599365234375,54.97048025205558,56.12839469768095
20001_0310_1,2024-04-24,12,56.81525421142578,53.98560093871914,56.726095304936216
20001_0310_1,2024-04-24,13,77.86163330078125,54.80341774025297,57.37799160748936
20001_0310_1,2024-04-24,14,58.29370880126953,59.82212484027852,58.291680423156656
20001_0310_1,2024-04-24,15,51.006996154785156,59.80354973154039,57.8466987725614
20001_0310_1,2024-04-24,16,49.792545318603516,60.94117018256054,57.37701514313543
20001_0310_1,2024-04-24,17,41.291378021240234,55.958671583669144,54.970403877827216
20001_0310_1,2024-04-24,18,,53.64963797309356,52.84448250345163
20001_0310_1,2024-04-24,19,,45.16860874911334,47.67934599367916
20001_0310_1,2024-04-24,20,,44.31132537639111,45.00664458669451
20001_0310_1,2024-04-24,21,,36.28528216721671,40.68650462191749
20001_0310_1,2024-04-24,22,,36.20344055375967,41.11210546409082
20001_0310_1,2024-04-24,23,,36.12256751987758,41.52406316860528
20001_0310_1,2024-04-24,24,,36.044989542218396,41.91394865611833
20001_0310_1,2024-04-24,25,,35.97276424653736,42.273430715888736
20001_0310_1,2024-04-24,26,,35.90755451874978,42.59456176225627
20001_0310_1,2024-04-24,27,,35.850549436259186,42.87008659277948
20001_0310_1,2024-04-24,28,,35.80244905163612,43.093761534723555
20001_0310_1,2024-04-24,29,,35.76351783545247,43.26066921078264
20001_0310_1,2024-04-24,30,,35.73369590206773,43.3675113669287
20001_0310_1,2024-04-24,31,,35.71274237562439,43.41285848579193
20001_0310_1,2024-04-24,32,,35.70037620249677,43.39733075475765
20001_0310_1,2024-04-24,33,,35.69637983227099,43.323682000867294
20001_0310_1,2024-04-24,34,,35.70064111173484,43.19675905618796
20001_0310_1,2024-04-24,35,,35.7131258175104,43.02331638840923
20001_0310_1,2024-04-24,36,,35.73379235106024,42.81168105867286
20001_0310_1,2024-04-24,37,,35.76247539152572,42.57128469033072
20001_0310_1,2024-04-24,38,,35.79877228130911,42.3121024656207
20001_0310_1,2024-04-24,39,,35.84196304198246,42.04405754737669
20001_0310_1,2024-04-24,40,,35.890983891166705,41.77645672732533
20001_0310_1,2024-04-24,41,,35.94445905972812,41.51751686309918
20001_0310_1,2024-04-24,42,,36.000781425697426,41.27402371057543
20001_0310_1,2024-04-24,43,,36.05822283102225,41.05114066212103
20001_0310_1,2024-04-24,44,,36.11505170477757,40.85236138312505
20001_0310_1,2024-04-24,45,,36.169638344951345,40.679582665393895
20001_0310_1,2024-04-24,46,,36.22053490667415,40.53326436873579
20001_0310_1,2024-04-24,47,,36.26652523293261,40.412641666136714
20001_0310_1,2024-04-24,48,,36.30664688713069,40.31595875470431
20001_0310_1,2024-04-24,49,,36.34019267245135,40.24070007591306
20001_0310_1,2024-04-24,50,,36.36670103107537,40.18380267463944
20001_0310_1,2024-04-24,51,,36.38594420332794,40.14184021216845
20001_0310_1,2024-04-24,52,,36.39792050754921,40.11117472190909
20001_0310_1,2024-04-24,53,,36.40285335619821,40.0880763971882
20001_0310_1,2024-04-24,54,,36.40119545642828,40.06881474170234
20001_0310_1,2024-04-24,55,,36.39363284257697,40.04972656647482
20001_0310_1,2024-04-24,56,,36.38108073171344,40.02726778368066
20001_0310_1,2024-04-24,57,,36.364662423690255,39.99805680796526
20001_0310_1,2024-04-24,58,,36.345664173339266,39.95891759443306
20001_0310_1,2024-04-24,59,,36.32546335690188,39.906929806632355
20001_0310_1,2024-04-24,60,,36.30543389604647,39.83949218537282
20001_0310_1,2024-04-24,61,,36.28684049716476,39.75440279516579
20001_0310_1,2024-04-24,62,,36.270739719503524,39.649956490403845
20001_0310_1,2024-04-24,63,,36.25790875685876,39.525055876159676
20001_0310_1,2024-04-24,64,,36.248820120893576,39.37932766491212
20001_0310_1,2024-04-24,65,,36.243671583419676,39.2132322972932
20001_0310_1,2024-04-24,66,,36.24246728534989,39.02815181140506
20001_0310_1,2024-04-24,67,,36.24513139278665,38.82644004881947
20001_0310_1,2024-04-24,68,,36.25162468870981,38.61142103306676
20001_0310_1,2024-04-24,69,,36.262031108143674,38.38732597938409
20001_0310_1,2024-04-24,70,,36.27658735715691,38.15916649343441
20001_0310_1,2024-04-24,71,,36.29564318751733,37.932549999895215
20001_0310_1,2024-04-24,72,,36.31955852471267,37.713451686306826
20001_0310_1,2024-04-24,73,,36.34856083714064,37.507963486851075
20001_0310_1,2024-04-25,1,57.54778289794922,57.54778289794922,57.54778289794922
20001_0310_1,2024-04-25,2,49.55503463745117,49.55503463745117,49.55503463745117
20001_0310_1,2024-04-25,3,49.55503463745117,52.39573811130643,54.015435150835934
20001_0310_1,2024-04-25,4,41.562286376953125,53.98363394530804,52.44655167547147
20001_0310_1,2024-04-25,5,45.98904037475586,53.11624872403174,50.01966358332838
20001_0310_1,2024-04-25,6,45.98904037475586,42.95925829126014,47.272734179965695
20001_0310_1,2024-04-25,7,45.98904037475586,43.53611403331397,48.87637223882478
20001_0310_1,2024-04-25,8,53.73585891723633,48.78558404553614,50.826080423523294
20001_0310_1,2024-04-25,9,53.73585891723633,47.23752904881944,52.350348276988896
20001_0310_1,2024-04-25,10,54.84254455566406,48.18896546576636,54.22983321840387
20001_0310_1,2024-04-25,11,54.84254455566406,56.656540987601566,56.366025938264855
20001_0310_1,2024-04-25,12,58.1626091003418,56.7821738171089,56.57339481941739
20001_0310_1,2024-04-25,13,66.59220886230469,57.6174708340551,57.02431158124395
20001_0310_1,2024-04-25,14,59.19307327270508,57.33281563354791,57.53509588803011
20001_0310_1,2024-04-25,15,54.75359344482422,60.20949071091175,57.7867270346109
20001_0310_1,2024-04-25,16,52.527488708496094,62.96353099950694,57.377315914609795
20001_0310_1,2024-04-25,17,48.02513122558594,58.498908925419016,55.81246470495655
20001_0310_1,2024-04-25,18,,53.43828358878338,54.46809224617709
20001_0310_1,2024-04-25,19,,50.49625481152886,54.23899237349488
20001_0310_1,2024-04-25,20,,50.614076267808485,54.753122566727285
20001_0310_1,2024-04-25,21,,52.289759752933406,55.34494426791164
20001_0310_1,2024-04-25,22,,52.225823183511785,55.52617455443861
20001_0310_1,2024-04-25,23,,52.16254907676952,55.6987481239488
20001_0310_1,2024-04-25,24,,52.1017655621815,55.85993673084056
20001_0310_1,2024-04-25,25,,52.04509949576484,56.00742362357916
20001_0310_1,2024-04-25,26,,51.99387469861363,56.13930493128648
20001_0310_1,2024-04-25,27,,51.949046286290724,56.25406959030981
20001_0310_1,2024-04-25,28,,51.91118530102049,56.35056433689549
20001_0310_1,2024-04-25,29,,51.880518113863715,56.42795131790447
20001_0310_1,2024-04-25,30,,51.857012395717916,56.48566609249204
20001_0310_1,2024-04-25,31,,51.84048944521189,56.523383239811466
20001_0310_1,2024-04-25,32,,51.830735236895535,56.540995517505166
20001_0310_1,2024-04-25,33,,51.82758252466956,56.53861060971667
20001_0310_1,2024-04-25,34,,51.83094421443052,56.516567039304825
20001_0310_1,2024-04-25,35,,51.840791863455614,56.47546789603092
20001_0310_1,2024-04-25,36,,51.857088436808766,56.41622781947408
20001_0310_1,2024-04-25,37,,51.87969666411847,56.34012547021693
20001_0310_1,2024-04-25,38,,51.908289905089305,56.24885099231278
20001_0310_1,2024-04-25,39,,51.94229008195927,56.1445363298882
20001_0310_1,2024-04-25,40,,51.980848340744345,56.02975636224541
20001_0310_1,2024-04-25,41,,52.022871980445075,55.907491144647445
20001_0310_1,2024-04-25,42,,52.06708976076847,55.7810441460949
20001_0310_1,2024-04-25,43,,52.11214007476604,55.65391771881771
20001_0310_1,2024-04-25,44,,52.15666405811995,55.52965397542032
20001_0310_1,2024-04-25,45,,52.199388089282174,55.411655296735915
20001_0310_1,2024-04-25,46,,52.23918563506294,55.30300244448156
20001_0310_1,2024-04-25,47,,52.27511490609207,55.20628885739313
20001_0310_1,2024-04-25,48,,52.306434500152406,55.12348714798142
20001_0310_1,2024-04-25,49,,52.33260302400919,55.05585887241785
20001_0310_1,2024-04-25,50,,52.35327023804785,55.003912594384644
20001_0310_1,2024-04-25,51,,52.36826676776579,54.967409436004914
20001_0310_1,2024-04-25,52,,52.37759738635034,54.94541071264296
20001_0310_1,2024-04-25,53,,52.381439912337925,54.93635937413991
20001_0310_1,2024-04-25,54,,52.38014850276392,54.93818580985828
20001_0310_1,2024-04-25,55,,52.37425714936828,54.948428757757135
20001_0310_1,2024-04-25,56,,52.364477090182646,54.964363084247054
20001_0310_1,2024-04-25,57,,52.35168120174167,54.9831275991499
20001_0310_1,2024-04-25,58,,52.336869708330894,55.001847502754316
20001_0310_1,2024-04-25,59,,52.32111492801679,55.017747360020664
20001_0310_1,2024-04-25,60,,52.30548796068534,55.028251628637115
20001_0310_1,2024-04-25,61,,52.290976221708505,55.03107077901676
20001_0310_1,2024-04-25,62,,52.27840589111245,55.024271994248885
20001_0310_1,2024-04-25,63,,52.26838572416882,55.00633434760809
20001_0310_1,2024-04-25,64,,52.26128664372401,54.976189184685026
20001_0310_1,2024-04-25,65,,52.25726462434357,54.93324709233727
20001_0310_1,2024-04-25,66,,52.25632377595869,54.87741319961687
20001_0310_1,2024-04-25,67,,52.25840506098008,54.80909252872482
20001_0310_1,2024-04-25,68,,52.263477401957815,54.729186661785505
20001_0310_1,2024-04-25,69,,52.271605277036954,54.63908216900968
20001_0310_1,2024-04-25,70,,52.28297173847754,54.540630212012076
20001_0310_1,2024-04-25,71,,52.29784714981554,54.43611572855298
20001_0310_1,2024-04-25,72,,52.316508586104874,54.328213892687245
20001_0310_1,2024-04-25,73,,52.339128355337095,54.21993137225015
20001_0310_1,2024-04-29,1,39.02973175048828,39.02973175048828,39.02973175048828
20001_0310_1,2024-04-29,2,36.027442932128906,36.027442932128906,36.027442932128906
20001_0310_1,2024-04-29,3,36.027442932128906,37.82604841813638,35.621942732930265
20001_0310_1,2024-04-29,4,31.52401351928711,38.82096378627122,33.70119347767569
20001_0310_1,2024-04-29,5,31.52401351928711,38.329633207655064,31.36118425082498
20001_0310_1,2024-04-29,6,31.52401351928711,33.0244228578856,28.999177114814174
20001_0310_1,2024-04-29,7,36.115745544433594,33.06957827563512,29.265868400376114
20001_0310_1,2024-04-29,8,41.85541534423828,32.156568085667764,31.505714356912886
20001_0310_1,2024-04-29,9,41.85541534423828,31.548582256301636,36.412497801547126
20001_0310_1,2024-04-29,10,44.15127944946289,37.67847818844095,41.82003252136828
20001_0310_1,2024-04-29,11,44.15127944946289,44.054166896694895,45.56521787068895
20001_0310_1,2024-04-29,12,42.727046966552734,44.63142491201483,46.201987203688645
20001_0310_1,2024-04-29,13,48.19041061401367,47.450202793397466,46.44904894118292
20001_0310_1,2024-04-29,14,42.52095031738281,45.34274417294115,45.842993325972145
20001_0310_1,2024-04-29,15,42.52095031738281,43.776151373564296,45.91930921093898
20001_0310_1,2024-04-29,16,40.564720153808594,46.06257939096155,45.464112842714655
20001_0310_1,2024-04-29,17,36.368370056152344,45.90692445117397,43.40871799834377
20001_0310_1,2024-04-29,18,,40.5656034172641,40.77184076424784
20001_0310_1,2024-04-29,19,,38.295277226549445,40.0015283987198
20001_0310_1,2024-04-29,20,,38.17985304394496,40.17094793106263
20001_0310_1,2024-04-29,21,,37.692784089093436,40.30590691660386
20001_0310_1,2024-04-29,22,,37.61253653973723,40.600901058361906
20001_0310_1,2024-04-29,23,,37.53323049785283,40.872134213926955
20001_0310_1,2024-04-29,24,,37.457148052413096,41.115043132560295
20001_0310_1,2024-04-29,25,,37.38630844099664,41.32523044632722
20001_0310_1,2024-04-29,26,,37.3223443154437,41.498581781667966
20001_0310_1,2024-04-29,27,,37.26642387349493,41.631410481648544
20001_0310_1,2024-04-29,28,,37.219235635674025,41.7206312627071
20001_0310_1,2024-04-29,29,,37.18104064261467,41.76395934515139
20001_0310_1,2024-04-29,30,,37.151781434214065,41.760124670132384
20001_0310_1,2024-04-29,31,,37.13122265171651,41.709082425986544
20001_0310_1,2024-04-29,32,,37.11908919828256,41.6121927988899
20001_0310_1,2024-04-29,33,,37.11516799682157,41.47233704034836
20001_0310_1,2024-04-29,34,,37.11934912409841,41.293936439520046
20001_0310_1,2024-04-29,35,,37.13159887466051,41.08284792252584
20001_0310_1,2024-04-29,36,,37.15187606498423,40.84612533845233
20001_0310_1,2024-04-29,37,,37.180017887116215,40.591656864701186
20001_0310_1,2024-04-29,38,,37.21562847439747,40.327711487671486
20001_0310_1,2024-04-29,39,,37.25800051165693,40.0624449772187
20001_0310_1,2024-04-29,40,,37.30608938554867,39.80342299495982
20001_0310_1,2024-04-29,41,,37.358544562591746,39.55721398462081
20001_0310_1,2024-04-29,42,,37.413788854167734,39.32908930891677
20001_0310_1,2024-04-29,43,,37.470126757982925,39.122847710063155
20001_0310_1,2024-04-29,44,,37.52585989649044,38.94076134165137
20001_0310_1,2024-04-29,45,,37.57939026997018,38.78362575108632
20001_0310_1,2024-04-29,46,,37.62929863077777,38.650888219973396
20001_0310_1,2024-04-29,47,,37.674393232557875,38.5408273854099
20001_0310_1,2024-04-29,48,,37.71373129699655,38.45076021986041
20001_0310_1,2024-04-29,49,,37.746620367256966,38.37725800458004
20001_0310_1,2024-04-29,50,,37.77260877616627,38.316359013950404
20001_0310_1,2024-04-29,51,,37.79147394556139,38.26377102989561
20001_0310_1,2024-04-29,52,,37.80321475674862,38.21506096399597
20001_0310_1,2024-04-29,53,,37.80805055670406,38.165831660709216
20001_0310_1,2024-04-29,54,,37.80642527783982,38.11188748673763
20001_0310_1,2024-04-29,55,,37.79901142208415,38.04939072660305
20001_0310_1,2024-04-29,56,,37.78670605371296,37.97501021711621
20001_0310_1,2024-04-29,57,,37.770610186677885,37.886062144993446
20001_0310_1,2024-04-29,58,,37.75198461975843,37.78064061422975
20001_0310_1,2024-04-29,59,,37.7321795773925,37.65773270146986
20001_0310_1,2024-04-29,60,,37.71254202570191,37.51730971261058
20001_0310_1,2024-04-29,61,,37.69431198535762,37.36038393440013
20001_0310_1,2024-04-29,62,,37.678525503744225,37.18901921781445
20001_0310_1,2024-04-29,63,,37.665944775719545,37.006285080458845
20001_0310_1,2024-04-29,64,,37.65703326518607,36.81614817121733
20001_0310_1,2024-04-29,65,,37.6519850199711,36.62330172845638
20001_0310_1,2024-04-29,66,,37.65080417654727,36.43294206098709
20001_0310_1,2024-04-29,67,,37.65341639597646,36.25050933468139
20001_0310_1,2024-04-29,68,,37.65978318674064,36.08141602466745
20001_0310_1,2024-04-29,69,,37.6699867537448,35.930788641903945
20001_0310_1,2024-04-29,70,,37.68425902991566,35.80324608814445
20001_0310_1,2024-04-29,71,,37.702942704702544,35.70273178898067
20001_0310_1,2024-04-29,72,,37.72639033541575,35.63240817386254
20001_0310_1,2024-04-29,73,,37.75482448996188,35.594613137475385
20001_0310_1,2024-04-30,1,31.910316467285156,31.910316467285156,31.910316467285156
20001_0310_1,2024-04-30,2,27.74810218811035,27.74810218811035,27.74810218811035
20001_0310_1,2024-04-30,3,30.02741050720215,29.125372520093677,23.933755212497353
20001_0310_1,2024-04-30,4,33.22114562988281,28.984705299913934,24.464490160965468
20001_0310_1,2024-04-30,5,40.95416259765625,28.492210913816912,26.45042182354351
20001_0310_1,2024-04-30,6,42.09381866455078,28.10734312291155,32.94293101437984
20001_0310_1,2024-04-30,7,50.07139587402344,32.628772040855964,40.69982281547544
20001_0310_1,2024-04-30,8,53.490360260009766,41.946865745171586,48.952339418521944
20001_0310_1,2024-04-30,9,53.490360260009766,43.59202891242439,52.587894344026104
20001_0310_1,2024-04-30,10,53.490360260009766,53.219681879118525,55.628067722161845
20001_0310_1,2024-04-30,11,54.63001251220703,56.933411530870664,56.36898177180793
20001_0310_1,2024-04-30,12,63.74724578857422,56.7288728922268,56.49926818182326
20001_0310_1,2024-04-30,13,73.3423843383789,56.551852071991746,56.83125179587648
20001_0310_1,2024-04-30,14,57.90188217163086,57.61184816557457,57.39035851011211
20001_0310_1,2024-04-30,15,55.1814079284668,60.0996696484607,57.57097920538955
20001_0310_1,2024-04-30,16,51.044273376464844,62.18869519181534,57.02886796717574
20001_0310_1,2024-04-30,17,45.93984603881836,58.27424932567853,55.37776020014047
20001_0310_1,2024-04-30,18,,52.22203374684895,53.66079766973
20001_0310_1,2024-04-30,19,,52.57909344211376,48.8049724942983
20001_0310_1,2024-04-30,20,,50.4792896874396,40.66004502052053
20001_0310_1,2024-04-30,21,,28.978624074127517,28.72847181651006
20001_0310_1,2024-04-30,22,,28.890323601043054,28.9513268072233
20001_0310_1,2024-04-30,23,,28.803108006207452,29.144884193067433
20001_0310_1,2024-04-30,24,,28.719482871473282,29.304961560612142
20001_0310_1,2024-04-30,25,,28.64166000462571,29.427898632656518
20001_0310_1,2024-04-30,26,,28.571423059809696,29.510851339415208
20001_0310_1,2024-04-30,27,,28.510043878952708,29.55208714489578
20001_0310_1,2024-04-30,28,,28.45826754707021,29.551247549653503
20001_0310_1,2024-04-30,29,,28.41637104638632,29.509538700227413
20001_0310_1,2024-04-30,30,,28.38428364966804,29.42981185217797
20001_0310_1,2024-04-30,31,,28.361741462159994,29.31650424933332
20001_0310_1,2024-04-30,32,,28.348438905873007,29.17542825382639
20001_0310_1,2024-04-30,33,,28.344140115285374,29.013419968617285
20001_0310_1,2024-04-30,34,,28.348723865070486,28.837882976109885
20001_0310_1,2024-04-30,35,,28.36215395299917,28.65628157543264
20001_0310_1,2024-04-30,36,,28.384387417175056,28.47564550823898
20001_0310_1,2024-04-30,37,,28.415249324221246,28.302142551118703
20001_0310_1,2024-04-30,38,,28.45431034771263,28.140758823723466
20001_0310_1,2024-04-30,39,,28.50080029502272,27.995104764027317
20001_0310_1,2024-04-30,40,,28.55357896283398,27.86734378854993
20001_0310_1,2024-04-30,41,,28.611169588342285,27.758225401688232
20001_0310_1,2024-04-30,42,,28.67184486747195,27.667196832310104
20001_0310_1,2024-04-30,43,,28.733745135538907,27.592566433795394
20001_0310_1,2024-04-30,44,,28.79500475731797,27.53169585398028
20001_0310_1,2024-04-30,45,,28.85386561113434,27.481203846077737
20001_0310_1,2024-04-30,46,,28.908763661751816,27.437170568826524
20001_0310_1,2024-04-30,47,,28.958383262437156,27.395336163069604
20001_0310_1,2024-04-30,48,,29.001681590115407,27.351290880419587
20001_0310_1,2024-04-30,49,,29.037890946799568,27.300656140451743
20001_0310_1,2024-04-30,50,,29.066508974391617,27.239256876158706
20001_0310_1,2024-04-30,51,,29.087286318574947,27.16328568030916
20001_0310_1,2024-04-30,52,,29.100218589765067,27.069458794705298
20001_0310_1,2024-04-30,53,,29.105545442742983,26.955162997179777
20001_0310_1,2024-04-30,54,,29.103755103844584,26.81859098069215
20001_0310_1,2024-04-30,55,,29.095588575336865,26.658860936292506
20001_0310_1,2024-04-30,56,,29.082034889176434,26.47611389529662
20001_0310_1,2024-04-30,57,,29.064307971271887,26.27158028185122
20001_0310_1,2024-04-30,58,,29.043797544338645,26.04760561510413
20001_0310_1,2024-04-30,59,,29.021991259726388,25.807625083685327
20001_0310_1,2024-04-30,60,,29.000372415174997,25.556078495138205
20001_0310_1,2024-04-30,61,,28.980305781419375,25.298261311209558
20001_0310_1,2024-04-30,62,,28.96293097396506,25.04011398948698
20001_0310_1,2024-04-30,63,,28.949085847844714,24.787959798752382
20001_0310_1,2024-04-30,64,,28.93927944937344,24.548209129046015
20001_0310_1,2024-04-30,65,,28.933724536137042,24.32705425206823
20001_0310_1,2024-04-30,66,,28.932425205677234,24.130180956828603
20001_0310_1,2024-04-30,67,,28.93529955237094,23.962521768057762
20001_0310_1,2024-04-30,68,,28.94230545046637,23.82806991746763
20001_0310_1,2024-04-30,69,,28.953533921832566,23.729765187541727
20001_0310_1,2024-04-30,70,,28.969241143453157,23.66945395164471
20001_0310_1,2024-04-30,71,,28.98980568365992,23.647917843005946
20001_0310_1,2024-04-30,72,,29.015617610501067,23.664959605257074
20001_0310_1,2024-04-30,73,,29.04692462668259,23.71953122919472
20001_0310_1,2024-05-27,1,50.58737564086914,50.58737564086914,50.58737564086914
20001_0310_1,2024-05-27,2,49.35353469848633,49.35353469848633,49.35353469848633
20001_0310_1,2024-05-27,3,57.22268295288086,52.33685037551073,52.51186342118364
20001_0310_1,2024-05-27,4,50.883018493652344,52.29067563805252,52.43784889215202
20001_0310_1,2024-05-27,5,49.641971588134766,52.39522964297067,52.39001933870188
20001_0310_1,2024-05-27,6,48.16714859008789,53.59268887458441,51.682317570891996
20001_0310_1,2024-05-27,7,48.02375793457031,52.88338698094406,50.72517921215325
20001_0310_1,2024-05-27,8,48.02375793457031,48.56474348510184,49.86261578916823
20001_0310_1,2024-05-27,9,52.34663772583008,50.11744472780001,50.27396103039145
20001_0310_1,2024-05-27,10,52.34663772583008,50.15147559979784,51.40094332147832
20001_0310_1,2024-05-27,11,52.34663772583008,49.33677351782171,52.396350907631806
20001_0310_1,2024-05-27,12,52.34663772583008,55.625335073162844,53.88014743703431
20001_0310_1,2024-05-27,13,51.03797149658203,55.866321960861896,53.74666777053217
20001_0310_1,2024-05-27,14,51.03797149658203,55.70909601507369,53.573131189257694
20001_0310_1,2024-05-27,15,51.03797149658203,54.26462732698593,53.361293795694316
20001_0310_1,2024-05-27,16,48.42063903808594,54.732278280903024,53.096325560670635
20001_0310_1,2024-05-27,17,40.56864547729492,55.88762928066295,51.2786260375874
20001_0310_1,2024-05-27,18,,52.08256218451318,48.35920537140794
20001_0310_1,2024-05-27,19,,41.02767029873457,47.69541930848216
20001_0310_1,2024-05-27,20,,42.02924301952778,50.57611127019389
20001_0310_1,2024-05-27,21,,52.22988568387367,53.332565603150684
20001_0310_1,2024-05-27,22,,52.16535675533467,53.51998348567706
20001_0310_1,2024-05-27,23,,52.10149839561774,53.70500625672842
20001_0310_1,2024-05-27,24,,52.04015544929164,53.884831403668585
20001_0310_1,2024-05-27,25,,51.982969439692866,54.05680739247417
20001_0310_1,2024-05-27,26,,51.93127593599735,54.218459772104296
20001_0310_1,2024-05-27,27,,51.88603835568283,54.36751444656802
20001_0310_1,2024-05-27,28,,51.84783252706578,54.5019188536497
20001_0310_1,2024-05-27,29,,51.81688650560088,54.619862212021346
20001_0310_1,2024-05-27,30,,51.793167360633646,54.71979648797378
20001_0310_1,2024-05-27,31,,51.77649453715568,54.80046011917011
20001_0310_1,2024-05-27,32,,51.76665191105579,54.86090659905462
20001_0310_1,2024-05-27,33,,51.76347063012378,54.900539550869226
20001_0310_1,2024-05-27,34,,51.76686278242798,54.919154736892835
20001_0310_1,2024-05-27,35,,51.776799697388796,54.91698750902603
20001_0310_1,2024-05-27,36,,51.79324409175176,54.8947616499391
20001_0310_1,2024-05-27,37,,51.81605759298295,54.85373275121647
20001_0310_1,2024-05-27,38,,51.8449107868302,54.795716829828635
20001_0310_1,2024-05-27,39,,51.87922056600548,54.72309355299607
20001_0310_1,2024-05-27,40,,51.91813058404267,54.63877395688567
20001_0310_1,2024-05-27,41,,51.96053839068563,54.54612536406617
20001_0310_1,2024-05-27,42,,52.005161296309836,54.4488512576047
20001_0310_1,2024-05-27,43,,52.050625319868075,54.35083042127087
20001_0310_1,2024-05-27,44,,52.09555913533843,54.25592639431488
20001_0310_1,2024-05-27,45,,52.13867733095362,54.16778366481254
20001_0310_1,2024-05-27,46,,52.1788428412131,54.08962973193842
20001_0310_1,2024-05-27,47,,52.215104977822506,54.02410158066338
20001_0310_1,2024-05-27,48,,52.246715250743016,53.97311148477288
20001_0310_1,2024-05-27,49,,52.27312701922,53.93776138764715
20001_0310_1,2024-05-27,50,,52.29398658269008,53.91830878094032
20001_0310_1,2024-05-27,51,,52.30912281864364,53.9141813138622
20001_0310_1,2024-05-27,52,,52.318540417306664,53.92403321635447
20001_0310_1,2024-05-27,53,,52.322418776059685,53.945834361180786
20001_0310_1,2024-05-27,54,,52.32111532285622,53.97698229162818
20001_0310_1,2024-05-27,55,,52.315169037592035,54.01442836183105
20001_0310_1,2024-05-27,56,,52.30529782614365,54.05481072268046
20001_0310_1,2024-05-27,57,,52.29238274967332,54.094588730382355
20001_0310_1,2024-05-27,58,,52.27743339603533,54.13017508318674
20001_0310_1,2024-05-27,59,,52.26153209583458,54.158063386227674
20001_0310_1,2024-05-27,60,,52.24575991927253,54.17494981601701
20001_0310_1,2024-05-27,61,,52.23111344251259,54.17784809664105
20001_0310_1,2024-05-27,62,,52.218426483850166,54.16419713167123
20001_0310_1,2024-05-27,63,,52.208313405255005,54.13196038040486
20001_0310_1,2024-05-27,64,,52.201148528784294,54.079715440300774
20001_0310_1,2024-05-27,65,,52.197089243347754,54.00673133602838
20001_0310_1,2024-05-27,66,,52.196139678672424,53.91302982220457
20001_0310_1,2024-05-27,67,,52.198240245901516,53.799425794754065
20001_0310_1,2024-05-27,68,,52.20335958885717,53.66754101351046
20001_0310_1,2024-05-27,69,,52.211562805916245,53.519785191066994
20001_0310_1,2024-05-27,70,,52.22303468431177,53.35929950692169
20001_0310_1,2024-05-27,71,,52.238048152423275,53.189859998220754
20001_0310_1,2024-05-27,72,,52.256882938163876,53.01574197373456
20001_0310_1,2024-05-27,73,,52.27971305866183,52.84155110912869
20001_0310_1,2024-05-28,1,38.988765716552734,38.988765716552734,38.988765716552734
20001_0310_1,2024-05-28,2,34.9554443359375,34.9554443359375,34.9554443359375
20001_0310_1,2024-05-28,3,40.5252685546875,36.899331638060296,36.4046579506477
20001_0310_1,2024-05-28,4,35.296199798583984,36.86984490248678,36.544544159989904
20001_0310_1,2024-05-28,5,36.41016387939453,36.95481668771749,36.77274980283411
20001_0310_1,2024-05-28,6,38.403533935546875,37.45420392627283,36.978148755404604
20001_0310_1,2024-05-28,7,38.403533935546875,36.768389185380876,38.351064090277575
20001_0310_1,2024-05-28,8,38.14594268798828,37.21503406681868,39.61407140263221
20001_0310_1,2024-05-28,9,36.43428421020508,41.419379140782816,40.56062409258408
20001_0310_1,2024-05-28,10,34.97691345214844,39.68166997368248,38.72934356912143
20001_0310_1,2024-05-28,11,34.97691345214844,37.62299177266659,37.620221894601805
20001_0310_1,2024-05-28,12,34.97691345214844,37.22187951779532,37.66418786671886
20001_0310_1,2024-05-28,13,34.97691345214844,37.216620398303554,37.96524771610157
20001_0310_1,2024-05-28,14,27.69005584716797,38.734429250760826,35.12973583155049
20001_0310_1,2024-05-28,15,34.03043746948242,38.16239538721972,30.6548751867625
20001_0310_1,2024-05-28,16,33.908138275146484,29.21915748168572,26.32144243991901
20001_0310_1,2024-05-28,17,15.412790298461914,30.03275218180306,21.67153544534127
20001_0310_1,2024-05-28,18,,29.810977908564446,18.101480956936335
20001_0310_1,2024-05-28,19,,12.980728271322967,20.710115529183973
20001_0310_1,2024-05-28,20,,14.814216084020554,28.544671516381726
20001_0310_1,2024-05-28,21,,36.76365275869734,40.87523408729507
20001_0310_1,2024-05-28,22,,36.681959568346095,41.23606129575603
20001_0310_1,2024-05-28,23,,36.60123094059237,41.57588267169835
20001_0310_1,2024-05-28,24,,36.52378938800736,41.888469414101394
20001_0310_1,2024-05-28,25,,36.451689269993196,42.16772781312631
20001_0310_1,2024-05-28,26,,36.3865910502281,42.407876570124735
20001_0310_1,2024-05-28,27,,36.32968227781092,42.60365467774307
20001_0310_1,2024-05-28,28,,36.28166231503082,42.75055818326125
20001_0310_1,2024-05-28,29,,36.24279562693257,42.84509920050094
20001_0310_1,2024-05-28,30,,36.213022783288594,42.88507339616428
20001_0310_1,2024-05-28,31,,36.19210357244184,42.869813472327685
20001_0310_1,2024-05-28,32,,36.17975758339041,42.80039750184228
20001_0310_1,2024-05-28,33,,36.17576772526037,42.679775002981025
20001_0310_1,2024-05-28,34,,36.180022060772146,42.5127736370998
20001_0310_1,2024-05-28,35,,36.19248638766726,42.305958177044616
20001_0310_1,2024-05-28,36,,36.21311907399119,42.067331705291664
20001_0310_1,2024-05-28,37,,36.241754903934435,41.80589433610532
20001_0310_1,2024-05-28,38,,36.27799166043194,41.531101218445365
20001_0310_1,2024-05-28,39,,36.321110296152185,41.252281594743295
20001_0310_1,2024-05-28,40,,36.370048530805704,40.97808799724882
20001_0310_1,2024-05-28,41,,36.423432660372676,40.71603705225459
20001_0310_1,2024-05-28,42,,36.47965810032278,40.472183635693376
20001_0310_1,2024-05-28,43,,36.53699955006333,40.25094469006345
20001_0310_1,2024-05-28,44,,36.59372843208941,40.055065034355586
20001_0310_1,2024-05-28,45,,36.64821798887197,39.88570021669354
20001_0310_1,2024-05-28,46,,36.699023110596976,39.742582918472536
20001_0310_1,2024-05-28,47,,36.74493004495551,39.624238774129566
20001_0310_1,2024-05-28,48,,36.784978352103934,39.52822223017074
20001_0310_1,2024-05-28,49,,36.81846238371881,39.45135042594284
20001_0310_1,2024-05-28,50,,36.84492166711758,39.38992080625941
20001_0310_1,2024-05-28,51,,36.86412906097086,39.339904935825686
20001_0310_1,2024-05-28,52,,36.87608303270845,39.29711624257681
20001_0310_1,2024-05-28,53,,36.88100666840137,39.257353160627275
20001_0310_1,2024-05-28,54,,36.87935186599703,39.21652159751434
20001_0310_1,2024-05-28,55,,36.8718033687954,39.17074206132515
20001_0310_1,2024-05-28,56,,36.85927464409154,39.11644730613229
20001_0310_1,2024-05-28,57,,36.8428868425101,39.05047602457262
20001_0310_1,2024-05-28,58,,36.823923775173874,38.970166887141026
20001_0310_1,2024-05-28,59,,36.803760231138945,38.87345504855135
20001_0310_1,2024-05-28,60,,36.78376758667646,38.75897016257241
20001_0310_1,2024-05-28,61,,36.765208240122945,38.62613122228281
20001_0310_1,2024-05-28,62,,36.74913685311954,38.475229701287006
20001_0310_1,2024-05-28,63,,36.73632924821954,38.30748931198646
20001_0310_1,2024-05-28,64,,36.727257123011455,38.12508917206915
20001_0310_1,2024-05-28,65,,36.72211792592368,37.93113814570238
20001_0310_1,2024-05-28,66,,36.72091581135156,37.729592058247
20001_0310_1,2024-05-28,67,,36.72357508785849,37.525112123867515
20001_0310_1,2024-05-28,68,,36.730056598984355,37.32287119547473
20001_0310_1,2024-05-28,69,,36.74044410129029,37.128322603385925
20001_0310_1,2024-05-28,70,,36.75497382675033,36.946952449911684
20001_0310_1,2024-05-28,71,,36.77399482396931,36.78403874399133
20001_0310_1,2024-05-28,72,,36.7978662671565,36.64443909703592
20001_0310_1,2024-05-28,73,,36.8268150827332,36.53242338095667
20001_0310_1,2024-06-03,1,19.841548919677734,19.841548919677734,19.841548919677734
20001_0310_1,2024-06-03,2,19.841548919677734,19.841548919677734,19.841548919677734
20001_0310_1,2024-06-03,3,22.676055908203125,20.637882628495486,16.088510317425886
20001_0310_1,2024-06-03,4,24.09330940246582,20.1103947898202,16.95673169059644
20001_0310_1,2024-06-03,5,24.09330940246582,20.189014687136282,18.228224097853424
20001_0310_1,2024-06-03,6,20.651409149169922,24.339274025127736,18.65520650463243
20001_0310_1,2024-06-03,7,20.651409149169922,25.579467766401415,18.413630473320733
20001_0310_1,2024-06-03,8,20.651409149169922,21.761338016744293,17.89705649944407
20001_0310_1,2024-06-03,9,17.20950698852539,22.52538602607867,17.35956819268346
20001_0310_1,2024-06-03,10,17.20950698852539,22.177359481993665,16.940751985840613
20001_0310_1,2024-06-03,11,17.20950698852539,18.326993439034652,16.620881566005476
20001_0310_1,2024-06-03,12,34.216548919677734,18.335240713470228,16.83323432664192
20001_0310_1,2024-06-03,13,25.645540237426758,17.234681838161276,18.31215722973269
20001_0310_1,2024-06-03,14,19.234155654907227,18.492186205444565,18.829660648774986
20001_0310_1,2024-06-03,15,12.822770118713379,25.660631127329076,17.854013352740857
20001_0310_1,2024-06-03,16,2.8345069885253906,23.622351803899942,14.876662227143852
20001_0310_1,2024-06-03,17,0.0,15.164936053392154,13.738550600579117
20001_0310_1,2024-06-03,18,,5.18037012501874,13.348946998607907
20001_0310_1,2024-06-03,19,,3.7306885799565634,14.602882323961204
20001_0310_1,2024-06-03,20,,4.282227564707231,16.65965728225203
20001_0310_1,2024-06-03,21,,20.465764870913674,19.875265897501542
20001_0310_1,2024-06-03,22,,20.36226773336535,19.935477809164468
20001_0310_1,2024-06-03,23,,20.26009228293041,19.971780148763546
20001_0310_1,2024-06-03,24,,20.162169662821363,19.984261302392206
20001_0310_1,2024-06-03,25,,20.071082025406017,19.973461213385526
20001_0310_1,2024-06-03,26,,19.988906841160873,19.94041011479751
20001_0310_1,2024-06-03,27,,19.917120916348665,19.8866351775175
20001_0310_1,2024-06-03,28,,19.856584727090766,19.81412632707395
20001_0310_1,2024-06-03,29,,19.807612416863442,19.72525808800967
20001_0310_1,2024-06-03,30,,19.77011339957361,19.62267151390868
20001_0310_1,2024-06-03,31,,19.743773324516987,19.509127444948156
20001_0310_1,2024-06-03,32,,19.72823107715559,19.387347675963127
20001_0310_1,2024-06-03,33,,19.723208758382583,19.259862700752052
20001_0310_1,2024-06-03,34,,19.72856400188884,19.128883038993138
20001_0310_1,2024-06-03,35,,19.744255282495764,18.99620635800724
20001_0310_1,2024-06-03,36,,19.7702346571924,18.8631660985383
20001_0310_1,2024-06-03,37,,19.806301403035754,18.730620793702613
20001_0310_1,2024-06-03,38,,19.85195872670224,18.598978130820264
20001_0310_1,2024-06-03,39,,19.90631218693898,18.468244809052038
20001_0310_1,2024-06-03,40,,19.968034816127904,18.33809247225068
20001_0310_1,2024-06-03,41,,20.035405226226658,18.20793102171395
20001_0310_1,2024-06-03,42,,20.106407200036156,18.07698276781423
20001_0310_1,2024-06-03,43,,20.17886715242284,17.94435347317745
20001_0310_1,2024-06-03,44,,20.25060162395721,17.80909880048936
20001_0310_1,2024-06-03,45,,20.31955016204337,17.67028660053671
20001_0310_1,2024-06-03,46,,20.38387713511341,17.52705662236992
20001_0310_1,2024-06-03,47,,20.442036057341944,17.378679504313876
20001_0310_1,2024-06-03,48,,20.49279906347488,17.224616344889064
20001_0310_1,2024-06-03,49,,20.53526043861585,17.064578903905215
20001_0310_1,2024-06-03,50,,20.568825869517887,16.898588797677697
20001_0310_1,2024-06-03,51,,20.593198537463017,16.72703226509538
20001_0310_1,2024-06-03,52,,20.60837006061403,16.55070557733324
20001_0310_1,2024-06-03,53,,20.614619592699526,16.370845316857995
20001_0310_1,2024-06-03,54,,20.612519123191518,16.189137850630654
20001_0310_1,2024-06-03,55,,20.6029382213093,16.0077035002915
20001_0310_1,2024-06-03,56,,20.587038127653628,15.829053090166987
20001_0310_1,2024-06-03,57,,20.566244170955578,15.656017430699897
20001_0310_1,2024-06-03,58,,20.542187708538037,15.491653388212672
20001_0310_1,2024-06-03,59,,20.516614397408354,15.339132935103088
20001_0310_1,2024-06-03,60,,20.49126400436912,15.201623447216656
20001_0310_1,2024-06-03,61,,20.467736500023186,15.08216817312159
20001_0310_1,2024-06-03,62,,20.447367219478615,14.983575164245629
20001_0310_1,2024-06-03,63,,20.431137366749788,14.908321228223304
20001_0310_1,2024-06-03,64,,20.41964264630684,14.858475073595864
20001_0310_1,2024-06-03,65,,20.413131649660233,14.835641276373996
20001_0310_1,2024-06-03,66,,20.411608714279033,14.840924505793966
20001_0310_1,2024-06-03,67,,20.414977729103498,14.874911937009056
20001_0310_1,2024-06-03,68,,20.42318955254965,14.937671084097806
20001_0310_1,2024-06-03,69,,20.43635145317252,15.028760334047144
20001_0310_1,2024-06-03,70,,20.45476468979855,15.147250023761636
20001_0310_1,2024-06-03,71,,20.478874509535494,15.291752674137737
20001_0310_1,2024-06-03,72,,20.50914029581338,15.46046167966156
20001_0310_1,2024-06-03,73,,20.545855250575748,15.651198123004392
20001_0310_1,2024-07-01,1,0.0,0.0,0.0
20001_0310_1,2024-07-01,2,0.0,0.0,0.0
20001_0310_1,2024-07-01,3,8.0,10.282678359060355,11.749210411272099
20001_0310_1,2024-07-01,4,11.0,4.459422035438088,11.655393624879064
20001_0310_1,2024-07-01,5,11.0,4.555289222657468,12.368228677208034
20001_0310_1,2024-07-01,6,11.0,9.537664503517053,13.183216498418744
20001_0310_1,2024-07-01,7,11.0,12.360267518041304,13.584954913404403
20001_0310_1,2024-07-01,8,5.0,13.486521680593121,13.39089419284959
20001_0310_1,2024-07-01,9,5.0,12.992254032129278,13.186950202507692
20001_0310_1,2024-07-01,10,5.0,7.924484725182964,13.085425225659062
20001_0310_1,2024-07-01,11,5.0,7.941698333932045,13.233966426461276
20001_0310_1,2024-07-01,12,5.0,7.948118827118925,13.369707292339545
20001_0310_1,2024-07-01,13,8.0,7.942808322680243,13.491288315318027
20001_0310_1,2024-07-01,14,6.857142925262451,7.716007075889362,13.683014706492521
20001_0310_1,2024-07-01,15,5.714285850524902,7.918476933221434,13.826203214858625
20001_0310_1,2024-07-01,16,3.4285714626312256,9.431691962226218,13.813101035569364
20001_0310_1,2024-07-01,17,10.428571701049805,8.33686048153833,13.703237881309239
20001_0310_1,2024-07-01,18,20.428571701049805,6.148273678503816,14.012687578820314
20001_0310_1,2024-07-01,19,24.428571701049805,5.436160305944771,15.81103545943043
20001_0310_1,2024-07-01,20,25.428571701049805,10.084015274198897,19.189442311546202
20001_0310_1,2024-07-01,21,23.614286422729492,21.281962266655825,21.964272435693957
20001_0310_1,2024-07-01,22,24.614286422729492,25.025942949006655,23.15953136004471
20001_0310_1,2024-07-01,23,23.38357162475586,21.996382820863698,22.852756318218
20001_0310_1,2024-07-01,24,23.38357162475586,24.18600096564028,23.566276268717658
20001_0310_1,2024-07-01,25,23.38357162475586,23.85210037327333,23.500184442620615
20001_0310_1,2024-07-01,26,23.152856826782227,24.022861898466502,23.056005272874252
20001_0310_1,2024-07-01,27,21.866586685180664,23.885274961330204,22.469965990495066
20001_0310_1,2024-07-01,28,20.5803165435791,22.631716918979112,21.426111947395107
20001_0310_1,2024-07-01,29,21.5803165435791,22.09648610332913,20.82041419329512
20001_0310_1,2024-07-01,30,23.5803165435791,20.341774946434473,20.56662471968263
20001_0310_1,2024-07-01,31,24.5803165435791,20.011107328182995,21.3567474601301
20001_0310_1,2024-07-01,32,24.134416580200195,21.47928811992155,22.124471673052447
20001_0310_1,2024-07-01,33,21.295072555541992,24.150141543393268,22.046315340082074
20001_0310_1,2024-07-01,34,14.196715354919434,24.89038080065758,19.30702970525834
20001_0310_1,2024-07-01,35,15.196715354919434,22.00972634227903,16.99058916323766
20001_0310_1,2024-07-01,36,13.81519603729248,14.202574909987078,15.310875433740987
20001_0310_1,2024-07-01,37,12.433676719665527,14.464713291660013,14.999812308145257
20001_0310_1,2024-07-01,38,14.052156448364258,14.243371341702277,14.521984885076616
20001_0310_1,2024-07-01,39,15.490805625915527,12.499489556257085,14.16597212402762
20001_0310_1,2024-07-01,40,15.941725730895996,11.091369505442422,14.15677910569033
20001_0310_1,2024-07-01,41,15.941725730895996,12.336273554397494,14.685258153697808
20001_0310_1,2024-07-01,42,21.94172477722168,14.058136415290729,15.14333445182761
20001_0310_1,2024-07-01,43,26.2539005279541,15.39718357062014,16.09814349090548
20001_0310_1,2024-07-01,44,27.165206909179688,15.354570100148528,17.411839520288158
20001_0310_1,2024-07-01,45,33.16520690917969,19.65618703065364,20.457929260809358
20001_0310_1,2024-07-01,46,32.65769577026367,22.611904640295798,24.418545022158902
20001_0310_1,2024-07-01,47,35.65769577026367,27.45748963371487,28.9592608267836
20001_0310_1,2024-07-01,48,34.171958923339844,32.50577143018667,32.94539258210714
20001_0310_1,2024-07-01,49,36.171958923339844,33.8995621746217,34.35375960784484
20001_0310_1,2024-07-01,50,36.171958923339844,35.304653066721606,36.10811275992237
20001_0310_1,2024-07-01,51,12.057319641113281,40.70182880629048,28.525591908884216
20001_0310_1,2024-07-01,52,12.057319641113281,40.35641300939024,19.64814768010379
20001_0310_1,2024-07-01,53,12.057319641113281,13.037922618817845,12.36546980590277
20001_0310_1,2024-07-01,54,12.057319641113281,13.035727354314375,12.232875840509472
20001_0310_1,2024-07-01,55,12.057319641113281,13.025714248094197,12.107902832290161
20001_0310_1,2024-07-01,56,10.550154685974121,13.281780271276215,11.91291913950732
20001_0310_1,2024-07-01,57,10.550154685974121,13.120978684304273,11.664012438977188
20001_0310_1,2024-07-01,58,9.5358247756958,12.165047919037587,11.307819053686991
20001_0310_1,2024-07-01,59,10.173563957214355,11.758042251275828,11.02567157258338
20001_0310_1,2024-07-01,60,8.720197677612305,8.932896066425336,10.758495224336261
20001_0310_1,2024-07-01,61,8.720197677612305,9.51703080405283,10.831530815300319
20001_0310_1,2024-07-01,62,8.720197677612305,9.988105796328245,10.874812923138595
20001_0310_1,2024-07-01,63,11.720197677612305,9.970920954725962,10.887677798935684
20001_0310_1,2024-07-01,64,11.720197677612305,9.461625228377113,10.999073683570217
20001_0310_1,2024-07-01,65,12.720197677612305,9.706015054511813,11.273037628614045
20001_0310_1,2024-07-01,66,12.720197677612305,12.345917109303947,11.674070083667171
20001_0310_1,2024-07-01,67,19.36009979248047,13.59501732932129,11.597319083428811
20001_0310_1,2024-07-01,68,12.906732559204102,12.814241996162032,11.547174790073534
20001_0310_1,2024-07-01,69,10.325386047363281,8.18066569832899,11.514512066327526
20001_0310_1,2024-07-01,70,9.744039535522461,14.355286226652375,11.871168197046288
20001_0310_1,2024-07-01,71,2.7840113639831543,12.480670239665862,11.588463160823395
20001_0310_1,2024-07-01,72,2.7840113639831543,9.673226323435554,11.34979757165545
20001_0310_1,2024-07-01,73,0.0,6.685482160642593,11.33817816308986
20001_0310_1,2024-07-03,1,1.0,1.0,1.0
20001_0310_1,2024-07-03,2,2.0,2.0,2.0
20001_0310_1,2024-07-03,3,30.0,5.697576086037827,9.470172930365116
20001_0310_1,2024-07-03,4,26.538461685180664,3.8022316493674566,10.687290045524726
20001_0310_1,2024-07-03,5,24.230770111083984,4.843300798175601,13.722296547196404
20001_0310_1,2024-07-03,6,24.230770111083984,28.076844213997997,21.188855304422326
20001_0310_1,2024-07-03,7,30.230770111083984,25.545966793537843,20.112931195327118
20001_0310_1,2024-07-03,8,13.435897827148438,27.76000052071293,17.134629701097566
20001_0310_1,2024-07-03,9,13.316239356994629,26.879421935139284,14.372871647907882
20001_0310_1,2024-07-03,10,10.98717975616455,15.387072922043483,12.108090685124314
20001_0310_1,2024-07-03,11,11.98717975616455,13.880165623438664,11.912541820209597
20001_0310_1,2024-07-03,12,10.897436141967773,11.75672095124899,11.841832502717441
20001_0310_1,2024-07-03,13,11.897436141967773,12.687099047935803,12.018527872735916
20001_0310_1,2024-07-03,14,12.815851211547852,12.59222846174788,12.07207429926396
20001_0310_1,2024-07-03,15,18.74786376953125,12.382329933861214,12.206134609787945
20001_0310_1,2024-07-03,16,19.645048141479492,11.321517631103735,13.048995378255452
20001_0310_1,2024-07-03,17,31.645048141479492,12.313313092871077,14.494199273545298
20001_0310_1,2024-07-03,18,40.64504623413086,16.17049343262974,19.89686046204711
20001_0310_1,2024-07-03,19,46.64504623413086,17.78452036531829,29.92085871843957
20001_0310_1,2024-07-03,20,50.64504623413086,31.06107463524728,45.53495379480441
20001_0310_1,2024-07-03,21,42.24991226196289,43.940121349049065,51.20732270101516
20001_0310_1,2024-07-03,22,42.24991226196289,49.4179734935473,52.417184606563204
20001_0310_1,2024-07-03,23,43.24991226196289,40.96153810201305,50.429508091187515
20001_0310_1,2024-07-03,24,46.24991226196289,44.267599233161796,52.30698477252256
20001_0310_1,2024-07-03,25,50.24991226196289,43.69653256438715,53.373053127129516
20001_0310_1,2024-07-03,26,50.24991226196289,44.36159664749198,55.17583991678022
20001_0310_1,2024-07-03,27,50.24991226196289,48.337914585076796,56.77789429025518
20001_0310_1,2024-07-03,28,43.8076171875,54.129966195731,57.048503667283526
20001_0310_1,2024-07-03,29,43.8076171875,53.372011146654664,56.14943242378746
20001_0310_1,2024-07-03,30,44.8076171875,45.913210628038456,54.4206706919434
20001_0310_1,2024-07-03,31,48.52739715576172,45.95298546737906,54.4232054398167
20001_0310_1,2024-07-03,32,58.52739715576172,44.86783080222095,55.1110663700764
20001_0310_1,2024-07-03,33,58.52739715576172,43.05716428156689,57.028276407257145
20001_0310_1,2024-07-03,34,32.131595611572266,55.514873195825814,56.230934125662614
20001_0310_1,2024-07-03,35,29.424102783203125,63.307146325386455,52.205815310977115
20001_0310_1,2024-07-03,36,29.19809913635254,32.18364472634056,33.05543482578524
20001_0310_1,2024-07-03,37,27.68198585510254,30.583277568096204,27.147755333821923
20001_0310_1,2024-07-03,38,30.165441513061523,28.573971563602868,24.45951462860856
20001_0310_1,2024-07-03,39,30.137868881225586,20.5322259972661,21.30564673076644
20001_0310_1,2024-07-03,40,32.13786697387695,24.72453210515441,26.487789243062807
20001_0310_1,2024-07-03,41,38.66572570800781,25.393840738644435,29.146242377565123
20001_0310_1,2024-07-03,42,40.457420349121094,29.51606676477402,36.129616751836984
20001_0310_1,2024-07-03,43,51.457420349121094,29.323392799820045,41.045695682242616
20001_0310_1,2024-07-03,44,52.232242584228516,36.9105138004727,49.92339488086722
20001_0310_1,2024-07-03,45,58.232242584228516,41.33918151814043,54.427524168965064
20001_0310_1,2024-07-03,46,53.276309967041016,52.82653502207856,57.633125013607284
20001_0310_1,2024-07-03,47,58.037322998046875,55.41855840308984,58.00222331398575
20001_0310_1,2024-07-03,48,57.82821273803711,55.53893720376465,58.46949384884428
20001_0310_1,2024-07-03,49,57.82821273803711,54.564866166916474,58.90837335098852
20001_0310_1,2024-07-03,50,59.82821273803711,59.73460829199459,59.72915001198483
20001_0310_1,2024-07-03,51,25.734722137451172,66.33756269781082,54.75461077101209
20001_0310_1,2024-07-03,52,27.734722137451172,62.75429264099408,44.89586424060899
20001_0310_1,2024-07-03,53,27.734722137451172,23.150943310735492,24.742578483790865
20001_0310_1,2024-07-03,54,32.73472213745117,26.683895432509864,27.794156540542048
20001_0310_1,2024-07-03,55,33.73472213745117,27.925765731104164,31.016119818309342
20001_0310_1,2024-07-03,56,28.736984252929688,29.287573492360178,32.020626608291835
20001_0310_1,2024-07-03,57,28.487550735473633,34.918835181126795,33.10616624685471
20001_0310_1,2024-07-03,58,28.487550735473633,29.859305621132535,29.65441489290467
20001_0310_1,2024-07-03,59,29.487550735473633,28.515890589020955,29.03030714817008
20001_0310_1,2024-07-03,60,28.25890350341797,29.68890230553629,29.49546931418613
20001_0310_1,2024-07-03,61,28.25890350341797,29.643107442874093,29.13254409274543
20001_0310_1,2024-07-03,62,28.25890350341797,29.36239443469728,28.68996536664933
20001_0310_1,2024-07-03,63,25.57295799255371,30.10936809688019,26.994791562039495
20001_0310_1,2024-07-03,64,25.2943115234375,29.742064172539376,24.650717089272405
20001_0310_1,2024-07-03,65,26.2943115234375,25.327606911443308,21.938491563764515
20001_0310_1,2024-07-03,66,30.042200088500977,25.17576763356013,21.85519782307053
20001_0310_1,2024-07-03,67,35.52461624145508,27.78854617762304,19.750303704913726
20001_0310_1,2024-07-03,68,25.724721908569336,25.044584059585038,18.84466243967178
20001_0310_1,2024-07-03,69,20.599788665771484,18.681009857149604,16.28106200426944
20001_0310_1,2024-07-03,70,18.44984245300293,28.147022454547276,16.84910298175371
20001_0310_1,2024-07-03,71,8.515311241149902,22.261892207380345,12.675056952198176
20001_0310_1,2024-07-03,72,8.515311241149902,16.91645118555435,11.020648894624895
20001_0310_1,2024-07-03,73,0.0,11.548780227684745,10.175192727109625
20001_0310_1,2024-07-04,1,0.0,0.0,0.0
20001_0310_1,2024-07-04,2,1.0,1.0,1.0
20001_0310_1,2024-07-04,3,0.0,6.533520617060109,10.176867370970257
20001_0310_1,2024-07-04,4,3.0,4.924077491443889,10.13423236718334
20001_0310_1,2024-07-04,5,6.0,4.6812104894409075,10.145375237230954
20001_0310_1,2024-07-04,6,6.0,4.605070171453885,10.336967333549154
20001_0310_1,2024-07-04,7,6.0,6.380365851506507,10.761037920615408
20001_0310_1,2024-07-04,8,4.599999904632568,8.504593523481532,11.043345051702982
20001_0310_1,2024-07-04,9,4.599999904632568,8.281889715918307,11.003522538347507
20001_0310_1,2024-07-04,10,3.450000047683716,7.029559193665044,11.023861350088193
20001_0310_1,2024-07-04,11,4.449999809265137,7.582373795665131,11.107684961647482
20001_0310_1,2024-07-04,12,4.449999809265137,6.796004587917949,11.13107047560684
20001_0310_1,2024-07-04,13,5.449999809265137,6.843484837302899,11.264499201081389
20001_0310_1,2024-07-04,14,6.449999809265137,7.306552189158818,11.393330437868642
20001_0310_1,2024-07-04,15,6.449999809265137,7.220616920094475,11.524843787985247
20001_0310_1,2024-07-04,16,6.449999809265137,7.842536254907852,11.699932313277625
20001_0310_1,2024-07-04,17,12.449999809265137,8.419268208911848,11.808977409504575
20001_0310_1,2024-07-04,18,12.449999809265137,7.6619544203039744,12.048484107756774
20001_0310_1,2024-07-04,19,12.449999809265137,7.9404907170502135,12.564179819572004
20001_0310_1,2024-07-04,20,14.449999809265137,13.078070619191045,13.21436417171999
20001_0310_1,2024-07-04,21,12.837499618530273,13.26690073742748,13.087746766830225
20001_0310_1,2024-07-04,22,13.670454978942871,12.856319502685402,12.973462473331946
20001_0310_1,2024-07-04,23,14.670454978942871,10.901816186502767,13.00068328787129
20001_0310_1,2024-07-04,24,16.670454025268555,11.603717371837732,13.392522440931838
20001_0310_1,2024-07-04,25,16.670454025268555,13.225094119185052,14.026179569551324
20001_0310_1,2024-07-04,26,16.670454025268555,14.363012296257391,14.490179207573311
20001_0310_1,2024-07-04,27,16.670454025268555,16.41998984026486,14.887858391335733
20001_0310_1,2024-07-04,28,16.670454025268555,16.358397741595148,14.842363794436773
20001_0310_1,2024-07-04,29,17.670454025268555,16.308575202521297,14.796845222324217
20001_0310_1,2024-07-04,30,18.670454025268555,16.07312885195828,14.906623148478161
20001_0310_1,2024-07-04,31,20.670454025268555,15.953190499467725,15.239542769588065
20001_0310_1,2024-07-04,32,24.454545974731445,16.980489414180088,15.89336297668114
20001_0310_1,2024-07-04,33,24.454545974731445,17.167239971038576,17.602430039366112
20001_0310_1,2024-07-04,34,15.138527870178223,20.52559293690927,17.36140318361141
20001_0310_1,2024-07-04,35,17.13852882385254,25.318457526831693,16.77956981912943
20001_0310_1,2024-07-04,36,14.690167427062988,14.855847355643208,13.748297069220158
20001_0310_1,2024-07-04,37,15.793444633483887,15.803219208190736,13.275674903973812
20001_0310_1,2024-07-04,38,15.793444633483887,13.734308368758679,12.977267444906389
20001_0310_1,2024-07-04,39,15.528963088989258,10.452077913497359,12.496407357932668
20001_0310_1,2024-07-04,40,19.528963088989258,15.130296758158064,13.363680229028944
20001_0310_1,2024-07-04,41,25.528963088989258,9.721252165458658,13.421397918279485
20001_0310_1,2024-07-04,42,31.185333251953125,14.250392086743984,16.81664832357294
20001_0310_1,2024-07-04,43,46.185333251953125,17.755813071127008,22.6959819482309
20001_0310_1,2024-07-04,44,49.185333251953125,20.894512305555136,34.91541785411849
20001_0310_1,2024-07-04,45,59.185333251953125,30.11480635440469,46.958984721611614
20001_0310_1,2024-07-04,46,54.787166595458984,47.86657857753367,54.581139801939685
20001_0310_1,2024-07-04,47,61.787166595458984,51.08169860332061,56.282267925017265
20001_0310_1,2024-07-04,48,61.787166595458984,53.02929695306084,58.011302251343906
20001_0310_1,2024-07-04,49,62.35025405883789,57.374174489801504,59.14241079330202
20001_0310_1,2024-07-04,50,59.51615524291992,64.26646018059137,59.83877625724816
20001_0310_1,2024-07-04,51,17.004615783691406,69.1549322236186,53.013177989518084
20001_0310_1,2024-07-04,52,20.004615783691406,65.03987427163344,39.6294310087472
20001_0310_1,2024-07-04,53,20.004615783691406,16.872287857207,16.804749551205916
20001_0310_1,2024-07-04,54,29.717912673950195,18.028657275603344,16.825689391390735
20001_0310_1,2024-07-04,55,34.232017517089844,18.38146238836942,19.844171016808815
20001_0310_1,2024-07-04,56,21.78400993347168,16.285667386192355,20.34979070045634
20001_0310_1,2024-07-04,57,29.228010177612305,30.019269520269486,24.484753352390594
20001_0310_1,2024-07-04,58,31.382408142089844,21.83929946896231,20.693337149083497
20001_0310_1,2024-07-04,59,26.40480613708496,19.951790852222437,21.425201825290046
20001_0310_1,2024-07-04,60,28.40480613708496,23.619464602010755,24.264229706111458
20001_0310_1,2024-07-04,61,36.404808044433594,25.54522727997077,26.449072095856792
20001_0310_1,2024-07-04,62,36.404808044433594,25.276057835839566,30.72015696769651
20001_0310_1,2024-07-04,63,35.00461959838867,28.71560910694738,35.337729528586394
20001_0310_1,2024-07-04,64,37.00461959838867,38.01046668314903,39.85721192355893
20001_0310_1,2024-07-04,65,39.00461959838867,35.899421377717154,39.49072422112009
20001_0310_1,2024-07-04,66,43.56000518798828,36.02091046359924,40.48946369914715
20001_0310_1,2024-07-04,67,16.646453857421875,43.81576261646463,33.16795637740651
20001_0310_1,2024-07-04,68,11.524467468261719,41.88184540607524,21.316043135030483
20001_0310_1,2024-07-04,69,10.24397087097168,13.456285610554847,11.61221030881104
20001_0310_1,2024-07-04,70,9.963475227355957,12.473923916024923,11.242332229427795
20001_0310_1,2024-07-04,71,3.7363030910491943,12.07355200862117,10.894722975231794
20001_0310_1,2024-07-04,72,3.7363030910491943,10.435308138828926,10.450129544375617
20001_0310_1,2024-07-04,73,0.0,7.096529259317066,10.220666882049379
20001_0310_1,2024-07-05,1,0.0,0.0,0.0
20001_0310_1,2024-07-05,2,1.0,1.0,1.0
20001_0310_1,2024-07-05,3,30.0,33.7222199962643,13.840230653724388
20001_0310_1,2024-07-05,4,30.0,2.7766927436004174,12.582628422796883
20001_0310_1,2024-07-05,5,26.785715103149414,3.873473317236133,15.851819854133822
20001_0310_1,2024-07-05,6,26.785715103149414,31.04134893464777,23.535133272197594
20001_0310_1,2024-07-05,7,30.785715103149414,27.362191502318755,22.100069328989754
20001_0310_1,2024-07-05,8,26.089284896850586,28.16293764987021,21.10046129128137
20001_0310_1,2024-07-05,9,23.741071701049805,28.066416752447157,19.71977968032204
20001_0310_1,2024-07-05,10,20.503652572631836,24.047360499946144,18.132009432167855
20001_0310_1,2024-07-05,11,21.503652572631836,22.37794841158859,17.672215616612924
20001_0310_1,2024-07-05,12,21.503652572631836,20.73341354735263,17.724623107138086
20001_0310_1,2024-07-05,13,25.503652572631836,20.837940868254393,18.073671792717334
20001_0310_1,2024-07-05,14,29.17708969116211,21.837458312940687,18.59036696207445
20001_0310_1,2024-07-05,15,33.01582336425781,20.865013153103217,20.031474795219847
20001_0310_1,2024-07-05,16,32.81476974487305,21.357686274450003,22.946599764176337
20001_0310_1,2024-07-05,17,49.81476974487305,26.830080053782556,27.467862414237487
20001_0310_1,2024-07-05,18,60.81476974487305,27.90798062763691,37.306966363985225
20001_0310_1,2024-07-05,19,64.5198745727539,30.415839743451958,48.21741117637306
20001_0310_1,2024-07-05,20,64.5198745727539,50.42242667266028,55.9727511909758
20001_0310_1,2024-07-05,21,50.08562088012695,63.53744473149485,56.27309043640297
20001_0310_1,2024-07-05,22,50.08562088012695,66.50771532166564,55.61147974529315
20001_0310_1,2024-07-05,23,53.08562088012695,47.78881669875222,52.59889998800542
20001_0310_1,2024-07-05,24,57.08562088012695,51.76182102622712,54.2131929900601
20001_0310_1,2024-07-05,25,59.08562088012695,51.26285115753713,55.23471858005924
20001_0310_1,2024-07-05,26,59.08562088012695,54.6641909298331,56.47892187433437
20001_0310_1,2024-07-05,27,58.76853942871094,59.5229060880029,57.062128492254395
20001_0310_1,2024-07-05,28,52.85459518432617,62.08319017013525,56.759770331674716
20001_0310_1,2024-07-05,29,52.85459518432617,59.07214781946625,56.12475432869226
20001_0310_1,2024-07-05,30,56.85459518432617,53.886961577840204,55.5180722638287
20001_0310_1,2024-07-05,31,57.85459518432617,54.2106510389984,56.10758297873997
20001_0310_1,2024-07-05,32,55.131771087646484,55.36882936417123,56.22853805958427
20001_0310_1,2024-07-05,33,53.9587516784668,59.05431127407391,56.50361324554194
20001_0310_1,2024-07-05,34,31.325408935546875,59.72636425340761,52.388641716835686
20001_0310_1,2024-07-05,35,32.12058639526367,57.89625277027909,45.52042730470937
20001_0310_1,2024-07-05,36,30.93093490600586,28.908455444343563,30.375318605698858
20001_0310_1,2024-07-05,37,25.793025970458984,31.481999804458397,28.59929673658986
20001_0310_1,2024-07-05,38,26.108308792114258,32.0186955443906,25.036456928755925
20001_0310_1,2024-07-05,39,24.621803283691406,23.27427119217347,20.754388538311723
20001_0310_1,2024-07-05,40,21.734149932861328,22.104402007419033,19.80965326716243
20001_0310_1,2024-07-05,41,32.73414993286133,23.442827980455583,19.86108840511006
20001_0310_1,2024-07-05,42,39.73414993286133,17.929491132432588,21.968939133761985
20001_0310_1,2024-07-05,43,44.73414993286133,18.97272966357548,29.98977499879783
20001_0310_1,2024-07-05,44,45.49153518676758,31.85021471588593,41.44204560958563
20001_0310_1,2024-07-05,45,49.49153518676758,40.37312338306117,46.96483046847135
20001_0310_1,2024-07-05,46,50.25424575805664,44.61075779050049,49.73353470929504
20001_0310_1,2024-07-05,47,52.028533935546875,47.20474936033072,51.30635313157023
20001_0310_1,2024-07-05,48,52.789756774902344,50.20029915893535,52.665446609612836
20001_0310_1,2024-07-05,49,52.789756774902344,50.92522351129545,53.584687533862365
20001_0310_1,2024-07-05,50,53.56208801269531,53.41509274904027,54.256369343815784
20001_0310_1,2024-07-05,51,26.781044006347656,60.02889848972194,49.283736270602276
20001_0310_1,2024-07-05,52,27.781044006347656,56.193958667299775,40.583858559755065
20001_0310_1,2024-07-05,53,27.781044006347656,26.94412077499531,26.5292652930135
20001_0310_1,2024-07-05,54,25.15743064880371,27.796722829686924,25.787341487092753
20001_0310_1,2024-07-05,55,25.761484146118164,28.8261065624784,24.38184781788395
20001_0310_1,2024-07-05,56,20.906600952148438,25.110923032431888,20.916005733929676
20001_0310_1,2024-07-05,57,21.7451229095459,23.254662917148227,19.086744535255328
20001_0310_1,2024-07-05,58,22.328998565673828,19.942032917059688,17.559488814647054
20001_0310_1,2024-07-05,59,22.15378761291504,19.30823062879586,17.586422077147677
20001_0310_1,2024-07-05,60,19.821809768676758,19.28270533996025,17.505838294325017
20001_0310_1,2024-07-05,61,20.65582275390625,21.47071221241751,17.45952090145397
20001_0310_1,2024-07-05,62,21.65582275390625,19.355678994259875,16.828202650990228
20001_0310_1,2024-07-05,63,18.046518325805664,18.767683416496432,16.29812175516492
20001_0310_1,2024-07-05,64,18.046518325805664,20.769998145794357,16.18939326382698
20001_0310_1,2024-07-05,65,16.843416213989258,18.027916867147496,15.08303136681465
20001_0310_1,2024-07-05,66,25.843416213989258,17.898307387065508,14.754338349539198
20001_0310_1,2024-07-05,67,7.349401473999023,19.53807196612679,13.521838201151603
20001_0310_1,2024-07-05,68,4.899600982666016,17.510357787112486,12.205514903756061
20001_0310_1,2024-07-05,69,3.6747007369995117,5.4442721392953075,11.31489922671734
20001_0310_1,2024-07-05,70,10.449800491333008,7.038922438604107,11.503014363955419
20001_0310_1,2024-07-05,71,2.985657215118408,6.1891660527160255,11.449844212144548
20001_0310_1,2024-07-05,72,2.985657215118408,5.532974788184493,11.512273507996149
20001_0310_1,2024-07-05,73,0.0,6.192361247276082,11.745297206221363
20001_0310_1,2024-07-08,1,0.0,0.0,0.0
20001_0310_1,2024-07-08,2,0.0,0.0,0.0
20001_0310_1,2024-07-08,3,30.0,34.342202464817426,13.204181426324919
20001_0310_1,2024-07-08,4,37.0,3.2002548122537924,13.708895363099707
20001_0310_1,2024-07-08,5,34.89655303955078,4.029348892102536,18.553428399654223
20001_0310_1,2024-07-08,6,36.89655303955078,30.58949106777878,29.813788536199862
20001_0310_1,2024-07-08,7,36.66666793823242,33.0390732069674,32.95058331977542
20001_0310_1,2024-07-08,8,24.77777862548828,39.87917928415755,28.8136415683786
20001_0310_1,2024-07-08,9,17.69841194152832,39.77063210604279,21.763332859466473
20001_0310_1,2024-07-08,10,15.158730506896973,23.02451377444299,16.456277537923945
20001_0310_1,2024-07-08,11,16.158729553222656,18.95462806054499,15.860072594012967
20001_0310_1,2024-07-08,12,16.158729553222656,15.108735665721202,15.930650807823548
20001_0310_1,2024-07-08,13,19.91575050354004,16.471292356324202,16.158241430879517
20001_0310_1,2024-07-08,14,17.260316848754883,16.93038355231912,16.695852591279326
20001_0310_1,2024-07-08,15,15.932600975036621,16.070773109101978,16.796894257350452
20001_0310_1,2024-07-08,16,14.604884147644043,18.655321199933297,16.79922777642754
20001_0310_1,2024-07-08,17,31.27716636657715,17.271490841148527,16.295574186112418
20001_0310_1,2024-07-08,18,47.27716827392578,12.384795264766261,20.20041112371709
20001_0310_1,2024-07-08,19,49.27716827392578,10.10594005836591,31.348672985476583
20001_0310_1,2024-07-08,20,55.27716827392578,30.752361809321666,46.33842720610944
20001_0310_1,2024-07-08,21,48.70752716064453,50.9844498215257,51.84831947232955
20001_0310_1,2024-07-08,22,48.70752716064453,51.55373951476558,52.187489538793585
20001_0310_1,2024-07-08,23,48.70752716064453,45.604576814505144,51.96264184853557
20001_0310_1,2024-07-08,24,53.70752716064453,51.36014547277287,53.52241827587692
20001_0310_1,2024-07-08,25,55.397586822509766,50.566851386906265,54.175561240361986
20001_0310_1,2024-07-08,26,55.397586822509766,50.34942418649895,55.2428392901829
20001_0310_1,2024-07-08,27,55.01264953613281,55.06373294950065,56.26795667916457
20001_0310_1,2024-07-08,28,50.88669967651367,58.64080512676358,56.39591115018842
20001_0310_1,2024-07-08,29,50.88669967651367,56.82608159048491,55.91121313177511
20001_0310_1,2024-07-08,30,50.88669967651367,53.39540792096577,55.45473823956244
20001_0310_1,2024-07-08,31,53.88669967651367,53.37922908443477,55.53663361539337
20001_0310_1,2024-07-08,32,53.05055618286133,53.33783074036849,55.619056940103455
20001_0310_1,2024-07-08,33,54.05055618286133,52.96402428603486,55.89870142439296
20001_0310_1,2024-07-08,34,32.71480941772461,57.23691621041263,53.26625256810587
20001_0310_1,2024-07-08,35,34.87004470825195,57.727106658441045,46.77473377792052
20001_0310_1,2024-07-08,36,32.96420669555664,33.30540002029126,33.54927390118524
20001_0310_1,2024-07-08,37,27.798076629638672,31.506696901299424,30.02808066856124
20001_0310_1,2024-07-08,38,32.79807662963867,32.88647848274976,28.81626415722908
20001_0310_1,2024-07-08,39,31.064903259277344,25.5398664583098,26.75173320252605
20001_0310_1,2024-07-08,40,27.311662673950195,29.30664465342649,26.66820016202808
20001_0310_1,2024-07-08,41,30.94607925415039,31.01321047237831,25.813607735425094
20001_0310_1,2024-07-08,42,35.94607925415039,23.691689841544946,24.90500110046805
20001_0310_1,2024-07-08,43,42.94607925415039,25.12566214660348,29.671304807215485
20001_0310_1,2024-07-08,44,45.56072235107422,30.32985115481212,37.50719369076462
20001_0310_1,2024-07-08,45,58.56072235107422,36.1419682410656,44.72554230819192
20001_0310_1,2024-07-08,46,58.478580474853516,41.33846688537286,51.39880504324344
20001_0310_1,2024-07-08,47,60.479679107666016,47.344777973157726,55.168147480707134
20001_0310_1,2024-07-08,48,58.599693298339844,58.0230321313269,57.597120020210795
20001_0310_1,2024-07-08,49,59.599693298339844,58.09473980636797,57.96456499262404
20001_0310_1,2024-07-08,50,60.599693298339844,60.20145980985309,58.50169527455449
20001_0310_1,2024-07-08,51,41.514095306396484,64.8705491610306,56.10356765364367
20001_0310_1,2024-07-08,52,42.13029098510742,63.32562257022702,51.933008309840645
20001_0310_1,2024-07-08,53,42.13029098510742,38.79519045778486,43.362106145277934
20001_0310_1,2024-07-08,54,49.13029098510742,42.16836556630139,45.82376795384172
20001_0310_1,2024-07-08,55,57.68528366088867,43.38688949148101,48.48563834487504
20001_0310_1,2024-07-08,56,54.871368408203125,42.55664314884166,52.001194068794284
20001_0310_1,2024-07-08,57,60.46440887451172,50.226918412705544,55.42873319275037
20001_0310_1,2024-07-08,58,65.14552307128906,57.46219996415443,57.23830833914876
20001_0310_1,2024-07-08,59,65.25016784667969,55.105624018667626,57.93447443860728
20001_0310_1,2024-07-08,60,59.45015335083008,59.09994594013726,58.80658602116585
20001_0310_1,2024-07-08,61,60.45015335083008,64.66611845225195,59.314912673981986
20001_0310_1,2024-07-08,62,61.0108642578125,62.13502660488255,58.92011379205436
20001_0310_1,2024-07-08,63,51.078861236572266,63.37807890683068,58.15469155449813
20001_0310_1,2024-07-08,64,53.078861236572266,62.18905775585533,57.01378596582804
20001_0310_1,2024-07-08,65,53.078861236572266,53.599107320376184,55.44323033844599
20001_0310_1,2024-07-08,66,56.6442985534668,54.101618492664294,55.54245591297339
20001_0310_1,2024-07-08,67,31.105091094970703,61.40576371649102,49.09408118343321
20001_0310_1,2024-07-08,68,20.28592872619629,57.342327565914644,32.24732324631607
20001_0310_1,2024-07-08,69,14.876348495483398,24.130916465578387,14.811010643760525
20001_0310_1,2024-07-08,70,17.819162368774414,22.32351391109964,13.289654950196468
20001_0310_1,2024-07-08,71,7.424651145935059,16.54774416040228,12.19963559314714
20001_0310_1,2024-07-08,72,7.424651145935059,12.131095000470957,11.808292322008203
20001_0310_1,2024-07-08,73,0.0,10.272561133160728,11.732467359989677
20001_0310_1,2024-07-09,1,0.0,0.0,0.0
20001_0310_1,2024-07-09,2,0.0,0.0,0.0
20001_0310_1,2024-07-09,3,11.0,13.46932509657822,10.574635316354481
20001_0310_1,2024-07-09,4,17.0,4.461668013273396,10.261235081411293
20001_0310_1,2024-07-09,5,25.0,4.469786794220621,11.510240265891323
20001_0310_1,2024-07-09,6,23.95833396911621,10.976625831254431,14.624797961798377
20001_0310_1,2024-07-09,7,26.95833396911621,17.67034129175363,17.653858188121056
20001_0310_1,2024-07-09,8,15.442307472229004,27.769538161093895,16.939970203082805
20001_0310_1,2024-07-09,9,11.29487133026123,27.028642387702213,14.317670559285522
20001_0310_1,2024-07-09,10,10.268065452575684,14.313711406325625,12.68411737640385
20001_0310_1,2024-07-09,11,10.268065452575684,12.2556661016704,12.626035492457952
20001_0310_1,2024-07-09,12,11.268065452575684,12.239010248454754,12.746183894994836
20001_0310_1,2024-07-09,13,14.268065452575684,12.059763651917525,12.952925467936435
20001_0310_1,2024-07-09,14,16.170522689819336,11.79846826222812,13.366491011001294
20001_0310_1,2024-07-09,15,16.092487335205078,12.536938125052487,14.052157914333128
20001_0310_1,2024-07-09,16,13.946822166442871,14.725694613665494,14.462517763632134
20001_0310_1,2024-07-09,17,22.87398910522461,16.72717486274263,14.462778897279682
20001_0310_1,2024-07-09,18,32.784751892089844,13.717798771417463,15.87068804983966
20001_0310_1,2024-07-09,19,39.784751892089844,11.53184351916951,21.14677361514347
20001_0310_1,2024-07-09,20,44.784751892089844,20.515193211086803,32.880661951758654
20001_0310_1,2024-07-09,21,42.32062530517578,34.2653583185765,42.85470964739545
20001_0310_1,2024-07-09,22,43.8311767578125,41.71111717228976,47.0271015827412
20001_0310_1,2024-07-09,23,42.578857421875,38.40899912563273,47.83930015970158
20001_0310_1,2024-07-09,24,46.578857421875,41.67520203586796,50.377895336357916
20001_0310_1,2024-07-09,25,46.578857421875,44.05297071090876,52.53948634189115
20001_0310_1,2024-07-09,26,45.208892822265625,44.763436068041166,53.533650393891776
20001_0310_1,2024-07-09,27,46.838924407958984,49.525852695758815,54.43989471492303
20001_0310_1,2024-07-09,28,46.50067138671875,47.38819907507545,54.12099526999114
20001_0310_1,2024-07-09,29,46.50067138671875,45.731661088573986,54.338825644959925
20001_0310_1,2024-07-09,30,47.50067138671875,47.78377602659428,55.12699880311402
20001_0310_1,2024-07-09,31,48.14350891113281,49.005109917779066,55.414603135012484
20001_0310_1,2024-07-09,32,45.468868255615234,49.089342231172836,55.29391160768761
20001_0310_1,2024-07-09,33,48.468868255615234,48.59073989475325,55.06591951226389
20001_0310_1,2024-07-09,34,28.273508071899414,51.29639367114124,51.2568765284786
20001_0310_1,2024-07-09,35,32.92715072631836,49.62573773074607,42.95479256309053
20001_0310_1,2024-07-09,36,34.55518341064453,28.11510191009353,30.0676326115361
20001_0310_1,2024-07-09,37,26.261940002441406,28.206539765117117,29.26715684078526
20001_0310_1,2024-07-09,38,30.87973403930664,33.33852933205807,29.119859934513283
20001_0310_1,2024-07-09,39,33.47610855102539,26.14090364139345,26.03352293295857
20001_0310_1,2024-07-09,40,32.91118621826172,25.26795314170153,27.13853144771126
20001_0310_1,2024-07-09,41,35.91925811767578,30.292879285428448,30.655100828308004
20001_0310_1,2024-07-09,42,40.91925811767578,28.584866746650782,33.13904954106869
20001_0310_1,2024-07-09,43,50.09724044799805,30.055947344387512,38.14015687962738
20001_0310_1,2024-07-09,44,57.31406021118164,35.526182182936815,46.481024520991994
20001_0310_1,2024-07-09,45,68.3140640258789,37.2211353527958,53.08467251173646
20001_0310_1,2024-07-09,46,60.2771110534668,48.811778022943706,58.099820508101445
20001_0310_1,2024-07-09,47,65.59812927246094,60.524288685427116,59.757309766233305
20001_0310_1,2024-07-09,48,67.3118896484375,62.03258359592718,60.276312673577536
20001_0310_1,2024-07-09,49,68.3118896484375,59.59206676552679,60.627892369894454
20001_0310_1,2024-07-09,50,69.3118896484375,66.01525656850222,61.368242383302345
20001_0310_1,2024-07-09,51,30.245189666748047,73.1169440300284,58.712217442635634
20001_0310_1,2024-07-09,52,31.245189666748047,71.2538768515274,51.779576910693436
20001_0310_1,2024-07-09,53,31.245189666748047,31.551458328094036,31.62084223333738
20001_0310_1,2024-07-09,54,27.495765686035156,32.44383162941776,30.610099302427514
20001_0310_1,2024-07-09,55,29.7463436126709,33.966849108756435,27.7737218460087
20001_0310_1,2024-07-09,56,26.69002342224121,28.768219987167747,23.496369253455814
20001_0310_1,2024-07-09,57,28.69002342224121,24.574341487557657,21.991264233761058
20001_0310_1,2024-07-09,58,26.08184051513672,26.932357355376865,23.352520621706
20001_0310_1,2024-07-09,59,25.473655700683594,28.501740357633594,22.602260193524803
20001_0310_1,2024-07-09,60,25.473655700683594,27.09836930080242,21.405166125450947
20001_0310_1,2024-07-09,61,25.473655700683594,24.40410841831695,20.422572075496326
20001_0310_1,2024-07-09,62,25.473655700683594,26.59645009599255,21.445346674472148
20001_0310_1,2024-07-09,63,19.105241775512695,27.87134808655556,19.226590494530697
20001_0310_1,2024-07-09,64,20.105241775512695,27.169664245090644,16.754209452972983
20001_0310_1,2024-07-09,65,20.105241775512695,19.773343634640312,14.419449208763853
20001_0310_1,2024-07-09,66,18.592086791992188,20.393359101263215,14.158405459603207
20001_0310_1,2024-07-09,67,15.155252456665039,22.623691722804008,13.029863738689485
20001_0310_1,2024-07-09,68,7.5776262283325195,19.807026826771924,11.415009167010634
20001_0310_1,2024-07-09,69,6.314688205718994,12.936726316570766,10.361986666817117
20001_0310_1,2024-07-09,70,6.051750659942627,9.72544921284587,10.06873021732699
20001_0310_1,2024-07-09,71,3.6310503482818604,8.776108640150518,10.022622973823196
20001_0310_1,2024-07-09,72,3.6310503482818604,7.920833769497953,9.996164923798602
20001_0310_1,2024-07-09,73,0.0,7.496752653797724,10.08973814571673
20001_0310_1,2024-07-10,1,0.0,0.0,0.0
20001_0310_1,2024-07-10,2,0.0,0.0,0.0
20001_0310_1,2024-07-10,3,1.0,5.750034208111757,9.452019203529524
20001_0310_1,2024-07-10,4,11.0,5.166905768452171,9.483495288547775
20001_0310_1,2024-07-10,5,15.0,4.431024823154264,9.631430108557172
20001_0310_1,2024-07-10,6,15.0,4.964059635700298,10.65814706983381
20001_0310_1,2024-07-10,7,16.0,12.193075113085495,12.26168957036733
20001_0310_1,2024-07-10,8,6.0,18.387979622544925,11.997406081703716
20001_0310_1,2024-07-10,9,5.800000190734863,17.183031300719087,11.156117927168388
20001_0310_1,2024-07-10,10,4.639999866485596,7.483688152057116,10.489016166362628
20001_0310_1,2024-07-10,11,4.639999866485596,7.9722943789177485,10.612377653522064
20001_0310_1,2024-07-10,12,5.639999866485596,7.881695957694138,10.682369607375158
20001_0310_1,2024-07-10,13,6.639999866485596,7.764584578201006,10.772488974488624
20001_0310_1,2024-07-10,14,7.5333333015441895,7.813920171673779,10.890896349862675
20001_0310_1,2024-07-10,15,7.5333333015441895,8.162229973027063,11.059769251578572
20001_0310_1,2024-07-10,16,8.533333778381348,8.168162440465945,11.227540721239762
20001_0310_1,2024-07-10,17,18.53333282470703,9.446029823262094,11.44982640066998
20001_0310_1,2024-07-10,18,31.53333282470703,8.099504223295078,12.444157834558176
20001_0310_1,2024-07-10,19,30.365432739257812,7.924329508484515,16.590416081497054
20001_0310_1,2024-07-10,20,37.36543273925781,18.310255122732848,24.43308378119398
20001_0310_1,2024-07-10,21,39.74942398071289,30.926226651388802,34.30201854882928
20001_0310_1,2024-07-10,22,40.18494415283203,30.524418116250985,38.267777524166114
20001_0310_1,2024-07-10,23,38.88865661621094,34.473369482981425,43.86930253964504
20001_0310_1,2024-07-10,24,46.88865661621094,38.710263017088906,47.385912700068914
20001_0310_1,2024-07-10,25,52.283729553222656,39.54805575339417,50.09192955486252
20001_0310_1,2024-07-10,26,53.283729553222656,38.4628816468111,53.510065348361664
20001_0310_1,2024-07-10,27,62.01506805419922,45.908724585942196,56.79260183831581
20001_0310_1,2024-07-10,28,61.43110656738281,53.57104683591659,58.80713076146617
20001_0310_1,2024-07-10,29,60.15129470825195,53.95313331337195,59.427882224303175
20001_0310_1,2024-07-10,30,60.15129470825195,61.72915839658805,60.172578091749884
20001_0310_1,2024-07-10,31,65.15129089355469,62.406347152106925,60.261879003956594
20001_0310_1,2024-07-10,32,64.87381744384766,61.78084831362904,60.445788198011144
20001_0310_1,2024-07-10,33,66.57633972167969,62.198415071846505,60.61364174751067
20001_0310_1,2024-07-10,34,44.810997009277344,68.26282341672731,59.95089810063204
20001_0310_1,2024-07-10,35,45.250370025634766,66.8186415958842,58.344429747802764
20001_0310_1,2024-07-10,36,41.371768951416016,47.416071587244,53.6800839569444
20001_0310_1,2024-07-10,37,33.614559173583984,45.92482128801121,50.27126344562636
20001_0310_1,2024-07-10,38,40.321693420410156,44.26292060247954,45.75069333604411
20001_0310_1,2024-07-10,39,41.020992279052734,33.41890818902897,41.61414395890609
20001_0310_1,2024-07-10,40,37.05121994018555,33.14477491238754,43.26882225145071
20001_0310_1,2024-07-10,41,33.08144760131836,41.83020018070944,45.23059895420316
20001_0310_1,2024-07-10,42,41.43492889404297,39.606791935386205,40.66643799629832
20001_0310_1,2024-07-10,43,60.43492889404297,32.28357877308759,40.1890442049813
20001_0310_1,2024-07-10,44,57.55707550048828,27.315335182555632,48.25987455707494
20001_0310_1,2024-07-10,45,68.55707550048828,42.30405087365881,56.894898893489795
20001_0310_1,2024-07-10,46,61.491539001464844,59.87735076044334,60.02118923162708
20001_0310_1,2024-07-10,47,62.8179931640625,60.500202440688945,60.13329348831232
20001_0310_1,2024-07-10,48,63.20057678222656,62.95700692426188,60.40104717577769
20001_0310_1,2024-07-10,49,62.910770416259766,61.23166272486436,60.429141612765
20001_0310_1,2024-07-10,50,62.910770416259766,62.580276432497804,60.73942590216643
20001_0310_1,2024-07-10,51,21.258398056030273,70.39384218706279,55.659489950258994
20001_0310_1,2024-07-10,52,24.007904052734375,67.76760651067877,43.85709311618188
20001_0310_1,2024-07-10,53,24.007904052734375,19.291756336889915,18.908000704750286
20001_0310_1,2024-07-10,54,24.80750846862793,20.815129160422185,20.520911406621053
20001_0310_1,2024-07-10,55,31.501850128173828,25.066449434906854,22.675893187217266
20001_0310_1,2024-07-10,56,28.876697540283203,22.712600707317428,23.839082460017238
20001_0310_1,2024-07-10,57,27.564119338989258,24.332167865822772,26.31827742526313
20001_0310_1,2024-07-10,58,28.564119338989258,30.220064954797444,29.45915411413196
20001_0310_1,2024-07-10,59,32.265750885009766,28.749103844731618,28.1487586137253
20001_0310_1,2024-07-10,60,28.232532501220703,28.496609090923034,28.12432531788101
20001_0310_1,2024-07-10,61,29.232532501220703,28.24435484127944,28.156526814554457
20001_0310_1,2024-07-10,62,29.232532501220703,29.129332858884794,29.034901150401026
20001_0310_1,2024-07-10,63,23.917526245117188,30.325046795265767,27.257095247216917
20001_0310_1,2024-07-10,64,26.917526245117188,30.87632364503206,24.92063569904884
20001_0310_1,2024-07-10,65,26.917526245117188,24.24617014467153,21.893233537573586
20001_0310_1,2024-07-10,66,27.917526245117188,24.566023918525048,23.049432527146905
20001_0310_1,2024-07-10,67,14.635248184204102,31.304285981138804,19.710233150205998
20001_0310_1,2024-07-10,68,10.313339233398438,29.808263228571043,14.209350149913003
20001_0310_1,2024-07-10,69,5.893336772918701,12.489412222711625,10.245660240451723
20001_0310_1,2024-07-10,70,6.893336772918701,10.953454674749839,9.872930543073018
20001_0310_1,2024-07-10,71,8.170002937316895,8.23995780390953,9.624696594162614
20001_0310_1,2024-07-10,72,6.127501964569092,8.11062455401261,9.660845778842642
20001_0310_1,2024-07-10,73,0.0,8.455958996100776,9.788156168625978
20001_0310_1,2024-07-11,1,0.0,0.0,0.0
20001_0310_1,2024-07-11,2,0.0,0.0,0.0
20001_0310_1,2024-07-11,3,0.0,5.411197707943597,10.082775523742995
20001_0310_1,2024-07-11,4,0.0,4.924077491443889,10.13423236718334
20001_0310_1,2024-07-11,5,1.0,4.969284140238482,10.231975213714168
20001_0310_1,2024-07-11,6,1.0,4.918262076190519,10.30004003385449
20001_0310_1,2024-07-11,7,1.0,5.008836602458214,10.442335976045218
20001_0310_1,2024-07-11,8,1.0,5.576972987818401,10.583113275963346
20001_0310_1,2024-07-11,9,2.0,5.61169184617906,10.680960427252533
20001_0310_1,2024-07-11,10,3.0,5.5385288993428645,10.753848291449092
20001_0310_1,2024-07-11,11,2.0,5.60404243802747,10.890317738705388
20001_0310_1,2024-07-11,12,3.0,6.156657913862105,11.019392271729327
20001_0310_1,2024-07-11,13,6.0,6.047950595148983,11.086057116770604
20001_0310_1,2024-07-11,14,11.0,5.774233789600757,11.193878985936902
20001_0310_1,2024-07-11,15,12.0,5.935822257298202,11.577128375420184
20001_0310_1,2024-07-11,16,12.0,7.811743896385632,12.266616868337884
20001_0310_1,2024-07-11,17,25.0,11.978408349230317,12.885432464983932
20001_0310_1,2024-07-11,18,40.4375,10.873162782383936,14.449112149455784
20001_0310_1,2024-07-11,19,42.08958435058594,9.26032196280197,21.113279311289403
20001_0310_1,2024-07-11,20,46.08958435058594,22.10750454643062,35.791223117043955
20001_0310_1,2024-07-11,21,36.889400482177734,42.36298990933953,45.42996902963687
20001_0310_1,2024-07-11,22,39.889400482177734,44.262490731187455,44.84757809297941
20001_0310_1,2024-07-11,23,39.889400482177734,34.06209635757655,42.25952484263966
20001_0310_1,2024-07-11,24,43.889400482177734,37.949031666283446,46.113233260303794
20001_0310_1,2024-07-11,25,43.889400482177734,40.652211539837026,49.22495475245475
20001_0310_1,2024-07-11,26,43.889400482177734,41.08074713344631,50.86229852233446
20001_0310_1,2024-07-11,27,44.889400482177734,45.82850637153487,52.710744639178465
20001_0310_1,2024-07-11,28,42.32429122924805,46.11270449560044,52.57212669595382
20001_0310_1,2024-07-11,29,42.32429122924805,45.89025159641888,52.26080947085627
20001_0310_1,2024-07-11,30,44.32429122924805,43.99315490473236,51.710260041603156
20001_0310_1,2024-07-11,31,45.32429122924805,43.553071840522634,52.15377682166118
20001_0310_1,2024-07-11,32,46.73433303833008,44.12044061585463,52.41220260281001
20001_0310_1,2024-07-11,33,47.73433303833008,45.47860983619629,53.42117007463924
20001_0310_1,2024-07-11,34,27.635665893554688,48.05236043918907,49.48725648718592
20001_0310_1,2024-07-11,35,31.635665893554688,50.51251054535892,43.39914487331509
20001_0310_1,2024-07-11,36,30.999361038208008,27.49267824719938,28.80163346770875
20001_0310_1,2024-07-11,37,23.24951934814453,28.868475848780154,27.29324540435287
20001_0310_1,2024-07-11,38,27.24951934814453,29.8473459956101,25.309991657640012
20001_0310_1,2024-07-11,39,29.24951934814453,22.470877100976285,22.73975474648578
20001_0310_1,2024-07-11,40,36.24951934814453,22.57265663006102,25.493162251845284
20001_0310_1,2024-07-11,41,37.24951934814453,25.991218199986886,32.303562917779495
20001_0310_1,2024-07-11,42,40.24951934814453,28.94195817191284,37.85736185538873
20001_0310_1,2024-07-11,43,42.24951934814453,36.794368913881065,43.8532209543407
20001_0310_1,2024-07-11,44,51.24951934814453,37.99503286405019,46.124849493602284
20001_0310_1,2024-07-11,45,60.24951934814453,40.007783165117615,50.45917693512928
20001_0310_1,2024-07-11,46,58.88021469116211,41.97313519065794,54.84250172143967
20001_0310_1,2024-07-11,47,60.88021469116211,53.43310946618743,58.189899882140516
20001_0310_1,2024-07-11,48,60.88021469116211,61.119780818328486,59.47522840716502
20001_0310_1,2024-07-11,49,59.4965705871582,61.57679439722307,59.54424943097212
20001_0310_1,2024-07-11,50,59.11293029785156,63.57817790363459,59.567779145669434
20001_0310_1,2024-07-11,51,30.963916778564453,66.40367911879393,55.66833471053451
20001_0310_1,2024-07-11,52,33.96391677856445,62.724820555973324,48.17158753884527
20001_0310_1,2024-07-11,53,32.48722457885742,31.734912349306185,34.368160133840476
20001_0310_1,2024-07-11,54,31.01053237915039,32.219213016665,34.550876692966455
20001_0310_1,2024-07-11,55,35.53384017944336,34.152526723728975,34.33204751262084
20001_0310_1,2024-07-11,56,31.898990631103516,31.932732675369518,33.14430293209283
20001_0310_1,2024-07-11,57,33.898990631103516,30.137735567705526,33.09468422034005
20001_0310_1,2024-07-11,58,27.735538482666016,32.70389688855252,32.94540312853859
20001_0310_1,2024-07-11,59,27.735538482666016,33.38278211748709,31.572539129522237
20001_0310_1,2024-07-11,60,27.735538482666016,28.49182266010683,28.610970611485676
20001_0310_1,2024-07-11,61,27.735538482666016,28.471874470087368,28.401046606549414
20001_0310_1,2024-07-11,62,27.735538482666016,28.45460229254547,28.164274720101456
20001_0310_1,2024-07-11,63,21.572084426879883,29.716651808594612,25.834681112608695
20001_0310_1,2024-07-11,64,21.572084426879883,29.01567448889313,22.78439445485714
20001_0310_1,2024-07-11,65,21.572084426879883,21.99786412818828,18.904227856358546
20001_0310_1,2024-07-11,66,18.490358352661133,22.652405586440636,17.893189301520422
20001_0310_1,2024-07-11,67,18.326906204223633,23.624348283844906,15.57893485292365
20001_0310_1,2024-07-11,68,15.5073823928833,18.721738328812908,13.519186664622993
20001_0310_1,2024-07-11,69,12.687857627868652,13.062075283035721,12.246205828495206
20001_0310_1,2024-07-11,70,15.278096199035645,16.368186461446413,12.328782162842764
20001_0310_1,2024-07-11,71,6.944589138031006,14.13439710849048,11.459020033455985
20001_0310_1,2024-07-11,72,6.944589138031006,12.354828017938054,10.918275573435597
20001_0310_1,2024-07-11,73,0.0,9.529715589852913,10.604810339248278
20001_0310_1,2024-07-12,1,0.0,0.0,0.0
20001_0310_1,2024-07-12,2,0.0,0.0,0.0
20001_0310_1,2024-07-12,3,0.0,4.992381335768048,11.772633335932845
20001_0310_1,2024-07-12,4,0.0,4.542475167890842,11.860376640824551
20001_0310_1,2024-07-12,5,0.0,4.576681302850172,11.985193303221369
20001_0310_1,2024-07-12,6,0.0,4.611325310157209,12.112567357629736
20001_0310_1,2024-07-12,7,0.0,4.644848910947044,12.24135816676009
20001_0310_1,2024-07-12,8,1.0,4.679862255918593,12.370373846671477
20001_0310_1,2024-07-12,9,1.0,4.6339815523283505,12.464542955297418
20001_0310_1,2024-07-12,10,1.0,4.690889842041912,12.630314128999768
20001_0310_1,2024-07-12,11,1.0,5.236299823741241,12.783013637316522
20001_0310_1,2024-07-12,12,1.0,5.242762492948856,12.90076267057104
20001_0310_1,2024-07-12,13,1.0,5.237417098901595,13.012386032858817
20001_0310_1,2024-07-12,14,2.0,5.219760534329904,13.116698037085442
20001_0310_1,2024-07-12,15,3.0,5.089521467613128,13.187251487991084
20001_0310_1,2024-07-12,16,3.0,4.996050718404735,13.29371959679769
20001_0310_1,2024-07-12,17,8.0,5.536573170799212,13.444101653990806
20001_0310_1,2024-07-12,18,12.0,5.513641590360521,13.510790194107827
20001_0310_1,2024-07-12,19,12.0,5.289071068446134,13.908395628552476
20001_0310_1,2024-07-12,20,13.0,8.477514530980113,14.525816879533092
20001_0310_1,2024-07-12,21,11.0,12.209580192089948,14.806226844572345
20001_0310_1,2024-07-12,22,11.0,12.009529242868677,14.726671852114912
20001_0310_1,2024-07-12,23,11.0,10.925111547537949,14.633960297586544
20001_0310_1,2024-07-12,24,13.0,10.82293627977998,14.610471458389776
20001_0310_1,2024-07-12,25,14.0,10.37551658172378,14.670300246520886
20001_0310_1,2024-07-12,26,14.0,10.294471003973605,14.857142459126473
20001_0310_1,2024-07-12,27,16.0,12.281296470492467,15.110615035423345
20001_0310_1,2024-07-12,28,14.933333396911621,13.066060511454495,15.237553065975263
20001_0310_1,2024-07-12,29,14.933333396911621,13.106711565119273,15.27207914093009
20001_0310_1,2024-07-12,30,14.933333396911621,14.043348278571614,15.328118109974575
20001_0310_1,2024-07-12,31,18.933332443237305,14.016407143840768,15.251869860671869
20001_0310_1,2024-07-12,32,19.819608688354492,13.449353169907742,15.44611090311591
20001_0310_1,2024-07-12,33,20.819608688354492,13.353436755107523,16.048476868308676
20001_0310_1,2024-07-12,34,12.72309398651123,18.12146327758166,16.10149982102224
20001_0310_1,2024-07-12,35,12.72309398651123,19.670719644846905,15.384202983894514
20001_0310_1,2024-07-12,36,12.72309398651123,11.964136212144165,14.202614181186801
20001_0310_1,2024-07-12,37,12.72309398651123,12.001428304316118,14.139843796253627
20001_0310_1,2024-07-12,38,13.72309398651123,12.048642922380644,14.082575667194115
20001_0310_1,2024-07-12,39,14.72309398651123,11.921331142211592,14.079039953697983
20001_0310_1,2024-07-12,40,14.72309398651123,11.896878959046091,14.207108015394732
20001_0310_1,2024-07-12,41,14.72309398651123,13.074994286587234,14.47205915777622
20001_0310_1,2024-07-12,42,15.72309398651123,14.185739938517916,14.64341707354405
20001_0310_1,2024-07-12,43,17.723093032836914,14.069369378724241,14.719806566176983
20001_0310_1,2024-07-12,44,18.723093032836914,13.863285325311898,15.082993037219936
20001_0310_1,2024-07-12,45,23.723093032836914,14.993305455943505,15.856704117352143
20001_0310_1,2024-07-12,46,23.723093032836914,16.340396583793943,17.636477390848015
20001_0310_1,2024-07-12,47,25.723093032836914,18.03670615738763,19.585476646748745
20001_0310_1,2024-07-12,48,24.498184204101562,23.731214252537278,22.331801309339497
20001_0310_1,2024-07-12,49,24.498184204101562,23.85151306078961,22.70146489876437
20001_0310_1,2024-07-12,50,25.498184204101562,24.74077650673713,23.187387551171604
20001_0310_1,2024-07-12,51,23.069786071777344,25.048331470273077,22.81676680363273
20001_0310_1,2024-07-12,52,23.069786071777344,24.906708475921715,22.277244224333316
20001_0310_1,2024-07-12,53,23.069786071777344,23.31817838597966,21.48976160188151
20001_0310_1,2024-07-12,54,16.784589767456055,24.78269540129975,19.72114333964125
20001_0310_1,2024-07-12,55,16.784589767456055,23.803576862119243,17.653217518365146
20001_0310_1,2024-07-12,56,16.784589767456055,15.610594059447967,15.21013334347464
20001_0310_1,2024-07-12,57,16.784589767456055,16.667532436604965,15.417660655049174
20001_0310_1,2024-07-12,58,15.493468284606934,16.899292937439782,15.144324281249734
20001_0310_1,2024-07-12,59,15.493468284606934,16.739606927563734,14.774875686680911
20001_0310_1,2024-07-12,60,14.202345848083496,15.572749328331595,14.192425530935953
20001_0310_1,2024-07-12,61,14.202345848083496,15.418668999543689,13.87653755500588
20001_0310_1,2024-07-12,62,14.202345848083496,14.040447790095742,13.50516868878616
20001_0310_1,2024-07-12,63,12.620100975036621,14.514917834837215,13.258021928207846
20001_0310_1,2024-07-12,64,12.620100975036621,14.060068483364931,12.923961324730541
20001_0310_1,2024-07-12,65,12.620100975036621,11.54610587757676,12.59401688080747
20001_0310_1,2024-07-12,66,14.217867851257324,12.791626784743269,12.66437210505109
20001_0310_1,2024-07-12,67,8.755200386047363,13.306820129516264,12.430969623012377
20001_0310_1,2024-07-12,68,6.253714561462402,11.866026630007081,12.010458700597244
20001_0310_1,2024-07-12,69,3.7522287368774414,8.915436705650688,11.710080513196207
20001_0310_1,2024-07-12,70,4.2507429122924805,8.046577470128362,11.620582487361261
20001_0310_1,2024-07-12,71,2.1253714561462402,6.265803085404155,11.42939409150176
20001_0310_1,2024-07-12,72,2.1253714561462402,4.914180113819864,11.453176721248937
20001_0310_1,2024-07-12,73,0.0,5.649759017690556,11.674333399364428
20001_0310_1,2024-08-28,1,0.0,0.0,0.0
20001_0310_1,2024-08-28,2,0.0,0.0,0.0
20001_0310_1,2024-08-28,3,12.0,14.294225992725579,10.109023204086053
20001_0310_1,2024-08-28,4,12.0,4.304564647001762,9.484598108727795
20001_0310_1,2024-08-28,5,12.0,4.739202879449486,10.365457246037877
20001_0310_1,2024-08-28,6,12.0,13.356543170338625,11.637454004665681
20001_0310_1,2024-08-28,7,12.0,13.41450480483492,11.748489688453581
20001_0310_1,2024-08-28,8,9.0,14.010599158574008,11.630830907472141
20001_0310_1,2024-08-28,9,9.0,13.77999430238728,11.451968146261915
20001_0310_1,2024-08-28,10,10.0,10.965582457159925,11.263729082069588
20001_0310_1,2024-08-28,11,10.0,10.821364865655188,11.41629868565261
20001_0310_1,2024-08-28,12,7.0,11.762272113929445,11.330792122956215
20001_0310_1,2024-08-28,13,11.0,11.915156942747952,11.198538054847656
20001_0310_1,2024-08-28,14,15.0,7.500520605550751,11.229515464004617
20001_0310_1,2024-08-28,15,25.0,8.470316077165133,12.133206571423855
20001_0310_1,2024-08-28,16,25.0,10.556353869193998,14.917812648510978
20001_0310_1,2024-08-28,17,37.0,15.285350041745925,18.465860003270883
20001_0310_1,2024-08-28,18,44.0,23.886719720474765,27.89824827555101
20001_0310_1,2024-08-28,19,44.0,23.77797557347655,37.86691940945289
20001_0310_1,2024-08-28,20,45.0,38.34540543557474,49.325198603103956
20001_0310_1,2024-08-28,21,30.0,50.08412168156386,48.66435440199167
20001_0310_1,2024-08-28,22,31.0,47.44439904808804,41.78280617694927
20001_0310_1,2024-08-28,23,35.0,27.401418123693702,30.770025577446305
20001_0310_1,2024-08-28,24,44.0,30.06213026645306,35.99685485611501
20001_0310_1,2024-08-28,25,43.16666793823242,30.142984126080705,42.48362706848406
20001_0310_1,2024-08-28,26,41.36805725097656,35.82820221417365,48.760662325011346
20001_0310_1,2024-08-28,27,42.77083206176758,45.03354227010762,51.56965832779141
20001_0310_1,2024-08-28,28,40.911231994628906,42.94331452612636,50.85235044385584
20001_0310_1,2024-08-28,29,40.911231994628906,38.96028379259259,50.29733501510186
20001_0310_1,2024-08-28,30,40.911231994628906,42.71210544575215,51.95075281462161
20001_0310_1,2024-08-28,31,41.051631927490234,43.085079789618625,51.58481375299495
20001_0310_1,2024-08-28,32,40.0967903137207,42.83944193738708,50.9425356425308
20001_0310_1,2024-08-28,33,40.0967903137207,40.39176217788713,50.180600620801414
20001_0310_1,2024-08-28,34,31.549936294555664,42.59782114747893,47.701339089019015
20001_0310_1,2024-08-28,35,32.60619354248047,43.30147197035924,42.20195003023588
20001_0310_1,2024-08-28,36,26.0849552154541,31.847613258898573,31.029085227406647
20001_0310_1,2024-08-28,37,31.911209106445312,28.717123858682093,26.47489053537599
20001_0310_1,2024-08-28,38,38.78379440307617,25.583916888889345,26.36711807474912
20001_0310_1,2024-08-28,39,42.7425422668457,22.42479993162878,31.007253209628985
20001_0310_1,2024-08-28,40,41.33116149902344,30.04099394156823,39.815769100207675
20001_0310_1,2024-08-28,41,38.62986373901367,39.10144362109156,43.18795304360755
20001_0310_1,2024-08-28,42,53.357521057128906,37.42575043257132,42.07656330638321
20001_0310_1,2024-08-28,43,55.1342887878418,30.460481073609287,45.93969475185568
20001_0310_1,2024-08-28,44,61.01374053955078,36.323989747023894,53.39289836998478
20001_0310_1,2024-08-28,45,66.01374053955078,52.38052002970141,58.70687071612912
20001_0310_1,2024-08-28,46,73.41236877441406,55.70747690687748,59.66469702415845
20001_0310_1,2024-08-28,47,76.18775177001953,61.677218924263464,61.01250663389189
20001_0310_1,2024-08-28,48,74.5703125,61.26493036888282,61.46533854168234
20001_0310_1,2024-08-28,49,72.37706756591797,71.08151154659828,62.14135554030284
20001_0310_1,2024-08-28,50,70.18382263183594,71.67004031505402,62.13868768559162
20001_0310_1,2024-08-28,51,36.12568664550781,76.42921606835847,58.69222446899521
20001_0310_1,2024-08-28,52,36.12568664550781,71.35940797731377,52.2268873939683
20001_0310_1,2024-08-28,53,33.86783218383789,24.621824295496072,33.334892548764614
20001_0310_1,2024-08-28,54,50.60997772216797,38.72715339500908,39.64297014646306
20001_0310_1,2024-08-28,55,40.877288818359375,33.81271965719878,40.25431565815955
20001_0310_1,2024-08-28,56,33.198062896728516,34.666513362744716,39.09882402334626
20001_0310_1,2024-08-28,57,37.198062896728516,43.48008826261005,41.052260805308855
20001_0310_1,2024-08-28,58,29.931827545166016,30.953958644394625,33.18246749408584
20001_0310_1,2024-08-28,59,26.655851364135742,35.84205591789214,32.61602643609123
20001_0310_1,2024-08-28,60,45.655853271484375,30.213025543936766,27.751046184304162
20001_0310_1,2024-08-28,61,42.50532150268555,23.657868027518646,31.400687964759836
20001_0310_1,2024-08-28,62,42.50532150268555,26.194564424585206,40.4267932019864
20001_0310_1,2024-08-28,63,40.38005447387695,44.20399812729488,49.36127662340909
20001_0310_1,2024-08-28,64,38.25478744506836,45.570207237190004,48.456385282253166
20001_0310_1,2024-08-28,65,39.25478744506836,42.785265504443466,46.28275028768357
20001_0310_1,2024-08-28,66,42.07396697998047,40.49057921593722,44.43305111761768
20001_0310_1,2024-08-28,67,15.62218952178955,45.53861875161711,34.443821203484774
20001_0310_1,2024-08-28,68,8.678994178771973,42.22186549933856,19.5039823159953
20001_0310_1,2024-08-28,69,5.471597671508789,14.865394838537066,10.397787617873895
20001_0310_1,2024-08-28,70,2.0,11.17647186702969,9.684603953351417
20001_0310_1,2024-08-28,71,2.0,6.801535335259754,9.17398886193115
20001_0310_1,2024-08-28,72,2.0,5.017070688401251,9.155897204952804
20001_0310_1,2024-08-28,73,2.0,6.118477282677208,9.352823107414274
20001_0310_1,2024-08-29,1,0.0,0.0,0.0
20001_0310_1,2024-08-29,2,1.0,1.0,1.0
20001_0310_1,2024-08-29,3,6.0,5.310471751469045,10.050084793604864
20001_0310_1,2024-08-29,4,6.0,4.472402868027572,10.03221915901409
20001_0310_1,2024-08-29,5,7.0,5.192120904922604,10.440914878656944
20001_0310_1,2024-08-29,6,7.0,8.022151115942009,10.856728455770625
20001_0310_1,2024-08-29,7,7.0,8.123507983359438,11.02024421841153
20001_0310_1,2024-08-29,8,7.0,8.826208409577315,11.191416426483723
20001_0310_1,2024-08-29,9,4.199999809265137,9.324485204774774,11.260824942827004
20001_0310_1,2024-08-29,10,5.199999809265137,9.136362043123551,11.19036468498878
20001_0310_1,2024-08-29,11,5.199999809265137,7.188020626674152,11.121206893746095
20001_0310_1,2024-08-29,12,7.199999809265137,7.248691489005527,11.263744574908959
20001_0310_1,2024-08-29,13,8.199999809265137,7.622531549921966,11.422966334498852
20001_0310_1,2024-08-29,14,10.199999809265137,7.604450770674621,11.643484577630165
20001_0310_1,2024-08-29,15,14.199999809265137,8.654159516830777,11.990552348879898
20001_0310_1,2024-08-29,16,13.016666412353516,9.153393021079669,12.455887474207376
20001_0310_1,2024-08-29,17,28.016666412353516,11.135018324138933,12.98445723307605
20001_0310_1,2024-08-29,18,30.743181228637695,11.357879250191438,15.410715302217051
20001_0310_1,2024-08-29,19,40.462215423583984,12.081298897936975,19.45832640149603
20001_0310_1,2024-08-29,20,42.462215423583984,25.076937695693434,32.01793590210842
20001_0310_1,2024-08-29,21,38.182979583740234,30.406575892035384,38.40555730422484
20001_0310_1,2024-08-29,22,38.182979583740234,42.19476148487238,44.871369315248046
20001_0310_1,2024-08-29,23,44.182979583740234,36.12616610740269,43.24240516252058
20001_0310_1,2024-08-29,24,52.182979583740234,38.39126588931712,47.37530838876689
20001_0310_1,2024-08-29,25,55.182979583740234,37.36983115101809,51.58540398931896
20001_0310_1,2024-08-29,26,55.182979583740234,44.89121841625218,55.90260625086516
20001_0310_1,2024-08-29,27,56.80340576171875,54.705795546209075,57.78807645479058
20001_0310_1,2024-08-29,28,58.80340576171875,57.193354000125666,58.35501071436357
20001_0310_1,2024-08-29,29,58.80340576171875,55.645654728472316,58.61204503880475
20001_0310_1,2024-08-29,30,58.80340576171875,59.01276958305899,59.110646224169
20001_0310_1,2024-08-29,31,61.80340576171875,61.01101693192849,59.323373394453135
20001_0310_1,2024-08-29,32,63.80340576171875,60.48801623301125,59.505425135907345
20001_0310_1,2024-08-29,33,66.80340576171875,60.44963233658227,59.78011232784448
20001_0310_1,2024-08-29,34,48.904518127441406,66.14450488505281,59.164347377568404
20001_0310_1,2024-08-29,35,56.466148376464844,66.28284709643026,58.10456700011828
20001_0310_1,2024-08-29,36,48.779048919677734,48.91211142913239,55.18976015001189
20001_0310_1,2024-08-29,37,58.8227424621582,50.02259826947457,55.01162910565672
20001_0310_1,2024-08-29,38,68.31446838378906,47.84614300715056,56.07166343027559
20001_0310_1,2024-08-29,39,73.62159729003906,45.87846466747595,57.72955615416875
20001_0310_1,2024-08-29,40,82.62159729003906,57.38874325018026,60.229858610905204
20001_0310_1,2024-08-29,41,79.9245834350586,63.758374618226114,61.047152830846485
20001_0310_1,2024-08-29,42,77.78845977783203,72.5732077282982,61.51386495949929
20001_0310_1,2024-08-29,43,83.37413024902344,72.31633211794247,61.64916335044629
20001_0310_1,2024-08-29,44,87.37413024902344,71.00446610785515,61.91596558222602
20001_0310_1,2024-08-29,45,89.98723602294922,73.53093253673916,62.22913219359923
20001_0310_1,2024-08-29,46,90.08441925048828,77.09463124898303,62.47088175343884
20001_0310_1,2024-08-29,47,85.36477661132812,77.98602472516771,62.51869224054448
20001_0310_1,2024-08-29,48,83.94203186035156,78.19950914262901,62.548407107137706
20001_0310_1,2024-08-29,49,84.94203186035156,77.5257466082426,62.547250357936626
20001_0310_1,2024-08-29,50,87.94203186035156,77.36948994548166,62.60405918719352
20001_0310_1,2024-08-29,51,60.76521682739258,78.6786867128852,61.64253211109781
20001_0310_1,2024-08-29,52,60.76521682739258,77.84399612272007,60.985272557540526
20001_0310_1,2024-08-29,53,58.567047119140625,55.662626242829035,58.46828245552585
20001_0310_1,2024-08-29,54,52.652584075927734,64.48816075003703,58.7322733096831
20001_0310_1,2024-08-29,55,51.10397720336914,60.7152966842926,57.34248093085485
20001_0310_1,2024-08-29,56,43.3609504699707,54.95580794001599,54.53594730634768
20001_0310_1,2024-08-29,57,43.3609504699707,54.57414620005421,52.80537275928319
20001_0310_1,2024-08-29,58,21.68047523498535,50.14828051461531,43.46019977769392
20001_0310_1,2024-08-29,59,20.13187026977539,47.99574649510172,33.96222007937156
20001_0310_1,2024-08-29,60,21.583263397216797,22.675530857078158,18.97313604216649
20001_0310_1,2024-08-29,61,21.583263397216797,20.047994289714467,18.154693936944234
20001_0310_1,2024-08-29,62,21.144380569458008,18.895410328100503,17.829187589182894
20001_0310_1,2024-08-29,63,20.32512855529785,22.558156505689986,18.14672156455299
20001_0310_1,2024-08-29,64,20.32512855529785,20.24609764759625,17.087195390604506
20001_0310_1,2024-08-29,65,21.32512855529785,18.400635820799522,16.66993448616529
20001_0310_1,2024-08-29,66,28.32512855529785,20.458798347621233,17.56153053120795
20001_0310_1,2024-08-29,67,21.328025817871094,21.19890050190505,16.97761430923809
20001_0310_1,2024-08-29,68,13.7108736038208,23.032084817712466,15.483375245659067
20001_0310_1,2024-08-29,69,13.187442779541016,19.381058433815262,13.255233610763103
20001_0310_1,2024-08-29,70,10.242152214050293,15.007087114766758,11.758624789647655
20001_0310_1,2024-08-29,71,5.852658271789551,13.5457535635101,11.077471244386402
20001_0310_1,2024-08-29,72,5.852658271789551,9.592738430940237,10.520302389897179
20001_0310_1,2024-08-29,73,0.0,8.54509302324147,10.465043473328258
20001_0310_1,2024-08-30,1,0.0,0.0,0.0
20001_0310_1,2024-08-30,2,0.0,0.0,0.0
20001_0310_1,2024-08-30,3,0.0,4.992381335768048,11.772633335932845
20001_0310_1,2024-08-30,4,0.0,4.542475167890842,11.860376640824551
20001_0310_1,2024-08-30,5,0.0,4.576681302850172,11.985193303221369
20001_0310_1,2024-08-30,6,0.0,4.611325310157209,12.112567357629736
20001_0310_1,2024-08-30,7,0.0,4.644848910947044,12.24135816676009
20001_0310_1,2024-08-30,8,1.0,4.679862255918593,12.370373846671477
20001_0310_1,2024-08-30,9,1.0,4.6339815523283505,12.464542955297418
20001_0310_1,2024-08-30,10,1.0,4.690889842041912,12.630314128999768
20001_0310_1,2024-08-30,11,1.0,5.236299823741241,12.783013637316522
20001_0310_1,2024-08-30,12,2.0,5.242762492948856,12.90076267057104
20001_0310_1,2024-08-30,13,2.0,5.137216831044238,12.986530645652724
20001_0310_1,2024-08-30,14,4.0,5.167758578649991,13.132296991251387
20001_0310_1,2024-08-30,15,4.0,5.478531993864738,13.223470473016164
20001_0310_1,2024-08-30,16,4.0,5.536648382825252,13.398987735151568
20001_0310_1,2024-08-30,17,6.0,6.632936247230916,13.546310862609033
20001_0310_1,2024-08-30,18,10.0,6.350964361431487,13.597288232884559
20001_0310_1,2024-08-30,19,12.0,5.9565676613705385,13.786065265324213
20001_0310_1,2024-08-30,20,13.0,7.07710007006807,14.241356153877291
20001_0310_1,2024-08-30,21,12.285714149475098,10.57286189676936,14.568876481381832
20001_0310_1,2024-08-30,22,12.285714149475098,11.619700036868018,14.653500182252877
20001_0310_1,2024-08-30,23,14.285714149475098,9.201361399940126,14.66326941269935
20001_0310_1,2024-08-30,24,17.285715103149414,11.608794566910639,15.03237373084289
20001_0310_1,2024-08-30,25,17.285715103149414,11.16285995054746,15.459655022511914
20001_0310_1,2024-08-30,26,17.285715103149414,13.377478783620756,16.06655820224873
20001_0310_1,2024-08-30,27,17.285715103149414,16.512735963886676,16.520516417618712
20001_0310_1,2024-08-30,28,17.365079879760742,16.837955709743348,16.21961926494062
20001_0310_1,2024-08-30,29,17.365079879760742,16.18497823473988,16.100378589824906
20001_0310_1,2024-08-30,30,17.365079879760742,14.276889650018186,15.981363348417295
20001_0310_1,2024-08-30,31,20.365079879760742,16.41788061457832,16.292648654294336
20001_0310_1,2024-08-30,32,24.365079879760742,15.804182237911396,16.649112517799466
20001_0310_1,2024-08-30,33,24.365079879760742,15.328149511374765,17.95308655388517
20001_0310_1,2024-08-30,34,20.9350643157959,20.05893481813609,19.035991181596437
20001_0310_1,2024-08-30,35,20.9350643157959,24.09968991724819,19.509236118317236
20001_0310_1,2024-08-30,36,20.9350643157959,19.00580969580291,18.093619397129736
20001_0310_1,2024-08-30,37,22.9350643157959,20.204626217362964,18.448601453615666
20001_0310_1,2024-08-30,38,26.9350643157959,19.828362375046012,18.90034927607411
20001_0310_1,2024-08-30,39,28.9350643157959,19.274244941230684,20.5898152392178
20001_0310_1,2024-08-30,40,26.868274688720703,22.16334792669159,23.19671885083271
20001_0310_1,2024-08-30,41,27.868274688720703,26.82388583365819,25.641069447214537
20001_0310_1,2024-08-30,42,27.868274688720703,26.60256210600907,26.00877609803713
20001_0310_1,2024-08-30,43,30.868274688720703,26.776781168537607,26.545191422720126
20001_0310_1,2024-08-30,44,33.8682746887207,27.37211498335905,28.306510081797576
20001_0310_1,2024-08-30,45,35.8682746887207,27.159092224522045,30.863817030770083
20001_0310_1,2024-08-30,46,35.8682746887207,30.640367508766907,34.94864065992724
20001_0310_1,2024-08-30,47,37.8682746887207,34.496026913099975,37.6849241377092
20001_0310_1,2024-08-30,48,35.76448059082031,36.96572030275457,38.79313329677093
20001_0310_1,2024-08-30,49,35.76448059082031,36.98580937167225,38.72737570458186
20001_0310_1,2024-08-30,50,35.76448059082031,36.88639655428236,38.65862464678081
20001_0310_1,2024-08-30,51,29.453102111816406,38.254219767748296,36.62066592122398
20001_0310_1,2024-08-30,52,29.453102111816406,37.51277735897046,33.875024480384404
20001_0310_1,2024-08-30,53,27.34930992126465,30.431062731387765,29.235111980921126
20001_0310_1,2024-08-30,54,19.93413734436035,31.9658311381055,25.713700219357357
20001_0310_1,2024-08-30,55,19.93413734436035,28.33436986316988,21.37977380284044
20001_0310_1,2024-08-30,56,19.93413734436035,18.774272602880984,17.586452766379573
20001_0310_1,2024-08-30,57,19.93413734436035,19.89268143407294,17.880318012811898
20001_0310_1,2024-08-30,58,19.93413734436035,19.868789001126615,17.743390165378393
20001_0310_1,2024-08-30,59,19.93413734436035,19.84339022673128,17.59012313166771
20001_0310_1,2024-08-30,60,19.93413734436035,19.818213016274797,17.424277954054844
20001_0310_1,2024-08-30,61,19.93413734436035,19.79484639019552,17.25019845217399
20001_0310_1,2024-08-30,62,19.93413734436035,19.774616507989364,17.072614875436184
20001_0310_1,2024-08-30,63,8.85961627960205,22.10961321245995,15.36451674977585
20001_0310_1,2024-08-30,64,9.85961627960205,20.878533794867025,13.455607884949899
20001_0310_1,2024-08-30,65,9.85961627960205,9.087679432508434,11.812794931703483
20001_0310_1,2024-08-30,66,8.887693405151367,9.503205106813624,11.88935371141108
20001_0310_1,2024-08-30,67,6.665770053863525,10.48247665092375,11.858533387569157
20001_0310_1,2024-08-30,68,2.221923351287842,9.314494517396074,11.726151135348328
20001_0310_1,2024-08-30,69,3.221923351287842,8.092814719857525,11.46712963972194
20001_0310_1,2024-08-30,70,6.221923351287842,5.298135395260267,11.275343116149575
20001_0310_1,2024-08-30,71,6.221923351287842,5.058555221954762,11.325288705229134
20001_0310_1,2024-08-30,72,6.221923351287842,5.79913241476217,11.626774427372396
20001_0310_1,2024-08-30,73,0.0,8.396401969780065,12.043316716496935
