trip_id,pt_sequence,stop_id,service_day,hour,hour_start,y_true,y_pred_timesfm_lag_loading_per_veh,y_pred_timesfm_lag_loading_per_veh_p10,y_pred_timesfm_lag_loading_per_veh_p90
20001_0310_1,1,44782849,2024-05-01,0,00:00,,0.0,0.0,0.0
20001_0310_1,1,44782849,2024-05-01,1,01:00,,0.0,0.0,0.0
20001_0310_1,1,44782849,2024-05-01,2,02:00,,0.0,0.0,0.0
20001_0310_1,1,44782849,2024-05-01,3,03:00,,0.0,0.0,0.0
20001_0310_1,1,44782849,2024-05-01,4,04:00,,0.0,0.0,0.0
20001_0310_1,1,44782849,2024-05-01,5,05:00,,0.0,0.0,0.0
20001_0310_1,1,44782849,2024-05-01,6,06:00,,0.0,0.0,0.0
20001_0310_1,1,44782849,2024-05-01,7,07:00,,0.0,0.0,0.0
20001_0310_1,1,44782849,2024-05-01,8,08:00,,0.0,0.0,0.0
20001_0310_1,1,44782849,2024-05-01,9,09:00,,0.0,0.0,0.0
20001_0310_1,1,44782849,2024-05-01,10,10:00,,0.0,0.0,0.0
20001_0310_1,1,44782849,2024-05-01,11,11:00,,0.0,0.0,0.0
20001_0310_1,1,44782849,2024-05-01,12,12:00,,0.0,0.0,0.0
20001_0310_1,1,44782849,2024-05-01,13,13:00,,0.0,0.0,0.0
20001_0310_1,1,44782849,2024-05-01,14,14:00,,0.0,0.0,0.0
20001_0310_1,1,44782849,2024-05-01,15,15:00,,0.0,0.0,0.0
20001_0310_1,1,44782849,2024-05-01,16,16:00,,0.0,0.0,0.0
20001_0310_1,1,44782849,2024-05-01,17,17:00,,0.0,0.0,0.0
20001_0310_1,1,44782849,2024-05-01,18,18:00,,0.0,0.0,0.0
20001_0310_1,1,44782849,2024-05-01,19,19:00,,0.0,0.0,0.0
20001_0310_1,1,44782849,2024-05-01,20,20:00,,0.0,0.0,0.0
20001_0310_1,1,44782849,2024-05-01,21,21:00,,0.0,0.0,0.0
20001_0310_1,1,44782849,2024-05-01,22,22:00,,0.0,0.0,0.0
20001_0310_1,1,44782849,2024-05-01,23,23:00,,0.0,0.0,0.0
20001_0310_1,1,44782849,2024-05-02,0,00:00,,0.0,0.0,0.0
20001_0310_1,1,44782849,2024-05-02,1,01:00,,0.0,0.0,0.0
20001_0310_1,1,44782849,2024-05-02,2,02:00,,0.0,0.0,0.0
20001_0310_1,1,44782849,2024-05-02,3,03:00,,0.0,0.0,0.0
20001_0310_1,1,44782849,2024-05-02,4,04:00,,0.0,0.0,0.0
20001_0310_1,1,44782849,2024-05-02,5,05:00,,0.0,0.0,0.0
20001_0310_1,1,44782849,2024-05-02,6,06:00,,0.0,0.0,0.0
20001_0310_1,1,44782849,2024-05-02,7,07:00,,0.0,0.0,0.0
20001_0310_1,1,44782849,2024-05-02,8,08:00,,0.0,0.0,0.0
20001_0310_1,1,44782849,2024-05-02,9,09:00,,0.0,0.0,0.0
20001_0310_1,1,44782849,2024-05-02,10,10:00,,0.0,0.0,0.0
20001_0310_1,1,44782849,2024-05-02,11,11:00,,0.0,0.0,0.0
20001_0310_1,1,44782849,2024-05-02,12,12:00,,0.0,0.0,0.0
20001_0310_1,1,44782849,2024-05-02,13,13:00,,0.0,0.0,0.0
20001_0310_1,1,44782849,2024-05-02,14,14:00,,0.0,0.0,0.0
20001_0310_1,1,44782849,2024-05-02,15,15:00,,0.0,0.0,0.0
20001_0310_1,1,44782849,2024-05-02,16,16:00,,0.0,0.0,0.0
20001_0310_1,1,44782849,2024-05-02,17,17:00,,0.0,0.0,0.0
20001_0310_1,1,44782849,2024-05-02,18,18:00,,0.0,0.0,0.0
20001_0310_1,1,44782849,2024-05-02,19,19:00,,0.0,0.0,0.0
20001_0310_1,1,44782849,2024-05-02,20,20:00,,0.0,0.0,0.0
20001_0310_1,1,44782849,2024-05-02,21,21:00,,0.0,0.0,0.0
20001_0310_1,1,44782849,2024-05-02,22,22:00,,0.0,0.0,0.0
20001_0310_1,1,44782849,2024-05-02,23,23:00,,0.0,0.0,0.0
20001_0310_1,1,44782849,2024-05-03,0,00:00,,0.0,0.0,0.0
20001_0310_1,1,44782849,2024-05-03,1,01:00,,0.0,0.0,0.0
20001_0310_1,1,44782849,2024-05-03,2,02:00,,0.0,0.0,0.0
20001_0310_1,1,44782849,2024-05-03,3,03:00,,0.0,0.0,0.0
20001_0310_1,1,44782849,2024-05-03,4,04:00,,0.0,0.0,0.0
20001_0310_1,1,44782849,2024-05-03,5,05:00,,0.0,0.0,0.0
20001_0310_1,1,44782849,2024-05-03,6,06:00,,0.0,0.0,0.0
20001_0310_1,1,44782849,2024-05-03,7,07:00,,0.0,0.0,0.0
20001_0310_1,1,44782849,2024-05-03,8,08:00,,0.0,0.0,0.0
20001_0310_1,1,44782849,2024-05-03,9,09:00,,0.0,0.0,0.0
20001_0310_1,1,44782849,2024-05-03,10,10:00,,0.0,0.0,0.0
20001_0310_1,1,44782849,2024-05-03,11,11:00,,0.0,0.0,0.0
20001_0310_1,1,44782849,2024-05-03,12,12:00,,0.0,0.0,0.0
20001_0310_1,1,44782849,2024-05-03,13,13:00,,0.0,0.0,0.0
20001_0310_1,1,44782849,2024-05-03,14,14:00,,0.0,0.0,0.0
20001_0310_1,1,44782849,2024-05-03,15,15:00,,0.0,0.0,0.0
20001_0310_1,1,44782849,2024-05-03,16,16:00,,0.0,0.0,0.0
20001_0310_1,1,44782849,2024-05-03,17,17:00,,0.0,0.0,0.0
20001_0310_1,1,44782849,2024-05-03,18,18:00,,0.0,0.0,0.0
20001_0310_1,1,44782849,2024-05-03,19,19:00,,0.0,0.0,0.0
20001_0310_1,1,44782849,2024-05-03,20,20:00,,0.0,0.0,0.0
20001_0310_1,1,44782849,2024-05-03,21,21:00,,0.0,0.0,0.0
20001_0310_1,1,44782849,2024-05-03,22,22:00,,0.0,0.0,0.0
20001_0310_1,1,44782849,2024-05-03,23,23:00,,0.0,0.0,0.0
20001_0310_1,1,44782849,2024-05-04,0,00:00,,0.0,0.0,0.0
20001_0310_1,1,44782849,2024-05-04,1,01:00,,0.0,0.0,0.0
20001_0310_1,1,44782849,2024-05-04,2,02:00,,0.0,0.0,0.0
20001_0310_1,1,44782849,2024-05-04,3,03:00,,0.0,0.0,0.0
20001_0310_1,1,44782849,2024-05-04,4,04:00,,0.0,0.0,0.0
20001_0310_1,1,44782849,2024-05-04,5,05:00,,0.0,0.0,0.0
20001_0310_1,1,44782849,2024-05-04,6,06:00,,0.0,0.0,0.0
20001_0310_1,1,44782849,2024-05-04,7,07:00,,0.0,0.0,0.0
20001_0310_1,1,44782849,2024-05-04,8,08:00,,0.0,0.0,0.0
20001_0310_1,1,44782849,2024-05-04,9,09:00,,0.0,0.0,0.0
20001_0310_1,1,44782849,2024-05-04,10,10:00,,0.0,0.0,0.0
20001_0310_1,1,44782849,2024-05-04,11,11:00,,0.0,0.0,0.0
20001_0310_1,1,44782849,2024-05-04,12,12:00,,0.0,0.0,0.0
20001_0310_1,1,44782849,2024-05-04,13,13:00,,0.0,0.0,0.0
20001_0310_1,1,44782849,2024-05-04,14,14:00,,0.0,0.0,0.0
20001_0310_1,1,44782849,2024-05-04,15,15:00,,0.0,0.0,0.0
20001_0310_1,1,44782849,2024-05-04,16,16:00,,0.0,0.0,0.0
20001_0310_1,1,44782849,2024-05-04,17,17:00,,0.0,0.0,0.0
20001_0310_1,1,44782849,2024-05-04,18,18:00,,0.0,0.0,0.0
20001_0310_1,1,44782849,2024-05-04,19,19:00,,0.0,0.0,0.0
20001_0310_1,1,44782849,2024-05-04,20,20:00,,0.0,0.0,0.0
20001_0310_1,1,44782849,2024-05-04,21,21:00,,0.0,0.0,0.0
20001_0310_1,1,44782849,2024-05-04,22,22:00,,0.0,0.0,0.0
20001_0310_1,1,44782849,2024-05-04,23,23:00,,0.0,0.0,0.0
20001_0310_1,1,44782849,2024-05-05,0,00:00,,0.0,0.0,0.0
20001_0310_1,1,44782849,2024-05-05,1,01:00,,0.0,0.0,0.0
20001_0310_1,1,44782849,2024-05-05,2,02:00,,0.0,0.0,0.0
20001_0310_1,1,44782849,2024-05-05,3,03:00,,0.0,0.0,0.0
20001_0310_1,1,44782849,2024-05-05,4,04:00,,0.0,0.0,0.0
20001_0310_1,1,44782849,2024-05-05,5,05:00,,0.0,0.0,0.0
20001_0310_1,1,44782849,2024-05-05,6,06:00,,0.0,0.0,0.0
20001_0310_1,1,44782849,2024-05-05,7,07:00,0.0,0.0,0.0,0.0
20001_0310_1,1,44782849,2024-05-05,8,08:00,,0.0,0.0,0.0
20001_0310_1,1,44782849,2024-05-05,9,09:00,,0.0,0.0,0.0
20001_0310_1,1,44782849,2024-05-05,10,10:00,0.0,0.0,0.0,0.0
20001_0310_1,1,44782849,2024-05-05,11,11:00,,0.0,0.0,0.0
20001_0310_1,1,44782849,2024-05-05,12,12:00,,0.0,0.0,0.0
20001_0310_1,1,44782849,2024-05-05,13,13:00,,0.0,0.0,0.0
20001_0310_1,1,44782849,2024-05-05,14,14:00,,0.0,0.0,0.0
20001_0310_1,1,44782849,2024-05-05,15,15:00,,0.0,0.0,0.0
20001_0310_1,1,44782849,2024-05-05,16,16:00,,0.0,0.0,0.0
20001_0310_1,1,44782849,2024-05-05,17,17:00,,0.0,0.0,0.0
20001_0310_1,1,44782849,2024-05-05,18,18:00,,0.0,0.0,0.0
20001_0310_1,1,44782849,2024-05-05,19,19:00,,0.0,0.0,0.0
20001_0310_1,1,44782849,2024-05-05,20,20:00,,0.0,0.0,0.0
20001_0310_1,1,44782849,2024-05-05,21,21:00,,0.0,0.0,0.0
20001_0310_1,1,44782849,2024-05-05,22,22:00,,0.0,0.0,0.0
20001_0310_1,1,44782849,2024-05-05,23,23:00,,0.0,0.0,0.0
20001_0310_1,1,44782849,2024-05-06,0,00:00,,0.0,0.0,0.0
20001_0310_1,1,44782849,2024-05-06,1,01:00,,0.0,0.0,0.0
20001_0310_1,1,44782849,2024-05-06,2,02:00,,0.0,0.0,0.0
20001_0310_1,1,44782849,2024-05-06,3,03:00,,0.0,0.0,0.0
20001_0310_1,1,44782849,2024-05-06,4,04:00,,0.0,0.0,0.0
20001_0310_1,1,44782849,2024-05-06,5,05:00,0.0,0.0,0.0,0.0
20001_0310_1,1,44782849,2024-05-06,6,06:00,0.0,0.0,0.0,0.0
20001_0310_1,1,44782849,2024-05-06,7,07:00,0.0,0.0,0.0,0.0
20001_0310_1,1,44782849,2024-05-06,8,08:00,0.0,0.0,0.0,0.0
20001_0310_1,1,44782849,2024-05-06,9,09:00,0.0,0.0,0.0,0.0
20001_0310_1,1,44782849,2024-05-06,10,10:00,0.0,0.0,0.0,0.0
20001_0310_1,1,44782849,2024-05-06,11,11:00,0.0,0.0,0.0,0.0
20001_0310_1,1,44782849,2024-05-06,12,12:00,0.0,0.0,0.0,0.0
20001_0310_1,1,44782849,2024-05-06,13,13:00,0.0,0.0,0.0,0.0
20001_0310_1,1,44782849,2024-05-06,14,14:00,0.0,0.0,0.0,0.0
20001_0310_1,1,44782849,2024-05-06,15,15:00,0.0,0.0,0.0,0.0
20001_0310_1,1,44782849,2024-05-06,16,16:00,0.0,0.0,0.0,0.0
20001_0310_1,1,44782849,2024-05-06,17,17:00,0.0,0.0,0.0,0.0
20001_0310_1,1,44782849,2024-05-06,18,18:00,0.0,0.0,0.0,0.0
20001_0310_1,1,44782849,2024-05-06,19,19:00,0.0,0.0,0.0,0.0
20001_0310_1,1,44782849,2024-05-06,20,20:00,0.0,0.0,0.0,0.0
20001_0310_1,1,44782849,2024-05-06,21,21:00,0.0,0.0,0.0,0.0
20001_0310_1,1,44782849,2024-05-06,22,22:00,0.0,0.0,0.0,0.0
20001_0310_1,1,44782849,2024-05-06,23,23:00,,0.0,0.0,0.0
20001_0310_1,1,44782849,2024-05-07,0,00:00,,0.0,0.0,0.0
20001_0310_1,1,44782849,2024-05-07,1,01:00,,0.0,0.0,0.0
20001_0310_1,1,44782849,2024-05-07,2,02:00,,0.0,0.0,0.0
20001_0310_1,1,44782849,2024-05-07,3,03:00,,0.0,0.0,0.0
20001_0310_1,1,44782849,2024-05-07,4,04:00,,0.0,0.0,0.0
20001_0310_1,1,44782849,2024-05-07,5,05:00,0.0,0.0,0.0,0.0
20001_0310_1,1,44782849,2024-05-07,6,06:00,0.0,0.0,0.0,0.0
20001_0310_1,1,44782849,2024-05-07,7,07:00,0.0,0.0,0.0,0.0
20001_0310_1,1,44782849,2024-05-07,8,08:00,0.0,0.0,0.0,0.0
20001_0310_1,1,44782849,2024-05-07,9,09:00,0.0,0.0,0.0,0.0
20001_0310_1,1,44782849,2024-05-07,10,10:00,0.0,0.0,0.0,0.0
20001_0310_1,1,44782849,2024-05-07,11,11:00,0.0,0.0,0.0,0.0
20001_0310_1,1,44782849,2024-05-07,12,12:00,0.0,0.0,0.0,0.0
20001_0310_1,1,44782849,2024-05-07,13,13:00,0.0,0.0,0.0,0.0
20001_0310_1,1,44782849,2024-05-07,14,14:00,0.0,0.0,0.0,0.0
20001_0310_1,1,44782849,2024-05-07,15,15:00,0.0,0.0,0.0,0.0
20001_0310_1,1,44782849,2024-05-07,16,16:00,0.0,0.0,0.0,0.0
20001_0310_1,1,44782849,2024-05-07,17,17:00,0.0,0.0,0.0,0.0
20001_0310_1,1,44782849,2024-05-07,18,18:00,0.0,0.0,0.0,0.0
20001_0310_1,1,44782849,2024-05-07,19,19:00,0.0,0.0,0.0,0.0
20001_0310_1,1,44782849,2024-05-07,20,20:00,0.0,0.0,0.0,0.0
20001_0310_1,1,44782849,2024-05-07,21,21:00,0.0,0.0,0.0,0.0
20001_0310_1,1,44782849,2024-05-07,22,22:00,,0.0,0.0,0.0
20001_0310_1,1,44782849,2024-05-07,23,23:00,,0.0,0.0,0.0
20001_0310_1,1,44782849,2024-05-08,0,00:00,,0.0,0.0,0.0
20001_0310_1,1,44782849,2024-05-08,1,01:00,,0.0,0.0,0.0
20001_0310_1,1,44782849,2024-05-08,2,02:00,,0.0,0.0,0.0
20001_0310_1,1,44782849,2024-05-08,3,03:00,,0.0,0.0,0.0
20001_0310_1,1,44782849,2024-05-08,4,04:00,0.0,0.0,0.0,0.0
20001_0310_1,1,44782849,2024-05-08,5,05:00,0.0,0.0,0.0,0.0
20001_0310_1,1,44782849,2024-05-08,6,06:00,0.0,0.0,0.0,0.0
20001_0310_1,1,44782849,2024-05-08,7,07:00,0.0,0.0,0.0,0.0
20001_0310_1,1,44782849,2024-05-08,8,08:00,0.0,0.0,0.0,0.0
20001_0310_1,1,44782849,2024-05-08,9,09:00,0.0,0.0,0.0,0.0
20001_0310_1,1,44782849,2024-05-08,10,10:00,0.0,0.0,0.0,0.0
20001_0310_1,1,44782849,2024-05-08,11,11:00,0.0,0.0,0.0,0.0
20001_0310_1,1,44782849,2024-05-08,12,12:00,0.0,0.0,0.0,0.0
20001_0310_1,1,44782849,2024-05-08,13,13:00,0.0,0.0,0.0,0.0
20001_0310_1,1,44782849,2024-05-08,14,14:00,0.0,0.0,0.0,0.0
20001_0310_1,1,44782849,2024-05-08,15,15:00,0.0,0.0,0.0,0.0
20001_0310_1,1,44782849,2024-05-08,16,16:00,0.0,0.0,0.0,0.0
20001_0310_1,1,44782849,2024-05-08,17,17:00,0.0,0.0,0.0,0.0
20001_0310_1,1,44782849,2024-05-08,18,18:00,0.0,0.0,0.0,0.0
20001_0310_1,1,44782849,2024-05-08,19,19:00,0.0,0.0,0.0,0.0
20001_0310_1,1,44782849,2024-05-08,20,20:00,0.0,0.0,0.0,0.0
20001_0310_1,1,44782849,2024-05-08,21,21:00,0.0,0.0,0.0,0.0
20001_0310_1,1,44782849,2024-05-08,22,22:00,0.0,0.0,0.0,0.0
20001_0310_1,1,44782849,2024-05-08,23,23:00,,0.0,0.0,0.0
20001_0310_1,1,44782849,2024-05-09,0,00:00,,0.0,0.0,0.0
20001_0310_1,1,44782849,2024-05-09,1,01:00,,0.0,0.0,0.0
20001_0310_1,1,44782849,2024-05-09,2,02:00,,0.0,0.0,0.0
20001_0310_1,1,44782849,2024-05-09,3,03:00,,0.0,0.0,0.0
20001_0310_1,1,44782849,2024-05-09,4,04:00,,0.0,0.0,0.0
20001_0310_1,1,44782849,2024-05-09,5,05:00,0.0,0.0,0.0,0.0
20001_0310_1,1,44782849,2024-05-09,6,06:00,0.0,0.0,0.0,0.0
20001_0310_1,1,44782849,2024-05-09,7,07:00,0.0,0.0,0.0,0.0
20001_0310_1,1,44782849,2024-05-09,8,08:00,0.0,0.0,0.0,0.0
20001_0310_1,1,44782849,2024-05-09,9,09:00,0.0,0.0,0.0,0.0
20001_0310_1,1,44782849,2024-05-09,10,10:00,0.0,0.0,0.0,0.0
20001_0310_1,1,44782849,2024-05-09,11,11:00,0.0,0.0,0.0,0.0
20001_0310_1,1,44782849,2024-05-09,12,12:00,0.0,0.0,0.0,0.0
20001_0310_1,1,44782849,2024-05-09,13,13:00,0.0,0.0,0.0,0.0
20001_0310_1,1,44782849,2024-05-09,14,14:00,0.0,0.0,0.0,0.0
20001_0310_1,1,44782849,2024-05-09,15,15:00,0.0,0.0,0.0,0.0
20001_0310_1,1,44782849,2024-05-09,16,16:00,0.0,0.0,0.0,0.0
20001_0310_1,1,44782849,2024-05-09,17,17:00,0.0,0.0,0.0,0.0
20001_0310_1,1,44782849,2024-05-09,18,18:00,0.0,0.0,0.0,0.0
20001_0310_1,1,44782849,2024-05-09,19,19:00,0.0,0.0,0.0,0.0
20001_0310_1,1,44782849,2024-05-09,20,20:00,0.0,0.0,0.0,0.0
20001_0310_1,1,44782849,2024-05-09,21,21:00,0.0,0.0,0.0,0.0
20001_0310_1,1,44782849,2024-05-09,22,22:00,0.0,0.0,0.0,0.0
20001_0310_1,1,44782849,2024-05-09,23,23:00,,0.0,0.0,0.0
20001_0310_1,1,44782849,2024-05-10,0,00:00,,0.0,0.0,0.0
20001_0310_1,1,44782849,2024-05-10,1,01:00,,0.0,0.0,0.0
20001_0310_1,1,44782849,2024-05-10,2,02:00,,0.0,0.0,0.0
20001_0310_1,1,44782849,2024-05-10,3,03:00,,0.0,0.0,0.0
20001_0310_1,1,44782849,2024-05-10,4,04:00,0.0,0.0,0.0,0.0
20001_0310_1,1,44782849,2024-05-10,5,05:00,0.0,0.0,0.0,0.0
20001_0310_1,1,44782849,2024-05-10,6,06:00,0.0,0.0,0.0,0.0
20001_0310_1,1,44782849,2024-05-10,7,07:00,0.0,0.0,0.0,0.0
20001_0310_1,1,44782849,2024-05-10,8,08:00,0.0,0.0,0.0,0.0
20001_0310_1,1,44782849,2024-05-10,9,09:00,0.0,0.0,0.0,0.0
20001_0310_1,1,44782849,2024-05-10,10,10:00,0.0,0.0,0.0,0.0
20001_0310_1,1,44782849,2024-05-10,11,11:00,0.0,0.0,0.0,0.0
20001_0310_1,1,44782849,2024-05-10,12,12:00,0.0,0.0,0.0,0.0
20001_0310_1,1,44782849,2024-05-10,13,13:00,0.0,0.0,0.0,0.0
20001_0310_1,1,44782849,2024-05-10,14,14:00,0.0,0.0,0.0,0.0
20001_0310_1,1,44782849,2024-05-10,15,15:00,0.0,0.0,0.0,0.0
20001_0310_1,1,44782849,2024-05-10,16,16:00,0.0,0.0,0.0,0.0
20001_0310_1,1,44782849,2024-05-10,17,17:00,0.0,0.0,0.0,0.0
20001_0310_1,1,44782849,2024-05-10,18,18:00,0.0,0.0,0.0,0.0
20001_0310_1,1,44782849,2024-05-10,19,19:00,0.0,0.0,0.0,0.0
20001_0310_1,1,44782849,2024-05-10,20,20:00,0.0,0.0,0.0,0.0
20001_0310_1,1,44782849,2024-05-10,21,21:00,0.0,0.0,0.0,0.0
20001_0310_1,1,44782849,2024-05-10,22,22:00,0.0,0.0,0.0,0.0
20001_0310_1,1,44782849,2024-05-10,23,23:00,,0.0,0.0,0.0
20001_0310_1,1,44782849,2024-05-11,0,00:00,,0.0,0.0,0.0
20001_0310_1,1,44782849,2024-05-11,1,01:00,,0.0,0.0,0.0
20001_0310_1,1,44782849,2024-05-11,2,02:00,,0.0,0.0,0.0
20001_0310_1,1,44782849,2024-05-11,3,03:00,,0.0,0.0,0.0
20001_0310_1,1,44782849,2024-05-11,4,04:00,,0.0,0.0,0.0
20001_0310_1,1,44782849,2024-05-11,5,05:00,,0.0,0.0,0.0
20001_0310_1,1,44782849,2024-05-11,6,06:00,,0.0,0.0,0.0
20001_0310_1,1,44782849,2024-05-11,7,07:00,,0.0,0.0,0.0
20001_0310_1,1,44782849,2024-05-11,8,08:00,,0.0,0.0,0.0
20001_0310_1,1,44782849,2024-05-11,9,09:00,,0.0,0.0,0.0
20001_0310_1,1,44782849,2024-05-11,10,10:00,,0.0,0.0,0.0
20001_0310_1,1,44782849,2024-05-11,11,11:00,,0.0,0.0,0.0
20001_0310_1,1,44782849,2024-05-11,12,12:00,,0.0,0.0,0.0
20001_0310_1,1,44782849,2024-05-11,13,13:00,,0.0,0.0,0.0
20001_0310_1,1,44782849,2024-05-11,14,14:00,,0.0,0.0,0.0
20001_0310_1,1,44782849,2024-05-11,15,15:00,,0.0,0.0,0.0
20001_0310_1,1,44782849,2024-05-11,16,16:00,,0.0,0.0,0.0
20001_0310_1,1,44782849,2024-05-11,17,17:00,,0.0,0.0,0.0
20001_0310_1,1,44782849,2024-05-11,18,18:00,,0.0,0.0,0.0
20001_0310_1,1,44782849,2024-05-11,19,19:00,,0.0,0.0,0.0
20001_0310_1,1,44782849,2024-05-11,20,20:00,0.0,0.0,0.0,0.0
20001_0310_1,1,44782849,2024-05-11,21,21:00,,0.0,0.0,0.0
20001_0310_1,1,44782849,2024-05-11,22,22:00,,0.0,0.0,0.0
20001_0310_1,1,44782849,2024-05-11,23,23:00,,0.0,0.0,0.0
20001_0310_1,1,44782849,2024-05-12,0,00:00,,0.0,0.0,0.0
20001_0310_1,1,44782849,2024-05-12,1,01:00,,0.0,0.0,0.0
20001_0310_1,1,44782849,2024-05-12,2,02:00,,0.0,0.0,0.0
20001_0310_1,1,44782849,2024-05-12,3,03:00,,0.0,0.0,0.0
20001_0310_1,1,44782849,2024-05-12,4,04:00,,0.0,0.0,0.0
20001_0310_1,1,44782849,2024-05-12,5,05:00,,0.0,0.0,0.0
20001_0310_1,1,44782849,2024-05-12,6,06:00,,0.0,0.0,0.0
20001_0310_1,1,44782849,2024-05-12,7,07:00,,0.0,0.0,0.0
20001_0310_1,1,44782849,2024-05-12,8,08:00,,0.0,0.0,0.0
20001_0310_1,1,44782849,2024-05-12,9,09:00,,0.0,0.0,0.0
20001_0310_1,1,44782849,2024-05-12,10,10:00,,0.0,0.0,0.0
20001_0310_1,1,44782849,2024-05-12,11,11:00,,0.0,0.0,0.0
20001_0310_1,1,44782849,2024-05-12,12,12:00,,0.0,0.0,0.0
20001_0310_1,1,44782849,2024-05-12,13,13:00,,0.0,0.0,0.0
20001_0310_1,1,44782849,2024-05-12,14,14:00,,0.0,0.0,0.0
20001_0310_1,1,44782849,2024-05-12,15,15:00,,0.0,0.0,0.0
20001_0310_1,1,44782849,2024-05-12,16,16:00,,0.0,0.0,0.0
20001_0310_1,1,44782849,2024-05-12,17,17:00,,0.0,0.0,0.0
20001_0310_1,1,44782849,2024-05-12,18,18:00,,0.0,0.0,0.0
20001_0310_1,1,44782849,2024-05-12,19,19:00,,0.0,0.0,0.0
20001_0310_1,1,44782849,2024-05-12,20,20:00,,0.0,0.0,0.0
20001_0310_1,1,44782849,2024-05-12,21,21:00,,0.0,0.0,0.0
20001_0310_1,1,44782849,2024-05-12,22,22:00,,0.0,0.0,0.0
20001_0310_1,1,44782849,2024-05-12,23,23:00,,0.0,0.0,0.0
20001_0310_1,1,44782849,2024-05-13,0,00:00,,0.0,0.0,0.0
20001_0310_1,1,44782849,2024-05-13,1,01:00,,0.0,0.0,0.0
20001_0310_1,1,44782849,2024-05-13,2,02:00,,0.0,0.0,0.0
20001_0310_1,1,44782849,2024-05-13,3,03:00,,0.0,0.0,0.0
20001_0310_1,1,44782849,2024-05-13,4,04:00,,0.0,0.0,0.0
20001_0310_1,1,44782849,2024-05-13,5,05:00,0.0,0.0,0.0,0.0
20001_0310_1,1,44782849,2024-05-13,6,06:00,0.0,0.0,0.0,0.0
20001_0310_1,1,44782849,2024-05-13,7,07:00,0.0,0.0,0.0,0.0
20001_0310_1,1,44782849,2024-05-13,8,08:00,0.0,0.0,0.0,0.0
20001_0310_1,1,44782849,2024-05-13,9,09:00,0.0,0.0,0.0,0.0
20001_0310_1,1,44782849,2024-05-13,10,10:00,0.0,0.0,0.0,0.0
20001_0310_1,1,44782849,2024-05-13,11,11:00,0.0,0.0,0.0,0.0
20001_0310_1,1,44782849,2024-05-13,12,12:00,0.0,0.0,0.0,0.0
20001_0310_1,1,44782849,2024-05-13,13,13:00,0.0,0.0,0.0,0.0
20001_0310_1,1,44782849,2024-05-13,14,14:00,0.0,0.0,0.0,0.0
20001_0310_1,1,44782849,2024-05-13,15,15:00,0.0,0.0,0.0,0.0
20001_0310_1,1,44782849,2024-05-13,16,16:00,0.0,0.0,0.0,0.0
20001_0310_1,1,44782849,2024-05-13,17,17:00,0.0,0.0,0.0,0.0
20001_0310_1,1,44782849,2024-05-13,18,18:00,0.0,0.0,0.0,0.0
20001_0310_1,1,44782849,2024-05-13,19,19:00,0.0,0.0,0.0,0.0
20001_0310_1,1,44782849,2024-05-13,20,20:00,0.0,0.0,0.0,0.0
20001_0310_1,1,44782849,2024-05-13,21,21:00,0.0,0.0,0.0,0.0
20001_0310_1,1,44782849,2024-05-13,22,22:00,0.0,0.0,0.0,0.0
20001_0310_1,1,44782849,2024-05-13,23,23:00,,0.0,0.0,0.0
20001_0310_1,1,44782849,2024-05-14,0,00:00,,0.0,0.0,0.0
20001_0310_1,1,44782849,2024-05-14,1,01:00,,0.0,0.0,0.0
20001_0310_1,1,44782849,2024-05-14,2,02:00,,0.0,0.0,0.0
20001_0310_1,1,44782849,2024-05-14,3,03:00,,0.0,0.0,0.0
20001_0310_1,1,44782849,2024-05-14,4,04:00,,0.0,0.0,0.0
20001_0310_1,1,44782849,2024-05-14,5,05:00,0.0,0.0,0.0,0.0
20001_0310_1,1,44782849,2024-05-14,6,06:00,0.0,0.0,0.0,0.0
20001_0310_1,1,44782849,2024-05-14,7,07:00,0.0,0.0,0.0,0.0
20001_0310_1,1,44782849,2024-05-14,8,08:00,0.0,0.0,0.0,0.0
20001_0310_1,1,44782849,2024-05-14,9,09:00,0.0,0.0,0.0,0.0
20001_0310_1,1,44782849,2024-05-14,10,10:00,0.0,0.0,0.0,0.0
20001_0310_1,1,44782849,2024-05-14,11,11:00,0.0,0.0,0.0,0.0
20001_0310_1,1,44782849,2024-05-14,12,12:00,0.0,0.0,0.0,0.0
20001_0310_1,1,44782849,2024-05-14,13,13:00,0.0,0.0,0.0,0.0
20001_0310_1,1,44782849,2024-05-14,14,14:00,0.0,0.0,0.0,0.0
20001_0310_1,1,44782849,2024-05-14,15,15:00,0.0,0.0,0.0,0.0
20001_0310_1,1,44782849,2024-05-14,16,16:00,0.0,0.0,0.0,0.0
20001_0310_1,1,44782849,2024-05-14,17,17:00,0.0,0.0,0.0,0.0
20001_0310_1,1,44782849,2024-05-14,18,18:00,0.0,0.0,0.0,0.0
20001_0310_1,1,44782849,2024-05-14,19,19:00,0.0,0.0,0.0,0.0
20001_0310_1,1,44782849,2024-05-14,20,20:00,0.0,0.0,0.0,0.0
20001_0310_1,1,44782849,2024-05-14,21,21:00,0.0,0.0,0.0,0.0
20001_0310_1,1,44782849,2024-05-14,22,22:00,,0.0,0.0,0.0
20001_0310_1,1,44782849,2024-05-14,23,23:00,,0.0,0.0,0.0
20001_0310_1,1,44782849,2024-05-15,0,00:00,,0.0,0.0,0.0
20001_0310_1,1,44782849,2024-05-15,1,01:00,,0.0,0.0,0.0
20001_0310_1,1,44782849,2024-05-15,2,02:00,,0.0,0.0,0.0
20001_0310_1,1,44782849,2024-05-15,3,03:00,,0.0,0.0,0.0
20001_0310_1,1,44782849,2024-05-15,4,04:00,,0.0,0.0,0.0
20001_0310_1,1,44782849,2024-05-15,5,05:00,0.0,0.0,0.0,0.0
20001_0310_1,1,44782849,2024-05-15,6,06:00,0.0,0.0,0.0,0.0
20001_0310_1,1,44782849,2024-05-15,7,07:00,0.0,0.0,0.0,0.0
20001_0310_1,1,44782849,2024-05-15,8,08:00,0.0,0.0,0.0,0.0
20001_0310_1,1,44782849,2024-05-15,9,09:00,0.0,0.0,0.0,0.0
20001_0310_1,1,44782849,2024-05-15,10,10:00,0.0,0.0,0.0,0.0
20001_0310_1,1,44782849,2024-05-15,11,11:00,0.0,0.0,0.0,0.0
20001_0310_1,1,44782849,2024-05-15,12,12:00,0.0,0.0,0.0,0.0
20001_0310_1,1,44782849,2024-05-15,13,13:00,0.0,0.0,0.0,0.0
20001_0310_1,1,44782849,2024-05-15,14,14:00,0.0,0.0,0.0,0.0
20001_0310_1,1,44782849,2024-05-15,15,15:00,0.0,0.0,0.0,0.0
20001_0310_1,1,44782849,2024-05-15,16,16:00,0.0,0.0,0.0,0.0
20001_0310_1,1,44782849,2024-05-15,17,17:00,0.0,0.0,0.0,0.0
20001_0310_1,1,44782849,2024-05-15,18,18:00,0.0,0.0,0.0,0.0
20001_0310_1,1,44782849,2024-05-15,19,19:00,0.0,0.0,0.0,0.0
20001_0310_1,1,44782849,2024-05-15,20,20:00,0.0,0.0,0.0,0.0
20001_0310_1,1,44782849,2024-05-15,21,21:00,0.0,0.0,0.0,0.0
20001_0310_1,1,44782849,2024-05-15,22,22:00,0.0,0.0,0.0,0.0
20001_0310_1,1,44782849,2024-05-15,23,23:00,,0.0,0.0,0.0
20001_0310_1,1,44782849,2024-05-16,0,00:00,,0.0,0.0,0.0
20001_0310_1,1,44782849,2024-05-16,1,01:00,,0.0,0.0,0.0
20001_0310_1,1,44782849,2024-05-16,2,02:00,,0.0,0.0,0.0
20001_0310_1,1,44782849,2024-05-16,3,03:00,,0.0,0.0,0.0
20001_0310_1,1,44782849,2024-05-16,4,04:00,,0.0,0.0,0.0
20001_0310_1,1,44782849,2024-05-16,5,05:00,0.0,0.0,0.0,0.0
20001_0310_1,1,44782849,2024-05-16,6,06:00,0.0,0.0,0.0,0.0
20001_0310_1,1,44782849,2024-05-16,7,07:00,0.0,0.0,0.0,0.0
20001_0310_1,1,44782849,2024-05-16,8,08:00,0.0,0.0,0.0,0.0
20001_0310_1,1,44782849,2024-05-16,9,09:00,0.0,0.0,0.0,0.0
20001_0310_1,1,44782849,2024-05-16,10,10:00,0.0,0.0,0.0,0.0
20001_0310_1,1,44782849,2024-05-16,11,11:00,0.0,0.0,0.0,0.0
20001_0310_1,1,44782849,2024-05-16,12,12:00,0.0,0.0,0.0,0.0
20001_0310_1,1,44782849,2024-05-16,13,13:00,0.0,0.0,0.0,0.0
20001_0310_1,1,44782849,2024-05-16,14,14:00,0.0,0.0,0.0,0.0
20001_0310_1,1,44782849,2024-05-16,15,15:00,0.0,0.0,0.0,0.0
20001_0310_1,1,44782849,2024-05-16,16,16:00,0.0,0.0,0.0,0.0
20001_0310_1,1,44782849,2024-05-16,17,17:00,0.0,0.0,0.0,0.0
20001_0310_1,1,44782849,2024-05-16,18,18:00,0.0,0.0,0.0,0.0
20001_0310_1,1,44782849,2024-05-16,19,19:00,0.0,0.0,0.0,0.0
20001_0310_1,1,44782849,2024-05-16,20,20:00,0.0,0.0,0.0,0.0
20001_0310_1,1,44782849,2024-05-16,21,21:00,0.0,0.0,0.0,0.0
20001_0310_1,1,44782849,2024-05-16,22,22:00,0.0,0.0,0.0,0.0
20001_0310_1,1,44782849,2024-05-16,23,23:00,,0.0,0.0,0.0
20001_0310_1,1,44782849,2024-05-17,0,00:00,,0.0,0.0,0.0
20001_0310_1,1,44782849,2024-05-17,1,01:00,,0.0,0.0,0.0
20001_0310_1,1,44782849,2024-05-17,2,02:00,,0.0,0.0,0.0
20001_0310_1,1,44782849,2024-05-17,3,03:00,,0.0,0.0,0.0
20001_0310_1,1,44782849,2024-05-17,4,04:00,,0.0,0.0,0.0
20001_0310_1,1,44782849,2024-05-17,5,05:00,0.0,0.0,0.0,0.0
20001_0310_1,1,44782849,2024-05-17,6,06:00,0.0,0.0,0.0,0.0
20001_0310_1,1,44782849,2024-05-17,7,07:00,0.0,0.0,0.0,0.0
20001_0310_1,1,44782849,2024-05-17,8,08:00,0.0,0.0,0.0,0.0
20001_0310_1,1,44782849,2024-05-17,9,09:00,0.0,0.0,0.0,0.0
20001_0310_1,1,44782849,2024-05-17,10,10:00,0.0,0.0,0.0,0.0
20001_0310_1,1,44782849,2024-05-17,11,11:00,0.0,0.0,0.0,0.0
20001_0310_1,1,44782849,2024-05-17,12,12:00,0.0,0.0,0.0,0.0
20001_0310_1,1,44782849,2024-05-17,13,13:00,0.0,0.0,0.0,0.0
20001_0310_1,1,44782849,2024-05-17,14,14:00,0.0,0.0,0.0,0.0
20001_0310_1,1,44782849,2024-05-17,15,15:00,0.0,0.0,0.0,0.0
20001_0310_1,1,44782849,2024-05-17,16,16:00,0.0,0.0,0.0,0.0
20001_0310_1,1,44782849,2024-05-17,17,17:00,0.0,0.0,0.0,0.0
20001_0310_1,1,44782849,2024-05-17,18,18:00,0.0,0.0,0.0,0.0
20001_0310_1,1,44782849,2024-05-17,19,19:00,0.0,0.0,0.0,0.0
20001_0310_1,1,44782849,2024-05-17,20,20:00,0.0,0.0,0.0,0.0
20001_0310_1,1,44782849,2024-05-17,21,21:00,0.0,0.0,0.0,0.0
20001_0310_1,1,44782849,2024-05-17,22,22:00,0.0,0.0,0.0,0.0
20001_0310_1,1,44782849,2024-05-17,23,23:00,,0.0,0.0,0.0
20001_0310_1,1,44782849,2024-05-18,0,00:00,,0.0,0.0,0.0
20001_0310_1,1,44782849,2024-05-18,1,01:00,,0.0,0.0,0.0
20001_0310_1,1,44782849,2024-05-18,2,02:00,,0.0,0.0,0.0
20001_0310_1,1,44782849,2024-05-18,3,03:00,,0.0,0.0,0.0
20001_0310_1,1,44782849,2024-05-18,4,04:00,,0.0,0.0,0.0
20001_0310_1,1,44782849,2024-05-18,5,05:00,,0.0,0.0,0.0
20001_0310_1,1,44782849,2024-05-18,6,06:00,,0.0,0.0,0.0
20001_0310_1,1,44782849,2024-05-18,7,07:00,,0.0,0.0,0.0
20001_0310_1,1,44782849,2024-05-18,8,08:00,,0.0,0.0,0.0
20001_0310_1,1,44782849,2024-05-18,9,09:00,,0.0,0.0,0.0
20001_0310_1,1,44782849,2024-05-18,10,10:00,,0.0,0.0,0.0
20001_0310_1,1,44782849,2024-05-18,11,11:00,,0.0,0.0,0.0
20001_0310_1,1,44782849,2024-05-18,12,12:00,,0.0,0.0,0.0
20001_0310_1,1,44782849,2024-05-18,13,13:00,,0.0,0.0,0.0
20001_0310_1,1,44782849,2024-05-18,14,14:00,,0.0,0.0,0.0
20001_0310_1,1,44782849,2024-05-18,15,15:00,,0.0,0.0,0.0
20001_0310_1,1,44782849,2024-05-18,16,16:00,0.0,0.0,0.0,0.0
20001_0310_1,1,44782849,2024-05-18,17,17:00,,0.0,0.0,0.0
20001_0310_1,1,44782849,2024-05-18,18,18:00,,0.0,0.0,0.0
20001_0310_1,1,44782849,2024-05-18,19,19:00,,0.0,0.0,0.0
20001_0310_1,1,44782849,2024-05-18,20,20:00,,0.0,0.0,0.0
20001_0310_1,1,44782849,2024-05-18,21,21:00,,0.0,0.0,0.0
20001_0310_1,1,44782849,2024-05-18,22,22:00,,0.0,0.0,0.0
20001_0310_1,1,44782849,2024-05-18,23,23:00,,0.0,0.0,0.0
20001_0310_1,1,44782849,2024-05-19,0,00:00,,0.0,0.0,0.0
20001_0310_1,1,44782849,2024-05-19,1,01:00,,0.0,0.0,0.0
20001_0310_1,1,44782849,2024-05-19,2,02:00,,0.0,0.0,0.0
20001_0310_1,1,44782849,2024-05-19,3,03:00,,0.0,0.0,0.0
20001_0310_1,1,44782849,2024-05-19,4,04:00,,0.0,0.0,0.0
20001_0310_1,1,44782849,2024-05-19,5,05:00,,0.0,0.0,0.0
20001_0310_1,1,44782849,2024-05-19,6,06:00,,0.0,0.0,0.0
20001_0310_1,1,44782849,2024-05-19,7,07:00,,0.0,0.0,0.0
20001_0310_1,1,44782849,2024-05-19,8,08:00,,0.0,0.0,0.0
20001_0310_1,1,44782849,2024-05-19,9,09:00,,0.0,0.0,0.0
20001_0310_1,1,44782849,2024-05-19,10,10:00,,0.0,0.0,0.0
20001_0310_1,1,44782849,2024-05-19,11,11:00,,0.0,0.0,0.0
20001_0310_1,1,44782849,2024-05-19,12,12:00,,0.0,0.0,0.0
20001_0310_1,1,44782849,2024-05-19,13,13:00,,0.0,0.0,0.0
20001_0310_1,1,44782849,2024-05-19,14,14:00,,0.0,0.0,0.0
20001_0310_1,1,44782849,2024-05-19,15,15:00,,0.0,0.0,0.0
20001_0310_1,1,44782849,2024-05-19,16,16:00,,0.0,0.0,0.0
20001_0310_1,1,44782849,2024-05-19,17,17:00,,0.0,0.0,0.0
20001_0310_1,1,44782849,2024-05-19,18,18:00,,0.0,0.0,0.0
20001_0310_1,1,44782849,2024-05-19,19,19:00,,0.0,0.0,0.0
20001_0310_1,1,44782849,2024-05-19,20,20:00,,0.0,0.0,0.0
20001_0310_1,1,44782849,2024-05-19,21,21:00,,0.0,0.0,0.0
20001_0310_1,1,44782849,2024-05-19,22,22:00,,0.0,0.0,0.0
20001_0310_1,1,44782849,2024-05-19,23,23:00,,0.0,0.0,0.0
20001_0310_1,1,44782849,2024-05-20,0,00:00,,0.0,0.0,0.0
20001_0310_1,1,44782849,2024-05-20,1,01:00,,0.0,0.0,0.0
20001_0310_1,1,44782849,2024-05-20,2,02:00,,0.0,0.0,0.0
20001_0310_1,1,44782849,2024-05-20,3,03:00,,0.0,0.0,0.0
20001_0310_1,1,44782849,2024-05-20,4,04:00,,0.0,0.0,0.0
20001_0310_1,1,44782849,2024-05-20,5,05:00,0.0,0.0,0.0,0.0
20001_0310_1,1,44782849,2024-05-20,6,06:00,0.0,0.0,0.0,0.0
20001_0310_1,1,44782849,2024-05-20,7,07:00,0.0,0.0,0.0,0.0
20001_0310_1,1,44782849,2024-05-20,8,08:00,0.0,0.0,0.0,0.0
20001_0310_1,1,44782849,2024-05-20,9,09:00,0.0,0.0,0.0,0.0
20001_0310_1,1,44782849,2024-05-20,10,10:00,0.0,0.0,0.0,0.0
20001_0310_1,1,44782849,2024-05-20,11,11:00,0.0,0.0,0.0,0.0
20001_0310_1,1,44782849,2024-05-20,12,12:00,0.0,0.0,0.0,0.0
20001_0310_1,1,44782849,2024-05-20,13,13:00,0.0,0.0,0.0,0.0
20001_0310_1,1,44782849,2024-05-20,14,14:00,0.0,0.0,0.0,0.0
20001_0310_1,1,44782849,2024-05-20,15,15:00,0.0,0.0,0.0,0.0
20001_0310_1,1,44782849,2024-05-20,16,16:00,0.0,0.0,0.0,0.0
20001_0310_1,1,44782849,2024-05-20,17,17:00,0.0,0.0,0.0,0.0
20001_0310_1,1,44782849,2024-05-20,18,18:00,0.0,0.0,0.0,0.0
20001_0310_1,1,44782849,2024-05-20,19,19:00,0.0,0.0,0.0,0.0
20001_0310_1,1,44782849,2024-05-20,20,20:00,0.0,0.0,0.0,0.0
20001_0310_1,1,44782849,2024-05-20,21,21:00,0.0,0.0,0.0,0.0
20001_0310_1,1,44782849,2024-05-20,22,22:00,,0.0,0.0,0.0
20001_0310_1,1,44782849,2024-05-20,23,23:00,,0.0,0.0,0.0
20001_0310_1,1,44782849,2024-05-21,0,00:00,,0.0,0.0,0.0
20001_0310_1,1,44782849,2024-05-21,1,01:00,,0.0,0.0,0.0
20001_0310_1,1,44782849,2024-05-21,2,02:00,,0.0,0.0,0.0
20001_0310_1,1,44782849,2024-05-21,3,03:00,,0.0,0.0,0.0
20001_0310_1,1,44782849,2024-05-21,4,04:00,0.0,0.0,0.0,0.0
20001_0310_1,1,44782849,2024-05-21,5,05:00,0.0,0.0,0.0,0.0
20001_0310_1,1,44782849,2024-05-21,6,06:00,0.0,0.0,0.0,0.0
20001_0310_1,1,44782849,2024-05-21,7,07:00,0.0,0.0,0.0,0.0
20001_0310_1,1,44782849,2024-05-21,8,08:00,0.0,0.0,0.0,0.0
20001_0310_1,1,44782849,2024-05-21,9,09:00,0.0,0.0,0.0,0.0
20001_0310_1,1,44782849,2024-05-21,10,10:00,0.0,0.0,0.0,0.0
20001_0310_1,1,44782849,2024-05-21,11,11:00,0.0,0.0,0.0,0.0
20001_0310_1,1,44782849,2024-05-21,12,12:00,0.0,0.0,0.0,0.0
20001_0310_1,1,44782849,2024-05-21,13,13:00,0.0,0.0,0.0,0.0
20001_0310_1,1,44782849,2024-05-21,14,14:00,0.0,0.0,0.0,0.0
20001_0310_1,1,44782849,2024-05-21,15,15:00,0.0,0.0,0.0,0.0
20001_0310_1,1,44782849,2024-05-21,16,16:00,0.0,0.0,0.0,0.0
20001_0310_1,1,44782849,2024-05-21,17,17:00,0.0,0.0,0.0,0.0
20001_0310_1,1,44782849,2024-05-21,18,18:00,0.0,0.0,0.0,0.0
20001_0310_1,1,44782849,2024-05-21,19,19:00,0.0,0.0,0.0,0.0
20001_0310_1,1,44782849,2024-05-21,20,20:00,0.0,0.0,0.0,0.0
20001_0310_1,1,44782849,2024-05-21,21,21:00,0.0,0.0,0.0,0.0
20001_0310_1,1,44782849,2024-05-21,22,22:00,,0.0,0.0,0.0
20001_0310_1,1,44782849,2024-05-21,23,23:00,,0.0,0.0,0.0
20001_0310_1,1,44782849,2024-05-22,0,00:00,,0.0,0.0,0.0
20001_0310_1,1,44782849,2024-05-22,1,01:00,,0.0,0.0,0.0
20001_0310_1,1,44782849,2024-05-22,2,02:00,,0.0,0.0,0.0
20001_0310_1,1,44782849,2024-05-22,3,03:00,,0.0,0.0,0.0
20001_0310_1,1,44782849,2024-05-22,4,04:00,,0.0,0.0,0.0
20001_0310_1,1,44782849,2024-05-22,5,05:00,0.0,0.0,0.0,0.0
20001_0310_1,1,44782849,2024-05-22,6,06:00,0.0,0.0,0.0,0.0
20001_0310_1,1,44782849,2024-05-22,7,07:00,0.0,0.0,0.0,0.0
20001_0310_1,1,44782849,2024-05-22,8,08:00,0.0,0.0,0.0,0.0
20001_0310_1,1,44782849,2024-05-22,9,09:00,0.0,0.0,0.0,0.0
20001_0310_1,1,44782849,2024-05-22,10,10:00,0.0,0.0,0.0,0.0
20001_0310_1,1,44782849,2024-05-22,11,11:00,0.0,0.0,0.0,0.0
20001_0310_1,1,44782849,2024-05-22,12,12:00,0.0,0.0,0.0,0.0
20001_0310_1,1,44782849,2024-05-22,13,13:00,0.0,0.0,0.0,0.0
20001_0310_1,1,44782849,2024-05-22,14,14:00,0.0,0.0,0.0,0.0
20001_0310_1,1,44782849,2024-05-22,15,15:00,0.0,0.0,0.0,0.0
20001_0310_1,1,44782849,2024-05-22,16,16:00,0.0,0.0,0.0,0.0
20001_0310_1,1,44782849,2024-05-22,17,17:00,0.0,0.0,0.0,0.0
20001_0310_1,1,44782849,2024-05-22,18,18:00,0.0,0.0,0.0,0.0
20001_0310_1,1,44782849,2024-05-22,19,19:00,0.0,0.0,0.0,0.0
20001_0310_1,1,44782849,2024-05-22,20,20:00,0.0,0.0,0.0,0.0
20001_0310_1,1,44782849,2024-05-22,21,21:00,0.0,0.0,0.0,0.0
20001_0310_1,1,44782849,2024-05-22,22,22:00,0.0,0.0,0.0,0.0
20001_0310_1,1,44782849,2024-05-22,23,23:00,,0.0,0.0,0.0
20001_0310_1,1,44782849,2024-05-23,0,00:00,,0.0,0.0,0.0
20001_0310_1,1,44782849,2024-05-23,1,01:00,,0.0,0.0,0.0
20001_0310_1,1,44782849,2024-05-23,2,02:00,,0.0,0.0,0.0
20001_0310_1,1,44782849,2024-05-23,3,03:00,,0.0,0.0,0.0
20001_0310_1,1,44782849,2024-05-23,4,04:00,,0.0,0.0,0.0
20001_0310_1,1,44782849,2024-05-23,5,05:00,0.0,0.0,0.0,0.0
20001_0310_1,1,44782849,2024-05-23,6,06:00,0.0,0.0,0.0,0.0
20001_0310_1,1,44782849,2024-05-23,7,07:00,0.0,0.0,0.0,0.0
20001_0310_1,1,44782849,2024-05-23,8,08:00,0.0,0.0,0.0,0.0
20001_0310_1,1,44782849,2024-05-23,9,09:00,0.0,0.0,0.0,0.0
20001_0310_1,1,44782849,2024-05-23,10,10:00,0.0,0.0,0.0,0.0
20001_0310_1,1,44782849,2024-05-23,11,11:00,0.0,0.0,0.0,0.0
20001_0310_1,1,44782849,2024-05-23,12,12:00,0.0,0.0,0.0,0.0
20001_0310_1,1,44782849,2024-05-23,13,13:00,0.0,0.0,0.0,0.0
20001_0310_1,1,44782849,2024-05-23,14,14:00,0.0,0.0,0.0,0.0
20001_0310_1,1,44782849,2024-05-23,15,15:00,0.0,0.0,0.0,0.0
20001_0310_1,1,44782849,2024-05-23,16,16:00,0.0,0.0,0.0,0.0
20001_0310_1,1,44782849,2024-05-23,17,17:00,0.0,0.0,0.0,0.0
20001_0310_1,1,44782849,2024-05-23,18,18:00,0.0,0.0,0.0,0.0
20001_0310_1,1,44782849,2024-05-23,19,19:00,0.0,0.0,0.0,0.0
20001_0310_1,1,44782849,2024-05-23,20,20:00,0.0,0.0,0.0,0.0
20001_0310_1,1,44782849,2024-05-23,21,21:00,0.0,0.0,0.0,0.0
20001_0310_1,1,44782849,2024-05-23,22,22:00,0.0,0.0,0.0,0.0
20001_0310_1,1,44782849,2024-05-23,23,23:00,,0.0,0.0,0.0
20001_0310_1,1,44782849,2024-05-24,0,00:00,,0.0,0.0,0.0
20001_0310_1,1,44782849,2024-05-24,1,01:00,,0.0,0.0,0.0
20001_0310_1,1,44782849,2024-05-24,2,02:00,,0.0,0.0,0.0
20001_0310_1,1,44782849,2024-05-24,3,03:00,,0.0,0.0,0.0
20001_0310_1,1,44782849,2024-05-24,4,04:00,,0.0,0.0,0.0
20001_0310_1,1,44782849,2024-05-24,5,05:00,0.0,0.0,0.0,0.0
20001_0310_1,1,44782849,2024-05-24,6,06:00,0.0,0.0,0.0,0.0
20001_0310_1,1,44782849,2024-05-24,7,07:00,0.0,0.0,0.0,0.0
20001_0310_1,1,44782849,2024-05-24,8,08:00,0.0,0.0,0.0,0.0
20001_0310_1,1,44782849,2024-05-24,9,09:00,0.0,0.0,0.0,0.0
20001_0310_1,1,44782849,2024-05-24,10,10:00,0.0,0.0,0.0,0.0
20001_0310_1,1,44782849,2024-05-24,11,11:00,0.0,0.0,0.0,0.0
20001_0310_1,1,44782849,2024-05-24,12,12:00,0.0,0.0,0.0,0.0
20001_0310_1,1,44782849,2024-05-24,13,13:00,0.0,0.0,0.0,0.0
20001_0310_1,1,44782849,2024-05-24,14,14:00,0.0,0.0,0.0,0.0
20001_0310_1,1,44782849,2024-05-24,15,15:00,0.0,0.0,0.0,0.0
20001_0310_1,1,44782849,2024-05-24,16,16:00,0.0,0.0,0.0,0.0
20001_0310_1,1,44782849,2024-05-24,17,17:00,0.0,0.0,0.0,0.0
20001_0310_1,1,44782849,2024-05-24,18,18:00,0.0,0.0,0.0,0.0
20001_0310_1,1,44782849,2024-05-24,19,19:00,0.0,0.0,0.0,0.0
20001_0310_1,1,44782849,2024-05-24,20,20:00,0.0,0.0,0.0,0.0
20001_0310_1,1,44782849,2024-05-24,21,21:00,0.0,0.0,0.0,0.0
20001_0310_1,1,44782849,2024-05-24,22,22:00,0.0,0.0,0.0,0.0
20001_0310_1,1,44782849,2024-05-24,23,23:00,,0.0,0.0,0.0
20001_0310_1,1,44782849,2024-05-25,0,00:00,,0.0,0.0,0.0
20001_0310_1,1,44782849,2024-05-25,1,01:00,,0.0,0.0,0.0
20001_0310_1,1,44782849,2024-05-25,2,02:00,,0.0,0.0,0.0
20001_0310_1,1,44782849,2024-05-25,3,03:00,,0.0,0.0,0.0
20001_0310_1,1,44782849,2024-05-25,4,04:00,,0.0,0.0,0.0
20001_0310_1,1,44782849,2024-05-25,5,05:00,,0.0,0.0,0.0
20001_0310_1,1,44782849,2024-05-25,6,06:00,,0.0,0.0,0.0
20001_0310_1,1,44782849,2024-05-25,7,07:00,,0.0,0.0,0.0
20001_0310_1,1,44782849,2024-05-25,8,08:00,,0.0,0.0,0.0
20001_0310_1,1,44782849,2024-05-25,9,09:00,,0.0,0.0,0.0
20001_0310_1,1,44782849,2024-05-25,10,10:00,,0.0,0.0,0.0
20001_0310_1,1,44782849,2024-05-25,11,11:00,,0.0,0.0,0.0
20001_0310_1,1,44782849,2024-05-25,12,12:00,,0.0,0.0,0.0
20001_0310_1,1,44782849,2024-05-25,13,13:00,,0.0,0.0,0.0
20001_0310_1,1,44782849,2024-05-25,14,14:00,,0.0,0.0,0.0
20001_0310_1,1,44782849,2024-05-25,15,15:00,,0.0,0.0,0.0
20001_0310_1,1,44782849,2024-05-25,16,16:00,,0.0,0.0,0.0
20001_0310_1,1,44782849,2024-05-25,17,17:00,,0.0,0.0,0.0
20001_0310_1,1,44782849,2024-05-25,18,18:00,,0.0,0.0,0.0
20001_0310_1,1,44782849,2024-05-25,19,19:00,,0.0,0.0,0.0
20001_0310_1,1,44782849,2024-05-25,20,20:00,,0.0,0.0,0.0
20001_0310_1,1,44782849,2024-05-25,21,21:00,,0.0,0.0,0.0
20001_0310_1,1,44782849,2024-05-25,22,22:00,,0.0,0.0,0.0
20001_0310_1,1,44782849,2024-05-25,23,23:00,,0.0,0.0,0.0
20001_0310_1,1,44782849,2024-05-26,0,00:00,,0.0,0.0,0.0
20001_0310_1,1,44782849,2024-05-26,1,01:00,,0.0,0.0,0.0
20001_0310_1,1,44782849,2024-05-26,2,02:00,,0.0,0.0,0.0
20001_0310_1,1,44782849,2024-05-26,3,03:00,,0.0,0.0,0.0
20001_0310_1,1,44782849,2024-05-26,4,04:00,,0.0,0.0,0.0
20001_0310_1,1,44782849,2024-05-26,5,05:00,,0.0,0.0,0.0
20001_0310_1,1,44782849,2024-05-26,6,06:00,,0.0,0.0,0.0
20001_0310_1,1,44782849,2024-05-26,7,07:00,,0.0,0.0,0.0
20001_0310_1,1,44782849,2024-05-26,8,08:00,,0.0,0.0,0.0
20001_0310_1,1,44782849,2024-05-26,9,09:00,,0.0,0.0,0.0
20001_0310_1,1,44782849,2024-05-26,10,10:00,,0.0,0.0,0.0
20001_0310_1,1,44782849,2024-05-26,11,11:00,,0.0,0.0,0.0
20001_0310_1,1,44782849,2024-05-26,12,12:00,,0.0,0.0,0.0
20001_0310_1,1,44782849,2024-05-26,13,13:00,,0.0,0.0,0.0
20001_0310_1,1,44782849,2024-05-26,14,14:00,,0.0,0.0,0.0
20001_0310_1,1,44782849,2024-05-26,15,15:00,,0.0,0.0,0.0
20001_0310_1,1,44782849,2024-05-26,16,16:00,,0.0,0.0,0.0
20001_0310_1,1,44782849,2024-05-26,17,17:00,,0.0,0.0,0.0
20001_0310_1,1,44782849,2024-05-26,18,18:00,,0.0,0.0,0.0
20001_0310_1,1,44782849,2024-05-26,19,19:00,,0.0,0.0,0.0
20001_0310_1,1,44782849,2024-05-26,20,20:00,,0.0,0.0,0.0
20001_0310_1,1,44782849,2024-05-26,21,21:00,,0.0,0.0,0.0
20001_0310_1,1,44782849,2024-05-26,22,22:00,,0.0,0.0,0.0
20001_0310_1,1,44782849,2024-05-26,23,23:00,,0.0,0.0,0.0
20001_0310_1,1,44782849,2024-05-27,0,00:00,,0.0,0.0,0.0
20001_0310_1,1,44782849,2024-05-27,1,01:00,,0.0,0.0,0.0
20001_0310_1,1,44782849,2024-05-27,2,02:00,,0.0,0.0,0.0
20001_0310_1,1,44782849,2024-05-27,3,03:00,,0.0,0.0,0.0
20001_0310_1,1,44782849,2024-05-27,4,04:00,,0.0,0.0,0.0
20001_0310_1,1,44782849,2024-05-27,5,05:00,0.0,0.0,0.0,0.0
20001_0310_1,1,44782849,2024-05-27,6,06:00,0.0,0.0,0.0,0.0
20001_0310_1,1,44782849,2024-05-27,7,07:00,0.0,0.0,0.0,0.0
20001_0310_1,1,44782849,2024-05-27,8,08:00,0.0,0.0,0.0,0.0
20001_0310_1,1,44782849,2024-05-27,9,09:00,0.0,0.0,0.0,0.0
20001_0310_1,1,44782849,2024-05-27,10,10:00,0.0,0.0,0.0,0.0
20001_0310_1,1,44782849,2024-05-27,11,11:00,0.0,0.0,0.0,0.0
20001_0310_1,1,44782849,2024-05-27,12,12:00,0.0,0.0,0.0,0.0
20001_0310_1,1,44782849,2024-05-27,13,13:00,0.0,0.0,0.0,0.0
20001_0310_1,1,44782849,2024-05-27,14,14:00,0.0,0.0,0.0,0.0
20001_0310_1,1,44782849,2024-05-27,15,15:00,0.0,0.0,0.0,0.0
20001_0310_1,1,44782849,2024-05-27,16,16:00,0.0,0.0,0.0,0.0
20001_0310_1,1,44782849,2024-05-27,17,17:00,0.0,0.0,0.0,0.0
20001_0310_1,1,44782849,2024-05-27,18,18:00,0.0,0.0,0.0,0.0
20001_0310_1,1,44782849,2024-05-27,19,19:00,0.0,0.0,0.0,0.0
20001_0310_1,1,44782849,2024-05-27,20,20:00,0.0,0.0,0.0,0.0
20001_0310_1,1,44782849,2024-05-27,21,21:00,0.0,0.0,0.0,0.0
20001_0310_1,1,44782849,2024-05-27,22,22:00,0.0,0.0,0.0,0.0
20001_0310_1,1,44782849,2024-05-27,23,23:00,,0.0,0.0,0.0
20001_0310_1,1,44782849,2024-05-28,0,00:00,,0.0,0.0,0.0
20001_0310_1,1,44782849,2024-05-28,1,01:00,,0.0,0.0,0.0
20001_0310_1,1,44782849,2024-05-28,2,02:00,,0.0,0.0,0.0
20001_0310_1,1,44782849,2024-05-28,3,03:00,,0.0,0.0,0.0
20001_0310_1,1,44782849,2024-05-28,4,04:00,0.0,0.0,0.0,0.0
20001_0310_1,1,44782849,2024-05-28,5,05:00,0.0,0.0,0.0,0.0
20001_0310_1,1,44782849,2024-05-28,6,06:00,0.0,0.0,0.0,0.0
20001_0310_1,1,44782849,2024-05-28,7,07:00,0.0,0.0,0.0,0.0
20001_0310_1,1,44782849,2024-05-28,8,08:00,0.0,0.0,0.0,0.0
20001_0310_1,1,44782849,2024-05-28,9,09:00,0.0,0.0,0.0,0.0
20001_0310_1,1,44782849,2024-05-28,10,10:00,0.0,0.0,0.0,0.0
20001_0310_1,1,44782849,2024-05-28,11,11:00,0.0,0.0,0.0,0.0
20001_0310_1,1,44782849,2024-05-28,12,12:00,0.0,0.0,0.0,0.0
20001_0310_1,1,44782849,2024-05-28,13,13:00,0.0,0.0,0.0,0.0
20001_0310_1,1,44782849,2024-05-28,14,14:00,0.0,0.0,0.0,0.0
20001_0310_1,1,44782849,2024-05-28,15,15:00,0.0,0.0,0.0,0.0
20001_0310_1,1,44782849,2024-05-28,16,16:00,0.0,0.0,0.0,0.0
20001_0310_1,1,44782849,2024-05-28,17,17:00,0.0,0.0,0.0,0.0
20001_0310_1,1,44782849,2024-05-28,18,18:00,0.0,0.0,0.0,0.0
20001_0310_1,1,44782849,2024-05-28,19,19:00,0.0,0.0,0.0,0.0
20001_0310_1,1,44782849,2024-05-28,20,20:00,0.0,0.0,0.0,0.0
20001_0310_1,1,44782849,2024-05-28,21,21:00,0.0,0.0,0.0,0.0
20001_0310_1,1,44782849,2024-05-28,22,22:00,0.0,0.0,0.0,0.0
20001_0310_1,1,44782849,2024-05-28,23,23:00,,0.0,0.0,0.0
20001_0310_1,1,44782849,2024-05-29,0,00:00,,0.0,0.0,0.0
20001_0310_1,1,44782849,2024-05-29,1,01:00,,0.0,0.0,0.0
20001_0310_1,1,44782849,2024-05-29,2,02:00,,0.0,0.0,0.0
20001_0310_1,1,44782849,2024-05-29,3,03:00,,0.0,0.0,0.0
20001_0310_1,1,44782849,2024-05-29,4,04:00,0.0,0.0,0.0,0.0
20001_0310_1,1,44782849,2024-05-29,5,05:00,0.0,0.0,0.0,0.0
20001_0310_1,1,44782849,2024-05-29,6,06:00,0.0,0.0,0.0,0.0
20001_0310_1,1,44782849,2024-05-29,7,07:00,0.0,0.0,0.0,0.0
20001_0310_1,1,44782849,2024-05-29,8,08:00,0.0,0.0,0.0,0.0
20001_0310_1,1,44782849,2024-05-29,9,09:00,0.0,0.0,0.0,0.0
20001_0310_1,1,44782849,2024-05-29,10,10:00,0.0,0.0,0.0,0.0
20001_0310_1,1,44782849,2024-05-29,11,11:00,0.0,0.0,0.0,0.0
20001_0310_1,1,44782849,2024-05-29,12,12:00,0.0,0.0,0.0,0.0
20001_0310_1,1,44782849,2024-05-29,13,13:00,0.0,0.0,0.0,0.0
20001_0310_1,1,44782849,2024-05-29,14,14:00,0.0,0.0,0.0,0.0
20001_0310_1,1,44782849,2024-05-29,15,15:00,0.0,0.0,0.0,0.0
20001_0310_1,1,44782849,2024-05-29,16,16:00,0.0,0.0,0.0,0.0
20001_0310_1,1,44782849,2024-05-29,17,17:00,0.0,0.0,0.0,0.0
20001_0310_1,1,44782849,2024-05-29,18,18:00,0.0,0.0,0.0,0.0
20001_0310_1,1,44782849,2024-05-29,19,19:00,0.0,0.0,0.0,0.0
20001_0310_1,1,44782849,2024-05-29,20,20:00,0.0,0.0,0.0,0.0
20001_0310_1,1,44782849,2024-05-29,21,21:00,0.0,0.0,0.0,0.0
20001_0310_1,1,44782849,2024-05-29,22,22:00,0.0,0.0,0.0,0.0
20001_0310_1,1,44782849,2024-05-29,23,23:00,,0.0,0.0,0.0
20001_0310_1,1,44782849,2024-05-30,0,00:00,,0.0,0.0,0.0
20001_0310_1,1,44782849,2024-05-30,1,01:00,,0.0,0.0,0.0
20001_0310_1,1,44782849,2024-05-30,2,02:00,,0.0,0.0,0.0
20001_0310_1,1,44782849,2024-05-30,3,03:00,,0.0,0.0,0.0
20001_0310_1,1,44782849,2024-05-30,4,04:00,,0.0,0.0,0.0
20001_0310_1,1,44782849,2024-05-30,5,05:00,,0.0,0.0,0.0
20001_0310_1,1,44782849,2024-05-30,6,06:00,,0.0,0.0,0.0
20001_0310_1,1,44782849,2024-05-30,7,07:00,,0.0,0.0,0.0
20001_0310_1,1,44782849,2024-05-30,8,08:00,,0.0,0.0,0.0
20001_0310_1,1,44782849,2024-05-30,9,09:00,,0.0,0.0,0.0
20001_0310_1,1,44782849,2024-05-30,10,10:00,,0.0,0.0,0.0
20001_0310_1,1,44782849,2024-05-30,11,11:00,,0.0,0.0,0.0
20001_0310_1,1,44782849,2024-05-30,12,12:00,,0.0,0.0,0.0
20001_0310_1,1,44782849,2024-05-30,13,13:00,,0.0,0.0,0.0
20001_0310_1,1,44782849,2024-05-30,14,14:00,,0.0,0.0,0.0
20001_0310_1,1,44782849,2024-05-30,15,15:00,,0.0,0.0,0.0
20001_0310_1,1,44782849,2024-05-30,16,16:00,,0.0,0.0,0.0
20001_0310_1,1,44782849,2024-05-30,17,17:00,,0.0,0.0,0.0
20001_0310_1,1,44782849,2024-05-30,18,18:00,,0.0,0.0,0.0
20001_0310_1,1,44782849,2024-05-30,19,19:00,,0.0,0.0,0.0
20001_0310_1,1,44782849,2024-05-30,20,20:00,,0.0,0.0,0.0
20001_0310_1,1,44782849,2024-05-30,21,21:00,,0.0,0.0,0.0
20001_0310_1,1,44782849,2024-05-30,22,22:00,,0.0,0.0,0.0
20001_0310_1,1,44782849,2024-05-30,23,23:00,,0.0,0.0,0.0
20001_0310_1,1,44782849,2024-05-31,0,00:00,,0.0,0.0,0.0
20001_0310_1,1,44782849,2024-05-31,1,01:00,,0.0,0.0,0.0
20001_0310_1,1,44782849,2024-05-31,2,02:00,,0.0,0.0,0.0
20001_0310_1,1,44782849,2024-05-31,3,03:00,,0.0,0.0,0.0
20001_0310_1,1,44782849,2024-05-31,4,04:00,,0.0,0.0,0.0
20001_0310_1,1,44782849,2024-05-31,5,05:00,,0.0,0.0,0.0
20001_0310_1,1,44782849,2024-05-31,6,06:00,,0.0,0.0,0.0
20001_0310_1,1,44782849,2024-05-31,7,07:00,,0.0,0.0,0.0
20001_0310_1,1,44782849,2024-05-31,8,08:00,,0.0,0.0,0.0
20001_0310_1,1,44782849,2024-05-31,9,09:00,,0.0,0.0,0.0
20001_0310_1,1,44782849,2024-05-31,10,10:00,,0.0,0.0,0.0
20001_0310_1,1,44782849,2024-05-31,11,11:00,,0.0,0.0,0.0
20001_0310_1,1,44782849,2024-05-31,12,12:00,,0.0,0.0,0.0
20001_0310_1,1,44782849,2024-05-31,13,13:00,,0.0,0.0,0.0
20001_0310_1,1,44782849,2024-05-31,14,14:00,,0.0,0.0,0.0
20001_0310_1,1,44782849,2024-05-31,15,15:00,,0.0,0.0,0.0
20001_0310_1,1,44782849,2024-05-31,16,16:00,,0.0,0.0,0.0
20001_0310_1,1,44782849,2024-05-31,17,17:00,,0.0,0.0,0.0
20001_0310_1,1,44782849,2024-05-31,18,18:00,,0.0,0.0,0.0
20001_0310_1,1,44782849,2024-05-31,19,19:00,,0.0,0.0,0.0
20001_0310_1,1,44782849,2024-05-31,20,20:00,,0.0,0.0,0.0
20001_0310_1,1,44782849,2024-05-31,21,21:00,,0.0,0.0,0.0
20001_0310_1,1,44782849,2024-05-31,22,22:00,,0.0,0.0,0.0
20001_0310_1,1,44782849,2024-05-31,23,23:00,,0.0,0.0,0.0
20001_0310_1,2,47567835,2024-05-01,0,00:00,,0.0,0.0,3.4992557
20001_0310_1,2,47567835,2024-05-01,1,01:00,,0.0,0.0,4.256799
20001_0310_1,2,47567835,2024-05-01,2,02:00,,0.0,0.0,4.794411
20001_0310_1,2,47567835,2024-05-01,3,03:00,,0.0,0.0,7.042605
20001_0310_1,2,47567835,2024-05-01,4,04:00,,14.825755,7.558835,23.540562
20001_0310_1,2,47567835,2024-05-01,5,05:00,,33.89875,25.101467,43.820126
20001_0310_1,2,47567835,2024-05-01,6,06:00,,39.910225,30.330961,50.27147
20001_0310_1,2,47567835,2024-05-01,7,07:00,,31.210688,21.692522,41.327564
20001_0310_1,2,47567835,2024-05-01,8,08:00,,29.646727,20.873886,39.372612
20001_0310_1,2,47567835,2024-05-01,9,09:00,,25.54133,17.434393,34.778477
20001_0310_1,2,47567835,2024-05-01,10,10:00,,18.356886,10.31104,27.294678
20001_0310_1,2,47567835,2024-05-01,11,11:00,,18.38132,10.69592,27.300789
20001_0310_1,2,47567835,2024-05-01,12,12:00,,22.48672,15.287001,31.271778
20001_0310_1,2,47567835,2024-05-01,13,13:00,,22.8044,15.778794,31.418402
20001_0310_1,2,47567835,2024-05-01,14,14:00,,16.435535,9.469493,24.327122
20001_0310_1,2,47567835,2024-05-01,15,15:00,,15.839121,9.265597,23.341246
20001_0310_1,2,47567835,2024-05-01,16,16:00,,14.563058,7.928441,21.84525
20001_0310_1,2,47567835,2024-05-01,17,17:00,,19.24883,12.339298,26.402729
20001_0310_1,2,47567835,2024-05-01,18,18:00,,17.999495,11.010543,25.306126
20001_0310_1,2,47567835,2024-05-01,19,19:00,,16.276695,9.339672,23.366447
20001_0310_1,2,47567835,2024-05-01,20,20:00,,11.099129,4.586697,18.106407
20001_0310_1,2,47567835,2024-05-01,21,21:00,,11.55121,5.661921,17.849821
20001_0310_1,2,47567835,2024-05-01,22,22:00,,11.245749,6.162877,16.993002
20001_0310_1,2,47567835,2024-05-01,23,23:00,,1.4954312,0.0,6.382809
20001_0310_1,2,47567835,2024-05-02,0,00:00,,0.0,0.0,3.331799
20001_0310_1,2,47567835,2024-05-02,1,01:00,,0.06430155,0.0,4.2584023
20001_0310_1,2,47567835,2024-05-02,2,02:00,,0.0,0.0,4.136481
20001_0310_1,2,47567835,2024-05-02,3,03:00,,0.50321966,0.0,6.648066
20001_0310_1,2,47567835,2024-05-02,4,04:00,,15.11247,8.339728,22.580166
20001_0310_1,2,47567835,2024-05-02,5,05:00,,34.933865,26.716352,43.56591
20001_0310_1,2,47567835,2024-05-02,6,06:00,,40.73733,31.910213,49.9546
20001_0310_1,2,47567835,2024-05-02,7,07:00,,31.178684,22.497868,40.249645
20001_0310_1,2,47567835,2024-05-02,8,08:00,,30.008234,21.754147,38.689045
20001_0310_1,2,47567835,2024-05-02,9,09:00,,26.618814,18.913374,34.98263
20001_0310_1,2,47567835,2024-05-02,10,10:00,,19.205986,11.488353,27.472265
20001_0310_1,2,47567835,2024-05-02,11,11:00,,18.980433,11.543215,27.490557
20001_0310_1,2,47567835,2024-05-02,12,12:00,,22.717327,15.453851,31.324987
20001_0310_1,2,47567835,2024-05-02,13,13:00,,22.314985,15.334975,30.947031
20001_0310_1,2,47567835,2024-05-02,14,14:00,,16.639538,9.626381,24.6715
20001_0310_1,2,47567835,2024-05-02,15,15:00,,15.562055,8.928377,23.290737
20001_0310_1,2,47567835,2024-05-02,16,16:00,,14.457142,7.8581386,21.830349
20001_0310_1,2,47567835,2024-05-02,17,17:00,,19.632711,12.719758,26.740738
20001_0310_1,2,47567835,2024-05-02,18,18:00,,18.834126,11.902886,25.923864
20001_0310_1,2,47567835,2024-05-02,19,19:00,,16.320637,9.425212,23.10481
20001_0310_1,2,47567835,2024-05-02,20,20:00,,11.524928,5.185007,18.072115
20001_0310_1,2,47567835,2024-05-02,21,21:00,,12.171112,6.3310695,17.919712
20001_0310_1,2,47567835,2024-05-02,22,22:00,,11.939462,6.794371,17.137892
20001_0310_1,2,47567835,2024-05-02,23,23:00,,2.063815,0.0,6.6724496
20001_0310_1,2,47567835,2024-05-03,0,00:00,,0.0,0.0,2.8683941
20001_0310_1,2,47567835,2024-05-03,1,01:00,,0.0,0.0,3.405858
20001_0310_1,2,47567835,2024-05-03,2,02:00,,0.0,0.0,3.4547195
20001_0310_1,2,47567835,2024-05-03,3,03:00,,0.5719514,0.0,6.2153373
20001_0310_1,2,47567835,2024-05-03,4,04:00,,14.723168,8.108681,21.862906
20001_0310_1,2,47567835,2024-05-03,5,05:00,,35.311756,27.127625,43.764618
20001_0310_1,2,47567835,2024-05-03,6,06:00,,39.318317,30.425707,48.846115
20001_0310_1,2,47567835,2024-05-03,7,07:00,,30.91431,22.009485,40.490967
20001_0310_1,2,47567835,2024-05-03,8,08:00,,31.012032,22.730179,40.00236
20001_0310_1,2,47567835,2024-05-03,9,09:00,,26.492437,18.943491,35.043026
20001_0310_1,2,47567835,2024-05-03,10,10:00,,19.138935,11.956443,27.200912
20001_0310_1,2,47567835,2024-05-03,11,11:00,,19.340483,12.524446,27.402462
20001_0310_1,2,47567835,2024-05-03,12,12:00,,23.023344,16.55849,30.76773
20001_0310_1,2,47567835,2024-05-03,13,13:00,,22.864548,16.72034,30.413492
20001_0310_1,2,47567835,2024-05-03,14,14:00,,17.29445,11.260182,24.305933
20001_0310_1,2,47567835,2024-05-03,15,15:00,,16.390532,10.683018,22.946999
20001_0310_1,2,47567835,2024-05-03,16,16:00,,14.52162,8.920987,20.745222
20001_0310_1,2,47567835,2024-05-03,17,17:00,,19.511496,13.605485,25.362537
20001_0310_1,2,47567835,2024-05-03,18,18:00,,18.77248,12.951977,24.672384
20001_0310_1,2,47567835,2024-05-03,19,19:00,,16.27678,10.609536,21.835232
20001_0310_1,2,47567835,2024-05-03,20,20:00,,11.406764,6.1420465,16.871502
20001_0310_1,2,47567835,2024-05-03,21,21:00,,11.406764,6.484071,16.282125
20001_0310_1,2,47567835,2024-05-03,22,22:00,,10.820437,6.3619184,15.220936
20001_0310_1,2,47567835,2024-05-03,23,23:00,,1.5003005,0.0,5.335849
20001_0310_1,2,47567835,2024-05-04,0,00:00,,0.0,0.0,2.960778
20001_0310_1,2,47567835,2024-05-04,1,01:00,,0.0,0.0,3.057409
20001_0310_1,2,47567835,2024-05-04,2,02:00,,0.0,0.0,3.3956184
20001_0310_1,2,47567835,2024-05-04,3,03:00,,0.40005425,0.0,5.8597107
20001_0310_1,2,47567835,2024-05-04,4,04:00,,15.351451,9.121766,22.28775
20001_0310_1,2,47567835,2024-05-04,5,05:00,,33.73778,25.958977,41.854794
20001_0310_1,2,47567835,2024-05-04,6,06:00,,38.231125,29.82422,47.217815
20001_0310_1,2,47567835,2024-05-04,7,07:00,,26.90113,18.636152,35.79119
20001_0310_1,2,47567835,2024-05-04,8,08:00,,30.693903,23.084206,38.95586
20001_0310_1,2,47567835,2024-05-04,9,09:00,,25.669083,18.772038,33.254623
20001_0310_1,2,47567835,2024-05-04,10,10:00,,17.826868,11.261992,24.995687
20001_0310_1,2,47567835,2024-05-04,11,11:00,,18.602936,12.37627,25.759676
20001_0310_1,2,47567835,2024-05-04,12,12:00,,22.093733,16.214336,29.111567
20001_0310_1,2,47567835,2024-05-04,13,13:00,,22.081654,16.395517,29.075329
20001_0310_1,2,47567835,2024-05-04,14,14:00,,17.041739,11.377495,23.540934
20001_0310_1,2,47567835,2024-05-04,15,15:00,,15.700984,10.183953,21.828
20001_0310_1,2,47567835,2024-05-04,16,16:00,,12.70844,7.357494,18.409676
20001_0310_1,2,47567835,2024-05-04,17,17:00,,17.932558,12.340035,23.223112
20001_0310_1,2,47567835,2024-05-04,18,18:00,,16.819036,11.4009,22.066555
20001_0310_1,2,47567835,2024-05-04,19,19:00,,16.174324,11.046458,21.22896
20001_0310_1,2,47567835,2024-05-04,20,20:00,,10.799975,6.077131,15.811201
20001_0310_1,2,47567835,2024-05-04,21,21:00,,10.437609,6.077131,15.054763
20001_0310_1,2,47567835,2024-05-04,22,22:00,,10.558397,6.608602,14.798086
20001_0310_1,2,47567835,2024-05-04,23,23:00,,1.2697343,0.0,5.062505
20001_0310_1,2,47567835,2024-05-05,0,00:00,,0.0,0.0,2.5686076
20001_0310_1,2,47567835,2024-05-05,1,01:00,,0.06649709,0.0,3.194135
20001_0310_1,2,47567835,2024-05-05,2,02:00,,0.0,0.0,3.194135
20001_0310_1,2,47567835,2024-05-05,3,03:00,,0.0,0.0,5.1910114
20001_0310_1,2,47567835,2024-05-05,4,04:00,,14.658131,8.53217,21.25925
20001_0310_1,2,47567835,2024-05-05,5,05:00,,33.026993,25.400366,40.677677
20001_0310_1,2,47567835,2024-05-05,6,06:00,,36.972626,28.672356,45.29696
20001_0310_1,2,47567835,2024-05-05,7,07:00,21.0,25.737186,17.485033,33.869045
20001_0310_1,2,47567835,2024-05-05,8,08:00,,29.17759,21.587053,36.78016
20001_0310_1,2,47567835,2024-05-05,9,09:00,,25.544716,18.513548,32.64205
20001_0310_1,2,47567835,2024-05-05,10,10:00,9.0,17.98726,11.202692,24.795885
20001_0310_1,2,47567835,2024-05-05,11,11:00,,17.797798,11.265846,24.654543
20001_0310_1,2,47567835,2024-05-05,12,12:00,,21.502848,15.494172,28.35959
20001_0310_1,2,47567835,2024-05-05,13,13:00,,21.851698,15.855052,28.648294
20001_0310_1,2,47567835,2024-05-05,14,14:00,,15.894149,9.885475,22.275732
20001_0310_1,2,47567835,2024-05-05,15,15:00,,14.979917,9.034395,21.08783
20001_0310_1,2,47567835,2024-05-05,16,16:00,,12.083845,6.1533623,17.882004
20001_0310_1,2,47567835,2024-05-05,17,17:00,,15.559583,9.436629,21.069036
20001_0310_1,2,47567835,2024-05-05,18,18:00,,15.659576,9.713305,21.20136
20001_0310_1,2,47567835,2024-05-05,19,19:00,,15.076153,9.369719,20.388626
20001_0310_1,2,47567835,2024-05-05,20,20:00,,11.241788,5.8646564,16.462536
20001_0310_1,2,47567835,2024-05-05,21,21:00,,10.856849,5.9368343,15.635519
20001_0310_1,2,47567835,2024-05-05,22,22:00,,10.880906,6.6104784,15.408462
20001_0310_1,2,47567835,2024-05-05,23,23:00,,1.7024925,0.0,5.768421
20001_0310_1,2,47567835,2024-05-06,0,00:00,,0.0,0.0,3.220364
20001_0310_1,2,47567835,2024-05-06,1,01:00,,0.14287132,0.0,3.845481
20001_0310_1,2,47567835,2024-05-06,2,02:00,,0.0,0.0,4.2061243
20001_0310_1,2,47567835,2024-05-06,3,03:00,,0.0,0.0,5.3842278
20001_0310_1,2,47567835,2024-05-06,4,04:00,,14.46043,8.137141,21.252556
20001_0310_1,2,47567835,2024-05-06,5,05:00,35.75,32.937416,25.267723,40.679234
20001_0310_1,2,47567835,2024-05-06,6,06:00,40.0,39.044315,30.677382,47.651684
20001_0310_1,2,47567835,2024-05-06,7,07:00,33.75,31.158237,22.767258,39.66943
20001_0310_1,2,47567835,2024-05-06,8,08:00,22.25,29.908007,21.81756,38.178764
20001_0310_1,2,47567835,2024-05-06,9,09:00,20.5,25.027294,17.303503,33.00954
20001_0310_1,2,47567835,2024-05-06,10,10:00,23.0,16.501825,8.85317,24.408941
20001_0310_1,2,47567835,2024-05-06,11,11:00,17.0,17.53492,10.183796,25.414988
20001_0310_1,2,47567835,2024-05-06,12,12:00,26.333333333333332,21.673307,14.682828,29.583427
20001_0310_1,2,47567835,2024-05-06,13,13:00,14.25,21.649265,14.911237,29.306934
20001_0310_1,2,47567835,2024-05-06,14,14:00,11.666666666666666,15.891736,9.2758,23.052395
20001_0310_1,2,47567835,2024-05-06,15,15:00,11.0,15.0795355,8.714172,21.661285
20001_0310_1,2,47567835,2024-05-06,16,16:00,29.0,13.733133,7.6442633,19.870089
20001_0310_1,2,47567835,2024-05-06,17,17:00,25.333333333333332,17.091627,10.939645,22.780785
20001_0310_1,2,47567835,2024-05-06,18,18:00,18.5,16.073936,9.997839,21.826958
20001_0310_1,2,47567835,2024-05-06,19,19:00,15.5,15.545369,9.620292,21.076744
20001_0310_1,2,47567835,2024-05-06,20,20:00,10.0,11.455066,5.684764,16.864723
20001_0310_1,2,47567835,2024-05-06,21,21:00,11.0,10.637607,5.227948,15.503292
20001_0310_1,2,47567835,2024-05-06,22,22:00,11.0,10.409199,5.408271,14.956316
20001_0310_1,2,47567835,2024-05-06,23,23:00,,1.7297037,0.0,5.8410425
20001_0310_1,2,47567835,2024-05-07,0,00:00,,0.0,0.0,3.8623438
20001_0310_1,2,47567835,2024-05-07,1,01:00,,0.20971845,0.0,4.126679
20001_0310_1,2,47567835,2024-05-07,2,02:00,,0.0,0.0,4.5832567
20001_0310_1,2,47567835,2024-05-07,3,03:00,,0.64226604,0.0,6.96227
20001_0310_1,2,47567835,2024-05-07,4,04:00,,15.532873,8.338011,23.429123
20001_0310_1,2,47567835,2024-05-07,5,05:00,27.75,36.06312,27.219925,45.242744
20001_0310_1,2,47567835,2024-05-07,6,06:00,41.75,39.2832,29.81521,49.087616
20001_0310_1,2,47567835,2024-05-07,7,07:00,47.0,30.968672,21.58479,40.532784
20001_0310_1,2,47567835,2024-05-07,8,08:00,29.5,30.536123,21.969275,39.523502
20001_0310_1,2,47567835,2024-05-07,9,09:00,26.5,26.667223,18.857332,35.00578
20001_0310_1,2,47567835,2024-05-07,10,10:00,15.0,19.109653,11.726304,26.913534
20001_0310_1,2,47567835,2024-05-07,11,11:00,11.75,19.686384,12.83771,27.352093
20001_0310_1,2,47567835,2024-05-07,12,12:00,21.333333333333332,23.062658,16.771193,30.391943
20001_0310_1,2,47567835,2024-05-07,13,13:00,19.25,21.993305,16.060793,28.9381
20001_0310_1,2,47567835,2024-05-07,14,14:00,10.666666666666666,16.535393,10.833422,22.860653
20001_0310_1,2,47567835,2024-05-07,15,15:00,7.0,16.26092,10.865337,22.027472
20001_0310_1,2,47567835,2024-05-07,16,16:00,16.0,17.217257,11.960599,22.618095
20001_0310_1,2,47567835,2024-05-07,17,17:00,16.5,20.67163,15.126608,25.802128
20001_0310_1,2,47567835,2024-05-07,18,18:00,10.0,17.06181,11.552833,22.402573
20001_0310_1,2,47567835,2024-05-07,19,19:00,17.0,16.05103,10.653943,21.28741
20001_0310_1,2,47567835,2024-05-07,20,20:00,6.4,12.21292,6.8781633,17.320887
20001_0310_1,2,47567835,2024-05-07,21,21:00,6.5,11.1195345,6.109189,15.867046
20001_0310_1,2,47567835,2024-05-07,22,22:00,,11.347824,6.7820415,15.773929
20001_0310_1,2,47567835,2024-05-07,23,23:00,,1.9399096,0.0,5.83284
20001_0310_1,2,47567835,2024-05-08,0,00:00,,0.0,0.0,2.9544404
20001_0310_1,2,47567835,2024-05-08,1,01:00,,0.0,0.0,3.193055
20001_0310_1,2,47567835,2024-05-08,2,02:00,,0.0,0.0,3.9327583
20001_0310_1,2,47567835,2024-05-08,3,03:00,,0.56829727,0.0,6.6052384
20001_0310_1,2,47567835,2024-05-08,4,04:00,11.0,14.72707,7.9847274,22.229998
20001_0310_1,2,47567835,2024-05-08,5,05:00,35.666666666666664,34.117462,26.004576,42.65985
20001_0310_1,2,47567835,2024-05-08,6,06:00,40.8,39.319252,30.490526,48.14798
20001_0310_1,2,47567835,2024-05-08,7,07:00,27.333333333333332,31.874485,23.427542,40.512325
20001_0310_1,2,47567835,2024-05-08,8,08:00,28.25,30.299635,22.568533,38.41252
20001_0310_1,2,47567835,2024-05-08,9,09:00,19.333333333333332,24.787643,17.778353,32.39944
20001_0310_1,2,47567835,2024-05-08,10,10:00,8.5,17.068472,10.321655,24.280586
20001_0310_1,2,47567835,2024-05-08,11,11:00,13.5,17.8559,11.478934,24.936775
20001_0310_1,2,47567835,2024-05-08,12,12:00,17.666666666666668,21.37546,15.335537,28.390718
20001_0310_1,2,47567835,2024-05-08,13,13:00,24.333333333333332,20.075012,14.327391,27.01272
20001_0310_1,2,47567835,2024-05-08,14,14:00,11.0,15.120783,9.382111,21.396338
20001_0310_1,2,47567835,2024-05-08,15,15:00,16.0,15.159559,9.808636,21.059296
20001_0310_1,2,47567835,2024-05-08,16,16:00,17.75,14.801638,9.558089,20.27187
20001_0310_1,2,47567835,2024-05-08,17,17:00,16.0,18.828253,13.346092,24.083735
20001_0310_1,2,47567835,2024-05-08,18,18:00,9.8,16.119236,10.802611,21.504461
20001_0310_1,2,47567835,2024-05-08,19,19:00,13.25,15.438438,10.094973,20.653652
20001_0310_1,2,47567835,2024-05-08,20,20:00,14.5,11.031532,6.0087023,16.212444
20001_0310_1,2,47567835,2024-05-08,21,21:00,13.5,10.136728,5.555335,14.891118
20001_0310_1,2,47567835,2024-05-08,22,22:00,6.0,10.542373,6.378555,14.858308
20001_0310_1,2,47567835,2024-05-08,23,23:00,,1.2364172,0.0,5.1019683
20001_0310_1,2,47567835,2024-05-09,0,00:00,,0.0,0.0,2.577896
20001_0310_1,2,47567835,2024-05-09,1,01:00,,0.0,0.0,2.6253703
20001_0310_1,2,47567835,2024-05-09,2,02:00,,0.0,0.0,3.0051646
20001_0310_1,2,47567835,2024-05-09,3,03:00,,0.0,0.0,4.8566623
20001_0310_1,2,47567835,2024-05-09,4,04:00,,13.669078,7.7288566,19.84667
20001_0310_1,2,47567835,2024-05-09,5,05:00,28.75,33.626087,26.528677,40.74723
20001_0310_1,2,47567835,2024-05-09,6,06:00,44.2,38.42099,30.825098,45.874454
20001_0310_1,2,47567835,2024-05-09,7,07:00,35.0,30.540255,23.252953,37.99372
20001_0310_1,2,47567835,2024-05-09,8,08:00,22.5,29.1635,22.422152,36.142223
20001_0310_1,2,47567835,2024-05-09,9,09:00,18.5,22.873156,16.665892,29.377136
20001_0310_1,2,47567835,2024-05-09,10,10:00,17.333333333333332,14.838134,8.869724,21.213041
20001_0310_1,2,47567835,2024-05-09,11,11:00,13.333333333333334,16.808315,11.200416,23.175806
20001_0310_1,2,47567835,2024-05-09,12,12:00,18.0,20.986053,15.52651,27.264528
20001_0310_1,2,47567835,2024-05-09,13,13:00,24.0,20.34515,14.97759,26.623629
20001_0310_1,2,47567835,2024-05-09,14,14:00,13.5,15.1155615,9.785089,21.048365
20001_0310_1,2,47567835,2024-05-09,15,15:00,27.0,14.476141,9.417162,20.18196
20001_0310_1,2,47567835,2024-05-09,16,16:00,10.4,14.309982,9.301444,19.532154
20001_0310_1,2,47567835,2024-05-09,17,17:00,25.0,17.834948,12.678053,22.69513
20001_0310_1,2,47567835,2024-05-09,18,18:00,24.6,15.814323,10.786498,20.542465
20001_0310_1,2,47567835,2024-05-09,19,19:00,11.333333333333334,15.209026,10.267991,19.67977
20001_0310_1,2,47567835,2024-05-09,20,20:00,10.25,11.443721,6.862451,15.829161
20001_0310_1,2,47567835,2024-05-09,21,21:00,3.0,10.70787,6.4351835,14.588895
20001_0310_1,2,47567835,2024-05-09,22,22:00,15.0,9.995755,6.150337,13.562263
20001_0310_1,2,47567835,2024-05-09,23,23:00,,1.3435642,0.0,4.524341
20001_0310_1,2,47567835,2024-05-10,0,00:00,,0.0,0.0,3.279873
20001_0310_1,2,47567835,2024-05-10,1,01:00,,0.17272648,0.0,3.7035744
20001_0310_1,2,47567835,2024-05-10,2,02:00,,0.0,0.0,4.2685103
20001_0310_1,2,47567835,2024-05-10,3,03:00,,0.0,0.0,5.516076
20001_0310_1,2,47567835,2024-05-10,4,04:00,11.0,13.154477,6.9813766,20.057283
20001_0310_1,2,47567835,2024-05-10,5,05:00,31.0,32.797764,25.288826,40.801018
20001_0310_1,2,47567835,2024-05-10,6,06:00,46.0,38.44712,30.396786,47.2507
20001_0310_1,2,47567835,2024-05-10,7,07:00,40.25,29.54938,21.534355,38.494194
20001_0310_1,2,47567835,2024-05-10,8,08:00,37.333333333333336,28.796133,21.19304,37.22309
20001_0310_1,2,47567835,2024-05-10,9,09:00,25.333333333333332,22.65246,15.652553,30.538017
20001_0310_1,2,47567835,2024-05-10,10,10:00,11.0,14.549163,7.8140697,22.125774
20001_0310_1,2,47567835,2024-05-10,11,11:00,12.5,17.232607,11.018315,24.718006
20001_0310_1,2,47567835,2024-05-10,12,12:00,18.666666666666668,21.322506,15.405394,28.560745
20001_0310_1,2,47567835,2024-05-10,13,13:00,22.0,19.945475,14.225501,27.03071
20001_0310_1,2,47567835,2024-05-10,14,14:00,11.6,15.813279,10.124201,22.493938
20001_0310_1,2,47567835,2024-05-10,15,15:00,9.0,16.317528,10.765268,22.58184
20001_0310_1,2,47567835,2024-05-10,16,16:00,14.5,14.627134,9.267603,20.531008
20001_0310_1,2,47567835,2024-05-10,17,17:00,8.0,17.665134,12.015777,23.161488
20001_0310_1,2,47567835,2024-05-10,18,18:00,1.25,16.823616,11.340505,22.309671
20001_0310_1,2,47567835,2024-05-10,19,19:00,7.166666666666667,15.6797695,10.327592,20.931904
20001_0310_1,2,47567835,2024-05-10,20,20:00,12.0,10.682884,5.6220016,15.884999
20001_0310_1,2,47567835,2024-05-10,21,21:00,16.0,9.941405,5.1276836,14.616837
20001_0310_1,2,47567835,2024-05-10,22,22:00,1.0,10.247413,5.763236,14.54622
20001_0310_1,2,47567835,2024-05-10,23,23:00,,1.4438318,0.0,5.3748426
20001_0310_1,2,47567835,2024-05-11,0,00:00,,0.0,0.0,2.639549
20001_0310_1,2,47567835,2024-05-11,1,01:00,,0.0,0.0,3.452274
20001_0310_1,2,47567835,2024-05-11,2,02:00,,0.0,0.0,3.7152152
20001_0310_1,2,47567835,2024-05-11,3,03:00,,0.0,0.0,5.938257
20001_0310_1,2,47567835,2024-05-11,4,04:00,,12.356396,5.460183,19.945812
20001_0310_1,2,47567835,2024-05-11,5,05:00,,30.415623,21.8103,39.212177
20001_0310_1,2,47567835,2024-05-11,6,06:00,,34.86171,25.658792,44.375374
20001_0310_1,2,47567835,2024-05-11,7,07:00,,24.176764,15.265174,33.64262
20001_0310_1,2,47567835,2024-05-11,8,08:00,,27.09301,19.001616,35.698334
20001_0310_1,2,47567835,2024-05-11,9,09:00,,21.834202,14.657123,29.722416
20001_0310_1,2,47567835,2024-05-11,10,10:00,,12.924107,6.045823,20.232656
20001_0310_1,2,47567835,2024-05-11,11,11:00,,14.89168,8.507904,22.156902
20001_0310_1,2,47567835,2024-05-11,12,12:00,,19.563354,13.455965,26.61494
20001_0310_1,2,47567835,2024-05-11,13,13:00,,18.678919,12.661168,25.772337
20001_0310_1,2,47567835,2024-05-11,14,14:00,,13.910133,7.865491,20.426874
20001_0310_1,2,47567835,2024-05-11,15,15:00,,13.228879,7.3067427,19.3781
20001_0310_1,2,47567835,2024-05-11,16,16:00,,11.268778,5.400424,17.029562
20001_0310_1,2,47567835,2024-05-11,17,17:00,,13.330471,7.282839,18.792461
20001_0310_1,2,47567835,2024-05-11,18,18:00,,13.724881,7.82366,19.165955
20001_0310_1,2,47567835,2024-05-11,19,19:00,,13.473892,7.701153,18.672941
20001_0310_1,2,47567835,2024-05-11,20,20:00,0.0,9.308676,3.9781547,14.459919
20001_0310_1,2,47567835,2024-05-11,21,21:00,,9.476002,4.647458,14.167099
20001_0310_1,2,47567835,2024-05-11,22,22:00,,8.256914,3.7630215,12.529696
20001_0310_1,2,47567835,2024-05-11,23,23:00,,0.58383316,0.0,4.504036
20001_0310_1,2,47567835,2024-05-12,0,00:00,,0.0,0.0,3.537857
20001_0310_1,2,47567835,2024-05-12,1,01:00,,0.33579934,0.0,4.2968636
20001_0310_1,2,47567835,2024-05-12,2,02:00,,0.0,0.0,3.9410782
20001_0310_1,2,47567835,2024-05-12,3,03:00,,0.0,0.0,5.411653
20001_0310_1,2,47567835,2024-05-12,4,04:00,,12.871262,6.218098,19.761616
20001_0310_1,2,47567835,2024-05-12,5,05:00,,32.21406,24.38681,40.041317
20001_0310_1,2,47567835,2024-05-12,6,06:00,,37.19504,28.727375,45.449234
20001_0310_1,2,47567835,2024-05-12,7,07:00,,25.97598,17.641737,33.992985
20001_0310_1,2,47567835,2024-05-12,8,08:00,,28.276716,20.520622,35.866783
20001_0310_1,2,47567835,2024-05-12,9,09:00,,23.034828,15.847989,30.174229
20001_0310_1,2,47567835,2024-05-12,10,10:00,,13.775547,6.7903185,20.820074
20001_0310_1,2,47567835,2024-05-12,11,11:00,,16.076284,9.274876,22.996284
20001_0310_1,2,47567835,2024-05-12,12,12:00,,20.793388,14.267713,27.790476
20001_0310_1,2,47567835,2024-05-12,13,13:00,,19.180502,12.598495,26.058994
20001_0310_1,2,47567835,2024-05-12,14,14:00,,13.8526325,7.398114,20.467253
20001_0310_1,2,47567835,2024-05-12,15,15:00,,14.057208,7.6738462,20.339762
20001_0310_1,2,47567835,2024-05-12,16,16:00,,11.922504,5.6488433,18.018272
20001_0310_1,2,47567835,2024-05-12,17,17:00,,13.384184,6.9800687,19.07673
20001_0310_1,2,47567835,2024-05-12,18,18:00,,13.464235,7.315099,19.162712
20001_0310_1,2,47567835,2024-05-12,19,19:00,,14.134295,8.367626,19.56297
20001_0310_1,2,47567835,2024-05-12,20,20:00,,9.467593,3.9647975,14.783601
20001_0310_1,2,47567835,2024-05-12,21,21:00,,9.384577,4.285004,14.152085
20001_0310_1,2,47567835,2024-05-12,22,22:00,,9.8470955,5.1981826,14.460432
20001_0310_1,2,47567835,2024-05-12,23,23:00,,1.3319948,0.0,5.553967
20001_0310_1,2,47567835,2024-05-13,0,00:00,,0.0,0.0,3.7554
20001_0310_1,2,47567835,2024-05-13,1,01:00,,0.1345879,0.0,3.96839
20001_0310_1,2,47567835,2024-05-13,2,02:00,,0.0,0.0,4.110382
20001_0310_1,2,47567835,2024-05-13,3,03:00,,0.0,0.0,4.7730145
20001_0310_1,2,47567835,2024-05-13,4,04:00,,12.529363,6.323099,19.32726
20001_0310_1,2,47567835,2024-05-13,5,05:00,25.75,33.502857,26.237568,41.12313
20001_0310_1,2,47567835,2024-05-13,6,06:00,39.6,40.602493,32.7929,48.743404
20001_0310_1,2,47567835,2024-05-13,7,07:00,34.25,30.994322,23.397718,38.993244
20001_0310_1,2,47567835,2024-05-13,8,08:00,31.25,28.438456,21.397985,36.15339
20001_0310_1,2,47567835,2024-05-13,9,09:00,25.0,22.924408,16.478533,30.213366
20001_0310_1,2,47567835,2024-05-13,10,10:00,21.25,14.15932,7.988557,21.22937
20001_0310_1,2,47567835,2024-05-13,11,11:00,14.333333333333334,16.380913,10.541467,23.308971
20001_0310_1,2,47567835,2024-05-13,12,12:00,25.666666666666668,20.67619,14.904782,27.633831
20001_0310_1,2,47567835,2024-05-13,13,13:00,27.0,19.42192,13.810254,26.261232
20001_0310_1,2,47567835,2024-05-13,14,14:00,8.25,13.615016,8.018139,20.170343
20001_0310_1,2,47567835,2024-05-13,15,15:00,19.0,14.628192,9.127455,20.699856
20001_0310_1,2,47567835,2024-05-13,16,16:00,14.0,14.752435,9.358562,20.48132
20001_0310_1,2,47567835,2024-05-13,17,17:00,20.75,15.90021,10.315166,21.20127
20001_0310_1,2,47567835,2024-05-13,18,18:00,15.0,14.773143,9.365589,20.216192
20001_0310_1,2,47567835,2024-05-13,19,19:00,18.0,14.982064,9.741649,20.213606
20001_0310_1,2,47567835,2024-05-13,20,20:00,11.666666666666666,10.417223,5.2108254,15.562977
20001_0310_1,2,47567835,2024-05-13,21,21:00,10.5,9.872917,5.0333333,14.598609
20001_0310_1,2,47567835,2024-05-13,22,22:00,14.0,9.636263,5.0806646,14.076491
20001_0310_1,2,47567835,2024-05-13,23,23:00,,1.4125218,0.0,5.388316
20001_0310_1,2,47567835,2024-05-14,0,00:00,,0.0,0.0,3.637431
20001_0310_1,2,47567835,2024-05-14,1,01:00,,0.04492584,0.0,4.110129
20001_0310_1,2,47567835,2024-05-14,2,02:00,,0.18673481,0.0,4.984619
20001_0310_1,2,47567835,2024-05-14,3,03:00,,0.18673481,0.0,6.1427293
20001_0310_1,2,47567835,2024-05-14,4,04:00,,12.914129,6.2077255,20.105047
20001_0310_1,2,47567835,2024-05-14,5,05:00,33.5,33.464672,25.52335,41.64235
20001_0310_1,2,47567835,2024-05-14,6,06:00,29.8,41.07511,32.566544,49.86729
20001_0310_1,2,47567835,2024-05-14,7,07:00,32.666666666666664,31.8575,23.37257,40.413334
20001_0310_1,2,47567835,2024-05-14,8,08:00,28.8,28.974043,21.24543,37.19899
20001_0310_1,2,47567835,2024-05-14,9,09:00,22.0,23.727093,16.68094,31.337534
20001_0310_1,2,47567835,2024-05-14,10,10:00,14.5,16.002176,9.4228115,23.213774
20001_0310_1,2,47567835,2024-05-14,11,11:00,14.25,16.610035,10.6126795,23.564604
20001_0310_1,2,47567835,2024-05-14,12,12:00,16.333333333333332,21.316334,15.50215,28.099552
20001_0310_1,2,47567835,2024-05-14,13,13:00,27.333333333333332,20.075502,14.479939,26.705091
20001_0310_1,2,47567835,2024-05-14,14,14:00,7.5,14.346994,8.7396145,20.56888
20001_0310_1,2,47567835,2024-05-14,15,15:00,14.5,15.225178,9.777703,21.063368
20001_0310_1,2,47567835,2024-05-14,16,16:00,10.75,15.949735,10.629296,21.477716
20001_0310_1,2,47567835,2024-05-14,17,17:00,25.333333333333332,17.186136,11.5373955,22.527622
20001_0310_1,2,47567835,2024-05-14,18,18:00,21.4,14.914232,9.24518,20.400852
20001_0310_1,2,47567835,2024-05-14,19,19:00,12.333333333333334,15.358125,9.7485285,20.738758
20001_0310_1,2,47567835,2024-05-14,20,20:00,8.0,11.366042,5.906381,16.66026
20001_0310_1,2,47567835,2024-05-14,21,21:00,5.0,9.829774,4.712819,14.654249
20001_0310_1,2,47567835,2024-05-14,22,22:00,8.0,9.912496,5.1382465,14.237683
20001_0310_1,2,47567835,2024-05-14,23,23:00,,1.2739408,0.0,5.055525
20001_0310_1,2,47567835,2024-05-15,0,00:00,,0.0,0.0,2.1683283
20001_0310_1,2,47567835,2024-05-15,1,01:00,,0.0,0.0,2.6870213
20001_0310_1,2,47567835,2024-05-15,2,02:00,,0.0,0.0,3.2528687
20001_0310_1,2,47567835,2024-05-15,3,03:00,,0.0,0.0,5.0682926
20001_0310_1,2,47567835,2024-05-15,4,04:00,,11.834873,5.5516186,18.436417
20001_0310_1,2,47567835,2024-05-15,5,05:00,29.5,31.49804,23.835535,39.136967
20001_0310_1,2,47567835,2024-05-15,6,06:00,37.2,39.6085,31.403732,47.718975
20001_0310_1,2,47567835,2024-05-15,7,07:00,29.333333333333332,30.507809,22.468073,38.382504
20001_0310_1,2,47567835,2024-05-15,8,08:00,36.2,28.055805,20.664436,35.45896
20001_0310_1,2,47567835,2024-05-15,9,09:00,20.0,22.680265,15.919578,29.706192
20001_0310_1,2,47567835,2024-05-15,10,10:00,14.0,14.918294,8.508314,21.640669
20001_0310_1,2,47567835,2024-05-15,11,11:00,16.5,15.410094,9.401291,22.144627
20001_0310_1,2,47567835,2024-05-15,12,12:00,33.0,20.416878,14.525589,27.171669
20001_0310_1,2,47567835,2024-05-15,13,13:00,17.333333333333332,20.71159,14.8954525,27.454596
20001_0310_1,2,47567835,2024-05-15,14,14:00,13.25,13.679769,7.7030153,20.116274
20001_0310_1,2,47567835,2024-05-15,15,15:00,15.5,14.823986,9.124261,21.007038
20001_0310_1,2,47567835,2024-05-15,16,16:00,13.5,15.039863,9.404975,20.804426
20001_0310_1,2,47567835,2024-05-15,17,17:00,27.5,17.066008,11.189455,22.588903
20001_0310_1,2,47567835,2024-05-15,18,18:00,20.25,14.628739,8.93491,20.145744
20001_0310_1,2,47567835,2024-05-15,19,19:00,19.2,14.3104515,8.8288145,19.591686
20001_0310_1,2,47567835,2024-05-15,20,20:00,13.0,10.762122,5.681293,15.884212
20001_0310_1,2,47567835,2024-05-15,21,21:00,9.5,9.712949,5.09187,14.336976
20001_0310_1,2,47567835,2024-05-15,22,22:00,8.0,8.86418,4.9032545,13.043192
20001_0310_1,2,47567835,2024-05-15,23,23:00,,0.8480207,0.0,4.455292
20001_0310_1,2,47567835,2024-05-16,0,00:00,,0.0,0.0,2.6963413
20001_0310_1,2,47567835,2024-05-16,1,01:00,,0.057515204,0.0,3.196809
20001_0310_1,2,47567835,2024-05-16,2,02:00,,0.0,0.0,3.242306
20001_0310_1,2,47567835,2024-05-16,3,03:00,,0.057515204,0.0,4.6527143
20001_0310_1,2,47567835,2024-05-16,4,04:00,,12.7284355,7.388223,18.28476
20001_0310_1,2,47567835,2024-05-16,5,05:00,29.25,31.85993,25.399353,38.27501
20001_0310_1,2,47567835,2024-05-16,6,06:00,32.5,39.45793,32.542385,46.464474
20001_0310_1,2,47567835,2024-05-16,7,07:00,30.25,31.086481,24.10269,37.911034
20001_0310_1,2,47567835,2024-05-16,8,08:00,26.5,29.676075,23.03351,36.409634
20001_0310_1,2,47567835,2024-05-16,9,09:00,25.0,23.101753,16.766294,29.676075
20001_0310_1,2,47567835,2024-05-16,10,10:00,22.5,15.383613,9.053842,22.088737
20001_0310_1,2,47567835,2024-05-16,11,11:00,12.25,16.69805,10.501926,23.752932
20001_0310_1,2,47567835,2024-05-16,12,12:00,17.333333333333332,22.169065,15.935976,29.42584
20001_0310_1,2,47567835,2024-05-16,13,13:00,17.0,21.35012,15.08575,28.629646
20001_0310_1,2,47567835,2024-05-16,14,14:00,9.0,14.377702,8.133236,21.418364
20001_0310_1,2,47567835,2024-05-16,15,15:00,5.666666666666667,15.54143,9.460468,22.3475
20001_0310_1,2,47567835,2024-05-16,16,16:00,25.0,15.41347,9.370897,21.893951
20001_0310_1,2,47567835,2024-05-16,17,17:00,25.0,18.984274,12.660191,25.115
20001_0310_1,2,47567835,2024-05-16,18,18:00,11.0,17.516994,11.283903,23.57947
20001_0310_1,2,47567835,2024-05-16,19,19:00,13.75,15.557781,9.643168,21.381397
20001_0310_1,2,47567835,2024-05-16,20,20:00,6.0,11.272531,5.869759,16.703735
20001_0310_1,2,47567835,2024-05-16,21,21:00,17.0,10.351216,5.5626545,15.131248
20001_0310_1,2,47567835,2024-05-16,22,22:00,12.0,9.475398,5.426163,13.700934
20001_0310_1,2,47567835,2024-05-16,23,23:00,,1.331431,0.0,4.925696
20001_0310_1,2,47567835,2024-05-17,0,00:00,,0.029920667,0.0,3.6612637
20001_0310_1,2,47567835,2024-05-17,1,01:00,,0.39079928,0.0,3.977033
20001_0310_1,2,47567835,2024-05-17,2,02:00,,0.0,0.0,3.7514837
20001_0310_1,2,47567835,2024-05-17,3,03:00,,0.21035965,0.0,5.420548
20001_0310_1,2,47567835,2024-05-17,4,04:00,,12.282885,6.20997,18.66029
20001_0310_1,2,47567835,2024-05-17,5,05:00,27.75,30.524183,23.19383,37.831978
20001_0310_1,2,47567835,2024-05-17,6,06:00,33.5,37.9222,29.892645,45.906643
20001_0310_1,2,47567835,2024-05-17,7,07:00,30.666666666666668,29.712206,21.70521,37.87709
20001_0310_1,2,47567835,2024-05-17,8,08:00,18.25,29.351328,21.614988,37.380882
20001_0310_1,2,47567835,2024-05-17,9,09:00,15.333333333333334,23.238943,15.87476,31.065504
20001_0310_1,2,47567835,2024-05-17,10,10:00,15.333333333333334,15.013441,7.7289915,22.77313
20001_0310_1,2,47567835,2024-05-17,11,11:00,21.6,15.583657,8.505639,23.459555
20001_0310_1,2,47567835,2024-05-17,12,12:00,8.5,20.543627,13.805343,28.392744
20001_0310_1,2,47567835,2024-05-17,13,13:00,11.75,20.069975,13.447285,27.851427
20001_0310_1,2,47567835,2024-05-17,14,14:00,11.0,13.839174,7.3489943,21.15261
20001_0310_1,2,47567835,2024-05-17,15,15:00,14.0,14.076,7.761326,21.001068
20001_0310_1,2,47567835,2024-05-17,16,16:00,16.5,13.805343,7.6111956,20.411118
20001_0310_1,2,47567835,2024-05-17,17,17:00,21.666666666666668,16.160923,9.642548,22.442472
20001_0310_1,2,47567835,2024-05-17,18,18:00,25.0,15.7337885,9.41559,21.978685
20001_0310_1,2,47567835,2024-05-17,19,19:00,7.5,13.881465,7.80855,19.864159
20001_0310_1,2,47567835,2024-05-17,20,20:00,8.0,10.292412,4.732622,16.03969
20001_0310_1,2,47567835,2024-05-17,21,21:00,7.5,10.642014,5.6009884,15.668943
20001_0310_1,2,47567835,2024-05-17,22,22:00,12.0,8.600793,4.2476926,13.100502
20001_0310_1,2,47567835,2024-05-17,23,23:00,,1.3381064,0.0,5.2852187
20001_0310_1,2,47567835,2024-05-18,0,00:00,,0.0,0.0,3.687918
20001_0310_1,2,47567835,2024-05-18,1,01:00,,0.45642608,0.0,4.200499
20001_0310_1,2,47567835,2024-05-18,2,02:00,,0.0,0.0,4.1782126
20001_0310_1,2,47567835,2024-05-18,3,03:00,,0.5901424,0.0,6.072535
20001_0310_1,2,47567835,2024-05-18,4,04:00,,13.33225,7.0364127,20.162954
20001_0310_1,2,47567835,2024-05-18,5,05:00,,29.562138,21.96256,37.540577
20001_0310_1,2,47567835,2024-05-18,6,06:00,,33.796505,25.572918,42.354385
20001_0310_1,2,47567835,2024-05-18,7,07:00,,24.302607,16.170946,32.9942
20001_0310_1,2,47567835,2024-05-18,8,08:00,,26.976944,19.35508,35.311962
20001_0310_1,2,47567835,2024-05-18,9,09:00,,21.91799,14.6944895,29.896431
20001_0310_1,2,47567835,2024-05-18,10,10:00,,14.553808,7.438954,22.28153
20001_0310_1,2,47567835,2024-05-18,11,11:00,,15.935551,9.010129,23.752419
20001_0310_1,2,47567835,2024-05-18,12,12:00,,19.811947,13.365678,27.489527
20001_0310_1,2,47567835,2024-05-18,13,13:00,,19.21022,12.780665,26.698366
20001_0310_1,2,47567835,2024-05-18,14,14:00,,13.683256,7.4180613,20.85661
20001_0310_1,2,47567835,2024-05-18,15,15:00,,13.591327,7.4152775,20.54182
20001_0310_1,2,47567835,2024-05-18,16,16:00,9.0,12.474232,6.217396,19.277079
20001_0310_1,2,47567835,2024-05-18,17,17:00,,15.206375,8.618033,21.922865
20001_0310_1,2,47567835,2024-05-18,18,18:00,,15.800441,9.40153,22.5615
20001_0310_1,2,47567835,2024-05-18,19,19:00,,13.736186,7.621423,20.146238
20001_0310_1,2,47567835,2024-05-18,20,20:00,,8.858304,3.286767,14.95496
20001_0310_1,2,47567835,2024-05-18,21,21:00,,9.950326,4.9359417,15.379789
20001_0310_1,2,47567835,2024-05-18,22,22:00,,9.192596,4.7242236,14.158231
20001_0310_1,2,47567835,2024-05-18,23,23:00,,1.347872,0.0,5.7828155
20001_0310_1,2,47567835,2024-05-19,0,00:00,,0.0,0.0,2.912232
20001_0310_1,2,47567835,2024-05-19,1,01:00,,0.12055454,0.0,3.643386
20001_0310_1,2,47567835,2024-05-19,2,02:00,,0.0,0.0,3.4661374
20001_0310_1,2,47567835,2024-05-19,3,03:00,,0.07624273,0.0,5.083538
20001_0310_1,2,47567835,2024-05-19,4,04:00,,13.705057,7.9596853,19.813236
20001_0310_1,2,47567835,2024-05-19,5,05:00,,31.00626,24.359407,37.874676
20001_0310_1,2,47567835,2024-05-19,6,06:00,,35.57043,28.436142,42.793343
20001_0310_1,2,47567835,2024-05-19,7,07:00,,26.973835,19.839548,34.063812
20001_0310_1,2,47567835,2024-05-19,8,08:00,,27.948708,21.035982,35.21594
20001_0310_1,2,47567835,2024-05-19,9,09:00,,22.586914,15.818202,29.854136
20001_0310_1,2,47567835,2024-05-19,10,10:00,,14.614845,7.693118,21.98385
20001_0310_1,2,47567835,2024-05-19,11,11:00,,15.956679,9.071647,23.495317
20001_0310_1,2,47567835,2024-05-19,12,12:00,,20.903044,14.098329,28.613392
20001_0310_1,2,47567835,2024-05-19,13,13:00,,20.393452,13.561043,28.026255
20001_0310_1,2,47567835,2024-05-19,14,14:00,,13.401795,6.6081595,20.633017
20001_0310_1,2,47567835,2024-05-19,15,15:00,,14.657946,8.033251,21.548515
20001_0310_1,2,47567835,2024-05-19,16,16:00,,13.864305,7.3683915,20.473766
20001_0310_1,2,47567835,2024-05-19,17,17:00,,16.103464,9.392912,22.354275
20001_0310_1,2,47567835,2024-05-19,18,18:00,,16.333334,9.874809,22.681076
20001_0310_1,2,47567835,2024-05-19,19,19:00,,14.206341,8.00746,20.16012
20001_0310_1,2,47567835,2024-05-19,20,20:00,,9.614474,3.8760262,15.226909
20001_0310_1,2,47567835,2024-05-19,21,21:00,,10.135144,5.039225,15.028889
20001_0310_1,2,47567835,2024-05-19,22,22:00,,9.403991,5.039225,13.735523
20001_0310_1,2,47567835,2024-05-19,23,23:00,,1.2726758,0.0,4.9506
20001_0310_1,2,47567835,2024-05-20,0,00:00,,0.0,0.0,3.3912237
20001_0310_1,2,47567835,2024-05-20,1,01:00,,0.40426928,0.0,4.032866
20001_0310_1,2,47567835,2024-05-20,2,02:00,,0.0,0.0,3.8116102
20001_0310_1,2,47567835,2024-05-20,3,03:00,,0.18301384,0.0,5.2055225
20001_0310_1,2,47567835,2024-05-20,4,04:00,,13.842796,8.341824,19.7365
20001_0310_1,2,47567835,2024-05-20,5,05:00,24.75,30.98183,24.676039,37.39825
20001_0310_1,2,47567835,2024-05-20,6,06:00,38.0,36.867237,30.18531,43.681915
20001_0310_1,2,47567835,2024-05-20,7,07:00,33.75,29.123281,22.529854,35.893707
20001_0310_1,2,47567835,2024-05-20,8,08:00,30.0,27.9285,21.357197,34.83168
20001_0310_1,2,47567835,2024-05-20,9,09:00,17.666666666666668,22.596233,16.165987,29.521542
20001_0310_1,2,47567835,2024-05-20,10,10:00,24.666666666666668,15.048296,8.377432,22.084234
20001_0310_1,2,47567835,2024-05-20,11,11:00,18.0,16.0277,9.461931,23.24617
20001_0310_1,2,47567835,2024-05-20,12,12:00,22.333333333333332,22.131596,15.47871,29.521545
20001_0310_1,2,47567835,2024-05-20,13,13:00,15.0,20.627056,14.149792,27.884247
20001_0310_1,2,47567835,2024-05-20,14,14:00,17.25,13.593885,7.124917,20.422394
20001_0310_1,2,47567835,2024-05-20,15,15:00,1.0,14.991945,8.700327,21.466791
20001_0310_1,2,47567835,2024-05-20,16,16:00,15.75,15.322447,9.21302,21.448467
20001_0310_1,2,47567835,2024-05-20,17,17:00,12.666666666666666,17.23631,10.919455,23.09959
20001_0310_1,2,47567835,2024-05-20,18,18:00,13.666666666666666,17.053774,10.869673,22.950243
20001_0310_1,2,47567835,2024-05-20,19,19:00,9.0,14.643814,8.563425,20.323175
20001_0310_1,2,47567835,2024-05-20,20,20:00,11.333333333333334,10.327595,4.6523824,15.773256
20001_0310_1,2,47567835,2024-05-20,21,21:00,5.333333333333333,10.338657,5.150208,15.146824
20001_0310_1,2,47567835,2024-05-20,22,22:00,,9.453634,4.818325,13.696217
20001_0310_1,2,47567835,2024-05-20,23,23:00,,1.4662973,0.0,5.2276464
20001_0310_1,2,47567835,2024-05-21,0,00:00,,0.0,0.0,3.8704555
20001_0310_1,2,47567835,2024-05-21,1,01:00,,0.22604862,0.0,4.135504
20001_0310_1,2,47567835,2024-05-21,2,02:00,,0.0,0.0,4.0471544
20001_0310_1,2,47567835,2024-05-21,3,03:00,,0.18187353,0.0,5.5711784
20001_0310_1,2,47567835,2024-05-21,4,04:00,7.0,12.567337,6.2337985,19.243229
20001_0310_1,2,47567835,2024-05-21,5,05:00,33.333333333333336,28.93956,21.27526,36.537594
20001_0310_1,2,47567835,2024-05-21,6,06:00,36.333333333333336,36.0075,27.658497,44.13563
20001_0310_1,2,47567835,2024-05-21,7,07:00,34.25,29.29296,21.076477,37.33274
20001_0310_1,2,47567835,2024-05-21,8,08:00,35.25,27.4818,19.66289,35.30071
20001_0310_1,2,47567835,2024-05-21,9,09:00,27.0,22.136667,14.820245,29.53592
20001_0310_1,2,47567835,2024-05-21,10,10:00,16.333333333333332,15.977067,8.820775,23.111269
20001_0310_1,2,47567835,2024-05-21,11,11:00,21.0,15.633332,8.921548,22.770296
20001_0310_1,2,47567835,2024-05-21,12,12:00,23.666666666666668,20.524294,14.08584,27.481796
20001_0310_1,2,47567835,2024-05-21,13,13:00,17.666666666666668,19.375753,13.310024,26.233866
20001_0310_1,2,47567835,2024-05-21,14,14:00,14.0,12.7964945,6.8439617,19.036161
20001_0310_1,2,47567835,2024-05-21,15,15:00,11.0,13.025649,7.3050337,19.000267
20001_0310_1,2,47567835,2024-05-21,16,16:00,8.6,15.151553,9.261832,20.957067
20001_0310_1,2,47567835,2024-05-21,17,17:00,15.0,17.150455,10.905268,22.920769
20001_0310_1,2,47567835,2024-05-21,18,18:00,2.6,15.565691,9.306698,21.498896
20001_0310_1,2,47567835,2024-05-21,19,19:00,8.0,13.4508295,7.343687,19.12727
20001_0310_1,2,47567835,2024-05-21,20,20:00,8.0,9.977599,4.2901144,15.430405
20001_0310_1,2,47567835,2024-05-21,21,21:00,9.0,9.613158,4.400552,14.408869
20001_0310_1,2,47567835,2024-05-21,22,22:00,,8.751753,4.1355033,13.177498
20001_0310_1,2,47567835,2024-05-21,23,23:00,,1.5071131,0.0,5.3503065
20001_0310_1,2,47567835,2024-05-22,0,00:00,,0.0,0.0,2.861305
20001_0310_1,2,47567835,2024-05-22,1,01:00,,0.0,0.0,2.9055429
20001_0310_1,2,47567835,2024-05-22,2,02:00,,0.0,0.0,3.126728
20001_0310_1,2,47567835,2024-05-22,3,03:00,,0.0,0.0,5.1837497
20001_0310_1,2,47567835,2024-05-22,4,04:00,,11.929897,5.908131,18.570984
20001_0310_1,2,47567835,2024-05-22,5,05:00,35.0,30.199795,22.812208,37.764328
20001_0310_1,2,47567835,2024-05-22,6,06:00,29.25,36.304504,28.209124,44.532593
20001_0310_1,2,47567835,2024-05-22,7,07:00,34.0,28.430313,20.379173,36.6584
20001_0310_1,2,47567835,2024-05-22,8,08:00,33.25,28.784208,21.042728,36.6584
20001_0310_1,2,47567835,2024-05-22,9,09:00,84.0,22.745852,15.482685,30.37674
20001_0310_1,2,47567835,2024-05-22,10,10:00,15.25,15.994175,8.747596,23.522768
20001_0310_1,2,47567835,2024-05-22,11,11:00,12.75,16.63561,9.563215,24.349443
20001_0310_1,2,47567835,2024-05-22,12,12:00,16.666666666666668,20.976372,14.047745,28.673615
20001_0310_1,2,47567835,2024-05-22,13,13:00,28.333333333333332,19.638199,12.97223,27.291208
20001_0310_1,2,47567835,2024-05-22,14,14:00,10.0,13.494782,6.8592277,20.749655
20001_0310_1,2,47567835,2024-05-22,15,15:00,15.0,12.516038,6.2454386,19.450193
20001_0310_1,2,47567835,2024-05-22,16,16:00,15.75,13.102178,6.8066955,19.790266
20001_0310_1,2,47567835,2024-05-22,17,17:00,37.0,14.960134,8.473878,21.391092
20001_0310_1,2,47567835,2024-05-22,18,18:00,11.0,14.018023,7.624043,20.46384
20001_0310_1,2,47567835,2024-05-22,19,19:00,9.5,12.4109745,6.3615603,18.493567
20001_0310_1,2,47567835,2024-05-22,20,20:00,7.75,9.452623,3.9119346,15.297442
20001_0310_1,2,47567835,2024-05-22,21,21:00,11.0,9.541097,4.719261,14.691947
20001_0310_1,2,47567835,2024-05-22,22,22:00,5.5,8.977075,4.796675,13.541783
20001_0310_1,2,47567835,2024-05-22,23,23:00,,1.3130093,0.0,5.250105
20001_0310_1,2,47567835,2024-05-23,0,00:00,,0.0,0.0,4.1292343
20001_0310_1,2,47567835,2024-05-23,1,01:00,,0.6535688,0.0,4.7780256
20001_0310_1,2,47567835,2024-05-23,2,02:00,,0.0,0.0,4.1987486
20001_0310_1,2,47567835,2024-05-23,3,03:00,,0.23648944,0.0,5.9365816
20001_0310_1,2,47567835,2024-05-23,4,04:00,,11.98424,6.1682925,18.842888
20001_0310_1,2,47567835,2024-05-23,5,05:00,23.75,29.57111,22.388065,37.402946
20001_0310_1,2,47567835,2024-05-23,6,06:00,38.4,35.5956,27.810108,44.261593
20001_0310_1,2,47567835,2024-05-23,7,07:00,31.0,28.180843,20.209984,36.985867
20001_0310_1,2,47567835,2024-05-23,8,08:00,33.0,28.829632,20.997799,37.402943
20001_0310_1,2,47567835,2024-05-23,9,09:00,25.666666666666668,23.54662,16.01601,31.980904
20001_0310_1,2,47567835,2024-05-23,10,10:00,12.0,16.305653,8.740286,24.844204
20001_0310_1,2,47567835,2024-05-23,11,11:00,9.5,16.925476,9.638165,25.69574
20001_0310_1,2,47567835,2024-05-23,12,12:00,17.333333333333332,20.198395,13.13121,28.84122
20001_0310_1,2,47567835,2024-05-23,13,13:00,14.333333333333334,18.57642,11.83942,27.0918
20001_0310_1,2,47567835,2024-05-23,14,14:00,15.0,13.313683,6.6693683,21.232407
20001_0310_1,2,47567835,2024-05-23,15,15:00,5.666666666666667,13.238376,6.9097676,20.74292
20001_0310_1,2,47567835,2024-05-23,16,16:00,18.0,14.581575,8.266001,21.821098
20001_0310_1,2,47567835,2024-05-23,17,17:00,19.5,17.052917,10.466532,24.056385
20001_0310_1,2,47567835,2024-05-23,18,18:00,6.6,15.645275,8.945929,22.605297
20001_0310_1,2,47567835,2024-05-23,19,19:00,15.666666666666666,12.470833,6.098778,19.178867
20001_0310_1,2,47567835,2024-05-23,20,20:00,11.25,9.609201,3.7005692,16.063803
20001_0310_1,2,47567835,2024-05-23,21,21:00,11.5,10.443361,5.241448,16.08263
20001_0310_1,2,47567835,2024-05-23,22,22:00,2.0,9.122608,4.6042423,14.152185
20001_0310_1,2,47567835,2024-05-23,23,23:00,,1.997493,0.0,6.3536606
20001_0310_1,2,47567835,2024-05-24,0,00:00,,0.0,0.0,3.414306
20001_0310_1,2,47567835,2024-05-24,1,01:00,,0.63483244,0.0,4.1323357
20001_0310_1,2,47567835,2024-05-24,2,02:00,,0.0,0.0,3.6922526
20001_0310_1,2,47567835,2024-05-24,3,03:00,,0.0,0.0,5.220963
20001_0310_1,2,47567835,2024-05-24,4,04:00,,11.434243,5.5162826,18.20921
20001_0310_1,2,47567835,2024-05-24,5,05:00,23.5,28.05897,20.508066,35.980465
20001_0310_1,2,47567835,2024-05-24,6,06:00,33.666666666666664,33.47894,25.071035,42.23428
20001_0310_1,2,47567835,2024-05-24,7,07:00,37.2,26.692394,18.20342,35.51722
20001_0310_1,2,47567835,2024-05-24,8,08:00,29.666666666666668,27.595722,19.500505,35.93414
20001_0310_1,2,47567835,2024-05-24,9,09:00,22.333333333333332,23.148565,15.557128,31.25536
20001_0310_1,2,47567835,2024-05-24,10,10:00,14.666666666666666,14.68203,7.2845774,22.641169
20001_0310_1,2,47567835,2024-05-24,11,11:00,24.0,14.946224,7.943979,22.976295
20001_0310_1,2,47567835,2024-05-24,12,12:00,16.25,17.479599,10.8957205,25.487955
20001_0310_1,2,47567835,2024-05-24,13,13:00,19.0,16.761568,10.542496,24.602
20001_0310_1,2,47567835,2024-05-24,14,14:00,15.666666666666666,12.557614,6.436982,19.801617
20001_0310_1,2,47567835,2024-05-24,15,15:00,5.0,12.019091,6.1416636,18.869335
20001_0310_1,2,47567835,2024-05-24,16,16:00,13.6,12.777656,6.859695,19.297838
20001_0310_1,2,47567835,2024-05-24,17,17:00,19.0,15.186532,8.8198,21.524311
20001_0310_1,2,47567835,2024-05-24,18,18:00,13.0,14.666828,8.379719,21.165295
20001_0310_1,2,47567835,2024-05-24,19,19:00,16.25,12.10016,6.072177,18.325022
20001_0310_1,2,47567835,2024-05-24,20,20:00,9.8,8.799535,3.3448184,14.676963
20001_0310_1,2,47567835,2024-05-24,21,21:00,12.0,9.656539,4.861948,14.613266
20001_0310_1,2,47567835,2024-05-24,22,22:00,6.0,8.579493,4.4566083,12.948479
20001_0310_1,2,47567835,2024-05-24,23,23:00,,1.0517538,0.0,4.8503666
20001_0310_1,2,47567835,2024-05-25,0,00:00,,0.0,0.0,3.3056068
20001_0310_1,2,47567835,2024-05-25,1,01:00,,0.13180946,0.0,3.5585914
20001_0310_1,2,47567835,2024-05-25,2,02:00,,0.0,0.0,3.3286057
20001_0310_1,2,47567835,2024-05-25,3,03:00,,0.08581303,0.0,5.1224914
20001_0310_1,2,47567835,2024-05-25,4,04:00,,13.284096,7.81907,19.617315
20001_0310_1,2,47567835,2024-05-25,5,05:00,,30.075895,23.222334,37.573418
20001_0310_1,2,47567835,2024-05-25,6,06:00,,33.75566,26.166147,41.89714
20001_0310_1,2,47567835,2024-05-25,7,07:00,,24.878231,17.219723,33.203697
20001_0310_1,2,47567835,2024-05-25,8,08:00,,30.0759,22.762365,38.263374
20001_0310_1,2,47567835,2024-05-25,9,09:00,,23.452322,16.644756,31.202826
20001_0310_1,2,47567835,2024-05-25,10,10:00,,14.536798,7.9247193,22.01132
20001_0310_1,2,47567835,2024-05-25,11,11:00,,16.529764,10.354658,24.004288
20001_0310_1,2,47567835,2024-05-25,12,12:00,,19.69206,13.810186,26.971096
20001_0310_1,2,47567835,2024-05-25,13,13:00,,18.875614,13.232349,25.832672
20001_0310_1,2,47567835,2024-05-25,14,14:00,,13.401963,7.945561,19.8588
20001_0310_1,2,47567835,2024-05-25,15,15:00,,12.620012,7.3878465,18.703125
20001_0310_1,2,47567835,2024-05-25,16,16:00,,12.292284,7.0716166,17.99592
20001_0310_1,2,47567835,2024-05-25,17,17:00,,14.569139,9.046616,20.09741
20001_0310_1,2,47567835,2024-05-25,18,18:00,,14.120667,8.692295,19.74309
20001_0310_1,2,47567835,2024-05-25,19,19:00,,13.289845,8.046181,18.855492
20001_0310_1,2,47567835,2024-05-25,20,20:00,,8.503276,3.6275868,13.767064
20001_0310_1,2,47567835,2024-05-25,21,21:00,,10.00968,5.5479646,14.681257
20001_0310_1,2,47567835,2024-05-25,22,22:00,,8.882751,4.9959993,13.062734
20001_0310_1,2,47567835,2024-05-25,23,23:00,,0.7297714,0.0,4.36354
20001_0310_1,2,47567835,2024-05-26,0,00:00,,0.0,0.0,3.2876925
20001_0310_1,2,47567835,2024-05-26,1,01:00,,0.0,0.0,3.0831711
20001_0310_1,2,47567835,2024-05-26,2,02:00,,0.0,0.0,3.3104172
20001_0310_1,2,47567835,2024-05-26,3,03:00,,0.0,0.0,4.6511703
20001_0310_1,2,47567835,2024-05-26,4,04:00,,12.536616,6.9009085,18.717716
20001_0310_1,2,47567835,2024-05-26,5,05:00,,29.852783,23.058119,37.261013
20001_0310_1,2,47567835,2024-05-26,6,06:00,,34.35226,26.853134,42.578575
20001_0310_1,2,47567835,2024-05-26,7,07:00,,26.125944,18.365486,34.443157
20001_0310_1,2,47567835,2024-05-26,8,08:00,,30.08003,22.46728,38.533592
20001_0310_1,2,47567835,2024-05-26,9,09:00,,24.353424,16.894064,32.64791
20001_0310_1,2,47567835,2024-05-26,10,10:00,,15.081775,7.582648,23.467163
20001_0310_1,2,47567835,2024-05-26,11,11:00,,16.97928,9.701718,25.461248
20001_0310_1,2,47567835,2024-05-26,12,12:00,,20.808382,13.72966,29.239218
20001_0310_1,2,47567835,2024-05-26,13,13:00,,19.172207,12.280963,27.307621
20001_0310_1,2,47567835,2024-05-26,14,14:00,,13.758064,7.053589,21.506453
20001_0310_1,2,47567835,2024-05-26,15,15:00,,12.127574,5.651056,19.535803
20001_0310_1,2,47567835,2024-05-26,16,16:00,,12.002587,5.594242,18.944962
20001_0310_1,2,47567835,2024-05-26,17,17:00,,14.659949,8.166388,21.233047
20001_0310_1,2,47567835,2024-05-26,18,18:00,,14.182553,8.06004,20.717657
20001_0310_1,2,47567835,2024-05-26,19,19:00,,12.860441,7.150878,18.89951
20001_0310_1,2,47567835,2024-05-26,20,20:00,,8.62798,3.355866,14.16995
20001_0310_1,2,47567835,2024-05-26,21,21:00,,9.321082,4.707982,14.088993
20001_0310_1,2,47567835,2024-05-26,22,22:00,,8.707517,4.707982,12.954182
20001_0310_1,2,47567835,2024-05-26,23,23:00,,0.58346206,0.0,4.151229
20001_0310_1,2,47567835,2024-05-27,0,00:00,,0.0,0.0,2.5239058
20001_0310_1,2,47567835,2024-05-27,1,01:00,,0.0,0.0,2.7960243
20001_0310_1,2,47567835,2024-05-27,2,02:00,,0.0,0.0,3.294909
20001_0310_1,2,47567835,2024-05-27,3,03:00,,0.0,0.0,4.3607073
20001_0310_1,2,47567835,2024-05-27,4,04:00,,12.535605,6.90615,18.720636
20001_0310_1,2,47567835,2024-05-27,5,05:00,29.228260040283203,29.191536,22.184479,36.58409
20001_0310_1,2,47567835,2024-05-27,6,06:00,33.443878173828125,35.540974,27.785591,43.84059
20001_0310_1,2,47567835,2024-05-27,7,07:00,34.84907913208008,28.692652,20.846563,37.219036
20001_0310_1,2,47567835,2024-05-27,8,08:00,41.14439697265625,30.370718,22.615334,38.715687
20001_0310_1,2,47567835,2024-05-27,9,09:00,29.228260040283203,24.973698,17.64917,32.933167
20001_0310_1,2,47567835,2024-05-27,10,10:00,18.361343383789062,15.642295,8.4226465,23.50256
20001_0310_1,2,47567835,2024-05-27,11,11:00,14.614130020141602,16.759113,9.865441,24.582525
20001_0310_1,2,47567835,2024-05-27,12,12:00,25.10632832845052,20.914595,14.210836,28.556593
20001_0310_1,2,47567835,2024-05-27,13,13:00,26.9799321492513,18.805674,12.529938,26.130203
20001_0310_1,2,47567835,2024-05-27,14,14:00,8.431228637695312,13.812579,7.8528976,20.574446
20001_0310_1,2,47567835,2024-05-27,15,15:00,17.42453956604004,11.702243,6.016096,17.966642
20001_0310_1,2,47567835,2024-05-27,16,16:00,15.73829345703125,12.155772,6.668046,18.017662
20001_0310_1,2,47567835,2024-05-27,17,17:00,15.73829460144043,14.216506,8.584217,19.775097
20001_0310_1,2,47567835,2024-05-27,18,18:00,11.691304779052734,14.127925,8.603349,19.760216
20001_0310_1,2,47567835,2024-05-27,19,19:00,12.646842956542969,12.7113495,7.4447184,17.983648
20001_0310_1,2,47567835,2024-05-27,20,20:00,11.803720474243164,9.41758,4.496767,14.3554
20001_0310_1,2,47567835,2024-05-27,21,21:00,4.496655464172363,9.689698,5.324461,13.955725
20001_0310_1,2,47567835,2024-05-27,22,22:00,10.117474555969238,8.646576,4.836915,12.501591
20001_0310_1,2,47567835,2024-05-27,23,23:00,,1.5714908,0.0,4.859591
20001_0310_1,2,47567835,2024-05-28,0,00:00,,0.0,0.0,2.9705985
20001_0310_1,2,47567835,2024-05-28,1,01:00,,0.41709444,0.0,3.608974
20001_0310_1,2,47567835,2024-05-28,2,02:00,,0.052308828,0.0,3.9737616
20001_0310_1,2,47567835,2024-05-28,3,03:00,,0.37149623,0.0,5.5013027
20001_0310_1,2,47567835,2024-05-28,4,04:00,20.05136489868164,11.537375,5.655197,18.411316
20001_0310_1,2,47567835,2024-05-28,5,05:00,43.07330322265625,28.551233,20.867922,36.941315
20001_0310_1,2,47567835,2024-05-28,6,06:00,37.03932571411133,34.798195,26.020529,44.28264
20001_0310_1,2,47567835,2024-05-28,7,07:00,35.64686889648438,29.098413,20.024357,38.94764
20001_0310_1,2,47567835,2024-05-28,8,08:00,43.8159434000651,30.238369,21.574696,39.72281
20001_0310_1,2,47567835,2024-05-28,9,09:00,20.422686258951824,26.088928,18.018032,35.026188
20001_0310_1,2,47567835,2024-05-28,10,10:00,24.135902404785156,17.328358,9.679245,25.90083
20001_0310_1,2,47567835,2024-05-28,11,11:00,15.038522720336914,16.929373,9.901537,25.347954
20001_0310_1,2,47567835,2024-05-28,12,12:00,20.05136489868164,20.389143,13.7830925,28.39164
20001_0310_1,2,47567835,2024-05-28,13,13:00,20.329856872558594,19.37458,13.378406,26.909695
20001_0310_1,2,47567835,2024-05-28,14,14:00,15.22418467203776,13.830115,8.1250305,20.630358
20001_0310_1,2,47567835,2024-05-28,15,15:00,17.080791473388672,11.862263,6.418968,18.171926
20001_0310_1,2,47567835,2024-05-28,16,16:00,21.72231101989746,14.382281,8.925449,20.484613
20001_0310_1,2,47567835,2024-05-28,17,17:00,32.86195755004883,17.328358,11.594373,23.33593
20001_0310_1,2,47567835,2024-05-28,18,18:00,11.696629842122396,13.686195,7.87099,19.715143
20001_0310_1,2,47567835,2024-05-28,19,19:00,17.080791473388672,12.318246,6.812253,17.966734
20001_0310_1,2,47567835,2024-05-28,20,20:00,10.86115550994873,9.787541,4.7147326,15.032769
20001_0310_1,2,47567835,2024-05-28,21,21:00,46.78651809692383,9.263162,4.760331,13.69617
20001_0310_1,2,47567835,2024-05-28,22,22:00,6.683788299560547,8.100405,4.156153,12.090256
20001_0310_1,2,47567835,2024-05-28,23,23:00,,0.96427417,0.0,4.452543
20001_0310_1,2,47567835,2024-05-29,0,00:00,,0.44738933,0.0,5.8390465
20001_0310_1,2,47567835,2024-05-29,1,01:00,,0.3073469,0.0,5.7456856
20001_0310_1,2,47567835,2024-05-29,2,02:00,,0.027260005,0.0,6.352538
20001_0310_1,2,47567835,2024-05-29,3,03:00,,2.081225,0.0,9.771922
20001_0310_1,2,47567835,2024-05-29,4,04:00,,14.159936,7.14028,23.385273
20001_0310_1,2,47567835,2024-05-29,5,05:00,24.70998764038086,31.023457,22.247427,41.573364
20001_0310_1,2,47567835,2024-05-29,6,06:00,37.34577560424805,35.598194,25.841862,47.081722
20001_0310_1,2,47567835,2024-05-29,7,07:00,35.49252624511719,31.350222,21.453846,42.880432
20001_0310_1,2,47567835,2024-05-29,8,08:00,39.87293243408203,32.797333,23.577831,44.187496
20001_0310_1,2,47567835,2024-05-29,9,09:00,24.335591634114582,27.965845,19.306517,38.889202
20001_0310_1,2,47567835,2024-05-29,10,10:00,16.84771728515625,18.367065,9.94114,29.033674
20001_0310_1,2,47567835,2024-05-29,11,11:00,26.057803344726562,18.174505,10.16871,28.911139
20001_0310_1,2,47567835,2024-05-29,12,12:00,32.57225799560547,20.578577,13.112533,31.000118
20001_0310_1,2,47567835,2024-05-29,13,13:00,16.098931630452473,20.298492,13.191306,30.439945
20001_0310_1,2,47567835,2024-05-29,14,14:00,19.094080607096355,15.208801,8.388996,24.657331
20001_0310_1,2,47567835,2024-05-29,15,15:00,15.350143432617188,13.793783,7.3707676,22.6588
20001_0310_1,2,47567835,2024-05-29,16,16:00,17.690105438232422,16.266418,9.900294,24.791538
20001_0310_1,2,47567835,2024-05-29,17,17:00,36.50339126586914,19.026434,12.345212,27.277302
20001_0310_1,2,47567835,2024-05-29,18,18:00,10.108631134033203,15.652271,8.912701,23.920647
20001_0310_1,2,47567835,2024-05-29,19,19:00,16.47332509358724,14.043234,7.588125,22.222624
20001_0310_1,2,47567835,2024-05-29,20,20:00,9.547039985656738,11.160683,5.0688105,18.979753
20001_0310_1,2,47567835,2024-05-29,21,21:00,4.492724895477295,11.289055,6.0491114,18.355394
20001_0310_1,2,47567835,2024-05-29,22,22:00,4.492724895477295,8.359821,3.9251256,14.870363
20001_0310_1,2,47567835,2024-05-29,23,23:00,,1.4276905,0.0,7.0294123
20001_0310_1,2,47567835,2024-05-30,0,00:00,,0.04849848,0.0,4.087626
20001_0310_1,2,47567835,2024-05-30,1,01:00,,0.0,0.0,4.0167637
20001_0310_1,2,47567835,2024-05-30,2,02:00,,0.0,0.0,4.4655557
20001_0310_1,2,47567835,2024-05-30,3,03:00,,0.89884114,0.0,7.323652
20001_0310_1,2,47567835,2024-05-30,4,04:00,,13.27605,6.7567573,21.25982
20001_0310_1,2,47567835,2024-05-30,5,05:00,,28.865662,20.515768,38.266666
20001_0310_1,2,47567835,2024-05-30,6,06:00,,35.479435,26.291012,46.061478
20001_0310_1,2,47567835,2024-05-30,7,07:00,,28.157043,18.767845,38.880806
20001_0310_1,2,47567835,2024-05-30,8,08:00,,31.605656,22.488092,41.904247
20001_0310_1,2,47567835,2024-05-30,9,09:00,,25.606016,17.1144,35.668404
20001_0310_1,2,47567835,2024-05-30,10,10:00,,16.671515,8.433822,26.527222
20001_0310_1,2,47567835,2024-05-30,11,11:00,,17.622244,9.992782,27.483856
20001_0310_1,2,47567835,2024-05-30,12,12:00,,20.196892,13.010319,29.55066
20001_0310_1,2,47567835,2024-05-30,13,13:00,,18.649742,11.99463,27.643295
20001_0310_1,2,47567835,2024-05-30,14,14:00,,14.754368,8.370338,23.062366
20001_0310_1,2,47567835,2024-05-30,15,15:00,,12.93355,7.052014,20.692924
20001_0310_1,2,47567835,2024-05-30,16,16:00,,15.824124,9.933731,23.0668
20001_0310_1,2,47567835,2024-05-30,17,17:00,,17.321081,11.3155365,24.306883
20001_0310_1,2,47567835,2024-05-30,18,18:00,,15.029141,9.055524,21.905144
20001_0310_1,2,47567835,2024-05-30,19,19:00,,14.026004,8.342291,20.565966
20001_0310_1,2,47567835,2024-05-30,20,20:00,,10.477005,5.245037,16.6538
20001_0310_1,2,47567835,2024-05-30,21,21:00,,10.701401,6.1308103,16.11938
20001_0310_1,2,47567835,2024-05-30,22,22:00,,7.796064,3.8277988,12.809542
20001_0310_1,2,47567835,2024-05-30,23,23:00,,0.99332386,0.0,5.3631396
20001_0310_1,2,47567835,2024-05-31,0,00:00,,0.34564003,0.0,4.080427
20001_0310_1,2,47567835,2024-05-31,1,01:00,,0.44019136,0.0,4.245892
20001_0310_1,2,47567835,2024-05-31,2,02:00,,0.061985373,0.0,4.671375
20001_0310_1,2,47567835,2024-05-31,3,03:00,,0.9129493,0.0,6.7751465
20001_0310_1,2,47567835,2024-05-31,4,04:00,,14.291627,7.720293,21.761202
20001_0310_1,2,47567835,2024-05-31,5,05:00,,29.987558,21.761572,38.922684
20001_0310_1,2,47567835,2024-05-31,6,06:00,,36.08614,26.890995,46.155876
20001_0310_1,2,47567835,2024-05-31,7,07:00,,29.231146,19.882359,39.72637
20001_0310_1,2,47567835,2024-05-31,8,08:00,,32.351353,23.439863,42.373817
20001_0310_1,2,47567835,2024-05-31,9,09:00,,25.543634,17.294008,35.211536
20001_0310_1,2,47567835,2024-05-31,10,10:00,,16.286444,8.533215,25.316118
20001_0310_1,2,47567835,2024-05-31,11,11:00,,19.102308,12.081854,27.753778
20001_0310_1,2,47567835,2024-05-31,12,12:00,,20.839693,14.3333645,28.95931
20001_0310_1,2,47567835,2024-05-31,13,13:00,,19.598705,13.553312,27.28102
20001_0310_1,2,47567835,2024-05-31,14,14:00,,15.668905,9.859893,22.81346
20001_0310_1,2,47567835,2024-05-31,15,15:00,,13.7808275,8.084095,20.564901
20001_0310_1,2,47567835,2024-05-31,16,16:00,,15.2995615,9.534131,21.967663
20001_0310_1,2,47567835,2024-05-31,17,17:00,,17.701765,11.555912,24.190367
20001_0310_1,2,47567835,2024-05-31,18,18:00,,16.21553,10.087407,22.745499
20001_0310_1,2,47567835,2024-05-31,19,19:00,,14.871125,9.063222,21.083092
20001_0310_1,2,47567835,2024-05-31,20,20:00,,10.699038,5.4868827,16.522825
20001_0310_1,2,47567835,2024-05-31,21,21:00,,11.419992,6.7633276,16.448954
20001_0310_1,2,47567835,2024-05-31,22,22:00,,8.453438,4.340444,12.991915
20001_0310_1,2,47567835,2024-05-31,23,23:00,,1.1020527,0.0,5.0732183
20001_0310_1,3,44783952,2024-05-01,0,00:00,,0.0,0.0,3.7145703
20001_0310_1,3,44783952,2024-05-01,1,01:00,,0.0,0.0,3.6677668
20001_0310_1,3,44783952,2024-05-01,2,02:00,,0.0,0.0,4.6974463
20001_0310_1,3,44783952,2024-05-01,3,03:00,,0.67233634,0.0,6.8738146
20001_0310_1,3,44783952,2024-05-01,4,04:00,,13.221554,6.68075,21.295176
20001_0310_1,3,44783952,2024-05-01,5,05:00,,31.141483,22.81044,41.017044
20001_0310_1,3,44783952,2024-05-01,6,06:00,,38.58326,29.175732,49.254475
20001_0310_1,3,44783952,2024-05-01,7,07:00,,28.520481,19.15976,39.00449
20001_0310_1,3,44783952,2024-05-01,8,08:00,,27.256783,18.720976,37.179146
20001_0310_1,3,44783952,2024-05-01,9,09:00,,24.378359,16.532907,33.785885
20001_0310_1,3,44783952,2024-05-01,10,10:00,,16.620665,8.915623,25.718113
20001_0310_1,3,44783952,2024-05-01,11,11:00,,16.881008,9.418759,26.115944
20001_0310_1,3,44783952,2024-05-01,12,12:00,,20.9851,13.759793,30.20541
20001_0310_1,3,44783952,2024-05-01,13,13:00,,20.961699,13.765646,30.17031
20001_0310_1,3,44783952,2024-05-01,14,14:00,,16.138002,8.88637,24.8698
20001_0310_1,3,44783952,2024-05-01,15,15:00,,16.393959,9.345631,25.048239
20001_0310_1,3,44783952,2024-05-01,16,16:00,,17.34612,9.921901,26.01064
20001_0310_1,3,44783952,2024-05-01,17,17:00,,26.437721,18.580566,35.189995
20001_0310_1,3,44783952,2024-05-01,18,18:00,,21.874369,13.987962,30.696848
20001_0310_1,3,44783952,2024-05-01,19,19:00,,17.49238,9.968701,25.729813
20001_0310_1,3,44783952,2024-05-01,20,20:00,,10.922326,4.065598,18.621517
20001_0310_1,3,44783952,2024-05-01,21,21:00,,11.039335,5.1186795,17.691296
20001_0310_1,3,44783952,2024-05-01,22,22:00,,10.96913,5.9494433,16.898561
20001_0310_1,3,44783952,2024-05-01,23,23:00,,1.3743899,0.0,6.288769
20001_0310_1,3,44783952,2024-05-02,0,00:00,,0.0,0.0,3.7831085
20001_0310_1,3,44783952,2024-05-02,1,01:00,,0.31678396,0.0,4.017319
20001_0310_1,3,44783952,2024-05-02,2,02:00,,0.0,0.0,4.0641623
20001_0310_1,3,44783952,2024-05-02,3,03:00,,1.0194176,0.0,6.6639056
20001_0310_1,3,44783952,2024-05-02,4,04:00,,13.005171,6.8337073,20.090057
20001_0310_1,3,44783952,2024-05-02,5,05:00,,32.07581,24.300001,40.554253
20001_0310_1,3,44783952,2024-05-02,6,06:00,,39.430042,30.857916,48.704803
20001_0310_1,3,44783952,2024-05-02,7,07:00,,28.42212,19.861704,37.509514
20001_0310_1,3,44783952,2024-05-02,8,08:00,,27.368168,19.475252,35.940292
20001_0310_1,3,44783952,2024-05-02,9,09:00,,25.049479,17.759659,33.153187
20001_0310_1,3,44783952,2024-05-02,10,10:00,,17.461039,10.3293085,25.553032
20001_0310_1,3,44783952,2024-05-02,11,11:00,,17.91775,10.903126,26.325926
20001_0310_1,3,44783952,2024-05-02,12,12:00,,22.09842,15.063303,30.740808
20001_0310_1,3,44783952,2024-05-02,13,13:00,,20.482363,13.467739,29.347252
20001_0310_1,3,44783952,2024-05-02,14,14:00,,16.123472,8.966127,24.681696
20001_0310_1,3,44783952,2024-05-02,15,15:00,,16.325846,9.283411,24.788187
20001_0310_1,3,44783952,2024-05-02,16,16:00,,16.699852,9.468584,24.99678
20001_0310_1,3,44783952,2024-05-02,17,17:00,,26.243954,18.573538,34.37108
20001_0310_1,3,44783952,2024-05-02,18,18:00,,22.426315,14.852512,30.506598
20001_0310_1,3,44783952,2024-05-02,19,19:00,,17.165348,9.963355,24.765501
20001_0310_1,3,44783952,2024-05-02,20,20:00,,10.903126,4.4740314,17.964592
20001_0310_1,3,44783952,2024-05-02,21,21:00,,10.903126,5.141533,16.969196
20001_0310_1,3,44783952,2024-05-02,22,22:00,,11.769707,6.78101,17.156565
20001_0310_1,3,44783952,2024-05-02,23,23:00,,1.5346825,0.0,6.078378
20001_0310_1,3,44783952,2024-05-03,0,00:00,,0.0,0.0,3.030284
20001_0310_1,3,44783952,2024-05-03,1,01:00,,0.16884144,0.0,3.2179193
20001_0310_1,3,44783952,2024-05-03,2,02:00,,0.0,0.0,3.1710105
20001_0310_1,3,44783952,2024-05-03,3,03:00,,0.26265922,0.0,5.4226375
20001_0310_1,3,44783952,2024-05-03,4,04:00,,12.306517,6.04418,19.108305
20001_0310_1,3,44783952,2024-05-03,5,05:00,,32.489067,24.444193,40.745033
20001_0310_1,3,44783952,2024-05-03,6,06:00,,37.17996,28.173449,46.608646
20001_0310_1,3,44783952,2024-05-03,7,07:00,,27.915447,19.08485,37.4145
20001_0310_1,3,44783952,2024-05-03,8,08:00,,27.821632,19.694664,36.52323
20001_0310_1,3,44783952,2024-05-03,9,09:00,,24.092373,16.787779,32.231068
20001_0310_1,3,44783952,2024-05-03,10,10:00,,16.692497,9.752914,24.47058
20001_0310_1,3,44783952,2024-05-03,11,11:00,,17.50754,10.802502,25.41462
20001_0310_1,3,44783952,2024-05-03,12,12:00,,22.028383,15.43622,29.815262
20001_0310_1,3,44783952,2024-05-03,13,13:00,,20.890842,14.464324,28.736355
20001_0310_1,3,44783952,2024-05-03,14,14:00,,16.654383,10.21907,24.280008
20001_0310_1,3,44783952,2024-05-03,15,15:00,,16.695429,10.4221,24.14295
20001_0310_1,3,44783952,2024-05-03,16,16:00,,16.721083,10.32535,24.046202
20001_0310_1,3,44783952,2024-05-03,17,17:00,,24.608374,17.777264,31.550886
20001_0310_1,3,44783952,2024-05-03,18,18:00,,21.653112,14.965665,28.56045
20001_0310_1,3,44783952,2024-05-03,19,19:00,,16.812702,10.570889,23.142471
20001_0310_1,3,44783952,2024-05-03,20,20:00,,11.473885,5.8799996,17.415188
20001_0310_1,3,44783952,2024-05-03,21,21:00,,10.723342,5.6689086,15.895046
20001_0310_1,3,44783952,2024-05-03,22,22:00,,10.864069,6.442906,15.440618
20001_0310_1,3,44783952,2024-05-03,23,23:00,,1.6230171,0.0,5.4460917
20001_0310_1,3,44783952,2024-05-04,0,00:00,,0.0,0.0,2.8268354
20001_0310_1,3,44783952,2024-05-04,1,01:00,,0.18424238,0.0,2.8731976
20001_0310_1,3,44783952,2024-05-04,2,02:00,,0.0,0.0,3.2440875
20001_0310_1,3,44783952,2024-05-04,3,03:00,,0.60149443,0.0,5.469431
20001_0310_1,3,44783952,2024-05-04,4,04:00,,13.455163,7.7816997,19.97472
20001_0310_1,3,44783952,2024-05-04,5,05:00,,30.504526,23.133081,38.47867
20001_0310_1,3,44783952,2024-05-04,6,06:00,,34.58432,26.355192,43.485687
20001_0310_1,3,44783952,2024-05-04,7,07:00,,22.41448,14.486702,31.223127
20001_0310_1,3,44783952,2024-05-04,8,08:00,,27.467863,20.409353,35.30292
20001_0310_1,3,44783952,2024-05-04,9,09:00,,23.712599,17.479902,30.782696
20001_0310_1,3,44783952,2024-05-04,10,10:00,,16.357088,10.48659,22.992548
20001_0310_1,3,44783952,2024-05-04,11,11:00,,17.08583,11.423958,23.825603
20001_0310_1,3,44783952,2024-05-04,12,12:00,,20.977282,15.463185,27.653307
20001_0310_1,3,44783952,2024-05-04,13,13:00,,20.455717,15.025651,27.37514
20001_0310_1,3,44783952,2024-05-04,14,14:00,,16.451984,10.86201,23.228882
20001_0310_1,3,44783952,2024-05-04,15,15:00,,15.633419,10.004143,22.405787
20001_0310_1,3,44783952,2024-05-04,16,16:00,,13.078478,7.103666,19.748707
20001_0310_1,3,44783952,2024-05-04,17,17:00,,21.417715,14.921338,27.954655
20001_0310_1,3,44783952,2024-05-04,18,18:00,,19.771889,13.420391,26.274061
20001_0310_1,3,44783952,2024-05-04,19,19:00,,16.562819,10.799531,22.552118
20001_0310_1,3,44783952,2024-05-04,20,20:00,,10.661895,5.5853324,16.213657
20001_0310_1,3,44783952,2024-05-04,21,21:00,,10.047607,5.666466,14.915544
20001_0310_1,3,44783952,2024-05-04,22,22:00,,10.47645,6.6864142,14.785153
20001_0310_1,3,44783952,2024-05-04,23,23:00,,1.1114686,0.0,4.7971916
20001_0310_1,3,44783952,2024-05-05,0,00:00,,0.0,0.0,2.704068
20001_0310_1,3,44783952,2024-05-05,1,01:00,,0.0,0.0,2.934189
20001_0310_1,3,44783952,2024-05-05,2,02:00,,0.0,0.0,2.980214
20001_0310_1,3,44783952,2024-05-05,3,03:00,,0.08068326,0.0,4.9362464
20001_0310_1,3,44783952,2024-05-05,4,04:00,,12.311638,6.7311926,18.593952
20001_0310_1,3,44783952,2024-05-05,5,05:00,,29.260082,22.126318,36.900116
20001_0310_1,3,44783952,2024-05-05,6,06:00,,33.90854,25.946333,42.330982
20001_0310_1,3,44783952,2024-05-05,7,07:00,17.18181800842285,22.747644,14.828591,30.93997
20001_0310_1,3,44783952,2024-05-05,8,08:00,,26.13043,18.927631,33.609383
20001_0310_1,3,44783952,2024-05-05,9,09:00,,23.668133,17.098164,30.594788
20001_0310_1,3,44783952,2024-05-05,10,10:00,0.0,16.16042,9.813382,22.930304
20001_0310_1,3,44783952,2024-05-05,11,11:00,,16.088507,9.795494,22.969946
20001_0310_1,3,44783952,2024-05-05,12,12:00,,20.15878,14.187129,27.165977
20001_0310_1,3,44783952,2024-05-05,13,13:00,,19.802092,13.634838,26.94736
20001_0310_1,3,44783952,2024-05-05,14,14:00,,15.046488,8.7203045,22.067348
20001_0310_1,3,44783952,2024-05-05,15,15:00,,14.840097,8.419709,21.95085
20001_0310_1,3,44783952,2024-05-05,16,16:00,,12.777635,6.0063105,19.871126
20001_0310_1,3,44783952,2024-05-05,17,17:00,,18.542175,11.448683,25.578138
20001_0310_1,3,44783952,2024-05-05,18,18:00,,18.60546,11.644286,25.716211
20001_0310_1,3,44783952,2024-05-05,19,19:00,,15.531899,9.062251,22.179173
20001_0310_1,3,44783952,2024-05-05,20,20:00,,11.022958,5.074319,17.230484
20001_0310_1,3,44783952,2024-05-05,21,21:00,,9.906869,4.71763,15.346365
20001_0310_1,3,44783952,2024-05-05,22,22:00,,10.585728,6.0868535,15.582239
20001_0310_1,3,44783952,2024-05-05,23,23:00,,1.4153879,0.0,5.810707
20001_0310_1,3,44783952,2024-05-06,0,00:00,,0.0,0.0,3.274946
20001_0310_1,3,44783952,2024-05-06,1,01:00,,0.17324048,0.0,3.6915927
20001_0310_1,3,44783952,2024-05-06,2,02:00,,0.0,0.0,3.9462109
20001_0310_1,3,44783952,2024-05-06,3,03:00,,0.0,0.0,4.9183874
20001_0310_1,3,44783952,2024-05-06,4,04:00,,11.966666,5.9137106,18.70246
20001_0310_1,3,44783952,2024-05-06,5,05:00,31.103431701660156,29.847767,22.429136,37.671474
20001_0310_1,3,44783952,2024-05-06,6,06:00,35.30242919921875,37.76406,29.477413,46.18959
20001_0310_1,3,44783952,2024-05-06,7,07:00,32.461639404296875,28.644121,20.311178,37.023357
20001_0310_1,3,44783952,2024-05-06,8,08:00,22.833332061767578,27.046974,19.09596,35.217888
20001_0310_1,3,44783952,2024-05-06,9,09:00,16.89414405822754,22.90365,15.389538,30.77365
20001_0310_1,3,44783952,2024-05-06,10,10:00,19.640316009521484,13.534879,6.0728445,21.465637
20001_0310_1,3,44783952,2024-05-06,11,11:00,15.732322692871094,16.033314,8.543795,24.075468
20001_0310_1,3,44783952,2024-05-06,12,12:00,26.416880289713543,20.3459,12.973562,28.597824
20001_0310_1,3,44783952,2024-05-06,13,13:00,14.24305534362793,19.917679,12.499048,28.19275
20001_0310_1,3,44783952,2024-05-06,14,14:00,9.452381134033203,14.8007345,7.383549,22.845783
20001_0310_1,3,44783952,2024-05-06,15,15:00,13.222222646077475,15.70347,8.389723,23.342722
20001_0310_1,3,44783952,2024-05-06,16,16:00,29.245371500651043,16.442726,9.287394,23.731155
20001_0310_1,3,44783952,2024-05-06,17,17:00,28.29137674967448,24.616533,17.400438,31.444918
20001_0310_1,3,44783952,2024-05-06,18,18:00,26.832416534423828,20.288033,13.2513275,27.10484
20001_0310_1,3,44783952,2024-05-06,19,19:00,13.727778116861979,16.668411,9.955764,23.114864
20001_0310_1,3,44783952,2024-05-06,20,20:00,10.0,11.260681,4.92996,17.397543
20001_0310_1,3,44783952,2024-05-06,21,21:00,8.25,9.744549,3.9693577,15.105985
20001_0310_1,3,44783952,2024-05-06,22,22:00,12.0,10.56627,5.346607,15.53493
20001_0310_1,3,44783952,2024-05-06,23,23:00,,1.3305928,0.0,5.7053866
20001_0310_1,3,44783952,2024-05-07,0,00:00,,0.12958074,0.0,3.9966774
20001_0310_1,3,44783952,2024-05-07,1,01:00,,0.31483123,0.0,4.112459
20001_0310_1,3,44783952,2024-05-07,2,02:00,,0.0,0.0,4.1819277
20001_0310_1,3,44783952,2024-05-07,3,03:00,,0.59270597,0.0,6.543866
20001_0310_1,3,44783952,2024-05-07,4,04:00,,13.60074,6.6364937,21.143894
20001_0310_1,3,44783952,2024-05-07,5,05:00,24.964834213256836,33.52092,24.99941,42.412926
20001_0310_1,3,44783952,2024-05-07,6,06:00,38.46344757080078,36.762794,27.43082,46.3958
20001_0310_1,3,44783952,2024-05-07,7,07:00,43.53228759765625,28.287603,19.088774,37.68905
20001_0310_1,3,44783952,2024-05-07,8,08:00,27.01883888244629,27.917103,19.511377,36.62386
20001_0310_1,3,44783952,2024-05-07,9,09:00,24.426469802856445,24.698378,17.149435,32.75676
20001_0310_1,3,44783952,2024-05-07,10,10:00,14.690475463867188,16.336798,9.094673,23.984152
20001_0310_1,3,44783952,2024-05-07,11,11:00,10.323308944702148,18.30725,11.562986,25.827248
20001_0310_1,3,44783952,2024-05-07,12,12:00,24.666666666666668,22.869034,16.344757,30.209572
20001_0310_1,3,44783952,2024-05-07,13,13:00,15.466657638549805,20.72708,14.399631,27.940258
20001_0310_1,3,44783952,2024-05-07,14,14:00,12.5,15.920345,9.710123,22.68921
20001_0310_1,3,44783952,2024-05-07,15,15:00,6.928571701049805,16.952608,10.939217,23.281507
20001_0310_1,3,44783952,2024-05-07,16,16:00,19.72032928466797,19.37244,13.317077,25.439383
20001_0310_1,3,44783952,2024-05-07,17,17:00,21.0,27.639225,21.271252,33.567234
20001_0310_1,3,44783952,2024-05-07,18,18:00,16.66071319580078,21.236519,15.02485,27.245571
20001_0310_1,3,44783952,2024-05-07,19,19:00,16.98214340209961,17.227589,11.406683,22.915346
20001_0310_1,3,44783952,2024-05-07,20,20:00,6.641666412353516,12.332933,6.763851,17.673347
20001_0310_1,3,44783952,2024-05-07,21,21:00,6.5,10.410963,5.386053,15.17247
20001_0310_1,3,44783952,2024-05-07,22,22:00,,11.777183,7.122774,16.194965
20001_0310_1,3,44783952,2024-05-07,23,23:00,,1.518957,0.0,5.386053
20001_0310_1,3,44783952,2024-05-08,0,00:00,,0.0,0.0,3.0752892
20001_0310_1,3,44783952,2024-05-08,1,01:00,,0.0,0.0,2.891749
20001_0310_1,3,44783952,2024-05-08,2,02:00,,0.0,0.0,3.350598
20001_0310_1,3,44783952,2024-05-08,3,03:00,,0.3680773,0.0,5.851327
20001_0310_1,3,44783952,2024-05-08,4,04:00,10.625,12.779953,6.407682,19.737257
20001_0310_1,3,44783952,2024-05-08,5,05:00,31.147923787434895,31.15687,23.379374,39.23262
20001_0310_1,3,44783952,2024-05-08,6,06:00,34.83415832519531,36.938374,28.403772,45.56474
20001_0310_1,3,44783952,2024-05-08,7,07:00,25.594515482584637,29.596783,21.314552,38.03961
20001_0310_1,3,44783952,2024-05-08,8,08:00,26.002641677856445,27.944923,20.305082,35.837135
20001_0310_1,3,44783952,2024-05-08,9,09:00,16.766666412353516,23.264662,16.298754,30.652136
20001_0310_1,3,44783952,2024-05-08,10,10:00,9.5,14.9885235,8.142168,22.137075
20001_0310_1,3,44783952,2024-05-08,11,11:00,12.92762279510498,16.797752,10.241941,23.915653
20001_0310_1,3,44783952,2024-05-08,12,12:00,19.26913579305013,21.268665,14.818965,28.552898
20001_0310_1,3,44783952,2024-05-08,13,13:00,23.608261108398438,18.894121,12.613621,26.27586
20001_0310_1,3,44783952,2024-05-08,14,14:00,9.962963104248047,14.687045,8.280361,21.541107
20001_0310_1,3,44783952,2024-05-08,15,15:00,15.339869181315104,15.642026,9.52499,22.223646
20001_0310_1,3,44783952,2024-05-08,16,16:00,19.0,17.121813,10.978969,23.390842
20001_0310_1,3,44783952,2024-05-08,17,17:00,23.846153259277344,26.17835,19.777401,32.372818
20001_0310_1,3,44783952,2024-05-08,18,18:00,15.435556030273437,19.91506,13.674709,26.13247
20001_0310_1,3,44783952,2024-05-08,19,19:00,13.071874618530273,16.135288,10.1387005,22.068785
20001_0310_1,3,44783952,2024-05-08,20,20:00,13.333333969116211,10.956026,5.403949,16.59127
20001_0310_1,3,44783952,2024-05-08,21,21:00,12.699999809265137,9.384467,4.5436063,14.342908
20001_0310_1,3,44783952,2024-05-08,22,22:00,4.800000190734863,10.577476,6.206936,14.999636
20001_0310_1,3,44783952,2024-05-08,23,23:00,,0.7810415,0.0,4.6583185
20001_0310_1,3,44783952,2024-05-09,0,00:00,,0.0,0.0,2.9333096
20001_0310_1,3,44783952,2024-05-09,1,01:00,,0.0,0.0,2.6141088
20001_0310_1,3,44783952,2024-05-09,2,02:00,,0.0,0.0,2.8877096
20001_0310_1,3,44783952,2024-05-09,3,03:00,,0.0,0.0,4.5749106
20001_0310_1,3,44783952,2024-05-09,4,04:00,,11.6429205,6.2279134,17.305878
20001_0310_1,3,44783952,2024-05-09,5,05:00,23.840288162231445,29.563742,22.951733,36.084553
20001_0310_1,3,44783952,2024-05-09,6,06:00,38.3239990234375,34.89895,27.739737,41.921356
20001_0310_1,3,44783952,2024-05-09,7,07:00,32.49725341796875,27.397741,20.580534,34.465748
20001_0310_1,3,44783952,2024-05-09,8,08:00,19.330656051635742,26.690937,20.23853,33.257347
20001_0310_1,3,44783952,2024-05-09,9,09:00,15.388542175292969,20.671732,14.738024,26.861937
20001_0310_1,3,44783952,2024-05-09,10,10:00,15.863636016845703,12.389621,6.644014,18.539928
20001_0310_1,3,44783952,2024-05-09,11,11:00,11.943750381469727,15.404212,9.881796,21.65801
20001_0310_1,3,44783952,2024-05-09,12,12:00,19.204166412353516,20.728731,15.108524,27.112738
20001_0310_1,3,44783952,2024-05-09,13,13:00,22.84666697184245,19.03013,13.398523,25.63074
20001_0310_1,3,44783952,2024-05-09,14,14:00,13.383333206176758,14.427374,8.724517,20.865532
20001_0310_1,3,44783952,2024-05-09,15,15:00,24.428571701049805,14.84205,9.338693,21.228907
20001_0310_1,3,44783952,2024-05-09,16,16:00,11.6,16.348276,10.756569,22.338984
20001_0310_1,3,44783952,2024-05-09,17,17:00,35.380950927734375,23.362135,17.536726,29.15334
20001_0310_1,3,44783952,2024-05-09,18,18:00,29.143743896484374,19.36073,13.677823,25.003736
20001_0310_1,3,44783952,2024-05-09,19,19:00,13.333333333333334,15.677099,10.222193,20.949608
20001_0310_1,3,44783952,2024-05-09,20,20:00,10.265625,11.232519,6.2393126,16.191526
20001_0310_1,3,44783952,2024-05-09,21,21:00,3.0,9.533918,4.996712,13.808924
20001_0310_1,3,44783952,2024-05-09,22,22:00,12.272727012634277,10.115317,6.125313,13.934323
20001_0310_1,3,44783952,2024-05-09,23,23:00,,1.3829077,0.0,4.6205115
20001_0310_1,3,44783952,2024-05-10,0,00:00,,0.0,0.0,3.2961555
20001_0310_1,3,44783952,2024-05-10,1,01:00,,0.2906377,0.0,3.4287534
20001_0310_1,3,44783952,2024-05-10,2,02:00,,0.0,0.0,3.5613484
20001_0310_1,3,44783952,2024-05-10,3,03:00,,0.0,0.0,4.9757104
20001_0310_1,3,44783952,2024-05-10,4,04:00,,11.373488,5.5834446,17.74364
20001_0310_1,3,44783952,2024-05-10,5,05:00,25.663043975830078,29.373451,22.124847,36.931446
20001_0310_1,3,44783952,2024-05-10,6,06:00,40.918069458007814,35.693882,27.6497,44.091656
20001_0310_1,3,44783952,2024-05-10,7,07:00,36.67951202392578,27.693897,19.84861,36.047474
20001_0310_1,3,44783952,2024-05-10,8,08:00,36.17678578694662,26.50053,19.10828,34.367916
20001_0310_1,3,44783952,2024-05-10,9,09:00,25.125,20.445293,13.605529,27.914894
20001_0310_1,3,44783952,2024-05-10,10,10:00,8.233333587646484,12.64973,6.080681,19.81546
20001_0310_1,3,44783952,2024-05-10,11,11:00,11.875,15.602071,9.323078,22.814762
20001_0310_1,3,44783952,2024-05-10,12,12:00,17.55290985107422,21.32927,15.188397,28.467377
20001_0310_1,3,44783952,2024-05-10,13,13:00,19.482906341552734,18.931484,12.887297,26.102741
20001_0310_1,3,44783952,2024-05-10,14,14:00,11.545454406738282,15.207735,9.156641,22.12899
20001_0310_1,3,44783952,2024-05-10,15,15:00,13.0,16.738117,10.757467,23.420422
20001_0310_1,3,44783952,2024-05-10,16,16:00,15.46363639831543,17.124859,11.17183,23.635895
20001_0310_1,3,44783952,2024-05-10,17,17:00,,23.716003,17.395573,29.83754
20001_0310_1,3,44783952,2024-05-10,18,18:00,8.2,20.89833,14.7878475,27.064068
20001_0310_1,3,44783952,2024-05-10,19,19:00,9.468254089355469,16.246407,10.533711,21.981201
20001_0310_1,3,44783952,2024-05-10,20,20:00,12.0,10.94255,5.73814,16.449444
20001_0310_1,3,44783952,2024-05-10,21,21:00,14.221211751302084,9.351393,4.5779214,14.196687
20001_0310_1,3,44783952,2024-05-10,22,22:00,1.0,9.82653,5.5834446,14.216024
20001_0310_1,3,44783952,2024-05-10,23,23:00,,1.3956071,0.0,5.2851024
20001_0310_1,3,44783952,2024-05-11,0,00:00,,0.0,0.0,2.8436286
20001_0310_1,3,44783952,2024-05-11,1,01:00,,0.15998071,0.0,3.4474497
20001_0310_1,3,44783952,2024-05-11,2,02:00,,0.0,0.0,3.4250858
20001_0310_1,3,44783952,2024-05-11,3,03:00,,0.0,0.0,5.191821
20001_0310_1,3,44783952,2024-05-11,4,04:00,,11.028755,4.912274,18.084513
20001_0310_1,3,44783952,2024-05-11,5,05:00,,27.130642,19.314516,35.31577
20001_0310_1,3,44783952,2024-05-11,6,06:00,,31.782299,23.239353,40.638336
20001_0310_1,3,44783952,2024-05-11,7,07:00,,21.148344,12.827638,30.093838
20001_0310_1,3,44783952,2024-05-11,8,08:00,,25.184998,17.575737,33.25831
20001_0310_1,3,44783952,2024-05-11,9,09:00,,20.332067,13.488765,27.801554
20001_0310_1,3,44783952,2024-05-11,10,10:00,,9.742841,3.1343572,16.798597
20001_0310_1,3,44783952,2024-05-11,11,11:00,,13.39372,7.0899425,20.485817
20001_0310_1,3,44783952,2024-05-11,12,12:00,,19.403973,13.203629,26.325546
20001_0310_1,3,44783952,2024-05-11,13,13:00,,18.157194,11.984804,25.302406
20001_0310_1,3,44783952,2024-05-11,14,14:00,,13.765515,7.422602,20.572477
20001_0310_1,3,44783952,2024-05-11,15,15:00,,13.508334,7.2129445,20.195091
20001_0310_1,3,44783952,2024-05-11,16,16:00,,12.331443,5.9521875,18.755423
20001_0310_1,3,44783952,2024-05-11,17,17:00,,17.804966,11.174119,23.966173
20001_0310_1,3,44783952,2024-05-11,18,18:00,,17.760239,11.431302,23.831991
20001_0310_1,3,44783952,2024-05-11,19,19:00,,14.190427,8.359083,19.786951
20001_0310_1,3,44783952,2024-05-11,20,20:00,0.0,9.552749,4.40909,14.893487
20001_0310_1,3,44783952,2024-05-11,21,21:00,,9.38502,4.934638,14.148495
20001_0310_1,3,44783952,2024-05-11,22,22:00,,8.345107,4.3419995,12.638944
20001_0310_1,3,44783952,2024-05-11,23,23:00,,0.6072556,0.0,4.5656366
20001_0310_1,3,44783952,2024-05-12,0,00:00,,0.0,0.0,3.5329537
20001_0310_1,3,44783952,2024-05-12,1,01:00,,0.1939919,0.0,3.9558895
20001_0310_1,3,44783952,2024-05-12,2,02:00,,0.0,0.0,3.666513
20001_0310_1,3,44783952,2024-05-12,3,03:00,,0.060434014,0.0,5.4918118
20001_0310_1,3,44783952,2024-05-12,4,04:00,,11.312736,5.157915,17.87936
20001_0310_1,3,44783952,2024-05-12,5,05:00,,28.37483,21.006853,35.854103
20001_0310_1,3,44783952,2024-05-12,6,06:00,,33.316494,25.169424,41.19644
20001_0310_1,3,44783952,2024-05-12,7,07:00,,22.320179,14.156419,30.155611
20001_0310_1,3,44783952,2024-05-12,8,08:00,,25.414284,17.70128,32.96034
20001_0310_1,3,44783952,2024-05-12,9,09:00,,20.183245,12.912654,27.417662
20001_0310_1,3,44783952,2024-05-12,10,10:00,,9.309359,2.2196286,16.443607
20001_0310_1,3,44783952,2024-05-12,11,11:00,,13.63888,6.65071,20.640959
20001_0310_1,3,44783952,2024-05-12,12,12:00,,20.016296,13.157513,27.128286
20001_0310_1,3,44783952,2024-05-12,13,13:00,,17.456425,10.505821,24.507202
20001_0310_1,3,44783952,2024-05-12,14,14:00,,12.959957,6.081696,19.893867
20001_0310_1,3,44783952,2024-05-12,15,15:00,,13.758525,6.938694,20.51714
20001_0310_1,3,44783952,2024-05-12,16,16:00,,12.269905,5.4695506,18.836529
20001_0310_1,3,44783952,2024-05-12,17,17:00,,16.71629,9.790727,22.935106
20001_0310_1,3,44783952,2024-05-12,18,18:00,,17.450861,10.856411,23.678022
20001_0310_1,3,44783952,2024-05-12,19,19:00,,14.20233,8.160895,20.02534
20001_0310_1,3,44783952,2024-05-12,20,20:00,,9.298229,3.6442533,14.860383
20001_0310_1,3,44783952,2024-05-12,21,21:00,,8.719475,3.6219923,13.691746
20001_0310_1,3,44783952,2024-05-12,22,22:00,,9.387267,4.74611,14.114681
20001_0310_1,3,44783952,2024-05-12,23,23:00,,0.99534315,0.0,5.402773
20001_0310_1,3,44783952,2024-05-13,0,00:00,,0.0,0.0,3.9241884
20001_0310_1,3,44783952,2024-05-13,1,01:00,,0.14494148,0.0,3.9019563
20001_0310_1,3,44783952,2024-05-13,2,02:00,,0.0,0.0,4.035342
20001_0310_1,3,44783952,2024-05-13,3,03:00,,0.0,0.0,4.7244987
20001_0310_1,3,44783952,2024-05-13,4,04:00,,11.349295,5.491463,17.685087
20001_0310_1,3,44783952,2024-05-13,5,05:00,22.07962417602539,29.756445,22.976032,36.87032
20001_0310_1,3,44783952,2024-05-13,6,06:00,39.85865173339844,36.914783,29.48968,44.473278
20001_0310_1,3,44783952,2024-05-13,7,07:00,29.16794776916504,29.178442,21.953415,36.648014
20001_0310_1,3,44783952,2024-05-13,8,08:00,27.33768081665039,26.132816,19.219019,33.380077
20001_0310_1,3,44783952,2024-05-13,9,09:00,24.738094329833984,20.386137,13.872498,27.344398
20001_0310_1,3,44783952,2024-05-13,10,10:00,19.47698402404785,11.838374,5.4192142,18.768843
20001_0310_1,3,44783952,2024-05-13,11,11:00,11.08148193359375,14.911095,8.682286,21.842955
20001_0310_1,3,44783952,2024-05-13,12,12:00,23.50769297281901,20.953026,14.567212,28.11136
20001_0310_1,3,44783952,2024-05-13,13,13:00,27.17572530110677,18.36313,11.99399,25.621504
20001_0310_1,3,44783952,2024-05-13,14,14:00,7.096428871154785,12.749838,6.3306775,19.86927
20001_0310_1,3,44783952,2024-05-13,15,15:00,23.375,14.945831,8.618026,21.667538
20001_0310_1,3,44783952,2024-05-13,16,16:00,13.791919708251953,17.162663,10.982486,23.531807
20001_0310_1,3,44783952,2024-05-13,17,17:00,24.78125,22.398031,16.15116,28.355902
20001_0310_1,3,44783952,2024-05-13,18,18:00,13.41136360168457,19.508018,13.5432005,25.51035
20001_0310_1,3,44783952,2024-05-13,19,19:00,17.599999745686848,15.600947,9.962646,21.267036
20001_0310_1,3,44783952,2024-05-13,20,20:00,13.0,10.237752,4.7911906,15.756562
20001_0310_1,3,44783952,2024-05-13,21,21:00,10.3125,9.237364,4.2687664,14.164277
20001_0310_1,3,44783952,2024-05-13,22,22:00,14.0,9.081748,4.47996,13.644632
20001_0310_1,3,44783952,2024-05-13,23,23:00,,1.3009467,0.0,5.346963
20001_0310_1,3,44783952,2024-05-14,0,00:00,,0.0,0.0,3.797958
20001_0310_1,3,44783952,2024-05-14,1,01:00,,0.35401425,0.0,4.131242
20001_0310_1,3,44783952,2024-05-14,2,02:00,,0.22070086,0.0,4.7978115
20001_0310_1,3,44783952,2024-05-14,3,03:00,,0.5762041,0.0,6.1087317
20001_0310_1,3,44783952,2024-05-14,4,04:00,,11.574602,5.331066,18.39583
20001_0310_1,3,44783952,2024-05-14,5,05:00,30.26507568359375,29.194258,21.750898,36.926464
20001_0310_1,3,44783952,2024-05-14,6,06:00,27.372613525390626,36.748714,28.705442,45.058617
20001_0310_1,3,44783952,2024-05-14,7,07:00,32.343091328938804,29.194258,21.328735,37.23753
20001_0310_1,3,44783952,2024-05-14,8,08:00,21.515138244628908,26.616856,19.229042,34.304623
20001_0310_1,3,44783952,2024-05-14,9,09:00,18.615385055541992,21.550928,14.861624,28.68322
20001_0310_1,3,44783952,2024-05-14,10,10:00,13.561111450195312,13.802054,7.364104,20.684385
20001_0310_1,3,44783952,2024-05-14,11,11:00,14.714284896850586,15.206712,9.223555,21.910595
20001_0310_1,3,44783952,2024-05-14,12,12:00,16.30555470784505,21.106548,15.121307,27.927774
20001_0310_1,3,44783952,2024-05-14,13,13:00,25.548716227213543,18.84021,12.985507,25.661438
20001_0310_1,3,44783952,2024-05-14,14,14:00,6.5,13.793723,7.8640304,20.38443
20001_0310_1,3,44783952,2024-05-14,15,15:00,13.233332633972168,15.582352,9.761671,21.88213
20001_0310_1,3,44783952,2024-05-14,16,16:00,11.855555534362793,18.129204,12.396705,24.206099
20001_0310_1,3,44783952,2024-05-14,17,17:00,36.6031239827474,24.12833,18.20697,30.0608
20001_0310_1,3,44783952,2024-05-14,18,18:00,26.183636474609376,19.151276,13.27991,25.139294
20001_0310_1,3,44783952,2024-05-14,19,19:00,12.621212005615234,15.823983,10.252572,21.539816
20001_0310_1,3,44783952,2024-05-14,20,20:00,8.449999809265137,11.108004,5.786557,16.598871
20001_0310_1,3,44783952,2024-05-14,21,21:00,6.0,9.141623,4.286774,13.996472
20001_0310_1,3,44783952,2024-05-14,22,22:00,8.0,9.64155,5.086658,14.0145235
20001_0310_1,3,44783952,2024-05-14,23,23:00,,1.1538978,0.0,4.9533443
20001_0310_1,3,44783952,2024-05-15,0,00:00,,0.0,0.0,2.61546
20001_0310_1,3,44783952,2024-05-15,1,01:00,,0.0,0.0,2.6599321
20001_0310_1,3,44783952,2024-05-15,2,02:00,,0.0,0.0,3.104654
20001_0310_1,3,44783952,2024-05-15,3,03:00,,0.16948932,0.0,5.061431
20001_0310_1,3,44783952,2024-05-15,4,04:00,,11.087414,5.283792,17.335758
20001_0310_1,3,44783952,2024-05-15,5,05:00,27.701786041259766,27.386473,20.115269,34.679913
20001_0310_1,3,44783952,2024-05-15,6,06:00,35.96289978027344,36.05855,28.186975,44.019073
20001_0310_1,3,44783952,2024-05-15,7,07:00,29.07563018798828,28.32039,20.660053,35.969604
20001_0310_1,3,44783952,2024-05-15,8,08:00,30.00445556640625,25.563114,18.447561,32.76761
20001_0310_1,3,44783952,2024-05-15,9,09:00,17.013888041178387,20.604465,13.994783,27.364239
20001_0310_1,3,44783952,2024-05-15,10,10:00,15.5,12.738443,6.3455653,19.298092
20001_0310_1,3,44783952,2024-05-15,11,11:00,13.931196212768555,14.1448765,8.103607,20.844893
20001_0310_1,3,44783952,2024-05-15,12,12:00,33.96296183268229,20.070799,13.933635,26.930635
20001_0310_1,3,44783952,2024-05-15,13,13:00,16.477249145507812,19.25918,13.16093,26.174608
20001_0310_1,3,44783952,2024-05-15,14,14:00,14.0,13.049749,6.751375,19.715021
20001_0310_1,3,44783952,2024-05-15,15,15:00,14.769230842590332,15.2455635,9.200124,21.741283
20001_0310_1,3,44783952,2024-05-15,16,16:00,14.257692337036133,17.202341,11.015145,23.400654
20001_0310_1,3,44783952,2024-05-15,17,17:00,29.549999237060547,24.762615,18.330822,30.87754
20001_0310_1,3,44783952,2024-05-15,18,18:00,21.614023208618164,18.870049,12.627264,24.95162
20001_0310_1,3,44783952,2024-05-15,19,19:00,18.477879333496094,14.816477,9.057327,20.531155
20001_0310_1,3,44783952,2024-05-15,20,20:00,13.0,10.776108,5.506153,16.098875
20001_0310_1,3,44783952,2024-05-15,21,21:00,10.384614944458008,9.086164,4.5833554,13.78354
20001_0310_1,3,44783952,2024-05-15,22,22:00,5.333333492279053,8.485789,4.616709,12.610585
20001_0310_1,3,44783952,2024-05-15,23,23:00,,0.7921001,0.0,4.171987
20001_0310_1,3,44783952,2024-05-16,0,00:00,,0.0,0.0,3.037323
20001_0310_1,3,44783952,2024-05-16,1,01:00,,0.34199953,0.0,3.4038854
20001_0310_1,3,44783952,2024-05-16,2,02:00,,0.0,0.0,3.2313857
20001_0310_1,3,44783952,2024-05-16,3,03:00,,0.38512465,0.0,4.7838917
20001_0310_1,3,44783952,2024-05-16,4,04:00,,11.651574,6.562804,17.042217
20001_0310_1,3,44783952,2024-05-16,5,05:00,27.12750244140625,28.200855,21.947706,34.497128
20001_0310_1,3,44783952,2024-05-16,6,06:00,31.77880096435547,36.82589,30.012114,43.59654
20001_0310_1,3,44783952,2024-05-16,7,07:00,29.042362213134766,28.588982,21.710516,35.3165
20001_0310_1,3,44783952,2024-05-16,8,08:00,20.061464309692383,26.691473,20.104105,33.28962
20001_0310_1,3,44783952,2024-05-16,9,09:00,19.708332061767578,20.653952,14.309161,27.079601
20001_0310_1,3,44783952,2024-05-16,10,10:00,17.76281992594401,13.241815,6.8350325,19.901958
20001_0310_1,3,44783952,2024-05-16,11,11:00,9.4375,15.729597,9.352464,22.775171
20001_0310_1,3,44783952,2024-05-16,12,12:00,18.11111068725586,22.14177,15.558445,29.516174
20001_0310_1,3,44783952,2024-05-16,13,13:00,15.101778030395508,20.621609,13.95877,28.0607
20001_0310_1,3,44783952,2024-05-16,14,14:00,9.055555979410807,14.008634,7.3781395,21.199755
20001_0310_1,3,44783952,2024-05-16,15,15:00,9.133333206176758,16.29292,9.8699665,23.217205
20001_0310_1,3,44783952,2024-05-16,16,16:00,28.297077178955078,17.04761,10.708212,23.688887
20001_0310_1,3,44783952,2024-05-16,17,17:00,25.833332061767578,25.397718,18.853477,31.607744
20001_0310_1,3,44783952,2024-05-16,18,18:00,14.713333129882812,21.257704,14.930432,27.381477
20001_0310_1,3,44783952,2024-05-16,19,19:00,16.91666603088379,15.885925,10.026294,21.713213
20001_0310_1,3,44783952,2024-05-16,20,20:00,6.666666666666667,11.155635,5.9374895,16.470812
20001_0310_1,3,44783952,2024-05-16,21,21:00,20.82105255126953,9.807974,5.2259245,14.360374
20001_0310_1,3,44783952,2024-05-16,22,22:00,11.666666984558105,9.096408,5.2582693,13.12322
20001_0310_1,3,44783952,2024-05-16,23,23:00,,1.2907538,0.0,4.654516
20001_0310_1,3,44783952,2024-05-17,0,00:00,,0.5776325,0.0,4.275483
20001_0310_1,3,44783952,2024-05-17,1,01:00,,0.57763314,0.0,4.12586
20001_0310_1,3,44783952,2024-05-17,2,02:00,,0.0,0.0,3.7624867
20001_0310_1,3,44783952,2024-05-17,3,03:00,,0.70588195,0.0,5.8358483
20001_0310_1,3,44783952,2024-05-17,4,04:00,,11.147501,5.2052894,17.501177
20001_0310_1,3,44783952,2024-05-17,5,05:00,23.534854888916016,26.441214,19.120325,33.708664
20001_0310_1,3,44783952,2024-05-17,6,06:00,31.688129425048828,35.84615,27.766453,43.883095
20001_0310_1,3,44783952,2024-05-17,7,07:00,29.506235758463543,27.552704,19.387506,35.5469
20001_0310_1,3,44783952,2024-05-17,8,08:00,15.20821762084961,26.78321,18.938639,34.56366
20001_0310_1,3,44783952,2024-05-17,9,09:00,13.618736267089844,20.563126,13.111315,28.129826
20001_0310_1,3,44783952,2024-05-17,10,10:00,15.333333333333334,12.120056,4.6441994,19.692099
20001_0310_1,3,44783952,2024-05-17,11,11:00,22.63578643798828,14.097231,6.681492,21.94314
20001_0310_1,3,44783952,2024-05-17,12,12:00,6.166666507720947,19.932566,12.686491,27.916079
20001_0310_1,3,44783952,2024-05-17,13,13:00,13.022727966308594,19.08826,11.868902,27.253456
20001_0310_1,3,44783952,2024-05-17,14,14:00,10.5,13.780617,6.646757,21.67328
20001_0310_1,3,44783952,2024-05-17,15,15:00,16.353480021158855,15.143263,8.066179,22.793455
20001_0310_1,3,44783952,2024-05-17,16,16:00,20.766666412353516,15.713705,8.748173,23.047953
20001_0310_1,3,44783952,2024-05-17,17,17:00,27.109375,22.358614,15.133913,29.36957
20001_0310_1,3,44783952,2024-05-17,18,18:00,28.33333396911621,19.889818,12.910927,26.7939
20001_0310_1,3,44783952,2024-05-17,19,19:00,7.1666669845581055,15.008335,8.531754,21.57042
20001_0310_1,3,44783952,2024-05-17,20,20:00,7.949999809265137,10.709316,4.91673,16.924055
20001_0310_1,3,44783952,2024-05-17,21,21:00,6.8333330154418945,10.666567,5.504538,16.034328
20001_0310_1,3,44783952,2024-05-17,22,22:00,8.0,8.229832,3.8266115,13.017801
20001_0310_1,3,44783952,2024-05-17,23,23:00,,1.5181261,0.0,5.643474
20001_0310_1,3,44783952,2024-05-18,0,00:00,,0.0,0.0,3.2620282
20001_0310_1,3,44783952,2024-05-18,1,01:00,,0.2502649,0.0,3.580172
20001_0310_1,3,44783952,2024-05-18,2,02:00,,0.0,0.0,3.7074294
20001_0310_1,3,44783952,2024-05-18,3,03:00,,0.4199418,0.0,5.701132
20001_0310_1,3,44783952,2024-05-18,4,04:00,,11.639819,5.6587124,18.479916
20001_0310_1,3,44783952,2024-05-18,5,05:00,,25.913881,18.35266,34.058372
20001_0310_1,3,44783952,2024-05-18,6,06:00,,30.961767,22.562763,39.742542
20001_0310_1,3,44783952,2024-05-18,7,07:00,,21.025068,12.720183,29.86947
20001_0310_1,3,44783952,2024-05-18,8,08:00,,24.132277,16.374866,32.361607
20001_0310_1,3,44783952,2024-05-18,9,09:00,,19.423744,12.170059,27.292507
20001_0310_1,3,44783952,2024-05-18,10,10:00,,11.501958,4.3225074,19.148018
20001_0310_1,3,44783952,2024-05-18,11,11:00,,14.630374,7.560949,22.492508
20001_0310_1,3,44783952,2024-05-18,12,12:00,,19.43435,12.647275,27.260693
20001_0310_1,3,44783952,2024-05-18,13,13:00,,17.981491,11.194419,25.871462
20001_0310_1,3,44783952,2024-05-18,14,14:00,,13.180167,6.5017943,20.797064
20001_0310_1,3,44783952,2024-05-18,15,15:00,,13.660034,7.0108237,21.200048
20001_0310_1,3,44783952,2024-05-18,16,16:00,9.0,13.111238,6.2366757,20.574364
20001_0310_1,3,44783952,2024-05-18,17,17:00,,19.158625,11.942057,26.592587
20001_0310_1,3,44783952,2024-05-18,18,18:00,,18.49052,11.454236,25.913881
20001_0310_1,3,44783952,2024-05-18,19,19:00,,13.766746,7.32234,20.66318
20001_0310_1,3,44783952,2024-05-18,20,20:00,,8.522009,2.795417,14.977681
20001_0310_1,3,44783952,2024-05-18,21,21:00,,9.434022,4.513395,15.043962
20001_0310_1,3,44783952,2024-05-18,22,22:00,,8.267493,4.089202,13.280912
20001_0310_1,3,44783952,2024-05-18,23,23:00,,0.9713907,0.0,5.425407
20001_0310_1,3,44783952,2024-05-19,0,00:00,,0.0,0.0,2.7068105
20001_0310_1,3,44783952,2024-05-19,1,01:00,,0.053048193,0.0,3.2544127
20001_0310_1,3,44783952,2024-05-19,2,02:00,,0.0,0.0,3.043797
20001_0310_1,3,44783952,2024-05-19,3,03:00,,0.26366448,0.0,5.0025263
20001_0310_1,3,44783952,2024-05-19,4,04:00,,11.915999,6.4189205,17.865904
20001_0310_1,3,44783952,2024-05-19,5,05:00,,27.180403,20.48281,34.08861
20001_0310_1,3,44783952,2024-05-19,6,06:00,,32.193066,24.737253,39.690998
20001_0310_1,3,44783952,2024-05-19,7,07:00,,23.93691,16.481102,31.392721
20001_0310_1,3,44783952,2024-05-19,8,08:00,,24.084343,16.870739,31.476969
20001_0310_1,3,44783952,2024-05-19,9,09:00,,19.387606,12.331966,26.706514
20001_0310_1,3,44783952,2024-05-19,10,10:00,,11.194639,3.9494462,18.703102
20001_0310_1,3,44783952,2024-05-19,11,11:00,,14.124835,6.779599,22.007141
20001_0310_1,3,44783952,2024-05-19,12,12:00,,20.040516,12.574175,28.170298
20001_0310_1,3,44783952,2024-05-19,13,13:00,,18.966373,11.378929,27.16987
20001_0310_1,3,44783952,2024-05-19,14,14:00,,12.442539,4.8340316,20.377499
20001_0310_1,3,44783952,2024-05-19,15,15:00,,14.636238,7.1751633,22.339523
20001_0310_1,3,44783952,2024-05-19,16,16:00,,14.235409,6.774334,21.664892
20001_0310_1,3,44783952,2024-05-19,17,17:00,,19.176989,11.623771,26.295813
20001_0310_1,3,44783952,2024-05-19,18,18:00,,18.80841,11.563217,25.800867
20001_0310_1,3,44783952,2024-05-19,19,19:00,,14.334793,7.72046,20.757595
20001_0310_1,3,44783952,2024-05-19,20,20:00,,9.488649,3.5808668,15.3859
20001_0310_1,3,44783952,2024-05-19,21,21:00,,9.836165,4.8129716,14.873839
20001_0310_1,3,44783952,2024-05-19,22,22:00,,8.7199,4.4865165,13.086234
20001_0310_1,3,44783952,2024-05-19,23,23:00,,0.9797592,0.0,4.6234174
20001_0310_1,3,44783952,2024-05-20,0,00:00,,0.0,0.0,3.2925577
20001_0310_1,3,44783952,2024-05-20,1,01:00,,0.44989723,0.0,3.7558057
20001_0310_1,3,44783952,2024-05-20,2,02:00,,0.0,0.0,3.3978405
20001_0310_1,3,44783952,2024-05-20,3,03:00,,0.0,0.0,4.6401887
20001_0310_1,3,44783952,2024-05-20,4,04:00,,12.015314,6.566882,17.884882
20001_0310_1,3,44783952,2024-05-20,5,05:00,22.44782829284668,27.613094,21.022335,34.22491
20001_0310_1,3,44783952,2024-05-20,6,06:00,34.65583801269531,34.8145,27.613094,41.931675
20001_0310_1,3,44783952,2024-05-20,7,07:00,28.226764678955078,26.981392,19.727345,34.014343
20001_0310_1,3,44783952,2024-05-20,8,08:00,26.656056722005207,24.391413,17.263702,31.298023
20001_0310_1,3,44783952,2024-05-20,9,09:00,15.246376037597656,19.906328,12.981293,26.79188
20001_0310_1,3,44783952,2024-05-20,10,10:00,22.583333333333332,12.494353,5.287682,19.58521
20001_0310_1,3,44783952,2024-05-20,11,11:00,16.184091567993164,14.651354,7.340716,22.101492
20001_0310_1,3,44783952,2024-05-20,12,12:00,19.721777598063152,21.927774,14.410518,29.739822
20001_0310_1,3,44783952,2024-05-20,13,13:00,14.833333333333334,19.695759,12.236407,27.581509
20001_0310_1,3,44783952,2024-05-20,14,14:00,15.986111958821615,13.052358,5.566686,20.6012
20001_0310_1,3,44783952,2024-05-20,15,15:00,8.454545974731445,15.655497,8.417242,22.84111
20001_0310_1,3,44783952,2024-05-20,16,16:00,23.65909194946289,16.710966,9.577995,23.580727
20001_0310_1,3,44783952,2024-05-20,17,17:00,20.76388931274414,21.82249,14.56318,28.37114
20001_0310_1,3,44783952,2024-05-20,18,18:00,14.916666666666666,20.432745,13.357678,26.939276
20001_0310_1,3,44783952,2024-05-20,19,19:00,8.8,15.23173,8.559375,21.340818
20001_0310_1,3,44783952,2024-05-20,20,20:00,11.666666666666666,10.557134,4.440149,16.321415
20001_0310_1,3,44783952,2024-05-20,21,21:00,4.866666793823242,10.283396,4.9349823,15.210673
20001_0310_1,3,44783952,2024-05-20,22,22:00,,8.725197,4.219054,13.076046
20001_0310_1,3,44783952,2024-05-20,23,23:00,,1.418507,0.0,5.1455503
20001_0310_1,3,44783952,2024-05-21,0,00:00,,0.01632616,0.0,3.8493261
20001_0310_1,3,44783952,2024-05-21,1,01:00,,0.39334223,0.0,3.9121623
20001_0310_1,3,44783952,2024-05-21,2,02:00,,0.0,0.0,3.702709
20001_0310_1,3,44783952,2024-05-21,3,03:00,,0.4771242,0.0,5.50401
20001_0310_1,3,44783952,2024-05-21,4,04:00,7.0,11.002166,5.0327387,17.400972
20001_0310_1,3,44783952,2024-05-21,5,05:00,30.77296193440755,25.821003,18.333038,33.277554
20001_0310_1,3,44783952,2024-05-21,6,06:00,36.47619120279948,33.69646,25.44399,41.655697
20001_0310_1,3,44783952,2024-05-21,7,07:00,28.025882720947266,27.329071,19.087072,35.162636
20001_0310_1,3,44783952,2024-05-21,8,08:00,31.898422241210938,23.831196,16.023813,31.224905
20001_0310_1,3,44783952,2024-05-21,9,09:00,23.097386678059895,19.286053,12.018015,26.38653
20001_0310_1,3,44783952,2024-05-21,10,10:00,15.615384419759115,13.890662,6.659933,20.88183
20001_0310_1,3,44783952,2024-05-21,11,11:00,19.55555534362793,14.442439,7.3943267,21.658115
20001_0310_1,3,44783952,2024-05-21,12,12:00,22.076192220052082,20.186703,13.149064,27.51758
20001_0310_1,3,44783952,2024-05-21,13,13:00,15.583683013916016,18.72053,11.913289,26.072351
20001_0310_1,3,44783952,2024-05-21,14,14:00,14.545454661051432,12.604485,5.920298,19.576672
20001_0310_1,3,44783952,2024-05-21,15,15:00,13.0,14.260478,7.7353444,20.972809
20001_0310_1,3,44783952,2024-05-21,16,16:00,14.8,17.63137,10.960275,24.197739
20001_0310_1,3,44783952,2024-05-21,17,17:00,19.75,23.160944,16.196613,29.716843
20001_0310_1,3,44783952,2024-05-21,18,18:00,4.5,19.108019,12.243178,25.831478
20001_0310_1,3,44783952,2024-05-21,19,19:00,7.527777671813965,14.264405,7.781817,20.558485
20001_0310_1,3,44783952,2024-05-21,20,20:00,7.641025543212891,10.059625,4.17398,16.029053
20001_0310_1,3,44783952,2024-05-21,21,21:00,8.9375,9.420791,4.3310695,14.59691
20001_0310_1,3,44783952,2024-05-21,22,22:00,,7.7870526,3.5142002,12.426449
20001_0310_1,3,44783952,2024-05-21,23,23:00,,1.2311563,0.0,5.106047
20001_0310_1,3,44783952,2024-05-22,0,00:00,,0.0,0.0,2.847264
20001_0310_1,3,44783952,2024-05-22,1,01:00,,0.0,0.0,2.596577
20001_0310_1,3,44783952,2024-05-22,2,02:00,,0.0,0.0,2.8890452
20001_0310_1,3,44783952,2024-05-22,3,03:00,,0.38218674,0.0,5.249668
20001_0310_1,3,44783952,2024-05-22,4,04:00,,10.336501,4.581173,16.681984
20001_0310_1,3,44783952,2024-05-22,5,05:00,32.25343577067057,26.787754,19.559647,34.224762
20001_0310_1,3,44783952,2024-05-22,6,06:00,27.506996154785156,34.01586,25.785007,41.99602
20001_0310_1,3,44783952,2024-05-22,7,07:00,32.27113723754883,25.868572,17.846628,33.89052
20001_0310_1,3,44783952,2024-05-22,8,08:00,31.010379791259766,24.86583,17.23036,32.344624
20001_0310_1,3,44783952,2024-05-22,9,09:00,96.0,19.68499,12.535224,26.829533
20001_0310_1,3,44783952,2024-05-22,10,10:00,13.230303446451822,13.669838,6.448259,20.716457
20001_0310_1,3,44783952,2024-05-22,11,11:00,15.763636779785156,15.146534,8.075107,22.489536
20001_0310_1,3,44783952,2024-05-22,12,12:00,16.079545338948567,20.16547,13.02615,27.748713
20001_0310_1,3,44783952,2024-05-22,13,13:00,27.185897827148438,18.201767,11.234792,25.837236
20001_0310_1,3,44783952,2024-05-22,14,14:00,9.625,12.921699,5.9573345,20.267311
20001_0310_1,3,44783952,2024-05-22,15,15:00,12.503367106119791,13.573873,6.9528956,20.657051
20001_0310_1,3,44783952,2024-05-22,16,16:00,15.693370819091797,16.081383,9.385984,22.923014
20001_0310_1,3,44783952,2024-05-22,17,17:00,62.0,21.02198,14.149015,27.748716
20001_0310_1,3,44783952,2024-05-22,18,18:00,10.498251914978027,17.146795,10.409616,23.946648
20001_0310_1,3,44783952,2024-05-22,19,19:00,11.0,12.953033,6.6545534,19.293293
20001_0310_1,3,44783952,2024-05-22,20,20:00,7.472222328186035,9.448656,3.8186717,15.45728
20001_0310_1,3,44783952,2024-05-22,21,21:00,9.777777671813965,9.302423,4.539392,14.522431
20001_0310_1,3,44783952,2024-05-22,22,22:00,4.857142925262451,7.94454,3.9335687,12.425549
20001_0310_1,3,44783952,2024-05-22,23,23:00,,1.2595873,0.0,4.998983
20001_0310_1,3,44783952,2024-05-23,0,00:00,,0.0,0.0,3.7770853
20001_0310_1,3,44783952,2024-05-23,1,01:00,,0.79916215,0.0,4.8537197
20001_0310_1,3,44783952,2024-05-23,2,02:00,,0.0,0.0,4.074878
20001_0310_1,3,44783952,2024-05-23,3,03:00,,0.15776333,0.0,5.907446
20001_0310_1,3,44783952,2024-05-23,4,04:00,,10.39724,4.6131945,17.475534
20001_0310_1,3,44783952,2024-05-23,5,05:00,22.70653533935547,26.340582,19.04467,34.564236
20001_0310_1,3,44783952,2024-05-23,6,06:00,36.68333435058594,33.831207,25.72209,42.856606
20001_0310_1,3,44783952,2024-05-23,7,07:00,27.210337320963543,25.309761,17.011663,34.426792
20001_0310_1,3,44783952,2024-05-23,8,08:00,28.839038848876953,25.33267,17.160559,34.129
20001_0310_1,3,44783952,2024-05-23,9,09:00,26.256668090820312,21.232298,13.492562,29.982813
20001_0310_1,3,44783952,2024-05-23,10,10:00,12.0,14.080988,6.1834054,23.020126
20001_0310_1,3,44783952,2024-05-23,11,11:00,10.321428298950195,15.900672,8.249699,25.074968
20001_0310_1,3,44783952,2024-05-23,12,12:00,17.166666666666668,19.52572,11.874748,28.83746
20001_0310_1,3,44783952,2024-05-23,13,13:00,14.59999974568685,17.647337,10.191076,27.016342
20001_0310_1,3,44783952,2024-05-23,14,14:00,15.333333333333334,12.914157,5.383446,21.876562
20001_0310_1,3,44783952,2024-05-23,15,15:00,8.666666666666666,14.376633,7.1952553,22.978249
20001_0310_1,3,44783952,2024-05-23,16,16:00,20.20105743408203,16.530615,9.372146,24.891706
20001_0310_1,3,44783952,2024-05-23,17,17:00,21.7529239654541,21.598812,14.301468,29.639206
20001_0310_1,3,44783952,2024-05-23,18,18:00,15.039999389648438,18.26583,11.015731,26.18023
20001_0310_1,3,44783952,2024-05-23,19,19:00,16.51111094156901,13.199065,6.5245075,20.658192
20001_0310_1,3,44783952,2024-05-23,20,20:00,15.0,9.549676,3.4563863,16.539207
20001_0310_1,3,44783952,2024-05-23,21,21:00,7.0,10.213983,4.979708,16.178417
20001_0310_1,3,44783952,2024-05-23,22,22:00,2.0,8.140889,3.6969113,13.420262
20001_0310_1,3,44783952,2024-05-23,23,23:00,,1.6696321,0.0,6.1365166
20001_0310_1,3,44783952,2024-05-24,0,00:00,,0.1569031,0.0,3.5500002
20001_0310_1,3,44783952,2024-05-24,1,01:00,,1.028103,0.0,4.2607155
20001_0310_1,3,44783952,2024-05-24,2,02:00,,0.0,0.0,3.8480422
20001_0310_1,3,44783952,2024-05-24,3,03:00,,0.24860771,0.0,5.407032
20001_0310_1,3,44783952,2024-05-24,4,04:00,,10.049615,4.180473,16.847271
20001_0310_1,3,44783952,2024-05-24,5,05:00,23.557113647460938,25.330015,17.684086,33.331303
20001_0310_1,3,44783952,2024-05-24,6,06:00,33.77777608235677,32.75815,24.023216,41.60771
20001_0310_1,3,44783952,2024-05-24,7,07:00,35.545509338378906,24.802708,16.01046,33.629345
20001_0310_1,3,44783952,2024-05-24,8,08:00,26.8270206451416,24.229551,15.786931,32.55181
20001_0310_1,3,44783952,2024-05-24,9,09:00,19.76190439860026,21.272055,13.402591,29.319199
20001_0310_1,3,44783952,2024-05-24,10,10:00,13.822222391764322,12.772118,4.945641,20.741884
20001_0310_1,3,44783952,2024-05-24,11,11:00,20.909581502278645,14.789633,7.317082,22.861134
20001_0310_1,3,44783952,2024-05-24,12,12:00,16.96428680419922,17.151045,9.820352,25.479033
20001_0310_1,3,44783952,2024-05-24,13,13:00,18.0,16.417402,9.401946,24.682344
20001_0310_1,3,44783952,2024-05-24,14,14:00,15.666666666666666,13.130341,6.0919566,20.948221
20001_0310_1,3,44783952,2024-05-24,15,15:00,8.0,14.020168,7.2096148,21.607351
20001_0310_1,3,44783952,2024-05-24,16,16:00,14.710000610351562,15.824183,8.814458,23.120487
20001_0310_1,3,44783952,2024-05-24,17,17:00,23.401315689086914,20.50402,13.212016,27.496552
20001_0310_1,3,44783952,2024-05-24,18,18:00,19.1875,18.417725,11.344952,25.444647
20001_0310_1,3,44783952,2024-05-24,19,19:00,19.03110694885254,13.608928,7.1565986,20.109976
20001_0310_1,3,44783952,2024-05-24,20,20:00,10.6,9.396214,3.779262,15.336999
20001_0310_1,3,44783952,2024-05-24,21,21:00,11.285714149475098,9.579625,4.8453374,14.402753
20001_0310_1,3,44783952,2024-05-24,22,22:00,7.0,7.676739,3.7104845,11.941037
20001_0310_1,3,44783952,2024-05-24,23,23:00,,1.0739557,0.0,4.67339
20001_0310_1,3,44783952,2024-05-25,0,00:00,,0.0,0.0,3.3965595
20001_0310_1,3,44783952,2024-05-25,1,01:00,,0.20895717,0.0,3.3282542
20001_0310_1,3,44783952,2024-05-25,2,02:00,,0.0,0.0,3.2599478
20001_0310_1,3,44783952,2024-05-25,3,03:00,,0.0,0.0,4.8082113
20001_0310_1,3,44783952,2024-05-25,4,04:00,,11.502176,5.935258,17.957071
20001_0310_1,3,44783952,2024-05-25,5,05:00,,27.166965,19.915169,34.908287
20001_0310_1,3,44783952,2024-05-25,6,06:00,,31.948366,23.706139,40.6915
20001_0310_1,3,44783952,2024-05-25,7,07:00,,22.317255,14.018106,31.083162
20001_0310_1,3,44783952,2024-05-25,8,08:00,,26.757128,18.879198,35.135967
20001_0310_1,3,44783952,2024-05-25,9,09:00,,21.360975,14.055107,29.37552
20001_0310_1,3,44783952,2024-05-25,10,10:00,,12.33323,5.220892,20.043242
20001_0310_1,3,44783952,2024-05-25,11,11:00,,15.757057,9.011863,23.663445
20001_0310_1,3,44783952,2024-05-25,12,12:00,,19.0955,12.523917,26.93928
20001_0310_1,3,44783952,2024-05-25,13,13:00,,18.05953,11.655865,25.743925
20001_0310_1,3,44783952,2024-05-25,14,14:00,,13.9611845,7.6329403,21.271324
20001_0310_1,3,44783952,2024-05-25,15,15:00,,14.235831,8.135984,21.273458
20001_0310_1,3,44783952,2024-05-25,16,16:00,,14.826391,8.573568,21.483356
20001_0310_1,3,44783952,2024-05-25,17,17:00,,18.833662,12.330385,25.322708
20001_0310_1,3,44783952,2024-05-25,18,18:00,,17.604158,11.189108,24.104591
20001_0310_1,3,44783952,2024-05-25,19,19:00,,14.267138,8.34517,20.526363
20001_0310_1,3,44783952,2024-05-25,20,20:00,,9.20255,3.8405473,14.985772
20001_0310_1,3,44783952,2024-05-25,21,21:00,,9.692075,5.081435,14.7324705
20001_0310_1,3,44783952,2024-05-25,22,22:00,,8.132426,4.1934605,12.566609
20001_0310_1,3,44783952,2024-05-25,23,23:00,,0.9830896,0.0,4.7171383
20001_0310_1,3,44783952,2024-05-26,0,00:00,,0.2244839,0.0,3.5170875
20001_0310_1,3,44783952,2024-05-26,1,01:00,,0.0,0.0,2.9307332
20001_0310_1,3,44783952,2024-05-26,2,02:00,,0.0,0.0,3.2464623
20001_0310_1,3,44783952,2024-05-26,3,03:00,,0.0,0.0,4.644691
20001_0310_1,3,44783952,2024-05-26,4,04:00,,10.778856,5.38891,16.88483
20001_0310_1,3,44783952,2024-05-26,5,05:00,,27.46739,20.724321,34.774265
20001_0310_1,3,44783952,2024-05-26,6,06:00,,33.240723,25.640675,41.449677
20001_0310_1,3,44783952,2024-05-26,7,07:00,,23.182497,15.418947,31.459112
20001_0310_1,3,44783952,2024-05-26,8,08:00,,26.294685,18.829948,34.50364
20001_0310_1,3,44783952,2024-05-26,9,09:00,,21.5813,14.49149,29.42942
20001_0310_1,3,44783952,2024-05-26,10,10:00,,12.10379,5.039353,19.991379
20001_0310_1,3,44783952,2024-05-26,11,11:00,,15.475327,8.608219,23.47004
20001_0310_1,3,44783952,2024-05-26,12,12:00,,20.092863,13.194746,28.189056
20001_0310_1,3,44783952,2024-05-26,13,13:00,,17.82638,11.004377,25.854916
20001_0310_1,3,44783952,2024-05-26,14,14:00,,13.362478,6.6335015,21.224695
20001_0310_1,3,44783952,2024-05-26,15,15:00,,12.991779,6.2881746,20.721502
20001_0310_1,3,44783952,2024-05-26,16,16:00,,14.110221,7.2804637,21.533377
20001_0310_1,3,44783952,2024-05-26,17,17:00,,18.097004,11.156604,25.279839
20001_0310_1,3,44783952,2024-05-26,18,18:00,,16.783346,10.153034,23.909801
20001_0310_1,3,44783952,2024-05-26,19,19:00,,13.476649,7.5031686,20.07595
20001_0310_1,3,44783952,2024-05-26,20,20:00,,8.884482,3.4719834,14.849506
20001_0310_1,3,44783952,2024-05-26,21,21:00,,8.952138,4.4078946,14.023536
20001_0310_1,3,44783952,2024-05-26,22,22:00,,7.8470864,4.0583377,12.391329
20001_0310_1,3,44783952,2024-05-26,23,23:00,,0.49510896,0.0,4.216202
20001_0310_1,3,44783952,2024-05-27,0,00:00,,0.0,0.0,2.76621
20001_0310_1,3,44783952,2024-05-27,1,01:00,,0.0,0.0,2.8563137
20001_0310_1,3,44783952,2024-05-27,2,02:00,,0.0,0.0,3.104098
20001_0310_1,3,44783952,2024-05-27,3,03:00,,0.0,0.0,4.185341
20001_0310_1,3,44783952,2024-05-27,4,04:00,,10.999418,5.3792124,17.115192
20001_0310_1,3,44783952,2024-05-27,5,05:00,26.462562561035156,26.305748,19.17631,33.649185
20001_0310_1,3,44783952,2024-05-27,6,06:00,30.396320343017578,34.189808,26.305748,42.52438
20001_0310_1,3,44783952,2024-05-27,7,07:00,30.87663459777832,25.76513,17.768444,34.07718
20001_0310_1,3,44783952,2024-05-27,8,08:00,35.05499267578125,26.395853,18.692003,34.415066
20001_0310_1,3,44783952,2024-05-27,9,09:00,24.910449981689453,21.823101,14.657059,29.504425
20001_0310_1,3,44783952,2024-05-27,10,10:00,15.865431467692057,13.307616,6.3316336,20.860823
20001_0310_1,3,44783952,2024-05-27,11,11:00,15.640710830688477,15.558092,8.845383,23.115522
20001_0310_1,3,44783952,2024-05-27,12,12:00,24.165359497070312,20.032293,13.313952,27.555935
20001_0310_1,3,44783952,2024-05-27,13,13:00,21.316062927246094,17.689602,11.264098,25.089354
20001_0310_1,3,44783952,2024-05-27,14,14:00,9.465058326721191,13.580039,7.4009094,20.691175
20001_0310_1,3,44783952,2024-05-27,15,15:00,16.97487449645996,13.522315,7.5135365,20.229393
20001_0310_1,3,44783952,2024-05-27,16,16:00,13.58431625366211,15.099128,9.193124,21.424673
20001_0310_1,3,44783952,2024-05-27,17,17:00,40.532352447509766,18.02749,11.979293,24.086946
20001_0310_1,3,44783952,2024-05-27,18,18:00,18.34349822998047,16.95751,11.055734,23.005707
20001_0310_1,3,44783952,2024-05-27,19,19:00,13.62346076965332,13.853165,8.426541,19.441692
20001_0310_1,3,44783952,2024-05-27,20,20:00,12.195474624633789,10.075857,5.1089015,15.207533
20001_0310_1,3,44783952,2024-05-27,21,21:00,6.744983196258545,9.253663,4.962484,13.615236
20001_0310_1,3,44783952,2024-05-27,22,22:00,11.241639137268066,7.7444286,4.0501847,11.652668
20001_0310_1,3,44783952,2024-05-27,23,23:00,,1.5272871,0.0,4.793539
20001_0310_1,3,44783952,2024-05-28,0,00:00,,0.36779866,0.0,3.6308966
20001_0310_1,3,44783952,2024-05-28,1,01:00,,0.8663274,0.0,3.9254813
20001_0310_1,3,44783952,2024-05-28,2,02:00,,0.27715707,0.0,4.0387836
20001_0310_1,3,44783952,2024-05-28,3,03:00,,0.45844024,0.0,5.4663887
20001_0310_1,3,44783952,2024-05-28,4,04:00,,10.349706,4.582633,17.181816
20001_0310_1,3,44783952,2024-05-28,5,05:00,36.117610931396484,26.563221,18.858685,35.174175
20001_0310_1,3,44783952,2024-05-28,6,06:00,32.747467041015625,34.086475,25.158276,43.83045
20001_0310_1,3,44783952,2024-05-28,7,07:00,34.237725830078126,26.200655,17.079844,36.17123
20001_0310_1,3,44783952,2024-05-28,8,08:00,41.75858052571615,25.974052,17.37443,35.4461
20001_0310_1,3,44783952,2024-05-28,9,09:00,19.361231486002605,23.254805,15.414305,32.183002
20001_0310_1,3,44783952,2024-05-28,10,10:00,20.734811147054035,15.258513,7.763586,23.875128
20001_0310_1,3,44783952,2024-05-28,11,11:00,11.272261619567871,15.98648,9.0297365,24.506788
20001_0310_1,3,44783952,2024-05-28,12,12:00,20.218460083007812,19.776432,13.006639,28.092798
20001_0310_1,3,44783952,2024-05-28,13,13:00,18.854341506958008,18.428139,12.122883,26.43859
20001_0310_1,3,44783952,2024-05-28,14,14:00,14.203049977620443,13.645732,7.511137,21.062056
20001_0310_1,3,44783952,2024-05-28,15,15:00,20.51551564534505,13.539157,7.587261,20.616991
20001_0310_1,3,44783952,2024-05-28,16,16:00,23.074983596801758,17.884289,11.714996,24.863693
20001_0310_1,3,44783952,2024-05-28,17,17:00,49.16761779785156,23.866634,17.385757,30.823378
20001_0310_1,3,44783952,2024-05-28,18,18:00,18.45114517211914,17.97493,11.437406,24.829704
20001_0310_1,3,44783952,2024-05-28,19,19:00,16.101431528727215,14.016442,8.068795,20.328072
20001_0310_1,3,44783952,2024-05-28,20,20:00,10.571060180664062,10.768923,5.511709,16.400032
20001_0310_1,3,44783952,2024-05-28,21,21:00,42.10786437988281,9.329988,4.786577,13.951295
20001_0310_1,3,44783952,2024-05-28,22,22:00,5.01284122467041,7.709769,3.8121793,11.79997
20001_0310_1,3,44783952,2024-05-28,23,23:00,,1.1382523,0.0,4.582633
20001_0310_1,3,44783952,2024-05-29,0,00:00,,0.5409967,0.0,5.4227624
20001_0310_1,3,44783952,2024-05-29,1,01:00,,0.21554482,0.0,5.0043244
20001_0310_1,3,44783952,2024-05-29,2,02:00,,0.0,0.0,5.2832823
20001_0310_1,3,44783952,2024-05-29,3,03:00,,1.610335,0.0,8.595908
20001_0310_1,3,44783952,2024-05-29,4,04:00,,11.803925,5.347209,20.36445
20001_0310_1,3,44783952,2024-05-29,5,05:00,22.50785255432129,28.855236,20.463247,38.990707
20001_0310_1,3,44783952,2024-05-29,6,06:00,34.30230712890625,34.248425,24.763853,45.63921
20001_0310_1,3,44783952,2024-05-29,7,07:00,30.85299072265625,28.576277,18.987095,40.060043
20001_0310_1,3,44783952,2024-05-29,8,08:00,38.03874969482422,29.0877,20.114552,39.87408
20001_0310_1,3,44783952,2024-05-29,9,09:00,29.3275089263916,25.55423,17.208738,35.945415
20001_0310_1,3,44783952,2024-05-29,10,10:00,14.226961771647135,16.447414,8.415747,26.664251
20001_0310_1,3,44783952,2024-05-29,11,11:00,24.109596252441406,17.39471,9.659436,27.745214
20001_0310_1,3,44783952,2024-05-29,12,12:00,27.997271219889324,20.207537,12.76575,30.343012
20001_0310_1,3,44783952,2024-05-29,13,13:00,14.55881118774414,19.347416,12.100321,29.494516
20001_0310_1,3,44783952,2024-05-29,14,14:00,20.21239980061849,15.131807,8.014382,24.705372
20001_0310_1,3,44783952,2024-05-29,15,15:00,16.098931630452473,15.260389,8.375066,24.624372
20001_0310_1,3,44783952,2024-05-29,16,16:00,19.312477111816406,18.963848,11.862041,28.134592
20001_0310_1,3,44783952,2024-05-29,17,17:00,44.06431579589844,24.438398,16.83098,33.59752
20001_0310_1,3,44783952,2024-05-29,18,18:00,14.348640441894531,20.079681,12.449017,29.273672
20001_0310_1,3,44783952,2024-05-29,19,19:00,14.680975596110025,15.816854,8.601722,24.804533
20001_0310_1,3,44783952,2024-05-29,20,20:00,11.175653457641602,11.896912,5.2949057,20.207537
20001_0310_1,3,44783952,2024-05-29,21,21:00,3.3695435523986816,11.21114,5.5622416,18.626776
20001_0310_1,3,44783952,2024-05-29,22,22:00,4.492724895477295,7.468453,2.7726603,14.304377
20001_0310_1,3,44783952,2024-05-29,23,23:00,,0.91294056,0.0,6.7710586
20001_0310_1,3,44783952,2024-05-30,0,00:00,,0.43741882,0.0,4.199189
20001_0310_1,3,44783952,2024-05-30,1,01:00,,0.43741882,0.0,4.1521673
20001_0310_1,3,44783952,2024-05-30,2,02:00,,0.0,0.0,4.410789
20001_0310_1,3,44783952,2024-05-30,3,03:00,,0.62550724,0.0,6.64434
20001_0310_1,3,44783952,2024-05-30,4,04:00,,10.794044,4.5401006,18.529186
20001_0310_1,3,44783952,2024-05-30,5,05:00,,26.793324,18.634981,36.150726
20001_0310_1,3,44783952,2024-05-30,6,06:00,,34.434418,25.241592,44.87333
20001_0310_1,3,44783952,2024-05-30,7,07:00,,25.476704,16.089909,36.03317
20001_0310_1,3,44783952,2024-05-30,8,08:00,,28.603676,19.751759,38.61939
20001_0310_1,3,44783952,2024-05-30,9,09:00,,23.783905,15.687283,33.35291
20001_0310_1,3,44783952,2024-05-30,10,10:00,,14.465443,6.722221,23.885298
20001_0310_1,3,44783952,2024-05-30,11,11:00,,16.848143,9.677267,26.170279
20001_0310_1,3,44783952,2024-05-30,12,12:00,,19.645962,12.704319,28.78001
20001_0310_1,3,44783952,2024-05-30,13,13:00,,17.888506,11.3171625,26.822712
20001_0310_1,3,44783952,2024-05-30,14,14:00,,14.737657,8.300034,23.323606
20001_0310_1,3,44783952,2024-05-30,15,15:00,,14.492628,8.404363,22.781382
20001_0310_1,3,44783952,2024-05-30,16,16:00,,18.082476,11.822653,26.005705
20001_0310_1,3,44783952,2024-05-30,17,17:00,,22.302711,15.819533,29.873274
20001_0310_1,3,44783952,2024-05-30,18,18:00,,19.19925,12.810116,26.711037
20001_0310_1,3,44783952,2024-05-30,19,19:00,,15.557973,9.756617,22.546637
20001_0310_1,3,44783952,2024-05-30,20,20:00,,11.076175,5.868475,17.518208
20001_0310_1,3,44783952,2024-05-30,21,21:00,,10.182755,5.7744308,15.613811
20001_0310_1,3,44783952,2024-05-30,22,22:00,,7.3026505,3.5408792,12.292872
20001_0310_1,3,44783952,2024-05-30,23,23:00,,0.9546619,0.0,5.2336764
20001_0310_1,3,44783952,2024-05-31,0,00:00,,0.52584636,0.0,3.7929857
20001_0310_1,3,44783952,2024-05-31,1,01:00,,0.52584636,0.0,3.6754622
20001_0310_1,3,44783952,2024-05-31,2,02:00,,0.055755585,0.0,3.839996
20001_0310_1,3,44783952,2024-05-31,3,03:00,,0.43182844,0.0,5.438308
20001_0310_1,3,44783952,2024-05-31,4,04:00,,11.737539,5.7203636,18.389341
20001_0310_1,3,44783952,2024-05-31,5,05:00,,27.885199,20.140432,36.064796
20001_0310_1,3,44783952,2024-05-31,6,06:00,,35.17162,26.286884,44.526447
20001_0310_1,3,44783952,2024-05-31,7,07:00,,26.639456,17.566683,36.252834
20001_0310_1,3,44783952,2024-05-31,8,08:00,,29.718557,21.127626,38.74432
20001_0310_1,3,44783952,2024-05-31,9,09:00,,23.419327,15.655463,31.998505
20001_0310_1,3,44783952,2024-05-31,10,10:00,,13.476879,6.3079777,21.585966
20001_0310_1,3,44783952,2024-05-31,11,11:00,,18.23656,11.690531,26.040087
20001_0310_1,3,44783952,2024-05-31,12,12:00,,19.893635,13.4798155,27.473864
20001_0310_1,3,44783952,2024-05-31,13,13:00,,18.412846,12.313402,25.875559
20001_0310_1,3,44783952,2024-05-31,14,14:00,,15.648117,9.545737,22.990368
20001_0310_1,3,44783952,2024-05-31,15,15:00,,15.145706,9.002926,22.529821
20001_0310_1,3,44783952,2024-05-31,16,16:00,,17.243492,10.803231,24.61218
20001_0310_1,3,44783952,2024-05-31,17,17:00,,23.372316,16.397327,30.588228
20001_0310_1,3,44783952,2024-05-31,18,18:00,,20.63403,13.876457,27.838188
20001_0310_1,3,44783952,2024-05-31,19,19:00,,16.532478,10.421283,23.137268
20001_0310_1,3,44783952,2024-05-31,20,20:00,,11.2792,6.049426,17.231739
20001_0310_1,3,44783952,2024-05-31,21,21:00,,11.138172,6.6605463,16.030067
20001_0310_1,3,44783952,2024-05-31,22,22:00,,8.25886,4.4511147,12.577829
20001_0310_1,3,44783952,2024-05-31,23,23:00,,0.94892913,0.0,4.5216274
20001_0310_1,4,44784227,2024-05-01,0,00:00,,0.0,0.0,4.1013603
20001_0310_1,4,44784227,2024-05-01,1,01:00,,0.0,0.0,4.0761924
20001_0310_1,4,44784227,2024-05-01,2,02:00,,0.099743605,0.0,5.384897
20001_0310_1,4,44784227,2024-05-01,3,03:00,,0.6534267,0.0,7.4486237
20001_0310_1,4,44784227,2024-05-01,4,04:00,,12.092009,5.15839,20.87543
20001_0310_1,4,44784227,2024-05-01,5,05:00,,32.263676,23.304085,42.984985
20001_0310_1,4,44784227,2024-05-01,6,06:00,,42.229965,31.860998,53.95797
20001_0310_1,4,44784227,2024-05-01,7,07:00,,33.06903,22.662317,44.646038
20001_0310_1,4,44784227,2024-05-01,8,08:00,,29.243591,19.742897,40.24174
20001_0310_1,4,44784227,2024-05-01,9,09:00,,26.324171,17.606815,36.667973
20001_0310_1,4,44784227,2024-05-01,10,10:00,,17.915115,9.44314,27.916012
20001_0310_1,4,44784227,2024-05-01,11,11:00,,18.12904,9.870988,28.28094
20001_0310_1,4,44784227,2024-05-01,12,12:00,,23.8326,15.7916155,34.000225
20001_0310_1,4,44784227,2024-05-01,13,13:00,,22.775568,14.71571,33.018696
20001_0310_1,4,44784227,2024-05-01,14,14:00,,18.270605,10.160411,27.94118
20001_0310_1,4,44784227,2024-05-01,15,15:00,,18.49082,10.704655,27.969492
20001_0310_1,4,44784227,2024-05-01,16,16:00,,20.265121,12.2115555,29.665146
20001_0310_1,4,44784227,2024-05-01,17,17:00,,29.998613,21.504616,39.310547
20001_0310_1,4,44784227,2024-05-01,18,18:00,,24.965134,16.50417,34.428074
20001_0310_1,4,44784227,2024-05-01,19,19:00,,19.025627,11.097897,27.871971
20001_0310_1,4,44784227,2024-05-01,20,20:00,,12.154928,4.957051,20.416126
20001_0310_1,4,44784227,2024-05-01,21,21:00,,12.293348,6.1147513,19.422012
20001_0310_1,4,44784227,2024-05-01,22,22:00,,11.878086,6.6936016,18.22971
20001_0310_1,4,44784227,2024-05-01,23,23:00,,1.5091184,0.0,6.7942724
20001_0310_1,4,44784227,2024-05-02,0,00:00,,0.0,0.0,3.5851457
20001_0310_1,4,44784227,2024-05-02,1,01:00,,0.31045434,0.0,3.937804
20001_0310_1,4,44784227,2024-05-02,2,02:00,,0.0,0.0,3.887425
20001_0310_1,4,44784227,2024-05-02,3,03:00,,0.46159434,0.0,6.0033793
20001_0310_1,4,44784227,2024-05-02,4,04:00,,11.759279,5.386226,18.859694
20001_0310_1,4,44784227,2024-05-02,5,05:00,,33.006985,24.820261,41.521183
20001_0310_1,4,44784227,2024-05-02,6,06:00,,43.183716,34.014584,52.655125
20001_0310_1,4,44784227,2024-05-02,7,07:00,,32.654327,23.560762,42.024982
20001_0310_1,4,44784227,2024-05-02,8,08:00,,29.581158,21.104742,38.27168
20001_0310_1,4,44784227,2024-05-02,9,09:00,,27.263683,19.492586,35.50079
20001_0310_1,4,44784227,2024-05-02,10,10:00,,18.503883,10.918566,26.649675
20001_0310_1,4,44784227,2024-05-02,11,11:00,,18.932112,11.545165,27.414822
20001_0310_1,4,44784227,2024-05-02,12,12:00,,24.669119,17.214474,33.38484
20001_0310_1,4,44784227,2024-05-02,13,13:00,,22.23829,14.857642,31.319263
20001_0310_1,4,44784227,2024-05-02,14,14:00,,18.170116,10.537567,26.873238
20001_0310_1,4,44784227,2024-05-02,15,15:00,,18.15516,10.697367,26.76854
20001_0310_1,4,44784227,2024-05-02,16,16:00,,19.473696,11.853742,27.912325
20001_0310_1,4,44784227,2024-05-02,17,17:00,,29.555965,21.507784,37.717503
20001_0310_1,4,44784227,2024-05-02,18,18:00,,25.827856,17.907194,34.039772
20001_0310_1,4,44784227,2024-05-02,19,19:00,,19.06436,11.545164,26.59615
20001_0310_1,4,44784227,2024-05-02,20,20:00,,12.036368,5.3862257,19.004534
20001_0310_1,4,44784227,2024-05-02,21,21:00,,12.464597,6.5953426,18.368488
20001_0310_1,4,44784227,2024-05-02,22,22:00,,12.90542,7.817054,18.174839
20001_0310_1,4,44784227,2024-05-02,23,23:00,,1.7210912,0.0,6.204899
20001_0310_1,4,44784227,2024-05-03,0,00:00,,0.0,0.0,3.0136323
20001_0310_1,4,44784227,2024-05-03,1,01:00,,0.3385389,0.0,3.3164744
20001_0310_1,4,44784227,2024-05-03,2,02:00,,0.0,0.0,3.316473
20001_0310_1,4,44784227,2024-05-03,3,03:00,,0.18711795,0.0,5.310175
20001_0310_1,4,44784227,2024-05-03,4,04:00,,11.089389,4.805441,17.903309
20001_0310_1,4,44784227,2024-05-03,5,05:00,,33.44914,25.171488,41.87821
20001_0310_1,4,44784227,2024-05-03,6,06:00,,40.717316,31.32925,50.408222
20001_0310_1,4,44784227,2024-05-03,7,07:00,,31.02641,21.57525,40.81826
20001_0310_1,4,44784227,2024-05-03,8,08:00,,30.143126,21.398598,39.203114
20001_0310_1,4,44784227,2024-05-03,9,09:00,,26.231432,18.341795,34.71097
20001_0310_1,4,44784227,2024-05-03,10,10:00,,17.706934,10.255788,25.826857
20001_0310_1,4,44784227,2024-05-03,11,11:00,,18.408041,11.157212,26.740898
20001_0310_1,4,44784227,2024-05-03,12,12:00,,24.212492,17.016867,32.452282
20001_0310_1,4,44784227,2024-05-03,13,13:00,,22.433302,15.389095,30.862373
20001_0310_1,4,44784227,2024-05-03,14,14:00,,18.534225,11.41431,26.682535
20001_0310_1,4,44784227,2024-05-03,15,15:00,,18.862303,11.91589,26.85604
20001_0310_1,4,44784227,2024-05-03,16,16:00,,19.124134,12.083084,26.97276
20001_0310_1,4,44784227,2024-05-03,17,17:00,,27.897055,20.35127,35.31665
20001_0310_1,4,44784227,2024-05-03,18,18:00,,24.666754,17.297626,32.010643
20001_0310_1,4,44784227,2024-05-03,19,19:00,,18.398579,11.553112,25.294516
20001_0310_1,4,44784227,2024-05-03,20,20:00,,12.490026,6.3827367,18.849686
20001_0310_1,4,44784227,2024-05-03,21,21:00,,11.745543,6.3574996,17.24242
20001_0310_1,4,44784227,2024-05-03,22,22:00,,12.048384,7.4552984,16.824438
20001_0310_1,4,44784227,2024-05-03,23,23:00,,1.7013222,0.0,5.6887264
20001_0310_1,4,44784227,2024-05-04,0,00:00,,0.096276045,0.0,3.2346334
20001_0310_1,4,44784227,2024-05-04,1,01:00,,0.19590706,0.0,3.1350048
20001_0310_1,4,44784227,2024-05-04,2,02:00,,0.0,0.0,3.533526
20001_0310_1,4,44784227,2024-05-04,3,03:00,,0.6442436,0.0,5.9246554
20001_0310_1,4,44784227,2024-05-04,4,04:00,,12.450448,6.485078,19.430807
20001_0310_1,4,44784227,2024-05-04,5,05:00,,31.18097,23.185627,39.74918
20001_0310_1,4,44784227,2024-05-04,6,06:00,,37.108974,28.117329,46.82294
20001_0310_1,4,44784227,2024-05-04,7,07:00,,25.228052,16.374956,34.81748
20001_0310_1,4,44784227,2024-05-04,8,08:00,,29.860865,21.815708,38.40417
20001_0310_1,4,44784227,2024-05-04,9,09:00,,25.825836,18.756746,33.572098
20001_0310_1,4,44784227,2024-05-04,10,10:00,,17.30821,10.699911,24.536087
20001_0310_1,4,44784227,2024-05-04,11,11:00,,17.923895,11.572455,25.259186
20001_0310_1,4,44784227,2024-05-04,12,12:00,,23.173174,17.02878,30.408833
20001_0310_1,4,44784227,2024-05-04,13,13:00,,22.102146,16.046484,29.599337
20001_0310_1,4,44784227,2024-05-04,14,14:00,,18.397139,12.201372,25.726202
20001_0310_1,4,44784227,2024-05-04,15,15:00,,17.765888,11.518359,25.167727
20001_0310_1,4,44784227,2024-05-04,16,16:00,,15.022158,8.371828,22.29518
20001_0310_1,4,44784227,2024-05-04,17,17:00,,23.94531,16.72833,31.093794
20001_0310_1,4,44784227,2024-05-04,18,18:00,,22.600298,15.50163,29.686516
20001_0310_1,4,44784227,2024-05-04,19,19:00,,18.081123,11.689209,24.703432
20001_0310_1,4,44784227,2024-05-04,20,20:00,,11.591136,5.9495635,17.719963
20001_0310_1,4,44784227,2024-05-04,21,21:00,,11.068076,6.2360015,16.451235
20001_0310_1,4,44784227,2024-05-04,22,22:00,,11.366967,7.207397,16.155455
20001_0310_1,4,44784227,2024-05-04,23,23:00,,1.5409176,0.0,5.725395
20001_0310_1,4,44784227,2024-05-05,0,00:00,,0.0,0.0,2.7528396
20001_0310_1,4,44784227,2024-05-05,1,01:00,,0.0,0.0,2.8517609
20001_0310_1,4,44784227,2024-05-05,2,02:00,,0.0,0.0,2.901221
20001_0310_1,4,44784227,2024-05-05,3,03:00,,0.0,0.0,4.706546
20001_0310_1,4,44784227,2024-05-05,4,04:00,,11.210658,5.312442,17.86006
20001_0310_1,4,44784227,2024-05-05,5,05:00,,30.05527,22.388828,38.216328
20001_0310_1,4,44784227,2024-05-05,6,06:00,,36.48519,27.705875,45.586002
20001_0310_1,4,44784227,2024-05-05,7,07:00,17.18181800842285,25.529596,16.657545,34.482025
20001_0310_1,4,44784227,2024-05-05,8,08:00,,27.85426,19.680841,36.064774
20001_0310_1,4,44784227,2024-05-05,9,09:00,,25.62852,18.147554,33.31969
20001_0310_1,4,44784227,2024-05-05,10,10:00,0.0,17.336857,10.073829,24.813187
20001_0310_1,4,44784227,2024-05-05,11,11:00,,16.83993,9.658821,24.4971
20001_0310_1,4,44784227,2024-05-05,12,12:00,,21.844757,15.0067835,29.67195
20001_0310_1,4,44784227,2024-05-05,13,13:00,,21.041018,14.017566,29.053688
20001_0310_1,4,44784227,2024-05-05,14,14:00,,16.568668,9.403016,24.439137
20001_0310_1,4,44784227,2024-05-05,15,15:00,,16.35073,9.135617,24.245932
20001_0310_1,4,44784227,2024-05-05,16,16:00,,14.4008875,6.907556,22.19098
20001_0310_1,4,44784227,2024-05-05,17,17:00,,20.886452,13.053076,28.565262
20001_0310_1,4,44784227,2024-05-05,18,18:00,,21.016285,13.325111,28.73219
20001_0310_1,4,44784227,2024-05-05,19,19:00,,16.450424,9.39606,23.616077
20001_0310_1,4,44784227,2024-05-05,20,20:00,,11.569249,5.1145988,18.302116
20001_0310_1,4,44784227,2024-05-05,21,21:00,,10.6171255,4.9785805,16.502977
20001_0310_1,4,44784227,2024-05-05,22,22:00,,11.198292,6.3511214,16.586441
20001_0310_1,4,44784227,2024-05-05,23,23:00,,1.4668545,0.0,6.165643
20001_0310_1,4,44784227,2024-05-06,0,00:00,,0.0,0.0,3.252143
20001_0310_1,4,44784227,2024-05-06,1,01:00,,0.26761994,0.0,3.94853
20001_0310_1,4,44784227,2024-05-06,2,02:00,,0.0,0.0,3.9982731
20001_0310_1,4,44784227,2024-05-06,3,03:00,,0.0,0.0,5.0179844
20001_0310_1,4,44784227,2024-05-06,4,04:00,,10.825367,4.4708223,17.863865
20001_0310_1,4,44784227,2024-05-06,5,05:00,31.040931701660156,30.286938,22.328215,38.469505
20001_0310_1,4,44784227,2024-05-06,6,06:00,37.50965118408203,40.26022,31.25691,49.31327
20001_0310_1,4,44784227,2024-05-06,7,07:00,33.80473709106445,31.455875,22.315775,40.40944
20001_0310_1,4,44784227,2024-05-06,8,08:00,25.0,29.192614,20.487755,37.822857
20001_0310_1,4,44784227,2024-05-06,9,09:00,16.952966690063477,24.690958,16.38093,32.997883
20001_0310_1,4,44784227,2024-05-06,10,10:00,21.140316009521484,14.313527,6.1247444,22.688839
20001_0310_1,4,44784227,2024-05-06,11,11:00,16.732322692871094,16.52083,8.359251,24.997961
20001_0310_1,4,44784227,2024-05-06,12,12:00,27.295310974121094,22.104372,14.021293,30.78436
20001_0310_1,4,44784227,2024-05-06,13,13:00,14.595833778381348,21.010048,12.852356,29.81439
20001_0310_1,4,44784227,2024-05-06,14,14:00,11.785714467366537,16.279892,8.011055,24.848734
20001_0310_1,4,44784227,2024-05-06,15,15:00,15.301587422688803,17.479918,9.314451,25.729322
20001_0310_1,4,44784227,2024-05-06,16,16:00,30.578704833984375,18.445225,10.421213,26.326227
20001_0310_1,4,44784227,2024-05-06,17,17:00,30.624710083007812,26.979092,18.880465,34.4404
20001_0310_1,4,44784227,2024-05-06,18,18:00,29.936527252197266,22.987293,15.143598,30.436165
20001_0310_1,4,44784227,2024-05-06,19,19:00,14.894444783528646,18.037962,10.641944,24.99252
20001_0310_1,4,44784227,2024-05-06,20,20:00,12.0,11.994305,5.0304203,18.585123
20001_0310_1,4,44784227,2024-05-06,21,21:00,8.25,10.638835,4.321596,16.387146
20001_0310_1,4,44784227,2024-05-06,22,22:00,13.0,11.633676,6.037697,16.984053
20001_0310_1,4,44784227,2024-05-06,23,23:00,,1.4116871,0.0,6.0874376
20001_0310_1,4,44784227,2024-05-07,0,00:00,,0.18263893,0.0,4.256902
20001_0310_1,4,44784227,2024-05-07,1,01:00,,0.43107012,0.0,4.356276
20001_0310_1,4,44784227,2024-05-07,2,02:00,,0.0,0.0,4.4059625
20001_0310_1,4,44784227,2024-05-07,3,03:00,,0.8285587,0.0,6.890269
20001_0310_1,4,44784227,2024-05-07,4,04:00,,12.542068,5.3872623,20.392479
20001_0310_1,4,44784227,2024-05-07,5,05:00,26.714832305908203,34.31702,25.274143,43.60833
20001_0310_1,4,44784227,2024-05-07,6,06:00,39.49004364013672,40.329044,30.292442,50.5147
20001_0310_1,4,44784227,2024-05-07,7,07:00,43.56499099731445,31.037735,20.97629,41.12402
20001_0310_1,4,44784227,2024-05-07,8,08:00,27.227500915527344,30.143385,20.8645,39.53407
20001_0310_1,4,44784227,2024-05-07,9,09:00,27.415265401204426,26.764727,18.330505,35.484646
20001_0310_1,4,44784227,2024-05-07,10,10:00,16.690475463867188,17.64732,9.536057,25.982172
20001_0310_1,4,44784227,2024-05-07,11,11:00,11.073308944702148,19.460863,11.821618,27.746029
20001_0310_1,4,44784227,2024-05-07,12,12:00,25.537038167317707,25.298986,17.892645,33.397827
20001_0310_1,4,44784227,2024-05-07,13,13:00,18.122210184733074,22.504139,15.274805,30.429081
20001_0310_1,4,44784227,2024-05-07,14,14:00,13.25,17.985806,10.911741,25.544313
20001_0310_1,4,44784227,2024-05-07,15,15:00,10.952381134033203,19.007477,12.11663,26.041172
20001_0310_1,4,44784227,2024-05-07,16,16:00,22.32032928466797,21.659475,14.784154,28.41679
20001_0310_1,4,44784227,2024-05-07,17,17:00,23.31999969482422,31.087421,23.882927,37.695675
20001_0310_1,4,44784227,2024-05-07,18,18:00,22.16071319580078,23.920197,16.886501,30.627827
20001_0310_1,4,44784227,2024-05-07,19,19:00,19.23214340209961,18.69694,12.132157,24.988447
20001_0310_1,4,44784227,2024-05-07,20,20:00,6.841666412353516,13.423997,7.269126,19.31491
20001_0310_1,4,44784227,2024-05-07,21,21:00,7.0,11.448973,5.9213886,16.656704
20001_0310_1,4,44784227,2024-05-07,22,22:00,,13.063774,8.132423,17.897305
20001_0310_1,4,44784227,2024-05-07,23,23:00,,1.673224,0.0,5.822017
20001_0310_1,4,44784227,2024-05-08,0,00:00,,0.0,0.0,3.1608133
20001_0310_1,4,44784227,2024-05-08,1,01:00,,0.0,0.0,3.0140452
20001_0310_1,4,44784227,2024-05-08,2,02:00,,0.0,0.0,3.5521936
20001_0310_1,4,44784227,2024-05-08,3,03:00,,0.56791633,0.0,6.2918572
20001_0310_1,4,44784227,2024-05-08,4,04:00,,11.820109,5.166639,19.030073
20001_0310_1,4,44784227,2024-05-08,5,05:00,27.017192840576172,31.682674,23.402527,40.14628
20001_0310_1,4,44784227,2024-05-08,6,06:00,34.84105224609375,39.754898,30.459608,48.756653
20001_0310_1,4,44784227,2024-05-08,7,07:00,29.716471354166668,32.36759,23.365839,41.173656
20001_0310_1,4,44784227,2024-05-08,8,08:00,27.399192810058594,30.06823,21.739159,38.385067
20001_0310_1,4,44784227,2024-05-08,9,09:00,18.766666412353516,25.053665,17.487482,32.832355
20001_0310_1,4,44784227,2024-05-08,10,10:00,9.5,15.795067,8.355778,23.326086
20001_0310_1,4,44784227,2024-05-08,11,11:00,13.199844360351562,17.513474,10.402884,24.981812
20001_0310_1,4,44784227,2024-05-08,12,12:00,21.52246856689453,23.255762,16.27818,30.912146
20001_0310_1,4,44784227,2024-05-08,13,13:00,25.274927775065105,20.442713,13.624127,28.166365
20001_0310_1,4,44784227,2024-05-08,14,14:00,11.629629770914713,16.472723,9.523422,23.759892
20001_0310_1,4,44784227,2024-05-08,15,15:00,15.673202514648438,17.927786,11.294191,24.882437
20001_0310_1,4,44784227,2024-05-08,16,16:00,21.0,19.586567,12.94533,26.203346
20001_0310_1,4,44784227,2024-05-08,17,17:00,28.21282196044922,29.579004,22.729845,36.134632
20001_0310_1,4,44784227,2024-05-08,18,18:00,19.513815307617186,22.876612,16.22314,29.444466
20001_0310_1,4,44784227,2024-05-08,19,19:00,13.009374618530273,17.721394,11.410379,23.97125
20001_0310_1,4,44784227,2024-05-08,20,20:00,14.333333969116211,11.807878,6.022783,17.759615
20001_0310_1,4,44784227,2024-05-08,21,21:00,15.699999809265137,10.205664,5.1911,15.443438
20001_0310_1,4,44784227,2024-05-08,22,22:00,4.800000190734863,11.245269,6.805546,15.917375
20001_0310_1,4,44784227,2024-05-08,23,23:00,,0.763607,0.0,4.7997193
20001_0310_1,4,44784227,2024-05-09,0,00:00,,0.0028236508,0.0,3.2998238
20001_0310_1,4,44784227,2024-05-09,1,01:00,,0.0,0.0,2.8634558
20001_0310_1,4,44784227,2024-05-09,2,02:00,,0.0,0.0,3.1058822
20001_0310_1,4,44784227,2024-05-09,3,03:00,,0.099794865,0.0,4.730139
20001_0310_1,4,44784227,2024-05-09,4,04:00,,11.202924,5.56651,16.902975
20001_0310_1,4,44784227,2024-05-09,5,05:00,24.090288162231445,29.578846,22.69394,36.22133
20001_0310_1,4,44784227,2024-05-09,6,06:00,43.27626953125,37.239517,29.724302,44.415344
20001_0310_1,4,44784227,2024-05-09,7,07:00,32.196250915527344,30.306126,23.057575,37.481945
20001_0310_1,4,44784227,2024-05-09,8,08:00,23.080656051635742,28.657625,21.760595,35.275864
20001_0310_1,4,44784227,2024-05-09,9,09:00,16.735763549804688,22.427267,16.063572,28.681868
20001_0310_1,4,44784227,2024-05-09,10,10:00,15.727272033691406,13.46961,7.318039,19.706028
20001_0310_1,4,44784227,2024-05-09,11,11:00,13.193750381469727,16.115847,10.187005,22.514387
20001_0310_1,4,44784227,2024-05-09,12,12:00,21.870834350585938,22.778786,16.799944,29.33642
20001_0310_1,4,44784227,2024-05-09,13,13:00,25.18000030517578,20.52422,14.47568,27.372765
20001_0310_1,4,44784227,2024-05-09,14,14:00,15.133333206176758,16.176453,10.027914,22.864393
20001_0310_1,4,44784227,2024-05-09,15,15:00,30.428571701049805,16.686686,10.691177,23.382198
20001_0310_1,4,44784227,2024-05-09,16,16:00,13.6,18.521172,12.430208,24.8182
20001_0310_1,4,44784227,2024-05-09,17,17:00,37.29365158081055,26.669727,20.306034,32.754627
20001_0310_1,4,44784227,2024-05-09,18,18:00,31.462847900390624,22.427267,16.202969,28.366714
20001_0310_1,4,44784227,2024-05-09,19,19:00,14.333333333333334,17.096159,11.123379,22.71136
20001_0310_1,4,44784227,2024-05-09,20,20:00,10.455883026123047,12.221116,6.766521,17.545406
20001_0310_1,4,44784227,2024-05-09,21,21:00,7.0,10.60898,5.6998444,15.209022
20001_0310_1,4,44784227,2024-05-09,22,22:00,12.272727012634277,10.839285,6.5483365,14.930229
20001_0310_1,4,44784227,2024-05-09,23,23:00,,1.505868,0.0,4.948323
20001_0310_1,4,44784227,2024-05-10,0,00:00,,0.0734382,0.0,3.4004426
20001_0310_1,4,44784227,2024-05-10,1,01:00,,0.40613934,0.0,3.5430298
20001_0310_1,4,44784227,2024-05-10,2,02:00,,0.0,0.0,3.5430288
20001_0310_1,4,44784227,2024-05-10,3,03:00,,0.0,0.0,4.9213595
20001_0310_1,4,44784227,2024-05-10,4,04:00,,11.016908,5.2421775,17.379805
20001_0310_1,4,44784227,2024-05-10,5,05:00,25.959339141845703,29.39861,22.043552,37.05072
20001_0310_1,4,44784227,2024-05-10,6,06:00,44.855133056640625,38.286465,30.111538,46.841618
20001_0310_1,4,44784227,2024-05-10,7,07:00,41.30105285644531,30.11154,22.043552,38.761753
20001_0310_1,4,44784227,2024-05-10,8,08:00,36.07701110839844,28.661917,20.962278,36.789314
20001_0310_1,4,44784227,2024-05-10,9,09:00,27.280555725097656,21.972258,14.899405,29.61249
20001_0310_1,4,44784227,2024-05-10,10,10:00,8.483333587646484,13.381456,6.6205072,20.807806
20001_0310_1,4,44784227,2024-05-10,11,11:00,12.375,16.281448,9.795273,23.768692
20001_0310_1,4,44784227,2024-05-10,12,12:00,20.35638682047526,23.386236,16.95947,30.824467
20001_0310_1,4,44784227,2024-05-10,13,13:00,19.482906341552734,20.66522,14.254795,28.2698
20001_0310_1,4,44784227,2024-05-10,14,14:00,12.545454406738282,16.98101,10.480168,24.45359
20001_0310_1,4,44784227,2024-05-10,15,15:00,16.81818199157715,19.298773,12.799232,26.582533
20001_0310_1,4,44784227,2024-05-10,16,16:00,17.96363639831543,19.191833,12.68635,26.285482
20001_0310_1,4,44784227,2024-05-10,17,17:00,,26.974648,20.094877,33.747482
20001_0310_1,4,44784227,2024-05-10,18,18:00,9.4,24.027872,17.430302,30.776937
20001_0310_1,4,44784227,2024-05-10,19,19:00,12.161904907226562,17.938265,11.79816,24.155605
20001_0310_1,4,44784227,2024-05-10,20,20:00,7.0,11.860542,6.311572,17.765974
20001_0310_1,4,44784227,2024-05-10,21,21:00,17.88787841796875,10.505975,5.515467,15.61976
20001_0310_1,4,44784227,2024-05-10,22,22:00,1.0,10.933733,6.561098,15.496483
20001_0310_1,4,44784227,2024-05-10,23,23:00,,1.6418834,0.0,5.634289
20001_0310_1,4,44784227,2024-05-11,0,00:00,,0.0,0.0,2.894256
20001_0310_1,4,44784227,2024-05-11,1,01:00,,0.14658375,0.0,3.520917
20001_0310_1,4,44784227,2024-05-11,2,02:00,,0.0,0.0,3.520917
20001_0310_1,4,44784227,2024-05-11,3,03:00,,0.0,0.0,5.159879
20001_0310_1,4,44784227,2024-05-11,4,04:00,,10.450353,4.3524494,17.58767
20001_0310_1,4,44784227,2024-05-11,5,05:00,,26.996637,19.054903,35.38427
20001_0310_1,4,44784227,2024-05-11,6,06:00,,33.98633,25.213058,43.09703
20001_0310_1,4,44784227,2024-05-11,7,07:00,,22.47744,13.800585,31.768908
20001_0310_1,4,44784227,2024-05-11,8,08:00,,26.948431,18.970543,35.33606
20001_0310_1,4,44784227,2024-05-11,9,09:00,,21.826677,14.577885,29.635847
20001_0310_1,4,44784227,2024-05-11,10,10:00,,10.052664,3.0027156,17.482224
20001_0310_1,4,44784227,2024-05-11,11,11:00,,13.963274,7.196529,21.453089
20001_0310_1,4,44784227,2024-05-11,12,12:00,,21.031298,14.312759,28.490986
20001_0310_1,4,44784227,2024-05-11,13,13:00,,19.62131,12.83649,27.412403
20001_0310_1,4,44784227,2024-05-11,14,14:00,,15.270829,8.281137,22.814875
20001_0310_1,4,44784227,2024-05-11,15,15:00,,15.609768,8.532706,23.090546
20001_0310_1,4,44784227,2024-05-11,16,16:00,,13.499305,6.383075,20.67579
20001_0310_1,4,44784227,2024-05-11,17,17:00,,19.802076,12.45085,26.71946
20001_0310_1,4,44784227,2024-05-11,18,18:00,,20.103355,13.137767,26.864073
20001_0310_1,4,44784227,2024-05-11,19,19:00,,15.549513,9.194769,21.77621
20001_0310_1,4,44784227,2024-05-11,20,20:00,0.0,9.787537,4.243988,15.67605
20001_0310_1,4,44784227,2024-05-11,21,21:00,,10.329841,5.605773,15.54198
20001_0310_1,4,44784227,2024-05-11,22,22:00,,9.064465,4.894752,13.686096
20001_0310_1,4,44784227,2024-05-11,23,23:00,,0.5322211,0.0,4.7260356
20001_0310_1,4,44784227,2024-05-12,0,00:00,,0.0,0.0,3.7755964
20001_0310_1,4,44784227,2024-05-12,1,01:00,,0.0,0.0,3.9676037
20001_0310_1,4,44784227,2024-05-12,2,02:00,,0.0,0.0,3.8475995
20001_0310_1,4,44784227,2024-05-12,3,03:00,,0.0074420273,0.0,5.6716733
20001_0310_1,4,44784227,2024-05-12,4,04:00,,10.747882,4.3516197,17.636164
20001_0310_1,4,44784227,2024-05-12,5,05:00,,28.232597,20.444279,36.128918
20001_0310_1,4,44784227,2024-05-12,6,06:00,,35.24088,26.552525,43.73723
20001_0310_1,4,44784227,2024-05-12,7,07:00,,23.132387,14.349527,31.55673
20001_0310_1,4,44784227,2024-05-12,8,08:00,,27.344559,18.998217,35.336887
20001_0310_1,4,44784227,2024-05-12,9,09:00,,21.896338,14.042016,29.528648
20001_0310_1,4,44784227,2024-05-12,10,10:00,,9.295822,1.5915077,16.85613
20001_0310_1,4,44784227,2024-05-12,11,11:00,,14.084018,6.5057087,21.542322
20001_0310_1,4,44784227,2024-05-12,12,12:00,,21.908337,14.453033,29.492647
20001_0310_1,4,44784227,2024-05-12,13,13:00,,19.094223,11.485912,26.738539
20001_0310_1,4,44784227,2024-05-12,14,14:00,,14.414031,6.8477216,22.016342
20001_0310_1,4,44784227,2024-05-12,15,15:00,,15.752461,8.240505,23.217117
20001_0310_1,4,44784227,2024-05-12,16,16:00,,13.093977,5.5096674,20.354275
20001_0310_1,4,44784227,2024-05-12,17,17:00,,17.864172,10.165857,24.83046
20001_0310_1,4,44784227,2024-05-12,18,18:00,,20.20427,12.847969,27.164557
20001_0310_1,4,44784227,2024-05-12,19,19:00,,15.32607,8.682298,21.834835
20001_0310_1,4,44784227,2024-05-12,20,20:00,,9.763841,3.6435902,15.930594
20001_0310_1,4,44784227,2024-05-12,21,21:00,,9.727839,4.2076135,15.206063
20001_0310_1,4,44784227,2024-05-12,22,22:00,,10.195859,5.2756577,15.416074
20001_0310_1,4,44784227,2024-05-12,23,23:00,,0.9194801,0.0,5.7436776
20001_0310_1,4,44784227,2024-05-13,0,00:00,,0.0,0.0,4.0754776
20001_0310_1,4,44784227,2024-05-13,1,01:00,,0.14506228,0.0,3.931683
20001_0310_1,4,44784227,2024-05-13,2,02:00,,0.0,0.0,4.099444
20001_0310_1,4,44784227,2024-05-13,3,03:00,,0.0,0.0,4.89032
20001_0310_1,4,44784227,2024-05-13,4,04:00,,11.361126,5.4175706,17.772017
20001_0310_1,4,44784227,2024-05-13,5,05:00,21.69598960876465,29.19179,22.13382,36.381577
20001_0310_1,4,44784227,2024-05-13,6,06:00,40.551055908203125,38.87403,31.156996,46.686928
20001_0310_1,4,44784227,2024-05-13,7,07:00,41.07740783691406,31.540451,23.823418,39.30542
20001_0310_1,4,44784227,2024-05-13,8,08:00,28.765100479125977,27.873663,20.456202,35.39897
20001_0310_1,4,44784227,2024-05-13,9,09:00,23.684524536132812,21.918123,14.997959,29.131874
20001_0310_1,4,44784227,2024-05-13,10,10:00,19.18323516845703,12.475542,5.7291293,19.677309
20001_0310_1,4,44784227,2024-05-13,11,11:00,12.414815266927084,15.640544,9.016955,22.86927
20001_0310_1,4,44784227,2024-05-13,12,12:00,27.50769297281901,23.032541,16.259167,30.509914
20001_0310_1,4,44784227,2024-05-13,13,13:00,29.17572530110677,19.629375,12.829038,27.250546
20001_0310_1,4,44784227,2024-05-13,14,14:00,7.346428871154785,13.973413,7.077212,21.564627
20001_0310_1,4,44784227,2024-05-13,15,15:00,25.375,17.286703,10.459407,24.551384
20001_0310_1,4,44784227,2024-05-13,16,16:00,14.541918754577637,19.060186,12.337739,25.998325
20001_0310_1,4,44784227,2024-05-13,17,17:00,27.03125,25.40517,18.538927,31.875975
20001_0310_1,4,44784227,2024-05-13,18,18:00,14.91136360168457,22.613136,16.058449,29.2517
20001_0310_1,4,44784227,2024-05-13,19,19:00,17.933333079020183,16.835846,10.684089,23.134398
20001_0310_1,4,44784227,2024-05-13,20,20:00,12.13131332397461,10.953705,4.998167,16.954178
20001_0310_1,4,44784227,2024-05-13,21,21:00,11.3125,10.270676,4.9382524,15.55367
20001_0310_1,4,44784227,2024-05-13,22,22:00,15.0,9.971101,5.1060133,14.86914
20001_0310_1,4,44784227,2024-05-13,23,23:00,,1.4392245,0.0,5.753094
20001_0310_1,4,44784227,2024-05-14,0,00:00,,0.0,0.0,3.8353186
20001_0310_1,4,44784227,2024-05-14,1,01:00,,0.33071616,0.0,4.051357
20001_0310_1,4,44784227,2024-05-14,2,02:00,,0.0,0.0,4.3874145
20001_0310_1,4,44784227,2024-05-14,3,03:00,,0.33071616,0.0,5.63563
20001_0310_1,4,44784227,2024-05-14,4,04:00,,11.264598,5.1555467,17.964752
20001_0310_1,4,44784227,2024-05-14,5,05:00,30.51507568359375,29.183683,21.7184,36.913013
20001_0310_1,4,44784227,2024-05-14,6,06:00,28.892611694335937,39.265423,31.152023,47.76289
20001_0310_1,4,44784227,2024-05-14,7,07:00,32.803324381510414,32.11219,23.99879,40.3216
20001_0310_1,4,44784227,2024-05-14,8,08:00,24.31513671875,28.775612,21.202307,36.69698
20001_0310_1,4,44784227,2024-05-14,9,09:00,23.615385055541992,23.110638,16.26946,30.551918
20001_0310_1,4,44784227,2024-05-14,10,10:00,15.061111450195312,14.310123,7.684984,21.439352
20001_0310_1,4,44784227,2024-05-14,11,11:00,15.944805145263672,15.899647,9.730584,22.932858
20001_0310_1,4,44784227,2024-05-14,12,12:00,21.30555470784505,23.302671,17.037594,30.503914
20001_0310_1,4,44784227,2024-05-14,13,13:00,26.215382893880207,20.5662,14.376134,27.851454
20001_0310_1,4,44784227,2024-05-14,14,14:00,10.0,15.174271,8.870187,22.288496
20001_0310_1,4,44784227,2024-05-14,15,15:00,10.155555725097656,18.07577,11.840697,24.910948
20001_0310_1,4,44784227,2024-05-14,16,16:00,13.605555534362793,20.062113,13.88705,26.663246
20001_0310_1,4,44784227,2024-05-14,17,17:00,41.93645731608073,27.503393,21.118292,34.008514
20001_0310_1,4,44784227,2024-05-14,18,18:00,29.49523010253906,22.246489,15.975407,28.76361
20001_0310_1,4,44784227,2024-05-14,19,19:00,12.621212005615234,17.063097,11.173084,23.199156
20001_0310_1,4,44784227,2024-05-14,20,20:00,10.199999809265137,11.456632,5.899676,17.280634
20001_0310_1,4,44784227,2024-05-14,21,21:00,6.0,10.196414,5.2155566,15.273288
20001_0310_1,4,44784227,2024-05-14,22,22:00,9.0,10.496466,5.875671,15.012242
20001_0310_1,4,44784227,2024-05-14,23,23:00,,1.098848,0.0,4.987518
20001_0310_1,4,44784227,2024-05-15,0,00:00,,0.0,0.0,3.0281653
20001_0310_1,4,44784227,2024-05-15,1,01:00,,0.0,0.0,2.883951
20001_0310_1,4,44784227,2024-05-15,2,02:00,,0.0,0.0,3.3887029
20001_0310_1,4,44784227,2024-05-15,3,03:00,,0.48036823,0.0,5.4317474
20001_0310_1,4,44784227,2024-05-15,4,04:00,,11.11622,5.179372,17.461678
20001_0310_1,4,44784227,2024-05-15,5,05:00,26.93159294128418,26.799597,19.336475,34.346848
20001_0310_1,4,44784227,2024-05-15,6,06:00,36.55560302734375,38.264683,30.092506,46.484932
20001_0310_1,4,44784227,2024-05-15,7,07:00,28.587610880533855,30.909721,22.90579,39.12997
20001_0310_1,4,44784227,2024-05-15,8,08:00,31.947314453125,27.448565,19.87728,35.115993
20001_0310_1,4,44784227,2024-05-15,9,09:00,15.555554707845053,22.425076,15.376569,29.707928
20001_0310_1,4,44784227,2024-05-15,10,10:00,18.5,13.537829,6.741702,20.622389
20001_0310_1,4,44784227,2024-05-15,11,11:00,15.382585525512695,15.106167,8.601472,22.386019
20001_0310_1,4,44784227,2024-05-15,12,12:00,36.96296183268229,22.29288,15.592893,29.671875
20001_0310_1,4,44784227,2024-05-15,13,13:00,16.329100290934246,20.814674,14.120697,28.446049
20001_0310_1,4,44784227,2024-05-15,14,14:00,14.583333969116211,14.709576,7.7542105,22.043509
20001_0310_1,4,44784227,2024-05-15,15,15:00,18.269229888916016,17.46318,10.74817,24.712984
20001_0310_1,4,44784227,2024-05-15,16,16:00,18.007692337036133,19.036024,12.149759,25.958342
20001_0310_1,4,44784227,2024-05-15,17,17:00,35.77916717529297,27.881207,20.74257,34.707386
20001_0310_1,4,44784227,2024-05-15,18,18:00,27.114025115966797,21.860233,14.9198885,28.698423
20001_0310_1,4,44784227,2024-05-15,19,19:00,19.817352294921875,16.173132,9.779602,22.578678
20001_0310_1,4,44784227,2024-05-15,20,20:00,15.666666666666666,11.200345,5.3956943,17.137194
20001_0310_1,4,44784227,2024-05-15,21,21:00,11.384614944458008,10.37111,5.359641,15.54332
20001_0310_1,4,44784227,2024-05-15,22,22:00,6.333333492279053,9.758196,5.431748,14.258904
20001_0310_1,4,44784227,2024-05-15,23,23:00,,0.96108466,0.0,4.686638
20001_0310_1,4,44784227,2024-05-16,0,00:00,,0.07599673,0.0,3.5591195
20001_0310_1,4,44784227,2024-05-16,1,01:00,,0.3082048,0.0,3.5591187
20001_0310_1,4,44784227,2024-05-16,2,02:00,,0.0,0.0,3.4197948
20001_0310_1,4,44784227,2024-05-16,3,03:00,,0.4475302,0.0,5.0916944
20001_0310_1,4,44784227,2024-05-16,4,04:00,,11.372924,5.7999277,17.195543
20001_0310_1,4,44784227,2024-05-16,5,05:00,27.487796783447266,27.685547,20.649641,34.535686
20001_0310_1,4,44784227,2024-05-16,6,06:00,36.77880096435547,39.08697,31.331215,46.656956
20001_0310_1,4,44784227,2024-05-16,7,07:00,37.968597412109375,31.47054,23.598682,38.947643
20001_0310_1,4,44784227,2024-05-16,8,08:00,20.44782829284668,28.637602,21.12567,35.8825
20001_0310_1,4,44784227,2024-05-16,9,09:00,20.470237731933594,22.228655,15.096963,29.287785
20001_0310_1,4,44784227,2024-05-16,10,10:00,18.76281992594401,14.083954,6.978384,21.3869
20001_0310_1,4,44784227,2024-05-16,11,11:00,9.012499809265137,16.951725,9.805519,24.63201
20001_0310_1,4,44784227,2024-05-16,12,12:00,21.11111068725586,24.85261,17.43356,32.887012
20001_0310_1,4,44784227,2024-05-16,13,13:00,15.23278522491455,22.437643,14.917001,30.553318
20001_0310_1,4,44784227,2024-05-16,14,14:00,11.055554707845053,15.758031,8.22578,23.667622
20001_0310_1,4,44784227,2024-05-16,15,15:00,10.133333206176758,18.873247,11.518054,26.565144
20001_0310_1,4,44784227,2024-05-16,16,16:00,30.9875545501709,19.4886,12.197263,26.826378
20001_0310_1,4,44784227,2024-05-16,17,17:00,30.33333396911621,29.380667,21.857122,36.393356
20001_0310_1,4,44784227,2024-05-16,18,18:00,18.861778259277344,24.806166,17.567078,31.679531
20001_0310_1,4,44784227,2024-05-16,19,19:00,17.91666603088379,17.52644,10.891093,24.092129
20001_0310_1,4,44784227,2024-05-16,20,20:00,6.666666666666667,12.185652,6.2643437,18.072128
20001_0310_1,4,44784227,2024-05-16,21,21:00,21.82105255126953,11.303261,6.194682,16.382816
20001_0310_1,4,44784227,2024-05-16,22,22:00,11.666666984558105,9.782297,5.4864473,14.281332
20001_0310_1,4,44784227,2024-05-16,23,23:00,,1.1905959,0.0,4.8594847
20001_0310_1,4,44784227,2024-05-17,0,00:00,,0.7123676,0.0,4.54519
20001_0310_1,4,44784227,2024-05-17,1,01:00,,0.5738321,0.0,4.22194
20001_0310_1,4,44784227,2024-05-17,2,02:00,,0.0,0.0,3.8294215
20001_0310_1,4,44784227,2024-05-17,3,03:00,,0.5276531,0.0,5.699654
20001_0310_1,4,44784227,2024-05-17,4,04:00,,10.756209,4.5798244,17.34243
20001_0310_1,4,44784227,2024-05-17,5,05:00,23.496395111083984,26.595463,18.825916,34.14566
20001_0310_1,4,44784227,2024-05-17,6,06:00,36.08308410644531,39.17913,30.497559,47.76835
20001_0310_1,4,44784227,2024-05-17,7,07:00,31.3301264444987,30.405197,21.631264,38.902058
20001_0310_1,4,44784227,2024-05-17,8,08:00,19.89003562927246,28.788944,20.30363,37.054913
20001_0310_1,4,44784227,2024-05-17,9,09:00,13.618736267089844,22.09305,14.069523,30.105036
20001_0310_1,4,44784227,2024-05-17,10,10:00,17.333333333333332,12.713026,4.735677,20.7481
20001_0310_1,4,44784227,2024-05-17,11,11:00,26.68177490234375,15.045046,7.077796,23.425014
20001_0310_1,4,44784227,2024-05-17,12,12:00,8.666666030883789,22.462479,14.53708,31.051695
20001_0310_1,4,44784227,2024-05-17,13,13:00,14.022727966308594,20.52298,12.580263,29.32
20001_0310_1,4,44784227,2024-05-17,14,14:00,10.5,15.172036,7.246638,23.84784
20001_0310_1,4,44784227,2024-05-17,15,15:00,19.353480021158855,17.651249,9.76337,26.099041
20001_0310_1,4,44784227,2024-05-17,16,16:00,24.76666768391927,17.743607,9.910563,25.842176
20001_0310_1,4,44784227,2024-05-17,17,17:00,31.359375,25.741161,17.625275,33.522255
20001_0310_1,4,44784227,2024-05-17,18,18:00,30.160715103149414,23.13207,15.382729,30.797716
20001_0310_1,4,44784227,2024-05-17,19,19:00,8.166666984558105,16.531418,9.434347,23.772799
20001_0310_1,4,44784227,2024-05-17,20,20:00,8.237500190734863,10.998647,4.649092,17.729176
20001_0310_1,4,44784227,2024-05-17,21,21:00,7.8333330154418945,11.956852,6.334609,17.79267
20001_0310_1,4,44784227,2024-05-17,22,22:00,8.0,9.001423,4.2450294,14.208059
20001_0310_1,4,44784227,2024-05-17,23,23:00,,1.6359392,0.0,6.138351
20001_0310_1,4,44784227,2024-05-18,0,00:00,,0.0,0.0,3.392335
20001_0310_1,4,44784227,2024-05-18,1,01:00,,0.13626474,0.0,3.5757775
20001_0310_1,4,44784227,2024-05-18,2,02:00,,0.0,0.0,3.713357
20001_0310_1,4,44784227,2024-05-18,3,03:00,,0.41142496,0.0,5.9375734
20001_0310_1,4,44784227,2024-05-18,4,04:00,,11.177097,5.043301,18.331284
20001_0310_1,4,44784227,2024-05-18,5,05:00,,25.77209,17.861214,34.30208
20001_0310_1,4,44784227,2024-05-18,6,06:00,,33.29316,24.41922,42.60277
20001_0310_1,4,44784227,2024-05-18,7,07:00,,22.997553,14.235395,32.513535
20001_0310_1,4,44784227,2024-05-18,8,08:00,,26.001394,17.752296,34.73775
20001_0310_1,4,44784227,2024-05-18,9,09:00,,20.807732,13.114688,29.17721
20001_0310_1,4,44784227,2024-05-18,10,10:00,,12.220415,4.6362925,20.366327
20001_0310_1,4,44784227,2024-05-18,11,11:00,,15.833336,8.350964,24.21858
20001_0310_1,4,44784227,2024-05-18,12,12:00,,21.484169,14.169473,29.830719
20001_0310_1,4,44784227,2024-05-18,13,13:00,,19.065046,11.819139,27.583567
20001_0310_1,4,44784227,2024-05-18,14,14:00,,14.47043,7.2961826,22.796917
20001_0310_1,4,44784227,2024-05-18,15,15:00,,15.458572,8.20192,23.794374
20001_0310_1,4,44784227,2024-05-18,16,16:00,11.0,14.703672,7.168993,23.036608
20001_0310_1,4,44784227,2024-05-18,17,17:00,,21.449772,13.475836,29.81925
20001_0310_1,4,44784227,2024-05-18,18,18:00,,20.979706,13.258,29.33772
20001_0310_1,4,44784227,2024-05-18,19,19:00,,14.994955,8.017045,22.669365
20001_0310_1,4,44784227,2024-05-18,20,20:00,,8.872623,2.796153,15.933655
20001_0310_1,4,44784227,2024-05-18,21,21:00,,10.408939,5.238207,16.44815
20001_0310_1,4,44784227,2024-05-18,22,22:00,,9.056065,4.72228,14.410239
20001_0310_1,4,44784227,2024-05-18,23,23:00,,1.1451879,0.0,5.845854
20001_0310_1,4,44784227,2024-05-19,0,00:00,,0.0,0.0,2.950273
20001_0310_1,4,44784227,2024-05-19,1,01:00,,0.13167343,0.0,3.4048853
20001_0310_1,4,44784227,2024-05-19,2,02:00,,0.0,0.0,3.0411959
20001_0310_1,4,44784227,2024-05-19,3,03:00,,0.17713545,0.0,4.927839
20001_0310_1,4,44784227,2024-05-19,4,04:00,,11.644741,6.0416393,17.742235
20001_0310_1,4,44784227,2024-05-19,5,05:00,,27.340248,20.396038,34.5004
20001_0310_1,4,44784227,2024-05-19,6,06:00,,34.5004,26.544674,42.456123
20001_0310_1,4,44784227,2024-05-19,7,07:00,,25.703642,17.753601,33.79575
20001_0310_1,4,44784227,2024-05-19,8,08:00,,25.953676,18.168434,33.977596
20001_0310_1,4,44784227,2024-05-19,9,09:00,,20.930208,13.332491,28.93139
20001_0310_1,4,44784227,2024-05-19,10,10:00,,11.712934,3.92769,19.941423
20001_0310_1,4,44784227,2024-05-19,11,11:00,,14.981884,7.0005903,23.639418
20001_0310_1,4,44784227,2024-05-19,12,12:00,,22.294046,14.0769205,31.363573
20001_0310_1,4,44784227,2024-05-19,13,13:00,,19.850502,11.451531,29.056408
20001_0310_1,4,44784227,2024-05-19,14,14:00,,13.6620865,5.189242,22.737295
20001_0310_1,4,44784227,2024-05-19,15,15:00,,16.406809,8.070349,25.25471
20001_0310_1,4,44784227,2024-05-19,16,16:00,,15.727733,7.3799057,24.336964
20001_0310_1,4,44784227,2024-05-19,17,17:00,,21.45301,13.022786,29.681503
20001_0310_1,4,44784227,2024-05-19,18,18:00,,21.5553,13.434781,29.658772
20001_0310_1,4,44784227,2024-05-19,19,19:00,,15.480893,8.154169,22.838161
20001_0310_1,4,44784227,2024-05-19,20,20:00,,10.076327,3.5867305,16.707993
20001_0310_1,4,44784227,2024-05-19,21,21:00,,11.1560335,5.6438537,16.707993
20001_0310_1,4,44784227,2024-05-19,22,22:00,,9.462601,4.8482814,14.272972
20001_0310_1,4,44784227,2024-05-19,23,23:00,,1.1318218,0.0,5.109683
20001_0310_1,4,44784227,2024-05-20,0,00:00,,0.0,0.0,3.6914048
20001_0310_1,4,44784227,2024-05-20,1,01:00,,0.46454853,0.0,3.986821
20001_0310_1,4,44784227,2024-05-20,2,02:00,,0.0,0.0,3.6005077
20001_0310_1,4,44784227,2024-05-20,3,03:00,,0.0,0.0,5.0321407
20001_0310_1,4,44784227,2024-05-20,4,04:00,,11.451765,5.5434384,17.888433
20001_0310_1,4,44784227,2024-05-20,5,05:00,22.69782829284668,27.256542,19.962032,34.687405
20001_0310_1,4,44784227,2024-05-20,6,06:00,37.855838012695315,37.05073,28.869972,45.095146
20001_0310_1,4,44784227,2024-05-20,7,07:00,28.798442840576172,30.051636,21.848148,37.959705
20001_0310_1,4,44784227,2024-05-20,8,08:00,29.20617421468099,26.370293,18.33156,34.142014
20001_0310_1,4,44784227,2024-05-20,9,09:00,15.8260866800944,21.22323,13.491274,28.858608
20001_0310_1,4,44784227,2024-05-20,10,10:00,23.583333333333332,13.298118,5.4042506,21.129492
20001_0310_1,4,44784227,2024-05-20,11,11:00,16.295978546142578,15.993793,7.9536376,24.178814
20001_0310_1,4,44784227,2024-05-20,12,12:00,21.721776326497395,24.46145,16.1273,33.073975
20001_0310_1,4,44784227,2024-05-20,13,13:00,16.166666666666668,21.132332,12.849313,29.813028
20001_0310_1,4,44784227,2024-05-20,14,14:00,16.31944529215495,14.190047,5.895665,22.666225
20001_0310_1,4,44784227,2024-05-20,15,15:00,10.454545974731445,17.462353,9.400894,25.51245
20001_0310_1,4,44784227,2024-05-20,16,16:00,16.545454661051433,18.769003,10.79276,26.518
20001_0310_1,4,44784227,2024-05-20,17,17:00,35.072914123535156,24.825039,16.76926,32.21045
20001_0310_1,4,44784227,2024-05-20,18,18:00,18.25,23.302507,15.422844,30.64247
20001_0310_1,4,44784227,2024-05-20,19,19:00,9.733333587646484,16.76926,9.432139,23.566679
20001_0310_1,4,44784227,2024-05-20,20,20:00,12.0,11.406317,4.714,17.791857
20001_0310_1,4,44784227,2024-05-20,21,21:00,5.533333460489909,11.258609,5.520714,16.695408
20001_0310_1,4,44784227,2024-05-20,22,22:00,,9.190694,4.304961,14.022455
20001_0310_1,4,44784227,2024-05-20,23,23:00,,1.5098687,0.0,5.554801
20001_0310_1,4,44784227,2024-05-21,0,00:00,,0.1467659,0.0,4.0890975
20001_0310_1,4,44784227,2024-05-21,1,01:00,,0.59990776,0.0,4.202384
20001_0310_1,4,44784227,2024-05-21,2,02:00,,0.0,0.0,3.9304981
20001_0310_1,4,44784227,2024-05-21,3,03:00,,0.41865158,0.0,5.652437
20001_0310_1,4,44784227,2024-05-21,4,04:00,7.0,10.704965,4.451611,17.473766
20001_0310_1,4,44784227,2024-05-21,5,05:00,31.892478942871094,25.726606,17.734322,33.76987
20001_0310_1,4,44784227,2024-05-21,6,06:00,38.14285786946615,36.398098,27.380575,45.098415
20001_0310_1,4,44784227,2024-05-21,7,07:00,36.275882720947266,29.60097,20.583452,38.255974
20001_0310_1,4,44784227,2024-05-21,8,08:00,32.51172637939453,25.930523,17.434118,34.13239
20001_0310_1,4,44784227,2024-05-21,9,09:00,23.43072001139323,20.628765,12.727108,28.4228
20001_0310_1,4,44784227,2024-05-21,10,10:00,16.615384419759113,14.678451,6.833614,22.331057
20001_0310_1,4,44784227,2024-05-21,11,11:00,20.55555534362793,15.547915,7.9531918,23.42798
20001_0310_1,4,44784227,2024-05-21,12,12:00,23.076192220052082,22.667902,14.9899845,30.59788
20001_0310_1,4,44784227,2024-05-21,13,13:00,16.250349680582683,20.107653,12.670466,28.1056
20001_0310_1,4,44784227,2024-05-21,14,14:00,15.878787994384766,13.616399,6.337813,21.280157
20001_0310_1,4,44784227,2024-05-21,15,15:00,15.0,15.911844,8.781237,23.304426
20001_0310_1,4,44784227,2024-05-21,16,16:00,17.2,19.359968,12.075717,26.598906
20001_0310_1,4,44784227,2024-05-21,17,17:00,22.75,27.154003,19.518568,34.40427
20001_0310_1,4,44784227,2024-05-21,18,18:00,5.7,22.37336,14.871036,29.714254
20001_0310_1,4,44784227,2024-05-21,19,19:00,7.777777671813965,15.696603,8.727427,22.502932
20001_0310_1,4,44784227,2024-05-21,20,20:00,8.64102554321289,10.772937,4.54224,17.082933
20001_0310_1,4,44784227,2024-05-21,21,21:00,9.4375,10.43308,4.972724,15.811303
20001_0310_1,4,44784227,2024-05-21,22,22:00,,8.348629,3.6586137,13.117943
20001_0310_1,4,44784227,2024-05-21,23,23:00,,1.1889918,0.0,5.2899237
20001_0310_1,4,44784227,2024-05-22,0,00:00,,0.0,0.0,2.9263716
20001_0310_1,4,44784227,2024-05-22,1,01:00,,0.0,0.0,2.608881
20001_0310_1,4,44784227,2024-05-22,2,02:00,,0.0,0.0,2.8810155
20001_0310_1,4,44784227,2024-05-22,3,03:00,,0.34109238,0.0,5.1941595
20001_0310_1,4,44784227,2024-05-22,4,04:00,,9.287518,3.447963,15.845678
20001_0310_1,4,44784227,2024-05-22,5,05:00,33.17877705891927,26.942251,19.311144,34.811474
20001_0310_1,4,44784227,2024-05-22,6,06:00,28.277828216552734,37.3514,28.507023,46.0597
20001_0310_1,4,44784227,2024-05-22,7,07:00,42.19805908203125,28.915224,20.150225,37.71424
20001_0310_1,4,44784227,2024-05-22,8,08:00,31.61359405517578,26.443338,18.165915,34.630054
20001_0310_1,4,44784227,2024-05-22,9,09:00,93.2957763671875,20.6378,12.927319,28.382296
20001_0310_1,4,44784227,2024-05-22,10,10:00,13.230303446451822,14.435398,6.71712,22.047369
20001_0310_1,4,44784227,2024-05-22,11,11:00,17.443637084960937,15.892451,8.32796,23.816956
20001_0310_1,4,44784227,2024-05-22,12,12:00,17.68181800842285,21.998472,14.251142,30.207867
20001_0310_1,4,44784227,2024-05-22,13,13:00,24.710737228393555,19.004992,11.441917,27.37313
20001_0310_1,4,44784227,2024-05-22,14,14:00,10.625,13.5623,6.0190687,21.66681
20001_0310_1,4,44784227,2024-05-22,15,15:00,13.836700439453125,15.431807,8.142284,23.223078
20001_0310_1,4,44784227,2024-05-22,16,16:00,17.443370819091797,18.37001,10.9883585,25.978443
20001_0310_1,4,44784227,2024-05-22,17,17:00,63.0,25.604256,17.96748,33.17867
20001_0310_1,4,44784227,2024-05-22,18,18:00,15.748251914978027,20.388342,12.932987,28.042128
20001_0310_1,4,44784227,2024-05-22,19,19:00,11.14285659790039,14.115071,7.2720194,21.230257
20001_0310_1,4,44784227,2024-05-22,20,20:00,7.472222328186035,9.888482,3.9015203,16.49625
20001_0310_1,4,44784227,2024-05-22,21,21:00,9.777777671813965,10.217311,5.2962093,15.909461
20001_0310_1,4,44784227,2024-05-22,22,22:00,4.857142925262451,8.18764,4.0602655,12.995352
20001_0310_1,4,44784227,2024-05-22,23,23:00,,1.1121409,0.0,5.0354147
20001_0310_1,4,44784227,2024-05-23,0,00:00,,0.0,0.0,4.149954
20001_0310_1,4,44784227,2024-05-23,1,01:00,,1.0176954,0.0,5.1777263
20001_0310_1,4,44784227,2024-05-23,2,02:00,,0.0,0.0,4.3946614
20001_0310_1,4,44784227,2024-05-23,3,03:00,,0.47933853,0.0,6.1810274
20001_0310_1,4,44784227,2024-05-23,4,04:00,,9.203167,3.3057122,16.449574
20001_0310_1,4,44784227,2024-05-23,5,05:00,23.20653533935547,25.904467,18.306292,34.591587
20001_0310_1,4,44784227,2024-05-23,6,06:00,39.722311401367186,36.793957,28.131306,46.386497
20001_0310_1,4,44784227,2024-05-23,7,07:00,28.543670654296875,28.180248,19.211714,37.968555
20001_0310_1,4,44784227,2024-05-23,8,08:00,30.822072982788086,27.030123,18.190058,36.50031
20001_0310_1,4,44784227,2024-05-23,9,09:00,26.385000228881836,21.940203,13.604847,31.312506
20001_0310_1,4,44784227,2024-05-23,10,10:00,17.333333333333332,14.941563,6.48844,24.449982
20001_0310_1,4,44784227,2024-05-23,11,11:00,10.821428298950195,17.003225,8.738222,26.834356
20001_0310_1,4,44784227,2024-05-23,12,12:00,18.833333333333332,21.487494,13.216373,31.520508
20001_0310_1,4,44784227,2024-05-23,13,13:00,14.933333079020182,18.312412,10.206469,28.42496
20001_0310_1,4,44784227,2024-05-23,14,14:00,15.333333333333334,13.864849,5.780319,23.668451
20001_0310_1,4,44784227,2024-05-23,15,15:00,9.666666666666666,16.166632,8.346693,25.623055
20001_0310_1,4,44784227,2024-05-23,16,16:00,21.8677241007487,18.391941,10.530706,27.64801
20001_0310_1,4,44784227,2024-05-23,17,17:00,24.7529239654541,25.512936,17.39476,34.444767
20001_0310_1,4,44784227,2024-05-23,18,18:00,20.839999389648437,21.267258,13.265314,30.088968
20001_0310_1,4,44784227,2024-05-23,19,19:00,17.177777608235676,14.259439,6.9610343,22.487738
20001_0310_1,4,44784227,2024-05-23,20,20:00,15.333333333333334,9.912821,3.4525375,17.455936
20001_0310_1,4,44784227,2024-05-23,21,21:00,8.0,11.075182,5.605965,17.388641
20001_0310_1,4,44784227,2024-05-23,22,22:00,2.0,8.823872,4.1988955,14.34203
20001_0310_1,4,44784227,2024-05-23,23,23:00,,1.9475845,0.0,6.548089
20001_0310_1,4,44784227,2024-05-24,0,00:00,,0.37297702,0.0,3.7812614
20001_0310_1,4,44784227,2024-05-24,1,01:00,,1.0595375,0.0,4.1490607
20001_0310_1,4,44784227,2024-05-24,2,02:00,,0.12777671,0.0,4.0509815
20001_0310_1,4,44784227,2024-05-24,3,03:00,,0.37297702,0.0,5.6202636
20001_0310_1,4,44784227,2024-05-24,4,04:00,,9.151148,3.0211406,16.170006
20001_0310_1,4,44784227,2024-05-24,5,05:00,23.557113647460938,25.579567,17.383747,34.13706
20001_0310_1,4,44784227,2024-05-24,6,06:00,36.77777608235677,35.97606,26.535852,45.587914
20001_0310_1,4,44784227,2024-05-24,7,07:00,40.219844818115234,27.810892,18.2113,37.54534
20001_0310_1,4,44784227,2024-05-24,8,08:00,29.8270206451416,26.43777,17.193718,35.58374
20001_0310_1,4,44784227,2024-05-24,9,09:00,23.095237731933594,22.710724,14.171622,31.439857
20001_0310_1,4,44784227,2024-05-24,10,10:00,13.651851654052734,14.006113,5.6478496,22.591192
20001_0310_1,4,44784227,2024-05-24,11,11:00,21.03778584798177,16.226707,8.276088,24.99875
20001_0310_1,4,44784227,2024-05-24,12,12:00,20.360118865966797,19.3147,11.443769,28.264511
20001_0310_1,4,44784227,2024-05-24,13,13:00,18.0,17.457308,9.856096,26.517454
20001_0310_1,4,44784227,2024-05-24,14,14:00,18.0,14.134843,6.4937882,22.799608
20001_0310_1,4,44784227,2024-05-24,15,15:00,9.0,15.630565,8.1803055,24.044765
20001_0310_1,4,44784227,2024-05-24,16,16:00,15.910000610351563,17.684118,9.978698,25.91672
20001_0310_1,4,44784227,2024-05-24,17,17:00,25.901315689086914,24.57425,16.485704,32.616817
20001_0310_1,4,44784227,2024-05-24,18,18:00,23.4375,21.288563,13.503451,29.26983
20001_0310_1,4,44784227,2024-05-24,19,19:00,20.28110694885254,14.761636,7.7021656,22.046383
20001_0310_1,4,44784227,2024-05-24,20,20:00,11.2,9.935788,3.9896815,16.464247
20001_0310_1,4,44784227,2024-05-24,21,21:00,12.285714149475098,10.536529,5.595743,15.693398
20001_0310_1,4,44784227,2024-05-24,22,22:00,7.0,8.072266,4.0264606,12.47361
20001_0310_1,4,44784227,2024-05-24,23,23:00,,1.1576176,0.0,4.7620616
20001_0310_1,4,44784227,2024-05-25,0,00:00,,0.0,0.0,3.546523
20001_0310_1,4,44784227,2024-05-25,1,01:00,,0.20598125,0.0,3.4733717
20001_0310_1,4,44784227,2024-05-25,2,02:00,,0.0,0.0,3.692824
20001_0310_1,4,44784227,2024-05-25,3,03:00,,0.0,0.0,5.131451
20001_0310_1,4,44784227,2024-05-25,4,04:00,,10.020347,4.0707684,17.167767
20001_0310_1,4,44784227,2024-05-25,5,05:00,,27.125385,19.273891,35.903454
20001_0310_1,4,44784227,2024-05-25,6,06:00,,34.489204,25.345387,44.535213
20001_0310_1,4,44784227,2024-05-25,7,07:00,,24.735798,15.367955,34.903725
20001_0310_1,4,44784227,2024-05-25,8,08:00,,29.076061,20.237038,38.780704
20001_0310_1,4,44784227,2024-05-25,9,09:00,,22.785118,14.715697,31.904552
20001_0310_1,4,44784227,2024-05-25,10,10:00,,12.8793125,5.143643,21.6269
20001_0310_1,4,44784227,2024-05-25,11,11:00,,16.820301,9.493053,25.647133
20001_0310_1,4,44784227,2024-05-25,12,12:00,,21.139229,13.970476,29.905106
20001_0310_1,4,44784227,2024-05-25,13,13:00,,18.932522,11.964932,27.552097
20001_0310_1,4,44784227,2024-05-25,14,14:00,,15.319191,8.449134,23.54253
20001_0310_1,4,44784227,2024-05-25,15,15:00,,15.751996,9.125013,23.718548
20001_0310_1,4,44784227,2024-05-25,16,16:00,,16.143658,9.296461,23.792461
20001_0310_1,4,44784227,2024-05-25,17,17:00,,22.151146,14.980869,29.563736
20001_0310_1,4,44784227,2024-05-25,18,18:00,,20.298,13.299931,27.71059
20001_0310_1,4,44784227,2024-05-25,19,19:00,,15.401483,9.172257,22.351547
20001_0310_1,4,44784227,2024-05-25,20,20:00,,9.630211,4.095153,15.858675
20001_0310_1,4,44784227,2024-05-25,21,21:00,,10.629935,5.9604917,15.951638
20001_0310_1,4,44784227,2024-05-25,22,22:00,,8.715829,4.716933,13.391368
20001_0310_1,4,44784227,2024-05-25,23,23:00,,0.937487,0.0,4.9607677
20001_0310_1,4,44784227,2024-05-26,0,00:00,,0.340302,0.0,3.8616433
20001_0310_1,4,44784227,2024-05-26,1,01:00,,0.0508762,0.0,3.1863174
20001_0310_1,4,44784227,2024-05-26,2,02:00,,0.0,0.0,3.3069115
20001_0310_1,4,44784227,2024-05-26,3,03:00,,0.0,0.0,4.7058
20001_0310_1,4,44784227,2024-05-26,4,04:00,,9.505437,3.9701772,15.948164
20001_0310_1,4,44784227,2024-05-26,5,05:00,,27.160383,20.045343,35.07134
20001_0310_1,4,44784227,2024-05-26,6,06:00,,35.216053,27.039787,44.188236
20001_0310_1,4,44784227,2024-05-26,7,07:00,,25.59266,17.15712,34.733677
20001_0310_1,4,44784227,2024-05-26,8,08:00,,28.245728,20.117699,37.266148
20001_0310_1,4,44784227,2024-05-26,9,09:00,,22.626053,14.986431,31.260576
20001_0310_1,4,44784227,2024-05-26,10,10:00,,12.797651,5.151999,21.383938
20001_0310_1,4,44784227,2024-05-26,11,11:00,,16.406424,8.989899,25.101246
20001_0310_1,4,44784227,2024-05-26,12,12:00,,22.336628,14.814584,31.115866
20001_0310_1,4,44784227,2024-05-26,13,13:00,,18.700722,11.272137,27.540253
20001_0310_1,4,44784227,2024-05-26,14,14:00,,14.447526,7.1108956,23.174002
20001_0310_1,4,44784227,2024-05-26,15,15:00,,14.208598,6.8433266,22.858196
20001_0310_1,4,44784227,2024-05-26,16,16:00,,15.114561,7.4945345,23.55764
20001_0310_1,4,44784227,2024-05-26,17,17:00,,20.92568,13.12024,29.150183
20001_0310_1,4,44784227,2024-05-26,18,18:00,,19.454433,11.989671,27.666878
20001_0310_1,4,44784227,2024-05-26,19,19:00,,14.4678755,7.8291817,21.950727
20001_0310_1,4,44784227,2024-05-26,20,20:00,,9.626031,3.7048712,16.240604
20001_0310_1,4,44784227,2024-05-26,21,21:00,,9.770743,4.9228697,15.281884
20001_0310_1,4,44784227,2024-05-26,22,22:00,,8.492449,4.4646125,13.391575
20001_0310_1,4,44784227,2024-05-26,23,23:00,,0.91915286,0.0,4.9228697
20001_0310_1,4,44784227,2024-05-27,0,00:00,,0.0,0.0,3.1004624
20001_0310_1,4,44784227,2024-05-27,1,01:00,,0.18545389,0.0,3.2209158
20001_0310_1,4,44784227,2024-05-27,2,02:00,,0.0,0.0,3.1968255
20001_0310_1,4,44784227,2024-05-27,3,03:00,,0.0,0.0,4.208646
20001_0310_1,4,44784227,2024-05-27,4,04:00,,10.0868435,4.4736476,16.311348
20001_0310_1,4,44784227,2024-05-27,5,05:00,27.02464485168457,26.2037,18.976408,33.888718
20001_0310_1,4,44784227,2024-05-27,6,06:00,32.788917541503906,36.90009,28.660976,45.62102
20001_0310_1,4,44784227,2024-05-27,7,07:00,37.621620178222656,29.046436,20.626642,37.91191
20001_0310_1,4,44784227,2024-05-27,8,08:00,35.594546508789065,28.371891,20.205051,36.85191
20001_0310_1,4,44784227,2024-05-27,9,09:00,27.158777236938477,22.855057,15.302537,30.90144
20001_0310_1,4,44784227,2024-05-27,10,10:00,16.614874521891277,14.204894,6.9181285,22.071348
20001_0310_1,4,44784227,2024-05-27,11,11:00,16.28978157043457,16.60345,9.617068,24.517334
20001_0310_1,4,44784227,2024-05-27,12,12:00,26.038965861002605,22.15642,15.079696,29.961893
20001_0310_1,4,44784227,2024-05-27,13,13:00,23.939112345377605,18.759592,11.990028,26.53495
20001_0310_1,4,44784227,2024-05-27,14,14:00,10.589221954345703,14.588843,8.025559,22.19105
20001_0310_1,4,44784227,2024-05-27,15,15:00,18.09903907775879,14.6520815,8.222803,21.930567
20001_0310_1,4,44784227,2024-05-27,16,16:00,17.518890380859375,16.26467,9.81883,23.237501
20001_0310_1,4,44784227,2024-05-27,17,17:00,54.02231979370117,21.722782,15.073673,28.420069
20001_0310_1,4,44784227,2024-05-27,18,18:00,21.7159912109375,19.903913,13.453556,26.649384
20001_0310_1,4,44784227,2024-05-27,19,19:00,15.590747833251953,14.814695,8.958333,21.003817
20001_0310_1,4,44784227,2024-05-27,20,20:00,12.195474624633789,10.725253,5.449331,16.299301
20001_0310_1,4,44784227,2024-05-27,21,21:00,7.869147300720215,10.183207,5.6902413,14.805662
20001_0310_1,4,44784227,2024-05-27,22,22:00,11.241639137268066,8.593203,4.714556,12.712758
20001_0310_1,4,44784227,2024-05-27,23,23:00,,1.7272766,0.0,5.316831
20001_0310_1,4,44784227,2024-05-28,0,00:00,,0.3228259,0.0,3.7165303
20001_0310_1,4,44784227,2024-05-28,1,01:00,,1.0064495,0.0,4.156003
20001_0310_1,4,44784227,2024-05-28,2,02:00,,0.51814693,0.0,4.4978147
20001_0310_1,4,44784227,2024-05-28,3,03:00,,0.51814693,0.0,5.840647
20001_0310_1,4,44784227,2024-05-28,4,04:00,,9.136691,3.1671898,16.546686
20001_0310_1,4,44784227,2024-05-28,5,05:00,36.39610290527344,27.155066,18.982096,36.62814
20001_0310_1,4,44784227,2024-05-28,6,06:00,35.81086730957031,37.140858,27.423634,47.981182
20001_0310_1,4,44784227,2024-05-28,7,07:00,40.25313720703125,29.523335,19.476505,40.65664
20001_0310_1,4,44784227,2024-05-28,8,08:00,45.784942626953125,27.83869,18.31068,38.508106
20001_0310_1,4,44784227,2024-05-28,9,09:00,21.59853744506836,24.274078,15.580762,34.284286
20001_0310_1,4,44784227,2024-05-28,10,10:00,22.057674407958984,16.131628,7.8396354,25.833591
20001_0310_1,4,44784227,2024-05-28,11,11:00,11.829243659973145,16.894602,9.148899,26.495857
20001_0310_1,4,44784227,2024-05-28,12,12:00,20.552648544311523,21.90581,14.227246,31.29343
20001_0310_1,4,44784227,2024-05-28,13,13:00,21.917743682861328,19.26287,12.072612,28.357508
20001_0310_1,4,44784227,2024-05-28,14,14:00,14.945693969726562,14.64612,7.678269,23.157467
20001_0310_1,4,44784227,2024-05-28,15,15:00,22.37212371826172,14.793374,7.997955,22.964436
20001_0310_1,4,44784227,2024-05-28,16,16:00,26.138385772705078,19.659616,12.615849,27.741028
20001_0310_1,4,44784227,2024-05-28,17,17:00,51.95252990722656,28.986198,21.625032,36.994366
20001_0310_1,4,44784227,2024-05-28,18,18:00,20.67907460530599,21.258808,13.894591,29.1449
20001_0310_1,4,44784227,2024-05-28,19,19:00,16.681621551513672,15.271759,8.742235,22.439129
20001_0310_1,4,44784227,2024-05-28,20,20:00,10.849552154541016,11.456129,5.755194,17.64842
20001_0310_1,4,44784227,2024-05-28,21,21:00,42.10786437988281,10.1132965,5.3767595,15.097036
20001_0310_1,4,44784227,2024-05-28,22,22:00,6.126805782318115,8.062425,3.9362657,12.371696
20001_0310_1,4,44784227,2024-05-28,23,23:00,,0.85995865,0.0,4.4733996
20001_0310_1,4,44784227,2024-05-29,0,00:00,,0.64750075,0.0,5.5929174
20001_0310_1,4,44784227,2024-05-29,1,01:00,,0.24786997,0.0,5.193286
20001_0310_1,4,44784227,2024-05-29,2,02:00,,0.0,0.0,5.4930096
20001_0310_1,4,44784227,2024-05-29,3,03:00,,1.4967129,0.0,8.802441
20001_0310_1,4,44784227,2024-05-29,4,04:00,,10.788101,3.9943984,20.042025
20001_0310_1,4,44784227,2024-05-29,5,05:00,22.78864860534668,29.570692,20.441654,40.860233
20001_0310_1,4,44784227,2024-05-29,6,06:00,37.671852111816406,37.713146,27.122963,50.601208
20001_0310_1,4,44784227,2024-05-29,7,07:00,38.42727355957031,32.91759,22.077639,46.055416
20001_0310_1,4,44784227,2024-05-29,8,08:00,42.45659637451172,32.018425,21.97773,44.506847
20001_0310_1,4,44784227,2024-05-29,9,09:00,32.966617584228516,27.92222,18.643318,39.66134
20001_0310_1,4,44784227,2024-05-29,10,10:00,14.226961771647135,17.463163,8.627603,28.883827
20001_0310_1,4,44784227,2024-05-29,11,11:00,24.671186447143555,18.655807,10.182412,30.126425
20001_0310_1,4,44784227,2024-05-29,12,12:00,30.243631998697918,22.177544,14.025725,33.56699
20001_0310_1,4,44784227,2024-05-29,13,13:00,14.933204650878906,20.416676,12.461549,31.681236
20001_0310_1,4,44784227,2024-05-29,14,14:00,20.58679453531901,16.503117,8.74234,27.22521
20001_0310_1,4,44784227,2024-05-29,15,15:00,17.22211201985677,16.955824,9.479939,27.425808
20001_0310_1,4,44784227,2024-05-29,16,16:00,21.558839797973633,21.215935,13.410671,31.468935
20001_0310_1,4,44784227,2024-05-29,17,17:00,45.1875,29.071157,20.678934,39.41157
20001_0310_1,4,44784227,2024-05-29,18,18:00,17.718182373046876,23.726109,15.332327,33.941643
20001_0310_1,4,44784227,2024-05-29,19,19:00,15.429762522379557,17.332037,9.6173115,27.23848
20001_0310_1,4,44784227,2024-05-29,20,20:00,12.298833847045898,12.586434,5.6366262,21.621809
20001_0310_1,4,44784227,2024-05-29,21,21:00,7.300678253173828,12.174316,6.3921766,20.07949
20001_0310_1,4,44784227,2024-05-29,22,22:00,4.492724895477295,8.015671,3.1701608,15.187148
20001_0310_1,4,44784227,2024-05-29,23,23:00,,0.8473151,0.0,7.016597
20001_0310_1,4,44784227,2024-05-30,0,00:00,,0.2750885,0.0,4.041334
20001_0310_1,4,44784227,2024-05-30,1,01:00,,0.4773032,0.0,4.1677175
20001_0310_1,4,44784227,2024-05-30,2,02:00,,0.0,0.0,4.1171637
20001_0310_1,4,44784227,2024-05-30,3,03:00,,0.2750892,0.0,6.341524
20001_0310_1,4,44784227,2024-05-30,4,04:00,,9.513765,2.878601,17.678177
20001_0310_1,4,44784227,2024-05-30,5,05:00,,27.397112,18.543907,37.53311
20001_0310_1,4,44784227,2024-05-30,6,06:00,,38.291416,28.054308,50.01986
20001_0310_1,4,44784227,2024-05-30,7,07:00,,29.267593,18.708206,41.071865
20001_0310_1,4,44784227,2024-05-30,8,08:00,,31.567785,21.621357,42.689583
20001_0310_1,4,44784227,2024-05-30,9,09:00,,25.75412,16.768213,36.26928
20001_0310_1,4,44784227,2024-05-30,10,10:00,,15.847187,7.5477023,26.025055
20001_0310_1,4,44784227,2024-05-30,11,11:00,,18.278502,10.619628,28.30076
20001_0310_1,4,44784227,2024-05-30,12,12:00,,21.558167,14.142581,31.390848
20001_0310_1,4,44784227,2024-05-30,13,13:00,,19.017849,11.952978,28.749422
20001_0310_1,4,44784227,2024-05-30,14,14:00,,16.078232,9.11605,25.495426
20001_0310_1,4,44784227,2024-05-30,15,15:00,,16.183683,9.521664,25.33231
20001_0310_1,4,44784227,2024-05-30,16,16:00,,20.281687,13.381117,29.14121
20001_0310_1,4,44784227,2024-05-30,17,17:00,,26.689362,19.447554,35.18237
20001_0310_1,4,44784227,2024-05-30,18,18:00,,22.594517,15.577042,30.935865
20001_0310_1,4,44784227,2024-05-30,19,19:00,,17.00834,10.802884,24.654577
20001_0310_1,4,44784227,2024-05-30,20,20:00,,11.763402,6.316248,18.682932
20001_0310_1,4,44784227,2024-05-30,21,21:00,,11.472718,6.9228916,17.191599
20001_0310_1,4,44784227,2024-05-30,22,22:00,,8.186732,4.3446565,13.349521
20001_0310_1,4,44784227,2024-05-30,23,23:00,,0.98283994,0.0,5.381005
20001_0310_1,4,44784227,2024-05-31,0,00:00,,0.70573974,0.0,3.9953852
20001_0310_1,4,44784227,2024-05-31,1,01:00,,0.65513015,0.0,3.7423353
20001_0310_1,4,44784227,2024-05-31,2,02:00,,0.30086088,0.0,3.9700813
20001_0310_1,4,44784227,2024-05-31,3,03:00,,0.50329995,0.0,5.3365483
20001_0310_1,4,44784227,2024-05-31,4,04:00,,10.359585,4.3876123,16.986324
20001_0310_1,4,44784227,2024-05-31,5,05:00,,28.31346,20.468922,36.740017
20001_0310_1,4,44784227,2024-05-31,6,06:00,,38.815018,29.578705,48.734566
20001_0310_1,4,44784227,2024-05-31,7,07:00,,30.61621,21.114197,40.89003
20001_0310_1,4,44784227,2024-05-31,8,08:00,,32.84305,23.78387,42.610767
20001_0310_1,4,44784227,2024-05-31,9,09:00,,25.631134,17.467121,34.639706
20001_0310_1,4,44784227,2024-05-31,10,10:00,,14.7436695,7.2802873,23.374247
20001_0310_1,4,44784227,2024-05-31,11,11:00,,19.418762,12.586421,27.731441
20001_0310_1,4,44784227,2024-05-31,12,12:00,,22.050478,15.306705,30.173374
20001_0310_1,4,44784227,2024-05-31,13,13:00,,19.646507,13.174763,27.769403
20001_0310_1,4,44784227,2024-05-31,14,14:00,,17.245699,10.761302,25.311657
20001_0310_1,4,44784227,2024-05-31,15,15:00,,17.109684,10.460805,25.340126
20001_0310_1,4,44784227,2024-05-31,16,16:00,,19.241629,12.168889,27.529003
20001_0310_1,4,44784227,2024-05-31,17,17:00,,27.959187,20.215866,36.13269
20001_0310_1,4,44784227,2024-05-31,18,18:00,,24.289968,16.774393,32.488777
20001_0310_1,4,44784227,2024-05-31,19,19:00,,18.197798,11.504634,25.738678
20001_0310_1,4,44784227,2024-05-31,20,20:00,,11.9284935,6.272833,18.5236
20001_0310_1,4,44784227,2024-05-31,21,21:00,,12.523159,7.791131,17.900465
20001_0310_1,4,44784227,2024-05-31,22,22:00,,9.005769,5.032889,13.611275
20001_0310_1,4,44784227,2024-05-31,23,23:00,,1.2118392,0.0,5.159414
20001_0310_1,5,44783495,2024-05-01,0,00:00,,0.0,0.0,4.0997305
20001_0310_1,5,44783495,2024-05-01,1,01:00,,0.0,0.0,3.911713
20001_0310_1,5,44783495,2024-05-01,2,02:00,,0.15133987,0.0,5.2513466
20001_0310_1,5,44783495,2024-05-01,3,03:00,,1.3264556,0.0,7.8601036
20001_0310_1,5,44783495,2024-05-01,4,04:00,,13.46541,6.890634,21.802866
20001_0310_1,5,44783495,2024-05-01,5,05:00,,28.777182,20.351593,38.812675
20001_0310_1,5,44783495,2024-05-01,6,06:00,,36.344933,26.826487,47.29702
20001_0310_1,5,44783495,2024-05-01,7,07:00,,29.9523,20.551365,40.85738
20001_0310_1,5,44783495,2024-05-01,8,08:00,,25.533861,16.934944,35.639862
20001_0310_1,5,44783495,2024-05-01,9,09:00,,23.700678,15.693726,33.242626
20001_0310_1,5,44783495,2024-05-01,10,10:00,,17.133244,9.187252,26.672987
20001_0310_1,5,44783495,2024-05-01,11,11:00,,17.077427,9.167421,26.958687
20001_0310_1,5,44783495,2024-05-01,12,12:00,,22.878096,14.98131,32.925343
20001_0310_1,5,44783495,2024-05-01,13,13:00,,21.890999,13.688684,32.16152
20001_0310_1,5,44783495,2024-05-01,14,14:00,,18.506662,10.0987015,28.524532
20001_0310_1,5,44783495,2024-05-01,15,15:00,,19.728785,11.397205,29.87004
20001_0310_1,5,44783495,2024-05-01,16,16:00,,24.875793,16.141006,35.0288
20001_0310_1,5,44783495,2024-05-01,17,17:00,,33.947697,24.828789,44.24172
20001_0310_1,5,44783495,2024-05-01,18,18:00,,27.46105,18.395025,37.755074
20001_0310_1,5,44783495,2024-05-01,19,19:00,,19.952057,11.585224,29.56451
20001_0310_1,5,44783495,2024-05-01,20,20:00,,12.807344,5.298351,21.667725
20001_0310_1,5,44783495,2024-05-01,21,21:00,,12.842598,6.485218,20.574867
20001_0310_1,5,44783495,2024-05-01,22,22:00,,11.820248,6.4852176,18.679993
20001_0310_1,5,44783495,2024-05-01,23,23:00,,1.2794516,0.0,6.943514
20001_0310_1,5,44783495,2024-05-02,0,00:00,,0.0,0.0,3.8307586
20001_0310_1,5,44783495,2024-05-02,1,01:00,,0.25541508,0.0,3.7837143
20001_0310_1,5,44783495,2024-05-02,2,02:00,,0.0,0.0,3.5014505
20001_0310_1,5,44783495,2024-05-02,3,03:00,,0.7728994,0.0,6.0183043
20001_0310_1,5,44783495,2024-05-02,4,04:00,,12.439811,6.5240273,19.1377
20001_0310_1,5,44783495,2024-05-02,5,05:00,,28.999298,21.448736,36.949734
20001_0310_1,5,44783495,2024-05-02,6,06:00,,35.585457,27.23515,44.194508
20001_0310_1,5,44783495,2024-05-02,7,07:00,,28.575903,20.378485,36.92621
20001_0310_1,5,44783495,2024-05-02,8,08:00,,25.047598,17.545551,32.809856
20001_0310_1,5,44783495,2024-05-02,9,09:00,,23.49515,16.632607,30.763445
20001_0310_1,5,44783495,2024-05-02,10,10:00,,16.745806,10.0883465,24.04865
20001_0310_1,5,44783495,2024-05-02,11,11:00,,17.576427,10.931463,25.27988
20001_0310_1,5,44783495,2024-05-02,12,12:00,,23.777412,17.02366,31.821936
20001_0310_1,5,44783495,2024-05-02,13,13:00,,20.696032,13.727639,29.152191
20001_0310_1,5,44783495,2024-05-02,14,14:00,,17.949837,10.549229,26.367773
20001_0310_1,5,44783495,2024-05-02,15,15:00,,18.4438,11.00497,27.105778
20001_0310_1,5,44783495,2024-05-02,16,16:00,,23.165842,15.288914,31.84546
20001_0310_1,5,44783495,2024-05-02,17,17:00,,31.868979,23.471622,40.478027
20001_0310_1,5,44783495,2024-05-02,18,18:00,,28.176027,19.837479,36.785076
20001_0310_1,5,44783495,2024-05-02,19,19:00,,20.143263,12.263393,28.140741
20001_0310_1,5,44783495,2024-05-02,20,20:00,,12.475094,5.571387,19.85512
20001_0310_1,5,44783495,2024-05-02,21,21:00,,12.604464,6.524027,18.890717
20001_0310_1,5,44783495,2024-05-02,22,22:00,,12.392766,7.194405,17.979242
20001_0310_1,5,44783495,2024-05-02,23,23:00,,1.5256029,0.0,6.2535243
20001_0310_1,5,44783495,2024-05-03,0,00:00,,0.0,0.0,3.1429963
20001_0310_1,5,44783495,2024-05-03,1,01:00,,0.12147841,0.0,3.1902058
20001_0310_1,5,44783495,2024-05-03,2,02:00,,0.0,0.0,3.1429956
20001_0310_1,5,44783495,2024-05-03,3,03:00,,0.54637927,0.0,5.5271606
20001_0310_1,5,44783495,2024-05-03,4,04:00,,11.818052,5.8458357,18.345001
20001_0310_1,5,44783495,2024-05-03,5,05:00,,29.817324,22.039278,37.701588
20001_0310_1,5,44783495,2024-05-03,6,06:00,,34.01912,25.261442,42.84761
20001_0310_1,5,44783495,2024-05-03,7,07:00,,27.976088,19.407253,36.757366
20001_0310_1,5,44783495,2024-05-03,8,08:00,,26.158453,18.30369,34.207962
20001_0310_1,5,44783495,2024-05-03,9,09:00,,22.84187,15.798547,30.372053
20001_0310_1,5,44783495,2024-05-03,10,10:00,,16.275085,9.643387,23.594297
20001_0310_1,5,44783495,2024-05-03,11,11:00,,17.374222,10.779406,24.919163
20001_0310_1,5,44783495,2024-05-03,12,12:00,,23.703472,17.0762,31.375294
20001_0310_1,5,44783495,2024-05-03,13,13:00,,21.437336,14.71564,29.416027
20001_0310_1,5,44783495,2024-05-03,14,14:00,,18.79941,11.829855,26.784006
20001_0310_1,5,44783495,2024-05-03,15,15:00,,19.714127,12.632444,27.787241
20001_0310_1,5,44783495,2024-05-03,16,16:00,,22.794657,15.417907,30.962193
20001_0310_1,5,44783495,2024-05-03,17,17:00,,30.714336,22.735641,38.645813
20001_0310_1,5,44783495,2024-05-03,18,18:00,,27.149889,19.330536,35.128582
20001_0310_1,5,44783495,2024-05-03,19,19:00,,19.023663,11.81215,26.459425
20001_0310_1,5,44783495,2024-05-03,20,20:00,,12.868502,6.4949903,19.725931
20001_0310_1,5,44783495,2024-05-03,21,21:00,,11.888869,6.258934,17.802073
20001_0310_1,5,44783495,2024-05-03,22,22:00,,11.947884,7.1913557,17.123413
20001_0310_1,5,44783495,2024-05-03,23,23:00,,1.6794475,0.0,5.9992723
20001_0310_1,5,44783495,2024-05-04,0,00:00,,0.012346387,0.0,3.0945573
20001_0310_1,5,44783495,2024-05-04,1,01:00,,0.10574719,0.0,2.907758
20001_0310_1,5,44783495,2024-05-04,2,02:00,,0.0,0.0,3.187959
20001_0310_1,5,44783495,2024-05-04,3,03:00,,0.9930506,0.0,5.8265185
20001_0310_1,5,44783495,2024-05-04,4,04:00,,13.1876335,7.6711755,19.527182
20001_0310_1,5,44783495,2024-05-04,5,05:00,,28.032452,20.665499,35.69128
20001_0310_1,5,44783495,2024-05-04,6,06:00,,32.142067,23.829435,40.4547
20001_0310_1,5,44783495,2024-05-04,7,07:00,,21.821327,13.788898,30.215685
20001_0310_1,5,44783495,2024-05-04,8,08:00,,26.864948,19.55637,34.290276
20001_0310_1,5,44783495,2024-05-04,9,09:00,,23.689335,17.125042,30.530914
20001_0310_1,5,44783495,2024-05-04,10,10:00,,16.666798,10.403866,23.106314
20001_0310_1,5,44783495,2024-05-04,11,11:00,,17.230116,11.075909,24.058558
20001_0310_1,5,44783495,2024-05-04,12,12:00,,23.082232,17.08126,29.888783
20001_0310_1,5,44783495,2024-05-04,13,13:00,,21.4127,15.306653,28.744629
20001_0310_1,5,44783495,2024-05-04,14,14:00,,18.768305,12.288654,26.053534
20001_0310_1,5,44783495,2024-05-04,15,15:00,,18.721605,11.99678,26.322058
20001_0310_1,5,44783495,2024-05-04,16,16:00,,17.01413,9.692416,24.61312
20001_0310_1,5,44783495,2024-05-04,17,17:00,,25.977642,17.948128,33.51972
20001_0310_1,5,44783495,2024-05-04,18,18:00,,25.16039,17.338114,32.655773
20001_0310_1,5,44783495,2024-05-04,19,19:00,,18.928837,11.8771105,25.87549
20001_0310_1,5,44783495,2024-05-04,20,20:00,,11.909216,5.7331185,18.248766
20001_0310_1,5,44783495,2024-05-04,21,21:00,,11.465565,6.2468204,17.017048
20001_0310_1,5,44783495,2024-05-04,22,22:00,,11.52394,7.1341243,16.407026
20001_0310_1,5,44783495,2024-05-04,23,23:00,,1.2265519,0.0,5.406218
20001_0310_1,5,44783495,2024-05-05,0,00:00,,0.0,0.0,2.836077
20001_0310_1,5,44783495,2024-05-05,1,01:00,,0.0,0.0,2.6041627
20001_0310_1,5,44783495,2024-05-05,2,02:00,,0.0,0.0,2.696929
20001_0310_1,5,44783495,2024-05-05,3,03:00,,0.0,0.0,4.6913886
20001_0310_1,5,44783495,2024-05-05,4,04:00,,11.61402,6.2220206,17.785833
20001_0310_1,5,44783495,2024-05-05,5,05:00,,26.050667,19.09035,33.518295
20001_0310_1,5,44783495,2024-05-05,6,06:00,,30.944052,23.058975,39.153805
20001_0310_1,5,44783495,2024-05-05,7,07:00,17.18181800842285,22.490788,14.617306,30.561394
20001_0310_1,5,44783495,2024-05-05,8,08:00,,24.682375,17.379982,32.034046
20001_0310_1,5,44783495,2024-05-05,9,09:00,,23.337273,16.600172,30.317886
20001_0310_1,5,44783495,2024-05-05,10,10:00,0.0,16.165333,9.554245,23.09802
20001_0310_1,5,44783495,2024-05-05,11,11:00,,15.808764,9.072752,23.057165
20001_0310_1,5,44783495,2024-05-05,12,12:00,,20.832602,14.367997,28.21906
20001_0310_1,5,44783495,2024-05-05,13,13:00,,19.562874,12.744601,27.401564
20001_0310_1,5,44783495,2024-05-05,14,14:00,,16.316078,9.19052,24.218546
20001_0310_1,5,44783495,2024-05-05,15,15:00,,16.921953,9.626082,25.117937
20001_0310_1,5,44783495,2024-05-05,16,16:00,,16.415367,8.631391,24.772606
20001_0310_1,5,44783495,2024-05-05,17,17:00,,22.282064,14.20276,30.654161
20001_0310_1,5,44783495,2024-05-05,18,18:00,,22.803871,14.878211,31.164371
20001_0310_1,5,44783495,2024-05-05,19,19:00,,16.877745,9.655072,24.567144
20001_0310_1,5,44783495,2024-05-05,20,20:00,,11.718382,5.155217,18.838142
20001_0310_1,5,44783495,2024-05-05,21,21:00,,10.663173,5.004472,16.858175
20001_0310_1,5,44783495,2024-05-05,22,22:00,,11.127002,6.233617,16.736423
20001_0310_1,5,44783495,2024-05-05,23,23:00,,1.4445928,0.0,6.3843603
20001_0310_1,5,44783495,2024-05-06,0,00:00,,0.0,0.0,3.0796337
20001_0310_1,5,44783495,2024-05-06,1,01:00,,0.0,0.0,3.3129544
20001_0310_1,5,44783495,2024-05-06,2,02:00,,0.0,0.0,2.9863052
20001_0310_1,5,44783495,2024-05-06,3,03:00,,0.0,0.0,4.4328976
20001_0310_1,5,44783495,2024-05-06,4,04:00,,11.199219,5.4361796,17.533894
20001_0310_1,5,44783495,2024-05-06,5,05:00,29.899877548217773,26.06179,18.91049,33.458076
20001_0310_1,5,44783495,2024-05-06,6,06:00,37.58184051513672,34.578022,26.458437,42.557617
20001_0310_1,5,44783495,2024-05-06,7,07:00,33.003082275390625,28.371675,20.182093,36.164608
20001_0310_1,5,44783495,2024-05-06,8,08:00,24.324562072753906,25.338497,17.638891,32.804783
20001_0310_1,5,44783495,2024-05-06,9,09:00,17.615721384684246,22.188656,14.8157,29.374956
20001_0310_1,5,44783495,2024-05-06,10,10:00,18.0393549601237,13.608262,6.235305,20.969551
20001_0310_1,5,44783495,2024-05-06,11,11:00,17.065656026204426,15.743152,8.1973915,23.409948
20001_0310_1,5,44783495,2024-05-06,12,12:00,28.859413146972656,20.765396,13.281611,28.814985
20001_0310_1,5,44783495,2024-05-06,13,13:00,14.408333778381348,19.452963,11.613364,27.770874
20001_0310_1,5,44783495,2024-05-06,14,14:00,13.11904780069987,15.87075,7.729291,24.271776
20001_0310_1,5,44783495,2024-05-06,15,15:00,15.968254089355469,17.988873,9.717628,26.353443
20001_0310_1,5,44783495,2024-05-06,16,16:00,34.50294494628906,22.258652,13.824083,30.646557
20001_0310_1,5,44783495,2024-05-06,17,17:00,40.13485336303711,31.078201,22.375313,39.29111
20001_0310_1,5,44783495,2024-05-06,18,18:00,31.549221801757813,25.968464,17.38807,34.251373
20001_0310_1,5,44783495,2024-05-06,19,19:00,16.339999389648437,18.916325,10.808405,26.697592
20001_0310_1,5,44783495,2024-05-06,20,20:00,11.555555979410807,12.365825,4.736215,19.715448
20001_0310_1,5,44783495,2024-05-06,21,21:00,9.25,10.895901,4.257907,17.350155
20001_0310_1,5,44783495,2024-05-06,22,22:00,13.0,11.525868,5.739497,17.434732
20001_0310_1,5,44783495,2024-05-06,23,23:00,,1.2597268,0.0,6.3694654
20001_0310_1,5,44783495,2024-05-07,0,00:00,,0.10980052,0.0,4.3292146
20001_0310_1,5,44783495,2024-05-07,1,01:00,,0.29837853,0.0,4.447075
20001_0310_1,5,44783495,2024-05-07,2,02:00,,0.0,0.0,4.423504
20001_0310_1,5,44783495,2024-05-07,3,03:00,,1.3355526,0.0,7.4171658
20001_0310_1,5,44783495,2024-05-07,4,04:00,,13.616639,6.93983,21.200977
20001_0310_1,5,44783495,2024-05-07,5,05:00,25.29164695739746,31.31932,23.080856,40.182446
20001_0310_1,5,44783495,2024-05-07,6,06:00,39.155418395996094,35.798027,26.69918,45.179745
20001_0310_1,5,44783495,2024-05-07,7,07:00,43.71042251586914,29.716417,20.770788,38.956696
20001_0310_1,5,44783495,2024-05-07,8,08:00,27.028282165527344,27.217768,19.038233,35.845173
20001_0310_1,5,44783495,2024-05-07,9,09:00,27.522450764973957,24.742695,17.333677,32.827938
20001_0310_1,5,44783495,2024-05-07,10,10:00,15.620447794596354,16.955046,9.866459,24.740484
20001_0310_1,5,44783495,2024-05-07,11,11:00,10.293546676635742,18.749475,12.031412,26.422207
20001_0310_1,5,44783495,2024-05-07,12,12:00,26.73400624593099,25.025558,18.45777,32.75722
20001_0310_1,5,44783495,2024-05-07,13,13:00,19.45554478963216,21.501524,14.954361,29.150682
20001_0310_1,5,44783495,2024-05-07,14,14:00,14.583333015441895,18.05115,11.430321,25.561825
20001_0310_1,5,44783495,2024-05-07,15,15:00,11.952381134033203,20.087194,13.375027,27.3592
20001_0310_1,5,44783495,2024-05-07,16,16:00,26.25699462890625,25.544144,18.610985,32.804363
20001_0310_1,5,44783495,2024-05-07,17,17:00,33.81999969482422,35.2323,27.87779,42.49252
20001_0310_1,5,44783495,2024-05-07,18,18:00,22.91071319580078,27.00562,19.757185,34.407272
20001_0310_1,5,44783495,2024-05-07,19,19:00,18.967857360839844,19.804329,13.139304,26.75811
20001_0310_1,5,44783495,2024-05-07,20,20:00,6.841666412353516,13.805216,7.56449,20.234518
20001_0310_1,5,44783495,2024-05-07,21,21:00,7.0,11.931231,6.3917766,17.57676
20001_0310_1,5,44783495,2024-05-07,22,22:00,,13.357347,8.342374,18.596256
20001_0310_1,5,44783495,2024-05-07,23,23:00,,1.7598509,0.0,6.3799906
20001_0310_1,5,44783495,2024-05-08,0,00:00,,0.0,0.0,2.9228318
20001_0310_1,5,44783495,2024-05-08,1,01:00,,0.0,0.0,2.550048
20001_0310_1,5,44783495,2024-05-08,2,02:00,,0.0,0.0,2.7830377
20001_0310_1,5,44783495,2024-05-08,3,03:00,,0.59293324,0.0,5.648813
20001_0310_1,5,44783495,2024-05-08,4,04:00,,12.428818,6.4176784,18.812737
20001_0310_1,5,44783495,2024-05-08,5,05:00,26.347225189208984,28.784706,21.387278,36.147186
20001_0310_1,5,44783495,2024-05-08,6,06:00,34.18000183105469,35.7744,27.573158,43.36987
20001_0310_1,5,44783495,2024-05-08,7,07:00,27.66382344563802,30.741817,22.796862,38.24409
20001_0310_1,5,44783495,2024-05-08,8,08:00,25.592554092407227,27.27027,19.884493,34.306564
20001_0310_1,5,44783495,2024-05-08,9,09:00,17.87366231282552,23.262844,16.555649,29.926352
20001_0310_1,5,44783495,2024-05-08,10,10:00,9.0,15.029566,8.328196,21.52707
20001_0310_1,5,44783495,2024-05-08,11,11:00,12.456883430480957,16.758787,10.3239,23.34803
20001_0310_1,5,44783495,2024-05-08,12,12:00,12.579999923706055,23.239546,16.76825,30.18264
20001_0310_1,5,44783495,2024-05-08,13,13:00,28.621076583862305,19.500057,13.139436,26.617897
20001_0310_1,5,44783495,2024-05-08,14,14:00,11.962963104248047,16.873096,10.179008,23.727365
20001_0310_1,5,44783495,2024-05-08,15,15:00,16.00653584798177,19.307842,12.755003,25.988825
20001_0310_1,5,44783495,2024-05-08,16,16:00,24.625,23.705524,16.957554,30.159342
20001_0310_1,5,44783495,2024-05-08,17,17:00,33.623931884765625,35.168625,28.178926,41.645744
20001_0310_1,5,44783495,2024-05-08,18,18:00,23.513815307617186,25.569445,18.847687,32.046566
20001_0310_1,5,44783495,2024-05-08,19,19:00,13.509374618530273,18.626347,12.341447,24.806404
20001_0310_1,5,44783495,2024-05-08,20,20:00,14.333333969116211,12.265725,6.5225253,18.107944
20001_0310_1,5,44783495,2024-05-08,21,21:00,17.119047164916992,10.6697445,5.823556,15.767854
20001_0310_1,5,44783495,2024-05-08,22,22:00,5.800000190734863,11.590054,7.2680926,16.134811
20001_0310_1,5,44783495,2024-05-08,23,23:00,,0.3133458,0.0,4.1343784
20001_0310_1,5,44783495,2024-05-09,0,00:00,,0.0,0.0,3.010239
20001_0310_1,5,44783495,2024-05-09,1,01:00,,0.0,0.0,2.5945747
20001_0310_1,5,44783495,2024-05-09,2,02:00,,0.0,0.0,2.686945
20001_0310_1,5,44783495,2024-05-09,3,03:00,,0.14677857,0.0,4.603615
20001_0310_1,5,44783495,2024-05-09,4,04:00,,11.981642,6.624202,17.373722
20001_0310_1,5,44783495,2024-05-09,5,05:00,22.749792098999023,27.118723,20.583569,33.399857
20001_0310_1,5,44783495,2024-05-09,6,06:00,41.152992248535156,33.861706,26.72615,40.512325
20001_0310_1,5,44783495,2024-05-09,7,07:00,36.30009969075521,28.827562,21.969112,35.478176
20001_0310_1,5,44783495,2024-05-09,8,08:00,21.370336532592773,26.218119,19.752241,32.453068
20001_0310_1,5,44783495,2024-05-09,9,09:00,16.99649429321289,20.9415,14.905721,26.79543
20001_0310_1,5,44783495,2024-05-09,10,10:00,14.812878608703613,12.732145,6.9359484,18.713081
20001_0310_1,5,44783495,2024-05-09,11,11:00,14.787500381469727,15.174169,9.441476,21.368708
20001_0310_1,5,44783495,2024-05-09,12,12:00,21.76269785563151,21.807467,15.910239,28.238705
20001_0310_1,5,44783495,2024-05-09,13,13:00,25.01893361409505,19.729149,13.684709,26.59914
20001_0310_1,5,44783495,2024-05-09,14,14:00,16.399999618530273,16.31147,9.992085,23.200949
20001_0310_1,5,44783495,2024-05-09,15,15:00,32.42856979370117,17.70856,11.4389715,24.740202
20001_0310_1,5,44783495,2024-05-09,16,16:00,16.960000610351564,22.200037,15.737045,29.035389
20001_0310_1,5,44783495,2024-05-09,17,17:00,40.21604919433594,32.014317,25.24824,38.7573
20001_0310_1,5,44783495,2024-05-09,18,18:00,36.32864074707031,25.017311,18.418652,31.552464
20001_0310_1,5,44783495,2024-05-09,19,19:00,16.666666666666668,17.951033,11.704534,24.058977
20001_0310_1,5,44783495,2024-05-09,20,20:00,10.455883026123047,12.443492,6.8782187,18.124226
20001_0310_1,5,44783495,2024-05-09,21,21:00,8.0,11.092585,6.08153,15.962197
20001_0310_1,5,44783495,2024-05-09,22,22:00,13.272727012634277,11.462063,7.120689,15.771686
20001_0310_1,5,44783495,2024-05-09,23,23:00,,1.2090304,0.0,4.7883554
20001_0310_1,5,44783495,2024-05-10,0,00:00,,0.055206627,0.0,3.379267
20001_0310_1,5,44783495,2024-05-10,1,01:00,,0.23734707,0.0,3.1971266
20001_0310_1,5,44783495,2024-05-10,2,02:00,,0.0,0.0,2.969451
20001_0310_1,5,44783495,2024-05-10,3,03:00,,0.100741744,0.0,4.745318
20001_0310_1,5,44783495,2024-05-10,4,04:00,,11.985394,6.7147093,17.830957
20001_0310_1,5,44783495,2024-05-10,5,05:00,24.54318618774414,27.444551,20.52322,34.502483
20001_0310_1,5,44783495,2024-05-10,6,06:00,43.014835357666016,35.93684,28.241413,43.905476
20001_0310_1,5,44783495,2024-05-10,7,07:00,42.327720642089844,29.835142,22.1511,37.80378
20001_0310_1,5,44783495,2024-05-10,8,08:00,38.40604019165039,26.943663,19.566982,34.297577
20001_0310_1,5,44783495,2024-05-10,9,09:00,26.13201395670573,21.06964,14.304837,27.979588
20001_0310_1,5,44783495,2024-05-10,10,10:00,8.483333587646484,13.226225,6.765938,19.993876
20001_0310_1,5,44783495,2024-05-10,11,11:00,11.875,15.958329,9.673066,22.912386
20001_0310_1,5,44783495,2024-05-10,12,12:00,20.537442525227863,23.00488,16.69685,30.017279
20001_0310_1,5,44783495,2024-05-10,13,13:00,19.816239674886067,20.79643,14.341834,28.127577
20001_0310_1,5,44783495,2024-05-10,14,14:00,13.445454406738282,18.013098,11.299522,25.404013
20001_0310_1,5,44783495,2024-05-10,15,15:00,24.81818199157715,20.819197,13.954786,28.23003
20001_0310_1,5,44783495,2024-05-10,16,16:00,23.96363639831543,23.118717,16.043707,30.540936
20001_0310_1,5,44783495,2024-05-10,17,17:00,,32.294033,24.712446,39.443043
20001_0310_1,5,44783495,2024-05-10,18,18:00,11.2,26.784292,19.52145,34.001602
20001_0310_1,5,44783495,2024-05-10,19,19:00,11.910714149475098,19.128708,12.435054,25.890665
20001_0310_1,5,44783495,2024-05-10,20,20:00,12.722221374511719,12.417976,6.4813437,18.787197
20001_0310_1,5,44783495,2024-05-10,21,21:00,18.88787841796875,11.245449,6.1113706,16.766577
20001_0310_1,5,44783495,2024-05-10,22,22:00,1.0,11.256833,6.885467,16.12624
20001_0310_1,5,44783495,2024-05-10,23,23:00,,1.3757235,0.0,5.5194154
20001_0310_1,5,44783495,2024-05-11,0,00:00,,0.0,0.0,2.9265385
20001_0310_1,5,44783495,2024-05-11,1,01:00,,0.0,0.0,3.2999382
20001_0310_1,5,44783495,2024-05-11,2,02:00,,0.0,0.0,3.346613
20001_0310_1,5,44783495,2024-05-11,3,03:00,,0.0,0.0,5.633684
20001_0310_1,5,44783495,2024-05-11,4,04:00,,11.363029,5.4003086,18.43136
20001_0310_1,5,44783495,2024-05-11,5,05:00,,24.373663,16.56582,32.65846
20001_0310_1,5,44783495,2024-05-11,6,06:00,,30.37139,21.689854,39.426323
20001_0310_1,5,44783495,2024-05-11,7,07:00,,21.118086,12.541571,30.196358
20001_0310_1,5,44783495,2024-05-11,8,08:00,,25.097122,17.308245,33.265232
20001_0310_1,5,44783495,2024-05-11,9,09:00,,21.129755,14.081842,28.714428
20001_0310_1,5,44783495,2024-05-11,10,10:00,,10.487874,3.673336,17.617466
20001_0310_1,5,44783495,2024-05-11,11,11:00,,13.813462,7.138951,21.118088
20001_0310_1,5,44783495,2024-05-11,12,12:00,,20.651337,14.070175,27.862612
20001_0310_1,5,44783495,2024-05-11,13,13:00,,19.309431,12.535733,26.958284
20001_0310_1,5,44783495,2024-05-11,14,14:00,,15.97947,8.868838,23.594774
20001_0310_1,5,44783495,2024-05-11,15,15:00,,16.530817,9.198845,24.298182
20001_0310_1,5,44783495,2024-05-11,16,16:00,,15.706713,8.107455,23.370152
20001_0310_1,5,44783495,2024-05-11,17,17:00,,22.238283,14.338553,29.70627
20001_0310_1,5,44783495,2024-05-11,18,18:00,,22.144934,14.618604,29.46123
20001_0310_1,5,44783495,2024-05-11,19,19:00,,16.450594,9.71628,23.053637
20001_0310_1,5,44783495,2024-05-11,20,20:00,0.0,10.604561,4.7935343,16.770025
20001_0310_1,5,44783495,2024-05-11,21,21:00,,11.141323,6.298801,16.539568
20001_0310_1,5,44783495,2024-05-11,22,22:00,,9.227652,5.003572,13.976825
20001_0310_1,5,44783495,2024-05-11,23,23:00,,0.59279215,0.0,4.9335594
20001_0310_1,5,44783495,2024-05-12,0,00:00,,0.0,0.0,3.3387165
20001_0310_1,5,44783495,2024-05-12,1,01:00,,0.0,0.0,3.3387172
20001_0310_1,5,44783495,2024-05-12,2,02:00,,0.0,0.0,3.1526759
20001_0310_1,5,44783495,2024-05-12,3,03:00,,0.08300674,0.0,5.524693
20001_0310_1,5,44783495,2024-05-12,4,04:00,,11.257069,5.1526127,17.977785
20001_0310_1,5,44783495,2024-05-12,5,05:00,,25.035698,17.442917,32.87265
20001_0310_1,5,44783495,2024-05-12,6,06:00,,31.802923,23.198547,40.221256
20001_0310_1,5,44783495,2024-05-12,7,07:00,,21.559065,12.861667,29.96577
20001_0310_1,5,44783495,2024-05-12,8,08:00,,24.431065,16.316498,32.291275
20001_0310_1,5,44783495,2024-05-12,9,09:00,,19.79168,12.181457,27.268187
20001_0310_1,5,44783495,2024-05-12,10,10:00,,7.8967104,0.38532236,15.200256
20001_0310_1,5,44783495,2024-05-12,11,11:00,,12.983757,5.565388,20.262594
20001_0310_1,5,44783495,2024-05-12,12,12:00,,21.152102,13.8994255,28.558842
20001_0310_1,5,44783495,2024-05-12,13,13:00,,18.396376,10.850104,26.058924
20001_0310_1,5,44783495,2024-05-12,14,14:00,,14.922648,7.2339406,22.686935
20001_0310_1,5,44783495,2024-05-12,15,15:00,,16.525795,8.713544,24.364208
20001_0310_1,5,44783495,2024-05-12,16,16:00,,14.788933,6.728144,22.622986
20001_0310_1,5,44783495,2024-05-12,17,17:00,,18.84985,10.6059265,26.512394
20001_0310_1,5,44783495,2024-05-12,18,18:00,,21.954401,14.088373,29.593695
20001_0310_1,5,44783495,2024-05-12,19,19:00,,16.191504,9.147398,23.216717
20001_0310_1,5,44783495,2024-05-12,20,20:00,,10.222217,3.8619552,16.774332
20001_0310_1,5,44783495,2024-05-12,21,21:00,,10.315238,4.792158,16.139177
20001_0310_1,5,44783495,2024-05-12,22,22:00,,10.338492,5.420045,15.785994
20001_0310_1,5,44783495,2024-05-12,23,23:00,,0.64112866,0.0,5.7572446
20001_0310_1,5,44783495,2024-05-13,0,00:00,,0.0,0.0,3.9851754
20001_0310_1,5,44783495,2024-05-13,1,01:00,,0.0,0.0,3.5209174
20001_0310_1,5,44783495,2024-05-13,2,02:00,,0.0,0.0,3.753046
20001_0310_1,5,44783495,2024-05-13,3,03:00,,0.13184159,0.0,5.2850943
20001_0310_1,5,44783495,2024-05-13,4,04:00,,12.098065,6.2832465,18.481598
20001_0310_1,5,44783495,2024-05-13,5,05:00,20.562353134155273,27.49979,20.344429,34.881477
20001_0310_1,5,44783495,2024-05-13,6,06:00,37.81496810913086,37.318825,29.38003,45.25762
20001_0310_1,5,44783495,2024-05-13,7,07:00,40.16623229980469,31.144209,23.06614,39.03658
20001_0310_1,5,44783495,2024-05-13,8,08:00,27.745258331298828,26.014166,18.40035,33.744045
20001_0310_1,5,44783495,2024-05-13,9,09:00,22.935714721679688,20.81449,13.653326,28.114931
20001_0310_1,5,44783495,2024-05-13,10,10:00,19.04434585571289,11.900756,4.8324447,19.25923
20001_0310_1,5,44783495,2024-05-13,11,11:00,11.914815266927084,15.330455,8.273023,22.85069
20001_0310_1,5,44783495,2024-05-13,12,12:00,26.524917602539062,22.276897,15.048998,29.983566
20001_0310_1,5,44783495,2024-05-13,13,13:00,28.516072591145832,19.862762,12.382423,27.95244
20001_0310_1,5,44783495,2024-05-13,14,14:00,7.846428871154785,14.85459,7.2088585,22.993595
20001_0310_1,5,44783495,2024-05-13,15,15:00,32.875,18.800774,11.105716,26.739567
20001_0310_1,5,44783495,2024-05-13,16,16:00,15.541918754577637,23.623243,15.904972,31.35312
20001_0310_1,5,44783495,2024-05-13,17,17:00,30.241186141967773,31.515612,23.634848,38.8973
20001_0310_1,5,44783495,2024-05-13,18,18:00,16.66136360168457,25.433846,17.918684,33.001236
20001_0310_1,5,44783495,2024-05-13,19,19:00,18.873332977294922,17.831638,10.873588,24.870935
20001_0310_1,5,44783495,2024-05-13,20,20:00,13.13131332397461,11.343648,4.867263,17.947702
20001_0310_1,5,44783495,2024-05-13,21,21:00,13.3125,10.716901,5.087785,16.453375
20001_0310_1,5,44783495,2024-05-13,22,22:00,15.0,10.368708,5.4011583,15.561131
20001_0310_1,5,44783495,2024-05-13,23,23:00,,1.2924844,0.0,5.8654156
20001_0310_1,5,44783495,2024-05-14,0,00:00,,0.10275996,0.0,4.5665402
20001_0310_1,5,44783495,2024-05-14,1,01:00,,0.4299476,0.0,4.7301345
20001_0310_1,5,44783495,2024-05-14,2,02:00,,0.0,0.0,4.870359
20001_0310_1,5,44783495,2024-05-14,3,03:00,,1.1310656,0.0,7.1840463
20001_0310_1,5,44783495,2024-05-14,4,04:00,,11.612771,4.7535057,19.12057
20001_0310_1,5,44783495,2024-05-14,5,05:00,28.044734954833984,25.13265,16.754297,33.779766
20001_0310_1,5,44783495,2024-05-14,6,06:00,27.332635498046876,33.896618,24.735355,43.198112
20001_0310_1,5,44783495,2024-05-14,7,07:00,30.823745727539062,29.97036,20.762352,38.94466
20001_0310_1,5,44783495,2024-05-14,8,08:00,23.171835327148436,26.160955,17.53137,34.574368
20001_0310_1,5,44783495,2024-05-14,9,09:00,21.663461685180664,21.872454,13.891402,29.654858
20001_0310_1,5,44783495,2024-05-14,10,10:00,14.123611450195312,14.563306,6.8042727,22.170427
20001_0310_1,5,44783495,2024-05-14,11,11:00,15.427083015441895,15.89397,8.419399,23.423311
20001_0310_1,5,44783495,2024-05-14,12,12:00,21.0663579305013,21.68549,14.037468,29.502949
20001_0310_1,5,44783495,2024-05-14,13,13:00,25.28205108642578,20.002808,12.261305,28.083185
20001_0310_1,5,44783495,2024-05-14,14,14:00,10.333333333333334,15.610236,7.836595,23.775331
20001_0310_1,5,44783495,2024-05-14,15,15:00,11.822222391764322,18.434057,10.650196,26.448708
20001_0310_1,5,44783495,2024-05-14,16,16:00,15.991270065307617,22.05942,14.236119,29.888565
20001_0310_1,5,44783495,2024-05-14,17,17:00,45.55274454752604,30.133953,22.17627,37.916355
20001_0310_1,5,44783495,2024-05-14,18,18:00,32.09523010253906,23.531765,15.752284,31.395966
20001_0310_1,5,44783495,2024-05-14,19,19:00,13.242424011230469,17.395527,10.158683,24.847094
20001_0310_1,5,44783495,2024-05-14,20,20:00,10.676190376281738,12.091867,5.3611403,19.155624
20001_0310_1,5,44783495,2024-05-14,21,21:00,7.0,10.970079,5.0573225,17.18081
20001_0310_1,5,44783495,2024-05-14,22,22:00,10.0,10.561094,5.1157494,16.098461
20001_0310_1,5,44783495,2024-05-14,23,23:00,,1.645218,0.0,6.3894453
20001_0310_1,5,44783495,2024-05-15,0,00:00,,0.0,0.0,2.7799795
20001_0310_1,5,44783495,2024-05-15,1,01:00,,0.0,0.0,2.6390269
20001_0310_1,5,44783495,2024-05-15,2,02:00,,0.0,0.0,3.296806
20001_0310_1,5,44783495,2024-05-15,3,03:00,,0.9006086,0.0,5.8809414
20001_0310_1,5,44783495,2024-05-15,4,04:00,,11.636516,5.85745,17.950027
20001_0310_1,5,44783495,2024-05-15,5,05:00,24.806135177612305,24.439732,17.129272,31.91023
20001_0310_1,5,44783495,2024-05-15,6,06:00,34.434591674804686,35.903893,27.84609,43.89122
20001_0310_1,5,44783495,2024-05-15,7,07:00,29.343602498372395,30.876575,23.030201,38.72295
20001_0310_1,5,44783495,2024-05-15,8,08:00,30.220904541015624,25.802273,18.472727,33.178802
20001_0310_1,5,44783495,2024-05-15,9,09:00,15.076388041178385,21.150831,14.311684,28.116251
20001_0310_1,5,44783495,2024-05-15,10,10:00,18.799999237060547,13.222235,6.568087,20.158287
20001_0310_1,5,44783495,2024-05-15,11,11:00,14.350015640258789,14.573032,8.071583,21.755753
20001_0310_1,5,44783495,2024-05-15,12,12:00,37.296295166015625,20.99813,14.244143,28.362915
20001_0310_1,5,44783495,2024-05-15,13,13:00,16.145950317382812,20.422575,13.433664,28.139744
20001_0310_1,5,44783495,2024-05-15,14,14:00,15.833333015441895,15.421686,8.150869,23.09187
20001_0310_1,5,44783495,2024-05-15,15,15:00,21.269229888916016,19.042412,11.830326,26.72434
20001_0310_1,5,44783495,2024-05-15,16,16:00,23.257692337036133,23.077187,15.5978775,30.500702
20001_0310_1,5,44783495,2024-05-15,17,17:00,39.16716766357422,32.755947,25.050528,40.132477
20001_0310_1,5,44783495,2024-05-15,18,18:00,29.614025115966797,24.439732,16.980976,31.769278
20001_0310_1,5,44783495,2024-05-15,19,19:00,20.3751708984375,16.666769,9.853316,23.572723
20001_0310_1,5,44783495,2024-05-15,20,20:00,15.666666666666666,11.683499,5.505068,18.03225
20001_0310_1,5,44783495,2024-05-15,21,21:00,12.29230785369873,11.2723875,6.010149,16.840025
20001_0310_1,5,44783495,2024-05-15,22,22:00,7.333333492279053,9.80413,5.3406234,14.667003
20001_0310_1,5,44783495,2024-05-15,23,23:00,,0.94759303,0.0,4.917764
20001_0310_1,5,44783495,2024-05-16,0,00:00,,0.0,0.0,3.4725423
20001_0310_1,5,44783495,2024-05-16,1,01:00,,0.2680742,0.0,3.4725423
20001_0310_1,5,44783495,2024-05-16,2,02:00,,0.0,0.0,3.2436523
20001_0310_1,5,44783495,2024-05-16,3,03:00,,0.542743,0.0,5.1663327
20001_0310_1,5,44783495,2024-05-16,4,04:00,,12.307718,6.905901,18.110094
20001_0310_1,5,44783495,2024-05-16,5,05:00,24.898174285888672,25.903818,18.939823,32.81631
20001_0310_1,5,44783495,2024-05-16,6,06:00,34.51496124267578,37.027897,29.291395,44.810177
20001_0310_1,5,44783495,2024-05-16,7,07:00,36.877193450927734,31.626083,23.706469,39.17947
20001_0310_1,5,44783495,2024-05-16,8,08:00,20.555519104003906,27.368715,19.84966,34.670322
20001_0310_1,5,44783495,2024-05-16,9,09:00,22.213436126708984,21.223005,14.15601,28.215614
20001_0310_1,5,44783495,2024-05-16,10,10:00,19.096153259277344,13.92712,6.9516783,21.142893
20001_0310_1,5,44783495,2024-05-16,11,11:00,9.012499809265137,16.881239,9.880047,24.460377
20001_0310_1,5,44783495,2024-05-16,12,12:00,21.86419677734375,23.706469,16.376247,31.648973
20001_0310_1,5,44783495,2024-05-16,13,13:00,15.099903106689453,22.401793,14.799763,30.561739
20001_0310_1,5,44783495,2024-05-16,14,14:00,11.055554707845053,16.705278,8.881512,24.835186
20001_0310_1,5,44783495,2024-05-16,15,15:00,10.800000508626303,21.451897,13.686785,29.508846
20001_0310_1,5,44783495,2024-05-16,16,16:00,33.518768310546875,23.752247,15.929909,31.580301
20001_0310_1,5,44783495,2024-05-16,17,17:00,31.33333396911621,34.601658,26.61338,42.200825
20001_0310_1,5,44783495,2024-05-16,18,18:00,21.61788330078125,27.506052,19.861107,34.899216
20001_0310_1,5,44783495,2024-05-16,19,19:00,20.422916412353516,18.493486,11.609602,25.434591
20001_0310_1,5,44783495,2024-05-16,20,20:00,6.666666666666667,12.696833,6.6083426,18.899765
20001_0310_1,5,44783495,2024-05-16,21,21:00,22.32105255126953,12.193274,7.05468,17.472061
20001_0310_1,5,44783495,2024-05-16,22,22:00,12.666666984558105,10.385038,6.081895,15.060127
20001_0310_1,5,44783495,2024-05-16,23,23:00,,1.3667494,0.0,5.212111
20001_0310_1,5,44783495,2024-05-17,0,00:00,,0.4732355,0.0,4.266684
20001_0310_1,5,44783495,2024-05-17,1,01:00,,0.51893955,0.0,3.9467554
20001_0310_1,5,44783495,2024-05-17,2,02:00,,0.0,0.0,3.306896
20001_0310_1,5,44783495,2024-05-17,3,03:00,,0.47323617,0.0,5.5921073
20001_0310_1,5,44783495,2024-05-17,4,04:00,,10.893794,4.9293957,17.412357
20001_0310_1,5,44783495,2024-05-17,5,05:00,21.878206253051758,24.490793,16.679657,32.146248
20001_0310_1,5,44783495,2024-05-17,6,06:00,33.41774368286133,37.90498,29.03836,46.54307
20001_0310_1,5,44783495,2024-05-17,7,07:00,32.5463612874349,31.232162,22.411251,39.87026
20001_0310_1,5,44783495,2024-05-17,8,08:00,20.584796905517578,28.055721,19.543316,36.099663
20001_0310_1,5,44783495,2024-05-17,9,09:00,13.582537333170572,21.577152,13.704604,29.335442
20001_0310_1,5,44783495,2024-05-17,10,10:00,17.830303192138672,13.384674,5.6206717,21.114395
20001_0310_1,5,44783495,2024-05-17,11,11:00,27.503543090820312,15.012885,7.1117716,23.153946
20001_0310_1,5,44783495,2024-05-17,12,12:00,11.666666030883789,21.702837,13.796011,30.021004
20001_0310_1,5,44783495,2024-05-17,13,13:00,13.307342529296875,20.548805,12.527719,29.312588
20001_0310_1,5,44783495,2024-05-17,14,14:00,18.0,16.562544,8.3329315,25.334894
20001_0310_1,5,44783495,2024-05-17,15,15:00,22.588597615559895,20.434546,12.11638,29.106916
20001_0310_1,5,44783495,2024-05-17,16,16:00,29.433334350585938,21.040125,12.56771,29.58681
20001_0310_1,5,44783495,2024-05-17,17,17:00,34.576480865478516,29.632517,20.788754,37.950684
20001_0310_1,5,44783495,2024-05-17,18,18:00,31.660715103149414,25.153503,16.682514,33.425964
20001_0310_1,5,44783495,2024-05-17,19,19:00,8.916666984558105,17.438065,9.754046,25.236345
20001_0310_1,5,44783495,2024-05-17,20,20:00,8.987500190734863,11.990696,5.203622,19.160542
20001_0310_1,5,44783495,2024-05-17,21,21:00,8.833333015441895,12.84765,7.0774937,19.00629
20001_0310_1,5,44783495,2024-05-17,22,22:00,8.0,9.088478,4.3580923,14.4987135
20001_0310_1,5,44783495,2024-05-17,23,23:00,,1.6158409,0.0,6.1862617
20001_0310_1,5,44783495,2024-05-18,0,00:00,,0.0,0.0,3.2406812
20001_0310_1,5,44783495,2024-05-18,1,01:00,,0.044557452,0.0,3.4233158
20001_0310_1,5,44783495,2024-05-18,2,02:00,,0.0,0.0,3.5602918
20001_0310_1,5,44783495,2024-05-18,3,03:00,,0.3641703,0.0,5.866067
20001_0310_1,5,44783495,2024-05-18,4,04:00,,11.288061,5.352405,18.462217
20001_0310_1,5,44783495,2024-05-18,5,05:00,,22.554396,14.749577,31.161097
20001_0310_1,5,44783495,2024-05-18,6,06:00,,28.353075,19.55232,37.872955
20001_0310_1,5,44783495,2024-05-18,7,07:00,,20.454084,11.619088,29.899767
20001_0310_1,5,44783495,2024-05-18,8,08:00,,24.198116,15.998065,32.896137
20001_0310_1,5,44783495,2024-05-18,9,09:00,,20.44267,12.766268,28.649857
20001_0310_1,5,44783495,2024-05-18,10,10:00,,12.292557,4.66752,20.271448
20001_0310_1,5,44783495,2024-05-18,11,11:00,,15.769055,8.111916,24.161018
20001_0310_1,5,44783495,2024-05-18,12,12:00,,21.31019,13.816424,29.734259
20001_0310_1,5,44783495,2024-05-18,13,13:00,,19.461004,11.813137,28.296
20001_0310_1,5,44783495,2024-05-18,14,14:00,,15.860372,8.068395,24.733894
20001_0310_1,5,44783495,2024-05-18,15,15:00,,16.912668,8.976581,25.91603
20001_0310_1,5,44783495,2024-05-18,16,16:00,11.0,15.514362,7.21443,24.519152
20001_0310_1,5,44783495,2024-05-18,17,17:00,,22.120636,13.451152,31.09261
20001_0310_1,5,44783495,2024-05-18,18,18:00,,21.86951,13.456859,30.761581
20001_0310_1,5,44783495,2024-05-18,19,19:00,,15.427325,7.9292774,23.498962
20001_0310_1,5,44783495,2024-05-18,20,20:00,,9.678584,3.1721914,17.069618
20001_0310_1,5,44783495,2024-05-18,21,21:00,,10.831471,5.500795,17.178059
20001_0310_1,5,44783495,2024-05-18,22,22:00,,8.879555,4.5191298,14.421403
20001_0310_1,5,44783495,2024-05-18,23,23:00,,1.2316887,0.0,5.980214
20001_0310_1,5,44783495,2024-05-19,0,00:00,,0.0,0.0,2.7292805
20001_0310_1,5,44783495,2024-05-19,1,01:00,,0.0,0.0,3.182427
20001_0310_1,5,44783495,2024-05-19,2,02:00,,0.0,0.0,2.5933368
20001_0310_1,5,44783495,2024-05-19,3,03:00,,0.14634514,0.0,4.7684407
20001_0310_1,5,44783495,2024-05-19,4,04:00,,11.746898,6.4110975,17.717104
20001_0310_1,5,44783495,2024-05-19,5,05:00,,24.457659,17.700108,31.549402
20001_0310_1,5,44783495,2024-05-19,6,06:00,,30.73374,22.962275,38.709118
20001_0310_1,5,44783495,2024-05-19,7,07:00,,23.66465,15.666615,31.572058
20001_0310_1,5,44783495,2024-05-19,8,08:00,,23.143534,15.483941,30.937654
20001_0310_1,5,44783495,2024-05-19,9,09:00,,18.872627,11.395711,26.519474
20001_0310_1,5,44783495,2024-05-19,10,10:00,,10.7386465,3.0917976,18.714025
20001_0310_1,5,44783495,2024-05-19,11,11:00,,13.831371,5.857407,22.351942
20001_0310_1,5,44783495,2024-05-19,12,12:00,,20.526611,12.279345,29.566885
20001_0310_1,5,44783495,2024-05-19,13,13:00,,18.9406,10.194871,28.422693
20001_0310_1,5,44783495,2024-05-19,14,14:00,,14.281687,5.241412,23.888391
20001_0310_1,5,44783495,2024-05-19,15,15:00,,17.459377,8.382285,27.074581
20001_0310_1,5,44783495,2024-05-19,16,16:00,,16.855417,7.6253867,26.249708
20001_0310_1,5,44783495,2024-05-19,17,17:00,,22.429827,13.162982,31.504087
20001_0310_1,5,44783495,2024-05-19,18,18:00,,22.962275,14.049449,31.775976
20001_0310_1,5,44783495,2024-05-19,19,19:00,,16.096752,8.173059,24.01053
20001_0310_1,5,44783495,2024-05-19,20,20:00,,10.568717,3.5562725,17.66046
20001_0310_1,5,44783495,2024-05-19,21,21:00,,11.373052,5.516132,17.351755
20001_0310_1,5,44783495,2024-05-19,22,22:00,,9.696409,4.881727,14.850952
20001_0310_1,5,44783495,2024-05-19,23,23:00,,1.3245267,0.0,5.6294193
20001_0310_1,5,44783495,2024-05-20,0,00:00,,0.0,0.0,3.7718565
20001_0310_1,5,44783495,2024-05-20,1,01:00,,0.3533665,0.0,3.8397741
20001_0310_1,5,44783495,2024-05-20,2,02:00,,0.0,0.0,3.7944965
20001_0310_1,5,44783495,2024-05-20,3,03:00,,0.2628103,0.0,5.2886715
20001_0310_1,5,44783495,2024-05-20,4,04:00,,12.20489,6.4772196,18.577774
20001_0310_1,5,44783495,2024-05-20,5,05:00,21.990577697753906,25.25628,18.037264,32.772427
20001_0310_1,5,44783495,2024-05-20,6,06:00,33.261043548583984,34.900497,26.659899,43.141098
20001_0310_1,5,44783495,2024-05-20,7,07:00,33.624481201171875,30.146309,21.86043,38.34163
20001_0310_1,5,44783495,2024-05-20,8,08:00,28.27106221516927,24.984613,16.913805,32.79507
20001_0310_1,5,44783495,2024-05-20,9,09:00,14.521464029947916,20.060627,12.346384,27.701296
20001_0310_1,5,44783495,2024-05-20,10,10:00,23.590909322102863,13.399097,5.5433593,21.220877
20001_0310_1,5,44783495,2024-05-20,11,11:00,15.914685249328613,16.169548,8.094495,24.417225
20001_0310_1,5,44783495,2024-05-20,12,12:00,20.154317220052082,23.807386,15.402652,32.432846
20001_0310_1,5,44783495,2024-05-20,13,13:00,18.166666666666668,21.102024,12.482218,30.044434
20001_0310_1,5,44783495,2024-05-20,14,14:00,16.81327184041341,15.222953,6.4015193,24.150505
20001_0310_1,5,44783495,2024-05-20,15,15:00,12.954545021057129,19.902157,11.152178,28.595537
20001_0310_1,5,44783495,2024-05-20,16,16:00,20.545454661051433,22.245293,13.421737,30.80284
20001_0310_1,5,44783495,2024-05-20,17,17:00,43.1970100402832,28.833246,19.924793,37.073845
20001_0310_1,5,44783495,2024-05-20,18,18:00,21.916666666666668,25.77698,17.188305,33.927025
20001_0310_1,5,44783495,2024-05-20,19,19:00,10.533333587646485,17.94388,10.065504,25.392117
20001_0310_1,5,44783495,2024-05-20,20,20:00,12.555555979410807,12.023778,4.9038086,18.894718
20001_0310_1,5,44783495,2024-05-20,21,21:00,7.866666793823242,11.887944,5.899925,17.717491
20001_0310_1,5,44783495,2024-05-20,22,22:00,,9.748557,4.734016,14.881952
20001_0310_1,5,44783495,2024-05-20,23,23:00,,1.7117075,0.0,6.0131197
20001_0310_1,5,44783495,2024-05-21,0,00:00,,0.13453639,0.0,4.2061853
20001_0310_1,5,44783495,2024-05-21,1,01:00,,0.40749568,0.0,4.092451
20001_0310_1,5,44783495,2024-05-21,2,02:00,,0.0,0.0,3.7285056
20001_0310_1,5,44783495,2024-05-21,3,03:00,,0.7259486,0.0,5.9121823
20001_0310_1,5,44783495,2024-05-21,4,04:00,8.0,11.17803,5.2297835,17.876915
20001_0310_1,5,44783495,2024-05-21,5,05:00,29.87169647216797,23.973017,16.261906,31.88885
20001_0310_1,5,44783495,2024-05-21,6,06:00,36.73535919189453,34.891403,26.133944,43.535122
20001_0310_1,5,44783495,2024-05-21,7,07:00,33.46061325073242,30.205593,21.345778,38.712837
20001_0310_1,5,44783495,2024-05-21,8,08:00,31.317359924316406,25.178587,16.796452,33.2309
20001_0310_1,5,44783495,2024-05-21,9,09:00,24.097386678059895,19.958233,12.167509,27.589731
20001_0310_1,5,44783495,2024-05-21,10,10:00,17.615384419759113,14.584339,6.792195,22.146177
20001_0310_1,5,44783495,2024-05-21,11,11:00,21.55555534362793,15.666939,7.9343247,23.51577
20001_0310_1,5,44783495,2024-05-21,12,12:00,23.076192220052082,22.79019,14.965347,30.887993
20001_0310_1,5,44783495,2024-05-21,13,13:00,16.250349680582683,20.66338,12.827164,28.931782
20001_0310_1,5,44783495,2024-05-21,14,14:00,16.545454661051433,15.100403,7.3153663,23.215267
20001_0310_1,5,44783495,2024-05-21,15,15:00,18.0,18.644615,10.870951,26.53201
20001_0310_1,5,44783495,2024-05-21,16,16:00,22.364706420898436,23.245123,15.359148,30.887997
20001_0310_1,5,44783495,2024-05-21,17,17:00,26.552631378173828,32.07082,23.904776,39.622707
20001_0310_1,5,44783495,2024-05-21,18,18:00,7.5,25.133093,17.262756,32.75322
20001_0310_1,5,44783495,2024-05-21,19,19:00,10.777778625488281,16.85616,9.6198845,23.904774
20001_0310_1,5,44783495,2024-05-21,20,20:00,9.64102554321289,11.55335,5.0705576,18.070263
20001_0310_1,5,44783495,2024-05-21,21,21:00,10.4375,11.246269,5.7188363,16.83057
20001_0310_1,5,44783495,2024-05-21,22,22:00,,8.823753,4.1606913,13.759773
20001_0310_1,5,44783495,2024-05-21,23,23:00,,1.0898957,0.0,5.2525306
20001_0310_1,5,44783495,2024-05-22,0,00:00,,0.0,0.0,2.9328923
20001_0310_1,5,44783495,2024-05-22,1,01:00,,0.0,0.0,2.2993176
20001_0310_1,5,44783495,2024-05-22,2,02:00,,0.0,0.0,2.6613603
20001_0310_1,5,44783495,2024-05-22,3,03:00,,0.8963976,0.0,5.6255918
20001_0310_1,5,44783495,2024-05-22,4,04:00,,9.562817,3.9511409,15.994747
20001_0310_1,5,44783495,2024-05-22,5,05:00,31.068954467773438,24.791275,17.397665,32.620464
20001_0310_1,5,44783495,2024-05-22,6,06:00,27.165889739990234,35.154774,26.488354,43.753304
20001_0310_1,5,44783495,2024-05-22,7,07:00,39.451778411865234,29.950394,21.250032,38.50367
20001_0310_1,5,44783495,2024-05-22,8,08:00,30.74378776550293,25.51536,17.397663,33.66134
20001_0310_1,5,44783495,2024-05-22,9,09:00,93.2957763671875,19.97157,12.41391,27.5858
20001_0310_1,5,44783495,2024-05-22,10,10:00,13.605303446451822,14.938315,7.3776507,22.515598
20001_0310_1,5,44783495,2024-05-22,11,11:00,17.320909118652345,15.998989,8.47103,23.903137
20001_0310_1,5,44783495,2024-05-22,12,12:00,18.988037109375,21.70259,14.023307,29.882511
20001_0310_1,5,44783495,2024-05-22,13,13:00,25.911590576171875,18.942009,11.248583,27.38215
20001_0310_1,5,44783495,2024-05-22,14,14:00,12.291666666666666,14.951042,7.140235,23.251175
20001_0310_1,5,44783495,2024-05-22,15,15:00,15.170033772786459,18.002958,10.343472,26.194195
20001_0310_1,5,44783495,2024-05-22,16,16:00,21.465478897094727,22.686895,14.778505,30.697111
20001_0310_1,5,44783495,2024-05-22,17,17:00,72.81131744384766,30.991268,22.890543,39.001484
20001_0310_1,5,44783495,2024-05-22,18,18:00,16.626873016357422,23.524124,15.727457,31.579592
20001_0310_1,5,44783495,2024-05-22,19,19:00,12.14285659790039,15.332178,8.18111,22.843876
20001_0310_1,5,44783495,2024-05-22,20,20:00,7.472222328186035,10.784713,4.584717,17.717283
20001_0310_1,5,44783495,2024-05-22,21,21:00,9.777777671813965,11.259895,6.1799717,17.210989
20001_0310_1,5,44783495,2024-05-22,22,22:00,6.357142925262451,8.635079,4.3810673,13.692376
20001_0310_1,5,44783495,2024-05-22,23,23:00,,1.0321646,0.0,5.0372715
20001_0310_1,5,44783495,2024-05-23,0,00:00,,0.015927851,0.0,4.4274893
20001_0310_1,5,44783495,2024-05-23,1,01:00,,0.9472581,0.0,5.1382413
20001_0310_1,5,44783495,2024-05-23,2,02:00,,0.0,0.0,4.035351
20001_0310_1,5,44783495,2024-05-23,3,03:00,,0.5551189,0.0,6.1921134
20001_0310_1,5,44783495,2024-05-23,4,04:00,,9.57431,3.7535007,16.537836
20001_0310_1,5,44783495,2024-05-23,5,05:00,20.76811981201172,24.30402,16.859512,32.514427
20001_0310_1,5,44783495,2024-05-23,6,06:00,38.929266357421874,34.57316,26.068647,43.641365
20001_0310_1,5,44783495,2024-05-23,7,07:00,27.79632314046224,29.279284,20.443907,38.49454
20001_0310_1,5,44783495,2024-05-23,8,08:00,30.737651824951172,26.730381,18.07882,35.79859
20001_0310_1,5,44783495,2024-05-23,9,09:00,26.154600143432617,21.485525,13.238358,30.357664
20001_0310_1,5,44783495,2024-05-23,10,10:00,16.94444529215495,15.536811,7.238328,24.614973
20001_0310_1,5,44783495,2024-05-23,11,11:00,10.550596237182617,17.539629,9.323097,26.932577
20001_0310_1,5,44783495,2024-05-23,12,12:00,18.401961008707683,21.767374,13.556971,31.509571
20001_0310_1,5,44783495,2024-05-23,13,13:00,15.266666412353516,18.875349,10.573038,28.856508
20001_0310_1,5,44783495,2024-05-23,14,14:00,16.333333333333332,15.46405,6.9419246,25.32343
20001_0310_1,5,44783495,2024-05-23,15,15:00,10.0,18.685408,10.26668,28.452114
20001_0310_1,5,44783495,2024-05-23,16,16:00,14.849206924438477,21.914425,13.348645,31.619858
20001_0310_1,5,44783495,2024-05-23,17,17:00,30.840863037109376,29.181248,20.22333,38.59258
20001_0310_1,5,44783495,2024-05-23,18,18:00,24.977499389648436,23.519745,14.819167,32.83304
20001_0310_1,5,44783495,2024-05-23,19,19:00,18.455556233723957,15.531067,7.650763,24.243135
20001_0310_1,5,44783495,2024-05-23,20,20:00,15.666666666666666,10.946795,3.9128072,18.899858
20001_0310_1,5,44783495,2024-05-23,21,21:00,8.666666666666666,12.012923,6.069571,18.697662
20001_0310_1,5,44783495,2024-05-23,22,22:00,6.0,9.464022,4.4887605,15.321593
20001_0310_1,5,44783495,2024-05-23,23,23:00,,2.0256395,0.0,6.9763913
20001_0310_1,5,44783495,2024-05-24,0,00:00,,0.23478357,0.0,3.815036
20001_0310_1,5,44783495,2024-05-24,1,01:00,,1.0194967,0.0,4.2564373
20001_0310_1,5,44783495,2024-05-24,2,02:00,,0.0,0.0,3.7659922
20001_0310_1,5,44783495,2024-05-24,3,03:00,,0.57809544,0.0,5.7032514
20001_0310_1,5,44783495,2024-05-24,4,04:00,,8.866626,2.8341448,15.662362
20001_0310_1,5,44783495,2024-05-24,5,05:00,22.808130264282227,23.579994,15.582664,31.647825
20001_0310_1,5,44783495,2024-05-24,6,06:00,37.1388905843099,33.928394,24.609928,43.14877
20001_0310_1,5,44783495,2024-05-24,7,07:00,38.48240661621094,28.361837,18.89624,37.753872
20001_0310_1,5,44783495,2024-05-24,8,08:00,30.85097885131836,25.517252,16.367376,34.41884
20001_0310_1,5,44783495,2024-05-24,9,09:00,22.867347717285156,21.82665,13.268376,30.421713
20001_0310_1,5,44783495,2024-05-24,10,10:00,12.72592544555664,14.356551,5.985257,22.881107
20001_0310_1,5,44783495,2024-05-24,11,11:00,20.864217122395832,16.111425,7.9516363,24.798443
20001_0310_1,5,44783495,2024-05-24,12,12:00,21.36458396911621,19.435728,11.355637,28.435404
20001_0310_1,5,44783495,2024-05-24,13,13:00,19.0,17.41264,9.436769,26.614628
20001_0310_1,5,44783495,2024-05-24,14,14:00,18.0028076171875,15.570404,7.401419,24.567015
20001_0310_1,5,44783495,2024-05-24,15,15:00,10.0,17.62108,9.412246,26.602364
20001_0310_1,5,44783495,2024-05-24,16,16:00,19.45933380126953,20.52697,11.987083,29.48986
20001_0310_1,5,44783495,2024-05-24,17,17:00,32.40131378173828,27.503557,18.565186,36.331573
20001_0310_1,5,44783495,2024-05-24,18,18:00,23.86931800842285,23.530949,14.922093,32.260876
20001_0310_1,5,44783495,2024-05-24,19,19:00,24.74550437927246,15.941302,8.265065,23.885756
20001_0310_1,5,44783495,2024-05-24,20,20:00,11.2,10.767102,4.1951323,17.900019
20001_0310_1,5,44783495,2024-05-24,21,21:00,12.285714149475098,11.60086,6.181437,17.332943
20001_0310_1,5,44783495,2024-05-24,22,22:00,9.0,8.768536,4.3300037,13.752689
20001_0310_1,5,44783495,2024-05-24,23,23:00,,1.2156756,0.0,5.408985
20001_0310_1,5,44783495,2024-05-25,0,00:00,,0.0,0.0,3.6691916
20001_0310_1,5,44783495,2024-05-25,1,01:00,,0.03928122,0.0,3.449937
20001_0310_1,5,44783495,2024-05-25,2,02:00,,0.0,0.0,3.6448302
20001_0310_1,5,44783495,2024-05-25,3,03:00,,0.0,0.0,5.009093
20001_0310_1,5,44783495,2024-05-25,4,04:00,,10.332152,4.5340376,17.299635
20001_0310_1,5,44783495,2024-05-25,5,05:00,,24.790894,16.949432,33.31753
20001_0310_1,5,44783495,2024-05-25,6,06:00,,31.173693,22.038006,40.869698
20001_0310_1,5,44783495,2024-05-25,7,07:00,,23.426634,13.962063,33.293175
20001_0310_1,5,44783495,2024-05-25,8,08:00,,27.300163,18.316742,36.752556
20001_0310_1,5,44783495,2024-05-25,9,09:00,,21.733486,13.410878,30.710817
20001_0310_1,5,44783495,2024-05-25,10,10:00,,12.792696,4.7898364,21.477686
20001_0310_1,5,44783495,2024-05-25,11,11:00,,16.529192,8.78822,25.402985
20001_0310_1,5,44783495,2024-05-25,12,12:00,,21.136621,13.541823,30.016506
20001_0310_1,5,44783495,2024-05-25,13,13:00,,19.175495,11.63551,28.05538
20001_0310_1,5,44783495,2024-05-25,14,14:00,,16.590097,8.978548,25.252249
20001_0310_1,5,44783495,2024-05-25,15,15:00,,17.591976,10.03372,26.161247
20001_0310_1,5,44783495,2024-05-25,16,16:00,,17.792961,9.887549,26.124704
20001_0310_1,5,44783495,2024-05-25,17,17:00,,23.889507,15.583649,32.050716
20001_0310_1,5,44783495,2024-05-25,18,18:00,,22.135456,14.096055,30.333212
20001_0310_1,5,44783495,2024-05-25,19,19:00,,16.24294,9.132333,23.798151
20001_0310_1,5,44783495,2024-05-25,20,20:00,,9.942363,3.7179172,16.684498
20001_0310_1,5,44783495,2024-05-25,21,21:00,,11.355349,6.178461,17.101694
20001_0310_1,5,44783495,2024-05-25,22,22:00,,9.345498,5.0334554,14.315311
20001_0310_1,5,44783495,2024-05-25,23,23:00,,0.86758345,0.0,5.0578175
20001_0310_1,5,44783495,2024-05-26,0,00:00,,0.2687419,0.0,3.8631625
20001_0310_1,5,44783495,2024-05-26,1,01:00,,0.0,0.0,3.0005014
20001_0310_1,5,44783495,2024-05-26,2,02:00,,0.0,0.0,3.2161665
20001_0310_1,5,44783495,2024-05-26,3,03:00,,0.0,0.0,4.6539345
20001_0310_1,5,44783495,2024-05-26,4,04:00,,9.506403,3.9590135,15.826593
20001_0310_1,5,44783495,2024-05-26,5,05:00,,25.02232,17.947304,32.85816
20001_0310_1,5,44783495,2024-05-26,6,06:00,,32.1872,24.015888,40.95759
20001_0310_1,5,44783495,2024-05-26,7,07:00,,24.519102,16.130621,33.48119
20001_0310_1,5,44783495,2024-05-26,8,08:00,,26.292349,18.150984,35.01481
20001_0310_1,5,44783495,2024-05-26,9,09:00,,21.056477,13.364416,29.395533
20001_0310_1,5,44783495,2024-05-26,10,10:00,,12.142311,4.53412,20.565239
20001_0310_1,5,44783495,2024-05-26,11,11:00,,15.707529,8.220649,24.227804
20001_0310_1,5,44783495,2024-05-26,12,12:00,,21.883192,14.286982,30.533768
20001_0310_1,5,44783495,2024-05-26,13,13:00,,18.282782,10.614681,27.14902
20001_0310_1,5,44783495,2024-05-26,14,14:00,,15.107709,7.38869,24.042841
20001_0310_1,5,44783495,2024-05-26,15,15:00,,15.861789,8.045422,24.91524
20001_0310_1,5,44783495,2024-05-26,16,16:00,,16.894436,8.651229,25.868507
20001_0310_1,5,44783495,2024-05-26,17,17:00,,23.105297,14.688359,31.899649
20001_0310_1,5,44783495,2024-05-26,18,18:00,,21.4279,13.331467,30.210268
20001_0310_1,5,44783495,2024-05-26,19,19:00,,15.414358,8.246109,23.390604
20001_0310_1,5,44783495,2024-05-26,20,20:00,,9.877827,3.551646,16.851004
20001_0310_1,5,44783495,2024-05-26,21,21:00,,10.285194,5.1212106,16.096176
20001_0310_1,5,44783495,2024-05-26,22,22:00,,9.158942,4.8696012,14.342398
20001_0310_1,5,44783495,2024-05-26,23,23:00,,0.8438492,0.0,5.229043
20001_0310_1,5,44783495,2024-05-27,0,00:00,,0.0,0.0,3.2355075
20001_0310_1,5,44783495,2024-05-27,1,01:00,,0.12553912,0.0,3.3311985
20001_0310_1,5,44783495,2024-05-27,2,02:00,,0.0,0.0,3.1876626
20001_0310_1,5,44783495,2024-05-27,3,03:00,,0.0,0.0,4.431649
20001_0310_1,5,44783495,2024-05-27,4,04:00,,10.304706,4.814414,16.464836
20001_0310_1,5,44783495,2024-05-27,5,05:00,25.260927200317383,24.191912,17.137665,31.727606
20001_0310_1,5,44783495,2024-05-27,6,06:00,26.168975830078125,34.191654,26.033968,42.756027
20001_0310_1,5,44783495,2024-05-27,7,07:00,34.27149200439453,29.550627,21.16567,38.115
20001_0310_1,5,44783495,2024-05-27,8,08:00,35.03635864257812,27.421497,19.359505,35.6988
20001_0310_1,5,44783495,2024-05-27,9,09:00,25.101459503173828,21.703938,14.180205,29.622398
20001_0310_1,5,44783495,2024-05-27,10,10:00,14.327615102132162,14.756596,7.43845,22.62945
20001_0310_1,5,44783495,2024-05-27,11,11:00,14.287762641906738,16.898436,9.763451,24.822876
20001_0310_1,5,44783495,2024-05-27,12,12:00,22.137797037760418,22.278086,15.086284,30.292234
20001_0310_1,5,44783495,2024-05-27,13,13:00,19.78522491455078,18.881042,11.793902,26.97294
20001_0310_1,5,44783495,2024-05-27,14,14:00,10.868757247924805,15.543808,8.502271,23.645424
20001_0310_1,5,44783495,2024-05-27,15,15:00,19.56045150756836,16.551556,9.518244,24.517862
20001_0310_1,5,44783495,2024-05-27,16,16:00,22.577627182006836,19.156155,11.943419,27.062653
20001_0310_1,5,44783495,2024-05-27,17,17:00,66.63817596435547,25.722973,18.28297,33.47397
20001_0310_1,5,44783495,2024-05-27,18,18:00,24.1645751953125,22.517313,15.228325,30.17262
20001_0310_1,5,44783495,2024-05-27,19,19:00,14.285768508911133,16.146362,9.549642,23.173697
20001_0310_1,5,44783495,2024-05-27,20,20:00,14.359490394592285,11.237697,5.388564,17.547346
20001_0310_1,5,44783495,2024-05-27,21,21:00,7.869147300720215,11.058275,6.1540933,16.24654
20001_0310_1,5,44783495,2024-05-27,22,22:00,12.365802764892578,9.24014,5.02972,13.824352
20001_0310_1,5,44783495,2024-05-27,23,23:00,,1.6566008,0.0,5.627791
20001_0310_1,5,44783495,2024-05-28,0,00:00,,0.16672418,0.0,3.8137712
20001_0310_1,5,44783495,2024-05-28,1,01:00,,0.9499824,0.0,4.352261
20001_0310_1,5,44783495,2024-05-28,2,02:00,,0.36253873,0.0,4.499122
20001_0310_1,5,44783495,2024-05-28,3,03:00,,0.5583533,0.0,5.8453465
20001_0310_1,5,44783495,2024-05-28,4,04:00,,9.455678,3.5322876,16.691637
20001_0310_1,5,44783495,2024-05-28,5,05:00,32.99964141845703,25.010696,17.103153,33.99369
20001_0310_1,5,44783495,2024-05-28,6,06:00,28.610872268676758,34.287415,25.010696,44.665585
20001_0310_1,5,44783495,2024-05-28,7,07:00,33.052587890625,28.755651,19.12402,39.280685
20001_0310_1,5,44783495,2024-05-28,8,08:00,43.01099650065104,26.699598,17.557505,36.808525
20001_0310_1,5,44783495,2024-05-28,9,09:00,17.674179077148438,23.468657,15.076169,33.014618
20001_0310_1,5,44783495,2024-05-28,10,10:00,18.718036651611328,15.68044,7.496003,25.070358
20001_0310_1,5,44783495,2024-05-28,11,11:00,10.80545711517334,16.344372,8.623466,25.659332
20001_0310_1,5,44783495,2024-05-28,12,12:00,19.372859954833984,21.46156,13.849269,30.750511
20001_0310_1,5,44783495,2024-05-28,13,13:00,21.076488494873047,18.818062,11.511731,27.947918
20001_0310_1,5,44783495,2024-05-28,14,14:00,12.39444351196289,15.265099,7.989363,24.09511
20001_0310_1,5,44783495,2024-05-28,15,15:00,24.126129150390625,16.512651,9.217031,25.126963
20001_0310_1,5,44783495,2024-05-28,16,16:00,27.252349853515625,22.29377,14.658533,30.958563
20001_0310_1,5,44783495,2024-05-28,17,17:00,59.82422637939453,32.476128,24.570114,40.99406
20001_0310_1,5,44783495,2024-05-28,18,18:00,26.110760498046876,23.83581,16.015465,32.206882
20001_0310_1,5,44783495,2024-05-28,19,19:00,16.230266571044922,16.569252,9.724921,24.092813
20001_0310_1,5,44783495,2024-05-28,20,20:00,10.037285804748535,11.768738,5.722963,18.258152
20001_0310_1,5,44783495,2024-05-28,21,21:00,45.44976043701172,10.961002,5.9432535,16.251055
20001_0310_1,5,44783495,2024-05-28,22,22:00,7.24077033996582,8.929426,4.6215053,13.592261
20001_0310_1,5,44783495,2024-05-28,23,23:00,,0.8520751,0.0,4.74389
20001_0310_1,5,44783495,2024-05-29,0,00:00,,0.4679373,0.0,5.2506313
20001_0310_1,5,44783495,2024-05-29,1,01:00,,0.06729269,0.0,4.5745435
20001_0310_1,5,44783495,2024-05-29,2,02:00,,0.0,0.0,4.674705
20001_0310_1,5,44783495,2024-05-29,3,03:00,,1.2692266,0.0,7.8047404
20001_0310_1,5,44783495,2024-05-29,4,04:00,,10.40893,4.1989403,18.778645
20001_0310_1,5,44783495,2024-05-29,5,05:00,18.821334838867188,26.484789,18.221493,36.651146
20001_0310_1,5,44783495,2024-05-29,6,06:00,33.81416702270508,33.971836,24.356365,45.44029
20001_0310_1,5,44783495,2024-05-29,7,07:00,30.216464233398437,30.315954,20.475122,42.03481
20001_0310_1,5,44783495,2024-05-29,8,08:00,39.43150329589844,29.664906,20.4,40.73271
20001_0310_1,5,44783495,2024-05-29,9,09:00,30.798128128051758,25.908865,17.282486,36.576023
20001_0310_1,5,44783495,2024-05-29,10,10:00,12.491137186686197,16.103245,7.775395,26.505527
20001_0310_1,5,44783495,2024-05-29,11,11:00,23.146041870117188,17.745733,9.732844,28.337772
20001_0310_1,5,44783495,2024-05-29,12,12:00,29.338595072428387,21.226332,13.451325,31.805853
20001_0310_1,5,44783495,2024-05-29,13,13:00,15.487501780192057,19.48603,11.717284,30.00921
20001_0310_1,5,44783495,2024-05-29,14,14:00,21.335581461588543,16.586838,8.865041,26.79388
20001_0310_1,5,44783495,2024-05-29,15,15:00,17.166112263997395,17.78329,10.124096,27.965292
20001_0310_1,5,44783495,2024-05-29,16,16:00,24.800613403320312,22.92907,14.795673,32.920143
20001_0310_1,5,44783495,2024-05-29,17,17:00,48.671669006347656,32.41934,23.730358,42.48553
20001_0310_1,5,44783495,2024-05-29,18,18:00,18.555889892578126,25.408058,16.812983,35.47425
20001_0310_1,5,44783495,2024-05-29,19,19:00,16.927337646484375,18.096296,10.227387,27.755587
20001_0310_1,5,44783495,2024-05-29,20,20:00,12.860424995422363,12.6124735,5.5573745,21.332752
20001_0310_1,5,44783495,2024-05-29,21,21:00,7.300678253173828,12.506053,6.646628,20.10578
20001_0310_1,5,44783495,2024-05-29,22,22:00,6.7390875816345215,8.781311,3.873416,15.565662
20001_0310_1,5,44783495,2024-05-29,23,23:00,,0.66825926,0.0,6.5026455
20001_0310_1,5,44783495,2024-05-30,0,00:00,,0.47633272,0.0,4.4620824
20001_0310_1,5,44783495,2024-05-30,1,01:00,,0.5267856,0.0,4.335952
20001_0310_1,5,44783495,2024-05-30,2,02:00,,0.0,0.0,3.8314257
20001_0310_1,5,44783495,2024-05-30,3,03:00,,0.5772378,0.0,6.530637
20001_0310_1,5,44783495,2024-05-30,4,04:00,,9.557788,3.1755433,17.220266
20001_0310_1,5,44783495,2024-05-30,5,05:00,,24.744,16.403566,34.153397
20001_0310_1,5,44783495,2024-05-30,6,06:00,,34.68315,25.122396,45.37909
20001_0310_1,5,44783495,2024-05-30,7,07:00,,27.115269,17.253372,37.83643
20001_0310_1,5,44783495,2024-05-30,8,08:00,,29.587442,20.228497,39.677948
20001_0310_1,5,44783495,2024-05-30,9,09:00,,23.987213,15.438661,33.69933
20001_0310_1,5,44783495,2024-05-30,10,10:00,,14.760706,6.7450604,24.302544
20001_0310_1,5,44783495,2024-05-30,11,11:00,,17.456762,9.9645605,26.904001
20001_0310_1,5,44783495,2024-05-30,12,12:00,,20.972673,13.593991,30.445137
20001_0310_1,5,44783495,2024-05-30,13,13:00,,18.478426,11.28894,27.91305
20001_0310_1,5,44783495,2024-05-30,14,14:00,,16.175741,8.907422,25.607212
20001_0310_1,5,44783495,2024-05-30,15,15:00,,16.81034,9.605086,26.178743
20001_0310_1,5,44783495,2024-05-30,16,16:00,,21.275387,13.650748,30.508204
20001_0310_1,5,44783495,2024-05-30,17,17:00,,30.29378,22.208761,39.122974
20001_0310_1,5,44783495,2024-05-30,18,18:00,,24.54219,16.772501,33.346157
20001_0310_1,5,44783495,2024-05-30,19,19:00,,17.958134,11.115509,26.074686
20001_0310_1,5,44783495,2024-05-30,20,20:00,,12.017349,6.000885,19.244675
20001_0310_1,5,44783495,2024-05-30,21,21:00,,12.206546,7.2369714,18.197784
20001_0310_1,5,44783495,2024-05-30,22,22:00,,9.330751,5.1179657,14.748094
20001_0310_1,5,44783495,2024-05-30,23,23:00,,1.2331209,0.0,5.874754
20001_0310_1,5,44783495,2024-05-31,0,00:00,,0.55700123,0.0,3.9043536
20001_0310_1,5,44783495,2024-05-31,1,01:00,,0.40599266,0.0,3.4764972
20001_0310_1,5,44783495,2024-05-31,2,02:00,,0.0,0.0,3.4261618
20001_0310_1,5,44783495,2024-05-31,3,03:00,,0.40599266,0.0,5.036917
20001_0310_1,5,44783495,2024-05-31,4,04:00,,9.906939,4.269292,16.125025
20001_0310_1,5,44783495,2024-05-31,5,05:00,,25.246874,17.734207,33.07415
20001_0310_1,5,44783495,2024-05-31,6,06:00,,35.389606,26.58078,44.299107
20001_0310_1,5,44783495,2024-05-31,7,07:00,,28.543892,19.445637,37.85608
20001_0310_1,5,44783495,2024-05-31,8,08:00,,30.607676,21.987614,39.517178
20001_0310_1,5,44783495,2024-05-31,9,09:00,,23.661287,15.800984,32.017086
20001_0310_1,5,44783495,2024-05-31,10,10:00,,14.021917,6.795536,22.059969
20001_0310_1,5,44783495,2024-05-31,11,11:00,,18.652842,11.819712,26.5682
20001_0310_1,5,44783495,2024-05-31,12,12:00,,21.383575,14.509548,29.273764
20001_0310_1,5,44783495,2024-05-31,13,13:00,,19.382715,12.574754,27.53717
20001_0310_1,5,44783495,2024-05-31,14,14:00,,17.66814,10.617936,26.058542
20001_0310_1,5,44783495,2024-05-31,15,15:00,,17.916676,10.517263,26.675163
20001_0310_1,5,44783495,2024-05-31,16,16:00,,21.006056,12.990027,29.902967
20001_0310_1,5,44783495,2024-05-31,17,17:00,,31.614397,22.881079,40.47356
20001_0310_1,5,44783495,2024-05-31,18,18:00,,26.228428,17.84117,35.037254
20001_0310_1,5,44783495,2024-05-31,19,19:00,,19.433052,11.958136,27.499416
20001_0310_1,5,44783495,2024-05-31,20,20:00,,12.423745,6.1191435,19.445635
20001_0310_1,5,44783495,2024-05-31,21,21:00,,13.059239,7.85574,18.810143
20001_0310_1,5,44783495,2024-05-31,22,22:00,,9.75593,5.4773583,14.701455
20001_0310_1,5,44783495,2024-05-31,23,23:00,,1.0100262,0.0,5.062085
20001_0310_1,6,88229436,2024-05-01,0,00:00,,0.0,0.0,4.769638
20001_0310_1,6,88229436,2024-05-01,1,01:00,,0.0,0.0,4.0542707
20001_0310_1,6,88229436,2024-05-01,2,02:00,,0.15948881,0.0,5.1140738
20001_0310_1,6,88229436,2024-05-01,3,03:00,,0.0,0.0,5.935423
20001_0310_1,6,88229436,2024-05-01,4,04:00,,1.5372345,0.0,9.96268
20001_0310_1,6,88229436,2024-05-01,5,05:00,,27.449453,18.815357,38.021
20001_0310_1,6,88229436,2024-05-01,6,06:00,,36.4048,26.124699,48.486572
20001_0310_1,6,88229436,2024-05-01,7,07:00,,31.529701,20.746193,43.61147
20001_0310_1,6,88229436,2024-05-01,8,08:00,,25.038399,15.082861,36.298817
20001_0310_1,6,88229436,2024-05-01,9,09:00,,23.3957,14.327748,34.126217
20001_0310_1,6,88229436,2024-05-01,10,10:00,,16.559963,7.784286,26.993238
20001_0310_1,6,88229436,2024-05-01,11,11:00,,17.061714,8.334888,27.808794
20001_0310_1,6,88229436,2024-05-01,12,12:00,,23.899109,15.009999,34.94757
20001_0310_1,6,88229436,2024-05-01,13,13:00,,22.00471,12.810906,33.424103
20001_0310_1,6,88229436,2024-05-01,14,14:00,,19.28896,9.8169565,30.589123
20001_0310_1,6,88229436,2024-05-01,15,15:00,,23.355959,13.8442135,34.735607
20001_0310_1,6,88229436,2024-05-01,16,16:00,,28.005852,18.152979,39.42524
20001_0310_1,6,88229436,2024-05-01,17,17:00,,39.26627,28.90668,50.712154
20001_0310_1,6,88229436,2024-05-01,18,18:00,,29.516073,19.394941,41.17392
20001_0310_1,6,88229436,2024-05-01,19,19:00,,21.223103,11.936566,32.152332
20001_0310_1,6,88229436,2024-05-01,20,20:00,,13.274569,4.9418545,23.236729
20001_0310_1,6,88229436,2024-05-01,21,21:00,,13.711738,6.7898903,22.369015
20001_0310_1,6,88229436,2024-05-01,22,22:00,,12.797657,6.981979,20.46799
20001_0310_1,6,88229436,2024-05-01,23,23:00,,1.219293,0.0,7.657605
20001_0310_1,6,88229436,2024-05-02,0,00:00,,0.15474,0.0,4.4396353
20001_0310_1,6,88229436,2024-05-02,1,01:00,,0.0,0.0,3.7210495
20001_0310_1,6,88229436,2024-05-02,2,02:00,,0.0,0.0,3.7742777
20001_0310_1,6,88229436,2024-05-02,3,03:00,,0.0,0.0,4.8920765
20001_0310_1,6,88229436,2024-05-02,4,04:00,,0.0,0.0,6.6752315
20001_0310_1,6,88229436,2024-05-02,5,05:00,,28.472305,20.880587,36.72272
20001_0310_1,6,88229436,2024-05-02,6,06:00,,36.35012,27.540802,45.452194
20001_0310_1,6,88229436,2024-05-02,7,07:00,,31.213573,22.191343,40.44872
20001_0310_1,6,88229436,2024-05-02,8,08:00,,25.198751,16.833557,33.848385
20001_0310_1,6,88229436,2024-05-02,9,09:00,,23.894653,16.243057,31.905542
20001_0310_1,6,88229436,2024-05-02,10,10:00,,16.695498,9.560381,24.650663
20001_0310_1,6,88229436,2024-05-02,11,11:00,,17.738443,10.730577,25.95393
20001_0310_1,6,88229436,2024-05-02,12,12:00,,25.94395,18.778067,34.6202
20001_0310_1,6,88229436,2024-05-02,13,13:00,,21.266497,13.814506,30.435108
20001_0310_1,6,88229436,2024-05-02,14,14:00,,19.187258,11.256211,28.39579
20001_0310_1,6,88229436,2024-05-02,15,15:00,,22.843391,14.606277,32.27814
20001_0310_1,6,88229436,2024-05-02,16,16:00,,27.114979,18.445387,36.64288
20001_0310_1,6,88229436,2024-05-02,17,17:00,,37.734066,28.365849,46.995827
20001_0310_1,6,88229436,2024-05-02,18,18:00,,30.228846,21.166695,39.49061
20001_0310_1,6,88229436,2024-05-02,19,19:00,,21.49937,13.016078,30.21554
20001_0310_1,6,88229436,2024-05-02,20,20:00,,13.328794,5.903419,21.206615
20001_0310_1,6,88229436,2024-05-02,21,21:00,,14.040726,7.580117,20.847322
20001_0310_1,6,88229436,2024-05-02,22,22:00,,13.834465,8.2987,19.915823
20001_0310_1,6,88229436,2024-05-02,23,23:00,,1.059624,0.0,6.3026314
20001_0310_1,6,88229436,2024-05-03,0,00:00,,0.0,0.0,3.388092
20001_0310_1,6,88229436,2024-05-03,1,01:00,,0.1831622,0.0,3.1210146
20001_0310_1,6,88229436,2024-05-03,2,02:00,,0.0,0.0,3.121015
20001_0310_1,6,88229436,2024-05-03,3,03:00,,0.0,0.0,4.376278
20001_0310_1,6,88229436,2024-05-03,4,04:00,,0.0,0.0,5.7383733
20001_0310_1,6,88229436,2024-05-03,5,05:00,,30.309502,22.243761,38.295116
20001_0310_1,6,88229436,2024-05-03,6,06:00,,34.796406,25.395277,44.090702
20001_0310_1,6,88229436,2024-05-03,7,07:00,,30.950485,21.402466,40.2982
20001_0310_1,6,88229436,2024-05-03,8,08:00,,27.371649,18.58146,35.731174
20001_0310_1,6,88229436,2024-05-03,9,09:00,,23.699333,16.017517,31.431225
20001_0310_1,6,88229436,2024-05-03,10,10:00,,16.785366,9.928152,24.05655
20001_0310_1,6,88229436,2024-05-03,11,11:00,,17.924616,11.3432455,25.418226
20001_0310_1,6,88229436,2024-05-03,12,12:00,,25.58223,19.005447,33.193935
20001_0310_1,6,88229436,2024-05-03,13,13:00,,22.003391,15.212948,30.02907
20001_0310_1,6,88229436,2024-05-03,14,14:00,,20.374218,13.15645,28.620235
20001_0310_1,6,88229436,2024-05-03,15,15:00,,23.525732,15.944071,31.992088
20001_0310_1,6,88229436,2024-05-03,16,16:00,,26.543709,18.591478,35.277145
20001_0310_1,6,88229436,2024-05-03,17,17:00,,36.5057,27.718851,44.891933
20001_0310_1,6,88229436,2024-05-03,18,18:00,,30.149254,21.72296,38.562195
20001_0310_1,6,88229436,2024-05-03,19,19:00,,20.213972,12.515463,28.005955
20001_0310_1,6,88229436,2024-05-03,20,20:00,,14.004421,7.3208075,20.94176
20001_0310_1,6,88229436,2024-05-03,21,21:00,,13.216543,7.5010853,19.252493
20001_0310_1,6,88229436,2024-05-03,22,22:00,,13.149774,8.382441,18.427889
20001_0310_1,6,88229436,2024-05-03,23,23:00,,1.3583026,0.0,5.8719115
20001_0310_1,6,88229436,2024-05-04,0,00:00,,0.0,0.0,3.3301692
20001_0310_1,6,88229436,2024-05-04,1,01:00,,0.0,0.0,2.6393728
20001_0310_1,6,88229436,2024-05-04,2,02:00,,0.0,0.0,3.33017
20001_0310_1,6,88229436,2024-05-04,3,03:00,,0.0356009,0.0,4.7914705
20001_0310_1,6,88229436,2024-05-04,4,04:00,,1.0452263,0.0,7.3421044
20001_0310_1,6,88229436,2024-05-04,5,05:00,,27.561193,19.969072,35.34594
20001_0310_1,6,88229436,2024-05-04,6,06:00,,32.609325,23.721954,41.53654
20001_0310_1,6,88229436,2024-05-04,7,07:00,,21.83555,12.855194,30.855762
20001_0310_1,6,88229436,2024-05-04,8,08:00,,28.25199,19.939182,36.24929
20001_0310_1,6,88229436,2024-05-04,9,09:00,,24.798008,17.312162,32.07794
20001_0310_1,6,88229436,2024-05-04,10,10:00,,17.286007,10.371399,24.02792
20001_0310_1,6,88229436,2024-05-04,11,11:00,,18.112556,11.536703,25.073662
20001_0310_1,6,88229436,2024-05-04,12,12:00,,25.674788,19.170338,32.503048
20001_0310_1,6,88229436,2024-05-04,13,13:00,,22.991308,16.408812,30.563501
20001_0310_1,6,88229436,2024-05-04,14,14:00,,20.958773,13.8847475,28.670456
20001_0310_1,6,88229436,2024-05-04,15,15:00,,22.44664,14.841235,30.709633
20001_0310_1,6,88229436,2024-05-04,16,16:00,,18.5908,10.15843,27.109516
20001_0310_1,6,88229436,2024-05-04,17,17:00,,29.713291,20.360966,38.241974
20001_0310_1,6,88229436,2024-05-04,18,18:00,,28.119144,19.05576,36.754105
20001_0310_1,6,88229436,2024-05-04,19,19:00,,20.354322,12.184323,28.364906
20001_0310_1,6,88229436,2024-05-04,20,20:00,,12.483227,5.455699,19.6436
20001_0310_1,6,88229436,2024-05-04,21,21:00,,12.961471,7.2092595,19.23178
20001_0310_1,6,88229436,2024-05-04,22,22:00,,12.562934,7.714072,17.959785
20001_0310_1,6,88229436,2024-05-04,23,23:00,,1.098365,0.0,5.880804
20001_0310_1,6,88229436,2024-05-05,0,00:00,,0.0,0.0,2.996047
20001_0310_1,6,88229436,2024-05-05,1,01:00,,0.0,0.0,2.3628185
20001_0310_1,6,88229436,2024-05-05,2,02:00,,0.0,0.0,2.732201
20001_0310_1,6,88229436,2024-05-05,3,03:00,,0.0,0.0,3.6556609
20001_0310_1,6,88229436,2024-05-05,4,04:00,,0.885283,0.0,7.112037
20001_0310_1,6,88229436,2024-05-05,5,05:00,,25.871456,18.72289,33.70767
20001_0310_1,6,88229436,2024-05-05,6,06:00,,32.2829,23.628767,41.09534
20001_0310_1,6,88229436,2024-05-05,7,07:00,17.18181800842285,23.114271,14.14352,31.97948
20001_0310_1,6,88229436,2024-05-05,8,08:00,,26.531073,18.018757,34.49921
20001_0310_1,6,88229436,2024-05-05,9,09:00,,24.552229,16.814959,32.071827
20001_0310_1,6,88229436,2024-05-05,10,10:00,0.0,16.445576,9.059548,23.72936
20001_0310_1,6,88229436,2024-05-05,11,11:00,,16.780329,9.456964,24.285086
20001_0310_1,6,88229436,2024-05-05,12,12:00,,22.481041,15.29125,30.092985
20001_0310_1,6,88229436,2024-05-05,13,13:00,,20.343893,12.811101,28.476934
20001_0310_1,6,88229436,2024-05-05,14,14:00,,17.921461,9.933537,26.331537
20001_0310_1,6,88229436,2024-05-05,15,15:00,,20.159203,11.933816,29.01782
20001_0310_1,6,88229436,2024-05-05,16,16:00,,17.56362,8.760247,26.754515
20001_0310_1,6,88229436,2024-05-05,17,17:00,,24.72373,15.479241,33.91875
20001_0310_1,6,88229436,2024-05-05,18,18:00,,25.18546,16.086084,34.367287
20001_0310_1,6,88229436,2024-05-05,19,19:00,,18.183659,10.053916,26.636612
20001_0310_1,6,88229436,2024-05-05,20,20:00,,12.57364,5.3970413,20.350489
20001_0310_1,6,88229436,2024-05-05,21,21:00,,11.795297,5.7928104,18.4541
20001_0310_1,6,88229436,2024-05-05,22,22:00,,12.322987,7.2439604,18.398031
20001_0310_1,6,88229436,2024-05-05,23,23:00,,1.2018976,0.0,6.505193
20001_0310_1,6,88229436,2024-05-06,0,00:00,,0.0,0.0,3.5184152
20001_0310_1,6,88229436,2024-05-06,1,01:00,,0.0,0.0,3.3593616
20001_0310_1,6,88229436,2024-05-06,2,02:00,,0.0,0.0,3.3063447
20001_0310_1,6,88229436,2024-05-06,3,03:00,,0.0,0.0,3.6774688
20001_0310_1,6,88229436,2024-05-06,4,04:00,,0.0,0.0,6.0367546
20001_0310_1,6,88229436,2024-05-06,5,05:00,29.233823776245117,25.70631,18.283836,33.42038
20001_0310_1,6,88229436,2024-05-06,6,06:00,37.13584899902344,35.063927,26.236486,43.59977
20001_0310_1,6,88229436,2024-05-06,7,07:00,33.390838623046875,29.894703,20.616611,38.35102
20001_0310_1,6,88229436,2024-05-06,8,08:00,23.683914184570312,25.91838,17.143957,34.00357
20001_0310_1,6,88229436,2024-05-06,9,09:00,18.949054718017578,22.750574,14.503014,30.398373
20001_0310_1,6,88229436,2024-05-06,10,10:00,17.39511998494466,13.048341,5.062555,20.623241
20001_0310_1,6,88229436,2024-05-06,11,11:00,17.732322692871094,16.196266,8.275096,23.875544
20001_0310_1,6,88229436,2024-05-06,12,12:00,29.859413146972656,22.565012,14.605736,30.504412
20001_0310_1,6,88229436,2024-05-06,13,13:00,18.274999618530273,19.728567,11.411421,28.165003
20001_0310_1,6,88229436,2024-05-06,14,14:00,14.173809814453126,16.675909,7.855508,25.35134
20001_0310_1,6,88229436,2024-05-06,15,15:00,18.634920756022137,20.444305,11.312013,29.218733
20001_0310_1,6,88229436,2024-05-06,16,16:00,35.50294494628906,24.168797,14.797924,33.27458
20001_0310_1,6,88229436,2024-05-06,17,17:00,44.13485336303711,35.222977,25.388205,44.07693
20001_0310_1,6,88229436,2024-05-06,18,18:00,33.949221801757815,27.508911,17.945848,36.495407
20001_0310_1,6,88229436,2024-05-06,19,19:00,18.939999389648438,19.622532,10.781835,28.131866
20001_0310_1,6,88229436,2024-05-06,20,20:00,12.222222646077475,13.16763,5.0426717,21.054008
20001_0310_1,6,88229436,2024-05-06,21,21:00,9.25,12.266331,5.254744,19.238153
20001_0310_1,6,88229436,2024-05-06,22,22:00,14.0,13.3664465,7.2959223,19.81472
20001_0310_1,6,88229436,2024-05-06,23,23:00,,1.450726,0.0,7.1766343
20001_0310_1,6,88229436,2024-05-07,0,00:00,,0.0,0.0,4.166358
20001_0310_1,6,88229436,2024-05-07,1,01:00,,0.0,0.0,4.112922
20001_0310_1,6,88229436,2024-05-07,2,02:00,,0.0,0.0,4.059486
20001_0310_1,6,88229436,2024-05-07,3,03:00,,0.4258324,0.0,6.2770834
20001_0310_1,6,88229436,2024-05-07,4,04:00,,0.96019346,0.0,8.387809
20001_0310_1,6,88229436,2024-05-07,5,05:00,25.088468551635742,30.5905,22.094162,39.514324
20001_0310_1,6,88229436,2024-05-07,6,06:00,40.258121490478516,36.014263,26.288895,45.793064
20001_0310_1,6,88229436,2024-05-07,7,07:00,45.768070220947266,31.685938,21.693392,41.304432
20001_0310_1,6,88229436,2024-05-07,8,08:00,25.863421122233074,27.624796,18.387035,36.60206
20001_0310_1,6,88229436,2024-05-07,9,09:00,27.761322021484375,24.97971,16.740534,33.235584
20001_0310_1,6,88229436,2024-05-07,10,10:00,15.953781127929688,16.299688,8.415779,23.965677
20001_0310_1,6,88229436,2024-05-07,11,11:00,9.93828296661377,18.84124,11.580614,26.288897
20001_0310_1,6,88229436,2024-05-07,12,12:00,27.255355834960938,26.903412,19.722937,34.464615
20001_0310_1,6,88229436,2024-05-07,13,13:00,19.45554478963216,21.746826,14.436104,29.414906
20001_0310_1,6,88229436,2024-05-07,14,14:00,16.083332061767578,19.085043,11.557236,26.853315
20001_0310_1,6,88229436,2024-05-07,15,15:00,16.174602508544922,22.842266,14.963785,30.470268
20001_0310_1,6,88229436,2024-05-07,16,16:00,29.18157958984375,29.06757,20.998718,36.97611
20001_0310_1,6,88229436,2024-05-07,17,17:00,56.63999938964844,42.640335,33.983692,50.442005
20001_0310_1,6,88229436,2024-05-07,18,18:00,26.66974792480469,29.735521,21.412851,37.857803
20001_0310_1,6,88229436,2024-05-07,19,19:00,21.217857360839844,20.825056,13.237134,28.42634
20001_0310_1,6,88229436,2024-05-07,20,20:00,7.4416664123535154,14.352611,7.27233,21.31266
20001_0310_1,6,88229436,2024-05-07,21,21:00,10.0,12.649336,6.450751,18.71433
20001_0310_1,6,88229436,2024-05-07,22,22:00,6.0,14.573035,8.821977,20.237259
20001_0310_1,6,88229436,2024-05-07,23,23:00,,1.3342464,0.0,6.330519
20001_0310_1,6,88229436,2024-05-08,0,00:00,,0.006017804,0.0,3.5940132
20001_0310_1,6,88229436,2024-05-08,1,01:00,,0.0,0.0,2.2917027
20001_0310_1,6,88229436,2024-05-08,2,02:00,,0.0,0.0,2.1322372
20001_0310_1,6,88229436,2024-05-08,3,03:00,,0.0,0.0,4.497656
20001_0310_1,6,88229436,2024-05-08,4,04:00,,0.0,0.0,5.5873437
20001_0310_1,6,88229436,2024-05-08,5,05:00,25.933670043945312,28.523935,21.494123,36.045437
20001_0310_1,6,88229436,2024-05-08,6,06:00,33.339107513427734,36.311214,28.045534,44.550316
20001_0310_1,6,88229436,2024-05-08,7,07:00,31.685413360595703,32.48402,24.165186,40.776276
20001_0310_1,6,88229436,2024-05-08,8,08:00,25.199724197387695,27.806335,20.00577,35.380993
20001_0310_1,6,88229436,2024-05-08,9,09:00,18.269181569417317,24.098742,17.140356,31.234865
20001_0310_1,6,88229436,2024-05-08,10,10:00,7.708333492279053,14.936066,8.1986065,21.607079
20001_0310_1,6,88229436,2024-05-08,11,11:00,12.891478538513184,17.07142,10.774988,23.837948
20001_0310_1,6,88229436,2024-05-08,12,12:00,15.079999923706055,25.334606,18.859604,32.324554
20001_0310_1,6,88229436,2024-05-08,13,13:00,30.621076583862305,20.238323,13.773289,27.660162
20001_0310_1,6,88229436,2024-05-08,14,14:00,13.29629643758138,18.560604,11.597236,25.856194
20001_0310_1,6,88229436,2024-05-08,15,15:00,21.00653584798177,22.318033,15.198522,29.719934
20001_0310_1,6,88229436,2024-05-08,16,16:00,29.375,27.939226,20.45759,35.30126
20001_0310_1,6,88229436,2024-05-08,17,17:00,23.55555534362793,44.656628,36.57699,52.098396
20001_0310_1,6,88229436,2024-05-08,18,18:00,31.151148478190105,29.188377,21.587143,36.736458
20001_0310_1,6,88229436,2024-05-08,19,19:00,14.009374618530273,20.524036,13.514155,27.633583
20001_0310_1,6,88229436,2024-05-08,20,20:00,14.833333969116211,12.922801,6.677031,19.314747
20001_0310_1,6,88229436,2024-05-08,21,21:00,18.619047164916992,11.580626,6.5042763,17.075573
20001_0310_1,6,88229436,2024-05-08,22,22:00,5.800000190734863,12.497558,7.9394746,17.281551
20001_0310_1,6,88229436,2024-05-08,23,23:00,,0.0,0.0,4.0724115
20001_0310_1,6,88229436,2024-05-09,0,00:00,,0.0,0.0,3.0474584
20001_0310_1,6,88229436,2024-05-09,1,01:00,,0.0,0.0,2.4806123
20001_0310_1,6,88229436,2024-05-09,2,02:00,,0.0,0.0,2.7898006
20001_0310_1,6,88229436,2024-05-09,3,03:00,,0.0,0.0,3.691603
20001_0310_1,6,88229436,2024-05-09,4,04:00,,0.0,0.0,5.082953
20001_0310_1,6,88229436,2024-05-09,5,05:00,22.749792098999023,26.932316,20.072182,33.476818
20001_0310_1,6,88229436,2024-05-09,6,06:00,41.187679290771484,34.224026,26.313938,41.335377
20001_0310_1,6,88229436,2024-05-09,7,07:00,38.966766357421875,30.565289,22.668087,37.75394
20001_0310_1,6,88229436,2024-05-09,8,08:00,21.937271118164062,26.313938,18.835426,33.038803
20001_0310_1,6,88229436,2024-05-09,9,09:00,16.928020477294922,21.431328,14.545429,27.808355
20001_0310_1,6,88229436,2024-05-09,10,10:00,15.812878608703613,13.08322,6.4743032,19.498894
20001_0310_1,6,88229436,2024-05-09,11,11:00,17.09166717529297,15.318401,8.889844,21.914434
20001_0310_1,6,88229436,2024-05-09,12,12:00,19.540773391723633,23.157633,16.613129,30.075737
20001_0310_1,6,88229436,2024-05-09,13,13:00,27.01893361409505,20.323399,13.559887,27.70529
20001_0310_1,6,88229436,2024-05-09,14,14:00,17.149999618530273,17.451323,10.294883,24.91695
20001_0310_1,6,88229436,2024-05-09,15,15:00,41.42856979370117,20.748535,13.360204,28.452496
20001_0310_1,6,88229436,2024-05-09,16,16:00,21.160000610351563,25.901688,18.199333,33.605648
20001_0310_1,6,88229436,2024-05-09,17,17:00,48.71604919433594,37.212856,28.942045,44.94258
20001_0310_1,6,88229436,2024-05-09,18,18:00,39.90043334960937,28.194838,20.18813,35.92457
20001_0310_1,6,88229436,2024-05-09,19,19:00,19.0,19.350742,11.8722315,26.648895
20001_0310_1,6,88229436,2024-05-09,20,20:00,13.274510701497396,13.30223,6.847908,20.007769
20001_0310_1,6,88229436,2024-05-09,21,21:00,8.0,12.013943,6.4098897,17.727499
20001_0310_1,6,88229436,2024-05-09,22,22:00,13.272727012634277,11.7434025,7.015386,16.799932
20001_0310_1,6,88229436,2024-05-09,23,23:00,,0.57394624,0.0,4.902593
20001_0310_1,6,88229436,2024-05-10,0,00:00,,0.23797983,0.0,3.8985503
20001_0310_1,6,88229436,2024-05-10,1,01:00,,0.2888211,0.0,3.49182
20001_0310_1,6,88229436,2024-05-10,2,02:00,,0.0,0.0,3.237614
20001_0310_1,6,88229436,2024-05-10,3,03:00,,0.0,0.0,4.0764947
20001_0310_1,6,88229436,2024-05-10,4,04:00,,0.0,0.0,5.5254707
20001_0310_1,6,88229436,2024-05-10,5,05:00,24.217098236083984,26.777113,19.862701,34.174515
20001_0310_1,6,88229436,2024-05-10,6,06:00,43.68320846557617,36.53863,28.27693,44.825756
20001_0310_1,6,88229436,2024-05-10,7,07:00,40.93291473388672,31.759556,23.269066,40.351723
20001_0310_1,6,88229436,2024-05-10,8,08:00,41.223060607910156,27.717674,19.519524,35.598064
20001_0310_1,6,88229436,2024-05-10,9,09:00,25.58453623453776,21.426071,13.930164,28.77263
20001_0310_1,6,88229436,2024-05-10,10,10:00,8.483333587646484,13.914277,6.9363155,20.98121
20001_0310_1,6,88229436,2024-05-10,11,11:00,12.875,16.108395,9.374312,23.368366
20001_0310_1,6,88229436,2024-05-10,12,12:00,20.051830291748047,24.23505,17.368305,31.632454
20001_0310_1,6,88229436,2024-05-10,13,13:00,21.29772186279297,21.870934,14.702317,29.802166
20001_0310_1,6,88229436,2024-05-10,14,14:00,13.306818008422852,19.818218,12.274648,27.895622
20001_0310_1,6,88229436,2024-05-10,15,15:00,29.909090042114258,24.641779,16.743908,32.979744
20001_0310_1,6,88229436,2024-05-10,16,16:00,25.96363639831543,26.827955,18.679056,35.2676
20001_0310_1,6,88229436,2024-05-10,17,17:00,,37.962185,29.09039,46.350994
20001_0310_1,6,88229436,2024-05-10,18,18:00,13.8,29.98011,21.476912,38.34349
20001_0310_1,6,88229436,2024-05-10,19,19:00,12.910714149475098,20.803267,12.986423,28.65824
20001_0310_1,6,88229436,2024-05-10,20,20:00,13.722221374511719,13.552032,6.8282766,20.771488
20001_0310_1,6,88229436,2024-05-10,21,21:00,21.831817626953125,13.037266,7.393887,19.29074
20001_0310_1,6,88229436,2024-05-10,22,22:00,10.5,12.058571,7.508278,17.514473
20001_0310_1,6,88229436,2024-05-10,23,23:00,,1.5598525,0.0,6.3389306
20001_0310_1,6,88229436,2024-05-11,0,00:00,,0.0,0.0,3.0163448
20001_0310_1,6,88229436,2024-05-11,1,01:00,,0.0,0.0,3.1201713
20001_0310_1,6,88229436,2024-05-11,2,02:00,,0.0,0.0,3.172086
20001_0310_1,6,88229436,2024-05-11,3,03:00,,0.0,0.0,4.366092
20001_0310_1,6,88229436,2024-05-11,4,04:00,,0.31685093,0.0,6.9098463
20001_0310_1,6,88229436,2024-05-11,5,05:00,,23.807642,16.080666,32.061863
20001_0310_1,6,88229436,2024-05-11,6,06:00,,31.828257,22.652573,41.224575
20001_0310_1,6,88229436,2024-05-11,7,07:00,,20.965385,11.426307,30.582335
20001_0310_1,6,88229436,2024-05-11,8,08:00,,26.948399,18.06797,35.617928
20001_0310_1,6,88229436,2024-05-11,9,09:00,,22.224285,14.1128235,30.257874
20001_0310_1,6,88229436,2024-05-11,10,10:00,,10.790369,2.9514537,18.233448
20001_0310_1,6,88229436,2024-05-11,11,11:00,,14.774719,7.2278156,22.490341
20001_0310_1,6,88229436,2024-05-11,12,12:00,,22.198328,14.541109,29.946394
20001_0310_1,6,88229436,2024-05-11,13,13:00,,21.315804,13.327636,29.725765
20001_0310_1,6,88229436,2024-05-11,14,14:00,,18.12313,9.7488575,26.620699
20001_0310_1,6,88229436,2024-05-11,15,15:00,,20.478699,11.692363,29.342903
20001_0310_1,6,88229436,2024-05-11,16,16:00,,16.961569,7.805351,25.871199
20001_0310_1,6,88229436,2024-05-11,17,17:00,,25.806307,16.15529,34.501797
20001_0310_1,6,88229436,2024-05-11,18,18:00,,25.105476,15.968724,33.697132
20001_0310_1,6,88229436,2024-05-11,19,19:00,,18.629286,10.611918,26.458471
20001_0310_1,6,88229436,2024-05-11,20,20:00,0.0,11.4911995,4.7684207,18.480036
20001_0310_1,6,88229436,2024-05-11,21,21:00,,13.152426,7.72748,19.151663
20001_0310_1,6,88229436,2024-05-11,22,22:00,,10.6865425,6.2219954,15.800007
20001_0310_1,6,88229436,2024-05-11,23,23:00,,0.8359841,0.0,5.6120124
20001_0310_1,6,88229436,2024-05-12,0,00:00,,0.0,0.0,3.224109
20001_0310_1,6,88229436,2024-05-12,1,01:00,,0.0,0.0,2.9395173
20001_0310_1,6,88229436,2024-05-12,2,02:00,,0.0,0.0,3.3017247
20001_0310_1,6,88229436,2024-05-12,3,03:00,,0.0,0.0,4.905788
20001_0310_1,6,88229436,2024-05-12,4,04:00,,0.0,0.0,6.5357213
20001_0310_1,6,88229436,2024-05-12,5,05:00,,23.546543,15.91431,31.73502
20001_0310_1,6,88229436,2024-05-12,6,06:00,,31.760895,22.537537,40.76434
20001_0310_1,6,88229436,2024-05-12,7,07:00,,21.619081,11.968836,30.751886
20001_0310_1,6,88229436,2024-05-12,8,08:00,,24.853079,15.783335,33.33909
20001_0310_1,6,88229436,2024-05-12,9,09:00,,20.53246,12.124068,28.475153
20001_0310_1,6,88229436,2024-05-12,10,10:00,,7.984552,0.0,15.603849
20001_0310_1,6,88229436,2024-05-12,11,11:00,,13.792809,5.8371778,21.347424
20001_0310_1,6,88229436,2024-05-12,12,12:00,,22.408176,14.43314,30.195642
20001_0310_1,6,88229436,2024-05-12,13,13:00,,20.053827,11.735989,28.190563
20001_0310_1,6,88229436,2024-05-12,14,14:00,,17.345356,8.70735,25.731108
20001_0310_1,6,88229436,2024-05-12,15,15:00,,20.273739,11.347907,28.863232
20001_0310_1,6,88229436,2024-05-12,16,16:00,,15.455085,6.1076217,24.373234
20001_0310_1,6,88229436,2024-05-12,17,17:00,,19.048054,9.310491,27.770142
20001_0310_1,6,88229436,2024-05-12,18,18:00,,24.154535,14.795349,32.951008
20001_0310_1,6,88229436,2024-05-12,19,19:00,,17.550714,9.336362,25.739193
20001_0310_1,6,88229436,2024-05-12,20,20:00,,11.322037,4.1555014,18.834612
20001_0310_1,6,88229436,2024-05-12,21,21:00,,12.046452,6.134706,18.556486
20001_0310_1,6,88229436,2024-05-12,22,22:00,,11.05038,6.0182824,17.049442
20001_0310_1,6,88229436,2024-05-12,23,23:00,,0.35232,0.0,5.9406667
20001_0310_1,6,88229436,2024-05-13,0,00:00,,0.0,0.0,4.221889
20001_0310_1,6,88229436,2024-05-13,1,01:00,,0.0,0.0,3.4989333
20001_0310_1,6,88229436,2024-05-13,2,02:00,,0.0,0.0,3.4989333
20001_0310_1,6,88229436,2024-05-13,3,03:00,,0.0,0.0,3.7054918
20001_0310_1,6,88229436,2024-05-13,4,04:00,,0.0,0.0,6.055098
20001_0310_1,6,88229436,2024-05-13,5,05:00,19.138057708740234,28.027796,20.630407,35.618828
20001_0310_1,6,88229436,2024-05-13,6,06:00,39.046817779541016,38.200813,29.318783,46.566444
20001_0310_1,6,88229436,2024-05-13,7,07:00,40.501165771484374,33.243404,23.974083,41.557404
20001_0310_1,6,88229436,2024-05-13,8,08:00,26.701692581176758,26.426964,17.586891,34.353657
20001_0310_1,6,88229436,2024-05-13,9,09:00,24.144046783447266,21.96013,13.833332,29.53826
20001_0310_1,6,88229436,2024-05-13,10,10:00,23.0,11.980755,4.1056995,19.468512
20001_0310_1,6,88229436,2024-05-13,11,11:00,11.992361068725586,15.582624,7.796326,23.197868
20001_0310_1,6,88229436,2024-05-13,12,12:00,26.713623046875,23.922438,15.824685,31.926594
20001_0310_1,6,88229436,2024-05-13,13,13:00,28.782737731933594,20.410938,11.935572,29.06059
20001_0310_1,6,88229436,2024-05-13,14,14:00,9.596428871154785,15.792411,6.904733,24.668795
20001_0310_1,6,88229436,2024-05-13,15,15:00,32.875,21.508282,12.290592,30.312849
20001_0310_1,6,88229436,2024-05-13,16,16:00,19.041919708251953,25.962204,16.51214,34.92169
20001_0310_1,6,88229436,2024-05-13,17,17:00,34.241188049316406,35.82539,26.039665,44.655777
20001_0310_1,6,88229436,2024-05-13,18,18:00,20.66136360168457,28.363455,19.006983,37.37458
20001_0310_1,6,88229436,2024-05-13,19,19:00,19.206666310628254,19.016666,10.586483,27.369387
20001_0310_1,6,88229436,2024-05-13,20,20:00,13.797979990641275,11.632187,4.028241,19.261953
20001_0310_1,6,88229436,2024-05-13,21,21:00,14.479166984558105,11.490177,5.1255827,17.948368
20001_0310_1,6,88229436,2024-05-13,22,22:00,16.0,10.947961,5.525792,16.738062
20001_0310_1,6,88229436,2024-05-13,23,23:00,,1.1235068,0.0,6.2100177
20001_0310_1,6,88229436,2024-05-14,0,00:00,,0.0,0.0,4.478772
20001_0310_1,6,88229436,2024-05-14,1,01:00,,0.17257288,0.0,4.2712445
20001_0310_1,6,88229436,2024-05-14,2,02:00,,0.0,0.0,4.115598
20001_0310_1,6,88229436,2024-05-14,3,03:00,,0.0,0.0,5.2051196
20001_0310_1,6,88229436,2024-05-14,4,04:00,,1.1583292,0.0,8.0067425
20001_0310_1,6,88229436,2024-05-14,5,05:00,27.94624900817871,25.465008,17.283878,33.714233
20001_0310_1,6,88229436,2024-05-14,6,06:00,27.283670043945314,37.423786,27.799694,46.710655
20001_0310_1,6,88229436,2024-05-14,7,07:00,32.330238342285156,33.480762,23.480524,42.66386
20001_0310_1,6,88229436,2024-05-14,8,08:00,22.072268676757812,27.488405,17.935646,36.126743
20001_0310_1,6,88229436,2024-05-14,9,09:00,21.663461685180664,22.81903,14.115838,30.64023
20001_0310_1,6,88229436,2024-05-14,10,10:00,14.873611450195312,14.874612,6.4470434,22.413704
20001_0310_1,6,88229436,2024-05-14,11,11:00,16.177082061767578,16.230026,8.243453,23.652384
20001_0310_1,6,88229436,2024-05-14,12,12:00,21.28430684407552,23.54538,15.202117,31.288754
20001_0310_1,6,88229436,2024-05-14,13,13:00,25.882049560546875,21.924068,13.441372,30.328938
20001_0310_1,6,88229436,2024-05-14,14,14:00,14.166666666666666,17.549776,8.767951,26.122454
20001_0310_1,6,88229436,2024-05-14,15,15:00,13.822222391764322,22.948736,13.869399,31.52222
20001_0310_1,6,88229436,2024-05-14,16,16:00,18.241270065307617,26.83988,17.56923,35.58198
20001_0310_1,6,88229436,2024-05-14,17,17:00,54.498199462890625,38.150135,28.526041,46.970062
20001_0310_1,6,88229436,2024-05-14,18,18:00,36.09523010253906,27.877518,18.636053,36.90497
20001_0310_1,6,88229436,2024-05-14,19,19:00,13.575757344563803,19.148386,10.665693,27.631083
20001_0310_1,6,88229436,2024-05-14,20,20:00,11.676190376281738,12.974438,5.244031,20.821577
20001_0310_1,6,88229436,2024-05-14,21,21:00,7.0,12.5464115,5.788791,19.252151
20001_0310_1,6,88229436,2024-05-14,22,22:00,10.0,11.742242,5.5812635,17.731361
20001_0310_1,6,88229436,2024-05-14,23,23:00,,1.5215031,0.0,6.81346
20001_0310_1,6,88229436,2024-05-15,0,00:00,,0.0,0.0,3.1825104
20001_0310_1,6,88229436,2024-05-15,1,01:00,,0.0,0.0,2.4509192
20001_0310_1,6,88229436,2024-05-15,2,02:00,,0.0,0.0,2.8689704
20001_0310_1,6,88229436,2024-05-15,3,03:00,,0.0,0.0,4.671821
20001_0310_1,6,88229436,2024-05-15,4,04:00,,0.0,0.0,6.1611333
20001_0310_1,6,88229436,2024-05-15,5,05:00,24.69700813293457,23.719337,16.365862,31.570885
20001_0310_1,6,88229436,2024-05-15,6,06:00,36.18257141113281,35.738346,27.089884,44.62196
20001_0310_1,6,88229436,2024-05-15,7,07:00,33.28042984008789,32.080383,23.157576,41.173027
20001_0310_1,6,88229436,2024-05-15,8,08:00,28.256048583984374,25.78347,17.304844,34.17065
20001_0310_1,6,88229436,2024-05-15,9,09:00,13.6875,21.851164,14.064937,29.702707
20001_0310_1,6,88229436,2024-05-15,10,10:00,19.005555470784504,13.372539,5.841062,20.969336
20001_0310_1,6,88229436,2024-05-15,11,11:00,15.100015640258789,14.842255,7.656978,22.71993
20001_0310_1,6,88229436,2024-05-15,12,12:00,38.296295166015625,21.45924,13.94736,29.493685
20001_0310_1,6,88229436,2024-05-15,13,13:00,17.81261698404948,21.576818,13.8493805,30.159954
20001_0310_1,6,88229436,2024-05-15,14,14:00,10.714285532633463,16.362593,8.205669,24.901638
20001_0310_1,6,88229436,2024-05-15,15,15:00,25.467984517415363,22.491306,14.339284,31.009127
20001_0310_1,6,88229436,2024-05-15,16,16:00,28.257692337036133,25.443804,16.91945,33.830982
20001_0310_1,6,88229436,2024-05-15,17,17:00,43.16716766357422,39.082764,30.277533,47.65284
20001_0310_1,6,88229436,2024-05-15,18,18:00,32.33580780029297,28.030502,19.545345,36.522198
20001_0310_1,6,88229436,2024-05-15,19,19:00,23.3751708984375,17.850271,10.178357,25.763872
20001_0310_1,6,88229436,2024-05-15,20,20:00,16.090909322102863,12.392728,5.5863113,19.52575
20001_0310_1,6,88229436,2024-05-15,21,21:00,12.79230785369873,12.170638,6.474673,18.3859
20001_0310_1,6,88229436,2024-05-15,22,22:00,8.333333015441895,10.616006,5.6255054,16.01966
20001_0310_1,6,88229436,2024-05-15,23,23:00,,0.6741952,0.0,5.2989006
20001_0310_1,6,88229436,2024-05-16,0,00:00,,0.0,0.0,3.4714236
20001_0310_1,6,88229436,2024-05-16,1,01:00,,0.0,0.0,3.2672834
20001_0310_1,6,88229436,2024-05-16,2,02:00,,0.0,0.0,3.0121074
20001_0310_1,6,88229436,2024-05-16,3,03:00,,0.0,0.0,4.160397
20001_0310_1,6,88229436,2024-05-16,4,04:00,,0.0,0.0,5.589377
20001_0310_1,6,88229436,2024-05-16,5,05:00,23.86055564880371,25.493036,18.198217,32.688976
20001_0310_1,6,88229436,2024-05-16,6,06:00,32.77668762207031,38.277313,29.728943,46.544987
20001_0310_1,6,88229436,2024-05-16,7,07:00,38.99128723144531,33.58209,24.62544,41.79873
20001_0310_1,6,88229436,2024-05-16,8,08:00,20.001792907714844,27.559956,19.024347,35.393833
20001_0310_1,6,88229436,2024-05-16,9,09:00,24.213436126708984,21.129543,13.346703,28.593414
20001_0310_1,6,88229436,2024-05-16,10,10:00,19.02418390909831,14.69913,7.1587057,22.188522
20001_0310_1,6,88229436,2024-05-16,11,11:00,9.012499809265137,17.459805,10.021449,25.280922
20001_0310_1,6,88229436,2024-05-16,12,12:00,21.949241638183594,25.008204,17.295536,33.224846
20001_0310_1,6,88229436,2024-05-16,13,13:00,17.349903106689453,23.324049,15.260513,31.923449
20001_0310_1,6,88229436,2024-05-16,14,14:00,11.722221374511719,16.893635,8.516713,25.48586
20001_0310_1,6,88229436,2024-05-16,15,15:00,11.133333841959635,25.77373,17.357735,34.322098
20001_0310_1,6,88229436,2024-05-16,16,16:00,36.623512268066406,26.028904,17.47416,34.577274
20001_0310_1,6,88229436,2024-05-16,17,17:00,41.93560791015625,39.34905,30.46895,47.514652
20001_0310_1,6,88229436,2024-05-16,18,18:00,27.014902750651043,31.030336,22.469212,39.24698
20001_0310_1,6,88229436,2024-05-16,19,19:00,23.172916412353516,19.9366,12.300484,27.700304
20001_0310_1,6,88229436,2024-05-16,20,20:00,7.629629770914714,13.7230835,7.0055976,20.529879
20001_0310_1,6,88229436,2024-05-16,21,21:00,24.82105255126953,13.168078,7.541467,19.056244
20001_0310_1,6,88229436,2024-05-16,22,22:00,12.666666984558105,11.471165,6.6738715,16.643246
20001_0310_1,6,88229436,2024-05-16,23,23:00,,0.91967285,0.0,5.3597198
20001_0310_1,6,88229436,2024-05-17,0,00:00,,0.575464,0.0,4.602741
20001_0310_1,6,88229436,2024-05-17,1,01:00,,0.5244861,0.0,4.0674696
20001_0310_1,6,88229436,2024-05-17,2,02:00,,0.0,0.0,3.4302425
20001_0310_1,6,88229436,2024-05-17,3,03:00,,0.0,0.0,4.6027412
20001_0310_1,6,88229436,2024-05-17,4,04:00,,0.0,0.0,5.494859
20001_0310_1,6,88229436,2024-05-17,5,05:00,21.840946197509766,23.120567,15.469062,30.588875
20001_0310_1,6,88229436,2024-05-17,6,06:00,32.53819274902344,38.503235,29.505587,47.016594
20001_0310_1,6,88229436,2024-05-17,7,07:00,33.12672424316406,32.589767,23.311737,41.459972
20001_0310_1,6,88229436,2024-05-17,8,08:00,19.024436950683594,28.613466,19.603071,36.718998
20001_0310_1,6,88229436,2024-05-17,9,09:00,15.215789794921875,21.705923,13.466576,29.429117
20001_0310_1,6,88229436,2024-05-17,10,10:00,17.344242095947266,13.893516,6.011014,21.457405
20001_0310_1,6,88229436,2024-05-17,11,11:00,25.51831817626953,14.951314,7.1293497,22.881609
20001_0310_1,6,88229436,2024-05-17,12,12:00,23.73737335205078,21.909836,13.868027,30.155558
20001_0310_1,6,88229436,2024-05-17,13,13:00,14.057342529296875,21.50201,13.211681,30.42319
20001_0310_1,6,88229436,2024-05-17,14,14:00,19.0,16.534822,7.7844977,25.652353
20001_0310_1,6,88229436,2024-05-17,15,15:00,26.837203979492188,24.280321,15.161599,33.507374
20001_0310_1,6,88229436,2024-05-17,16,16:00,33.1000010172526,24.30581,14.890779,33.63482
20001_0310_1,6,88229436,2024-05-17,17,17:00,39.79154968261719,36.718998,26.676298,45.844093
20001_0310_1,6,88229436,2024-05-17,18,18:00,43.32143020629883,28.358576,18.698208,37.407204
20001_0310_1,6,88229436,2024-05-17,19,19:00,12.533333587646485,19.34181,10.5990505,28.0081
20001_0310_1,6,88229436,2024-05-17,20,20:00,10.237500190734863,12.924931,5.2718306,20.71822
20001_0310_1,6,88229436,2024-05-17,21,21:00,12.833333015441895,14.979988,8.464338,21.744156
20001_0310_1,6,88229436,2024-05-17,22,22:00,10.0,11.064227,5.6987724,16.99044
20001_0310_1,6,88229436,2024-05-17,23,23:00,,1.696984,0.0,6.8202925
20001_0310_1,6,88229436,2024-05-18,0,00:00,,0.0,0.0,3.248417
20001_0310_1,6,88229436,2024-05-18,1,01:00,,0.0,0.0,3.197448
20001_0310_1,6,88229436,2024-05-18,2,02:00,,0.0,0.0,3.6052043
20001_0310_1,6,88229436,2024-05-18,3,03:00,,0.0,0.0,4.31878
20001_0310_1,6,88229436,2024-05-18,4,04:00,,0.8018747,0.0,7.5808372
20001_0310_1,6,88229436,2024-05-18,5,05:00,,20.934887,13.327666,29.29391
20001_0310_1,6,88229436,2024-05-18,6,06:00,,29.064547,20.087519,38.570385
20001_0310_1,6,88229436,2024-05-18,7,07:00,,18.339415,8.967173,28.080791
20001_0310_1,6,88229436,2024-05-18,8,08:00,,25.496668,16.584942,34.441833
20001_0310_1,6,88229436,2024-05-18,9,09:00,,21.597492,13.286252,29.981997
20001_0310_1,6,88229436,2024-05-18,10,10:00,,12.728771,4.656453,20.673666
20001_0310_1,6,88229436,2024-05-18,11,11:00,,16.436815,8.487143,24.74646
20001_0310_1,6,88229436,2024-05-18,12,12:00,,23.024641,14.97303,31.447372
20001_0310_1,6,88229436,2024-05-18,13,13:00,,21.495552,13.200242,30.555408
20001_0310_1,6,88229436,2024-05-18,14,14:00,,18.150667,9.571838,27.436703
20001_0310_1,6,88229436,2024-05-18,15,15:00,,20.922142,11.925999,30.568146
20001_0310_1,6,88229436,2024-05-18,16,16:00,11.0,16.571009,7.061187,26.429655
20001_0310_1,6,88229436,2024-05-18,17,17:00,,25.624092,15.589442,35.5122
20001_0310_1,6,88229436,2024-05-18,18,18:00,,25.165367,15.500245,35.078957
20001_0310_1,6,88229436,2024-05-18,19,19:00,,17.386124,8.883749,26.544733
20001_0310_1,6,88229436,2024-05-18,20,20:00,,9.696078,2.4329028,17.806622
20001_0310_1,6,88229436,2024-05-18,21,21:00,,12.728771,6.829034,19.737099
20001_0310_1,6,88229436,2024-05-18,22,22:00,,10.358684,5.5930223,16.363546
20001_0310_1,6,88229436,2024-05-18,23,23:00,,1.209631,0.0,6.5614433
20001_0310_1,6,88229436,2024-05-19,0,00:00,,0.0,0.0,2.7899487
20001_0310_1,6,88229436,2024-05-19,1,01:00,,0.0,0.0,2.6889515
20001_0310_1,6,88229436,2024-05-19,2,02:00,,0.0,0.0,2.234461
20001_0310_1,6,88229436,2024-05-19,3,03:00,,0.0,0.0,3.6736796
20001_0310_1,6,88229436,2024-05-19,4,04:00,,1.022487,0.0,7.0318565
20001_0310_1,6,88229436,2024-05-19,5,05:00,,23.153633,16.288939,30.576973
20001_0310_1,6,88229436,2024-05-19,6,06:00,,31.271332,22.82539,39.603653
20001_0310_1,6,88229436,2024-05-19,7,07:00,,22.15628,13.306348,30.564346
20001_0310_1,6,88229436,2024-05-19,8,08:00,,24.226736,15.728717,32.28131
20001_0310_1,6,88229436,2024-05-19,9,09:00,,20.31307,12.334242,28.052029
20001_0310_1,6,88229436,2024-05-19,10,10:00,,10.516281,2.5500789,18.305737
20001_0310_1,6,88229436,2024-05-19,11,11:00,,14.799221,6.6862555,23.07315
20001_0310_1,6,88229436,2024-05-19,12,12:00,,22.257277,13.760837,31.132462
20001_0310_1,6,88229436,2024-05-19,13,13:00,,20.603437,11.639884,30.059359
20001_0310_1,6,88229436,2024-05-19,14,14:00,,15.635609,6.214407,25.277742
20001_0310_1,6,88229436,2024-05-19,15,15:00,,20.881182,11.28639,30.589598
20001_0310_1,6,88229436,2024-05-19,16,16:00,,17.479214,7.6161456,27.310717
20001_0310_1,6,88229436,2024-05-19,17,17:00,,21.941658,11.791378,31.473328
20001_0310_1,6,88229436,2024-05-19,18,18:00,,25.918447,16.105879,35.412247
20001_0310_1,6,88229436,2024-05-19,19,19:00,,18.25524,9.654645,26.912645
20001_0310_1,6,88229436,2024-05-19,20,20:00,,11.147518,3.6610556,18.867538
20001_0310_1,6,88229436,2024-05-19,21,21:00,,12.599361,6.6404905,19.126345
20001_0310_1,6,88229436,2024-05-19,22,22:00,,10.655153,5.819883,16.304718
20001_0310_1,6,88229436,2024-05-19,23,23:00,,1.1234851,0.0,5.97138
20001_0310_1,6,88229436,2024-05-20,0,00:00,,0.0,0.0,3.8227093
20001_0310_1,6,88229436,2024-05-20,1,01:00,,0.08995679,0.0,3.1669567
20001_0310_1,6,88229436,2024-05-20,2,02:00,,0.039514005,0.0,3.5452754
20001_0310_1,6,88229436,2024-05-20,3,03:00,,0.0,0.0,3.3435059
20001_0310_1,6,88229436,2024-05-20,4,04:00,,0.5439402,0.0,6.6222754
20001_0310_1,6,88229436,2024-05-20,5,05:00,21.3526554107666,24.251968,16.88577,31.894026
20001_0310_1,6,88229436,2024-05-20,6,06:00,32.610084533691406,35.752888,26.79932,44.429016
20001_0310_1,6,88229436,2024-05-20,7,07:00,38.60761642456055,32.17146,22.73869,40.94847
20001_0310_1,6,88229436,2024-05-20,8,08:00,28.58116912841797,24.781616,15.742932,33.003765
20001_0310_1,6,88229436,2024-05-20,9,09:00,14.629567464192709,19.926516,11.4647665,27.795563
20001_0310_1,6,88229436,2024-05-20,10,10:00,23.308858235677082,13.614882,5.266629,21.48393
20001_0310_1,6,88229436,2024-05-20,11,11:00,16.164684295654297,15.839876,7.3544827,24.07621
20001_0310_1,6,88229436,2024-05-20,12,12:00,21.07310676574707,24.932943,16.07396,33.609074
20001_0310_1,6,88229436,2024-05-20,13,13:00,18.81015968322754,22.612585,13.558135,31.730085
20001_0310_1,6,88229436,2024-05-20,14,14:00,17.307098388671875,15.088753,5.712732,24.275614
20001_0310_1,6,88229436,2024-05-20,15,15:00,14.954545021057129,23.49533,14.008966,32.650665
20001_0310_1,6,88229436,2024-05-20,16,16:00,22.212122599283855,24.100641,14.390438,33.33164
20001_0310_1,6,88229436,2024-05-20,17,17:00,54.4470100402832,31.919245,21.855944,40.898033
20001_0310_1,6,88229436,2024-05-20,18,18:00,24.25,29.346674,19.655386,38.3759
20001_0310_1,6,88229436,2024-05-20,19,19:00,11.133333587646485,19.075296,10.436998,27.322664
20001_0310_1,6,88229436,2024-05-20,20,20:00,12.88888931274414,12.877159,5.2981563,20.178728
20001_0310_1,6,88229436,2024-05-20,21,21:00,9.866666793823242,13.047403,6.8555727,19.106823
20001_0310_1,6,88229436,2024-05-20,22,22:00,,10.5568,5.449485,15.845393
20001_0310_1,6,88229436,2024-05-20,23,23:00,,1.3005794,0.0,5.865636
20001_0310_1,6,88229436,2024-05-21,0,00:00,,0.38620466,0.0,4.5103593
20001_0310_1,6,88229436,2024-05-21,1,01:00,,0.33528823,0.0,3.8993711
20001_0310_1,6,88229436,2024-05-21,2,02:00,,0.0,0.0,3.7466264
20001_0310_1,6,88229436,2024-05-21,3,03:00,,0.0,0.0,4.306697
20001_0310_1,6,88229436,2024-05-21,4,04:00,8.0,0.43711963,0.0,6.8015556
20001_0310_1,6,88229436,2024-05-21,5,05:00,27.636118570963543,22.649002,15.103965,30.464529
20001_0310_1,6,88229436,2024-05-21,6,06:00,36.18785858154297,36.230705,27.218666,45.039085
20001_0310_1,6,88229436,2024-05-21,7,07:00,34.427815755208336,32.055637,22.610817,40.762188
20001_0310_1,6,88229436,2024-05-21,8,08:00,33.208673095703126,24.698349,15.762681,32.946655
20001_0310_1,6,88229436,2024-05-21,9,09:00,24.43072001139323,19.83592,11.676712,27.587805
20001_0310_1,6,88229436,2024-05-21,10,10:00,18.615384419759113,14.566166,6.527883,22.044378
20001_0310_1,6,88229436,2024-05-21,11,11:00,24.055557250976562,14.925756,7.107047,22.585356
20001_0310_1,6,88229436,2024-05-21,12,12:00,23.71428680419922,23.45092,15.326718,31.47011
20001_0310_1,6,88229436,2024-05-21,13,13:00,18.187761306762695,21.477945,13.267822,29.955374
20001_0310_1,6,88229436,2024-05-21,14,14:00,16.545454661051433,14.7825575,6.352863,23.29499
20001_0310_1,6,88229436,2024-05-21,15,15:00,20.5,21.325197,12.6568365,29.611692
20001_0310_1,6,88229436,2024-05-21,16,16:00,31.164706420898437,26.04761,17.26469,34.37229
20001_0310_1,6,88229436,2024-05-21,17,17:00,28.552631378173828,39.285633,30.019016,47.686687
20001_0310_1,6,88229436,2024-05-21,18,18:00,9.1,29.102541,20.255976,37.605423
20001_0310_1,6,88229436,2024-05-21,19,19:00,11.027778625488281,18.391193,10.365639,26.353104
20001_0310_1,6,88229436,2024-05-21,20,20:00,10.974358876546225,12.134953,4.9304113,19.339495
20001_0310_1,6,88229436,2024-05-21,21,21:00,10.4375,12.236783,6.2160277,18.423016
20001_0310_1,6,88229436,2024-05-21,22,22:00,,9.601907,4.5103583,15.116691
20001_0310_1,6,88229436,2024-05-21,23,23:00,,0.9971894,0.0,5.5795836
20001_0310_1,6,88229436,2024-05-22,0,00:00,,0.0,0.0,3.5444174
20001_0310_1,6,88229436,2024-05-22,1,01:00,,0.0,0.0,2.8544645
20001_0310_1,6,88229436,2024-05-22,2,02:00,,0.0,0.0,3.4951353
20001_0310_1,6,88229436,2024-05-22,3,03:00,,1.0310174,0.0,6.057817
20001_0310_1,6,88229436,2024-05-22,4,04:00,,8.029111,2.2384343,14.919398
20001_0310_1,6,88229436,2024-05-22,5,05:00,31.26910909016927,23.922668,16.248482,32.349945
20001_0310_1,6,88229436,2024-05-22,6,06:00,26.732791900634766,34.88799,25.86932,44.300915
20001_0310_1,6,88229436,2024-05-22,7,07:00,39.022518157958984,31.290379,22.07458,40.75259
20001_0310_1,6,88229436,2024-05-22,8,08:00,31.99378776550293,25.696833,17.095524,34.592297
20001_0310_1,6,88229436,2024-05-22,9,09:00,97.2957763671875,20.325058,12.341319,28.678417
20001_0310_1,6,88229436,2024-05-22,10,10:00,14.27197011311849,15.729478,7.7826986,24.070515
20001_0310_1,6,88229436,2024-05-22,11,11:00,13.513635635375977,16.938435,8.9608555,25.569008
20001_0310_1,6,88229436,2024-05-22,12,12:00,25.12535858154297,22.91238,14.73767,31.968012
20001_0310_1,6,88229436,2024-05-22,13,13:00,27.807424545288086,19.616623,11.244785,29.109636
20001_0310_1,6,88229436,2024-05-22,14,14:00,13.4375,15.6370735,7.0604043,25.171667
20001_0310_1,6,88229436,2024-05-22,15,15:00,16.627525329589844,20.953407,12.2304325,30.551146
20001_0310_1,6,88229436,2024-05-22,16,16:00,22.965478897094727,26.140375,16.960001,35.725792
20001_0310_1,6,88229436,2024-05-22,17,17:00,79.81131744384766,36.317177,26.781044,46.27221
20001_0310_1,6,88229436,2024-05-22,18,18:00,21.017649332682293,27.569563,18.273682,37.54924
20001_0310_1,6,88229436,2024-05-22,19,19:00,13.805194091796874,16.990026,8.556585,26.298233
20001_0310_1,6,88229436,2024-05-22,20,20:00,7.972222328186035,11.540479,4.23437,20.010881
20001_0310_1,6,88229436,2024-05-22,21,21:00,9.777777671813965,12.538446,6.599923,19.807592
20001_0310_1,6,88229436,2024-05-22,22,22:00,6.357142925262451,9.359735,4.4068584,15.506166
20001_0310_1,6,88229436,2024-05-22,23,23:00,,1.0803003,0.0,6.0331764
20001_0310_1,6,88229436,2024-05-23,0,00:00,,0.0075143278,0.0,4.4859233
20001_0310_1,6,88229436,2024-05-23,1,01:00,,0.69244623,0.0,4.9601064
20001_0310_1,6,88229436,2024-05-23,2,02:00,,0.0,0.0,4.380549
20001_0310_1,6,88229436,2024-05-23,3,03:00,,0.27094895,0.0,6.1455674
20001_0310_1,6,88229436,2024-05-23,4,04:00,,7.726183,1.6935029,14.96079
20001_0310_1,6,88229436,2024-05-23,5,05:00,20.630773544311523,23.532333,15.708288,32.25206
20001_0310_1,6,88229436,2024-05-23,6,06:00,39.4307373046875,34.517605,25.455412,44.212044
20001_0310_1,6,88229436,2024-05-23,7,07:00,28.630330403645832,30.882195,21.45119,40.84007
20001_0310_1,6,88229436,2024-05-23,8,08:00,31.539403915405273,27.352152,18.14507,36.9939
20001_0310_1,6,88229436,2024-05-23,9,09:00,23.96339988708496,22.04392,13.383468,31.606642
20001_0310_1,6,88229436,2024-05-23,10,10:00,16.811111450195312,16.030174,7.4594536,25.689215
20001_0310_1,6,88229436,2024-05-23,11,11:00,11.050596237182617,18.220808,9.823791,28.158924
20001_0310_1,6,88229436,2024-05-23,12,12:00,22.901962280273438,23.598192,15.207762,33.898533
20001_0310_1,6,88229436,2024-05-23,13,13:00,15.266666412353516,19.97595,11.414285,30.618757
20001_0310_1,6,88229436,2024-05-23,14,14:00,16.153846740722656,15.777441,6.8733087,26.472935
20001_0310_1,6,88229436,2024-05-23,15,15:00,10.666666666666666,21.385332,12.336311,32.13351
20001_0310_1,6,88229436,2024-05-23,16,16:00,18.849205017089844,24.823168,15.545288,35.59769
20001_0310_1,6,88229436,2024-05-23,17,17:00,31.384408950805664,33.93805,24.21727,44.580856
20001_0310_1,6,88229436,2024-05-23,18,18:00,32.23846944173177,27.404839,18.003473,37.810555
20001_0310_1,6,88229436,2024-05-23,19,19:00,19.122222900390625,17.148954,8.688547,26.83928
20001_0310_1,6,88229436,2024-05-23,20,20:00,16.333333333333332,11.690891,4.2883453,20.318417
20001_0310_1,6,88229436,2024-05-23,21,21:00,11.666666666666666,13.218821,7.0544233,20.410622
20001_0310_1,6,88229436,2024-05-23,22,22:00,12.0,10.676664,5.5264935,16.892103
20001_0310_1,6,88229436,2024-05-23,23,23:00,,1.8515649,0.0,7.1466236
20001_0310_1,6,88229436,2024-05-24,0,00:00,,0.27927634,0.0,3.8886912
20001_0310_1,6,88229436,2024-05-24,1,01:00,,0.8588908,0.0,4.0994606
20001_0310_1,6,88229436,2024-05-24,2,02:00,,0.015816212,0.0,3.8623457
20001_0310_1,6,88229436,2024-05-24,3,03:00,,0.54273725,0.0,5.522148
20001_0310_1,6,88229436,2024-05-24,4,04:00,,7.2609906,1.4121585,14.012175
20001_0310_1,6,88229436,2024-05-24,5,05:00,23.743194580078125,22.792011,14.74328,30.998817
20001_0310_1,6,88229436,2024-05-24,6,06:00,37.0625,33.896893,24.464993,43.381485
20001_0310_1,6,88229436,2024-05-24,7,07:00,38.806556701660156,29.786898,20.091537,39.508606
20001_0310_1,6,88229436,2024-05-24,8,08:00,32.68739700317383,26.203829,16.775223,35.45131
20001_0310_1,6,88229436,2024-05-24,9,09:00,24.983600616455078,22.765667,14.038524,31.749685
20001_0310_1,6,88229436,2024-05-24,10,10:00,15.29444408416748,14.927704,6.45085,23.83927
20001_0310_1,6,88229436,2024-05-24,11,11:00,20.864217122395832,16.568571,8.276549,25.74401
20001_0310_1,6,88229436,2024-05-24,12,12:00,23.300926208496094,21.777687,13.43915,31.301802
20001_0310_1,6,88229436,2024-05-24,13,13:00,17.88095219930013,18.382336,9.928533,28.304934
20001_0310_1,6,88229436,2024-05-24,14,14:00,18.01082992553711,16.459892,7.7451,26.450825
20001_0310_1,6,88229436,2024-05-24,15,15:00,13.0,19.940048,10.962615,30.037186
20001_0310_1,6,88229436,2024-05-24,16,16:00,22.574167251586914,23.64826,14.130732,33.844196
20001_0310_1,6,88229436,2024-05-24,17,17:00,31.93420918782552,33.36997,23.305761,43.32879
20001_0310_1,6,88229436,2024-05-24,18,18:00,28.61931800842285,28.285172,18.668846,38.217648
20001_0310_1,6,88229436,2024-05-24,19,19:00,25.74550437927246,17.85706,9.327511,26.821318
20001_0310_1,6,88229436,2024-05-24,20,20:00,12.0,11.673962,4.4287868,19.551445
20001_0310_1,6,88229436,2024-05-24,21,21:00,12.285714149475098,13.623572,7.7483945,19.867598
20001_0310_1,6,88229436,2024-05-24,22,22:00,10.0,10.554253,5.7592635,15.8679285
20001_0310_1,6,88229436,2024-05-24,23,23:00,,1.5965815,0.0,6.049071
20001_0310_1,6,88229436,2024-05-25,0,00:00,,0.0,0.0,3.6680226
20001_0310_1,6,88229436,2024-05-25,1,01:00,,0.0,0.0,3.3558815
20001_0310_1,6,88229436,2024-05-25,2,02:00,,0.0,0.0,3.9021285
20001_0310_1,6,88229436,2024-05-25,3,03:00,,0.0,0.0,5.072655
20001_0310_1,6,88229436,2024-05-25,4,04:00,,8.584236,2.731601,15.599269
20001_0310_1,6,88229436,2024-05-25,5,05:00,,23.488945,15.552121,32.16385
20001_0310_1,6,88229436,2024-05-25,6,06:00,,30.173956,20.809742,40.214478
20001_0310_1,6,88229436,2024-05-25,7,07:00,,22.786629,12.99322,33.100273
20001_0310_1,6,88229436,2024-05-25,8,08:00,,27.520761,18.21507,37.353188
20001_0310_1,6,88229436,2024-05-25,9,09:00,,22.773623,14.206017,32.07281
20001_0310_1,6,88229436,2024-05-25,10,10:00,,13.461432,5.183207,22.480993
20001_0310_1,6,88229436,2024-05-25,11,11:00,,17.434721,9.309312,26.6071
20001_0310_1,6,88229436,2024-05-25,12,12:00,,23.605999,15.565128,32.905186
20001_0310_1,6,88229436,2024-05-25,13,13:00,,20.536617,12.427468,29.98537
20001_0310_1,6,88229436,2024-05-25,14,14:00,,18.211819,9.940095,27.65407
20001_0310_1,6,88229436,2024-05-25,15,15:00,,20.061901,11.72515,29.491146
20001_0310_1,6,88229436,2024-05-25,16,16:00,,19.138487,10.405058,28.37915
20001_0310_1,6,88229436,2024-05-25,17,17:00,,25.69994,16.611288,34.752018
20001_0310_1,6,88229436,2024-05-25,18,18:00,,24.945602,16.192663,33.78959
20001_0310_1,6,88229436,2024-05-25,19,19:00,,17.543644,9.912459,25.727581
20001_0310_1,6,88229436,2024-05-25,20,20:00,,10.131932,3.4079049,17.364813
20001_0310_1,6,88229436,2024-05-25,21,21:00,,12.74611,7.205616,18.871864
20001_0310_1,6,88229436,2024-05-25,22,22:00,,10.743208,5.996071,16.03659
20001_0310_1,6,88229436,2024-05-25,23,23:00,,0.85875785,0.0,5.3847957
20001_0310_1,6,88229436,2024-05-26,0,00:00,,0.17456691,0.0,4.0955453
20001_0310_1,6,88229436,2024-05-26,1,01:00,,0.0,0.0,2.9423163
20001_0310_1,6,88229436,2024-05-26,2,02:00,,0.0,0.0,3.3779795
20001_0310_1,6,88229436,2024-05-26,3,03:00,,0.0,0.0,4.608091
20001_0310_1,6,88229436,2024-05-26,4,04:00,,7.5808587,1.9172242,14.15106
20001_0310_1,6,88229436,2024-05-26,5,05:00,,23.828571,16.492756,32.054935
20001_0310_1,6,88229436,2024-05-26,6,06:00,,31.747408,23.08538,41.127007
20001_0310_1,6,88229436,2024-05-26,7,07:00,,25.058681,16.129168,34.69455
20001_0310_1,6,88229436,2024-05-26,8,08:00,,26.314419,17.585117,35.66839
20001_0310_1,6,88229436,2024-05-26,9,09:00,,21.265839,13.020254,30.35072
20001_0310_1,6,88229436,2024-05-26,10,10:00,,12.232214,4.082731,21.291468
20001_0310_1,6,88229436,2024-05-26,11,11:00,,15.840859,7.809101,25.081907
20001_0310_1,6,88229436,2024-05-26,12,12:00,,23.098194,14.913472,32.5803
20001_0310_1,6,88229436,2024-05-26,13,13:00,,19.055485,10.726609,28.845114
20001_0310_1,6,88229436,2024-05-26,14,14:00,,15.893717,7.418286,25.895573
20001_0310_1,6,88229436,2024-05-26,15,15:00,,17.818968,9.068844,28.097118
20001_0310_1,6,88229436,2024-05-26,16,16:00,,18.443634,9.153735,28.758625
20001_0310_1,6,88229436,2024-05-26,17,17:00,,24.084845,14.468199,34.399837
20001_0310_1,6,88229436,2024-05-26,18,18:00,,23.841387,14.540276,33.95136
20001_0310_1,6,88229436,2024-05-26,19,19:00,,16.703379,8.5498905,25.950832
20001_0310_1,6,88229436,2024-05-26,20,20:00,,10.681763,3.4548619,18.674278
20001_0310_1,6,88229436,2024-05-26,21,21:00,,11.3737,5.556301,18.059225
20001_0310_1,6,88229436,2024-05-26,22,22:00,,10.207658,5.3769097,16.077913
20001_0310_1,6,88229436,2024-05-26,23,23:00,,0.94338655,0.0,5.8894563
20001_0310_1,6,88229436,2024-05-27,0,00:00,,0.0,0.0,3.5759897
20001_0310_1,6,88229436,2024-05-27,1,01:00,,0.1742895,0.0,3.524836
20001_0310_1,6,88229436,2024-05-27,2,02:00,,0.0,0.0,3.5504124
20001_0310_1,6,88229436,2024-05-27,3,03:00,,0.0,0.0,4.3177137
20001_0310_1,6,88229436,2024-05-27,4,04:00,,8.486716,2.8086898,14.976802
20001_0310_1,6,88229436,2024-05-27,5,05:00,25.033615112304688,23.129372,15.819232,31.083725
20001_0310_1,6,88229436,2024-05-27,6,06:00,25.814746856689453,33.935524,25.367334,42.836216
20001_0310_1,6,88229436,2024-05-27,7,07:00,33.62548065185547,31.58247,22.707355,40.48316
20001_0310_1,6,88229436,2024-05-27,8,08:00,35.433404541015626,27.745966,19.318443,36.263004
20001_0310_1,6,88229436,2024-05-27,9,09:00,25.663543701171875,22.080727,14.305413,30.201324
20001_0310_1,6,88229436,2024-05-27,10,10:00,13.748499552408854,15.446774,7.958996,23.535202
20001_0310_1,6,88229436,2024-05-27,11,11:00,14.849843978881836,17.499302,10.209945,25.64548
20001_0310_1,6,88229436,2024-05-27,12,12:00,22.887237548828125,23.372349,15.977489,31.620834
20001_0310_1,6,88229436,2024-05-27,13,13:00,21.284109751383465,19.68291,12.284854,28.142405
20001_0310_1,6,88229436,2024-05-27,14,14:00,12.836044311523438,15.740905,8.285297,24.321884
20001_0310_1,6,88229436,2024-05-27,15,15:00,19.56045150756836,18.272995,10.644747,26.834793
20001_0310_1,6,88229436,2024-05-27,16,16:00,28.61174201965332,21.850536,13.915368,30.444307
20001_0310_1,6,88229436,2024-05-27,17,17:00,75.06940460205078,30.201328,21.863329,38.743946
20001_0310_1,6,88229436,2024-05-27,18,18:00,26.188070678710936,25.750982,17.592018,34.319176
20001_0310_1,6,88229436,2024-05-27,19,19:00,14.847850799560547,17.528076,10.206749,25.399305
20001_0310_1,6,88229436,2024-05-27,20,20:00,14.640531539916992,12.144183,5.609338,19.107437
20001_0310_1,6,88229436,2024-05-27,21,21:00,7.869147300720215,12.489469,7.0544205,18.228237
20001_0310_1,6,88229436,2024-05-27,22,22:00,12.365802764892578,10.3921795,5.7627974,15.512313
20001_0310_1,6,88229436,2024-05-27,23,23:00,,1.8623517,0.0,6.2615433
20001_0310_1,6,88229436,2024-05-28,0,00:00,,0.10324827,0.0,3.6722608
20001_0310_1,6,88229436,2024-05-28,1,01:00,,0.89053,0.0,4.1708717
20001_0310_1,6,88229436,2024-05-28,2,02:00,,0.47064537,0.0,4.538269
20001_0310_1,6,88229436,2024-05-28,3,03:00,,0.3656755,0.0,5.6142225
20001_0310_1,6,88229436,2024-05-28,4,04:00,,7.4512134,1.6253264,14.608918
20001_0310_1,6,88229436,2024-05-28,5,05:00,33.45780563354492,24.01038,16.190044,33.090363
20001_0310_1,6,88229436,2024-05-28,6,06:00,29.108325958251953,34.00886,24.718933,44.243526
20001_0310_1,6,88229436,2024-05-28,7,07:00,32.681906127929686,30.098696,20.454489,40.83197
20001_0310_1,6,88229436,2024-05-28,8,08:00,43.4286855061849,27.028294,17.738367,37.210472
20001_0310_1,6,88229436,2024-05-28,9,09:00,15.149295806884766,24.049744,15.570061,33.7858
20001_0310_1,6,88229436,2024-05-28,10,10:00,18.718036651611328,15.848068,7.535682,25.197044
20001_0310_1,6,88229436,2024-05-28,11,11:00,14.968048095703125,16.44673,8.628855,25.739117
20001_0310_1,6,88229436,2024-05-28,12,12:00,13.657882690429688,22.96067,15.150175,32.2506
20001_0310_1,6,88229436,2024-05-28,13,13:00,22.468944549560547,19.40478,11.853433,28.70127
20001_0310_1,6,88229436,2024-05-28,14,14:00,13.879730224609375,15.460168,7.805491,24.600842
20001_0310_1,6,88229436,2024-05-28,15,15:00,27.839345296223957,18.027035,10.173898,27.061094
20001_0310_1,6,88229436,2024-05-28,16,16:00,31.429718017578125,25.191301,16.936321,34.428745
20001_0310_1,6,88229436,2024-05-28,17,17:00,62.6091423034668,37.36793,28.707829,46.500404
20001_0310_1,6,88229436,2024-05-28,18,18:00,29.452655029296874,27.789333,19.332611,36.764347
20001_0310_1,6,88229436,2024-05-28,19,19:00,16.508758544921875,17.974548,10.610182,26.067154
20001_0310_1,6,88229436,2024-05-28,20,20:00,10.315776824951172,12.148663,5.7979207,19.080027
20001_0310_1,6,88229436,2024-05-28,21,21:00,45.44976043701172,11.846871,6.6770525,17.439854
20001_0310_1,6,88229436,2024-05-28,22,22:00,7.24077033996582,9.81306,5.4042797,14.667965
20001_0310_1,6,88229436,2024-05-28,23,23:00,,0.6805873,0.0,4.7219687
20001_0310_1,6,88229436,2024-05-29,0,00:00,,0.2589594,0.0,4.8966637
20001_0310_1,6,88229436,2024-05-29,1,01:00,,0.0,0.0,4.172861
20001_0310_1,6,88229436,2024-05-29,2,02:00,,0.0,0.0,4.5213585
20001_0310_1,6,88229436,2024-05-29,3,03:00,,0.95595664,0.0,7.4433804
20001_0310_1,6,88229436,2024-05-29,4,04:00,,8.193992,2.028257,16.51773
20001_0310_1,6,88229436,2024-05-29,5,05:00,18.433570861816406,25.404432,17.156088,35.644917
20001_0310_1,6,88229436,2024-05-29,6,06:00,34.345367431640625,33.661156,24.010437,45.242012
20001_0310_1,6,88229436,2024-05-29,7,07:00,30.14404296875,30.819551,20.900763,42.82933
20001_0310_1,6,88229436,2024-05-29,8,08:00,39.71229934692383,29.586409,20.243982,41.06004
20001_0310_1,6,88229436,2024-05-29,9,09:00,29.920780181884766,25.377623,16.596478,36.341908
20001_0310_1,6,88229436,2024-05-29,10,10:00,13.614317576090494,15.914564,7.4601364,26.707947
20001_0310_1,6,88229436,2024-05-29,11,11:00,23.146041870117188,18.012253,9.768936,29.01675
20001_0310_1,6,88229436,2024-05-29,12,12:00,29.712987263997395,22.267948,14.185476,33.28585
20001_0310_1,6,88229436,2024-05-29,13,13:00,16.236289978027344,19.727934,11.571742,30.886574
20001_0310_1,6,88229436,2024-05-29,14,14:00,21.709976196289062,16.901415,8.706687,27.820463
20001_0310_1,6,88229436,2024-05-29,15,15:00,19.038082122802734,19.68102,11.397492,30.578285
20001_0310_1,6,88229436,2024-05-29,16,16:00,30.697317123413086,25.645699,16.753973,36.44914
20001_0310_1,6,88229436,2024-05-29,17,17:00,50.35643768310547,36.12745,26.664387,47.225773
20001_0310_1,6,88229436,2024-05-29,18,18:00,19.09408187866211,29.398754,20.109941,40.363037
20001_0310_1,6,88229436,2024-05-29,19,19:00,20.165828704833984,19.607302,11.136119,30.048834
20001_0310_1,6,88229436,2024-05-29,20,20:00,12.860424995422363,13.180195,5.607065,22.455603
20001_0310_1,6,88229436,2024-05-29,21,21:00,7.862268447875977,13.863786,7.677946,21.912748
20001_0310_1,6,88229436,2024-05-29,22,22:00,6.7390875816345215,9.990097,4.7760305,17.120903
20001_0310_1,6,88229436,2024-05-29,23,23:00,,0.6342649,0.0,6.7731915
20001_0310_1,6,88229436,2024-05-30,0,00:00,,0.3668046,0.0,4.505544
20001_0310_1,6,88229436,2024-05-30,1,01:00,,0.31305444,0.0,4.1561694
20001_0310_1,6,88229436,2024-05-30,2,02:00,,0.0,0.0,3.7799199
20001_0310_1,6,88229436,2024-05-30,3,03:00,,0.5818037,0.0,6.3867893
20001_0310_1,6,88229436,2024-05-30,4,04:00,,7.166162,1.0386777,14.75161
20001_0310_1,6,88229436,2024-05-30,5,05:00,,23.949556,15.598172,33.302032
20001_0310_1,6,88229436,2024-05-30,6,06:00,,34.497967,24.688616,45.08669
20001_0310_1,6,88229436,2024-05-30,7,07:00,,27.994234,17.867422,38.851704
20001_0310_1,6,88229436,2024-05-30,8,08:00,,29.875477,20.234095,40.168575
20001_0310_1,6,88229436,2024-05-30,9,09:00,,23.88237,15.057313,33.772343
20001_0310_1,6,88229436,2024-05-30,10,10:00,,14.825519,6.6118665,24.591196
20001_0310_1,6,88229436,2024-05-30,11,11:00,,17.969883,10.162716,27.765797
20001_0310_1,6,88229436,2024-05-30,12,12:00,,22.76706,14.97333,32.643597
20001_0310_1,6,88229436,2024-05-30,13,13:00,,18.745897,10.995838,28.827354
20001_0310_1,6,88229436,2024-05-30,14,14:00,,16.44473,8.425922,26.700876
20001_0310_1,6,88229436,2024-05-30,15,15:00,,18.618242,10.42139,28.951653
20001_0310_1,6,88229436,2024-05-30,16,16:00,,24.15112,15.448681,34.497967
20001_0310_1,6,88229436,2024-05-30,17,17:00,,34.121716,24.876743,44.226692
20001_0310_1,6,88229436,2024-05-30,18,18:00,,28.477982,19.59582,38.341087
20001_0310_1,6,88229436,2024-05-30,19,19:00,,19.448006,11.613965,28.518295
20001_0310_1,6,88229436,2024-05-30,20,20:00,,12.554585,5.8358526,20.54988
20001_0310_1,6,88229436,2024-05-30,21,21:00,,13.495208,7.945535,20.032536
20001_0310_1,6,88229436,2024-05-30,22,22:00,,10.552403,5.9836655,16.342272
20001_0310_1,6,88229436,2024-05-30,23,23:00,,1.119302,0.0,5.9836645
20001_0310_1,6,88229436,2024-05-31,0,00:00,,0.5302276,0.0,4.070684
20001_0310_1,6,88229436,2024-05-31,1,01:00,,0.36929813,0.0,3.5342507
20001_0310_1,6,88229436,2024-05-31,2,02:00,,0.0,0.0,3.5878947
20001_0310_1,6,88229436,2024-05-31,3,03:00,,0.4765852,0.0,5.197193
20001_0310_1,6,88229436,2024-05-31,4,04:00,,7.584319,1.8176672,13.9343405
20001_0310_1,6,88229436,2024-05-31,5,05:00,,24.884274,17.168024,32.930767
20001_0310_1,6,88229436,2024-05-31,6,06:00,,35.559284,26.49357,44.946857
20001_0310_1,6,88229436,2024-05-31,7,07:00,,29.792633,20.512346,39.44842
20001_0310_1,6,88229436,2024-05-31,8,08:00,,31.69697,22.872652,40.762684
20001_0310_1,6,88229436,2024-05-31,9,09:00,,24.267376,16.247705,32.796658
20001_0310_1,6,88229436,2024-05-31,10,10:00,,15.282127,8.0268755,23.462727
20001_0310_1,6,88229436,2024-05-31,11,11:00,,19.627234,12.680429,27.687134
20001_0310_1,6,88229436,2024-05-31,12,12:00,,23.248154,16.237648,31.361702
20001_0310_1,6,88229436,2024-05-31,13,13:00,,20.163666,13.089458,28.67283
20001_0310_1,6,88229436,2024-05-31,14,14:00,,18.477257,11.061074,27.382042
20001_0310_1,6,88229436,2024-05-31,15,15:00,,20.512346,12.519499,30.020617
20001_0310_1,6,88229436,2024-05-31,16,16:00,,24.428307,15.66266,34.21821
20001_0310_1,6,88229436,2024-05-31,17,17:00,,35.77386,26.064425,45.59058
20001_0310_1,6,88229436,2024-05-31,18,18:00,,30.329065,21.075598,40.118965
20001_0310_1,6,88229436,2024-05-31,19,19:00,,21.102425,12.834655,29.9938
20001_0310_1,6,88229436,2024-05-31,20,20:00,,12.774305,5.8409123,20.41847
20001_0310_1,6,88229436,2024-05-31,21,21:00,,14.598177,8.878464,20.854324
20001_0310_1,6,88229436,2024-05-31,22,22:00,,10.816325,6.0554857,16.073366
20001_0310_1,6,88229436,2024-05-31,23,23:00,,1.2812341,0.0,5.7336264
20001_0310_1,7,44783484,2024-05-01,0,00:00,,0.11214191,0.0,5.1513214
20001_0310_1,7,44783484,2024-05-01,1,01:00,,0.0,0.0,4.334918
20001_0310_1,7,44783484,2024-05-01,2,02:00,,0.5062684,0.0,5.404689
20001_0310_1,7,44783484,2024-05-01,3,03:00,,0.0,0.0,6.136636
20001_0310_1,7,44783484,2024-05-01,4,04:00,,1.8575563,0.0,10.274958
20001_0310_1,7,44783484,2024-05-01,5,05:00,,28.179527,19.276506,38.84908
20001_0310_1,7,44783484,2024-05-01,6,06:00,,37.49779,26.743786,49.715694
20001_0310_1,7,44783484,2024-05-01,7,07:00,,33.612835,22.309872,45.943344
20001_0310_1,7,44783484,2024-05-01,8,08:00,,27.41943,16.843132,39.074295
20001_0310_1,7,44783484,2024-05-01,9,09:00,,26.462265,16.651348,37.58224
20001_0310_1,7,44783484,2024-05-01,10,10:00,,18.86039,9.309879,29.776266
20001_0310_1,7,44783484,2024-05-01,11,11:00,,18.562157,9.057831,29.86204
20001_0310_1,7,44783484,2024-05-01,12,12:00,,25.913305,16.285376,37.46964
20001_0310_1,7,44783484,2024-05-01,13,13:00,,23.604855,13.681329,35.583466
20001_0310_1,7,44783484,2024-05-01,14,14:00,,20.469442,10.22921,32.35656
20001_0310_1,7,44783484,2024-05-01,15,15:00,,25.871078,15.574544,37.807465
20001_0310_1,7,44783484,2024-05-01,16,16:00,,29.784182,19.123432,41.889473
20001_0310_1,7,44783484,2024-05-01,17,17:00,,43.465984,32.26155,55.627575
20001_0310_1,7,44783484,2024-05-01,18,18:00,,34.288483,23.42187,46.61899
20001_0310_1,7,44783484,2024-05-01,19,19:00,,23.393715,13.37166,35.076733
20001_0310_1,7,44783484,2024-05-01,20,20:00,,14.58219,5.5876746,25.209507
20001_0310_1,7,44783484,2024-05-01,21,21:00,,15.75049,8.198758,25.019482
20001_0310_1,7,44783484,2024-05-01,22,22:00,,16.904716,10.521286,25.160244
20001_0310_1,7,44783484,2024-05-01,23,23:00,,1.3508232,0.0,8.135418
20001_0310_1,7,44783484,2024-05-02,0,00:00,,0.028972715,0.0,4.4215455
20001_0310_1,7,44783484,2024-05-02,1,01:00,,0.19900763,0.0,3.9964583
20001_0310_1,7,44783484,2024-05-02,2,02:00,,0.0,0.0,3.8264234
20001_0310_1,7,44783484,2024-05-02,3,03:00,,0.0,0.0,4.8749723
20001_0310_1,7,44783484,2024-05-02,4,04:00,,0.19900763,0.0,6.6603417
20001_0310_1,7,44783484,2024-05-02,5,05:00,,28.084763,20.525288,36.019737
20001_0310_1,7,44783484,2024-05-02,6,06:00,,37.1533,28.339815,46.108482
20001_0310_1,7,44783484,2024-05-02,7,07:00,,33.04412,23.890564,42.055977
20001_0310_1,7,44783484,2024-05-02,8,08:00,,27.092894,18.514977,35.65133
20001_0310_1,7,44783484,2024-05-02,9,09:00,,26.696144,18.803679,34.74447
20001_0310_1,7,44783484,2024-05-02,10,10:00,,18.557484,11.150773,26.53895
20001_0310_1,7,44783484,2024-05-02,11,11:00,,18.914822,11.605083,27.149124
20001_0310_1,7,44783484,2024-05-02,12,12:00,,27.829712,20.394217,36.416485
20001_0310_1,7,44783484,2024-05-02,13,13:00,,22.67198,14.984977,31.818453
20001_0310_1,7,44783484,2024-05-02,14,14:00,,20.489862,12.275041,29.717806
20001_0310_1,7,44783484,2024-05-02,15,15:00,,25.534237,16.876617,34.999527
20001_0310_1,7,44783484,2024-05-02,16,16:00,,29.133312,20.038206,38.796974
20001_0310_1,7,44783484,2024-05-02,17,17:00,,43.104534,33.299175,52.739853
20001_0310_1,7,44783484,2024-05-02,18,18:00,,35.056202,25.463388,44.521492
20001_0310_1,7,44783484,2024-05-02,19,19:00,,23.493816,14.496125,32.477337
20001_0310_1,7,44783484,2024-05-02,20,20:00,,14.722838,6.844546,22.884523
20001_0310_1,7,44783484,2024-05-02,21,21:00,,16.125628,9.203782,23.203339
20001_0310_1,7,44783484,2024-05-02,22,22:00,,17.833065,11.9030905,24.159786
20001_0310_1,7,44783484,2024-05-02,23,23:00,,1.049183,0.0,6.5186453
20001_0310_1,7,44783484,2024-05-03,0,00:00,,0.0682711,0.0,3.77172
20001_0310_1,7,44783484,2024-05-03,1,01:00,,0.18222299,0.0,3.3728864
20001_0310_1,7,44783484,2024-05-03,2,02:00,,0.0,0.0,3.4298618
20001_0310_1,7,44783484,2024-05-03,3,03:00,,0.011294752,0.0,4.65485
20001_0310_1,7,44783484,2024-05-03,4,04:00,,0.0,0.0,5.993788
20001_0310_1,7,44783484,2024-05-03,5,05:00,,30.237135,22.032572,38.413208
20001_0310_1,7,44783484,2024-05-03,6,06:00,,36.41904,26.56217,45.763126
20001_0310_1,7,44783484,2024-05-03,7,07:00,,33.370823,23.24331,42.999786
20001_0310_1,7,44783484,2024-05-03,8,08:00,,29.667374,20.220016,38.413208
20001_0310_1,7,44783484,2024-05-03,9,09:00,,26.120607,17.720188,34.239708
20001_0310_1,7,44783484,2024-05-03,10,10:00,,18.879297,11.337082,26.606684
20001_0310_1,7,44783484,2024-05-03,11,11:00,,19.4317,12.190833,27.346487
20001_0310_1,7,44783484,2024-05-03,12,12:00,,27.288618,20.163038,35.265278
20001_0310_1,7,44783484,2024-05-03,13,13:00,,23.599413,16.356323,32.01764
20001_0310_1,7,44783484,2024-05-03,14,14:00,,21.626616,13.920593,30.187279
20001_0310_1,7,44783484,2024-05-03,15,15:00,,26.291536,18.17956,35.108593
20001_0310_1,7,44783484,2024-05-03,16,16:00,,28.385408,19.871038,37.416126
20001_0310_1,7,44783484,2024-05-03,17,17:00,,40.29342,30.863869,49.06774
20001_0310_1,7,44783484,2024-05-03,18,18:00,,34.42488,25.436893,43.256176
20001_0310_1,7,44783484,2024-05-03,19,19:00,,22.502625,14.255329,30.650215
20001_0310_1,7,44783484,2024-05-03,20,20:00,,15.416217,8.287079,22.723408
20001_0310_1,7,44783484,2024-05-03,21,21:00,,15.067239,8.885328,21.434322
20001_0310_1,7,44783484,2024-05-03,22,22:00,,17.111258,11.940673,22.6237
20001_0310_1,7,44783484,2024-05-03,23,23:00,,1.7775543,0.0,6.5350614
20001_0310_1,7,44783484,2024-05-04,0,00:00,,0.0,0.0,3.536056
20001_0310_1,7,44783484,2024-05-04,1,01:00,,0.01953414,0.0,3.195747
20001_0310_1,7,44783484,2024-05-04,2,02:00,,0.0,0.0,3.479336
20001_0310_1,7,44783484,2024-05-04,3,03:00,,0.07625231,0.0,5.095803
20001_0310_1,7,44783484,2024-05-04,4,04:00,,1.1538954,0.0,7.6764746
20001_0310_1,7,44783484,2024-05-04,5,05:00,,27.088238,19.220375,35.156384
20001_0310_1,7,44783484,2024-05-04,6,06:00,,33.454845,24.32323,42.72825
20001_0310_1,7,44783484,2024-05-04,7,07:00,,23.940384,14.610261,33.44067
20001_0310_1,7,44783484,2024-05-04,8,08:00,,30.477144,21.785097,38.84306
20001_0310_1,7,44783484,2024-05-04,9,09:00,,27.08824,19.211515,34.83026
20001_0310_1,7,44783484,2024-05-04,10,10:00,,19.25228,11.946282,26.295958
20001_0310_1,7,44783484,2024-05-04,11,11:00,,19.512829,12.639306,26.73375
20001_0310_1,7,44783484,2024-05-04,12,12:00,,27.300932,20.620604,34.362335
20001_0310_1,7,44783484,2024-05-04,13,13:00,,24.36577,17.598593,32.121964
20001_0310_1,7,44783484,2024-05-04,14,14:00,,21.98361,14.702428,29.902872
20001_0310_1,7,44783484,2024-05-04,15,15:00,,24.64936,16.730097,33.171253
20001_0310_1,7,44783484,2024-05-04,16,16:00,,20.03747,11.263894,28.874859
20001_0310_1,7,44783484,2024-05-04,17,17:00,,34.44741,24.550104,43.35215
20001_0310_1,7,44783484,2024-05-04,18,18:00,,32.77423,23.117975,41.87748
20001_0310_1,7,44783484,2024-05-04,19,19:00,,22.678408,13.8232975,31.249928
20001_0310_1,7,44783484,2024-05-04,20,20:00,,13.74531,6.0174704,21.529865
20001_0310_1,7,44783484,2024-05-04,21,21:00,,14.794594,8.328733,21.671661
20001_0310_1,7,44783484,2024-05-04,22,22:00,,16.489046,10.966123,22.451534
20001_0310_1,7,44783484,2024-05-04,23,23:00,,1.4374863,0.0,6.7122684
20001_0310_1,7,44783484,2024-05-05,0,00:00,,0.0,0.0,3.0660906
20001_0310_1,7,44783484,2024-05-05,1,01:00,,0.0,0.0,2.390297
20001_0310_1,7,44783484,2024-05-05,2,02:00,,0.0,0.0,2.8971434
20001_0310_1,7,44783484,2024-05-05,3,03:00,,0.0,0.0,3.6292515
20001_0310_1,7,44783484,2024-05-05,4,04:00,,0.5881807,0.0,6.86743
20001_0310_1,7,44783484,2024-05-05,5,05:00,,26.465443,19.06339,34.335625
20001_0310_1,7,44783484,2024-05-05,6,06:00,,34.265232,25.296885,43.27581
20001_0310_1,7,44783484,2024-05-05,7,07:00,18.18181800842285,25.564386,16.101517,34.701687
20001_0310_1,7,44783484,2024-05-05,8,08:00,,28.295721,19.128508,36.602352
20001_0310_1,7,44783484,2024-05-05,9,09:00,,26.944132,18.450958,34.800236
20001_0310_1,7,44783484,2024-05-05,10,10:00,0.0,18.820528,10.651169,26.490082
20001_0310_1,7,44783484,2024-05-05,11,11:00,,18.167614,10.171604,25.96828
20001_0310_1,7,44783484,2024-05-05,12,12:00,,23.973455,16.173672,31.829557
20001_0310_1,7,44783484,2024-05-05,13,13:00,,21.228045,13.167797,29.598034
20001_0310_1,7,44783484,2024-05-05,14,14:00,,18.21689,9.709635,26.80158
20001_0310_1,7,44783484,2024-05-05,15,15:00,,21.910877,13.097403,30.851063
20001_0310_1,7,44783484,2024-05-05,16,16:00,,19.56672,10.21604,28.969309
20001_0310_1,7,44783484,2024-05-05,17,17:00,,30.069675,20.224913,39.418156
20001_0310_1,7,44783484,2024-05-05,18,18:00,,30.379417,20.72824,39.868687
20001_0310_1,7,44783484,2024-05-05,19,19:00,,20.203794,11.587423,28.93279
20001_0310_1,7,44783484,2024-05-05,20,20:00,,13.70984,6.064925,21.713772
20001_0310_1,7,44783484,2024-05-05,21,21:00,,13.498654,7.078615,20.337543
20001_0310_1,7,44783484,2024-05-05,22,22:00,,15.74426,10.295674,21.924955
20001_0310_1,7,44783484,2024-05-05,23,23:00,,1.4329228,0.0,6.895588
20001_0310_1,7,44783484,2024-05-06,0,00:00,,0.0,0.0,3.6041133
20001_0310_1,7,44783484,2024-05-06,1,01:00,,0.0,0.0,3.406384
20001_0310_1,7,44783484,2024-05-06,2,02:00,,0.0,0.0,3.1239142
20001_0310_1,7,44783484,2024-05-06,3,03:00,,0.0,0.0,3.5758657
20001_0310_1,7,44783484,2024-05-06,4,04:00,,0.0,0.0,6.0051126
20001_0310_1,7,44783484,2024-05-06,5,05:00,28.89068603515625,25.198982,17.74176,32.938675
20001_0310_1,7,44783484,2024-05-06,6,06:00,36.77116775512695,35.946983,26.893803,44.47759
20001_0310_1,7,44783484,2024-05-06,7,07:00,33.8859748840332,31.851158,22.282469,40.32527
20001_0310_1,7,44783484,2024-05-06,8,08:00,25.096195220947266,27.670597,18.539742,35.63627
20001_0310_1,7,44783484,2024-05-06,9,09:00,17.812599182128906,25.085993,16.541262,32.75507
20001_0310_1,7,44783484,2024-05-06,10,10:00,16.86919403076172,14.634585,6.3582015,22.23304
20001_0310_1,7,44783484,2024-05-06,11,11:00,17.334055582682293,17.61818,9.392108,25.295197
20001_0310_1,7,44783484,2024-05-06,12,12:00,30.531710306803387,24.5493,16.347065,32.514973
20001_0310_1,7,44783484,2024-05-06,13,13:00,19.399999618530273,21.02548,12.473686,29.379543
20001_0310_1,7,44783484,2024-05-06,14,14:00,13.853173828125,17.416918,8.328432,25.954588
20001_0310_1,7,44783484,2024-05-06,15,15:00,19.634920756022137,22.642622,13.165737,31.314465
20001_0310_1,7,44783484,2024-05-06,16,16:00,37.74884033203125,26.59721,16.876694,35.579773
20001_0310_1,7,44783484,2024-05-06,17,17:00,51.134849548339844,40.579502,30.325823,49.336086
20001_0310_1,7,44783484,2024-05-06,18,18:00,36.326376342773436,32.81156,22.797983,42.0201
20001_0310_1,7,44783484,2024-05-06,19,19:00,18.719699096679687,21.802273,12.572551,30.509424
20001_0310_1,7,44783484,2024-05-06,20,20:00,16.222222646077473,14.549844,6.07573,22.642622
20001_0310_1,7,44783484,2024-05-06,21,21:00,9.25,14.055521,6.7536597,21.173777
20001_0310_1,7,44783484,2024-05-06,22,22:00,18.0,16.753115,10.4328375,23.327614
20001_0310_1,7,44783484,2024-05-06,23,23:00,,1.3725965,0.0,7.27623
20001_0310_1,7,44783484,2024-05-07,0,00:00,,0.0,0.0,4.0243044
20001_0310_1,7,44783484,2024-05-07,1,01:00,,0.0,0.0,4.052788
20001_0310_1,7,44783484,2024-05-07,2,02:00,,0.0,0.0,4.109756
20001_0310_1,7,44783484,2024-05-07,3,03:00,,0.3213419,0.0,6.189111
20001_0310_1,7,44783484,2024-05-07,4,04:00,,0.94799733,0.0,8.439373
20001_0310_1,7,44783484,2024-05-07,5,05:00,24.696578979492188,30.030487,21.239513,39.0885
20001_0310_1,7,44783484,2024-05-07,6,06:00,39.61717224121094,37.066113,26.81176,47.092594
20001_0310_1,7,44783484,2024-05-07,7,07:00,45.6049690246582,34.33162,23.763937,44.24416
20001_0310_1,7,44783484,2024-05-07,8,08:00,25.824879964192707,29.204441,19.272316,38.46185
20001_0310_1,7,44783484,2024-05-07,9,09:00,28.337303161621094,27.15357,18.214836,35.755836
20001_0310_1,7,44783484,2024-05-07,10,10:00,16.739729563395183,18.399984,9.839556,26.331976
20001_0310_1,7,44783484,2024-05-07,11,11:00,9.372493743896484,20.014687,12.124532,27.662727
20001_0310_1,7,44783484,2024-05-07,12,12:00,29.08111572265625,27.637802,19.986202,35.41402
20001_0310_1,7,44783484,2024-05-07,13,13:00,21.122211456298828,22.460777,14.7415285,30.279722
20001_0310_1,7,44783484,2024-05-07,14,14:00,14.607142448425293,19.820637,11.864612,27.74462
20001_0310_1,7,44783484,2024-05-07,15,15:00,16.71781285603841,24.988762,16.639297,32.70801
20001_0310_1,7,44783484,2024-05-07,16,16:00,33.934329223632815,31.36925,22.838198,39.316376
20001_0310_1,7,44783484,2024-05-07,17,17:00,,47.320465,38.205486,55.23911
20001_0310_1,7,44783484,2024-05-07,18,18:00,35.64525858561198,34.274647,25.487236,42.5351
20001_0310_1,7,44783484,2024-05-07,19,19:00,20.81654167175293,22.53911,14.599108,30.336693
20001_0310_1,7,44783484,2024-05-07,20,20:00,7.791667175292969,15.624542,8.175892,22.831074
20001_0310_1,7,44783484,2024-05-07,21,21:00,10.0,14.307142,7.784234,20.609299
20001_0310_1,7,44783484,2024-05-07,22,22:00,8.0,17.967377,11.861051,23.92416
20001_0310_1,7,44783484,2024-05-07,23,23:00,,1.2898091,0.0,6.5594087
20001_0310_1,7,44783484,2024-05-08,0,00:00,,0.0,0.0,3.7619698
20001_0310_1,7,44783484,2024-05-08,1,01:00,,0.0,0.0,2.4653673
20001_0310_1,7,44783484,2024-05-08,2,02:00,,0.0,0.0,2.578117
20001_0310_1,7,44783484,2024-05-08,3,03:00,,0.0,0.0,4.4384584
20001_0310_1,7,44783484,2024-05-08,4,04:00,,0.0,0.0,5.8759956
20001_0310_1,7,44783484,2024-05-08,5,05:00,25.510499954223633,27.044436,19.729906,34.767677
20001_0310_1,7,44783484,2024-05-08,6,06:00,32.80173873901367,36.458897,27.805485,44.858624
20001_0310_1,7,44783484,2024-05-08,7,07:00,31.396316528320312,34.598553,25.973331,43.054653
20001_0310_1,7,44783484,2024-05-08,8,08:00,24.64624786376953,28.31285,20.106909,36.12065
20001_0310_1,7,44783484,2024-05-08,9,09:00,19.02532196044922,25.113626,17.647594,32.414062
20001_0310_1,7,44783484,2024-05-08,10,10:00,10.708333969116211,15.931708,8.638321,22.802292
20001_0310_1,7,44783484,2024-05-08,11,11:00,12.611330032348633,17.349867,10.595556,24.223972
20001_0310_1,7,44783484,2024-05-08,12,12:00,15.079999923706055,25.818302,18.961811,32.83687
20001_0310_1,7,44783484,2024-05-08,13,13:00,35.55622863769531,20.948996,14.141834,28.418554
20001_0310_1,7,44783484,2024-05-08,14,14:00,12.629629770914713,18.557064,11.174712,25.958796
20001_0310_1,7,44783484,2024-05-08,15,15:00,20.302286783854168,23.422405,15.847147,30.906055
20001_0310_1,7,44783484,2024-05-08,16,16:00,33.0511360168457,29.412144,21.50569,36.966263
20001_0310_1,7,44783484,2024-05-08,17,17:00,23.55555534362793,47.169956,38.657482,54.8932
20001_0310_1,7,44783484,2024-05-08,18,18:00,45.73182983398438,33.1892,25.127722,41.19431
20001_0310_1,7,44783484,2024-05-08,19,19:00,17.00749969482422,21.399988,13.9022455,28.954103
20001_0310_1,7,44783484,2024-05-08,20,20:00,15.333333969116211,13.641515,6.8625407,20.600182
20001_0310_1,7,44783484,2024-05-08,21,21:00,21.619047164916992,12.584502,6.9471016,18.694035
20001_0310_1,7,44783484,2024-05-08,22,22:00,15.800000190734863,15.445483,10.322495,20.913763
20001_0310_1,7,44783484,2024-05-08,23,23:00,,0.0,0.0,4.579393
20001_0310_1,7,44783484,2024-05-09,0,00:00,,0.0,0.0,3.206849
20001_0310_1,7,44783484,2024-05-09,1,01:00,,0.0,0.0,2.606511
20001_0310_1,7,44783484,2024-05-09,2,02:00,,0.0,0.0,3.206849
20001_0310_1,7,44783484,2024-05-09,3,03:00,,0.0,0.0,3.6980352
20001_0310_1,7,44783484,2024-05-09,4,04:00,,0.0,0.0,5.389894
20001_0310_1,7,44783484,2024-05-09,5,05:00,23.039512634277344,26.483572,19.439838,33.032707
20001_0310_1,7,44783484,2024-05-09,6,06:00,43.427371978759766,35.07931,26.892893,42.337936
20001_0310_1,7,44783484,2024-05-09,7,07:00,38.871195475260414,33.332874,24.996374,40.700657
20001_0310_1,7,44783484,2024-05-09,8,08:00,21.96461296081543,27.49323,19.48077,34.588127
20001_0310_1,7,44783484,2024-05-09,9,09:00,18.101844787597656,22.977055,15.466014,29.744497
20001_0310_1,7,44783484,2024-05-09,10,10:00,16.702423095703125,14.57233,7.3887453,21.387526
20001_0310_1,7,44783484,2024-05-09,11,11:00,18.3000005086263,15.936734,8.95781,22.970234
20001_0310_1,7,44783484,2024-05-09,12,12:00,21.301883697509766,24.668917,17.707048,32.11856
20001_0310_1,7,44783484,2024-05-09,13,13:00,29.146458943684895,21.783203,14.545042,29.471617
20001_0310_1,7,44783484,2024-05-09,14,14:00,17.91428565979004,17.942408,10.365705,25.756174
20001_0310_1,7,44783484,2024-05-09,15,15:00,42.173160552978516,22.103836,14.278982,30.133352
20001_0310_1,7,44783484,2024-05-09,16,16:00,23.560000610351562,28.612043,20.507486,36.662018
20001_0310_1,7,44783484,2024-05-09,17,17:00,57.12535858154297,41.573875,32.841694,49.487415
20001_0310_1,7,44783484,2024-05-09,18,18:00,44.345184326171875,33.87864,25.528496,41.84676
20001_0310_1,7,44783484,2024-05-09,19,19:00,22.666666666666668,21.523966,13.774154,29.069117
20001_0310_1,7,44783484,2024-05-09,20,20:00,13.607844034830729,14.9066105,8.125525,21.796848
20001_0310_1,7,44783484,2024-05-09,21,21:00,9.5,13.821908,7.9822617,19.7059
20001_0310_1,7,44783484,2024-05-09,22,22:00,15.797979354858398,16.216436,11.181786,21.401169
20001_0310_1,7,44783484,2024-05-09,23,23:00,,0.8600744,0.0,5.2807417
20001_0310_1,7,44783484,2024-05-10,0,00:00,,0.110310614,0.0,3.9592364
20001_0310_1,7,44783484,2024-05-10,1,01:00,,0.43557197,0.0,3.6881852
20001_0310_1,7,44783484,2024-05-10,2,02:00,,0.0,0.0,3.2002933
20001_0310_1,7,44783484,2024-05-10,3,03:00,,0.0,0.0,3.9321313
20001_0310_1,7,44783484,2024-05-10,4,04:00,,0.0,0.0,5.856594
20001_0310_1,7,44783484,2024-05-10,5,05:00,24.717098236083984,25.724644,18.594303,33.232758
20001_0310_1,7,44783484,2024-05-10,6,06:00,43.80770492553711,36.919052,28.40805,45.53848
20001_0310_1,7,44783484,2024-05-10,7,07:00,41.390743255615234,33.558018,24.613335,42.394283
20001_0310_1,7,44783484,2024-05-10,8,08:00,45.223060607910156,28.380947,19.686983,36.539585
20001_0310_1,7,44783484,2024-05-10,9,09:00,25.348464965820312,22.702423,14.706415,30.37317
20001_0310_1,7,44783484,2024-05-10,10,10:00,10.413888931274414,15.079108,7.5303345,22.546568
20001_0310_1,7,44783484,2024-05-10,11,11:00,10.177083969116211,16.729134,9.40567,24.489666
20001_0310_1,7,44783484,2024-05-10,12,12:00,20.0828857421875,25.480698,18.096247,33.31407
20001_0310_1,7,44783484,2024-05-10,13,13:00,21.676419576009113,23.827284,16.102325,32.216316
20001_0310_1,7,44783484,2024-05-10,14,14:00,14.806818008422852,20.581448,12.456689,29.072123
20001_0310_1,7,44783484,2024-05-10,15,15:00,33.56169509887695,26.13122,17.569391,34.859066
20001_0310_1,7,44783484,2024-05-10,16,16:00,27.379886627197266,29.166992,20.286678,38.2472
20001_0310_1,7,44783484,2024-05-10,17,17:00,,41.9606,32.284077,50.9595
20001_0310_1,7,44783484,2024-05-10,18,18:00,14.556521606445312,35.075905,25.697538,44.237434
20001_0310_1,7,44783484,2024-05-10,19,19:00,13.58816909790039,22.810844,14.245628,31.443823
20001_0310_1,7,44783484,2024-05-10,20,20:00,14.256172180175781,14.930032,7.489676,22.871828
20001_0310_1,7,44783484,2024-05-10,21,21:00,24.331817626953125,14.591217,8.41125,21.435257
20001_0310_1,7,44783484,2024-05-10,22,22:00,12.5,15.777065,10.776172,21.774073
20001_0310_1,7,44783484,2024-05-10,23,23:00,,1.5197763,0.0,6.669748
20001_0310_1,7,44783484,2024-05-11,0,00:00,,0.0,0.0,3.5274153
20001_0310_1,7,44783484,2024-05-11,1,01:00,,0.0,0.0,3.5825677
20001_0310_1,7,44783484,2024-05-11,2,02:00,,0.0,0.0,3.6928709
20001_0310_1,7,44783484,2024-05-11,3,03:00,,0.0,0.0,4.906205
20001_0310_1,7,44783484,2024-05-11,4,04:00,,0.0,0.0,7.1122713
20001_0310_1,7,44783484,2024-05-11,5,05:00,,22.775333,14.757664,31.59959
20001_0310_1,7,44783484,2024-05-11,6,06:00,,32.482014,22.871847,42.40931
20001_0310_1,7,44783484,2024-05-11,7,07:00,,21.782602,11.731218,31.999441
20001_0310_1,7,44783484,2024-05-11,8,08:00,,27.849281,18.45627,37.087177
20001_0310_1,7,44783484,2024-05-11,9,09:00,,23.147606,14.537058,31.820198
20001_0310_1,7,44783484,2024-05-11,10,10:00,,11.372733,2.948324,19.49381
20001_0310_1,7,44783484,2024-05-11,11,11:00,,15.2057705,7.1363997,23.599161
20001_0310_1,7,44783484,2024-05-11,12,12:00,,23.161394,15.109256,31.572014
20001_0310_1,7,44783484,2024-05-11,13,13:00,,22.341013,13.971752,31.330727
20001_0310_1,7,44783484,2024-05-11,14,14:00,,18.862152,10.059865,27.901417
20001_0310_1,7,44783484,2024-05-11,15,15:00,,21.679193,12.399932,30.944666
20001_0310_1,7,44783484,2024-05-11,16,16:00,,18.835438,9.175286,28.3129
20001_0310_1,7,44783484,2024-05-11,17,17:00,,29.807165,19.569643,39.21051
20001_0310_1,7,44783484,2024-05-11,18,18:00,,29.834742,20.024647,39.045063
20001_0310_1,7,44783484,2024-05-11,19,19:00,,20.293509,11.617469,28.783413
20001_0310_1,7,44783484,2024-05-11,20,20:00,0.0,12.668797,5.306056,20.390026
20001_0310_1,7,44783484,2024-05-11,21,21:00,,14.537058,8.635832,21.300024
20001_0310_1,7,44783484,2024-05-11,22,22:00,,13.992435,9.083941,19.81783
20001_0310_1,7,44783484,2024-05-11,23,23:00,,0.7698345,0.0,6.1195416
20001_0310_1,7,44783484,2024-05-12,0,00:00,,0.0,0.0,3.3483162
20001_0310_1,7,44783484,2024-05-12,1,01:00,,0.0,0.0,3.4034007
20001_0310_1,7,44783484,2024-05-12,2,02:00,,0.0,0.0,3.5686543
20001_0310_1,7,44783484,2024-05-12,3,03:00,,0.0,0.0,4.560175
20001_0310_1,7,44783484,2024-05-12,4,04:00,,0.043246806,0.0,7.011434
20001_0310_1,7,44783484,2024-05-12,5,05:00,,23.646948,15.570186,32.253895
20001_0310_1,7,44783484,2024-05-12,6,06:00,,32.76343,22.889534,42.237957
20001_0310_1,7,44783484,2024-05-12,7,07:00,,22.724281,12.272001,32.295208
20001_0310_1,7,44783484,2024-05-12,8,08:00,,26.40117,16.47908,35.490112
20001_0310_1,7,44783484,2024-05-12,9,09:00,,21.588165,12.278888,30.23643
20001_0310_1,7,44783484,2024-05-12,10,10:00,,8.911848,0.0,17.277803
20001_0310_1,7,44783484,2024-05-12,11,11:00,,14.2275,5.4277544,22.531485
20001_0310_1,7,44783484,2024-05-12,12,12:00,,23.688261,14.916056,32.21258
20001_0310_1,7,44783484,2024-05-12,13,13:00,,21.333397,12.154945,30.305283
20001_0310_1,7,44783484,2024-05-12,14,14:00,,17.69438,8.175954,26.904676
20001_0310_1,7,44783484,2024-05-12,15,15:00,,21.691448,11.707387,31.152205
20001_0310_1,7,44783484,2024-05-12,16,16:00,,17.911274,7.424566,27.695656
20001_0310_1,7,44783484,2024-05-12,17,17:00,,24.197792,13.256636,33.851353
20001_0310_1,7,44783484,2024-05-12,18,18:00,,29.98166,19.474298,39.731617
20001_0310_1,7,44783484,2024-05-12,19,19:00,,19.078377,9.848285,28.13633
20001_0310_1,7,44783484,2024-05-12,20,20:00,,12.478569,4.436234,20.80321
20001_0310_1,7,44783484,2024-05-12,21,21:00,,13.717969,7.025204,20.989119
20001_0310_1,7,44783484,2024-05-12,22,22:00,,14.592435,8.960047,21.285198
20001_0310_1,7,44783484,2024-05-12,23,23:00,,0.4288395,0.0,6.6258435
20001_0310_1,7,44783484,2024-05-13,0,00:00,,0.08069387,0.0,4.5532928
20001_0310_1,7,44783484,2024-05-13,1,01:00,,0.0,0.0,3.4282827
20001_0310_1,7,44783484,2024-05-13,2,02:00,,0.0,0.0,3.7575552
20001_0310_1,7,44783484,2024-05-13,3,03:00,,0.0,0.0,3.5106003
20001_0310_1,7,44783484,2024-05-13,4,04:00,,0.0,0.0,5.952696
20001_0310_1,7,44783484,2024-05-13,5,05:00,20.138057708740234,27.355322,19.833532,35.120636
20001_0310_1,7,44783484,2024-05-13,6,06:00,41.27435302734375,38.440784,29.30351,47.16647
20001_0310_1,7,44783484,2024-05-13,7,07:00,41.901451110839844,34.379772,24.899506,43.160336
20001_0310_1,7,44783484,2024-05-13,8,08:00,32.66739501953125,27.465078,18.377539,35.77918
20001_0310_1,7,44783484,2024-05-13,9,09:00,25.144046783447266,22.91016,14.493165,30.853825
20001_0310_1,7,44783484,2024-05-13,10,10:00,24.119049072265625,12.743914,4.525854,20.577822
20001_0310_1,7,44783484,2024-05-13,11,11:00,13.60486125946045,15.775951,7.578473,23.795074
20001_0310_1,7,44783484,2024-05-13,12,12:00,30.248240152994793,25.379694,16.9627,33.77611
20001_0310_1,7,44783484,2024-05-13,13,13:00,25.793772379557293,21.922348,13.128064,30.963583
20001_0310_1,7,44783484,2024-05-13,14,14:00,10.346428871154785,15.727933,6.5254908,25.033274
20001_0310_1,7,44783484,2024-05-13,15,15:00,35.375,22.690645,13.073183,31.978834
20001_0310_1,7,44783484,2024-05-13,16,16:00,19.84940528869629,28.727283,18.828571,38.24871
20001_0310_1,7,44783484,2024-05-13,17,17:00,39.691184997558594,40.80056,30.428516,50.12991
20001_0310_1,7,44783484,2024-05-13,18,18:00,21.290983200073242,34.54441,24.625116,44.093277
20001_0310_1,7,44783484,2024-05-13,19,19:00,21.167945861816406,20.632702,11.78354,29.523022
20001_0310_1,7,44783484,2024-05-13,20,20:00,16.13131332397461,13.032025,5.143238,21.12661
20001_0310_1,7,44783484,2024-05-13,21,21:00,16.47916603088379,12.730193,6.1036115,19.6003
20001_0310_1,7,44783484,2024-05-13,22,22:00,16.0,14.623503,9.060192,20.735598
20001_0310_1,7,44783484,2024-05-13,23,23:00,,1.1233852,0.0,6.446603
20001_0310_1,7,44783484,2024-05-14,0,00:00,,0.062687546,0.0,4.6731534
20001_0310_1,7,44783484,2024-05-14,1,01:00,,0.0074721873,0.0,4.010572
20001_0310_1,7,44783484,2024-05-14,2,02:00,,0.0,0.0,3.9277482
20001_0310_1,7,44783484,2024-05-14,3,03:00,,0.062687546,0.0,5.197697
20001_0310_1,7,44783484,2024-05-14,4,04:00,,1.1117756,0.0,7.7928104
20001_0310_1,7,44783484,2024-05-14,5,05:00,28.476552963256836,25.434055,17.590052,33.440254
20001_0310_1,7,44783484,2024-05-14,6,06:00,26.881472778320312,38.823734,29.519976,47.823803
20001_0310_1,7,44783484,2024-05-14,7,07:00,32.582987467447914,35.621254,25.710133,44.510895
20001_0310_1,7,44783484,2024-05-14,8,08:00,22.678277587890626,29.078255,19.719288,37.49857
20001_0310_1,7,44783484,2024-05-14,9,09:00,18.774999618530273,24.053677,15.567797,31.797602
20001_0310_1,7,44783484,2024-05-14,10,10:00,14.999874114990234,15.799009,7.49948,23.249605
20001_0310_1,7,44783484,2024-05-14,11,11:00,17.927082061767578,16.454689,8.51751,23.88113
20001_0310_1,7,44783484,2024-05-14,12,12:00,23.395111083984375,25.130371,16.875704,32.984726
20001_0310_1,7,44783484,2024-05-14,13,13:00,27.694163004557293,23.432507,15.053604,31.921837
20001_0310_1,7,44783484,2024-05-14,14,14:00,17.5,17.805735,9.067071,26.487457
20001_0310_1,7,44783484,2024-05-14,15,15:00,16.822222391764324,24.702454,15.660971,33.50927
20001_0310_1,7,44783484,2024-05-14,16,16:00,21.241270065307617,30.292988,21.051352,39.348274
20001_0310_1,7,44783484,2024-05-14,17,17:00,58.6321055094401,42.96487,33.412647,52.185802
20001_0310_1,7,44783484,2024-05-14,18,18:00,42.081993103027344,34.240875,24.8681,43.62745
20001_0310_1,7,44783484,2024-05-14,19,19:00,20.80975341796875,21.023743,12.499901,29.851265
20001_0310_1,7,44783484,2024-05-14,20,20:00,13.653514862060547,14.280592,6.55737,22.486946
20001_0310_1,7,44783484,2024-05-14,21,21:00,7.0,13.976909,7.2958736,20.975431
20001_0310_1,7,44783484,2024-05-14,22,22:00,14.0,14.729215,8.786683,20.961628
20001_0310_1,7,44783484,2024-05-14,23,23:00,,1.3326354,0.0,6.77133
20001_0310_1,7,44783484,2024-05-15,0,00:00,,0.0,0.0,3.4904928
20001_0310_1,7,44783484,2024-05-15,1,01:00,,0.0,0.0,2.7681608
20001_0310_1,7,44783484,2024-05-15,2,02:00,,0.0,0.0,3.379365
20001_0310_1,7,44783484,2024-05-15,3,03:00,,0.0,0.0,4.7129006
20001_0310_1,7,44783484,2024-05-15,4,04:00,,0.0,0.0,6.5465145
20001_0310_1,7,44783484,2024-05-15,5,05:00,23.87596893310547,23.38241,15.777085,31.647554
20001_0310_1,7,44783484,2024-05-15,6,06:00,36.11281967163086,36.495518,27.438585,45.774708
20001_0310_1,7,44783484,2024-05-15,7,07:00,33.17354965209961,33.717316,24.20198,43.05207
20001_0310_1,7,44783484,2024-05-15,8,08:00,34.66462707519531,27.549711,18.516218,36.41217
20001_0310_1,7,44783484,2024-05-15,9,09:00,13.6875,22.840658,14.506057,31.189148
20001_0310_1,7,44783484,2024-05-15,10,10:00,17.192092895507812,14.610241,6.5465117,22.785095
20001_0310_1,7,44783484,2024-05-15,11,11:00,14.638477325439453,15.158936,7.428591,23.583828
20001_0310_1,7,44783484,2024-05-15,12,12:00,40.32654317220052,23.326845,15.270066,32.008724
20001_0310_1,7,44783484,2024-05-15,13,13:00,18.145950317382812,23.299065,15.026973,32.439346
20001_0310_1,7,44783484,2024-05-15,14,14:00,11.047618865966797,17.037693,8.328033,26.219646
20001_0310_1,7,44783484,2024-05-15,15,15:00,27.714139302571613,24.368671,15.582613,33.592297
20001_0310_1,7,44783484,2024-05-15,16,16:00,34.2576904296875,28.68877,19.503347,37.80127
20001_0310_1,7,44783484,2024-05-15,17,17:00,50.91419982910156,42.49643,32.911636,51.66449
20001_0310_1,7,44783484,2024-05-15,18,18:00,35.26677322387695,34.384087,25.03544,43.663277
20001_0310_1,7,44783484,2024-05-15,19,19:00,24.012388610839842,20.458353,11.998733,29.154121
20001_0310_1,7,44783484,2024-05-15,20,20:00,16.4242426554362,14.005982,6.407603,21.909962
20001_0310_1,7,44783484,2024-05-15,21,21:00,15.79230785369873,13.908745,7.4911017,20.854246
20001_0310_1,7,44783484,2024-05-15,22,22:00,8.333333015441895,13.672598,8.130087,19.815893
20001_0310_1,7,44783484,2024-05-15,23,23:00,,0.8789835,0.0,6.1020007
20001_0310_1,7,44783484,2024-05-16,0,00:00,,0.0,0.0,3.8801725
20001_0310_1,7,44783484,2024-05-16,1,01:00,,0.0,0.0,3.3901842
20001_0310_1,7,44783484,2024-05-16,2,02:00,,0.0,0.0,2.8457518
20001_0310_1,7,44783484,2024-05-16,3,03:00,,0.0,0.0,4.479049
20001_0310_1,7,44783484,2024-05-16,4,04:00,,0.23247702,0.0,6.439005
20001_0310_1,7,44783484,2024-05-16,5,05:00,23.86055564880371,25.072199,17.383797,32.775913
20001_0310_1,7,44783484,2024-05-16,6,06:00,34.86683654785156,38.88717,29.659042,47.70697
20001_0310_1,7,44783484,2024-05-16,7,07:00,41.43813705444336,34.31394,24.636656,43.242626
20001_0310_1,7,44783484,2024-05-16,8,08:00,22.205394744873047,29.795149,20.55341,38.26107
20001_0310_1,7,44783484,2024-05-16,9,09:00,23.51141357421875,21.968937,13.530237,30.149029
20001_0310_1,7,44783484,2024-05-16,10,10:00,18.081709543863933,15.245196,7.078713,23.466124
20001_0310_1,7,44783484,2024-05-16,11,11:00,10.512499809265137,17.86783,9.7302685,26.362675
20001_0310_1,7,44783484,2024-05-16,12,12:00,22.478167215983074,26.77355,18.368876,35.70224
20001_0310_1,7,44783484,2024-05-16,13,13:00,16.129249572753906,24.718319,16.024414,33.973663
20001_0310_1,7,44783484,2024-05-16,14,14:00,11.460016886393229,17.681532,8.592916,26.940285
20001_0310_1,7,44783484,2024-05-16,15,15:00,14.133333841959635,27.753529,18.5237,36.87277
20001_0310_1,7,44783484,2024-05-16,16,16:00,37.87152099609375,28.733507,19.335245,37.988853
20001_0310_1,7,44783484,2024-05-16,17,17:00,41.523521423339844,44.277046,34.368378,53.20573
20001_0310_1,7,44783484,2024-05-16,18,18:00,29.811197916666668,36.491665,27.018543,45.583683
20001_0310_1,7,44783484,2024-05-16,19,19:00,23.975133895874023,22.254763,13.71398,30.802345
20001_0310_1,7,44783484,2024-05-16,20,20:00,8.962963104248047,15.109088,7.541479,22.649475
20001_0310_1,7,44783484,2024-05-16,21,21:00,25.764209747314453,14.938952,8.569096,21.45853
20001_0310_1,7,44783484,2024-05-16,22,22:00,12.666666984558105,14.557851,9.0522785,20.328833
20001_0310_1,7,44783484,2024-05-16,23,23:00,,1.1580114,0.0,6.085123
20001_0310_1,7,44783484,2024-05-17,0,00:00,,0.62616044,0.0,4.663931
20001_0310_1,7,44783484,2024-05-17,1,01:00,,0.24677287,0.0,3.7154615
20001_0310_1,7,44783484,2024-05-17,2,02:00,,0.0,0.0,3.5528655
20001_0310_1,7,44783484,2024-05-17,3,03:00,,0.0,0.0,4.4742365
20001_0310_1,7,44783484,2024-05-17,4,04:00,,0.0,0.0,5.802094
20001_0310_1,7,44783484,2024-05-17,5,05:00,22.044757843017578,22.99649,15.205491,30.692642
20001_0310_1,7,44783484,2024-05-17,6,06:00,35.83500289916992,38.944324,29.676426,47.670246
20001_0310_1,7,44783484,2024-05-17,7,07:00,36.2874501546224,33.6871,24.080456,42.900806
20001_0310_1,7,44783484,2024-05-17,8,08:00,23.974693298339844,30.733292,21.316347,39.106926
20001_0310_1,7,44783484,2024-05-17,9,09:00,15.549123128255209,22.427408,13.823435,30.530048
20001_0310_1,7,44783484,2024-05-17,10,10:00,19.010908762613933,14.107977,5.8224177,21.959948
20001_0310_1,7,44783484,2024-05-17,11,11:00,25.24559211730957,14.94805,6.750563,23.186184
20001_0310_1,7,44783484,2024-05-17,12,12:00,27.070706685384113,22.901644,14.514466,31.397223
20001_0310_1,7,44783484,2024-05-17,13,13:00,16.022727966308594,21.817678,13.267904,30.990736
20001_0310_1,7,44783484,2024-05-17,14,14:00,21.0,17.034683,8.047091,26.4203
20001_0310_1,7,44783484,2024-05-17,15,15:00,33.00580596923828,25.394764,15.9032955,34.87946
20001_0310_1,7,44783484,2024-05-17,16,16:00,34.29499816894531,25.936747,16.076052,35.665333
20001_0310_1,7,44783484,2024-05-17,17,17:00,40.90167999267578,39.8657,29.134443,49.40459
20001_0310_1,7,44783484,2024-05-17,18,18:00,47.32143020629883,31.519167,21.201172,41.247753
20001_0310_1,7,44783484,2024-05-17,19,19:00,13.106060791015626,20.699839,11.303216,30.028715
20001_0310_1,7,44783484,2024-05-17,20,20:00,10.987500190734863,13.877635,5.734347,22.197067
20001_0310_1,7,44783484,2024-05-17,21,21:00,15.77450942993164,16.472376,9.5316105,23.745104
20001_0310_1,7,44783484,2024-05-17,22,22:00,10.0,13.09176,7.4009423,19.42618
20001_0310_1,7,44783484,2024-05-17,23,23:00,,1.655927,0.0,7.075752
20001_0310_1,7,44783484,2024-05-18,0,00:00,,0.0,0.0,3.632961
20001_0310_1,7,44783484,2024-05-18,1,01:00,,0.0,0.0,3.1992962
20001_0310_1,7,44783484,2024-05-18,2,02:00,,0.0,0.0,3.985314
20001_0310_1,7,44783484,2024-05-18,3,03:00,,0.0,0.0,4.906853
20001_0310_1,7,44783484,2024-05-18,4,04:00,,1.1935945,0.0,8.240655
20001_0310_1,7,44783484,2024-05-18,5,05:00,,20.857601,13.010972,29.571562
20001_0310_1,7,44783484,2024-05-18,6,06:00,,30.005226,20.681423,40.00663
20001_0310_1,7,44783484,2024-05-18,7,07:00,,20.010597,10.222638,30.388067
20001_0310_1,7,44783484,2024-05-18,8,08:00,,28.378983,18.955235,37.919617
20001_0310_1,7,44783484,2024-05-18,9,09:00,,22.646471,13.810543,31.739887
20001_0310_1,7,44783484,2024-05-18,10,10:00,,13.160044,4.5545,21.887554
20001_0310_1,7,44783484,2024-05-18,11,11:00,,17.20956,8.698034,26.315681
20001_0310_1,7,44783484,2024-05-18,12,12:00,,24.8419,16.180452,34.192806
20001_0310_1,7,44783484,2024-05-18,13,13:00,,22.619364,13.675019,32.607216
20001_0310_1,7,44783484,2024-05-18,14,14:00,,19.299116,9.975316,29.571562
20001_0310_1,7,44783484,2024-05-18,15,15:00,,23.296968,13.498845,33.948875
20001_0310_1,7,44783484,2024-05-18,16,16:00,12.0,19.112778,8.752244,29.974733
20001_0310_1,7,44783484,2024-05-18,17,17:00,,30.194954,19.299116,41.145004
20001_0310_1,7,44783484,2024-05-18,18,18:00,,29.381834,18.895943,40.19636
20001_0310_1,7,44783484,2024-05-18,19,19:00,,19.390593,10.100671,29.398773
20001_0310_1,7,44783484,2024-05-18,20,20:00,,11.100135,3.0502234,19.908957
20001_0310_1,7,44783484,2024-05-18,21,21:00,,14.081583,7.630814,21.724932
20001_0310_1,7,44783484,2024-05-18,22,22:00,,12.60441,7.2920113,19.099224
20001_0310_1,7,44783484,2024-05-18,23,23:00,,1.4104273,0.0,7.1564913
20001_0310_1,7,44783484,2024-05-19,0,00:00,,0.0,0.0,3.1269586
20001_0310_1,7,44783484,2024-05-19,1,01:00,,0.0,0.0,2.7780147
20001_0310_1,7,44783484,2024-05-19,2,02:00,,0.0,0.0,2.509595
20001_0310_1,7,44783484,2024-05-19,3,03:00,,0.0,0.0,3.824849
20001_0310_1,7,44783484,2024-05-19,4,04:00,,0.9527641,0.0,7.0727196
20001_0310_1,7,44783484,2024-05-19,5,05:00,,23.67444,16.532816,31.257277
20001_0310_1,7,44783484,2024-05-19,6,06:00,,33.37779,24.627325,42.07457
20001_0310_1,7,44783484,2024-05-19,7,07:00,,24.546803,15.303119,33.324104
20001_0310_1,7,44783484,2024-05-19,8,08:00,,26.667316,17.764189,35.068836
20001_0310_1,7,44783484,2024-05-19,9,09:00,,21.305641,12.904122,29.505842
20001_0310_1,7,44783484,2024-05-19,10,10:00,,11.649265,3.220905,19.889732
20001_0310_1,7,44783484,2024-05-19,11,11:00,,15.373581,6.7774606,24.157597
20001_0310_1,7,44783484,2024-05-19,12,12:00,,24.10391,15.0581875,33.49858
20001_0310_1,7,44783484,2024-05-19,13,13:00,,21.728403,12.186102,31.767275
20001_0310_1,7,44783484,2024-05-19,14,14:00,,16.168772,6.114798,26.514648
20001_0310_1,7,44783484,2024-05-19,15,15:00,,23.057076,12.729651,33.525417
20001_0310_1,7,44783484,2024-05-19,16,16:00,,20.782225,10.125986,31.411623
20001_0310_1,7,44783484,2024-05-19,17,17:00,,27.633623,16.556303,37.96776
20001_0310_1,7,44783484,2024-05-19,18,18:00,,31.41833,20.668148,41.698784
20001_0310_1,7,44783484,2024-05-19,19,19:00,,20.29236,10.877562,29.640055
20001_0310_1,7,44783484,2024-05-19,20,20:00,,11.9042635,3.70406,20.198414
20001_0310_1,7,44783484,2024-05-19,21,21:00,,14.105299,7.596137,21.010382
20001_0310_1,7,44783484,2024-05-19,22,22:00,,13.434252,8.20008,19.310953
20001_0310_1,7,44783484,2024-05-19,23,23:00,,1.3285512,0.0,6.3211465
20001_0310_1,7,44783484,2024-05-20,0,00:00,,0.05430475,0.0,3.9888582
20001_0310_1,7,44783484,2024-05-20,1,01:00,,0.1613686,0.0,3.2126546
20001_0310_1,7,44783484,2024-05-20,2,02:00,,0.1613686,0.0,3.6409054
20001_0310_1,7,44783484,2024-05-20,3,03:00,,0.0,0.0,3.8282652
20001_0310_1,7,44783484,2024-05-20,4,04:00,,0.6431501,0.0,6.879551
20001_0310_1,7,44783484,2024-05-20,5,05:00,21.029125213623047,24.089876,16.322813,32.19987
20001_0310_1,7,44783484,2024-05-20,6,06:00,33.584442138671875,36.29502,26.739677,45.609474
20001_0310_1,7,44783484,2024-05-20,7,07:00,33.77041371663412,33.190205,23.046015,42.558186
20001_0310_1,7,44783484,2024-05-20,8,08:00,34.046929931640626,27.27499,17.556547,36.107662
20001_0310_1,7,44783484,2024-05-20,9,09:00,16.327484130859375,20.295843,11.2356615,28.767176
20001_0310_1,7,44783484,2024-05-20,10,10:00,21.58239491780599,14.079515,5.0862494,22.5107
20001_0310_1,7,44783484,2024-05-20,11,11:00,15.716326713562012,16.75441,7.698414,25.631413
20001_0310_1,7,44783484,2024-05-20,12,12:00,21.831348419189453,26.498785,17.082289,35.78647
20001_0310_1,7,44783484,2024-05-20,13,13:00,19.531522750854492,23.07278,13.510745,32.8021
20001_0310_1,7,44783484,2024-05-20,14,14:00,18.134259541829426,15.340848,5.457625,25.143774
20001_0310_1,7,44783484,2024-05-20,15,15:00,19.454544067382812,25.05344,14.969476,34.822903
20001_0310_1,7,44783484,2024-05-20,16,16:00,21.905680338541668,26.472021,16.13211,36.402084
20001_0310_1,7,44783484,2024-05-20,17,17:00,48.404276529947914,36.669735,25.90994,46.465973
20001_0310_1,7,44783484,2024-05-20,18,18:00,44.1875,33.190205,22.791742,43.093502
20001_0310_1,7,44783484,2024-05-20,19,19:00,11.642564392089843,21.078737,11.764286,30.125536
20001_0310_1,7,44783484,2024-05-20,20,20:00,15.222221374511719,14.032677,5.956135,21.975388
20001_0310_1,7,44783484,2024-05-20,21,21:00,9.300000190734863,14.788805,8.237907,21.353086
20001_0310_1,7,44783484,2024-05-20,22,22:00,12.0,12.941975,7.5754576,18.589529
20001_0310_1,7,44783484,2024-05-20,23,23:00,,1.3390578,0.0,6.076581
20001_0310_1,7,44783484,2024-05-21,0,00:00,,0.23532008,0.0,4.526682
20001_0310_1,7,44783484,2024-05-21,1,01:00,,0.07338151,0.0,3.690001
20001_0310_1,7,44783484,2024-05-21,2,02:00,,0.0,0.0,3.7979598
20001_0310_1,7,44783484,2024-05-21,3,03:00,,0.0,0.0,4.2028055
20001_0310_1,7,44783484,2024-05-21,4,04:00,,0.34327886,0.0,6.9017763
20001_0310_1,7,44783484,2024-05-21,5,05:00,22.727088928222656,22.339884,14.431903,30.517763
20001_0310_1,7,44783484,2024-05-21,6,06:00,38.85452524820963,36.563454,27.0091,45.901894
20001_0310_1,7,44783484,2024-05-21,7,07:00,37.29710896809896,32.46102,22.434343,41.85343
20001_0310_1,7,44783484,2024-05-21,8,08:00,35.541482543945314,26.90114,17.323174,35.645805
20001_0310_1,7,44783484,2024-05-21,9,09:00,25.764053344726562,20.48434,11.719438,28.790419
20001_0310_1,7,44783484,2024-05-21,10,10:00,22.0,15.039169,6.3417397,23.04836
20001_0310_1,7,44783484,2024-05-21,11,11:00,22.249643961588543,15.639692,7.2256536,23.878296
20001_0310_1,7,44783484,2024-05-21,12,12:00,27.979183197021484,24.795946,16.15587,33.48663
20001_0310_1,7,44783484,2024-05-21,13,13:00,17.983217239379883,22.27241,13.527748,31.34095
20001_0310_1,7,44783484,2024-05-21,14,14:00,17.069264729817707,15.686924,6.773576,24.721725
20001_0310_1,7,44783484,2024-05-21,15,15:00,20.5,23.473452,14.283459,32.393547
20001_0310_1,7,44783484,2024-05-21,16,16:00,27.518535614013672,28.304605,18.873394,37.292175
20001_0310_1,7,44783484,2024-05-21,17,17:00,43.09648895263672,42.82506,32.784893,51.78564
20001_0310_1,7,44783484,2024-05-21,18,18:00,13.458333015441895,34.02642,24.36411,43.31088
20001_0310_1,7,44783484,2024-05-21,19,19:00,13.652778625488281,20.754238,12.056809,29.47866
20001_0310_1,7,44783484,2024-05-21,20,20:00,9.855769157409668,13.3658085,5.6737432,21.206316
20001_0310_1,7,44783484,2024-05-21,21,21:00,10.4375,13.5952215,7.1581793,20.315657
20001_0310_1,7,44783484,2024-05-21,22,22:00,,11.233623,5.862673,17.121593
20001_0310_1,7,44783484,2024-05-21,23,23:00,,0.45123765,0.0,5.471322
20001_0310_1,7,44783484,2024-05-22,0,00:00,,0.0,0.0,3.9823956
20001_0310_1,7,44783484,2024-05-22,1,01:00,,0.0,0.0,2.9353771
20001_0310_1,7,44783484,2024-05-22,2,02:00,,0.0,0.0,3.2575374
20001_0310_1,7,44783484,2024-05-22,3,03:00,,0.14332597,0.0,4.841488
20001_0310_1,7,44783484,2024-05-22,4,04:00,,1.0024185,0.0,7.3919196
20001_0310_1,7,44783484,2024-05-22,5,05:00,30.63653055826823,23.204594,15.583502,31.406244
20001_0310_1,7,44783484,2024-05-22,6,06:00,25.975969314575195,36.01044,26.58727,45.191994
20001_0310_1,7,44783484,2024-05-22,7,07:00,48.59349060058594,32.305603,22.372347,41.80932
20001_0310_1,7,44783484,2024-05-22,8,08:00,38.363407135009766,28.466536,18.899061,37.43331
20001_0310_1,7,44783484,2024-05-22,9,09:00,95.96295928955078,21.05015,12.110216,29.600807
20001_0310_1,7,44783484,2024-05-22,10,10:00,13.800673166910807,16.039894,7.14191,24.484842
20001_0310_1,7,44783484,2024-05-22,11,11:00,14.846969604492188,16.933386,8.057632,25.722725
20001_0310_1,7,44783484,2024-05-22,12,12:00,27.792027791341145,24.627466,15.499605,33.809013
20001_0310_1,7,44783484,2024-05-22,13,13:00,32.63718032836914,20.36556,11.083333,30.037066
20001_0310_1,7,44783484,2024-05-22,14,14:00,13.4375,15.9224415,6.422084,25.563744
20001_0310_1,7,44783484,2024-05-22,15,15:00,16.518519083658855,23.137478,13.499531,32.84254
20001_0310_1,7,44783484,2024-05-22,16,16:00,24.81287078857422,28.359152,18.328571,38.158176
20001_0310_1,7,44783484,2024-05-22,17,17:00,93.65463256835938,40.252213,29.728329,50.292854
20001_0310_1,7,44783484,2024-05-22,18,18:00,28.3206787109375,33.111008,22.922703,43.259033
20001_0310_1,7,44783484,2024-05-22,19,19:00,14.263528442382812,19.39237,10.103432,29.08401
20001_0310_1,7,44783484,2024-05-22,20,20:00,8.472222328186035,12.895481,4.8817587,21.587084
20001_0310_1,7,44783484,2024-05-22,21,21:00,13.777777671813965,14.30493,7.794619,21.754875
20001_0310_1,7,44783484,2024-05-22,22,22:00,10.35714340209961,11.311529,5.8750844,17.546665
20001_0310_1,7,44783484,2024-05-22,23,23:00,,1.1098045,0.0,6.2106667
20001_0310_1,7,44783484,2024-05-23,0,00:00,,0.0,0.0,5.1338696
20001_0310_1,7,44783484,2024-05-23,1,01:00,,0.8873638,0.0,5.7694
20001_0310_1,7,44783484,2024-05-23,2,02:00,,0.0,0.0,4.9027667
20001_0310_1,7,44783484,2024-05-23,3,03:00,,0.0,0.0,5.4805226
20001_0310_1,7,44783484,2024-05-23,4,04:00,,1.0029148,0.0,8.455966
20001_0310_1,7,44783484,2024-05-23,5,05:00,20.880773544311523,22.740978,14.695728,31.768412
20001_0310_1,7,44783484,2024-05-23,6,06:00,39.6307373046875,36.01492,26.45306,46.12565
20001_0310_1,7,44783484,2024-05-23,7,07:00,29.610084533691406,32.31728,21.989893,42.919098
20001_0310_1,7,44783484,2024-05-23,8,08:00,33.22789764404297,31.219543,20.949934,41.590263
20001_0310_1,7,44783484,2024-05-23,9,09:00,24.46339988708496,24.012041,14.406852,34.223877
20001_0310_1,7,44783484,2024-05-23,10,10:00,21.47777811686198,16.533716,7.049492,26.895403
20001_0310_1,7,44783484,2024-05-23,11,11:00,12.5505952835083,18.151432,9.015667,28.688255
20001_0310_1,7,44783484,2024-05-23,12,12:00,25.068628946940105,25.239773,16.201504,36.1738
20001_0310_1,7,44783484,2024-05-23,13,13:00,16.133333841959637,20.567173,11.416966,31.782858
20001_0310_1,7,44783484,2024-05-23,14,14:00,16.681624094645183,15.836798,6.3507695,27.178867
20001_0310_1,7,44783484,2024-05-23,15,15:00,11.88095219930013,22.92875,13.208007,34.31054
20001_0310_1,7,44783484,2024-05-23,16,16:00,20.399267196655273,26.019743,16.060677,37.574856
20001_0310_1,7,44783484,2024-05-23,17,17:00,32.00464630126953,38.38372,27.724123,49.70773
20001_0310_1,7,44783484,2024-05-23,18,18:00,35.9715321858724,32.375053,22.033226,43.67018
20001_0310_1,7,44783484,2024-05-23,19,19:00,19.455556233723957,18.685854,9.409262,29.312952
20001_0310_1,7,44783484,2024-05-23,20,20:00,18.448148091634113,12.32693,4.151686,21.773237
20001_0310_1,7,44783484,2024-05-23,21,21:00,12.626665751139322,14.832946,8.102089,22.762644
20001_0310_1,7,44783484,2024-05-23,22,22:00,16.0,12.428038,6.636034,19.281666
20001_0310_1,7,44783484,2024-05-23,23,23:00,,1.4651197,0.0,7.4448924
20001_0310_1,7,44783484,2024-05-24,0,00:00,,0.16220441,0.0,3.993231
20001_0310_1,7,44783484,2024-05-24,1,01:00,,1.0839554,0.0,4.3964972
20001_0310_1,7,44783484,2024-05-24,2,02:00,,0.21981396,0.0,3.9644268
20001_0310_1,7,44783484,2024-05-24,3,03:00,,0.0,0.0,4.6845446
20001_0310_1,7,44783484,2024-05-24,4,04:00,,0.6230799,0.0,7.16175
20001_0310_1,7,44783484,2024-05-24,5,05:00,23.558076858520508,21.837751,13.930857,30.090302
20001_0310_1,7,44783484,2024-05-24,6,06:00,38.7720692952474,35.361565,25.72639,45.097557
20001_0310_1,7,44783484,2024-05-24,7,07:00,42.70956802368164,31.156075,20.85839,41.208916
20001_0310_1,7,44783484,2024-05-24,8,08:00,31.870040893554688,29.859863,19.706203,39.45183
20001_0310_1,7,44783484,2024-05-24,9,09:00,26.330768585205078,24.084518,14.719386,33.359634
20001_0310_1,7,44783484,2024-05-24,10,10:00,16.294445037841797,15.511516,6.445233,24.5778
20001_0310_1,7,44783484,2024-05-24,11,11:00,21.02397918701172,17.047169,8.361197,26.306532
20001_0310_1,7,44783484,2024-05-24,12,12:00,25.041402180989582,23.551632,14.910217,33.129196
20001_0310_1,7,44783484,2024-05-24,13,13:00,17.050264994303387,19.119307,10.40588,29.028126
20001_0310_1,7,44783484,2024-05-24,14,14:00,19.324880599975586,17.2344,8.2594795,27.212982
20001_0310_1,7,44783484,2024-05-24,15,15:00,12.399999618530273,22.140202,12.908291,32.16424
20001_0310_1,7,44783484,2024-05-24,16,16:00,22.713674545288086,24.617407,14.881412,34.771065
20001_0310_1,7,44783484,2024-05-24,17,17:00,39.26754506429037,36.628967,26.230467,46.768227
20001_0310_1,7,44783484,2024-05-24,18,18:00,29.75653648376465,33.40284,23.3644,43.42688
20001_0310_1,7,44783484,2024-05-24,19,19:00,28.14623260498047,19.497368,10.58231,28.844498
20001_0310_1,7,44783484,2024-05-24,20,20:00,12.75,12.548229,4.9581885,20.707163
20001_0310_1,7,44783484,2024-05-24,21,21:00,14.642857551574707,14.895814,8.717202,21.391277
20001_0310_1,7,44783484,2024-05-24,22,22:00,17.0,12.144964,7.147347,17.67367
20001_0310_1,7,44783484,2024-05-24,23,23:00,,1.4872215,0.0,6.153585
20001_0310_1,7,44783484,2024-05-25,0,00:00,,0.11620635,0.0,4.6915355
20001_0310_1,7,44783484,2024-05-25,1,01:00,,0.059370518,0.0,4.037917
20001_0310_1,7,44783484,2024-05-25,2,02:00,,0.11620715,0.0,4.4926085
20001_0310_1,7,44783484,2024-05-25,3,03:00,,0.0,0.0,4.7767916
20001_0310_1,7,44783484,2024-05-25,4,04:00,,1.537116,0.0,8.840592
20001_0310_1,7,44783484,2024-05-25,5,05:00,,22.367655,13.948764,31.518316
20001_0310_1,7,44783484,2024-05-25,6,06:00,,32.314026,22.097685,42.97085
20001_0310_1,7,44783484,2024-05-25,7,07:00,,24.811619,13.80667,35.78104
20001_0310_1,7,44783484,2024-05-25,8,08:00,,31.74566,21.103046,42.26039
20001_0310_1,7,44783484,2024-05-25,9,09:00,,24.783203,14.968269,34.715363
20001_0310_1,7,44783484,2024-05-25,10,10:00,,14.055333,4.77324,23.500832
20001_0310_1,7,44783484,2024-05-25,11,11:00,,18.09782,9.220686,27.664095
20001_0310_1,7,44783484,2024-05-25,12,12:00,,25.152637,16.414042,34.843246
20001_0310_1,7,44783484,2024-05-25,13,13:00,,21.024895,12.243671,30.85759
20001_0310_1,7,44783484,2024-05-25,14,14:00,,18.444168,9.513748,28.326595
20001_0310_1,7,44783484,2024-05-25,15,15:00,,21.47248,12.350241,31.27676
20001_0310_1,7,44783484,2024-05-25,16,16:00,,20.747818,11.213514,30.52368
20001_0310_1,7,44783484,2024-05-25,17,17:00,,30.893116,20.818867,40.44163
20001_0310_1,7,44783484,2024-05-25,18,18:00,,30.381588,20.662563,39.901684
20001_0310_1,7,44783484,2024-05-25,19,19:00,,19.632404,11.163782,28.612556
20001_0310_1,7,44783484,2024-05-25,20,20:00,,11.582949,4.0521283,19.515179
20001_0310_1,7,44783484,2024-05-25,21,21:00,,14.687637,8.393008,21.550632
20001_0310_1,7,44783484,2024-05-25,22,22:00,,13.359087,8.030675,19.351772
20001_0310_1,7,44783484,2024-05-25,23,23:00,,0.9687528,0.0,6.3397923
20001_0310_1,7,44783484,2024-05-26,0,00:00,,0.3363124,0.0,4.629155
20001_0310_1,7,44783484,2024-05-26,1,01:00,,0.0,0.0,2.91763
20001_0310_1,7,44783484,2024-05-26,2,02:00,,0.0,0.0,3.4507277
20001_0310_1,7,44783484,2024-05-26,3,03:00,,0.0,0.0,4.0960574
20001_0310_1,7,44783484,2024-05-26,4,04:00,,0.6730055,0.0,7.2104726
20001_0310_1,7,44783484,2024-05-26,5,05:00,,22.628231,15.066656,30.947369
20001_0310_1,7,44783484,2024-05-26,6,06:00,,33.163933,23.862774,42.871933
20001_0310_1,7,44783484,2024-05-26,7,07:00,,25.644444,15.697955,35.773308
20001_0310_1,7,44783484,2024-05-26,8,08:00,,30.105633,20.306448,39.92586
20001_0310_1,7,44783484,2024-05-26,9,09:00,,22.712404,13.41826,32.195942
20001_0310_1,7,44783484,2024-05-26,10,10:00,,12.611598,3.4437137,21.961859
20001_0310_1,7,44783484,2024-05-26,11,11:00,,16.589666,7.7172656,26.151237
20001_0310_1,7,44783484,2024-05-26,12,12:00,,25.588327,16.592297,35.32438
20001_0310_1,7,44783484,2024-05-26,13,13:00,,20.060944,10.900072,30.175776
20001_0310_1,7,44783484,2024-05-26,14,14:00,,17.139425,7.8715844,27.455925
20001_0310_1,7,44783484,2024-05-26,15,15:00,,20.02587,10.3319025,30.659773
20001_0310_1,7,44783484,2024-05-26,16,16:00,,20.02587,9.707615,30.793049
20001_0310_1,7,44783484,2024-05-26,17,17:00,,29.51642,18.601936,40.318672
20001_0310_1,7,44783484,2024-05-26,18,18:00,,29.544476,18.956167,40.430904
20001_0310_1,7,44783484,2024-05-26,19,19:00,,18.90005,9.574339,28.962275
20001_0310_1,7,44783484,2024-05-26,20,20:00,,11.811951,3.717276,20.565983
20001_0310_1,7,44783484,2024-05-26,21,21:00,,13.256927,6.873778,20.59404
20001_0310_1,7,44783484,2024-05-26,22,22:00,,13.0464945,7.9399743,19.50154
20001_0310_1,7,44783484,2024-05-26,23,23:00,,0.9535835,0.0,6.452911
20001_0310_1,7,44783484,2024-05-27,0,00:00,,0.0,0.0,3.8083272
20001_0310_1,7,44783484,2024-05-27,1,01:00,,0.033801734,0.0,3.5287318
20001_0310_1,7,44783484,2024-05-27,2,02:00,,0.0,0.0,3.388935
20001_0310_1,7,44783484,2024-05-27,3,03:00,,0.0,0.0,3.1652598
20001_0310_1,7,44783484,2024-05-27,4,04:00,,1.3199369,0.0,7.6946907
20001_0310_1,7,44783484,2024-05-27,5,05:00,24.446378707885742,21.75829,14.279139,29.712753
20001_0310_1,7,44783484,2024-05-27,6,06:00,26.284645080566406,35.710056,26.623234,44.880753
20001_0310_1,7,44783484,2024-05-27,7,07:00,34.16210174560547,32.690437,23.100346,41.861137
20001_0310_1,7,44783484,2024-05-27,8,08:00,36.054786682128906,31.572056,22.28952,40.211525
20001_0310_1,7,44783484,2024-05-27,9,09:00,30.049301147460938,23.631575,15.117923,31.809711
20001_0310_1,7,44783484,2024-05-27,10,10:00,13.918828328450521,15.484891,7.4185915,23.453333
20001_0310_1,7,44783484,2024-05-27,11,11:00,15.497383117675781,17.65,9.948046,25.717173
20001_0310_1,7,44783484,2024-05-27,12,12:00,23.274434407552082,25.225262,17.42108,33.417377
20001_0310_1,7,44783484,2024-05-27,13,13:00,25.618662516276043,20.185572,12.447796,28.706213
20001_0310_1,7,44783484,2024-05-27,14,14:00,13.398126602172852,16.372602,8.578908,25.074982
20001_0310_1,7,44783484,2024-05-27,15,15:00,22.93294334411621,19.752201,11.650955,28.45458
20001_0310_1,7,44783484,2024-05-27,16,16:00,31.984233856201172,22.876669,14.390977,31.683893
20001_0310_1,7,44783484,2024-05-27,17,17:00,78.29535675048828,34.759434,25.672611,43.538696
20001_0310_1,7,44783484,2024-05-27,18,18:00,31.31759033203125,31.600014,22.680952,40.519077
20001_0310_1,7,44783484,2024-05-27,19,19:00,15.164021492004395,19.416689,11.553095,27.78355
20001_0310_1,7,44783484,2024-05-27,20,20:00,20.769779205322266,13.202702,6.3246775,20.597975
20001_0310_1,7,44783484,2024-05-27,21,21:00,6.557622909545898,13.77587,8.128062,19.857048
20001_0310_1,7,44783484,2024-05-27,22,22:00,20.234949111938477,12.601574,7.8904076,18.00299
20001_0310_1,7,44783484,2024-05-27,23,23:00,,1.6554496,0.0,6.4365144
20001_0310_1,7,44783484,2024-05-28,0,00:00,,0.14886837,0.0,4.362218
20001_0310_1,7,44783484,2024-05-28,1,01:00,,1.1807089,0.0,4.849476
20001_0310_1,7,44783484,2024-05-28,2,02:00,,0.4928155,0.0,4.6201777
20001_0310_1,7,44783484,2024-05-28,3,03:00,,0.0,0.0,5.0214486
20001_0310_1,7,44783484,2024-05-28,4,04:00,,0.4928155,0.0,7.801688
20001_0310_1,7,44783484,2024-05-28,5,05:00,32.42354202270508,22.80637,14.637632,32.236248
20001_0310_1,7,44783484,2024-05-28,6,06:00,28.50930404663086,35.632725,25.543612,46.810997
20001_0310_1,7,44783484,2024-05-28,7,07:00,41.496978759765625,31.448036,20.585045,42.912933
20001_0310_1,7,44783484,2024-05-28,8,08:00,46.89044189453125,30.129572,19.603361,41.13587
20001_0310_1,7,44783484,2024-05-28,9,09:00,18.49118995666504,25.171007,15.587069,35.518078
20001_0310_1,7,44783484,2024-05-28,10,10:00,20.46177101135254,16.536505,7.31398,26.489021
20001_0310_1,7,44783484,2024-05-28,11,11:00,14.87521743774414,17.04526,8.419717,26.906862
20001_0310_1,7,44783484,2024-05-28,12,12:00,16.680908203125,25.11368,16.418272,35.03082
20001_0310_1,7,44783484,2024-05-28,13,13:00,29.180252075195312,20.477564,12.07236,30.401865
20001_0310_1,7,44783484,2024-05-28,14,14:00,17.14928436279297,16.744307,8.168923,26.627405
20001_0310_1,7,44783484,2024-05-28,15,15:00,29.695953369140625,20.212439,11.327144,29.92894
20001_0310_1,7,44783484,2024-05-28,16,16:00,31.92702293395996,26.804754,17.50117,36.951187
20001_0310_1,7,44783484,2024-05-28,17,17:00,70.96387481689453,41.766445,31.935297,51.798233
20001_0310_1,7,44783484,2024-05-28,18,18:00,31.889666748046874,33.339745,23.752224,43.486176
20001_0310_1,7,44783484,2024-05-28,19,19:00,18.970619201660156,20.233934,11.807236,29.491838
20001_0310_1,7,44783484,2024-05-28,20,20:00,12.822197914123535,13.856586,6.540549,21.874847
20001_0310_1,7,44783484,2024-05-28,21,21:00,54.36147689819336,13.605791,7.672707,20.112122
20001_0310_1,7,44783484,2024-05-28,22,22:00,10.582664489746094,12.330321,7.285767,18.06456
20001_0310_1,7,44783484,2024-05-28,23,23:00,,0.8940867,0.0,5.8239923
20001_0310_1,7,44783484,2024-05-29,0,00:00,,0.26231068,0.0,5.820484
20001_0310_1,7,44783484,2024-05-29,1,01:00,,0.08586049,0.0,5.1735005
20001_0310_1,7,44783484,2024-05-29,2,02:00,,0.0,0.0,5.0264587
20001_0310_1,7,44783484,2024-05-29,3,03:00,,0.02704376,0.0,7.0556326
20001_0310_1,7,44783484,2024-05-29,4,04:00,,1.3210102,0.0,10.378774
20001_0310_1,7,44783484,2024-05-29,5,05:00,18.714365005493164,24.81826,16.098692,36.12576
20001_0310_1,7,44783484,2024-05-29,6,06:00,36.53074645996094,35.49348,24.832966,48.433144
20001_0310_1,7,44783484,2024-05-29,7,07:00,37.6052978515625,34.199516,22.75968,47.43326
20001_0310_1,7,44783484,2024-05-29,8,08:00,43.87355041503906,32.87614,22.039175,45.668762
20001_0310_1,7,44783484,2024-05-29,9,09:00,34.097747802734375,27.729685,17.602194,39.87532
20001_0310_1,7,44783484,2024-05-29,10,10:00,13.988712310791016,17.141768,7.478377,29.005268
20001_0310_1,7,44783484,2024-05-29,11,11:00,23.758686065673828,19.344635,10.062633,31.383667
20001_0310_1,7,44783484,2024-05-29,12,12:00,30.51934560139974,25.215273,16.150154,37.302094
20001_0310_1,7,44783484,2024-05-29,13,13:00,16.61068344116211,22.142101,12.981409,34.420074
20001_0310_1,7,44783484,2024-05-29,14,14:00,21.79637400309245,18.32821,9.177627,30.292805
20001_0310_1,7,44783484,2024-05-29,15,15:00,21.537821451822918,21.928892,12.591749,33.79515
20001_0310_1,7,44783484,2024-05-29,16,16:00,30.736541748046875,27.347376,17.394497,39.19893
20001_0310_1,7,44783484,2024-05-29,17,17:00,54.84916305541992,41.669228,30.905785,53.726643
20001_0310_1,7,44783484,2024-05-29,18,18:00,21.340442657470703,33.7878,23.15669,45.904026
20001_0310_1,7,44783484,2024-05-29,19,19:00,20.32909393310547,21.590696,11.944766,33.48636
20001_0310_1,7,44783484,2024-05-29,20,20:00,14.825992584228516,14.5400505,5.8057795,25.112343
20001_0310_1,7,44783484,2024-05-29,21,21:00,7.862268447875977,16.172215,9.003935,25.38437
20001_0310_1,7,44783484,2024-05-29,22,22:00,21.340442657470703,13.304902,7.276197,21.502474
20001_0310_1,7,44783484,2024-05-29,23,23:00,,0.6740278,0.0,7.790842
20001_0310_1,7,44783484,2024-05-30,0,00:00,,0.56057066,0.0,5.607547
20001_0310_1,7,44783484,2024-05-30,1,01:00,,0.32445368,0.0,4.7516265
20001_0310_1,7,44783484,2024-05-30,2,02:00,,0.0,0.0,4.220367
20001_0310_1,7,44783484,2024-05-30,3,03:00,,0.0,0.0,5.75512
20001_0310_1,7,44783484,2024-05-30,4,04:00,,0.0,0.0,7.8506484
20001_0310_1,7,44783484,2024-05-30,5,05:00,,23.773712,15.229269,33.528248
20001_0310_1,7,44783484,2024-05-30,6,06:00,,36.332127,25.883997,47.606655
20001_0310_1,7,44783484,2024-05-30,7,07:00,,30.901459,19.656439,42.559677
20001_0310_1,7,44783484,2024-05-30,8,08:00,,34.029995,23.08012,45.068413
20001_0310_1,7,44783484,2024-05-30,9,09:00,,26.23817,16.254896,36.804356
20001_0310_1,7,44783484,2024-05-30,10,10:00,,15.635094,6.4487095,26.046328
20001_0310_1,7,44783484,2024-05-30,11,11:00,,18.66125,9.976614,29.072489
20001_0310_1,7,44783484,2024-05-30,12,12:00,,25.205164,16.638586,35.75659
20001_0310_1,7,44783484,2024-05-30,13,13:00,,20.09178,11.539959,31.004763
20001_0310_1,7,44783484,2024-05-30,14,14:00,,17.599651,8.675209,28.686028
20001_0310_1,7,44783484,2024-05-30,15,15:00,,20.394302,11.126757,31.506506
20001_0310_1,7,44783484,2024-05-30,16,16:00,,25.795454,16.00218,37.01096
20001_0310_1,7,44783484,2024-05-30,17,17:00,,40.346096,29.77991,51.38451
20001_0310_1,7,44783484,2024-05-30,18,18:00,,32.790386,22.711191,43.74026
20001_0310_1,7,44783484,2024-05-30,19,19:00,,20.822264,11.805592,31.09331
20001_0310_1,7,44783484,2024-05-30,20,20:00,,14.174126,6.2642436,23.264585
20001_0310_1,7,44783484,2024-05-30,21,21:00,,15.941307,9.355887,23.596626
20001_0310_1,7,44783484,2024-05-30,22,22:00,,14.653736,9.112392,21.508474
20001_0310_1,7,44783484,2024-05-30,23,23:00,,1.3869755,0.0,7.4669595
20001_0310_1,7,44783484,2024-05-31,0,00:00,,0.5456883,0.0,4.5761676
20001_0310_1,7,44783484,2024-05-31,1,01:00,,0.42801008,0.0,3.7230012
20001_0310_1,7,44783484,2024-05-31,2,02:00,,0.0,0.0,3.487644
20001_0310_1,7,44783484,2024-05-31,3,03:00,,0.0,0.0,4.3408113
20001_0310_1,7,44783484,2024-05-31,4,04:00,,0.016135484,0.0,6.2530823
20001_0310_1,7,44783484,2024-05-31,5,05:00,,24.140175,16.377087,32.024616
20001_0310_1,7,44783484,2024-05-31,6,06:00,,36.967106,27.464586,46.49904
20001_0310_1,7,44783484,2024-05-31,7,07:00,,33.289658,23.213457,43.351147
20001_0310_1,7,44783484,2024-05-31,8,08:00,,34.67238,24.875666,44.321995
20001_0310_1,7,44783484,2024-05-31,9,09:00,,26.346643,17.318516,35.20193
20001_0310_1,7,44783484,2024-05-31,10,10:00,,16.241022,8.1322565,24.695469
20001_0310_1,7,44783484,2024-05-31,11,11:00,,19.973629,12.353964,28.255238
20001_0310_1,7,44783484,2024-05-31,12,12:00,,25.111021,17.45826,33.42205
20001_0310_1,7,44783484,2024-05-31,13,13:00,,21.212929,13.644748,29.972599
20001_0310_1,7,44783484,2024-05-31,14,14:00,,19.317207,11.383121,28.505304
20001_0310_1,7,44783484,2024-05-31,15,15:00,,22.43384,13.828621,32.157005
20001_0310_1,7,44783484,2024-05-31,16,16:00,,26.228964,16.785284,36.37871
20001_0310_1,7,44783484,2024-05-31,17,17:00,,41.49772,31.08319,51.735725
20001_0310_1,7,44783484,2024-05-31,18,18:00,,34.731216,24.713858,45.086903
20001_0310_1,7,44783484,2024-05-31,19,19:00,,22.728035,13.688875,32.201138
20001_0310_1,7,44783484,2024-05-31,20,20:00,,14.365526,6.723795,22.639776
20001_0310_1,7,44783484,2024-05-31,21,21:00,,16.792639,10.511562,23.647396
20001_0310_1,7,44783484,2024-05-31,22,22:00,,15.365792,10.107045,21.19822
20001_0310_1,7,44783484,2024-05-31,23,23:00,,1.7813096,0.0,6.723796
20001_0310_1,8,69442472,2024-05-01,0,00:00,,0.5112034,0.0,6.020757
20001_0310_1,8,69442472,2024-05-01,1,01:00,,0.5701288,0.0,5.2547216
20001_0310_1,8,69442472,2024-05-01,2,02:00,,1.3950886,0.0,6.285922
20001_0310_1,8,69442472,2024-05-01,3,03:00,,0.45227805,0.0,6.5805507
20001_0310_1,8,69442472,2024-05-01,4,04:00,,2.2789755,0.0,10.233944
20001_0310_1,8,69442472,2024-05-01,5,05:00,,29.001781,20.5685,39.284313
20001_0310_1,8,69442472,2024-05-01,6,06:00,,37.75225,27.572834,49.596317
20001_0310_1,8,69442472,2024-05-01,7,07:00,,41.759193,31.034716,53.780033
20001_0310_1,8,69442472,2024-05-01,8,08:00,,23.83105,13.548513,35.35102
20001_0310_1,8,69442472,2024-05-01,9,09:00,,27.911655,18.199963,38.98969
20001_0310_1,8,69442472,2024-05-01,10,10:00,,20.289984,10.644583,31.563206
20001_0310_1,8,69442472,2024-05-01,11,11:00,,19.74308,9.937474,31.651594
20001_0310_1,8,69442472,2024-05-01,12,12:00,,27.911655,17.511269,40.344975
20001_0310_1,8,69442472,2024-05-01,13,13:00,,24.00783,13.224425,37.08934
20001_0310_1,8,69442472,2024-05-01,14,14:00,,21.345123,10.193434,34.500286
20001_0310_1,8,69442472,2024-05-01,15,15:00,,27.985312,16.487434,41.21413
20001_0310_1,8,69442472,2024-05-01,16,16:00,,30.091906,18.424616,43.556427
20001_0310_1,8,69442472,2024-05-01,17,17:00,,43.880524,31.682903,57.07988
20001_0310_1,8,69442472,2024-05-01,18,18:00,,36.868362,24.935905,50.24449
20001_0310_1,8,69442472,2024-05-01,19,19:00,,24.656012,13.695828,37.413425
20001_0310_1,8,69442472,2024-05-01,20,20:00,,15.942371,5.9986596,27.521273
20001_0310_1,8,69442472,2024-05-01,21,21:00,,18.328863,10.03507,28.302038
20001_0310_1,8,69442472,2024-05-01,22,22:00,,19.764257,12.449183,28.594826
20001_0310_1,8,69442472,2024-05-01,23,23:00,,1.7486434,0.0,9.084892
20001_0310_1,8,69442472,2024-05-02,0,00:00,,0.0,0.0,4.706543
20001_0310_1,8,69442472,2024-05-02,1,01:00,,0.3876724,0.0,4.4107313
20001_0310_1,8,69442472,2024-05-02,2,02:00,,0.0,0.0,3.5232913
20001_0310_1,8,69442472,2024-05-02,3,03:00,,0.0,0.0,4.736125
20001_0310_1,8,69442472,2024-05-02,4,04:00,,0.032696426,0.0,6.747654
20001_0310_1,8,69442472,2024-05-02,5,05:00,,28.07578,20.364302,36.269802
20001_0310_1,8,69442472,2024-05-02,6,06:00,,37.36431,28.371595,46.475353
20001_0310_1,8,69442472,2024-05-02,7,07:00,,40.914066,31.625534,50.08427
20001_0310_1,8,69442472,2024-05-02,8,08:00,,22.388775,13.617913,31.100468
20001_0310_1,8,69442472,2024-05-02,9,09:00,,27.336246,19.297523,35.55985
20001_0310_1,8,69442472,2024-05-02,10,10:00,,19.645105,12.099097,27.777191
20001_0310_1,8,69442472,2024-05-02,11,11:00,,19.131132,11.742275,27.435162
20001_0310_1,8,69442472,2024-05-02,12,12:00,,29.022383,21.264685,37.837612
20001_0310_1,8,69442472,2024-05-02,13,13:00,,23.446306,15.378,33.038044
20001_0310_1,8,69442472,2024-05-02,14,14:00,,21.678822,12.863589,31.411072
20001_0310_1,8,69442472,2024-05-02,15,15:00,,28.164526,18.776157,38.19259
20001_0310_1,8,69442472,2024-05-02,16,16:00,,29.081545,19.423246,39.287094
20001_0310_1,8,69442472,2024-05-02,17,17:00,,43.753872,33.28209,53.57487
20001_0310_1,8,69442472,2024-05-02,18,18:00,,37.60096,27.513733,47.421955
20001_0310_1,8,69442472,2024-05-02,19,19:00,,24.925371,15.370606,34.258278
20001_0310_1,8,69442472,2024-05-02,20,20:00,,16.768324,8.189744,25.272951
20001_0310_1,8,69442472,2024-05-02,21,21:00,,18.654133,11.092408,26.104923
20001_0310_1,8,69442472,2024-05-02,22,22:00,,19.935373,13.360928,26.68731
20001_0310_1,8,69442472,2024-05-02,23,23:00,,0.9792984,0.0,6.806816
20001_0310_1,8,69442472,2024-05-03,0,00:00,,0.60581815,0.0,4.412364
20001_0310_1,8,69442472,2024-05-03,1,01:00,,0.60581815,0.0,3.698636
20001_0310_1,8,69442472,2024-05-03,2,02:00,,0.0,0.0,2.9849083
20001_0310_1,8,69442472,2024-05-03,3,03:00,,0.011044711,0.0,4.293409
20001_0310_1,8,69442472,2024-05-03,4,04:00,,0.0,0.0,5.5721703
20001_0310_1,8,69442472,2024-05-03,5,05:00,,29.987597,21.943293,37.66017
20001_0310_1,8,69442472,2024-05-03,6,06:00,,36.708527,27.05834,45.6896
20001_0310_1,8,69442472,2024-05-03,7,07:00,,43.191555,33.19937,52.47001
20001_0310_1,8,69442472,2024-05-03,8,08:00,,25.288895,15.93609,33.98745
20001_0310_1,8,69442472,2024-05-03,9,09:00,,27.96537,19.536325,36.202972
20001_0310_1,8,69442472,2024-05-03,10,10:00,,20.106005,12.418333,27.986515
20001_0310_1,8,69442472,2024-05-03,11,11:00,,19.843004,12.306117,27.948643
20001_0310_1,8,69442472,2024-05-03,12,12:00,,29.125177,21.452606,37.57095
20001_0310_1,8,69442472,2024-05-03,13,13:00,,23.735048,16.01787,32.73099
20001_0310_1,8,69442472,2024-05-03,14,14:00,,22.144032,13.690822,31.236624
20001_0310_1,8,69442472,2024-05-03,15,15:00,,27.876154,19.058647,37.124874
20001_0310_1,8,69442472,2024-05-03,16,16:00,,29.154917,20.17013,38.611805
20001_0310_1,8,69442472,2024-05-03,17,17:00,,43.013123,33.080414,51.994198
20001_0310_1,8,69442472,2024-05-03,18,18:00,,37.243828,27.831547,46.403324
20001_0310_1,8,69442472,2024-05-03,19,19:00,,23.326143,14.560676,31.853699
20001_0310_1,8,69442472,2024-05-03,20,20:00,,16.932333,9.155679,24.523123
20001_0310_1,8,69442472,2024-05-03,21,21:00,,17.415586,10.598001,24.039867
20001_0310_1,8,69442472,2024-05-03,22,22:00,,20.224728,14.395952,26.008894
20001_0310_1,8,69442472,2024-05-03,23,23:00,,1.2005907,0.0,6.2858987
20001_0310_1,8,69442472,2024-05-04,0,00:00,,0.8565664,0.0,4.4697623
20001_0310_1,8,69442472,2024-05-04,1,01:00,,0.38270414,0.0,3.2258744
20001_0310_1,8,69442472,2024-05-04,2,02:00,,0.0,0.0,2.9297116
20001_0310_1,8,69442472,2024-05-04,3,03:00,,0.0,0.0,3.6997368
20001_0310_1,8,69442472,2024-05-04,4,04:00,,0.4419367,0.0,5.6840324
20001_0310_1,8,69442472,2024-05-04,5,05:00,,27.73341,21.029009,34.352665
20001_0310_1,8,69442472,2024-05-04,6,06:00,,35.803867,27.955534,43.800285
20001_0310_1,8,69442472,2024-05-04,7,07:00,,41.72714,33.464176,50.13818
20001_0310_1,8,69442472,2024-05-04,8,08:00,,22.950369,15.139053,30.591389
20001_0310_1,8,69442472,2024-05-04,9,09:00,,28.029575,20.893885,35.107883
20001_0310_1,8,69442472,2024-05-04,10,10:00,,19.736069,13.105244,26.536263
20001_0310_1,8,69442472,2024-05-04,11,11:00,,19.410288,13.060357,26.46176
20001_0310_1,8,69442472,2024-05-04,12,12:00,,28.562668,22.121109,35.670593
20001_0310_1,8,69442472,2024-05-04,13,13:00,,24.179447,17.541681,32.19067
20001_0310_1,8,69442472,2024-05-04,14,14:00,,21.969328,14.494899,30.191568
20001_0310_1,8,69442472,2024-05-04,15,15:00,,26.696836,18.452383,35.626163
20001_0310_1,8,69442472,2024-05-04,16,16:00,,25.423334,16.368134,34.767296
20001_0310_1,8,69442472,2024-05-04,17,17:00,,40.601715,30.295221,50.019714
20001_0310_1,8,69442472,2024-05-04,18,18:00,,35.596554,25.512186,45.54765
20001_0310_1,8,69442472,2024-05-04,19,19:00,,22.957771,13.473133,32.235092
20001_0310_1,8,69442472,2024-05-04,20,20:00,,15.709168,7.2611036,24.03877
20001_0310_1,8,69442472,2024-05-04,21,21:00,,17.056715,9.867344,24.320126
20001_0310_1,8,69442472,2024-05-04,22,22:00,,19.553743,13.409275,25.788912
20001_0310_1,8,69442472,2024-05-04,23,23:00,,1.0342642,0.0,6.3355923
20001_0310_1,8,69442472,2024-05-05,0,00:00,,0.0,0.0,2.4945807
20001_0310_1,8,69442472,2024-05-05,1,01:00,,0.0,0.0,2.7308652
20001_0310_1,8,69442472,2024-05-05,2,02:00,,0.0,0.0,2.967148
20001_0310_1,8,69442472,2024-05-05,3,03:00,,0.0,0.0,3.3215764
20001_0310_1,8,69442472,2024-05-05,4,04:00,,0.3089471,0.0,6.3932753
20001_0310_1,8,69442472,2024-05-05,5,05:00,,26.211645,18.8739,33.772755
20001_0310_1,8,69442472,2024-05-05,6,06:00,,35.24953,26.551302,44.05113
20001_0310_1,8,69442472,2024-05-05,7,07:00,18.18181800842285,37.58284,28.323435,46.44351
20001_0310_1,8,69442472,2024-05-05,8,08:00,,20.614655,11.624764,28.814466
20001_0310_1,8,69442472,2024-05-05,9,09:00,,26.994339,18.602545,34.8508
20001_0310_1,8,69442472,2024-05-05,10,10:00,0.0,19.892878,11.648761,27.642275
20001_0310_1,8,69442472,2024-05-05,11,11:00,,18.489014,10.333506,26.44516
20001_0310_1,8,69442472,2024-05-05,12,12:00,,24.97115,16.930088,33.09343
20001_0310_1,8,69442472,2024-05-05,13,13:00,,21.880991,13.544578,30.837658
20001_0310_1,8,69442472,2024-05-05,14,14:00,,18.288729,9.204693,27.42814
20001_0310_1,8,69442472,2024-05-05,15,15:00,,21.932678,12.47391,31.612963
20001_0310_1,8,69442472,2024-05-05,16,16:00,,20.035019,10.074149,30.187874
20001_0310_1,8,69442472,2024-05-05,17,17:00,,31.025942,20.548197,41.21571
20001_0310_1,8,69442472,2024-05-05,18,18:00,,31.646193,21.271822,41.924572
20001_0310_1,8,69442472,2024-05-05,19,19:00,,20.57035,10.974981,30.025427
20001_0310_1,8,69442472,2024-05-05,20,20:00,,14.220202,5.640118,22.962732
20001_0310_1,8,69442472,2024-05-05,21,21:00,,15.874194,8.519835,23.30239
20001_0310_1,8,69442472,2024-05-05,22,22:00,,17.99337,11.591537,24.51335
20001_0310_1,8,69442472,2024-05-05,23,23:00,,1.1359429,0.0,6.9839864
20001_0310_1,8,69442472,2024-05-06,0,00:00,,0.0,0.0,3.6463742
20001_0310_1,8,69442472,2024-05-06,1,01:00,,0.0,0.0,3.2960556
20001_0310_1,8,69442472,2024-05-06,2,02:00,,0.0,0.0,2.9457357
20001_0310_1,8,69442472,2024-05-06,3,03:00,,0.0,0.0,3.4128292
20001_0310_1,8,69442472,2024-05-06,4,04:00,,0.0,0.0,5.3103967
20001_0310_1,8,69442472,2024-05-06,5,05:00,29.14068603515625,24.41014,17.099031,32.139072
20001_0310_1,8,69442472,2024-05-06,6,06:00,36.4570198059082,35.5255,26.577747,44.079155
20001_0310_1,8,69442472,2024-05-06,7,07:00,34.8859748840332,34.036648,24.578003,42.590298
20001_0310_1,8,69442472,2024-05-06,8,08:00,24.980810165405273,23.651112,14.601175,31.693876
20001_0310_1,8,69442472,2024-05-06,9,09:00,20.5604985555013,26.227425,17.693846,34.022045
20001_0310_1,8,69442472,2024-05-06,10,10:00,19.86919403076172,15.236131,6.8503437,22.994263
20001_0310_1,8,69442472,2024-05-06,11,11:00,19.000722249348957,18.39631,9.966733,26.315002
20001_0310_1,8,69442472,2024-05-06,12,12:00,34.198376973470054,25.84791,17.3417,34.18261
20001_0310_1,8,69442472,2024-05-06,13,13:00,19.399999618530273,22.352009,13.426146,31.131912
20001_0310_1,8,69442472,2024-05-06,14,14:00,14.453173828125,17.856234,8.317309,26.825888
20001_0310_1,8,69442472,2024-05-06,15,15:00,19.96825408935547,24.475824,14.506299,33.598743
20001_0310_1,8,69442472,2024-05-06,16,16:00,38.082173665364586,27.760075,17.615389,37.36468
20001_0310_1,8,69442472,2024-05-06,17,17:00,73.577392578125,42.88223,32.16827,52.340866
20001_0310_1,8,69442472,2024-05-06,18,18:00,37.72069803873698,35.05841,24.44663,44.83818
20001_0310_1,8,69442472,2024-05-06,19,19:00,21.919699096679686,23.074543,13.156106,32.43831
20001_0310_1,8,69442472,2024-05-06,20,20:00,16.222222646077473,16.454954,7.346631,25.358921
20001_0310_1,8,69442472,2024-05-06,21,21:00,11.25,16.99503,8.996056,24.862637
20001_0310_1,8,69442472,2024-05-06,22,22:00,23.0,19.826786,12.887894,27.046663
20001_0310_1,8,69442472,2024-05-06,23,23:00,,1.2525222,0.0,7.675057
20001_0310_1,8,69442472,2024-05-07,0,00:00,,0.0,0.0,4.1625137
20001_0310_1,8,69442472,2024-05-07,1,01:00,,0.0,0.0,3.8049436
20001_0310_1,8,69442472,2024-05-07,2,02:00,,0.0,0.0,3.6857536
20001_0310_1,8,69442472,2024-05-07,3,03:00,,0.3484433,0.0,5.5331945
20001_0310_1,8,69442472,2024-05-07,4,04:00,,0.9443917,0.0,7.648811
20001_0310_1,8,69442472,2024-05-07,5,05:00,25.196578979492188,30.890797,23.24776,39.05529
20001_0310_1,8,69442472,2024-05-07,6,06:00,41.540489196777344,38.60833,29.669104,47.905125
20001_0310_1,8,69442472,2024-05-07,7,07:00,51.80504353841146,40.872936,31.427149,50.16973
20001_0310_1,8,69442472,2024-05-07,8,08:00,28.938570022583008,28.149433,19.154339,36.850285
20001_0310_1,8,69442472,2024-05-07,9,09:00,28.337303161621094,30.116062,21.802584,38.429546
20001_0310_1,8,69442472,2024-05-07,10,10:00,17.073062896728516,20.694492,12.455505,28.6653
20001_0310_1,8,69442472,2024-05-07,11,11:00,9.622493743896484,21.73554,14.006836,29.605785
20001_0310_1,8,69442472,2024-05-07,12,12:00,29.7327823638916,29.490318,21.780235,37.416435
20001_0310_1,8,69442472,2024-05-07,13,13:00,22.661861419677734,23.739416,15.880347,31.903906
20001_0310_1,8,69442472,2024-05-07,14,14:00,14.369047164916992,20.696356,12.561661,28.875748
20001_0310_1,8,69442472,2024-05-07,15,15:00,18.71781285603841,27.434298,18.739037,35.44981
20001_0310_1,8,69442472,2024-05-07,16,16:00,36.128849029541016,33.512974,24.692936,42.00524
20001_0310_1,8,69442472,2024-05-07,17,17:00,28.15625,52.613117,43.256725,61.19477
20001_0310_1,8,69442472,2024-05-07,18,18:00,37.63335418701172,37.654816,28.581497,46.47485
20001_0310_1,8,69442472,2024-05-07,19,19:00,22.56654167175293,24.231073,15.850548,32.57435
20001_0310_1,8,69442472,2024-05-07,20,20:00,9.391666412353516,17.359043,9.552119,25.121271
20001_0310_1,8,69442472,2024-05-07,21,21:00,10.0,17.452162,10.535435,24.093262
20001_0310_1,8,69442472,2024-05-07,22,22:00,8.0,21.377972,14.97525,27.519962
20001_0310_1,8,69442472,2024-05-07,23,23:00,,1.4211501,0.0,6.6356983
20001_0310_1,8,69442472,2024-05-08,0,00:00,,0.0,0.0,3.394351
20001_0310_1,8,69442472,2024-05-08,1,01:00,,0.0,0.0,2.453471
20001_0310_1,8,69442472,2024-05-08,2,02:00,,0.0,0.0,2.6886919
20001_0310_1,8,69442472,2024-05-08,3,03:00,,0.0,0.0,4.4234385
20001_0310_1,8,69442472,2024-05-08,4,04:00,,0.0,0.0,5.8935633
20001_0310_1,8,69442472,2024-05-08,5,05:00,25.760499954223633,26.019575,18.415352,34.061157
20001_0310_1,8,69442472,2024-05-08,6,06:00,32.07190704345703,35.560688,26.475315,44.20502
20001_0310_1,8,69442472,2024-05-08,7,07:00,34.761722564697266,38.324524,29.239155,47.02766
20001_0310_1,8,69442472,2024-05-08,8,08:00,24.64624786376953,25.225706,16.529919,33.42901
20001_0310_1,8,69442472,2024-05-08,9,09:00,20.920613606770832,25.490328,17.55533,33.3996
20001_0310_1,8,69442472,2024-05-08,10,10:00,13.708333015441895,16.243244,8.164906,23.924646
20001_0310_1,8,69442472,2024-05-08,11,11:00,12.861330032348633,17.411993,9.7122135,25.089722
20001_0310_1,8,69442472,2024-05-08,12,12:00,14.426153182983398,25.813759,17.867733,33.840645
20001_0310_1,8,69442472,2024-05-08,13,13:00,34.85260009765625,20.734476,12.843583,29.264877
20001_0310_1,8,69442472,2024-05-08,14,14:00,13.962963104248047,18.275692,9.848202,26.813444
20001_0310_1,8,69442472,2024-05-08,15,15:00,21.968953450520832,24.034906,15.214158,32.64984
20001_0310_1,8,69442472,2024-05-08,16,16:00,32.94629669189453,28.21006,19.029129,37.11902
20001_0310_1,8,69442472,2024-05-08,17,17:00,25.55555534362793,46.08678,36.32515,55.201553
20001_0310_1,8,69442472,2024-05-08,18,18:00,46.42274780273438,33.14968,23.593866,42.646683
20001_0310_1,8,69442472,2024-05-08,19,19:00,17.958157348632813,21.120382,12.244504,30.106524
20001_0310_1,8,69442472,2024-05-08,20,20:00,16.833332061767578,14.067459,5.9964714,22.483923
20001_0310_1,8,69442472,2024-05-08,21,21:00,23.119047164916992,14.170368,7.304884,21.469536
20001_0310_1,8,69442472,2024-05-08,22,22:00,16.799999237060547,17.02976,10.642069,23.674726
20001_0310_1,8,69442472,2024-05-08,23,23:00,,0.0,0.0,4.864477
20001_0310_1,8,69442472,2024-05-09,0,00:00,,0.0,0.0,3.205135
20001_0310_1,8,69442472,2024-05-09,1,01:00,,0.0,0.0,2.9776506
20001_0310_1,8,69442472,2024-05-09,2,02:00,,0.0,0.0,3.1482632
20001_0310_1,8,69442472,2024-05-09,3,03:00,,0.0,0.0,3.3188784
20001_0310_1,8,69442472,2024-05-09,4,04:00,,0.53218627,0.0,5.8212137
20001_0310_1,8,69442472,2024-05-09,5,05:00,23.039512634277344,25.81146,18.82696,32.408527
20001_0310_1,8,69442472,2024-05-09,6,06:00,42.42011260986328,35.223656,26.94889,42.446312
20001_0310_1,8,69442472,2024-05-09,7,07:00,41.537862141927086,36.986668,28.626587,44.4368
20001_0310_1,8,69442472,2024-05-09,8,08:00,21.840927124023438,24.489204,16.44192,31.640766
20001_0310_1,8,69442472,2024-05-09,9,09:00,18.209697723388672,24.147976,16.612534,31.000963
20001_0310_1,8,69442472,2024-05-09,10,10:00,18.202423095703125,15.674159,8.4444,22.548471
20001_0310_1,8,69442472,2024-05-09,11,11:00,17.84166717529297,16.477465,9.354341,23.557938
20001_0310_1,8,69442472,2024-05-09,12,12:00,21.551883697509766,25.527105,18.379099,33.048332
20001_0310_1,8,69442472,2024-05-09,13,13:00,33.1464589436849,22.61956,15.169425,30.624191
20001_0310_1,8,69442472,2024-05-09,14,14:00,19.91428565979004,19.202843,11.414144,27.366531
20001_0310_1,8,69442472,2024-05-09,15,15:00,46.173160552978516,23.835186,15.624396,32.252132
20001_0310_1,8,69442472,2024-05-09,16,16:00,23.960000610351564,27.915699,19.392118,36.531693
20001_0310_1,8,69442472,2024-05-09,17,17:00,56.417022705078125,42.844402,33.57439,51.431965
20001_0310_1,8,69442472,2024-05-09,18,18:00,45.945184326171876,34.9393,25.839897,43.469986
20001_0310_1,8,69442472,2024-05-09,19,19:00,23.969696044921875,22.726194,14.302136,31.022287
20001_0310_1,8,69442472,2024-05-09,20,20:00,14.274510701497396,16.072258,8.742973,23.557936
20001_0310_1,8,69442472,2024-05-09,21,21:00,11.0,16.257088,9.880398,22.55558
20001_0310_1,8,69442472,2024-05-09,22,22:00,15.797979354858398,18.366657,12.896353,23.957813
20001_0310_1,8,69442472,2024-05-09,23,23:00,,0.8165419,0.0,5.593727
20001_0310_1,8,69442472,2024-05-10,0,00:00,,0.26950884,0.0,4.2135963
20001_0310_1,8,69442472,2024-05-10,1,01:00,,0.60757345,0.0,3.7065
20001_0310_1,8,69442472,2024-05-10,2,02:00,,0.0,0.0,2.8613372
20001_0310_1,8,69442472,2024-05-10,3,03:00,,0.0,0.0,3.7628434
20001_0310_1,8,69442472,2024-05-10,4,04:00,,0.15682119,0.0,5.960264
20001_0310_1,8,69442472,2024-05-10,5,05:00,24.717098236083984,25.356724,18.299623,32.906834
20001_0310_1,8,69442472,2024-05-10,6,06:00,43.80770492553711,36.78049,28.131672,45.57017
20001_0310_1,8,69442472,2024-05-10,7,07:00,42.140743255615234,39.710384,30.892536,49.007164
20001_0310_1,8,69442472,2024-05-10,8,08:00,48.782203674316406,24.51156,15.897957,33.06178
20001_0310_1,8,69442472,2024-05-10,9,09:00,25.348464965820312,24.272099,16.37688,32.35748
20001_0310_1,8,69442472,2024-05-10,10,10:00,11.413889567057291,16.679731,9.115534,24.525646
20001_0310_1,8,69442472,2024-05-10,11,11:00,10.177083969116211,17.306559,10.002953,25.553926
20001_0310_1,8,69442472,2024-05-10,12,12:00,20.0828857421875,27.032963,19.482851,35.231026
20001_0310_1,8,69442472,2024-05-10,13,13:00,23.00975290934245,24.624252,16.898066,33.51253
20001_0310_1,8,69442472,2024-05-10,14,14:00,15.265151023864746,21.13796,12.869462,29.99807
20001_0310_1,8,69442472,2024-05-10,15,15:00,32.28001403808594,27.624575,18.954622,36.836834
20001_0310_1,8,69442472,2024-05-10,16,16:00,28.629886627197266,29.709307,20.67664,39.42866
20001_0310_1,8,69442472,2024-05-10,17,17:00,,42.69662,32.808228,52.387806
20001_0310_1,8,69442472,2024-05-10,18,18:00,15.556521606445312,36.555115,26.906187,46.52802
20001_0310_1,8,69442472,2024-05-10,19,19:00,14.615947723388672,23.370594,14.369623,32.69554
20001_0310_1,8,69442472,2024-05-10,20,20:00,14.104657491048178,15.55285,7.692846,24.088982
20001_0310_1,8,69442472,2024-05-10,21,21:00,25.303245544433594,16.02473,9.552202,23.215649
20001_0310_1,8,69442472,2024-05-10,22,22:00,13.5,17.384031,12.0736,23.652315
20001_0310_1,8,69442472,2024-05-10,23,23:00,,1.4527353,0.0,6.918114
20001_0310_1,8,69442472,2024-05-11,0,00:00,,0.0,0.0,3.802046
20001_0310_1,8,69442472,2024-05-11,1,01:00,,0.0,0.0,3.4591663
20001_0310_1,8,69442472,2024-05-11,2,02:00,,0.0,0.0,3.6306055
20001_0310_1,8,69442472,2024-05-11,3,03:00,,0.0,0.0,4.9735494
20001_0310_1,8,69442472,2024-05-11,4,04:00,,0.7161313,0.0,7.316558
20001_0310_1,8,69442472,2024-05-11,5,05:00,,22.803272,15.295647,31.118095
20001_0310_1,8,69442472,2024-05-11,6,06:00,,35.118355,26.289206,44.661823
20001_0310_1,8,69442472,2024-05-11,7,07:00,,30.20375,21.063877,40.261543
20001_0310_1,8,69442472,2024-05-11,8,08:00,,18.00832,9.449733,27.165161
20001_0310_1,8,69442472,2024-05-11,9,09:00,,22.503254,14.68132,31.239532
20001_0310_1,8,69442472,2024-05-11,10,10:00,,11.545403,3.959199,19.856653
20001_0310_1,8,69442472,2024-05-11,11,11:00,,14.795611,7.166548,23.453312
20001_0310_1,8,69442472,2024-05-11,12,12:00,,24.117641,16.388573,32.7182
20001_0310_1,8,69442472,2024-05-11,13,13:00,,22.96757,14.859902,32.439606
20001_0310_1,8,69442472,2024-05-11,14,14:00,,19.017313,10.277464,28.535784
20001_0310_1,8,69442472,2024-05-11,15,15:00,,23.060432,13.866981,33.153942
20001_0310_1,8,69442472,2024-05-11,16,16:00,,19.710215,10.01316,30.157318
20001_0310_1,8,69442472,2024-05-11,17,17:00,,31.17524,20.72635,41.661636
20001_0310_1,8,69442472,2024-05-11,18,18:00,,31.0038,20.863857,41.46162
20001_0310_1,8,69442472,2024-05-11,19,19:00,,20.492409,11.323959,30.096601
20001_0310_1,8,69442472,2024-05-11,20,20:00,0.0,13.67411,5.8164606,22.346098
20001_0310_1,8,69442472,2024-05-11,21,21:00,,16.074266,9.573848,23.57475
20001_0310_1,8,69442472,2024-05-11,22,22:00,,15.902825,10.388185,22.338955
20001_0310_1,8,69442472,2024-05-11,23,23:00,,0.77327776,0.0,6.7450914
20001_0310_1,8,69442472,2024-05-12,0,00:00,,0.0,0.0,3.512482
20001_0310_1,8,69442472,2024-05-12,1,01:00,,0.19951485,0.0,4.4264016
20001_0310_1,8,69442472,2024-05-12,2,02:00,,0.0,0.0,4.026562
20001_0310_1,8,69442472,2024-05-12,3,03:00,,0.0,0.0,4.3692813
20001_0310_1,8,69442472,2024-05-12,4,04:00,,0.0,0.0,6.8540072
20001_0310_1,8,69442472,2024-05-12,5,05:00,,23.147518,15.122144,31.729815
20001_0310_1,8,69442472,2024-05-12,6,06:00,,31.815493,22.205038,41.297432
20001_0310_1,8,69442472,2024-05-12,7,07:00,,23.247477,13.0515375,32.857933
20001_0310_1,8,69442472,2024-05-12,8,08:00,,15.868275,6.247106,24.868261
20001_0310_1,8,69442472,2024-05-12,9,09:00,,19.925587,10.772088,28.450758
20001_0310_1,8,69442472,2024-05-12,10,10:00,,9.738571,0.770715,18.088818
20001_0310_1,8,69442472,2024-05-12,11,11:00,,14.929361,5.968644,23.390278
20001_0310_1,8,69442472,2024-05-12,12,12:00,,24.004318,15.107861,32.800816
20001_0310_1,8,69442472,2024-05-12,13,13:00,,22.583456,13.230038,31.951153
20001_0310_1,8,69442472,2024-05-12,14,14:00,,18.66716,8.867492,28.288326
20001_0310_1,8,69442472,2024-05-12,15,15:00,,21.869453,11.616395,31.97971
20001_0310_1,8,69442472,2024-05-12,16,16:00,,16.926779,6.1060886,27.583248
20001_0310_1,8,69442472,2024-05-12,17,17:00,,22.165766,10.688194,32.92219
20001_0310_1,8,69442472,2024-05-12,18,18:00,,30.01621,18.720707,40.926147
20001_0310_1,8,69442472,2024-05-12,19,19:00,,20.095161,9.874232,30.466028
20001_0310_1,8,69442472,2024-05-12,20,20:00,,13.365699,4.369282,22.876196
20001_0310_1,8,69442472,2024-05-12,21,21:00,,15.978944,8.47479,24.2685
20001_0310_1,8,69442472,2024-05-12,22,22:00,,16.603695,10.177682,24.029308
20001_0310_1,8,69442472,2024-05-12,23,23:00,,0.6564745,0.0,7.5965676
20001_0310_1,8,69442472,2024-05-13,0,00:00,,0.21657415,0.0,4.8213286
20001_0310_1,8,69442472,2024-05-13,1,01:00,,0.0,0.0,3.2295625
20001_0310_1,8,69442472,2024-05-13,2,02:00,,0.0,0.0,3.3432593
20001_0310_1,8,69442472,2024-05-13,3,03:00,,0.0,0.0,3.3716836
20001_0310_1,8,69442472,2024-05-13,4,04:00,,0.0,0.0,5.6456356
20001_0310_1,8,69442472,2024-05-13,5,05:00,20.638057708740234,28.157768,20.721231,36.17345
20001_0310_1,8,69442472,2024-05-13,6,06:00,41.27435302734375,40.238144,31.085482,49.333954
20001_0310_1,8,69442472,2024-05-13,7,07:00,42.901451110839844,37.90734,28.271465,46.946297
20001_0310_1,8,69442472,2024-05-13,8,08:00,34.26739501953125,25.031084,15.945932,33.77159
20001_0310_1,8,69442472,2024-05-13,9,09:00,25.144046783447266,24.846325,16.404274,33.17468
20001_0310_1,8,69442472,2024-05-13,10,10:00,24.785715738932293,13.78923,5.467983,22.103367
20001_0310_1,8,69442472,2024-05-13,11,11:00,13.60486125946045,16.48244,8.054605,25.095037
20001_0310_1,8,69442472,2024-05-13,12,12:00,31.248240152994793,26.367031,17.718904,35.40599
20001_0310_1,8,69442472,2024-05-13,13,13:00,25.735994974772137,23.297194,14.087685,33.060978
20001_0310_1,8,69442472,2024-05-13,14,14:00,10.596428871154785,16.347425,6.66181,26.445198
20001_0310_1,8,69442472,2024-05-13,15,15:00,37.875,24.988447,14.748554,35.0649
20001_0310_1,8,69442472,2024-05-13,16,16:00,20.09940528869629,29.493717,19.022875,39.811775
20001_0310_1,8,69442472,2024-05-13,17,17:00,40.60840606689453,44.501804,33.558407,54.677742
20001_0310_1,8,69442472,2024-05-13,18,18:00,22.540983200073242,37.111458,26.637064,47.685337
20001_0310_1,8,69442472,2024-05-13,19,19:00,21.250590006510418,22.586582,13.128361,32.28641
20001_0310_1,8,69442472,2024-05-13,20,20:00,16.13131332397461,14.315081,5.9583035,23.240345
20001_0310_1,8,69442472,2024-05-13,21,21:00,22.47916603088379,15.103859,8.019075,22.686071
20001_0310_1,8,69442472,2024-05-13,22,22:00,23.0,16.745367,10.726498,23.432209
20001_0310_1,8,69442472,2024-05-13,23,23:00,,0.89875984,0.0,6.7826123
20001_0310_1,8,69442472,2024-05-14,0,00:00,,0.0,0.0,4.7266865
20001_0310_1,8,69442472,2024-05-14,1,01:00,,0.29061258,0.0,4.3832474
20001_0310_1,8,69442472,2024-05-14,2,02:00,,0.061654657,0.0,4.297389
20001_0310_1,8,69442472,2024-05-14,3,03:00,,0.061654657,0.0,5.1846027
20001_0310_1,8,69442472,2024-05-14,4,04:00,,1.2636873,0.0,7.989347
20001_0310_1,8,69442472,2024-05-14,5,05:00,28.374595642089844,25.90536,18.292486,34.119247
20001_0310_1,8,69442472,2024-05-14,6,06:00,26.85462646484375,39.3853,30.284197,48.887085
20001_0310_1,8,69442472,2024-05-14,7,07:00,33.249654134114586,41.045246,31.371746,50.60427
20001_0310_1,8,69442472,2024-05-14,8,08:00,19.30464744567871,27.45083,18.076048,36.351597
20001_0310_1,8,69442472,2024-05-14,9,09:00,28.473899841308594,25.561922,16.933044,33.81874
20001_0310_1,8,69442472,2024-05-14,10,10:00,15.499874114990234,16.847183,8.257659,24.928709
20001_0310_1,8,69442472,2024-05-14,11,11:00,18.177082061767578,16.861494,8.465151,25.164822
20001_0310_1,8,69442472,2024-05-14,12,12:00,26.061777750651043,25.790878,16.900845,34.419758
20001_0310_1,8,69442472,2024-05-14,13,13:00,27.435831705729168,24.488676,15.494897,34.01908
20001_0310_1,8,69442472,2024-05-14,14,14:00,19.833333333333332,18.529491,9.075111,28.250395
20001_0310_1,8,69442472,2024-05-14,15,15:00,16.822222391764324,26.678093,16.868649,36.466076
20001_0310_1,8,69442472,2024-05-14,16,16:00,22.741270065307617,30.11247,20.124153,40.35837
20001_0310_1,8,69442472,2024-05-14,17,17:00,60.96543884277344,42.819675,32.373436,53.065575
20001_0310_1,8,69442472,2024-05-14,18,18:00,43.391578674316406,35.206806,25.089695,45.681664
20001_0310_1,8,69442472,2024-05-14,19,19:00,21.05975341796875,21.469286,12.153533,31.428984
20001_0310_1,8,69442472,2024-05-14,20,20:00,15.604685465494791,14.87957,6.4581847,24.130928
20001_0310_1,8,69442472,2024-05-14,21,21:00,9.399999618530273,15.995743,8.618982,23.873352
20001_0310_1,8,69442472,2024-05-14,22,22:00,15.0,16.761324,10.071439,23.708786
20001_0310_1,8,69442472,2024-05-14,23,23:00,,1.5498856,0.0,7.5600495
20001_0310_1,8,69442472,2024-05-15,0,00:00,,0.0,0.0,3.2143908
20001_0310_1,8,69442472,2024-05-15,1,01:00,,0.0,0.0,3.5023093
20001_0310_1,8,69442472,2024-05-15,2,02:00,,0.0,0.0,3.2143917
20001_0310_1,8,69442472,2024-05-15,3,03:00,,0.0,0.0,4.625192
20001_0310_1,8,69442472,2024-05-15,4,04:00,,0.0,0.0,6.0647845
20001_0310_1,8,69442472,2024-05-15,5,05:00,24.12596893310547,23.10956,15.436533,31.487988
20001_0310_1,8,69442472,2024-05-15,6,06:00,35.476165771484375,36.325012,27.241186,45.768738
20001_0310_1,8,69442472,2024-05-15,7,07:00,35.77224349975586,37.361523,27.716255,46.978
20001_0310_1,8,69442472,2024-05-15,8,08:00,35.06462707519531,25.29774,16.177921,34.51113
20001_0310_1,8,69442472,2024-05-15,9,09:00,15.6875,24.76509,16.307486,33.532207
20001_0310_1,8,69442472,2024-05-15,10,10:00,18.525426228841145,15.458126,7.2524476,24.110075
20001_0310_1,8,69442472,2024-05-15,11,11:00,15.138477325439453,15.695659,7.590753,24.66432
20001_0310_1,8,69442472,2024-05-15,12,12:00,47.714813232421875,23.311102,14.860696,32.596474
20001_0310_1,8,69442472,2024-05-15,13,13:00,20.89517593383789,24.088484,15.292572,33.935295
20001_0310_1,8,69442472,2024-05-15,14,14:00,11.047618865966797,17.905432,8.605664,27.86741
20001_0310_1,8,69442472,2024-05-15,15,15:00,29.215113321940105,26.060724,16.509027,36.080288
20001_0310_1,8,69442472,2024-05-15,16,16:00,34.36870574951172,28.695177,18.797977,38.657158
20001_0310_1,8,69442472,2024-05-15,17,17:00,41.10580825805664,42.77439,32.409325,52.678787
20001_0310_1,8,69442472,2024-05-15,18,18:00,42.55793762207031,35.17334,25.081799,45.020157
20001_0310_1,8,69442472,2024-05-15,19,19:00,24.212388610839845,21.151714,12.010301,30.581049
20001_0310_1,8,69442472,2024-05-15,20,20:00,16.75757598876953,14.529589,6.2519317,23.008787
20001_0310_1,8,69442472,2024-05-15,21,21:00,17.210838317871094,16.084349,8.907981,23.620617
20001_0310_1,8,69442472,2024-05-15,22,22:00,19.33333396911621,15.429334,9.023148,22.181023
20001_0310_1,8,69442472,2024-05-15,23,23:00,,0.7958766,0.0,6.5830383
20001_0310_1,8,69442472,2024-05-16,0,00:00,,0.0,0.0,4.072236
20001_0310_1,8,69442472,2024-05-16,1,01:00,,0.0,0.0,3.6781564
20001_0310_1,8,69442472,2024-05-16,2,02:00,,0.0,0.0,3.2277796
20001_0310_1,8,69442472,2024-05-16,3,03:00,,0.0,0.0,4.888545
20001_0310_1,8,69442472,2024-05-16,4,04:00,,0.75070447,0.0,7.1122828
20001_0310_1,8,69442472,2024-05-16,5,05:00,24.36055564880371,25.197742,17.46744,33.163795
20001_0310_1,8,69442472,2024-05-16,6,06:00,34.19050979614258,39.20166,29.800035,48.09661
20001_0310_1,8,69442472,2024-05-16,7,07:00,42.68813705444336,38.63869,28.758533,47.758827
20001_0310_1,8,69442472,2024-05-16,8,08:00,21.908994674682617,27.210365,17.838648,36.105316
20001_0310_1,8,69442472,2024-05-16,9,09:00,25.51141357421875,24.719217,15.9439,33.346756
20001_0310_1,8,69442472,2024-05-16,10,10:00,18.415042877197266,17.101507,8.639343,25.753677
20001_0310_1,8,69442472,2024-05-16,11,11:00,11.512499809265137,18.618013,10.0256605,27.64667
20001_0310_1,8,69442472,2024-05-16,12,12:00,24.811500549316406,28.758537,19.865349,38.35721
20001_0310_1,8,69442472,2024-05-16,13,13:00,16.129249572753906,26.478502,17.205305,36.668285
20001_0310_1,8,69442472,2024-05-16,14,14:00,12.71759287516276,19.525805,9.68128,29.666765
20001_0310_1,8,69442472,2024-05-16,15,15:00,14.671428680419922,29.771887,19.722845,39.961674
20001_0310_1,8,69442472,2024-05-16,16,16:00,38.87152099609375,29.011875,18.899498,39.314255
20001_0310_1,8,69442472,2024-05-16,17,17:00,44.023521423339844,44.549892,33.853436,54.3456
20001_0310_1,8,69442472,2024-05-16,18,18:00,33.58392842610677,38.58239,28.5052,48.772175
20001_0310_1,8,69442472,2024-05-16,19,19:00,24.975133895874023,23.74809,14.444986,33.13564
20001_0310_1,8,69442472,2024-05-16,20,20:00,8.962963104248047,16.042418,7.7104397,24.458841
20001_0310_1,8,69442472,2024-05-16,21,21:00,30.764209747314453,17.747164,10.625575,25.093945
20001_0310_1,8,69442472,2024-05-16,22,22:00,13.666666984558105,17.870316,11.709298,24.488749
20001_0310_1,8,69442472,2024-05-16,23,23:00,,1.1447842,0.0,6.8870935
20001_0310_1,8,69442472,2024-05-17,0,00:00,,0.68731046,0.0,4.981082
20001_0310_1,8,69442472,2024-05-17,1,01:00,,0.1821608,0.0,3.7743359
20001_0310_1,8,69442472,2024-05-17,2,02:00,,0.0,0.0,3.4375687
20001_0310_1,8,69442472,2024-05-17,3,03:00,,0.0,0.0,4.5320606
20001_0310_1,8,69442472,2024-05-17,4,04:00,,0.0,0.0,5.9633174
20001_0310_1,8,69442472,2024-05-17,5,05:00,22.294757843017578,23.19453,15.336648,30.884027
20001_0310_1,8,69442472,2024-05-17,6,06:00,35.74635696411133,38.798042,29.452774,47.72235
20001_0310_1,8,69442472,2024-05-17,7,07:00,39.68669128417969,38.405148,28.526667,47.72235
20001_0310_1,8,69442472,2024-05-17,8,08:00,24.935707092285156,26.253492,16.652142,34.841038
20001_0310_1,8,69442472,2024-05-17,9,09:00,17.215789794921875,24.55563,15.694462,32.960762
20001_0310_1,8,69442472,2024-05-17,10,10:00,19.123703002929688,15.413824,6.840313,23.650568
20001_0310_1,8,69442472,2024-05-17,11,11:00,25.675048828125,15.827766,7.28232,24.569662
20001_0310_1,8,69442472,2024-05-17,12,12:00,27.726520538330078,25.495768,16.799477,34.57443
20001_0310_1,8,69442472,2024-05-17,13,13:00,16.022727966308594,23.601458,14.6561,33.451874
20001_0310_1,8,69442472,2024-05-17,14,14:00,21.5,18.528913,9.087177,28.507374
20001_0310_1,8,69442472,2024-05-17,15,15:00,33.50580596923828,26.898962,16.939798,37.058083
20001_0310_1,8,69442472,2024-05-17,16,16:00,34.21318054199219,26.379782,16.11893,36.847603
20001_0310_1,8,69442472,2024-05-17,17,17:00,43.90167999267578,40.874767,29.70535,51.314526
20001_0310_1,8,69442472,2024-05-17,18,18:00,46.07612609863281,33.971058,23.110342,44.523075
20001_0310_1,8,69442472,2024-05-17,19,19:00,13.080027770996093,21.91061,11.8006,32.048683
20001_0310_1,8,69442472,2024-05-17,20,20:00,11.487500190734863,14.663117,5.738806,23.783873
20001_0310_1,8,69442472,2024-05-17,21,21:00,16.27450942993164,18.374561,10.642529,26.358294
20001_0310_1,8,69442472,2024-05-17,22,22:00,15.0,15.469952,9.092437,22.53503
20001_0310_1,8,69442472,2024-05-17,23,23:00,,2.0343757,0.0,8.040043
20001_0310_1,8,69442472,2024-05-18,0,00:00,,0.094480366,0.0,4.1328526
20001_0310_1,8,69442472,2024-05-18,1,01:00,,0.0,0.0,3.347613
20001_0310_1,8,69442472,2024-05-18,2,02:00,,0.26274663,0.0,4.1328526
20001_0310_1,8,69442472,2024-05-18,3,03:00,,0.0,0.0,4.357207
20001_0310_1,8,69442472,2024-05-18,4,04:00,,0.9358083,0.0,7.61034
20001_0310_1,8,69442472,2024-05-18,5,05:00,,22.263462,14.551292,30.48043
20001_0310_1,8,69442472,2024-05-18,6,06:00,,34.364555,25.36235,44.123955
20001_0310_1,8,69442472,2024-05-18,7,07:00,,29.28855,19.706177,39.32839
20001_0310_1,8,69442472,2024-05-18,8,08:00,,20.01291,10.779341,29.428768
20001_0310_1,8,69442472,2024-05-18,9,09:00,,22.039106,13.268268,31.118433
20001_0310_1,8,69442472,2024-05-18,10,10:00,,13.247234,4.6516724,22.179327
20001_0310_1,8,69442472,2024-05-18,11,11:00,,16.654612,7.7926273,26.07748
20001_0310_1,8,69442472,2024-05-18,12,12:00,,25.867147,16.745756,35.570457
20001_0310_1,8,69442472,2024-05-18,13,13:00,,22.936523,13.443544,33.607357
20001_0310_1,8,69442472,2024-05-18,14,14:00,,18.604563,8.601527,29.522535
20001_0310_1,8,69442472,2024-05-18,15,15:00,,24.198515,13.766054,35.61253
20001_0310_1,8,69442472,2024-05-18,16,16:00,12.0,20.756083,9.90997,32.48559
20001_0310_1,8,69442472,2024-05-18,17,17:00,,33.01843,21.590399,44.68484
20001_0310_1,8,69442472,2024-05-18,18,18:00,,31.391865,20.34243,43.170452
20001_0310_1,8,69442472,2024-05-18,19,19:00,,19.998888,9.90997,30.859024
20001_0310_1,8,69442472,2024-05-18,20,20:00,,12.770482,3.9645877,22.45977
20001_0310_1,8,69442472,2024-05-18,21,21:00,,16.595016,9.20886,24.983751
20001_0310_1,8,69442472,2024-05-18,22,22:00,,15.2033205,8.99853,22.361616
20001_0310_1,8,69442472,2024-05-18,23,23:00,,1.5527822,0.0,7.7786055
20001_0310_1,8,69442472,2024-05-19,0,00:00,,0.0,0.0,3.596184
20001_0310_1,8,69442472,2024-05-19,1,01:00,,0.0,0.0,3.5684025
20001_0310_1,8,69442472,2024-05-19,2,02:00,,0.0,0.0,2.7905364
20001_0310_1,8,69442472,2024-05-19,3,03:00,,0.0,0.0,3.9573362
20001_0310_1,8,69442472,2024-05-19,4,04:00,,0.5125015,0.0,7.041017
20001_0310_1,8,69442472,2024-05-19,5,05:00,,23.79291,16.408396,31.807705
20001_0310_1,8,69442472,2024-05-19,6,06:00,,33.46067,24.542995,42.54503
20001_0310_1,8,69442472,2024-05-19,7,07:00,,26.598783,17.208399,35.73871
20001_0310_1,8,69442472,2024-05-19,8,08:00,,18.34351,9.346832,27.015495
20001_0310_1,8,69442472,2024-05-19,9,09:00,,20.688393,12.208268,29.043503
20001_0310_1,8,69442472,2024-05-19,10,10:00,,12.958352,4.471282,21.3343
20001_0310_1,8,69442472,2024-05-19,11,11:00,,15.847567,7.145196,24.744408
20001_0310_1,8,69442472,2024-05-19,12,12:00,,25.459764,16.503891,34.96083
20001_0310_1,8,69442472,2024-05-19,13,13:00,,22.723345,13.180601,33.00229
20001_0310_1,8,69442472,2024-05-19,14,14:00,,17.019575,6.8361325,27.61626
20001_0310_1,8,69442472,2024-05-19,15,15:00,,23.945705,13.486188,34.75248
20001_0310_1,8,69442472,2024-05-19,16,16:00,,21.02871,10.291385,32.05773
20001_0310_1,8,69442472,2024-05-19,17,17:00,,28.487883,17.222723,39.266876
20001_0310_1,8,69442472,2024-05-19,18,18:00,,32.043842,20.945368,42.76728
20001_0310_1,8,69442472,2024-05-19,19,19:00,,21.132887,11.145646,31.217361
20001_0310_1,8,69442472,2024-05-19,20,20:00,,13.027804,4.137911,22.278849
20001_0310_1,8,69442472,2024-05-19,21,21:00,,17.069927,9.694095,25.029161
20001_0310_1,8,69442472,2024-05-19,22,22:00,,16.160103,9.902451,23.126167
20001_0310_1,8,69442472,2024-05-19,23,23:00,,1.7348619,0.0,7.930006
20001_0310_1,8,69442472,2024-05-20,0,00:00,,0.28564125,0.0,4.7127423
20001_0310_1,8,69442472,2024-05-20,1,01:00,,0.0,0.0,3.2739332
20001_0310_1,8,69442472,2024-05-20,2,02:00,,0.0,0.0,3.5506275
20001_0310_1,8,69442472,2024-05-20,3,03:00,,0.0,0.0,3.5506268
20001_0310_1,8,69442472,2024-05-20,4,04:00,,0.17496352,0.0,6.7879453
20001_0310_1,8,69442472,2024-05-20,5,05:00,21.279125213623047,24.02597,16.029518,32.492798
20001_0310_1,8,69442472,2024-05-20,6,06:00,33.834442138671875,36.089817,26.156511,45.774105
20001_0310_1,8,69442472,2024-05-20,7,07:00,34.103747049967446,35.9238,25.3541,45.829437
20001_0310_1,8,69442472,2024-05-20,8,08:00,40.497064208984376,23.486416,13.359422,32.74182
20001_0310_1,8,69442472,2024-05-20,9,09:00,15.533785502115885,21.805502,12.294151,30.791132
20001_0310_1,8,69442472,2024-05-20,10,10:00,22.915728251139324,15.254775,5.7641764,24.191982
20001_0310_1,8,69442472,2024-05-20,11,11:00,16.466327667236328,17.540956,7.939681,27.031553
20001_0310_1,8,69442472,2024-05-20,12,12:00,21.051128387451172,28.259384,18.376228,38.275703
20001_0310_1,8,69442472,2024-05-20,13,13:00,19.094022750854492,24.067472,13.91281,34.554165
20001_0310_1,8,69442472,2024-05-20,14,14:00,17.90092595418294,16.378843,5.845457,26.846516
20001_0310_1,8,69442472,2024-05-20,15,15:00,20.454544067382812,26.294857,15.5176325,36.78155
20001_0310_1,8,69442472,2024-05-20,16,16:00,23.239013671875,26.65456,15.510718,37.445618
20001_0310_1,8,69442472,2024-05-20,17,17:00,49.404276529947914,37.583965,25.935156,48.430363
20001_0310_1,8,69442472,2024-05-20,18,18:00,47.4375,35.86846,24.371838,46.880875
20001_0310_1,8,69442472,2024-05-20,19,19:00,11.947564697265625,22.490318,11.975955,32.78333
20001_0310_1,8,69442472,2024-05-20,20,20:00,15.75,14.680635,5.542823,23.91529
20001_0310_1,8,69442472,2024-05-20,21,21:00,9.300000190734863,17.58246,9.998456,25.299623
20001_0310_1,8,69442472,2024-05-20,22,22:00,12.0,16.005308,9.814284,22.680546
20001_0310_1,8,69442472,2024-05-20,23,23:00,,1.1710606,0.0,6.7879443
20001_0310_1,8,69442472,2024-05-21,0,00:00,,0.0,0.0,4.9005218
20001_0310_1,8,69442472,2024-05-21,1,01:00,,0.0,0.0,3.9495397
20001_0310_1,8,69442472,2024-05-21,2,02:00,,0.0,0.0,3.8656297
20001_0310_1,8,69442472,2024-05-21,3,03:00,,0.0,0.0,4.3131495
20001_0310_1,8,69442472,2024-05-21,4,04:00,,0.2854599,0.0,6.830457
20001_0310_1,8,69442472,2024-05-21,5,05:00,22.727088928222656,21.86437,14.61313,30.073586
20001_0310_1,8,69442472,2024-05-21,6,06:00,37.848096211751304,35.639633,26.74515,44.981636
20001_0310_1,8,69442472,2024-05-21,7,07:00,36.89915974934896,35.751514,26.297628,45.317276
20001_0310_1,8,69442472,2024-05-21,8,08:00,38.81947631835938,24.899124,15.843812,33.947445
20001_0310_1,8,69442472,2024-05-21,9,09:00,25.69855499267578,22.43776,13.976812,31.122465
20001_0310_1,8,69442472,2024-05-21,10,10:00,22.5,16.16547,7.6171165,24.762772
20001_0310_1,8,69442472,2024-05-21,11,11:00,22.09620412190755,16.326298,7.7150106,25.420067
20001_0310_1,8,69442472,2024-05-21,12,12:00,27.377342224121094,26.857027,17.862902,36.39482
20001_0310_1,8,69442472,2024-05-21,13,13:00,19.483217239379883,23.234905,13.962825,33.29015
20001_0310_1,8,69442472,2024-05-21,14,14:00,17.069264729817707,16.850735,7.318185,26.841297
20001_0310_1,8,69442472,2024-05-21,15,15:00,21.0,25.318676,15.487195,35.29001
20001_0310_1,8,69442472,2024-05-21,16,16:00,26.09687042236328,27.835983,17.714314,38.01709
20001_0310_1,8,69442472,2024-05-21,17,17:00,41.63105773925781,41.62523,30.94066,51.97415
20001_0310_1,8,69442472,2024-05-21,18,18:00,14.01388931274414,35.975273,25.486496,46.436085
20001_0310_1,8,69442472,2024-05-21,19,19:00,13.652778625488281,21.158127,11.571386,31.192394
20001_0310_1,8,69442472,2024-05-21,20,20:00,11.605769157409668,13.599215,5.0683427,22.7734
20001_0310_1,8,69442472,2024-05-21,21,21:00,,15.906747,8.676481,23.668442
20001_0310_1,8,69442472,2024-05-21,22,22:00,11.4375,13.767035,7.711514,20.598728
20001_0310_1,8,69442472,2024-05-21,23,23:00,,0.6770414,0.0,6.438876
20001_0310_1,8,69442472,2024-05-22,0,00:00,,0.0,0.0,4.0453553
20001_0310_1,8,69442472,2024-05-22,1,01:00,,0.0,0.0,3.0864086
20001_0310_1,8,69442472,2024-05-22,2,02:00,,0.0,0.0,3.5795803
20001_0310_1,8,69442472,2024-05-22,3,03:00,,0.0,0.0,4.949506
20001_0310_1,8,69442472,2024-05-22,4,04:00,,1.0041233,0.0,7.8811436
20001_0310_1,8,69442472,2024-05-22,5,05:00,30.63653055826823,23.073603,15.265037,31.690426
20001_0310_1,8,69442472,2024-05-22,6,06:00,26.152244567871094,35.142635,25.566864,44.7869
20001_0310_1,8,69442472,2024-05-22,7,07:00,47.82708740234375,36.183777,26.07374,46.10203
20001_0310_1,8,69442472,2024-05-22,8,08:00,39.33232498168945,26.292925,16.682907,35.60841
20001_0310_1,8,69442472,2024-05-22,9,09:00,102.96295928955078,22.41604,13.38824,31.416443
20001_0310_1,8,69442472,2024-05-22,10,10:00,13.800673166910807,16.230833,7.0900135,25.255209
20001_0310_1,8,69442472,2024-05-22,11,11:00,15.596969604492188,16.919218,7.6088705,26.431631
20001_0310_1,8,69442472,2024-05-22,12,12:00,29.458694458007812,26.128536,16.39865,36.18378
20001_0310_1,8,69442472,2024-05-22,13,13:00,27.77525583902995,20.861176,10.84018,31.49864
20001_0310_1,8,69442472,2024-05-22,14,14:00,24.410802205403645,16.429472,6.2064114,26.974463
20001_0310_1,8,69442472,2024-05-22,15,15:00,16.518519083658855,24.21064,13.799216,34.676857
20001_0310_1,8,69442472,2024-05-22,16,16:00,20.15113639831543,28.293013,17.796824,38.759235
20001_0310_1,8,69442472,2024-05-22,17,17:00,70.8355941772461,38.97842,27.964231,49.499435
20001_0310_1,8,69442472,2024-05-22,18,18:00,29.245587666829426,34.64946,24.073648,45.225273
20001_0310_1,8,69442472,2024-05-22,19,19:00,14.384162902832031,19.765238,10.100422,29.964323
20001_0310_1,8,69442472,2024-05-22,20,20:00,9.972222328186035,13.429337,4.908408,22.648928
20001_0310_1,8,69442472,2024-05-22,21,21:00,16.77777862548828,16.552763,9.391484,24.652441
20001_0310_1,8,69442472,2024-05-22,22,22:00,11.357142448425293,13.045758,6.935896,19.970726
20001_0310_1,8,69442472,2024-05-22,23,23:00,,0.9493268,0.0,6.785205
20001_0310_1,8,69442472,2024-05-23,0,00:00,,0.0,0.0,5.098369
20001_0310_1,8,69442472,2024-05-23,1,01:00,,0.6226589,0.0,5.7958817
20001_0310_1,8,69442472,2024-05-23,2,02:00,,0.0,0.0,5.069307
20001_0310_1,8,69442472,2024-05-23,3,03:00,,0.0,0.0,5.824946
20001_0310_1,8,69442472,2024-05-23,4,04:00,,1.8433075,0.0,9.632205
20001_0310_1,8,69442472,2024-05-23,5,05:00,20.880773544311523,21.969471,13.468528,31.41496
20001_0310_1,8,69442472,2024-05-23,6,06:00,38.856396484375,34.800808,24.686869,45.20538
20001_0310_1,8,69442472,2024-05-23,7,07:00,30.94341786702474,35.38207,24.541552,46.07727
20001_0310_1,8,69442472,2024-05-23,8,08:00,33.89838409423828,27.535048,16.996058,38.08493
20001_0310_1,8,69442472,2024-05-23,9,09:00,24.46339988708496,25.340786,15.430284,35.818016
20001_0310_1,8,69442472,2024-05-23,10,10:00,22.750348409016926,17.210396,7.486988,27.831123
20001_0310_1,8,69442472,2024-05-23,11,11:00,12.8005952835083,18.45829,8.739424,29.345129
20001_0310_1,8,69442472,2024-05-23,12,12:00,26.249183654785156,26.343462,16.803513,37.648987
20001_0310_1,8,69442472,2024-05-23,13,13:00,17.133333841959637,21.271957,11.528569,32.90444
20001_0310_1,8,69442472,2024-05-23,14,14:00,16.681624094645183,17.11231,7.0764737,28.670319
20001_0310_1,8,69442472,2024-05-23,15,15:00,11.577921549479166,23.829506,13.657437,35.323944
20001_0310_1,8,69442472,2024-05-23,16,16:00,23.899267196655273,25.965641,15.684584,37.5182
20001_0310_1,8,69442472,2024-05-23,17,17:00,34.25464630126953,37.532734,26.575968,48.8092
20001_0310_1,8,69442472,2024-05-23,18,18:00,35.95757039388021,33.69641,22.957615,44.85662
20001_0310_1,8,69442472,2024-05-23,19,19:00,20.122222900390625,19.088596,9.365187,29.85464
20001_0310_1,8,69442472,2024-05-23,20,20:00,19.11481475830078,13.163366,4.3863244,22.899488
20001_0310_1,8,69442472,2024-05-23,21,21:00,14.29333241780599,16.563744,9.105437,24.944801
20001_0310_1,8,69442472,2024-05-23,22,22:00,18.0,14.267761,7.8738904,21.795094
20001_0310_1,8,69442472,2024-05-23,23,23:00,,1.5526774,0.0,8.091865
20001_0310_1,8,69442472,2024-05-24,0,00:00,,0.23260416,0.0,4.6091495
20001_0310_1,8,69442472,2024-05-24,1,01:00,,0.87024665,0.0,4.667117
20001_0310_1,8,69442472,2024-05-24,2,02:00,,0.0007339418,0.0,4.261345
20001_0310_1,8,69442472,2024-05-24,3,03:00,,0.0,0.0,5.0728893
20001_0310_1,8,69442472,2024-05-24,4,04:00,,1.1021161,0.0,8.174149
20001_0310_1,8,69442472,2024-05-24,5,05:00,23.443355560302734,21.876211,13.753519,30.564087
20001_0310_1,8,69442472,2024-05-24,6,06:00,37.918070475260414,35.07106,25.260067,45.041473
20001_0310_1,8,69442472,2024-05-24,7,07:00,41.85348892211914,34.60732,24.3036,44.867565
20001_0310_1,8,69442472,2024-05-24,8,08:00,33.37004089355469,26.144068,16.064972,35.98405
20001_0310_1,8,69442472,2024-05-24,9,09:00,25.67650604248047,25.883215,16.456251,35.331913
20001_0310_1,8,69442472,2024-05-24,10,10:00,16.216320037841797,16.492483,7.4930315,25.796263
20001_0310_1,8,69442472,2024-05-24,11,11:00,21.21044667561849,17.60111,8.8475685,27.049356
20001_0310_1,8,69442472,2024-05-24,12,12:00,24.869916280110676,25.46295,16.601171,35.41886
20001_0310_1,8,69442472,2024-05-24,13,13:00,17.71693166097005,19.760399,10.706604,30.06774
20001_0310_1,8,69442472,2024-05-24,14,14:00,19.65634536743164,17.88189,8.534635,28.185612
20001_0310_1,8,69442472,2024-05-24,15,15:00,13.399999618530273,21.941427,12.405776,32.288624
20001_0310_1,8,69442472,2024-05-24,16,16:00,23.713674545288086,24.651405,14.688247,34.9986
20001_0310_1,8,69442472,2024-05-24,17,17:00,39.14955393473307,38.665047,28.114967,48.98326
20001_0310_1,8,69442472,2024-05-24,18,18:00,30.25653648376465,34.955124,24.738356,45.331306
20001_0310_1,8,69442472,2024-05-24,19,19:00,27.588668823242188,19.622726,10.286341,29.372135
20001_0310_1,8,69442472,2024-05-24,20,20:00,13.0,13.695552,5.493153,22.43415
20001_0310_1,8,69442472,2024-05-24,21,21:00,15.642857551574707,16.724352,9.815352,24.002893
20001_0310_1,8,69442472,2024-05-24,22,22:00,17.0,14.115816,8.435003,20.506731
20001_0310_1,8,69442472,2024-05-24,23,23:00,,1.2760189,0.0,6.753947
20001_0310_1,8,69442472,2024-05-25,0,00:00,,0.42408335,0.0,4.987254
20001_0310_1,8,69442472,2024-05-25,1,01:00,,0.02480656,0.0,3.9320207
20001_0310_1,8,69442472,2024-05-25,2,02:00,,0.2529645,0.0,4.473898
20001_0310_1,8,69442472,2024-05-25,3,03:00,,0.0,0.0,4.5309367
20001_0310_1,8,69442472,2024-05-25,4,04:00,,1.7930343,0.0,8.495191
20001_0310_1,8,69442472,2024-05-25,5,05:00,,22.81214,14.926409,31.196964
20001_0310_1,8,69442472,2024-05-25,6,06:00,,34.362663,24.623148,44.116444
20001_0310_1,8,69442472,2024-05-25,7,07:00,,32.765556,22.398605,43.089733
20001_0310_1,8,69442472,2024-05-25,8,08:00,,24.19535,14.099335,34.163025
20001_0310_1,8,69442472,2024-05-25,9,09:00,,24.59463,15.140309,34.077465
20001_0310_1,8,69442472,2024-05-25,10,10:00,,14.66973,5.7145085,23.838852
20001_0310_1,8,69442472,2024-05-25,11,11:00,,17.874645,8.984484,27.265688
20001_0310_1,8,69442472,2024-05-25,12,12:00,,25.778202,16.855064,35.4179
20001_0310_1,8,69442472,2024-05-25,13,13:00,,20.459253,11.432731,30.39841
20001_0310_1,8,69442472,2024-05-25,14,14:00,,18.368395,9.13243,28.212187
20001_0310_1,8,69442472,2024-05-25,15,15:00,,21.870987,12.559266,31.581984
20001_0310_1,8,69442472,2024-05-25,16,16:00,,22.127665,12.459446,31.781624
20001_0310_1,8,69442472,2024-05-25,17,17:00,,32.622955,22.42712,42.205612
20001_0310_1,8,69442472,2024-05-25,18,18:00,,31.85292,21.821074,41.606697
20001_0310_1,8,69442472,2024-05-25,19,19:00,,19.828255,10.769649,29.250488
20001_0310_1,8,69442472,2024-05-25,20,20:00,,13.143922,4.8303947,21.585787
20001_0310_1,8,69442472,2024-05-25,21,21:00,,16.605516,9.461301,23.97789
20001_0310_1,8,69442472,2024-05-25,22,22:00,,15.033359,9.058458,21.45032
20001_0310_1,8,69442472,2024-05-25,23,23:00,,0.88040006,0.0,6.384724
20001_0310_1,8,69442472,2024-05-26,0,00:00,,0.09844214,0.0,4.687769
20001_0310_1,8,69442472,2024-05-26,1,01:00,,0.0,0.0,3.4207761
20001_0310_1,8,69442472,2024-05-26,2,02:00,,0.0,0.0,3.5615542
20001_0310_1,8,69442472,2024-05-26,3,03:00,,0.0,0.0,4.0401955
20001_0310_1,8,69442472,2024-05-26,4,04:00,,0.66155046,0.0,7.7003956
20001_0310_1,8,69442472,2024-05-26,5,05:00,,22.636826,14.619577,31.604311
20001_0310_1,8,69442472,2024-05-26,6,06:00,,32.871304,23.115465,43.17617
20001_0310_1,8,69442472,2024-05-26,7,07:00,,26.32518,15.837301,37.193153
20001_0310_1,8,69442472,2024-05-26,8,08:00,,21.482454,11.156469,31.87883
20001_0310_1,8,69442472,2024-05-26,9,09:00,,21.890707,11.951858,32.012566
20001_0310_1,8,69442472,2024-05-26,10,10:00,,13.261083,3.392623,23.115467
20001_0310_1,8,69442472,2024-05-26,11,11:00,,16.590456,6.913802,26.73519
20001_0310_1,8,69442472,2024-05-26,12,12:00,,26.50819,16.799864,36.67228
20001_0310_1,8,69442472,2024-05-26,13,13:00,,20.891191,11.100157,31.569118
20001_0310_1,8,69442472,2024-05-26,14,14:00,,18.184755,8.331251,28.884682
20001_0310_1,8,69442472,2024-05-26,15,15:00,,20.342163,10.234381,31.294605
20001_0310_1,8,69442472,2024-05-26,16,16:00,,19.691069,9.110804,30.776373
20001_0310_1,8,69442472,2024-05-26,17,17:00,,27.690716,16.488392,38.67131
20001_0310_1,8,69442472,2024-05-26,18,18:00,,30.112078,19.110365,41.148987
20001_0310_1,8,69442472,2024-05-26,19,19:00,,19.67699,9.819086,30.090958
20001_0310_1,8,69442472,2024-05-26,20,20:00,,12.697975,3.8149526,21.904787
20001_0310_1,8,69442472,2024-05-26,21,21:00,,15.928803,8.685831,23.861582
20001_0310_1,8,69442472,2024-05-26,22,22:00,,14.788511,8.875881,21.756968
20001_0310_1,8,69442472,2024-05-26,23,23:00,,1.1120365,0.0,7.137288
20001_0310_1,8,69442472,2024-05-27,0,00:00,,0.0,0.0,3.9303672
20001_0310_1,8,69442472,2024-05-27,1,01:00,,0.0,0.0,3.3699589
20001_0310_1,8,69442472,2024-05-27,2,02:00,,0.0,0.0,3.0897543
20001_0310_1,8,69442472,2024-05-27,3,03:00,,0.0,0.0,3.201835
20001_0310_1,8,69442472,2024-05-27,4,04:00,,1.2964463,0.0,8.021352
20001_0310_1,8,69442472,2024-05-27,5,05:00,24.446378707885742,21.877457,14.1298065,30.269577
20001_0310_1,8,69442472,2024-05-27,6,06:00,26.565685272216797,35.929707,26.318695,45.344578
20001_0310_1,8,69442472,2024-05-27,7,07:00,34.126251220703125,35.873665,25.632195,45.400616
20001_0310_1,8,69442472,2024-05-27,8,08:00,37.689369201660156,28.868555,19.022877,38.003223
20001_0310_1,8,69442472,2024-05-27,9,09:00,30.424021402994793,24.833612,15.586868,33.49193
20001_0310_1,8,69442472,2024-05-27,10,10:00,13.724166870117188,16.20332,7.292819,24.70752
20001_0310_1,8,69442472,2024-05-27,11,11:00,16.059465408325195,18.05792,9.397415,26.686026
20001_0310_1,8,69442472,2024-05-27,12,12:00,23.274434407552082,26.318695,17.711168,35.173153
20001_0310_1,8,69442472,2024-05-27,13,13:00,25.993385314941406,20.78466,12.210407,29.751198
20001_0310_1,8,69442472,2024-05-27,14,14:00,13.367513020833334,17.513273,8.983458,26.496231
20001_0310_1,8,69442472,2024-05-27,15,15:00,22.40833282470703,20.861715,12.098325,29.73719
20001_0310_1,8,69442472,2024-05-27,16,16:00,32.112709045410156,23.516653,14.494072,32.511215
20001_0310_1,8,69442472,2024-05-27,17,17:00,78.85743713378906,35.033054,25.450064,43.887512
20001_0310_1,8,69442472,2024-05-27,18,18:00,36.69066619873047,33.91224,24.553411,43.102943
20001_0310_1,8,69442472,2024-05-27,19,19:00,18.876200866699218,20.350342,11.90218,29.022667
20001_0310_1,8,69442472,2024-05-27,20,20:00,21.51922098795573,13.877622,6.3821545,21.779385
20001_0310_1,8,69442472,2024-05-27,21,21:00,10.492196083068848,16.129765,9.793642,22.795126
20001_0310_1,8,69442472,2024-05-27,22,22:00,21.359113693237305,14.550111,9.247243,20.574503
20001_0310_1,8,69442472,2024-05-27,23,23:00,,1.7447734,0.0,7.1246977
20001_0310_1,8,69442472,2024-05-28,0,00:00,,0.019133836,0.0,4.4755545
20001_0310_1,8,69442472,2024-05-28,1,01:00,,0.59415585,0.0,4.3893013
20001_0310_1,8,69442472,2024-05-28,2,02:00,,0.19164011,0.0,4.2742968
20001_0310_1,8,69442472,2024-05-28,3,03:00,,0.0,0.0,4.619311
20001_0310_1,8,69442472,2024-05-28,4,04:00,,0.076636195,0.0,6.9193993
20001_0310_1,8,69442472,2024-05-28,5,05:00,32.70203399658203,22.833136,15.523167,31.6741
20001_0310_1,8,69442472,2024-05-28,6,06:00,28.787796020507812,36.015514,26.815165,46.25091
20001_0310_1,8,69442472,2024-05-28,7,07:00,51.17185974121094,35.38299,25.348856,45.963398
20001_0310_1,8,69442472,2024-05-28,8,08:00,41.21475830078125,29.057749,19.117054,39.350647
20001_0310_1,8,69442472,2024-05-28,9,09:00,19.048171997070312,27.045172,17.738798,37.050552
20001_0310_1,8,69442472,2024-05-28,10,10:00,22.232769012451172,17.327297,7.9652195,27.314713
20001_0310_1,8,69442472,2024-05-28,11,11:00,15.617860158284506,17.481836,8.331797,27.681292
20001_0310_1,8,69442472,2024-05-28,12,12:00,22.993375142415363,26.41265,17.170967,36.8493
20001_0310_1,8,69442472,2024-05-28,13,13:00,29.44017791748047,20.770243,11.648953,31.314709
20001_0310_1,8,69442472,2024-05-28,14,14:00,17.337265014648438,17.863686,8.654347,28.205097
20001_0310_1,8,69442472,2024-05-28,15,15:00,32.666526794433594,21.014627,11.5627,31.05595
20001_0310_1,8,69442472,2024-05-28,16,16:00,33.59796905517578,27.390186,17.77833,37.82684
20001_0310_1,8,69442472,2024-05-28,17,17:00,72.07784271240234,43.088287,32.939148,53.32368
20001_0310_1,8,69442472,2024-05-28,18,18:00,40.69755554199219,35.210484,25.133223,45.50338
20001_0310_1,8,69442472,2024-05-28,19,19:00,16.878045654296876,21.187134,12.108973,30.840319
20001_0310_1,8,69442472,2024-05-28,20,20:00,16.353621164957683,14.5025015,6.4521937,23.185335
20001_0310_1,8,69442472,2024-05-28,21,21:00,34.4215087890625,15.587856,8.802594,22.790009
20001_0310_1,8,69442472,2024-05-28,22,22:00,12.810593605041504,14.092799,8.198823,20.468359
20001_0310_1,8,69442472,2024-05-28,23,23:00,,0.6516574,0.0,6.028114
20001_0310_1,8,69442472,2024-05-29,0,00:00,,0.39104378,0.0,5.386269
20001_0310_1,8,69442472,2024-05-29,1,01:00,,0.09720674,0.0,4.5341425
20001_0310_1,8,69442472,2024-05-29,2,02:00,,0.0,0.0,4.416608
20001_0310_1,8,69442472,2024-05-29,3,03:00,,0.27350846,0.0,6.5909996
20001_0310_1,8,69442472,2024-05-29,4,04:00,,1.4488556,0.0,9.735053
20001_0310_1,8,69442472,2024-05-29,5,05:00,18.995161056518555,25.719774,17.036898,36.312588
20001_0310_1,8,69442472,2024-05-29,6,06:00,36.01886749267578,36.944336,26.219296,49.28548
20001_0310_1,8,69442472,2024-05-29,7,07:00,39.88631820678711,41.05805,29.68657,53.9281
20001_0310_1,8,69442472,2024-05-29,8,08:00,39.895819091796874,31.714045,20.812702,44.025806
20001_0310_1,8,69442472,2024-05-29,9,09:00,34.097747802734375,30.744383,20.393982,42.55662
20001_0310_1,8,69442472,2024-05-29,10,10:00,15.111892700195312,18.294886,8.314534,29.999687
20001_0310_1,8,69442472,2024-05-29,11,11:00,24.601072311401367,21.055115,11.189548,33.021618
20001_0310_1,8,69442472,2024-05-29,12,12:00,31.542271931966145,27.453411,17.60988,39.647636
20001_0310_1,8,69442472,2024-05-29,13,13:00,17.73386510213216,23.236853,13.319864,35.48985
20001_0310_1,8,69442472,2024-05-29,14,14:00,21.79637400309245,19.837528,9.937066,31.739756
20001_0310_1,8,69442472,2024-05-29,15,15:00,22.286610921223957,23.677608,13.672467,35.29885
20001_0310_1,8,69442472,2024-05-29,16,16:00,27.787811279296875,28.863825,18.408745,40.49976
20001_0310_1,8,69442472,2024-05-29,17,17:00,51.771158854166664,44.17272,33.00692,55.98496
20001_0310_1,8,69442472,2024-05-29,18,18:00,22.463624954223633,37.29694,26.336828,49.050407
20001_0310_1,8,69442472,2024-05-29,19,19:00,20.32909393310547,23.075243,13.202327,34.387955
20001_0310_1,8,69442472,2024-05-29,20,20:00,16.229969024658203,15.5016,6.5322328,25.455322
20001_0310_1,8,69442472,2024-05-29,21,21:00,7.862268447875977,17.805466,10.389759,26.492014
20001_0310_1,8,69442472,2024-05-29,22,22:00,21.340442657470703,15.119612,8.684587,22.891594
20001_0310_1,8,69442472,2024-05-29,23,23:00,,0.39104378,0.0,7.0023713
20001_0310_1,8,69442472,2024-05-30,0,00:00,,0.17150752,0.0,4.662544
20001_0310_1,8,69442472,2024-05-30,1,01:00,,0.87598395,0.0,4.750604
20001_0310_1,8,69442472,2024-05-30,2,02:00,,0.0,0.0,3.3122997
20001_0310_1,8,69442472,2024-05-30,3,03:00,,0.0,0.0,5.220255
20001_0310_1,8,69442472,2024-05-30,4,04:00,,0.40633383,0.0,7.5391574
20001_0310_1,8,69442472,2024-05-30,5,05:00,,23.433905,15.112278,32.386623
20001_0310_1,8,69442472,2024-05-30,6,06:00,,36.158504,25.958275,46.314705
20001_0310_1,8,69442472,2024-05-30,7,07:00,,36.041092,25.239126,46.549538
20001_0310_1,8,69442472,2024-05-30,8,08:00,,27.851557,17.469704,37.919693
20001_0310_1,8,69442472,2024-05-30,9,09:00,,26.530664,16.976202,36.18786
20001_0310_1,8,69442472,2024-05-30,10,10:00,,16.117622,7.2529626,25.510643
20001_0310_1,8,69442472,2024-05-30,11,11:00,,18.735561,10.159846,28.065287
20001_0310_1,8,69442472,2024-05-30,12,12:00,,26.11972,17.64766,35.688854
20001_0310_1,8,69442472,2024-05-30,13,13:00,,20.516932,12.118253,30.390608
20001_0310_1,8,69442472,2024-05-30,14,14:00,,18.460604,9.7142725,28.353542
20001_0310_1,8,69442472,2024-05-30,15,15:00,,20.975576,11.868751,30.845585
20001_0310_1,8,69442472,2024-05-30,16,16:00,,25.840864,16.411154,35.96771
20001_0310_1,8,69442472,2024-05-30,17,17:00,,39.739594,29.554043,49.484848
20001_0310_1,8,69442472,2024-05-30,18,18:00,,33.957016,24.182413,43.76098
20001_0310_1,8,69442472,2024-05-30,19,19:00,,20.990252,12.118253,30.141106
20001_0310_1,8,69442472,2024-05-30,20,20:00,,14.319741,6.511795,22.33316
20001_0310_1,8,69442472,2024-05-30,21,21:00,,17.016565,10.410264,23.824667
20001_0310_1,8,69442472,2024-05-30,22,22:00,,15.677326,10.15159,21.78279
20001_0310_1,8,69442472,2024-05-30,23,23:00,,1.169516,0.0,6.511794
20001_0310_1,8,69442472,2024-05-31,0,00:00,,0.82376164,0.0,4.455397
20001_0310_1,8,69442472,2024-05-31,1,01:00,,0.53088796,0.0,3.4596264
20001_0310_1,8,69442472,2024-05-31,2,02:00,,0.0037150085,0.0,3.1081784
20001_0310_1,8,69442472,2024-05-31,3,03:00,,0.0,0.0,3.8403637
20001_0310_1,8,69442472,2024-05-31,4,04:00,,0.17943905,0.0,5.744043
20001_0310_1,8,69442472,2024-05-31,5,05:00,,24.107239,16.58038,31.458374
20001_0310_1,8,69442472,2024-05-31,6,06:00,,37.08155,27.914597,46.04349
20001_0310_1,8,69442472,2024-05-31,7,07:00,,39.54169,29.876854,49.147953
20001_0310_1,8,69442472,2024-05-31,8,08:00,,29.935429,20.526855,39.043804
20001_0310_1,8,69442472,2024-05-31,9,09:00,,27.446,18.623173,35.910053
20001_0310_1,8,69442472,2024-05-31,10,10:00,,17.788483,9.747721,26.002224
20001_0310_1,8,69442472,2024-05-31,11,11:00,,20.856339,13.007317,29.100739
20001_0310_1,8,69442472,2024-05-31,12,12:00,,27.358139,19.413933,35.73433
20001_0310_1,8,69442472,2024-05-31,13,13:00,,22.115696,14.237389,31.092278
20001_0310_1,8,69442472,2024-05-31,14,14:00,,20.417027,12.077442,29.69381
20001_0310_1,8,69442472,2024-05-31,15,15:00,,23.00896,14.076305,32.79095
20001_0310_1,8,69442472,2024-05-31,16,16:00,,27.592434,18.068542,37.930885
20001_0310_1,8,69442472,2024-05-31,17,17:00,,43.993374,33.27419,54.185387
20001_0310_1,8,69442472,2024-05-31,18,18:00,,36.43723,26.201286,46.863537
20001_0310_1,8,69442472,2024-05-31,19,19:00,,22.877167,13.431985,32.46879
20001_0310_1,8,69442472,2024-05-31,20,20:00,,15.59925,7.6257586,23.865616
20001_0310_1,8,69442472,2024-05-31,21,21:00,,17.726246,11.050551,24.537395
20001_0310_1,8,69442472,2024-05-31,22,22:00,,16.858608,11.337936,22.584293
20001_0310_1,8,69442472,2024-05-31,23,23:00,,1.9952581,0.0,6.9448276
20001_0310_1,9,44784228,2024-05-01,0,00:00,,0.64031154,0.0,6.32796
20001_0310_1,9,44784228,2024-05-01,1,01:00,,0.64031154,0.0,5.480863
20001_0310_1,9,44784228,2024-05-01,2,02:00,,1.3663944,0.0,6.4489746
20001_0310_1,9,44784228,2024-05-01,3,03:00,,0.5798045,0.0,6.933029
20001_0310_1,9,44784228,2024-05-01,4,04:00,,2.2739975,0.0,10.533188
20001_0310_1,9,44784228,2024-05-01,5,05:00,,28.897034,20.233202,39.48574
20001_0310_1,9,44784228,2024-05-01,6,06:00,,37.670536,27.202839,49.771915
20001_0310_1,9,44784228,2024-05-01,7,07:00,,42.934635,31.892128,55.399055
20001_0310_1,9,44784228,2024-05-01,8,08:00,,24.268257,13.649296,36.21837
20001_0310_1,9,44784228,2024-05-01,9,09:00,,28.170952,18.191093,39.667263
20001_0310_1,9,44784228,2024-05-01,10,10:00,,20.408104,10.46323,32.03394
20001_0310_1,9,44784228,2024-05-01,11,11:00,,20.564098,10.572895,32.748676
20001_0310_1,9,44784228,2024-05-01,12,12:00,,28.77602,18.204329,41.512726
20001_0310_1,9,44784228,2024-05-01,13,13:00,,24.20775,13.233313,37.693226
20001_0310_1,9,44784228,2024-05-01,14,14:00,,21.662678,10.268473,35.13681
20001_0310_1,9,44784228,2024-05-01,15,15:00,,28.987795,17.18895,42.60185
20001_0310_1,9,44784228,2024-05-01,16,16:00,,30.470215,18.523882,44.326294
20001_0310_1,9,44784228,2024-05-01,17,17:00,,44.26579,31.710604,57.94035
20001_0310_1,9,44784228,2024-05-01,18,18:00,,37.186478,25.009466,50.982056
20001_0310_1,9,44784228,2024-05-01,19,19:00,,25.221241,13.95183,38.351234
20001_0310_1,9,44784228,2024-05-01,20,20:00,,17.052809,6.728819,28.995358
20001_0310_1,9,44784228,2024-05-01,21,21:00,,19.473083,10.76009,29.819763
20001_0310_1,9,44784228,2024-05-01,22,22:00,,20.985758,13.30138,30.152552
20001_0310_1,9,44784228,2024-05-01,23,23:00,,1.9714632,0.0,9.65584
20001_0310_1,9,44784228,2024-05-02,0,00:00,,0.0,0.0,4.8299994
20001_0310_1,9,44784228,2024-05-02,1,01:00,,0.39504355,0.0,4.5262356
20001_0310_1,9,44784228,2024-05-02,2,02:00,,0.0,0.0,3.6756961
20001_0310_1,9,44784228,2024-05-02,3,03:00,,0.0,0.0,4.951505
20001_0310_1,9,44784228,2024-05-02,4,04:00,,0.0,0.0,6.7133374
20001_0310_1,9,44784228,2024-05-02,5,05:00,,28.356531,20.403606,36.785984
20001_0310_1,9,44784228,2024-05-02,6,06:00,,37.94029,28.614733,47.41773
20001_0310_1,9,44784228,2024-05-02,7,07:00,,42.800514,33.14081,52.338703
20001_0310_1,9,44784228,2024-05-02,8,08:00,,23.344423,14.223903,32.55607
20001_0310_1,9,44784228,2024-05-02,9,09:00,,27.870508,19.49801,36.497406
20001_0310_1,9,44784228,2024-05-02,10,10:00,,20.092249,12.24659,28.680231
20001_0310_1,9,44784228,2024-05-02,11,11:00,,20.179583,12.483908,28.90236
20001_0310_1,9,44784228,2024-05-02,12,12:00,,30.224682,22.199612,39.519863
20001_0310_1,9,44784228,2024-05-02,13,13:00,,23.731722,15.385802,33.793907
20001_0310_1,9,44784228,2024-05-02,14,14:00,,22.030643,12.921515,32.240917
20001_0310_1,9,44784228,2024-05-02,15,15:00,,29.769035,20.101742,40.248894
20001_0310_1,9,44784228,2024-05-02,16,16:00,,30.224682,20.24603,40.94755
20001_0310_1,9,44784228,2024-05-02,17,17:00,,44.987617,34.234367,55.4371
20001_0310_1,9,44784228,2024-05-02,18,18:00,,38.244053,27.794573,48.572037
20001_0310_1,9,44784228,2024-05-02,19,19:00,,25.865667,15.962957,35.707626
20001_0310_1,9,44784228,2024-05-02,20,20:00,,17.793135,8.8396845,26.74658
20001_0310_1,9,44784228,2024-05-02,21,21:00,,19.873919,12.038702,27.773685
20001_0310_1,9,44784228,2024-05-02,22,22:00,,21.438303,14.569437,28.633717
20001_0310_1,9,44784228,2024-05-02,23,23:00,,1.0025718,0.0,7.1993604
20001_0310_1,9,44784228,2024-05-03,0,00:00,,0.667205,0.0,4.7614346
20001_0310_1,9,44784228,2024-05-03,1,01:00,,0.72831297,0.0,4.028141
20001_0310_1,9,44784228,2024-05-03,2,02:00,,0.0,0.0,3.1726305
20001_0310_1,9,44784228,2024-05-03,3,03:00,,0.0,0.0,4.394788
20001_0310_1,9,44784228,2024-05-03,4,04:00,,0.0,0.0,5.9530387
20001_0310_1,9,44784228,2024-05-03,5,05:00,,30.671186,22.280308,38.67632
20001_0310_1,9,44784228,2024-05-03,6,06:00,,37.02641,27.096375,46.437027
20001_0310_1,9,44784228,2024-05-03,7,07:00,,44.481575,34.154335,54.197727
20001_0310_1,9,44784228,2024-05-03,8,08:00,,25.721445,16.089312,34.811245
20001_0310_1,9,44784228,2024-05-03,9,09:00,,28.181038,19.454065,36.73615
20001_0310_1,9,44784228,2024-05-03,10,10:00,,20.378325,12.435251,28.55246
20001_0310_1,9,44784228,2024-05-03,11,11:00,,20.74879,13.022461,29.200777
20001_0310_1,9,44784228,2024-05-03,12,12:00,,30.335093,22.425438,39.042965
20001_0310_1,9,44784228,2024-05-03,13,13:00,,24.315964,16.40249,33.696026
20001_0310_1,9,44784228,2024-05-03,14,14:00,,22.685146,13.992546,32.141594
20001_0310_1,9,44784228,2024-05-03,15,15:00,,29.754566,20.699139,39.440166
20001_0310_1,9,44784228,2024-05-03,16,16:00,,29.296257,19.988758,39.16518
20001_0310_1,9,44784228,2024-05-03,17,17:00,,43.07609,32.840515,52.608925
20001_0310_1,9,44784228,2024-05-03,18,18:00,,37.698593,27.92133,47.292534
20001_0310_1,9,44784228,2024-05-03,19,19:00,,23.834738,14.706746,32.794685
20001_0310_1,9,44784228,2024-05-03,20,20:00,,17.91491,9.749366,25.927683
20001_0310_1,9,44784228,2024-05-03,21,21:00,,18.487797,11.3190775,25.54194
20001_0310_1,9,44784228,2024-05-03,22,22:00,,21.533644,15.312095,27.732277
20001_0310_1,9,44784228,2024-05-03,23,23:00,,1.1560687,0.0,6.5946712
20001_0310_1,9,44784228,2024-05-04,0,00:00,,0.8495358,0.0,4.62686
20001_0310_1,9,44784228,2024-05-04,1,01:00,,0.4230638,0.0,3.2865212
20001_0310_1,9,44784228,2024-05-04,2,02:00,,0.0,0.0,3.103747
20001_0310_1,9,44784228,2024-05-04,3,03:00,,0.0,0.0,3.8348434
20001_0310_1,9,44784228,2024-05-04,4,04:00,,0.54491323,0.0,6.028128
20001_0310_1,9,44784228,2024-05-04,5,05:00,,28.05237,21.161224,34.92162
20001_0310_1,9,44784228,2024-05-04,6,06:00,,36.30765,28.204681,44.5934
20001_0310_1,9,44784228,2024-05-04,7,07:00,,43.00936,34.51038,51.599728
20001_0310_1,9,44784228,2024-05-04,8,08:00,,23.894266,15.806524,31.768768
20001_0310_1,9,44784228,2024-05-04,9,09:00,,28.43315,21.027002,35.78979
20001_0310_1,9,44784228,2024-05-04,10,10:00,,20.136932,13.319266,27.210073
20001_0310_1,9,44784228,2024-05-04,11,11:00,,20.28258,13.748416,27.60876
20001_0310_1,9,44784228,2024-05-04,12,12:00,,29.286093,22.662447,36.81028
20001_0310_1,9,44784228,2024-05-04,13,13:00,,24.648207,17.778957,33.025337
20001_0310_1,9,44784228,2024-05-04,14,14:00,,22.348303,14.55757,30.976748
20001_0310_1,9,44784228,2024-05-04,15,15:00,,28.082832,19.442963,37.49568
20001_0310_1,9,44784228,2024-05-04,16,16:00,,26.392176,16.926016,36.216263
20001_0310_1,9,44784228,2024-05-04,17,17:00,,42.521965,31.738306,52.63544
20001_0310_1,9,44784228,2024-05-04,18,18:00,,36.612274,25.95047,47.09131
20001_0310_1,9,44784228,2024-05-04,19,19:00,,23.80288,13.757936,33.710747
20001_0310_1,9,44784228,2024-05-04,20,20:00,,16.530005,7.497935,25.409765
20001_0310_1,9,44784228,2024-05-04,21,21:00,,18.091198,10.414698,25.889545
20001_0310_1,9,44784228,2024-05-04,22,22:00,,21.280697,14.718925,27.970026
20001_0310_1,9,44784228,2024-05-04,23,23:00,,1.1541603,0.0,6.8506103
20001_0310_1,9,44784228,2024-05-05,0,00:00,,0.0,0.0,2.7825024
20001_0310_1,9,44784228,2024-05-05,1,01:00,,0.0,0.0,2.6609843
20001_0310_1,9,44784228,2024-05-05,2,02:00,,0.0,0.0,2.9040198
20001_0310_1,9,44784228,2024-05-05,3,03:00,,0.0,0.0,3.3900926
20001_0310_1,9,44784228,2024-05-05,4,04:00,,0.3521338,0.0,6.6103306
20001_0310_1,9,44784228,2024-05-05,5,05:00,,26.87352,19.335585,34.635506
20001_0310_1,9,44784228,2024-05-05,6,06:00,,35.774742,26.721624,44.70634
20001_0310_1,9,44784228,2024-05-05,7,07:00,16.363636016845703,38.99498,29.4406,48.169617
20001_0310_1,9,44784228,2024-05-05,8,08:00,,21.150764,11.828026,29.660849
20001_0310_1,9,44784228,2024-05-05,9,09:00,,27.60263,18.87989,35.789932
20001_0310_1,9,44784228,2024-05-05,10,10:00,0.0,20.347605,11.873596,28.354527
20001_0310_1,9,44784228,2024-05-05,11,11:00,,19.138117,10.719172,27.45833
20001_0310_1,9,44784228,2024-05-05,12,12:00,,26.022892,17.729263,34.574745
20001_0310_1,9,44784228,2024-05-05,13,13:00,,22.244429,13.654597,31.57856
20001_0310_1,9,44784228,2024-05-05,14,14:00,,18.439386,9.074876,27.955795
20001_0310_1,9,44784228,2024-05-05,15,15:00,,23.106451,13.278653,33.22286
20001_0310_1,9,44784228,2024-05-05,16,16:00,,21.34491,10.966004,31.988684
20001_0310_1,9,44784228,2024-05-05,17,17:00,,33.192474,22.255825,43.855717
20001_0310_1,9,44784228,2024-05-05,18,18:00,,32.919056,22.05835,43.67343
20001_0310_1,9,44784228,2024-05-05,19,19:00,,21.746965,11.657141,31.738052
20001_0310_1,9,44784228,2024-05-05,20,20:00,,15.177376,6.093877,24.382393
20001_0310_1,9,44784228,2024-05-05,21,21:00,,17.395086,9.60272,25.308971
20001_0310_1,9,44784228,2024-05-05,22,22:00,,19.960264,13.168524,26.869722
20001_0310_1,9,44784228,2024-05-05,23,23:00,,1.3242804,0.0,7.4609585
20001_0310_1,9,44784228,2024-05-06,0,00:00,,0.0,0.0,3.9375792
20001_0310_1,9,44784228,2024-05-06,1,01:00,,0.0,0.0,3.5771985
20001_0310_1,9,44784228,2024-05-06,2,02:00,,0.0,0.0,3.2168145
20001_0310_1,9,44784228,2024-05-06,3,03:00,,0.0,0.0,3.6973248
20001_0310_1,9,44784228,2024-05-06,4,04:00,,0.0,0.0,5.859615
20001_0310_1,9,44784228,2024-05-06,5,05:00,29.14068603515625,24.839716,17.117786,32.963314
20001_0310_1,9,44784228,2024-05-06,6,06:00,37.2070198059082,35.891422,26.461437,44.961025
20001_0310_1,9,44784228,2024-05-06,7,07:00,38.1359748840332,34.57002,24.5394,43.549534
20001_0310_1,9,44784228,2024-05-06,8,08:00,30.128260294596355,23.901222,14.366124,32.430256
20001_0310_1,9,44784228,2024-05-06,9,09:00,22.22537612915039,26.47645,17.493185,34.75021
20001_0310_1,9,44784228,2024-05-06,10,10:00,13.254545211791992,15.1394415,6.310092,23.353142
20001_0310_1,9,44784228,2024-05-06,11,11:00,23.775163650512695,19.009792,10.115685,27.353941
20001_0310_1,9,44784228,2024-05-06,12,12:00,36.198376973470054,27.06207,18.150133,35.801323
20001_0310_1,9,44784228,2024-05-06,13,13:00,18.619232177734375,22.722473,13.367565,31.912207
20001_0310_1,9,44784228,2024-05-06,14,14:00,15.053175354003907,17.98871,8.003134,27.40368
20001_0310_1,9,44784228,2024-05-06,15,15:00,21.3015874226888,25.440351,14.959251,35.08056
20001_0310_1,9,44784228,2024-05-06,16,16:00,38.082173665364586,28.05312,17.328012,38.083744
20001_0310_1,9,44784228,2024-05-06,17,17:00,72.35110473632812,42.8588,31.536808,52.829353
20001_0310_1,9,44784228,2024-05-06,18,18:00,42.11776123046875,35.320816,24.164,45.71182
20001_0310_1,9,44784228,2024-05-06,19,19:00,23.702313741048176,23.953777,13.450151,33.87178
20001_0310_1,9,44784228,2024-05-06,20,20:00,17.83333396911621,17.57202,7.849222,26.994497
20001_0310_1,9,44784228,2024-05-06,21,21:00,13.125,18.23272,9.666147,26.634117
20001_0310_1,9,44784228,2024-05-06,22,22:00,24.0,21.69764,14.212211,29.513416
20001_0310_1,9,44784228,2024-05-06,23,23:00,,1.4149069,0.0,8.322224
20001_0310_1,9,44784228,2024-05-07,0,00:00,,0.0,0.0,4.3220406
20001_0310_1,9,44784228,2024-05-07,1,01:00,,0.0,0.0,4.1382
20001_0310_1,9,44784228,2024-05-07,2,02:00,,0.0,0.0,4.015636
20001_0310_1,9,44784228,2024-05-07,3,03:00,,0.3387745,0.0,5.8234262
20001_0310_1,9,44784228,2024-05-07,4,04:00,,1.3192707,0.0,8.305307
20001_0310_1,9,44784228,2024-05-07,5,05:00,25.196578979492188,31.592096,23.617905,40.171444
20001_0310_1,9,44784228,2024-05-07,6,06:00,41.22542190551758,39.313503,29.876226,48.934624
20001_0310_1,9,44784228,2024-05-07,7,07:00,55.088907877604164,42.37756,32.541954,52.05996
20001_0310_1,9,44784228,2024-05-07,8,08:00,28.551044464111328,28.957016,19.517822,38.118523
20001_0310_1,9,44784228,2024-05-07,9,09:00,29.337303161621094,30.887365,22.18929,39.589268
20001_0310_1,9,44784228,2024-05-07,10,10:00,17.739729563395183,20.807596,12.191867,29.197351
20001_0310_1,9,44784228,2024-05-07,11,11:00,9.622493743896484,22.484205,14.414259,30.684372
20001_0310_1,9,44784228,2024-05-07,12,12:00,33.589359283447266,30.734167,22.767633,39.037746
20001_0310_1,9,44784228,2024-05-07,13,13:00,23.229955037434895,24.154114,15.988417,32.595577
20001_0310_1,9,44784228,2024-05-07,14,14:00,17.231890360514324,20.962234,12.467152,29.472635
20001_0310_1,9,44784228,2024-05-07,15,15:00,19.50352732340495,28.466766,19.418242,36.831623
20001_0310_1,9,44784228,2024-05-07,16,16:00,37.95384979248047,34.472305,25.249514,43.35806
20001_0310_1,9,44784228,2024-05-07,17,17:00,28.15625,54.511204,44.70624,63.45823
20001_0310_1,9,44784228,2024-05-07,18,18:00,40.073839823404946,38.700695,29.140856,48.07669
20001_0310_1,9,44784228,2024-05-07,19,19:00,23.56654167175293,25.249514,16.409723,34.089302
20001_0310_1,9,44784228,2024-05-07,20,20:00,9.391666412353516,18.56988,10.300771,26.831327
20001_0310_1,9,44784228,2024-05-07,21,21:00,17.0,18.891605,11.4842615,26.007866
20001_0310_1,9,44784228,2024-05-07,22,22:00,15.0,23.418741,16.547606,30.029432
20001_0310_1,9,44784228,2024-05-07,23,23:00,,1.441833,0.0,7.1409693
20001_0310_1,9,44784228,2024-05-08,0,00:00,,0.0,0.0,3.885237
20001_0310_1,9,44784228,2024-05-08,1,01:00,,0.0,0.0,2.674372
20001_0310_1,9,44784228,2024-05-08,2,02:00,,0.0,0.0,2.7349162
20001_0310_1,9,44784228,2024-05-08,3,03:00,,0.0,0.0,4.70257
20001_0310_1,9,44784228,2024-05-08,4,04:00,,0.0,0.0,6.034521
20001_0310_1,9,44784228,2024-05-08,5,05:00,26.010499954223633,26.92193,19.248077,35.12553
20001_0310_1,9,44784228,2024-05-08,6,06:00,33.57190704345703,36.94183,27.693857,45.660053
20001_0310_1,9,44784228,2024-05-08,7,07:00,36.47237014770508,40.695503,31.432398,49.41373
20001_0310_1,9,44784228,2024-05-08,8,08:00,25.796775817871094,26.982471,18.139378,35.23148
20001_0310_1,9,44784228,2024-05-08,9,09:00,21.253946940104168,26.861385,18.854546,34.77741
20001_0310_1,9,44784228,2024-05-08,10,10:00,14.208333015441895,17.03825,8.963298,24.6894
20001_0310_1,9,44784228,2024-05-08,11,11:00,14.611330032348633,18.778868,11.074744,26.392178
20001_0310_1,9,44784228,2024-05-08,12,12:00,17.42615509033203,27.557632,19.637825,35.67042
20001_0310_1,9,44784228,2024-05-08,13,13:00,35.71617889404297,21.832514,13.897569,30.365324
20001_0310_1,9,44784228,2024-05-08,14,14:00,14.29629643758138,19.166721,10.580936,27.775208
20001_0310_1,9,44784228,2024-05-08,15,15:00,24.302286783854168,25.75647,16.758236,34.39901
20001_0310_1,9,44784228,2024-05-08,16,16:00,36.19629669189453,29.555557,20.2565,38.485683
20001_0310_1,9,44784228,2024-05-08,17,17:00,26.55555534362793,49.050472,39.24247,58.13195
20001_0310_1,9,44784228,2024-05-08,18,18:00,49.02274780273437,35.42825,25.771608,44.72163
20001_0310_1,9,44784228,2024-05-08,19,19:00,18.91374969482422,22.638496,13.6781,31.568619
20001_0310_1,9,44784228,2024-05-08,20,20:00,16.833332061767578,15.645754,7.3664703,24.038557
20001_0310_1,9,44784228,2024-05-08,21,21:00,24.119047164916992,16.622013,9.485481,23.940174
20001_0310_1,9,44784228,2024-05-08,22,22:00,16.799999237060547,20.115547,13.484175,26.864225
20001_0310_1,9,44784228,2024-05-08,23,23:00,,0.0,0.0,5.45936
20001_0310_1,9,44784228,2024-05-09,0,00:00,,0.0,0.0,3.3978524
20001_0310_1,9,44784228,2024-05-09,1,01:00,,0.0,0.0,2.9290073
20001_0310_1,9,44784228,2024-05-09,2,02:00,,0.0,0.0,3.2220354
20001_0310_1,9,44784228,2024-05-09,3,03:00,,0.0,0.0,3.4564567
20001_0310_1,9,44784228,2024-05-09,4,04:00,,0.46757004,0.0,5.859289
20001_0310_1,9,44784228,2024-05-09,5,05:00,23.289512634277344,25.946373,18.928349,32.77393
20001_0310_1,9,44784228,2024-05-09,6,06:00,42.42011260986328,35.806774,27.455471,43.24969
20001_0310_1,9,44784228,2024-05-09,7,07:00,47.20452880859375,38.678448,30.239239,46.35579
20001_0310_1,9,44784228,2024-05-09,8,08:00,21.467241287231445,25.726603,17.587748,33.096268
20001_0310_1,9,44784228,2024-05-09,9,09:00,18.459697723388672,25.037985,17.382624,32.114616
20001_0310_1,9,44784228,2024-05-09,10,10:00,18.702423095703125,15.844224,8.503868,22.942833
20001_0310_1,9,44784228,2024-05-09,11,11:00,17.84166717529297,17.880772,10.6246605,25.173512
20001_0310_1,9,44784228,2024-05-09,12,12:00,23.051883697509766,27.338257,20.030867,35.05955
20001_0310_1,9,44784228,2024-05-09,13,13:00,33.81312561035156,23.316446,15.763643,31.587168
20001_0310_1,9,44784228,2024-05-09,14,14:00,20.01904805501302,19.806517,11.821956,28.17293
20001_0310_1,9,44784228,2024-05-09,15,15:00,35.38658142089844,25.301712,16.94308,33.94604
20001_0310_1,9,44784228,2024-05-09,16,16:00,23.0,29.12573,20.514362,37.975185
20001_0310_1,9,44784228,2024-05-09,17,17:00,50.878011067708336,44.011562,34.576057,52.6852
20001_0310_1,9,44784228,2024-05-09,18,18:00,47.110528564453126,36.80307,27.660587,45.593914
20001_0310_1,9,44784228,2024-05-09,19,19:00,25.303029378255207,23.807268,15.265496,32.305084
20001_0310_1,9,44784228,2024-05-09,20,20:00,15.941177368164062,17.133549,9.624702,24.818214
20001_0310_1,9,44784228,2024-05-09,21,21:00,12.5,17.90275,11.36822,24.437279
20001_0310_1,9,44784228,2024-05-09,22,22:00,15.797979354858398,20.38433,14.780164,26.178963
20001_0310_1,9,44784228,2024-05-09,23,23:00,,0.99502105,0.0,5.888592
20001_0310_1,9,44784228,2024-05-10,0,00:00,,0.18793333,0.0,3.985613
20001_0310_1,9,44784228,2024-05-10,1,01:00,,0.59071755,0.0,3.582828
20001_0310_1,9,44784228,2024-05-10,2,02:00,,0.0,0.0,2.9498816
20001_0310_1,9,44784228,2024-05-10,3,03:00,,0.0,0.0,3.6979096
20001_0310_1,9,44784228,2024-05-10,4,04:00,,0.0,0.0,5.6542883
20001_0310_1,9,44784228,2024-05-10,5,05:00,24.967098236083984,25.534565,18.49034,32.942917
20001_0310_1,9,44784228,2024-05-10,6,06:00,37.467437744140625,37.071457,28.555445,45.817627
20001_0310_1,9,44784228,2024-05-10,7,07:00,46.408782958984375,41.502083,32.755913,50.535957
20001_0310_1,9,44784228,2024-05-10,8,08:00,49.44664001464844,25.203707,16.63735,33.604637
20001_0310_1,9,44784228,2024-05-10,9,09:00,25.348464965820312,24.48445,16.633753,32.338737
20001_0310_1,9,44784228,2024-05-10,10,10:00,11.620833396911621,16.169834,8.718327,23.650112
20001_0310_1,9,44784228,2024-05-10,11,11:00,12.784721374511719,17.9464,10.823953,25.842049
20001_0310_1,9,44784228,2024-05-10,12,12:00,22.0828857421875,27.98004,20.629229,35.891872
20001_0310_1,9,44784228,2024-05-10,13,13:00,22.910105387369793,25.059856,17.611946,33.66218
20001_0310_1,9,44784228,2024-05-10,14,14:00,15.265151023864746,21.299938,13.24785,29.848316
20001_0310_1,9,44784228,2024-05-10,15,15:00,35.65617370605469,27.980042,19.589903,36.841297
20001_0310_1,9,44784228,2024-05-10,16,16:00,30.129886627197266,29.79257,20.924126,38.94153
20001_0310_1,9,44784228,2024-05-10,17,17:00,,42.652893,32.84222,51.85939
20001_0310_1,9,44784228,2024-05-10,18,18:00,16.75652160644531,38.107185,28.497906,47.716465
20001_0310_1,9,44784228,2024-05-10,19,19:00,14.293402671813965,24.167976,15.090947,33.12993
20001_0310_1,9,44784228,2024-05-10,20,20:00,15.43799082438151,16.364033,8.3874655,24.642685
20001_0310_1,9,44784228,2024-05-10,21,21:00,25.803245544433594,17.737814,11.070298,24.79373
20001_0310_1,9,44784228,2024-05-10,22,22:00,13.5,19.05855,13.56702,25.175837
20001_0310_1,9,44784228,2024-05-10,23,23:00,,1.6264482,0.0,6.8626423
20001_0310_1,9,44784228,2024-05-11,0,00:00,,0.0,0.0,4.0759134
20001_0310_1,9,44784228,2024-05-11,1,01:00,,0.0,0.0,3.4346828
20001_0310_1,9,44784228,2024-05-11,2,02:00,,0.0,0.0,3.6095629
20001_0310_1,9,44784228,2024-05-11,3,03:00,,0.0,0.0,5.154346
20001_0310_1,9,44784228,2024-05-11,4,04:00,,0.75317496,0.0,7.4277973
20001_0310_1,9,44784228,2024-05-11,5,05:00,,22.744452,15.188139,31.131445
20001_0310_1,9,44784228,2024-05-11,6,06:00,,34.621777,25.71742,44.356815
20001_0310_1,9,44784228,2024-05-11,7,07:00,,30.686962,21.343588,40.83006
20001_0310_1,9,44784228,2024-05-11,8,08:00,,18.636572,9.8633795,27.876116
20001_0310_1,9,44784228,2024-05-11,9,09:00,,22.831892,14.772797,31.605083
20001_0310_1,9,44784228,2024-05-11,10,10:00,,11.275178,3.5366974,19.545586
20001_0310_1,9,44784228,2024-05-11,11,11:00,,15.909522,8.1783285,24.4714
20001_0310_1,9,44784228,2024-05-11,12,12:00,,25.338518,17.487095,33.689083
20001_0310_1,9,44784228,2024-05-11,13,13:00,,23.699009,15.552475,32.996845
20001_0310_1,9,44784228,2024-05-11,14,14:00,,19.354313,10.612088,28.56653
20001_0310_1,9,44784228,2024-05-11,15,15:00,,23.633429,14.466754,33.455906
20001_0310_1,9,44784228,2024-05-11,16,16:00,,20.08116,10.415346,30.32262
20001_0310_1,9,44784228,2024-05-11,17,17:00,,31.24075,20.747894,41.58787
20001_0310_1,9,44784228,2024-05-11,18,18:00,,31.911127,21.48021,42.345688
20001_0310_1,9,44784228,2024-05-11,19,19:00,,21.496601,11.870864,31.268074
20001_0310_1,9,44784228,2024-05-11,20,20:00,0.0,14.379314,5.9413114,23.443975
20001_0310_1,9,44784228,2024-05-11,21,21:00,,17.698408,10.630304,25.699207
20001_0310_1,9,44784228,2024-05-11,22,22:00,,17.439728,11.450058,24.362097
20001_0310_1,9,44784228,2024-05-11,23,23:00,,1.1612315,0.0,7.5443854
20001_0310_1,9,44784228,2024-05-12,0,00:00,,0.0,0.0,3.7812572
20001_0310_1,9,44784228,2024-05-12,1,01:00,,0.2812263,0.0,4.6270986
20001_0310_1,9,44784228,2024-05-12,2,02:00,,0.0,0.0,4.364595
20001_0310_1,9,44784228,2024-05-12,3,03:00,,0.0,0.0,4.364596
20001_0310_1,9,44784228,2024-05-12,4,04:00,,0.16455874,0.0,7.1646204
20001_0310_1,9,44784228,2024-05-12,5,05:00,,23.140802,15.003229,31.77421
20001_0310_1,9,44784228,2024-05-12,6,06:00,,30.760662,21.059013,40.35658
20001_0310_1,9,44784228,2024-05-12,7,07:00,,22.508245,12.183155,32.36667
20001_0310_1,9,44784228,2024-05-12,8,08:00,,16.235533,6.4135714,25.299154
20001_0310_1,9,44784228,2024-05-12,9,09:00,,20.534008,11.226113,29.090853
20001_0310_1,9,44784228,2024-05-12,10,10:00,,9.002135,0.0,17.287367
20001_0310_1,9,44784228,2024-05-12,11,11:00,,16.250116,7.1573277,24.65748
20001_0310_1,9,44784228,2024-05-12,12,12:00,,25.146029,16.155323,33.92527
20001_0310_1,9,44784228,2024-05-12,13,13:00,,23.104345,13.603218,32.44505
20001_0310_1,9,44784228,2024-05-12,14,14:00,,19.194155,9.217698,28.788706
20001_0310_1,9,44784228,2024-05-12,15,15:00,,22.389753,11.999038,32.401302
20001_0310_1,9,44784228,2024-05-12,16,16:00,,17.411327,6.512012,27.891367
20001_0310_1,9,44784228,2024-05-12,17,17:00,,21.181149,9.63925,31.733194
20001_0310_1,9,44784228,2024-05-12,18,18:00,,30.993996,19.524101,41.698254
20001_0310_1,9,44784228,2024-05-12,19,19:00,,21.263182,10.894341,31.515354
20001_0310_1,9,44784228,2024-05-12,20,20:00,,14.062596,4.7145977,23.498096
20001_0310_1,9,44784228,2024-05-12,21,21:00,,17.657421,9.804226,25.991869
20001_0310_1,9,44784228,2024-05-12,22,22:00,,18.314589,11.640831,25.830542
20001_0310_1,9,44784228,2024-05-12,23,23:00,,0.8062308,0.0,7.777126
20001_0310_1,9,44784228,2024-05-13,0,00:00,,0.17720242,0.0,5.054484
20001_0310_1,9,44784228,2024-05-13,1,01:00,,0.0,0.0,3.3706596
20001_0310_1,9,44784228,2024-05-13,2,02:00,,0.0,0.0,3.3706613
20001_0310_1,9,44784228,2024-05-13,3,03:00,,0.0,0.0,3.7480693
20001_0310_1,9,44784228,2024-05-13,4,04:00,,0.0,0.0,5.98349
20001_0310_1,9,44784228,2024-05-13,5,05:00,21.138057708740234,27.960289,20.393064,36.11813
20001_0310_1,9,44784228,2024-05-13,6,06:00,42.02435302734375,39.77609,30.369905,48.717777
20001_0310_1,9,44784228,2024-05-13,7,07:00,43.401451110839844,40.705097,30.834406,49.87903
20001_0310_1,9,44784228,2024-05-13,8,08:00,33.63241195678711,26.639359,17.254944,35.377827
20001_0310_1,9,44784228,2024-05-13,9,09:00,26.818562825520832,25.55068,16.84488,33.897224
20001_0310_1,9,44784228,2024-05-13,10,10:00,24.85714340209961,13.255866,4.76417,21.544344
20001_0310_1,9,44784228,2024-05-13,11,11:00,16.052459716796875,18.129519,9.543471,26.613958
20001_0310_1,9,44784228,2024-05-13,12,12:00,31.248240152994793,28.424793,19.631893,37.25035
20001_0310_1,9,44784228,2024-05-13,13,13:00,25.735994974772137,23.79428,14.504219,33.27305
20001_0310_1,9,44784228,2024-05-13,14,14:00,10.596428871154785,16.877539,7.0721707,26.610329
20001_0310_1,9,44784228,2024-05-13,15,15:00,37.66986846923828,25.753902,15.549352,35.45041
20001_0310_1,9,44784228,2024-05-13,16,16:00,20.09940528869629,30.602154,20.190754,40.55994
20001_0310_1,9,44784228,2024-05-13,17,17:00,40.32431411743164,44.653374,33.67949,54.466
20001_0310_1,9,44784228,2024-05-13,18,18:00,27.27142842610677,38.963207,28.453825,49.182274
20001_0310_1,9,44784228,2024-05-13,19,19:00,21.27535629272461,23.881372,14.32277,33.51981
20001_0310_1,9,44784228,2024-05-13,20,20:00,16.13131332397461,15.389677,6.760083,24.309587
20001_0310_1,9,44784228,2024-05-13,21,21:00,22.47916603088379,17.051727,9.746691,24.654335
20001_0310_1,9,44784228,2024-05-13,22,22:00,23.0,18.278305,12.087351,25.049889
20001_0310_1,9,44784228,2024-05-13,23,23:00,,1.1642708,0.0,7.144748
20001_0310_1,9,44784228,2024-05-14,0,00:00,,0.0,0.0,4.794012
20001_0310_1,9,44784228,2024-05-14,1,01:00,,0.32782406,0.0,4.618869
20001_0310_1,9,44784228,2024-05-14,2,02:00,,0.0,0.0,4.0642433
20001_0310_1,9,44784228,2024-05-14,3,03:00,,0.0,0.0,4.969157
20001_0310_1,9,44784228,2024-05-14,4,04:00,,1.2035469,0.0,7.829853
20001_0310_1,9,44784228,2024-05-14,5,05:00,28.18647003173828,25.88435,18.249136,33.91181
20001_0310_1,9,44784228,2024-05-14,6,06:00,22.2730770111084,39.560226,30.511087,48.72613
20001_0310_1,9,44784228,2024-05-14,7,07:00,37.482444763183594,43.471794,33.897224,52.57932
20001_0310_1,9,44784228,2024-05-14,8,08:00,19.80464744567871,28.205017,18.869442,36.7871
20001_0310_1,9,44784228,2024-05-14,9,09:00,28.473899841308594,26.001112,17.393482,33.955597
20001_0310_1,9,44784228,2024-05-14,10,10:00,15.999874114990234,16.70385,8.06338,24.468597
20001_0310_1,9,44784228,2024-05-14,11,11:00,17.946428934733074,17.798504,9.464538,25.694609
20001_0310_1,9,44784228,2024-05-14,12,12:00,24.263595581054688,27.34389,18.524624,35.648666
20001_0310_1,9,44784228,2024-05-14,13,13:00,28.102498372395832,25.34432,16.411942,34.46644
20001_0310_1,9,44784228,2024-05-14,14,14:00,20.5,19.19875,9.795671,28.419386
20001_0310_1,9,44784228,2024-05-14,15,15:00,18.375844319661457,27.27091,17.568624,36.553577
20001_0310_1,9,44784228,2024-05-14,16,16:00,27.47223154703776,30.86138,21.00402,40.465145
20001_0310_1,9,44784228,2024-05-14,17,17:00,48.22407913208008,43.238266,32.87554,52.929604
20001_0310_1,9,44784228,2024-05-14,18,18:00,43.641578674316406,37.458492,27.34389,47.44174
20001_0310_1,9,44784228,2024-05-14,19,19:00,22.80975341796875,22.52741,13.16447,32.167664
20001_0310_1,9,44784228,2024-05-14,20,20:00,15.604685465494791,15.638387,7.0271072,24.789696
20001_0310_1,9,44784228,2024-05-14,21,21:00,12.399999618530273,17.918917,10.3110695,25.752993
20001_0310_1,9,44784228,2024-05-14,22,22:00,15.0,18.581182,11.643812,25.567814
20001_0310_1,9,44784228,2024-05-14,23,23:00,,1.3786914,0.0,7.537945
20001_0310_1,9,44784228,2024-05-15,0,00:00,,0.0,0.0,3.4941251
20001_0310_1,9,44784228,2024-05-15,1,01:00,,0.0,0.0,3.6108282
20001_0310_1,9,44784228,2024-05-15,2,02:00,,0.0,0.0,3.3190732
20001_0310_1,9,44784228,2024-05-15,3,03:00,,0.0,0.0,4.573616
20001_0310_1,9,44784228,2024-05-15,4,04:00,,0.0,0.0,6.3241396
20001_0310_1,9,44784228,2024-05-15,5,05:00,23.920007705688477,23.070824,15.594627,31.137823
20001_0310_1,9,44784228,2024-05-15,6,06:00,37.212074279785156,35.470367,26.542694,44.339687
20001_0310_1,9,44784228,2024-05-15,7,07:00,37.02826690673828,39.729973,30.452196,48.77435
20001_0310_1,9,44784228,2024-05-15,8,08:00,35.0945790608724,26.00295,17.133627,34.63887
20001_0310_1,9,44784228,2024-05-15,9,09:00,16.6875,24.79217,16.535532,33.04881
20001_0310_1,9,44784228,2024-05-15,10,10:00,21.09583282470703,15.4998045,7.4036293,23.59598
20001_0310_1,9,44784228,2024-05-15,11,11:00,12.882362365722656,16.579296,8.701939,24.865112
20001_0310_1,9,44784228,2024-05-15,12,12:00,39.78423563639323,24.719233,16.462593,33.2968
20001_0310_1,9,44784228,2024-05-15,13,13:00,21.39517593383789,24.587942,16.054136,33.66149
20001_0310_1,9,44784228,2024-05-15,14,14:00,11.047618865966797,18.453814,9.4495535,27.55289
20001_0310_1,9,44784228,2024-05-15,15,15:00,29.88177998860677,26.469755,17.235739,35.63083
20001_0310_1,9,44784228,2024-05-15,16,16:00,34.86870574951172,29.693638,20.175165,38.82554
20001_0310_1,9,44784228,2024-05-15,17,17:00,41.10580825805664,42.23906,32.115192,51.34178
20001_0310_1,9,44784228,2024-05-15,18,18:00,42.09377746582031,36.520683,26.688574,45.740112
20001_0310_1,9,44784228,2024-05-15,19,19:00,25.412388610839844,21.765223,12.662495,30.70748
20001_0310_1,9,44784228,2024-05-15,20,20:00,18.4242426554362,15.047586,6.6596565,23.231285
20001_0310_1,9,44784228,2024-05-15,21,21:00,17.210838317871094,17.520203,10.219057,24.894287
20001_0310_1,9,44784228,2024-05-15,22,22:00,23.33333396911621,16.958574,10.430577,23.617859
20001_0310_1,9,44784228,2024-05-15,23,23:00,,0.9266904,0.0,6.674244
20001_0310_1,9,44784228,2024-05-16,0,00:00,,0.0,0.0,4.284282
20001_0310_1,9,44784228,2024-05-16,1,01:00,,0.023261309,0.0,3.8865879
20001_0310_1,9,44784228,2024-05-16,2,02:00,,0.0,0.0,3.602519
20001_0310_1,9,44784228,2024-05-16,3,03:00,,0.0,0.0,4.824013
20001_0310_1,9,44784228,2024-05-16,4,04:00,,0.9890926,0.0,7.3522186
20001_0310_1,9,44784228,2024-05-16,5,05:00,25.11055564880371,25.177496,17.528963,32.861538
20001_0310_1,9,44784228,2024-05-16,6,06:00,34.052406311035156,38.65653,29.48113,47.292202
20001_0310_1,9,44784228,2024-05-16,7,07:00,47.28193664550781,41.213142,31.696861,49.90563
20001_0310_1,9,44784228,2024-05-16,8,08:00,29.362953186035156,28.259636,19.135721,36.724865
20001_0310_1,9,44784228,2024-05-16,9,09:00,21.70457712809245,24.651972,16.101519,32.80472
20001_0310_1,9,44784228,2024-05-16,10,10:00,19.081709543863933,17.259098,8.957207,25.404753
20001_0310_1,9,44784228,2024-05-16,11,11:00,11.762499809265137,18.798391,10.546212,27.249418
20001_0310_1,9,44784228,2024-05-16,12,12:00,24.811500549316406,28.827772,20.334135,37.889545
20001_0310_1,9,44784228,2024-05-16,13,13:00,17.129249572753906,26.285362,17.39758,35.673813
20001_0310_1,9,44784228,2024-05-16,14,14:00,12.71759287516276,19.219168,9.798757,28.575663
20001_0310_1,9,44784228,2024-05-16,15,15:00,15.004762013753256,29.48113,19.94354,38.74175
20001_0310_1,9,44784228,2024-05-16,16,16:00,39.538187662760414,29.594757,20.10688,38.969
20001_0310_1,9,44784228,2024-05-16,17,17:00,43.8875846862793,43.428875,33.600117,52.40543
20001_0310_1,9,44784228,2024-05-16,18,18:00,34.75059509277344,39.96324,30.503775,48.939796
20001_0310_1,9,44784228,2024-05-16,19,19:00,24.90707778930664,24.495733,15.70382,33.145607
20001_0310_1,9,44784228,2024-05-16,20,20:00,11.29629643758138,16.570232,8.538203,24.48863
20001_0310_1,9,44784228,2024-05-16,21,21:00,33.26420974731445,18.626177,11.645201,25.649761
20001_0310_1,9,44784228,2024-05-16,22,22:00,14.666666984558105,19.116194,12.998962,25.469557
20001_0310_1,9,44784228,2024-05-16,23,23:00,,1.6140425,0.0,7.2385917
20001_0310_1,9,44784228,2024-05-17,0,00:00,,0.9249412,0.0,5.3167706
20001_0310_1,9,44784228,2024-05-17,1,01:00,,0.07490975,0.0,3.8150482
20001_0310_1,9,44784228,2024-05-17,2,02:00,,0.0,0.0,3.7017107
20001_0310_1,9,44784228,2024-05-17,3,03:00,,0.0,0.0,4.750084
20001_0310_1,9,44784228,2024-05-17,4,04:00,,0.0,0.0,5.9967947
20001_0310_1,9,44784228,2024-05-17,5,05:00,22.926593780517578,23.578278,15.786323,31.299393
20001_0310_1,9,44784228,2024-05-17,6,06:00,35.99635696411133,37.532963,28.267618,46.42996
20001_0310_1,9,44784228,2024-05-17,7,07:00,39.68669128417969,41.726448,32.09276,51.13346
20001_0310_1,9,44784228,2024-05-17,8,08:00,24.935707092285156,28.069277,18.635698,36.626263
20001_0310_1,9,44784228,2024-05-17,9,09:00,19.10146141052246,24.824991,16.17592,32.971123
20001_0310_1,9,44784228,2024-05-17,10,10:00,18.203887939453125,15.963413,7.6685224,23.91829
20001_0310_1,9,44784228,2024-05-17,11,11:00,25.675048828125,16.324678,8.167918,24.686861
20001_0310_1,9,44784228,2024-05-17,12,12:00,30.976520538330078,25.83086,17.610348,34.38784
20001_0310_1,9,44784228,2024-05-17,13,13:00,25.445453643798828,23.932459,15.502981,33.183636
20001_0310_1,9,44784228,2024-05-17,14,14:00,16.066666920979817,18.628616,9.623597,27.984276
20001_0310_1,9,44784228,2024-05-17,15,15:00,26.337203979492188,27.219246,17.76619,36.7396
20001_0310_1,9,44784228,2024-05-17,16,16:00,23.06000010172526,27.417587,17.695353,37.24962
20001_0310_1,9,44784228,2024-05-17,17,17:00,50.45588989257813,40.81975,30.194355,50.51011
20001_0310_1,9,44784228,2024-05-17,18,18:00,47.07612609863281,35.209545,24.768324,45.183247
20001_0310_1,9,44784228,2024-05-17,19,19:00,13.080027770996093,22.57949,12.740376,32.262768
20001_0310_1,9,44784228,2024-05-17,20,20:00,11.987500190734863,15.439227,6.5989013,24.322056
20001_0310_1,9,44784228,2024-05-17,21,21:00,19.27450942993164,19.884184,12.13119,27.7576
20001_0310_1,9,44784228,2024-05-17,22,22:00,18.0,16.714275,10.169033,23.797869
20001_0310_1,9,44784228,2024-05-17,23,23:00,,2.058317,0.0,8.235212
20001_0310_1,9,44784228,2024-05-18,0,00:00,,0.033196956,0.0,4.1059604
20001_0310_1,9,44784228,2024-05-18,1,01:00,,0.20289493,0.0,3.7665646
20001_0310_1,9,44784228,2024-05-18,2,02:00,,0.25946146,0.0,4.219094
20001_0310_1,9,44784228,2024-05-18,3,03:00,,0.0,0.0,4.417075
20001_0310_1,9,44784228,2024-05-18,4,04:00,,0.8816893,0.0,7.4433656
20001_0310_1,9,44784228,2024-05-18,5,05:00,,22.058651,14.443431,29.956703
20001_0310_1,9,44784228,2024-05-18,6,06:00,,32.756725,23.889978,42.06186
20001_0310_1,9,44784228,2024-05-18,7,07:00,,29.051641,19.652817,38.86587
20001_0310_1,9,44784228,2024-05-18,8,08:00,,20.248531,11.060064,29.387506
20001_0310_1,9,44784228,2024-05-18,9,09:00,,22.88593,14.118173,31.681967
20001_0310_1,9,44784228,2024-05-18,10,10:00,,13.326247,4.685765,21.98794
20001_0310_1,9,44784228,2024-05-18,11,11:00,,17.522749,8.734663,26.581291
20001_0310_1,9,44784228,2024-05-18,12,12:00,,26.704147,17.685379,35.981003
20001_0310_1,9,44784228,2024-05-18,13,13:00,,23.748564,14.429286,33.90219
20001_0310_1,9,44784228,2024-05-18,14,14:00,,18.61872,8.802721,28.911997
20001_0310_1,9,44784228,2024-05-18,15,15:00,,23.748564,13.580794,34.453712
20001_0310_1,9,44784228,2024-05-18,16,16:00,12.0,19.385899,8.931762,30.25721
20001_0310_1,9,44784228,2024-05-18,17,17:00,,31.710253,20.750557,42.570957
20001_0310_1,9,44784228,2024-05-18,18,18:00,,32.275917,21.556625,43.193184
20001_0310_1,9,44784228,2024-05-18,19,19:00,,20.439442,10.497937,30.748627
20001_0310_1,9,44784228,2024-05-18,20,20:00,,12.930284,4.021111,22.306128
20001_0310_1,9,44784228,2024-05-18,21,21:00,,18.275787,10.66145,26.499977
20001_0310_1,9,44784228,2024-05-18,22,22:00,,16.974766,10.533295,24.06675
20001_0310_1,9,44784228,2024-05-18,23,23:00,,1.5604827,0.0,7.7827616
20001_0310_1,9,44784228,2024-05-19,0,00:00,,0.0,0.0,3.678326
20001_0310_1,9,44784228,2024-05-19,1,01:00,,0.0,0.0,3.3703403
20001_0310_1,9,44784228,2024-05-19,2,02:00,,0.0,0.0,3.0343535
20001_0310_1,9,44784228,2024-05-19,3,03:00,,0.0,0.0,3.7903204
20001_0310_1,9,44784228,2024-05-19,4,04:00,,0.12247944,0.0,6.254214
20001_0310_1,9,44784228,2024-05-19,5,05:00,,24.033442,16.900751,31.579115
20001_0310_1,9,44784228,2024-05-19,6,06:00,,31.873102,23.333473,40.384735
20001_0310_1,9,44784228,2024-05-19,7,07:00,,26.427338,17.32161,35.050964
20001_0310_1,9,44784228,2024-05-19,8,08:00,,18.846666,10.034049,27.01531
20001_0310_1,9,44784228,2024-05-19,9,09:00,,21.408556,13.04392,29.241217
20001_0310_1,9,44784228,2024-05-19,10,10:00,,13.015921,4.5602865,20.86958
20001_0310_1,9,44784228,2024-05-19,11,11:00,,16.561266,8.065386,24.906656
20001_0310_1,9,44784228,2024-05-19,12,12:00,,25.671371,16.97425,34.56099
20001_0310_1,9,44784228,2024-05-19,13,13:00,,23.697456,14.457859,33.301037
20001_0310_1,9,44784228,2024-05-19,14,14:00,,17.100243,7.2901697,26.86132
20001_0310_1,9,44784228,2024-05-19,15,15:00,,24.07544,13.988877,34.02901
20001_0310_1,9,44784228,2024-05-19,16,16:00,,21.436554,11.077004,31.61411
20001_0310_1,9,44784228,2024-05-19,17,17:00,,27.897274,17.051245,37.920837
20001_0310_1,9,44784228,2024-05-19,18,18:00,,34.225,23.459463,44.472553
20001_0310_1,9,44784228,2024-05-19,19,19:00,,21.28956,11.391992,31.117136
20001_0310_1,9,44784228,2024-05-19,20,20:00,,13.379906,4.364297,22.465511
20001_0310_1,9,44784228,2024-05-19,21,21:00,,18.833105,11.283935,26.82326
20001_0310_1,9,44784228,2024-05-19,22,22:00,,18.088074,11.723601,25.149017
20001_0310_1,9,44784228,2024-05-19,23,23:00,,1.5224187,0.0,7.766148
20001_0310_1,9,44784228,2024-05-20,0,00:00,,0.22769307,0.0,4.6058207
20001_0310_1,9,44784228,2024-05-20,1,01:00,,0.004604161,0.0,3.2393987
20001_0310_1,9,44784228,2024-05-20,2,02:00,,0.0,0.0,3.1278539
20001_0310_1,9,44784228,2024-05-20,3,03:00,,0.0,0.0,2.960537
20001_0310_1,9,44784228,2024-05-20,4,04:00,,0.0046033263,0.0,6.0559006
20001_0310_1,9,44784228,2024-05-20,5,05:00,21.779125213623047,24.697802,17.149364,32.50593
20001_0310_1,9,44784228,2024-05-20,6,06:00,34.263671875,36.256622,26.80321,45.180195
20001_0310_1,9,44784228,2024-05-20,7,07:00,36.77041371663412,38.208652,28.058083,47.299538
20001_0310_1,9,44784228,2024-05-20,8,08:00,40.543389892578126,24.976665,15.195593,33.50984
20001_0310_1,9,44784228,2024-05-20,9,09:00,15.867118835449219,22.801544,13.543335,31.125565
20001_0310_1,9,44784228,2024-05-20,10,10:00,23.249061584472656,15.481426,6.1744194,23.798475
20001_0310_1,9,44784228,2024-05-20,11,11:00,16.716327667236328,18.233442,8.86369,27.017584
20001_0310_1,9,44784228,2024-05-20,12,12:00,21.051128387451172,29.034103,19.219915,38.264423
20001_0310_1,9,44784228,2024-05-20,13,13:00,18.985519409179688,24.990608,15.021304,34.76471
20001_0310_1,9,44784228,2024-05-20,14,14:00,16.965741475423176,16.38424,6.0872717,26.109537
20001_0310_1,9,44784228,2024-05-20,15,15:00,24.909090042114258,26.078169,15.558113,35.67101
20001_0310_1,9,44784228,2024-05-20,16,16:00,21.92926025390625,27.082071,16.387728,36.814342
20001_0310_1,9,44784228,2024-05-20,17,17:00,54.709737141927086,37.37207,26.189716,47.076454
20001_0310_1,9,44784228,2024-05-20,18,18:00,47.9375,38.264423,27.193613,48.24767
20001_0310_1,9,44784228,2024-05-20,19,19:00,12.347564697265625,23.55447,13.403904,33.119423
20001_0310_1,9,44784228,2024-05-20,20,20:00,18.625,15.258335,6.167446,24.014591
20001_0310_1,9,44784228,2024-05-20,21,21:00,10.533333460489908,18.965452,11.2985,26.370972
20001_0310_1,9,44784228,2024-05-20,22,22:00,25.0,17.24871,10.981296,23.725273
20001_0310_1,9,44784228,2024-05-20,23,23:00,,1.231596,0.0,6.780943
20001_0310_1,9,44784228,2024-05-21,0,00:00,,0.24706258,0.0,5.076597
20001_0310_1,9,44784228,2024-05-21,1,01:00,,0.30354822,0.0,4.370525
20001_0310_1,9,44784228,2024-05-21,2,02:00,,0.13409132,0.0,4.257554
20001_0310_1,9,44784228,2024-05-21,3,03:00,,0.0,0.0,4.088096
20001_0310_1,9,44784228,2024-05-21,4,04:00,,0.13409132,0.0,6.37577
20001_0310_1,9,44784228,2024-05-21,5,05:00,22.977088928222656,22.784891,15.695925,30.424595
20001_0310_1,9,44784228,2024-05-21,6,06:00,38.181427001953125,35.38122,26.880108,44.080032
20001_0310_1,9,44784228,2024-05-21,7,07:00,37.23249308268229,38.770367,29.817373,47.46918
20001_0310_1,9,44784228,2024-05-21,8,08:00,39.516195678710936,26.343494,17.535242,34.618664
20001_0310_1,9,44784228,2024-05-21,9,09:00,26.031888326009113,23.010834,14.834516,30.890606
20001_0310_1,9,44784228,2024-05-21,10,10:00,22.5,16.61382,8.321001,24.405329
20001_0310_1,9,44784228,2024-05-21,11,11:00,22.429537455240887,16.868006,8.666976,24.934883
20001_0310_1,9,44784228,2024-05-21,12,12:00,28.877342224121094,27.473213,18.820295,36.00256
20001_0310_1,9,44784228,2024-05-21,13,13:00,21.483217239379883,24.394737,15.533529,33.432465
20001_0310_1,9,44784228,2024-05-21,14,14:00,17.069264729817707,16.663244,7.5549107,25.672726
20001_0310_1,9,44784228,2024-05-21,15,15:00,21.5,25.213781,15.808898,33.969078
20001_0310_1,9,44784228,2024-05-21,16,16:00,25.710296630859375,28.405224,18.943857,37.44295
20001_0310_1,9,44784228,2024-05-21,17,17:00,43.35009765625,41.25574,31.229515,50.236984
20001_0310_1,9,44784228,2024-05-21,18,18:00,23.038986206054688,38.261997,28.489958,47.638638
20001_0310_1,9,44784228,2024-05-21,19,19:00,12.044444274902343,22.347126,13.259975,31.490763
20001_0310_1,9,44784228,2024-05-21,20,20:00,11.605769157409668,14.707424,6.3757696,23.208534
20001_0310_1,9,44784228,2024-05-21,21,21:00,,18.598764,11.380057,25.86866
20001_0310_1,9,44784228,2024-05-21,22,22:00,14.9375,16.62794,10.400383,23.109684
20001_0310_1,9,44784228,2024-05-21,23,23:00,,1.1508352,0.0,6.714685
20001_0310_1,9,44784228,2024-05-22,0,00:00,,0.0,0.0,4.3660846
20001_0310_1,9,44784228,2024-05-22,1,01:00,,0.0,0.0,3.0944529
20001_0310_1,9,44784228,2024-05-22,2,02:00,,0.0,0.0,3.3708944
20001_0310_1,9,44784228,2024-05-22,3,03:00,,0.0,0.0,4.8913236
20001_0310_1,9,44784228,2024-05-22,4,04:00,,0.60647684,0.0,7.130501
20001_0310_1,9,44784228,2024-05-22,5,05:00,30.969863891601562,23.73083,16.183971,31.885862
20001_0310_1,9,44784228,2024-05-22,6,06:00,24.812719345092773,35.32756,26.094408,44.284275
20001_0310_1,9,44784228,2024-05-22,7,07:00,48.32708740234375,38.313133,28.63767,47.43571
20001_0310_1,9,44784228,2024-05-22,8,08:00,39.58232498168945,27.5319,18.23482,36.23982
20001_0310_1,9,44784228,2024-05-22,9,09:00,105.96295928955078,23.357632,14.649716,31.81675
20001_0310_1,9,44784228,2024-05-22,10,10:00,14.13400650024414,16.978737,8.125691,25.361834
20001_0310_1,9,44784228,2024-05-22,11,11:00,15.846969604492188,17.096228,8.21381,25.850794
20001_0310_1,9,44784228,2024-05-22,12,12:00,30.458694458007812,26.73022,17.493612,36.018665
20001_0310_1,9,44784228,2024-05-22,13,13:00,29.77525583902995,22.473019,12.949599,32.13466
20001_0310_1,9,44784228,2024-05-22,14,14:00,26.077468872070312,16.629732,6.919718,26.160063
20001_0310_1,9,44784228,2024-05-22,15,15:00,16.851852416992188,24.380466,14.5322275,33.779484
20001_0310_1,9,44784228,2024-05-22,16,16:00,25.53484853108724,28.140074,18.229637,37.511448
20001_0310_1,9,44784228,2024-05-22,17,17:00,49.55706278483073,39.805916,29.439346,49.204933
20001_0310_1,9,44784228,2024-05-22,18,18:00,30.22394307454427,36.875633,26.840794,46.440517
20001_0310_1,9,44784228,2024-05-22,19,19:00,14.784162902832032,20.410072,11.135451,29.767624
20001_0310_1,9,44784228,2024-05-22,20,20:00,9.0,14.608251,6.176777,23.177944
20001_0310_1,9,44784228,2024-05-22,21,21:00,13.88888931274414,19.259382,12.05462,26.844252
20001_0310_1,9,44784228,2024-05-22,22,22:00,11.357142448425293,16.225435,9.936385,22.832392
20001_0310_1,9,44784228,2024-05-22,23,23:00,,1.1593609,0.0,6.688195
20001_0310_1,9,44784228,2024-05-23,0,00:00,,0.0,0.0,5.0924106
20001_0310_1,9,44784228,2024-05-23,1,01:00,,0.8261835,0.0,5.876003
20001_0310_1,9,44784228,2024-05-23,2,02:00,,0.0,0.0,5.121432
20001_0310_1,9,44784228,2024-05-23,3,03:00,,0.0,0.0,5.99209
20001_0310_1,9,44784228,2024-05-23,4,04:00,,1.9290171,0.0,9.677877
20001_0310_1,9,44784228,2024-05-23,5,05:00,20.986387252807617,22.041227,13.2983675,31.451595
20001_0310_1,9,44784228,2024-05-23,6,06:00,41.132423400878906,34.085335,23.680967,44.475193
20001_0310_1,9,44784228,2024-05-23,7,07:00,32.8804931640625,36.8134,25.683485,47.49348
20001_0310_1,9,44784228,2024-05-23,8,08:00,35.64838409423828,29.354757,18.507805,39.860703
20001_0310_1,9,44784228,2024-05-23,9,09:00,24.96339988708496,26.205877,16.077219,36.537693
20001_0310_1,9,44784228,2024-05-23,10,10:00,22.750348409016926,17.85844,7.8027897,28.321304
20001_0310_1,9,44784228,2024-05-23,11,11:00,12.760664939880371,18.558596,8.700656,29.103086
20001_0310_1,9,44784228,2024-05-23,12,12:00,26.915850321451824,26.423542,16.791883,37.335793
20001_0310_1,9,44784228,2024-05-23,13,13:00,17.133333841959637,22.549112,12.884802,33.751583
20001_0310_1,9,44784228,2024-05-23,14,14:00,17.348290761311848,17.219957,7.2835674,28.150349
20001_0310_1,9,44784228,2024-05-23,15,15:00,12.577921549479166,23.448792,13.43622,34.114357
20001_0310_1,9,44784228,2024-05-23,16,16:00,23.899267196655273,25.567394,15.518546,36.407093
20001_0310_1,9,44784228,2024-05-23,17,17:00,34.50464630126953,36.92949,26.191366,47.435432
20001_0310_1,9,44784228,2024-05-23,18,18:00,41.509088134765626,34.549686,24.029228,45.22976
20001_0310_1,9,44784228,2024-05-23,19,19:00,20.141666412353516,19.300468,9.5237,29.577866
20001_0310_1,9,44784228,2024-05-23,20,20:00,20.72222137451172,13.610351,4.6570787,23.187593
20001_0310_1,9,44784228,2024-05-23,21,21:00,15.151249885559082,17.317905,9.556349,25.619997
20001_0310_1,9,44784228,2024-05-23,22,22:00,18.0,16.534313,9.779454,24.174341
20001_0310_1,9,44784228,2024-05-23,23,23:00,,1.8129294,0.0,8.458955
20001_0310_1,9,44784228,2024-05-24,0,00:00,,0.18601187,0.0,4.8470416
20001_0310_1,9,44784228,2024-05-24,1,01:00,,0.7071205,0.0,4.875992
20001_0310_1,9,44784228,2024-05-24,2,02:00,,0.0,0.0,4.470685
20001_0310_1,9,44784228,2024-05-24,3,03:00,,0.0,0.0,4.9338937
20001_0310_1,9,44784228,2024-05-24,4,04:00,,1.1124284,0.0,8.263201
20001_0310_1,9,44784228,2024-05-24,5,05:00,23.943355560302734,21.840982,13.814457,30.330713
20001_0310_1,9,44784228,2024-05-24,6,06:00,37.918070475260414,35.100307,25.488743,44.82767
20001_0310_1,9,44784228,2024-05-24,7,07:00,41.79873275756836,36.31623,26.255936,46.275204
20001_0310_1,9,44784228,2024-05-24,8,08:00,33.25028991699219,27.978485,17.992374,37.329494
20001_0310_1,9,44784228,2024-05-24,9,09:00,26.17650604248047,26.386208,17.06415,35.418762
20001_0310_1,9,44784228,2024-05-24,10,10:00,15.406944274902344,16.890446,7.861511,25.752916
20001_0310_1,9,44784228,2024-05-24,11,11:00,21.568946838378906,17.49479,8.677553,26.626862
20001_0310_1,9,44784228,2024-05-24,12,12:00,24.869916280110676,25.923,16.94111,35.54904
20001_0310_1,9,44784228,2024-05-24,13,13:00,20.050264994303387,21.059319,11.896487,31.10514
20001_0310_1,9,44784228,2024-05-24,14,14:00,20.15634536743164,17.625067,8.020741,27.649176
20001_0310_1,9,44784228,2024-05-24,15,15:00,15.399999618530273,21.529762,11.780682,31.539394
20001_0310_1,9,44784228,2024-05-24,16,16:00,23.713674545288086,24.330725,14.342804,34.318645
20001_0310_1,9,44784228,2024-05-24,17,17:00,38.71015930175781,38.921772,28.26799,48.64914
20001_0310_1,9,44784228,2024-05-24,18,18:00,32.75653839111328,36.95314,26.530962,46.91211
20001_0310_1,9,44784228,2024-05-24,19,19:00,27.588668823242188,20.266798,10.723991,29.86027
20001_0310_1,9,44784228,2024-05-24,20,20:00,13.25,14.71916,6.171527,23.570774
20001_0310_1,9,44784228,2024-05-24,21,21:00,15.642857551574707,18.041227,10.678756,25.544834
20001_0310_1,9,44784228,2024-05-24,22,22:00,17.0,16.333149,10.202883,23.129276
20001_0310_1,9,44784228,2024-05-24,23,23:00,,1.5756363,0.0,7.481537
20001_0310_1,9,44784228,2024-05-25,0,00:00,,0.3443788,0.0,4.833713
20001_0310_1,9,44784228,2024-05-25,1,01:00,,0.0,0.0,3.7757168
20001_0310_1,9,44784228,2024-05-25,2,02:00,,0.23000135,0.0,4.461985
20001_0310_1,9,44784228,2024-05-25,3,03:00,,0.0,0.0,4.5763626
20001_0310_1,9,44784228,2024-05-25,4,04:00,,1.8884804,0.0,8.608184
20001_0310_1,9,44784228,2024-05-25,5,05:00,,23.091291,15.2992935,31.355097
20001_0310_1,9,44784228,2024-05-25,6,06:00,,33.65695,24.277964,43.436264
20001_0310_1,9,44784228,2024-05-25,7,07:00,,32.770523,22.748156,42.921562
20001_0310_1,9,44784228,2024-05-25,8,08:00,,24.621096,14.841782,34.343216
20001_0310_1,9,44784228,2024-05-25,9,09:00,,24.835554,15.660298,34.08587
20001_0310_1,9,44784228,2024-05-25,10,10:00,,15.1563225,6.4636006,24.14929
20001_0310_1,9,44784228,2024-05-25,11,11:00,,18.20342,9.59916,27.356335
20001_0310_1,9,44784228,2024-05-25,12,12:00,,26.165197,17.4689,35.372616
20001_0310_1,9,44784228,2024-05-25,13,13:00,,22.01185,13.319125,31.576704
20001_0310_1,9,44784228,2024-05-25,14,14:00,,18.4849,9.59112,27.89159
20001_0310_1,9,44784228,2024-05-25,15,15:00,,22.21201,13.261936,31.505217
20001_0310_1,9,44784228,2024-05-25,16,16:00,,21.26839,11.989481,30.50441
20001_0310_1,9,44784228,2024-05-25,17,17:00,,32.656143,22.891129,41.691998
20001_0310_1,9,44784228,2024-05-25,18,18:00,,33.685543,23.977718,42.950157
20001_0310_1,9,44784228,2024-05-25,19,19:00,,19.967342,11.113775,29.085413
20001_0310_1,9,44784228,2024-05-25,20,20:00,,13.169004,4.9337945,21.490002
20001_0310_1,9,44784228,2024-05-25,21,21:00,,17.540386,10.398912,24.924911
20001_0310_1,9,44784228,2024-05-25,22,22:00,,16.636086,10.513291,23.137756
20001_0310_1,9,44784228,2024-05-25,23,23:00,,0.8018902,0.0,6.4921927
20001_0310_1,9,44784228,2024-05-26,0,00:00,,0.0,0.0,4.560122
20001_0310_1,9,44784228,2024-05-26,1,01:00,,0.0,0.0,3.7977047
20001_0310_1,9,44784228,2024-05-26,2,02:00,,0.0,0.0,3.6282797
20001_0310_1,9,44784228,2024-05-26,3,03:00,,0.0,0.0,3.8541808
20001_0310_1,9,44784228,2024-05-26,4,04:00,,0.5221396,0.0,7.5815477
20001_0310_1,9,44784228,2024-05-26,5,05:00,,22.37101,14.302106,31.237629
20001_0310_1,9,44784228,2024-05-26,6,06:00,,31.80944,22.116873,41.918514
20001_0310_1,9,44784228,2024-05-26,7,07:00,,25.37126,14.965689,35.946255
20001_0310_1,9,44784228,2024-05-26,8,08:00,,21.361515,11.111253,31.428232
20001_0310_1,9,44784228,2024-05-26,9,09:00,,22.222763,12.3819475,31.964746
20001_0310_1,9,44784228,2024-05-26,10,10:00,,13.426739,3.6847534,22.858109
20001_0310_1,9,44784228,2024-05-26,11,11:00,,16.554058,7.000913,26.230743
20001_0310_1,9,44784228,2024-05-26,12,12:00,,26.55724,17.087042,36.327465
20001_0310_1,9,44784228,2024-05-26,13,13:00,,22.01098,12.466659,32.148293
20001_0310_1,9,44784228,2024-05-26,14,14:00,,18.480175,8.883789,28.59366
20001_0310_1,9,44784228,2024-05-26,15,15:00,,21.629772,11.845431,31.964746
20001_0310_1,9,44784228,2024-05-26,16,16:00,,19.16604,8.910481,29.49572
20001_0310_1,9,44784228,2024-05-26,17,17:00,,27.150232,16.328157,37.456966
20001_0310_1,9,44784228,2024-05-26,18,18:00,,32.091816,21.336807,42.53974
20001_0310_1,9,44784228,2024-05-26,19,19:00,,19.85786,10.165291,29.790451
20001_0310_1,9,44784228,2024-05-26,20,20:00,,13.511451,4.729547,22.420427
20001_0310_1,9,44784228,2024-05-26,21,21:00,,17.678268,10.377074,25.512447
20001_0310_1,9,44784228,2024-05-26,22,22:00,,17.537079,11.48893,24.492363
20001_0310_1,9,44784228,2024-05-26,23,23:00,,0.8045156,0.0,6.9038453
20001_0310_1,9,44784228,2024-05-27,0,00:00,,0.0,0.0,3.8281999
20001_0310_1,9,44784228,2024-05-27,1,01:00,,0.0,0.0,3.4066825
20001_0310_1,9,44784228,2024-05-27,2,02:00,,0.0,0.0,3.4066808
20001_0310_1,9,44784228,2024-05-27,3,03:00,,0.0,0.0,3.631491
20001_0310_1,9,44784228,2024-05-27,4,04:00,,1.2147806,0.0,7.790483
20001_0310_1,9,44784228,2024-05-27,5,05:00,25.008459091186523,21.756828,13.909541,30.15209
20001_0310_1,9,44784228,2024-05-27,6,06:00,26.2321834564209,35.498363,25.859617,45.109013
20001_0310_1,9,44784228,2024-05-27,7,07:00,34.126251220703125,36.00418,25.648853,45.614826
20001_0310_1,9,44784228,2024-05-27,8,08:00,39.056251525878906,29.091265,19.045053,38.25229
20001_0310_1,9,44784228,2024-05-27,9,09:00,30.798744201660156,25.48025,16.031187,34.21975
20001_0310_1,9,44784228,2024-05-27,10,10:00,13.724166870117188,15.827454,6.6875076,24.419426
20001_0310_1,9,44784228,2024-05-27,11,11:00,16.340505599975586,17.689163,8.872381,26.267082
20001_0310_1,9,44784228,2024-05-27,12,12:00,24.023874918619793,26.16873,17.429226,34.767727
20001_0310_1,9,44784228,2024-05-27,13,13:00,27.8669916788737,21.791952,13.214033,30.496328
20001_0310_1,9,44784228,2024-05-27,14,14:00,13.367513020833334,17.592566,9.07436,26.244251
20001_0310_1,9,44784228,2024-05-27,15,15:00,22.40833282470703,21.728725,13.038401,30.194242
20001_0310_1,9,44784228,2024-05-27,16,16:00,32.955833435058594,23.737968,14.773654,32.351013
20001_0310_1,9,44784228,2024-05-27,17,17:00,78.85743713378906,35.161144,25.634804,43.64773
20001_0310_1,9,44784228,2024-05-27,18,18:00,36.69066619873047,35.554565,26.056324,44.378372
20001_0310_1,9,44784228,2024-05-27,19,19:00,18.813507080078125,21.026192,12.490424,29.505758
20001_0310_1,9,44784228,2024-05-27,20,20:00,21.51922098795573,15.033591,7.4392176,22.810625
20001_0310_1,9,44784228,2024-05-27,21,21:00,13.8646879196167,17.483673,10.9799795,24.047081
20001_0310_1,9,44784228,2024-05-27,22,22:00,21.359113693237305,17.204416,11.714126,23.193504
20001_0310_1,9,44784228,2024-05-27,23,23:00,,1.6644008,0.0,6.947444
20001_0310_1,9,44784228,2024-05-28,0,00:00,,0.0,0.0,4.202374
20001_0310_1,9,44784228,2024-05-28,1,01:00,,0.4003846,0.0,4.202373
20001_0310_1,9,44784228,2024-05-28,2,02:00,,0.16996108,0.0,4.202373
20001_0310_1,9,44784228,2024-05-28,3,03:00,,0.0,0.0,4.403995
20001_0310_1,9,44784228,2024-05-28,4,04:00,,0.16996191,0.0,6.823442
20001_0310_1,9,44784228,2024-05-28,5,05:00,33.537506103515625,23.0251,15.860367,31.464363
20001_0310_1,9,44784228,2024-05-28,6,06:00,28.723398208618164,35.7704,26.827087,45.62101
20001_0310_1,9,44784228,2024-05-28,7,07:00,51.17185974121094,36.57689,26.870295,46.830738
20001_0310_1,9,44784228,2024-05-28,8,08:00,41.883139038085936,29.923405,20.224016,39.774017
20001_0310_1,9,44784228,2024-05-28,9,09:00,19.048171997070312,27.446352,18.303217,36.98013
20001_0310_1,9,44784228,2024-05-28,10,10:00,22.789752960205078,17.224907,8.004364,26.812689
20001_0310_1,9,44784228,2024-05-28,11,11:00,15.989182790120443,16.911673,7.9071517,26.629068
20001_0310_1,9,44784228,2024-05-28,12,12:00,24.107337951660156,26.524658,17.327518,36.41847
20001_0310_1,9,44784228,2024-05-28,13,13:00,29.811498006184895,21.45534,12.425615,31.464363
20001_0310_1,9,44784228,2024-05-28,14,14:00,17.894248962402344,17.503937,8.3743,27.297836
20001_0310_1,9,44784228,2024-05-28,15,15:00,32.19393412272135,21.64976,12.346408,31.140333
20001_0310_1,9,44784228,2024-05-28,16,16:00,34.15495300292969,27.388746,17.917978,37.124146
20001_0310_1,9,44784228,2024-05-28,17,17:00,72.07784271240234,41.87663,31.853199,51.49681
20001_0310_1,9,44784228,2024-05-28,18,18:00,49.083475748697914,36.63449,26.567862,46.5427
20001_0310_1,9,44784228,2024-05-28,19,19:00,18.85199228922526,21.534548,12.346408,30.996317
20001_0310_1,9,44784228,2024-05-28,20,20:00,16.353621164957683,15.104288,6.809039,23.802778
20001_0310_1,9,44784228,2024-05-28,21,21:00,36.649436950683594,16.828867,9.73254,24.148415
20001_0310_1,9,44784228,2024-05-28,22,22:00,12.810593605041504,15.831563,9.624528,22.420237
20001_0310_1,9,44784228,2024-05-28,23,23:00,,0.57320267,0.0,6.132171
20001_0310_1,9,44784228,2024-05-29,0,00:00,,0.21352765,0.0,5.1428704
20001_0310_1,9,44784228,2024-05-29,1,01:00,,0.09545949,0.0,4.5230126
20001_0310_1,9,44784228,2024-05-29,2,02:00,,0.0,0.0,4.345911
20001_0310_1,9,44784228,2024-05-29,3,03:00,,0.33159664,0.0,6.6187224
20001_0310_1,9,44784228,2024-05-29,4,04:00,,1.0990384,0.0,9.570425
20001_0310_1,9,44784228,2024-05-29,5,05:00,19.275957107543945,26.601748,17.73557,37.30167
20001_0310_1,9,44784228,2024-05-29,6,06:00,36.01886749267578,37.46401,26.6165,49.861156
20001_0310_1,9,44784228,2024-05-29,7,07:00,43.40740458170573,42.954178,31.294956,55.94167
20001_0310_1,9,44784228,2024-05-29,8,08:00,30.709799194335936,32.68225,21.517443,45.04989
20001_0310_1,9,44784228,2024-05-29,9,09:00,49.31378682454427,31.442535,20.83117,43.337894
20001_0310_1,9,44784228,2024-05-29,10,10:00,15.018294016520182,18.327757,8.0669,30.0866
20001_0310_1,9,44784228,2024-05-29,11,11:00,25.443458557128906,20.949238,10.832277,33.014317
20001_0310_1,9,44784228,2024-05-29,12,12:00,32.66545104980469,28.077597,17.990154,40.44523
20001_0310_1,9,44784228,2024-05-29,13,13:00,17.73386510213216,24.875,14.706385,37.065533
20001_0310_1,9,44784228,2024-05-29,14,14:00,21.1339848836263,20.165192,10.059299,31.872385
20001_0310_1,9,44784228,2024-05-29,15,15:00,21.79119873046875,24.196112,14.027496,35.56016
20001_0310_1,9,44784228,2024-05-29,16,16:00,27.787811279296875,28.431803,17.809362,40.002472
20001_0310_1,9,44784228,2024-05-29,17,17:00,52.89433797200521,44.489063,33.095493,55.882633
20001_0310_1,9,44784228,2024-05-29,18,18:00,32.54269790649414,40.120544,29.022142,51.809284
20001_0310_1,9,44784228,2024-05-29,19,19:00,17.858258565266926,23.709078,13.599499,35.07313
20001_0310_1,9,44784228,2024-05-29,20,20:00,16.229969024658203,16.064169,6.8105817,26.15899
20001_0310_1,9,44784228,2024-05-29,21,21:00,9.547040939331055,19.214188,11.441067,28.088667
20001_0310_1,9,44784228,2024-05-29,22,22:00,21.340442657470703,16.757818,10.035316,24.705278
20001_0310_1,9,44784228,2024-05-29,23,23:00,,0.2725613,0.0,7.090994
20001_0310_1,9,44784228,2024-05-30,0,00:00,,0.0,0.0,4.398262
20001_0310_1,9,44784228,2024-05-30,1,01:00,,0.7060834,0.0,4.7257934
20001_0310_1,9,44784228,2024-05-30,2,02:00,,0.0,0.0,3.3561132
20001_0310_1,9,44784228,2024-05-30,3,03:00,,0.0,0.0,5.1426516
20001_0310_1,9,44784228,2024-05-30,4,04:00,,0.1701224,0.0,7.5842524
20001_0310_1,9,44784228,2024-05-30,5,05:00,,24.169271,15.43013,33.503933
20001_0310_1,9,44784228,2024-05-30,6,06:00,,37.09189,26.402443,47.63246
20001_0310_1,9,44784228,2024-05-30,7,07:00,,37.92561,26.610872,49.002136
20001_0310_1,9,44784228,2024-05-30,8,08:00,,29.231129,18.310919,39.712147
20001_0310_1,9,44784228,2024-05-30,9,09:00,,28.844044,18.79105,38.908203
20001_0310_1,9,44784228,2024-05-30,10,10:00,,16.628593,7.312547,26.51782
20001_0310_1,9,44784228,2024-05-30,11,11:00,,18.958538,10.068816,28.767902
20001_0310_1,9,44784228,2024-05-30,12,12:00,,26.983067,18.299753,36.928127
20001_0310_1,9,44784228,2024-05-30,13,13:00,,21.683006,13.12996,31.873713
20001_0310_1,9,44784228,2024-05-30,14,14:00,,18.584482,9.616904,28.673298
20001_0310_1,9,44784228,2024-05-30,15,15:00,,21.511797,12.311133,31.605736
20001_0310_1,9,44784228,2024-05-30,16,16:00,,25.702715,16.129854,36.00508
20001_0310_1,9,44784228,2024-05-30,17,17:00,,41.200924,30.809235,51.265083
20001_0310_1,9,44784228,2024-05-30,18,18:00,,37.4492,27.474365,47.453808
20001_0310_1,9,44784228,2024-05-30,19,19:00,,21.742558,12.631219,31.166546
20001_0310_1,9,44784228,2024-05-30,20,20:00,,15.415239,7.3981557,23.715193
20001_0310_1,9,44784228,2024-05-30,21,21:00,,18.298822,11.437404,25.357504
20001_0310_1,9,44784228,2024-05-30,22,22:00,,17.339489,11.522079,23.68542
20001_0310_1,9,44784228,2024-05-30,23,23:00,,1.1824942,0.0,6.7803116
20001_0310_1,9,44784228,2024-05-31,0,00:00,,0.5053261,0.0,4.231146
20001_0310_1,9,44784228,2024-05-31,1,01:00,,0.7437799,0.0,3.8138552
20001_0310_1,9,44784228,2024-05-31,2,02:00,,0.2072608,0.0,3.5455947
20001_0310_1,9,44784228,2024-05-31,3,03:00,,0.0,0.0,3.9628873
20001_0310_1,9,44784228,2024-05-31,4,04:00,,0.0,0.0,5.721474
20001_0310_1,9,44784228,2024-05-31,5,05:00,,24.231344,16.354963,32.02576
20001_0310_1,9,44784228,2024-05-31,6,06:00,,36.511642,26.988447,46.049744
20001_0310_1,9,44784228,2024-05-31,7,07:00,,40.74418,30.580141,50.93802
20001_0310_1,9,44784228,2024-05-31,8,08:00,,30.580141,20.550238,40.3865
20001_0310_1,9,44784228,2024-05-31,9,09:00,,29.387877,19.976458,38.5683
20001_0310_1,9,44784228,2024-05-31,10,10:00,,18.029716,9.464059,26.811474
20001_0310_1,9,44784228,2024-05-31,11,11:00,,21.02714,12.770724,29.775362
20001_0310_1,9,44784228,2024-05-31,12,12:00,,28.523487,20.293152,37.40584
20001_0310_1,9,44784228,2024-05-31,13,13:00,,23.39676,15.222313,32.72621
20001_0310_1,9,44784228,2024-05-31,14,14:00,,20.803589,12.256559,30.39385
20001_0310_1,9,44784228,2024-05-31,15,15:00,,23.605406,14.43989,33.635315
20001_0310_1,9,44784228,2024-05-31,16,16:00,,27.659098,17.930983,38.151005
20001_0310_1,9,44784228,2024-05-31,17,17:00,,45.57284,34.723255,56.064747
20001_0310_1,9,44784228,2024-05-31,18,18:00,,39.730755,29.29846,50.341892
20001_0310_1,9,44784228,2024-05-31,19,19:00,,23.113598,13.560598,32.905056
20001_0310_1,9,44784228,2024-05-31,20,20:00,,16.138865,7.949513,24.47725
20001_0310_1,9,44784228,2024-05-31,21,21:00,,19.159107,12.253301,26.128252
20001_0310_1,9,44784228,2024-05-31,22,22:00,,18.335236,12.562079,24.246248
20001_0310_1,9,44784228,2024-05-31,23,23:00,,1.9360418,0.0,7.1521893
20001_0310_1,10,45833917,2024-05-01,0,00:00,,0.14430335,0.0,5.8457317
20001_0310_1,10,45833917,2024-05-01,1,01:00,,0.6347481,0.0,5.5085497
20001_0310_1,10,45833917,2024-05-01,2,02:00,,1.1864986,0.0,6.274869
20001_0310_1,10,45833917,2024-05-01,3,03:00,,0.8799714,0.0,7.2251096
20001_0310_1,10,45833917,2024-05-01,4,04:00,,2.3513067,0.0,10.535615
20001_0310_1,10,45833917,2024-05-01,5,05:00,,27.854467,19.17205,38.32241
20001_0310_1,10,45833917,2024-05-01,6,06:00,,35.94682,25.363928,47.96273
20001_0310_1,10,45833917,2024-05-01,7,07:00,,45.26528,33.954384,57.64903
20001_0310_1,10,45833917,2024-05-01,8,08:00,,25.478874,14.520485,37.40283
20001_0310_1,10,45833917,2024-05-01,9,09:00,,28.498178,18.183498,40.115604
20001_0310_1,10,45833917,2024-05-01,10,10:00,,20.991106,10.66014,32.668877
20001_0310_1,10,45833917,2024-05-01,11,11:00,,21.455688,11.110356,33.732147
20001_0310_1,10,45833917,2024-05-01,12,12:00,,28.590137,17.673895,41.479656
20001_0310_1,10,45833917,2024-05-01,13,13:00,,25.478874,14.121997,39.07341
20001_0310_1,10,45833917,2024-05-01,14,14:00,,22.436579,10.627573,35.97747
20001_0310_1,10,45833917,2024-05-01,15,15:00,,29.77027,17.501472,43.502743
20001_0310_1,10,45833917,2024-05-01,16,16:00,,31.778032,19.32532,45.75573
20001_0310_1,10,45833917,2024-05-01,17,17:00,,46.5527,33.647854,60.346474
20001_0310_1,10,45833917,2024-05-01,18,18:00,,40.72866,28.023058,54.58374
20001_0310_1,10,45833917,2024-05-01,19,19:00,,26.750965,15.056909,39.947014
20001_0310_1,10,45833917,2024-05-01,20,20:00,,17.69305,6.979884,29.754944
20001_0310_1,10,45833917,2024-05-01,21,21:00,,20.0447,10.995409,30.521265
20001_0310_1,10,45833917,2024-05-01,22,22:00,,22.471062,14.497494,31.770365
20001_0310_1,10,45833917,2024-05-01,23,23:00,,2.16739,0.0,9.983864
20001_0310_1,10,45833917,2024-05-02,0,00:00,,0.0,0.0,4.436221
20001_0310_1,10,45833917,2024-05-02,1,01:00,,0.6205128,0.0,4.805484
20001_0310_1,10,45833917,2024-05-02,2,02:00,,0.0,0.0,3.2668898
20001_0310_1,10,45833917,2024-05-02,3,03:00,,0.0,0.0,5.1747446
20001_0310_1,10,45833917,2024-05-02,4,04:00,,0.3127936,0.0,7.2364593
20001_0310_1,10,45833917,2024-05-02,5,05:00,,27.145842,19.114388,35.500393
20001_0310_1,10,45833917,2024-05-02,6,06:00,,35.823498,26.376545,45.05505
20001_0310_1,10,45833917,2024-05-02,7,07:00,,44.747334,34.900345,54.10197
20001_0310_1,10,45833917,2024-05-02,8,08:00,,24.784101,15.414076,33.69255
20001_0310_1,10,45833917,2024-05-02,9,09:00,,28.284399,19.691362,36.71588
20001_0310_1,10,45833917,2024-05-02,10,10:00,,20.98378,12.824673,29.333767
20001_0310_1,10,45833917,2024-05-02,11,11:00,,21.135715,13.12542,29.6499
20001_0310_1,10,45833917,2024-05-02,12,12:00,,30.561516,22.280045,39.73152
20001_0310_1,10,45833917,2024-05-02,13,13:00,,25.514933,16.860353,35.48501
20001_0310_1,10,45833917,2024-05-02,14,14:00,,23.46476,13.917797,33.67332
20001_0310_1,10,45833917,2024-05-02,15,15:00,,30.80769,20.643368,41.331657
20001_0310_1,10,45833917,2024-05-02,16,16:00,,31.115406,20.745296,41.824005
20001_0310_1,10,45833917,2024-05-02,17,17:00,,46.716732,35.54655,56.932983
20001_0310_1,10,45833917,2024-05-02,18,18:00,,41.36243,30.530743,51.640224
20001_0310_1,10,45833917,2024-05-02,19,19:00,,26.945824,16.652641,36.777424
20001_0310_1,10,45833917,2024-05-02,20,20:00,,18.683584,9.328943,27.638191
20001_0310_1,10,45833917,2024-05-02,21,21:00,,20.374113,12.104179,28.228626
20001_0310_1,10,45833917,2024-05-02,22,22:00,,22.499292,15.371763,29.711441
20001_0310_1,10,45833917,2024-05-02,23,23:00,,1.3590366,0.0,7.6980357
20001_0310_1,10,45833917,2024-05-03,0,00:00,,0.71903086,0.0,4.9263263
20001_0310_1,10,45833917,2024-05-03,1,01:00,,0.7809031,0.0,4.183862
20001_0310_1,10,45833917,2024-05-03,2,02:00,,0.0,0.0,3.008294
20001_0310_1,10,45833917,2024-05-03,3,03:00,,0.0,0.0,4.5550942
20001_0310_1,10,45833917,2024-05-03,4,04:00,,0.0,0.0,6.4112535
20001_0310_1,10,45833917,2024-05-03,5,05:00,,30.262903,21.722635,38.538284
20001_0310_1,10,45833917,2024-05-03,6,06:00,,35.274536,24.980585,44.83376
20001_0310_1,10,45833917,2024-05-03,7,07:00,,45.699963,34.99611,55.53761
20001_0310_1,10,45833917,2024-05-03,8,08:00,,26.705265,16.666534,35.955128
20001_0310_1,10,45833917,2024-05-03,9,09:00,,28.731573,19.667328,37.440056
20001_0310_1,10,45833917,2024-05-03,10,10:00,,21.213642,12.858507,29.548473
20001_0310_1,10,45833917,2024-05-03,11,11:00,,21.752605,13.597106,30.318008
20001_0310_1,10,45833917,2024-05-03,12,12:00,,30.541327,22.34522,39.450893
20001_0310_1,10,45833917,2024-05-03,13,13:00,,25.607037,17.285254,35.119854
20001_0310_1,10,45833917,2024-05-03,14,14:00,,23.944227,14.872248,33.55759
20001_0310_1,10,45833917,2024-05-03,15,15:00,,31.098175,21.581491,40.966763
20001_0310_1,10,45833917,2024-05-03,16,16:00,,30.262903,20.539335,40.378975
20001_0310_1,10,45833917,2024-05-03,17,17:00,,44.771885,34.1299,54.60953
20001_0310_1,10,45833917,2024-05-03,18,18:00,,40.317104,29.984482,50.278496
20001_0310_1,10,45833917,2024-05-03,19,19:00,,25.057922,15.483233,34.400593
20001_0310_1,10,45833917,2024-05-03,20,20:00,,18.801119,10.297588,27.188639
20001_0310_1,10,45833917,2024-05-03,21,21:00,,19.110477,11.620103,26.438442
20001_0310_1,10,45833917,2024-05-03,22,22:00,,22.142206,15.77326,28.58076
20001_0310_1,10,45833917,2024-05-03,23,23:00,,1.1521351,0.0,6.75155
20001_0310_1,10,45833917,2024-05-04,0,00:00,,0.836685,0.0,4.777264
20001_0310_1,10,45833917,2024-05-04,1,01:00,,0.59039915,0.0,3.6689756
20001_0310_1,10,45833917,2024-05-04,2,02:00,,0.15939775,0.0,3.4226887
20001_0310_1,10,45833917,2024-05-04,3,03:00,,0.0362553,0.0,4.22312
20001_0310_1,10,45833917,2024-05-04,4,04:00,,0.9598284,0.0,6.40891
20001_0310_1,10,45833917,2024-05-04,5,05:00,,27.712666,20.720446,34.59329
20001_0310_1,10,45833917,2024-05-04,6,06:00,,34.88575,26.696735,43.228695
20001_0310_1,10,45833917,2024-05-04,7,07:00,,43.99834,35.40911,52.61836
20001_0310_1,10,45833917,2024-05-04,8,08:00,,23.518105,15.275215,31.437742
20001_0310_1,10,45833917,2024-05-04,9,09:00,,28.605453,21.028307,36.10179
20001_0310_1,10,45833917,2024-05-04,10,10:00,,20.66657,13.623364,27.815605
20001_0310_1,10,45833917,2024-05-04,11,11:00,,20.728144,13.922565,28.145592
20001_0310_1,10,45833917,2024-05-04,12,12:00,,29.621384,22.744614,37.194683
20001_0310_1,10,45833917,2024-05-04,13,13:00,,25.403732,18.238342,33.84673
20001_0310_1,10,45833917,2024-05-04,14,14:00,,23.017836,14.882696,31.76869
20001_0310_1,10,45833917,2024-05-04,15,15:00,,28.405346,19.446688,37.933544
20001_0310_1,10,45833917,2024-05-04,16,16:00,,25.265196,15.475319,35.27057
20001_0310_1,10,45833917,2024-05-04,17,17:00,,41.042908,29.96003,51.14064
20001_0310_1,10,45833917,2024-05-04,18,18:00,,38.51847,27.604916,48.985638
20001_0310_1,10,45833917,2024-05-04,19,19:00,,24.67257,14.359337,34.554806
20001_0310_1,10,45833917,2024-05-04,20,20:00,,16.891466,7.617252,25.84243
20001_0310_1,10,45833917,2024-05-04,21,21:00,,18.476933,10.5880785,26.36579
20001_0310_1,10,45833917,2024-05-04,22,22:00,,21.361176,14.561367,28.16868
20001_0310_1,10,45833917,2024-05-04,23,23:00,,1.5139723,0.0,7.3016973
20001_0310_1,10,45833917,2024-05-05,0,00:00,,0.0,0.0,2.7234929
20001_0310_1,10,45833917,2024-05-05,1,01:00,,0.0,0.0,2.6622577
20001_0310_1,10,45833917,2024-05-05,2,02:00,,0.0,0.0,2.8459578
20001_0310_1,10,45833917,2024-05-05,3,03:00,,0.0,0.0,3.397061
20001_0310_1,10,45833917,2024-05-05,4,04:00,,0.15168408,0.0,6.2750363
20001_0310_1,10,45833917,2024-05-05,5,05:00,,26.696413,19.16182,34.396526
20001_0310_1,10,45833917,2024-05-05,6,06:00,,34.01382,24.912987,42.831448
20001_0310_1,10,45833917,2024-05-05,7,07:00,16.363636016845703,39.6473,29.972403,48.7711
20001_0310_1,10,45833917,2024-05-05,8,08:00,,21.371012,11.979321,29.798273
20001_0310_1,10,45833917,2024-05-05,9,09:00,,27.875158,19.046051,35.957985
20001_0310_1,10,45833917,2024-05-05,10,10:00,0.0,20.686916,12.047252,28.626226
20001_0310_1,10,45833917,2024-05-05,11,11:00,,19.821037,11.211989,28.02059
20001_0310_1,10,45833917,2024-05-05,12,12:00,,25.731985,17.297068,34.182213
20001_0310_1,10,45833917,2024-05-05,13,13:00,,22.819567,13.971324,32.0199
20001_0310_1,10,45833917,2024-05-05,14,14:00,,19.342651,9.690719,28.734343
20001_0310_1,10,45833917,2024-05-05,15,15:00,,23.309435,13.198249,33.31346
20001_0310_1,10,45833917,2024-05-05,16,16:00,,21.401628,10.786702,31.942883
20001_0310_1,10,45833917,2024-05-05,17,17:00,,32.115578,20.879229,42.647747
20001_0310_1,10,45833917,2024-05-05,18,18:00,,34.840473,23.69597,45.70942
20001_0310_1,10,45833917,2024-05-05,19,19:00,,22.597593,12.187899,32.639893
20001_0310_1,10,45833917,2024-05-05,20,20:00,,15.78154,6.2903438,25.10434
20001_0310_1,10,45833917,2024-05-05,21,21:00,,17.79459,9.6811495,25.785564
20001_0310_1,10,45833917,2024-05-05,22,22:00,,20.300383,13.229825,27.282917
20001_0310_1,10,45833917,2024-05-05,23,23:00,,1.7437558,0.0,7.958958
20001_0310_1,10,45833917,2024-05-06,0,00:00,,0.0,0.0,4.416444
20001_0310_1,10,45833917,2024-05-06,1,01:00,,0.0,0.0,3.8717642
20001_0310_1,10,45833917,2024-05-06,2,02:00,,0.0,0.0,3.3876033
20001_0310_1,10,45833917,2024-05-06,3,03:00,,0.0,0.0,4.1743636
20001_0310_1,10,45833917,2024-05-06,4,04:00,,0.0,0.0,6.1110015
20001_0310_1,10,45833917,2024-05-06,5,05:00,27.624019622802734,24.463661,16.762503,32.777588
20001_0310_1,10,45833917,2024-05-06,6,06:00,35.03594207763672,34.04094,24.53931,43.02814
20001_0310_1,10,45833917,2024-05-06,7,07:00,39.126976013183594,35.796017,25.54546,44.63193
20001_0310_1,10,45833917,2024-05-06,8,08:00,30.79492696126302,24.894867,15.113337,33.390347
20001_0310_1,10,45833917,2024-05-06,9,09:00,21.85999298095703,27.06602,17.723255,35.22108
20001_0310_1,10,45833917,2024-05-06,10,10:00,13.254545211791992,15.748796,6.595161,23.949247
20001_0310_1,10,45833917,2024-05-06,11,11:00,23.672399520874023,20.214031,11.026352,28.425825
20001_0310_1,10,45833917,2024-05-06,12,12:00,36.3459726969401,27.4594,18.271719,36.144005
20001_0310_1,10,45833917,2024-05-06,13,13:00,19.838462829589844,23.699598,13.971023,32.777588
20001_0310_1,10,45833917,2024-05-06,14,14:00,14.809367179870605,19.100084,8.679315,28.439064
20001_0310_1,10,45833917,2024-05-06,15,15:00,20.07000478108724,26.30952,15.446197,35.735497
20001_0310_1,10,45833917,2024-05-06,16,16:00,32.56238047281901,29.986105,19.024433,39.82059
20001_0310_1,10,45833917,2024-05-06,17,17:00,48.911216735839844,45.933105,34.46458,55.67681
20001_0310_1,10,45833917,2024-05-06,18,18:00,42.766119384765624,38.852272,27.474527,48.959095
20001_0310_1,10,45833917,2024-05-06,19,19:00,24.177103678385418,25.43198,14.697262,35.20595
20001_0310_1,10,45833917,2024-05-06,20,20:00,17.83333396911621,17.957771,7.907686,27.334578
20001_0310_1,10,45833917,2024-05-06,21,21:00,13.125,18.839094,9.972926,27.23623
20001_0310_1,10,45833917,2024-05-06,22,22:00,23.473684310913086,22.137428,14.474094,29.936932
20001_0310_1,10,45833917,2024-05-06,23,23:00,,1.2694068,0.0,8.2291975
20001_0310_1,10,45833917,2024-05-07,0,00:00,,0.0,0.0,4.008839
20001_0310_1,10,45833917,2024-05-07,1,01:00,,0.0,0.0,4.008839
20001_0310_1,10,45833917,2024-05-07,2,02:00,,0.0,0.0,3.887142
20001_0310_1,10,45833917,2024-05-07,3,03:00,,0.114533395,0.0,5.408355
20001_0310_1,10,45833917,2024-05-07,4,04:00,,1.2098064,0.0,8.024841
20001_0310_1,10,45833917,2024-05-07,5,05:00,25.88978385925293,30.78219,22.847164,38.78377
20001_0310_1,10,45833917,2024-05-07,6,06:00,40.30149841308594,37.11044,27.891886,46.11602
20001_0310_1,10,45833917,2024-05-07,7,07:00,53.29523722330729,43.31699,33.763767,52.322567
20001_0310_1,10,45833917,2024-05-07,8,08:00,28.376237869262695,28.682917,19.452957,37.080013
20001_0310_1,10,45833917,2024-05-07,9,09:00,30.221722920735676,30.021585,21.521807,38.084015
20001_0310_1,10,45833917,2024-05-07,10,10:00,17.815475463867188,20.472168,12.025634,28.196129
20001_0310_1,10,45833917,2024-05-07,11,11:00,11.415641784667969,22.947945,14.984392,30.561615
20001_0310_1,10,45833917,2024-05-07,12,12:00,35.4222526550293,29.656494,21.681534,37.445107
20001_0310_1,10,45833917,2024-05-07,13,13:00,23.79168192545573,24.48437,16.300243,32.562008
20001_0310_1,10,45833917,2024-05-07,14,14:00,17.231890360514324,21.592163,13.048648,29.75157
20001_0310_1,10,45833917,2024-05-07,15,15:00,19.83686065673828,28.652493,19.67163,36.623653
20001_0310_1,10,45833917,2024-05-07,16,16:00,36.73339080810547,34.068012,24.955946,42.31299
20001_0310_1,10,45833917,2024-05-07,17,17:00,28.932065963745117,52.383415,42.8302,60.780514
20001_0310_1,10,45833917,2024-05-07,18,18:00,39.447792053222656,40.274563,30.84304,49.03675
20001_0310_1,10,45833917,2024-05-07,19,19:00,21.285250345865887,25.655703,16.756605,34.14407
20001_0310_1,10,45833917,2024-05-07,20,20:00,14.04192860921224,18.59347,10.097494,26.648293
20001_0310_1,10,45833917,2024-05-07,21,21:00,21.0,19.125895,11.481799,26.191929
20001_0310_1,10,45833917,2024-05-07,22,22:00,19.0,23.06964,15.988391,29.588037
20001_0310_1,10,45833917,2024-05-07,23,23:00,,1.3923516,0.0,7.020841
20001_0310_1,10,45833917,2024-05-08,0,00:00,,0.0,0.0,4.230848
20001_0310_1,10,45833917,2024-05-08,1,01:00,,0.0,0.0,3.2104797
20001_0310_1,10,45833917,2024-05-08,2,02:00,,0.0,0.0,3.0904357
20001_0310_1,10,45833917,2024-05-08,3,03:00,,0.0,0.0,4.831065
20001_0310_1,10,45833917,2024-05-08,4,04:00,,0.029329658,0.0,6.511672
20001_0310_1,10,45833917,2024-05-08,5,05:00,26.182296752929688,26.768997,19.28129,34.676853
20001_0310_1,10,45833917,2024-05-08,6,06:00,32.01526641845703,35.952312,26.859028,44.415375
20001_0310_1,10,45833917,2024-05-08,7,07:00,35.7174072265625,42.104538,32.831184,50.507576
20001_0310_1,10,45833917,2024-05-08,8,08:00,25.054746627807617,27.549278,18.73734,35.562172
20001_0310_1,10,45833917,2024-05-08,9,09:00,22.09753926595052,27.24917,19.168747,34.916935
20001_0310_1,10,45833917,2024-05-08,10,10:00,14.708333015441895,17.840769,9.760347,25.215935
20001_0310_1,10,45833917,2024-05-08,11,11:00,14.611330032348633,19.708944,12.025228,27.10568
20001_0310_1,10,45833917,2024-05-08,12,12:00,19.26815414428711,27.834381,20.035313,35.682217
20001_0310_1,10,45833917,2024-05-08,13,13:00,37.46617889404297,22.93511,14.993489,31.229359
20001_0310_1,10,45833917,2024-05-08,14,14:00,14.158248901367188,20.521114,11.954892,28.851
20001_0310_1,10,45833917,2024-05-08,15,15:00,23.7479248046875,26.33384,17.450626,34.55681
20001_0310_1,10,45833917,2024-05-08,16,16:00,40.682376861572266,30.13021,21.113827,38.47323
20001_0310_1,10,45833917,2024-05-08,17,17:00,28.134735107421875,47.86662,38.383194,56.269657
20001_0310_1,10,45833917,2024-05-08,18,18:00,50.637359619140625,37.362823,28.119486,45.945927
20001_0310_1,10,45833917,2024-05-08,19,19:00,19.376953125,23.68538,15.147293,32.05841
20001_0310_1,10,45833917,2024-05-08,20,20:00,21.08888880411784,17.143017,9.137625,25.103397
20001_0310_1,10,45833917,2024-05-08,21,21:00,24.619047164916992,17.81826,10.810728,24.878313
20001_0310_1,10,45833917,2024-05-08,22,22:00,16.799999237060547,21.22074,14.779658,27.654314
20001_0310_1,10,45833917,2024-05-08,23,23:00,,0.3294379,0.0,5.881445
20001_0310_1,10,45833917,2024-05-09,0,00:00,,0.0,0.0,3.907721
20001_0310_1,10,45833917,2024-05-09,1,01:00,,0.0,0.0,3.3171754
20001_0310_1,10,45833917,2024-05-09,2,02:00,,0.0,0.0,3.3762298
20001_0310_1,10,45833917,2024-05-09,3,03:00,,0.0,0.0,3.671503
20001_0310_1,10,45833917,2024-05-09,4,04:00,,0.65971637,0.0,6.2403784
20001_0310_1,10,45833917,2024-05-09,5,05:00,23.43175506591797,25.403603,18.235847,32.41634
20001_0310_1,10,45833917,2024-05-09,6,06:00,40.447898864746094,34.379906,25.979385,42.057007
20001_0310_1,10,45833917,2024-05-09,7,07:00,45.5410410563151,40.04915,31.574808,47.844357
20001_0310_1,10,45833917,2024-05-09,8,08:00,22.86456298828125,26.540403,18.331814,33.951756
20001_0310_1,10,45833917,2024-05-09,9,09:00,18.65818214416504,25.492184,17.741266,32.69685
20001_0310_1,10,45833917,2024-05-09,10,10:00,19.202423095703125,16.663519,9.200492,23.82389
20001_0310_1,10,45833917,2024-05-09,11,11:00,18.84166717529297,18.874376,11.49624,26.289421
20001_0310_1,10,45833917,2024-05-09,12,12:00,24.301883697509766,28.681135,21.21257,36.594456
20001_0310_1,10,45833917,2024-05-09,13,13:00,34.1464589436849,24.399673,16.604462,32.82234
20001_0310_1,10,45833917,2024-05-09,14,14:00,20.685714721679688,20.97243,12.761992,29.415396
20001_0310_1,10,45833917,2024-05-09,15,15:00,32.20435333251953,26.20084,17.696976,34.85234
20001_0310_1,10,45833917,2024-05-09,16,16:00,24.81785774230957,29.773645,21.177504,38.4842
20001_0310_1,10,45833917,2024-05-09,17,17:00,52.539581298828125,42.88377,33.494087,51.50575
20001_0310_1,10,45833917,2024-05-09,18,18:00,48.789312744140624,39.16333,30.098444,47.90341
20001_0310_1,10,45833917,2024-05-09,19,19:00,25.636362711588543,24.945929,16.2649,33.464558
20001_0310_1,10,45833917,2024-05-09,20,20:00,15.941177368164062,18.793175,10.916766,26.669584
20001_0310_1,10,45833917,2024-05-09,21,21:00,15.0,18.898367,11.963141,25.752396
20001_0310_1,10,45833917,2024-05-09,22,22:00,15.361800193786621,21.27716,15.331099,27.452059
20001_0310_1,10,45833917,2024-05-09,23,23:00,,1.309317,0.0,6.6832876
20001_0310_1,10,45833917,2024-05-10,0,00:00,,0.36911386,0.0,4.480435
20001_0310_1,10,45833917,2024-05-10,1,01:00,,0.6586436,0.0,4.132999
20001_0310_1,10,45833917,2024-05-10,2,02:00,,0.0,0.0,3.3223164
20001_0310_1,10,45833917,2024-05-10,3,03:00,,0.0,0.0,3.901375
20001_0310_1,10,45833917,2024-05-10,4,04:00,,0.0,0.0,5.8991303
20001_0310_1,10,45833917,2024-05-10,5,05:00,25.53417205810547,25.471336,18.42129,32.839863
20001_0310_1,10,45833917,2024-05-10,6,06:00,35.23672231038412,35.865448,27.555946,44.435528
20001_0310_1,10,45833917,2024-05-10,7,07:00,45.7109619140625,42.235104,33.809784,51.094707
20001_0310_1,10,45833917,2024-05-10,8,08:00,46.90003458658854,25.833248,17.458605,33.94008
20001_0310_1,10,45833917,2024-05-10,9,09:00,35.69048309326172,25.210758,17.578032,32.868816
20001_0310_1,10,45833917,2024-05-10,10,10:00,11.620833396911621,17.111168,9.909118,24.501413
20001_0310_1,10,45833917,2024-05-10,11,11:00,12.274884541829428,19.08449,12.17016,26.805885
20001_0310_1,10,45833917,2024-05-10,12,12:00,21.93060811360677,29.061502,21.975266,36.878807
20001_0310_1,10,45833917,2024-05-10,13,13:00,23.166514078776043,25.949059,18.6131,34.345417
20001_0310_1,10,45833917,2024-05-10,14,14:00,14.69731330871582,21.645926,13.68748,30.031427
20001_0310_1,10,45833917,2024-05-10,15,15:00,34.78306579589844,27.932337,19.727789,36.618225
20001_0310_1,10,45833917,2024-05-10,16,16:00,33.54443359375,30.30648,21.75088,39.19504
20001_0310_1,10,45833917,2024-05-10,17,17:00,,42.119293,32.70958,50.863087
20001_0310_1,10,45833917,2024-05-10,18,18:00,14.426591237386068,40.44002,31.117167,49.47335
20001_0310_1,10,45833917,2024-05-10,19,19:00,18.619213104248047,25.210758,16.329435,33.896645
20001_0310_1,10,45833917,2024-05-10,20,20:00,14.991849263509115,17.936325,9.919971,26.075726
20001_0310_1,10,45833917,2024-05-10,21,21:00,25.727252960205078,18.927963,12.080587,26.006964
20001_0310_1,10,45833917,2024-05-10,22,22:00,14.434782981872559,19.78027,13.976104,26.04949
20001_0310_1,10,45833917,2024-05-10,23,23:00,,1.7588567,0.0,7.288873
20001_0310_1,10,45833917,2024-05-11,0,00:00,,0.0,0.0,4.6607094
20001_0310_1,10,45833917,2024-05-11,1,01:00,,0.09924486,0.0,4.192866
20001_0310_1,10,45833917,2024-05-11,2,02:00,,0.0,0.0,3.8419838
20001_0310_1,10,45833917,2024-05-11,3,03:00,,0.0,0.0,5.040831
20001_0310_1,10,45833917,2024-05-11,4,04:00,,0.68404835,0.0,7.5554843
20001_0310_1,10,45833917,2024-05-11,5,05:00,,22.4241,14.726631,30.823332
20001_0310_1,10,45833917,2024-05-11,6,06:00,,32.468094,23.323236,41.97114
20001_0310_1,10,45833917,2024-05-11,7,07:00,,30.450525,20.861582,40.509136
20001_0310_1,10,45833917,2024-05-11,8,08:00,,19.22596,10.138668,28.326042
20001_0310_1,10,45833917,2024-05-11,9,09:00,,23.74722,15.267574,32.416924
20001_0310_1,10,45833917,2024-05-11,10,10:00,,12.643271,4.4560285,20.845133
20001_0310_1,10,45833917,2024-05-11,11,11:00,,17.087774,8.961753,25.5994
20001_0310_1,10,45833917,2024-05-11,12,12:00,,26.0645,17.954014,34.48566
20001_0310_1,10,45833917,2024-05-11,13,13:00,,24.28816,15.910857,33.549976
20001_0310_1,10,45833917,2024-05-11,14,14:00,,19.5741,10.584581,28.742718
20001_0310_1,10,45833917,2024-05-11,15,15:00,,23.615639,14.207619,33.21372
20001_0310_1,10,45833917,2024-05-11,16,16:00,,20.622179,10.797486,30.71003
20001_0310_1,10,45833917,2024-05-11,17,17:00,,29.982683,19.26434,40.129013
20001_0310_1,10,45833917,2024-05-11,18,18:00,,33.90086,23.16973,44.310356
20001_0310_1,10,45833917,2024-05-11,19,19:00,,22.475271,12.460519,32.285343
20001_0310_1,10,45833917,2024-05-11,20,20:00,0.0,15.435706,6.5320807,24.704836
20001_0310_1,10,45833917,2024-05-11,21,21:00,,18.655777,11.009478,26.87226
20001_0310_1,10,45833917,2024-05-11,22,22:00,,17.723747,11.312843,25.026474
20001_0310_1,10,45833917,2024-05-11,23,23:00,,1.151891,0.0,7.935606
20001_0310_1,10,45833917,2024-05-12,0,00:00,,0.0,0.0,3.588153
20001_0310_1,10,45833917,2024-05-12,1,01:00,,0.20050687,0.0,4.727102
20001_0310_1,10,45833917,2024-05-12,2,02:00,,0.0,0.0,4.289045
20001_0310_1,10,45833917,2024-05-12,3,03:00,,0.0,0.0,4.3474526
20001_0310_1,10,45833917,2024-05-12,4,04:00,,0.0,0.0,6.7713714
20001_0310_1,10,45833917,2024-05-12,5,05:00,,22.789679,14.576098,31.339104
20001_0310_1,10,45833917,2024-05-12,6,06:00,,29.637981,19.74883,38.95401
20001_0310_1,10,45833917,2024-05-12,7,07:00,,22.671038,12.171345,32.263588
20001_0310_1,10,45833917,2024-05-12,8,08:00,,15.934076,5.8295484,24.826647
20001_0310_1,10,45833917,2024-05-12,9,09:00,,20.833021,11.122744,29.316734
20001_0310_1,10,45833917,2024-05-12,10,10:00,,9.049272,0.0,17.417997
20001_0310_1,10,45833917,2024-05-12,11,11:00,,16.160406,6.588848,24.607616
20001_0310_1,10,45833917,2024-05-12,12,12:00,,24.99457,15.517923,33.87254
20001_0310_1,10,45833917,2024-05-12,13,13:00,,23.505173,13.517459,33.011024
20001_0310_1,10,45833917,2024-05-12,14,14:00,,19.852867,9.404737,29.555387
20001_0310_1,10,45833917,2024-05-12,15,15:00,,22.04863,11.330821,32.036346
20001_0310_1,10,45833917,2024-05-12,16,16:00,,17.445375,6.409974,27.74338
20001_0310_1,10,45833917,2024-05-12,17,17:00,,19.504248,7.9395256,29.637981
20001_0310_1,10,45833917,2024-05-12,18,18:00,,32.76279,21.347736,43.071747
20001_0310_1,10,45833917,2024-05-12,19,19:00,,21.950068,11.422081,31.850168
20001_0310_1,10,45833917,2024-05-12,20,20:00,,14.977651,5.3695884,24.308279
20001_0310_1,10,45833917,2024-05-12,21,21:00,,18.620829,10.473871,27.003244
20001_0310_1,10,45833917,2024-05-12,22,22:00,,17.992947,10.991327,25.710064
20001_0310_1,10,45833917,2024-05-12,23,23:00,,0.7261758,0.0,7.997931
20001_0310_1,10,45833917,2024-05-13,0,00:00,,0.0,0.0,5.051788
20001_0310_1,10,45833917,2024-05-13,1,01:00,,0.0,0.0,3.4517977
20001_0310_1,10,45833917,2024-05-13,2,02:00,,0.0,0.0,3.451796
20001_0310_1,10,45833917,2024-05-13,3,03:00,,0.0,0.0,3.859066
20001_0310_1,10,45833917,2024-05-13,4,04:00,,0.0,0.0,6.0990543
20001_0310_1,10,45833917,2024-05-13,5,05:00,21.138891220092773,26.826197,19.2517,34.767967
20001_0310_1,10,45833917,2024-05-13,6,06:00,36.95941162109375,37.662495,28.411644,46.33153
20001_0310_1,10,45833917,2024-05-13,7,07:00,42.949005126953125,41.967922,32.25162,50.57878
20001_0310_1,10,45833917,2024-05-13,8,08:00,33.67833709716797,26.709835,17.382622,34.971603
20001_0310_1,10,45833917,2024-05-13,9,09:00,27.02814483642578,25.648022,16.960802,33.487972
20001_0310_1,10,45833917,2024-05-13,10,10:00,27.35714340209961,13.546281,5.1099687,21.335323
20001_0310_1,10,45833917,2024-05-13,11,11:00,17.652459716796876,18.618975,10.22221,26.527563
20001_0310_1,10,45833917,2024-05-13,12,12:00,31.914906819661457,29.42982,20.793507,37.69158
20001_0310_1,10,45833917,2024-05-13,13,13:00,26.616744995117188,24.295305,15.218999,33.09525
20001_0310_1,10,45833917,2024-05-13,14,14:00,10.908928871154785,17.058987,7.47359,26.091658
20001_0310_1,10,45833917,2024-05-13,15,15:00,40.517333984375,25.066208,15.160813,34.055244
20001_0310_1,10,45833917,2024-05-13,16,16:00,20.66108512878418,29.92436,19.782604,39.204304
20001_0310_1,10,45833917,2024-05-13,17,17:00,44.877838134765625,39.466118,28.833456,48.484245
20001_0310_1,10,45833917,2024-05-13,18,18:00,28.474327087402344,40.1643,29.83709,49.880604
20001_0310_1,10,45833917,2024-05-13,19,19:00,20.23480224609375,24.353487,14.84082,33.546158
20001_0310_1,10,45833917,2024-05-13,20,20:00,16.72222137451172,16.629896,7.8299513,25.31348
20001_0310_1,10,45833917,2024-05-13,21,21:00,21.913095474243164,18.09898,10.520846,25.66257
20001_0310_1,10,45833917,2024-05-13,22,22:00,24.0,18.473524,12.000835,25.266209
20001_0310_1,10,45833917,2024-05-13,23,23:00,,0.94999385,0.0,7.000865
20001_0310_1,10,45833917,2024-05-14,0,00:00,,0.0,0.0,5.0725965
20001_0310_1,10,45833917,2024-05-14,1,01:00,,0.18986097,0.0,4.634027
20001_0310_1,10,45833917,2024-05-14,2,02:00,,0.0,0.0,4.16622
20001_0310_1,10,45833917,2024-05-14,3,03:00,,0.0,0.0,4.7509794
20001_0310_1,10,45833917,2024-05-14,4,04:00,,1.008523,0.0,7.7332487
20001_0310_1,10,45833917,2024-05-14,5,05:00,26.661468505859375,25.670729,18.061554,33.491875
20001_0310_1,10,45833917,2024-05-14,6,06:00,22.085668563842773,37.731377,28.90152,46.444283
20001_0310_1,10,45833917,2024-05-14,7,07:00,38.476470947265625,42.994205,33.81349,51.824062
20001_0310_1,10,45833917,2024-05-14,8,08:00,20.07945442199707,28.082857,19.006304,36.269478
20001_0310_1,10,45833917,2024-05-14,9,09:00,29.973899841308594,26.825626,18.423372,34.529823
20001_0310_1,10,45833917,2024-05-14,10,10:00,15.769318580627441,17.337914,8.84429,24.939777
20001_0310_1,10,45833917,2024-05-14,11,11:00,18.61309560139974,18.81443,10.6497345,26.496698
20001_0310_1,10,45833917,2024-05-14,12,12:00,26.013595581054688,28.726091,20.04973,36.854237
20001_0310_1,10,45833917,2024-05-14,13,13:00,29.102498372395832,26.006964,17.155176,34.778343
20001_0310_1,10,45833917,2024-05-14,14,14:00,22.379628499348957,19.410154,10.004672,28.307625
20001_0310_1,10,45833917,2024-05-14,15,15:00,21.929468790690105,27.118006,17.458523,36.064816
20001_0310_1,10,45833917,2024-05-14,16,16:00,30.614046096801758,31.883791,22.11101,41.064503
20001_0310_1,10,45833917,2024-05-14,17,17:00,45.632598876953125,42.175545,32.05922,51.29778
20001_0310_1,10,45833917,2024-05-14,18,18:00,43.070068359375,39.1348,29.193903,48.66637
20001_0310_1,10,45833917,2024-05-14,19,19:00,23.695465087890625,23.331692,14.034027,32.629356
20001_0310_1,10,45833917,2024-05-14,20,20:00,16.220499674479168,16.96513,8.164509,25.868082
20001_0310_1,10,45833917,2024-05-14,21,21:00,12.399999618530273,18.997168,11.129419,26.698626
20001_0310_1,10,45833917,2024-05-14,22,22:00,15.0,19.163916,12.0015335,26.152697
20001_0310_1,10,45833917,2024-05-14,23,23:00,,1.3593782,0.0,7.4408703
20001_0310_1,10,45833917,2024-05-15,0,00:00,,0.0,0.0,3.3437283
20001_0310_1,10,45833917,2024-05-15,1,01:00,,0.0,0.0,3.3437283
20001_0310_1,10,45833917,2024-05-15,2,02:00,,0.0,0.0,3.4601085
20001_0310_1,10,45833917,2024-05-15,3,03:00,,0.0,0.0,4.3911505
20001_0310_1,10,45833917,2024-05-15,4,04:00,,0.0,0.0,5.991379
20001_0310_1,10,45833917,2024-05-15,5,05:00,24.161022186279297,23.026539,15.578202,30.75128
20001_0310_1,10,45833917,2024-05-15,6,06:00,35.545552571614586,34.30088,25.57236,42.680256
20001_0310_1,10,45833917,2024-05-15,7,07:00,36.94244893391927,40.00351,30.954947,48.3247
20001_0310_1,10,45833917,2024-05-15,8,08:00,36.34326389857701,26.547043,17.778519,34.65002
20001_0310_1,10,45833917,2024-05-15,9,09:00,16.198863983154297,26.32883,18.105837,34.068123
20001_0310_1,10,45833917,2024-05-15,10,10:00,22.59583282470703,16.42196,8.289888,24.088509
20001_0310_1,10,45833917,2024-05-15,11,11:00,12.882362365722656,17.462109,9.566436,25.321415
20001_0310_1,10,45833917,2024-05-15,12,12:00,39.97998555501302,25.703285,17.367552,33.893555
20001_0310_1,10,45833917,2024-05-15,13,13:00,21.573509216308594,25.55781,16.985676,34.12631
20001_0310_1,10,45833917,2024-05-15,14,14:00,11.38095219930013,18.88413,9.815563,27.461721
20001_0310_1,10,45833917,2024-05-15,15,15:00,28.057296752929688,26.998016,17.7276,35.610157
20001_0310_1,10,45833917,2024-05-15,16,16:00,37.02821350097656,31.798704,22.277346,40.26537
20001_0310_1,10,45833917,2024-05-15,17,17:00,40.821250915527344,41.92379,31.885988,50.36136
20001_0310_1,10,45833917,2024-05-15,18,18:00,41.144354248046874,38.25781,28.423674,46.86995
20001_0310_1,10,45833917,2024-05-15,19,19:00,26.572549438476564,22.6774,13.534275,31.151337
20001_0310_1,10,45833917,2024-05-15,20,20:00,18.4242426554362,16.683815,8.209877,24.488565
20001_0310_1,10,45833917,2024-05-15,21,21:00,17.210838317871094,18.785934,11.412152,25.843306
20001_0310_1,10,45833917,2024-05-15,22,22:00,23.33333396911621,17.745785,11.21758,24.106693
20001_0310_1,10,45833917,2024-05-15,23,23:00,,0.7833627,0.0,6.34052
20001_0310_1,10,45833917,2024-05-16,0,00:00,,0.0,0.0,4.223564
20001_0310_1,10,45833917,2024-05-16,1,01:00,,0.0,0.0,3.6590915
20001_0310_1,10,45833917,2024-05-16,2,02:00,,0.0,0.0,3.6026447
20001_0310_1,10,45833917,2024-05-16,3,03:00,,0.0,0.0,4.6186934
20001_0310_1,10,45833917,2024-05-16,4,04:00,,0.94963014,0.0,7.0741434
20001_0310_1,10,45833917,2024-05-16,5,05:00,24.4091854095459,24.699762,17.220518,32.03789
20001_0310_1,10,45833917,2024-05-16,6,06:00,35.476539611816406,36.567772,27.649124,44.696156
20001_0310_1,10,45833917,2024-05-16,7,07:00,41.69407348632812,40.744858,31.261744,48.816803
20001_0310_1,10,45833917,2024-05-16,8,08:00,30.362953186035156,28.467607,19.36727,36.370205
20001_0310_1,10,45833917,2024-05-16,9,09:00,22.03791046142578,25.969822,17.36869,33.7313
20001_0310_1,10,45833917,2024-05-16,10,10:00,19.081709543863933,17.820269,9.34614,25.63114
20001_0310_1,10,45833917,2024-05-16,11,11:00,11.762499809265137,19.155594,10.614437,27.322788
20001_0310_1,10,45833917,2024-05-16,12,12:00,27.811500549316406,29.28609,20.630276,37.978947
20001_0310_1,10,45833917,2024-05-16,13,13:00,16.010793050130207,26.858866,17.869658,35.91863
20001_0310_1,10,45833917,2024-05-16,14,14:00,15.540135383605957,19.857655,10.399233,28.744553
20001_0310_1,10,45833917,2024-05-16,15,15:00,16.84870147705078,29.37076,19.857655,38.148285
20001_0310_1,10,45833917,2024-05-16,16,16:00,30.105270385742188,31.007727,21.619862,39.898148
20001_0310_1,10,45833917,2024-05-16,17,17:00,44.38343811035156,42.720505,32.92693,51.13113
20001_0310_1,10,45833917,2024-05-16,18,18:00,34.3724365234375,40.914196,31.543978,49.494164
20001_0310_1,10,45833917,2024-05-16,19,19:00,25.511062622070312,24.981997,16.21858,33.29384
20001_0310_1,10,45833917,2024-05-16,20,20:00,12.527778625488281,17.305187,9.247357,25.024332
20001_0310_1,10,45833917,2024-05-16,21,21:00,32.60966491699219,19.120316,12.127926,25.99981
20001_0310_1,10,45833917,2024-05-16,22,22:00,14.666666984558105,19.369036,13.295677,25.671713
20001_0310_1,10,45833917,2024-05-16,23,23:00,,1.5705485,0.0,7.1588144
20001_0310_1,10,45833917,2024-05-17,0,00:00,,0.64915574,0.0,5.1317577
20001_0310_1,10,45833917,2024-05-17,1,01:00,,0.032797128,0.0,4.067139
20001_0310_1,10,45833917,2024-05-17,2,02:00,,0.0,0.0,3.7869768
20001_0310_1,10,45833917,2024-05-17,3,03:00,,0.0,0.0,4.683498
20001_0310_1,10,45833917,2024-05-17,4,04:00,,0.0,0.0,6.280423
20001_0310_1,10,45833917,2024-05-17,5,05:00,22.909923553466797,23.902655,16.142149,31.565102
20001_0310_1,10,45833917,2024-05-17,6,06:00,35.43278503417969,36.06171,26.872377,44.858814
20001_0310_1,10,45833917,2024-05-17,7,07:00,39.82803853352865,41.272736,31.691172,50.462067
20001_0310_1,10,45833917,2024-05-17,8,08:00,25.29415512084961,29.11368,19.561884,37.434505
20001_0310_1,10,45833917,2024-05-17,9,09:00,19.10146141052246,26.620232,17.679543,34.744946
20001_0310_1,10,45833917,2024-05-17,10,10:00,19.033784866333008,16.478344,7.7862973,24.39994
20001_0310_1,10,45833917,2024-05-17,11,11:00,26.21032460530599,16.975634,8.416664,25.366503
20001_0310_1,10,45833917,2024-05-17,12,12:00,32.53902053833008,26.18598,17.651525,34.77296
20001_0310_1,10,45833917,2024-05-17,13,13:00,26.445453643798828,24.070753,15.357694,33.20405
20001_0310_1,10,45833917,2024-05-17,14,14:00,16.2840576171875,18.964788,9.750937,28.101591
20001_0310_1,10,45833917,2024-05-17,15,15:00,30.569313049316406,26.872377,17.255796,36.06171
20001_0310_1,10,45833917,2024-05-17,16,16:00,22.667617797851562,28.077078,18.316912,37.57459
20001_0310_1,10,45833917,2024-05-17,17,17:00,52.919647216796875,40.432243,29.870115,49.90174
20001_0310_1,10,45833917,2024-05-17,18,18:00,39.043983459472656,35.893612,25.415533,45.419144
20001_0310_1,10,45833917,2024-05-17,19,19:00,14.317493438720703,23.426378,13.522628,32.853848
20001_0310_1,10,45833917,2024-05-17,20,20:00,12.79000015258789,16.051096,7.0158505,24.862211
20001_0310_1,10,45833917,2024-05-17,21,21:00,20.221132278442383,20.631756,12.64712,28.56036
20001_0310_1,10,45833917,2024-05-17,22,22:00,18.0,16.923101,10.220211,24.074253
20001_0310_1,10,45833917,2024-05-17,23,23:00,,2.218066,0.0,8.49371
20001_0310_1,10,45833917,2024-05-18,0,00:00,,0.18482971,0.0,4.259139
20001_0310_1,10,45833917,2024-05-18,1,01:00,,0.12901694,0.0,3.6452026
20001_0310_1,10,45833917,2024-05-18,2,02:00,,0.0,0.0,3.9800775
20001_0310_1,10,45833917,2024-05-18,3,03:00,,0.0,0.0,3.9800766
20001_0310_1,10,45833917,2024-05-18,4,04:00,,1.022017,0.0,7.384637
20001_0310_1,10,45833917,2024-05-18,5,05:00,,22.202847,14.521654,29.925898
20001_0310_1,10,45833917,2024-05-18,6,06:00,,31.467718,22.558653,40.50934
20001_0310_1,10,45833917,2024-05-18,7,07:00,,29.318937,19.860472,38.751244
20001_0310_1,10,45833917,2024-05-18,8,08:00,,20.359291,11.066517,29.177662
20001_0310_1,10,45833917,2024-05-18,9,09:00,,23.779549,14.800717,32.304905
20001_0310_1,10,45833917,2024-05-18,10,10:00,,13.817023,4.9428406,22.244705
20001_0310_1,10,45833917,2024-05-18,11,11:00,,17.668083,8.657857,26.517847
20001_0310_1,10,45833917,2024-05-18,12,12:00,,27.560843,18.309927,36.51874
20001_0310_1,10,45833917,2024-05-18,13,13:00,,24.170235,14.668164,33.86765
20001_0310_1,10,45833917,2024-05-18,14,14:00,,19.420944,9.449699,29.207312
20001_0310_1,10,45833917,2024-05-18,15,15:00,,23.863268,13.719351,33.909508
20001_0310_1,10,45833917,2024-05-18,16,16:00,12.0,19.809887,9.480221,29.935492
20001_0310_1,10,45833917,2024-05-18,17,17:00,,30.044498,19.251764,40.146553
20001_0310_1,10,45833917,2024-05-18,18,18:00,,32.91884,22.286564,43.188328
20001_0310_1,10,45833917,2024-05-18,19,19:00,,21.288918,11.389182,31.021215
20001_0310_1,10,45833917,2024-05-18,20,20:00,,13.468195,4.524247,22.474932
20001_0310_1,10,45833917,2024-05-18,21,21:00,,18.686226,11.026835,26.682232
20001_0310_1,10,45833917,2024-05-18,22,22:00,,17.465763,10.995006,24.376043
20001_0310_1,10,45833917,2024-05-18,23,23:00,,1.8592033,0.0,7.886949
20001_0310_1,10,45833917,2024-05-19,0,00:00,,0.0,0.0,3.2048292
20001_0310_1,10,45833917,2024-05-19,1,01:00,,0.0,0.0,3.0944285
20001_0310_1,10,45833917,2024-05-19,2,02:00,,0.0,0.0,2.818427
20001_0310_1,10,45833917,2024-05-19,3,03:00,,0.0,0.0,3.1496286
20001_0310_1,10,45833917,2024-05-19,4,04:00,,0.0,0.0,5.247241
20001_0310_1,10,45833917,2024-05-19,5,05:00,,23.601353,16.746162,30.501398
20001_0310_1,10,45833917,2024-05-19,6,06:00,,30.308191,21.910841,38.14664
20001_0310_1,10,45833917,2024-05-19,7,07:00,,26.526972,17.478643,34.586224
20001_0310_1,10,45833917,2024-05-19,8,08:00,,18.902426,9.980671,26.651175
20001_0310_1,10,45833917,2024-05-19,9,09:00,,21.690042,13.07189,29.259388
20001_0310_1,10,45833917,2024-05-19,10,10:00,,13.554892,4.778039,21.28294
20001_0310_1,10,45833917,2024-05-19,11,11:00,,16.701311,7.7174554,24.995161
20001_0310_1,10,45833917,2024-05-19,12,12:00,,26.692572,17.467215,35.469425
20001_0310_1,10,45833917,2024-05-19,13,13:00,,24.58116,14.900399,34.103218
20001_0310_1,10,45833917,2024-05-19,14,14:00,,17.581066,7.358653,27.230776
20001_0310_1,10,45833917,2024-05-19,15,15:00,,24.029156,13.679093,33.716812
20001_0310_1,10,45833917,2024-05-19,16,16:00,,20.975025,10.402433,30.826561
20001_0310_1,10,45833917,2024-05-19,17,17:00,,25.533365,14.493298,35.138226
20001_0310_1,10,45833917,2024-05-19,18,18:00,,35.883427,24.95376,45.76429
20001_0310_1,10,45833917,2024-05-19,19,19:00,,21.29674,11.305477,30.625595
20001_0310_1,10,45833917,2024-05-19,20,20:00,,13.554892,4.433036,22.152344
20001_0310_1,10,45833917,2024-05-19,21,21:00,,19.111153,11.5599165,26.436409
20001_0310_1,10,45833917,2024-05-19,22,22:00,,18.695423,12.381884,25.133162
20001_0310_1,10,45833917,2024-05-19,23,23:00,,1.2176163,0.0,6.79285
20001_0310_1,10,45833917,2024-05-20,0,00:00,,0.089776576,0.0,4.4911814
20001_0310_1,10,45833917,2024-05-20,1,01:00,,0.0,0.0,3.1707609
20001_0310_1,10,45833917,2024-05-20,2,02:00,,0.0,0.0,3.1157415
20001_0310_1,10,45833917,2024-05-20,3,03:00,,0.0,0.0,2.9506896
20001_0310_1,10,45833917,2024-05-20,4,04:00,,0.1998118,0.0,6.086691
20001_0310_1,10,45833917,2024-05-20,5,05:00,20.817548751831055,24.256239,16.856377,31.793642
20001_0310_1,10,45833917,2024-05-20,6,06:00,35.98240280151367,33.98059,24.641361,42.618347
20001_0310_1,10,45833917,2024-05-20,7,07:00,35.49518076578776,37.336662,27.295961,46.02944
20001_0310_1,10,45833917,2024-05-20,8,08:00,42.32011108398437,25.342836,15.577219,33.554203
20001_0310_1,10,45833917,2024-05-20,9,09:00,16.139583587646484,24.366274,15.068308,32.385082
20001_0310_1,10,45833917,2024-05-20,10,10:00,25.249061584472656,16.347466,6.9188313,24.386908
20001_0310_1,10,45833917,2024-05-20,11,11:00,17.630468368530273,19.05536,9.524428,27.570187
20001_0310_1,10,45833917,2024-05-20,12,12:00,21.051128387451172,29.936802,20.037079,38.904663
20001_0310_1,10,45833917,2024-05-20,13,13:00,20.735519409179688,25.906765,15.776656,35.36978
20001_0310_1,10,45833917,2024-05-20,14,14:00,18.632408142089844,17.65843,7.2171288,27.050959
20001_0310_1,10,45833917,2024-05-20,15,15:00,23.663637161254883,26.883327,16.381851,35.933716
20001_0310_1,10,45833917,2024-05-20,16,16:00,23.009174346923828,27.488522,16.918272,36.621437
20001_0310_1,10,45833917,2024-05-20,17,17:00,53.75721232096354,35.851185,24.930202,44.819046
20001_0310_1,10,45833917,2024-05-20,18,18:00,49.385782877604164,38.547047,27.84613,47.845013
20001_0310_1,10,45833917,2024-05-20,19,19:00,17.57298126220703,23.843609,13.954203,32.646416
20001_0310_1,10,45833917,2024-05-20,20,20:00,17.972222646077473,15.955465,7.097637,24.180592
20001_0310_1,10,45833917,2024-05-20,21,21:00,12.199999491373697,19.59522,12.057816,26.541187
20001_0310_1,10,45833917,2024-05-20,22,22:00,29.0,17.678202,11.4956045,23.778275
20001_0310_1,10,45833917,2024-05-20,23,23:00,,1.4101983,0.0,6.609357
20001_0310_1,10,45833917,2024-05-21,0,00:00,,0.037511677,0.0,4.968097
20001_0310_1,10,45833917,2024-05-21,1,01:00,,0.48321405,0.0,4.494537
20001_0310_1,10,45833917,2024-05-21,2,02:00,,0.14893767,0.0,4.2716866
20001_0310_1,10,45833917,2024-05-21,3,03:00,,0.0,0.0,4.2438307
20001_0310_1,10,45833917,2024-05-21,4,04:00,,0.0,0.0,5.9987845
20001_0310_1,10,45833917,2024-05-21,5,05:00,23.49102020263672,23.506542,16.542437,31.013844
20001_0310_1,10,45833917,2024-05-21,6,06:00,40.67247517903646,34.85803,26.556818,43.326378
20001_0310_1,10,45833917,2024-05-21,7,07:00,34.95417277018229,38.6465,29.760305,47.003426
20001_0310_1,10,45833917,2024-05-21,8,08:00,39.55763549804688,26.891096,18.116325,34.885887
20001_0310_1,10,45833917,2024-05-21,9,09:00,25.473556518554688,24.021885,15.804242,31.696321
20001_0310_1,10,45833917,2024-05-21,10,10:00,23.0,17.39554,8.951565,25.08043
20001_0310_1,10,45833917,2024-05-21,11,11:00,24.09620412190755,17.573124,9.346775,25.55921
20001_0310_1,10,45833917,2024-05-21,12,12:00,29.877342224121094,28.729618,20.01752,37.197968
20001_0310_1,10,45833917,2024-05-21,13,13:00,21.429370880126953,25.372921,16.37878,34.384468
20001_0310_1,10,45833917,2024-05-21,14,14:00,17.735931396484375,17.874321,8.624251,26.786633
20001_0310_1,10,45833917,2024-05-21,15,15:00,21.192306518554688,26.292181,16.897606,34.92767
20001_0310_1,10,45833917,2024-05-21,16,16:00,28.75922393798828,29.231033,19.892172,37.89438
20001_0310_1,10,45833917,2024-05-21,17,17:00,41.9842414855957,41.042152,31.292408,49.56621
20001_0310_1,10,45833917,2024-05-21,18,18:00,24.538986206054688,39.20363,29.56531,48.061966
20001_0310_1,10,45833917,2024-05-21,19,19:00,15.777778625488281,23.4369,14.453205,32.239525
20001_0310_1,10,45833917,2024-05-21,20,20:00,12.355769157409668,16.027092,7.579635,24.377052
20001_0310_1,10,45833917,2024-05-21,21,21:00,,19.505665,12.054073,26.790117
20001_0310_1,10,45833917,2024-05-21,22,22:00,17.4375,17.604462,11.155702,24.192503
20001_0310_1,10,45833917,2024-05-21,23,23:00,,1.4303327,0.0,7.0573287
20001_0310_1,10,45833917,2024-05-22,0,00:00,,0.0,0.0,4.297594
20001_0310_1,10,45833917,2024-05-22,1,01:00,,0.0,0.0,3.0247645
20001_0310_1,10,45833917,2024-05-22,2,02:00,,0.0,0.0,3.246126
20001_0310_1,10,45833917,2024-05-22,3,03:00,,0.14706567,0.0,5.0170193
20001_0310_1,10,45833917,2024-05-22,4,04:00,,0.6451289,0.0,6.9539323
20001_0310_1,10,45833917,2024-05-22,5,05:00,31.418912251790363,23.639055,16.285704,31.497389
20001_0310_1,10,45833917,2024-05-22,6,06:00,24.930374145507812,35.177525,26.12937,43.755283
20001_0310_1,10,45833917,2024-05-22,7,07:00,49.76911163330078,38.05522,28.453663,46.74366
20001_0310_1,10,45833917,2024-05-22,8,08:00,38.112003326416016,27.900265,18.743162,36.228992
20001_0310_1,10,45833917,2024-05-22,9,09:00,105.96295928955078,24.399984,15.759967,32.410503
20001_0310_1,10,45833917,2024-05-22,10,10:00,15.467339833577475,17.821398,9.087996,25.897635
20001_0310_1,10,45833917,2024-05-22,11,11:00,16.596969604492188,17.859446,9.015361,26.281557
20001_0310_1,10,45833917,2024-05-22,12,12:00,31.01850128173828,28.149296,18.966251,37.08677
20001_0310_1,10,45833917,2024-05-22,13,13:00,28.93622334798177,23.099485,13.650117,32.43818
20001_0310_1,10,45833917,2024-05-22,14,14:00,27.077468872070312,17.53086,7.799603,26.753681
20001_0310_1,10,45833917,2024-05-22,15,15:00,16.451852162679035,25.202421,15.4556,34.195236
20001_0310_1,10,45833917,2024-05-22,16,16:00,24.88702138264974,29.200764,19.505823,38.11057
20001_0310_1,10,45833917,2024-05-22,17,17:00,50.4142100016276,40.26884,30.224564,49.067963
20001_0310_1,10,45833917,2024-05-22,18,18:00,32.42613728841146,37.00376,27.291521,46.079582
20001_0310_1,10,45833917,2024-05-22,19,19:00,15.120526123046876,21.999598,12.958365,30.81947
20001_0310_1,10,45833917,2024-05-22,20,20:00,9.5,15.891404,7.6318526,24.081781
20001_0310_1,10,45833917,2024-05-22,21,21:00,14.222222646077475,20.201033,13.051749,27.523258
20001_0310_1,10,45833917,2024-05-22,22,22:00,13.357142448425293,17.174608,10.9073105,23.53875
20001_0310_1,10,45833917,2024-05-22,23,23:00,,1.3092129,0.0,6.6218896
20001_0310_1,10,45833917,2024-05-23,0,00:00,,0.0,0.0,5.1410894
20001_0310_1,10,45833917,2024-05-23,1,01:00,,0.9790273,0.0,5.926933
20001_0310_1,10,45833917,2024-05-23,2,02:00,,0.0,0.0,5.082878
20001_0310_1,10,45833917,2024-05-23,3,03:00,,0.0,0.0,5.897828
20001_0310_1,10,45833917,2024-05-23,4,04:00,,2.0268188,0.0,9.623311
20001_0310_1,10,45833917,2024-05-23,5,05:00,21.354034423828125,21.8621,13.272389,30.939327
20001_0310_1,10,45833917,2024-05-23,6,06:00,40.43517303466797,34.333736,24.059553,44.17134
20001_0310_1,10,45833917,2024-05-23,7,07:00,32.664599609375,36.42932,25.354744,46.55798
20001_0310_1,10,45833917,2024-05-23,8,08:00,37.67669932047526,29.58957,18.760567,39.601807
20001_0310_1,10,45833917,2024-05-23,9,09:00,27.682057698567707,26.649927,16.31026,36.57485
20001_0310_1,10,45833917,2024-05-23,10,10:00,23.61529032389323,18.884262,8.584161,28.957891
20001_0310_1,10,45833917,2024-05-23,11,11:00,12.760664939880371,19.475464,9.330439,29.820591
20001_0310_1,10,45833917,2024-05-23,12,12:00,27.58251698811849,27.785036,17.925606,38.4958
20001_0310_1,10,45833917,2024-05-23,13,13:00,18.46666717529297,23.477448,13.567082,34.362843
20001_0310_1,10,45833917,2024-05-23,14,14:00,18.348290761311848,18.449503,8.211702,29.051119
20001_0310_1,10,45833917,2024-05-23,15,15:00,12.857954661051432,24.219631,13.960003,34.552025
20001_0310_1,10,45833917,2024-05-23,16,16:00,29.414997100830078,25.980507,15.779088,36.371113
20001_0310_1,10,45833917,2024-05-23,17,17:00,34.275534057617186,37.24427,26.387983,47.25651
20001_0310_1,10,45833917,2024-05-23,18,18:00,40.99827880859375,35.206898,24.510685,45.33555
20001_0310_1,10,45833917,2024-05-23,19,19:00,20.953571319580078,21.123552,11.140427,31.033922
20001_0310_1,10,45833917,2024-05-23,20,20:00,22.22222137451172,14.905929,5.6868134,24.24146
20001_0310_1,10,45833917,2024-05-23,21,21:00,15.151249885559082,18.445862,10.385504,26.626278
20001_0310_1,10,45833917,2024-05-23,22,22:00,19.0,17.743698,10.863924,25.329273
20001_0310_1,10,45833917,2024-05-23,23,23:00,,2.2014506,0.0,8.779256
20001_0310_1,10,45833917,2024-05-24,0,00:00,,0.30082226,0.0,5.1745553
20001_0310_1,10,45833917,2024-05-24,1,01:00,,0.70696616,0.0,5.087524
20001_0310_1,10,45833917,2024-05-24,2,02:00,,0.0,0.0,4.7103887
20001_0310_1,10,45833917,2024-05-24,3,03:00,,0.0,0.0,5.2325754
20001_0310_1,10,45833917,2024-05-24,4,04:00,,1.3451935,0.0,8.568762
20001_0310_1,10,45833917,2024-05-24,5,05:00,23.26478385925293,21.899,13.761608,30.399021
20001_0310_1,10,45833917,2024-05-24,6,06:00,38.01026407877604,35.055176,25.278698,44.57056
20001_0310_1,10,45833917,2024-05-24,7,07:00,41.69163513183594,36.09955,25.815392,45.963055
20001_0310_1,10,45833917,2024-05-24,8,08:00,32.7033576965332,29.282125,19.04511,38.536415
20001_0310_1,10,45833917,2024-05-24,9,09:00,27.00438690185547,27.686558,18.018871,36.679756
20001_0310_1,10,45833917,2024-05-24,10,10:00,15.642621358235678,18.179335,8.7917795,26.981247
20001_0310_1,10,45833917,2024-05-24,11,11:00,22.20879554748535,18.52383,9.362013,27.580488
20001_0310_1,10,45833917,2024-05-24,12,12:00,26.117507934570312,27.280415,18.029749,36.882828
20001_0310_1,10,45833917,2024-05-24,13,13:00,20.266137440999348,22.00779,12.593944,32.001842
20001_0310_1,10,45833917,2024-05-24,14,14:00,21.95009422302246,18.729624,8.888784,28.644808
20001_0310_1,10,45833917,2024-05-24,15,15:00,14.0,22.631512,12.6447115,32.502266
20001_0310_1,10,45833917,2024-05-24,16,16:00,23.054336547851562,25.307713,15.139599,35.14221
20001_0310_1,10,45833917,2024-05-24,17,17:00,45.98224385579427,39.406723,28.585876,49.15419
20001_0310_1,10,45833917,2024-05-24,18,18:00,30.325762939453124,37.259964,26.729218,47.065445
20001_0310_1,10,45833917,2024-05-24,19,19:00,27.244279861450195,21.790213,11.984726,31.320095
20001_0310_1,10,45833917,2024-05-24,20,20:00,16.0,15.669036,6.7266064,24.56795
20001_0310_1,10,45833917,2024-05-24,21,21:00,15.642857551574707,18.93043,11.162011,26.697033
20001_0310_1,10,45833917,2024-05-24,22,22:00,17.0,17.329876,10.875081,24.408392
20001_0310_1,10,45833917,2024-05-24,23,23:00,,1.9253997,0.0,8.133608
20001_0310_1,10,45833917,2024-05-25,0,00:00,,0.3704587,0.0,4.878971
20001_0310_1,10,45833917,2024-05-25,1,01:00,,0.14072633,0.0,4.161057
20001_0310_1,10,45833917,2024-05-25,2,02:00,,0.1981592,0.0,4.476939
20001_0310_1,10,45833917,2024-05-25,3,03:00,,0.0,0.0,4.6492395
20001_0310_1,10,45833917,2024-05-25,4,04:00,,1.6914243,0.0,8.468553
20001_0310_1,10,45833917,2024-05-25,5,05:00,,22.7838,14.843649,30.968042
20001_0310_1,10,45833917,2024-05-25,6,06:00,,33.107433,23.566326,42.756226
20001_0310_1,10,45833917,2024-05-25,7,07:00,,32.332085,22.073063,42.354195
20001_0310_1,10,45833917,2024-05-25,8,08:00,,24.607306,14.441614,34.256096
20001_0310_1,10,45833917,2024-05-25,9,09:00,,25.899557,16.229227,35.275543
20001_0310_1,10,45833917,2024-05-25,10,10:00,,15.568744,6.27173,24.707817
20001_0310_1,10,45833917,2024-05-25,11,11:00,,18.960896,9.73029,28.396109
20001_0310_1,10,45833917,2024-05-25,12,12:00,,27.507689,18.196318,37.099052
20001_0310_1,10,45833917,2024-05-25,13,13:00,,22.970457,13.651907,32.848988
20001_0310_1,10,45833917,2024-05-25,14,14:00,,19.511,9.9196415,29.21723
20001_0310_1,10,45833917,2024-05-25,15,15:00,,23.013535,13.479609,32.63361
20001_0310_1,10,45833917,2024-05-25,16,16:00,,22.015629,12.216073,31.41315
20001_0310_1,10,45833917,2024-05-25,17,17:00,,32.79155,22.539707,41.95216
20001_0310_1,10,45833917,2024-05-25,18,18:00,,33.854065,23.702732,43.273125
20001_0310_1,10,45833917,2024-05-25,19,19:00,,21.053623,11.735073,30.242952
20001_0310_1,10,45833917,2024-05-25,20,20:00,,13.852925,5.1804967,22.35305
20001_0310_1,10,45833917,2024-05-25,21,21:00,,18.120934,10.548714,25.711102
20001_0310_1,10,45833917,2024-05-25,22,22:00,,17.582499,11.171509,24.33809
20001_0310_1,10,45833917,2024-05-25,23,23:00,,0.8299251,0.0,6.774271
20001_0310_1,10,45833917,2024-05-26,0,00:00,,0.0,0.0,4.479383
20001_0310_1,10,45833917,2024-05-26,1,01:00,,0.0,0.0,3.9403186
20001_0310_1,10,45833917,2024-05-26,2,02:00,,0.0,0.0,3.713344
20001_0310_1,10,45833917,2024-05-26,3,03:00,,0.0,0.0,4.110549
20001_0310_1,10,45833917,2024-05-26,4,04:00,,0.30872586,0.0,7.5151653
20001_0310_1,10,45833917,2024-05-26,5,05:00,,21.481192,13.232086,30.439589
20001_0310_1,10,45833917,2024-05-26,6,06:00,,31.007029,21.069801,41.22088
20001_0310_1,10,45833917,2024-05-26,7,07:00,,24.538256,13.827894,35.17768
20001_0310_1,10,45833917,2024-05-26,8,08:00,,21.601772,10.962341,31.858183
20001_0310_1,10,45833917,2024-05-26,9,09:00,,22.665716,12.352562,32.62422
20001_0310_1,10,45833917,2024-05-26,10,10:00,,13.771151,3.4296265,23.516869
20001_0310_1,10,45833917,2024-05-26,11,11:00,,16.941702,6.7987795,26.942768
20001_0310_1,10,45833917,2024-05-26,12,12:00,,27.233578,17.204144,37.333942
20001_0310_1,10,45833917,2024-05-26,13,13:00,,22.765017,12.622093,33.23422
20001_0310_1,10,45833917,2024-05-26,14,14:00,,19.3604,9.157184,29.811867
20001_0310_1,10,45833917,2024-05-26,15,15:00,,21.878397,11.58652,32.425617
20001_0310_1,10,45833917,2024-05-26,16,16:00,,19.509352,8.923118,29.889889
20001_0310_1,10,45833917,2024-05-26,17,17:00,,26.098705,15.085122,36.383488
20001_0310_1,10,45833917,2024-05-26,18,18:00,,32.397247,21.594679,42.752956
20001_0310_1,10,45833917,2024-05-26,19,19:00,,21.154917,11.324081,30.98575
20001_0310_1,10,45833917,2024-05-26,20,20:00,,14.2251005,5.2312355,23.23315
20001_0310_1,10,45833917,2024-05-26,21,21:00,,18.466688,10.99293,26.455568
20001_0310_1,10,45833917,2024-05-26,22,22:00,,18.569534,12.315321,25.749376
20001_0310_1,10,45833917,2024-05-26,23,23:00,,0.81941915,0.0,7.0895905
20001_0310_1,10,45833917,2024-05-27,0,00:00,,0.0,0.0,4.1546893
20001_0310_1,10,45833917,2024-05-27,1,01:00,,0.0,0.0,3.928648
20001_0310_1,10,45833917,2024-05-27,2,02:00,,0.0,0.0,3.363544
20001_0310_1,10,45833917,2024-05-27,3,03:00,,0.0,0.0,3.5895853
20001_0310_1,10,45833917,2024-05-27,4,04:00,,0.9901054,0.0,7.7996125
20001_0310_1,10,45833917,2024-05-27,5,05:00,25.15678596496582,21.34799,13.40121,29.746853
20001_0310_1,10,45833917,2024-05-27,6,06:00,26.871063232421875,35.29194,25.47325,44.67267
20001_0310_1,10,45833917,2024-05-27,7,07:00,36.19343948364258,35.009388,24.441936,44.446632
20001_0310_1,10,45833917,2024-05-27,8,08:00,38.73688888549805,29.923449,19.5944,39.04988
20001_0310_1,10,45833917,2024-05-27,9,09:00,31.419692993164062,26.151375,16.26205,34.82572
20001_0310_1,10,45833917,2024-05-27,10,10:00,14.920721054077148,16.841284,7.170936,25.423805
20001_0310_1,10,45833917,2024-05-27,11,11:00,17.291532897949217,18.541893,9.134671,27.133245
20001_0310_1,10,45833917,2024-05-27,12,12:00,24.023874918619793,27.239202,17.893787,35.8853
20001_0310_1,10,45833917,2024-05-27,13,13:00,28.126841227213543,22.789005,13.54955,31.59051
20001_0310_1,10,45833917,2024-05-27,14,14:00,13.742234547932943,18.978083,9.826925,27.684223
20001_0310_1,10,45833917,2024-05-27,15,15:00,23.75091807047526,22.577091,13.365891,31.03953
20001_0310_1,10,45833917,2024-05-27,16,16:00,36.21519470214844,24.696232,15.3084345,33.102158
20001_0310_1,10,45833917,2024-05-27,17,17:00,82.10662841796875,35.800533,25.91121,43.99455
20001_0310_1,10,45833917,2024-05-27,18,18:00,40.21674346923828,36.535168,26.787117,45.237778
20001_0310_1,10,45833917,2024-05-27,19,19:00,19.24262237548828,22.675983,13.803845,31.0254
20001_0310_1,10,45833917,2024-05-27,20,20:00,24.14227040608724,15.88767,7.8278685,23.72143
20001_0310_1,10,45833917,2024-05-27,21,21:00,13.8646879196167,18.199299,11.22909,24.93287
20001_0310_1,10,45833917,2024-05-27,22,22:00,21.359113693237305,18.165745,12.2674675,24.417212
20001_0310_1,10,45833917,2024-05-27,23,23:00,,1.7247412,0.0,7.375785
20001_0310_1,10,45833917,2024-05-28,0,00:00,,0.0,0.0,4.679018
20001_0310_1,10,45833917,2024-05-28,1,01:00,,0.49645227,0.0,4.5628347
20001_0310_1,10,45833917,2024-05-28,2,02:00,,0.32217824,0.0,4.7371078
20001_0310_1,10,45833917,2024-05-28,3,03:00,,0.0,0.0,4.737108
20001_0310_1,10,45833917,2024-05-28,4,04:00,,0.2640866,0.0,7.1188455
20001_0310_1,10,45833917,2024-05-28,5,05:00,31.537935256958008,23.050352,15.65825,31.705935
20001_0310_1,10,45833917,2024-05-28,6,06:00,28.013952255249023,35.99016,26.869848,45.865665
20001_0310_1,10,45833917,2024-05-28,7,07:00,52.032470703125,36.33871,26.40512,46.562763
20001_0310_1,10,45833917,2024-05-28,8,08:00,41.67059326171875,30.645771,20.766644,40.60841
20001_0310_1,10,45833917,2024-05-28,9,09:00,18.367416381835938,28.322126,18.976707,37.994305
20001_0310_1,10,45833917,2024-05-28,10,10:00,23.369836807250977,18.297766,8.82709,28.05527
20001_0310_1,10,45833917,2024-05-28,11,11:00,15.71069081624349,17.822145,8.5457115,27.802938
20001_0310_1,10,45833917,2024-05-28,12,12:00,24.340738932291668,27.6686,18.141645,37.878124
20001_0310_1,10,45833917,2024-05-28,13,13:00,29.9925053914388,22.099108,12.717383,32.526478
20001_0310_1,10,45833917,2024-05-28,14,14:00,19.28670310974121,18.528316,9.028596,28.779594
20001_0310_1,10,45833917,2024-05-28,15,15:00,33.462615966796875,22.316952,12.652032,32.098053
20001_0310_1,10,45833917,2024-05-28,16,16:00,34.97797775268555,28.118809,18.401243,38.081444
20001_0310_1,10,45833917,2024-05-28,17,17:00,71.32014465332031,42.903015,32.649918,52.72042
20001_0310_1,10,45833917,2024-05-28,18,18:00,60.55398941040039,36.97771,26.78271,47.14367
20001_0310_1,10,45833917,2024-05-28,19,19:00,19.500354766845703,22.99226,13.566967,32.75158
20001_0310_1,10,45833917,2024-05-28,20,20:00,20.25812276204427,16.275469,7.619882,25.352213
20001_0310_1,10,45833917,2024-05-28,21,21:00,36.366172790527344,17.698702,10.219461,25.45387
20001_0310_1,10,45833917,2024-05-28,22,22:00,12.810593605041504,16.732937,10.14685,23.754707
20001_0310_1,10,45833917,2024-05-28,23,23:00,,0.84499943,0.0,6.7412543
20001_0310_1,10,45833917,2024-05-29,0,00:00,,0.087057084,0.0,5.1622486
20001_0310_1,10,45833917,2024-05-29,1,01:00,,0.0,0.0,4.445751
20001_0310_1,10,45833917,2024-05-29,2,02:00,,0.0,0.0,4.5054607
20001_0310_1,10,45833917,2024-05-29,3,03:00,,0.20647359,0.0,6.804222
20001_0310_1,10,45833917,2024-05-29,4,04:00,,1.1020961,0.0,9.849338
20001_0310_1,10,45833917,2024-05-29,5,05:00,18.696020126342773,26.19444,17.021778,37.285225
20001_0310_1,10,45833917,2024-05-29,6,06:00,35.81707763671875,38.061428,26.821375,50.958385
20001_0310_1,10,45833917,2024-05-29,7,07:00,27.12335968017578,42.77837,30.806896,56.152996
20001_0310_1,10,45833917,2024-05-29,8,08:00,38.797803243001304,32.86682,21.30584,45.614513
20001_0310_1,10,45833917,2024-05-29,9,09:00,49.00959777832031,32.09062,21.089396,44.420345
20001_0310_1,10,45833917,2024-05-29,10,10:00,14.341510772705078,18.936169,8.179374,31.107296
20001_0310_1,10,45833917,2024-05-29,11,11:00,25.828487396240234,21.339422,10.718836,33.915443
20001_0310_1,10,45833917,2024-05-29,12,12:00,28.163990020751953,29.493313,18.887655,42.33056
20001_0310_1,10,45833917,2024-05-29,13,13:00,24.21851921081543,24.985352,14.327448,37.777817
20001_0310_1,10,45833917,2024-05-29,14,14:00,22.257166544596355,20.880417,10.244903,33.172825
20001_0310_1,10,45833917,2024-05-29,15,15:00,22.044576009114582,24.925642,14.208033,37.031464
20001_0310_1,10,45833917,2024-05-29,16,16:00,31.78278096516927,29.85156,18.72719,41.97231
20001_0310_1,10,45833917,2024-05-29,17,17:00,53.025472005208336,45.524944,33.67288,57.46657
20001_0310_1,10,45833917,2024-05-29,18,18:00,35.77738571166992,40.39005,28.806671,52.570503
20001_0310_1,10,45833917,2024-05-29,19,19:00,19.363179524739582,25.015203,14.506571,36.941902
20001_0310_1,10,45833917,2024-05-29,20,20:00,17.072355270385742,17.230757,7.6326723,27.784166
20001_0310_1,10,45833917,2024-05-29,21,21:00,9.547040939331055,19.53605,11.511836,28.752562
20001_0310_1,10,45833917,2024-05-29,22,22:00,21.340442657470703,17.376295,10.521053,25.612284
20001_0310_1,10,45833917,2024-05-29,23,23:00,,0.14676577,0.0,7.0430546
20001_0310_1,10,45833917,2024-05-30,0,00:00,,0.0,0.0,4.525055
20001_0310_1,10,45833917,2024-05-30,1,01:00,,0.3446682,0.0,4.5852036
20001_0310_1,10,45833917,2024-05-30,2,02:00,,0.0,0.0,3.7130375
20001_0310_1,10,45833917,2024-05-30,3,03:00,,0.0,0.0,5.3069973
20001_0310_1,10,45833917,2024-05-30,4,04:00,,0.0,0.0,7.652824
20001_0310_1,10,45833917,2024-05-30,5,05:00,,23.817984,14.870755,33.38174
20001_0310_1,10,45833917,2024-05-30,6,06:00,,36.253876,25.381868,47.140923
20001_0310_1,10,45833917,2024-05-30,7,07:00,,36.13358,24.630001,47.44167
20001_0310_1,10,45833917,2024-05-30,8,08:00,,30.659983,19.413918,41.547028
20001_0310_1,10,45833917,2024-05-30,9,09:00,,29.42692,18.9534,39.862843
20001_0310_1,10,45833917,2024-05-30,10,10:00,,17.306808,7.4723763,27.682585
20001_0310_1,10,45833917,2024-05-30,11,11:00,,19.263544,9.850159,29.669395
20001_0310_1,10,45833917,2024-05-30,12,12:00,,27.682585,18.412056,38.208733
20001_0310_1,10,45833917,2024-05-30,13,13:00,,22.742813,13.615137,33.524597
20001_0310_1,10,45833917,2024-05-30,14,14:00,,19.728529,10.208002,30.358067
20001_0310_1,10,45833917,2024-05-30,15,15:00,,22.20147,12.434705,32.765213
20001_0310_1,10,45833917,2024-05-30,16,16:00,,27.126204,16.991024,37.757614
20001_0310_1,10,45833917,2024-05-30,17,17:00,,42.62972,31.742674,52.915276
20001_0310_1,10,45833917,2024-05-30,18,18:00,,38.720005,28.254007,49.065712
20001_0310_1,10,45833917,2024-05-30,19,19:00,,22.870632,13.374538,32.50206
20001_0310_1,10,45833917,2024-05-30,20,20:00,,16.675241,8.246799,25.14879
20001_0310_1,10,45833917,2024-05-30,21,21:00,,18.908287,11.701632,26.107422
20001_0310_1,10,45833917,2024-05-30,22,22:00,,17.776728,11.675318,24.321735
20001_0310_1,10,45833917,2024-05-30,23,23:00,,1.2469107,0.0,7.021257
20001_0310_1,10,45833917,2024-05-31,0,00:00,,0.8099526,0.0,4.6670437
20001_0310_1,10,45833917,2024-05-31,1,01:00,,0.6894182,0.0,3.8233054
20001_0310_1,10,45833917,2024-05-31,2,02:00,,0.32781655,0.0,3.702771
20001_0310_1,10,45833917,2024-05-31,3,03:00,,0.0,0.0,4.2451754
20001_0310_1,10,45833917,2024-05-31,4,04:00,,0.0,0.0,5.6614494
20001_0310_1,10,45833917,2024-05-31,5,05:00,,23.831964,15.884249,31.644083
20001_0310_1,10,45833917,2024-05-31,6,06:00,,36.307247,26.73985,45.829437
20001_0310_1,10,45833917,2024-05-31,7,07:00,,39.26033,29.045065,49.445465
20001_0310_1,10,45833917,2024-05-31,8,08:00,,31.003746,20.93538,40.82728
20001_0310_1,10,45833917,2024-05-31,9,09:00,,29.376535,19.912727,38.506996
20001_0310_1,10,45833917,2024-05-31,10,10:00,,18.36273,9.685217,27.22293
20001_0310_1,10,45833917,2024-05-31,11,11:00,,21.18775,12.833233,30.054543
20001_0310_1,10,45833917,2024-05-31,12,12:00,,28.623198,20.306345,37.633118
20001_0310_1,10,45833917,2024-05-31,13,13:00,,24.073034,15.778783,33.474693
20001_0310_1,10,45833917,2024-05-31,14,14:00,,21.77535,13.021563,31.418083
20001_0310_1,10,45833917,2024-05-31,15,15:00,,23.907299,14.535776,34.092438
20001_0310_1,10,45833917,2024-05-31,16,16:00,,28.623198,18.611334,39.109665
20001_0310_1,10,45833917,2024-05-31,17,17:00,,46.311577,35.101906,56.85831
20001_0310_1,10,45833917,2024-05-31,18,18:00,,40.827274,30.069601,51.615074
20001_0310_1,10,45833917,2024-05-31,19,19:00,,24.344236,14.415242,34.303368
20001_0310_1,10,45833917,2024-05-31,20,20:00,,17.308058,8.821705,25.847147
20001_0310_1,10,45833917,2024-05-31,21,21:00,,19.448479,12.268226,26.551517
20001_0310_1,10,45833917,2024-05-31,22,22:00,,18.87406,12.90574,24.898882
20001_0310_1,10,45833917,2024-05-31,23,23:00,,1.9550265,0.0,7.1078596
20001_0310_1,11,44783486,2024-05-01,0,00:00,,0.0,0.0,5.5813584
20001_0310_1,11,44783486,2024-05-01,1,01:00,,0.2952234,0.0,5.1203575
20001_0310_1,11,44783486,2024-05-01,2,02:00,,1.0328232,0.0,6.042358
20001_0310_1,11,44783486,2024-05-01,3,03:00,,0.9098902,0.0,7.1794915
20001_0310_1,11,44783486,2024-05-01,4,04:00,,2.01629,0.0,10.129892
20001_0310_1,11,44783486,2024-05-01,5,05:00,,28.662096,20.01066,39.034595
20001_0310_1,11,44783486,2024-05-01,6,06:00,,36.4069,25.773163,48.23924
20001_0310_1,11,44783486,2024-05-01,7,07:00,,46.764034,35.36196,58.934433
20001_0310_1,11,44783486,2024-05-01,8,08:00,,25.788528,14.924294,37.574768
20001_0310_1,11,44783486,2024-05-01,9,09:00,,28.539164,18.28191,39.971966
20001_0310_1,11,44783486,2024-05-01,10,10:00,,20.846224,10.640835,32.33857
20001_0310_1,11,44783486,2024-05-01,11,11:00,,21.1113,10.865571,33.147243
20001_0310_1,11,44783486,2024-05-01,12,12:00,,28.907963,18.212759,41.60083
20001_0310_1,11,44783486,2024-05-01,13,13:00,,25.235329,14.071443,38.489082
20001_0310_1,11,44783486,2024-05-01,14,14:00,,22.156233,10.500614,35.45609
20001_0310_1,11,44783486,2024-05-01,15,15:00,,29.584099,17.521261,42.983837
20001_0310_1,11,44783486,2024-05-01,16,16:00,,31.120764,18.888895,44.7971
20001_0310_1,11,44783486,2024-05-01,17,17:00,,45.842037,33.118427,59.364704
20001_0310_1,11,44783486,2024-05-01,18,18:00,,40.49443,27.924494,54.078568
20001_0310_1,11,44783486,2024-05-01,19,19:00,,26.310997,14.709163,39.311207
20001_0310_1,11,44783486,2024-05-01,20,20:00,,17.628828,6.9797273,29.507265
20001_0310_1,11,44783486,2024-05-01,21,21:00,,20.039474,11.063419,30.363955
20001_0310_1,11,44783486,2024-05-01,22,22:00,,22.77282,14.762945,31.94288
20001_0310_1,11,44783486,2024-05-01,23,23:00,,1.9548239,0.0,9.730359
20001_0310_1,11,44783486,2024-05-02,0,00:00,,0.0,0.0,4.465195
20001_0310_1,11,44783486,2024-05-02,1,01:00,,0.57664776,0.0,4.7120867
20001_0310_1,11,44783486,2024-05-02,2,02:00,,0.0,0.0,3.2924585
20001_0310_1,11,44783486,2024-05-02,3,03:00,,0.0,0.0,5.020702
20001_0310_1,11,44783486,2024-05-02,4,04:00,,0.20631137,0.0,7.0267
20001_0310_1,11,44783486,2024-05-02,5,05:00,,27.904493,19.865076,36.23709
20001_0310_1,11,44783486,2024-05-02,6,06:00,,36.221664,26.747187,45.48011
20001_0310_1,11,44783486,2024-05-02,7,07:00,,46.80716,36.931484,56.003887
20001_0310_1,11,44783486,2024-05-02,8,08:00,,25.242693,15.868517,34.13852
20001_0310_1,11,44783486,2024-05-02,9,09:00,,28.629738,19.99238,37.054928
20001_0310_1,11,44783486,2024-05-02,10,10:00,,21.05228,12.870129,29.350163
20001_0310_1,11,44783486,2024-05-02,11,11:00,,20.781277,12.786707,29.26674
20001_0310_1,11,44783486,2024-05-02,12,12:00,,30.69746,22.418865,39.925045
20001_0310_1,11,44783486,2024-05-02,13,13:00,,25.728758,17.064394,35.712444
20001_0310_1,11,44783486,2024-05-02,14,14:00,,23.418005,13.866375,33.556004
20001_0310_1,11,44783486,2024-05-02,15,15:00,,30.728321,20.60961,41.19037
20001_0310_1,11,44783486,2024-05-02,16,16:00,,30.51229,20.142832,41.03606
20001_0310_1,11,44783486,2024-05-02,17,17:00,,46.1282,35.048927,56.312492
20001_0310_1,11,44783486,2024-05-02,18,18:00,,41.313812,30.635736,51.436382
20001_0310_1,11,44783486,2024-05-02,19,19:00,,26.716328,16.501175,36.422268
20001_0310_1,11,44783486,2024-05-02,20,20:00,,18.468594,9.140709,27.364416
20001_0310_1,11,44783486,2024-05-02,21,21:00,,20.181408,11.889314,27.99901
20001_0310_1,11,44783486,2024-05-02,22,22:00,,22.75834,15.583045,29.964495
20001_0310_1,11,44783486,2024-05-02,23,23:00,,1.0704327,0.0,7.3044524
20001_0310_1,11,44783486,2024-05-03,0,00:00,,0.79258543,0.0,5.071921
20001_0310_1,11,44783486,2024-05-03,1,01:00,,0.73056597,0.0,4.1416297
20001_0310_1,11,44783486,2024-05-03,2,02:00,,0.0,0.0,3.1493206
20001_0310_1,11,44783486,2024-05-03,3,03:00,,0.0,0.0,4.699805
20001_0310_1,11,44783486,2024-05-03,4,04:00,,0.0,0.0,6.4053354
20001_0310_1,11,44783486,2024-05-03,5,05:00,,30.716919,22.150496,39.02751
20001_0310_1,11,44783486,2024-05-03,6,06:00,,35.678463,25.352242,45.32247
20001_0310_1,11,44783486,2024-05-03,7,07:00,,47.059013,36.329666,56.920086
20001_0310_1,11,44783486,2024-05-03,8,08:00,,27.398882,17.258718,36.67077
20001_0310_1,11,44783486,2024-05-03,9,09:00,,28.871841,19.704609,37.49253
20001_0310_1,11,44783486,2024-05-03,10,10:00,,21.355871,12.90307,29.725819
20001_0310_1,11,44783486,2024-05-03,11,11:00,,21.663063,13.466821,30.243052
20001_0310_1,11,44783486,2024-05-03,12,12:00,,30.46884,22.173752,39.399624
20001_0310_1,11,44783486,2024-05-03,13,13:00,,25.708857,17.367252,35.259834
20001_0310_1,11,44783486,2024-05-03,14,14:00,,23.762999,14.669413,33.368248
20001_0310_1,11,44783486,2024-05-03,15,15:00,,30.933985,21.466345,40.764053
20001_0310_1,11,44783486,2024-05-03,16,16:00,,30.437832,20.727926,40.422943
20001_0310_1,11,44783486,2024-05-03,17,17:00,,44.70228,34.03495,54.377293
20001_0310_1,11,44783486,2024-05-03,18,18:00,,40.546986,30.282785,50.34604
20001_0310_1,11,44783486,2024-05-03,19,19:00,,25.057653,15.491169,34.298534
20001_0310_1,11,44783486,2024-05-03,20,20:00,,18.840214,10.289297,27.158556
20001_0310_1,11,44783486,2024-05-03,21,21:00,,19.220083,11.68861,26.51123
20001_0310_1,11,44783486,2024-05-03,22,22:00,,22.44315,15.993136,28.877655
20001_0310_1,11,44783486,2024-05-03,23,23:00,,1.0406624,0.0,6.715432
20001_0310_1,11,44783486,2024-05-04,0,00:00,,0.6719458,0.0,4.6222014
20001_0310_1,11,44783486,2024-05-04,1,01:00,,0.6102229,0.0,3.6963603
20001_0310_1,11,44783486,2024-05-04,2,02:00,,0.0,0.0,3.1408541
20001_0310_1,11,44783486,2024-05-04,3,03:00,,0.0,0.0,4.066696
20001_0310_1,11,44783486,2024-05-04,4,04:00,,0.91883653,0.0,6.4430223
20001_0310_1,11,44783486,2024-05-04,5,05:00,,28.061413,21.073238,35.051514
20001_0310_1,11,44783486,2024-05-04,6,06:00,,35.1441,26.88868,43.538395
20001_0310_1,11,44783486,2024-05-04,7,07:00,,44.98888,36.19339,53.630066
20001_0310_1,11,44783486,2024-05-04,8,08:00,,24.489208,16.172068,32.55946
20001_0310_1,11,44783486,2024-05-04,9,09:00,,28.817516,21.190899,36.424847
20001_0310_1,11,44783486,2024-05-04,10,10:00,,20.775236,13.673744,27.99342
20001_0310_1,11,44783486,2024-05-04,11,11:00,,20.61032,13.805386,28.063337
20001_0310_1,11,44783486,2024-05-04,12,12:00,,29.635344,22.71468,37.258102
20001_0310_1,11,44783486,2024-05-04,13,13:00,,25.685087,18.47896,34.141106
20001_0310_1,11,44783486,2024-05-04,14,14:00,,22.903706,14.814169,31.587324
20001_0310_1,11,44783486,2024-05-04,15,15:00,,28.47804,19.559105,37.82904
20001_0310_1,11,44783486,2024-05-04,16,16:00,,25.993702,16.30323,35.823048
20001_0310_1,11,44783486,2024-05-04,17,17:00,,41.532402,30.607475,51.531487
20001_0310_1,11,44783486,2024-05-04,18,18:00,,38.94005,28.123133,49.37119
20001_0310_1,11,44783486,2024-05-04,19,19:00,,24.682093,14.443834,34.565445
20001_0310_1,11,44783486,2024-05-04,20,20:00,,17.028471,7.762345,25.970554
20001_0310_1,11,44783486,2024-05-04,21,21:00,,18.58697,10.694174,26.464333
20001_0310_1,11,44783486,2024-05-04,22,22:00,,21.565578,14.778969,28.357971
20001_0310_1,11,44783486,2024-05-04,23,23:00,,1.5977868,0.0,7.338002
20001_0310_1,11,44783486,2024-05-05,0,00:00,,0.0,0.0,2.7940235
20001_0310_1,11,44783486,2024-05-05,1,01:00,,0.0,0.0,2.732538
20001_0310_1,11,44783486,2024-05-05,2,02:00,,0.0,0.0,2.7940216
20001_0310_1,11,44783486,2024-05-05,3,03:00,,0.0,0.0,3.4088616
20001_0310_1,11,44783486,2024-05-05,4,04:00,,0.027239889,0.0,6.2678704
20001_0310_1,11,44783486,2024-05-05,5,05:00,,27.264671,19.70982,35.073147
20001_0310_1,11,44783486,2024-05-05,6,06:00,,34.550533,25.374035,43.5272
20001_0310_1,11,44783486,2024-05-05,7,07:00,16.363636016845703,40.91413,31.107424,50.19822
20001_0310_1,11,44783486,2024-05-05,8,08:00,,21.61006,12.023353,30.176516
20001_0310_1,11,44783486,2024-05-05,9,09:00,,28.00248,18.987383,36.2106
20001_0310_1,11,44783486,2024-05-05,10,10:00,0.0,20.886662,12.056015,28.964127
20001_0310_1,11,44783486,2024-05-05,11,11:00,,19.994183,11.263447,28.294529
20001_0310_1,11,44783486,2024-05-05,12,12:00,,26.265556,17.657791,34.765728
20001_0310_1,11,44783486,2024-05-05,13,13:00,,23.421917,14.437562,32.729065
20001_0310_1,11,44783486,2024-05-05,14,14:00,,19.371656,9.616829,28.876705
20001_0310_1,11,44783486,2024-05-05,15,15:00,,23.444975,13.277051,33.474556
20001_0310_1,11,44783486,2024-05-05,16,16:00,,21.373732,10.712975,31.924969
20001_0310_1,11,44783486,2024-05-05,17,17:00,,32.367847,21.139326,42.943104
20001_0310_1,11,44783486,2024-05-05,18,18:00,,35.503532,24.259638,46.293983
20001_0310_1,11,44783486,2024-05-05,19,19:00,,22.438173,11.96283,32.467762
20001_0310_1,11,44783486,2024-05-05,20,20:00,,15.721042,6.175644,25.051245
20001_0310_1,11,44783486,2024-05-05,21,21:00,,17.811499,9.64949,25.835165
20001_0310_1,11,44783486,2024-05-05,22,22:00,,20.621511,13.51434,27.671041
20001_0310_1,11,44783486,2024-05-05,23,23:00,,1.6258256,0.0,7.8664565
20001_0310_1,11,44783486,2024-05-06,0,00:00,,0.0,0.0,4.5048933
20001_0310_1,11,44783486,2024-05-06,1,01:00,,0.0,0.0,4.080062
20001_0310_1,11,44783486,2024-05-06,2,02:00,,0.0,0.0,3.5338483
20001_0310_1,11,44783486,2024-05-06,3,03:00,,0.0,0.0,4.140752
20001_0310_1,11,44783486,2024-05-06,4,04:00,,0.0,0.0,6.234571
20001_0310_1,11,44783486,2024-05-06,5,05:00,28.124019622802734,24.688246,16.917976,33.071106
20001_0310_1,11,44783486,2024-05-06,6,06:00,35.53594207763672,34.36457,24.821007,43.52882
20001_0310_1,11,44783486,2024-05-06,7,07:00,44.53662109375,36.701153,26.421717,45.68333
20001_0310_1,11,44783486,2024-05-06,8,08:00,28.127418518066406,25.230667,15.42917,33.848705
20001_0310_1,11,44783486,2024-05-06,9,09:00,22.47730255126953,27.33966,18.05782,35.56321
20001_0310_1,11,44783486,2024-05-06,10,10:00,13.754545211791992,15.702275,6.5987144,23.956171
20001_0310_1,11,44783486,2024-05-06,11,11:00,23.922399520874023,20.204744,11.043101,28.552282
20001_0310_1,11,44783486,2024-05-06,12,12:00,35.930338541666664,27.718975,18.585072,36.503914
20001_0310_1,11,44783486,2024-05-06,13,13:00,21.338462829589844,24.191345,14.533986,33.423874
20001_0310_1,11,44783486,2024-05-06,14,14:00,15.059367179870605,19.191973,8.825294,28.580019
20001_0310_1,11,44783486,2024-05-06,15,15:00,19.514448801676433,26.444475,15.6871,35.897007
20001_0310_1,11,44783486,2024-05-06,16,16:00,32.02636210123698,29.509342,18.626793,39.43222
20001_0310_1,11,44783486,2024-05-06,17,17:00,47.07958984375,44.864014,33.514908,54.635166
20001_0310_1,11,44783486,2024-05-06,18,18:00,42.259490966796875,38.91635,27.658285,49.173035
20001_0310_1,11,44783486,2024-05-06,19,19:00,25.818560282389324,25.261013,14.594675,35.21424
20001_0310_1,11,44783486,2024-05-06,20,20:00,17.83333396911621,18.33472,8.366321,27.89346
20001_0310_1,11,44783486,2024-05-06,21,21:00,13.0,18.979555,10.198411,27.495178
20001_0310_1,11,44783486,2024-05-06,22,22:00,21.002769470214844,22.336493,14.723641,30.260386
20001_0310_1,11,44783486,2024-05-06,23,23:00,,1.288303,0.0,8.328391
20001_0310_1,11,44783486,2024-05-07,0,00:00,,0.0,0.0,3.8453035
20001_0310_1,11,44783486,2024-05-07,1,01:00,,0.0,0.0,3.9673507
20001_0310_1,11,44783486,2024-05-07,2,02:00,,0.0,0.0,3.8453035
20001_0310_1,11,44783486,2024-05-07,3,03:00,,0.0008292198,0.0,5.3098655
20001_0310_1,11,44783486,2024-05-07,4,04:00,,1.0992504,0.0,7.9643826
20001_0310_1,11,44783486,2024-05-07,5,05:00,26.88978385925293,31.580442,23.635958,39.727066
20001_0310_1,11,44783486,2024-05-07,6,06:00,40.80149841308594,37.4692,28.13262,46.500664
20001_0310_1,11,44783486,2024-05-07,7,07:00,53.29523722330729,44.792007,35.15031,53.8845
20001_0310_1,11,44783486,2024-05-07,8,08:00,28.376237869262695,28.8649,19.589346,37.408184
20001_0310_1,11,44783486,2024-05-07,9,09:00,30.55505625406901,30.451508,21.902512,38.628643
20001_0310_1,11,44783486,2024-05-07,10,10:00,17.815475463867188,20.351181,11.916601,28.133572
20001_0310_1,11,44783486,2024-05-07,11,11:00,11.162467956542969,22.873165,14.886726,30.554487
20001_0310_1,11,44783486,2024-05-07,12,12:00,35.9222526550293,29.688717,21.713718,37.49971
20001_0310_1,11,44783486,2024-05-07,13,13:00,23.79168192545573,24.883123,16.7365,32.92296
20001_0310_1,11,44783486,2024-05-07,14,14:00,16.567242940266926,21.523499,13.064128,29.693007
20001_0310_1,11,44783486,2024-05-07,15,15:00,19.83686065673828,28.422482,19.574087,36.416546
20001_0310_1,11,44783486,2024-05-07,16,16:00,36.222373962402344,33.380634,24.43308,41.557774
20001_0310_1,11,44783486,2024-05-07,17,17:00,26.3155574798584,50.955376,41.55777,59.193535
20001_0310_1,11,44783486,2024-05-07,18,18:00,39.261034647623696,40.337303,31.061745,49.124672
20001_0310_1,11,44783486,2024-05-07,19,19:00,21.03356170654297,25.493357,16.767012,33.975613
20001_0310_1,11,44783486,2024-05-07,20,20:00,13.986372629801432,18.731201,10.336668,26.812988
20001_0310_1,11,44783486,2024-05-07,21,21:00,21.0,19.192692,11.648672,26.263779
20001_0310_1,11,44783486,2024-05-07,22,22:00,17.94444465637207,23.143957,16.126265,29.71923
20001_0310_1,11,44783486,2024-05-07,23,23:00,,1.3433442,0.0,7.018521
20001_0310_1,11,44783486,2024-05-08,0,00:00,,0.0,0.0,4.108733
20001_0310_1,11,44783486,2024-05-08,1,01:00,,0.0,0.0,3.2655447
20001_0310_1,11,44783486,2024-05-08,2,02:00,,0.0,0.0,3.205318
20001_0310_1,11,44783486,2024-05-08,3,03:00,,0.0,0.0,4.891693
20001_0310_1,11,44783486,2024-05-08,4,04:00,,0.0,0.0,6.60818
20001_0310_1,11,44783486,2024-05-08,5,05:00,27.432296752929688,27.386717,19.673815,35.487335
20001_0310_1,11,44783486,2024-05-08,6,06:00,32.26526641845703,36.08961,26.709156,44.732277
20001_0310_1,11,44783486,2024-05-08,7,07:00,36.4674072265625,42.955563,33.40948,51.68857
20001_0310_1,11,44783486,2024-05-08,8,08:00,25.804746627807617,27.582457,18.533253,35.773415
20001_0310_1,11,44783486,2024-05-08,9,09:00,22.430872599283855,27.115694,18.864508,34.900116
20001_0310_1,11,44783486,2024-05-08,10,10:00,14.708333015441895,17.833105,9.608269,25.312626
20001_0310_1,11,44783486,2024-05-08,11,11:00,14.611330032348633,19.720867,11.861159,27.189095
20001_0310_1,11,44783486,2024-05-08,12,12:00,18.607986450195312,28.04922,20.076584,35.984207
20001_0310_1,11,44783486,2024-05-08,13,13:00,37.36349868774414,23.389105,15.280958,31.79839
20001_0310_1,11,44783486,2024-05-08,14,14:00,14.158248901367188,20.36361,11.690476,28.765013
20001_0310_1,11,44783486,2024-05-08,15,15:00,23.7479248046875,26.227335,17.260944,34.448414
20001_0310_1,11,44783486,2024-05-08,16,16:00,39.36116409301758,29.554913,20.449247,37.926556
20001_0310_1,11,44783486,2024-05-08,17,17:00,27.801401774088543,46.26808,36.81234,54.760178
20001_0310_1,11,44783486,2024-05-08,18,18:00,50.13326721191406,37.41462,28.049217,46.087395
20001_0310_1,11,44783486,2024-05-08,19,19:00,18.967737197875977,23.494507,14.836782,31.971546
20001_0310_1,11,44783486,2024-05-08,20,20:00,22.69073994954427,17.050148,8.957058,25.143238
20001_0310_1,11,44783486,2024-05-08,21,21:00,24.034563064575195,17.652424,10.5380335,24.796928
20001_0310_1,11,44783486,2024-05-08,22,22:00,16.799999237060547,20.662865,14.2076845,27.18674
20001_0310_1,11,44783486,2024-05-08,23,23:00,,0.19393602,0.0,5.8553348
20001_0310_1,11,44783486,2024-05-09,0,00:00,,0.0,0.0,4.0593085
20001_0310_1,11,44783486,2024-05-09,1,01:00,,0.0,0.0,3.3484032
20001_0310_1,11,44783486,2024-05-09,2,02:00,,0.0,0.0,3.4668868
20001_0310_1,11,44783486,2024-05-09,3,03:00,,0.0,0.0,3.763097
20001_0310_1,11,44783486,2024-05-09,4,04:00,,0.6825132,0.0,6.547473
20001_0310_1,11,44783486,2024-05-09,5,05:00,23.8626766204834,26.141766,18.753178,33.413727
20001_0310_1,11,44783486,2024-05-09,6,06:00,33.670562744140625,34.77629,26.171387,42.74434
20001_0310_1,11,44783486,2024-05-09,7,07:00,50.85075759887695,41.441013,32.73244,49.43869
20001_0310_1,11,44783486,2024-05-09,8,08:00,23.36456298828125,26.645325,18.24777,34.21349
20001_0310_1,11,44783486,2024-05-09,9,09:00,15.358346303304037,25.63821,17.744213,32.91017
20001_0310_1,11,44783486,2024-05-09,10,10:00,22.987513224283855,16.781527,9.228171,24.001648
20001_0310_1,11,44783486,2024-05-09,11,11:00,18.84166717529297,18.87351,11.405315,26.31949
20001_0310_1,11,44783486,2024-05-09,12,12:00,24.301883697509766,28.67436,21.126558,36.612793
20001_0310_1,11,44783486,2024-05-09,13,13:00,35.81312561035156,24.80882,16.988876,33.236
20001_0310_1,11,44783486,2024-05-09,14,14:00,21.685714721679688,20.733154,12.502683,29.149685
20001_0310_1,11,44783486,2024-05-09,15,15:00,32.42204284667969,25.97885,17.50724,34.613377
20001_0310_1,11,44783486,2024-05-09,16,16:00,24.148958206176758,29.533371,20.980305,38.212326
20001_0310_1,11,44783486,2024-05-09,17,17:00,54.21906534830729,41.677982,32.436234,50.386562
20001_0310_1,11,44783486,2024-05-09,18,18:00,53.76103210449219,39.130577,30.15541,47.839153
20001_0310_1,11,44783486,2024-05-09,19,19:00,25.442401885986328,24.853252,16.226135,33.31005
20001_0310_1,11,44783486,2024-05-09,20,20:00,15.941177368164062,18.762432,10.912868,26.62681
20001_0310_1,11,44783486,2024-05-09,21,21:00,13.660714149475098,18.925348,11.994035,25.7678
20001_0310_1,11,44783486,2024-05-09,22,22:00,15.361800193786621,20.946981,15.000566,27.130367
20001_0310_1,11,44783486,2024-05-09,23,23:00,,1.5119009,0.0,6.932544
20001_0310_1,11,44783486,2024-05-10,0,00:00,,0.15783027,0.0,4.5318646
20001_0310_1,11,44783486,2024-05-10,1,01:00,,0.74103534,0.0,4.415224
20001_0310_1,11,44783486,2024-05-10,2,02:00,,0.0,0.0,3.5404172
20001_0310_1,11,44783486,2024-05-10,3,03:00,,0.0,0.0,4.298583
20001_0310_1,11,44783486,2024-05-10,4,04:00,,0.15783027,0.0,6.3689585
20001_0310_1,11,44783486,2024-05-10,5,05:00,26.03417205810547,26.095852,18.705559,33.969116
20001_0310_1,11,44783486,2024-05-10,6,06:00,35.570055643717446,35.441704,26.679056,44.510536
20001_0310_1,11,44783486,2024-05-10,7,07:00,46.5109619140625,43.66489,34.625225,52.996166
20001_0310_1,11,44783486,2024-05-10,8,08:00,46.76648457845052,26.05211,17.231144,34.683537
20001_0310_1,11,44783486,2024-05-10,9,09:00,38.5217539469401,25.483486,17.417038,33.59003
20001_0310_1,11,44783486,2024-05-10,10,10:00,16.81277847290039,17.814346,10.207174,25.618355
20001_0310_1,11,44783486,2024-05-10,11,11:00,12.274884541829428,19.270536,11.929451,27.39895
20001_0310_1,11,44783486,2024-05-10,12,12:00,22.263941446940105,29.288897,21.798365,37.541245
20001_0310_1,11,44783486,2024-05-10,13,13:00,23.833180745442707,26.576996,18.860472,35.38339
20001_0310_1,11,44783486,2024-05-10,14,14:00,14.266973495483398,21.780138,13.462184,30.404276
20001_0310_1,11,44783486,2024-05-10,15,15:00,34.78306579589844,27.743404,19.228619,36.681015
20001_0310_1,11,44783486,2024-05-10,16,16:00,33.09825897216797,30.017902,21.105808,39.174213
20001_0310_1,11,44783486,2024-05-10,17,17:00,,41.273754,31.505075,50.605026
20001_0310_1,11,44783486,2024-05-10,18,18:00,13.992149353027344,40.74887,31.155155,50.43007
20001_0310_1,11,44783486,2024-05-10,19,19:00,18.414085388183594,25.381426,16.203245,34.464836
20001_0310_1,11,44783486,2024-05-10,20,20:00,14.545707702636719,17.960148,9.678646,26.431194
20001_0310_1,11,44783486,2024-05-10,21,21:00,25.15363311767578,18.718315,11.694346,26.070335
20001_0310_1,11,44783486,2024-05-10,22,22:00,13.319999694824219,19.26507,13.447604,25.7678
20001_0310_1,11,44783486,2024-05-10,23,23:00,,1.8491241,0.0,7.5062084
20001_0310_1,11,44783486,2024-05-11,0,00:00,,0.0,0.0,4.4324555
20001_0310_1,11,44783486,2024-05-11,1,01:00,,0.0,0.0,4.197117
20001_0310_1,11,44783486,2024-05-11,2,02:00,,0.0,0.0,3.9029408
20001_0310_1,11,44783486,2024-05-11,3,03:00,,0.0,0.0,5.0208044
20001_0310_1,11,44783486,2024-05-11,4,04:00,,0.54935265,0.0,7.6977916
20001_0310_1,11,44783486,2024-05-11,5,05:00,,23.07576,15.162468,31.871574
20001_0310_1,11,44783486,2024-05-11,6,06:00,,32.349606,22.90661,42.322124
20001_0310_1,11,44783486,2024-05-11,7,07:00,,31.349419,21.318068,41.763187
20001_0310_1,11,44783486,2024-05-11,8,08:00,,19.37468,9.914672,28.859507
20001_0310_1,11,44783486,2024-05-11,9,09:00,,23.811197,15.015383,32.96002
20001_0310_1,11,44783486,2024-05-11,10,10:00,,13.24298,4.5795417,21.847582
20001_0310_1,11,44783486,2024-05-11,11,11:00,,17.214334,8.7319975,26.147125
20001_0310_1,11,44783486,2024-05-11,12,12:00,,26.171946,17.762236,34.96776
20001_0310_1,11,44783486,2024-05-11,13,13:00,,24.649595,15.927322,34.298515
20001_0310_1,11,44783486,2024-05-11,14,14:00,,19.488672,10.17989,28.889385
20001_0310_1,11,44783486,2024-05-11,15,15:00,,23.487606,13.8681,33.29832
20001_0310_1,11,44783486,2024-05-11,16,16:00,,20.435547,10.424421,30.663624
20001_0310_1,11,44783486,2024-05-11,17,17:00,,29.613789,18.742207,39.939316
20001_0310_1,11,44783486,2024-05-11,18,18:00,,34.232323,23.347868,44.73435
20001_0310_1,11,44783486,2024-05-11,19,19:00,,22.597727,12.456063,32.57759
20001_0310_1,11,44783486,2024-05-11,20,20:00,0.0,15.493416,6.4181347,24.906998
20001_0310_1,11,44783486,2024-05-11,21,21:00,,18.346905,10.709403,26.712492
20001_0310_1,11,44783486,2024-05-11,22,22:00,,17.214334,10.823393,24.634882
20001_0310_1,11,44783486,2024-05-11,23,23:00,,1.0200316,0.0,7.903713
20001_0310_1,11,44783486,2024-05-12,0,00:00,,0.0,0.0,3.8937948
20001_0310_1,11,44783486,2024-05-12,1,01:00,,0.074534416,0.0,4.863301
20001_0310_1,11,44783486,2024-05-12,2,02:00,,0.0,0.0,4.5988913
20001_0310_1,11,44783486,2024-05-12,3,03:00,,0.0,0.0,4.569511
20001_0310_1,11,44783486,2024-05-12,4,04:00,,0.0,0.0,7.1548576
20001_0310_1,11,44783486,2024-05-12,5,05:00,,23.364687,14.764003,32.259163
20001_0310_1,11,44783486,2024-05-12,6,06:00,,29.629747,19.310396,39.38356
20001_0310_1,11,44783486,2024-05-12,7,07:00,,23.42161,12.472448,33.375565
20001_0310_1,11,44783486,2024-05-12,8,08:00,,16.049332,5.4288454,25.303698
20001_0310_1,11,44783486,2024-05-12,9,09:00,,21.062113,10.897001,29.905172
20001_0310_1,11,44783486,2024-05-12,10,10:00,,9.59331,0.0,18.256424
20001_0310_1,11,44783486,2024-05-12,11,11:00,,16.041988,6.2220774,24.774876
20001_0310_1,11,44783486,2024-05-12,12,12:00,,25.193525,15.42503,34.330376
20001_0310_1,11,44783486,2024-05-12,13,13:00,,24.077127,13.809189,33.875008
20001_0310_1,11,44783486,2024-05-12,14,14:00,,19.842886,9.1149845,29.82714
20001_0310_1,11,44783486,2024-05-12,15,15:00,,22.178513,11.227514,32.43911
20001_0310_1,11,44783486,2024-05-12,16,16:00,,17.80105,6.5342283,28.3334
20001_0310_1,11,44783486,2024-05-12,17,17:00,,20.628775,8.833131,30.98485
20001_0310_1,11,44783486,2024-05-12,18,18:00,,33.53714,21.847998,44.142944
20001_0310_1,11,44783486,2024-05-12,19,19:00,,22.211565,11.495598,32.38402
20001_0310_1,11,44783486,2024-05-12,20,20:00,,15.307514,5.5096383,24.914427
20001_0310_1,11,44783486,2024-05-12,21,21:00,,18.418009,10.057865,27.038893
20001_0310_1,11,44783486,2024-05-12,22,22:00,,17.485228,10.302077,25.44692
20001_0310_1,11,44783486,2024-05-12,23,23:00,,0.8383858,0.0,8.330015
20001_0310_1,11,44783486,2024-05-13,0,00:00,,0.0,0.0,4.9884667
20001_0310_1,11,44783486,2024-05-13,1,01:00,,0.0,0.0,3.7010157
20001_0310_1,11,44783486,2024-05-13,2,02:00,,0.0,0.0,3.5839744
20001_0310_1,11,44783486,2024-05-13,3,03:00,,0.0,0.0,3.993619
20001_0310_1,11,44783486,2024-05-13,4,04:00,,0.0,0.0,6.188138
20001_0310_1,11,44783486,2024-05-13,5,05:00,21.638891220092773,27.606653,19.881943,35.799526
20001_0310_1,11,44783486,2024-05-13,6,06:00,30.69536844889323,37.525883,28.104078,46.421
20001_0310_1,11,44783486,2024-05-13,7,07:00,46.70951538085937,43.67054,33.75131,52.565662
20001_0310_1,11,44783486,2024-05-13,8,08:00,34.92833709716797,26.611803,17.094904,35.126545
20001_0310_1,11,44783486,2024-05-13,9,09:00,27.69481150309245,25.792519,16.93763,33.86835
20001_0310_1,11,44783486,2024-05-13,10,10:00,29.35714340209961,14.029889,5.36885,22.076466
20001_0310_1,11,44783486,2024-05-13,11,11:00,17.852459716796876,18.616436,10.087983,26.795597
20001_0310_1,11,44783486,2024-05-13,12,12:00,31.46715545654297,29.21597,20.40497,37.672184
20001_0310_1,11,44783486,2024-05-13,13,13:00,26.369529724121094,24.812298,15.595315,33.926872
20001_0310_1,11,44783486,2024-05-13,14,14:00,10.908928871154785,17.244862,7.4682736,26.57523
20001_0310_1,11,44783486,2024-05-13,15,15:00,37.71222686767578,24.973228,14.893065,34.263363
20001_0310_1,11,44783486,2024-05-13,16,16:00,19.528154373168945,29.362268,19.088257,38.959637
20001_0310_1,11,44783486,2024-05-13,17,17:00,45.080963134765625,38.16961,27.431095,47.591415
20001_0310_1,11,44783486,2024-05-13,18,18:00,28.22480010986328,40.042263,29.654871,49.990753
20001_0310_1,11,44783486,2024-05-13,19,19:00,20.162940979003906,24.227095,14.666301,33.678158
20001_0310_1,11,44783486,2024-05-13,20,20:00,16.246912638346355,16.685259,7.7901363,25.56575
20001_0310_1,11,44783486,2024-05-13,21,21:00,20.214879989624023,18.027573,10.379669,25.755941
20001_0310_1,11,44783486,2024-05-13,22,22:00,24.0,17.859327,11.34526,24.775723
20001_0310_1,11,44783486,2024-05-13,23,23:00,,0.9505502,0.0,7.124466
20001_0310_1,11,44783486,2024-05-14,0,00:00,,0.0,0.0,5.0194235
20001_0310_1,11,44783486,2024-05-14,1,01:00,,0.40516666,0.0,5.0488124
20001_0310_1,11,44783486,2024-05-14,2,02:00,,0.0,0.0,4.46101
20001_0310_1,11,44783486,2024-05-14,3,03:00,,0.0,0.0,5.0782037
20001_0310_1,11,44783486,2024-05-14,4,04:00,,1.0517502,0.0,8.04661
20001_0310_1,11,44783486,2024-05-14,5,05:00,28.411468505859375,26.092169,18.208258,34.277332
20001_0310_1,11,44783486,2024-05-14,6,06:00,22.335668563842773,36.378727,27.253084,45.66602
20001_0310_1,11,44783486,2024-05-14,7,07:00,38.976470947265625,44.31407,34.73288,53.425026
20001_0310_1,11,44783486,2024-05-14,8,08:00,20.32945442199707,27.91436,18.520527,36.555065
20001_0310_1,11,44783486,2024-05-14,9,09:00,29.973899841308594,26.768143,18.087023,34.87983
20001_0310_1,11,44783486,2024-05-14,10,10:00,15.709259033203125,18.13111,9.394884,26.088497
20001_0310_1,11,44783486,2024-05-14,11,11:00,17.947195053100586,18.777693,10.403332,26.832434
20001_0310_1,11,44783486,2024-05-14,12,12:00,26.513595581054688,28.355213,19.437134,36.848972
20001_0310_1,11,44783486,2024-05-14,13,13:00,29.7691650390625,26.165646,17.131844,35.335373
20001_0310_1,11,44783486,2024-05-14,14,14:00,20.86935806274414,19.19834,9.660315,28.411238
20001_0310_1,11,44783486,2024-05-14,15,15:00,21.929468790690105,26.415462,16.613844,35.62928
20001_0310_1,11,44783486,2024-05-14,16,16:00,29.102449417114258,31.059109,21.1436,40.552128
20001_0310_1,11,44783486,2024-05-14,17,17:00,44.837615966796875,40.72847,30.383135,50.309666
20001_0310_1,11,44783486,2024-05-14,18,18:00,43.382232666015625,38.906284,28.707895,48.78138
20001_0310_1,11,44783486,2024-05-14,19,19:00,23.123291015625,23.197239,13.696869,32.800476
20001_0310_1,11,44783486,2024-05-14,20,20:00,15.420499165852865,16.900396,7.9143515,25.974607
20001_0310_1,11,44783486,2024-05-14,21,21:00,12.399999618530273,18.487467,10.555798,26.338314
20001_0310_1,11,44783486,2024-05-14,22,22:00,15.0,18.645437,11.477913,25.746836
20001_0310_1,11,44783486,2024-05-14,23,23:00,,1.2868723,0.0,7.517587
20001_0310_1,11,44783486,2024-05-15,0,00:00,,0.0,0.0,3.3228998
20001_0310_1,11,44783486,2024-05-15,1,01:00,,0.0,0.0,3.4983685
20001_0310_1,11,44783486,2024-05-15,2,02:00,,0.0,0.0,3.3229015
20001_0310_1,11,44783486,2024-05-15,3,03:00,,0.0,0.0,4.375699
20001_0310_1,11,44783486,2024-05-15,4,04:00,,0.0,0.0,6.0426292
20001_0310_1,11,44783486,2024-05-15,5,05:00,24.614593505859375,23.969439,16.336653,31.865425
20001_0310_1,11,44783486,2024-05-15,6,06:00,34.56312052408854,33.18142,24.261883,41.808517
20001_0310_1,11,44783486,2024-05-15,7,07:00,36.94244893391927,41.28212,31.894669,49.87997
20001_0310_1,11,44783486,2024-05-15,8,08:00,36.153246198381694,26.44059,17.389454,34.804485
20001_0310_1,11,44783486,2024-05-15,9,09:00,17.198863983154297,26.542946,18.047451,34.512043
20001_0310_1,11,44783486,2024-05-15,10,10:00,21.830951690673828,17.309029,8.94148,25.157492
20001_0310_1,11,44783486,2024-05-15,11,11:00,12.882362365722656,17.404076,9.343592,25.442627
20001_0310_1,11,44783486,2024-05-15,12,12:00,40.31331888834635,25.57788,17.140877,33.89791
20001_0310_1,11,44783486,2024-05-15,13,13:00,21.195037841796875,25.870323,17.195707,34.57053
20001_0310_1,11,44783486,2024-05-15,14,14:00,12.047618865966797,18.643305,9.553785,27.275885
20001_0310_1,11,44783486,2024-05-15,15,15:00,28.39063008626302,26.718412,17.40042,35.403996
20001_0310_1,11,44783486,2024-05-15,16,16:00,34.863250732421875,30.63716,21.11994,39.20577
20001_0310_1,11,44783486,2024-05-15,17,17:00,39.29772186279297,41.10665,31.046583,49.529034
20001_0310_1,11,44783486,2024-05-15,18,18:00,42.426263427734376,38.591633,28.794767,47.189487
20001_0310_1,11,44783486,2024-05-15,19,19:00,26.124166870117186,22.30251,13.178261,30.739517
20001_0310_1,11,44783486,2024-05-15,20,20:00,18.75757598876953,16.541365,8.089737,24.334993
20001_0310_1,11,44783486,2024-05-15,21,21:00,18.710838317871094,18.394728,10.966654,25.457247
20001_0310_1,11,44783486,2024-05-15,22,22:00,23.33333396911621,17.404074,10.875263,23.815905
20001_0310_1,11,44783486,2024-05-15,23,23:00,,0.80788285,0.0,6.5397835
20001_0310_1,11,44783486,2024-05-16,0,00:00,,0.0,0.0,4.271954
20001_0310_1,11,44783486,2024-05-16,1,01:00,,0.0,0.0,3.7614372
20001_0310_1,11,44783486,2024-05-16,2,02:00,,0.0,0.0,3.7047136
20001_0310_1,11,44783486,2024-05-16,3,03:00,,0.0,0.0,4.8959203
20001_0310_1,11,44783486,2024-05-16,4,04:00,,0.98195577,0.0,7.3350577
20001_0310_1,11,44783486,2024-05-16,5,05:00,24.9091854095459,25.359146,17.57376,33.130352
20001_0310_1,11,44783486,2024-05-16,6,06:00,35.976539611816406,35.01643,25.67113,43.69522
20001_0310_1,11,44783486,2024-05-16,7,07:00,44.61589813232422,42.16367,32.322033,50.842457
20001_0310_1,11,44783486,2024-05-16,8,08:00,30.5986328125,28.493155,18.933367,36.916683
20001_0310_1,11,44783486,2024-05-16,9,09:00,22.03791046142578,26.323456,17.314955,34.49173
20001_0310_1,11,44783486,2024-05-16,10,10:00,19.081709543863933,18.667475,9.857952,26.875189
20001_0310_1,11,44783486,2024-05-16,11,11:00,12.262499809265137,19.032635,10.3503,27.56607
20001_0310_1,11,44783486,2024-05-16,12,12:00,28.14483388264974,29.37238,20.487963,38.363155
20001_0310_1,11,44783486,2024-05-16,13,13:00,18.344126383463543,27.216862,18.048824,36.505436
20001_0310_1,11,44783486,2024-05-16,14,14:00,15.790135383605957,19.669008,10.047177,28.907946
20001_0310_1,11,44783486,2024-05-16,15,15:00,15.37852668762207,29.11712,19.41198,38.249702
20001_0310_1,11,44783486,2024-05-16,16,16:00,29.77423095703125,30.166517,20.58723,39.412548
20001_0310_1,11,44783486,2024-05-16,17,17:00,42.70936584472656,41.880043,31.981684,50.67228
20001_0310_1,11,44783486,2024-05-16,18,18:00,39.735050201416016,41.48298,31.86824,50.388664
20001_0310_1,11,44783486,2024-05-16,19,19:00,23.833697001139324,24.891172,15.964215,33.640873
20001_0310_1,11,44783486,2024-05-16,20,20:00,11.824073791503906,17.396498,9.114776,25.380419
20001_0310_1,11,44783486,2024-05-16,21,21:00,32.45512008666992,19.000729,11.794992,26.103651
20001_0310_1,11,44783486,2024-05-16,22,22:00,16.66666603088379,19.230726,12.93878,25.715887
20001_0310_1,11,44783486,2024-05-16,23,23:00,,1.832818,0.0,7.6754026
20001_0310_1,11,44783486,2024-05-17,0,00:00,,1.0074984,0.0,5.40713
20001_0310_1,11,44783486,2024-05-17,1,01:00,,0.33063155,0.0,4.1098013
20001_0310_1,11,44783486,2024-05-17,2,02:00,,0.0,0.0,4.0533953
20001_0310_1,11,44783486,2024-05-17,3,03:00,,0.0,0.0,4.7584643
20001_0310_1,11,44783486,2024-05-17,4,04:00,,0.0,0.0,6.4224286
20001_0310_1,11,44783486,2024-05-17,5,05:00,23.409923553466797,24.951643,17.224087,32.7638
20001_0310_1,11,44783486,2024-05-17,6,06:00,35.602230072021484,35.020027,25.825928,43.988506
20001_0310_1,11,44783486,2024-05-17,7,07:00,39.82803853352865,42.860397,33.215054,52.223717
20001_0310_1,11,44783486,2024-05-17,8,08:00,27.04415512084961,29.6333,20.04965,38.12233
20001_0310_1,11,44783486,2024-05-17,9,09:00,19.10146141052246,27.461689,18.551378,35.66869
20001_0310_1,11,44783486,2024-05-17,10,10:00,18.859241485595703,18.010239,9.431311,26.070942
20001_0310_1,11,44783486,2024-05-17,11,11:00,25.59168243408203,17.231136,8.83729,25.702543
20001_0310_1,11,44783486,2024-05-17,12,12:00,36.53902053833008,26.559202,18.20061,35.21745
20001_0310_1,11,44783486,2024-05-17,13,13:00,27.647933959960938,24.697817,16.138279,33.877815
20001_0310_1,11,44783486,2024-05-17,14,14:00,16.950724283854168,19.141874,10.101125,28.291908
20001_0310_1,11,44783486,2024-05-17,15,15:00,30.30981190999349,26.615606,17.238186,35.922516
20001_0310_1,11,44783486,2024-05-17,16,16:00,22.205032348632812,27.292473,17.703533,36.768597
20001_0310_1,11,44783486,2024-05-17,17,17:00,48.840555826822914,39.758095,29.435884,49.234222
20001_0310_1,11,44783486,2024-05-17,18,18:00,46.15223693847656,36.542976,26.234869,46.244728
20001_0310_1,11,44783486,2024-05-17,19,19:00,14.317493438720703,22.998602,13.332106,32.50998
20001_0310_1,11,44783486,2024-05-17,20,20:00,12.51727294921875,15.567174,6.690355,24.40169
20001_0310_1,11,44783486,2024-05-17,21,21:00,18.9510555267334,20.421576,12.658762,28.367702
20001_0310_1,11,44783486,2024-05-17,22,22:00,19.0,16.935009,10.399016,24.063255
20001_0310_1,11,44783486,2024-05-17,23,23:00,,2.1356084,0.0,8.312014
20001_0310_1,11,44783486,2024-05-18,0,00:00,,0.41823313,0.0,4.357495
20001_0310_1,11,44783486,2024-05-18,1,01:00,,0.30568326,0.0,3.6821945
20001_0310_1,11,44783486,2024-05-18,2,02:00,,0.24940787,0.0,4.019845
20001_0310_1,11,44783486,2024-05-18,3,03:00,,0.0,0.0,3.907294
20001_0310_1,11,44783486,2024-05-18,4,04:00,,1.0935351,0.0,7.452629
20001_0310_1,11,44783486,2024-05-18,5,05:00,,23.16747,15.478875,30.98972
20001_0310_1,11,44783486,2024-05-18,6,06:00,,31.679094,22.6821,40.851944
20001_0310_1,11,44783486,2024-05-18,7,07:00,,30.694277,21.078257,40.317333
20001_0310_1,11,44783486,2024-05-18,8,08:00,,20.687847,11.258239,29.66022
20001_0310_1,11,44783486,2024-05-18,9,09:00,,24.067873,15.021639,32.720177
20001_0310_1,11,44783486,2024-05-18,10,10:00,,14.304132,5.3141727,22.886097
20001_0310_1,11,44783486,2024-05-18,11,11:00,,17.582159,8.500753,26.565083
20001_0310_1,11,44783486,2024-05-18,12,12:00,,27.908655,18.688318,36.94082
20001_0310_1,11,44783486,2024-05-18,13,13:00,,24.743176,15.31005,34.535053
20001_0310_1,11,44783486,2024-05-18,14,14:00,,19.348675,9.465345,29.077244
20001_0310_1,11,44783486,2024-05-18,15,15:00,,23.927185,13.868,33.90196
20001_0310_1,11,44783486,2024-05-18,16,16:00,12.0,19.659067,9.402916,29.774529
20001_0310_1,11,44783486,2024-05-18,17,17:00,,29.93456,19.217659,39.979675
20001_0310_1,11,44783486,2024-05-18,18,18:00,,33.93009,23.28002,44.1159
20001_0310_1,11,44783486,2024-05-18,19,19:00,,21.095842,11.30748,30.820894
20001_0310_1,11,44783486,2024-05-18,20,20:00,,13.263041,4.4559765,22.154518
20001_0310_1,11,44783486,2024-05-18,21,21:00,,18.345392,10.922345,26.102573
20001_0310_1,11,44783486,2024-05-18,22,22:00,,17.63492,11.462235,24.278908
20001_0310_1,11,44783486,2024-05-18,23,23:00,,1.7125623,0.0,7.452631
20001_0310_1,11,44783486,2024-05-19,0,00:00,,0.0,0.0,3.4551468
20001_0310_1,11,44783486,2024-05-19,1,01:00,,0.0,0.0,3.3994567
20001_0310_1,11,44783486,2024-05-19,2,02:00,,0.0,0.0,2.9539309
20001_0310_1,11,44783486,2024-05-19,3,03:00,,0.0,0.0,3.2880743
20001_0310_1,11,44783486,2024-05-19,4,04:00,,0.0,0.0,5.5156975
20001_0310_1,11,44783486,2024-05-19,5,05:00,,24.742876,17.687574,31.954811
20001_0310_1,11,44783486,2024-05-19,6,06:00,,30.242323,21.60332,38.456688
20001_0310_1,11,44783486,2024-05-19,7,07:00,,27.541328,18.167906,36.06199
20001_0310_1,11,44783486,2024-05-19,8,08:00,,18.947575,9.777769,27.01401
20001_0310_1,11,44783486,2024-05-19,9,09:00,,21.59636,12.77636,29.483538
20001_0310_1,11,44783486,2024-05-19,10,10:00,,13.77183,4.805643,21.853926
20001_0310_1,11,44783486,2024-05-19,11,11:00,,16.50763,7.4056964,25.14315
20001_0310_1,11,44783486,2024-05-19,12,12:00,,27.095802,17.781551,36.145527
20001_0310_1,11,44783486,2024-05-19,13,13:00,,25.327627,15.588734,35.045635
20001_0310_1,11,44783486,2024-05-19,14,14:00,,17.644066,7.431803,27.480417
20001_0310_1,11,44783486,2024-05-19,15,15:00,,23.851826,13.576912,33.750828
20001_0310_1,11,44783486,2024-05-19,16,16:00,,20.70966,10.206762,30.728745
20001_0310_1,11,44783486,2024-05-19,17,17:00,,25.606081,14.697685,35.393703
20001_0310_1,11,44783486,2024-05-19,18,18:00,,37.036575,26.162985,46.9495
20001_0310_1,11,44783486,2024-05-19,19,19:00,,21.22741,11.307522,30.673927
20001_0310_1,11,44783486,2024-05-19,20,20:00,,13.395918,4.360119,22.014038
20001_0310_1,11,44783486,2024-05-19,21,21:00,,18.72394,11.282284,26.109905
20001_0310_1,11,44783486,2024-05-19,22,22:00,,18.60995,12.379564,25.07702
20001_0310_1,11,44783486,2024-05-19,23,23:00,,1.0604508,0.0,6.685201
20001_0310_1,11,44783486,2024-05-20,0,00:00,,0.3161987,0.0,4.8114147
20001_0310_1,11,44783486,2024-05-20,1,01:00,,0.0,0.0,3.202016
20001_0310_1,11,44783486,2024-05-20,2,02:00,,0.0,0.0,3.590492
20001_0310_1,11,44783486,2024-05-20,3,03:00,,0.0,0.0,3.4240026
20001_0310_1,11,44783486,2024-05-20,4,04:00,,0.14970934,0.0,6.2543216
20001_0310_1,11,44783486,2024-05-20,5,05:00,22.817548751831055,24.845646,17.232222,32.781643
20001_0310_1,11,44783486,2024-05-20,6,06:00,37.23240280151367,32.47641,22.861647,41.577835
20001_0310_1,11,44783486,2024-05-20,7,07:00,37.0609385172526,38.719765,28.397423,47.93218
20001_0310_1,11,44783486,2024-05-20,8,08:00,42.920111083984374,25.483856,15.480614,34.238422
20001_0310_1,11,44783486,2024-05-20,9,09:00,16.472916920979817,24.138065,14.675915,32.62903
20001_0310_1,11,44783486,2024-05-20,10,10:00,25.915728251139324,16.93046,7.3954706,25.473452
20001_0310_1,11,44783486,2024-05-20,11,11:00,18.380468368530273,18.694206,9.065567,27.65689
20001_0310_1,11,44783486,2024-05-20,12,12:00,21.051128387451172,29.812578,19.892582,39.191483
20001_0310_1,11,44783486,2024-05-20,13,13:00,20.655160903930664,26.27468,16.167383,36.097553
20001_0310_1,11,44783486,2024-05-20,14,14:00,19.29907480875651,17.694403,7.342574,27.376804
20001_0310_1,11,44783486,2024-05-20,15,15:00,21.172727584838867,26.260805,15.869089,35.584217
20001_0310_1,11,44783486,2024-05-20,16,16:00,22.11692237854004,26.621532,16.160444,36.139175
20001_0310_1,11,44783486,2024-05-20,17,17:00,54.05272420247396,34.946003,24.110315,44.32491
20001_0310_1,11,44783486,2024-05-20,18,18:00,50.27287801106771,39.7187,29.035631,49.264095
20001_0310_1,11,44783486,2024-05-20,19,19:00,17.0146484375,23.374989,13.496614,32.54578
20001_0310_1,11,44783486,2024-05-20,20,20:00,17.490740458170574,15.86215,6.9896507,24.304554
20001_0310_1,11,44783486,2024-05-20,21,21:00,12.199999491373697,19.394848,11.849061,26.500134
20001_0310_1,11,44783486,2024-05-20,22,22:00,29.0,17.65538,11.405087,23.905672
20001_0310_1,11,44783486,2024-05-20,23,23:00,,1.4816251,0.0,6.8647842
20001_0310_1,11,44783486,2024-05-21,0,00:00,,0.25355768,0.0,5.202755
20001_0310_1,11,44783486,2024-05-21,1,01:00,,0.5910034,0.0,4.7528286
20001_0310_1,11,44783486,2024-05-21,2,02:00,,0.36604014,0.0,4.5841074
20001_0310_1,11,44783486,2024-05-21,3,03:00,,0.0,0.0,4.359142
20001_0310_1,11,44783486,2024-05-21,4,04:00,,0.0,0.0,6.215092
20001_0310_1,11,44783486,2024-05-21,5,05:00,24.74102020263672,24.535559,17.442177,32.212437
20001_0310_1,11,44783486,2024-05-21,6,06:00,42.00580851236979,33.82937,25.308874,42.434227
20001_0310_1,11,44783486,2024-05-21,7,07:00,35.62083943684896,40.35331,31.32665,49.014412
20001_0310_1,11,44783486,2024-05-21,8,08:00,39.757635498046874,27.277304,18.350819,35.629074
20001_0310_1,11,44783486,2024-05-21,9,09:00,25.473556518554688,24.029392,15.6495,32.09996
20001_0310_1,11,44783486,2024-05-21,10,10:00,23.0,18.046768,9.477063,26.054066
20001_0310_1,11,44783486,2024-05-21,11,11:00,24.09620412190755,17.368362,9.006043,25.667406
20001_0310_1,11,44783486,2024-05-21,12,12:00,29.275501251220703,28.90829,20.07144,37.79435
20001_0310_1,11,44783486,2024-05-21,13,13:00,21.429370880126953,25.604137,16.54584,34.8417
20001_0310_1,11,44783486,2024-05-21,14,14:00,17.735931396484375,17.95889,8.721325,26.999615
20001_0310_1,11,44783486,2024-05-21,15,15:00,21.192306518554688,25.210451,15.818221,33.94185
20001_0310_1,11,44783486,2024-05-21,16,16:00,27.916216532389324,28.092796,18.767353,36.978855
20001_0310_1,11,44783486,2024-05-21,17,17:00,41.86228942871094,40.240826,30.454912,49.070644
20001_0310_1,11,44783486,2024-05-21,18,18:00,25.249357223510742,40.859478,31.214165,50.139225
20001_0310_1,11,44783486,2024-05-21,19,19:00,14.427635192871094,22.890514,13.8638525,31.973417
20001_0310_1,11,44783486,2024-05-21,20,20:00,13.325721740722656,15.396416,6.904042,23.90285
20001_0310_1,11,44783486,2024-05-21,21,21:00,,19.523092,12.064143,26.855497
20001_0310_1,11,44783486,2024-05-21,22,22:00,16.834821701049805,17.923742,11.375192,24.54962
20001_0310_1,11,44783486,2024-05-21,23,23:00,,1.3221344,0.0,7.002465
20001_0310_1,11,44783486,2024-05-22,0,00:00,,0.0,0.0,4.323836
20001_0310_1,11,44783486,2024-05-22,1,01:00,,0.0,0.0,3.2621396
20001_0310_1,11,44783486,2024-05-22,2,02:00,,0.0,0.0,3.485655
20001_0310_1,11,44783486,2024-05-22,3,03:00,,0.077047974,0.0,4.966441
20001_0310_1,11,44783486,2024-05-22,4,04:00,,0.74759406,0.0,7.2854114
20001_0310_1,11,44783486,2024-05-22,5,05:00,33.752245585123696,24.621805,17.127064,32.7382
20001_0310_1,11,44783486,2024-05-22,6,06:00,24.865324020385742,34.88953,25.767319,43.830135
20001_0310_1,11,44783486,2024-05-22,7,07:00,49.414371490478516,39.08044,29.413408,48.1328
20001_0310_1,11,44783486,2024-05-22,8,08:00,38.673545837402344,28.295835,19.044403,37.012924
20001_0310_1,11,44783486,2024-05-22,9,09:00,106.96295928955078,24.482107,15.7929535,32.849957
20001_0310_1,11,44783486,2024-05-22,10,10:00,15.467339833577475,18.37997,9.623589,26.750437
20001_0310_1,11,44783486,2024-05-22,11,11:00,16.793399810791016,17.836025,9.052577,26.542637
20001_0310_1,11,44783486,2024-05-22,12,12:00,32.35183461507162,28.910501,19.770826,38.074623
20001_0310_1,11,44783486,2024-05-22,13,13:00,28.93622334798177,23.560108,14.172472,33.12935
20001_0310_1,11,44783486,2024-05-22,14,14:00,26.241444905598957,17.53393,7.9088087,26.851717
20001_0310_1,11,44783486,2024-05-22,15,15:00,16.451852162679035,24.971046,15.331955,34.107227
20001_0310_1,11,44783486,2024-05-22,16,16:00,24.680145263671875,28.04438,18.345917,37.09674
20001_0310_1,11,44783486,2024-05-22,17,17:00,50.67073059082031,39.52747,29.385473,48.523956
20001_0310_1,11,44783486,2024-05-22,18,18:00,32.20086415608724,38.856926,29.10608,48.076927
20001_0310_1,11,44783486,2024-05-22,19,19:00,14.348550415039062,21.625305,12.558971,30.747517
20001_0310_1,11,44783486,2024-05-22,20,20:00,10.5,15.534517,7.250487,23.867441
20001_0310_1,11,44783486,2024-05-22,21,21:00,14.555555979410807,20.17595,13.086328,27.586872
20001_0310_1,11,44783486,2024-05-22,22,22:00,12.714284896850586,17.420427,11.2004175,23.870932
20001_0310_1,11,44783486,2024-05-22,23,23:00,,1.0828667,0.0,6.5031095
20001_0310_1,11,44783486,2024-05-23,0,00:00,,0.0,0.0,5.3354955
20001_0310_1,11,44783486,2024-05-23,1,01:00,,0.98340267,0.0,5.9530234
20001_0310_1,11,44783486,2024-05-23,2,02:00,,0.0,0.0,5.1590605
20001_0310_1,11,44783486,2024-05-23,3,03:00,,0.0,0.0,6.0706472
20001_0310_1,11,44783486,2024-05-23,4,04:00,,2.1596441,0.0,9.952245
20001_0310_1,11,44783486,2024-05-23,5,05:00,22.104034423828125,22.721817,13.885302,32.17586
20001_0310_1,11,44783486,2024-05-23,6,06:00,39.92089589436849,34.094604,23.537834,44.35731
20001_0310_1,11,44783486,2024-05-23,7,07:00,32.664599609375,37.32927,26.007944,47.915443
20001_0310_1,11,44783486,2024-05-23,8,08:00,37.67669932047526,30.1836,19.115898,40.62274
20001_0310_1,11,44783486,2024-05-23,9,09:00,28.015391031901043,27.154778,16.693583,37.53511
20001_0310_1,11,44783486,2024-05-23,10,10:00,23.198623657226562,19.167362,8.731436,29.697939
20001_0310_1,11,44783486,2024-05-23,11,11:00,12.760664939880371,19.571697,9.388018,30.295712
20001_0310_1,11,44783486,2024-05-23,12,12:00,29.249183654785156,28.18399,18.270477,39.240658
20001_0310_1,11,44783486,2024-05-23,13,13:00,17.955556233723957,23.934816,14.01028,35.12381
20001_0310_1,11,44783486,2024-05-23,14,14:00,18.538033803304035,18.627945,8.461725,29.457638
20001_0310_1,11,44783486,2024-05-23,15,15:00,12.059343973795572,23.67016,13.525077,34.241634
20001_0310_1,11,44783486,2024-05-23,16,16:00,26.47349739074707,25.140465,14.936568,35.74134
20001_0310_1,11,44783486,2024-05-23,17,17:00,33.49920654296875,36.799957,25.875612,47.033257
20001_0310_1,11,44783486,2024-05-23,18,18:00,40.4589599609375,36.799957,26.00794,47.38613
20001_0310_1,11,44783486,2024-05-23,19,19:00,20.335041046142578,20.78102,10.7021,31.080484
20001_0310_1,11,44783486,2024-05-23,20,20:00,22.22222137451172,14.671915,5.438419,24.272987
20001_0310_1,11,44783486,2024-05-23,21,21:00,15.151249885559082,18.28518,10.207709,26.645683
20001_0310_1,11,44783486,2024-05-23,22,22:00,19.0,17.726465,10.852803,25.39409
20001_0310_1,11,44783486,2024-05-23,23,23:00,,2.1008315,0.0,8.746596
20001_0310_1,11,44783486,2024-05-24,0,00:00,,0.34559494,0.0,5.151518
20001_0310_1,11,44783486,2024-05-24,1,01:00,,0.81446564,0.0,5.1222134
20001_0310_1,11,44783486,2024-05-24,2,02:00,,0.22837728,0.0,4.9463873
20001_0310_1,11,44783486,2024-05-24,3,03:00,,0.0,0.0,5.092909
20001_0310_1,11,44783486,2024-05-24,4,04:00,,1.7522062,0.0,9.166222
20001_0310_1,11,44783486,2024-05-24,5,05:00,23.76478385925293,22.902662,14.558231,31.70131
20001_0310_1,11,44783486,2024-05-24,6,06:00,40.01026407877604,35.042015,24.93199,44.946907
20001_0310_1,11,44783486,2024-05-24,7,07:00,48.57904561360677,36.683064,26.045563,46.881
20001_0310_1,11,44783486,2024-05-24,8,08:00,31.16856994628906,29.650003,19.146204,39.40837
20001_0310_1,11,44783486,2024-05-24,9,09:00,26.618671417236328,28.214085,18.309195,37.738018
20001_0310_1,11,44783486,2024-05-24,10,10:00,15.544965108235678,18.439234,8.807241,27.708584
20001_0310_1,11,44783486,2024-05-24,11,11:00,21.831016540527344,18.425497,9.055413,27.92745
20001_0310_1,11,44783486,2024-05-24,12,12:00,25.299606323242188,27.891737,18.50334,37.85524
20001_0310_1,11,44783486,2024-05-24,13,13:00,20.599470774332683,22.36053,12.895206,32.66103
20001_0310_1,11,44783486,2024-05-24,14,14:00,22.940867106119793,18.652607,8.766032,28.810247
20001_0310_1,11,44783486,2024-05-24,15,15:00,17.475000381469727,21.730486,11.8036175,31.774574
20001_0310_1,11,44783486,2024-05-24,16,16:00,21.510526021321613,24.082165,13.898884,34.19219
20001_0310_1,11,44783486,2024-05-24,17,17:00,45.53166707356771,38.031067,27.15913,47.935955
20001_0310_1,11,44783486,2024-05-24,18,18:00,30.265811157226562,38.558544,27.891737,48.63926
20001_0310_1,11,44783486,2024-05-24,19,19:00,26.965497970581055,20.97956,11.1735735,30.719616
20001_0310_1,11,44783486,2024-05-24,20,20:00,15.280050277709961,15.115015,6.2211275,24.155426
20001_0310_1,11,44783486,2024-05-24,21,21:00,16.14285659790039,18.62422,10.9125805,26.443918
20001_0310_1,11,44783486,2024-05-24,22,22:00,17.0,17.345814,10.964777,24.400848
20001_0310_1,11,44783486,2024-05-24,23,23:00,,1.9866407,0.0,8.140567
20001_0310_1,11,44783486,2024-05-25,0,00:00,,0.38831684,0.0,4.907177
20001_0310_1,11,44783486,2024-05-25,1,01:00,,0.0,0.0,3.8643649
20001_0310_1,11,44783486,2024-05-25,2,02:00,,0.21451399,0.0,4.588539
20001_0310_1,11,44783486,2024-05-25,3,03:00,,0.0,0.0,4.356803
20001_0310_1,11,44783486,2024-05-25,4,04:00,,1.8366696,0.0,8.643928
20001_0310_1,11,44783486,2024-05-25,5,05:00,,23.779211,15.791548,32.107243
20001_0310_1,11,44783486,2024-05-25,6,06:00,,33.265923,23.612656,43.05679
20001_0310_1,11,44783486,2024-05-25,7,07:00,,33.410755,23.084002,43.723026
20001_0310_1,11,44783486,2024-05-25,8,08:00,,24.706158,14.480789,34.685307
20001_0310_1,11,44783486,2024-05-25,9,09:00,,25.879322,16.146393,35.409485
20001_0310_1,11,44783486,2024-05-25,10,10:00,,15.59602,6.203452,24.95962
20001_0310_1,11,44783486,2024-05-25,11,11:00,,18.724463,9.456817,28.343332
20001_0310_1,11,44783486,2024-05-25,12,12:00,,27.935986,18.579626,37.784782
20001_0310_1,11,44783486,2024-05-25,13,13:00,,23.40264,14.07525,33.512142
20001_0310_1,11,44783486,2024-05-25,14,14:00,,19.588041,9.9999485,29.378904
20001_0310_1,11,44783486,2024-05-25,15,15:00,,23.055035,13.524874,32.71555
20001_0310_1,11,44783486,2024-05-25,16,16:00,,21.179419,11.453731,30.687853
20001_0310_1,11,44783486,2024-05-25,17,17:00,,32.07827,21.874628,41.376698
20001_0310_1,11,44783486,2024-05-25,18,18:00,,34.97498,24.850994,44.476173
20001_0310_1,11,44783486,2024-05-25,19,19:00,,20.715946,11.41028,29.97816
20001_0310_1,11,44783486,2024-05-25,20,20:00,,13.669711,4.9651117,22.229475
20001_0310_1,11,44783486,2024-05-25,21,21:00,,18.092617,10.539459,25.732677
20001_0310_1,11,44783486,2024-05-25,22,22:00,,17.565779,11.131472,24.340448
20001_0310_1,11,44783486,2024-05-25,23,23:00,,0.90972376,0.0,6.905904
20001_0310_1,11,44783486,2024-05-26,0,00:00,,0.0,0.0,4.4329667
20001_0310_1,11,44783486,2024-05-26,1,01:00,,0.0,0.0,3.8602314
20001_0310_1,11,44783486,2024-05-26,2,02:00,,0.0,0.0,3.917504
20001_0310_1,11,44783486,2024-05-26,3,03:00,,0.0,0.0,4.0320525
20001_0310_1,11,44783486,2024-05-26,4,04:00,,0.30927688,0.0,7.6116447
20001_0310_1,11,44783486,2024-05-26,5,05:00,,22.560019,14.176615,31.759571
20001_0310_1,11,44783486,2024-05-26,6,06:00,,30.77876,20.773802,41.317078
20001_0310_1,11,44783486,2024-05-26,7,07:00,,25.223236,14.470143,36.176785
20001_0310_1,11,44783486,2024-05-26,8,08:00,,21.894215,11.291464,32.368103
20001_0310_1,11,44783486,2024-05-26,9,09:00,,22.832067,12.551481,33.05538
20001_0310_1,11,44783486,2024-05-26,10,10:00,,13.711268,3.4593174,23.662535
20001_0310_1,11,44783486,2024-05-26,11,11:00,,16.932903,6.96016,27.12042
20001_0310_1,11,44783486,2024-05-26,12,12:00,,27.485538,17.545013,37.79476
20001_0310_1,11,44783486,2024-05-26,13,13:00,,23.132753,13.1385355,33.714027
20001_0310_1,11,44783486,2024-05-26,14,14:00,,19.3885,9.340586,29.81585
20001_0310_1,11,44783486,2024-05-26,15,15:00,,21.718815,11.660163,32.264294
20001_0310_1,11,44783486,2024-05-26,16,16:00,,19.001905,8.603191,29.422098
20001_0310_1,11,44783486,2024-05-26,17,17:00,,26.211203,15.373989,36.50611
20001_0310_1,11,44783486,2024-05-26,18,18:00,,33.356068,22.588655,43.693924
20001_0310_1,11,44783486,2024-05-26,19,19:00,,20.831076,11.05879,30.818136
20001_0310_1,11,44783486,2024-05-26,20,20:00,,14.126501,5.1488843,23.218662
20001_0310_1,11,44783486,2024-05-26,21,21:00,,18.43454,10.9460335,26.5101
20001_0310_1,11,44783486,2024-05-26,22,22:00,,18.365187,12.096427,25.598646
20001_0310_1,11,44783486,2024-05-26,23,23:00,,0.7674644,0.0,7.067546
20001_0310_1,11,44783486,2024-05-27,0,00:00,,0.0,0.0,4.0517545
20001_0310_1,11,44783486,2024-05-27,1,01:00,,0.0,0.0,3.909183
20001_0310_1,11,44783486,2024-05-27,2,02:00,,0.0,0.0,3.6240375
20001_0310_1,11,44783486,2024-05-27,3,03:00,,0.0,0.0,3.6810672
20001_0310_1,11,44783486,2024-05-27,4,04:00,,1.0577433,0.0,8.072282
20001_0310_1,11,44783486,2024-05-27,5,05:00,25.999910354614258,22.386505,14.252778,31.10478
20001_0310_1,11,44783486,2024-05-27,6,06:00,26.180883407592773,35.389065,25.280712,45.19801
20001_0310_1,11,44783486,2024-05-27,7,07:00,35.81425476074219,35.90232,25.066856,45.939384
20001_0310_1,11,44783486,2024-05-27,8,08:00,38.73688888549805,29.885784,19.335463,39.40959
20001_0310_1,11,44783486,2024-05-27,9,09:00,32.54385884602865,26.549604,16.555313,35.588665
20001_0310_1,11,44783486,2024-05-27,10,10:00,14.920721054077148,16.811941,7.113485,25.647835
20001_0310_1,11,44783486,2024-05-27,11,11:00,16.862945556640625,18.49429,9.105929,27.298107
20001_0310_1,11,44783486,2024-05-27,12,12:00,24.77331797281901,27.405035,18.12182,36.187466
20001_0310_1,11,44783486,2024-05-27,13,13:00,27.586171468098957,22.871248,13.760902,31.667938
20001_0310_1,11,44783486,2024-05-27,14,14:00,13.742234547932943,18.922451,10.001015,27.59439
20001_0310_1,11,44783486,2024-05-27,15,15:00,24.384536743164062,21.944532,12.96963,30.334892
20001_0310_1,11,44783486,2024-05-27,16,16:00,34.27250671386719,23.441536,14.302674,31.881792
20001_0310_1,11,44783486,2024-05-27,17,17:00,82.10662841796875,34.98986,25.2522,43.259033
20001_0310_1,11,44783486,2024-05-27,18,18:00,39.904022216796875,37.099926,27.462067,45.88236
20001_0310_1,11,44783486,2024-05-27,19,19:00,21.49095001220703,22.14413,13.375959,30.555876
20001_0310_1,11,44783486,2024-05-27,20,20:00,24.516993204752605,15.578693,7.6089225,23.377378
20001_0310_1,11,44783486,2024-05-27,21,21:00,13.8646879196167,18.041624,11.198172,24.671217
20001_0310_1,11,44783486,2024-05-27,22,22:00,20.024169921875,18.155682,12.397558,24.25954
20001_0310_1,11,44783486,2024-05-27,23,23:00,,1.6850594,0.0,7.2168503
20001_0310_1,11,44783486,2024-05-28,0,00:00,,0.0,0.0,4.700898
20001_0310_1,11,44783486,2024-05-28,1,01:00,,0.57277,0.0,4.671621
20001_0310_1,11,44783486,2024-05-28,2,02:00,,0.3385499,0.0,4.7887316
20001_0310_1,11,44783486,2024-05-28,3,03:00,,0.0,0.0,4.9351187
20001_0310_1,11,44783486,2024-05-28,4,04:00,,0.51421475,0.0,7.5408173
20001_0310_1,11,44783486,2024-05-28,5,05:00,32.09491729736328,23.497057,15.936141,32.368145
20001_0310_1,11,44783486,2024-05-28,6,06:00,28.763574600219727,35.764336,26.410172,46.07002
20001_0310_1,11,44783486,2024-05-28,7,07:00,51.95506795247396,37.34532,27.171385,47.88522
20001_0310_1,11,44783486,2024-05-28,8,08:00,41.67059326171875,31.079933,20.876719,41.385612
20001_0310_1,11,44783486,2024-05-28,9,09:00,18.367416381835938,28.41568,18.87121,38.574974
20001_0310_1,11,44783486,2024-05-28,10,10:00,23.92681884765625,18.06974,8.404962,28.196556
20001_0310_1,11,44783486,2024-05-28,11,11:00,16.45333480834961,17.593979,8.172112,27.905153
20001_0310_1,11,44783486,2024-05-28,12,12:00,24.247909545898438,27.917963,18.344215,38.42859
20001_0310_1,11,44783486,2024-05-28,13,13:00,29.9925053914388,22.121014,12.744892,32.799984
20001_0310_1,11,44783486,2024-05-28,14,14:00,18.895587921142578,18.742208,9.248978,29.18696
20001_0310_1,11,44783486,2024-05-28,15,15:00,32.70213317871094,22.018545,12.386245,31.987537
20001_0310_1,11,44783486,2024-05-28,16,16:00,36.00818634033203,27.215303,17.531767,37.403877
20001_0310_1,11,44783486,2024-05-28,17,17:00,69.86463165283203,42.146835,31.92898,51.92552
20001_0310_1,11,44783486,2024-05-28,18,18:00,61.29871368408203,38.106537,28.005796,48.52933
20001_0310_1,11,44783486,2024-05-28,19,19:00,19.686014811197918,22.406471,13.081585,32.1998
20001_0310_1,11,44783486,2024-05-28,20,20:00,18.464312235514324,16.009336,7.372472,25.085363
20001_0310_1,11,44783486,2024-05-28,21,21:00,34.68567657470703,17.60496,10.142854,25.308603
20001_0310_1,11,44783486,2024-05-28,22,22:00,12.810593605041504,17.092604,10.556401,24.141163
20001_0310_1,11,44783486,2024-05-28,23,23:00,,0.8069892,0.0,6.8088784
20001_0310_1,11,44783486,2024-05-29,0,00:00,,0.12838805,0.0,5.118839
20001_0310_1,11,44783486,2024-05-29,1,01:00,,0.0,0.0,4.1568236
20001_0310_1,11,44783486,2024-05-29,2,02:00,,0.0,0.0,4.397327
20001_0310_1,11,44783486,2024-05-29,3,03:00,,0.06826159,0.0,6.621985
20001_0310_1,11,44783486,2024-05-29,4,04:00,,0.97015023,0.0,9.748532
20001_0310_1,11,44783486,2024-05-29,5,05:00,20.38079261779785,27.154982,17.874928,38.353436
20001_0310_1,11,44783486,2024-05-29,6,06:00,36.51845932006836,38.007706,26.628881,50.934772
20001_0310_1,11,44783486,2024-05-29,7,07:00,27.12335968017578,43.96017,31.8448,57.368244
20001_0310_1,11,44783486,2024-05-29,8,08:00,38.797803243001304,32.71663,21.022144,45.52345
20001_0310_1,11,44783486,2024-05-29,9,09:00,49.00959777832031,32.05524,21.029657,44.471245
20001_0310_1,11,44783486,2024-05-29,10,10:00,15.090298970540365,18.9027,8.11292,31.141142
20001_0310_1,11,44783486,2024-05-29,11,11:00,26.390079498291016,21.067234,10.462527,33.70119
20001_0310_1,11,44783486,2024-05-29,12,12:00,28.163990020751953,29.620144,19.053019,42.547215
20001_0310_1,11,44783486,2024-05-29,13,13:00,24.499313354492188,25.185858,14.543572,37.932552
20001_0310_1,11,44783486,2024-05-29,14,14:00,23.005953470865887,20.6689,10.0867405,32.93458
20001_0310_1,11,44783486,2024-05-29,15,15:00,22.044576009114582,25.065607,14.483447,37.03066
20001_0310_1,11,44783486,2024-05-29,16,16:00,30.967549641927082,28.507814,17.512291,40.50293
20001_0310_1,11,44783486,2024-05-29,17,17:00,52.98615519205729,44.5013,32.806816,56.406235
20001_0310_1,11,44783486,2024-05-29,18,18:00,34.496829986572266,41.61526,30.131214,53.880947
20001_0310_1,11,44783486,2024-05-29,19,19:00,19.10110346476237,24.59963,14.122692,36.384304
20001_0310_1,11,44783486,2024-05-29,20,20:00,16.758525848388672,16.926064,7.3284655,27.290266
20001_0310_1,11,44783486,2024-05-29,21,21:00,9.547040939331055,19.548117,11.619482,28.59002
20001_0310_1,11,44783486,2024-05-29,22,22:00,21.340442657470703,17.083893,10.319728,25.170824
20001_0310_1,11,44783486,2024-05-29,23,23:00,,0.06826246,0.0,6.8925524
20001_0310_1,11,44783486,2024-05-30,0,00:00,,0.0,0.0,4.4923215
20001_0310_1,11,44783486,2024-05-30,1,01:00,,0.46599776,0.0,4.734506
20001_0310_1,11,44783486,2024-05-30,2,02:00,,0.0,0.0,3.7960398
20001_0310_1,11,44783486,2024-05-30,3,03:00,,0.0,0.0,5.642699
20001_0310_1,11,44783486,2024-05-30,4,04:00,,0.0,0.0,7.9434547
20001_0310_1,11,44783486,2024-05-30,5,05:00,,24.79044,15.587416,34.644337
20001_0310_1,11,44783486,2024-05-30,6,06:00,,36.490993,25.229397,47.510403
20001_0310_1,11,44783486,2024-05-30,7,07:00,,37.338642,25.592674,48.90297
20001_0310_1,11,44783486,2024-05-30,8,08:00,,30.254732,18.817175,41.304417
20001_0310_1,11,44783486,2024-05-30,9,09:00,,29.497908,18.960974,40.15404
20001_0310_1,11,44783486,2024-05-30,10,10:00,,17.244867,7.4439497,27.72693
20001_0310_1,11,44783486,2024-05-30,11,11:00,,19.42453,10.024968,29.85385
20001_0310_1,11,44783486,2024-05-30,12,12:00,,28.196163,19.057468,38.76148
20001_0310_1,11,44783486,2024-05-30,13,13:00,,23.110281,14.111601,33.713436
20001_0310_1,11,44783486,2024-05-30,14,14:00,,19.924984,10.66709,30.37488
20001_0310_1,11,44783486,2024-05-30,15,15:00,,22.194519,12.696334,32.585766
20001_0310_1,11,44783486,2024-05-30,16,16:00,,26.016499,16.162601,36.55154
20001_0310_1,11,44783486,2024-05-30,17,17:00,,41.75852,31.132658,52.051376
20001_0310_1,11,44783486,2024-05-30,18,18:00,,39.336666,29.04381,49.690067
20001_0310_1,11,44783486,2024-05-30,19,19:00,,22.429136,12.983929,31.965164
20001_0310_1,11,44783486,2024-05-30,20,20:00,,16.298832,7.8980465,24.714758
20001_0310_1,11,44783486,2024-05-30,21,21:00,,18.700813,11.608868,25.882637
20001_0310_1,11,44783486,2024-05-30,22,22:00,,17.793568,11.693538,24.362833
20001_0310_1,11,44783486,2024-05-30,23,23:00,,1.3136446,0.0,7.186628
20001_0310_1,11,44783486,2024-05-31,0,00:00,,0.5625981,0.0,4.448309
20001_0310_1,11,44783486,2024-05-31,1,01:00,,0.8054557,0.0,4.0233097
20001_0310_1,11,44783486,2024-05-31,2,02:00,,0.31974146,0.0,3.9018817
20001_0310_1,11,44783486,2024-05-31,3,03:00,,0.0,0.0,4.5090227
20001_0310_1,11,44783486,2024-05-31,4,04:00,,0.0,0.0,5.966165
20001_0310_1,11,44783486,2024-05-31,5,05:00,,24.817932,16.598743,32.999176
20001_0310_1,11,44783486,2024-05-31,6,06:00,,36.50542,26.669716,46.401844
20001_0310_1,11,44783486,2024-05-31,7,07:00,,41.058987,30.555424,51.68398
20001_0310_1,11,44783486,2024-05-31,8,08:00,,31.101852,20.765259,41.241127
20001_0310_1,11,44783486,2024-05-31,9,09:00,,29.583996,19.920948,39.14649
20001_0310_1,11,44783486,2024-05-31,10,10:00,,18.291153,9.480001,27.512127
20001_0310_1,11,44783486,2024-05-31,11,11:00,,21.452084,13.043165,30.574398
20001_0310_1,11,44783486,2024-05-31,12,12:00,,29.159,20.731106,38.357204
20001_0310_1,11,44783486,2024-05-31,13,13:00,,24.54472,16.242046,34.122383
20001_0310_1,11,44783486,2024-05-31,14,14:00,,22.100967,13.418834,31.921497
20001_0310_1,11,44783486,2024-05-31,15,15:00,,24.31704,15.058118,34.577744
20001_0310_1,11,44783486,2024-05-31,16,16:00,,27.79293,17.885128,38.326847
20001_0310_1,11,44783486,2024-05-31,17,17:00,,45.612553,34.592922,56.17683
20001_0310_1,11,44783486,2024-05-31,18,18:00,,41.483986,30.82864,52.291122
20001_0310_1,11,44783486,2024-05-31,19,19:00,,24.01347,14.268836,33.985783
20001_0310_1,11,44783486,2024-05-31,20,20:00,,17.046509,8.65277,25.60722
20001_0310_1,11,44783486,2024-05-31,21,21:00,,19.25689,12.178938,26.35571
20001_0310_1,11,44783486,2024-05-31,22,22:00,,18.780663,12.8762045,24.80655
20001_0310_1,11,44783486,2024-05-31,23,23:00,,1.9590259,0.0,7.1804495
20001_0310_1,12,44783013,2024-05-01,0,00:00,,0.11858401,0.0,5.6999054
20001_0310_1,12,44783013,2024-05-01,1,01:00,,0.24125014,0.0,5.0559063
20001_0310_1,12,44783013,2024-05-01,2,02:00,,0.91591525,0.0,5.8532376
20001_0310_1,12,44783013,2024-05-01,3,03:00,,0.8545826,0.0,7.0185695
20001_0310_1,12,44783013,2024-05-01,4,04:00,,2.0199132,0.0,10.023895
20001_0310_1,12,44783013,2024-05-01,5,05:00,,29.129189,20.58758,39.172497
20001_0310_1,12,44783013,2024-05-01,6,06:00,,37.531834,27.059193,48.939808
20001_0310_1,12,44783013,2024-05-01,7,07:00,,46.547813,35.446503,58.20112
20001_0310_1,12,44783013,2024-05-01,8,08:00,,25.387863,14.700553,36.596504
20001_0310_1,12,44783013,2024-05-01,9,09:00,,28.239857,18.219545,39.1725
20001_0310_1,12,44783013,2024-05-01,10,10:00,,20.496542,10.382313,31.388935
20001_0310_1,12,44783013,2024-05-01,11,11:00,,20.454374,10.339188,31.928478
20001_0310_1,12,44783013,2024-05-01,12,12:00,,29.251854,18.61821,41.31916
20001_0310_1,12,44783013,2024-05-01,13,13:00,,24.053865,13.059888,36.765167
20001_0310_1,12,44783013,2024-05-01,14,14:00,,21.560287,10.12356,34.28884
20001_0310_1,12,44783013,2024-05-01,15,15:00,,28.117191,16.371883,40.8745
20001_0310_1,12,44783013,2024-05-01,16,16:00,,29.190521,17.330214,42.11649
20001_0310_1,12,44783013,2024-05-01,17,17:00,,44.27849,31.981182,57.03579
20001_0310_1,12,44783013,2024-05-01,18,18:00,,39.249165,27.27386,52.190475
20001_0310_1,12,44783013,2024-05-01,19,19:00,,25.32653,14.2098875,37.57784
20001_0310_1,12,44783013,2024-05-01,20,20:00,,17.023548,6.8345695,28.20919
20001_0310_1,12,44783013,2024-05-01,21,21:00,,19.404041,10.690893,29.090855
20001_0310_1,12,44783013,2024-05-01,22,22:00,,21.77687,13.918553,30.447851
20001_0310_1,12,44783013,2024-05-01,23,23:00,,2.1425793,0.0,9.53323
20001_0310_1,12,44783013,2024-05-02,0,00:00,,0.0,0.0,4.71672
20001_0310_1,12,44783013,2024-05-02,1,01:00,,0.5297317,0.0,4.7782927
20001_0310_1,12,44783013,2024-05-02,2,02:00,,0.0,0.0,3.6699727
20001_0310_1,12,44783013,2024-05-02,3,03:00,,0.0,0.0,5.301665
20001_0310_1,12,44783013,2024-05-02,4,04:00,,0.6528782,0.0,7.672239
20001_0310_1,12,44783013,2024-05-02,5,05:00,,28.514814,20.475645,37.04272
20001_0310_1,12,44783013,2024-05-02,6,06:00,,37.381374,27.991442,46.802097
20001_0310_1,12,44783013,2024-05-02,7,07:00,,46.40187,36.734856,55.94574
20001_0310_1,12,44783013,2024-05-02,8,08:00,,25.166765,15.930762,34.125683
20001_0310_1,12,44783013,2024-05-02,9,09:00,,28.684143,20.287079,37.19666
20001_0310_1,12,44783013,2024-05-02,10,10:00,,20.956688,12.916075,29.356155
20001_0310_1,12,44783013,2024-05-02,11,11:00,,20.516054,12.665453,29.105534
20001_0310_1,12,44783013,2024-05-02,12,12:00,,31.655054,23.473495,40.891052
20001_0310_1,12,44783013,2024-05-02,13,13:00,,25.12828,16.692732,35.210915
20001_0310_1,12,44783013,2024-05-02,14,14:00,,23.207964,13.979659,33.359867
20001_0310_1,12,44783013,2024-05-02,15,15:00,,29.931002,20.225504,40.306107
20001_0310_1,12,44783013,2024-05-02,16,16:00,,29.315268,19.502018,39.859703
20001_0310_1,12,44783013,2024-05-02,17,17:00,,44.493095,33.99484,54.652695
20001_0310_1,12,44783013,2024-05-02,18,18:00,,40.12139,29.931005,50.219418
20001_0310_1,12,44783013,2024-05-02,19,19:00,,26.098063,16.33869,35.765076
20001_0310_1,12,44783013,2024-05-02,20,20:00,,17.9242,9.026854,26.852333
20001_0310_1,12,44783013,2024-05-02,21,21:00,,19.563591,11.66681,27.337225
20001_0310_1,12,44783013,2024-05-02,22,22:00,,21.759066,14.83014,28.85347
20001_0310_1,12,44783013,2024-05-02,23,23:00,,0.96074504,0.0,7.0872927
20001_0310_1,12,44783013,2024-05-03,0,00:00,,0.7380829,0.0,4.882176
20001_0310_1,12,44783013,2024-05-03,1,01:00,,0.49067464,0.0,3.9543943
20001_0310_1,12,44783013,2024-05-03,2,02:00,,0.0,0.0,2.9647605
20001_0310_1,12,44783013,2024-05-03,3,03:00,,0.0,0.0,4.5729156
20001_0310_1,12,44783013,2024-05-03,4,04:00,,0.0,0.0,6.3666277
20001_0310_1,12,44783013,2024-05-03,5,05:00,,31.756935,23.171085,40.292534
20001_0310_1,12,44783013,2024-05-03,6,06:00,,37.725666,27.458206,47.683857
20001_0310_1,12,44783013,2024-05-03,7,07:00,,47.869415,37.354557,58.013172
20001_0310_1,12,44783013,2024-05-03,8,08:00,,27.782934,17.809275,37.19993
20001_0310_1,12,44783013,2024-05-03,9,09:00,,29.050903,20.097805,37.864834
20001_0310_1,12,44783013,2024-05-03,10,10:00,,21.335815,13.108029,29.839035
20001_0310_1,12,44783013,2024-05-03,11,11:00,,21.47305,13.491947,30.176561
20001_0310_1,12,44783013,2024-05-03,12,12:00,,30.458038,22.212374,39.4266
20001_0310_1,12,44783013,2024-05-03,13,13:00,,25.602644,17.407234,35.158802
20001_0310_1,12,44783013,2024-05-03,14,14:00,,23.418493,14.565904,32.951454
20001_0310_1,12,44783013,2024-05-03,15,15:00,,29.963223,20.820704,39.55031
20001_0310_1,12,44783013,2024-05-03,16,16:00,,29.561184,20.30269,39.33382
20001_0310_1,12,44783013,2024-05-03,17,17:00,,43.972733,33.767124,53.250553
20001_0310_1,12,44783013,2024-05-03,18,18:00,,40.199753,30.396185,49.66313
20001_0310_1,12,44783013,2024-05-03,19,19:00,,24.945467,15.907323,33.875374
20001_0310_1,12,44783013,2024-05-03,20,20:00,,18.350483,10.205328,26.426054
20001_0310_1,12,44783013,2024-05-03,21,21:00,,18.64428,11.546745,25.772738
20001_0310_1,12,44783013,2024-05-03,22,22:00,,21.732054,15.555054,28.06465
20001_0310_1,12,44783013,2024-05-03,23,23:00,,0.6762308,0.0,6.242924
20001_0310_1,12,44783013,2024-05-04,0,00:00,,0.6669431,0.0,4.426959
20001_0310_1,12,44783013,2024-05-04,1,01:00,,0.5436636,0.0,3.564004
20001_0310_1,12,44783013,2024-05-04,2,02:00,,0.0,0.0,3.070889
20001_0310_1,12,44783013,2024-05-04,3,03:00,,0.0,0.0,3.9338434
20001_0310_1,12,44783013,2024-05-04,4,04:00,,0.8518618,0.0,6.491886
20001_0310_1,12,44783013,2024-05-04,5,05:00,,28.820837,21.828594,35.89398
20001_0310_1,12,44783013,2024-05-04,6,06:00,,37.095955,28.867067,45.540577
20001_0310_1,12,44783013,2024-05-04,7,07:00,,46.033695,37.465794,54.84816
20001_0310_1,12,44783013,2024-05-04,8,08:00,,25.892956,17.69489,34.029385
20001_0310_1,12,44783013,2024-05-04,9,09:00,,29.051985,21.570477,36.72612
20001_0310_1,12,44783013,2024-05-04,10,10:00,,20.726784,13.773545,28.043118
20001_0310_1,12,44783013,2024-05-04,11,11:00,,20.766272,14.080301,28.30364
20001_0310_1,12,44783013,2024-05-04,12,12:00,,30.022808,23.17696,37.72776
20001_0310_1,12,44783013,2024-05-04,13,13:00,,25.538528,18.496202,33.967743
20001_0310_1,12,44783013,2024-05-04,14,14:00,,22.753187,14.874875,31.332653
20001_0310_1,12,44783013,2024-05-04,15,15:00,,28.204441,19.63268,37.3271
20001_0310_1,12,44783013,2024-05-04,16,16:00,,26.97165,17.710299,36.46415
20001_0310_1,12,44783013,2024-05-04,17,17:00,,43.136635,32.75036,52.50586
20001_0310_1,12,44783013,2024-05-04,18,18:00,,38.69858,28.420181,48.560925
20001_0310_1,12,44783013,2024-05-04,19,19:00,,24.39049,14.77471,33.790527
20001_0310_1,12,44783013,2024-05-04,20,20:00,,16.92439,8.2409115,25.422956
20001_0310_1,12,44783013,2024-05-04,21,21:00,,18.141775,10.714201,25.646395
20001_0310_1,12,44783013,2024-05-04,22,22:00,,20.988754,14.58305,27.49655
20001_0310_1,12,44783013,2024-05-04,23,23:00,,1.3449795,0.0,6.800085
20001_0310_1,12,44783013,2024-05-05,0,00:00,,0.0,0.0,2.6026335
20001_0310_1,12,44783013,2024-05-05,1,01:00,,0.0,0.0,2.6026335
20001_0310_1,12,44783013,2024-05-05,2,02:00,,0.0,0.0,2.9716754
20001_0310_1,12,44783013,2024-05-05,3,03:00,,0.0,0.0,3.0946891
20001_0310_1,12,44783013,2024-05-05,4,04:00,,0.32687947,0.0,6.4160604
20001_0310_1,12,44783013,2024-05-05,5,05:00,,28.327888,20.839426,36.047005
20001_0310_1,12,44783013,2024-05-05,6,06:00,,36.462173,27.466793,45.56519
20001_0310_1,12,44783013,2024-05-05,7,07:00,16.363636016845703,41.597996,32.002922,50.947044
20001_0310_1,12,44783013,2024-05-05,8,08:00,,22.375175,12.926182,31.024582
20001_0310_1,12,44783013,2024-05-05,9,09:00,,28.081861,19.244093,36.446796
20001_0310_1,12,44783013,2024-05-05,10,10:00,0.0,20.89805,12.212124,29.095762
20001_0310_1,12,44783013,2024-05-05,11,11:00,,20.370436,11.797914,28.835321
20001_0310_1,12,44783013,2024-05-05,12,12:00,,27.220764,18.690527,35.92399
20001_0310_1,12,44783013,2024-05-05,13,13:00,,23.622612,14.773309,33.040848
20001_0310_1,12,44783013,2024-05-05,14,14:00,,19.593912,10.054577,29.183218
20001_0310_1,12,44783013,2024-05-05,15,15:00,,23.561106,13.696937,33.59441
20001_0310_1,12,44783013,2024-05-05,16,16:00,,21.723587,11.424066,32.18264
20001_0310_1,12,44783013,2024-05-05,17,17:00,,33.356075,22.457829,43.843002
20001_0310_1,12,44783013,2024-05-05,18,18:00,,35.693336,24.837376,46.334026
20001_0310_1,12,44783013,2024-05-05,19,19:00,,22.315592,12.30919,32.175915
20001_0310_1,12,44783013,2024-05-05,20,20:00,,15.549833,6.4468145,24.61441
20001_0310_1,12,44783013,2024-05-05,21,21:00,,17.571873,9.8681345,25.306362
20001_0310_1,12,44783013,2024-05-05,22,22:00,,20.174381,13.420157,26.87479
20001_0310_1,12,44783013,2024-05-05,23,23:00,,1.3724964,0.0,7.307911
20001_0310_1,12,44783013,2024-05-06,0,00:00,,0.0,0.0,3.9251232
20001_0310_1,12,44783013,2024-05-06,1,01:00,,0.0,0.0,3.6221702
20001_0310_1,12,44783013,2024-05-06,2,02:00,,0.0,0.0,3.1980376
20001_0310_1,12,44783013,2024-05-06,3,03:00,,0.0,0.0,3.864534
20001_0310_1,12,44783013,2024-05-06,4,04:00,,0.0,0.0,5.5913596
20001_0310_1,12,44783013,2024-05-06,5,05:00,29.124019622802734,26.237545,18.489546,34.439972
20001_0310_1,12,44783013,2024-05-06,6,06:00,33.558789571126304,36.340996,26.84345,45.399265
20001_0310_1,12,44783013,2024-05-06,7,07:00,45.185367584228516,36.9469,26.8283,45.883984
20001_0310_1,12,44783013,2024-05-06,8,08:00,28.09430694580078,25.714952,16.02806,34.212757
20001_0310_1,12,44783013,2024-05-06,9,09:00,20.003443400065105,27.40391,18.292627,35.47758
20001_0310_1,12,44783013,2024-05-06,10,10:00,18.449127197265625,15.558484,6.712282,23.677599
20001_0310_1,12,44783013,2024-05-06,11,11:00,23.757577896118164,20.24288,11.337982,28.485071
20001_0310_1,12,44783013,2024-05-06,12,12:00,36.20689392089844,27.994667,19.042433,36.61365
20001_0310_1,12,44783013,2024-05-06,13,13:00,21.838462829589844,24.101732,14.687496,33.152424
20001_0310_1,12,44783013,2024-05-06,14,14:00,15.059367179870605,19.417336,9.431275,28.699028
20001_0310_1,12,44783013,2024-05-06,15,15:00,18.908187866210938,25.874002,15.513042,35.26552
20001_0310_1,12,44783013,2024-05-06,16,16:00,32.300567626953125,28.721752,18.175234,38.431366
20001_0310_1,12,44783013,2024-05-06,17,17:00,45.247962951660156,42.400036,31.342287,52.033913
20001_0310_1,12,44783013,2024-05-06,18,18:00,42.71791381835938,38.401073,27.40391,48.51967
20001_0310_1,12,44783013,2024-05-06,19,19:00,24.915557861328125,24.828817,14.5511675,34.636887
20001_0310_1,12,44783013,2024-05-06,20,20:00,17.309524536132812,17.747313,8.113436,27.078238
20001_0310_1,12,44783013,2024-05-06,21,21:00,13.5,18.58043,10.105345,26.858595
20001_0310_1,12,44783013,2024-05-06,22,22:00,18.531856536865234,21.205936,13.885855,28.851688
20001_0310_1,12,44783013,2024-05-06,23,23:00,,1.0773739,0.0,7.924091
20001_0310_1,12,44783013,2024-05-07,0,00:00,,0.0,0.0,3.6694865
20001_0310_1,12,44783013,2024-05-07,1,01:00,,0.0,0.0,3.6085873
20001_0310_1,12,44783013,2024-05-07,2,02:00,,0.0,0.0,3.9130797
20001_0310_1,12,44783013,2024-05-07,3,03:00,,0.015598327,0.0,5.344186
20001_0310_1,12,44783013,2024-05-07,4,04:00,,0.80727446,0.0,7.6583166
20001_0310_1,12,44783013,2024-05-07,5,05:00,27.88978385925293,33.144188,25.143694,41.517685
20001_0310_1,12,44783013,2024-05-07,6,06:00,37.30313491821289,39.05131,29.642546,48.429626
20001_0310_1,12,44783013,2024-05-07,7,07:00,50.23287658691406,44.105858,34.301254,53.484173
20001_0310_1,12,44783013,2024-05-07,8,08:00,28.876237869262695,28.987892,19.601967,37.879025
20001_0310_1,12,44783013,2024-05-07,9,09:00,30.35241953531901,30.312426,21.691532,38.716373
20001_0310_1,12,44783013,2024-05-07,10,10:00,17.815475463867188,20.348919,11.832694,28.442663
20001_0310_1,12,44783013,2024-05-07,11,11:00,11.362467956542968,23.095995,15.02699,31.088877
20001_0310_1,12,44783013,2024-05-07,12,12:00,35.726966857910156,30.007935,21.94464,38.076935
20001_0310_1,12,44783013,2024-05-07,13,13:00,23.028823852539062,25.05996,16.975733,33.23554
20001_0310_1,12,44783013,2024-05-07,14,14:00,16.90057627360026,21.46697,13.061124,29.671095
20001_0310_1,12,44783013,2024-05-07,15,15:00,19.63788096110026,27.693806,19.046268,35.54967
20001_0310_1,12,44783013,2024-05-07,16,16:00,36.46763229370117,32.26117,23.545118,40.42152
20001_0310_1,12,44783013,2024-05-07,17,17:00,27.119396209716797,47.63795,38.381435,55.676506
20001_0310_1,12,44783013,2024-05-07,18,18:00,41.24063720703125,39.4776,30.342876,48.00334
20001_0310_1,12,44783013,2024-05-07,19,19:00,22.761396408081055,25.105635,16.587505,33.357338
20001_0310_1,12,44783013,2024-05-07,20,20:00,12.802536010742188,18.231756,10.132303,26.057169
20001_0310_1,12,44783013,2024-05-07,21,21:00,21.0,18.52102,11.213245,25.387287
20001_0310_1,12,44783013,2024-05-07,22,22:00,20.88888931274414,22.15588,15.365739,28.474064
20001_0310_1,12,44783013,2024-05-07,23,23:00,,1.2335614,0.0,6.683945
20001_0310_1,12,44783013,2024-05-08,0,00:00,,0.0,0.0,3.9211047
20001_0310_1,12,44783013,2024-05-08,1,01:00,,0.0,0.0,3.258379
20001_0310_1,12,44783013,2024-05-08,2,02:00,,0.0,0.0,3.3186266
20001_0310_1,12,44783013,2024-05-08,3,03:00,,0.0,0.0,4.9453173
20001_0310_1,12,44783013,2024-05-08,4,04:00,,0.0050003827,0.0,6.7828736
20001_0310_1,12,44783013,2024-05-08,5,05:00,29.682296752929688,28.56244,20.58526,36.78626
20001_0310_1,12,44783013,2024-05-08,6,06:00,34.01526641845703,37.298367,27.613535,45.913795
20001_0310_1,12,44783013,2024-05-08,7,07:00,36.378238677978516,42.419426,32.59904,50.97461
20001_0310_1,12,44783013,2024-05-08,8,08:00,25.959503173828125,28.32145,19.163788,36.485023
20001_0310_1,12,44783013,2024-05-08,9,09:00,21.84217071533203,27.508104,19.23157,35.234882
20001_0310_1,12,44783013,2024-05-08,10,10:00,14.708333015441895,18.245008,10.024956,25.65925
20001_0310_1,12,44783013,2024-05-08,11,11:00,14.611330032348633,20.18612,12.320961,27.548582
20001_0310_1,12,44783013,2024-05-08,12,12:00,19.107986450195312,28.743183,20.786713,36.62058
20001_0310_1,12,44783013,2024-05-08,13,13:00,37.36349868774414,23.84052,15.789914,32.011627
20001_0310_1,12,44783013,2024-05-08,14,14:00,14.491582234700521,20.491123,11.957827,28.676582
20001_0310_1,12,44783013,2024-05-08,15,15:00,23.7479248046875,25.986847,17.265984,33.879307
20001_0310_1,12,44783013,2024-05-08,16,16:00,40.6335334777832,29.40591,20.636095,37.32849
20001_0310_1,12,44783013,2024-05-08,17,17:00,26.90440622965495,45.612556,36.424774,53.32427
20001_0310_1,12,44783013,2024-05-08,18,18:00,49.654638671875,37.7201,28.863678,45.793297
20001_0310_1,12,44783013,2024-05-08,19,19:00,18.569847106933594,23.938425,15.8351,31.861006
20001_0310_1,12,44783013,2024-05-08,20,20:00,19.52857208251953,16.83672,9.192784,24.35263
20001_0310_1,12,44783013,2024-05-08,21,21:00,22.865591049194336,17.898586,11.165899,24.60115
20001_0310_1,12,44783013,2024-05-08,22,22:00,16.799999237060547,20.304731,14.126512,26.507425
20001_0310_1,12,44783013,2024-05-08,23,23:00,,0.5472304,0.0,5.969529
20001_0310_1,12,44783013,2024-05-09,0,00:00,,0.0,0.0,3.894385
20001_0310_1,12,44783013,2024-05-09,1,01:00,,0.0,0.0,3.3030734
20001_0310_1,12,44783013,2024-05-09,2,02:00,,0.0,0.0,3.7169912
20001_0310_1,12,44783013,2024-05-09,3,03:00,,0.0,0.0,3.9535162
20001_0310_1,12,44783013,2024-05-09,4,04:00,,0.64217097,0.0,6.7326813
20001_0310_1,12,44783013,2024-05-09,5,05:00,25.952433268229168,27.532064,20.01132,34.834766
20001_0310_1,12,44783013,2024-05-09,6,06:00,31.078203201293945,35.529552,26.955534,43.512257
20001_0310_1,12,44783013,2024-05-09,7,07:00,51.60075759887695,40.85136,32.159084,48.83407
20001_0310_1,12,44783013,2024-05-09,8,08:00,23.455102920532227,26.733795,18.473911,34.2878
20001_0310_1,12,44783013,2024-05-09,9,09:00,14.81469472249349,25.418125,17.716291,32.691257
20001_0310_1,12,44783013,2024-05-09,10,10:00,23.191184997558594,17.265419,9.851852,24.427681
20001_0310_1,12,44783013,2024-05-09,11,11:00,18.84166717529297,18.954353,11.655352,26.37901
20001_0310_1,12,44783013,2024-05-09,12,12:00,24.16836166381836,29.025126,21.65221,36.919136
20001_0310_1,12,44783013,2024-05-09,13,13:00,35.36964416503906,25.033775,17.405855,33.356487
20001_0310_1,12,44783013,2024-05-09,14,14:00,21.630157470703125,20.754156,12.780689,29.086103
20001_0310_1,12,44783013,2024-05-09,15,15:00,32.75733947753906,25.625086,17.494549,34.12519
20001_0310_1,12,44783013,2024-05-09,16,16:00,24.7894344329834,29.35035,21.134813,37.894802
20001_0310_1,12,44783013,2024-05-09,17,17:00,52.08666483561198,40.733097,31.922558,49.129726
20001_0310_1,12,44783013,2024-05-09,18,18:00,55.73169962565104,39.31395,30.739933,47.769707
20001_0310_1,12,44783013,2024-05-09,19,19:00,26.6785400390625,24.664206,16.518887,32.898216
20001_0310_1,12,44783013,2024-05-09,20,20:00,15.607844034830729,17.989775,10.583599,25.617695
20001_0310_1,12,44783013,2024-05-09,21,21:00,13.660714149475098,18.470215,11.928831,25.144644
20001_0310_1,12,44783013,2024-05-09,22,22:00,15.361800193786621,20.19426,14.510277,26.277378
20001_0310_1,12,44783013,2024-05-09,23,23:00,,1.4700077,0.0,6.8509436
20001_0310_1,12,44783013,2024-05-10,0,00:00,,0.067510664,0.0,4.2675796
20001_0310_1,12,44783013,2024-05-10,1,01:00,,0.41751602,0.0,3.975908
20001_0310_1,12,44783013,2024-05-10,2,02:00,,0.0,0.0,3.3925657
20001_0310_1,12,44783013,2024-05-10,3,03:00,,0.0,0.0,4.2092457
20001_0310_1,12,44783013,2024-05-10,4,04:00,,0.0,0.0,6.163446
20001_0310_1,12,44783013,2024-05-10,5,05:00,28.53417205810547,27.74714,20.462643,35.534767
20001_0310_1,12,44783013,2024-05-10,6,06:00,35.90338897705078,35.651436,27.17838,44.693256
20001_0310_1,12,44783013,2024-05-10,7,07:00,48.029595947265626,43.11823,34.39725,52.335052
20001_0310_1,12,44783013,2024-05-10,8,08:00,47.09981791178385,25.982527,17.491238,34.426414
20001_0310_1,12,44783013,2024-05-10,9,09:00,39.85508728027344,25.340849,17.545929,33.303482
20001_0310_1,12,44783013,2024-05-10,10,10:00,17.146111806233723,17.793848,10.352578,25.417414
20001_0310_1,12,44783013,2024-05-10,11,11:00,13.098379770914713,19.321478,12.215631,27.38255
20001_0310_1,12,44783013,2024-05-10,12,12:00,22.454823811848957,29.497168,22.212671,37.488968
20001_0310_1,12,44783013,2024-05-10,13,13:00,25.499847412109375,26.595036,19.00611,35.184765
20001_0310_1,12,44783013,2024-05-10,14,14:00,14.266973495483398,21.767872,13.579194,30.175304
20001_0310_1,12,44783013,2024-05-10,15,15:00,36.084075927734375,27.542969,19.153767,36.234783
20001_0310_1,12,44783013,2024-05-10,16,16:00,34.32553482055664,29.818007,21.086092,38.71399
20001_0310_1,12,44783013,2024-05-10,17,17:00,,40.784855,31.422195,49.885002
20001_0310_1,12,44783013,2024-05-10,18,18:00,13.992149353027344,41.484867,32.12221,50.643353
20001_0310_1,12,44783013,2024-05-10,19,19:00,17.9434814453125,25.42835,16.546953,34.3535
20001_0310_1,12,44783013,2024-05-10,20,20:00,14.545707702636719,17.502176,9.444749,25.734604
20001_0310_1,12,44783013,2024-05-10,21,21:00,25.65363311767578,18.329794,11.522908,25.508558
20001_0310_1,12,44783013,2024-05-10,22,22:00,12.762608528137207,18.967825,13.218249,25.337202
20001_0310_1,12,44783013,2024-05-10,23,23:00,,1.5842023,0.0,7.067626
20001_0310_1,12,44783013,2024-05-11,0,00:00,,0.0,0.0,4.589069
20001_0310_1,12,44783013,2024-05-11,1,01:00,,0.108977675,0.0,4.2943263
20001_0310_1,12,44783013,2024-05-11,2,02:00,,0.0,0.0,3.9406347
20001_0310_1,12,44783013,2024-05-11,3,03:00,,0.0,0.0,5.0606575
20001_0310_1,12,44783013,2024-05-11,4,04:00,,0.4037204,0.0,7.6249204
20001_0310_1,12,44783013,2024-05-11,5,05:00,,24.565264,16.629313,33.31913
20001_0310_1,12,44783013,2024-05-11,6,06:00,,32.73701,23.445242,42.758266
20001_0310_1,12,44783013,2024-05-11,7,07:00,,32.059105,22.349167,42.493004
20001_0310_1,12,44783013,2024-05-11,8,08:00,,20.04833,10.850512,29.596157
20001_0310_1,12,44783013,2024-05-11,9,09:00,,23.121025,14.602956,32.361214
20001_0310_1,12,44783013,2024-05-11,10,10:00,,13.505039,5.119606,22.310484
20001_0310_1,12,44783013,2024-05-11,11,11:00,,17.215115,8.967841,26.372406
20001_0310_1,12,44783013,2024-05-11,12,12:00,,26.370565,18.114082,35.433907
20001_0310_1,12,44783013,2024-05-11,13,13:00,,24.587374,16.0472,34.549683
20001_0310_1,12,44783013,2024-05-11,14,14:00,,19.290289,10.134839,28.851011
20001_0310_1,12,44783013,2024-05-11,15,15:00,,23.526297,14.153473,33.41492
20001_0310_1,12,44783013,2024-05-11,16,16:00,,21.685535,11.989416,31.86982
20001_0310_1,12,44783013,2024-05-11,17,17:00,,31.76436,21.35441,41.903515
20001_0310_1,12,44783013,2024-05-11,18,18:00,,34.829685,24.469475,45.11621
20001_0310_1,12,44783013,2024-05-11,19,19:00,,22.524172,12.88608,32.177006
20001_0310_1,12,44783013,2024-05-11,20,20:00,0.0,15.36192,6.6670055,24.425262
20001_0310_1,12,44783013,2024-05-11,21,21:00,,18.161978,10.800776,26.201092
20001_0310_1,12,44783013,2024-05-11,22,22:00,,16.879847,10.535506,24.064203
20001_0310_1,12,44783013,2024-05-11,23,23:00,,1.0521544,0.0,7.683869
20001_0310_1,12,44783013,2024-05-12,0,00:00,,0.0,0.0,4.0119843
20001_0310_1,12,44783013,2024-05-12,1,01:00,,0.31081608,0.0,4.951965
20001_0310_1,12,44783013,2024-05-12,2,02:00,,0.0,0.0,4.423225
20001_0310_1,12,44783013,2024-05-12,3,03:00,,0.0,0.0,4.570098
20001_0310_1,12,44783013,2024-05-12,4,04:00,,0.0,0.0,7.4194107
20001_0310_1,12,44783013,2024-05-12,5,05:00,,25.03668,16.180311,34.128044
20001_0310_1,12,44783013,2024-05-12,6,06:00,,29.743921,19.281143,39.643085
20001_0310_1,12,44783013,2024-05-12,7,07:00,,24.54466,13.485215,34.634754
20001_0310_1,12,44783013,2024-05-12,8,08:00,,16.922014,6.3288865,26.30345
20001_0310_1,12,44783013,2024-05-12,9,09:00,,21.100515,10.973707,30.00829
20001_0310_1,12,44783013,2024-05-12,10,10:00,,10.562467,0.6339328,19.31419
20001_0310_1,12,44783013,2024-05-12,11,11:00,,16.363903,6.6887245,25.150507
20001_0310_1,12,44783013,2024-05-12,12,12:00,,25.675571,16.03344,34.825687
20001_0310_1,12,44783013,2024-05-12,13,13:00,,24.265604,14.234262,33.973835
20001_0310_1,12,44783013,2024-05-12,14,14:00,,19.361002,8.938614,29.206919
20001_0310_1,12,44783013,2024-05-12,15,15:00,,21.9487,11.300498,31.98004
20001_0310_1,12,44783013,2024-05-12,16,16:00,,19.132435,8.208388,29.387299
20001_0310_1,12,44783013,2024-05-12,17,17:00,,23.82499,12.420397,33.848988
20001_0310_1,12,44783013,2024-05-12,18,18:00,,34.355698,23.127346,44.431103
20001_0310_1,12,44783013,2024-05-12,19,19:00,,22.106588,11.891658,31.8956
20001_0310_1,12,44783013,2024-05-12,20,20:00,,14.777686,5.3925796,23.957172
20001_0310_1,12,44783013,2024-05-12,21,21:00,,18.295265,10.26505,26.582504
20001_0310_1,12,44783013,2024-05-12,22,22:00,,17.347944,10.422941,25.066057
20001_0310_1,12,44783013,2024-05-12,23,23:00,,1.2507952,0.0,8.594385
20001_0310_1,12,44783013,2024-05-13,0,00:00,,0.10246813,0.0,5.304499
20001_0310_1,12,44783013,2024-05-13,1,01:00,,0.0,0.0,3.6679041
20001_0310_1,12,44783013,2024-05-13,2,02:00,,0.0,0.0,3.8432527
20001_0310_1,12,44783013,2024-05-13,3,03:00,,0.0,0.0,4.077053
20001_0310_1,12,44783013,2024-05-13,4,04:00,,0.0,0.0,6.1812444
20001_0310_1,12,44783013,2024-05-13,5,05:00,23.138891220092773,29.181236,21.25581,37.2473
20001_0310_1,12,44783013,2024-05-13,6,06:00,32.3620351155599,37.10118,27.661541,45.985546
20001_0310_1,12,44783013,2024-05-13,7,07:00,46.570989990234374,43.063057,33.243496,51.772076
20001_0310_1,12,44783013,2024-05-13,8,08:00,35.87169647216797,26.624058,17.144234,34.95315
20001_0310_1,12,44783013,2024-05-13,9,09:00,27.69481150309245,25.0313,16.234608,32.96586
20001_0310_1,12,44783013,2024-05-13,10,10:00,29.85714340209961,15.021775,6.422351,22.897884
20001_0310_1,12,44783013,2024-05-13,11,11:00,17.4587646484375,18.747036,10.370452,26.780228
20001_0310_1,12,44783013,2024-05-13,12,12:00,31.46715545654297,29.44426,20.709671,37.773354
20001_0310_1,12,44783013,2024-05-13,13,13:00,27.369529724121094,25.192036,16.117708,34.149467
20001_0310_1,12,44783013,2024-05-13,14,14:00,10.908928871154785,16.994457,7.4452214,26.17838
20001_0310_1,12,44783013,2024-05-13,15,15:00,36.14043426513672,24.812115,15.0363865,33.959503
20001_0310_1,12,44783013,2024-05-13,16,16:00,18.6778564453125,29.44426,19.515102,38.854675
20001_0310_1,12,44783013,2024-05-13,17,17:00,42.33229064941406,37.218082,26.75557,46.21935
20001_0310_1,12,44783013,2024-05-13,18,18:00,25.2320556640625,40.725067,30.671707,50.310833
20001_0310_1,12,44783013,2024-05-13,19,19:00,19.02610969543457,24.096104,14.861038,33.21427
20001_0310_1,12,44783013,2024-05-13,20,20:00,16.104938507080078,15.854685,7.2187285,24.388355
20001_0310_1,12,44783013,2024-05-13,21,21:00,19.6488094329834,18.013672,10.535753,25.513512
20001_0310_1,12,44783013,2024-05-13,22,22:00,22.66666603088379,17.513199,11.069109,24.307983
20001_0310_1,12,44783013,2024-05-13,23,23:00,,0.9792137,0.0,6.999541
20001_0310_1,12,44783013,2024-05-14,0,00:00,,0.0,0.0,5.0736895
20001_0310_1,12,44783013,2024-05-14,1,01:00,,0.23339772,0.0,4.9856834
20001_0310_1,12,44783013,2024-05-14,2,02:00,,0.0,0.0,4.574991
20001_0310_1,12,44783013,2024-05-14,3,03:00,,0.0,0.0,4.9563484
20001_0310_1,12,44783013,2024-05-14,4,04:00,,0.7614301,0.0,7.9191933
20001_0310_1,12,44783013,2024-05-14,5,05:00,29.661468505859375,27.559042,19.640398,35.860874
20001_0310_1,12,44783013,2024-05-14,6,06:00,38.778480529785156,35.611523,26.47364,44.822742
20001_0310_1,12,44783013,2024-05-14,7,07:00,29.200233459472656,43.649338,34.174103,52.80189
20001_0310_1,12,44783013,2024-05-14,8,08:00,21.479454040527344,27.691048,18.52383,36.28623
20001_0310_1,12,44783013,2024-05-14,9,09:00,29.973899841308594,26.180292,17.698782,34.232773
20001_0310_1,12,44783013,2024-05-14,10,10:00,15.709259033203125,18.27815,9.734301,26.161957
20001_0310_1,12,44783013,2024-05-14,11,11:00,18.270503997802734,18.688843,10.526351,26.675322
20001_0310_1,12,44783013,2024-05-14,12,12:00,26.486343383789062,28.16041,19.44972,36.57958
20001_0310_1,12,44783013,2024-05-14,13,13:00,31.045461018880207,26.136288,17.328424,35.156826
20001_0310_1,12,44783013,2024-05-14,14,14:00,20.76764170328776,19.018862,9.723301,28.087072
20001_0310_1,12,44783013,2024-05-14,15,15:00,21.025409698486328,26.092285,16.536379,35.127495
20001_0310_1,12,44783013,2024-05-14,16,16:00,27.590852737426758,30.536552,20.877977,39.953117
20001_0310_1,12,44783013,2024-05-14,17,17:00,43.45070190429688,38.662373,28.541763,47.990932
20001_0310_1,12,44783013,2024-05-14,18,18:00,42.8045768737793,38.838383,28.864449,48.518963
20001_0310_1,12,44783013,2024-05-14,19,19:00,22.258256912231445,22.872759,13.580869,32.325993
20001_0310_1,12,44783013,2024-05-14,20,20:00,14.636311848958334,15.9496765,7.097811,24.904217
20001_0310_1,12,44783013,2024-05-14,21,21:00,12.399999618530273,18.380823,10.4786825,26.23163
20001_0310_1,12,44783013,2024-05-14,22,22:00,15.0,18.179144,10.940707,25.212233
20001_0310_1,12,44783013,2024-05-14,23,23:00,,1.4068025,0.0,7.625842
20001_0310_1,12,44783013,2024-05-15,0,00:00,,0.0,0.0,3.511642
20001_0310_1,12,44783013,2024-05-15,1,01:00,,0.0,0.0,3.5700626
20001_0310_1,12,44783013,2024-05-15,2,02:00,,0.0,0.0,3.5700626
20001_0310_1,12,44783013,2024-05-15,3,03:00,,0.0,0.0,4.2711205
20001_0310_1,12,44783013,2024-05-15,4,04:00,,0.0,0.0,5.90692
20001_0310_1,12,44783013,2024-05-15,5,05:00,24.571260452270508,26.369028,18.74868,34.25592
20001_0310_1,12,44783013,2024-05-15,6,06:00,34.00322469075521,34.79632,25.857841,43.296642
20001_0310_1,12,44783013,2024-05-15,7,07:00,37.08104451497396,40.317146,31.08656,48.84668
20001_0310_1,12,44783013,2024-05-15,8,08:00,36.29610334123884,26.26679,17.448803,34.518814
20001_0310_1,12,44783013,2024-05-15,9,09:00,17.198863983154297,26.252186,18.043972,34.080658
20001_0310_1,12,44783013,2024-05-15,10,10:00,21.830951690673828,17.211468,9.1347065,24.937704
20001_0310_1,12,44783013,2024-05-15,11,11:00,12.882362365722656,17.18956,9.404906,25.178694
20001_0310_1,12,44783013,2024-05-15,12,12:00,40.97998555501302,25.814024,17.686142,34.080658
20001_0310_1,12,44783013,2024-05-15,13,13:00,22.695037841796875,25.872446,17.532785,34.431187
20001_0310_1,12,44783013,2024-05-15,14,14:00,12.38095219930013,18.741379,10.093181,27.196056
20001_0310_1,12,44783013,2024-05-15,15,15:00,27.03892771402995,26.193764,17.408638,34.65027
20001_0310_1,12,44783013,2024-05-15,16,16:00,34.93492126464844,30.268658,21.306442,38.62292
20001_0310_1,12,44783013,2024-05-15,17,17:00,39.159889221191406,39.265564,29.91813,47.444565
20001_0310_1,12,44783013,2024-05-15,18,18:00,41.423883056640626,38.973454,29.742867,47.327717
20001_0310_1,12,44783013,2024-05-15,19,19:00,24.235003662109374,21.790249,13.286278,29.9802
20001_0310_1,12,44783013,2024-05-15,20,20:00,18.75757598876953,15.517247,7.5865374,23.060915
20001_0310_1,12,44783013,2024-05-15,21,21:00,18.05622100830078,18.03667,10.993237,24.868328
20001_0310_1,12,44783013,2024-05-15,22,22:00,23.33333396911621,17.182259,10.91656,23.34572
20001_0310_1,12,44783013,2024-05-15,23,23:00,,0.76583326,0.0,6.1698165
20001_0310_1,12,44783013,2024-05-16,0,00:00,,0.0,0.0,4.287828
20001_0310_1,12,44783013,2024-05-16,1,01:00,,0.0,0.0,3.493435
20001_0310_1,12,44783013,2024-05-16,2,02:00,,0.0,0.0,3.493435
20001_0310_1,12,44783013,2024-05-16,3,03:00,,0.0,0.0,4.685025
20001_0310_1,12,44783013,2024-05-16,4,04:00,,0.76980036,0.0,7.039835
20001_0310_1,12,44783013,2024-05-16,5,05:00,25.9091854095459,26.772003,19.083406,34.474785
20001_0310_1,12,44783013,2024-05-16,6,06:00,37.129150390625,36.290543,27.1692,44.858643
20001_0310_1,12,44783013,2024-05-16,7,07:00,45.86589813232422,41.113644,31.580921,49.681744
20001_0310_1,12,44783013,2024-05-16,8,08:00,31.534576416015625,28.374977,19.108232,36.630997
20001_0310_1,12,44783013,2024-05-16,9,09:00,23.371243794759113,26.204578,17.530083,34.148514
20001_0310_1,12,44783013,2024-05-16,10,10:00,19.081709543863933,18.641882,10.114564,26.6266
20001_0310_1,12,44783013,2024-05-16,11,11:00,12.262499809265137,18.96283,10.534369,27.301744
20001_0310_1,12,44783013,2024-05-16,12,12:00,29.478167215983074,29.765163,21.037476,38.531868
20001_0310_1,12,44783013,2024-05-16,13,13:00,18.344126383463543,27.438725,18.494707,36.545883
20001_0310_1,12,44783013,2024-05-16,14,14:00,15.45039176940918,19.425634,10.119883,28.419304
20001_0310_1,12,44783013,2024-05-16,15,15:00,13.791749954223633,28.48846,19.198666,37.425392
20001_0310_1,12,44783013,2024-05-16,16,16:00,28.733667373657227,29.821905,20.629637,38.758835
20001_0310_1,12,44783013,2024-05-16,17,17:00,42.044212341308594,40.82993,31.297205,49.34129
20001_0310_1,12,44783013,2024-05-16,18,18:00,39.263092041015625,40.77319,31.467436,49.56826
20001_0310_1,12,44783013,2024-05-16,19,19:00,22.536798095703126,24.147667,15.622122,32.616474
20001_0310_1,12,44783013,2024-05-16,20,20:00,14.262798309326172,16.494535,8.529324,24.218596
20001_0310_1,12,44783013,2024-05-16,21,21:00,32.45512008666992,18.675571,11.705125,25.564455
20001_0310_1,12,44783013,2024-05-16,22,22:00,17.66666603088379,18.851118,12.691021,25.13179
20001_0310_1,12,44783013,2024-05-16,23,23:00,,1.5641936,0.0,7.124949
20001_0310_1,12,44783013,2024-05-17,0,00:00,,0.916484,0.0,5.2344937
20001_0310_1,12,44783013,2024-05-17,1,01:00,,0.35203826,0.0,4.1338253
20001_0310_1,12,44783013,2024-05-17,2,02:00,,0.0,0.0,3.7951586
20001_0310_1,12,44783013,2024-05-17,3,03:00,,0.0,0.0,4.6700497
20001_0310_1,12,44783013,2024-05-17,4,04:00,,0.0,0.0,6.335164
20001_0310_1,12,44783013,2024-05-17,5,05:00,23.909923553466797,26.824545,18.92936,34.712677
20001_0310_1,12,44783013,2024-05-17,6,06:00,25.788497924804688,36.81524,27.445433,45.84637
20001_0310_1,12,44783013,2024-05-17,7,07:00,43.99229125976562,42.12103,32.356117,51.547276
20001_0310_1,12,44783013,2024-05-17,8,08:00,27.54415512084961,29.844328,20.287558,38.33924
20001_0310_1,12,44783013,2024-05-17,9,09:00,19.10146141052246,27.84055,18.989332,36.053234
20001_0310_1,12,44783013,2024-05-17,10,10:00,19.109241485595703,18.11797,9.564852,26.15956
20001_0310_1,12,44783013,2024-05-17,11,11:00,27.44622802734375,17.11608,8.719948,25.610989
20001_0310_1,12,44783013,2024-05-17,12,12:00,38.53902053833008,27.163214,18.823528,35.771015
20001_0310_1,12,44783013,2024-05-17,13,13:00,27.37448501586914,24.947763,16.474022,34.021236
20001_0310_1,12,44783013,2024-05-17,14,14:00,16.496178944905598,19.015793,10.140764,28.033695
20001_0310_1,12,44783013,2024-05-17,15,15:00,29.546885172526043,25.850878,16.805635,34.91024
20001_0310_1,12,44783013,2024-05-17,16,16:00,22.538365681966145,26.73988,17.507662,35.912125
20001_0310_1,12,44783013,2024-05-17,17,17:00,48.010396321614586,39.01658,29.11055,48.104153
20001_0310_1,12,44783013,2024-05-17,18,18:00,45.31793721516927,36.533016,26.584658,45.95926
20001_0310_1,12,44783013,2024-05-17,19,19:00,13.001060485839844,22.457148,13.136735,31.650557
20001_0310_1,12,44783013,2024-05-17,20,20:00,11.950605773925782,15.352185,6.814943,23.889427
20001_0310_1,12,44783013,2024-05-17,21,21:00,18.9510555267334,20.280504,12.757501,27.898758
20001_0310_1,12,44783013,2024-05-17,22,22:00,22.0,16.960855,10.603786,23.81182
20001_0310_1,12,44783013,2024-05-17,23,23:00,,2.1018205,0.0,8.14139
20001_0310_1,12,44783013,2024-05-18,0,00:00,,0.26907665,0.0,4.3783784
20001_0310_1,12,44783013,2024-05-18,1,01:00,,0.21278451,0.0,3.8154607
20001_0310_1,12,44783013,2024-05-18,2,02:00,,0.43795216,0.0,4.37838
20001_0310_1,12,44783013,2024-05-18,3,03:00,,0.0,0.0,3.928045
20001_0310_1,12,44783013,2024-05-18,4,04:00,,0.8319944,0.0,7.3618445
20001_0310_1,12,44783013,2024-05-18,5,05:00,,24.193098,16.495193,32.214684
20001_0310_1,12,44783013,2024-05-18,6,06:00,,32.74945,23.77091,42.12204
20001_0310_1,12,44783013,2024-05-18,7,07:00,,30.863678,21.329254,40.60216
20001_0310_1,12,44783013,2024-05-18,8,08:00,,21.125195,11.770197,30.26206
20001_0310_1,12,44783013,2024-05-18,9,09:00,,24.05237,15.14419,32.932404
20001_0310_1,12,44783013,2024-05-18,10,10:00,,14.862729,5.982696,23.686472
20001_0310_1,12,44783013,2024-05-18,11,11:00,,17.93943,8.901954,27.16865
20001_0310_1,12,44783013,2024-05-18,12,12:00,,28.58386,19.355522,37.84386
20001_0310_1,12,44783013,2024-05-18,13,13:00,,25.10784,15.749325,34.972977
20001_0310_1,12,44783013,2024-05-18,14,14:00,,19.244698,9.474546,29.064102
20001_0310_1,12,44783013,2024-05-18,15,15:00,,23.6724,13.82133,33.621975
20001_0310_1,12,44783013,2024-05-18,16,16:00,12.0,19.891172,9.897615,29.965649
20001_0310_1,12,44783013,2024-05-18,17,17:00,,30.835533,20.35998,40.799183
20001_0310_1,12,44783013,2024-05-18,18,18:00,,33.762703,23.419085,43.951523
20001_0310_1,12,44783013,2024-05-18,19,19:00,,20.537647,10.989147,30.24095
20001_0310_1,12,44783013,2024-05-18,20,20:00,,13.216194,4.4768896,22.046972
20001_0310_1,12,44783013,2024-05-18,21,21:00,,18.212093,10.92406,25.939903
20001_0310_1,12,44783013,2024-05-18,22,22:00,,17.75824,11.601322,24.407711
20001_0310_1,12,44783013,2024-05-18,23,23:00,,1.7889545,0.0,7.5588655
20001_0310_1,12,44783013,2024-05-19,0,00:00,,0.0,0.0,3.4755695
20001_0310_1,12,44783013,2024-05-19,1,01:00,,0.0,0.0,3.2525933
20001_0310_1,12,44783013,2024-05-19,2,02:00,,0.0,0.0,2.6951497
20001_0310_1,12,44783013,2024-05-19,3,03:00,,0.0,0.0,3.1968484
20001_0310_1,12,44783013,2024-05-19,4,04:00,,0.0,0.0,5.3987484
20001_0310_1,12,44783013,2024-05-19,5,05:00,,26.24712,19.01778,33.56357
20001_0310_1,12,44783013,2024-05-19,6,06:00,,32.128147,23.390224,40.545536
20001_0310_1,12,44783013,2024-05-19,7,07:00,,27.654663,18.192066,36.336838
20001_0310_1,12,44783013,2024-05-19,8,08:00,,19.933205,10.641327,28.228657
20001_0310_1,12,44783013,2024-05-19,9,09:00,,22.170818,13.223856,30.253746
20001_0310_1,12,44783013,2024-05-19,10,10:00,,14.09486,5.0155067,22.393795
20001_0310_1,12,44783013,2024-05-19,11,11:00,,17.087633,7.9385967,25.94401
20001_0310_1,12,44783013,2024-05-19,12,12:00,,28.003067,18.613634,37.284492
20001_0310_1,12,44783013,2024-05-19,13,13:00,,25.703613,16.018036,35.52855
20001_0310_1,12,44783013,2024-05-19,14,14:00,,17.768759,7.672071,27.57279
20001_0310_1,12,44783013,2024-05-19,15,15:00,,23.641075,13.56529,33.32665
20001_0310_1,12,44783013,2024-05-19,16,16:00,,21.332909,11.089893,31.116037
20001_0310_1,12,44783013,2024-05-19,17,17:00,,27.780088,17.13641,37.284492
20001_0310_1,12,44783013,2024-05-19,18,18:00,,36.9779,26.442226,46.677414
20001_0310_1,12,44783013,2024-05-19,19,19:00,,21.014122,11.440037,30.197996
20001_0310_1,12,44783013,2024-05-19,20,20:00,,13.021784,4.269926,21.348589
20001_0310_1,12,44783013,2024-05-19,21,21:00,,18.854902,11.702209,25.958817
20001_0310_1,12,44783013,2024-05-19,22,22:00,,18.37759,12.340656,24.54866
20001_0310_1,12,44783013,2024-05-19,23,23:00,,1.0228201,0.0,6.3742743
20001_0310_1,12,44783013,2024-05-20,0,00:00,,0.30669388,0.0,4.5793333
20001_0310_1,12,44783013,2024-05-20,1,01:00,,0.0,0.0,3.081135
20001_0310_1,12,44783013,2024-05-20,2,02:00,,0.0,0.0,3.469557
20001_0310_1,12,44783013,2024-05-20,3,03:00,,0.0,0.0,3.3030906
20001_0310_1,12,44783013,2024-05-20,4,04:00,,0.30669388,0.0,6.465953
20001_0310_1,12,44783013,2024-05-20,5,05:00,26.317548751831055,26.150614,18.453276,34.01615
20001_0310_1,12,44783013,2024-05-20,6,06:00,37.04319381713867,34.32134,24.735647,43.36602
20001_0310_1,12,44783013,2024-05-20,7,07:00,40.0609385172526,37.15127,26.941328,46.417904
20001_0310_1,12,44783013,2024-05-20,8,08:00,44.920111083984374,25.956402,16.148754,34.6404
20001_0310_1,12,44783013,2024-05-20,9,09:00,17.472916920979817,24.430458,15.191571,32.80927
20001_0310_1,12,44783013,2024-05-20,10,10:00,25.915728251139324,17.105934,7.8705134,25.488216
20001_0310_1,12,44783013,2024-05-20,11,11:00,20.380468368530273,19.06018,9.817824,27.90718
20001_0310_1,12,44783013,2024-05-20,12,12:00,21.051128387451172,29.937725,20.424862,39.2321
20001_0310_1,12,44783013,2024-05-20,13,13:00,19.61286735534668,26.552906,16.942938,36.069237
20001_0310_1,12,44783013,2024-05-20,14,14:00,18.271759033203125,17.59493,7.8080893,26.910116
20001_0310_1,12,44783013,2024-05-20,15,15:00,21.172727584838867,25.720575,15.926796,34.668148
20001_0310_1,12,44783013,2024-05-20,16,16:00,20.927942276000977,25.956402,16.121008,35.125927
20001_0310_1,12,44783013,2024-05-20,17,17:00,55.63299051920573,34.709763,24.499823,43.643467
20001_0310_1,12,44783013,2024-05-20,18,18:00,49.815531412760414,38.483006,28.495016,47.583168
20001_0310_1,12,44783013,2024-05-20,19,19:00,17.0146484375,22.779667,13.596269,31.560776
20001_0310_1,12,44783013,2024-05-20,20,20:00,17.009259541829426,15.38578,7.1595626,23.431662
20001_0310_1,12,44783013,2024-05-20,21,21:00,12.199999491373697,19.215378,12.169164,26.055243
20001_0310_1,12,44783013,2024-05-20,22,22:00,28.7391300201416,17.816885,11.945475,23.820082
20001_0310_1,12,44783013,2024-05-20,23,23:00,,1.194515,0.0,6.3827195
20001_0310_1,12,44783013,2024-05-21,0,00:00,,0.20293032,0.0,4.8813577
20001_0310_1,12,44783013,2024-05-21,1,01:00,,0.76659656,0.0,4.7686243
20001_0310_1,12,44783013,2024-05-21,2,02:00,,0.033830166,0.0,4.2049584
20001_0310_1,12,44783013,2024-05-21,3,03:00,,0.0,0.0,4.2049584
20001_0310_1,12,44783013,2024-05-21,4,04:00,,0.0,0.0,6.318706
20001_0310_1,12,44783013,2024-05-21,5,05:00,26.99102020263672,26.469767,19.21609,34.318813
20001_0310_1,12,44783013,2024-05-21,6,06:00,42.339141845703125,35.82662,27.174349,44.676174
20001_0310_1,12,44783013,2024-05-21,7,07:00,35.83546447753906,39.60318,30.415426,48.39637
20001_0310_1,12,44783013,2024-05-21,8,08:00,40.55763549804688,28.245312,19.251318,36.728485
20001_0310_1,12,44783013,2024-05-21,9,09:00,26.473556518554688,24.567392,16.140585,32.83919
20001_0310_1,12,44783013,2024-05-21,10,10:00,23.0,18.636568,10.039782,26.837027
20001_0310_1,12,44783013,2024-05-21,11,11:00,23.419352213541668,17.870337,9.450575,26.388739
20001_0310_1,12,44783013,2024-05-21,12,12:00,29.775501251220703,29.710842,20.90356,38.7295
20001_0310_1,12,44783013,2024-05-21,13,13:00,21.125524520874023,26.018833,17.144615,35.20659
20001_0310_1,12,44783013,2024-05-21,14,14:00,17.735931396484375,17.8034,8.7900305,26.71461
20001_0310_1,12,44783013,2024-05-21,15,15:00,21.192306518554688,24.398293,15.316223,32.92374
20001_0310_1,12,44783013,2024-05-21,16,16:00,27.003936767578125,27.738012,18.73697,36.305737
20001_0310_1,12,44783013,2024-05-21,17,17:00,41.86228942871094,39.941383,30.528162,48.565475
20001_0310_1,12,44783013,2024-05-21,18,18:00,24.332714080810547,40.617783,31.317293,49.58007
20001_0310_1,12,44783013,2024-05-21,19,19:00,12.59430160522461,22.66502,14.09025,31.479342
20001_0310_1,12,44783013,2024-05-21,20,20:00,12.93860149383545,15.224628,7.12193,23.397787
20001_0310_1,12,44783013,2024-05-21,21,21:00,,19.458288,12.369749,26.574131
20001_0310_1,12,44783013,2024-05-21,22,22:00,16.834821701049805,18.344168,12.122704,24.706547
20001_0310_1,12,44783013,2024-05-21,23,23:00,,1.330262,0.0,6.7414556
20001_0310_1,12,44783013,2024-05-22,0,00:00,,0.0,0.0,4.2094855
20001_0310_1,12,44783013,2024-05-22,1,01:00,,0.0,0.0,3.4802532
20001_0310_1,12,44783013,2024-05-22,2,02:00,,0.0,0.0,3.5363479
20001_0310_1,12,44783013,2024-05-22,3,03:00,,0.058471233,0.0,4.966766
20001_0310_1,12,44783013,2024-05-22,4,04:00,,0.9559878,0.0,7.519078
20001_0310_1,12,44783013,2024-05-22,5,05:00,35.08557891845703,26.044382,18.562738,34.150078
20001_0310_1,12,44783013,2024-05-22,6,06:00,25.494136810302734,35.51038,26.36693,44.485546
20001_0310_1,12,44783013,2024-05-22,7,07:00,49.664371490478516,38.819973,29.22776,47.90733
20001_0310_1,12,44783013,2024-05-22,8,08:00,39.673545837402344,28.610722,19.330538,37.33346
20001_0310_1,12,44783013,2024-05-22,9,09:00,106.96295928955078,25.062723,16.339983,33.504986
20001_0310_1,12,44783013,2024-05-22,10,10:00,14.187878926595053,18.433022,9.562593,26.867838
20001_0310_1,12,44783013,2024-05-22,11,11:00,17.793399810791016,18.33135,9.413155,27.111061
20001_0310_1,12,44783013,2024-05-22,12,12:00,32.92543029785156,29.311907,20.087816,38.511448
20001_0310_1,12,44783013,2024-05-22,13,13:00,29.93622334798177,24.09509,14.713235,33.60316
20001_0310_1,12,44783013,2024-05-22,14,14:00,26.574778238932293,17.461882,7.8240933,26.671946
20001_0310_1,12,44783013,2024-05-22,15,15:00,16.78518549601237,24.417635,14.881522,33.504993
20001_0310_1,12,44783013,2024-05-22,16,16:00,26.013478597005207,27.797344,18.266489,36.772514
20001_0310_1,12,44783013,2024-05-22,17,17:00,49.458709716796875,39.38092,29.424097,48.243904
20001_0310_1,12,44783013,2024-05-22,18,18:00,30.07298533121745,38.25902,28.666815,47.34638
20001_0310_1,12,44783013,2024-05-22,19,19:00,14.748550415039062,20.862627,11.9365425,29.858828
20001_0310_1,12,44783013,2024-05-22,20,20:00,10.5,15.049804,6.8599634,23.337809
20001_0310_1,12,44783013,2024-05-22,21,21:00,14.161616007486979,19.88798,12.802507,27.274963
20001_0310_1,12,44783013,2024-05-22,22,22:00,12.071428298950195,17.710802,11.543881,24.20728
20001_0310_1,12,44783013,2024-05-22,23,23:00,,1.0681773,0.0,6.4813247
20001_0310_1,12,44783013,2024-05-23,0,00:00,,0.0,0.0,5.1170583
20001_0310_1,12,44783013,2024-05-23,1,01:00,,0.89117956,0.0,5.9149504
20001_0310_1,12,44783013,2024-05-23,2,02:00,,0.0,0.0,5.0579553
20001_0310_1,12,44783013,2024-05-23,3,03:00,,0.0,0.0,6.1218123
20001_0310_1,12,44783013,2024-05-23,4,04:00,,2.0141401,0.0,9.9930725
20001_0310_1,12,44783013,2024-05-23,5,05:00,23.604034423828125,24.044855,15.075948,33.752556
20001_0310_1,12,44783013,2024-05-23,6,06:00,42.73995463053385,34.284485,23.527702,44.89351
20001_0310_1,12,44783013,2024-05-23,7,07:00,33.9696044921875,37.889782,26.453312,48.823868
20001_0310_1,12,44783013,2024-05-23,8,08:00,38.010032653808594,30.708742,19.584415,41.465527
20001_0310_1,12,44783013,2024-05-23,9,09:00,28.202107747395832,27.694477,17.207354,38.362602
20001_0310_1,12,44783013,2024-05-23,10,10:00,22.806427001953125,19.301825,8.875191,30.034132
20001_0310_1,12,44783013,2024-05-23,11,11:00,12.470733642578125,19.730322,9.541489,30.641327
20001_0310_1,12,44783013,2024-05-23,12,12:00,29.249183654785156,28.906094,19.039553,40.076595
20001_0310_1,12,44783013,2024-05-23,13,13:00,18.288889567057293,24.089184,14.4110365,35.348343
20001_0310_1,12,44783013,2024-05-23,14,14:00,18.737350463867188,18.757889,8.8377905,29.58301
20001_0310_1,12,44783013,2024-05-23,15,15:00,10.707013448079428,23.069653,13.243747,33.56047
20001_0310_1,12,44783013,2024-05-23,16,16:00,25.00274658203125,24.739317,14.839533,35.436996
20001_0310_1,12,44783013,2024-05-23,17,17:00,32.63242797851562,36.76682,26.128242,47.16898
20001_0310_1,12,44783013,2024-05-23,18,18:00,41.607479858398435,36.116684,25.463333,46.696156
20001_0310_1,12,44783013,2024-05-23,19,19:00,19.67254066467285,20.216076,10.325528,30.479715
20001_0310_1,12,44783013,2024-05-23,20,20:00,21.51388931274414,14.499691,5.4716773,24.059631
20001_0310_1,12,44783013,2024-05-23,21,21:00,15.151249885559082,18.060658,10.144524,26.338799
20001_0310_1,12,44783013,2024-05-23,22,22:00,18.0,17.83902,11.0495405,25.441168
20001_0310_1,12,44783013,2024-05-23,23,23:00,,2.0732446,0.0,8.604147
20001_0310_1,12,44783013,2024-05-24,0,00:00,,0.35490423,0.0,5.15987
20001_0310_1,12,44783013,2024-05-24,1,01:00,,0.6496877,0.0,4.9830003
20001_0310_1,12,44783013,2024-05-24,2,02:00,,0.0,0.0,4.8650875
20001_0310_1,12,44783013,2024-05-24,3,03:00,,0.0,0.0,5.5430894
20001_0310_1,12,44783013,2024-05-24,4,04:00,,1.7698642,0.0,9.522661
20001_0310_1,12,44783013,2024-05-24,5,05:00,25.76478385925293,24.232344,15.558348,33.459057
20001_0310_1,12,44783013,2024-05-24,6,06:00,41.392578125,35.257233,24.807169,45.633602
20001_0310_1,12,44783013,2024-05-24,7,07:00,48.78258768717448,37.320713,26.428476,47.991867
20001_0310_1,12,44783013,2024-05-24,8,08:00,31.568569946289063,29.892181,19.169445,40.032722
20001_0310_1,12,44783013,2024-05-24,9,09:00,26.347244262695312,28.418264,18.371683,38.26402
20001_0310_1,12,44783013,2024-05-24,10,10:00,15.544965108235678,18.135857,8.3988,27.766056
20001_0310_1,12,44783013,2024-05-24,11,11:00,21.945053100585938,18.870974,9.436069,28.744368
20001_0310_1,12,44783013,2024-05-24,12,12:00,26.299606323242188,28.860441,19.458698,39.059937
20001_0310_1,12,44783013,2024-05-24,13,13:00,22.93280283610026,22.795275,13.347474,33.31903
20001_0310_1,12,44783013,2024-05-24,14,14:00,22.940867106119793,18.83044,9.078643,29.182858
20001_0310_1,12,44783013,2024-05-24,15,15:00,18.475000381469727,21.535076,11.792491,31.719833
20001_0310_1,12,44783013,2024-05-24,16,16:00,21.705398559570312,23.318516,13.325364,33.459053
20001_0310_1,12,44783013,2024-05-24,17,17:00,43.10889689127604,37.497585,26.79696,47.343346
20001_0310_1,12,44783013,2024-05-24,18,18:00,26.255340576171875,38.08715,27.710783,48.16873
20001_0310_1,12,44783013,2024-05-24,19,19:00,30.553646850585938,20.40753,10.867608,30.116953
20001_0310_1,12,44783013,2024-05-24,20,20:00,13.655691146850586,14.666628,6.02948,23.701733
20001_0310_1,12,44783013,2024-05-24,21,21:00,15.476190567016602,18.436169,10.968943,26.165016
20001_0310_1,12,44783013,2024-05-24,22,22:00,17.0,17.673418,11.383482,24.722422
20001_0310_1,12,44783013,2024-05-24,23,23:00,,1.8877765,0.0,8.048746
20001_0310_1,12,44783013,2024-05-25,0,00:00,,0.1695719,0.0,4.978167
20001_0310_1,12,44783013,2024-05-25,1,01:00,,0.0,0.0,4.249592
20001_0310_1,12,44783013,2024-05-25,2,02:00,,0.0,0.0,4.570165
20001_0310_1,12,44783013,2024-05-25,3,03:00,,0.0,0.0,4.8907385
20001_0310_1,12,44783013,2024-05-25,4,04:00,,1.6267215,0.0,8.999901
20001_0310_1,12,44783013,2024-05-25,5,05:00,,24.941126,16.562513,33.742313
20001_0310_1,12,44783013,2024-05-25,6,06:00,,33.713173,23.636974,44.00065
20001_0310_1,12,44783013,2024-05-25,7,07:00,,34.237743,23.585976,44.962368
20001_0310_1,12,44783013,2024-05-25,8,08:00,,25.902843,15.41865,36.204903
20001_0310_1,12,44783013,2024-05-25,9,09:00,,25.844557,15.921365,35.85518
20001_0310_1,12,44783013,2024-05-25,10,10:00,,15.651793,6.063744,25.42927
20001_0310_1,12,44783013,2024-05-25,11,11:00,,18.760988,9.262191,28.817144
20001_0310_1,12,44783013,2024-05-25,12,12:00,,28.263428,18.697235,38.463478
20001_0310_1,12,44783013,2024-05-25,13,13:00,,23.44026,13.997925,33.829742
20001_0310_1,12,44783013,2024-05-25,14,14:00,,19.489561,9.883298,29.554821
20001_0310_1,12,44783013,2024-05-25,15,15:00,,22.791828,13.305779,32.627594
20001_0310_1,12,44783013,2024-05-25,16,16:00,,21.320107,11.702916,30.922728
20001_0310_1,12,44783013,2024-05-25,17,17:00,,33.62574,23.585976,43.00979
20001_0310_1,12,44783013,2024-05-25,18,18:00,,34.09203,24.13969,43.563507
20001_0310_1,12,44783013,2024-05-25,19,19:00,,20.522318,11.4552,29.844439
20001_0310_1,12,44783013,2024-05-25,20,20:00,,13.721068,5.211311,22.347397
20001_0310_1,12,44783013,2024-05-25,21,21:00,,17.63716,10.209337,25.378271
20001_0310_1,12,44783013,2024-05-25,22,22:00,,17.47323,11.156484,24.40198
20001_0310_1,12,44783013,2024-05-25,23,23:00,,0.694146,0.0,6.8141766
20001_0310_1,12,44783013,2024-05-26,0,00:00,,0.0,0.0,4.2073665
20001_0310_1,12,44783013,2024-05-26,1,01:00,,0.0,0.0,3.7179315
20001_0310_1,12,44783013,2024-05-26,2,02:00,,0.0,0.0,3.6027706
20001_0310_1,12,44783013,2024-05-26,3,03:00,,0.0,0.0,3.919464
20001_0310_1,12,44783013,2024-05-26,4,04:00,,0.37825796,0.0,7.719784
20001_0310_1,12,44783013,2024-05-26,5,05:00,,24.5765,16.06177,33.86137
20001_0310_1,12,44783013,2024-05-26,6,06:00,,33.256775,23.136986,43.8516
20001_0310_1,12,44783013,2024-05-26,7,07:00,,26.462265,15.61552,37.53213
20001_0310_1,12,44783013,2024-05-26,8,08:00,,22.777107,12.1966715,33.299957
20001_0310_1,12,44783013,2024-05-26,9,09:00,,23.367308,13.204332,33.674232
20001_0310_1,12,44783013,2024-05-26,10,10:00,,13.780139,3.6747472,23.799162
20001_0310_1,12,44783013,2024-05-26,11,11:00,,17.472498,7.651408,27.718245
20001_0310_1,12,44783013,2024-05-26,12,12:00,,28.420006,18.667295,38.69814
20001_0310_1,12,44783013,2024-05-26,13,13:00,,23.48247,13.765744,34.005318
20001_0310_1,12,44783013,2024-05-26,14,14:00,,19.262894,9.62534,29.605804
20001_0310_1,12,44783013,2024-05-26,15,15:00,,21.58951,11.829599,31.96841
20001_0310_1,12,44783013,2024-05-26,16,16:00,,19.71814,9.637937,29.992674
20001_0310_1,12,44783013,2024-05-26,17,17:00,,29.082182,18.480156,39.187576
20001_0310_1,12,44783013,2024-05-26,18,18:00,,33.74621,23.22336,43.966763
20001_0310_1,12,44783013,2024-05-26,19,19:00,,20.596243,11.153026,30.413734
20001_0310_1,12,44783013,2024-05-26,20,20:00,,13.621794,5.0854716,22.46761
20001_0310_1,12,44783013,2024-05-26,21,21:00,,17.871962,10.742764,25.641743
20001_0310_1,12,44783013,2024-05-26,22,22:00,,17.951136,11.966352,24.8788
20001_0310_1,12,44783013,2024-05-26,23,23:00,,0.551,0.0,6.654542
20001_0310_1,12,44783013,2024-05-27,0,00:00,,0.0,0.0,3.9053907
20001_0310_1,12,44783013,2024-05-27,1,01:00,,0.0,0.0,3.733557
20001_0310_1,12,44783013,2024-05-27,2,02:00,,0.0,0.0,3.5044453
20001_0310_1,12,44783013,2024-05-27,3,03:00,,0.0,0.0,4.0199456
20001_0310_1,12,44783013,2024-05-27,4,04:00,,1.1560558,0.0,8.315782
20001_0310_1,12,44783013,2024-05-27,5,05:00,29.091360092163086,24.353569,15.854975,33.27459
20001_0310_1,12,44783013,2024-05-27,6,06:00,28.429210662841797,36.725574,26.301018,46.86375
20001_0310_1,12,44783013,2024-05-27,7,07:00,37.219459533691406,36.152794,25.126818,46.4628
20001_0310_1,12,44783013,2024-05-27,8,08:00,38.73688888549805,29.709044,19.030312,39.417633
20001_0310_1,12,44783013,2024-05-27,9,09:00,33.59697723388672,26.787876,16.76068,36.06688
20001_0310_1,12,44783013,2024-05-27,10,10:00,14.920721054077148,16.692661,7.0162916,25.774775
20001_0310_1,12,44783013,2024-05-27,11,11:00,17.08777770996094,18.7833,9.38795,27.802767
20001_0310_1,12,44783013,2024-05-27,12,12:00,25.74004618326823,27.99071,18.749292,36.983326
20001_0310_1,12,44783013,2024-05-27,13,13:00,26.06629689534505,23.036179,14.057883,32.000153
20001_0310_1,12,44783013,2024-05-27,14,14:00,13.180597941080729,18.645477,9.894502,27.42151
20001_0310_1,12,44783013,2024-05-27,15,15:00,22.98180898030599,21.425241,12.690374,29.84508
20001_0310_1,12,44783013,2024-05-27,16,16:00,33.761112213134766,22.778429,13.893208,31.219744
20001_0310_1,12,44783013,2024-05-27,17,17:00,81.77515411376953,35.293633,25.91439,43.59891
20001_0310_1,12,44783013,2024-05-27,18,18:00,45.930521647135414,36.210075,26.845152,44.859024
20001_0310_1,12,44783013,2024-05-27,19,19:00,19.8751220703125,21.70447,13.306111,30.01691
20001_0310_1,12,44783013,2024-05-27,20,20:00,24.516993204752605,15.067403,7.449453,22.72831
20001_0310_1,12,44783013,2024-05-27,21,21:00,12.990338325500488,17.7523,11.222629,24.267649
20001_0310_1,12,44783013,2024-05-27,22,22:00,20.024169921875,17.952772,12.366398,23.922194
20001_0310_1,12,44783013,2024-05-27,23,23:00,,1.7861111,0.0,7.1415863
20001_0310_1,12,44783013,2024-05-28,0,00:00,,0.0,0.0,4.6378307
20001_0310_1,12,44783013,2024-05-28,1,01:00,,0.45234177,0.0,4.6378317
20001_0310_1,12,44783013,2024-05-28,2,02:00,,0.45234177,0.0,5.1389112
20001_0310_1,12,44783013,2024-05-28,3,03:00,,0.0,0.0,5.3157625
20001_0310_1,12,44783013,2024-05-28,4,04:00,,0.5702425,0.0,8.115916
20001_0310_1,12,44783013,2024-05-28,5,05:00,33.765865325927734,25.358955,17.363783,34.879467
20001_0310_1,12,44783013,2024-05-28,6,06:00,29.82145118713379,37.119595,27.27485,48.025448
20001_0310_1,12,44783013,2024-05-28,7,07:00,53.440348307291664,38.180702,27.569601,49.499214
20001_0310_1,12,44783013,2024-05-28,8,08:00,41.67059326171875,31.430864,20.930296,42.39567
20001_0310_1,12,44783013,2024-05-28,9,09:00,17.98917007446289,28.71914,18.913078,39.418667
20001_0310_1,12,44783013,2024-05-28,10,10:00,23.433578491210938,18.106194,8.266976,28.722822
20001_0310_1,12,44783013,2024-05-28,11,11:00,14.402730305989584,18.041716,8.392246,28.818617
20001_0310_1,12,44783013,2024-05-28,12,12:00,25.067413330078125,28.601236,18.889132,39.448143
20001_0310_1,12,44783013,2024-05-28,13,13:00,29.575612386067707,22.684074,13.244616,33.612038
20001_0310_1,12,44783013,2024-05-28,14,14:00,17.66080665588379,18.919065,9.391181,29.552273
20001_0310_1,12,44783013,2024-05-28,15,15:00,32.21756490071615,21.799816,12.168769,31.96142
20001_0310_1,12,44783013,2024-05-28,16,16:00,34.51369984944662,26.655869,16.943762,37.045902
20001_0310_1,12,44783013,2024-05-28,17,17:00,53.71654510498047,41.95354,31.75509,52.15199
20001_0310_1,12,44783013,2024-05-28,18,18:00,63.03920364379883,37.65015,27.40749,48.143353
20001_0310_1,12,44783013,2024-05-28,19,19:00,20.003494262695312,22.455639,13.170926,32.491974
20001_0310_1,12,44783013,2024-05-28,20,20:00,16.93020248413086,16.052135,7.445354,25.292639
20001_0310_1,12,44783013,2024-05-28,21,21:00,33.97679138183594,17.267988,9.8328495,25.14526
20001_0310_1,12,44783013,2024-05-28,22,22:00,12.810593605041504,16.951132,10.429728,24.165209
20001_0310_1,12,44783013,2024-05-28,23,23:00,,0.8649957,0.0,7.0253296
20001_0310_1,12,44783013,2024-05-29,0,00:00,,0.025771469,0.0,4.8087864
20001_0310_1,12,44783013,2024-05-29,1,01:00,,0.0,0.0,3.9364119
20001_0310_1,12,44783013,2024-05-29,2,02:00,,0.0,0.0,4.4177227
20001_0310_1,12,44783013,2024-05-29,3,03:00,,0.025772333,0.0,6.34296
20001_0310_1,12,44783013,2024-05-29,4,04:00,,0.6875725,0.0,9.170653
20001_0310_1,12,44783013,2024-05-29,5,05:00,22.065563201904297,28.994593,19.665459,39.94438
20001_0310_1,12,44783013,2024-05-29,6,06:00,37.36084747314453,38.650867,27.234808,51.345406
20001_0310_1,12,44783013,2024-05-29,7,07:00,27.684947967529297,43.76478,31.641792,57.00079
20001_0310_1,12,44783013,2024-05-29,8,08:00,39.733787536621094,32.484085,20.80105,45.14855
20001_0310_1,12,44783013,2024-05-29,9,09:00,49.00959777832031,32.123108,21.158274,44.426582
20001_0310_1,12,44783013,2024-05-29,10,10:00,15.090298970540365,18.448086,7.77373,30.515606
20001_0310_1,12,44783013,2024-05-29,11,11:00,26.38059425354004,20.731485,10.247962,33.23049
20001_0310_1,12,44783013,2024-05-29,12,12:00,27.936416625976562,30.348276,19.82339,43.042812
20001_0310_1,12,44783013,2024-05-29,13,13:00,25.060903549194336,25.144115,14.585384,37.718327
20001_0310_1,12,44783013,2024-05-29,14,14:00,23.005953470865887,20.229494,9.792973,32.173866
20001_0310_1,12,44783013,2024-05-29,15,15:00,22.793365478515625,24.361988,13.98375,35.98862
20001_0310_1,12,44783013,2024-05-29,16,16:00,29.48327128092448,27.851482,17.059618,39.463074
20001_0310_1,12,44783013,2024-05-29,17,17:00,51.26934305826823,43.34363,31.792202,54.955227
20001_0310_1,12,44783013,2024-05-29,18,18:00,32.655826568603516,41.17774,29.866964,53.029987
20001_0310_1,12,44783013,2024-05-29,19,19:00,18.35057830810547,24.2567,14.01383,35.597557
20001_0310_1,12,44783013,2024-05-29,20,20:00,16.72328758239746,16.653515,7.418387,26.640688
20001_0310_1,12,44783013,2024-05-29,21,21:00,10.108631134033203,19.197311,11.498707,27.863235
20001_0310_1,12,44783013,2024-05-29,22,22:00,21.340442657470703,16.969374,10.366406,24.73049
20001_0310_1,12,44783013,2024-05-29,23,23:00,,0.0,0.0,6.523451
20001_0310_1,12,44783013,2024-05-30,0,00:00,,0.0,0.0,4.4507437
20001_0310_1,12,44783013,2024-05-30,1,01:00,,0.66721284,0.0,4.7534246
20001_0310_1,12,44783013,2024-05-30,2,02:00,,0.0,0.0,3.815109
20001_0310_1,12,44783013,2024-05-30,3,03:00,,0.0,0.0,5.510131
20001_0310_1,12,44783013,2024-05-30,4,04:00,,0.0013114214,0.0,7.901322
20001_0310_1,12,44783013,2024-05-30,5,05:00,,26.30441,17.155836,36.171856
20001_0310_1,12,44783013,2024-05-30,6,06:00,,36.928562,25.774715,48.188347
20001_0310_1,12,44783013,2024-05-30,7,07:00,,37.89715,26.198473,49.58069
20001_0310_1,12,44783013,2024-05-30,8,08:00,,30.572233,19.28218,41.77148
20001_0310_1,12,44783013,2024-05-30,9,09:00,,29.815527,19.456223,40.530483
20001_0310_1,12,44783013,2024-05-30,10,10:00,,17.027197,7.462434,27.500006
20001_0310_1,12,44783013,2024-05-30,11,11:00,,19.312447,10.200764,29.66324
20001_0310_1,12,44783013,2024-05-30,12,12:00,,28.513992,19.59621,38.956535
20001_0310_1,12,44783013,2024-05-30,13,13:00,,23.315422,14.658708,33.788235
20001_0310_1,12,44783013,2024-05-30,14,14:00,,19.901495,10.993648,30.153442
20001_0310_1,12,44783013,2024-05-30,15,15:00,,21.741474,12.661005,31.89647
20001_0310_1,12,44783013,2024-05-30,16,16:00,,25.19962,15.733228,35.47569
20001_0310_1,12,44783013,2024-05-30,17,17:00,,40.98451,30.814379,51.0941
20001_0310_1,12,44783013,2024-05-30,18,18:00,,38.926266,29.028555,49.03586
20001_0310_1,12,44783013,2024-05-30,19,19:00,,22.081993,12.956118,31.374338
20001_0310_1,12,44783013,2024-05-30,20,20:00,,15.982943,7.924025,24.162935
20001_0310_1,12,44783013,2024-05-30,21,21:00,,18.398726,11.519323,25.351908
20001_0310_1,12,44783013,2024-05-30,22,22:00,,17.829302,11.904295,24.223467
20001_0310_1,12,44783013,2024-05-30,23,23:00,,1.3331144,0.0,7.0840797
20001_0310_1,12,44783013,2024-05-31,0,00:00,,0.5213649,0.0,4.4083343
20001_0310_1,12,44783013,2024-05-31,1,01:00,,0.64283186,0.0,3.9831967
20001_0310_1,12,44783013,2024-05-31,2,02:00,,0.27842933,0.0,4.0439305
20001_0310_1,12,44783013,2024-05-31,3,03:00,,0.0,0.0,4.529802
20001_0310_1,12,44783013,2024-05-31,4,04:00,,0.0,0.0,6.260718
20001_0310_1,12,44783013,2024-05-31,5,05:00,,26.77359,18.21011,35.458534
20001_0310_1,12,44783013,2024-05-31,6,06:00,,37.386833,27.198727,47.8938
20001_0310_1,12,44783013,2024-05-31,7,07:00,,41.152336,30.372072,52.26664
20001_0310_1,12,44783013,2024-05-31,8,08:00,,31.009777,20.436388,41.51674
20001_0310_1,12,44783013,2024-05-31,9,09:00,,29.673634,19.918253,39.391052
20001_0310_1,12,44783013,2024-05-31,10,10:00,,17.731833,8.762196,27.043098
20001_0310_1,12,44783013,2024-05-31,11,11:00,,21.208849,12.7099,30.474562
20001_0310_1,12,44783013,2024-05-31,12,12:00,,29.491432,21.068401,38.63188
20001_0310_1,12,44783013,2024-05-31,13,13:00,,25.05786,16.8436,34.59308
20001_0310_1,12,44783013,2024-05-31,14,14:00,,22.157814,13.639885,31.784138
20001_0310_1,12,44783013,2024-05-31,15,15:00,,24.329052,15.340436,34.30459
20001_0310_1,12,44783013,2024-05-31,16,16:00,,26.940609,17.321877,37.174267
20001_0310_1,12,44783013,2024-05-31,17,17:00,,43.642426,33.013996,53.845722
20001_0310_1,12,44783013,2024-05-31,18,18:00,,40.848667,30.55427,51.294895
20001_0310_1,12,44783013,2024-05-31,19,19:00,,23.995014,14.528119,33.788353
20001_0310_1,12,44783013,2024-05-31,20,20:00,,16.372911,8.120694,24.792149
20001_0310_1,12,44783013,2024-05-31,21,21:00,,18.802267,11.846338,25.860682
20001_0310_1,12,44783013,2024-05-31,22,22:00,,18.572615,12.67004,24.649801
20001_0310_1,12,44783013,2024-05-31,23,23:00,,1.7360423,0.0,7.050258
20001_0310_1,13,45833919,2024-05-01,0,00:00,,0.0,0.0,6.2790318
20001_0310_1,13,45833919,2024-05-01,1,01:00,,0.30672744,0.0,5.778559
20001_0310_1,13,45833919,2024-05-01,2,02:00,,0.84056437,0.0,6.545951
20001_0310_1,13,45833919,2024-05-01,3,03:00,,0.5736454,0.0,7.6803536
20001_0310_1,13,45833919,2024-05-01,4,04:00,,2.041699,0.0,11.083569
20001_0310_1,13,45833919,2024-05-01,5,05:00,,29.95138,20.296432,41.51229
20001_0310_1,13,45833919,2024-05-01,6,06:00,,39.110023,27.415653,52.322495
20001_0310_1,13,45833919,2024-05-01,7,07:00,,50.68762,38.242535,64.30047
20001_0310_1,13,45833919,2024-05-01,8,08:00,,27.182096,15.25417,40.127647
20001_0310_1,13,45833919,2024-05-01,9,09:00,,29.284082,18.206959,41.829254
20001_0310_1,13,45833919,2024-05-01,10,10:00,,21.382872,10.349541,33.77165
20001_0310_1,13,45833919,2024-05-01,11,11:00,,20.938705,9.907456,33.963497
20001_0310_1,13,45833919,2024-05-01,12,12:00,,29.667776,18.223639,43.18053
20001_0310_1,13,45833919,2024-05-01,13,13:00,,25.75575,13.78612,40.144337
20001_0310_1,13,45833919,2024-05-01,14,14:00,,22.670025,10.26665,37.19207
20001_0310_1,13,45833919,2024-05-01,15,15:00,,29.400858,16.48867,44.214844
20001_0310_1,13,45833919,2024-05-01,16,16:00,,29.951378,16.78895,44.98223
20001_0310_1,13,45833919,2024-05-01,17,17:00,,49.219566,35.539986,64.23374
20001_0310_1,13,45833919,2024-05-01,18,18:00,,42.01276,28.616787,57.160393
20001_0310_1,13,45833919,2024-05-01,19,19:00,,27.082003,14.62024,41.445557
20001_0310_1,13,45833919,2024-05-01,20,20:00,,17.673122,6.4375143,30.72711
20001_0310_1,13,45833919,2024-05-01,21,21:00,,21.01169,11.501672,32.254593
20001_0310_1,13,45833919,2024-05-01,22,22:00,,21.480883,12.993703,31.377726
20001_0310_1,13,45833919,2024-05-01,23,23:00,,2.1084275,0.0,10.583095
20001_0310_1,13,45833919,2024-05-02,0,00:00,,0.0,0.0,4.986769
20001_0310_1,13,45833919,2024-05-02,1,01:00,,0.4893687,0.0,4.7853923
20001_0310_1,13,45833919,2024-05-02,2,02:00,,0.0,0.0,4.0470133
20001_0310_1,13,45833919,2024-05-02,3,03:00,,0.08661619,0.0,6.0607743
20001_0310_1,13,45833919,2024-05-02,4,04:00,,1.093497,0.0,8.779354
20001_0310_1,13,45833919,2024-05-02,5,05:00,,29.370062,20.417215,39.0529
20001_0310_1,13,45833919,2024-05-02,6,06:00,,39.22071,28.564558,50.061462
20001_0310_1,13,45833919,2024-05-02,7,07:00,,50.363525,39.254276,61.439217
20001_0310_1,13,45833919,2024-05-02,8,08:00,,27.549286,17.09451,38.104755
20001_0310_1,13,45833919,2024-05-02,9,09:00,,29.45397,19.930555,39.522778
20001_0310_1,13,45833919,2024-05-02,10,10:00,,21.478636,12.437687,31.400608
20001_0310_1,13,45833919,2024-05-02,11,11:00,,21.31082,12.291897,31.55688
20001_0310_1,13,45833919,2024-05-02,12,12:00,,32.70955,23.387512,43.650986
20001_0310_1,13,45833919,2024-05-02,13,13:00,,26.945158,17.060947,38.843132
20001_0310_1,13,45833919,2024-05-02,14,14:00,,24.297903,13.612383,36.384666
20001_0310_1,13,45833919,2024-05-02,15,15:00,,32.357143,21.059105,44.77534
20001_0310_1,13,45833919,2024-05-02,16,16:00,,30.930727,19.485847,43.516735
20001_0310_1,13,45833919,2024-05-02,17,17:00,,49.759396,37.57614,61.909092
20001_0310_1,13,45833919,2024-05-02,18,18:00,,42.57698,30.628664,54.659554
20001_0310_1,13,45833919,2024-05-02,19,19:00,,27.910086,16.716928,39.354965
20001_0310_1,13,45833919,2024-05-02,20,20:00,,18.990803,8.905214,29.32811
20001_0310_1,13,45833919,2024-05-02,21,21:00,,21.522686,12.703039,30.424139
20001_0310_1,13,45833919,2024-05-02,22,22:00,,22.13468,14.53483,30.02401
20001_0310_1,13,45833919,2024-05-02,23,23:00,,1.4291229,0.0,8.175224
20001_0310_1,13,45833919,2024-05-03,0,00:00,,1.1152483,0.0,5.7621794
20001_0310_1,13,45833919,2024-05-03,1,01:00,,0.64382136,0.0,4.4825907
20001_0310_1,13,45833919,2024-05-03,2,02:00,,0.0,0.0,3.4050407
20001_0310_1,13,45833919,2024-05-03,3,03:00,,0.0,0.0,5.021364
20001_0310_1,13,45833919,2024-05-03,4,04:00,,0.57647425,0.0,7.8499312
20001_0310_1,13,45833919,2024-05-03,5,05:00,,32.49887,23.15239,41.8264
20001_0310_1,13,45833919,2024-05-03,6,06:00,,39.772327,28.491734,50.884552
20001_0310_1,13,45833919,2024-05-03,7,07:00,,51.962105,40.17641,63.34372
20001_0310_1,13,45833919,2024-05-03,8,08:00,,29.906015,18.718025,40.513145
20001_0310_1,13,45833919,2024-05-03,9,09:00,,30.310097,20.216492,40.36161
20001_0310_1,13,45833919,2024-05-03,10,10:00,,21.98224,12.576835,31.635986
20001_0310_1,13,45833919,2024-05-03,11,11:00,,22.625195,13.362374,32.60673
20001_0310_1,13,45833919,2024-05-03,12,12:00,,31.353971,21.750736,41.6412
20001_0310_1,13,45833919,2024-05-03,13,13:00,,27.17847,17.446856,38.206512
20001_0310_1,13,45833919,2024-05-03,14,14:00,,24.450922,13.961656,35.596825
20001_0310_1,13,45833919,2024-05-03,15,15:00,,32.39785,21.5045,43.74579
20001_0310_1,13,45833919,2024-05-03,16,16:00,,31.960094,20.746847,43.54375
20001_0310_1,13,45833919,2024-05-03,17,17:00,,51.01925,38.762127,62.19882
20001_0310_1,13,45833919,2024-05-03,18,18:00,,43.88048,31.993761,55.127396
20001_0310_1,13,45833919,2024-05-03,19,19:00,,27.515203,16.621855,38.17284
20001_0310_1,13,45833919,2024-05-03,20,20:00,,19.189453,9.466255,28.845304
20001_0310_1,13,45833919,2024-05-03,21,21:00,,21.054117,12.722052,29.457739
20001_0310_1,13,45833919,2024-05-03,22,22:00,,22.499968,15.290701,29.888124
20001_0310_1,13,45833919,2024-05-03,23,23:00,,1.1825955,0.0,7.715238
20001_0310_1,13,45833919,2024-05-04,0,00:00,,0.76322156,0.0,5.074532
20001_0310_1,13,45833919,2024-05-04,1,01:00,,0.6284935,0.0,4.131433
20001_0310_1,13,45833919,2024-05-04,2,02:00,,0.2916718,0.0,4.064068
20001_0310_1,13,45833919,2024-05-04,3,03:00,,0.089579225,0.0,5.0408483
20001_0310_1,13,45833919,2024-05-04,4,04:00,,1.7736845,0.0,8.442741
20001_0310_1,13,45833919,2024-05-04,5,05:00,,29.291965,21.29457,37.611446
20001_0310_1,13,45833919,2024-05-04,6,06:00,,38.015633,28.601486,48.15395
20001_0310_1,13,45833919,2024-05-04,7,07:00,,48.92864,38.925053,59.437454
20001_0310_1,13,45833919,2024-05-04,8,08:00,,25.553251,16.038055,35.236855
20001_0310_1,13,45833919,2024-05-04,9,09:00,,28.971985,20.349365,38.032475
20001_0310_1,13,45833919,2024-05-04,10,10:00,,21.031427,13.023506,29.662466
20001_0310_1,13,45833919,2024-05-04,11,11:00,,21.241943,13.468743,30.090862
20001_0310_1,13,45833919,2024-05-04,12,12:00,,30.555044,22.547121,39.548164
20001_0310_1,13,45833919,2024-05-04,13,13:00,,27.144732,18.892614,37.08095
20001_0310_1,13,45833919,2024-05-04,14,14:00,,24.14492,15.00865,34.34218
20001_0310_1,13,45833919,2024-05-04,15,15:00,,29.494059,19.532574,40.423904
20001_0310_1,13,45833919,2024-05-04,16,16:00,,26.344782,15.558086,37.77144
20001_0310_1,13,45833919,2024-05-04,17,17:00,,45.425694,33.367496,56.944973
20001_0310_1,13,45833919,2024-05-04,18,18:00,,41.249115,29.32565,53.105217
20001_0310_1,13,45833919,2024-05-04,19,19:00,,26.370043,15.179162,37.52724
20001_0310_1,13,45833919,2024-05-04,20,20:00,,17.334818,7.331232,27.473131
20001_0310_1,13,45833919,2024-05-04,21,21:00,,19.330484,10.842592,28.188877
20001_0310_1,13,45833919,2024-05-04,22,22:00,,20.825125,13.40664,28.395178
20001_0310_1,13,45833919,2024-05-04,23,23:00,,1.8410491,0.0,8.341696
20001_0310_1,13,45833919,2024-05-05,0,00:00,,0.0,0.0,3.017417
20001_0310_1,13,45833919,2024-05-05,1,01:00,,0.0,0.0,2.5474474
20001_0310_1,13,45833919,2024-05-05,2,02:00,,0.0,0.0,3.2859716
20001_0310_1,13,45833919,2024-05-05,3,03:00,,0.0,0.0,3.2859704
20001_0310_1,13,45833919,2024-05-05,4,04:00,,0.2647372,0.0,7.247142
20001_0310_1,13,45833919,2024-05-05,5,05:00,,29.050373,20.911928,37.879086
20001_0310_1,13,45833919,2024-05-05,6,06:00,,37.39233,27.506187,47.731667
20001_0310_1,13,45833919,2024-05-05,7,07:00,16.363636016845703,44.509018,34.035408,55.18404
20001_0310_1,13,45833919,2024-05-05,8,08:00,,23.933163,13.749089,33.689224
20001_0310_1,13,45833919,2024-05-05,9,09:00,,28.429342,19.071913,37.728027
20001_0310_1,13,45833919,2024-05-05,10,10:00,0.0,21.562332,12.491815,30.552074
20001_0310_1,13,45833919,2024-05-05,11,11:00,,21.34413,12.293021,30.588266
20001_0310_1,13,45833919,2024-05-05,12,12:00,,27.674034,18.761398,37.174133
20001_0310_1,13,45833919,2024-05-05,13,13:00,,24.63182,15.215646,34.95437
20001_0310_1,13,45833919,2024-05-05,14,14:00,,20.353838,10.178158,31.058233
20001_0310_1,13,45833919,2024-05-05,15,15:00,,24.690567,14.007153,35.995018
20001_0310_1,13,45833919,2024-05-05,16,16:00,,20.99585,9.645245,32.87517
20001_0310_1,13,45833919,2024-05-05,17,17:00,,33.666145,21.543447,45.616806
20001_0310_1,13,45833919,2024-05-05,18,18:00,,37.224487,24.980103,49.342987
20001_0310_1,13,45833919,2024-05-05,19,19:00,,24.17444,12.869993,35.56281
20001_0310_1,13,45833919,2024-05-05,20,20:00,,16.495472,6.307203,26.943901
20001_0310_1,13,45833919,2024-05-05,21,21:00,,18.434097,9.840366,27.29638
20001_0310_1,13,45833919,2024-05-05,22,22:00,,20.284603,12.815443,27.938393
20001_0310_1,13,45833919,2024-05-05,23,23:00,,1.5403686,0.0,8.287789
20001_0310_1,13,45833919,2024-05-06,0,00:00,,0.0,0.0,4.561238
20001_0310_1,13,45833919,2024-05-06,1,01:00,,0.0,0.0,4.2964945
20001_0310_1,13,45833919,2024-05-06,2,02:00,,0.0,0.0,3.5684483
20001_0310_1,13,45833919,2024-05-06,3,03:00,,0.0,0.0,4.1641226
20001_0310_1,13,45833919,2024-05-06,4,04:00,,0.0,0.0,7.01012
20001_0310_1,13,45833919,2024-05-06,5,05:00,30.68273162841797,26.56808,17.963902,35.99131
20001_0310_1,13,45833919,2024-05-06,6,06:00,35.35113016764323,38.746304,28.156544,49.236782
20001_0310_1,13,45833919,2024-05-06,7,07:00,49.935367584228516,40.434048,29.083149,50.924526
20001_0310_1,13,45833919,2024-05-06,8,08:00,28.84430694580078,27.511232,16.698093,37.58805
20001_0310_1,13,45833919,2024-05-06,9,09:00,20.6571528116862,27.63533,17.430277,37.21575
20001_0310_1,13,45833919,2024-05-06,10,10:00,18.449127197265625,15.74667,5.8518643,25.260908
20001_0310_1,13,45833919,2024-05-06,11,11:00,22.869998931884766,20.714758,10.683443,30.291044
20001_0310_1,13,45833919,2024-05-06,12,12:00,37.401143391927086,28.504023,18.509937,38.481564
20001_0310_1,13,45833919,2024-05-06,13,13:00,20.778282165527344,24.40049,13.802458,34.882698
20001_0310_1,13,45833919,2024-05-06,14,14:00,15.309367179870605,19.362082,8.17251,30.162807
20001_0310_1,13,45833919,2024-05-06,15,15:00,19.049400329589844,27.180302,15.556384,38.134083
20001_0310_1,13,45833919,2024-05-06,16,16:00,37.307029724121094,28.454382,16.536768,39.805283
20001_0310_1,13,45833919,2024-05-06,17,17:00,45.52009582519531,45.927486,33.269413,57.112915
20001_0310_1,13,45833919,2024-05-06,18,18:00,45.517913818359375,39.90456,27.33336,51.520203
20001_0310_1,13,45833919,2024-05-06,19,19:00,24.58306630452474,26.170967,14.52223,37.472225
20001_0310_1,13,45833919,2024-05-06,20,20:00,13.777056694030762,17.748798,7.0763044,28.322008
20001_0310_1,13,45833919,2024-05-06,21,21:00,13.5,19.784018,10.613119,29.095558
20001_0310_1,13,45833919,2024-05-06,22,22:00,18.531856536865234,21.087828,13.335275,29.600485
20001_0310_1,13,45833919,2024-05-06,23,23:00,,1.3181251,0.0,8.863328
20001_0310_1,13,45833919,2024-05-07,0,00:00,,0.0,0.0,4.364312
20001_0310_1,13,45833919,2024-05-07,1,01:00,,0.0,0.0,3.7992172
20001_0310_1,13,45833919,2024-05-07,2,02:00,,0.20921183,0.0,4.530516
20001_0310_1,13,45833919,2024-05-07,3,03:00,,0.07624915,0.0,5.660702
20001_0310_1,13,45833919,2024-05-07,4,04:00,,1.4058807,0.0,8.552651
20001_0310_1,13,45833919,2024-05-07,5,05:00,29.53152847290039,33.25056,24.751307,41.99289
20001_0310_1,13,45833919,2024-05-07,6,06:00,36.709205627441406,40.164642,30.159168,50.20337
20001_0310_1,13,45833919,2024-05-07,7,07:00,50.669287109375,46.280952,35.843346,56.585598
20001_0310_1,13,45833919,2024-05-07,8,08:00,30.876237869262695,30.059446,20.074743,39.582935
20001_0310_1,13,45833919,2024-05-07,9,09:00,31.35241953531901,30.574677,21.431381,39.78237
20001_0310_1,13,45833919,2024-05-07,10,10:00,19.315475463867188,20.421694,11.239961,29.22323
20001_0310_1,13,45833919,2024-05-07,11,11:00,11.362467956542968,23.261703,14.448738,32.16608
20001_0310_1,13,45833919,2024-05-07,12,12:00,43.539188385009766,30.574678,21.664068,39.549694
20001_0310_1,13,45833919,2024-05-07,13,13:00,28.028823852539062,26.195204,17.137087,35.535866
20001_0310_1,13,45833919,2024-05-07,14,14:00,17.233909606933594,22.038027,12.629063,31.376871
20001_0310_1,13,45833919,2024-05-07,15,15:00,19.971214294433594,29.411251,19.630148,38.585712
20001_0310_1,13,45833919,2024-05-07,16,16:00,37.27021026611328,32.28658,22.264479,41.859924
20001_0310_1,13,45833919,2024-05-07,17,17:00,27.119396209716797,51.067623,40.36409,60.773937
20001_0310_1,13,45833919,2024-05-07,18,18:00,41.68709716796875,41.760204,31.222876,51.732445
20001_0310_1,13,45833919,2024-05-07,19,19:00,22.865272521972656,26.42789,16.680027,36.042786
20001_0310_1,13,45833919,2024-05-07,20,20:00,12.802536010742188,18.200794,9.101127,27.051159
20001_0310_1,13,45833919,2024-05-07,21,21:00,21.0,19.775576,11.86011,27.433422
20001_0310_1,13,45833919,2024-05-07,22,22:00,20.88888931274414,22.463924,15.223663,29.367622
20001_0310_1,13,45833919,2024-05-07,23,23:00,,1.272917,0.0,7.223019
20001_0310_1,13,45833919,2024-05-08,0,00:00,,0.0,0.0,4.4935403
20001_0310_1,13,45833919,2024-05-08,1,01:00,,0.0,0.0,3.3115637
20001_0310_1,13,45833919,2024-05-08,2,02:00,,0.0,0.0,3.9025517
20001_0310_1,13,45833919,2024-05-08,3,03:00,,0.0,0.0,5.5113535
20001_0310_1,13,45833919,2024-05-08,4,04:00,,0.6849466,0.0,8.236468
20001_0310_1,13,45833919,2024-05-08,5,05:00,31.432296752929688,29.101652,20.277863,38.524635
20001_0310_1,13,45833919,2024-05-08,6,06:00,33.56194051106771,38.70522,27.93609,48.883358
20001_0310_1,13,45833919,2024-05-08,7,07:00,44.55258560180664,45.009094,33.845978,55.187237
20001_0310_1,13,45833919,2024-05-08,8,08:00,28.287622451782227,29.709057,19.45294,39.443954
20001_0310_1,13,45833919,2024-05-08,9,09:00,20.52688980102539,28.133085,18.833223,37.293407
20001_0310_1,13,45833919,2024-05-08,10,10:00,13.810897827148438,18.8086,9.664691,27.476433
20001_0310_1,13,45833919,2024-05-08,11,11:00,14.333500862121582,20.774456,11.911679,29.41151
20001_0310_1,13,45833919,2024-05-08,12,12:00,19.607986450195312,30.250797,21.431112,39.27979
20001_0310_1,13,45833919,2024-05-08,13,13:00,39.1966667175293,25.128893,16.067068,34.617546
20001_0310_1,13,45833919,2024-05-08,14,14:00,15.491582234700521,21.101757,11.592586,30.619137
20001_0310_1,13,45833919,2024-05-08,15,15:00,24.081258138020832,27.016773,17.281876,36.456177
20001_0310_1,13,45833919,2024-05-08,16,16:00,40.031097412109375,29.676224,19.662249,39.296207
20001_0310_1,13,45833919,2024-05-08,17,17:00,26.83538309733073,48.358032,37.687405,58.07651
20001_0310_1,13,45833919,2024-05-08,18,18:00,54.88482666015625,40.412518,30.103048,50.459324
20001_0310_1,13,45833919,2024-05-08,19,19:00,23.385466003417967,25.243809,15.771576,34.863792
20001_0310_1,13,45833919,2024-05-08,20,20:00,18.749471028645832,17.101297,8.351381,25.99896
20001_0310_1,13,45833919,2024-05-08,21,21:00,22.865591049194336,18.586979,11.109331,26.458622
20001_0310_1,13,45833919,2024-05-08,22,22:00,25.799999237060547,20.655437,13.797505,27.76782
20001_0310_1,13,45833919,2024-05-08,23,23:00,,0.4222852,0.0,6.594833
20001_0310_1,13,45833919,2024-05-09,0,00:00,,0.0,0.0,4.850755
20001_0310_1,13,45833919,2024-05-09,1,01:00,,0.0,0.0,3.7819283
20001_0310_1,13,45833919,2024-05-09,2,02:00,,0.0,0.0,4.429702
20001_0310_1,13,45833919,2024-05-09,3,03:00,,0.0,0.0,4.429702
20001_0310_1,13,45833919,2024-05-09,4,04:00,,1.3851666,0.0,8.057234
20001_0310_1,13,45833919,2024-05-09,5,05:00,25.568941752115887,28.7536,20.55724,37.07749
20001_0310_1,13,45833919,2024-05-09,6,06:00,31.635347366333008,36.785988,27.296108,45.984375
20001_0310_1,13,45833919,2024-05-09,7,07:00,58.10076141357422,44.785995,35.13417,54.113937
20001_0310_1,13,45833919,2024-05-09,8,08:00,24.955102920532227,28.591656,19.526876,37.27182
20001_0310_1,13,45833919,2024-05-09,9,09:00,15.81469472249349,25.854813,17.522823,34.081535
20001_0310_1,13,45833919,2024-05-09,10,10:00,23.394856770833332,17.530924,9.603794,25.636189
20001_0310_1,13,45833919,2024-05-09,11,11:00,18.308333079020183,19.344688,11.458046,27.781939
20001_0310_1,13,45833919,2024-05-09,12,12:00,24.41836166381836,30.340645,22.389225,39.409473
20001_0310_1,13,45833919,2024-05-09,13,13:00,36.87334696451823,26.66453,18.259666,36.251575
20001_0310_1,13,45833919,2024-05-09,14,14:00,25.2968266805013,21.217665,12.414017,31.00512
20001_0310_1,13,45833919,2024-05-09,15,15:00,32.31916046142578,26.77789,17.692865,36.81838
20001_0310_1,13,45833919,2024-05-09,16,16:00,28.42563247680664,30.761698,21.423637,41.093685
20001_0310_1,13,45833919,2024-05-09,17,17:00,50.52119445800781,42.583565,32.4783,52.883167
20001_0310_1,13,45833919,2024-05-09,18,18:00,70.00099690755208,43.296116,33.255627,53.59572
20001_0310_1,13,45833919,2024-05-09,19,19:00,26.576205444335937,26.988417,17.466146,37.061295
20001_0310_1,13,45833919,2024-05-09,20,20:00,15.53793716430664,18.316345,9.660473,27.45805
20001_0310_1,13,45833919,2024-05-09,21,21:00,12.696428298950195,19.615944,12.10582,27.555218
20001_0310_1,13,45833919,2024-05-09,22,22:00,22.361799240112305,21.956028,15.356834,29.04105
20001_0310_1,13,45833919,2024-05-09,23,23:00,,2.0977168,0.0,8.381121
20001_0310_1,13,45833919,2024-05-10,0,00:00,,0.10200906,0.0,5.098842
20001_0310_1,13,45833919,2024-05-10,1,01:00,,0.42231858,0.0,4.650408
20001_0310_1,13,45833919,2024-05-10,2,02:00,,0.0,0.0,4.137913
20001_0310_1,13,45833919,2024-05-10,3,03:00,,0.0,0.0,4.8746257
20001_0310_1,13,45833919,2024-05-10,4,04:00,,0.2301323,0.0,7.1488247
20001_0310_1,13,45833919,2024-05-10,5,05:00,23.758588155110676,28.913881,20.94617,37.67436
20001_0310_1,13,45833919,2024-05-10,6,06:00,38.10348892211914,36.617332,27.216238,46.96334
20001_0310_1,13,45833919,2024-05-10,7,07:00,51.678765869140626,47.571926,37.994667,58.334343
20001_0310_1,13,45833919,2024-05-10,8,08:00,48.76648457845052,27.776781,18.47178,37.67436
20001_0310_1,13,45833919,2024-05-10,9,09:00,42.70124308268229,25.790857,17.318663,34.999767
20001_0310_1,13,45833919,2024-05-10,10,10:00,18.14611053466797,18.223537,10.223799,27.184204
20001_0310_1,13,45833919,2024-05-10,11,11:00,13.240951538085938,19.71298,11.950472,29.11908
20001_0310_1,13,45833919,2024-05-10,12,12:00,22.788157145182293,31.268158,23.30045,40.813393
20001_0310_1,13,45833919,2024-05-10,13,13:00,26.833180745442707,28.417398,19.97323,38.68333
20001_0310_1,13,45833919,2024-05-10,14,14:00,15.266974449157715,23.212366,14.123574,33.502323
20001_0310_1,13,45833919,2024-05-10,15,15:00,36.863304138183594,28.705679,19.324602,39.2759
20001_0310_1,13,45833919,2024-05-10,16,16:00,36.735111236572266,31.71659,21.855051,42.67119
20001_0310_1,13,45833919,2024-05-10,17,17:00,,43.151653,32.357216,54.29844
20001_0310_1,13,45833919,2024-05-10,18,18:00,22.65881601969401,46.098507,35.400154,57.62966
20001_0310_1,13,45833919,2024-05-10,19,19:00,18.031701405843098,27.872871,17.654987,38.747395
20001_0310_1,13,45833919,2024-05-10,20,20:00,17.747713724772137,17.927252,8.69432,27.880878
20001_0310_1,13,45833919,2024-05-10,21,21:00,24.506393432617188,19.304585,11.537071,27.88889
20001_0310_1,13,45833919,2024-05-10,22,22:00,14.705217361450195,20.30355,13.737199,27.862862
20001_0310_1,13,45833919,2024-05-10,23,23:00,,2.2801154,0.0,8.814436
20001_0310_1,13,45833919,2024-05-11,0,00:00,,0.0,0.0,4.8350086
20001_0310_1,13,45833919,2024-05-11,1,01:00,,0.0,0.0,4.3826685
20001_0310_1,13,45833919,2024-05-11,2,02:00,,0.0,0.0,4.3826685
20001_0310_1,13,45833919,2024-05-11,3,03:00,,0.0,0.0,5.4488993
20001_0310_1,13,45833919,2024-05-11,4,04:00,,0.63470614,0.0,8.130631
20001_0310_1,13,45833919,2024-05-11,5,05:00,,24.705673,16.321222,33.91403
20001_0310_1,13,45833919,2024-05-11,6,06:00,,33.00935,23.199217,43.671654
20001_0310_1,13,45833919,2024-05-11,7,07:00,,34.56023,24.334106,45.836426
20001_0310_1,13,45833919,2024-05-11,8,08:00,,21.092,11.388895,31.48573
20001_0310_1,13,45833919,2024-05-11,9,09:00,,24.091784,15.1257515,34.091736
20001_0310_1,13,45833919,2024-05-11,10,10:00,,14.528015,5.5942945,24.124094
20001_0310_1,13,45833919,2024-05-11,11,11:00,,18.033655,9.180708,27.968985
20001_0310_1,13,45833919,2024-05-11,12,12:00,,28.389015,19.511837,38.259727
20001_0310_1,13,45833919,2024-05-11,13,13:00,,26.482723,17.306675,37.33889
20001_0310_1,13,45833919,2024-05-11,14,14:00,,20.41046,10.578115,31.03036
20001_0310_1,13,45833919,2024-05-11,15,15:00,,24.19679,14.09991,35.24682
20001_0310_1,13,45833919,2024-05-11,16,16:00,,22.291002,11.792265,33.795387
20001_0310_1,13,45833919,2024-05-11,17,17:00,,32.266216,20.988,43.703968
20001_0310_1,13,45833919,2024-05-11,18,18:00,,39.083633,27.694353,50.715244
20001_0310_1,13,45833919,2024-05-11,19,19:00,,24.834915,14.229148,35.87686
20001_0310_1,13,45833919,2024-05-11,20,20:00,0.0,15.804261,6.175875,26.04654
20001_0310_1,13,45833919,2024-05-11,21,21:00,,18.914103,10.771976,27.847822
20001_0310_1,13,45833919,2024-05-11,22,22:00,,18.30021,11.192003,26.200008
20001_0310_1,13,45833919,2024-05-11,23,23:00,,0.8931864,0.0,8.130631
20001_0310_1,13,45833919,2024-05-12,0,00:00,,0.0,0.0,4.6042233
20001_0310_1,13,45833919,2024-05-12,1,01:00,,0.12384644,0.0,5.1055245
20001_0310_1,13,45833919,2024-05-12,2,02:00,,0.0,0.0,4.917537
20001_0310_1,13,45833919,2024-05-12,3,03:00,,0.0,0.0,4.6982164
20001_0310_1,13,45833919,2024-05-12,4,04:00,,0.18650937,0.0,7.925341
20001_0310_1,13,45833919,2024-05-12,5,05:00,,25.823347,16.604113,35.363728
20001_0310_1,13,45833919,2024-05-12,6,06:00,,30.922518,19.858652,41.449837
20001_0310_1,13,45833919,2024-05-12,7,07:00,,26.66146,14.959218,37.502087
20001_0310_1,13,45833919,2024-05-12,8,08:00,,17.67721,6.374443,27.805054
20001_0310_1,13,45833919,2024-05-12,9,09:00,,21.079594,10.386808,30.752155
20001_0310_1,13,45833919,2024-05-12,10,10:00,,10.9644785,0.40582922,20.414782
20001_0310_1,13,45833919,2024-05-12,11,11:00,,16.110645,5.7948127,25.63536
20001_0310_1,13,45833919,2024-05-12,12,12:00,,26.755455,16.463123,36.8128
20001_0310_1,13,45833919,2024-05-12,13,13:00,,24.985237,14.2386,35.606544
20001_0310_1,13,45833919,2024-05-12,14,14:00,,20.066223,8.914238,30.877481
20001_0310_1,13,45833919,2024-05-12,15,15:00,,22.604057,11.238626,33.546505
20001_0310_1,13,45833919,2024-05-12,16,16:00,,20.27477,8.550989,31.548162
20001_0310_1,13,45833919,2024-05-12,17,17:00,,23.963053,11.657683,35.062164
20001_0310_1,13,45833919,2024-05-12,18,18:00,,38.16005,25.909508,49.439316
20001_0310_1,13,45833919,2024-05-12,19,19:00,,23.653656,12.491878,34.627438
20001_0310_1,13,45833919,2024-05-12,20,20:00,,15.194204,4.9175363,25.439539
20001_0310_1,13,45833919,2024-05-12,21,21:00,,18.805138,10.087202,27.961712
20001_0310_1,13,45833919,2024-05-12,22,22:00,,18.444826,10.964479,26.896446
20001_0310_1,13,45833919,2024-05-12,23,23:00,,1.189111,0.0,9.053268
20001_0310_1,13,45833919,2024-05-13,0,00:00,,0.0,0.0,5.5757313
20001_0310_1,13,45833919,2024-05-13,1,01:00,,0.0,0.0,4.046516
20001_0310_1,13,45833919,2024-05-13,2,02:00,,0.0,0.0,4.233767
20001_0310_1,13,45833919,2024-05-13,3,03:00,,0.0,0.0,4.2961845
20001_0310_1,13,45833919,2024-05-13,4,04:00,,0.0,0.0,6.7304444
20001_0310_1,13,45833919,2024-05-13,5,05:00,24.638891220092773,29.840328,21.49206,38.594307
20001_0310_1,13,45833919,2024-05-13,6,06:00,33.36582692464193,37.626842,27.48409,47.36389
20001_0310_1,13,45833919,2024-05-13,7,07:00,48.37098999023438,47.17664,36.721798,56.788853
20001_0310_1,13,45833919,2024-05-13,8,08:00,36.12169647216797,28.467155,18.304892,37.68926
20001_0310_1,13,45833919,2024-05-13,9,09:00,28.361478169759113,25.673996,16.249033,34.459183
20001_0310_1,13,45833919,2024-05-13,10,10:00,29.415584564208984,15.109923,5.856608,23.879509
20001_0310_1,13,45833919,2024-05-13,11,11:00,20.77959747314453,18.542856,9.39877,27.546503
20001_0310_1,13,45833919,2024-05-13,12,12:00,35.42681884765625,30.792187,21.330164,40.341984
20001_0310_1,13,45833919,2024-05-13,13,13:00,29.03619639078776,26.547832,16.592327,36.7374
20001_0310_1,13,45833919,2024-05-13,14,14:00,11.961905161539713,17.700228,7.1751666,28.08485
20001_0310_1,13,45833919,2024-05-13,15,15:00,27.400108337402344,25.845642,15.078712,36.191254
20001_0310_1,13,45833919,2024-05-13,16,16:00,22.4278564453125,30.885813,19.912128,41.590317
20001_0310_1,13,45833919,2024-05-13,17,17:00,42.96227518717448,37.345966,25.845646,47.89444
20001_0310_1,13,45833919,2024-05-13,18,18:00,42.98298136393229,44.67996,33.444904,55.72776
20001_0310_1,13,45833919,2024-05-13,19,19:00,23.992315673828124,25.315098,15.047505,35.83235
20001_0310_1,13,45833919,2024-05-13,20,20:00,17.873219807942707,15.406404,5.8253984,25.205866
20001_0310_1,13,45833919,2024-05-13,21,21:00,21.016666412353516,18.386816,10.116568,26.922337
20001_0310_1,13,45833919,2024-05-13,22,22:00,22.66666603088379,19.202135,12.180226,26.879423
20001_0310_1,13,45833919,2024-05-13,23,23:00,,0.86325073,0.0,7.7291164
20001_0310_1,13,45833919,2024-05-14,0,00:00,,0.0,0.0,5.19939
20001_0310_1,13,45833919,2024-05-14,1,01:00,,0.12846565,0.0,4.823766
20001_0310_1,13,45833919,2024-05-14,2,02:00,,0.06586149,0.0,4.8550687
20001_0310_1,13,45833919,2024-05-14,3,03:00,,0.0,0.0,5.0741835
20001_0310_1,13,45833919,2024-05-14,4,04:00,,1.1927335,0.0,8.298289
20001_0310_1,13,45833919,2024-05-14,5,05:00,31.411468505859375,28.613293,20.56672,36.98658
20001_0310_1,13,45833919,2024-05-14,6,06:00,37.86656188964844,36.97093,27.70553,46.455437
20001_0310_1,13,45833919,2024-05-14,7,07:00,29.038185119628906,48.02054,38.379517,57.536346
20001_0310_1,13,45833919,2024-05-14,8,08:00,21.979454040527344,29.552353,20.122623,38.66124
20001_0310_1,13,45833919,2024-05-14,9,09:00,30.473899841308594,27.251656,18.588825,35.687546
20001_0310_1,13,45833919,2024-05-14,10,10:00,15.0685183207194,19.034878,10.258578,27.349474
20001_0310_1,13,45833919,2024-05-14,11,11:00,17.953540802001953,19.257906,10.94331,27.721186
20001_0310_1,13,45833919,2024-05-14,12,12:00,25.52777608235677,30.773132,21.863796,39.694206
20001_0310_1,13,45833919,2024-05-14,13,13:00,38.12782541910807,28.331575,19.289207,37.72218
20001_0310_1,13,45833919,2024-05-14,14,14:00,24.81531524658203,20.508028,10.969719,29.970037
20001_0310_1,13,45833919,2024-05-14,15,15:00,21.358744303385418,26.891682,17.188059,36.42315
20001_0310_1,13,45833919,2024-05-14,16,16:00,24.52520179748535,32.526047,22.61896,42.41748
20001_0310_1,13,45833919,2024-05-14,17,17:00,43.15724182128906,40.132435,29.55235,49.96126
20001_0310_1,13,45833919,2024-05-14,18,18:00,43.751426696777344,45.51638,35.092815,55.720837
20001_0310_1,13,45833919,2024-05-14,19,19:00,23.508256912231445,25.483093,15.810773,35.59364
20001_0310_1,13,45833919,2024-05-14,20,20:00,13.852124532063803,16.546368,7.3827047,25.929144
20001_0310_1,13,45833919,2024-05-14,21,21:00,12.899999618530273,19.700047,11.6143465,27.750532
20001_0310_1,13,45833919,2024-05-14,22,22:00,15.0,20.752575,13.429863,27.90704
20001_0310_1,13,45833919,2024-05-14,23,23:00,,1.3179419,0.0,7.6096454
20001_0310_1,13,45833919,2024-05-15,0,00:00,,0.0,0.0,3.6512015
20001_0310_1,13,45833919,2024-05-15,1,01:00,,0.0,0.0,3.465171
20001_0310_1,13,45833919,2024-05-15,2,02:00,,0.0,0.0,4.085269
20001_0310_1,13,45833919,2024-05-15,3,03:00,,0.0,0.0,4.5813465
20001_0310_1,13,45833919,2024-05-15,4,04:00,,0.0,0.0,6.3796277
20001_0310_1,13,45833919,2024-05-15,5,05:00,25.865299224853516,27.152882,18.952097,35.83424
20001_0310_1,13,45833919,2024-05-15,6,06:00,35.35412089029948,34.78007,25.16857,44.143543
20001_0310_1,13,45833919,2024-05-15,7,07:00,38.747711181640625,42.96536,33.0438,52.328823
20001_0310_1,13,45833919,2024-05-15,8,08:00,38.114916120256694,26.827332,17.401855,35.849743
20001_0310_1,13,45833919,2024-05-15,9,09:00,18.397727966308594,26.517282,17.789413,35.183136
20001_0310_1,13,45833919,2024-05-15,10,10:00,20.887301127115887,17.153816,8.573225,25.703407
20001_0310_1,13,45833919,2024-05-15,11,11:00,17.055438995361328,17.394102,9.108057,26.19173
20001_0310_1,13,45833919,2024-05-15,12,12:00,41.86384582519531,27.493935,18.831953,36.67137
20001_0310_1,13,45833919,2024-05-15,13,13:00,28.630197525024414,28.176043,19.254395,37.55501
20001_0310_1,13,45833919,2024-05-15,14,14:00,13.047618865966797,20.068272,10.885023,29.301907
20001_0310_1,13,45833919,2024-05-15,15,15:00,28.255025227864582,26.687807,17.394102,35.88075
20001_0310_1,13,45833919,2024-05-15,16,16:00,34.79126993815104,30.315376,20.808512,39.33779
20001_0310_1,13,45833919,2024-05-15,17,17:00,39.0263671875,39.244774,29.1682,48.236183
20001_0310_1,13,45833919,2024-05-15,18,18:00,41.737466430664064,44.39158,34.439026,53.569016
20001_0310_1,13,45833919,2024-05-15,19,19:00,26.961611938476562,23.641582,14.316873,32.609734
20001_0310_1,13,45833919,2024-05-15,20,20:00,20.4242426554362,15.650082,6.9532185,23.897371
20001_0310_1,13,45833919,2024-05-15,21,21:00,23.40160369873047,18.882338,11.2939005,26.331253
20001_0310_1,13,45833919,2024-05-15,22,22:00,22.105262756347656,18.928843,12.293804,25.687902
20001_0310_1,13,45833919,2024-05-15,23,23:00,,0.2406672,0.0,6.1625943
20001_0310_1,13,45833919,2024-05-16,0,00:00,,0.14483675,0.0,4.540741
20001_0310_1,13,45833919,2024-05-16,1,01:00,,0.0,0.0,3.6374726
20001_0310_1,13,45833919,2024-05-16,2,02:00,,0.0,0.0,3.8181252
20001_0310_1,13,45833919,2024-05-16,3,03:00,,0.0,0.0,4.9020476
20001_0310_1,13,45833919,2024-05-16,4,04:00,,1.1083227,0.0,7.5817423
20001_0310_1,13,45833919,2024-05-16,5,05:00,28.34395980834961,27.3332,19.205671,35.35723
20001_0310_1,13,45833919,2024-05-16,6,06:00,37.94062042236328,36.63686,26.881569,45.66954
20001_0310_1,13,45833919,2024-05-16,7,07:00,47.11589813232422,43.863003,33.746403,53.076332
20001_0310_1,13,45833919,2024-05-16,8,08:00,41.6211903889974,29.350498,19.589558,38.112194
20001_0310_1,13,45833919,2024-05-16,9,09:00,21.58461151123047,26.65575,17.51769,35.071198
20001_0310_1,13,45833919,2024-05-16,10,10:00,19.415042877197266,19.023136,10.043148,27.626762
20001_0310_1,13,45833919,2024-05-16,11,11:00,16.21666717529297,19.802204,10.829743,28.83488
20001_0310_1,13,45833919,2024-05-16,12,12:00,31.14483388264974,31.126928,21.723534,40.731674
20001_0310_1,13,45833919,2024-05-16,13,13:00,22.191919962565105,30.283875,20.665953,40.280045
20001_0310_1,13,45833919,2024-05-16,14,14:00,16.95039176940918,21.380102,11.391464,31.233248
20001_0310_1,13,45833919,2024-05-16,15,15:00,13.791749954223633,28.447231,18.571503,38.23263
20001_0310_1,13,45833919,2024-05-16,16,16:00,32.341827392578125,30.7054,20.891771,40.671455
20001_0310_1,13,45833919,2024-05-16,17,17:00,42.044212341308594,40.852108,30.615072,50.36653
20001_0310_1,13,45833919,2024-05-16,18,18:00,43.371726989746094,46.45237,36.395985,56.02701
20001_0310_1,13,45833919,2024-05-16,19,19:00,26.2057861328125,26.264334,17.043474,35.56799
20001_0310_1,13,45833919,2024-05-16,20,20:00,18.512798309326172,17.480053,8.929117,25.86539
20001_0310_1,13,45833919,2024-05-16,21,21:00,31.846595764160156,19.982857,12.520549,27.319088
20001_0310_1,13,45833919,2024-05-16,22,22:00,17.30769157409668,20.837435,14.392006,27.429173
20001_0310_1,13,45833919,2024-05-16,23,23:00,,2.0718088,0.0,7.8226137
20001_0310_1,13,45833919,2024-05-17,0,00:00,,0.9390069,0.0,5.3124604
20001_0310_1,13,45833919,2024-05-17,1,01:00,,0.45972437,0.0,4.293986
20001_0310_1,13,45833919,2024-05-17,2,02:00,,0.0,0.0,4.054344
20001_0310_1,13,45833919,2024-05-17,3,03:00,,0.0,0.0,4.6834025
20001_0310_1,13,45833919,2024-05-17,4,04:00,,0.0,0.0,6.93004
20001_0310_1,13,45833919,2024-05-17,5,05:00,26.804155349731445,26.850225,18.447802,35.29758
20001_0310_1,13,45833919,2024-05-17,6,06:00,26.111209869384766,38.203236,28.19821,48.02853
20001_0310_1,13,45833919,2024-05-17,7,07:00,44.34024353027344,45.45238,35.02799,55.81687
20001_0310_1,13,45833919,2024-05-17,8,08:00,27.701847076416016,32.481796,22.210915,41.79785
20001_0310_1,13,45833919,2024-05-17,9,09:00,19.60146141052246,29.30655,19.885649,38.382965
20001_0310_1,13,45833919,2024-05-17,10,10:00,23.041061401367188,18.653744,9.524907,27.557917
20001_0310_1,13,45833919,2024-05-17,11,11:00,27.44622802734375,18.223139,9.234717,27.582256
20001_0310_1,13,45833919,2024-05-17,12,12:00,48.3020273844401,28.55767,19.533676,38.023502
20001_0310_1,13,45833919,2024-05-17,13,13:00,24.948382059733074,27.56915,18.50397,37.57418
20001_0310_1,13,45833919,2024-05-17,14,14:00,13.918182373046875,20.756224,11.380725,30.61194
20001_0310_1,13,45833919,2024-05-17,15,15:00,34.48310089111328,26.32601,16.830223,36.24117
20001_0310_1,13,45833919,2024-05-17,16,16:00,21.465922037760418,27.958569,18.18944,37.993553
20001_0310_1,13,45833919,2024-05-17,17,17:00,53.46229044596354,39.22171,28.707445,49.166824
20001_0310_1,13,45833919,2024-05-17,18,18:00,47.552490234375,42.037495,31.403416,52.282166
20001_0310_1,13,45833919,2024-05-17,19,19:00,12.392961502075195,24.663498,14.718383,34.728436
20001_0310_1,13,45833919,2024-05-17,20,20:00,12.36917724609375,16.85269,7.7088737,26.131302
20001_0310_1,13,45833919,2024-05-17,21,21:00,19.9510555267334,21.63803,13.65872,29.789576
20001_0310_1,13,45833919,2024-05-17,22,22:00,20.625,18.14076,11.438292,25.427355
20001_0310_1,13,45833919,2024-05-17,23,23:00,,1.9574826,0.0,8.218112
20001_0310_1,13,45833919,2024-05-18,0,00:00,,0.07787755,0.0,4.569382
20001_0310_1,13,45833919,2024-05-18,1,01:00,,0.0,0.0,3.8507428
20001_0310_1,13,45833919,2024-05-18,2,02:00,,0.2575372,0.0,4.599326
20001_0310_1,13,45833919,2024-05-18,3,03:00,,0.0,0.0,4.210063
20001_0310_1,13,45833919,2024-05-18,4,04:00,,1.155839,0.0,8.402134
20001_0310_1,13,45833919,2024-05-18,5,05:00,,24.631441,16.14998,33.539593
20001_0310_1,13,45833919,2024-05-18,6,06:00,,31.967566,22.108707,42.477688
20001_0310_1,13,45833919,2024-05-18,7,07:00,,30.76983,20.239124,41.729107
20001_0310_1,13,45833919,2024-05-18,8,08:00,,21.073795,10.838308,31.319572
20001_0310_1,13,45833919,2024-05-18,9,09:00,,24.361952,14.607899,34.325607
20001_0310_1,13,45833919,2024-05-18,10,10:00,,14.8249855,5.063448,24.79613
20001_0310_1,13,45833919,2024-05-18,11,11:00,,18.425678,8.51255,28.784212
20001_0310_1,13,45833919,2024-05-18,12,12:00,,30.290737,20.272808,40.770912
20001_0310_1,13,45833919,2024-05-18,13,13:00,,27.176626,17.003365,38.360474
20001_0310_1,13,45833919,2024-05-18,14,14:00,,20.327082,9.784206,31.283548
20001_0310_1,13,45833919,2024-05-18,15,15:00,,24.032572,13.477535,35.036762
20001_0310_1,13,45833919,2024-05-18,16,16:00,20.0,19.26877,8.517229,30.49566
20001_0310_1,13,45833919,2024-05-18,17,17:00,,29.572096,18.283445,40.711025
20001_0310_1,13,45833919,2024-05-18,18,18:00,,37.926296,26.652617,49.30477
20001_0310_1,13,45833919,2024-05-18,19,19:00,,21.854193,11.475071,32.674976
20001_0310_1,13,45833919,2024-05-18,20,20:00,,13.08827,3.5812507,22.924665
20001_0310_1,13,45833919,2024-05-18,21,21:00,,18.653996,10.760174,27.214056
20001_0310_1,13,45833919,2024-05-18,22,22:00,,18.13373,11.546186,25.529741
20001_0310_1,13,45833919,2024-05-18,23,23:00,,1.4552727,0.0,7.8032665
20001_0310_1,13,45833919,2024-05-19,0,00:00,,0.0,0.0,3.7280521
20001_0310_1,13,45833919,2024-05-19,1,01:00,,0.0,0.0,3.431868
20001_0310_1,13,45833919,2024-05-19,2,02:00,,0.0,0.0,3.076448
20001_0310_1,13,45833919,2024-05-19,3,03:00,,0.0,0.0,3.6391964
20001_0310_1,13,45833919,2024-05-19,4,04:00,,0.0,0.0,6.0975213
20001_0310_1,13,45833919,2024-05-19,5,05:00,,27.33389,19.545185,35.30123
20001_0310_1,13,45833919,2024-05-19,6,06:00,,32.28016,22.868923,41.432236
20001_0310_1,13,45833919,2024-05-19,7,07:00,,28.725952,18.70569,38.1594
20001_0310_1,13,45833919,2024-05-19,8,08:00,,21.482412,11.7898,30.538229
20001_0310_1,13,45833919,2024-05-19,9,09:00,,22.89854,13.650202,31.687786
20001_0310_1,13,45833919,2024-05-19,10,10:00,,14.183334,4.8091207,23.209534
20001_0310_1,13,45833919,2024-05-19,11,11:00,,18.22254,8.726149,27.800377
20001_0310_1,13,45833919,2024-05-19,12,12:00,,29.436794,19.67384,39.447803
20001_0310_1,13,45833919,2024-05-19,13,13:00,,27.89664,17.744947,38.3075
20001_0310_1,13,45833919,2024-05-19,14,14:00,,19.692814,9.198655,30.109226
20001_0310_1,13,45833919,2024-05-19,15,15:00,,24.335032,13.864939,34.597794
20001_0310_1,13,45833919,2024-05-19,16,16:00,,22.813387,12.1618805,33.20573
20001_0310_1,13,45833919,2024-05-19,17,17:00,,27.867022,16.75273,38.04093
20001_0310_1,13,45833919,2024-05-19,18,18:00,,41.106434,29.969927,51.47286
20001_0310_1,13,45833919,2024-05-19,19,19:00,,23.246555,13.131884,33.1539
20001_0310_1,13,45833919,2024-05-19,20,20:00,,13.798296,4.48332,22.683807
20001_0310_1,13,45833919,2024-05-19,21,21:00,,19.805271,12.163732,27.372765
20001_0310_1,13,45833919,2024-05-19,22,22:00,,19.212904,12.777387,25.853897
20001_0310_1,13,45833919,2024-05-19,23,23:00,,1.1216345,0.0,6.837979
20001_0310_1,13,45833919,2024-05-20,0,00:00,,0.3127157,0.0,4.830722
20001_0310_1,13,45833919,2024-05-20,1,01:00,,0.0,0.0,3.3247204
20001_0310_1,13,45833919,2024-05-20,2,02:00,,0.13553959,0.0,3.9743695
20001_0310_1,13,45833919,2024-05-20,3,03:00,,0.0,0.0,3.6200156
20001_0310_1,13,45833919,2024-05-20,4,04:00,,0.48989272,0.0,7.1044908
20001_0310_1,13,45833919,2024-05-20,5,05:00,26.817548751831055,26.948284,18.809229,35.482292
20001_0310_1,13,45833919,2024-05-20,6,06:00,38.066139221191406,34.625942,24.453049,44.341137
20001_0310_1,13,45833919,2024-05-20,7,07:00,39.60915883382162,39.17348,28.336168,49.095375
20001_0310_1,13,45833919,2024-05-20,8,08:00,45.29683227539063,27.62746,17.25524,37.017826
20001_0310_1,13,45833919,2024-05-20,9,09:00,17.806250254313152,24.379221,14.604974,33.444763
20001_0310_1,13,45833919,2024-05-20,10,10:00,25.42210642496745,17.299534,7.4772997,26.405678
20001_0310_1,13,45833919,2024-05-20,11,11:00,20.00817108154297,20.042082,10.105423,29.535803
20001_0310_1,13,45833919,2024-05-20,12,12:00,22.051128387451172,31.850174,21.666203,41.772068
20001_0310_1,13,45833919,2024-05-20,13,13:00,24.388585408528645,28.83817,18.587757,39.05536
20001_0310_1,13,45833919,2024-05-20,14,14:00,17.27524757385254,18.692957,8.328119,28.614853
20001_0310_1,13,45833919,2024-05-20,15,15:00,21.172727584838867,25.324163,15.092207,34.817883
20001_0310_1,13,45833919,2024-05-20,16,16:00,22.130523681640625,27.686522,17.395506,37.32789
20001_0310_1,13,45833919,2024-05-20,17,17:00,54.68352254231771,34.183002,23.449045,43.632427
20001_0310_1,13,45833919,2024-05-20,18,18:00,50.680023193359375,43.661957,33.14947,53.406673
20001_0310_1,13,45833919,2024-05-20,19,19:00,16.8271484375,24.71881,15.047914,34.050117
20001_0310_1,13,45833919,2024-05-20,20,20:00,18.009259541829426,16.06668,7.3850193,24.541634
20001_0310_1,13,45833919,2024-05-20,21,21:00,12.816666920979818,19.898127,12.523145,26.977812
20001_0310_1,13,45833919,2024-05-20,22,22:00,30.7391300201416,18.761244,12.632038,24.931055
20001_0310_1,13,45833919,2024-05-20,23,23:00,,1.3167179,0.0,6.5729604
20001_0310_1,13,45833919,2024-05-21,0,00:00,,0.03442511,0.0,4.778126
20001_0310_1,13,45833919,2024-05-21,1,01:00,,0.57144755,0.0,4.509614
20001_0310_1,13,45833919,2024-05-21,2,02:00,,0.0,0.0,3.9725916
20001_0310_1,13,45833919,2024-05-21,3,03:00,,0.0,0.0,4.151599
20001_0310_1,13,45833919,2024-05-21,4,04:00,,0.21343258,0.0,6.8068786
20001_0310_1,13,45833919,2024-05-21,5,05:00,27.28620719909668,27.139156,19.51828,35.343674
20001_0310_1,13,45833919,2024-05-21,6,06:00,37.58595275878906,35.418255,26.318703,44.756485
20001_0310_1,13,45833919,2024-05-21,7,07:00,40.317039489746094,40.609478,30.913235,50.15655
20001_0310_1,13,45833919,2024-05-21,8,08:00,41.47930908203125,29.98836,20.50469,39.05808
20001_0310_1,13,45833919,2024-05-21,9,09:00,27.140223185221355,24.483877,15.600626,33.344753
20001_0310_1,13,45833919,2024-05-21,10,10:00,23.0,18.274551,9.150762,27.111189
20001_0310_1,13,45833919,2024-05-21,11,11:00,22.971389770507812,18.692234,9.69151,27.980118
20001_0310_1,13,45833919,2024-05-21,12,12:00,39.77549743652344,31.092237,21.681292,40.93766
20001_0310_1,13,45833919,2024-05-21,13,13:00,20.941312789916992,28.138615,18.634432,38.16304
20001_0310_1,13,45833919,2024-05-21,14,14:00,18.402598063151043,18.833948,9.25145,28.554432
20001_0310_1,13,45833919,2024-05-21,15,15:00,23.692306518554688,23.611214,13.989558,33.009113
20001_0310_1,13,45833919,2024-05-21,16,16:00,27.003936767578125,28.556297,18.942097,38.073532
20001_0310_1,13,45833919,2024-05-21,17,17:00,41.86228942871094,39.11775,28.914316,48.605152
20001_0310_1,13,45833919,2024-05-21,18,18:00,25.210556030273438,44.18963,34.195038,53.975376
20001_0310_1,13,45833919,2024-05-21,19,19:00,17.14615478515625,23.894642,14.787632,33.493927
20001_0310_1,13,45833919,2024-05-21,20,20:00,12.967192649841309,15.488745,7.000801,24.230278
20001_0310_1,13,45833919,2024-05-21,21,21:00,,20.20774,12.85491,27.593199
20001_0310_1,13,45833919,2024-05-21,22,22:00,16.834821701049805,19.206882,12.781258,25.729473
20001_0310_1,13,45833919,2024-05-21,23,23:00,,1.227809,0.0,6.7173743
20001_0310_1,13,45833919,2024-05-22,0,00:00,,0.0,0.0,4.5678735
20001_0310_1,13,45833919,2024-05-22,1,01:00,,0.0,0.0,3.3233433
20001_0310_1,13,45833919,2024-05-22,2,02:00,,0.0,0.0,3.7974515
20001_0310_1,13,45833919,2024-05-22,3,03:00,,0.0045981407,0.0,5.3086634
20001_0310_1,13,45833919,2024-05-22,4,04:00,,1.2491281,0.0,8.242198
20001_0310_1,13,45833919,2024-05-22,5,05:00,36.33945973714193,26.791613,18.624388,35.562576
20001_0310_1,13,45833919,2024-05-22,6,06:00,26.494136810302734,35.384792,25.428556,45.103973
20001_0310_1,13,45833919,2024-05-22,7,07:00,51.414371490478516,40.244385,29.784412,50.259884
20001_0310_1,13,45833919,2024-05-22,8,08:00,39.59697341918945,30.465937,20.491182,40.244385
20001_0310_1,13,45833919,2024-05-22,9,09:00,106.96295928955078,25.02853,15.650111,34.599552
20001_0310_1,13,45833919,2024-05-22,10,10:00,14.187878926595053,18.398447,8.964468,27.928728
20001_0310_1,13,45833919,2024-05-22,11,11:00,18.543399810791016,19.400368,9.932129,29.251966
20001_0310_1,13,45833919,2024-05-22,12,12:00,36.92543029785156,31.799362,22.072773,42.081547
20001_0310_1,13,45833919,2024-05-22,13,13:00,29.84324900309245,26.48048,16.598324,36.925636
20001_0310_1,13,45833919,2024-05-22,14,14:00,26.653790791829426,18.242882,8.212567,28.36209
20001_0310_1,13,45833919,2024-05-22,15,15:00,18.451852162679035,24.761843,14.805607,34.599552
20001_0310_1,13,45833919,2024-05-22,16,16:00,30.521519978841145,28.302828,18.38363,38.22943
20001_0310_1,13,45833919,2024-05-22,17,17:00,27.765932083129883,38.703537,28.332458,48.422718
20001_0310_1,13,45833919,2024-05-22,18,18:00,62.26580810546875,41.07407,30.940044,50.91178
20001_0310_1,13,45833919,2024-05-22,19,19:00,19.440065002441408,22.324642,13.138829,32.029007
20001_0310_1,13,45833919,2024-05-22,20,20:00,16.5,16.020508,7.4495525,24.880371
20001_0310_1,13,45833919,2024-05-22,21,21:00,16.494949340820312,20.658785,13.313839,28.559324
20001_0310_1,13,45833919,2024-05-22,22,22:00,16.071428298950195,18.8207,12.349887,25.728579
20001_0310_1,13,45833919,2024-05-22,23,23:00,,1.1306012,0.0,6.968037
20001_0310_1,13,45833919,2024-05-23,0,00:00,,0.0,0.0,5.4759502
20001_0310_1,13,45833919,2024-05-23,1,01:00,,0.49486944,0.0,5.6316094
20001_0310_1,13,45833919,2024-05-23,2,02:00,,0.0,0.0,5.2268963
20001_0310_1,13,45833919,2024-05-23,3,03:00,,0.0,0.0,6.6278267
20001_0310_1,13,45833919,2024-05-23,4,04:00,,1.9891938,0.0,10.3013735
20001_0310_1,13,45833919,2024-05-23,5,05:00,24.595123291015625,25.991777,16.714514,36.156296
20001_0310_1,13,45833919,2024-05-23,6,06:00,37.468441009521484,35.64262,24.49745,46.756657
20001_0310_1,13,45833919,2024-05-23,7,07:00,35.9696044921875,41.09068,29.322876,52.609432
20001_0310_1,13,45833919,2024-05-23,8,08:00,38.67669932047526,32.498314,20.948431,43.9548
20001_0310_1,13,45833919,2024-05-23,9,09:00,27.734903971354168,27.750721,16.909088,39.207207
20001_0310_1,13,45833919,2024-05-23,10,10:00,24.473093668619793,19.798504,8.953465,31.368332
20001_0310_1,13,45833919,2024-05-23,11,11:00,12.970733642578125,21.349255,10.774186,33.189053
20001_0310_1,13,45833919,2024-05-23,12,12:00,29.85010528564453,32.280396,21.991346,44.35952
20001_0310_1,13,45833919,2024-05-23,13,13:00,21.622222900390625,26.676678,16.551073,38.693535
20001_0310_1,13,45833919,2024-05-23,14,14:00,19.737350463867188,19.51248,9.096961,31.075983
20001_0310_1,13,45833919,2024-05-23,15,15:00,11.373680114746094,24.583067,14.371852,35.728233
20001_0310_1,13,45833919,2024-05-23,16,16:00,30.531997680664062,26.816769,16.49659,38.16429
20001_0310_1,13,45833919,2024-05-23,17,17:00,35.232427978515624,37.479397,26.458754,48.437775
20001_0310_1,13,45833919,2024-05-23,18,18:00,43.80747985839844,42.585003,31.439835,53.605644
20001_0310_1,13,45833919,2024-05-23,19,19:00,20.42254066467285,23.85147,13.570209,34.630844
20001_0310_1,13,45833919,2024-05-23,20,20:00,21.51388931274414,16.932436,7.3827705,26.84012
20001_0310_1,13,45833919,2024-05-23,21,21:00,15.151249885559082,20.092312,11.81613,28.596148
20001_0310_1,13,45833919,2024-05-23,22,22:00,18.0,19.65452,12.527295,27.454973
20001_0310_1,13,45833919,2024-05-23,23,23:00,,2.4873018,0.0,9.274026
20001_0310_1,13,45833919,2024-05-24,0,00:00,,0.33357954,0.0,5.6878095
20001_0310_1,13,45833919,2024-05-24,1,01:00,,0.2716812,0.0,5.0069256
20001_0310_1,13,45833919,2024-05-24,2,02:00,,0.0,0.0,5.0997734
20001_0310_1,13,45833919,2024-05-24,3,03:00,,0.0,0.0,5.7497087
20001_0310_1,13,45833919,2024-05-24,4,04:00,,1.9429446,0.0,10.113563
20001_0310_1,13,45833919,2024-05-24,5,05:00,29.274810791015625,25.123974,15.87013,34.795635
20001_0310_1,13,45833919,2024-05-24,6,06:00,38.4979248046875,34.408768,23.452713,45.488617
20001_0310_1,13,45833919,2024-05-24,7,07:00,49.973628997802734,38.64882,27.367798,49.97627
20001_0310_1,13,45833919,2024-05-24,8,08:00,31.939186096191406,30.880547,19.61887,41.681854
20001_0310_1,13,45833919,2024-05-24,9,09:00,27.96124267578125,28.218904,17.622635,38.710716
20001_0310_1,13,45833919,2024-05-24,10,10:00,16.211631774902344,19.042437,8.702468,29.5004
20001_0310_1,13,45833919,2024-05-24,11,11:00,21.499712626139324,19.97285,9.985893,30.629082
20001_0310_1,13,45833919,2024-05-24,12,12:00,31.142017364501953,31.499535,21.518383,42.54844
20001_0310_1,13,45833919,2024-05-24,13,13:00,24.15650685628255,25.356096,15.545165,36.513317
20001_0310_1,13,45833919,2024-05-24,14,14:00,23.940867106119793,19.800694,9.706384,30.690014
20001_0310_1,13,45833919,2024-05-24,15,15:00,19.475000381469727,23.166433,13.193017,33.851677
20001_0310_1,13,45833919,2024-05-24,16,16:00,22.511383056640625,25.046602,14.786906,35.863384
20001_0310_1,13,45833919,2024-05-24,17,17:00,45.32630411783854,35.708637,24.87638,46.32425
20001_0310_1,13,45833919,2024-05-24,18,18:00,27.43659019470215,43.476913,32.582756,54.185375
20001_0310_1,13,45833919,2024-05-24,19,19:00,30.232937622070313,22.466204,12.461841,32.950283
20001_0310_1,13,45833919,2024-05-24,20,20:00,13.322969436645508,15.607063,6.3532205,25.216822
20001_0310_1,13,45833919,2024-05-24,21,21:00,15.976190567016602,19.796825,11.783856,28.047718
20001_0310_1,13,45833919,2024-05-24,22,22:00,15.692307472229004,17.943737,11.119415,25.479895
20001_0310_1,13,45833919,2024-05-24,23,23:00,,2.1286407,0.0,8.81369
20001_0310_1,13,45833919,2024-05-25,0,00:00,,0.3425305,0.0,5.1442394
20001_0310_1,13,45833919,2024-05-25,1,01:00,,0.0,0.0,3.7462735
20001_0310_1,13,45833919,2024-05-25,2,02:00,,0.0,0.0,4.354085
20001_0310_1,13,45833919,2024-05-25,3,03:00,,0.0,0.0,4.59721
20001_0310_1,13,45833919,2024-05-25,4,04:00,,1.558154,0.0,8.791109
20001_0310_1,13,45833919,2024-05-25,5,05:00,,26.402443,17.77912,35.36766
20001_0310_1,13,45833919,2024-05-25,6,06:00,,33.468246,23.127857,44.013775
20001_0310_1,13,45833919,2024-05-25,7,07:00,,35.17012,24.305492,46.232285
20001_0310_1,13,45833919,2024-05-25,8,08:00,,26.28088,15.553012,36.841606
20001_0310_1,13,45833919,2024-05-25,9,09:00,,26.144121,15.978475,36.492107
20001_0310_1,13,45833919,2024-05-25,10,10:00,,16.06205,6.2079115,26.296076
20001_0310_1,13,45833919,2024-05-25,11,11:00,,19.512331,9.789249,30.150927
20001_0310_1,13,45833919,2024-05-25,12,12:00,,30.885048,20.914095,41.734478
20001_0310_1,13,45833919,2024-05-25,13,13:00,,25.338772,15.522619,36.43133
20001_0310_1,13,45833919,2024-05-25,14,14:00,,20.445415,10.507226,31.172812
20001_0310_1,13,45833919,2024-05-25,15,15:00,,24.077564,14.322193,34.577503
20001_0310_1,13,45833919,2024-05-25,16,16:00,,23.910416,13.911918,34.212814
20001_0310_1,13,45833919,2024-05-25,17,17:00,,33.31629,22.816355,43.466743
20001_0310_1,13,45833919,2024-05-25,18,18:00,,38.695423,28.149899,48.967434
20001_0310_1,13,45833919,2024-05-25,19,19:00,,22.269323,12.711492,32.404575
20001_0310_1,13,45833919,2024-05-25,20,20:00,,13.927114,4.9922857,23.135456
20001_0310_1,13,45833919,2024-05-25,21,21:00,,18.455309,10.777892,26.596182
20001_0310_1,13,45833919,2024-05-25,22,22:00,,17.763922,11.267937,24.913303
20001_0310_1,13,45833919,2024-05-25,23,23:00,,0.6464372,0.0,6.9068937
20001_0310_1,13,45833919,2024-05-26,0,00:00,,0.0,0.0,4.8185825
20001_0310_1,13,45833919,2024-05-26,1,01:00,,0.0,0.0,4.0376663
20001_0310_1,13,45833919,2024-05-26,2,02:00,,0.0,0.0,4.0376663
20001_0310_1,13,45833919,2024-05-26,3,03:00,,0.0,0.0,4.3680544
20001_0310_1,13,45833919,2024-05-26,4,04:00,,0.91400677,0.0,8.542947
20001_0310_1,13,45833919,2024-05-26,5,05:00,,25.497814,16.47224,35.15413
20001_0310_1,13,45833919,2024-05-26,6,06:00,,32.36085,21.634533,43.4138
20001_0310_1,13,45833919,2024-05-26,7,07:00,,27.224836,15.901569,38.668243
20001_0310_1,13,45833919,2024-05-26,8,08:00,,23.320263,12.312364,34.37321
20001_0310_1,13,45833919,2024-05-26,9,09:00,,23.470438,12.920576,34.215527
20001_0310_1,13,45833919,2024-05-26,10,10:00,,13.814122,3.331841,24.476618
20001_0310_1,13,45833919,2024-05-26,11,11:00,,17.606066,7.446661,28.561403
20001_0310_1,13,45833919,2024-05-26,12,12:00,,29.507511,19.426949,40.470352
20001_0310_1,13,45833919,2024-05-26,13,13:00,,24.852058,14.715179,36.055183
20001_0310_1,13,45833919,2024-05-26,14,14:00,,19.081545,8.963439,30.078178
20001_0310_1,13,45833919,2024-05-26,15,15:00,,22.092573,11.92566,33.085453
20001_0310_1,13,45833919,2024-05-26,16,16:00,,21.335592,10.697502,32.32284
20001_0310_1,13,45833919,2024-05-26,17,17:00,,27.840559,16.624292,38.623196
20001_0310_1,13,45833919,2024-05-26,18,18:00,,37.4368,26.20364,48.30954
20001_0310_1,13,45833919,2024-05-26,19,19:00,,22.456749,12.409977,32.92401
20001_0310_1,13,45833919,2024-05-26,20,20:00,,14.610055,5.44932,24.056124
20001_0310_1,13,45833919,2024-05-26,21,21:00,,19.188547,11.584011,27.442595
20001_0310_1,13,45833919,2024-05-26,22,22:00,,18.353193,11.929417,25.77564
20001_0310_1,13,45833919,2024-05-26,23,23:00,,0.6737255,0.0,7.1913624
20001_0310_1,13,45833919,2024-05-27,0,00:00,,0.0,0.0,4.314663
20001_0310_1,13,45833919,2024-05-27,1,01:00,,0.006197214,0.0,3.8359432
20001_0310_1,13,45833919,2024-05-27,2,02:00,,0.0,0.0,3.4769053
20001_0310_1,13,45833919,2024-05-27,3,03:00,,0.0,0.0,3.9556239
20001_0310_1,13,45833919,2024-05-27,4,04:00,,1.0833136,0.0,8.473528
20001_0310_1,13,45833919,2024-05-27,5,05:00,26.07715606689453,25.542826,16.716455,34.773113
20001_0310_1,13,45833919,2024-05-27,6,06:00,33.83702087402344,35.461273,24.705072,46.05292
20001_0310_1,13,45833919,2024-05-27,7,07:00,38.23084411621094,37.166706,25.827068,47.87803
20001_0310_1,13,45833919,2024-05-27,8,08:00,39.01792907714844,30.494572,19.442911,40.697258
20001_0310_1,13,45833919,2024-05-27,9,09:00,33.52593231201172,26.679783,16.26018,36.448627
20001_0310_1,13,45833919,2024-05-27,10,10:00,14.920721054077148,16.664099,6.438976,26.260906
20001_0310_1,13,45833919,2024-05-27,11,11:00,14.141337394714355,19.785118,9.788133,29.445503
20001_0310_1,13,45833919,2024-05-27,12,12:00,33.78474426269531,31.18273,21.223143,40.966537
20001_0310_1,13,45833919,2024-05-27,13,13:00,26.530170440673828,25.348347,15.534623,35.02743
20001_0310_1,13,45833919,2024-05-27,14,14:00,15.63580322265625,19.009071,9.378605,28.527336
20001_0310_1,13,45833919,2024-05-27,15,15:00,22.53283945719401,22.19928,12.699713,31.265007
20001_0310_1,13,45833919,2024-05-27,16,16:00,25.729042053222656,24.196432,14.622066,33.23224
20001_0310_1,13,45833919,2024-05-27,17,17:00,74.94791158040364,34.414074,24.390911,43.240444
20001_0310_1,13,45833919,2024-05-27,18,18:00,45.88093566894531,40.876774,30.97329,50.032265
20001_0310_1,13,45833919,2024-05-27,19,19:00,22.618916829427082,23.994473,15.123224,32.8358
20001_0310_1,13,45833919,2024-05-27,20,20:00,24.010111490885418,16.32002,8.308968,24.390911
20001_0310_1,13,45833919,2024-05-27,21,21:00,12.990338325500488,18.85947,12.101316,25.69991
20001_0310_1,13,45833919,2024-05-27,22,22:00,20.024169921875,18.332132,12.748331,24.51433
20001_0310_1,13,45833919,2024-05-27,23,23:00,,1.7415509,0.0,7.1271324
20001_0310_1,13,45833919,2024-05-28,0,00:00,,0.0,0.0,4.708182
20001_0310_1,13,45833919,2024-05-28,1,01:00,,0.0,0.0,4.19
20001_0310_1,13,45833919,2024-05-28,2,02:00,,0.47128,0.0,5.1349216
20001_0310_1,13,45833919,2024-05-28,3,03:00,,0.0,0.0,5.2873263
20001_0310_1,13,45833919,2024-05-28,4,04:00,,0.34935403,0.0,7.8172755
20001_0310_1,13,45833919,2024-05-28,5,05:00,33.76570129394531,26.106062,17.910398,35.463825
20001_0310_1,13,45833919,2024-05-28,6,06:00,29.98128890991211,35.433342,25.435474,46.376133
20001_0310_1,13,45833919,2024-05-28,7,07:00,55.03380330403646,39.06062,28.30072,50.46063
20001_0310_1,13,45833919,2024-05-28,8,08:00,41.406072998046874,32.35473,21.594828,43.29752
20001_0310_1,13,45833919,2024-05-28,9,09:00,17.98917007446289,28.36168,18.230453,38.999653
20001_0310_1,13,45833919,2024-05-28,10,10:00,24.054304122924805,17.990414,7.729641,28.60934
20001_0310_1,13,45833919,2024-05-28,11,11:00,15.145373026529947,18.36762,8.316409,29.348515
20001_0310_1,13,45833919,2024-05-28,12,12:00,24.949630737304688,31.440292,21.22143,42.505005
20001_0310_1,13,45833919,2024-05-28,13,13:00,29.946935017903645,24.703924,14.721293,35.84484
20001_0310_1,13,45833919,2024-05-28,14,14:00,17.714048385620117,19.947886,9.858571,30.738268
20001_0310_1,13,45833919,2024-05-28,15,15:00,32.36239115397135,22.181593,12.206584,32.5681
20001_0310_1,13,45833919,2024-05-28,16,16:00,33.59034729003906,26.852854,16.77878,37.399384
20001_0310_1,13,45833919,2024-05-28,17,17:00,53.07815170288086,38.694843,28.117832,48.997524
20001_0310_1,13,45833919,2024-05-28,18,18:00,67.69609069824219,41.8649,31.257402,52.53336
20001_0310_1,13,45833919,2024-05-28,19,19:00,23.568182373046874,23.941889,14.218351,34.18361
20001_0310_1,13,45833919,2024-05-28,20,20:00,19.71511459350586,16.99215,7.885858,26.388014
20001_0310_1,13,45833919,2024-05-28,21,21:00,31.71877098083496,18.074236,10.229108,26.048908
20001_0310_1,13,45833919,2024-05-28,22,22:00,12.810593605041504,16.999771,10.194818,24.231462
20001_0310_1,13,45833919,2024-05-28,23,23:00,,0.8980179,0.0,7.0247626
20001_0310_1,13,45833919,2024-05-29,0,00:00,,0.3132697,0.0,5.1521606
20001_0310_1,13,45833919,2024-05-29,1,01:00,,0.0,0.0,3.973456
20001_0310_1,13,45833919,2024-05-29,2,02:00,,0.0,0.0,4.345679
20001_0310_1,13,45833919,2024-05-29,3,03:00,,0.06512067,0.0,6.175771
20001_0310_1,13,45833919,2024-05-29,4,04:00,,0.93363965,0.0,9.184569
20001_0310_1,13,45833919,2024-05-29,5,05:00,22.16253407796224,29.377634,19.878208,40.172085
20001_0310_1,13,45833919,2024-05-29,6,06:00,36.486541748046875,37.41143,25.872538,50.004955
20001_0310_1,13,45833919,2024-05-29,7,07:00,39.47835159301758,44.0494,31.766062,57.263294
20001_0310_1,13,45833919,2024-05-29,8,08:00,40.295379638671875,32.975784,21.11507,45.755417
20001_0310_1,13,45833919,2024-05-29,9,09:00,50.13277689615885,31.828096,20.581942,44.173473
20001_0310_1,13,45833919,2024-05-29,10,10:00,15.839085896809896,18.670422,7.632187,30.927103
20001_0310_1,13,45833919,2024-05-29,11,11:00,29.55821990966797,20.75254,9.849529,33.51667
20001_0310_1,13,45833919,2024-05-29,12,12:00,25.264259338378906,33.37903,22.324797,46.53088
20001_0310_1,13,45833919,2024-05-29,13,13:00,25.060903549194336,26.648,15.527859,39.629257
20001_0310_1,13,45833919,2024-05-29,14,14:00,23.380345662434895,20.98712,9.921257,33.371265
20001_0310_1,13,45833919,2024-05-29,15,15:00,24.073343912760418,25.143604,14.209572,37.209816
20001_0310_1,13,45833919,2024-05-29,16,16:00,32.25702921549479,28.664207,17.365705,40.63736
20001_0310_1,13,45833919,2024-05-29,17,17:00,51.49925231933594,42.374397,30.401241,54.223476
20001_0310_1,13,45833919,2024-05-29,18,18:00,34.340599060058594,44.85588,33.0068,56.95311
20001_0310_1,13,45833919,2024-05-29,19,19:00,20.22254689534505,26.260271,15.527861,37.954258
20001_0310_1,13,45833919,2024-05-29,20,20:00,16.11574935913086,17.978323,8.207487,28.214441
20001_0310_1,13,45833919,2024-05-29,21,21:00,10.108631134033203,20.137503,12.044574,29.011711
20001_0310_1,13,45833919,2024-05-29,22,22:00,19.917747497558594,17.23388,10.448576,25.058304
20001_0310_1,13,45833919,2024-05-29,23,23:00,,0.12715837,0.0,6.64105
20001_0310_1,13,45833919,2024-05-30,0,00:00,,0.0,0.0,4.640295
20001_0310_1,13,45833919,2024-05-30,1,01:00,,0.61159605,0.0,5.015059
20001_0310_1,13,45833919,2024-05-30,2,02:00,,0.0,0.0,4.0156918
20001_0310_1,13,45833919,2024-05-30,3,03:00,,0.0,0.0,6.2330384
20001_0310_1,13,45833919,2024-05-30,4,04:00,,0.0,0.0,8.04439
20001_0310_1,13,45833919,2024-05-30,5,05:00,,27.688208,18.139563,37.93172
20001_0310_1,13,45833919,2024-05-30,6,06:00,,36.089134,24.487108,47.67555
20001_0310_1,13,45833919,2024-05-30,7,07:00,,40.71121,28.625113,52.76608
20001_0310_1,13,45833919,2024-05-30,8,08:00,,31.904287,20.103165,43.615623
20001_0310_1,13,45833919,2024-05-30,9,09:00,,30.904919,20.027039,42.17903
20001_0310_1,13,45833919,2024-05-30,10,10:00,,17.280731,7.005984,28.429922
20001_0310_1,13,45833919,2024-05-30,11,11:00,,19.607384,9.7318,30.812204
20001_0310_1,13,45833919,2024-05-30,12,12:00,,30.87369,21.145473,42.241493
20001_0310_1,13,45833919,2024-05-30,13,13:00,,24.565184,15.071194,36.073517
20001_0310_1,13,45833919,2024-05-30,14,14:00,,20.403755,10.668463,31.592714
20001_0310_1,13,45833919,2024-05-30,15,15:00,,23.003672,13.150532,34.02794
20001_0310_1,13,45833919,2024-05-30,16,16:00,,26.84499,16.710781,37.97857
20001_0310_1,13,45833919,2024-05-30,17,17:00,,40.08661,29.280949,50.829807
20001_0310_1,13,45833919,2024-05-30,18,18:00,,43.084713,32.46643,53.890366
20001_0310_1,13,45833919,2024-05-30,19,19:00,,24.00304,14.235785,34.17629
20001_0310_1,13,45833919,2024-05-30,20,20:00,,16.866932,8.223965,25.806585
20001_0310_1,13,45833919,2024-05-30,21,21:00,,18.557268,11.233778,26.114986
20001_0310_1,13,45833919,2024-05-30,22,22:00,,17.507153,11.292334,24.299726
20001_0310_1,13,45833919,2024-05-30,23,23:00,,1.4235821,0.0,7.4822474
20001_0310_1,13,45833919,2024-05-31,0,00:00,,0.35174313,0.0,4.464657
20001_0310_1,13,45833919,2024-05-31,1,01:00,,0.35174313,0.0,3.7425416
20001_0310_1,13,45833919,2024-05-31,2,02:00,,0.2889505,0.0,4.18209
20001_0310_1,13,45833919,2024-05-31,3,03:00,,0.100572616,0.0,5.02979
20001_0310_1,13,45833919,2024-05-31,4,04:00,,0.0,0.0,6.6623964
20001_0310_1,13,45833919,2024-05-31,5,05:00,,28.168854,19.309216,36.944122
20001_0310_1,13,45833919,2024-05-31,6,06:00,,36.17491,25.586508,47.006626
20001_0310_1,13,45833919,2024-05-31,7,07:00,,43.61583,32.43875,55.10687
20001_0310_1,13,45833919,2024-05-31,8,08:00,,31.90501,20.879026,42.862316
20001_0310_1,13,45833919,2024-05-31,9,09:00,,30.39799,20.143177,40.601784
20001_0310_1,13,45833919,2024-05-31,10,10:00,,18.687174,9.236893,28.702589
20001_0310_1,13,45833919,2024-05-31,11,11:00,,21.791481,12.761125,31.83437
20001_0310_1,13,45833919,2024-05-31,12,12:00,,32.030598,22.94922,41.98322
20001_0310_1,13,45833919,2024-05-31,13,13:00,,26.567642,17.682493,36.88133
20001_0310_1,13,45833919,2024-05-31,14,14:00,,22.917824,13.781504,33.153015
20001_0310_1,13,45833919,2024-05-31,15,15:00,,25.31179,15.830114,35.84525
20001_0310_1,13,45833919,2024-05-31,16,16:00,,28.561306,18.447777,39.393024
20001_0310_1,13,45833919,2024-05-31,17,17:00,,43.050694,31.873611,53.851017
20001_0310_1,13,45833919,2024-05-31,18,18:00,,44.557716,33.569016,55.672
20001_0310_1,13,45833919,2024-05-31,19,19:00,,25.453075,15.312075,35.782455
20001_0310_1,13,45833919,2024-05-31,20,20:00,,17.19585,8.255759,26.08885
20001_0310_1,13,45833919,2024-05-31,21,21:00,,19.158117,11.630857,26.638283
20001_0310_1,13,45833919,2024-05-31,22,22:00,,18.616531,12.321578,24.997828
20001_0310_1,13,45833919,2024-05-31,23,23:00,,1.9215571,0.0,7.478699
20001_0310_1,14,44164980,2024-05-01,0,00:00,,0.043956906,0.0,7.838333
20001_0310_1,14,44164980,2024-05-01,1,01:00,,0.18763146,0.0,7.263633
20001_0310_1,14,44164980,2024-05-01,2,02:00,,1.3370332,0.0,8.736302
20001_0310_1,14,44164980,2024-05-01,3,03:00,,0.9060074,0.0,9.562434
20001_0310_1,14,44164980,2024-05-01,4,04:00,,2.5582721,0.0,13.26207
20001_0310_1,14,44164980,2024-05-01,5,05:00,,31.275341,20.903793,44.673046
20001_0310_1,14,44164980,2024-05-01,6,06:00,,39.77013,27.207537,54.963776
20001_0310_1,14,44164980,2024-05-01,7,07:00,,55.28705,42.06893,70.94764
20001_0310_1,14,44164980,2024-05-01,8,08:00,,29.78471,17.177216,44.565285
20001_0310_1,14,44164980,2024-05-01,9,09:00,,30.287577,18.694788,44.493454
20001_0310_1,14,44164980,2024-05-01,10,10:00,,22.825449,11.416741,36.703564
20001_0310_1,14,44164980,2024-05-01,11,11:00,,24.908735,13.675135,39.24931
20001_0310_1,14,44164980,2024-05-01,12,12:00,,31.652489,19.871128,46.63062
20001_0310_1,14,44164980,2024-05-01,13,13:00,,29.85655,17.500488,45.373466
20001_0310_1,14,44164980,2024-05-01,14,14:00,,25.759563,13.125131,41.213623
20001_0310_1,14,44164980,2024-05-01,15,15:00,,32.10147,19.152752,47.60043
20001_0310_1,14,44164980,2024-05-01,16,16:00,,35.280285,22.012783,51.192307
20001_0310_1,14,44164980,2024-05-01,17,17:00,,48.031452,34.130882,64.05123
20001_0310_1,14,44164980,2024-05-01,18,18:00,,53.993973,39.98565,70.44478
20001_0310_1,14,44164980,2024-05-01,19,19:00,,34.597828,21.406656,50.366173
20001_0310_1,14,44164980,2024-05-01,20,20:00,,19.898067,7.739558,34.391296
20001_0310_1,14,44164980,2024-05-01,21,21:00,,20.894812,10.765714,33.37659
20001_0310_1,14,44164980,2024-05-01,22,22:00,,22.376463,13.531461,33.448425
20001_0310_1,14,44164980,2024-05-01,23,23:00,,2.7737849,0.0,12.292263
20001_0310_1,14,44164980,2024-05-02,0,00:00,,0.0,0.0,5.362086
20001_0310_1,14,44164980,2024-05-02,1,01:00,,0.0,0.0,4.8933473
20001_0310_1,14,44164980,2024-05-02,2,02:00,,0.0,0.0,4.5327744
20001_0310_1,14,44164980,2024-05-02,3,03:00,,0.0,0.0,6.1914
20001_0310_1,14,44164980,2024-05-02,4,04:00,,0.63861376,0.0,8.715394
20001_0310_1,14,44164980,2024-05-02,5,05:00,,30.439768,21.32635,40.409546
20001_0310_1,14,44164980,2024-05-02,6,06:00,,39.976864,29.114672,51.190598
20001_0310_1,14,44164980,2024-05-02,7,07:00,,56.88762,45.5657,68.209526
20001_0310_1,14,44164980,2024-05-02,8,08:00,,29.2589,18.495867,39.913757
20001_0310_1,14,44164980,2024-05-02,9,09:00,,31.142881,21.357897,41.22083
20001_0310_1,14,44164980,2024-05-02,10,10:00,,23.167513,13.7431,33.249966
20001_0310_1,14,44164980,2024-05-02,11,11:00,,23.762453,14.716641,34.223507
20001_0310_1,14,44164980,2024-05-02,12,12:00,,34.243786,24.932055,45.385418
20001_0310_1,14,44164980,2024-05-02,13,13:00,,30.602026,20.974794,42.42874
20001_0310_1,14,44164980,2024-05-02,14,14:00,,26.946743,16.778654,38.84557
20001_0310_1,14,44164980,2024-05-02,15,15:00,,32.350792,21.74551,44.267647
20001_0310_1,14,44164980,2024-05-02,16,16:00,,34.49619,23.688082,46.66544
20001_0310_1,14,44164980,2024-05-02,17,17:00,,46.863758,35.325497,58.834698
20001_0310_1,14,44164980,2024-05-02,18,18:00,,54.219395,42.392673,66.19033
20001_0310_1,14,44164980,2024-05-02,19,19:00,,34.640415,23.74893,46.3229
20001_0310_1,14,44164980,2024-05-02,20,20:00,,20.316751,10.346974,30.881468
20001_0310_1,14,44164980,2024-05-02,21,21:00,,20.875635,12.330112,29.925953
20001_0310_1,14,44164980,2024-05-02,22,22:00,,22.633415,15.201156,30.795832
20001_0310_1,14,44164980,2024-05-02,23,23:00,,1.431869,0.0,8.571167
20001_0310_1,14,44164980,2024-05-03,0,00:00,,0.6925981,0.0,5.605547
20001_0310_1,14,44164980,2024-05-03,1,01:00,,0.04235509,0.0,4.30506
20001_0310_1,14,44164980,2024-05-03,2,02:00,,0.0,0.0,4.1605616
20001_0310_1,14,44164980,2024-05-03,3,03:00,,0.0,0.0,5.605546
20001_0310_1,14,44164980,2024-05-03,4,04:00,,0.0,0.0,7.6646514
20001_0310_1,14,44164980,2024-05-03,5,05:00,,32.969948,22.986004,42.813904
20001_0310_1,14,44164980,2024-05-03,6,06:00,,39.671066,27.722847,51.339317
20001_0310_1,14,44164980,2024-05-03,7,07:00,,57.263756,44.909134,69.184875
20001_0310_1,14,44164980,2024-05-03,8,08:00,,31.615274,19.910896,42.705532
20001_0310_1,14,44164980,2024-05-03,9,09:00,,31.290152,20.795952,41.621796
20001_0310_1,14,44164980,2024-05-03,10,10:00,,22.99052,13.232357,32.920277
20001_0310_1,14,44164980,2024-05-03,11,11:00,,25.383776,16.122326,35.647686
20001_0310_1,14,44164980,2024-05-03,12,12:00,,33.855,24.11942,44.47564
20001_0310_1,14,44164980,2024-05-03,13,13:00,,31.88621,22.227386,42.976467
20001_0310_1,14,44164980,2024-05-03,14,14:00,,27.271288,16.97577,38.253174
20001_0310_1,14,44164980,2024-05-03,15,15:00,,32.536453,22.141592,43.518337
20001_0310_1,14,44164980,2024-05-03,16,16:00,,34.902615,24.103611,46.029
20001_0310_1,14,44164980,2024-05-03,17,17:00,,46.065125,34.25237,56.83026
20001_0310_1,14,44164980,2024-05-03,18,18:00,,54.301533,42.56103,65.13892
20001_0310_1,14,44164980,2024-05-03,19,19:00,,34.143997,23.48949,44.836887
20001_0310_1,14,44164980,2024-05-03,20,20:00,,20.669516,10.961021,30.161257
20001_0310_1,14,44164980,2024-05-03,21,21:00,,20.723701,12.415037,28.942053
20001_0310_1,14,44164980,2024-05-03,22,22:00,,23.09438,15.941706,30.319305
20001_0310_1,14,44164980,2024-05-03,23,23:00,,0.9815944,0.0,7.231154
20001_0310_1,14,44164980,2024-05-04,0,00:00,,0.921582,0.0,5.3210235
20001_0310_1,14,44164980,2024-05-04,1,01:00,,0.27248424,0.0,3.7343392
20001_0310_1,14,44164980,2024-05-04,2,02:00,,0.20036313,0.0,3.950705
20001_0310_1,14,44164980,2024-05-04,3,03:00,,0.0,0.0,4.0949473
20001_0310_1,14,44164980,2024-05-04,4,04:00,,0.7773386,0.0,7.124073
20001_0310_1,14,44164980,2024-05-04,5,05:00,,30.36538,22.337305,38.58728
20001_0310_1,14,44164980,2024-05-04,6,06:00,,40.083817,30.347351,49.92847
20001_0310_1,14,44164980,2024-05-04,7,07:00,,55.590042,45.420845,65.75925
20001_0310_1,14,44164980,2024-05-04,8,08:00,,30.36538,20.899372,39.86745
20001_0310_1,14,44164980,2024-05-04,9,09:00,,30.834175,22.41844,39.66911
20001_0310_1,14,44164980,2024-05-04,10,10:00,,22.585222,14.802808,31.012224
20001_0310_1,14,44164980,2024-05-04,11,11:00,,24.452507,17.053806,33.064884
20001_0310_1,14,44164980,2024-05-04,12,12:00,,33.91739,26.306265,43.00476
20001_0310_1,14,44164980,2024-05-04,13,13:00,,31.321,23.455194,41.0214
20001_0310_1,14,44164980,2024-05-04,14,14:00,,26.322042,17.71248,36.229797
20001_0310_1,14,44164980,2024-05-04,15,15:00,,31.284935,21.882032,41.688526
20001_0310_1,14,44164980,2024-05-04,16,16:00,,34.007538,23.658037,45.078262
20001_0310_1,14,44164980,2024-05-04,17,17:00,,45.637203,33.77314,56.743988
20001_0310_1,14,44164980,2024-05-04,18,18:00,,53.137894,41.165646,64.74953
20001_0310_1,14,44164980,2024-05-04,19,19:00,,33.6289,22.576206,44.934017
20001_0310_1,14,44164980,2024-05-04,20,20:00,,18.843895,8.927123,28.940971
20001_0310_1,14,44164980,2024-05-04,21,21:00,,20.322393,12.046397,28.959002
20001_0310_1,14,44164980,2024-05-04,22,22:00,,22.657343,15.6705265,30.076893
20001_0310_1,14,44164980,2024-05-04,23,23:00,,1.7149241,0.0,7.953476
20001_0310_1,14,44164980,2024-05-05,0,00:00,,0.0,0.0,3.7174857
20001_0310_1,14,44164980,2024-05-05,1,01:00,,0.0,0.0,2.779954
20001_0310_1,14,44164980,2024-05-05,2,02:00,,0.0,0.0,3.3568983
20001_0310_1,14,44164980,2024-05-05,3,03:00,,0.0,0.0,3.5011332
20001_0310_1,14,44164980,2024-05-05,4,04:00,,0.54429954,0.0,7.431557
20001_0310_1,14,44164980,2024-05-05,5,05:00,,29.788105,21.102406,38.61353
20001_0310_1,14,44164980,2024-05-05,6,06:00,,38.117714,27.597519,48.7551
20001_0310_1,14,44164980,2024-05-05,7,07:00,18.363636016845703,51.098934,40.0649,61.988735
20001_0310_1,14,44164980,2024-05-05,8,08:00,,26.885357,16.184866,36.82861
20001_0310_1,14,44164980,2024-05-05,9,09:00,,29.87825,20.151348,39.253574
20001_0310_1,14,44164980,2024-05-05,10,10:00,4.0,22.625896,13.1401415,31.764584
20001_0310_1,14,44164980,2024-05-05,11,11:00,,23.480042,14.321068,32.963543
20001_0310_1,14,44164980,2024-05-05,12,12:00,,30.130665,20.809425,39.992783
20001_0310_1,14,44164980,2024-05-05,13,13:00,,29.445545,19.745686,39.992783
20001_0310_1,14,44164980,2024-05-05,14,14:00,,23.507084,13.129998,34.242508
20001_0310_1,14,44164980,2024-05-05,15,15:00,,27.173832,16.401218,38.451263
20001_0310_1,14,44164980,2024-05-05,16,16:00,,28.18348,16.581516,40.236183
20001_0310_1,14,44164980,2024-05-05,17,17:00,,35.088768,22.492928,47.529102
20001_0310_1,14,44164980,2024-05-05,18,18:00,,50.521996,37.648956,63.28687
20001_0310_1,14,44164980,2024-05-05,19,19:00,,30.996078,19.02451,43.14794
20001_0310_1,14,44164980,2024-05-05,20,20:00,,17.437916,6.5120544,28.435894
20001_0310_1,14,44164980,2024-05-05,21,21:00,,19.871891,10.866172,29.07594
20001_0310_1,14,44164980,2024-05-05,22,22:00,,21.287205,13.678767,29.202145
20001_0310_1,14,44164980,2024-05-05,23,23:00,,1.9866571,0.0,8.946034
20001_0310_1,14,44164980,2024-05-06,0,00:00,,0.0,0.0,4.5785403
20001_0310_1,14,44164980,2024-05-06,1,01:00,,0.0,0.0,3.8694735
20001_0310_1,14,44164980,2024-05-06,2,02:00,,0.0,0.0,3.7276604
20001_0310_1,14,44164980,2024-05-06,3,03:00,,0.0,0.0,4.1531005
20001_0310_1,14,44164980,2024-05-06,4,04:00,,0.0,0.0,6.493022
20001_0310_1,14,44164980,2024-05-06,5,05:00,24.513839721679688,26.608381,17.80265,36.007957
20001_0310_1,14,44164980,2024-05-06,6,06:00,41.462303161621094,39.039223,28.075264,49.852497
20001_0310_1,14,44164980,2024-05-06,7,07:00,54.685367584228516,46.413525,34.713913,57.19135
20001_0310_1,14,44164980,2024-05-06,8,08:00,37.34430694580078,31.11539,19.95644,41.36142
20001_0310_1,14,44164980,2024-05-06,9,09:00,24.636021931966145,30.05179,19.601908,39.712837
20001_0310_1,14,44164980,2024-05-06,10,10:00,18.559187571207683,17.00495,6.77665,26.683722
20001_0310_1,14,44164980,2024-05-06,11,11:00,25.328615188598633,23.4907,13.179308,33.370007
20001_0310_1,14,44164980,2024-05-06,12,12:00,34.54423268636068,31.966274,21.609455,42.194572
20001_0310_1,14,44164980,2024-05-06,13,13:00,25.20858383178711,29.413631,18.61808,39.996468
20001_0310_1,14,44164980,2024-05-06,14,14:00,15.531852722167969,21.791155,10.5435705,32.436028
20001_0310_1,14,44164980,2024-05-06,15,15:00,19.808080037434895,28.367756,16.898588,39.021496
20001_0310_1,14,44164980,2024-05-06,16,16:00,35.22441101074219,32.001724,20.071665,43.25817
20001_0310_1,14,44164980,2024-05-06,17,17:00,42.272891998291016,44.10905,31.38129,55.312317
20001_0310_1,14,44164980,2024-05-06,18,18:00,56.705963134765625,52.156967,39.181034,64.21111
20001_0310_1,14,44164980,2024-05-06,19,19:00,37.97149658203125,31.948545,19.991894,43.59498
20001_0310_1,14,44164980,2024-05-06,20,20:00,18.02102533976237,18.38763,7.25527,29.147732
20001_0310_1,14,44164980,2024-05-06,21,21:00,9.583333969116211,20.594603,11.243775,29.856798
20001_0310_1,14,44164980,2024-05-06,22,22:00,18.060941696166992,21.977285,14.208563,30.268942
20001_0310_1,14,44164980,2024-05-06,23,23:00,,1.1750164,0.0,8.407505
20001_0310_1,14,44164980,2024-05-07,0,00:00,,0.0,0.0,4.4907265
20001_0310_1,14,44164980,2024-05-07,1,01:00,,0.0,0.0,4.205766
20001_0310_1,14,44164980,2024-05-07,2,02:00,,0.0,0.0,4.419486
20001_0310_1,14,44164980,2024-05-07,3,03:00,,0.0,0.0,5.666185
20001_0310_1,14,44164980,2024-05-07,4,04:00,,0.715014,0.0,8.551398
20001_0310_1,14,44164980,2024-05-07,5,05:00,28.502232869466145,32.701706,23.556288,42.372517
20001_0310_1,14,44164980,2024-05-07,6,06:00,35.388407389322914,40.78743,29.852114,51.865227
20001_0310_1,14,44164980,2024-05-07,7,07:00,59.992332458496094,51.793983,40.50247,63.04988
20001_0310_1,14,44164980,2024-05-07,8,08:00,39.68511962890625,33.699066,22.754843,44.1357
20001_0310_1,14,44164980,2024-05-07,9,09:00,32.162689208984375,31.294718,21.365665,41.30392
20001_0310_1,14,44164980,2024-05-07,10,10:00,20.043155670166016,20.181305,10.27006,29.70073
20001_0310_1,14,44164980,2024-05-07,11,11:00,16.74405860900879,25.328384,15.960341,34.92795
20001_0310_1,14,44164980,2024-05-07,12,12:00,30.702603658040363,32.968857,23.569647,42.586235
20001_0310_1,14,44164980,2024-05-07,13,13:00,31.31212870279948,29.923351,20.564217,39.665398
20001_0310_1,14,44164980,2024-05-07,14,14:00,21.89196268717448,23.278011,13.728532,32.78519
20001_0310_1,14,44164980,2024-05-07,15,15:00,23.14742660522461,28.925995,19.219564,38.044697
20001_0310_1,14,44164980,2024-05-07,16,16:00,30.939132690429688,33.984024,23.997087,43.530163
20001_0310_1,14,44164980,2024-05-07,17,17:00,50.33972930908203,49.22935,38.507755,58.704254
20001_0310_1,14,44164980,2024-05-07,18,18:00,45.30850830078125,54.429855,43.6014,64.54591
20001_0310_1,14,44164980,2024-05-07,19,19:00,31.027568817138672,33.627827,23.52958,43.547977
20001_0310_1,14,44164980,2024-05-07,20,20:00,12.650198364257813,19.353138,9.8515215,28.516361
20001_0310_1,14,44164980,2024-05-07,21,21:00,25.266826629638672,20.216923,11.93529,28.008783
20001_0310_1,14,44164980,2024-05-07,22,22:00,14.36111068725586,22.679152,15.323635,29.696276
20001_0310_1,14,44164980,2024-05-07,23,23:00,,1.4274127,0.0,7.554039
20001_0310_1,14,44164980,2024-05-08,0,00:00,,0.0,0.0,4.952959
20001_0310_1,14,44164980,2024-05-08,1,01:00,,0.0,0.0,4.104377
20001_0310_1,14,44164980,2024-05-08,2,02:00,,0.0,0.0,3.680086
20001_0310_1,14,44164980,2024-05-08,3,03:00,,0.0,0.0,5.0943894
20001_0310_1,14,44164980,2024-05-08,4,04:00,,0.0,0.0,7.321917
20001_0310_1,14,44164980,2024-05-08,5,05:00,31.142108917236328,29.614878,20.96111,38.84321
20001_0310_1,14,44164980,2024-05-08,6,06:00,45.16657638549805,39.95697,29.261295,50.13995
20001_0310_1,14,44164980,2024-05-08,7,07:00,47.63111114501953,51.271397,40.275192,61.525097
20001_0310_1,14,44164980,2024-05-08,8,08:00,28.71988296508789,33.66332,23.303547,43.563446
20001_0310_1,14,44164980,2024-05-08,9,09:00,23.683170318603516,29.473446,20.1302,38.754814
20001_0310_1,14,44164980,2024-05-08,10,10:00,18.401776631673176,19.502605,10.48642,28.342001
20001_0310_1,14,44164980,2024-05-08,11,11:00,16.66425323486328,23.680326,15.006667,32.54403
20001_0310_1,14,44164980,2024-05-08,12,12:00,22.607986450195312,31.418114,22.640594,40.6818
20001_0310_1,14,44164980,2024-05-08,13,13:00,42.14241409301758,29.756306,20.837355,39.355892
20001_0310_1,14,44164980,2024-05-08,14,14:00,22.824915568033855,23.349401,14.016105,32.914734
20001_0310_1,14,44164980,2024-05-08,15,15:00,27.102386474609375,28.014946,18.477236,37.40239
20001_0310_1,14,44164980,2024-05-08,16,16:00,44.70157241821289,33.026886,23.095821,42.60879
20001_0310_1,14,44164980,2024-05-08,17,17:00,27.1823673248291,47.947784,37.163723,57.70648
20001_0310_1,14,44164980,2024-05-08,18,18:00,52.473291015625,52.61499,41.866283,62.72726
20001_0310_1,14,44164980,2024-05-08,19,19:00,26.2789306640625,32.973846,23.2262,42.927006
20001_0310_1,14,44164980,2024-05-08,20,20:00,19.181746164957683,18.035267,9.142835,27.157524
20001_0310_1,14,44164980,2024-05-08,21,21:00,22.001466751098633,19.705912,12.2454605,27.572975
20001_0310_1,14,44164980,2024-05-08,22,22:00,28.454545974731445,20.33351,13.854232,27.387348
20001_0310_1,14,44164980,2024-05-08,23,23:00,,0.35647175,0.0,6.40262
20001_0310_1,14,44164980,2024-05-09,0,00:00,,0.0,0.0,4.7891755
20001_0310_1,14,44164980,2024-05-09,1,01:00,,0.0,0.0,3.747388
20001_0310_1,14,44164980,2024-05-09,2,02:00,,0.0,0.0,4.2335544
20001_0310_1,14,44164980,2024-05-09,3,03:00,,0.0,0.0,4.7891746
20001_0310_1,14,44164980,2024-05-09,4,04:00,,0.89983666,0.0,7.393644
20001_0310_1,14,44164980,2024-05-09,5,05:00,27.0697021484375,29.305902,21.162601,37.379753
20001_0310_1,14,44164980,2024-05-09,6,06:00,32.08186721801758,38.404175,28.85446,47.467728
20001_0310_1,14,44164980,2024-05-09,7,07:00,61.865745544433594,50.280552,40.696114,59.309376
20001_0310_1,14,44164980,2024-05-09,8,08:00,24.80974578857422,31.563108,22.590714,40.105762
20001_0310_1,14,44164980,2024-05-09,9,09:00,18.30108896891276,27.647724,19.469692,35.652126
20001_0310_1,14,44164980,2024-05-09,10,10:00,23.938034057617188,19.296062,11.543429,27.135511
20001_0310_1,14,44164980,2024-05-09,11,11:00,18.073485056559246,22.474598,14.915131,30.507212
20001_0310_1,14,44164980,2024-05-09,12,12:00,25.66836166381836,30.6255,22.90759,39.202877
20001_0310_1,14,44164980,2024-05-09,13,13:00,42.01795959472656,30.434504,22.317244,39.46333
20001_0310_1,14,44164980,2024-05-09,14,14:00,26.936386108398438,24.34005,15.984049,33.503437
20001_0310_1,14,44164980,2024-05-09,15,15:00,28.204320907592773,28.038393,19.330786,37.466564
20001_0310_1,14,44164980,2024-05-09,16,16:00,32.622398376464844,32.674347,23.66723,42.36297
20001_0310_1,14,44164980,2024-05-09,17,17:00,53.68146260579427,41.946255,32.084003,51.94741
20001_0310_1,14,44164980,2024-05-09,18,18:00,64.51788330078125,51.461246,41.529545,61.601307
20001_0310_1,14,44164980,2024-05-09,19,19:00,39.92752685546875,32.4139,22.91627,42.293518
20001_0310_1,14,44164980,2024-05-09,20,20:00,20.463441212972004,18.78385,10.119653,27.847399
20001_0310_1,14,44164980,2024-05-09,21,21:00,9.684523582458496,20.077404,12.472358,27.925535
20001_0310_1,14,44164980,2024-05-09,22,22:00,19.730998992919922,21.601017,14.994348,28.554945
20001_0310_1,14,44164980,2024-05-09,23,23:00,,1.9416233,0.0,8.122894
20001_0310_1,14,44164980,2024-05-10,0,00:00,,0.0,0.0,4.562544
20001_0310_1,14,44164980,2024-05-10,1,01:00,,0.064145595,0.0,3.9491272
20001_0310_1,14,44164980,2024-05-10,2,02:00,,0.0,0.0,3.9491253
20001_0310_1,14,44164980,2024-05-10,3,03:00,,0.0,0.0,4.6988583
20001_0310_1,14,44164980,2024-05-10,4,04:00,,0.06414458,0.0,6.675428
20001_0310_1,14,44164980,2024-05-10,5,05:00,21.880971272786457,28.554005,20.477335,36.79255
20001_0310_1,14,44164980,2024-05-10,6,06:00,41.946004231770836,38.845795,29.474129,48.592323
20001_0310_1,14,44164980,2024-05-10,7,07:00,51.24905904134115,51.318623,41.844723,61.54226
20001_0310_1,14,44164980,2024-05-10,8,08:00,53.57343546549479,29.848995,20.677546,38.96507
20001_0310_1,14,44164980,2024-05-10,9,09:00,41.188323974609375,27.565718,19.318653,35.932053
20001_0310_1,14,44164980,2024-05-10,10,10:00,20.490086873372395,19.054546,11.318664,27.182335
20001_0310_1,14,44164980,2024-05-10,11,11:00,12.42605972290039,22.070517,14.697786,30.47626
20001_0310_1,14,44164980,2024-05-10,12,12:00,31.63348642985026,31.38254,23.80001,40.021503
20001_0310_1,14,44164980,2024-05-10,13,13:00,39.4411875406901,32.50714,24.554008,41.67433
20001_0310_1,14,44164980,2024-05-10,14,14:00,16.570199966430664,25.580631,17.00556,34.7606
20001_0310_1,14,44164980,2024-05-10,15,15:00,39.238372802734375,29.337814,20.507153,38.879875
20001_0310_1,14,44164980,2024-05-10,16,16:00,42.09534708658854,34.074764,24.77978,43.957607
20001_0310_1,14,44164980,2024-05-10,17,17:00,39.0,42.662613,32.43898,52.681774
20001_0310_1,14,44164980,2024-05-10,18,18:00,24.15489451090495,53.49967,43.07156,63.723297
20001_0310_1,14,44164980,2024-05-10,19,19:00,19.696383158365887,34.551865,24.67754,44.605103
20001_0310_1,14,44164980,2024-05-10,20,20:00,17.18572998046875,19.327173,10.338897,28.554005
20001_0310_1,14,44164980,2024-05-10,21,21:00,32.223289489746094,19.506088,11.821325,27.412367
20001_0310_1,14,44164980,2024-05-10,22,22:00,14.566153526306152,20.375097,13.993847,27.403845
20001_0310_1,14,44164980,2024-05-10,23,23:00,,2.517817,0.0,8.583838
20001_0310_1,14,44164980,2024-05-11,0,00:00,,0.015421838,0.0,5.126384
20001_0310_1,14,44164980,2024-05-11,1,01:00,,0.0,0.0,4.240484
20001_0310_1,14,44164980,2024-05-11,2,02:00,,0.0,0.0,4.3767767
20001_0310_1,14,44164980,2024-05-11,3,03:00,,0.0,0.0,5.126384
20001_0310_1,14,44164980,2024-05-11,4,04:00,,0.90132296,0.0,8.295181
20001_0310_1,14,44164980,2024-05-11,5,05:00,,25.029324,16.698458,34.246094
20001_0310_1,14,44164980,2024-05-11,6,06:00,,35.4855,25.361538,46.45703
20001_0310_1,14,44164980,2024-05-11,7,07:00,,38.21134,27.572025,49.72805
20001_0310_1,14,44164980,2024-05-11,8,08:00,,23.40446,13.480676,33.85638
20001_0310_1,14,44164980,2024-05-11,9,09:00,,26.03874,16.992336,35.80068
20001_0310_1,14,44164980,2024-05-11,10,10:00,,16.183098,7.3581696,25.433939
20001_0310_1,14,44164980,2024-05-11,11,11:00,,20.408163,11.813226,30.008251
20001_0310_1,14,44164980,2024-05-11,12,12:00,,29.590857,20.902222,39.2165
20001_0310_1,14,44164980,2024-05-11,13,13:00,,29.948624,20.925644,40.460163
20001_0310_1,14,44164980,2024-05-11,14,14:00,,23.792044,14.104641,33.918137
20001_0310_1,14,44164980,2024-05-11,15,15:00,,26.353914,16.464201,36.839905
20001_0310_1,14,44164980,2024-05-11,16,16:00,,29.33531,18.908945,40.460167
20001_0310_1,14,44164980,2024-05-11,17,17:00,,33.7137,22.250238,45.094112
20001_0310_1,14,44164980,2024-05-11,18,18:00,,45.67335,33.918137,57.73522
20001_0310_1,14,44164980,2024-05-11,19,19:00,,30.27232,19.317825,41.73791
20001_0310_1,14,44164980,2024-05-11,20,20:00,0.0,16.114952,6.3019047,26.86501
20001_0310_1,14,44164980,2024-05-11,21,21:00,,19.420044,11.387311,28.645329
20001_0310_1,14,44164980,2024-05-11,22,22:00,,18.023045,11.395832,26.055777
20001_0310_1,14,44164980,2024-05-11,23,23:00,,0.901322,0.0,8.090741
20001_0310_1,14,44164980,2024-05-12,0,00:00,,0.0,0.0,5.2254286
20001_0310_1,14,44164980,2024-05-12,1,01:00,,0.0,0.0,4.3455577
20001_0310_1,14,44164980,2024-05-12,2,02:00,,0.0,0.0,4.683971
20001_0310_1,14,44164980,2024-05-12,3,03:00,,0.0,0.0,5.1577463
20001_0310_1,14,44164980,2024-05-12,4,04:00,,0.35230666,0.0,8.27113
20001_0310_1,14,44164980,2024-05-12,5,05:00,,25.176884,15.955178,35.210773
20001_0310_1,14,44164980,2024-05-12,6,06:00,,32.805943,21.657408,44.108875
20001_0310_1,14,44164980,2024-05-12,7,07:00,,30.08173,18.190807,41.58771
20001_0310_1,14,44164980,2024-05-12,8,08:00,,20.466623,9.210219,31.173107
20001_0310_1,14,44164980,2024-05-12,9,09:00,,23.142187,12.640866,33.216267
20001_0310_1,14,44164980,2024-05-12,10,10:00,,13.042728,2.805789,22.86934
20001_0310_1,14,44164980,2024-05-12,11,11:00,,19.45562,9.430189,29.447212
20001_0310_1,14,44164980,2024-05-12,12,12:00,,28.795769,18.728033,39.320354
20001_0310_1,14,44164980,2024-05-12,13,13:00,,29.286465,18.88032,40.33559
20001_0310_1,14,44164980,2024-05-12,14,14:00,,22.865112,12.162332,33.989853
20001_0310_1,14,44164980,2024-05-12,15,15:00,,25.073244,14.315999,36.21121
20001_0310_1,14,44164980,2024-05-12,16,16:00,,26.841444,15.656956,38.448948
20001_0310_1,14,44164980,2024-05-12,17,17:00,,27.34906,15.49621,38.84658
20001_0310_1,14,44164980,2024-05-12,18,18:00,,45.970135,33.99038,57.746845
20001_0310_1,14,44164980,2024-05-12,19,19:00,,30.09865,19.277954,41.57079
20001_0310_1,14,44164980,2024-05-12,20,20:00,,15.936143,6.0206947,26.562254
20001_0310_1,14,44164980,2024-05-12,21,21:00,,19.717888,11.367594,29.11726
20001_0310_1,14,44164980,2024-05-12,22,22:00,,18.101974,10.927658,26.697618
20001_0310_1,14,44164980,2024-05-12,23,23:00,,0.5553538,0.0,8.609541
20001_0310_1,14,44164980,2024-05-13,0,00:00,,0.0,0.0,5.4212327
20001_0310_1,14,44164980,2024-05-13,1,01:00,,0.0,0.0,3.9356008
20001_0310_1,14,44164980,2024-05-13,2,02:00,,0.0,0.0,3.6654859
20001_0310_1,14,44164980,2024-05-13,3,03:00,,0.0,0.0,4.340772
20001_0310_1,14,44164980,2024-05-13,4,04:00,,0.0,0.0,7.1094503
20001_0310_1,14,44164980,2024-05-13,5,05:00,23.54852867126465,28.077112,19.500967,36.805195
20001_0310_1,14,44164980,2024-05-13,6,06:00,38.267313639322914,39.860867,29.326393,49.821354
20001_0310_1,14,44164980,2024-05-13,7,07:00,53.83345413208008,50.935577,40.029694,60.794765
20001_0310_1,14,44164980,2024-05-13,8,08:00,37.689019775390626,32.263893,21.83071,41.549088
20001_0310_1,14,44164980,2024-05-13,9,09:00,28.349151611328125,27.756351,18.20104,36.55196
20001_0310_1,14,44164980,2024-05-13,10,10:00,29.47402572631836,17.306284,7.9704423,26.017487
20001_0310_1,14,44164980,2024-05-13,11,11:00,20.49854278564453,20.67006,11.43973,29.672478
20001_0310_1,14,44164980,2024-05-13,12,12:00,43.58865737915039,30.204266,20.602528,39.843987
20001_0310_1,14,44164980,2024-05-13,13,13:00,34.33648173014323,30.339323,20.285988,40.50239
20001_0310_1,14,44164980,2024-05-13,14,14:00,20.20698420206706,20.792452,10.414134,31.128563
20001_0310_1,14,44164980,2024-05-13,15,15:00,24.228303909301758,26.920683,16.43685,37.066868
20001_0310_1,14,44164980,2024-05-13,16,16:00,23.221776326497395,32.635296,21.758959,43.271065
20001_0310_1,14,44164980,2024-05-13,17,17:00,45.736595153808594,37.666187,26.1441,48.369484
20001_0310_1,14,44164980,2024-05-13,18,18:00,48.391703287760414,51.880978,40.434864,63.2258
20001_0310_1,14,44164980,2024-05-13,19,19:00,28.435543823242188,32.09507,21.322134,43.068485
20001_0310_1,14,44164980,2024-05-13,20,20:00,20.183940887451172,16.901112,6.856218,27.005095
20001_0310_1,14,44164980,2024-05-13,21,21:00,18.482812881469727,18.867886,10.409914,27.54532
20001_0310_1,14,44164980,2024-05-13,22,22:00,22.33333396911621,18.20104,11.042996,25.865547
20001_0310_1,14,44164980,2024-05-13,23,23:00,,0.829281,0.0,7.6159153
20001_0310_1,14,44164980,2024-05-14,0,00:00,,0.0,0.0,5.0681663
20001_0310_1,14,44164980,2024-05-14,1,01:00,,0.05729559,0.0,4.8650217
20001_0310_1,14,44164980,2024-05-14,2,02:00,,0.0,0.0,4.526449
20001_0310_1,14,44164980,2024-05-14,3,03:00,,0.0,0.0,4.797307
20001_0310_1,14,44164980,2024-05-14,4,04:00,,1.0730119,0.0,8.453888
20001_0310_1,14,44164980,2024-05-14,5,05:00,32.033154805501304,26.753717,18.551804,35.35345
20001_0310_1,14,44164980,2024-05-14,6,06:00,38.69830576578776,39.873394,30.393368,49.759705
20001_0310_1,14,44164980,2024-05-14,7,07:00,35.908975219726564,52.739143,42.852833,62.354595
20001_0310_1,14,44164980,2024-05-14,8,08:00,26.825839233398437,32.661804,23.16062,41.87097
20001_0310_1,14,44164980,2024-05-14,9,09:00,34.229957580566406,28.41272,19.796055,37.012455
20001_0310_1,14,44164980,2024-05-14,10,10:00,17.401851654052734,20.397024,11.805754,28.90365
20001_0310_1,14,44164980,2024-05-14,11,11:00,18.27654457092285,21.35349,13.181205,29.855888
20001_0310_1,14,44164980,2024-05-14,12,12:00,25.30059560139974,31.510656,22.783957,40.567463
20001_0310_1,14,44164980,2024-05-14,13,13:00,40.99157206217448,33.169662,24.277908,42.61583
20001_0310_1,14,44164980,2024-05-14,14,14:00,27.0517520904541,23.36482,14.136612,32.758087
20001_0310_1,14,44164980,2024-05-14,15,15:00,18.47587013244629,27.566292,18.18784,36.826244
20001_0310_1,14,44164980,2024-05-14,16,16:00,30.899648030598957,33.94838,24.349855,43.733116
20001_0310_1,14,44164980,2024-05-14,17,17:00,41.72904968261719,41.566257,31.205948,51.45257
20001_0310_1,14,44164980,2024-05-14,18,18:00,52.28123779296875,50.639988,40.110394,61.20344
20001_0310_1,14,44164980,2024-05-14,19,19:00,33.71369171142578,31.341372,21.531242,41.82018
20001_0310_1,14,44164980,2024-05-14,20,20:00,14.45368766784668,17.510695,8.030672,27.092289
20001_0310_1,14,44164980,2024-05-14,21,21:00,11.800000190734863,20.655186,12.436345,28.840168
20001_0310_1,14,44164980,2024-05-14,22,22:00,16.33333396911621,20.693275,13.270079,27.964115
20001_0310_1,14,44164980,2024-05-14,23,23:00,,1.2084408,0.0,7.5736
20001_0310_1,14,44164980,2024-05-15,0,00:00,,0.0,0.0,4.1922903
20001_0310_1,14,44164980,2024-05-15,1,01:00,,0.0,0.0,3.247019
20001_0310_1,14,44164980,2024-05-15,2,02:00,,0.0,0.0,3.854693
20001_0310_1,14,44164980,2024-05-15,3,03:00,,0.0,0.0,4.057252
20001_0310_1,14,44164980,2024-05-15,4,04:00,,0.0,0.0,6.42043
20001_0310_1,14,44164980,2024-05-15,5,05:00,26.44548225402832,26.61718,18.573927,34.981144
20001_0310_1,14,44164980,2024-05-15,6,06:00,24.400142669677734,37.98576,28.533043,47.235924
20001_0310_1,14,44164980,2024-05-15,7,07:00,50.55690383911133,46.932083,37.07425,56.249763
20001_0310_1,14,44164980,2024-05-15,8,08:00,36.73570760091146,30.423586,21.067926,39.26863
20001_0310_1,14,44164980,2024-05-15,9,09:00,32.99714279174805,28.533041,19.911654,37.00673
20001_0310_1,14,44164980,2024-05-15,10,10:00,24.65404764811198,19.40948,11.062391,27.672167
20001_0310_1,14,44164980,2024-05-15,11,11:00,17.989334106445312,19.23224,11.23119,27.72281
20001_0310_1,14,44164980,2024-05-15,12,12:00,46.100870768229164,29.258875,20.793627,38.103916
20001_0310_1,14,44164980,2024-05-15,13,13:00,27.29193687438965,33.293163,24.633797,42.374523
20001_0310_1,14,44164980,2024-05-15,14,14:00,19.047618865966797,23.084015,14.268511,31.941721
20001_0310_1,14,44164980,2024-05-15,15,15:00,31.630828857421875,26.912575,18.016891,35.825138
20001_0310_1,14,44164980,2024-05-15,16,16:00,39.03913116455078,32.753006,23.633663,41.61493
20001_0310_1,14,44164980,2024-05-15,17,17:00,43.27160135904948,39.87631,29.98471,48.95767
20001_0310_1,14,44164980,2024-05-15,18,18:00,54.403411865234375,49.7679,39.808784,59.220615
20001_0310_1,14,44164980,2024-05-15,19,19:00,27.07491455078125,29.91719,20.472914,39.30239
20001_0310_1,14,44164980,2024-05-15,20,20:00,18.870223999023438,16.615864,8.007137,25.119091
20001_0310_1,14,44164980,2024-05-15,21,21:00,34.545318603515625,19.49388,12.066743,26.954775
20001_0310_1,14,44164980,2024-05-15,22,22:00,31.421052932739258,18.801805,12.573137,25.444027
20001_0310_1,14,44164980,2024-05-15,23,23:00,,0.27616316,0.0,5.9815555
20001_0310_1,14,44164980,2024-05-16,0,00:00,,0.0,0.0,5.238857
20001_0310_1,14,44164980,2024-05-16,1,01:00,,0.0,0.0,4.7161746
20001_0310_1,14,44164980,2024-05-16,2,02:00,,0.0,0.0,4.520169
20001_0310_1,14,44164980,2024-05-16,3,03:00,,0.0,0.0,5.3695273
20001_0310_1,14,44164980,2024-05-16,4,04:00,,1.3187441,0.0,8.374946
20001_0310_1,14,44164980,2024-05-16,5,05:00,27.88743845621745,27.387487,18.567236,36.093403
20001_0310_1,14,44164980,2024-05-16,6,06:00,45.37747701009115,38.527134,28.073505,48.45809
20001_0310_1,14,44164980,2024-05-16,7,07:00,54.00364685058594,49.01344,38.135128,59.205727
20001_0310_1,14,44164980,2024-05-16,8,08:00,41.01123809814453,32.614304,22.01367,42.283913
20001_0310_1,14,44164980,2024-05-16,9,09:00,23.063986206054686,30.40924,20.498707,39.686836
20001_0310_1,14,44164980,2024-05-16,10,10:00,22.081710815429688,21.827871,12.237889,31.11976
20001_0310_1,14,44164980,2024-05-16,11,11:00,17.21666717529297,22.199463,12.815696,31.762903
20001_0310_1,14,44164980,2024-05-16,12,12:00,34.686571756998696,34.051678,24.26773,44.015297
20001_0310_1,14,44164980,2024-05-16,13,13:00,22.73913319905599,34.443687,24.308565,44.766647
20001_0310_1,14,44164980,2024-05-16,14,14:00,19.83659553527832,25.272263,14.941134,35.57072
20001_0310_1,14,44164980,2024-05-16,15,15:00,14.938179016113281,29.67422,19.359425,40.06251
20001_0310_1,14,44164980,2024-05-16,16,16:00,32.2938346862793,34.99904,24.60666,45.51801
20001_0310_1,14,44164980,2024-05-16,17,17:00,48.42466354370117,41.695896,30.833923,52.214863
20001_0310_1,14,44164980,2024-05-16,18,18:00,43.19129943847656,53.19489,42.283913,63.909863
20001_0310_1,14,44164980,2024-05-16,19,19:00,37.72554931640625,32.744972,22.709896,43.26394
20001_0310_1,14,44164980,2024-05-16,20,20:00,19.169086456298828,19.228756,9.853155,28.686026
20001_0310_1,14,44164980,2024-05-16,21,21:00,29.354957580566406,21.750284,13.587466,30.051937
20001_0310_1,14,44164980,2024-05-16,22,22:00,18.423076629638672,22.189766,15.180524,29.717604
20001_0310_1,14,44164980,2024-05-16,23,23:00,,2.6907833,0.0,9.322306
20001_0310_1,14,44164980,2024-05-17,0,00:00,,0.99086803,0.0,5.9017386
20001_0310_1,14,44164980,2024-05-17,1,01:00,,0.53555554,0.0,4.7634573
20001_0310_1,14,44164980,2024-05-17,2,02:00,,0.0,0.0,4.2431
20001_0310_1,14,44164980,2024-05-17,3,03:00,,0.0,0.0,4.8935466
20001_0310_1,14,44164980,2024-05-17,4,04:00,,0.01519835,0.0,7.105065
20001_0310_1,14,44164980,2024-05-17,5,05:00,28.136571248372395,25.95175,17.365856,34.635212
20001_0310_1,14,44164980,2024-05-17,6,06:00,27.930953979492188,40.277836,30.000782,50.489845
20001_0310_1,14,44164980,2024-05-17,7,07:00,47.25496292114258,49.57922,38.74929,60.37663
20001_0310_1,14,44164980,2024-05-17,8,08:00,35.571502685546875,34.001022,23.329638,43.98538
20001_0310_1,14,44164980,2024-05-17,9,09:00,24.572430928548176,30.94393,21.04495,40.40792
20001_0310_1,14,44164980,2024-05-17,10,10:00,22.871501922607422,21.142513,11.4854145,30.543497
20001_0310_1,14,44164980,2024-05-17,11,11:00,29.568222045898438,20.170908,10.759759,30.045496
20001_0310_1,14,44164980,2024-05-17,12,12:00,27.65359115600586,32.11473,22.571463,42.19665
20001_0310_1,14,44164980,2024-05-17,13,13:00,41.856971740722656,32.635086,22.957664,43.269886
20001_0310_1,14,44164980,2024-05-17,14,14:00,15.918182373046875,25.024866,15.032381,35.488922
20001_0310_1,14,44164980,2024-05-17,15,15:00,38.72209167480469,27.691696,17.642298,38.147617
20001_0310_1,14,44164980,2024-05-17,16,16:00,23.107699076334637,32.407433,22.103952,43.10727
20001_0310_1,14,44164980,2024-05-17,17,17:00,54.71686808268229,38.359016,27.301428,49.09138
20001_0310_1,14,44164980,2024-05-17,18,18:00,54.13490676879883,47.302658,36.01741,58.230156
20001_0310_1,14,44164980,2024-05-17,19,19:00,20.132693481445312,30.634966,20.191236,41.302288
20001_0310_1,14,44164980,2024-05-17,20,20:00,10.796353912353515,18.178917,8.601092,28.01692
20001_0310_1,14,44164980,2024-05-17,21,21:00,16.351604461669922,23.045069,14.64821,31.543556
20001_0310_1,14,44164980,2024-05-17,22,22:00,28.5,19.439156,12.251719,27.000595
20001_0310_1,14,44164980,2024-05-17,23,23:00,,2.812118,0.0,9.479194
20001_0310_1,14,44164980,2024-05-18,0,00:00,,0.048297226,0.0,4.97694
20001_0310_1,14,44164980,2024-05-18,1,01:00,,0.0,0.0,3.8096306
20001_0310_1,14,44164980,2024-05-18,2,02:00,,0.6968037,0.0,5.203918
20001_0310_1,14,44164980,2024-05-18,3,03:00,,0.0,0.0,4.328434
20001_0310_1,14,44164980,2024-05-18,4,04:00,,0.24284866,0.0,7.538538
20001_0310_1,14,44164980,2024-05-18,5,05:00,,25.040083,16.431171,34.20023
20001_0310_1,14,44164980,2024-05-18,6,06:00,,34.581226,24.286198,45.443695
20001_0310_1,14,44164980,2024-05-18,7,07:00,,33.900295,22.963856,45.08702
20001_0310_1,14,44164980,2024-05-18,8,08:00,,22.806793,12.396252,33.278133
20001_0310_1,14,44164980,2024-05-18,9,09:00,,27.018026,17.282335,36.915844
20001_0310_1,14,44164980,2024-05-18,10,10:00,,17.444462,8.024917,27.026133
20001_0310_1,14,44164980,2024-05-18,11,11:00,,20.678883,11.241098,30.501717
20001_0310_1,14,44164980,2024-05-18,12,12:00,,32.14933,22.608187,42.201168
20001_0310_1,14,44164980,2024-05-18,13,13:00,,32.116905,22.296093,42.7524
20001_0310_1,14,44164980,2024-05-18,14,14:00,,24.26593,14.068178,34.77172
20001_0310_1,14,44164980,2024-05-18,15,15:00,,26.734304,16.325788,37.40222
20001_0310_1,14,44164980,2024-05-18,16,16:00,26.714284896850586,26.604605,15.823198,37.645416
20001_0310_1,14,44164980,2024-05-18,17,17:00,,31.533247,19.977686,42.65512
20001_0310_1,14,44164980,2024-05-18,18,18:00,,45.89765,34.192123,57.441048
20001_0310_1,14,44164980,2024-05-18,19,19:00,,28.35557,17.630909,39.639572
20001_0310_1,14,44164980,2024-05-18,20,20:00,,14.201935,4.490563,24.480751
20001_0310_1,14,44164980,2024-05-18,21,21:00,,20.719416,12.726584,29.652582
20001_0310_1,14,44164980,2024-05-18,22,22:00,,19.600744,13.042733,27.342281
20001_0310_1,14,44164980,2024-05-18,23,23:00,,1.6047108,0.0,8.414021
20001_0310_1,14,44164980,2024-05-19,0,00:00,,0.0,0.0,4.766843
20001_0310_1,14,44164980,2024-05-19,1,01:00,,0.0,0.0,4.2837815
20001_0310_1,14,44164980,2024-05-19,2,02:00,,0.0,0.0,3.446472
20001_0310_1,14,44164980,2024-05-19,3,03:00,,0.0,0.0,3.8329217
20001_0310_1,14,44164980,2024-05-19,4,04:00,,0.0,0.0,6.9889326
20001_0310_1,14,44164980,2024-05-19,5,05:00,,26.536875,18.051073,35.376923
20001_0310_1,14,44164980,2024-05-19,6,06:00,,34.008244,23.807568,44.120354
20001_0310_1,14,44164980,2024-05-19,7,07:00,,32.720078,21.843115,42.864395
20001_0310_1,14,44164980,2024-05-19,8,08:00,,24.27453,13.6552,33.895535
20001_0310_1,14,44164980,2024-05-19,9,09:00,,26.311445,16.167126,35.50574
20001_0310_1,14,44164980,2024-05-19,10,10:00,,16.940025,6.779604,26.263138
20001_0310_1,14,44164980,2024-05-19,11,11:00,,20.220827,10.040278,29.974672
20001_0310_1,14,44164980,2024-05-19,12,12:00,,30.820032,20.321466,41.18978
20001_0310_1,14,44164980,2024-05-19,13,13:00,,32.365833,21.504972,43.218647
20001_0310_1,14,44164980,2024-05-19,14,14:00,,23.749199,12.6146,34.642265
20001_0310_1,14,44164980,2024-05-19,15,15:00,,25.973303,14.814552,36.7456
20001_0310_1,14,44164980,2024-05-19,16,16:00,,27.599615,16.19128,38.51683
20001_0310_1,14,44164980,2024-05-19,17,17:00,,31.3514,19.331188,42.1076
20001_0310_1,14,44164980,2024-05-19,18,18:00,,48.339108,36.262535,59.67498
20001_0310_1,14,44164980,2024-05-19,19,19:00,,29.934416,18.91253,40.89994
20001_0310_1,14,44164980,2024-05-19,20,20:00,,15.007776,4.8634567,25.17625
20001_0310_1,14,44164980,2024-05-19,21,21:00,,20.772324,12.407285,29.572119
20001_0310_1,14,44164980,2024-05-19,22,22:00,,19.910862,12.890349,27.672071
20001_0310_1,14,44164980,2024-05-19,23,23:00,,1.1277694,0.0,7.8584437
20001_0310_1,14,44164980,2024-05-20,0,00:00,,0.0,0.0,5.434628
20001_0310_1,14,44164980,2024-05-20,1,01:00,,0.0,0.0,4.2139316
20001_0310_1,14,44164980,2024-05-20,2,02:00,,0.0,0.0,4.4709206
20001_0310_1,14,44164980,2024-05-20,3,03:00,,0.0,0.0,4.1496854
20001_0310_1,14,44164980,2024-05-20,4,04:00,,1.0015697,0.0,8.036641
20001_0310_1,14,44164980,2024-05-20,5,05:00,21.3125483194987,27.069881,18.444693,35.79144
20001_0310_1,14,44164980,2024-05-20,6,06:00,40.311683654785156,36.241173,25.736748,46.135242
20001_0310_1,14,44164980,2024-05-20,7,07:00,44.754302978515625,45.203663,34.121017,55.16198
20001_0310_1,14,44164980,2024-05-20,8,08:00,48.21058654785156,29.993132,19.32809,39.24473
20001_0310_1,14,44164980,2024-05-20,9,09:00,26.90105438232422,28.113897,18.123453,36.94789
20001_0310_1,14,44164980,2024-05-20,10,10:00,20.60684585571289,19.99064,10.032321,28.728266
20001_0310_1,14,44164980,2024-05-20,11,11:00,25.529674530029297,21.548635,11.558194,30.703867
20001_0310_1,14,44164980,2024-05-20,12,12:00,25.360977172851562,33.382175,23.058447,43.05138
20001_0310_1,14,44164980,2024-05-20,13,13:00,27.56841786702474,32.99669,22.474197,43.14775
20001_0310_1,14,44164980,2024-05-20,14,14:00,20.3541259765625,23.305397,12.548002,33.33198
20001_0310_1,14,44164980,2024-05-20,15,15:00,24.172727584838867,26.106173,15.280514,35.75932
20001_0310_1,14,44164980,2024-05-20,16,16:00,27.206607818603516,31.262014,20.317902,41.188213
20001_0310_1,14,44164980,2024-05-20,17,17:00,61.578948974609375,36.787273,25.278988,46.713467
20001_0310_1,14,44164980,2024-05-20,18,18:00,58.506561279296875,49.95796,38.489826,60.366005
20001_0310_1,14,44164980,2024-05-20,19,19:00,25.87115478515625,30.972902,20.189407,41.28458
20001_0310_1,14,44164980,2024-05-20,20,20:00,19.27777862548828,17.834345,7.9483,27.31884
20001_0310_1,14,44164980,2024-05-20,21,21:00,9.927777608235678,20.60902,12.17657,28.688107
20001_0310_1,14,44164980,2024-05-20,22,22:00,23.211956024169922,19.384308,12.373331,26.555906
20001_0310_1,14,44164980,2024-05-20,23,23:00,,1.9010317,0.0,8.036642
20001_0310_1,14,44164980,2024-05-21,0,00:00,,0.0,0.0,4.6997523
20001_0310_1,14,44164980,2024-05-21,1,01:00,,0.34952998,0.0,4.4400387
20001_0310_1,14,44164980,2024-05-21,2,02:00,,0.0,0.0,3.6608927
20001_0310_1,14,44164980,2024-05-21,3,03:00,,0.0,0.0,3.9206085
20001_0310_1,14,44164980,2024-05-21,4,04:00,,0.28460106,0.0,6.777473
20001_0310_1,14,44164980,2024-05-21,5,05:00,28.024677276611328,26.158691,18.570148,34.128693
20001_0310_1,14,44164980,2024-05-21,6,06:00,43.28696060180664,36.774536,27.63582,45.92949
20001_0310_1,14,44164980,2024-05-21,7,07:00,46.99965286254883,46.578773,36.83947,55.928513
20001_0310_1,14,44164980,2024-05-21,8,08:00,46.03453369140625,32.229527,22.55109,41.05983
20001_0310_1,14,44164980,2024-05-21,9,09:00,30.80688985188802,28.09032,18.967836,36.579754
20001_0310_1,14,44164980,2024-05-21,10,10:00,23.14285659790039,20.550474,11.146655,29.115677
20001_0310_1,14,44164980,2024-05-21,11,11:00,21.169143676757812,19.933651,10.738122,28.950624
20001_0310_1,14,44164980,2024-05-21,12,12:00,39.467814127604164,31.96981,22.256884,41.644196
20001_0310_1,14,44164980,2024-05-21,13,13:00,25.448667526245117,31.742561,21.788177,41.709118
20001_0310_1,14,44164980,2024-05-21,14,14:00,18.735931396484375,23.336323,13.203386,33.071575
20001_0310_1,14,44164980,2024-05-21,15,15:00,28.192306518554688,25.006205,14.698773,34.453335
20001_0310_1,14,44164980,2024-05-21,16,16:00,28.07318623860677,32.002277,21.544695,41.838974
20001_0310_1,14,44164980,2024-05-21,17,17:00,40.03529739379883,42.747982,31.580242,52.682076
20001_0310_1,14,44164980,2024-05-21,18,18:00,32.20838928222656,50.73421,39.501545,61.187737
20001_0310_1,14,44164980,2024-05-21,19,19:00,20.636981201171874,31.223131,20.856857,41.61173
20001_0310_1,14,44164980,2024-05-21,20,20:00,11.472137451171875,17.166063,7.58908,26.596958
20001_0310_1,14,44164980,2024-05-21,21,21:00,,20.075684,11.8987255,28.082207
20001_0310_1,14,44164980,2024-05-21,22,22:00,12.821428298950195,19.008417,12.044813,26.020718
20001_0310_1,14,44164980,2024-05-21,23,23:00,,1.063745,0.0,6.8748655
20001_0310_1,14,44164980,2024-05-22,0,00:00,,0.31360266,0.0,5.7266474
20001_0310_1,14,44164980,2024-05-22,1,01:00,,0.0,0.0,3.857858
20001_0310_1,14,44164980,2024-05-22,2,02:00,,0.0,0.0,3.857858
20001_0310_1,14,44164980,2024-05-22,3,03:00,,0.055837393,0.0,5.694426
20001_0310_1,14,44164980,2024-05-22,4,04:00,,1.6024222,0.0,9.1098
20001_0310_1,14,44164980,2024-05-22,5,05:00,36.10741424560547,26.194725,17.632126,35.49839
20001_0310_1,14,44164980,2024-05-22,6,06:00,30.297719319661457,36.078365,25.52615,46.485588
20001_0310_1,14,44164980,2024-05-22,7,07:00,45.648895263671875,46.195602,35.047306,56.69949
20001_0310_1,14,44164980,2024-05-22,8,08:00,41.158226013183594,32.920757,22.23362,43.00578
20001_0310_1,14,44164980,2024-05-22,9,09:00,109.96295928955078,28.844864,18.892754,38.47879
20001_0310_1,14,44164980,2024-05-22,10,10:00,14.881481170654297,20.298372,10.316056,29.873905
20001_0310_1,14,44164980,2024-05-22,11,11:00,19.665273666381836,20.76557,10.89099,30.771046
20001_0310_1,14,44164980,2024-05-22,12,12:00,36.713165283203125,31.438614,21.128054,41.81362
20001_0310_1,14,44164980,2024-05-22,13,13:00,35.652488708496094,30.810314,20.302402,41.39475
20001_0310_1,14,44164980,2024-05-22,14,14:00,25.98174285888672,21.84496,11.15379,32.12934
20001_0310_1,14,44164980,2024-05-22,15,15:00,17.282669067382812,26.283333,15.618344,36.48112
20001_0310_1,14,44164980,2024-05-22,16,16:00,32.164520263671875,31.21307,20.350729,41.55585
20001_0310_1,14,44164980,2024-05-22,17,17:00,31.153671264648438,40.00927,28.409887,50.513153
20001_0310_1,14,44164980,2024-05-22,18,18:00,70.28135681152344,45.808956,34.33845,56.699486
20001_0310_1,14,44164980,2024-05-22,19,19:00,20.5641845703125,27.314388,16.61718,38.23714
20001_0310_1,14,44164980,2024-05-22,20,20:00,14.346153259277344,16.311085,6.4999404,26.315552
20001_0310_1,14,44164980,2024-05-22,21,21:00,16.010775248209637,21.366684,13.142398,30.31593
20001_0310_1,14,44164980,2024-05-22,22,22:00,14.622448921203613,19.331757,12.420459,27.145231
20001_0310_1,14,44164980,2024-05-22,23,23:00,,1.0224526,0.0,7.5632157
20001_0310_1,14,44164980,2024-05-23,0,00:00,,0.0,0.0,5.9387884
20001_0310_1,14,44164980,2024-05-23,1,01:00,,0.26835608,0.0,5.536154
20001_0310_1,14,44164980,2024-05-23,2,02:00,,0.0,0.0,5.636814
20001_0310_1,14,44164980,2024-05-23,3,03:00,,0.0,0.0,6.542741
20001_0310_1,14,44164980,2024-05-23,4,04:00,,1.8788941,0.0,10.53553
20001_0310_1,14,44164980,2024-05-23,5,05:00,28.309290568033855,25.516876,15.593623,36.094414
20001_0310_1,14,44164980,2024-05-23,6,06:00,39.817545572916664,37.176495,25.27362,48.88644
20001_0310_1,14,44164980,2024-05-23,7,07:00,40.46879959106445,44.625225,32.042904,56.704254
20001_0310_1,14,44164980,2024-05-23,8,08:00,39.368621826171875,33.686996,21.442303,45.665367
20001_0310_1,14,44164980,2024-05-23,9,09:00,31.28771209716797,31.136978,19.712233,42.91403
20001_0310_1,14,44164980,2024-05-23,10,10:00,20.758585611979168,21.075317,9.766956,33.11974
20001_0310_1,14,44164980,2024-05-23,11,11:00,13.553571065266928,22.063028,10.981151,34.30038
20001_0310_1,14,44164980,2024-05-23,12,12:00,24.038970947265625,32.31133,21.507309,44.893646
20001_0310_1,14,44164980,2024-05-23,13,13:00,23.725555419921875,29.945852,19.133448,42.662384
20001_0310_1,14,44164980,2024-05-23,14,14:00,20.620563507080078,22.053593,10.93895,34.42594
20001_0310_1,14,44164980,2024-05-23,15,15:00,13.413394927978516,26.036945,15.039999,37.956596
20001_0310_1,14,44164980,2024-05-23,16,16:00,25.222084045410156,29.72776,18.546274,42.058437
20001_0310_1,14,44164980,2024-05-23,17,17:00,38.890499114990234,38.250183,26.24665,50.194996
20001_0310_1,14,44164980,2024-05-23,18,18:00,66.53534698486328,47.577877,35.465298,59.925327
20001_0310_1,14,44164980,2024-05-23,19,19:00,22.211769104003906,28.100447,16.91057,39.89427
20001_0310_1,14,44164980,2024-05-23,20,20:00,26.14202880859375,16.826687,6.5259643,27.580378
20001_0310_1,14,44164980,2024-05-23,21,21:00,16.432321548461914,20.223915,11.462427,29.346096
20001_0310_1,14,44164980,2024-05-23,22,22:00,22.0,19.636738,12.280276,27.899128
20001_0310_1,14,44164980,2024-05-23,23,23:00,,2.2144232,0.0,9.294075
20001_0310_1,14,44164980,2024-05-24,0,00:00,,0.3407579,0.0,6.185156
20001_0310_1,14,44164980,2024-05-24,1,01:00,,0.0,0.0,4.9087925
20001_0310_1,14,44164980,2024-05-24,2,02:00,,0.0,0.0,5.379032
20001_0310_1,14,44164980,2024-05-24,3,03:00,,0.0,0.0,5.782094
20001_0310_1,14,44164980,2024-05-24,4,04:00,,1.8186507,0.0,10.014244
20001_0310_1,14,44164980,2024-05-24,5,05:00,32.52621714274088,25.91,16.177734,35.961353
20001_0310_1,14,44164980,2024-05-24,6,06:00,36.682169596354164,36.784275,25.091276,48.405888
20001_0310_1,14,44164980,2024-05-24,7,07:00,56.04637145996094,42.326378,30.217722,54.418236
20001_0310_1,14,44164980,2024-05-24,8,08:00,39.288690185546876,32.85442,20.829739,44.274506
20001_0310_1,14,44164980,2024-05-24,9,09:00,30.48193105061849,31.443705,20.174763,42.52791
20001_0310_1,14,44164980,2024-05-24,10,10:00,15.191879272460938,20.040411,9.061172,31.028048
20001_0310_1,14,44164980,2024-05-24,11,11:00,26.414690653483074,21.335665,10.872848,32.571014
20001_0310_1,14,44164980,2024-05-24,12,12:00,33.608978271484375,30.55361,20.027815,42.208817
20001_0310_1,14,44164980,2024-05-24,13,13:00,28.488609313964844,29.478779,18.957182,41.201164
20001_0310_1,14,44164980,2024-05-24,14,14:00,30.327809651692707,22.389505,11.670577,33.93975
20001_0310_1,14,44164980,2024-05-24,15,15:00,32.80833435058594,25.129066,14.380748,36.46518
20001_0310_1,14,44164980,2024-05-24,16,16:00,25.940714518229168,27.446672,16.194529,39.135468
20001_0310_1,14,44164980,2024-05-24,17,17:00,38.99443435668945,37.32169,25.305405,48.94331
20001_0310_1,14,44164980,2024-05-24,18,18:00,42.5739013671875,50.454792,38.22858,62.277943
20001_0310_1,14,44164980,2024-05-24,19,19:00,35.31461181640625,27.79935,16.782324,39.320206
20001_0310_1,14,44164980,2024-05-24,20,20:00,14.320571899414062,16.093761,6.034008,26.539783
20001_0310_1,14,44164980,2024-05-24,21,21:00,16.170635223388672,20.317514,11.891001,29.138695
20001_0310_1,14,44164980,2024-05-24,22,22:00,16.461538314819336,18.66328,11.71886,26.598564
20001_0310_1,14,44164980,2024-05-24,23,23:00,,1.8186507,0.0,8.771469
20001_0310_1,14,44164980,2024-05-25,0,00:00,,0.0,0.0,5.0483046
20001_0310_1,14,44164980,2024-05-25,1,01:00,,0.0,0.0,3.5869951
20001_0310_1,14,44164980,2024-05-25,2,02:00,,0.0,0.0,4.51692
20001_0310_1,14,44164980,2024-05-25,3,03:00,,0.0,0.0,4.8158245
20001_0310_1,14,44164980,2024-05-25,4,04:00,,1.6607249,0.0,9.299388
20001_0310_1,14,44164980,2024-05-25,5,05:00,,27.466125,18.631844,37.114086
20001_0310_1,14,44164980,2024-05-25,6,06:00,,36.0015,25.157919,47.32665
20001_0310_1,14,44164980,2024-05-25,7,07:00,,39.521927,27.964294,51.34525
20001_0310_1,14,44164980,2024-05-25,8,08:00,,29.342579,18.000826,40.700947
20001_0310_1,14,44164980,2024-05-25,9,09:00,,30.12305,19.387407,40.966633
20001_0310_1,14,44164980,2024-05-25,10,10:00,,17.884583,7.4561443,28.595318
20001_0310_1,14,44164980,2024-05-25,11,11:00,,21.71637,11.4903145,32.845364
20001_0310_1,14,44164980,2024-05-25,12,12:00,,32.01611,21.5856,43.40769
20001_0310_1,14,44164980,2024-05-25,13,13:00,,30.05663,19.507801,41.713894
20001_0310_1,14,44164980,2024-05-25,14,14:00,,24.09515,13.396869,35.38294
20001_0310_1,14,44164980,2024-05-25,15,15:00,,27.117403,16.47309,38.27649
20001_0310_1,14,44164980,2024-05-25,16,16:00,,28.578714,17.486044,39.804226
20001_0310_1,14,44164980,2024-05-25,17,17:00,,35.237633,23.422613,46.463146
20001_0310_1,14,44164980,2024-05-25,18,18:00,,47.49271,35.40369,59.05034
20001_0310_1,14,44164980,2024-05-25,19,19:00,,27.980904,17.153927,39.67138
20001_0310_1,14,44164980,2024-05-25,20,20:00,,14.978568,4.898854,25.523247
20001_0310_1,14,44164980,2024-05-25,21,21:00,,19.453829,11.233963,28.670044
20001_0310_1,14,44164980,2024-05-25,22,22:00,,18.183485,11.474746,26.204082
20001_0310_1,14,44164980,2024-05-25,23,23:00,,0.46510735,0.0,7.373117
20001_0310_1,14,44164980,2024-05-26,0,00:00,,0.0,0.0,5.140642
20001_0310_1,14,44164980,2024-05-26,1,01:00,,0.0,0.0,4.414443
20001_0310_1,14,44164980,2024-05-26,2,02:00,,0.0,0.0,4.4804616
20001_0310_1,14,44164980,2024-05-26,3,03:00,,0.0,0.0,4.4144435
20001_0310_1,14,44164980,2024-05-26,4,04:00,,1.0475273,0.0,9.06871
20001_0310_1,14,44164980,2024-05-26,5,05:00,,25.573202,16.165642,35.905018
20001_0310_1,14,44164980,2024-05-26,6,06:00,,33.82545,22.519875,45.741695
20001_0310_1,14,44164980,2024-05-26,7,07:00,,31.234243,19.206594,43.64562
20001_0310_1,14,44164980,2024-05-26,8,08:00,,26.266394,14.473934,38.17438
20001_0310_1,14,44164980,2024-05-26,9,09:00,,27.669273,16.429716,39.33795
20001_0310_1,14,44164980,2024-05-26,10,10:00,,16.050112,4.9921007,27.53724
20001_0310_1,14,44164980,2024-05-26,11,11:00,,20.101965,9.39055,31.80365
20001_0310_1,14,44164980,2024-05-26,12,12:00,,31.13522,20.46919,42.95244
20001_0310_1,14,44164980,2024-05-26,13,13:00,,29.27021,18.443262,41.219467
20001_0310_1,14,44164980,2024-05-26,14,14:00,,23.093403,12.208689,34.88586
20001_0310_1,14,44164980,2024-05-26,15,15:00,,25.111078,14.1686,36.961304
20001_0310_1,14,44164980,2024-05-26,16,16:00,,26.150862,14.564706,38.265156
20001_0310_1,14,44164980,2024-05-26,17,17:00,,30.871145,18.515469,42.985435
20001_0310_1,14,44164980,2024-05-26,18,18:00,,47.194088,34.683678,59.539448
20001_0310_1,14,44164980,2024-05-26,19,19:00,,27.685778,16.528742,39.45348
20001_0310_1,14,44164980,2024-05-26,20,20:00,,15.158869,5.140641,25.647474
20001_0310_1,14,44164980,2024-05-26,21,21:00,,19.284992,11.329825,28.246931
20001_0310_1,14,44164980,2024-05-26,22,22:00,,18.121424,11.5773945,25.944555
20001_0310_1,14,44164980,2024-05-26,23,23:00,,0.8494735,0.0,7.6163154
20001_0310_1,14,44164980,2024-05-27,0,00:00,,0.0,0.0,4.434381
20001_0310_1,14,44164980,2024-05-27,1,01:00,,0.0,0.0,3.710487
20001_0310_1,14,44164980,2024-05-27,2,02:00,,0.0,0.0,3.5788698
20001_0310_1,14,44164980,2024-05-27,3,03:00,,0.0,0.0,4.631808
20001_0310_1,14,44164980,2024-05-27,4,04:00,,1.4071865,0.0,8.876463
20001_0310_1,14,44164980,2024-05-27,5,05:00,27.28954823811849,25.748144,16.502035,35.504265
20001_0310_1,14,44164980,2024-05-27,6,06:00,35.63081359863281,37.272877,25.838634,48.559055
20001_0310_1,14,44164980,2024-05-27,7,07:00,46.49729919433594,42.53756,30.478136,54.185684
20001_0310_1,14,44164980,2024-05-27,8,08:00,35.83133188883463,33.159836,21.388325,44.3802
20001_0310_1,14,44164980,2024-05-27,9,09:00,33.62542215983073,31.05396,20.072151,41.945282
20001_0310_1,14,44164980,2024-05-27,10,10:00,20.490442276000977,17.423355,6.548483,28.133705
20001_0310_1,14,44164980,2024-05-27,11,11:00,15.913456916809082,21.032545,10.363323,31.91564
20001_0310_1,14,44164980,2024-05-27,12,12:00,32.73699696858724,32.238514,21.565182,43.39307
20001_0310_1,14,44164980,2024-05-27,13,13:00,27.597820281982422,28.915184,18.270641,40.020386
20001_0310_1,14,44164980,2024-05-27,14,14:00,20.508628845214844,22.045382,11.474874,32.994286
20001_0310_1,14,44164980,2024-05-27,15,15:00,19.248199462890625,24.629398,14.157602,35.298615
20001_0310_1,14,44164980,2024-05-27,16,16:00,28.17746353149414,27.434488,16.691235,38.260006
20001_0310_1,14,44164980,2024-05-27,17,17:00,68.09270477294922,36.25284,24.950214,46.94674
20001_0310_1,14,44164980,2024-05-27,18,18:00,69.6507568359375,49.973934,38.786472,61.09559
20001_0310_1,14,44164980,2024-05-27,19,19:00,29.103671264648437,28.997444,18.945179,39.3623
20001_0310_1,14,44164980,2024-05-27,20,20:00,21.96816062927246,17.086086,8.136113,26.398
20001_0310_1,14,44164980,2024-05-27,21,21:00,18.611156463623047,19.356483,11.994144,27.03141
20001_0310_1,14,44164980,2024-05-27,22,22:00,16.72193717956543,19.241318,13.277411,26.011375
20001_0310_1,14,44164980,2024-05-27,23,23:00,,1.8678465,0.0,7.7248116
20001_0310_1,14,44164980,2024-05-28,0,00:00,,0.0,0.0,4.7657347
20001_0310_1,14,44164980,2024-05-28,1,01:00,,0.0,0.0,4.0301976
20001_0310_1,14,44164980,2024-05-28,2,02:00,,0.4862524,0.0,5.3675365
20001_0310_1,14,44164980,2024-05-28,3,03:00,,0.0,0.0,5.668438
20001_0310_1,14,44164980,2024-05-28,4,04:00,,1.0880543,0.0,8.878049
20001_0310_1,14,44164980,2024-05-28,5,05:00,34.75908279418945,26.714796,17.988667,36.72811
20001_0310_1,14,44164980,2024-05-28,6,06:00,33.302978515625,37.39678,26.790022,49.332523
20001_0310_1,14,44164980,2024-05-28,7,07:00,57.84461466471354,43.749134,32.314896,55.78518
20001_0310_1,14,44164980,2024-05-28,8,08:00,41.90034866333008,34.65524,23.442497,46.323513
20001_0310_1,14,44164980,2024-05-28,9,09:00,29.106089274088543,32.64923,22.19919,43.9163
20001_0310_1,14,44164980,2024-05-28,10,10:00,26.037307739257812,19.426304,9.013874,30.728899
20001_0310_1,14,44164980,2024-05-28,11,11:00,18.080720901489258,20.320648,10.202849,32.00146
20001_0310_1,14,44164980,2024-05-28,12,12:00,31.144312540690105,30.676659,20.40841,42.54553
20001_0310_1,14,44164980,2024-05-28,13,13:00,34.52002970377604,28.369751,18.180906,40.355637
20001_0310_1,14,44164980,2024-05-28,14,14:00,19.36357307434082,22.874128,12.589162,34.454636
20001_0310_1,14,44164980,2024-05-28,15,15:00,34.3647206624349,24.725504,14.344419,36.009293
20001_0310_1,14,44164980,2024-05-28,16,16:00,30.348981221516926,29.021702,18.31464,40.80699
20001_0310_1,14,44164980,2024-05-28,17,17:00,53.36396789550781,41.208195,29.606792,52.84304
20001_0310_1,14,44164980,2024-05-28,18,18:00,70.71440887451172,51.505695,39.603386,63.608604
20001_0310_1,14,44164980,2024-05-28,19,19:00,29.372463989257813,29.33932,18.598824,40.974155
20001_0310_1,14,44164980,2024-05-28,20,20:00,20.287796020507812,17.729555,7.808177,28.2193
20001_0310_1,14,44164980,2024-05-28,21,21:00,23.27520751953125,18.866293,10.658381,27.592424
20001_0310_1,14,44164980,2024-05-28,22,22:00,21.41287612915039,17.269846,10.399271,25.043123
20001_0310_1,14,44164980,2024-05-28,23,23:00,,0.5531197,0.0,6.972343
20001_0310_1,14,44164980,2024-05-29,0,00:00,,0.10611457,0.0,4.9412937
20001_0310_1,14,44164980,2024-05-29,1,01:00,,0.0,0.0,3.8254848
20001_0310_1,14,44164980,2024-05-29,2,02:00,,0.038488895,0.0,4.400295
20001_0310_1,14,44164980,2024-05-29,3,03:00,,0.038489908,0.0,5.854231
20001_0310_1,14,44164980,2024-05-29,4,04:00,,1.2557378,0.0,9.235473
20001_0310_1,14,44164980,2024-05-29,5,05:00,23.226221720377605,30.182281,20.90922,40.613422
20001_0310_1,14,44164980,2024-05-29,6,06:00,40.54708480834961,38.686115,27.274416,51.06147
20001_0310_1,14,44164980,2024-05-29,7,07:00,41.36392720540365,47.849285,35.710617,60.698013
20001_0310_1,14,44164980,2024-05-29,8,08:00,39.976977030436196,35.91349,24.159441,48.28885
20001_0310_1,14,44164980,2024-05-29,9,09:00,63.95332717895508,35.778244,24.73848,47.578785
20001_0310_1,14,44164980,2024-05-29,10,10:00,20.209426879882812,20.683098,10.0881815,32.16771
20001_0310_1,14,44164980,2024-05-29,11,11:00,30.41534678141276,22.90838,12.604039,34.785004
20001_0310_1,14,44164980,2024-05-29,12,12:00,25.984903971354168,32.768936,22.219452,45.009033
20001_0310_1,14,44164980,2024-05-29,13,13:00,30.893239339192707,31.112123,20.39358,43.21698
20001_0310_1,14,44164980,2024-05-29,14,14:00,26.3837890625,24.57787,13.664903,36.18399
20001_0310_1,14,44164980,2024-05-29,15,15:00,26.801652908325195,28.03519,17.088413,39.565235
20001_0310_1,14,44164980,2024-05-29,16,16:00,36.534342447916664,31.027592,19.345396,42.794327
20001_0310_1,14,44164980,2024-05-29,17,17:00,45.96541976928711,42.980293,30.300625,54.949894
20001_0310_1,14,44164980,2024-05-29,18,18:00,58.70415496826172,56.0319,43.250793,68.40724
20001_0310_1,14,44164980,2024-05-29,19,19:00,24.89136199951172,31.044498,19.455284,43.014103
20001_0310_1,14,44164980,2024-05-29,20,20:00,20.112306213378908,18.221128,7.671648,28.719894
20001_0310_1,14,44164980,2024-05-29,21,21:00,12.822985649108887,20.989523,12.464561,29.945593
20001_0310_1,14,44164980,2024-05-29,22,22:00,17.596506118774414,18.98191,11.923563,26.83485
20001_0310_1,14,44164980,2024-05-29,23,23:00,,0.17373922,0.0,6.6657286
20001_0310_1,14,44164980,2024-05-30,0,00:00,,0.0,0.0,5.0179863
20001_0310_1,14,44164980,2024-05-30,1,01:00,,0.13087112,0.0,4.471176
20001_0310_1,14,44164980,2024-05-30,2,02:00,,0.0,0.0,4.231946
20001_0310_1,14,44164980,2024-05-30,3,03:00,,0.19922224,0.0,6.248309
20001_0310_1,14,44164980,2024-05-30,4,04:00,,0.8827344,0.0,8.8114805
20001_0310_1,14,44164980,2024-05-30,5,05:00,,27.949835,18.021814,38.082912
20001_0310_1,14,44164980,2024-05-30,6,06:00,,36.35704,24.387026,48.284336
20001_0310_1,14,44164980,2024-05-30,7,07:00,,45.789513,33.178703,58.09274
20001_0310_1,14,44164980,2024-05-30,8,08:00,,34.64826,22.443287,46.541378
20001_0310_1,14,44164980,2024-05-30,9,09:00,,36.425392,25.104717,47.80588
20001_0310_1,14,44164980,2024-05-30,10,10:00,,20.31158,9.704319,31.645075
20001_0310_1,14,44164980,2024-05-30,11,11:00,,22.31406,12.193802,33.656097
20001_0310_1,14,44164980,2024-05-30,12,12:00,,31.11108,21.08053,42.66244
20001_0310_1,14,44164980,2024-05-30,13,13:00,,29.060545,19.115438,40.74861
20001_0310_1,14,44164980,2024-05-30,14,14:00,,24.280228,13.920739,35.55391
20001_0310_1,14,44164980,2024-05-30,15,15:00,,26.557178,16.116524,37.90349
20001_0310_1,14,44164980,2024-05-30,16,16:00,,29.94911,18.944557,41.825146
20001_0310_1,14,44164980,2024-05-30,17,17:00,,40.936573,28.872578,52.62464
20001_0310_1,14,44164980,2024-05-30,18,18:00,,57.06747,44.832596,68.96059
20001_0310_1,14,44164980,2024-05-30,19,19:00,,29.932022,18.889023,41.20998
20001_0310_1,14,44164980,2024-05-30,20,20:00,,18.431921,8.666234,28.265959
20001_0310_1,14,44164980,2024-05-30,21,21:00,,19.640884,11.630968,27.761868
20001_0310_1,14,44164980,2024-05-30,22,22:00,,18.466099,11.904377,25.608807
20001_0310_1,14,44164980,2024-05-30,23,23:00,,2.1130564,0.0,8.2304945
20001_0310_1,14,44164980,2024-05-31,0,00:00,,0.5295546,0.0,5.014868
20001_0310_1,14,44164980,2024-05-31,1,01:00,,0.050209194,0.0,3.748024
20001_0310_1,14,44164980,2024-05-31,2,02:00,,0.46107695,0.0,4.5697603
20001_0310_1,14,44164980,2024-05-31,3,03:00,,0.52955556,0.0,5.66541
20001_0310_1,14,44164980,2024-05-31,4,04:00,,0.3241207,0.0,7.06921
20001_0310_1,14,44164980,2024-05-31,5,05:00,,29.855288,20.559391,38.825912
20001_0310_1,14,44164980,2024-05-31,6,06:00,,38.22673,27.158964,49.42289
20001_0310_1,14,44164980,2024-05-31,7,07:00,,48.327244,36.651737,60.379387
20001_0310_1,14,44164980,2024-05-31,8,08:00,,35.076736,23.473991,46.4441
20001_0310_1,14,44164980,2024-05-31,9,09:00,,35.076736,24.312843,45.86203
20001_0310_1,14,44164980,2024-05-31,10,10:00,,20.037243,9.923887,30.638502
20001_0310_1,14,44164980,2024-05-31,11,11:00,,24.304283,14.832911,35.051052
20001_0310_1,14,44164980,2024-05-31,12,12:00,,33.57022,23.931936,44.2528
20001_0310_1,14,44164980,2024-05-31,13,13:00,,31.293325,21.749195,42.284046
20001_0310_1,14,44164980,2024-05-31,14,14:00,,26.773771,17.024208,37.73882
20001_0310_1,14,44164980,2024-05-31,15,15:00,,29.444418,19.515099,40.743298
20001_0310_1,14,44164980,2024-05-31,16,16:00,,31.618597,20.99166,43.27699
20001_0310_1,14,44164980,2024-05-31,17,17:00,,42.917473,31.207727,54.558743
20001_0310_1,14,44164980,2024-05-31,18,18:00,,57.98265,46.204422,69.897835
20001_0310_1,14,44164980,2024-05-31,19,19:00,,31.721313,20.88252,42.81476
20001_0310_1,14,44164980,2024-05-31,20,20:00,,18.239697,8.669888,27.655432
20001_0310_1,14,44164980,2024-05-31,21,21:00,,19.814692,11.858395,27.574112
20001_0310_1,14,44164980,2024-05-31,22,22:00,,19.694853,13.061041,26.277308
20001_0310_1,14,44164980,2024-05-31,23,23:00,,2.10455,0.0,7.6512737
20001_0310_1,15,44782829,2024-05-01,0,00:00,,0.11864361,0.0,7.018678
20001_0310_1,15,44782829,2024-05-01,1,01:00,,0.11864266,0.0,6.3856463
20001_0310_1,15,44782829,2024-05-01,2,02:00,,1.0048864,0.0,7.4934506
20001_0310_1,15,44782829,2024-05-01,3,03:00,,0.49846154,0.0,8.158133
20001_0310_1,15,44782829,2024-05-01,4,04:00,,2.2709472,0.0,11.893013
20001_0310_1,15,44782829,2024-05-01,5,05:00,,26.848364,17.352903,38.860115
20001_0310_1,15,44782829,2024-05-01,6,06:00,,36.42295,24.933449,50.064762
20001_0310_1,15,44782829,2024-05-01,7,07:00,,47.026215,34.99863,61.26941
20001_0310_1,15,44782829,2024-05-01,8,08:00,,27.449741,15.786152,40.933296
20001_0310_1,15,44782829,2024-05-01,9,09:00,,27.987818,17.24212,40.964943
20001_0310_1,15,44782829,2024-05-01,10,10:00,,20.973045,10.307467,33.761253
20001_0310_1,15,44782829,2024-05-01,11,11:00,,22.140198,11.505284,35.433846
20001_0310_1,15,44782829,2024-05-01,12,12:00,,28.13025,17.083864,41.867016
20001_0310_1,15,44782829,2024-05-01,13,13:00,,27.038273,15.517116,41.281464
20001_0310_1,15,44782829,2024-05-01,14,14:00,,22.583319,10.860384,36.68803
20001_0310_1,15,44782829,2024-05-01,15,15:00,,28.05112,16.245098,42.07275
20001_0310_1,15,44782829,2024-05-01,16,16:00,,30.393335,18.381578,44.54157
20001_0310_1,15,44782829,2024-05-01,17,17:00,,40.189484,27.639656,54.49598
20001_0310_1,15,44782829,2024-05-01,18,18:00,,47.026215,34.492207,61.332706
20001_0310_1,15,44782829,2024-05-01,19,19:00,,31.83348,20.229237,45.76015
20001_0310_1,15,44782829,2024-05-01,20,20:00,,18.03341,7.303539,30.725672
20001_0310_1,15,44782829,2024-05-01,21,21:00,,18.579401,9.614102,29.50709
20001_0310_1,15,44782829,2024-05-01,22,22:00,,19.983938,12.213485,29.685131
20001_0310_1,15,44782829,2024-05-01,23,23:00,,2.5874622,0.0,10.78521
20001_0310_1,15,44782829,2024-05-02,0,00:00,,0.0,0.0,5.112614
20001_0310_1,15,44782829,2024-05-02,1,01:00,,0.0,0.0,4.5404253
20001_0310_1,15,44782829,2024-05-02,2,02:00,,0.0,0.0,4.2861204
20001_0310_1,15,44782829,2024-05-02,3,03:00,,0.0,0.0,5.875531
20001_0310_1,15,44782829,2024-05-02,4,04:00,,0.7258401,0.0,8.54574
20001_0310_1,15,44782829,2024-05-02,5,05:00,,27.412043,18.638498,36.88493
20001_0310_1,15,44782829,2024-05-02,6,06:00,,36.741882,26.36303,47.359146
20001_0310_1,15,44782829,2024-05-02,7,07:00,,48.217426,37.34586,58.96184
20001_0310_1,15,44782829,2024-05-02,8,08:00,,26.410713,16.079544,36.551155
20001_0310_1,15,44782829,2024-05-02,9,09:00,,28.874302,19.397442,38.522022
20001_0310_1,15,44782829,2024-05-02,10,10:00,,21.468641,12.327792,31.082838
20001_0310_1,15,44782829,2024-05-02,11,11:00,,21.974274,13.075561,31.973652
20001_0310_1,15,44782829,2024-05-02,12,12:00,,31.051794,22.065664,41.510117
20001_0310_1,15,44782829,2024-05-02,13,13:00,,28.127277,18.892801,39.030636
20001_0310_1,15,44782829,2024-05-02,14,14:00,,23.73256,14.128545,34.616047
20001_0310_1,15,44782829,2024-05-02,15,15:00,,28.318008,18.519293,39.09421
20001_0310_1,15,44782829,2024-05-02,16,16:00,,29.430595,19.433205,40.302166
20001_0310_1,15,44782829,2024-05-02,17,17:00,,38.617386,27.984232,49.1075
20001_0310_1,15,44782829,2024-05-02,18,18:00,,47.136627,36.296844,57.56316
20001_0310_1,15,44782829,2024-05-02,19,19:00,,31.306099,21.374271,41.637268
20001_0310_1,15,44782829,2024-05-02,20,20:00,,18.145779,8.990774,27.650454
20001_0310_1,15,44782829,2024-05-02,21,21:00,,18.177567,10.286144,26.331244
20001_0310_1,15,44782829,2024-05-02,22,22:00,,19.576248,12.773572,26.998796
20001_0310_1,15,44782829,2024-05-02,23,23:00,,1.61591,0.0,8.037128
20001_0310_1,15,44782829,2024-05-03,0,00:00,,0.39161342,0.0,4.84963
20001_0310_1,15,44782829,2024-05-03,1,01:00,,0.0,0.0,3.8943405
20001_0310_1,15,44782829,2024-05-03,2,02:00,,0.0,0.0,4.0217123
20001_0310_1,15,44782829,2024-05-03,3,03:00,,0.0,0.0,5.1680593
20001_0310_1,15,44782829,2024-05-03,4,04:00,,0.13686964,0.0,7.365225
20001_0310_1,15,44782829,2024-05-03,5,05:00,,28.652248,19.481476,37.711575
20001_0310_1,15,44782829,2024-05-03,6,06:00,,36.2468,25.308739,46.818665
20001_0310_1,15,44782829,2024-05-03,7,07:00,,48.219757,36.947346,58.918995
20001_0310_1,15,44782829,2024-05-03,8,08:00,,28.700016,17.92117,38.778313
20001_0310_1,15,44782829,2024-05-03,9,09:00,,28.97068,19.246632,38.364357
20001_0310_1,15,44782829,2024-05-03,10,10:00,,21.2,12.108832,30.354855
20001_0310_1,15,44782829,2024-05-03,11,11:00,,22.86877,14.133847,32.411713
20001_0310_1,15,44782829,2024-05-03,12,12:00,,30.101105,21.077602,39.972424
20001_0310_1,15,44782829,2024-05-03,13,13:00,,28.875153,19.919315,39.112667
20001_0310_1,15,44782829,2024-05-03,14,14:00,,23.366318,13.948758,33.388897
20001_0310_1,15,44782829,2024-05-03,15,15:00,,28.588562,19.171005,38.491726
20001_0310_1,15,44782829,2024-05-03,16,16:00,,29.894127,20.205902,39.813213
20001_0310_1,15,44782829,2024-05-03,17,17:00,,38.25291,27.76065,47.742115
20001_0310_1,15,44782829,2024-05-03,18,18:00,,47.200783,36.660763,56.817364
20001_0310_1,15,44782829,2024-05-03,19,19:00,,30.706123,21.187065,40.13164
20001_0310_1,15,44782829,2024-05-03,20,20:00,,18.215717,9.47482,26.701866
20001_0310_1,15,44782829,2024-05-03,21,21:00,,18.390854,10.923677,25.810265
20001_0310_1,15,44782829,2024-05-03,22,22:00,,19.907375,13.53878,26.498867
20001_0310_1,15,44782829,2024-05-03,23,23:00,,1.0284729,0.0,6.7283654
20001_0310_1,15,44782829,2024-05-04,0,00:00,,0.59653956,0.0,4.5362835
20001_0310_1,15,44782829,2024-05-04,1,01:00,,0.0881865,0.0,3.1383097
20001_0310_1,15,44782829,2024-05-04,2,02:00,,0.0881865,0.0,3.5195765
20001_0310_1,15,44782829,2024-05-04,3,03:00,,0.0,0.0,3.8372962
20001_0310_1,15,44782829,2024-05-04,4,04:00,,0.7236288,0.0,6.633244
20001_0310_1,15,44782829,2024-05-04,5,05:00,,26.149271,18.738422,33.687206
20001_0310_1,15,44782829,2024-05-04,6,06:00,,36.149548,27.285124,45.268147
20001_0310_1,15,44782829,2024-05-04,7,07:00,,46.729664,37.48398,55.94358
20001_0310_1,15,44782829,2024-05-04,8,08:00,,28.174742,19.512869,36.78499
20001_0310_1,15,44782829,2024-05-04,9,09:00,,28.635439,20.819494,36.6579
20001_0310_1,15,44782829,2024-05-04,10,10:00,,20.644749,13.429748,28.442074
20001_0310_1,15,44782829,2024-05-04,11,11:00,,22.113218,15.222639,30.171425
20001_0310_1,15,44782829,2024-05-04,12,12:00,,30.160501,23.045528,38.67543
20001_0310_1,15,44782829,2024-05-04,13,13:00,,28.142971,20.827436,37.245686
20001_0310_1,15,44782829,2024-05-04,14,14:00,,23.206377,15.227602,32.400436
20001_0310_1,15,44782829,2024-05-04,15,15:00,,28.063541,19.469181,37.658726
20001_0310_1,15,44782829,2024-05-04,16,16:00,,29.699806,20.315113,39.7398
20001_0310_1,15,44782829,2024-05-04,17,17:00,,38.786636,28.23829,49.14435
20001_0310_1,15,44782829,2024-05-04,18,18:00,,46.157764,35.48233,56.769657
20001_0310_1,15,44782829,2024-05-04,19,19:00,,30.303474,20.323057,40.56587
20001_0310_1,15,44782829,2024-05-04,20,20:00,,16.92741,7.920012,26.20487
20001_0310_1,15,44782829,2024-05-04,21,21:00,,18.26184,10.644473,26.308132
20001_0310_1,15,44782829,2024-05-04,22,22:00,,19.294434,12.908237,26.236643
20001_0310_1,15,44782829,2024-05-04,23,23:00,,1.6132486,0.0,7.427548
20001_0310_1,15,44782829,2024-05-05,0,00:00,,0.0,0.0,3.0030777
20001_0310_1,15,44782829,2024-05-05,1,01:00,,0.0,0.0,2.4317966
20001_0310_1,15,44782829,2024-05-05,2,02:00,,0.0,0.0,3.1300318
20001_0310_1,15,44782829,2024-05-05,3,03:00,,0.0,0.0,2.7491746
20001_0310_1,15,44782829,2024-05-05,4,04:00,,0.14666522,0.0,6.3038254
20001_0310_1,15,44782829,2024-05-05,5,05:00,,25.917868,18.094465,33.78094
20001_0310_1,15,44782829,2024-05-05,6,06:00,,34.709274,25.243437,44.040226
20001_0310_1,15,44782829,2024-05-05,7,07:00,18.363636016845703,42.73897,32.805,52.387306
20001_0310_1,15,44782829,2024-05-05,8,08:00,,24.672155,15.05556,33.4953
20001_0310_1,15,44782829,2024-05-05,9,09:00,,27.679325,18.860147,36.042267
20001_0310_1,15,44782829,2024-05-05,10,10:00,1.3333333730697632,20.823929,12.142612,28.995457
20001_0310_1,15,44782829,2024-05-05,11,11:00,,21.065931,12.564131,29.686749
20001_0310_1,15,44782829,2024-05-05,12,12:00,,26.885876,18.253157,35.915318
20001_0310_1,15,44782829,2024-05-05,13,13:00,,26.155903,17.14233,35.931183
20001_0310_1,15,44782829,2024-05-05,14,14:00,,21.02725,11.3809,30.93147
20001_0310_1,15,44782829,2024-05-05,15,15:00,,24.168314,14.218471,34.419666
20001_0310_1,15,44782829,2024-05-05,16,16:00,,24.624548,14.055814,35.44718
20001_0310_1,15,44782829,2024-05-05,17,17:00,,30.34531,19.050573,41.421844
20001_0310_1,15,44782829,2024-05-05,18,18:00,,43.94501,32.424145,55.18024
20001_0310_1,15,44782829,2024-05-05,19,19:00,,28.48864,17.824692,39.295406
20001_0310_1,15,44782829,2024-05-05,20,20:00,,15.714122,5.954706,25.537014
20001_0310_1,15,44782829,2024-05-05,21,21:00,,17.554922,9.414143,25.838526
20001_0310_1,15,44782829,2024-05-05,22,22:00,,18.205551,11.413631,25.378325
20001_0310_1,15,44782829,2024-05-05,23,23:00,,1.733562,0.0,7.954197
20001_0310_1,15,44782829,2024-05-06,0,00:00,,0.0,0.0,4.2153974
20001_0310_1,15,44782829,2024-05-06,1,01:00,,0.0,0.0,3.5889378
20001_0310_1,15,44782829,2024-05-06,2,02:00,,0.0,0.0,3.3383553
20001_0310_1,15,44782829,2024-05-06,3,03:00,,0.0,0.0,4.0901055
20001_0310_1,15,44782829,2024-05-06,4,04:00,,0.0,0.0,5.938159
20001_0310_1,15,44782829,2024-05-06,5,05:00,21.442962646484375,23.144243,15.115782,31.716946
20001_0310_1,15,44782829,2024-05-06,6,06:00,36.98767852783203,34.849236,24.771076,44.559345
20001_0310_1,15,44782829,2024-05-06,7,07:00,48.796424865722656,38.733284,28.005169,48.50604
20001_0310_1,15,44782829,2024-05-06,8,08:00,40.76853942871094,27.159454,16.854208,36.368404
20001_0310_1,15,44782829,2024-05-06,9,09:00,20.130477905273438,27.081146,17.398441,35.851574
20001_0310_1,15,44782829,2024-05-06,10,10:00,18.559187571207683,15.10012,5.640591,23.83139
20001_0310_1,15,44782829,2024-05-06,11,11:00,23.672744750976562,20.941849,11.332558,29.907064
20001_0310_1,15,44782829,2024-05-06,12,12:00,33.09297180175781,28.678617,19.089882,38.04418
20001_0310_1,15,44782829,2024-05-06,13,13:00,22.992992401123047,26.642626,16.642776,36.305756
20001_0310_1,15,44782829,2024-05-06,14,14:00,13.702926635742188,20.111792,9.755643,29.739683
20001_0310_1,15,44782829,2024-05-06,15,15:00,16.716744740804035,25.765583,15.256735,35.2721
20001_0310_1,15,44782829,2024-05-06,16,16:00,33.29533131917318,28.756926,17.989662,38.67064
20001_0310_1,15,44782829,2024-05-06,17,17:00,40.426883697509766,37.323753,25.867386,47.159157
20001_0310_1,15,44782829,2024-05-06,18,18:00,50.0809326171875,46.313435,34.69262,56.77529
20001_0310_1,15,44782829,2024-05-06,19,19:00,32.26687316894531,30.025505,19.269989,40.330757
20001_0310_1,15,44782829,2024-05-06,20,20:00,17.141024271647137,17.018652,6.9874797,26.658287
20001_0310_1,15,44782829,2024-05-06,21,21:00,8.214285850524902,18.647444,10.143263,27.041992
20001_0310_1,15,44782829,2024-05-06,22,22:00,16.85687828063965,19.273901,12.245816,26.85797
20001_0310_1,15,44782829,2024-05-06,23,23:00,,1.145749,0.0,7.8488603
20001_0310_1,15,44782829,2024-05-07,0,00:00,,0.0,0.0,4.344613
20001_0310_1,15,44782829,2024-05-07,1,01:00,,0.0,0.0,3.7770827
20001_0310_1,15,44782829,2024-05-07,2,02:00,,0.0,0.0,4.1554356
20001_0310_1,15,44782829,2024-05-07,3,03:00,,0.0,0.0,5.1959057
20001_0310_1,15,44782829,2024-05-07,4,04:00,,0.43496972,0.0,7.623666
20001_0310_1,15,44782829,2024-05-07,5,05:00,25.012367248535156,29.331636,21.023647,38.112568
20001_0310_1,15,44782829,2024-05-07,6,06:00,33.248809814453125,36.725277,26.840816,46.65703
20001_0310_1,15,44782829,2024-05-07,7,07:00,57.40078353881836,44.134678,33.887634,54.350193
20001_0310_1,15,44782829,2024-05-07,8,08:00,35.22867431640625,30.923868,20.921177,40.414215
20001_0310_1,15,44782829,2024-05-07,9,09:00,30.752609252929688,29.41046,20.199942,38.49092
20001_0310_1,15,44782829,2024-05-07,10,10:00,17.07647132873535,19.171297,10.012017,28.015287
20001_0310_1,15,44782829,2024-05-07,11,11:00,14.914201736450195,23.778526,15.100068,32.69346
20001_0310_1,15,44782829,2024-05-07,12,12:00,30.94489034016927,30.041048,21.342884,39.058445
20001_0310_1,15,44782829,2024-05-07,13,13:00,25.603546142578125,27.69211,18.993944,36.772568
20001_0310_1,15,44782829,2024-05-07,14,14:00,20.586135864257812,20.748259,11.927919,29.631659
20001_0310_1,15,44782829,2024-05-07,15,15:00,21.709692001342773,26.4467,17.555416,34.833515
20001_0310_1,15,44782829,2024-05-07,16,16:00,27.89863395690918,30.198694,21.171442,38.80621
20001_0310_1,15,44782829,2024-05-07,17,17:00,48.3033447265625,41.927624,32.248108,50.440556
20001_0310_1,15,44782829,2024-05-07,18,18:00,39.303323364257814,47.53985,37.860332,56.557247
20001_0310_1,15,44782829,2024-05-07,19,19:00,26.26551055908203,30.86081,21.886765,39.815155
20001_0310_1,15,44782829,2024-05-07,20,20:00,12.226757049560547,17.618477,9.042487,25.95011
20001_0310_1,15,44782829,2024-05-07,21,21:00,26.588054656982422,18.430357,10.871192,25.595406
20001_0310_1,15,44782829,2024-05-07,22,22:00,13.75,20.168415,13.367925,26.673319
20001_0310_1,15,44782829,2024-05-07,23,23:00,,1.2547332,0.0,6.898491
20001_0310_1,15,44782829,2024-05-08,0,00:00,,0.13241205,0.0,5.074578
20001_0310_1,15,44782829,2024-05-08,1,01:00,,0.0,0.0,3.698278
20001_0310_1,15,44782829,2024-05-08,2,02:00,,0.0,0.0,3.510601
20001_0310_1,15,44782829,2024-05-08,3,03:00,,0.0,0.0,4.9494586
20001_0310_1,15,44782829,2024-05-08,4,04:00,,0.0,0.0,6.701111
20001_0310_1,15,44782829,2024-05-08,5,05:00,29.67761993408203,26.985886,19.001787,35.3688
20001_0310_1,15,44782829,2024-05-08,6,06:00,40.03441619873047,36.854576,27.064081,46.08203
20001_0310_1,15,44782829,2024-05-08,7,07:00,44.071556091308594,45.675404,35.665955,54.934143
20001_0310_1,15,44782829,2024-05-08,8,08:00,26.896793365478516,31.78729,22.243124,40.670673
20001_0310_1,15,44782829,2024-05-08,9,09:00,21.519481658935547,28.315264,19.627377,36.71382
20001_0310_1,15,44782829,2024-05-08,10,10:00,16.653297424316406,17.9852,9.598376,26.129606
20001_0310_1,15,44782829,2024-05-08,11,11:00,15.087686538696289,22.133648,14.047892,30.360165
20001_0310_1,15,44782829,2024-05-08,12,12:00,24.471710205078125,28.831375,20.63614,37.433247
20001_0310_1,15,44782829,2024-05-08,13,13:00,41.218017578125,27.533276,19.24811,36.479218
20001_0310_1,15,44782829,2024-05-08,14,14:00,20.65985616048177,21.369743,12.703359,30.110415
20001_0310_1,15,44782829,2024-05-08,15,15:00,23.099899291992188,25.719065,16.976437,34.227097
20001_0310_1,15,44782829,2024-05-08,16,16:00,36.3598518371582,29.629004,20.636143,38.293434
20001_0310_1,15,44782829,2024-05-08,17,17:00,26.015193939208984,41.73418,32.193928,50.49245
20001_0310_1,15,44782829,2024-05-08,18,18:00,53.98798370361328,46.738907,37.19865,55.684853
20001_0310_1,15,44782829,2024-05-08,19,19:00,25.402516682942707,30.223316,21.556932,39.169262
20001_0310_1,15,44782829,2024-05-08,20,20:00,17.94079335530599,16.585442,8.538783,24.725939
20001_0310_1,15,44782829,2024-05-08,21,21:00,20.29576873779297,18.305815,11.533798,25.43755
20001_0310_1,15,44782829,2024-05-08,22,22:00,25.040000915527344,18.485672,12.558202,24.897976
20001_0310_1,15,44782829,2024-05-08,23,23:00,,0.3200893,0.0,5.8565655
20001_0310_1,15,44782829,2024-05-09,0,00:00,,0.0,0.0,4.474973
20001_0310_1,15,44782829,2024-05-09,1,01:00,,0.0,0.0,3.485775
20001_0310_1,15,44782829,2024-05-09,2,02:00,,0.0,0.0,3.733075
20001_0310_1,15,44782829,2024-05-09,3,03:00,,0.0,0.0,4.3513227
20001_0310_1,15,44782829,2024-05-09,4,04:00,,0.641831,0.0,6.6079307
20001_0310_1,15,44782829,2024-05-09,5,05:00,25.18976593017578,26.56191,19.169973,33.77997
20001_0310_1,15,44782829,2024-05-09,6,06:00,28.88304901123047,35.758358,27.149246,43.702858
20001_0310_1,15,44782829,2024-05-09,7,07:00,55.51352310180664,44.846615,36.25296,52.883854
20001_0310_1,15,44782829,2024-05-09,8,08:00,22.439533233642578,29.854084,21.716385,37.520374
20001_0310_1,15,44782829,2024-05-09,9,09:00,15.982365926106771,26.608278,19.10042,33.733597
20001_0310_1,15,44782829,2024-05-09,10,10:00,22.044939676920574,17.975979,10.974313,25.054928
20001_0310_1,15,44782829,2024-05-09,11,11:00,15.992315928141275,21.179281,14.356811,28.406511
20001_0310_1,15,44782829,2024-05-09,12,12:00,26.824718475341797,28.988535,21.996529,36.74756
20001_0310_1,15,44782829,2024-05-09,13,13:00,50.352012634277344,28.540304,21.227581,36.65482
20001_0310_1,15,44782829,2024-05-09,14,14:00,24.793048858642578,22.342361,14.819049,30.553478
20001_0310_1,15,44782829,2024-05-09,15,15:00,26.86125946044922,25.835466,18.084173,34.120003
20001_0310_1,15,44782829,2024-05-09,16,16:00,28.7220401763916,29.220379,21.24497,37.628563
20001_0310_1,15,44782829,2024-05-09,17,17:00,48.62591552734375,36.902122,28.12299,45.341217
20001_0310_1,15,44782829,2024-05-09,18,18:00,57.18701934814453,46.763187,38.04588,55.604145
20001_0310_1,15,44782829,2024-05-09,19,19:00,36.1890380859375,29.637695,21.308727,38.262268
20001_0310_1,15,44782829,2024-05-09,20,20:00,17.9651362101237,17.589573,9.830552,25.425877
20001_0310_1,15,44782829,2024-05-09,21,21:00,8.09162425994873,18.524673,11.708482,25.371778
20001_0310_1,15,44782829,2024-05-09,22,22:00,17.100200653076172,19.606611,13.675287,25.700226
20001_0310_1,15,44782829,2024-05-09,23,23:00,,1.5692041,0.0,6.886143
20001_0310_1,15,44782829,2024-05-10,0,00:00,,0.02797231,0.0,4.491501
20001_0310_1,15,44782829,2024-05-10,1,01:00,,0.02797231,0.0,3.757769
20001_0310_1,15,44782829,2024-05-10,2,02:00,,0.0,0.0,3.818915
20001_0310_1,15,44782829,2024-05-10,3,03:00,,0.0,0.0,4.2469244
20001_0310_1,15,44782829,2024-05-10,4,04:00,,0.33369264,0.0,6.81498
20001_0310_1,15,44782829,2024-05-10,5,05:00,20.0652338663737,25.624474,17.866798,33.60379
20001_0310_1,15,44782829,2024-05-10,6,06:00,40.20814005533854,35.7362,26.53399,45.182976
20001_0310_1,15,44782829,2024-05-10,7,07:00,48.155303955078125,45.64156,36.1642,55.2412
20001_0310_1,15,44782829,2024-05-10,8,08:00,48.966583251953125,28.200174,19.017078,37.127228
20001_0310_1,15,44782829,2024-05-10,9,09:00,40.62812296549479,26.060125,17.668081,34.28402
20001_0310_1,15,44782829,2024-05-10,10,10:00,16.889928181966145,17.545794,9.604687,25.578615
20001_0310_1,15,44782829,2024-05-10,11,11:00,11.370468139648438,20.681345,13.082262,29.071478
20001_0310_1,15,44782829,2024-05-10,12,12:00,31.272693634033203,29.988642,22.215685,38.60997
20001_0310_1,15,44782829,2024-05-10,13,13:00,32.148338317871094,30.936377,22.869164,40.046867
20001_0310_1,15,44782829,2024-05-10,14,14:00,15.81004524230957,23.41564,14.847805,32.319763
20001_0310_1,15,44782829,2024-05-10,15,15:00,34.42761993408203,26.62571,18.034946,35.644478
20001_0310_1,15,44782829,2024-05-10,16,16:00,39.60113525390625,30.202646,21.313803,39.31313
20001_0310_1,15,44782829,2024-05-10,17,17:00,36.400001525878906,37.57052,27.909735,46.68101
20001_0310_1,15,44782829,2024-05-10,18,18:00,20.828622182210285,47.842754,38.181965,57.25896
20001_0310_1,15,44782829,2024-05-10,19,19:00,19.28027852376302,31.303244,22.166006,40.383163
20001_0310_1,15,44782829,2024-05-10,20,20:00,15.064517974853516,17.736868,9.512971,26.190058
20001_0310_1,15,44782829,2024-05-10,21,21:00,29.25732421875,17.981445,11.087435,25.242323
20001_0310_1,15,44782829,2024-05-10,22,22:00,12.927090644836426,17.836227,12.272103,24.241085
20001_0310_1,15,44782829,2024-05-10,23,23:00,,1.9234426,0.0,7.4264226
20001_0310_1,15,44782829,2024-05-11,0,00:00,,0.207605,0.0,4.867756
20001_0310_1,15,44782829,2024-05-11,1,01:00,,0.0,0.0,3.88667
20001_0310_1,15,44782829,2024-05-11,2,02:00,,0.0,0.0,3.8253522
20001_0310_1,15,44782829,2024-05-11,3,03:00,,0.0,0.0,4.867756
20001_0310_1,15,44782829,2024-05-11,4,04:00,,0.820783,0.0,7.7190313
20001_0310_1,15,44782829,2024-05-11,5,05:00,,23.048471,15.176804,31.60996
20001_0310_1,15,44782829,2024-05-11,6,06:00,,32.828655,23.247751,42.97674
20001_0310_1,15,44782829,2024-05-11,7,07:00,,35.220047,25.041298,45.889336
20001_0310_1,15,44782829,2024-05-11,8,08:00,,22.59434,13.047928,32.25572
20001_0310_1,15,44782829,2024-05-11,9,09:00,,24.397463,15.621359,33.556805
20001_0310_1,15,44782829,2024-05-11,10,10:00,,14.2493725,5.7108736,23.002483
20001_0310_1,15,44782829,2024-05-11,11,11:00,,18.384487,9.946588,27.544785
20001_0310_1,15,44782829,2024-05-11,12,12:00,,27.877245,19.388567,37.059578
20001_0310_1,15,44782829,2024-05-11,13,13:00,,27.831257,19.0609,37.85671
20001_0310_1,15,44782829,2024-05-11,14,14:00,,21.61517,12.358103,31.12134
20001_0310_1,15,44782829,2024-05-11,15,15:00,,23.77662,14.410333,33.35752
20001_0310_1,15,44782829,2024-05-11,16,16:00,,26.160349,16.48747,36.1858
20001_0310_1,15,44782829,2024-05-11,17,17:00,,30.437262,19.92893,40.554695
20001_0310_1,15,44782829,2024-05-11,18,18:00,,41.106556,30.375948,51.591896
20001_0310_1,15,44782829,2024-05-11,19,19:00,,27.677961,17.744484,37.856712
20001_0310_1,15,44782829,2024-05-11,20,20:00,0.0,14.816563,5.9714756,24.259499
20001_0310_1,15,44782829,2024-05-11,21,21:00,,18.250359,10.991867,26.382627
20001_0310_1,15,44782829,2024-05-11,22,22:00,,16.27286,10.340365,23.324402
20001_0310_1,15,44782829,2024-05-11,23,23:00,,0.8821009,0.0,7.2898073
20001_0310_1,15,44782829,2024-05-12,0,00:00,,0.0,0.0,4.6659894
20001_0310_1,15,44782829,2024-05-12,1,01:00,,0.0,0.0,4.0565615
20001_0310_1,15,44782829,2024-05-12,2,02:00,,0.0,0.0,4.23939
20001_0310_1,15,44782829,2024-05-12,3,03:00,,0.0,0.0,4.6355186
20001_0310_1,15,44782829,2024-05-12,4,04:00,,0.0,0.0,7.3779473
20001_0310_1,15,44782829,2024-05-12,5,05:00,,21.864737,13.391772,31.034737
20001_0310_1,15,44782829,2024-05-12,6,06:00,,30.444826,20.156906,40.774647
20001_0310_1,15,44782829,2024-05-12,7,07:00,,27.778576,16.875515,38.344547
20001_0310_1,15,44782829,2024-05-12,8,08:00,,18.949476,8.524435,28.787943
20001_0310_1,15,44782829,2024-05-12,9,09:00,,21.37386,11.52492,30.72193
20001_0310_1,15,44782829,2024-05-12,10,10:00,,11.064992,1.3446019,20.244513
20001_0310_1,15,44782829,2024-05-12,11,11:00,,17.243076,7.6445723,26.552101
20001_0310_1,15,44782829,2024-05-12,12,12:00,,27.01679,17.418287,36.798122
20001_0310_1,15,44782829,2024-05-12,13,13:00,,26.544483,16.626032,36.859062
20001_0310_1,15,44782829,2024-05-12,14,14:00,,20.274982,10.117995,30.53386
20001_0310_1,15,44782829,2024-05-12,15,15:00,,22.206112,12.043886,32.368336
20001_0310_1,15,44782829,2024-05-12,16,16:00,,23.344982,12.954221,33.827152
20001_0310_1,15,44782829,2024-05-12,17,17:00,,23.73349,12.87804,34.009983
20001_0310_1,15,44782829,2024-05-12,18,18:00,,40.68323,29.774454,51.043518
20001_0310_1,15,44782829,2024-05-12,19,19:00,,27.19962,17.364962,37.300903
20001_0310_1,15,44782829,2024-05-12,20,20:00,,14.569207,5.534425,23.984882
20001_0310_1,15,44782829,2024-05-12,21,21:00,,18.134367,10.493656,26.506395
20001_0310_1,15,44782829,2024-05-12,22,22:00,,16.214666,9.701396,23.939177
20001_0310_1,15,44782829,2024-05-12,23,23:00,,0.46093032,0.0,7.8654904
20001_0310_1,15,44782829,2024-05-13,0,00:00,,0.03614217,0.0,5.2676506
20001_0310_1,15,44782829,2024-05-13,1,01:00,,0.0,0.0,3.8685267
20001_0310_1,15,44782829,2024-05-13,2,02:00,,0.0,0.0,3.4427068
20001_0310_1,15,44782829,2024-05-13,3,03:00,,0.0,0.0,4.2030997
20001_0310_1,15,44782829,2024-05-13,4,04:00,,0.09697384,0.0,6.8188534
20001_0310_1,15,44782829,2024-05-13,5,05:00,22.74364471435547,25.380062,17.37502,33.478252
20001_0310_1,15,44782829,2024-05-13,6,06:00,40.079305013020836,36.200462,26.406597,45.38602
20001_0310_1,15,44782829,2024-05-13,7,07:00,50.461124420166016,46.268074,36.109215,55.453632
20001_0310_1,15,44782829,2024-05-13,8,08:00,36.238284301757815,30.482304,20.747364,39.211624
20001_0310_1,15,44782829,2024-05-13,9,09:00,27.456578572591145,25.919943,16.871258,34.07136
20001_0310_1,15,44782829,2024-05-13,10,10:00,29.97402572631836,15.441717,6.6059437,23.623552
20001_0310_1,15,44782829,2024-05-13,11,11:00,17.984954833984375,18.969944,10.2349205,27.3894
20001_0310_1,15,44782829,2024-05-13,12,12:00,36.312034606933594,28.839853,19.783566,37.72125
20001_0310_1,15,44782829,2024-05-13,13,13:00,31.28380839029948,28.185917,18.785551,37.523544
20001_0310_1,15,44782829,2024-05-13,14,14:00,19.056508382161457,19.141033,9.480231,28.550903
20001_0310_1,15,44782829,2024-05-13,15,15:00,23.46795654296875,24.361135,14.612887,33.546688
20001_0310_1,15,44782829,2024-05-13,16,16:00,19.565025329589844,29.478584,19.496517,38.99871
20001_0310_1,15,44782829,2024-05-13,17,17:00,41.38166046142578,34.405933,23.904902,43.926067
20001_0310_1,15,44782829,2024-05-13,18,18:00,41.89246622721354,46.63306,36.109215,56.609432
20001_0310_1,15,44782829,2024-05-13,19,19:00,25.194477844238282,28.961515,19.167645,38.69455
20001_0310_1,15,44782829,2024-05-13,20,20:00,19.02172342936198,15.745875,6.6059446,24.916225
20001_0310_1,15,44782829,2024-05-13,21,21:00,16.199554443359375,17.654465,9.890844,25.58537
20001_0310_1,15,44782829,2024-05-13,22,22:00,18.807018280029297,16.49106,9.913656,23.555119
20001_0310_1,15,44782829,2024-05-13,23,23:00,,0.8269521,0.0,7.0621805
20001_0310_1,15,44782829,2024-05-14,0,00:00,,0.0,0.0,4.545158
20001_0310_1,15,44782829,2024-05-14,1,01:00,,0.0,0.0,4.6673784
20001_0310_1,15,44782829,2024-05-14,2,02:00,,0.0,0.0,4.606268
20001_0310_1,15,44782829,2024-05-14,3,03:00,,0.0,0.0,5.034039
20001_0310_1,15,44782829,2024-05-14,4,04:00,,1.1840975,0.0,8.425654
20001_0310_1,15,44782829,2024-05-14,5,05:00,29.11248270670573,24.48999,16.484556,32.90792
20001_0310_1,15,44782829,2024-05-14,6,06:00,33.2229258219401,36.780777,27.59897,46.375072
20001_0310_1,15,44782829,2024-05-14,7,07:00,31.17833557128906,48.483376,38.827972,57.89435
20001_0310_1,15,44782829,2024-05-14,8,08:00,23.3112548828125,30.914198,21.613995,39.958508
20001_0310_1,15,44782829,2024-05-14,9,09:00,32.804412841796875,26.773985,18.27967,35.191914
20001_0310_1,15,44782829,2024-05-14,10,10:00,16.290740966796875,18.856398,10.423194,27.106272
20001_0310_1,15,44782829,2024-05-14,11,11:00,17.156225204467773,19.490416,11.44106,27.696365
20001_0310_1,15,44782829,2024-05-14,12,12:00,25.209691365559895,29.661442,21.048727,38.277977
20001_0310_1,15,44782829,2024-05-14,13,13:00,36.98621114095052,30.547537,21.976833,39.469627
20001_0310_1,15,44782829,2024-05-14,14,14:00,26.521347045898438,21.132751,12.292785,30.045292
20001_0310_1,15,44782829,2024-05-14,15,15:00,17.201671600341797,24.76499,15.842905,33.457916
20001_0310_1,15,44782829,2024-05-14,16,16:00,26.013646443684895,29.936436,20.949419,38.980743
20001_0310_1,15,44782829,2024-05-14,17,17:00,38.03723907470703,37.361324,27.858686,46.28341
20001_0310_1,15,44782829,2024-05-14,18,18:00,44.4682373046875,45.244537,35.77246,54.777725
20001_0310_1,15,44782829,2024-05-14,19,19:00,31.079143524169922,28.439236,19.647009,37.804375
20001_0310_1,15,44782829,2024-05-14,20,20:00,12.886236190795898,16.094982,7.6388593,24.703876
20001_0310_1,15,44782829,2024-05-14,21,21:00,11.800000190734863,19.043547,11.6644945,26.376768
20001_0310_1,15,44782829,2024-05-14,22,22:00,11.878787994384766,17.97412,11.305472,24.4518
20001_0310_1,15,44782829,2024-05-14,23,23:00,,1.2452078,0.0,6.806235
20001_0310_1,15,44782829,2024-05-15,0,00:00,,0.0,0.0,3.8079896
20001_0310_1,15,44782829,2024-05-15,1,01:00,,0.0,0.0,3.1355672
20001_0310_1,15,44782829,2024-05-15,2,02:00,,0.0,0.0,3.624602
20001_0310_1,15,44782829,2024-05-15,3,03:00,,0.0,0.0,4.1747656
20001_0310_1,15,44782829,2024-05-15,4,04:00,,0.0,0.0,6.0697794
20001_0310_1,15,44782829,2024-05-15,5,05:00,20.948449452718098,23.774385,16.393011,31.46141
20001_0310_1,15,44782829,2024-05-15,6,06:00,28.318466186523438,34.34213,25.661755,42.900246
20001_0310_1,15,44782829,2024-05-15,7,07:00,46.13771438598633,42.564034,33.455757,51.061028
20001_0310_1,15,44782829,2024-05-15,8,08:00,35.88740793863932,28.42786,19.779959,36.588634
20001_0310_1,15,44782829,2024-05-15,9,09:00,30.222028732299805,27.052448,19.013931,34.87701
20001_0310_1,15,44782829,2024-05-15,10,10:00,23.53235626220703,17.485695,9.607642,25.210926
20001_0310_1,15,44782829,2024-05-15,11,11:00,16.784086227416992,17.951809,10.287707,25.906273
20001_0310_1,15,44782829,2024-05-15,12,12:00,42.82601420084635,27.617897,19.491505,35.916214
20001_0310_1,15,44782829,2024-05-15,13,13:00,24.37212371826172,30.674368,22.421896,39.232483
20001_0310_1,15,44782829,2024-05-15,14,14:00,15.963760375976562,21.293867,12.953522,29.611286
20001_0310_1,15,44782829,2024-05-15,15,15:00,34.49932352701823,24.52322,16.14849,32.79097
20001_0310_1,15,44782829,2024-05-15,16,16:00,35.54974365234375,28.855768,20.320574,36.955418
20001_0310_1,15,44782829,2024-05-15,17,17:00,40.207377115885414,35.96206,26.823212,44.275658
20001_0310_1,15,44782829,2024-05-15,18,18:00,47.48088073730469,44.1534,34.98399,52.77265
20001_0310_1,15,44782829,2024-05-15,19,19:00,26.557998657226562,27.006601,18.21543,35.503586
20001_0310_1,15,44782829,2024-05-15,20,20:00,15.566566467285156,15.30032,7.246519,23.079037
20001_0310_1,15,44782829,2024-05-15,21,21:00,29.885784149169922,17.844831,10.89136,24.698967
20001_0310_1,15,44782829,2024-05-15,22,22:00,23.27485466003418,16.446495,10.570431,22.528873
20001_0310_1,15,44782829,2024-05-15,23,23:00,,0.507002,0.0,5.6418734
20001_0310_1,15,44782829,2024-05-16,0,00:00,,0.16770658,0.0,4.9268045
20001_0310_1,15,44782829,2024-05-16,1,01:00,,0.04872912,0.0,4.21294
20001_0310_1,15,44782829,2024-05-16,2,02:00,,0.0,0.0,3.9749851
20001_0310_1,15,44782829,2024-05-16,3,03:00,,0.0,0.0,5.045782
20001_0310_1,15,44782829,2024-05-16,4,04:00,,1.1790149,0.0,7.5145645
20001_0310_1,15,44782829,2024-05-16,5,05:00,22.134096145629883,24.974504,16.89891,32.82701
20001_0310_1,15,44782829,2024-05-16,6,06:00,37.99164581298828,36.634296,27.026865,45.67658
20001_0310_1,15,44782829,2024-05-16,7,07:00,49.60521697998047,45.08169,34.938866,54.36193
20001_0310_1,15,44782829,2024-05-16,8,08:00,39.684590657552086,30.625933,20.771255,39.5195
20001_0310_1,15,44782829,2024-05-16,9,09:00,22.533880615234374,28.63306,19.404873,37.169693
20001_0310_1,15,44782829,2024-05-16,10,10:00,22.081710815429688,20.022068,11.037414,28.60146
20001_0310_1,15,44782829,2024-05-16,11,11:00,16.233333587646484,20.51099,11.649959,29.437088
20001_0310_1,15,44782829,2024-05-16,12,12:00,30.69598388671875,32.35111,23.0783,41.631348
20001_0310_1,15,44782829,2024-05-16,13,13:00,19.75098164876302,32.29162,22.79573,41.899048
20001_0310_1,15,44782829,2024-05-16,14,14:00,24.13629404703776,23.104326,13.452282,32.637394
20001_0310_1,15,44782829,2024-05-16,15,15:00,10.287823994954428,27.53252,18.006887,36.961483
20001_0310_1,15,44782829,2024-05-16,16,16:00,31.471853256225586,31.101843,21.63198,40.62004
20001_0310_1,15,44782829,2024-05-16,17,17:00,43.882904052734375,37.645603,27.681242,46.925842
20001_0310_1,15,44782829,2024-05-16,18,18:00,39.002532958984375,47.223286,37.34816,56.68199
20001_0310_1,15,44782829,2024-05-16,19,19:00,31.109503173828124,29.703857,20.628109,38.894867
20001_0310_1,15,44782829,2024-05-16,20,20:00,18.549245834350586,17.121992,8.726645,25.428106
20001_0310_1,15,44782829,2024-05-16,21,21:00,26.89783477783203,19.451347,12.212314,26.712688
20001_0310_1,15,44782829,2024-05-16,22,22:00,18.423076629638672,18.505106,12.303408,25.033995
20001_0310_1,15,44782829,2024-05-16,23,23:00,,2.1903234,0.0,7.96073
20001_0310_1,15,44782829,2024-05-17,0,00:00,,0.8747137,0.0,5.118762
20001_0310_1,15,44782829,2024-05-17,1,01:00,,0.6372851,0.0,4.3174396
20001_0310_1,15,44782829,2024-05-17,2,02:00,,0.0,0.0,4.0800095
20001_0310_1,15,44782829,2024-05-17,3,03:00,,0.0,0.0,4.7032614
20001_0310_1,15,44782829,2024-05-17,4,04:00,,0.103069216,0.0,6.602697
20001_0310_1,15,44782829,2024-05-17,5,05:00,26.639231363932293,23.081776,15.046276,31.028236
20001_0310_1,15,44782829,2024-05-17,6,06:00,26.900962829589844,37.55754,28.00101,46.936
20001_0310_1,15,44782829,2024-05-17,7,07:00,43.982486724853516,44.68042,34.500633,54.533733
20001_0310_1,15,44782829,2024-05-17,8,08:00,33.90150833129883,31.146952,21.04693,40.2583
20001_0310_1,15,44782829,2024-05-17,9,09:00,22.600723266601562,28.74298,19.451702,37.646572
20001_0310_1,15,44782829,2024-05-17,10,10:00,14.647504170735678,19.20871,10.14002,28.006575
20001_0310_1,15,44782829,2024-05-17,11,11:00,29.737079620361328,18.54094,9.62992,27.733906
20001_0310_1,15,44782829,2024-05-17,12,12:00,26.63101577758789,29.900448,20.943056,39.219547
20001_0310_1,15,44782829,2024-05-17,13,13:00,36.893701171875,30.286268,21.20089,40.13959
20001_0310_1,15,44782829,2024-05-17,14,14:00,12.46363639831543,23.17081,13.844289,32.95735
20001_0310_1,15,44782829,2024-05-17,15,15:00,36.21552276611328,25.137022,15.714046,34.827106
20001_0310_1,15,44782829,2024-05-17,16,16:00,24.785125732421875,28.92105,19.301453,38.83372
20001_0310_1,15,44782829,2024-05-17,17,17:00,51.457417805989586,34.73807,24.498928,44.472668
20001_0310_1,15,44782829,2024-05-17,18,18:00,48.88677978515625,41.890625,31.532772,51.625225
20001_0310_1,15,44782829,2024-05-17,19,19:00,22.766448974609375,27.971334,18.539082,37.60206
20001_0310_1,15,44782829,2024-05-17,20,20:00,10.044438680013021,16.52279,7.930817,25.21864
20001_0310_1,15,44782829,2024-05-17,21,21:00,18.763044357299805,20.683367,13.202487,28.160536
20001_0310_1,15,44782829,2024-05-17,22,22:00,24.782608032226562,16.7157,10.416403,23.36372
20001_0310_1,15,44782829,2024-05-17,23,23:00,,2.4180045,0.0,8.175665
20001_0310_1,15,44782829,2024-05-18,0,00:00,,0.0,0.0,4.2751236
20001_0310_1,15,44782829,2024-05-18,1,01:00,,0.0,0.0,3.3834407
20001_0310_1,15,44782829,2024-05-18,2,02:00,,0.5895006,0.0,4.6317954
20001_0310_1,15,44782829,2024-05-18,3,03:00,,0.0,0.0,3.5617766
20001_0310_1,15,44782829,2024-05-18,4,04:00,,0.0,0.0,6.5637736
20001_0310_1,15,44782829,2024-05-18,5,05:00,,21.923012,13.9275875,30.304827
20001_0310_1,15,44782829,2024-05-18,6,06:00,,32.303684,22.6958,42.34997
20001_0310_1,15,44782829,2024-05-18,7,07:00,,30.817547,20.576197,41.3394
20001_0310_1,15,44782829,2024-05-18,8,08:00,,21.560762,11.655655,31.510456
20001_0310_1,15,44782829,2024-05-18,9,09:00,,25.675507,16.342562,35.038177
20001_0310_1,15,44782829,2024-05-18,10,10:00,,15.421156,6.422591,24.612919
20001_0310_1,15,44782829,2024-05-18,11,11:00,,18.471457,9.365147,27.882425
20001_0310_1,15,44782829,2024-05-18,12,12:00,,29.331406,20.121067,38.902126
20001_0310_1,15,44782829,2024-05-18,13,13:00,,29.182795,19.76068,39.377697
20001_0310_1,15,44782829,2024-05-18,14,14:00,,22.205376,12.426588,32.26653
20001_0310_1,15,44782829,2024-05-18,15,15:00,,24.18937,14.306553,34.32483
20001_0310_1,15,44782829,2024-05-18,16,16:00,23.571428298950195,23.401716,13.318272,33.79725
20001_0310_1,15,44782829,2024-05-18,17,17:00,,28.454584,17.854708,38.78324
20001_0310_1,15,44782829,2024-05-18,18,18:00,,40.71522,30.133924,51.296528
20001_0310_1,15,44782829,2024-05-18,19,19:00,,26.106487,16.506039,36.197365
20001_0310_1,15,44782829,2024-05-18,20,20:00,,13.429731,4.7804093,22.569479
20001_0310_1,15,44782829,2024-05-18,21,21:00,,18.96188,11.91387,26.834694
20001_0310_1,15,44782829,2024-05-18,22,22:00,,16.624928,10.94788,23.371992
20001_0310_1,15,44782829,2024-05-18,23,23:00,,1.3622925,0.0,7.277121
20001_0310_1,15,44782829,2024-05-19,0,00:00,,0.0,0.0,4.1541233
20001_0310_1,15,44782829,2024-05-19,1,01:00,,0.0,0.0,3.8584151
20001_0310_1,15,44782829,2024-05-19,2,02:00,,0.0,0.0,3.0895748
20001_0310_1,15,44782829,2024-05-19,3,03:00,,0.0,0.0,3.533138
20001_0310_1,15,44782829,2024-05-19,4,04:00,,0.0,0.0,6.1057925
20001_0310_1,15,44782829,2024-05-19,5,05:00,,23.23465,15.664537,31.322252
20001_0310_1,15,44782829,2024-05-19,6,06:00,,31.24093,21.955713,40.467003
20001_0310_1,15,44782829,2024-05-19,7,07:00,,29.466684,19.414248,38.840614
20001_0310_1,15,44782829,2024-05-19,8,08:00,,22.51756,12.6926775,31.529243
20001_0310_1,15,44782829,2024-05-19,9,09:00,,24.343552,14.851343,33.05214
20001_0310_1,15,44782829,2024-05-19,10,10:00,,14.666525,5.041247,23.53036
20001_0310_1,15,44782829,2024-05-19,11,11:00,,18.237192,8.482541,27.614819
20001_0310_1,15,44782829,2024-05-19,12,12:00,,28.195145,18.144787,38.101345
20001_0310_1,15,44782829,2024-05-19,13,13:00,,29.082264,18.721413,39.52074
20001_0310_1,15,44782829,2024-05-19,14,14:00,,21.339811,10.625034,31.70898
20001_0310_1,15,44782829,2024-05-19,15,15:00,,23.966526,13.343236,34.19061
20001_0310_1,15,44782829,2024-05-19,16,16:00,,24.33616,13.557623,34.62678
20001_0310_1,15,44782829,2024-05-19,17,17:00,,27.899435,16.677336,37.89435
20001_0310_1,15,44782829,2024-05-19,18,18:00,,42.18211,30.915655,52.531876
20001_0310_1,15,44782829,2024-05-19,19,19:00,,26.908817,16.795622,37.095943
20001_0310_1,15,44782829,2024-05-19,20,20:00,,13.661119,4.3611193,22.916763
20001_0310_1,15,44782829,2024-05-19,21,21:00,,18.632702,11.092162,26.616806
20001_0310_1,15,44782829,2024-05-19,22,22:00,,16.90651,10.652295,23.885206
20001_0310_1,15,44782829,2024-05-19,23,23:00,,0.96048236,0.0,6.992916
20001_0310_1,15,44782829,2024-05-20,0,00:00,,0.0,0.0,4.792959
20001_0310_1,15,44782829,2024-05-20,1,01:00,,0.0,0.0,3.6713433
20001_0310_1,15,44782829,2024-05-20,2,02:00,,0.0703668,0.0,4.084571
20001_0310_1,15,44782829,2024-05-20,3,03:00,,0.0,0.0,3.7894087
20001_0310_1,15,44782829,2024-05-20,4,04:00,,0.89681995,0.0,7.2428045
20001_0310_1,15,44782829,2024-05-20,5,05:00,18.339806874593098,24.22938,16.2969,32.27254
20001_0310_1,15,44782829,2024-05-20,6,06:00,37.69538497924805,34.013996,24.185102,43.282085
20001_0310_1,15,44782829,2024-05-20,7,07:00,40.826194763183594,41.86531,31.38706,51.310497
20001_0310_1,15,44782829,2024-05-20,8,08:00,46.55372619628906,28.49447,18.292933,37.2903
20001_0310_1,15,44782829,2024-05-20,9,09:00,25.69253158569336,26.251238,16.621578,34.69287
20001_0310_1,15,44782829,2024-05-20,10,10:00,21.10684585571289,18.263418,8.615307,26.679226
20001_0310_1,15,44782829,2024-05-20,11,11:00,23.69866180419922,19.777967,10.046844,28.67157
20001_0310_1,15,44782829,2024-05-20,12,12:00,23.046796162923176,31.15093,21.12649,40.448532
20001_0310_1,15,44782829,2024-05-20,13,13:00,23.301564534505207,30.324476,20.115559,40.06482
20001_0310_1,15,44782829,2024-05-20,14,14:00,19.68147850036621,21.156006,10.814266,30.649155
20001_0310_1,15,44782829,2024-05-20,15,15:00,21.486867904663086,24.096558,13.765886,33.143272
20001_0310_1,15,44782829,2024-05-20,16,16:00,23.32818603515625,27.948421,17.647264,37.12796
20001_0310_1,15,44782829,2024-05-20,17,17:00,46.560577392578125,33.482708,22.768332,42.632736
20001_0310_1,15,44782829,2024-05-20,18,18:00,55.38653564453125,44.167572,33.512226,53.730827
20001_0310_1,15,44782829,2024-05-20,19,19:00,22.716751098632812,28.258343,18.254194,37.437878
20001_0310_1,15,44782829,2024-05-20,20,20:00,19.21593983968099,16.37069,7.316593,24.989422
20001_0310_1,15,44782829,2024-05-20,21,21:00,10.594444274902344,18.96074,11.264389,26.273382
20001_0310_1,15,44782829,2024-05-20,22,22:00,19.343297958374023,16.319038,10.009949,22.731434
20001_0310_1,15,44782829,2024-05-20,23,23:00,,1.5461769,0.0,7.036191
20001_0310_1,15,44782829,2024-05-21,0,00:00,,0.0,0.0,4.281172
20001_0310_1,15,44782829,2024-05-21,1,01:00,,0.23220688,0.0,3.8643663
20001_0310_1,15,44782829,2024-05-21,2,02:00,,0.0,0.0,3.6261916
20001_0310_1,15,44782829,2024-05-21,3,03:00,,0.0,0.0,3.745279
20001_0310_1,15,44782829,2024-05-21,4,04:00,,0.29175013,0.0,6.275882
20001_0310_1,15,44782829,2024-05-21,5,05:00,21.797571818033855,22.68759,15.475368,30.242184
20001_0310_1,15,44782829,2024-05-21,6,06:00,37.85492451985677,33.725483,24.972574,42.478394
20001_0310_1,15,44782829,2024-05-21,7,07:00,40.39249801635742,42.09136,32.713245,51.0229
20001_0310_1,15,44782829,2024-05-21,8,08:00,45.92102813720703,30.271955,20.94966,38.905777
20001_0310_1,15,44782829,2024-05-21,9,09:00,28.534343719482422,26.029472,17.187248,34.35069
20001_0310_1,15,44782829,2024-05-21,10,10:00,21.64285659790039,18.958672,9.910367,27.282215
20001_0310_1,15,44782829,2024-05-21,11,11:00,18.144817352294922,18.601408,9.677311,27.33199
20001_0310_1,15,44782829,2024-05-21,12,12:00,42.71334330240885,29.67652,20.330034,38.876003
20001_0310_1,15,44782829,2024-05-21,13,13:00,23.9133243560791,29.3788,19.838799,38.846233
20001_0310_1,15,44782829,2024-05-21,14,14:00,17.35257339477539,21.466946,11.872982,30.807848
20001_0310_1,15,44782829,2024-05-21,15,15:00,25.461538314819336,22.843891,13.115954,31.782875
20001_0310_1,15,44782829,2024-05-21,16,16:00,31.74846903483073,28.455873,18.742823,37.685135
20001_0310_1,15,44782829,2024-05-21,17,17:00,38.84376907348633,38.578285,28.336786,47.86709
20001_0310_1,15,44782829,2024-05-21,18,18:00,25.72161102294922,44.53265,34.320923,54.059624
20001_0310_1,15,44782829,2024-05-21,19,19:00,18.166787719726564,27.875324,18.40789,37.238552
20001_0310_1,15,44782829,2024-05-21,20,20:00,10.900873184204102,15.653998,7.0350623,24.124077
20001_0310_1,15,44782829,2024-05-21,21,21:00,,18.560474,11.218003,25.657328
20001_0310_1,15,44782829,2024-05-21,22,22:00,10.88888931274414,16.38341,10.190875,22.56106
20001_0310_1,15,44782829,2024-05-21,23,23:00,,1.1253607,0.0,6.2163386
20001_0310_1,15,44782829,2024-05-22,0,00:00,,0.4702461,0.0,5.295614
20001_0310_1,15,44782829,2024-05-22,1,01:00,,0.0,0.0,3.3121808
20001_0310_1,15,44782829,2024-05-22,2,02:00,,0.0,0.0,3.1345599
20001_0310_1,15,44782829,2024-05-22,3,03:00,,0.0,0.0,5.1772
20001_0310_1,15,44782829,2024-05-22,4,04:00,,1.417558,0.0,8.285566
20001_0310_1,15,44782829,2024-05-22,5,05:00,33.96334330240885,22.569246,14.62071,31.080246
20001_0310_1,15,44782829,2024-05-22,6,06:00,28.354337056477863,33.359715,23.568365,42.951244
20001_0310_1,15,44782829,2024-05-22,7,07:00,42.83097839355469,42.86243,32.3828,52.749992
20001_0310_1,15,44782829,2024-05-22,8,08:00,39.41876220703125,31.761126,21.58863,41.26384
20001_0310_1,15,44782829,2024-05-22,9,09:00,109.96295928955078,27.764658,18.113922,37.104553
20001_0310_1,15,44782829,2024-05-22,10,10:00,13.73400624593099,18.402555,8.675959,27.814611
20001_0310_1,15,44782829,2024-05-22,11,11:00,19.843971252441406,19.510836,9.854549,29.274435
20001_0310_1,15,44782829,2024-05-22,12,12:00,32.52327982584635,30.576986,20.456293,40.701374
20001_0310_1,15,44782829,2024-05-22,13,13:00,30.317893981933594,28.38633,18.076916,38.71794
20001_0310_1,15,44782829,2024-05-22,14,14:00,25.47876485188802,20.806452,10.393427,30.760622
20001_0310_1,15,44782829,2024-05-22,15,15:00,15.35137685139974,24.833912,14.561503,34.514248
20001_0310_1,15,44782829,2024-05-22,16,16:00,29.889623006184895,29.392849,19.12044,39.07319
20001_0310_1,15,44782829,2024-05-22,17,17:00,28.00808334350586,37.178562,26.565714,46.8885
20001_0310_1,15,44782829,2024-05-22,18,18:00,62.14798355102539,41.32305,30.813816,51.269825
20001_0310_1,15,44782829,2024-05-22,19,19:00,18.394389343261718,25.411182,15.760446,35.13592
20001_0310_1,15,44782829,2024-05-22,20,20:00,13.038461685180664,15.079564,6.2429256,24.034618
20001_0310_1,15,44782829,2024-05-22,21,21:00,14.09313710530599,19.963215,12.451331,27.919151
20001_0310_1,15,44782829,2024-05-22,22,22:00,12.778732299804688,16.507935,10.165388,23.486958
20001_0310_1,15,44782829,2024-05-22,23,23:00,,0.8254883,0.0,6.598167
20001_0310_1,15,44782829,2024-05-23,0,00:00,,0.009660661,0.0,5.2558513
20001_0310_1,15,44782829,2024-05-23,1,01:00,,0.38217124,0.0,5.069596
20001_0310_1,15,44782829,2024-05-23,2,02:00,,0.0,0.0,5.100638
20001_0310_1,15,44782829,2024-05-23,3,03:00,,0.0,0.0,5.8456583
20001_0310_1,15,44782829,2024-05-23,4,04:00,,1.9342979,0.0,9.477636
20001_0310_1,15,44782829,2024-05-23,5,05:00,24.42798614501953,21.871372,13.08245,31.211294
20001_0310_1,15,44782829,2024-05-23,6,06:00,36.5263417561849,34.404797,23.757204,44.866135
20001_0310_1,15,44782829,2024-05-23,7,07:00,39.18626403808594,41.047905,29.531122,51.912796
20001_0310_1,15,44782829,2024-05-23,8,08:00,34.42446594238281,31.983479,20.579226,42.972538
20001_0310_1,15,44782829,2024-05-23,9,09:00,29.90630594889323,29.096523,18.313122,40.14767
20001_0310_1,15,44782829,2024-05-23,10,10:00,19.53305435180664,18.809801,8.047739,30.181072
20001_0310_1,15,44782829,2024-05-23,11,11:00,13.88690439860026,20.473488,9.876339,32.133842
20001_0310_1,15,44782829,2024-05-23,12,12:00,21.660938262939453,30.648653,20.233881,42.631073
20001_0310_1,15,44782829,2024-05-23,13,13:00,22.453333536783855,27.528875,17.160666,39.48026
20001_0310_1,15,44782829,2024-05-23,14,14:00,18.38165537516276,20.586987,10.013119,32.11541
20001_0310_1,15,44782829,2024-05-23,15,15:00,12.78125,24.246126,13.955523,35.21967
20001_0310_1,15,44782829,2024-05-23,16,16:00,18.674575805664062,27.296057,17.013214,38.40929
20001_0310_1,15,44782829,2024-05-23,17,17:00,33.95555114746094,34.52897,23.6796,45.331776
20001_0310_1,15,44782829,2024-05-23,18,18:00,60.370208740234375,42.413773,31.486795,53.27866
20001_0310_1,15,44782829,2024-05-23,19,19:00,19.676021575927734,25.930183,15.794793,36.438084
20001_0310_1,15,44782829,2024-05-23,20,20:00,26.315723419189453,15.546453,6.2336907,25.12308
20001_0310_1,15,44782829,2024-05-23,21,21:00,14.685174942016602,18.491615,10.560243,26.547152
20001_0310_1,15,44782829,2024-05-23,22,22:00,19.904762268066406,16.95113,10.308024,24.184042
20001_0310_1,15,44782829,2024-05-23,23,23:00,,2.3068087,0.0,8.453232
20001_0310_1,15,44782829,2024-05-24,0,00:00,,0.27565357,0.0,5.485743
20001_0310_1,15,44782829,2024-05-24,1,01:00,,0.02755481,0.0,4.462334
20001_0310_1,15,44782829,2024-05-24,2,02:00,,0.0,0.0,4.865495
20001_0310_1,15,44782829,2024-05-24,3,03:00,,0.0,0.0,5.144606
20001_0310_1,15,44782829,2024-05-24,4,04:00,,1.8262763,0.0,9.362298
20001_0310_1,15,44782829,2024-05-24,5,05:00,28.89831034342448,22.182064,13.359027,31.29972
20001_0310_1,15,44782829,2024-05-24,6,06:00,33.234883626302086,33.76909,23.116312,44.25129
20001_0310_1,15,44782829,2024-05-24,7,07:00,50.32036844889323,38.545002,27.27198,49.33733
20001_0310_1,15,44782829,2024-05-24,8,08:00,36.693365478515624,30.63683,19.435526,41.21207
20001_0310_1,15,44782829,2024-05-24,9,09:00,26.279866536458332,28.962158,18.359783,39.351326
20001_0310_1,15,44782829,2024-05-24,10,10:00,15.191879272460938,17.580595,7.1604166,27.845713
20001_0310_1,15,44782829,2024-05-24,11,11:00,22.96344757080078,19.904589,9.918583,30.417805
20001_0310_1,15,44782829,2024-05-24,12,12:00,30.671824137369793,27.93875,17.983755,38.793106
20001_0310_1,15,44782829,2024-05-24,13,13:00,30.591062545776367,26.155533,16.17728,37.164944
20001_0310_1,15,44782829,2024-05-24,14,14:00,26.680941263834637,20.581047,10.48456,31.262892
20001_0310_1,15,44782829,2024-05-24,15,15:00,39.95454406738281,22.596855,12.541074,33.00928
20001_0310_1,15,44782829,2024-05-24,16,16:00,22.462352752685547,25.070097,14.72745,35.598824
20001_0310_1,15,44782829,2024-05-24,17,17:00,37.59749984741211,33.458965,22.496067,43.755093
20001_0310_1,15,44782829,2024-05-24,18,18:00,36.86646423339844,44.49939,33.489975,54.981594
20001_0310_1,15,44782829,2024-05-24,19,19:00,32.7966796875,26.078003,16.185038,36.358627
20001_0310_1,15,44782829,2024-05-24,20,20:00,15.570571899414062,15.332191,6.3075724,24.635921
20001_0310_1,15,44782829,2024-05-24,21,21:00,15.492063522338867,18.828844,11.269563,26.667238
20001_0310_1,15,44782829,2024-05-24,22,22:00,14.10988998413086,16.239305,10.01356,23.255869
20001_0310_1,15,44782829,2024-05-24,23,23:00,,1.7642506,0.0,7.9357247
20001_0310_1,15,44782829,2024-05-25,0,00:00,,0.0,0.0,4.950809
20001_0310_1,15,44782829,2024-05-25,1,01:00,,0.0,0.0,3.5411048
20001_0310_1,15,44782829,2024-05-25,2,02:00,,0.0,0.0,4.36854
20001_0310_1,15,44782829,2024-05-25,3,03:00,,0.0,0.0,4.5524144
20001_0310_1,15,44782829,2024-05-25,4,04:00,,1.6410692,0.0,8.904111
20001_0310_1,15,44782829,2024-05-25,5,05:00,,24.104399,15.768755,33.12957
20001_0310_1,15,44782829,2024-05-25,6,06:00,,32.86908,22.644896,43.56444
20001_0310_1,15,44782829,2024-05-25,7,07:00,,35.25945,24.242306,46.475792
20001_0310_1,15,44782829,2024-05-25,8,08:00,,26.46412,15.561896,37.312714
20001_0310_1,15,44782829,2024-05-25,9,09:00,,27.444786,17.052046,37.879658
20001_0310_1,15,44782829,2024-05-25,10,10:00,,15.607865,5.54074,25.92016
20001_0310_1,15,44782829,2024-05-25,11,11:00,,19.868584,10.004963,30.537611
20001_0310_1,15,44782829,2024-05-25,12,12:00,,29.589987,19.48072,40.49987
20001_0310_1,15,44782829,2024-05-25,13,13:00,,27.490753,17.316366,38.66113
20001_0310_1,15,44782829,2024-05-25,14,14:00,,22.541466,12.213852,33.420704
20001_0310_1,15,44782829,2024-05-25,15,15:00,,25.391521,15.125197,36.07156
20001_0310_1,15,44782829,2024-05-25,16,16:00,,25.989113,15.401007,36.66915
20001_0310_1,15,44782829,2024-05-25,17,17:00,,31.30615,20.172163,41.878925
20001_0310_1,15,44782829,2024-05-25,18,18:00,,41.84828,30.601297,52.758167
20001_0310_1,15,44782829,2024-05-25,19,19:00,,25.667332,15.538912,36.42399
20001_0310_1,15,44782829,2024-05-25,20,20:00,,14.021949,4.5677376,23.78262
20001_0310_1,15,44782829,2024-05-25,21,21:00,,17.91396,10.183571,26.39517
20001_0310_1,15,44782829,2024-05-25,22,22:00,,15.707464,9.402102,23.112244
20001_0310_1,15,44782829,2024-05-25,23,23:00,,0.7216963,0.0,7.1573024
20001_0310_1,15,44782829,2024-05-26,0,00:00,,0.0,0.0,5.0573034
20001_0310_1,15,44782829,2024-05-26,1,01:00,,0.0,0.0,4.1149583
20001_0310_1,15,44782829,2024-05-26,2,02:00,,0.0,0.0,4.2365522
20001_0310_1,15,44782829,2024-05-26,3,03:00,,0.0,0.0,4.0237637
20001_0310_1,15,44782829,2024-05-26,4,04:00,,1.1359365,0.0,8.613893
20001_0310_1,15,44782829,2024-05-26,5,05:00,,21.624315,12.892435,31.32894
20001_0310_1,15,44782829,2024-05-26,6,06:00,,30.774176,20.157606,42.051907
20001_0310_1,15,44782829,2024-05-26,7,07:00,,28.403114,16.988592,40.167213
20001_0310_1,15,44782829,2024-05-26,8,08:00,,24.679335,13.356008,36.245846
20001_0310_1,15,44782829,2024-05-26,9,09:00,,25.12011,14.267955,36.29144
20001_0310_1,15,44782829,2024-05-26,10,10:00,,14.131162,3.4309988,25.211304
20001_0310_1,15,44782829,2024-05-26,11,11:00,,17.927137,7.4625597,29.31886
20001_0310_1,15,44782829,2024-05-26,12,12:00,,28.555105,18.03923,40.000023
20001_0310_1,15,44782829,2024-05-26,13,13:00,,26.032055,15.331892,37.76576
20001_0310_1,15,44782829,2024-05-26,14,14:00,,20.661076,9.949513,32.200993
20001_0310_1,15,44782829,2024-05-26,15,15:00,,22.91624,12.132481,34.414352
20001_0310_1,15,44782829,2024-05-26,16,16:00,,23.018835,11.801901,34.554947
20001_0310_1,15,44782829,2024-05-26,17,17:00,,26.944,15.179899,38.343323
20001_0310_1,15,44782829,2024-05-26,18,18:00,,40.471195,28.707094,51.840122
20001_0310_1,15,44782829,2024-05-26,19,19:00,,25.196106,14.830322,36.04826
20001_0310_1,15,44782829,2024-05-26,20,20:00,,14.100764,4.8141165,23.721792
20001_0310_1,15,44782829,2024-05-26,21,21:00,,17.414167,10.057806,25.576082
20001_0310_1,15,44782829,2024-05-26,22,22:00,,15.103905,9.206656,22.194283
20001_0310_1,15,44782829,2024-05-26,23,23:00,,1.0751398,0.0,7.093982
20001_0310_1,15,44782829,2024-05-27,0,00:00,,0.0,0.0,4.1851463
20001_0310_1,15,44782829,2024-05-27,1,01:00,,0.0,0.0,3.5786514
20001_0310_1,15,44782829,2024-05-27,2,02:00,,0.0,0.0,3.3967023
20001_0310_1,15,44782829,2024-05-27,3,03:00,,0.0,0.0,4.0031977
20001_0310_1,15,44782829,2024-05-27,4,04:00,,1.3346199,0.0,8.309314
20001_0310_1,15,44782829,2024-05-27,5,05:00,16.621601104736328,22.00473,13.551704,30.912626
20001_0310_1,15,44782829,2024-05-27,6,06:00,29.788958740234374,34.540226,23.994795,44.82032
20001_0310_1,15,44782829,2024-05-27,7,07:00,44.245503743489586,39.301212,27.94459,49.975525
20001_0310_1,15,44782829,2024-05-27,8,08:00,33.159375508626304,32.02327,20.780369,42.33369
20001_0310_1,15,44782829,2024-05-27,9,09:00,30.20899200439453,28.990795,18.343014,39.088936
20001_0310_1,15,44782829,2024-05-27,10,10:00,18.214548110961914,16.186169,5.625572,26.185755
20001_0310_1,15,44782829,2024-05-27,11,11:00,13.424312591552734,19.654562,9.315717,29.845577
20001_0310_1,15,44782829,2024-05-27,12,12:00,32.56087748209635,30.173462,19.726583,40.514202
20001_0310_1,15,44782829,2024-05-27,13,13:00,27.59035873413086,26.413193,15.981476,36.875233
20001_0310_1,15,44782829,2024-05-27,14,14:00,16.21830940246582,20.395622,10.117428,30.677608
20001_0310_1,15,44782829,2024-05-27,15,15:00,18.360401153564453,23.160862,12.99449,33.03915
20001_0310_1,15,44782829,2024-05-27,16,16:00,24.93405532836914,24.684679,14.374263,34.5099
20001_0310_1,15,44782829,2024-05-27,17,17:00,56.6846923828125,32.053596,21.345165,41.727192
20001_0310_1,15,44782829,2024-05-27,18,18:00,61.073848724365234,43.910576,33.387886,53.857098
20001_0310_1,15,44782829,2024-05-27,19,19:00,24.61848602294922,26.59514,17.239954,36.086784
20001_0310_1,15,44782829,2024-05-27,20,20:00,20.601797103881836,16.087612,7.7255616,24.54822
20001_0310_1,15,44782829,2024-05-27,21,21:00,14.888925552368164,17.528038,10.712551,24.570961
20001_0310_1,15,44782829,2024-05-27,22,22:00,12.54145336151123,16.163425,10.750457,22.38758
20001_0310_1,15,44782829,2024-05-27,23,23:00,,1.9411141,0.0,7.3085957
20001_0310_1,15,44782829,2024-05-28,0,00:00,,0.0,0.0,4.373157
20001_0310_1,15,44782829,2024-05-28,1,01:00,,0.0,0.0,3.5743444
20001_0310_1,15,44782829,2024-05-28,2,02:00,,0.010419011,0.0,4.40388
20001_0310_1,15,44782829,2024-05-28,3,03:00,,0.0,0.0,4.7725625
20001_0310_1,15,44782829,2024-05-28,4,04:00,,0.50199515,0.0,7.568402
20001_0310_1,15,44782829,2024-05-28,5,05:00,33.95314407348633,21.808743,13.88592,30.783846
20001_0310_1,15,44782829,2024-05-28,6,06:00,29.333913167317707,33.59121,23.828815,44.252266
20001_0310_1,15,44782829,2024-05-28,7,07:00,46.22309875488281,38.967823,28.291403,50.08973
20001_0310_1,15,44782829,2024-05-28,8,08:00,38.44491958618164,31.778519,21.259558,42.470303
20001_0310_1,15,44782829,2024-05-28,9,09:00,29.106089274088543,29.93511,20.092068,40.3811
20001_0310_1,15,44782829,2024-05-28,10,10:00,24.982749938964844,17.703316,7.873716,28.08978
20001_0310_1,15,44782829,2024-05-28,11,11:00,16.938596725463867,18.936098,9.346525,29.624035
20001_0310_1,15,44782829,2024-05-28,12,12:00,26.762619018554688,28.306765,18.62118,39.182888
20001_0310_1,15,44782829,2024-05-28,13,13:00,31.460825602213543,25.772076,16.048088,36.77109
20001_0310_1,15,44782829,2024-05-28,14,14:00,18.965801239013672,21.25764,11.502928,31.964785
20001_0310_1,15,44782829,2024-05-28,15,15:00,29.019933064778645,23.122173,13.298336,33.49904
20001_0310_1,15,44782829,2024-05-28,16,16:00,26.533101399739582,26.186842,16.094173,36.878624
20001_0310_1,15,44782829,2024-05-28,17,17:00,46.36168670654297,36.11054,25.326586,46.92521
20001_0310_1,15,44782829,2024-05-28,18,18:00,65.5715560913086,45.23542,34.174953,56.35733
20001_0310_1,15,44782829,2024-05-28,19,19:00,24.76703643798828,26.816677,16.747047,37.53918
20001_0310_1,15,44782829,2024-05-28,20,20:00,17.830148696899414,16.455175,7.2074,26.117716
20001_0310_1,15,44782829,2024-05-28,21,21:00,23.27520751953125,17.008196,9.388769,25.042393
20001_0310_1,15,44782829,2024-05-28,22,22:00,12.847725868225098,14.435102,8.059976,21.559114
20001_0310_1,15,44782829,2024-05-28,23,23:00,,0.31765378,0.0,6.308737
20001_0310_1,15,44782829,2024-05-29,0,00:00,,0.16297284,0.0,4.6237826
20001_0310_1,15,44782829,2024-05-29,1,01:00,,0.0,0.0,3.4466255
20001_0310_1,15,44782829,2024-05-29,2,02:00,,0.16297284,0.0,4.4069376
20001_0310_1,15,44782829,2024-05-29,3,03:00,,0.0,0.0,5.39823
20001_0310_1,15,44782829,2024-05-29,4,04:00,,1.1542645,0.0,8.588948
20001_0310_1,15,44782829,2024-05-29,5,05:00,19.44394302368164,25.40992,16.87552,35.121475
20001_0310_1,15,44782829,2024-05-29,6,06:00,36.05083084106445,34.88914,24.302462,46.381924
20001_0310_1,15,44782829,2024-05-29,7,07:00,36.68348693847656,43.222183,31.791357,55.241585
20001_0310_1,15,44782829,2024-05-29,8,08:00,36.6288096110026,33.58807,22.397324,45.297695
20001_0310_1,15,44782829,2024-05-29,9,09:00,60.29701232910156,32.844604,22.203714,44.182495
20001_0310_1,15,44782829,2024-05-29,10,10:00,19.189376831054688,18.285015,7.9301834,29.521746
20001_0310_1,15,44782829,2024-05-29,11,11:00,28.299662272135418,20.583183,10.501831,32.2173
20001_0310_1,15,44782829,2024-05-29,12,12:00,23.8388671875,29.901707,19.609318,41.735245
20001_0310_1,15,44782829,2024-05-29,13,13:00,32.96013895670573,27.919127,17.487333,39.783646
20001_0310_1,15,44782829,2024-05-29,14,14:00,23.51574198404948,21.917168,11.407933,33.18536
20001_0310_1,15,44782829,2024-05-29,15,15:00,24.38239288330078,25.40992,15.032341,36.43803
20001_0310_1,15,44782829,2024-05-29,16,16:00,29.329439798990887,27.748747,16.883266,38.699417
20001_0310_1,15,44782829,2024-05-29,17,17:00,38.783321380615234,38.079857,26.509632,49.16993
20001_0310_1,15,44782829,2024-05-29,18,18:00,50.93869400024414,48.550373,36.964657,59.76435
20001_0310_1,15,44782829,2024-05-29,19,19:00,19.481808471679688,27.54739,16.999435,38.529037
20001_0310_1,15,44782829,2024-05-29,20,20:00,19.796849060058594,16.860033,7.342089,26.470911
20001_0310_1,15,44782829,2024-05-29,21,21:00,12.161947250366211,18.649004,10.935519,26.842646
20001_0310_1,15,44782829,2024-05-29,22,22:00,9.475041389465332,15.140763,8.85226,22.265669
20001_0310_1,15,44782829,2024-05-29,23,23:00,,0.41079596,0.0,6.203654
20001_0310_1,15,44782829,2024-05-30,0,00:00,,0.0,0.0,4.758419
20001_0310_1,15,44782829,2024-05-30,1,01:00,,0.15290096,0.0,4.3197985
20001_0310_1,15,44782829,2024-05-30,2,02:00,,0.0,0.0,4.163147
20001_0310_1,15,44782829,2024-05-30,3,03:00,,0.0,0.0,5.917631
20001_0310_1,15,44782829,2024-05-30,4,04:00,,0.9048234,0.0,8.549354
20001_0310_1,15,44782829,2024-05-30,5,05:00,,23.391964,14.173098,33.174774
20001_0310_1,15,44782829,2024-05-30,6,06:00,,32.736153,21.46908,44.202946
20001_0310_1,15,44782829,2024-05-30,7,07:00,,41.257927,29.258516,53.288662
20001_0310_1,15,44782829,2024-05-30,8,08:00,,31.858908,20.04748,43.576344
20001_0310_1,15,44782829,2024-05-30,9,09:00,,33.26876,22.299324,44.516247
20001_0310_1,15,44782829,2024-05-30,10,10:00,,18.379156,8.040239,29.469994
20001_0310_1,15,44782829,2024-05-30,11,11:00,,20.183573,10.328314,31.319447
20001_0310_1,15,44782829,2024-05-30,12,12:00,,28.318611,18.492725,39.550438
20001_0310_1,15,44782829,2024-05-30,13,13:00,,26.454477,16.71083,37.76462
20001_0310_1,15,44782829,2024-05-30,14,14:00,,21.504328,11.474796,32.403275
20001_0310_1,15,44782829,2024-05-30,15,15:00,,24.645166,14.603887,35.595024
20001_0310_1,15,44782829,2024-05-30,16,16:00,,26.34482,15.911915,37.46699
20001_0310_1,15,44782829,2024-05-30,17,17:00,,35.054573,23.908907,45.988758
20001_0310_1,15,44782829,2024-05-30,18,18:00,,49.591717,38.37556,60.745216
20001_0310_1,15,44782829,2024-05-30,19,19:00,,26.34482,16.17039,36.903046
20001_0310_1,15,44782829,2024-05-30,20,20:00,,17.29827,8.283049,26.548466
20001_0310_1,15,44782829,2024-05-30,21,21:00,,17.58024,10.2764225,25.189526
20001_0310_1,15,44782829,2024-05-30,22,22:00,,14.737039,8.784329,21.33593
20001_0310_1,15,44782829,2024-05-30,23,23:00,,1.4687638,0.0,7.014182
20001_0310_1,15,44782829,2024-05-31,0,00:00,,0.47649562,0.0,4.7332225
20001_0310_1,15,44782829,2024-05-31,1,01:00,,0.0,0.0,3.418645
20001_0310_1,15,44782829,2024-05-31,2,02:00,,0.100902826,0.0,4.0759344
20001_0310_1,15,44782829,2024-05-31,3,03:00,,0.2886992,0.0,5.234015
20001_0310_1,15,44782829,2024-05-31,4,04:00,,0.4138965,0.0,7.080684
20001_0310_1,15,44782829,2024-05-31,5,05:00,,25.891665,17.151287,34.49902
20001_0310_1,15,44782829,2024-05-31,6,06:00,,34.686813,24.170197,45.328636
20001_0310_1,15,44782829,2024-05-31,7,07:00,,42.981174,31.744661,54.561977
20001_0310_1,15,44782829,2024-05-31,8,08:00,,31.775963,20.484676,42.88727
20001_0310_1,15,44782829,2024-05-31,9,09:00,,31.619465,20.99721,42.292587
20001_0310_1,15,44782829,2024-05-31,10,10:00,,17.605131,7.6049504,28.2313
20001_0310_1,15,44782829,2024-05-31,11,11:00,,21.998793,12.475927,32.695385
20001_0310_1,15,44782829,2024-05-31,12,12:00,,30.86828,21.212393,41.541397
20001_0310_1,15,44782829,2024-05-31,13,13:00,,29.428503,19.899773,40.195515
20001_0310_1,15,44782829,2024-05-31,14,14:00,,24.545786,14.96815,35.218906
20001_0310_1,15,44782829,2024-05-31,15,15:00,,28.239126,18.700613,39.131344
20001_0310_1,15,44782829,2024-05-31,16,16:00,,27.597486,17.550356,38.59925
20001_0310_1,15,44782829,2024-05-31,17,17:00,,36.721283,25.82907,47.5509
20001_0310_1,15,44782829,2024-05-31,18,18:00,,50.743443,39.726032,61.760864
20001_0310_1,15,44782829,2024-05-31,19,19:00,,28.646017,18.671268,38.943546
20001_0310_1,15,44782829,2024-05-31,20,20:00,,17.174763,8.317014,26.016865
20001_0310_1,15,44782829,2024-05-31,21,21:00,,18.03941,10.754457,25.26176
20001_0310_1,15,44782829,2024-05-31,22,22:00,,16.094929,10.132379,22.155287
20001_0310_1,15,44782829,2024-05-31,23,23:00,,1.4780794,0.0,6.5485935
20001_0310_1,16,44783639,2024-05-01,0,00:00,,0.24880369,0.0,6.736077
20001_0310_1,16,44783639,2024-05-01,1,01:00,,0.07581034,0.0,6.0152698
20001_0310_1,16,44783639,2024-05-01,2,02:00,,1.3444322,0.0,7.6010475
20001_0310_1,16,44783639,2024-05-01,3,03:00,,0.7101213,0.0,8.264193
20001_0310_1,16,44783639,2024-05-01,4,04:00,,2.4400606,0.0,11.882648
20001_0310_1,16,44783639,2024-05-01,5,05:00,,26.313229,17.414852,38.220978
20001_0310_1,16,44783639,2024-05-01,6,06:00,,34.78993,24.035471,48.45645
20001_0310_1,16,44783639,2024-05-01,7,07:00,,44.82358,33.43481,58.836094
20001_0310_1,16,44783639,2024-05-01,8,08:00,,26.961954,15.890341,40.48431
20001_0310_1,16,44783639,2024-05-01,9,09:00,,26.861042,16.625565,40.00858
20001_0310_1,16,44783639,2024-05-01,10,10:00,,21.00808,10.823061,34.03308
20001_0310_1,16,44783639,2024-05-01,11,11:00,,21.548685,11.486202,35.04221
20001_0310_1,16,44783639,2024-05-01,12,12:00,,26.861042,16.430948,40.77264
20001_0310_1,16,44783639,2024-05-01,13,13:00,,26.111403,15.371362,40.441067
20001_0310_1,16,44783639,2024-05-01,14,14:00,,21.60635,10.851893,35.618862
20001_0310_1,16,44783639,2024-05-01,15,15:00,,25.82308,15.198366,39.70584
20001_0310_1,16,44783639,2024-05-01,16,16:00,,24.972525,14.145986,38.92737
20001_0310_1,16,44783639,2024-05-01,17,17:00,,34.90526,23.58857,49.033096
20001_0310_1,16,44783639,2024-05-01,18,18:00,,41.3637,29.830772,55.433876
20001_0310_1,16,44783639,2024-05-01,19,19:00,,28.216162,17.468912,41.85385
20001_0310_1,16,44783639,2024-05-01,20,20:00,,16.849016,6.959529,29.218086
20001_0310_1,16,44783639,2024-05-01,21,21:00,,15.674099,7.5650067,26.16186
20001_0310_1,16,44783639,2024-05-01,22,22:00,,16.769728,9.886011,25.988865
20001_0310_1,16,44783639,2024-05-01,23,23:00,,2.4977257,0.0,10.311287
20001_0310_1,16,44783639,2024-05-02,0,00:00,,0.0,0.0,4.373535
20001_0310_1,16,44783639,2024-05-02,1,01:00,,0.0,0.0,3.8231318
20001_0310_1,16,44783639,2024-05-02,2,02:00,,0.0,0.0,3.881069
20001_0310_1,16,44783639,2024-05-02,3,03:00,,0.0,0.0,5.213622
20001_0310_1,16,44783639,2024-05-02,4,04:00,,0.28896606,0.0,7.589046
20001_0310_1,16,44783639,2024-05-02,5,05:00,,26.331713,18.229563,35.413357
20001_0310_1,16,44783639,2024-05-02,6,06:00,,33.92148,24.18804,44.29223
20001_0310_1,16,44783639,2024-05-02,7,07:00,,44.784695,34.674664,55.44513
20001_0310_1,16,44783639,2024-05-02,8,08:00,,24.550144,14.802219,34.52982
20001_0310_1,16,44783639,2024-05-02,9,09:00,,26.99799,18.129988,36.52865
20001_0310_1,16,44783639,2024-05-02,10,10:00,,20.755262,12.100901,30.249712
20001_0310_1,16,44783639,2024-05-02,11,11:00,,20.192186,11.8112135,30.032442
20001_0310_1,16,44783639,2024-05-02,12,12:00,,28.938883,20.516272,39.135822
20001_0310_1,16,44783639,2024-05-02,13,13:00,,26.114449,17.601309,36.557617
20001_0310_1,16,44783639,2024-05-02,14,14:00,,21.638805,12.962715,31.850227
20001_0310_1,16,44783639,2024-05-02,15,15:00,,25.448172,16.793808,35.398872
20001_0310_1,16,44783639,2024-05-02,16,16:00,,23.521763,14.650136,33.45074
20001_0310_1,16,44783639,2024-05-02,17,17:00,,32.03852,22.761333,41.77196
20001_0310_1,16,44783639,2024-05-02,18,18:00,,40.439407,30.995651,50.11491
20001_0310_1,16,44783639,2024-05-02,19,19:00,,27.142832,18.470366,36.499683
20001_0310_1,16,44783639,2024-05-02,20,20:00,,16.32307,8.342229,24.687746
20001_0310_1,16,44783639,2024-05-02,21,21:00,,14.918094,8.240839,21.99367
20001_0310_1,16,44783639,2024-05-02,22,22:00,,15.693005,9.877564,22.069712
20001_0310_1,16,44783639,2024-05-02,23,23:00,,1.0421486,0.0,6.5751457
20001_0310_1,16,44783639,2024-05-03,0,00:00,,0.3290828,0.0,4.205624
20001_0310_1,16,44783639,2024-05-03,1,01:00,,0.0,0.0,3.1641657
20001_0310_1,16,44783639,2024-05-03,2,02:00,,0.0,0.0,3.4534605
20001_0310_1,16,44783639,2024-05-03,3,03:00,,0.0,0.0,4.6684947
20001_0310_1,16,44783639,2024-05-03,4,04:00,,0.3290828,0.0,6.8671303
20001_0310_1,16,44783639,2024-05-03,5,05:00,,27.320229,19.122355,35.73869
20001_0310_1,16,44783639,2024-05-03,6,06:00,,33.511124,23.51601,43.433914
20001_0310_1,16,44783639,2024-05-03,7,07:00,,45.343254,34.928665,55.642128
20001_0310_1,16,44783639,2024-05-03,8,08:00,,26.40895,16.478928,35.970127
20001_0310_1,16,44783639,2024-05-03,9,09:00,,26.900751,17.947098,35.811016
20001_0310_1,16,44783639,2024-05-03,10,10:00,,21.13295,12.801278,29.724983
20001_0310_1,16,44783639,2024-05-03,11,11:00,,20.991917,12.994743,29.918447
20001_0310_1,16,44783639,2024-05-03,12,12:00,,27.956675,19.679247,37.098373
20001_0310_1,16,44783639,2024-05-03,13,13:00,,27.030933,18.836676,36.360676
20001_0310_1,16,44783639,2024-05-03,14,14:00,,21.8598,13.318393,30.907475
20001_0310_1,16,44783639,2024-05-03,15,15:00,,25.092665,16.746529,33.901672
20001_0310_1,16,44783639,2024-05-03,16,16:00,,24.065668,15.531492,32.816822
20001_0310_1,16,44783639,2024-05-03,17,17:00,,31.283558,22.192488,39.615234
20001_0310_1,16,44783639,2024-05-03,18,18:00,,40.19382,31.16784,48.52549
20001_0310_1,16,44783639,2024-05-03,19,19:00,,26.03287,17.965178,34.162033
20001_0310_1,16,44783639,2024-05-03,20,20:00,,16.247494,8.884959,23.335203
20001_0310_1,16,44783639,2024-05-03,21,21:00,,14.938438,8.67522,21.002764
20001_0310_1,16,44783639,2024-05-03,22,22:00,,15.415774,10.194014,20.724321
20001_0310_1,16,44783639,2024-05-03,23,23:00,,0.7340945,0.0,5.2760134
20001_0310_1,16,44783639,2024-05-04,0,00:00,,0.6182697,0.0,3.9031827
20001_0310_1,16,44783639,2024-05-04,1,01:00,,0.15722993,0.0,2.8658428
20001_0310_1,16,44783639,2024-05-04,2,02:00,,0.27248967,0.0,3.1539922
20001_0310_1,16,44783639,2024-05-04,3,03:00,,0.0,0.0,3.3845124
20001_0310_1,16,44783639,2024-05-04,4,04:00,,0.96405053,0.0,6.266015
20001_0310_1,16,44783639,2024-05-04,5,05:00,,24.72204,17.892881,31.738499
20001_0310_1,16,44783639,2024-05-04,6,06:00,,33.58266,25.283936,42.2848
20001_0310_1,16,44783639,2024-05-04,7,07:00,,44.18659,35.48445,53.234505
20001_0310_1,16,44783639,2024-05-04,8,08:00,,26.724684,18.472778,35.066628
20001_0310_1,16,44783639,2024-05-04,9,09:00,,26.508572,19.15714,34.17337
20001_0310_1,16,44783639,2024-05-04,10,10:00,,20.378176,13.595839,27.715202
20001_0310_1,16,44783639,2024-05-04,11,11:00,,20.150356,13.751617,27.741314
20001_0310_1,16,44783639,2024-05-04,12,12:00,,27.517096,20.990494,35.325966
20001_0310_1,16,44783639,2024-05-04,13,13:00,,25.946678,19.313818,34.21659
20001_0310_1,16,44783639,2024-05-04,14,14:00,,21.354284,14.32702,29.48372
20001_0310_1,16,44783639,2024-05-04,15,15:00,,24.333038,16.93478,32.718212
20001_0310_1,16,44783639,2024-05-04,16,16:00,,24.016071,16.012697,32.68939
20001_0310_1,16,44783639,2024-05-04,17,17:00,,32.43006,23.324516,41.305088
20001_0310_1,16,44783639,2024-05-04,18,18:00,,40.094852,30.787603,49.315666
20001_0310_1,16,44783639,2024-05-04,19,19:00,,25.70175,17.057243,34.720848
20001_0310_1,16,44783639,2024-05-04,20,20:00,,15.213081,7.5338764,23.15162
20001_0310_1,16,44783639,2024-05-04,21,21:00,,14.752041,8.412735,21.451534
20001_0310_1,16,44783639,2024-05-04,22,22:00,,14.420669,9.233964,20.08282
20001_0310_1,16,44783639,2024-05-04,23,23:00,,1.3098305,0.0,6.0066805
20001_0310_1,16,44783639,2024-05-05,0,00:00,,0.0,0.0,2.780775
20001_0310_1,16,44783639,2024-05-05,1,01:00,,0.0,0.0,2.0328407
20001_0310_1,16,44783639,2024-05-05,2,02:00,,0.0,0.0,2.8383088
20001_0310_1,16,44783639,2024-05-05,3,03:00,,0.0,0.0,2.838308
20001_0310_1,16,44783639,2024-05-05,4,04:00,,0.82463926,0.0,6.434146
20001_0310_1,16,44783639,2024-05-05,5,05:00,,23.492804,16.275957,30.864271
20001_0310_1,16,44783639,2024-05-05,6,06:00,,32.496784,23.65102,41.52953
20001_0310_1,16,44783639,2024-05-05,7,07:00,18.363636016845703,39.889828,30.540644,49.267773
20001_0310_1,16,44783639,2024-05-05,8,08:00,,23.593485,14.618274,32.15158
20001_0310_1,16,44783639,2024-05-05,9,09:00,,25.19004,16.991528,33.172802
20001_0310_1,16,44783639,2024-05-05,10,10:00,1.3333333730697632,20.001244,12.076016,27.825787
20001_0310_1,16,44783639,2024-05-05,11,11:00,,19.111275,11.329882,27.381702
20001_0310_1,16,44783639,2024-05-05,12,12:00,,24.240738,16.387428,32.655003
20001_0310_1,16,44783639,2024-05-05,13,13:00,,23.967455,15.826478,33.02897
20001_0310_1,16,44783639,2024-05-05,14,14:00,,18.95216,10.424631,27.97232
20001_0310_1,16,44783639,2024-05-05,15,15:00,,20.867842,12.273789,30.08038
20001_0310_1,16,44783639,2024-05-05,16,16:00,,20.26554,11.200431,29.98509
20001_0310_1,16,44783639,2024-05-05,17,17:00,,25.851675,16.05661,35.77619
20001_0310_1,16,44783639,2024-05-05,18,18:00,,37.818626,27.83658,48.059578
20001_0310_1,16,44783639,2024-05-05,19,19:00,,24.010603,14.819642,33.76252
20001_0310_1,16,44783639,2024-05-05,20,20:00,,14.028558,5.7581286,22.67295
20001_0310_1,16,44783639,2024-05-05,21,21:00,,14.344992,7.6567326,21.450365
20001_0310_1,16,44783639,2024-05-05,22,22:00,,13.597057,8.117,19.661438
20001_0310_1,16,44783639,2024-05-05,23,23:00,,1.802708,0.0,7.124549
20001_0310_1,16,44783639,2024-05-06,0,00:00,,0.0,0.0,3.4189591
20001_0310_1,16,44783639,2024-05-06,1,01:00,,0.0,0.0,2.9662783
20001_0310_1,16,44783639,2024-05-06,2,02:00,,0.0,0.0,2.9662766
20001_0310_1,16,44783639,2024-05-06,3,03:00,,0.0,0.0,3.5321317
20001_0310_1,16,44783639,2024-05-06,4,04:00,,0.0,0.0,6.0501833
20001_0310_1,16,44783639,2024-05-06,5,05:00,19.652963002522785,21.773863,14.389462,29.908018
20001_0310_1,16,44783639,2024-05-06,6,06:00,36.05611038208008,31.768267,22.481178,41.04828
20001_0310_1,16,44783639,2024-05-06,7,07:00,45.52592468261719,36.181934,26.251186,45.631706
20001_0310_1,16,44783639,2024-05-06,8,08:00,41.95660400390625,25.88338,16.430077,34.7673
20001_0310_1,16,44783639,2024-05-06,9,09:00,20.607785034179688,24.52533,15.683855,32.857536
20001_0310_1,16,44783639,2024-05-06,10,10:00,17.71564483642578,15.818247,7.231406,24.051426
20001_0310_1,16,44783639,2024-05-06,11,11:00,21.59811019897461,19.123188,10.502751,27.605701
20001_0310_1,16,44783639,2024-05-06,12,12:00,31.374440511067707,24.963865,16.405317,33.593147
20001_0310_1,16,44783639,2024-05-06,13,13:00,21.519519805908203,24.412159,15.549466,33.14047
20001_0310_1,16,44783639,2024-05-06,14,14:00,12.841147422790527,18.483067,9.493609,27.119972
20001_0310_1,16,44783639,2024-05-06,15,15:00,13.6654052734375,21.887033,12.911167,30.339483
20001_0310_1,16,44783639,2024-05-06,16,16:00,29.967564900716145,22.764107,13.533608,31.570217
20001_0310_1,16,44783639,2024-05-06,17,17:00,34.808265686035156,30.381922,20.493616,39.237545
20001_0310_1,16,44783639,2024-05-06,18,18:00,42.94887084960938,39.35072,29.250212,48.687313
20001_0310_1,16,44783639,2024-05-06,19,19:00,25.51537170410156,25.68533,16.40532,34.89461
20001_0310_1,16,44783639,2024-05-06,20,20:00,14.290992736816406,15.556539,6.9555497,23.959475
20001_0310_1,16,44783639,2024-05-06,21,21:00,6.892857074737549,15.209952,8.094334,22.445816
20001_0310_1,16,44783639,2024-05-06,22,22:00,14.448753356933594,14.085317,8.242869,20.543129
20001_0310_1,16,44783639,2024-05-06,23,23:00,,1.3252996,0.0,7.1536
20001_0310_1,16,44783639,2024-05-07,0,00:00,,0.0,0.0,3.92664
20001_0310_1,16,44783639,2024-05-07,1,01:00,,0.0,0.0,3.584181
20001_0310_1,16,44783639,2024-05-07,2,02:00,,0.0,0.0,3.6412575
20001_0310_1,16,44783639,2024-05-07,3,03:00,,0.0,0.0,4.896943
20001_0310_1,16,44783639,2024-05-07,4,04:00,,0.5020435,0.0,7.294161
20001_0310_1,16,44783639,2024-05-07,5,05:00,22.46375274658203,27.57063,19.793943,36.089317
20001_0310_1,16,44783639,2024-05-07,6,06:00,29.261830647786457,33.406715,24.003342,43.452198
20001_0310_1,16,44783639,2024-05-07,7,07:00,54.98945617675781,41.31182,31.351954,51.64269
20001_0310_1,16,44783639,2024-05-07,8,08:00,32.23694763183594,29.696733,20.06862,39.399754
20001_0310_1,16,44783639,2024-05-07,9,09:00,30.192952473958332,27.670511,18.828985,36.916924
20001_0310_1,16,44783639,2024-05-07,10,10:00,14.115336418151855,19.165205,10.512749,28.092346
20001_0310_1,16,44783639,2024-05-07,11,11:00,13.948904991149902,21.63466,13.422762,30.645628
20001_0310_1,16,44783639,2024-05-07,12,12:00,23.102678934733074,27.185362,18.9806,36.14639
20001_0310_1,16,44783639,2024-05-07,13,13:00,21.75676981608073,25.758446,17.698156,34.562515
20001_0310_1,16,44783639,2024-05-07,14,14:00,17.391058603922527,19.298977,11.270794,27.737396
20001_0310_1,16,44783639,2024-05-07,15,15:00,18.496997833251953,23.054441,15.1636,30.931013
20001_0310_1,16,44783639,2024-05-07,16,16:00,23.42814064025879,25.316103,17.204088,33.420982
20001_0310_1,16,44783639,2024-05-07,17,17:00,44.23057556152344,35.31878,26.614595,43.423656
20001_0310_1,16,44783639,2024-05-07,18,18:00,34.54908447265625,41.54013,32.77887,50.158703
20001_0310_1,16,44783639,2024-05-07,19,19:00,19.779006958007812,26.614595,18.591764,34.8479
20001_0310_1,16,44783639,2024-05-07,20,20:00,10.266116333007812,16.212381,8.692538,23.632341
20001_0310_1,16,44783639,2024-05-07,21,21:00,9.243589401245117,15.24208,8.799558,21.434895
20001_0310_1,16,44783639,2024-05-07,22,22:00,22.030540466308594,15.391906,9.669974,20.914068
20001_0310_1,16,44783639,2024-05-07,23,23:00,,1.3581926,0.0,6.1526284
20001_0310_1,16,44783639,2024-05-08,0,00:00,,0.1972787,0.0,4.604418
20001_0310_1,16,44783639,2024-05-08,1,01:00,,0.0,0.0,3.6661236
20001_0310_1,16,44783639,2024-05-08,2,02:00,,0.0,0.0,3.2111928
20001_0310_1,16,44783639,2024-05-08,3,03:00,,0.0,0.0,4.376951
20001_0310_1,16,44783639,2024-05-08,4,04:00,,0.0,0.0,6.1398087
20001_0310_1,16,44783639,2024-05-08,5,05:00,29.940770467122395,25.033642,17.424215,33.051792
20001_0310_1,16,44783639,2024-05-08,6,06:00,34.1447499593099,33.833702,24.49341,42.960743
20001_0310_1,16,44783639,2024-05-08,7,07:00,42.2385368347168,42.392082,32.696373,51.60442
20001_0310_1,16,44783639,2024-05-08,8,08:00,25.320600509643555,29.909927,20.740234,38.61047
20001_0310_1,16,44783639,2024-05-08,9,09:00,20.523439407348633,26.071451,17.783186,34.1749
20001_0310_1,16,44783639,2024-05-08,10,10:00,14.435099283854166,17.150547,9.180378,24.946564
20001_0310_1,16,44783639,2024-05-08,11,11:00,12.751588821411133,19.693539,12.094776,27.605064
20001_0310_1,16,44783639,2024-05-08,12,12:00,19.5472354888916,25.87242,18.138603,34.004303
20001_0310_1,16,44783639,2024-05-08,13,13:00,40.01036071777344,25.005207,17.271389,33.464073
20001_0310_1,16,44783639,2024-05-08,14,14:00,17.647574106852215,19.196848,11.338634,27.4318
20001_0310_1,16,44783639,2024-05-08,15,15:00,19.576250712076824,22.069485,14.236147,29.973904
20001_0310_1,16,44783639,2024-05-08,16,16:00,30.6925048828125,24.337029,16.254904,32.38361
20001_0310_1,16,44783639,2024-05-08,17,17:00,20.177810668945312,34.430798,25.673386,42.50581
20001_0310_1,16,44783639,2024-05-08,18,18:00,49.80430603027344,40.060562,31.388453,48.363045
20001_0310_1,16,44783639,2024-05-08,19,19:00,21.715423583984375,25.16159,17.218077,33.43564
20001_0310_1,16,44783639,2024-05-08,20,20:00,16.78963851928711,14.399639,7.177618,21.891777
20001_0310_1,16,44783639,2024-05-08,21,21:00,18.682132720947266,13.873626,7.888447,20.2391
20001_0310_1,16,44783639,2024-05-08,22,22:00,15.796363830566406,14.385423,9.125289,20.043621
20001_0310_1,16,44783639,2024-05-08,23,23:00,,0.6522085,0.0,5.5142775
20001_0310_1,16,44783639,2024-05-09,0,00:00,,0.0,0.0,3.8690574
20001_0310_1,16,44783639,2024-05-09,1,01:00,,0.0,0.0,2.855774
20001_0310_1,16,44783639,2024-05-09,2,02:00,,0.0,0.0,3.0246542
20001_0310_1,16,44783639,2024-05-09,3,03:00,,0.0,0.0,3.700177
20001_0310_1,16,44783639,2024-05-09,4,04:00,,0.82920635,0.0,6.148946
20001_0310_1,16,44783639,2024-05-09,5,05:00,24.89623769124349,24.894695,18.03392,31.565481
20001_0310_1,16,44783639,2024-05-09,6,06:00,26.712364196777344,32.719494,24.6273,40.403564
20001_0310_1,16,44783639,2024-05-09,7,07:00,52.87147521972656,42.036076,33.78907,49.97346
20001_0310_1,16,44783639,2024-05-09,8,08:00,20.999347686767578,28.018988,20.127337,35.506027
20001_0310_1,16,44783639,2024-05-09,9,09:00,14.491289774576822,24.824326,17.569496,31.903238
20001_0310_1,16,44783639,2024-05-09,10,10:00,20.73937225341797,16.95027,10.156342,23.94826
20001_0310_1,16,44783639,2024-05-09,11,11:00,14.220563252766928,18.852814,12.2840605,26.061905
20001_0310_1,16,44783639,2024-05-09,12,12:00,24.35015296936035,25.696878,18.966282,33.296505
20001_0310_1,16,44783639,2024-05-09,13,13:00,44.604949951171875,26.076859,19.149233,33.972027
20001_0310_1,16,44783639,2024-05-09,14,14:00,22.52631950378418,19.787815,12.701867,27.647802
20001_0310_1,16,44783639,2024-05-09,15,15:00,14.77369213104248,22.192604,15.057398,30.087772
20001_0310_1,16,44783639,2024-05-09,16,16:00,23.635957717895508,23.88141,16.535103,31.846949
20001_0310_1,16,44783639,2024-05-09,17,17:00,40.396766662597656,30.636637,22.642952,38.658463
20001_0310_1,16,44783639,2024-05-09,18,18:00,47.72197723388672,40.290974,32.32544,48.453537
20001_0310_1,16,44783639,2024-05-09,19,19:00,32.47126007080078,24.936914,17.463945,32.818005
20001_0310_1,16,44783639,2024-05-09,20,20:00,14.046408653259277,15.338866,8.562532,22.326303
20001_0310_1,16,44783639,2024-05-09,21,21:00,7.404549598693848,14.424096,8.654009,20.359545
20001_0310_1,16,44783639,2024-05-09,22,22:00,13.154000282287598,15.029252,9.990981,20.232885
20001_0310_1,16,44783639,2024-05-09,23,23:00,,1.5047283,0.0,5.980065
20001_0310_1,16,44783639,2024-05-10,0,00:00,,0.0,0.0,3.8874063
20001_0310_1,16,44783639,2024-05-10,1,01:00,,0.09065482,0.0,3.3848944
20001_0310_1,16,44783639,2024-05-10,2,02:00,,0.03481993,0.0,3.608232
20001_0310_1,16,44783639,2024-05-10,3,03:00,,0.0,0.0,4.0828266
20001_0310_1,16,44783639,2024-05-10,4,04:00,,0.14648885,0.0,6.2603745
20001_0310_1,16,44783639,2024-05-10,5,05:00,20.321304321289062,24.211191,16.909075,31.93032
20001_0310_1,16,44783639,2024-05-10,6,06:00,37.935587565104164,32.781796,24.11348,42.07825
20001_0310_1,16,44783639,2024-05-10,7,07:00,48.3782470703125,42.91577,33.98224,52.519314
20001_0310_1,16,44783639,2024-05-10,8,08:00,44.69438171386719,26.221235,17.622711,35.057056
20001_0310_1,16,44783639,2024-05-10,9,09:00,39.97842152913412,24.336817,16.540913,32.41887
20001_0310_1,16,44783639,2024-05-10,10,10:00,15.792729695638021,15.996529,8.713608,23.844778
20001_0310_1,16,44783639,2024-05-10,11,11:00,7.740825653076172,18.22904,11.403264,26.339012
20001_0310_1,16,44783639,2024-05-10,12,12:00,25.27890396118164,26.388739,19.479212,34.540585
20001_0310_1,16,44783639,2024-05-10,13,13:00,29.20105743408203,28.259195,21.203102,36.829803
20001_0310_1,16,44783639,2024-05-10,14,14:00,13.872491836547852,20.728508,13.323449,29.04088
20001_0310_1,16,44783639,2024-05-10,15,15:00,31.538066864013672,22.35469,15.026402,30.701962
20001_0310_1,16,44783639,2024-05-10,16,16:00,31.785069783528645,24.61599,16.984102,33.088882
20001_0310_1,16,44783639,2024-05-10,17,17:00,31.200000762939453,31.190514,22.843245,39.621536
20001_0310_1,16,44783639,2024-05-10,18,18:00,16.427642822265625,41.129066,32.614292,49.72759
20001_0310_1,16,44783639,2024-05-10,19,19:00,17.78832753499349,26.05373,18.135693,34.37308
20001_0310_1,16,44783639,2024-05-10,20,20:00,13.320716857910156,15.179948,8.074998,22.689697
20001_0310_1,16,44783639,2024-05-10,21,21:00,26.10497283935547,13.728249,7.977288,20.030575
20001_0310_1,16,44783639,2024-05-10,22,22:00,9.14896297454834,13.9934635,9.345235,19.423376
20001_0310_1,16,44783639,2024-05-10,23,23:00,,1.486519,0.0,6.148706
20001_0310_1,16,44783639,2024-05-11,0,00:00,,0.18071233,0.0,4.3439
20001_0310_1,16,44783639,2024-05-11,1,01:00,,0.0,0.0,3.2749743
20001_0310_1,16,44783639,2024-05-11,2,02:00,,0.0,0.0,3.5000105
20001_0310_1,16,44783639,2024-05-11,3,03:00,,0.0,0.0,4.5126777
20001_0310_1,16,44783639,2024-05-11,4,04:00,,0.6307865,0.0,6.988087
20001_0310_1,16,44783639,2024-05-11,5,05:00,,21.791315,14.5268345,29.955946
20001_0310_1,16,44783639,2024-05-11,6,06:00,,30.476341,21.55221,40.29359
20001_0310_1,16,44783639,2024-05-11,7,07:00,,33.711254,24.20343,44.23174
20001_0310_1,16,44783639,2024-05-11,8,08:00,,21.28498,12.30459,30.884222
20001_0310_1,16,44783639,2024-05-11,9,09:00,,22.241388,14.027532,31.3132
20001_0310_1,16,44783639,2024-05-11,10,10:00,,13.58449,5.7222543,22.248423
20001_0310_1,16,44783639,2024-05-11,11,11:00,,16.30955,8.644219,25.367294
20001_0310_1,16,44783639,2024-05-11,12,12:00,,24.217497,16.499426,33.28931
20001_0310_1,16,44783639,2024-05-11,13,13:00,,25.089514,17.090145,34.766117
20001_0310_1,16,44783639,2024-05-11,14,14:00,,18.806055,10.530665,27.942919
20001_0310_1,16,44783639,2024-05-11,15,15:00,,19.584894,11.342906,28.783287
20001_0310_1,16,44783639,2024-05-11,16,16:00,,21.334208,12.839055,30.842026
20001_0310_1,16,44783639,2024-05-11,17,17:00,,25.525524,16.330648,35.15993
20001_0310_1,16,44783639,2024-05-11,18,18:00,,35.23026,26.00373,45.244415
20001_0310_1,16,44783639,2024-05-11,19,19:00,,22.923532,14.386183,32.3329
20001_0310_1,16,44783639,2024-05-11,20,20:00,0.0,12.853118,5.48315,21.355305
20001_0310_1,16,44783639,2024-05-11,21,21:00,,14.301796,8.408636,21.411566
20001_0310_1,16,44783639,2024-05-11,22,22:00,,12.656211,7.9023004,18.69002
20001_0310_1,16,44783639,2024-05-11,23,23:00,,0.74330544,0.0,6.200457
20001_0310_1,16,44783639,2024-05-12,0,00:00,,0.0,0.0,3.8402014
20001_0310_1,16,44783639,2024-05-12,1,01:00,,0.0,0.0,3.7282467
20001_0310_1,16,44783639,2024-05-12,2,02:00,,0.0,0.0,3.5882998
20001_0310_1,16,44783639,2024-05-12,3,03:00,,0.0,0.0,4.0921025
20001_0310_1,16,44783639,2024-05-12,4,04:00,,0.005714953,0.0,6.7790403
20001_0310_1,16,44783639,2024-05-12,5,05:00,,20.287209,12.394325,28.921799
20001_0310_1,16,44783639,2024-05-12,6,06:00,,28.35852,18.68834,38.322586
20001_0310_1,16,44783639,2024-05-12,7,07:00,,26.805134,16.442223,37.105064
20001_0310_1,16,44783639,2024-05-12,8,08:00,,18.149551,8.22397,27.788246
20001_0310_1,16,44783639,2024-05-12,9,09:00,,20.122772,10.851434,29.268164
20001_0310_1,16,44783639,2024-05-12,10,10:00,,10.24967,1.2092392,19.237621
20001_0310_1,16,44783639,2024-05-12,11,11:00,,15.819471,6.8735046,25.052326
20001_0310_1,16,44783639,2024-05-12,12,12:00,,23.894283,14.948316,33.480495
20001_0310_1,16,44783639,2024-05-12,13,13:00,,24.705963,15.490602,34.753994
20001_0310_1,16,44783639,2024-05-12,14,14:00,,18.084827,8.824857,27.94131
20001_0310_1,16,44783639,2024-05-12,15,15:00,,18.916187,9.772547,28.693075
20001_0310_1,16,44783639,2024-05-12,16,16:00,,18.746065,9.358396,28.754738
20001_0310_1,16,44783639,2024-05-12,17,17:00,,20.343185,10.512065,30.244276
20001_0310_1,16,44783639,2024-05-12,18,18:00,,35.27179,25.391691,45.291832
20001_0310_1,16,44783639,2024-05-12,19,19:00,,22.970648,14.140133,32.58485
20001_0310_1,16,44783639,2024-05-12,20,20:00,,12.446803,4.497942,21.221338
20001_0310_1,16,44783639,2024-05-12,21,21:00,,13.426415,6.918985,21.060402
20001_0310_1,16,44783639,2024-05-12,22,22:00,,13.258482,7.7586536,20.196241
20001_0310_1,16,44783639,2024-05-12,23,23:00,,0.005714953,0.0,6.4711614
20001_0310_1,16,44783639,2024-05-13,0,00:00,,0.025813818,0.0,4.493483
20001_0310_1,16,44783639,2024-05-13,1,01:00,,0.0,0.0,3.4324105
20001_0310_1,16,44783639,2024-05-13,2,02:00,,0.0,0.0,2.8739522
20001_0310_1,16,44783639,2024-05-13,3,03:00,,0.0,0.0,3.6837168
20001_0310_1,16,44783639,2024-05-13,4,04:00,,0.2491975,0.0,6.4760103
20001_0310_1,16,44783639,2024-05-13,5,05:00,22.476598739624023,24.137264,16.561422,31.857954
20001_0310_1,16,44783639,2024-05-13,6,06:00,34.75060272216797,34.20348,24.891182,43.30635
20001_0310_1,16,44783639,2024-05-13,7,07:00,48.09565734863281,44.702503,34.87363,53.917072
20001_0310_1,16,44783639,2024-05-13,8,08:00,34.771795654296874,29.568275,20.248997,38.140614
20001_0310_1,16,44783639,2024-05-13,9,09:00,26.653884887695312,24.835339,16.318844,32.87714
20001_0310_1,16,44783639,2024-05-13,10,10:00,29.72402572631836,14.8249655,6.6156254,22.741117
20001_0310_1,16,44783639,2024-05-13,11,11:00,15.557119369506836,16.95409,8.9061775,25.1294
20001_0310_1,16,44783639,2024-05-13,12,12:00,26.988667805989582,25.491528,17.21936,33.980095
20001_0310_1,16,44783639,2024-05-13,13,13:00,28.686721801757812,26.133753,17.67136,34.9574
20001_0310_1,16,44783639,2024-05-13,14,14:00,15.790022532145182,16.999464,8.455046,25.627647
20001_0310_1,16,44783639,2024-05-13,15,15:00,21.841659545898438,20.458418,12.039654,28.751526
20001_0310_1,16,44783639,2024-05-13,16,16:00,16.403404235839844,24.58403,15.9139595,33.12845
20001_0310_1,16,44783639,2024-05-13,17,17:00,29.005516052246094,29.121508,19.941845,37.665924
20001_0310_1,16,44783639,2024-05-13,18,18:00,35.7609748840332,41.016674,31.774185,50.063705
20001_0310_1,16,44783639,2024-05-13,19,19:00,21.10622787475586,24.318764,15.833683,33.10053
20001_0310_1,16,44783639,2024-05-13,20,20:00,15.995025634765625,13.624281,5.805862,21.61722
20001_0310_1,16,44783639,2024-05-13,21,21:00,13.987109184265137,13.24732,6.7831626,20.011652
20001_0310_1,16,44783639,2024-05-13,22,22:00,11.754385948181152,13.331089,7.9280033,19.24377
20001_0310_1,16,44783639,2024-05-13,23,23:00,,0.8076558,0.0,5.945475
20001_0310_1,16,44783639,2024-05-14,0,00:00,,0.0,0.0,4.0449514
20001_0310_1,16,44783639,2024-05-14,1,01:00,,0.091819495,0.0,4.409425
20001_0310_1,16,44783639,2024-05-14,2,02:00,,0.0,0.0,4.3253155
20001_0310_1,16,44783639,2024-05-14,3,03:00,,0.0,0.0,4.8580084
20001_0310_1,16,44783639,2024-05-14,4,04:00,,0.87683845,0.0,7.8579035
20001_0310_1,16,44783639,2024-05-14,5,05:00,23.951562881469727,23.15176,15.623986,31.380447
20001_0310_1,16,44783639,2024-05-14,6,06:00,32.400272369384766,33.399067,24.55358,42.875366
20001_0310_1,16,44783639,2024-05-14,7,07:00,29.09784851074219,45.398647,36.146633,54.874947
20001_0310_1,16,44783639,2024-05-14,8,08:00,21.96278533935547,28.885204,20.095795,37.969
20001_0310_1,16,44783639,2024-05-14,9,09:00,31.376760482788086,24.833942,16.871605,33.216827
20001_0310_1,16,44783639,2024-05-14,10,10:00,15.904376983642578,16.89614,9.09501,25.033705
20001_0310_1,16,44783639,2024-05-14,11,11:00,14.974492073059082,16.808525,9.424437,24.886515
20001_0310_1,16,44783639,2024-05-14,12,12:00,22.091509501139324,25.072254,17.264114,33.483173
20001_0310_1,16,44783639,2024-05-14,13,13:00,31.18975067138672,27.651604,19.920567,36.398964
20001_0310_1,16,44783639,2024-05-14,14,14:00,24.725112915039062,18.623005,10.778944,27.124168
20001_0310_1,16,44783639,2024-05-14,15,15:00,14.653275489807129,20.27102,12.518956,28.52774
20001_0310_1,16,44783639,2024-05-14,16,16:00,22.841397603352863,24.39938,16.486107,32.90843
20001_0310_1,16,44783639,2024-05-14,17,17:00,35.483985900878906,30.931864,22.506926,39.48297
20001_0310_1,16,44783639,2024-05-14,18,18:00,38.2393798828125,39.118492,30.679535,48.09014
20001_0310_1,16,44783639,2024-05-14,19,19:00,28.625995635986328,23.600342,15.876313,32.249573
20001_0310_1,16,44783639,2024-05-14,20,20:00,12.315841674804688,13.731529,6.4701014,21.52565
20001_0310_1,16,44783639,2024-05-14,21,21:00,12.800000190734863,14.180111,7.9910765,20.663528
20001_0310_1,16,44783639,2024-05-14,22,22:00,7.4242424964904785,14.011893,8.4046135,19.713797
20001_0310_1,16,44783639,2024-05-14,23,23:00,,1.1572019,0.0,6.2317915
20001_0310_1,16,44783639,2024-05-15,0,00:00,,0.0,0.0,3.4395638
20001_0310_1,16,44783639,2024-05-15,1,01:00,,0.0,0.0,2.9896922
20001_0310_1,16,44783639,2024-05-15,2,02:00,,0.0,0.0,3.552031
20001_0310_1,16,44783639,2024-05-15,3,03:00,,0.0,0.0,3.9456682
20001_0310_1,16,44783639,2024-05-15,4,04:00,,0.0,0.0,5.745149
20001_0310_1,16,44783639,2024-05-15,5,05:00,22.103892008463543,22.235714,15.340046,29.658579
20001_0310_1,16,44783639,2024-05-15,6,06:00,26.92517598470052,31.219065,23.051104,39.766605
20001_0310_1,16,44783639,2024-05-15,7,07:00,41.8379020690918,40.947517,32.203156,49.719986
20001_0310_1,16,44783639,2024-05-15,8,08:00,34.74384053548177,26.692244,18.373154,34.95862
20001_0310_1,16,44783639,2024-05-15,9,09:00,29.36212730407715,25.665977,17.968975,33.53871
20001_0310_1,16,44783639,2024-05-15,10,10:00,21.1749750773112,16.264387,8.795834,24.049253
20001_0310_1,16,44783639,2024-05-15,11,11:00,13.781845092773438,15.579038,8.352994,23.64859
20001_0310_1,16,44783639,2024-05-15,12,12:00,41.534629821777344,24.049255,16.394428,32.357803
20001_0310_1,16,44783639,2024-05-15,13,13:00,23.314626057942707,28.18244,20.408117,36.814335
20001_0310_1,16,44783639,2024-05-15,14,14:00,13.665068626403809,19.392391,11.630368,27.713238
20001_0310_1,16,44783639,2024-05-15,15,15:00,27.325157165527344,20.766605,13.09069,28.948624
20001_0310_1,16,44783639,2024-05-15,16,16:00,28.539388020833332,24.35854,16.577187,32.301567
20001_0310_1,16,44783639,2024-05-15,17,17:00,32.77499643961588,30.684845,22.3763,38.670048
20001_0310_1,16,44783639,2024-05-15,18,18:00,40.52073364257812,38.9231,30.57238,47.13324
20001_0310_1,16,44783639,2024-05-15,19,19:00,26.349111557006836,23.219807,15.403309,31.289356
20001_0310_1,16,44783639,2024-05-15,20,20:00,12.92090129852295,13.547591,6.4199557,20.66117
20001_0310_1,16,44783639,2024-05-15,21,21:00,19.281030654907227,14.334865,8.303789,20.45029
20001_0310_1,16,44783639,2024-05-15,22,22:00,15.128655433654785,12.900903,7.8258004,18.230812
20001_0310_1,16,44783639,2024-05-15,23,23:00,,0.51540595,0.0,5.0422277
20001_0310_1,16,44783639,2024-05-16,0,00:00,,0.22368014,0.0,3.9378872
20001_0310_1,16,44783639,2024-05-16,1,01:00,,0.22367933,0.0,3.5072532
20001_0310_1,16,44783639,2024-05-16,2,02:00,,0.0,0.0,3.18428
20001_0310_1,16,44783639,2024-05-16,3,03:00,,0.0,0.0,4.2070336
20001_0310_1,16,44783639,2024-05-16,4,04:00,,0.869629,0.0,6.5216837
20001_0310_1,16,44783639,2024-05-16,5,05:00,26.134096145629883,23.948853,16.735754,31.10812
20001_0310_1,16,44783639,2024-05-16,6,06:00,35.19527053833008,33.92069,25.146547,42.210365
20001_0310_1,16,44783639,2024-05-16,7,07:00,42.86604309082031,42.910152,33.651546,51.576633
20001_0310_1,16,44783639,2024-05-16,8,08:00,38.43606821695963,28.995329,20.026058,37.231182
20001_0310_1,16,44783639,2024-05-16,9,09:00,21.008375549316405,27.299711,19.01844,35.131844
20001_0310_1,16,44783639,2024-05-16,10,10:00,19.677866617838543,18.305208,10.3364,26.081408
20001_0310_1,16,44783639,2024-05-16,11,11:00,13.761730194091797,17.697107,9.811146,25.87913
20001_0310_1,16,44783639,2024-05-16,12,12:00,31.156878153483074,28.10715,19.89485,36.504486
20001_0310_1,16,44783639,2024-05-16,13,13:00,20.812074025472004,28.968414,20.618176,37.634895
20001_0310_1,16,44783639,2024-05-16,14,14:00,22.120765686035156,19.985685,11.578256,28.399847
20001_0310_1,16,44783639,2024-05-16,15,15:00,10.690858840942383,22.683867,14.5085745,30.91972
20001_0310_1,16,44783639,2024-05-16,16,16:00,24.89325459798177,25.48298,17.358152,33.63809
20001_0310_1,16,44783639,2024-05-16,17,17:00,35.74048614501953,31.659866,23.114498,39.626568
20001_0310_1,16,44783639,2024-05-16,18,18:00,31.832969665527344,40.487843,31.982843,48.562202
20001_0310_1,16,44783639,2024-05-16,19,19:00,22.831698608398437,25.550268,17.743368,33.436234
20001_0310_1,16,44783639,2024-05-16,20,20:00,14.371293067932129,14.683519,7.658823,21.519814
20001_0310_1,16,44783639,2024-05-16,21,21:00,22.622821807861328,15.067051,9.132394,20.867136
20001_0310_1,16,44783639,2024-05-16,22,22:00,15.588757514953613,13.627124,8.7152195,18.717337
20001_0310_1,16,44783639,2024-05-16,23,23:00,,1.515578,0.0,5.875735
20001_0310_1,16,44783639,2024-05-17,0,00:00,,0.67735064,0.0,4.350585
20001_0310_1,16,44783639,2024-05-17,1,01:00,,0.6237269,0.0,3.6802866
20001_0310_1,16,44783639,2024-05-17,2,02:00,,0.033863932,0.0,3.46579
20001_0310_1,16,44783639,2024-05-17,3,03:00,,0.0,0.0,4.0556517
20001_0310_1,16,44783639,2024-05-17,4,04:00,,0.30198273,0.0,5.98611
20001_0310_1,16,44783639,2024-05-17,5,05:00,28.896039326985676,22.609503,15.330067,29.84872
20001_0310_1,16,44783639,2024-05-17,6,06:00,25.323758443196613,35.050236,26.229115,43.7373
20001_0310_1,16,44783639,2024-05-17,7,07:00,39.753150939941406,42.34308,32.958904,51.405506
20001_0310_1,16,44783639,2024-05-17,8,08:00,33.05363464355469,29.500168,20.216541,37.919113
20001_0310_1,16,44783639,2024-05-17,9,09:00,21.68243662516276,27.328403,18.84243,35.532852
20001_0310_1,16,44783639,2024-05-17,10,10:00,14.695533752441406,17.742302,9.565084,25.786299
20001_0310_1,16,44783639,2024-05-17,11,11:00,27.680307388305664,16.315403,8.333829,24.715916
20001_0310_1,16,44783639,2024-05-17,12,12:00,21.304813385009766,26.416798,18.410086,34.88936
20001_0310_1,16,44783639,2024-05-17,13,13:00,34.92988891601563,27.784204,19.713818,36.632137
20001_0310_1,16,44783639,2024-05-17,14,14:00,9.699999809265137,20.61872,12.414269,29.292372
20001_0310_1,16,44783639,2024-05-17,15,15:00,32.28579330444336,21.154957,12.990725,29.667746
20001_0310_1,16,44783639,2024-05-17,16,16:00,17.95264180501302,23.641762,15.417205,32.114326
20001_0310_1,16,44783639,2024-05-17,17,17:00,45.26684061686198,29.071175,20.29027,37.38287
20001_0310_1,16,44783639,2024-05-17,18,18:00,43.953529357910156,35.747345,26.953033,44.21991
20001_0310_1,16,44783639,2024-05-17,19,19:00,24.838638305664062,23.856258,15.826088,32.060707
20001_0310_1,16,44783639,2024-05-17,20,20:00,7.400155203683036,14.1771555,6.9781523,21.510216
20001_0310_1,16,44783639,2024-05-17,21,21:00,16.55245018005371,16.714231,10.540787,22.941301
20001_0310_1,16,44783639,2024-05-17,22,22:00,14.8695650100708,12.809746,7.702074,18.257593
20001_0310_1,16,44783639,2024-05-17,23,23:00,,1.857075,0.0,6.441914
20001_0310_1,16,44783639,2024-05-18,0,00:00,,0.0,0.0,3.6302254
20001_0310_1,16,44783639,2024-05-18,1,01:00,,0.0,0.0,3.1461182
20001_0310_1,16,44783639,2024-05-18,2,02:00,,0.7255852,0.0,4.383279
20001_0310_1,16,44783639,2024-05-18,3,03:00,,0.0,0.0,3.3074882
20001_0310_1,16,44783639,2024-05-18,4,04:00,,0.0,0.0,6.1583376
20001_0310_1,16,44783639,2024-05-18,5,05:00,,21.253048,13.809909,29.234083
20001_0310_1,16,44783639,2024-05-18,6,06:00,,30.551931,21.622852,40.20717
20001_0310_1,16,44783639,2024-05-18,7,07:00,,29.234083,19.659529,39.319637
20001_0310_1,16,44783639,2024-05-18,8,08:00,,20.241133,11.009488,29.63415
20001_0310_1,16,44783639,2024-05-18,9,09:00,,24.33923,15.702633,33.241413
20001_0310_1,16,44783639,2024-05-18,10,10:00,,14.805019,6.474351,23.498766
20001_0310_1,16,44783639,2024-05-18,11,11:00,,16.620419,8.32253,25.508314
20001_0310_1,16,44783639,2024-05-18,12,12:00,,25.872234,17.551651,34.82821
20001_0310_1,16,44783639,2024-05-18,13,13:00,,26.867342,18.452625,36.28052
20001_0310_1,16,44783639,2024-05-18,14,14:00,,20.130192,11.557471,29.294598
20001_0310_1,16,44783639,2024-05-18,15,15:00,,20.923588,12.424827,30.054373
20001_0310_1,16,44783639,2024-05-18,16,16:00,16.714284896850586,18.479523,9.905119,27.763275
20001_0310_1,16,44783639,2024-05-18,17,17:00,,23.586176,14.586497,32.730408
20001_0310_1,16,44783639,2024-05-18,18,18:00,,34.290314,25.253653,43.542126
20001_0310_1,16,44783639,2024-05-18,19,19:00,,22.1473,14.051961,31.076378
20001_0310_1,16,44783639,2024-05-18,20,20:00,,11.752458,4.558095,19.743578
20001_0310_1,16,44783639,2024-05-18,21,21:00,,15.268954,9.526912,22.059895
20001_0310_1,16,44783639,2024-05-18,22,22:00,,12.357591,7.9199467,18.123167
20001_0310_1,16,44783639,2024-05-18,23,23:00,,1.0483226,0.0,6.1045465
20001_0310_1,16,44783639,2024-05-19,0,00:00,,0.0,0.0,3.4359796
20001_0310_1,16,44783639,2024-05-19,1,01:00,,0.0,0.0,3.3022711
20001_0310_1,16,44783639,2024-05-19,2,02:00,,0.0,0.0,2.6069899
20001_0310_1,16,44783639,2024-05-19,3,03:00,,0.0,0.0,3.2487879
20001_0310_1,16,44783639,2024-05-19,4,04:00,,0.0,0.0,6.003176
20001_0310_1,16,44783639,2024-05-19,5,05:00,,22.168484,15.202291,29.72299
20001_0310_1,16,44783639,2024-05-19,6,06:00,,29.696249,21.132248,38.307053
20001_0310_1,16,44783639,2024-05-19,7,07:00,,28.305685,19.043058,37.264126
20001_0310_1,16,44783639,2024-05-19,8,08:00,,21.406347,12.314198,29.936922
20001_0310_1,16,44783639,2024-05-19,9,09:00,,23.746239,14.954931,31.982658
20001_0310_1,16,44783639,2024-05-19,10,10:00,,13.838469,4.9669375,22.228653
20001_0310_1,16,44783639,2024-05-19,11,11:00,,16.151619,7.129666,25.126776
20001_0310_1,16,44783639,2024-05-19,12,12:00,,25.096693,15.884204,34.589966
20001_0310_1,16,44783639,2024-05-19,13,13:00,,26.968605,17.487032,36.83626
20001_0310_1,16,44783639,2024-05-19,14,14:00,,18.943611,9.309941,28.510426
20001_0310_1,16,44783639,2024-05-19,15,15:00,,20.390165,10.990487,29.669508
20001_0310_1,16,44783639,2024-05-19,16,16:00,,19.70324,10.236708,28.888987
20001_0310_1,16,44783639,2024-05-19,17,17:00,,23.986914,14.239593,32.851757
20001_0310_1,16,44783639,2024-05-19,18,18:00,,35.82008,26.1931,44.85875
20001_0310_1,16,44783639,2024-05-19,19,19:00,,22.676575,14.045716,31.407713
20001_0310_1,16,44783639,2024-05-19,20,20:00,,11.779364,3.9440699,19.67483
20001_0310_1,16,44783639,2024-05-19,21,21:00,,14.654089,8.450034,21.41972
20001_0310_1,16,44783639,2024-05-19,22,22:00,,12.274085,7.273402,18.150555
20001_0310_1,16,44783639,2024-05-19,23,23:00,,0.62811,0.0,5.628793
20001_0310_1,16,44783639,2024-05-20,0,00:00,,0.0,0.0,3.9246306
20001_0310_1,16,44783639,2024-05-20,1,01:00,,0.056500435,0.0,3.2577124
20001_0310_1,16,44783639,2024-05-20,2,02:00,,0.109853834,0.0,3.6311862
20001_0310_1,16,44783639,2024-05-20,3,03:00,,0.0,0.0,3.3644185
20001_0310_1,16,44783639,2024-05-20,4,04:00,,0.96351063,0.0,6.805722
20001_0310_1,16,44783639,2024-05-20,5,05:00,17.76623026529948,24.279001,16.896206,31.801847
20001_0310_1,16,44783639,2024-05-20,6,06:00,35.118919372558594,31.775171,22.745089,40.47179
20001_0310_1,16,44783639,2024-05-20,7,07:00,38.228065490722656,39.59146,29.934473,48.5015
20001_0310_1,16,44783639,2024-05-20,8,08:00,45.229637145996094,27.160093,17.718187,35.536594
20001_0310_1,16,44783639,2024-05-20,9,09:00,24.02761459350586,25.239365,16.27764,33.189037
20001_0310_1,16,44783639,2024-05-20,10,10:00,21.10684585571289,16.731146,7.828609,24.674984
20001_0310_1,16,44783639,2024-05-20,11,11:00,21.073034286499023,17.375555,8.482189,25.742054
20001_0310_1,16,44783639,2024-05-20,12,12:00,21.597366333007812,27.240122,18.111666,35.88339
20001_0310_1,16,44783639,2024-05-20,13,13:00,19.679218292236328,27.987072,18.780256,36.843758
20001_0310_1,16,44783639,2024-05-20,14,14:00,19.62362289428711,18.688553,9.508411,27.195105
20001_0310_1,16,44783639,2024-05-20,15,15:00,16.343433380126953,20.16411,11.214057,28.193815
20001_0310_1,16,44783639,2024-05-20,16,16:00,15.778350830078125,22.945164,14.141832,30.921516
20001_0310_1,16,44783639,2024-05-20,17,17:00,40.16598256429037,28.147131,19.07703,36.04345
20001_0310_1,16,44783639,2024-05-20,18,18:00,25.416221618652344,38.09756,29.107492,46.100594
20001_0310_1,16,44783639,2024-05-20,19,19:00,32.41351572672526,24.319017,15.997536,32.135307
20001_0310_1,16,44783639,2024-05-20,20,20:00,16.81416193644206,13.788365,6.3522177,20.91773
20001_0310_1,16,44783639,2024-05-20,21,21:00,9.699074427286783,14.902119,8.666424,20.857706
20001_0310_1,16,44783639,2024-05-20,22,22:00,14.185084342956543,12.021029,6.9657826,17.181314
20001_0310_1,16,44783639,2024-05-20,23,23:00,,1.1235708,0.0,5.5785904
20001_0310_1,16,44783639,2024-05-21,0,00:00,,0.0,0.0,3.8317468
20001_0310_1,16,44783639,2024-05-21,1,01:00,,0.34726265,0.0,3.6709254
20001_0310_1,16,44783639,2024-05-21,2,02:00,,0.0,0.0,3.4564958
20001_0310_1,16,44783639,2024-05-21,3,03:00,,0.0,0.0,3.7781398
20001_0310_1,16,44783639,2024-05-21,4,04:00,,0.56169295,0.0,6.270888
20001_0310_1,16,44783639,2024-05-21,5,05:00,22.284194946289062,21.910862,15.069209,29.16127
20001_0310_1,16,44783639,2024-05-21,6,06:00,35.82024129231771,31.037533,22.674768,39.346695
20001_0310_1,16,44783639,2024-05-21,7,07:00,35.49087905883789,38.62299,29.616932,47.361
20001_0310_1,16,44783639,2024-05-21,8,08:00,45.50142288208008,28.759214,19.90728,37.14878
20001_0310_1,16,44783639,2024-05-21,9,09:00,25.758739471435547,24.430412,16.030794,32.551945
20001_0310_1,16,44783639,2024-05-21,10,10:00,21.64285659790039,17.18168,8.668144,25.340065
20001_0310_1,16,44783639,2024-05-21,11,11:00,18.644817352294922,16.637228,8.212481,25.125633
20001_0310_1,16,44783639,2024-05-21,12,12:00,33.99870045979818,26.078842,17.303972,34.924076
20001_0310_1,16,44783639,2024-05-21,13,13:00,20.769329071044922,26.588114,17.823294,35.59417
20001_0310_1,16,44783639,2024-05-21,14,14:00,16.468831380208332,18.647509,9.989904,27.2247
20001_0310_1,16,44783639,2024-05-21,15,15:00,21.37430191040039,18.883715,10.370182,26.988493
20001_0310_1,16,44783639,2024-05-21,16,16:00,24.6710205078125,22.983013,14.559942,31.10454
20001_0310_1,16,44783639,2024-05-21,17,17:00,38.28770446777344,31.97566,23.13043,40.07039
20001_0310_1,16,44783639,2024-05-21,18,18:00,21.022855758666992,36.746727,27.901497,45.109493
20001_0310_1,16,44783639,2024-05-21,19,19:00,14.453504943847657,24.604637,16.382591,32.618954
20001_0310_1,16,44783639,2024-05-21,20,20:00,9.975241661071777,13.722324,6.257484,20.986134
20001_0310_1,16,44783639,2024-05-21,21,21:00,,14.901689,8.596111,20.919125
20001_0310_1,16,44783639,2024-05-21,22,22:00,8.797618865966797,12.743987,7.530662,17.987467
20001_0310_1,16,44783639,2024-05-21,23,23:00,,1.2049823,0.0,5.5471864
20001_0310_1,16,44783639,2024-05-22,0,00:00,,0.55461085,0.0,4.575824
20001_0310_1,16,44783639,2024-05-22,1,01:00,,0.0,0.0,2.844837
20001_0310_1,16,44783639,2024-05-22,2,02:00,,0.0,0.0,3.111144
20001_0310_1,16,44783639,2024-05-22,3,03:00,,0.022000045,0.0,4.6290855
20001_0310_1,16,44783639,2024-05-22,4,04:00,,1.406788,0.0,7.5318127
20001_0310_1,16,44783639,2024-05-22,5,05:00,33.304089864095054,22.910954,15.587553,30.633808
20001_0310_1,16,44783639,2024-05-22,6,06:00,28.00201924641927,31.366148,22.444914,40.23412
20001_0310_1,16,44783639,2024-05-22,7,07:00,42.34367065429687,39.80803,30.327559,48.75589
20001_0310_1,16,44783639,2024-05-22,8,08:00,39.41876220703125,30.833538,21.659313,39.32868
20001_0310_1,16,44783639,2024-05-22,9,09:00,107.24781799316406,26.759066,18.192352,35.014534
20001_0310_1,16,44783639,2024-05-22,10,10:00,12.344856262207031,17.414242,8.979016,25.596476
20001_0310_1,16,44783639,2024-05-22,11,11:00,17.314311981201172,17.872787,9.545749,26.402884
20001_0310_1,16,44783639,2024-05-22,12,12:00,30.633768717447918,26.625914,17.871122,35.41399
20001_0310_1,16,44783639,2024-05-22,13,13:00,21.463891983032227,26.119934,17.258621,35.094425
20001_0310_1,16,44783639,2024-05-22,14,14:00,28.90615463256836,18.655476,9.830779,27.207209
20001_0310_1,16,44783639,2024-05-22,15,15:00,13.482050577799479,21.013525,12.485092,29.235704
20001_0310_1,16,44783639,2024-05-22,16,16:00,21.550521850585938,23.390303,14.94842,31.485989
20001_0310_1,16,44783639,2024-05-22,17,17:00,25.31028938293457,31.659086,22.871008,39.648247
20001_0310_1,16,44783639,2024-05-22,18,18:00,47.70349884033203,34.375397,25.693842,42.471085
20001_0310_1,16,44783639,2024-05-22,19,19:00,13.470980834960937,22.804432,14.828583,30.806911
20001_0310_1,16,44783639,2024-05-22,20,20:00,7.807692527770996,13.230749,5.9472966,20.49756
20001_0310_1,16,44783639,2024-05-22,21,21:00,10.1531982421875,15.674101,9.5424185,22.032145
20001_0310_1,16,44783639,2024-05-22,22,22:00,8.533297538757324,12.538355,7.411976,18.00594
20001_0310_1,16,44783639,2024-05-22,23,23:00,,1.1404834,0.0,5.6144147
20001_0310_1,16,44783639,2024-05-23,0,00:00,,0.14657512,0.0,4.7946057
20001_0310_1,16,44783639,2024-05-23,1,01:00,,0.5409532,0.0,4.766437
20001_0310_1,16,44783639,2024-05-23,2,02:00,,0.0,0.0,4.5974174
20001_0310_1,16,44783639,2024-05-23,3,03:00,,0.0,0.0,5.470684
20001_0310_1,16,44783639,2024-05-23,4,04:00,,1.9494483,0.0,9.13277
20001_0310_1,16,44783639,2024-05-23,5,05:00,21.7090581258138,21.766964,13.421637,30.591183
20001_0310_1,16,44783639,2024-05-23,6,06:00,35.106781005859375,32.429268,22.44304,42.42958
20001_0310_1,16,44783639,2024-05-23,7,07:00,35.93301010131836,37.274487,26.48542,47.697346
20001_0310_1,16,44783639,2024-05-23,8,08:00,32.17756042480469,30.288353,19.534498,40.6267
20001_0310_1,16,44783639,2024-05-23,9,09:00,26.515609741210938,27.499537,17.390064,37.866055
20001_0310_1,16,44783639,2024-05-23,10,10:00,18.28305435180664,17.402391,7.3186717,27.882689
20001_0310_1,16,44783639,2024-05-23,11,11:00,12.314814249674479,18.376894,8.490585,29.22362
20001_0310_1,16,44783639,2024-05-23,12,12:00,23.852710723876953,27.076986,17.340769,38.035076
20001_0310_1,16,44783639,2024-05-23,13,13:00,20.386112213134766,24.78114,15.217464,35.7674
20001_0310_1,16,44783639,2024-05-23,14,14:00,19.350963592529297,18.329355,8.739271,28.796228
20001_0310_1,16,44783639,2024-05-23,15,15:00,9.020833969116211,20.168324,10.991982,29.978489
20001_0310_1,16,44783639,2024-05-23,16,16:00,18.18490982055664,21.055674,12.062437,30.76724
20001_0310_1,16,44783639,2024-05-23,17,17:00,28.411582946777344,28.175611,18.817926,37.44351
20001_0310_1,16,44783639,2024-05-23,18,18:00,52.10902404785156,33.443382,23.992384,42.852127
20001_0310_1,16,44783639,2024-05-23,19,19:00,16.68993886311849,22.752909,14.034329,31.8377
20001_0310_1,16,44783639,2024-05-23,20,20:00,19.944927215576172,12.865279,4.8791156,21.13314
20001_0310_1,16,44783639,2024-05-23,21,21:00,13.487170219421387,14.365326,7.6749783,21.281033
20001_0310_1,16,44783639,2024-05-23,22,22:00,13.619047164916992,11.963842,6.470715,18.110159
20001_0310_1,16,44783639,2024-05-23,23,23:00,,2.062127,0.0,7.189047
20001_0310_1,16,44783639,2024-05-24,0,00:00,,0.48944348,0.0,4.647226
20001_0310_1,16,44783639,2024-05-24,1,01:00,,0.096140236,0.0,3.8044329
20001_0310_1,16,44783639,2024-05-24,2,02:00,,0.1523262,0.0,4.366294
20001_0310_1,16,44783639,2024-05-24,3,03:00,,0.0,0.0,4.366295
20001_0310_1,16,44783639,2024-05-24,4,04:00,,1.3322375,0.0,8.074587
20001_0310_1,16,44783639,2024-05-24,5,05:00,27.428548177083332,22.3178,14.226983,30.591228
20001_0310_1,16,44783639,2024-05-24,6,06:00,28.96367899576823,31.897558,22.064964,41.561592
20001_0310_1,16,44783639,2024-05-24,7,07:00,48.00276184082031,35.60585,25.141161,45.66319
20001_0310_1,16,44783639,2024-05-24,8,08:00,35.70765380859375,28.947779,18.472557,38.611813
20001_0310_1,16,44783639,2024-05-24,9,09:00,26.41345977783203,27.009354,17.064386,36.42055
20001_0310_1,16,44783639,2024-05-24,10,10:00,14.778123219807943,16.477943,6.742797,25.73375
20001_0310_1,16,44783639,2024-05-24,11,11:00,19.60480244954427,17.585867,8.24139,27.14806
20001_0310_1,16,44783639,2024-05-24,12,12:00,29.815142313639324,25.660883,16.27427,35.409195
20001_0310_1,16,44783639,2024-05-24,13,13:00,28.393983840942383,24.480972,15.224288,34.313564
20001_0310_1,16,44783639,2024-05-24,14,14:00,21.97784423828125,19.11255,9.916443,28.457901
20001_0310_1,16,44783639,2024-05-24,15,15:00,35.95909118652344,19.396116,10.399293,28.406988
20001_0310_1,16,44783639,2024-05-24,16,16:00,19.182279586791992,20.231888,11.080553,29.102295
20001_0310_1,16,44783639,2024-05-24,17,17:00,31.132598876953125,28.919687,19.325888,37.628555
20001_0310_1,16,44783639,2024-05-24,18,18:00,34.288818359375,36.954323,27.31838,45.775562
20001_0310_1,16,44783639,2024-05-24,19,19:00,26.2500483194987,23.38534,14.746703,31.883514
20001_0310_1,16,44783639,2024-05-24,20,20:00,11.908321380615234,13.257769,5.630486,20.892076
20001_0310_1,16,44783639,2024-05-24,21,21:00,13.456348419189453,15.301543,9.008683,21.580357
20001_0310_1,16,44783639,2024-05-24,22,22:00,8.230769157409668,11.979531,6.9227695,17.478762
20001_0310_1,16,44783639,2024-05-24,23,23:00,,1.2760515,0.0,6.108069
20001_0310_1,16,44783639,2024-05-25,0,00:00,,0.020563573,0.0,4.2563396
20001_0310_1,16,44783639,2024-05-25,1,01:00,,0.0,0.0,2.9187257
20001_0310_1,16,44783639,2024-05-25,2,02:00,,0.0,0.0,3.7547336
20001_0310_1,16,44783639,2024-05-25,3,03:00,,0.0,0.0,3.9219353
20001_0310_1,16,44783639,2024-05-25,4,04:00,,1.1909748,0.0,7.7397065
20001_0310_1,16,44783639,2024-05-25,5,05:00,,23.777132,15.97439,32.095417
20001_0310_1,16,44783639,2024-05-25,6,06:00,,31.259409,21.65228,41.152176
20001_0310_1,16,44783639,2024-05-25,7,07:00,,33.460896,23.010788,43.883133
20001_0310_1,16,44783639,2024-05-25,8,08:00,,26.41056,15.925623,36.52626
20001_0310_1,16,44783639,2024-05-25,9,09:00,,25.96469,16.044056,35.745987
20001_0310_1,16,44783639,2024-05-25,10,10:00,,15.173215,5.5939536,24.76641
20001_0310_1,16,44783639,2024-05-25,11,11:00,,17.554096,8.172951,27.624077
20001_0310_1,16,44783639,2024-05-25,12,12:00,,26.744963,17.193567,37.027863
20001_0310_1,16,44783639,2024-05-25,13,13:00,,24.989346,15.486719,35.43945
20001_0310_1,16,44783639,2024-05-25,14,14:00,,20.272863,10.749337,30.200462
20001_0310_1,16,44783639,2024-05-25,15,15:00,,22.007584,12.825425,31.663479
20001_0310_1,16,44783639,2024-05-25,16,16:00,,20.878971,11.578379,30.24923
20001_0310_1,16,44783639,2024-05-25,17,17:00,,27.079367,17.371222,36.35906
20001_0310_1,16,44783639,2024-05-25,18,18:00,,34.798508,25.003277,44.329006
20001_0310_1,16,44783639,2024-05-25,19,19:00,,22.871458,14.023704,32.276554
20001_0310_1,16,44783639,2024-05-25,20,20:00,,12.295953,4.312073,20.66997
20001_0310_1,16,44783639,2024-05-25,21,21:00,,14.483508,8.039278,21.63138
20001_0310_1,16,44783639,2024-05-25,22,22:00,,11.097674,6.0955577,17.200535
20001_0310_1,16,44783639,2024-05-25,23,23:00,,0.4664343,0.0,5.6496863
20001_0310_1,16,44783639,2024-05-26,0,00:00,,0.0,0.0,4.295795
20001_0310_1,16,44783639,2024-05-26,1,01:00,,0.0,0.0,3.358696
20001_0310_1,16,44783639,2024-05-26,2,02:00,,0.0,0.0,3.5791895
20001_0310_1,16,44783639,2024-05-26,3,03:00,,0.0,0.0,3.7996836
20001_0310_1,16,44783639,2024-05-26,4,04:00,,0.6025226,0.0,7.4102707
20001_0310_1,16,44783639,2024-05-26,5,05:00,,20.688135,12.764139,29.48033
20001_0310_1,16,44783639,2024-05-26,6,06:00,,28.743052,19.09989,39.05114
20001_0310_1,16,44783639,2024-05-26,7,07:00,,26.482988,16.071547,37.438778
20001_0310_1,16,44783639,2024-05-26,8,08:00,,23.740597,13.356714,34.365646
20001_0310_1,16,44783639,2024-05-26,9,09:00,,23.561447,13.597881,34.021126
20001_0310_1,16,44783639,2024-05-26,10,10:00,,13.515195,3.6825464,23.816393
20001_0310_1,16,44783639,2024-05-26,11,11:00,,16.14045,6.4645586,26.777554
20001_0310_1,16,44783639,2024-05-26,12,12:00,,26.124687,16.488417,36.90133
20001_0310_1,16,44783639,2024-05-26,13,13:00,,24.0989,14.376498,35.013348
20001_0310_1,16,44783639,2024-05-26,14,14:00,,18.757092,9.196616,29.344244
20001_0310_1,16,44783639,2024-05-26,15,15:00,,19.022804,9.648371,29.382574
20001_0310_1,16,44783639,2024-05-26,16,16:00,,18.410849,8.876209,28.527723
20001_0310_1,16,44783639,2024-05-26,17,17:00,,23.12046,13.225798,33.05647
20001_0310_1,16,44783639,2024-05-26,18,18:00,,32.463886,22.624346,42.303425
20001_0310_1,16,44783639,2024-05-26,19,19:00,,23.12046,14.507418,32.519012
20001_0310_1,16,44783639,2024-05-26,20,20:00,,12.192231,4.54385,20.350504
20001_0310_1,16,44783639,2024-05-26,21,21:00,,13.997526,8.01663,20.832836
20001_0310_1,16,44783639,2024-05-26,22,22:00,,10.759021,6.045965,16.615889
20001_0310_1,16,44783639,2024-05-26,23,23:00,,0.7127694,0.0,5.6187577
20001_0310_1,16,44783639,2024-05-27,0,00:00,,0.0,0.0,3.7426891
20001_0310_1,16,44783639,2024-05-27,1,01:00,,0.0,0.0,2.945778
20001_0310_1,16,44783639,2024-05-27,2,02:00,,0.0,0.0,3.1106563
20001_0310_1,16,44783639,2024-05-27,3,03:00,,0.0,0.0,3.6602511
20001_0310_1,16,44783639,2024-05-27,4,04:00,,1.1870768,0.0,7.6173263
20001_0310_1,16,44783639,2024-05-27,5,05:00,16.427194595336914,22.044168,14.171236,30.370516
20001_0310_1,16,44783639,2024-05-27,6,06:00,28.874090576171874,33.063526,23.349451,42.62646
20001_0310_1,16,44783639,2024-05-27,7,07:00,41.45043182373047,35.921417,25.479132,45.86907
20001_0310_1,16,44783639,2024-05-27,8,08:00,32.35316721598307,30.782713,20.519045,40.400604
20001_0310_1,16,44783639,2024-05-27,9,09:00,29.244857788085938,27.155396,17.444757,36.471016
20001_0310_1,16,44783639,2024-05-27,10,10:00,14.409065246582031,15.655138,6.087051,24.855684
20001_0310_1,16,44783639,2024-05-27,11,11:00,12.312232971191406,17.515171,8.1634865,26.904642
20001_0310_1,16,44783639,2024-05-27,12,12:00,29.47845713297526,27.155392,17.710966,36.580933
20001_0310_1,16,44783639,2024-05-27,13,13:00,23.387569427490234,24.077665,14.727698,33.448242
20001_0310_1,16,44783639,2024-05-27,14,14:00,15.275341033935547,18.588596,9.465335,27.656895
20001_0310_1,16,44783639,2024-05-27,15,15:00,16.1125971476237,20.127459,11.292737,28.646168
20001_0310_1,16,44783639,2024-05-27,16,16:00,21.27884292602539,19.674044,10.925196,28.003828
20001_0310_1,16,44783639,2024-05-27,17,17:00,51.634674072265625,27.017996,17.966871,35.097027
20001_0310_1,16,44783639,2024-05-27,18,18:00,51.39098358154297,35.316864,26.468401,43.560776
20001_0310_1,16,44783639,2024-05-27,19,19:00,19.999473571777344,24.008966,16.18584,31.89564
20001_0310_1,16,44783639,2024-05-27,20,20:00,19.436904907226562,13.6766,6.7929354,20.656445
20001_0310_1,16,44783639,2024-05-27,21,21:00,12.848776817321777,14.246805,8.689035,19.976322
20001_0310_1,16,44783639,2024-05-27,22,22:00,6.967473983764648,11.368306,6.999034,16.359306
20001_0310_1,16,44783639,2024-05-27,23,23:00,,1.4069152,0.0,5.7761874
20001_0310_1,16,44783639,2024-05-28,0,00:00,,0.0,0.0,3.7090116
20001_0310_1,16,44783639,2024-05-28,1,01:00,,0.0,0.0,3.0959864
20001_0310_1,16,44783639,2024-05-28,2,02:00,,0.1980548,0.0,3.931929
20001_0310_1,16,44783639,2024-05-28,3,03:00,,0.0,0.0,4.0712523
20001_0310_1,16,44783639,2024-05-28,4,04:00,,0.08659634,0.0,6.3561616
20001_0310_1,16,44783639,2024-05-28,5,05:00,34.228065490722656,22.057941,14.771314,30.194445
20001_0310_1,16,44783639,2024-05-28,6,06:00,31.1846981048584,31.880259,22.86602,41.688644
20001_0310_1,16,44783639,2024-05-28,7,07:00,43.76418685913086,36.645126,26.781012,46.899345
20001_0310_1,16,44783639,2024-05-28,8,08:00,37.69581985473633,30.431293,20.636837,40.295406
20001_0310_1,16,44783639,2024-05-28,9,09:00,27.31640625,27.53336,18.360638,37.14669
20001_0310_1,16,44783639,2024-05-28,10,10:00,23.723134358723957,16.279491,7.232596,25.734781
20001_0310_1,16,44783639,2024-05-28,11,11:00,17.156919479370117,16.478027,7.7023783,26.316023
20001_0310_1,16,44783639,2024-05-28,12,12:00,24.514991760253906,25.959002,17.050993,35.878845
20001_0310_1,16,44783639,2024-05-28,13,13:00,30.60779317220052,23.325785,14.534462,33.2735
20001_0310_1,16,44783639,2024-05-28,14,14:00,18.149578094482422,19.250568,10.570703,28.682777
20001_0310_1,16,44783639,2024-05-28,15,15:00,26.23505147298177,19.713818,11.166309,28.735027
20001_0310_1,16,44783639,2024-05-28,16,16:00,24.22374979654948,21.23593,12.625728,30.36163
20001_0310_1,16,44783639,2024-05-28,17,17:00,38.90943145751953,31.740936,22.601303,40.79697
20001_0310_1,16,44783639,2024-05-28,18,18:00,58.5055046081543,37.425343,28.146387,46.732162
20001_0310_1,16,44783639,2024-05-28,19,19:00,20.391453552246094,23.799486,15.495794,32.66047
20001_0310_1,16,44783639,2024-05-28,20,20:00,14.86014175415039,13.907504,6.509417,21.639969
20001_0310_1,16,44783639,2024-05-28,21,21:00,21.571901321411133,14.088625,8.132539,20.393023
20001_0310_1,16,44783639,2024-05-28,22,22:00,5.7101006507873535,9.978576,5.213707,15.398269
20001_0310_1,16,44783639,2024-05-28,23,23:00,,0.0,0.0,4.4892235
20001_0310_1,16,44783639,2024-05-29,0,00:00,,0.23531711,0.0,4.240465
20001_0310_1,16,44783639,2024-05-29,1,01:00,,0.0,0.0,2.9430244
20001_0310_1,16,44783639,2024-05-29,2,02:00,,0.1789065,0.0,4.014823
20001_0310_1,16,44783639,2024-05-29,3,03:00,,0.0,0.0,4.889187
20001_0310_1,16,44783639,2024-05-29,4,04:00,,0.96865416,0.0,7.8789444
20001_0310_1,16,44783639,2024-05-29,5,05:00,18.630167643229168,25.78929,17.80191,34.956
20001_0310_1,16,44783639,2024-05-29,6,06:00,33.57805633544922,33.799587,23.829023,44.79964
20001_0310_1,16,44783639,2024-05-29,7,07:00,33.08860778808594,40.794495,29.935465,52.24583
20001_0310_1,16,44783639,2024-05-29,8,08:00,36.58720397949219,32.558556,21.882858,43.72784
20001_0310_1,16,44783639,2024-05-29,9,09:00,58.61608123779297,30.809826,20.698236,41.64065
20001_0310_1,16,44783639,2024-05-29,10,10:00,18.44256591796875,17.529554,7.7299876,28.1506
20001_0310_1,16,44783639,2024-05-29,11,11:00,22.475116729736328,19.020025,9.497222,30.087069
20001_0310_1,16,44783639,2024-05-29,12,12:00,19.26433753967285,28.017508,18.293737,39.130383
20001_0310_1,16,44783639,2024-05-29,13,13:00,30.344799041748047,25.873903,16.093727,36.87396
20001_0310_1,16,44783639,2024-05-29,14,14:00,21.1481450398763,20.317467,10.692421,30.661747
20001_0310_1,16,44783639,2024-05-29,15,15:00,20.020950317382812,22.446964,13.153329,32.375217
20001_0310_1,16,44783639,2024-05-29,16,16:00,30.705074310302734,23.081583,13.491795,32.854713
20001_0310_1,16,44783639,2024-05-29,17,17:00,24.632293701171875,33.517532,23.307226,43.389378
20001_0310_1,16,44783639,2024-05-29,18,18:00,41.564388275146484,41.132957,31.007265,51.286854
20001_0310_1,16,44783639,2024-05-29,19,19:00,16.784017944335936,24.50595,15.374496,34.279076
20001_0310_1,16,44783639,2024-05-29,20,20:00,15.983355712890624,13.759744,5.693036,22.108501
20001_0310_1,16,44783639,2024-05-29,21,21:00,10.839869499206543,15.036033,8.654591,22.037989
20001_0310_1,16,44783639,2024-05-29,22,22:00,9.244645118713379,9.937929,4.8327756,15.794046
20001_0310_1,16,44783639,2024-05-29,23,23:00,,0.0,0.0,4.719954
20001_0310_1,16,44783639,2024-05-30,0,00:00,,0.09134254,0.0,4.2276506
20001_0310_1,16,44783639,2024-05-30,1,01:00,,0.09134254,0.0,3.7427056
20001_0310_1,16,44783639,2024-05-30,2,02:00,,0.0,0.0,3.40039
20001_0310_1,16,44783639,2024-05-30,3,03:00,,0.0,0.0,5.2260714
20001_0310_1,16,44783639,2024-05-30,4,04:00,,1.004183,0.0,8.135751
20001_0310_1,16,44783639,2024-05-30,5,05:00,,23.040728,14.440058,32.28324
20001_0310_1,16,44783639,2024-05-30,6,06:00,,31.584345,20.837072,42.509907
20001_0310_1,16,44783639,2024-05-30,7,07:00,,38.088337,26.506666,49.498844
20001_0310_1,16,44783639,2024-05-30,8,08:00,,30.87119,19.61401,42.110542
20001_0310_1,16,44783639,2024-05-30,9,09:00,,31.042349,20.587471,41.768227
20001_0310_1,16,44783639,2024-05-30,10,10:00,,16.946804,7.0820637,27.44982
20001_0310_1,16,44783639,2024-05-30,11,11:00,,17.75891,8.356607,28.324997
20001_0310_1,16,44783639,2024-05-30,12,12:00,,26.763407,17.421053,37.289604
20001_0310_1,16,44783639,2024-05-30,13,13:00,,24.153254,14.974925,34.69371
20001_0310_1,16,44783639,2024-05-30,14,14:00,,19.653233,10.474905,29.70161
20001_0310_1,16,44783639,2024-05-30,15,15:00,,21.393333,12.428953,31.24203
20001_0310_1,16,44783639,2024-05-30,16,16:00,,21.678598,12.535928,31.477371
20001_0310_1,16,44783639,2024-05-30,17,17:00,,29.530453,19.75664,39.25791
20001_0310_1,16,44783639,2024-05-30,18,18:00,,41.28328,31.384663,51.096317
20001_0310_1,16,44783639,2024-05-30,19,19:00,,22.898094,13.997898,32.19766
20001_0310_1,16,44783639,2024-05-30,20,20:00,,14.325952,6.6095953,22.356096
20001_0310_1,16,44783639,2024-05-30,21,21:00,,14.696793,8.563644,21.136597
20001_0310_1,16,44783639,2024-05-30,22,22:00,,10.589009,5.7110167,16.058922
20001_0310_1,16,44783639,2024-05-30,23,23:00,,1.460603,0.0,6.024806
20001_0310_1,16,44783639,2024-05-31,0,00:00,,0.34363815,0.0,4.2786303
20001_0310_1,16,44783639,2024-05-31,1,01:00,,0.0,0.0,3.3091385
20001_0310_1,16,44783639,2024-05-31,2,02:00,,0.0014650226,0.0,3.8223987
20001_0310_1,16,44783639,2024-05-31,3,03:00,,0.11552274,0.0,5.105548
20001_0310_1,16,44783639,2024-05-31,4,04:00,,0.62878203,0.0,7.24413
20001_0310_1,16,44783639,2024-05-31,5,05:00,,24.709219,16.443596,33.32058
20001_0310_1,16,44783639,2024-05-31,6,06:00,,32.79306,22.77024,43.314888
20001_0310_1,16,44783639,2024-05-31,7,07:00,,39.750584,29.05767,51.09933
20001_0310_1,16,44783639,2024-05-31,8,08:00,,30.055676,19.41979,40.976704
20001_0310_1,16,44783639,2024-05-31,9,09:00,,29.542412,19.583748,39.89315
20001_0310_1,16,44783639,2024-05-31,10,10:00,,15.948161,6.6417637,26.11712
20001_0310_1,16,44783639,2024-05-31,11,11:00,,19.180983,10.380717,29.428354
20001_0310_1,16,44783639,2024-05-31,12,12:00,,28.715496,19.758402,38.781094
20001_0310_1,16,44783639,2024-05-31,13,13:00,,26.633944,17.9014,36.842113
20001_0310_1,16,44783639,2024-05-31,14,14:00,,22.164305,13.453146,32.229897
20001_0310_1,16,44783639,2024-05-31,15,15:00,,24.338531,15.791332,34.26156
20001_0310_1,16,44783639,2024-05-31,16,16:00,,23.140924,14.258679,33.120975
20001_0310_1,16,44783639,2024-05-31,17,17:00,,30.48339,20.938187,40.320873
20001_0310_1,16,44783639,2024-05-31,18,18:00,,42.545,32.87861,52.468018
20001_0310_1,16,44783639,2024-05-31,19,19:00,,24.666447,15.869746,33.9479
20001_0310_1,16,44783639,2024-05-31,20,20:00,,14.272938,6.5241413,22.185692
20001_0310_1,16,44783639,2024-05-31,21,21:00,,15.007185,8.698368,21.401548
20001_0310_1,16,44783639,2024-05-31,22,22:00,,11.207636,6.1605825,16.614685
20001_0310_1,16,44783639,2024-05-31,23,23:00,,1.1990706,0.0,5.7613792
20001_0310_1,17,43787620,2024-05-01,0,00:00,,0.0,0.0,6.0569496
20001_0310_1,17,43787620,2024-05-01,1,01:00,,0.0,0.0,5.7255583
20001_0310_1,17,43787620,2024-05-01,2,02:00,,1.1413119,0.0,7.1892033
20001_0310_1,17,43787620,2024-05-01,3,03:00,,0.0,0.0,7.2720523
20001_0310_1,17,43787620,2024-05-01,4,04:00,,2.135486,0.0,11.248748
20001_0310_1,17,43787620,2024-05-01,5,05:00,,23.634499,15.170213,35.13654
20001_0310_1,17,43787620,2024-05-01,6,06:00,,32.95488,22.571283,46.210533
20001_0310_1,17,43787620,2024-05-01,7,07:00,,41.18443,30.08282,54.992405
20001_0310_1,17,43787620,2024-05-01,8,08:00,,26.851757,16.129868,40.107414
20001_0310_1,17,43787620,2024-05-01,9,09:00,,25.084337,15.156405,38.036217
20001_0310_1,17,43787620,2024-05-01,10,10:00,,20.037521,10.171723,32.73395
20001_0310_1,17,43787620,2024-05-01,11,11:00,,19.058882,9.327713,32.248943
20001_0310_1,17,43787620,2024-05-01,12,12:00,,24.821985,14.963093,38.32618
20001_0310_1,17,43787620,2024-05-01,13,13:00,,23.399765,13.250904,37.221546
20001_0310_1,17,43787620,2024-05-01,14,14:00,,19.626734,9.505492,33.19997
20001_0310_1,17,43787620,2024-05-01,15,15:00,,22.695557,12.712394,36.1031
20001_0310_1,17,43787620,2024-05-01,16,16:00,,23.261684,13.071403,36.71065
20001_0310_1,17,43787620,2024-05-01,17,17:00,,32.568256,21.770424,46.072453
20001_0310_1,17,43787620,2024-05-01,18,18:00,,38.80946,27.790697,52.286037
20001_0310_1,17,43787620,2024-05-01,19,19:00,,26.49275,16.323177,39.472244
20001_0310_1,17,43787620,2024-05-01,20,20:00,,15.6258745,6.346917,27.307419
20001_0310_1,17,43787620,2024-05-01,21,21:00,,14.900957,7.4170356,24.828888
20001_0310_1,17,43787620,2024-05-01,22,22:00,,14.935476,8.645946,23.655212
20001_0310_1,17,43787620,2024-05-01,23,23:00,,2.1907184,0.0,9.619407
20001_0310_1,17,43787620,2024-05-02,0,00:00,,0.0,0.0,4.7027884
20001_0310_1,17,43787620,2024-05-02,1,01:00,,0.0,0.0,3.9825723
20001_0310_1,17,43787620,2024-05-02,2,02:00,,0.0,0.0,4.093375
20001_0310_1,17,43787620,2024-05-02,3,03:00,,0.0,0.0,4.8689923
20001_0310_1,17,43787620,2024-05-02,4,04:00,,0.8523998,0.0,8.414674
20001_0310_1,17,43787620,2024-05-02,5,05:00,,23.95473,15.7207155,33.48375
20001_0310_1,17,43787620,2024-05-02,6,06:00,,32.458824,22.417349,43.289776
20001_0310_1,17,43787620,2024-05-02,7,07:00,,40.0765,29.439453,51.156754
20001_0310_1,17,43787620,2024-05-02,8,08:00,,25.713718,15.6168375,36.10146
20001_0310_1,17,43787620,2024-05-02,9,09:00,,25.74142,16.666002,35.602848
20001_0310_1,17,43787620,2024-05-02,10,10:00,,20.00739,11.32324,29.577957
20001_0310_1,17,43787620,2024-05-02,11,11:00,,18.298605,9.994474,28.193789
20001_0310_1,17,43787620,2024-05-02,12,12:00,,26.336985,18.120283,36.309216
20001_0310_1,17,43787620,2024-05-02,13,13:00,,23.303764,15.076676,33.497597
20001_0310_1,17,43787620,2024-05-02,14,14:00,,19.934675,11.634872,29.82034
20001_0310_1,17,43787620,2024-05-02,15,15:00,,22.057236,13.788596,31.669355
20001_0310_1,17,43787620,2024-05-02,16,16:00,,21.71098,13.0822315,31.447752
20001_0310_1,17,43787620,2024-05-02,17,17:00,,29.245552,20.014317,38.857674
20001_0310_1,17,43787620,2024-05-02,18,18:00,,37.749645,28.192926,47.389465
20001_0310_1,17,43787620,2024-05-02,19,19:00,,25.27051,16.676388,34.78568
20001_0310_1,17,43787620,2024-05-02,20,20:00,,15.076676,7.2166214,23.546144
20001_0310_1,17,43787620,2024-05-02,21,21:00,,14.190256,7.722156,21.378569
20001_0310_1,17,43787620,2024-05-02,22,22:00,,14.093304,8.66398,20.547552
20001_0310_1,17,43787620,2024-05-02,23,23:00,,1.0740048,0.0,6.697234
20001_0310_1,17,43787620,2024-05-03,0,00:00,,0.0,0.0,3.787455
20001_0310_1,17,43787620,2024-05-03,1,01:00,,0.0,0.0,3.234663
20001_0310_1,17,43787620,2024-05-03,2,02:00,,0.0,0.0,3.5663393
20001_0310_1,17,43787620,2024-05-03,3,03:00,,0.0,0.0,4.5613613
20001_0310_1,17,43787620,2024-05-03,4,04:00,,0.581269,0.0,7.076559
20001_0310_1,17,43787620,2024-05-03,5,05:00,,24.848776,16.77458,33.334114
20001_0310_1,17,43787620,2024-05-03,6,06:00,,32.311455,22.430319,42.372242
20001_0310_1,17,43787620,2024-05-03,7,07:00,,42.427517,32.035053,52.7647
20001_0310_1,17,43787620,2024-05-03,8,08:00,,26.147835,16.315071,35.71111
20001_0310_1,17,43787620,2024-05-03,9,09:00,,25.498306,16.719301,34.42588
20001_0310_1,17,43787620,2024-05-03,10,10:00,,20.108599,12.051675,28.566294
20001_0310_1,17,43787620,2024-05-03,11,11:00,,18.597061,10.894268,27.25687
20001_0310_1,17,43787620,2024-05-03,12,12:00,,26.064915,18.28957,34.743725
20001_0310_1,17,43787620,2024-05-03,13,13:00,,24.517103,16.854044,33.417034
20001_0310_1,17,43787620,2024-05-03,14,14:00,,20.57156,12.673564,29.132904
20001_0310_1,17,43787620,2024-05-03,15,15:00,,22.844912,15.105843,31.150595
20001_0310_1,17,43787620,2024-05-03,16,16:00,,22.36122,14.338845,30.756725
20001_0310_1,17,43787620,2024-05-03,17,17:00,,28.497194,19.84602,36.650856
20001_0310_1,17,43787620,2024-05-03,18,18:00,,38.060474,29.354021,46.46289
20001_0310_1,17,43787620,2024-05-03,19,19:00,,24.14397,16.349623,32.187073
20001_0310_1,17,43787620,2024-05-03,20,20:00,,15.2855,8.20978,22.340488
20001_0310_1,17,43787620,2024-05-03,21,21:00,,13.972621,8.057761,19.92203
20001_0310_1,17,43787620,2024-05-03,22,22:00,,13.779145,8.859308,19.0272
20001_0310_1,17,43787620,2024-05-03,23,23:00,,0.80238485,0.0,5.307629
20001_0310_1,17,43787620,2024-05-04,0,00:00,,0.25129527,0.0,3.6406608
20001_0310_1,17,43787620,2024-05-04,1,01:00,,0.030848622,0.0,2.78643
20001_0310_1,17,43787620,2024-05-04,2,02:00,,0.25129527,0.0,3.2273223
20001_0310_1,17,43787620,2024-05-04,3,03:00,,0.0,0.0,3.4477692
20001_0310_1,17,43787620,2024-05-04,4,04:00,,1.0228583,0.0,6.4237976
20001_0310_1,17,43787620,2024-05-04,5,05:00,,23.026175,16.357668,30.066685
20001_0310_1,17,43787620,2024-05-04,6,06:00,,32.76715,24.596851,41.47479
20001_0310_1,17,43787620,2024-05-04,7,07:00,,42.246353,33.648937,51.33977
20001_0310_1,17,43787620,2024-05-04,8,08:00,,26.704874,18.593132,35.054283
20001_0310_1,17,43787620,2024-05-04,9,09:00,,25.616419,18.424353,33.24938
20001_0310_1,17,43787620,2024-05-04,10,10:00,,19.46975,12.952801,26.620483
20001_0310_1,17,43787620,2024-05-04,11,11:00,,17.810375,11.782974,25.119986
20001_0310_1,17,43787620,2024-05-04,12,12:00,,25.28575,19.185581,32.72582
20001_0310_1,17,43787620,2024-05-04,13,13:00,,23.770182,17.62868,31.761364
20001_0310_1,17,43787620,2024-05-04,14,14:00,,19.939922,13.395416,27.77955
20001_0310_1,17,43787620,2024-05-04,15,15:00,,21.958385,15.083209,30.039131
20001_0310_1,17,43787620,2024-05-04,16,16:00,,22.681726,15.110767,31.072472
20001_0310_1,17,43787620,2024-05-04,17,17:00,,30.039127,21.434826,38.664097
20001_0310_1,17,43787620,2024-05-04,18,18:00,,38.49876,29.598234,47.59218
20001_0310_1,17,43787620,2024-05-04,19,19:00,,24.142183,15.944331,32.946262
20001_0310_1,17,43787620,2024-05-04,20,20:00,,14.194536,6.864691,21.944609
20001_0310_1,17,43787620,2024-05-04,21,21:00,,13.946533,7.980702,20.463486
20001_0310_1,17,43787620,2024-05-04,22,22:00,,13.367861,8.462927,18.947912
20001_0310_1,17,43787620,2024-05-04,23,23:00,,1.1330812,0.0,5.817569
20001_0310_1,17,43787620,2024-05-05,0,00:00,,0.0,0.0,3.1113667
20001_0310_1,17,43787620,2024-05-05,1,01:00,,0.0,0.0,2.4497266
20001_0310_1,17,43787620,2024-05-05,2,02:00,,0.0,0.0,3.0562296
20001_0310_1,17,43787620,2024-05-05,3,03:00,,0.0,0.0,3.001093
20001_0310_1,17,43787620,2024-05-05,4,04:00,,0.85076326,0.0,6.6676817
20001_0310_1,17,43787620,2024-05-05,5,05:00,,22.223112,14.986426,29.914679
20001_0310_1,17,43787620,2024-05-05,6,06:00,,32.002983,23.06395,41.321083
20001_0310_1,17,43787620,2024-05-05,7,07:00,,37.46151,28.033134,47.33097
20001_0310_1,17,43787620,2024-05-05,8,08:00,18.363636016845703,23.911674,14.869263,32.871384
20001_0310_1,17,43787620,2024-05-05,9,09:00,,24.573313,16.35795,32.87138
20001_0310_1,17,43787620,2024-05-05,10,10:00,0.0,19.30776,11.478354,27.302574
20001_0310_1,17,43787620,2024-05-05,11,11:00,,17.252197,9.683829,25.618324
20001_0310_1,17,43787620,2024-05-05,12,12:00,,22.85029,15.39995,31.231064
20001_0310_1,17,43787620,2024-05-05,13,13:00,,22.491901,14.841688,31.396473
20001_0310_1,17,43787620,2024-05-05,14,14:00,,17.98965,10.07237,26.696075
20001_0310_1,17,43787620,2024-05-05,15,15:00,,18.996756,11.038984,27.855663
20001_0310_1,17,43787620,2024-05-05,16,16:00,,19.583445,11.113072,28.908432
20001_0310_1,17,43787620,2024-05-05,17,17:00,,25.02819,15.768678,34.594402
20001_0310_1,17,43787620,2024-05-05,18,18:00,,36.46905,26.930405,46.39365
20001_0310_1,17,43787620,2024-05-05,19,19:00,,22.850292,14.138701,32.306232
20001_0310_1,17,43787620,2024-05-05,20,20:00,,13.201375,5.3581843,21.527012
20001_0310_1,17,43787620,2024-05-05,21,21:00,,13.780311,7.4533787,20.637934
20001_0310_1,17,43787620,2024-05-05,22,22:00,,12.539736,7.412027,18.441084
20001_0310_1,17,43787620,2024-05-05,23,23:00,,1.346992,0.0,6.5849757
20001_0310_1,17,43787620,2024-05-06,0,00:00,,0.0,0.0,3.4385717
20001_0310_1,17,43787620,2024-05-06,1,01:00,,0.0,0.0,3.0227373
20001_0310_1,17,43787620,2024-05-06,2,02:00,,0.0,0.0,2.6900725
20001_0310_1,17,43787620,2024-05-06,3,03:00,,0.0,0.0,3.1336274
20001_0310_1,17,43787620,2024-05-06,4,04:00,,0.08418608,0.0,5.9890146
20001_0310_1,17,43787620,2024-05-06,5,05:00,21.2304204305013,21.7075,14.562103,29.358826
20001_0310_1,17,43787620,2024-05-06,6,06:00,33.520084381103516,31.632046,22.636194,40.50315
20001_0310_1,17,43787620,2024-05-06,7,07:00,44.330745697021484,38.61804,29.026157,47.87725
20001_0310_1,17,43787620,2024-05-06,8,08:00,39.26666259765625,26.53116,17.334322,35.09732
20001_0310_1,17,43787620,2024-05-06,9,09:00,20.381629943847656,23.176775,14.638342,31.133049
20001_0310_1,17,43787620,2024-05-06,10,10:00,16.663654327392578,14.742298,6.494945,22.379765
20001_0310_1,17,43787620,2024-05-06,11,11:00,21.70979881286621,16.644733,8.58104,24.49358
20001_0310_1,17,43787620,2024-05-06,12,12:00,30.902721405029297,22.774803,14.790812,30.772657
20001_0310_1,17,43787620,2024-05-06,13,13:00,19.326573689778645,22.164913,13.917562,30.426126
20001_0310_1,17,43787620,2024-05-06,14,14:00,12.803888320922852,17.623672,9.237707,25.760136
20001_0310_1,17,43787620,2024-05-06,15,15:00,10.947957992553711,19.364971,10.812674,27.404411
20001_0310_1,17,43787620,2024-05-06,16,16:00,26.497655232747395,21.263943,12.365116,29.760792
20001_0310_1,17,43787620,2024-05-06,17,17:00,31.083697001139324,27.972715,18.321928,36.677486
20001_0310_1,17,43787620,2024-05-06,18,18:00,44.35931396484375,37.675484,27.667772,47.04559
20001_0310_1,17,43787620,2024-05-06,19,19:00,24.4159673055013,24.11933,14.867048,33.392406
20001_0310_1,17,43787620,2024-05-06,20,20:00,11.734944661458334,13.945285,5.4622917,22.455997
20001_0310_1,17,43787620,2024-05-06,21,21:00,6.732142925262451,14.381908,7.340469,21.686705
20001_0310_1,17,43787620,2024-05-06,22,22:00,14.448753356933594,12.933424,7.153345,19.363241
20001_0310_1,17,43787620,2024-05-06,23,23:00,,0.8049627,0.0,6.654346
20001_0310_1,17,43787620,2024-05-07,0,00:00,,0.068374395,0.0,4.3278656
20001_0310_1,17,43787620,2024-05-07,1,01:00,,0.01269424,0.0,3.8824277
20001_0310_1,17,43787620,2024-05-07,2,02:00,,0.0,0.0,3.7153897
20001_0310_1,17,43787620,2024-05-07,3,03:00,,0.01269424,0.0,5.1908994
20001_0310_1,17,43787620,2024-05-07,4,04:00,,0.51381147,0.0,7.2510448
20001_0310_1,17,43787620,2024-05-07,5,05:00,20.53034782409668,25.43044,18.032015,33.99118
20001_0310_1,17,43787620,2024-05-07,6,06:00,29.79457664489746,31.30464,22.159264,41.410492
20001_0310_1,17,43787620,2024-05-07,7,07:00,54.71894073486328,40.770172,30.97056,51.237946
20001_0310_1,17,43787620,2024-05-07,8,08:00,29.42371826171875,29.717773,20.280079,39.573067
20001_0310_1,17,43787620,2024-05-07,9,09:00,29.423009236653645,26.042917,17.443897,35.285736
20001_0310_1,17,43787620,2024-05-07,10,10:00,13.369503021240234,18.35565,10.189885,27.22785
20001_0310_1,17,43787620,2024-05-07,11,11:00,11.569427490234375,19.390942,11.634075,28.115242
20001_0310_1,17,43787620,2024-05-07,12,12:00,20.808395385742188,24.804047,17.200296,33.448303
20001_0310_1,17,43787620,2024-05-07,13,13:00,18.774447123209637,23.161495,15.571669,31.56912
20001_0310_1,17,43787620,2024-05-07,14,14:00,15.77542495727539,17.812773,10.346484,25.936777
20001_0310_1,17,43787620,2024-05-07,15,15:00,16.594223022460938,20.412313,12.986045,28.075218
20001_0310_1,17,43787620,2024-05-07,16,16:00,29.21857452392578,23.050137,15.380271,31.054085
20001_0310_1,17,43787620,2024-05-07,17,17:00,29.665163040161133,31.52736,23.245016,39.684425
20001_0310_1,17,43787620,2024-05-07,18,18:00,33.584713745117185,39.211143,30.664326,47.785812
20001_0310_1,17,43787620,2024-05-07,19,19:00,18.6943359375,25.026764,17.179417,33.406548
20001_0310_1,17,43787620,2024-05-07,20,20:00,9.844988822937012,15.220191,7.877441,22.862217
20001_0310_1,17,43787620,2024-05-07,21,21:00,7.190171241760254,14.746915,8.482957,21.157032
20001_0310_1,17,43787620,2024-05-07,22,22:00,15.161676406860352,14.8582735,9.248551,20.641993
20001_0310_1,17,43787620,2024-05-07,23,23:00,,1.8501228,0.0,7.0004883
20001_0310_1,17,43787620,2024-05-08,0,00:00,,0.0,0.0,4.2484727
20001_0310_1,17,43787620,2024-05-08,1,01:00,,0.0,0.0,3.3062701
20001_0310_1,17,43787620,2024-05-08,2,02:00,,0.0,0.0,3.2785573
20001_0310_1,17,43787620,2024-05-08,3,03:00,,0.0,0.0,3.860508
20001_0310_1,17,43787620,2024-05-08,4,04:00,,0.0,0.0,5.9666095
20001_0310_1,17,43787620,2024-05-08,5,05:00,20.178211212158203,22.48289,15.000683,30.311495
20001_0310_1,17,43787620,2024-05-08,6,06:00,34.19359588623047,31.073568,21.997929,40.246197
20001_0310_1,17,43787620,2024-05-08,7,07:00,42.47166442871094,43.59934,34.1773,53.0768
20001_0310_1,17,43787620,2024-05-08,8,08:00,24.081520080566406,28.27467,19.330662,37.087044
20001_0310_1,17,43787620,2024-05-08,9,09:00,18.59867286682129,23.965473,15.9290285,32.25132
20001_0310_1,17,43787620,2024-05-08,10,10:00,13.520751953125,15.485639,7.8683352,23.428555
20001_0310_1,17,43787620,2024-05-08,11,11:00,12.244871775309244,16.971691,9.716373,24.902481
20001_0310_1,17,43787620,2024-05-08,12,12:00,15.55630111694336,23.411236,15.984451,31.530815
20001_0310_1,17,43787620,2024-05-08,13,13:00,36.6972910563151,22.566025,15.173882,30.907299
20001_0310_1,17,43787620,2024-05-08,14,14:00,18.3370304107666,17.583082,10.080524,25.79316
20001_0310_1,17,43787620,2024-05-08,15,15:00,20.24291737874349,19.95418,12.465044,27.997551
20001_0310_1,17,43787620,2024-05-08,16,16:00,31.030319213867188,22.27505,14.543434,30.408487
20001_0310_1,17,43787620,2024-05-08,17,17:00,18.843463897705078,29.16145,20.847887,37.391876
20001_0310_1,17,43787620,2024-05-08,18,18:00,47.62763214111328,36.83764,28.440943,45.317474
20001_0310_1,17,43787620,2024-05-08,19,19:00,19.86346435546875,22.912422,15.166952,31.142849
20001_0310_1,17,43787620,2024-05-08,20,20:00,14.8726806640625,12.950003,6.035889,20.449532
20001_0310_1,17,43787620,2024-05-08,21,21:00,16.530616760253906,12.229494,6.5762706,18.603228
20001_0310_1,17,43787620,2024-05-08,22,22:00,10.154805183410645,12.063223,7.1027966,17.763212
20001_0310_1,17,43787620,2024-05-08,23,23:00,,0.4242342,0.0,5.5232196
20001_0310_1,17,43787620,2024-05-09,0,00:00,,0.0,0.0,3.426701
20001_0310_1,17,43787620,2024-05-09,1,01:00,,0.0,0.0,2.7105868
20001_0310_1,17,43787620,2024-05-09,2,02:00,,0.0,0.0,2.8207576
20001_0310_1,17,43787620,2024-05-09,3,03:00,,0.0,0.0,3.1512718
20001_0310_1,17,43787620,2024-05-09,4,04:00,,0.39698526,0.0,5.24453
20001_0310_1,17,43787620,2024-05-09,5,05:00,19.349693298339844,22.135197,15.672952,28.366772
20001_0310_1,17,43787620,2024-05-09,6,06:00,30.72681427001953,30.583973,22.89951,37.827744
20001_0310_1,17,43787620,2024-05-09,7,07:00,45.39143676757813,42.923176,35.045918,50.52501
20001_0310_1,17,43787620,2024-05-09,8,08:00,19.16636085510254,26.232199,18.664795,33.3658
20001_0310_1,17,43787620,2024-05-09,9,09:00,14.335887908935547,23.863512,16.99845,30.570202
20001_0310_1,17,43787620,2024-05-09,10,10:00,18.171197255452473,15.497364,8.92839,22.08011
20001_0310_1,17,43787620,2024-05-09,11,11:00,14.220563252766928,16.519894,10.226347,23.21281
20001_0310_1,17,43787620,2024-05-09,12,12:00,23.91997528076172,23.519224,17.019108,30.583973
20001_0310_1,17,43787620,2024-05-09,13,13:00,37.16408920288086,23.918596,17.29798,31.31386
20001_0310_1,17,43787620,2024-05-09,14,14:00,18.65972137451172,18.931618,12.180171,26.282122
20001_0310_1,17,43787620,2024-05-09,15,15:00,12.087566375732422,20.771826,13.99628,28.146431
20001_0310_1,17,43787620,2024-05-09,16,16:00,23.146045684814453,22.734253,15.75902,30.322315
20001_0310_1,17,43787620,2024-05-09,17,17:00,38.49515279134115,26.562714,18.967766,34.10946
20001_0310_1,17,43787620,2024-05-09,18,18:00,46.6546516418457,38.185802,30.4738,45.84272
20001_0310_1,17,43787620,2024-05-09,19,19:00,29.939359664916992,23.18871,16.117079,30.74923
20001_0310_1,17,43787620,2024-05-09,20,20:00,11.695291519165039,13.727735,7.324017,20.44131
20001_0310_1,17,43787620,2024-05-09,21,21:00,6.628507614135742,13.204421,7.929961,18.77841
20001_0310_1,17,43787620,2024-05-09,22,22:00,11.838600158691406,12.557162,7.971275,17.466679
20001_0310_1,17,43787620,2024-05-09,23,23:00,,0.9478427,0.0,5.134359
20001_0310_1,17,43787620,2024-05-10,0,00:00,,0.0,0.0,3.4210625
20001_0310_1,17,43787620,2024-05-10,1,01:00,,0.29455066,0.0,3.1763787
20001_0310_1,17,43787620,2024-05-10,2,02:00,,0.0,0.0,2.8501348
20001_0310_1,17,43787620,2024-05-10,3,03:00,,0.0,0.0,3.1220043
20001_0310_1,17,43787620,2024-05-10,4,04:00,,0.2401771,0.0,5.4600925
20001_0310_1,17,43787620,2024-05-10,5,05:00,20.199556986490887,21.67038,15.26103,28.507929
20001_0310_1,17,43787620,2024-05-10,6,06:00,36.72499084472656,31.532486,23.648241,40.01485
20001_0310_1,17,43787620,2024-05-10,7,07:00,51.18589401245117,44.22884,35.909603,53.146202
20001_0310_1,17,43787620,2024-05-10,8,08:00,39.428216552734376,25.211494,17.228693,33.544327
20001_0310_1,17,43787620,2024-05-10,9,09:00,37.734344482421875,22.887,15.631452,30.54016
20001_0310_1,17,43787620,2024-05-10,10,10:00,13.888623555501303,13.983236,7.125301,21.439291
20001_0310_1,17,43787620,2024-05-10,11,11:00,7.944517771402995,16.195583,9.68768,23.838547
20001_0310_1,17,43787620,2024-05-10,12,12:00,20.816944122314453,24.191978,17.452986,31.981071
20001_0310_1,17,43787620,2024-05-10,13,13:00,26.13043975830078,25.225086,18.32807,33.35402
20001_0310_1,17,43787620,2024-05-10,14,14:00,11.172554016113281,19.135185,11.957801,26.978651
20001_0310_1,17,43787620,2024-05-10,15,15:00,29.3853759765625,20.243057,13.133639,28.004963
20001_0310_1,17,43787620,2024-05-10,16,16:00,52.67582321166992,23.512302,16.164999,31.43733
20001_0310_1,17,43787620,2024-05-10,17,17:00,21.179959615071613,26.77475,18.764763,34.74056
20001_0310_1,17,43787620,2024-05-10,18,18:00,13.787022908528646,39.44392,31.39655,47.708782
20001_0310_1,17,43787620,2024-05-10,19,19:00,16.408233642578125,24.23276,16.909245,32.117004
20001_0310_1,17,43787620,2024-05-10,20,20:00,11.948621114095053,13.779335,7.342798,20.705238
20001_0310_1,17,43787620,2024-05-10,21,21:00,23.679710388183594,12.324826,7.322406,17.881182
20001_0310_1,17,43787620,2024-05-10,22,22:00,8.102608680725098,12.379201,8.369108,17.055376
20001_0310_1,17,43787620,2024-05-10,23,23:00,,0.7295439,0.0,4.7260413
20001_0310_1,17,43787620,2024-05-11,0,00:00,,0.6095084,0.0,4.7578344
20001_0310_1,17,43787620,2024-05-11,1,01:00,,0.0,0.0,3.1538143
20001_0310_1,17,43787620,2024-05-11,2,02:00,,0.0,0.0,3.5409918
20001_0310_1,17,43787620,2024-05-11,3,03:00,,0.0,0.0,4.730178
20001_0310_1,17,43787620,2024-05-11,4,04:00,,1.1073079,0.0,7.385106
20001_0310_1,17,43787620,2024-05-11,5,05:00,,20.500727,13.642164,28.541565
20001_0310_1,17,43787620,2024-05-11,6,06:00,,29.951994,21.344221,39.65908
20001_0310_1,17,43787620,2024-05-11,7,07:00,,42.14807,32.911137,52.491234
20001_0310_1,17,43787620,2024-05-11,8,08:00,,22.941324,14.188359,32.57927
20001_0310_1,17,43787620,2024-05-11,9,09:00,,21.738312,13.946374,30.933765
20001_0310_1,17,43787620,2024-05-11,10,10:00,,13.123623,5.698121,21.98721
20001_0310_1,17,43787620,2024-05-11,11,11:00,,14.423431,7.3505363,23.44604
20001_0310_1,17,43787620,2024-05-11,12,12:00,,22.263765,15.011111,31.348598
20001_0310_1,17,43787620,2024-05-11,13,13:00,,22.941324,15.391376,32.606926
20001_0310_1,17,43787620,2024-05-11,14,14:00,,17.557144,9.7306385,26.711115
20001_0310_1,17,43787620,2024-05-11,15,15:00,,18.42743,10.550796,27.586586
20001_0310_1,17,43787620,2024-05-11,16,16:00,,23.14874,15.011111,32.676064
20001_0310_1,17,43787620,2024-05-11,17,17:00,,23.77099,14.969628,33.478077
20001_0310_1,17,43787620,2024-05-11,18,18:00,,35.34482,26.384436,45.3008
20001_0310_1,17,43787620,2024-05-11,19,19:00,,21.281996,12.999173,30.629553
20001_0310_1,17,43787620,2024-05-11,20,20:00,0.0,11.713192,4.508934,19.982185
20001_0310_1,17,43787620,2024-05-11,21,21:00,,12.529031,6.873481,19.232033
20001_0310_1,17,43787620,2024-05-11,22,22:00,,11.270705,6.5830975,16.922796
20001_0310_1,17,43787620,2024-05-11,23,23:00,,0.38826412,0.0,5.476877
20001_0310_1,17,43787620,2024-05-12,0,00:00,,0.0,0.0,3.8767614
20001_0310_1,17,43787620,2024-05-12,1,01:00,,0.0,0.0,3.683196
20001_0310_1,17,43787620,2024-05-12,2,02:00,,0.0,0.0,3.351367
20001_0310_1,17,43787620,2024-05-12,3,03:00,,0.0,0.0,3.8214567
20001_0310_1,17,43787620,2024-05-12,4,04:00,,0.39256847,0.0,6.5313845
20001_0310_1,17,43787620,2024-05-12,5,05:00,,20.08102,12.507741,27.840954
20001_0310_1,17,43787620,2024-05-12,6,06:00,,29.842293,20.668633,38.99521
20001_0310_1,17,43787620,2024-05-12,7,07:00,,41.87105,32.02683,51.43876
20001_0310_1,17,43787620,2024-05-12,8,08:00,,21.712507,12.158631,30.893078
20001_0310_1,17,43787620,2024-05-12,9,09:00,,20.765417,11.902848,29.614162
20001_0310_1,17,43787620,2024-05-12,10,10:00,,10.58245,1.9549246,19.348234
20001_0310_1,17,43787620,2024-05-12,11,11:00,,13.541248,5.0934634,22.417643
20001_0310_1,17,43787620,2024-05-12,12,12:00,,21.518942,12.849939,30.810123
20001_0310_1,17,43787620,2024-05-12,13,13:00,,21.726336,12.843027,31.50143
20001_0310_1,17,43787620,2024-05-12,14,14:00,,16.15785,7.21578,25.881098
20001_0310_1,17,43787620,2024-05-12,15,15:00,,17.32443,8.299404,26.937069
20001_0310_1,17,43787620,2024-05-12,16,16:00,,20.564938,11.384366,30.478296
20001_0310_1,17,43787620,2024-05-12,17,17:00,,20.488894,10.852059,30.222513
20001_0310_1,17,43787620,2024-05-12,18,18:00,,35.621628,26.081575,45.46586
20001_0310_1,17,43787620,2024-05-12,19,19:00,,20.578764,12.061851,29.869944
20001_0310_1,17,43787620,2024-05-12,20,20:00,,11.094017,3.461975,19.230713
20001_0310_1,17,43787620,2024-05-12,21,21:00,,12.06185,5.853903,18.80556
20001_0310_1,17,43787620,2024-05-12,22,22:00,,12.24159,6.94617,18.179926
20001_0310_1,17,43787620,2024-05-12,23,23:00,,0.44787255,0.0,5.89538
20001_0310_1,17,43787620,2024-05-13,0,00:00,,0.0,0.0,3.576675
20001_0310_1,17,43787620,2024-05-13,1,01:00,,0.0,0.0,2.9687696
20001_0310_1,17,43787620,2024-05-13,2,02:00,,0.0,0.0,2.5819201
20001_0310_1,17,43787620,2024-05-13,3,03:00,,0.0,0.0,3.5214107
20001_0310_1,17,43787620,2024-05-13,4,04:00,,0.42661855,0.0,5.925401
20001_0310_1,17,43787620,2024-05-13,5,05:00,19.408395767211914,21.019423,14.297919,28.017246
20001_0310_1,17,43787620,2024-05-13,6,06:00,30.98162841796875,32.645615,24.34218,40.990505
20001_0310_1,17,43787620,2024-05-13,7,07:00,50.12092590332031,46.074802,37.453594,54.806538
20001_0310_1,17,43787620,2024-05-13,8,08:00,33.98320515950521,26.759983,18.439278,35.049606
20001_0310_1,17,43787620,2024-05-13,9,09:00,25.968348185221355,23.333609,15.720972,31.09822
20001_0310_1,17,43787620,2024-05-13,10,10:00,29.671356201171875,13.45514,6.0842843,20.977972
20001_0310_1,17,43787620,2024-05-13,11,11:00,14.610330581665039,15.06471,7.9149113,22.753336
20001_0310_1,17,43787620,2024-05-13,12,12:00,24.20844268798828,23.057287,15.527547,31.250198
20001_0310_1,17,43787620,2024-05-13,13,13:00,27.492229461669922,23.748087,16.045649,32.35548
20001_0310_1,17,43787620,2024-05-13,14,14:00,14.804988861083984,15.990383,8.132513,24.518333
20001_0310_1,17,43787620,2024-05-13,15,15:00,14.097599029541016,18.35638,10.467422,26.687447
20001_0310_1,17,43787620,2024-05-13,16,16:00,19.811016082763672,23.858618,15.779689,32.576534
20001_0310_1,17,43787620,2024-05-13,17,17:00,27.312469482421875,24.397444,15.769327,33.04628
20001_0310_1,17,43787620,2024-05-13,18,18:00,36.08758799235026,38.890465,30.213995,47.843258
20001_0310_1,17,43787620,2024-05-13,19,19:00,21.02165985107422,22.228325,14.39463,30.766634
20001_0310_1,17,43787620,2024-05-13,20,20:00,14.616598129272461,11.645239,4.529981,19.257877
20001_0310_1,17,43787620,2024-05-13,21,21:00,13.987109184265137,12.294593,6.5194902,18.518717
20001_0310_1,17,43787620,2024-05-13,22,22:00,11.578947067260742,11.880113,7.0168676,17.175108
20001_0310_1,17,43787620,2024-05-13,23,23:00,,0.6476749,0.0,5.2898636
20001_0310_1,17,43787620,2024-05-14,0,00:00,,0.0,0.0,4.026045
20001_0310_1,17,43787620,2024-05-14,1,01:00,,0.15458785,0.0,4.026043
20001_0310_1,17,43787620,2024-05-14,2,02:00,,0.0,0.0,3.998391
20001_0310_1,17,43787620,2024-05-14,3,03:00,,0.0,0.0,4.191963
20001_0310_1,17,43787620,2024-05-14,4,04:00,,0.76295984,0.0,6.9019823
20001_0310_1,17,43787620,2024-05-14,5,05:00,24.22467041015625,20.362202,13.5180235,27.883888
20001_0310_1,17,43787620,2024-05-14,6,06:00,33.614871978759766,32.619503,24.461794,41.52385
20001_0310_1,17,43787620,2024-05-14,7,07:00,27.83824462890625,47.16512,38.59261,56.235382
20001_0310_1,17,43787620,2024-05-14,8,08:00,19.41679992675781,26.61875,18.28821,35.412483
20001_0310_1,17,43787620,2024-05-14,9,09:00,29.5235595703125,23.71516,16.134714,31.914349
20001_0310_1,17,43787620,2024-05-14,10,10:00,12.643819173177084,15.322398,7.9908304,23.227774
20001_0310_1,17,43787620,2024-05-14,11,11:00,13.944890022277832,14.921425,7.9735456,22.78186
20001_0310_1,17,43787620,2024-05-14,12,12:00,19.01241175333659,22.913216,15.488318,31.126232
20001_0310_1,17,43787620,2024-05-14,13,13:00,27.102625528971355,24.931902,17.455153,33.504414
20001_0310_1,17,43787620,2024-05-14,14,14:00,21.23675537109375,17.352318,9.644838,25.766684
20001_0310_1,17,43787620,2024-05-14,15,15:00,14.0161771774292,19.110893,11.437117,27.420696
20001_0310_1,17,43787620,2024-05-14,16,16:00,21.97015126546224,24.558584,16.794933,33.07579
20001_0310_1,17,43787620,2024-05-14,17,17:00,33.23975118001302,26.259258,18.146484,34.721153
20001_0310_1,17,43787620,2024-05-14,18,18:00,37.09935302734375,37.59709,29.439383,46.1696
20001_0310_1,17,43787620,2024-05-14,19,19:00,27.749549865722656,22.02831,14.693286,30.338116
20001_0310_1,17,43787620,2024-05-14,20,20:00,11.440841674804688,12.48794,5.72672,19.871357
20001_0310_1,17,43787620,2024-05-14,21,21:00,14.300000190734863,12.667686,7.012595,18.713377
20001_0310_1,17,43787620,2024-05-14,22,22:00,5.939393997192383,12.197581,7.192342,17.448242
20001_0310_1,17,43787620,2024-05-14,23,23:00,,0.9288791,0.0,5.6022797
20001_0310_1,17,43787620,2024-05-15,0,00:00,,0.0,0.0,3.5138671
20001_0310_1,17,43787620,2024-05-15,1,01:00,,0.0,0.0,2.6834488
20001_0310_1,17,43787620,2024-05-15,2,02:00,,0.0,0.0,3.209381
20001_0310_1,17,43787620,2024-05-15,3,03:00,,0.0,0.0,3.181699
20001_0310_1,17,43787620,2024-05-15,4,04:00,,0.08146995,0.0,5.2023854
20001_0310_1,17,43787620,2024-05-15,5,05:00,20.62829335530599,19.423304,13.215923,26.059732
20001_0310_1,17,43787620,2024-05-15,6,06:00,25.032819112141926,30.668556,23.25015,38.557533
20001_0310_1,17,43787620,2024-05-15,7,07:00,39.84089152018229,42.82035,34.84833,51.124535
20001_0310_1,17,43787620,2024-05-15,8,08:00,36.602081298828125,23.73456,15.963227,31.6097
20001_0310_1,17,43787620,2024-05-15,9,09:00,27.805870056152344,23.443913,16.23657,31.042242
20001_0310_1,17,43787620,2024-05-15,10,10:00,18.658795674641926,14.087864,7.0846663,21.658514
20001_0310_1,17,43787620,2024-05-15,11,11:00,11.5274019241333,13.728017,7.0154667,21.520113
20001_0310_1,17,43787620,2024-05-15,12,12:00,40.10417683919271,21.94916,14.586117,30.087263
20001_0310_1,17,43787620,2024-05-15,13,13:00,26.057334899902344,25.51996,17.975262,34.01791
20001_0310_1,17,43787620,2024-05-15,14,14:00,15.282657623291016,18.22655,10.629951,26.629349
20001_0310_1,17,43787620,2024-05-15,15,15:00,18.471641540527344,19.29874,11.61737,27.75517
20001_0310_1,17,43787620,2024-05-15,16,16:00,29.261553446451824,25.049389,17.196745,33.3951
20001_0310_1,17,43787620,2024-05-15,17,17:00,29.2784423828125,26.211975,17.852427,34.57152
20001_0310_1,17,43787620,2024-05-15,18,18:00,45.06334431966146,37.50567,29.063082,45.97594
20001_0310_1,17,43787620,2024-05-15,19,19:00,25.655288696289062,22.488932,14.724518,30.737757
20001_0310_1,17,43787620,2024-05-15,20,20:00,12.151491165161133,12.828396,5.7559967,19.942312
20001_0310_1,17,43787620,2024-05-15,21,21:00,17.404977798461914,13.548093,7.721322,19.475206
20001_0310_1,17,43787620,2024-05-15,22,22:00,14.964912414550781,11.098357,6.1712065,16.236572
20001_0310_1,17,43787620,2024-05-15,23,23:00,,0.8565276,0.0,5.285427
20001_0310_1,17,43787620,2024-05-16,0,00:00,,0.4038108,0.0,4.033288
20001_0310_1,17,43787620,2024-05-16,1,01:00,,0.35082605,0.0,3.5564222
20001_0310_1,17,43787620,2024-05-16,2,02:00,,0.0,0.0,3.0000782
20001_0310_1,17,43787620,2024-05-16,3,03:00,,0.0,0.0,3.6888852
20001_0310_1,17,43787620,2024-05-16,4,04:00,,0.9336622,0.0,5.887766
20001_0310_1,17,43787620,2024-05-16,5,05:00,23.337379455566406,20.657352,14.259407,27.101664
20001_0310_1,17,43787620,2024-05-16,6,06:00,34.218833923339844,32.30082,24.313322,40.089626
20001_0310_1,17,43787620,2024-05-16,7,07:00,41.00978088378906,44.32843,35.479923,52.594105
20001_0310_1,17,43787620,2024-05-16,8,08:00,38.56212361653646,26.869854,18.147188,35.029556
20001_0310_1,17,43787620,2024-05-16,9,09:00,19.88898162841797,26.075077,17.845833,34.102314
20001_0310_1,17,43787620,2024-05-16,10,10:00,19.27911885579427,16.370531,8.300242,24.593151
20001_0310_1,17,43787620,2024-05-16,11,11:00,11.440688133239746,16.137064,8.110653,24.747965
20001_0310_1,17,43787620,2024-05-16,12,12:00,32.47792053222656,25.783659,17.269619,34.81761
20001_0310_1,17,43787620,2024-05-16,13,13:00,18.210060119628906,27.002317,18.269714,36.32769
20001_0310_1,17,43787620,2024-05-16,14,14:00,16.265644073486328,19.2102,10.355069,28.44947
20001_0310_1,17,43787620,2024-05-16,15,15:00,8.458230018615723,20.670599,11.90157,29.75754
20001_0310_1,17,43787620,2024-05-16,16,16:00,24.95374298095703,25.863136,17.059338,34.950073
20001_0310_1,17,43787620,2024-05-16,17,17:00,31.77221171061198,28.565372,19.365843,37.360893
20001_0310_1,17,43787620,2024-05-16,18,18:00,32.10990905761719,39.66575,30.552319,48.56724
20001_0310_1,17,43787620,2024-05-16,19,19:00,20.77221221923828,24.723957,16.569221,33.228058
20001_0310_1,17,43787620,2024-05-16,20,20:00,14.442941665649414,13.86202,6.5368342,21.107727
20001_0310_1,17,43787620,2024-05-16,21,21:00,20.797252655029297,14.418361,8.45754,20.306324
20001_0310_1,17,43787620,2024-05-16,22,22:00,12.754437446594238,12.457914,7.6230273,17.511366
20001_0310_1,17,43787620,2024-05-16,23,23:00,,1.0396324,0.0,5.30493
20001_0310_1,17,43787620,2024-05-17,0,00:00,,0.7062018,0.0,4.4340444
20001_0310_1,17,43787620,2024-05-17,1,01:00,,0.23030707,0.0,3.6144474
20001_0310_1,17,43787620,2024-05-17,2,02:00,,0.0,0.0,3.6144466
20001_0310_1,17,43787620,2024-05-17,3,03:00,,0.0,0.0,4.0374646
20001_0310_1,17,43787620,2024-05-17,4,04:00,,0.65332437,0.0,6.5226927
20001_0310_1,17,43787620,2024-05-17,5,05:00,19.095199584960938,20.436,13.171999,27.77932
20001_0310_1,17,43787620,2024-05-17,6,06:00,27.92194366455078,33.067043,24.157236,41.79178
20001_0310_1,17,43787620,2024-05-17,7,07:00,38.38086700439453,43.5896,33.96595,52.790234
20001_0310_1,17,43787620,2024-05-17,8,08:00,31.69483184814453,28.123022,18.651398,36.821323
20001_0310_1,17,43787620,2024-05-17,9,09:00,20.706456502278645,25.214779,16.470215,33.675133
20001_0310_1,17,43787620,2024-05-17,10,10:00,13.208114624023438,15.7993355,7.4414344,24.124187
20001_0310_1,17,43787620,2024-05-17,11,11:00,25.687984466552734,14.83763,6.7209816,23.271542
20001_0310_1,17,43787620,2024-05-17,12,12:00,21.304813385009766,24.897516,16.68833,33.5165
20001_0310_1,17,43787620,2024-05-17,13,13:00,37.115570068359375,24.289427,16.1199,33.14636
20001_0310_1,17,43787620,2024-05-17,14,14:00,11.047777811686197,18.350658,10.161304,26.923374
20001_0310_1,17,43787620,2024-05-17,15,15:00,29.386798858642578,17.711176,9.594527,25.986456
20001_0310_1,17,43787620,2024-05-17,16,16:00,15.73816204071045,23.853191,15.799334,32.03593
20001_0310_1,17,43787620,2024-05-17,17,17:00,35.980133056640625,26.668903,18.066446,34.60048
20001_0310_1,17,43787620,2024-05-17,18,18:00,45.313255310058594,36.55694,28.096584,44.59427
20001_0310_1,17,43787620,2024-05-17,19,19:00,21.829722086588543,23.020374,15.296999,30.899075
20001_0310_1,17,43787620,2024-05-17,20,20:00,7.1394838605608255,13.224876,6.284745,20.11213
20001_0310_1,17,43787620,2024-05-17,21,21:00,15.999801635742188,15.263952,9.421023,20.97469
20001_0310_1,17,43787620,2024-05-17,22,22:00,14.8695650100708,11.863289,7.0779037,16.789127
20001_0310_1,17,43787620,2024-05-17,23,23:00,,0.9705875,0.0,5.174325
20001_0310_1,17,43787620,2024-05-18,0,00:00,,0.0,0.0,3.4197657
20001_0310_1,17,43787620,2024-05-18,1,01:00,,0.0,0.0,2.9958105
20001_0310_1,17,43787620,2024-05-18,2,02:00,,0.24010356,0.0,3.684738
20001_0310_1,17,43787620,2024-05-18,3,03:00,,0.0,0.0,3.0488043
20001_0310_1,17,43787620,2024-05-18,4,04:00,,0.5580708,0.0,6.281462
20001_0310_1,17,43787620,2024-05-18,5,05:00,,19.80165,13.01837,27.141365
20001_0310_1,17,43787620,2024-05-18,6,06:00,,30.234913,21.95454,39.137966
20001_0310_1,17,43787620,2024-05-18,7,07:00,,41.681698,32.778645,51.0617
20001_0310_1,17,43787620,2024-05-18,8,08:00,,24.299545,15.552166,33.282093
20001_0310_1,17,43787620,2024-05-18,9,09:00,,23.915337,15.870129,32.54017
20001_0310_1,17,43787620,2024-05-18,10,10:00,,14.1445,6.473565,22.663343
20001_0310_1,17,43787620,2024-05-18,11,11:00,,15.356746,7.801737,23.965017
20001_0310_1,17,43787620,2024-05-18,12,12:00,,24.908981,17.122122,33.891525
20001_0310_1,17,43787620,2024-05-18,13,13:00,,25.38593,17.469896,34.50096
20001_0310_1,17,43787620,2024-05-18,14,14:00,,18.576153,10.537571,27.54876
20001_0310_1,17,43787620,2024-05-18,15,15:00,,19.192215,11.15032,27.962782
20001_0310_1,17,43787620,2024-05-18,16,16:00,17.194805145263672,22.299007,14.164372,31.202059
20001_0310_1,17,43787620,2024-05-18,17,17:00,,24.71025,16.088732,33.533813
20001_0310_1,17,43787620,2024-05-18,18,18:00,,36.435257,27.823671,45.55029
20001_0310_1,17,43787620,2024-05-18,19,19:00,,21.79556,14.11138,30.46014
20001_0310_1,17,43787620,2024-05-18,20,20:00,,12.561294,5.778014,20.073244
20001_0310_1,17,43787620,2024-05-18,21,21:00,,14.541957,9.123283,20.676054
20001_0310_1,17,43787620,2024-05-18,22,22:00,,11.84587,7.5268283,16.99957
20001_0310_1,17,43787620,2024-05-18,23,23:00,,0.71705323,0.0,5.0890884
20001_0310_1,17,43787620,2024-05-19,0,00:00,,0.0,0.0,3.3922877
20001_0310_1,17,43787620,2024-05-19,1,01:00,,0.10918164,0.0,3.2863805
20001_0310_1,17,43787620,2024-05-19,2,02:00,,0.0,0.0,2.703895
20001_0310_1,17,43787620,2024-05-19,3,03:00,,0.0,0.0,3.0745678
20001_0310_1,17,43787620,2024-05-19,4,04:00,,0.16213556,0.0,5.4839435
20001_0310_1,17,43787620,2024-05-19,5,05:00,,20.542542,13.8969,27.333803
20001_0310_1,17,43787620,2024-05-19,6,06:00,,30.398474,22.296618,38.500328
20001_0310_1,17,43787620,2024-05-19,7,07:00,,39.98302,31.113342,48.667362
20001_0310_1,17,43787620,2024-05-19,8,08:00,,23.501308,14.677961,31.920883
20001_0310_1,17,43787620,2024-05-19,9,09:00,,23.646929,15.194257,31.881166
20001_0310_1,17,43787620,2024-05-19,10,10:00,,13.678469,5.17946,22.045092
20001_0310_1,17,43787620,2024-05-19,11,11:00,,14.644866,6.0929046,23.541021
20001_0310_1,17,43787620,2024-05-19,12,12:00,,23.3954,14.386717,32.71518
20001_0310_1,17,43787620,2024-05-19,13,13:00,,24.917809,15.750266,34.793602
20001_0310_1,17,43787620,2024-05-19,14,14:00,,17.545301,8.306603,27.263887
20001_0310_1,17,43787620,2024-05-19,15,15:00,,18.063665,8.82993,27.548925
20001_0310_1,17,43787620,2024-05-19,16,16:00,,21.383175,12.129584,30.795626
20001_0310_1,17,43787620,2024-05-19,17,17:00,,24.044079,14.429743,33.204998
20001_0310_1,17,43787620,2024-05-19,18,18:00,,36.329247,26.797647,45.543118
20001_0310_1,17,43787620,2024-05-19,19,19:00,,21.555273,13.089362,30.45143
20001_0310_1,17,43787620,2024-05-19,20,20:00,,11.374999,3.9085827,19.086325
20001_0310_1,17,43787620,2024-05-19,21,21:00,,13.936617,8.032322,20.191727
20001_0310_1,17,43787620,2024-05-19,22,22:00,,11.600051,6.741584,16.743141
20001_0310_1,17,43787620,2024-05-19,23,23:00,,0.90348136,0.0,5.2191753
20001_0310_1,17,43787620,2024-05-20,0,00:00,,0.0,0.0,3.3913727
20001_0310_1,17,43787620,2024-05-20,1,01:00,,0.03073138,0.0,2.9944458
20001_0310_1,17,43787620,2024-05-20,2,02:00,,0.08365464,0.0,3.1532164
20001_0310_1,17,43787620,2024-05-20,3,03:00,,0.0,0.0,2.9944468
20001_0310_1,17,43787620,2024-05-20,4,04:00,,0.4011957,0.0,5.428926
20001_0310_1,17,43787620,2024-05-20,5,05:00,17.448651631673176,21.014889,14.604532,27.524477
20001_0310_1,17,43787620,2024-05-20,6,06:00,31.60998026529948,31.36143,23.502293,39.247025
20001_0310_1,17,43787620,2024-05-20,7,07:00,36.81672973632813,42.63413,34.16637,51.154808
20001_0310_1,17,43787620,2024-05-20,8,08:00,44.164896647135414,25.645695,17.177938,33.637135
20001_0310_1,17,43787620,2024-05-20,9,09:00,29.186389923095703,23.171522,15.173461,30.9645
20001_0310_1,17,43787620,2024-05-20,10,10:00,17.038904825846355,13.380679,5.356157,21.127354
20001_0310_1,17,43787620,2024-05-20,11,11:00,18.024288177490234,14.974999,7.069554,23.052443
20001_0310_1,17,43787620,2024-05-20,12,12:00,19.31555430094401,24.825382,16.405586,33.3196
20001_0310_1,17,43787620,2024-05-20,13,13:00,19.40769322713216,25.354616,16.93813,34.192837
20001_0310_1,17,43787620,2024-05-20,14,14:00,17.306090037027996,17.24368,8.815617,25.883438
20001_0310_1,17,43787620,2024-05-20,15,15:00,15.67197036743164,17.483902,9.105456,25.802814
20001_0310_1,17,43787620,2024-05-20,16,16:00,14.205638885498047,22.351208,14.035606,30.792501
20001_0310_1,17,43787620,2024-05-20,17,17:00,31.70879364013672,24.613686,15.95739,32.89621
20001_0310_1,17,43787620,2024-05-20,18,18:00,32.51637268066406,37.34178,28.662333,45.756615
20001_0310_1,17,43787620,2024-05-20,19,19:00,28.744698660714285,22.642288,14.703768,30.726347
20001_0310_1,17,43787620,2024-05-20,20,20:00,15.565903981526693,12.229592,5.2966175,19.37757
20001_0310_1,17,43787620,2024-05-20,21,21:00,10.032407760620117,14.273762,8.624181,20.049036
20001_0310_1,17,43787620,2024-05-20,22,22:00,15.185084342956543,11.27697,6.6461654,16.025198
20001_0310_1,17,43787620,2024-05-20,23,23:00,,0.61289024,0.0,4.661536
20001_0310_1,17,43787620,2024-05-21,0,00:00,,0.20115587,0.0,4.0844245
20001_0310_1,17,43787620,2024-05-21,1,01:00,,0.51815706,0.0,3.79384
20001_0310_1,17,43787620,2024-05-21,2,02:00,,0.0,0.0,3.2919214
20001_0310_1,17,43787620,2024-05-21,3,03:00,,0.0,0.0,3.1598377
20001_0310_1,17,43787620,2024-05-21,4,04:00,,0.67665803,0.0,5.9600177
20001_0310_1,17,43787620,2024-05-21,5,05:00,20.59393819173177,19.227856,12.762344,26.155663
20001_0310_1,17,43787620,2024-05-21,6,06:00,34.314239501953125,30.44839,22.378056,38.84893
20001_0310_1,17,43787620,2024-05-21,7,07:00,36.33891296386719,40.090523,31.320147,48.808067
20001_0310_1,17,43787620,2024-05-21,8,08:00,44.20479202270508,27.595377,18.940573,35.99592
20001_0310_1,17,43787620,2024-05-21,9,09:00,25.826075236002605,23.368687,15.258729,31.399395
20001_0310_1,17,43787620,2024-05-21,10,10:00,21.244571685791016,15.278543,7.338643,23.21514
20001_0310_1,17,43787620,2024-05-21,11,11:00,16.14933967590332,14.954938,7.274254,23.005457
20001_0310_1,17,43787620,2024-05-21,12,12:00,30.515589396158855,24.34611,16.298891,32.69382
20001_0310_1,17,43787620,2024-05-21,13,13:00,20.76697031656901,24.478193,16.368237,32.95799
20001_0310_1,17,43787620,2024-05-21,14,14:00,17.366289138793945,17.041864,9.056148,25.276062
20001_0310_1,17,43787620,2024-05-21,15,15:00,17.363636016845703,17.287458,9.265008,25.115086
20001_0310_1,17,43787620,2024-05-21,16,16:00,19.821334838867188,22.747892,14.717186,30.752184
20001_0310_1,17,43787620,2024-05-21,17,17:00,36.51617940266927,27.833128,19.340128,35.83742
20001_0310_1,17,43787620,2024-05-21,18,18:00,19.696090698242188,36.445004,27.753878,44.63421
20001_0310_1,17,43787620,2024-05-21,19,19:00,13.526734924316406,23.249811,15.364397,31.24089
20001_0310_1,17,43787620,2024-05-21,20,20:00,9.95744514465332,13.052928,6.0260587,20.139233
20001_0310_1,17,43787620,2024-05-21,21,21:00,,14.1228075,8.3837595,19.795816
20001_0310_1,17,43787620,2024-05-21,22,22:00,8.797618865966797,11.322628,6.6336455,16.196527
20001_0310_1,17,43787620,2024-05-21,23,23:00,,0.9408263,0.0,5.03543
20001_0310_1,17,43787620,2024-05-22,0,00:00,,0.6115641,0.0,4.5469365
20001_0310_1,17,43787620,2024-05-22,1,01:00,,0.0,0.0,3.235146
20001_0310_1,17,43787620,2024-05-22,2,02:00,,0.0,0.0,3.1826742
20001_0310_1,17,43787620,2024-05-22,3,03:00,,0.0,0.0,3.9959857
20001_0310_1,17,43787620,2024-05-22,4,04:00,,1.0313376,0.0,6.7245097
20001_0310_1,17,43787620,2024-05-22,5,05:00,26.57535743713379,19.783388,12.765307,27.23436
20001_0310_1,17,43787620,2024-05-22,6,06:00,30.213088989257812,30.258036,21.495274,39.15198
20001_0310_1,17,43787620,2024-05-22,7,07:00,38.919108072916664,40.85731,31.412413,50.197258
20001_0310_1,17,43787620,2024-05-22,8,08:00,39.2928212483724,28.474003,19.238995,37.420414
20001_0310_1,17,43787620,2024-05-22,9,09:00,70.08702087402344,25.22076,16.623611,34.00976
20001_0310_1,17,43787620,2024-05-22,10,10:00,11.050280253092447,15.336416,7.036059,24.010632
20001_0310_1,17,43787620,2024-05-22,11,11:00,13.938416481018066,15.720117,7.5574975,24.66325
20001_0310_1,17,43787620,2024-05-22,12,12:00,29.367045084635418,24.748516,16.175962,33.983524
20001_0310_1,17,43787620,2024-05-22,13,13:00,20.04501724243164,24.459923,15.802104,33.944176
20001_0310_1,17,43787620,2024-05-22,14,14:00,26.546924591064453,17.402897,8.751637,26.59199
20001_0310_1,17,43787620,2024-05-22,15,15:00,9.425324440002441,18.57982,10.0662985,27.552473
20001_0310_1,17,43787620,2024-05-22,16,16:00,18.915420532226562,22.570944,14.096774,31.451765
20001_0310_1,17,43787620,2024-05-22,17,17:00,25.31028938293457,26.532549,17.63041,35.321552
20001_0310_1,17,43787620,2024-05-22,18,18:00,53.396443684895836,33.878582,25.037106,42.746284
20001_0310_1,17,43787620,2024-05-22,19,19:00,14.54748249053955,21.442802,13.427761,30.087503
20001_0310_1,17,43787620,2024-05-22,20,20:00,7.344917297363281,12.1815605,4.940474,19.835857
20001_0310_1,17,43787620,2024-05-22,21,21:00,8.971898396809896,14.549342,8.495426,21.062382
20001_0310_1,17,43787620,2024-05-22,22,22:00,6.04672384262085,11.36825,6.3834443,16.900726
20001_0310_1,17,43787620,2024-05-22,23,23:00,,1.3461677,0.0,5.9899073
20001_0310_1,17,43787620,2024-05-23,0,00:00,,0.3633299,0.0,4.752387
20001_0310_1,17,43787620,2024-05-23,1,01:00,,0.0,0.0,3.863805
20001_0310_1,17,43787620,2024-05-23,2,02:00,,0.20176934,0.0,4.510046
20001_0310_1,17,43787620,2024-05-23,3,03:00,,0.0,0.0,4.8870196
20001_0310_1,17,43787620,2024-05-23,4,04:00,,1.5481062,0.0,8.064375
20001_0310_1,17,43787620,2024-05-23,5,05:00,17.396133422851562,19.528429,11.88797,27.761276
20001_0310_1,17,43787620,2024-05-23,6,06:00,34.578216552734375,31.16751,21.72969,40.914986
20001_0310_1,17,43787620,2024-05-23,7,07:00,34.63795852661133,40.430305,30.063513,50.824024
20001_0310_1,17,43787620,2024-05-23,8,08:00,28.521890258789064,29.09415,18.754288,39.460945
20001_0310_1,17,43787620,2024-05-23,9,09:00,24.92066192626953,26.778452,17.071367,37.11832
20001_0310_1,17,43787620,2024-05-23,10,10:00,20.244140625,15.617323,5.9977493,26.031239
20001_0310_1,17,43787620,2024-05-23,11,11:00,11.36255931854248,16.241686,6.875392,26.935806
20001_0310_1,17,43787620,2024-05-23,12,12:00,19.795814514160156,24.866653,15.452395,35.825832
20001_0310_1,17,43787620,2024-05-23,13,13:00,19.153545379638672,23.399149,14.0892315,34.49296
20001_0310_1,17,43787620,2024-05-23,14,14:00,17.081710815429688,17.277523,7.9490933,27.92873
20001_0310_1,17,43787620,2024-05-23,15,15:00,6.764583110809326,17.906094,8.905834,28.077665
20001_0310_1,17,43787620,2024-05-23,16,16:00,13.843955039978027,19.999647,11.086901,30.164492
20001_0310_1,17,43787620,2024-05-23,17,17:00,25.578933715820312,25.405188,16.061615,35.206516
20001_0310_1,17,43787620,2024-05-23,18,18:00,50.53807067871094,35.044956,25.593676,45.00785
20001_0310_1,17,43787620,2024-05-23,19,19:00,15.329977671305338,21.662374,13.207381,31.16751
20001_0310_1,17,43787620,2024-05-23,20,20:00,20.08583641052246,11.699483,4.079218,20.134281
20001_0310_1,17,43787620,2024-05-23,21,21:00,11.972681999206543,13.416061,7.24984,20.282377
20001_0310_1,17,43787620,2024-05-23,22,22:00,11.523809432983398,10.582024,5.4524813,16.578272
20001_0310_1,17,43787620,2024-05-23,23,23:00,,1.2249851,0.0,6.2064295
20001_0310_1,17,43787620,2024-05-24,0,00:00,,0.4769359,0.0,4.557327
20001_0310_1,17,43787620,2024-05-24,1,01:00,,0.36955658,0.0,3.9130547
20001_0310_1,17,43787620,2024-05-24,2,02:00,,0.74538225,0.0,4.5304823
20001_0310_1,17,43787620,2024-05-24,3,03:00,,0.0,0.0,3.7788315
20001_0310_1,17,43787620,2024-05-24,4,04:00,,1.4970336,0.0,7.3491745
20001_0310_1,17,43787620,2024-05-24,5,05:00,28.54174296061198,19.30848,12.040281,26.67063
20001_0310_1,17,43787620,2024-05-24,6,06:00,31.19591776529948,30.865116,21.898994,39.69702
20001_0310_1,17,43787620,2024-05-24,7,07:00,44.535542805989586,39.025898,29.308119,48.475224
20001_0310_1,17,43787620,2024-05-24,8,08:00,33.211090087890625,28.690693,18.858831,38.032646
20001_0310_1,17,43787620,2024-05-24,9,09:00,24.569178263346355,26.033073,16.744812,35.160267
20001_0310_1,17,43787620,2024-05-24,10,10:00,14.758369445800781,14.6039505,5.5069594,23.747921
20001_0310_1,17,43787620,2024-05-24,11,11:00,19.216896057128906,15.1475525,6.3861217,24.425747
20001_0310_1,17,43787620,2024-05-24,12,12:00,23.346887588500977,23.429138,14.577105,32.972427
20001_0310_1,17,43787620,2024-05-24,13,13:00,24.847822189331055,22.368774,13.577141,31.912056
20001_0310_1,17,43787620,2024-05-24,14,14:00,18.344884236653645,17.08708,8.449802,26.220982
20001_0310_1,17,43787620,2024-05-24,15,15:00,29.299999237060547,16.679379,8.218271,25.4794
20001_0310_1,17,43787620,2024-05-24,16,16:00,18.49209213256836,18.781652,10.231621,27.506174
20001_0310_1,17,43787620,2024-05-24,17,17:00,29.042648315429688,25.952538,16.984737,34.516
20001_0310_1,17,43787620,2024-05-24,18,18:00,30.722808837890625,36.878326,27.858511,45.73707
20001_0310_1,17,43787620,2024-05-24,19,19:00,34.305450439453125,21.6037,13.671099,30.180576
20001_0310_1,17,43787620,2024-05-24,20,20:00,10.141646067301432,12.463087,5.3895125,19.88564
20001_0310_1,17,43787620,2024-05-24,21,21:00,14.595959663391113,14.288525,8.671276,20.187643
20001_0310_1,17,43787620,2024-05-24,22,22:00,8.956043243408203,10.825562,6.3022323,15.828737
20001_0310_1,17,43787620,2024-05-24,23,23:00,,0.6380045,0.0,4.79893
20001_0310_1,17,43787620,2024-05-25,0,00:00,,0.14050028,0.0,4.250358
20001_0310_1,17,43787620,2024-05-25,1,01:00,,0.0,0.0,3.3429868
20001_0310_1,17,43787620,2024-05-25,2,02:00,,0.4073739,0.0,4.2236705
20001_0310_1,17,43787620,2024-05-25,3,03:00,,0.0,0.0,4.1702957
20001_0310_1,17,43787620,2024-05-25,4,04:00,,1.5816195,0.0,7.532908
20001_0310_1,17,43787620,2024-05-25,5,05:00,,21.410349,14.578377,28.936193
20001_0310_1,17,43787620,2024-05-25,6,06:00,,31.017809,22.637968,40.038143
20001_0310_1,17,43787620,2024-05-25,7,07:00,,40.11821,30.93775,49.565548
20001_0310_1,17,43787620,2024-05-25,8,08:00,,29.389877,20.249443,38.62371
20001_0310_1,17,43787620,2024-05-25,9,09:00,,27.174826,18.568146,36.115105
20001_0310_1,17,43787620,2024-05-25,10,10:00,,15.172173,6.8423724,24.002365
20001_0310_1,17,43787620,2024-05-25,11,11:00,,15.605841,7.534573,24.721252
20001_0310_1,17,43787620,2024-05-25,12,12:00,,24.719585,16.449831,34.220295
20001_0310_1,17,43787620,2024-05-25,13,13:00,,23.29181,14.992031,32.952644
20001_0310_1,17,43787620,2024-05-25,14,14:00,,18.249561,9.899742,27.48673
20001_0310_1,17,43787620,2024-05-25,15,15:00,,18.815,10.555253,27.80865
20001_0310_1,17,43787620,2024-05-25,16,16:00,,20.40957,12.043074,29.44325
20001_0310_1,17,43787620,2024-05-25,17,17:00,,26.267452,17.288815,35.2611
20001_0310_1,17,43787620,2024-05-25,18,18:00,,35.84823,26.721142,45.242188
20001_0310_1,17,43787620,2024-05-25,19,19:00,,22.130909,13.891177,31.40478
20001_0310_1,17,43787620,2024-05-25,20,20:00,,12.309949,4.83748,20.489635
20001_0310_1,17,43787620,2024-05-25,21,21:00,,13.924535,7.906529,20.703133
20001_0310_1,17,43787620,2024-05-25,22,22:00,,10.4018,5.7048197,16.12291
20001_0310_1,17,43787620,2024-05-25,23,23:00,,0.35399947,0.0,5.2644787
20001_0310_1,17,43787620,2024-05-26,0,00:00,,0.0,0.0,3.4783835
20001_0310_1,17,43787620,2024-05-26,1,01:00,,0.0,0.0,2.9788113
20001_0310_1,17,43787620,2024-05-26,2,02:00,,0.0,0.0,3.2154505
20001_0310_1,17,43787620,2024-05-26,3,03:00,,0.0,0.0,3.6887307
20001_0310_1,17,43787620,2024-05-26,4,04:00,,0.5072434,0.0,6.502111
20001_0310_1,17,43787620,2024-05-26,5,05:00,,20.411253,13.11487,28.062597
20001_0310_1,17,43787620,2024-05-26,6,06:00,,30.481579,21.660183,39.684223
20001_0310_1,17,43787620,2024-05-26,7,07:00,,37.265244,27.825958,47.098927
20001_0310_1,17,43787620,2024-05-26,8,08:00,,26.563883,16.984093,36.00317
20001_0310_1,17,43787620,2024-05-26,9,09:00,,25.301804,16.22898,34.609623
20001_0310_1,17,43787620,2024-05-26,10,10:00,,13.502695,4.5629816,22.626463
20001_0310_1,17,43787620,2024-05-26,11,11:00,,14.390093,5.736318,23.826092
20001_0310_1,17,43787620,2024-05-26,12,12:00,,23.619034,14.764772,33.21608
20001_0310_1,17,43787620,2024-05-26,13,13:00,,21.923119,13.062284,31.796242
20001_0310_1,17,43787620,2024-05-26,14,14:00,,17.18396,8.392968,26.850847
20001_0310_1,17,43787620,2024-05-26,15,15:00,,16.902746,8.094498,26.473501
20001_0310_1,17,43787620,2024-05-26,16,16:00,,18.011992,8.999971,27.668203
20001_0310_1,17,43787620,2024-05-26,17,17:00,,23.697914,14.173176,33.34754
20001_0310_1,17,43787620,2024-05-26,18,18:00,,34.478157,24.907404,44.04891
20001_0310_1,17,43787620,2024-05-26,19,19:00,,21.673332,13.108295,30.849684
20001_0310_1,17,43787620,2024-05-26,20,20:00,,11.261193,3.7018769,19.168896
20001_0310_1,17,43787620,2024-05-26,21,21:00,,13.3646555,7.343497,19.852522
20001_0310_1,17,43787620,2024-05-26,22,22:00,,10.156877,5.305767,15.579865
20001_0310_1,17,43787620,2024-05-26,23,23:00,,0.55983007,0.0,5.13486
20001_0310_1,17,43787620,2024-05-27,0,00:00,,0.0,0.0,3.0209007
20001_0310_1,17,43787620,2024-05-27,1,01:00,,0.0,0.0,2.9158568
20001_0310_1,17,43787620,2024-05-27,2,02:00,,0.0,0.0,2.7582912
20001_0310_1,17,43787620,2024-05-27,3,03:00,,0.0,0.0,3.5461202
20001_0310_1,17,43787620,2024-05-27,4,04:00,,0.81497943,0.0,6.3823047
20001_0310_1,17,43787620,2024-05-27,5,05:00,16.9681396484375,20.27436,13.144506,27.640566
20001_0310_1,17,43787620,2024-05-27,6,06:00,27.090414428710936,31.330227,22.50654,40.04887
20001_0310_1,17,43787620,2024-05-27,7,07:00,36.184949239095054,39.52365,30.17475,48.87256
20001_0310_1,17,43787620,2024-05-27,8,08:00,30.834248860677082,29.544483,20.182446,38.73582
20001_0310_1,17,43787620,2024-05-27,9,09:00,29.65585708618164,26.156818,17.320002,35.111805
20001_0310_1,17,43787620,2024-05-27,10,10:00,16.144200642903645,13.131374,4.287992,21.948496
20001_0310_1,17,43787620,2024-05-27,11,11:00,9.640411376953125,14.956512,6.379023,23.973875
20001_0310_1,17,43787620,2024-05-27,12,12:00,28.433837890625,24.449854,15.642578,33.719975
20001_0310_1,17,43787620,2024-05-27,13,13:00,26.75891876220703,22.335846,13.650028,31.619099
20001_0310_1,17,43787620,2024-05-27,14,14:00,11.353034973144531,17.183773,8.644033,26.133839
20001_0310_1,17,43787620,2024-05-27,15,15:00,13.496086120605469,16.891617,8.555401,25.388683
20001_0310_1,17,43787620,2024-05-27,16,16:00,17.601216634114582,17.899384,9.765045,26.4145
20001_0310_1,17,43787620,2024-05-27,17,17:00,37.939208984375,23.977156,15.521122,32.24936
20001_0310_1,17,43787620,2024-05-27,18,18:00,57.91550827026367,35.74207,27.391083,44.093056
20001_0310_1,17,43787620,2024-05-27,19,19:00,18.675963083902996,22.493412,15.117361,30.397964
20001_0310_1,17,43787620,2024-05-27,20,20:00,14.748099009195963,12.396069,5.9096074,19.276445
20001_0310_1,17,43787620,2024-05-27,21,21:00,16.602495829264324,13.741941,8.470053,19.342096
20001_0310_1,17,43787620,2024-05-27,22,22:00,6.967473983764648,10.977974,6.618654,15.665558
20001_0310_1,17,43787620,2024-05-27,23,23:00,,1.0775892,0.0,5.1743
20001_0310_1,17,43787620,2024-05-28,0,00:00,,0.0,0.0,3.6986814
20001_0310_1,17,43787620,2024-05-28,1,01:00,,0.0,0.0,2.8512268
20001_0310_1,17,43787620,2024-05-28,2,02:00,,0.30886823,0.0,3.6457152
20001_0310_1,17,43787620,2024-05-28,3,03:00,,0.0,0.0,3.6457145
20001_0310_1,17,43787620,2024-05-28,4,04:00,,0.4677653,0.0,5.896763
20001_0310_1,17,43787620,2024-05-28,5,05:00,24.94155502319336,19.628155,13.086876,26.897717
20001_0310_1,17,43787620,2024-05-28,6,06:00,36.37098388671875,30.446424,22.077826,39.477097
20001_0310_1,17,43787620,2024-05-28,7,07:00,40.12976582845052,37.86164,28.56614,47.713287
20001_0310_1,17,43787620,2024-05-28,8,08:00,40.47698211669922,30.472908,21.217129,40.006756
20001_0310_1,17,43787620,2024-05-28,9,09:00,26.53534698486328,26.712334,17.992834,35.928387
20001_0310_1,17,43787620,2024-05-28,10,10:00,22.204920450846355,15.046609,6.439662,24.130249
20001_0310_1,17,43787620,2024-05-28,11,11:00,14.600105285644531,14.702331,6.3569036,24.073975
20001_0310_1,17,43787620,2024-05-28,12,12:00,20.898223876953125,24.381838,15.89075,33.915688
20001_0310_1,17,43787620,2024-05-28,13,13:00,26.941538492838543,22.104307,13.662879,31.585192
20001_0310_1,17,43787620,2024-05-28,14,14:00,15.327632904052734,17.933249,9.647406,26.940748
20001_0310_1,17,43787620,2024-05-28,15,15:00,24.90165901184082,17.648556,9.457057,26.247229
20001_0310_1,17,43787620,2024-05-28,16,16:00,22.25855000813802,19.118359,10.875549,27.87758
20001_0310_1,17,43787620,2024-05-28,17,17:00,37.881019592285156,27.692204,18.919735,36.405083
20001_0310_1,17,43787620,2024-05-28,18,18:00,60.175821940104164,36.908257,27.93055,45.91245
20001_0310_1,17,43787620,2024-05-28,19,19:00,23.416646321614582,22.21024,14.252121,30.790703
20001_0310_1,17,43787620,2024-05-28,20,20:00,10.741564432779947,13.113357,6.082142,20.515331
20001_0310_1,17,43787620,2024-05-28,21,21:00,22.62358856201172,13.808534,8.253743,19.641397
20001_0310_1,17,43787620,2024-05-28,22,22:00,4.2825751304626465,9.895682,5.4730353,14.808263
20001_0310_1,17,43787620,2024-05-28,23,23:00,,0.573697,0.0,4.6520653
20001_0310_1,17,43787620,2024-05-29,0,00:00,,0.14148168,0.0,4.0102425
20001_0310_1,17,43787620,2024-05-29,1,01:00,,0.0,0.0,3.0430512
20001_0310_1,17,43787620,2024-05-29,2,02:00,,0.30267936,0.0,3.8759098
20001_0310_1,17,43787620,2024-05-29,3,03:00,,0.0,0.0,4.520703
20001_0310_1,17,43787620,2024-05-29,4,04:00,,0.89374,0.0,7.0192776
20001_0310_1,17,43787620,2024-05-29,5,05:00,19.453531901041668,22.265955,15.028823,30.500507
20001_0310_1,17,43787620,2024-05-29,6,06:00,31.615234375,33.509544,24.3078,43.66504
20001_0310_1,17,43787620,2024-05-29,7,07:00,31.869029998779297,42.751583,32.70355,53.659344
20001_0310_1,17,43787620,2024-05-29,8,08:00,35.55040740966797,31.736359,21.715197,42.26799
20001_0310_1,17,43787620,2024-05-29,9,09:00,56.935142517089844,30.554235,21.043533,40.763466
20001_0310_1,17,43787620,2024-05-29,10,10:00,16.912089029947918,16.791927,7.5465293,26.863466
20001_0310_1,17,43787620,2024-05-29,11,11:00,21.19457244873047,16.753307,7.6745667,27.313898
20001_0310_1,17,43787620,2024-05-29,12,12:00,17.363569259643555,26.121283,16.657595,36.948444
20001_0310_1,17,43787620,2024-05-29,13,13:00,28.27084732055664,24.912296,15.284053,35.927517
20001_0310_1,17,43787620,2024-05-29,14,14:00,18.944141387939453,18.97818,9.360012,29.362041
20001_0310_1,17,43787620,2024-05-29,15,15:00,18.83352279663086,19.995745,10.558925,30.117657
20001_0310_1,17,43787620,2024-05-29,16,16:00,28.358505249023438,21.1913,11.5999975,31.400532
20001_0310_1,17,43787620,2024-05-29,17,17:00,21.74169158935547,30.39304,20.190527,40.736603
20001_0310_1,17,43787620,2024-05-29,18,18:00,39.38055419921875,43.020245,32.86475,53.390667
20001_0310_1,17,43787620,2024-05-29,19,19:00,13.7874267578125,24.186903,15.028823,34.23494
20001_0310_1,17,43787620,2024-05-29,20,20:00,15.52746124267578,13.023917,5.058032,21.433098
20001_0310_1,17,43787620,2024-05-29,21,21:00,9.617238998413086,14.7366495,8.621186,21.476755
20001_0310_1,17,43787620,2024-05-29,22,22:00,9.244645118713379,9.786516,5.0580316,15.294127
20001_0310_1,17,43787620,2024-05-29,23,23:00,,0.19521397,0.0,4.735635
20001_0310_1,17,43787620,2024-05-30,0,00:00,,0.0,0.0,3.537461
20001_0310_1,17,43787620,2024-05-30,1,01:00,,0.0,0.0,2.8854184
20001_0310_1,17,43787620,2024-05-30,2,02:00,,0.0,0.0,2.939756
20001_0310_1,17,43787620,2024-05-30,3,03:00,,0.059903115,0.0,4.352512
20001_0310_1,17,43787620,2024-05-30,4,04:00,,0.6032715,0.0,6.4988174
20001_0310_1,17,43787620,2024-05-30,5,05:00,,20.748652,13.277337,28.654657
20001_0310_1,17,43787620,2024-05-30,6,06:00,,30.542862,21.00675,40.269157
20001_0310_1,17,43787620,2024-05-30,7,07:00,,39.72579,29.130106,50.32147
20001_0310_1,17,43787620,2024-05-30,8,08:00,,28.505234,17.975775,38.747726
20001_0310_1,17,43787620,2024-05-30,9,09:00,,29.537632,19.784172,39.69862
20001_0310_1,17,43787620,2024-05-30,10,10:00,,15.518731,6.0777082,25.503124
20001_0310_1,17,43787620,2024-05-30,11,11:00,,15.233462,6.152418,25.251812
20001_0310_1,17,43787620,2024-05-30,12,12:00,,23.84585,14.6357565,34.115513
20001_0310_1,17,43787620,2024-05-30,13,13:00,,22.582518,13.508269,33.001606
20001_0310_1,17,43787620,2024-05-30,14,14:00,,17.92823,8.867564,27.96696
20001_0310_1,17,43787620,2024-05-30,15,15:00,,18.609137,9.701294,28.420328
20001_0310_1,17,43787620,2024-05-30,16,16:00,,19.03704,9.864305,29.072374
20001_0310_1,17,43787620,2024-05-30,17,17:00,,25.598211,15.783623,35.514683
20001_0310_1,17,43787620,2024-05-30,18,18:00,,41.138546,31.167734,51.245197
20001_0310_1,17,43787620,2024-05-30,19,19:00,,21.61804,12.652464,31.194908
20001_0310_1,17,43787620,2024-05-30,20,20:00,,12.584542,4.895881,20.701105
20001_0310_1,17,43787620,2024-05-30,21,21:00,,14.221439,8.244388,20.510925
20001_0310_1,17,43787620,2024-05-30,22,22:00,,9.650353,4.9502177,14.887065
20001_0310_1,17,43787620,2024-05-30,23,23:00,,0.6032715,0.0,4.868712
20001_0310_1,17,43787620,2024-05-31,0,00:00,,0.21592501,0.0,3.8978293
20001_0310_1,17,43787620,2024-05-31,1,01:00,,0.2700695,0.0,3.410518
20001_0310_1,17,43787620,2024-05-31,2,02:00,,0.43250766,0.0,3.8166118
20001_0310_1,17,43787620,2024-05-31,3,03:00,,0.16177896,0.0,4.303922
20001_0310_1,17,43787620,2024-05-31,4,04:00,,0.5407982,0.0,6.0095105
20001_0310_1,17,43787620,2024-05-31,5,05:00,,22.266747,15.356407,29.481657
20001_0310_1,17,43787620,2024-05-31,6,06:00,,31.891138,23.28198,40.933468
20001_0310_1,17,43787620,2024-05-31,7,07:00,,41.420776,31.99943,51.11285
20001_0310_1,17,43787620,2024-05-31,8,08:00,,29.671167,20.249823,39.14666
20001_0310_1,17,43787620,2024-05-31,9,09:00,,28.669472,19.76251,37.955456
20001_0310_1,17,43787620,2024-05-31,10,10:00,,15.271804,6.757397,24.435957
20001_0310_1,17,43787620,2024-05-31,11,11:00,,16.72866,8.518825,26.062021
20001_0310_1,17,43787620,2024-05-31,12,12:00,,25.150003,16.65421,34.733788
20001_0310_1,17,43787620,2024-05-31,13,13:00,,24.500254,16.065374,34.38184
20001_0310_1,17,43787620,2024-05-31,14,14:00,,20.127993,11.681271,29.779457
20001_0310_1,17,43787620,2024-05-31,15,15:00,,21.075542,12.723575,30.578106
20001_0310_1,17,43787620,2024-05-31,16,16:00,,21.508707,12.940159,31.173708
20001_0310_1,17,43787620,2024-05-31,17,17:00,,27.80314,18.55777,37.35985
20001_0310_1,17,43787620,2024-05-31,18,18:00,,42.61198,33.190636,52.24991
20001_0310_1,17,43787620,2024-05-31,19,19:00,,23.999407,15.545917,33.16356
20001_0310_1,17,43787620,2024-05-31,20,20:00,,13.644051,6.2667027,21.359806
20001_0310_1,17,43787620,2024-05-31,21,21:00,,15.349639,9.407152,21.4681
20001_0310_1,17,43787620,2024-05-31,22,22:00,,11.126277,6.4291396,16.138134
20001_0310_1,17,43787620,2024-05-31,23,23:00,,0.70323634,0.0,4.8724523
