trip_id,pt_sequence,stop_id,service_day,hour,hour_start,y_true,y_pred_timesfm_alighting_per_veh,y_pred_timesfm_alighting_per_veh_p10,y_pred_timesfm_alighting_per_veh_p90
20001_0310_1,1,44782849,2024-05-01,2,02:00,,0.0,0.0,0.0
20001_0310_1,1,44782849,2024-05-01,1,01:00,,0.0,0.0,0.0
20001_0310_1,1,44782849,2024-05-01,0,00:00,,0.0,0.0,0.0
20001_0310_1,1,44782849,2024-05-01,3,03:00,,0.0,0.0,0.0
20001_0310_1,1,44782849,2024-05-01,4,04:00,,0.0,0.0,0.0
20001_0310_1,1,44782849,2024-05-01,5,05:00,,0.0,0.0,0.0
20001_0310_1,1,44782849,2024-05-01,6,06:00,,0.0,0.0,0.0
20001_0310_1,1,44782849,2024-05-01,7,07:00,,0.0,0.0,0.0
20001_0310_1,1,44782849,2024-05-01,8,08:00,,0.0,0.0,0.0
20001_0310_1,1,44782849,2024-05-01,9,09:00,,0.0,0.0,0.0
20001_0310_1,1,44782849,2024-05-01,10,10:00,,0.0,0.0,0.0
20001_0310_1,1,44782849,2024-05-01,11,11:00,,0.0,0.0,0.0
20001_0310_1,1,44782849,2024-05-01,12,12:00,,0.0,0.0,0.0
20001_0310_1,1,44782849,2024-05-01,13,13:00,,0.0,0.0,0.0
20001_0310_1,1,44782849,2024-05-01,14,14:00,,0.0,0.0,0.0
20001_0310_1,1,44782849,2024-05-01,15,15:00,,0.0,0.0,0.0
20001_0310_1,1,44782849,2024-05-01,16,16:00,,0.0,0.0,0.0
20001_0310_1,1,44782849,2024-05-01,17,17:00,,0.0,0.0,0.0
20001_0310_1,1,44782849,2024-05-01,18,18:00,,0.0,0.0,0.0
20001_0310_1,1,44782849,2024-05-01,19,19:00,,0.0,0.0,0.0
20001_0310_1,1,44782849,2024-05-01,20,20:00,,0.0,0.0,0.0
20001_0310_1,1,44782849,2024-05-01,21,21:00,,0.0,0.0,0.0
20001_0310_1,1,44782849,2024-05-01,22,22:00,,0.0,0.0,0.0
20001_0310_1,1,44782849,2024-05-01,23,23:00,,0.0,0.0,0.0
20001_0310_1,1,44782849,2024-05-02,0,00:00,,0.0,0.0,0.0
20001_0310_1,1,44782849,2024-05-02,1,01:00,,0.0,0.0,0.0
20001_0310_1,1,44782849,2024-05-02,2,02:00,,0.0,0.0,0.0
20001_0310_1,1,44782849,2024-05-02,3,03:00,,0.0,0.0,0.0
20001_0310_1,1,44782849,2024-05-02,4,04:00,,0.0,0.0,0.0
20001_0310_1,1,44782849,2024-05-02,5,05:00,,0.0,0.0,0.0
20001_0310_1,1,44782849,2024-05-02,6,06:00,,0.0,0.0,0.0
20001_0310_1,1,44782849,2024-05-02,7,07:00,,0.0,0.0,0.0
20001_0310_1,1,44782849,2024-05-02,8,08:00,,0.0,0.0,0.0
20001_0310_1,1,44782849,2024-05-02,9,09:00,,0.0,0.0,0.0
20001_0310_1,1,44782849,2024-05-02,10,10:00,,0.0,0.0,0.0
20001_0310_1,1,44782849,2024-05-02,11,11:00,,0.0,0.0,0.0
20001_0310_1,1,44782849,2024-05-02,12,12:00,,0.0,0.0,0.0
20001_0310_1,1,44782849,2024-05-02,13,13:00,,0.0,0.0,0.0
20001_0310_1,1,44782849,2024-05-02,14,14:00,,0.0,0.0,0.0
20001_0310_1,1,44782849,2024-05-02,15,15:00,,0.0,0.0,0.0
20001_0310_1,1,44782849,2024-05-02,16,16:00,,0.0,0.0,0.0
20001_0310_1,1,44782849,2024-05-02,17,17:00,,0.0,0.0,0.0
20001_0310_1,1,44782849,2024-05-02,18,18:00,,0.0,0.0,0.0
20001_0310_1,1,44782849,2024-05-02,19,19:00,,0.0,0.0,0.0
20001_0310_1,1,44782849,2024-05-02,20,20:00,,0.0,0.0,0.0
20001_0310_1,1,44782849,2024-05-02,21,21:00,,0.0,0.0,0.0
20001_0310_1,1,44782849,2024-05-02,22,22:00,,0.0,0.0,0.0
20001_0310_1,1,44782849,2024-05-02,23,23:00,,0.0,0.0,0.0
20001_0310_1,1,44782849,2024-05-03,0,00:00,,0.0,0.0,0.0
20001_0310_1,1,44782849,2024-05-03,1,01:00,,0.0,0.0,0.0
20001_0310_1,1,44782849,2024-05-03,2,02:00,,0.0,0.0,0.0
20001_0310_1,1,44782849,2024-05-03,3,03:00,,0.0,0.0,0.0
20001_0310_1,1,44782849,2024-05-03,4,04:00,,0.0,0.0,0.0
20001_0310_1,1,44782849,2024-05-03,5,05:00,,0.0,0.0,0.0
20001_0310_1,1,44782849,2024-05-03,6,06:00,,0.0,0.0,0.0
20001_0310_1,1,44782849,2024-05-03,7,07:00,,0.0,0.0,0.0
20001_0310_1,1,44782849,2024-05-03,8,08:00,,0.0,0.0,0.0
20001_0310_1,1,44782849,2024-05-03,9,09:00,,0.0,0.0,0.0
20001_0310_1,1,44782849,2024-05-03,10,10:00,,0.0,0.0,0.0
20001_0310_1,1,44782849,2024-05-03,11,11:00,,0.0,0.0,0.0
20001_0310_1,1,44782849,2024-05-03,12,12:00,,0.0,0.0,0.0
20001_0310_1,1,44782849,2024-05-03,13,13:00,,0.0,0.0,0.0
20001_0310_1,1,44782849,2024-05-03,14,14:00,,0.0,0.0,0.0
20001_0310_1,1,44782849,2024-05-03,15,15:00,,0.0,0.0,0.0
20001_0310_1,1,44782849,2024-05-03,16,16:00,,0.0,0.0,0.0
20001_0310_1,1,44782849,2024-05-03,17,17:00,,0.0,0.0,0.0
20001_0310_1,1,44782849,2024-05-03,18,18:00,,0.0,0.0,0.0
20001_0310_1,1,44782849,2024-05-03,19,19:00,,0.0,0.0,0.0
20001_0310_1,1,44782849,2024-05-03,20,20:00,,0.0,0.0,0.0
20001_0310_1,1,44782849,2024-05-03,21,21:00,,0.0,0.0,0.0
20001_0310_1,1,44782849,2024-05-03,22,22:00,,0.0,0.0,0.0
20001_0310_1,1,44782849,2024-05-03,23,23:00,,0.0,0.0,0.0
20001_0310_1,1,44782849,2024-05-04,0,00:00,,0.0,0.0,0.0
20001_0310_1,1,44782849,2024-05-04,1,01:00,,0.0,0.0,0.0
20001_0310_1,1,44782849,2024-05-04,2,02:00,,0.0,0.0,0.0
20001_0310_1,1,44782849,2024-05-04,3,03:00,,0.0,0.0,0.0
20001_0310_1,1,44782849,2024-05-04,4,04:00,,0.0,0.0,0.0
20001_0310_1,1,44782849,2024-05-04,5,05:00,,0.0,0.0,0.0
20001_0310_1,1,44782849,2024-05-04,6,06:00,,0.0,0.0,0.0
20001_0310_1,1,44782849,2024-05-04,7,07:00,,0.0,0.0,0.0
20001_0310_1,1,44782849,2024-05-04,8,08:00,,0.0,0.0,0.0
20001_0310_1,1,44782849,2024-05-04,9,09:00,,0.0,0.0,0.0
20001_0310_1,1,44782849,2024-05-04,10,10:00,,0.0,0.0,0.0
20001_0310_1,1,44782849,2024-05-04,11,11:00,,0.0,0.0,0.0
20001_0310_1,1,44782849,2024-05-04,12,12:00,,0.0,0.0,0.0
20001_0310_1,1,44782849,2024-05-04,13,13:00,,0.0,0.0,0.0
20001_0310_1,1,44782849,2024-05-04,14,14:00,,0.0,0.0,0.0
20001_0310_1,1,44782849,2024-05-04,15,15:00,,0.0,0.0,0.0
20001_0310_1,1,44782849,2024-05-04,16,16:00,,0.0,0.0,0.0
20001_0310_1,1,44782849,2024-05-04,17,17:00,,0.0,0.0,0.0
20001_0310_1,1,44782849,2024-05-04,18,18:00,,0.0,0.0,0.0
20001_0310_1,1,44782849,2024-05-04,19,19:00,,0.0,0.0,0.0
20001_0310_1,1,44782849,2024-05-04,20,20:00,,0.0,0.0,0.0
20001_0310_1,1,44782849,2024-05-04,21,21:00,,0.0,0.0,0.0
20001_0310_1,1,44782849,2024-05-04,22,22:00,,0.0,0.0,0.0
20001_0310_1,1,44782849,2024-05-04,23,23:00,,0.0,0.0,0.0
20001_0310_1,1,44782849,2024-05-05,0,00:00,,0.0,0.0,0.0
20001_0310_1,1,44782849,2024-05-05,1,01:00,,0.0,0.0,0.0
20001_0310_1,1,44782849,2024-05-05,2,02:00,,0.0,0.0,0.0
20001_0310_1,1,44782849,2024-05-05,3,03:00,,0.0,0.0,0.0
20001_0310_1,1,44782849,2024-05-05,4,04:00,,0.0,0.0,0.0
20001_0310_1,1,44782849,2024-05-05,5,05:00,,0.0,0.0,0.0
20001_0310_1,1,44782849,2024-05-05,6,06:00,,0.0,0.0,0.0
20001_0310_1,1,44782849,2024-05-05,7,07:00,0.0,0.0,0.0,0.0
20001_0310_1,1,44782849,2024-05-05,8,08:00,,0.0,0.0,0.0
20001_0310_1,1,44782849,2024-05-05,9,09:00,,0.0,0.0,0.0
20001_0310_1,1,44782849,2024-05-05,10,10:00,0.0,0.0,0.0,0.0
20001_0310_1,1,44782849,2024-05-05,11,11:00,,0.0,0.0,0.0
20001_0310_1,1,44782849,2024-05-05,12,12:00,,0.0,0.0,0.0
20001_0310_1,1,44782849,2024-05-05,13,13:00,,0.0,0.0,0.0
20001_0310_1,1,44782849,2024-05-05,14,14:00,,0.0,0.0,0.0
20001_0310_1,1,44782849,2024-05-05,15,15:00,,0.0,0.0,0.0
20001_0310_1,1,44782849,2024-05-05,16,16:00,,0.0,0.0,0.0
20001_0310_1,1,44782849,2024-05-05,17,17:00,,0.0,0.0,0.0
20001_0310_1,1,44782849,2024-05-05,18,18:00,,0.0,0.0,0.0
20001_0310_1,1,44782849,2024-05-05,19,19:00,,0.0,0.0,0.0
20001_0310_1,1,44782849,2024-05-05,20,20:00,,0.0,0.0,0.0
20001_0310_1,1,44782849,2024-05-05,21,21:00,,0.0,0.0,0.0
20001_0310_1,1,44782849,2024-05-05,22,22:00,,0.0,0.0,0.0
20001_0310_1,1,44782849,2024-05-05,23,23:00,,0.0,0.0,0.0
20001_0310_1,1,44782849,2024-05-06,0,00:00,,0.0,0.0,0.0
20001_0310_1,1,44782849,2024-05-06,1,01:00,,0.0,0.0,0.0
20001_0310_1,1,44782849,2024-05-06,2,02:00,,0.0,0.0,0.0
20001_0310_1,1,44782849,2024-05-06,3,03:00,,0.0,0.0,0.0
20001_0310_1,1,44782849,2024-05-06,4,04:00,,0.0,0.0,0.0
20001_0310_1,1,44782849,2024-05-06,5,05:00,0.0,0.0,0.0,0.0
20001_0310_1,1,44782849,2024-05-06,6,06:00,0.0,0.0,0.0,0.0
20001_0310_1,1,44782849,2024-05-06,7,07:00,0.0,0.0,0.0,0.0
20001_0310_1,1,44782849,2024-05-06,8,08:00,0.0,0.0,0.0,0.0
20001_0310_1,1,44782849,2024-05-06,9,09:00,0.0,0.0,0.0,0.0
20001_0310_1,1,44782849,2024-05-06,10,10:00,0.0,0.0,0.0,0.0
20001_0310_1,1,44782849,2024-05-06,11,11:00,0.0,0.0,0.0,0.0
20001_0310_1,1,44782849,2024-05-06,12,12:00,0.0,0.0,0.0,0.0
20001_0310_1,1,44782849,2024-05-06,13,13:00,0.0,0.0,0.0,0.0
20001_0310_1,1,44782849,2024-05-06,14,14:00,0.0,0.0,0.0,0.0
20001_0310_1,1,44782849,2024-05-06,15,15:00,0.0,0.0,0.0,0.0
20001_0310_1,1,44782849,2024-05-06,16,16:00,0.0,0.0,0.0,0.0
20001_0310_1,1,44782849,2024-05-06,17,17:00,0.0,0.0,0.0,0.0
20001_0310_1,1,44782849,2024-05-06,18,18:00,0.0,0.0,0.0,0.0
20001_0310_1,1,44782849,2024-05-06,19,19:00,0.0,0.0,0.0,0.0
20001_0310_1,1,44782849,2024-05-06,20,20:00,0.0,0.0,0.0,0.0
20001_0310_1,1,44782849,2024-05-06,21,21:00,0.0,0.0,0.0,0.0
20001_0310_1,1,44782849,2024-05-06,22,22:00,0.0,0.0,0.0,0.0
20001_0310_1,1,44782849,2024-05-06,23,23:00,,0.0,0.0,0.0
20001_0310_1,1,44782849,2024-05-07,0,00:00,,0.0,0.0,0.0
20001_0310_1,1,44782849,2024-05-07,1,01:00,,0.0,0.0,0.0
20001_0310_1,1,44782849,2024-05-07,2,02:00,,0.0,0.0,0.0
20001_0310_1,1,44782849,2024-05-07,3,03:00,,0.0,0.0,0.0
20001_0310_1,1,44782849,2024-05-07,4,04:00,,0.0,0.0,0.0
20001_0310_1,1,44782849,2024-05-07,5,05:00,0.0,0.0,0.0,0.0
20001_0310_1,1,44782849,2024-05-07,6,06:00,0.0,0.0,0.0,0.0
20001_0310_1,1,44782849,2024-05-07,7,07:00,0.0,0.0,0.0,0.0
20001_0310_1,1,44782849,2024-05-07,8,08:00,0.0,0.0,0.0,0.0
20001_0310_1,1,44782849,2024-05-07,9,09:00,0.0,0.0,0.0,0.0
20001_0310_1,1,44782849,2024-05-07,10,10:00,0.0,0.0,0.0,0.0
20001_0310_1,1,44782849,2024-05-07,11,11:00,0.0,0.0,0.0,0.0
20001_0310_1,1,44782849,2024-05-07,12,12:00,0.0,0.0,0.0,0.0
20001_0310_1,1,44782849,2024-05-07,13,13:00,0.0,0.0,0.0,0.0
20001_0310_1,1,44782849,2024-05-07,14,14:00,0.0,0.0,0.0,0.0
20001_0310_1,1,44782849,2024-05-07,15,15:00,0.0,0.0,0.0,0.0
20001_0310_1,1,44782849,2024-05-07,16,16:00,0.0,0.0,0.0,0.0
20001_0310_1,1,44782849,2024-05-07,17,17:00,0.0,0.0,0.0,0.0
20001_0310_1,1,44782849,2024-05-07,18,18:00,0.0,0.0,0.0,0.0
20001_0310_1,1,44782849,2024-05-07,19,19:00,0.0,0.0,0.0,0.0
20001_0310_1,1,44782849,2024-05-07,20,20:00,0.0,0.0,0.0,0.0
20001_0310_1,1,44782849,2024-05-07,21,21:00,0.0,0.0,0.0,0.0
20001_0310_1,1,44782849,2024-05-07,22,22:00,,0.0,0.0,0.0
20001_0310_1,1,44782849,2024-05-07,23,23:00,,0.0,0.0,0.0
20001_0310_1,1,44782849,2024-05-08,0,00:00,,0.0,0.0,0.0
20001_0310_1,1,44782849,2024-05-08,1,01:00,,0.0,0.0,0.0
20001_0310_1,1,44782849,2024-05-08,2,02:00,,0.0,0.0,0.0
20001_0310_1,1,44782849,2024-05-08,3,03:00,,0.0,0.0,0.0
20001_0310_1,1,44782849,2024-05-08,4,04:00,0.0,0.0,0.0,0.0
20001_0310_1,1,44782849,2024-05-08,5,05:00,0.0,0.0,0.0,0.0
20001_0310_1,1,44782849,2024-05-08,6,06:00,0.0,0.0,0.0,0.0
20001_0310_1,1,44782849,2024-05-08,7,07:00,0.0,0.0,0.0,0.0
20001_0310_1,1,44782849,2024-05-08,8,08:00,0.0,0.0,0.0,0.0
20001_0310_1,1,44782849,2024-05-08,9,09:00,0.0,0.0,0.0,0.0
20001_0310_1,1,44782849,2024-05-08,10,10:00,0.0,0.0,0.0,0.0
20001_0310_1,1,44782849,2024-05-08,11,11:00,0.0,0.0,0.0,0.0
20001_0310_1,1,44782849,2024-05-08,12,12:00,0.0,0.0,0.0,0.0
20001_0310_1,1,44782849,2024-05-08,13,13:00,0.0,0.0,0.0,0.0
20001_0310_1,1,44782849,2024-05-08,14,14:00,0.0,0.0,0.0,0.0
20001_0310_1,1,44782849,2024-05-08,15,15:00,0.0,0.0,0.0,0.0
20001_0310_1,1,44782849,2024-05-08,16,16:00,0.0,0.0,0.0,0.0
20001_0310_1,1,44782849,2024-05-08,17,17:00,0.0,0.0,0.0,0.0
20001_0310_1,1,44782849,2024-05-08,18,18:00,0.0,0.0,0.0,0.0
20001_0310_1,1,44782849,2024-05-08,19,19:00,0.0,0.0,0.0,0.0
20001_0310_1,1,44782849,2024-05-08,20,20:00,0.0,0.0,0.0,0.0
20001_0310_1,1,44782849,2024-05-08,21,21:00,0.0,0.0,0.0,0.0
20001_0310_1,1,44782849,2024-05-08,22,22:00,0.0,0.0,0.0,0.0
20001_0310_1,1,44782849,2024-05-08,23,23:00,,0.0,0.0,0.0
20001_0310_1,1,44782849,2024-05-09,0,00:00,,0.0,0.0,0.0
20001_0310_1,1,44782849,2024-05-09,1,01:00,,0.0,0.0,0.0
20001_0310_1,1,44782849,2024-05-09,2,02:00,,0.0,0.0,0.0
20001_0310_1,1,44782849,2024-05-09,3,03:00,,0.0,0.0,0.0
20001_0310_1,1,44782849,2024-05-09,4,04:00,,0.0,0.0,0.0
20001_0310_1,1,44782849,2024-05-09,5,05:00,0.0,0.0,0.0,0.0
20001_0310_1,1,44782849,2024-05-09,6,06:00,0.0,0.0,0.0,0.0
20001_0310_1,1,44782849,2024-05-09,7,07:00,0.0,0.0,0.0,0.0
20001_0310_1,1,44782849,2024-05-09,8,08:00,0.0,0.0,0.0,0.0
20001_0310_1,1,44782849,2024-05-09,9,09:00,0.0,0.0,0.0,0.0
20001_0310_1,1,44782849,2024-05-09,10,10:00,0.0,0.0,0.0,0.0
20001_0310_1,1,44782849,2024-05-09,11,11:00,0.0,0.0,0.0,0.0
20001_0310_1,1,44782849,2024-05-09,12,12:00,0.0,0.0,0.0,0.0
20001_0310_1,1,44782849,2024-05-09,13,13:00,0.0,0.0,0.0,0.0
20001_0310_1,1,44782849,2024-05-09,14,14:00,0.0,0.0,0.0,0.0
20001_0310_1,1,44782849,2024-05-09,15,15:00,0.0,0.0,0.0,0.0
20001_0310_1,1,44782849,2024-05-09,16,16:00,0.0,0.0,0.0,0.0
20001_0310_1,1,44782849,2024-05-09,17,17:00,0.0,0.0,0.0,0.0
20001_0310_1,1,44782849,2024-05-09,18,18:00,0.0,0.0,0.0,0.0
20001_0310_1,1,44782849,2024-05-09,19,19:00,0.0,0.0,0.0,0.0
20001_0310_1,1,44782849,2024-05-09,20,20:00,0.0,0.0,0.0,0.0
20001_0310_1,1,44782849,2024-05-09,21,21:00,0.0,0.0,0.0,0.0
20001_0310_1,1,44782849,2024-05-09,22,22:00,0.0,0.0,0.0,0.0
20001_0310_1,1,44782849,2024-05-09,23,23:00,,0.0,0.0,0.0
20001_0310_1,1,44782849,2024-05-10,0,00:00,,0.0,0.0,0.0
20001_0310_1,1,44782849,2024-05-10,1,01:00,,0.0,0.0,0.0
20001_0310_1,1,44782849,2024-05-10,2,02:00,,0.0,0.0,0.0
20001_0310_1,1,44782849,2024-05-10,3,03:00,,0.0,0.0,0.0
20001_0310_1,1,44782849,2024-05-10,4,04:00,0.0,0.0,0.0,0.0
20001_0310_1,1,44782849,2024-05-10,5,05:00,0.0,0.0,0.0,0.0
20001_0310_1,1,44782849,2024-05-10,6,06:00,0.0,0.0,0.0,0.0
20001_0310_1,1,44782849,2024-05-10,7,07:00,0.0,0.0,0.0,0.0
20001_0310_1,1,44782849,2024-05-10,8,08:00,0.0,0.0,0.0,0.0
20001_0310_1,1,44782849,2024-05-10,9,09:00,0.0,0.0,0.0,0.0
20001_0310_1,1,44782849,2024-05-10,10,10:00,0.0,0.0,0.0,0.0
20001_0310_1,1,44782849,2024-05-10,11,11:00,0.0,0.0,0.0,0.0
20001_0310_1,1,44782849,2024-05-10,12,12:00,0.0,0.0,0.0,0.0
20001_0310_1,1,44782849,2024-05-10,13,13:00,0.0,0.0,0.0,0.0
20001_0310_1,1,44782849,2024-05-10,14,14:00,0.0,0.0,0.0,0.0
20001_0310_1,1,44782849,2024-05-10,15,15:00,0.0,0.0,0.0,0.0
20001_0310_1,1,44782849,2024-05-10,16,16:00,0.0,0.0,0.0,0.0
20001_0310_1,1,44782849,2024-05-10,17,17:00,0.0,0.0,0.0,0.0
20001_0310_1,1,44782849,2024-05-10,18,18:00,0.0,0.0,0.0,0.0
20001_0310_1,1,44782849,2024-05-10,19,19:00,0.0,0.0,0.0,0.0
20001_0310_1,1,44782849,2024-05-10,20,20:00,0.0,0.0,0.0,0.0
20001_0310_1,1,44782849,2024-05-10,21,21:00,0.0,0.0,0.0,0.0
20001_0310_1,1,44782849,2024-05-10,22,22:00,0.0,0.0,0.0,0.0
20001_0310_1,1,44782849,2024-05-10,23,23:00,,0.0,0.0,0.0
20001_0310_1,1,44782849,2024-05-11,0,00:00,,0.0,0.0,0.0
20001_0310_1,1,44782849,2024-05-11,1,01:00,,0.0,0.0,0.0
20001_0310_1,1,44782849,2024-05-11,2,02:00,,0.0,0.0,0.0
20001_0310_1,1,44782849,2024-05-11,3,03:00,,0.0,0.0,0.0
20001_0310_1,1,44782849,2024-05-11,4,04:00,,0.0,0.0,0.0
20001_0310_1,1,44782849,2024-05-11,5,05:00,,0.0,0.0,0.0
20001_0310_1,1,44782849,2024-05-11,6,06:00,,0.0,0.0,0.0
20001_0310_1,1,44782849,2024-05-11,7,07:00,,0.0,0.0,0.0
20001_0310_1,1,44782849,2024-05-11,8,08:00,,0.0,0.0,0.0
20001_0310_1,1,44782849,2024-05-11,9,09:00,,0.0,0.0,0.0
20001_0310_1,1,44782849,2024-05-11,10,10:00,,0.0,0.0,0.0
20001_0310_1,1,44782849,2024-05-11,11,11:00,,0.0,0.0,0.0
20001_0310_1,1,44782849,2024-05-11,12,12:00,,0.0,0.0,0.0
20001_0310_1,1,44782849,2024-05-11,13,13:00,,0.0,0.0,0.0
20001_0310_1,1,44782849,2024-05-11,14,14:00,,0.0,0.0,0.0
20001_0310_1,1,44782849,2024-05-11,15,15:00,,0.0,0.0,0.0
20001_0310_1,1,44782849,2024-05-11,16,16:00,,0.0,0.0,0.0
20001_0310_1,1,44782849,2024-05-11,17,17:00,,0.0,0.0,0.0
20001_0310_1,1,44782849,2024-05-11,18,18:00,,0.0,0.0,0.0
20001_0310_1,1,44782849,2024-05-11,19,19:00,,0.0,0.0,0.0
20001_0310_1,1,44782849,2024-05-11,20,20:00,0.0,0.0,0.0,0.0
20001_0310_1,1,44782849,2024-05-11,21,21:00,,0.0,0.0,0.0
20001_0310_1,1,44782849,2024-05-11,22,22:00,,0.0,0.0,0.0
20001_0310_1,1,44782849,2024-05-11,23,23:00,,0.0,0.0,0.0
20001_0310_1,1,44782849,2024-05-12,0,00:00,,0.0,0.0,0.0
20001_0310_1,1,44782849,2024-05-12,1,01:00,,0.0,0.0,0.0
20001_0310_1,1,44782849,2024-05-12,2,02:00,,0.0,0.0,0.0
20001_0310_1,1,44782849,2024-05-12,3,03:00,,0.0,0.0,0.0
20001_0310_1,1,44782849,2024-05-12,4,04:00,,0.0,0.0,0.0
20001_0310_1,1,44782849,2024-05-12,5,05:00,,0.0,0.0,0.0
20001_0310_1,1,44782849,2024-05-12,6,06:00,,0.0,0.0,0.0
20001_0310_1,1,44782849,2024-05-12,7,07:00,,0.0,0.0,0.0
20001_0310_1,1,44782849,2024-05-12,8,08:00,,0.0,0.0,0.0
20001_0310_1,1,44782849,2024-05-12,9,09:00,,0.0,0.0,0.0
20001_0310_1,1,44782849,2024-05-12,10,10:00,,0.0,0.0,0.0
20001_0310_1,1,44782849,2024-05-12,11,11:00,,0.0,0.0,0.0
20001_0310_1,1,44782849,2024-05-12,12,12:00,,0.0,0.0,0.0
20001_0310_1,1,44782849,2024-05-12,13,13:00,,0.0,0.0,0.0
20001_0310_1,1,44782849,2024-05-12,14,14:00,,0.0,0.0,0.0
20001_0310_1,1,44782849,2024-05-12,15,15:00,,0.0,0.0,0.0
20001_0310_1,1,44782849,2024-05-12,16,16:00,,0.0,0.0,0.0
20001_0310_1,1,44782849,2024-05-12,17,17:00,,0.0,0.0,0.0
20001_0310_1,1,44782849,2024-05-12,18,18:00,,0.0,0.0,0.0
20001_0310_1,1,44782849,2024-05-12,19,19:00,,0.0,0.0,0.0
20001_0310_1,1,44782849,2024-05-12,20,20:00,,0.0,0.0,0.0
20001_0310_1,1,44782849,2024-05-12,21,21:00,,0.0,0.0,0.0
20001_0310_1,1,44782849,2024-05-12,22,22:00,,0.0,0.0,0.0
20001_0310_1,1,44782849,2024-05-12,23,23:00,,0.0,0.0,0.0
20001_0310_1,1,44782849,2024-05-13,0,00:00,,0.0,0.0,0.0
20001_0310_1,1,44782849,2024-05-13,1,01:00,,0.0,0.0,0.0
20001_0310_1,1,44782849,2024-05-13,2,02:00,,0.0,0.0,0.0
20001_0310_1,1,44782849,2024-05-13,3,03:00,,0.0,0.0,0.0
20001_0310_1,1,44782849,2024-05-13,4,04:00,,0.0,0.0,0.0
20001_0310_1,1,44782849,2024-05-13,5,05:00,0.0,0.0,0.0,0.0
20001_0310_1,1,44782849,2024-05-13,6,06:00,0.0,0.0,0.0,0.0
20001_0310_1,1,44782849,2024-05-13,7,07:00,0.0,0.0,0.0,0.0
20001_0310_1,1,44782849,2024-05-13,8,08:00,0.0,0.0,0.0,0.0
20001_0310_1,1,44782849,2024-05-13,9,09:00,0.0,0.0,0.0,0.0
20001_0310_1,1,44782849,2024-05-13,10,10:00,0.0,0.0,0.0,0.0
20001_0310_1,1,44782849,2024-05-13,11,11:00,0.0,0.0,0.0,0.0
20001_0310_1,1,44782849,2024-05-13,12,12:00,0.0,0.0,0.0,0.0
20001_0310_1,1,44782849,2024-05-13,13,13:00,0.0,0.0,0.0,0.0
20001_0310_1,1,44782849,2024-05-13,14,14:00,0.0,0.0,0.0,0.0
20001_0310_1,1,44782849,2024-05-13,15,15:00,0.0,0.0,0.0,0.0
20001_0310_1,1,44782849,2024-05-13,16,16:00,0.0,0.0,0.0,0.0
20001_0310_1,1,44782849,2024-05-13,17,17:00,0.0,0.0,0.0,0.0
20001_0310_1,1,44782849,2024-05-13,18,18:00,0.0,0.0,0.0,0.0
20001_0310_1,1,44782849,2024-05-13,19,19:00,0.0,0.0,0.0,0.0
20001_0310_1,1,44782849,2024-05-13,20,20:00,0.0,0.0,0.0,0.0
20001_0310_1,1,44782849,2024-05-13,21,21:00,0.0,0.0,0.0,0.0
20001_0310_1,1,44782849,2024-05-13,22,22:00,0.0,0.0,0.0,0.0
20001_0310_1,1,44782849,2024-05-13,23,23:00,,0.0,0.0,0.0
20001_0310_1,1,44782849,2024-05-14,0,00:00,,0.0,0.0,0.0
20001_0310_1,1,44782849,2024-05-14,1,01:00,,0.0,0.0,0.0
20001_0310_1,1,44782849,2024-05-14,2,02:00,,0.0,0.0,0.0
20001_0310_1,1,44782849,2024-05-14,3,03:00,,0.0,0.0,0.0
20001_0310_1,1,44782849,2024-05-14,4,04:00,,0.0,0.0,0.0
20001_0310_1,1,44782849,2024-05-14,5,05:00,0.0,0.0,0.0,0.0
20001_0310_1,1,44782849,2024-05-14,6,06:00,0.0,0.0,0.0,0.0
20001_0310_1,1,44782849,2024-05-14,7,07:00,0.0,0.0,0.0,0.0
20001_0310_1,1,44782849,2024-05-14,8,08:00,0.0,0.0,0.0,0.0
20001_0310_1,1,44782849,2024-05-14,9,09:00,0.0,0.0,0.0,0.0
20001_0310_1,1,44782849,2024-05-14,10,10:00,0.0,0.0,0.0,0.0
20001_0310_1,1,44782849,2024-05-14,11,11:00,0.0,0.0,0.0,0.0
20001_0310_1,1,44782849,2024-05-14,12,12:00,0.0,0.0,0.0,0.0
20001_0310_1,1,44782849,2024-05-14,13,13:00,0.0,0.0,0.0,0.0
20001_0310_1,1,44782849,2024-05-14,14,14:00,0.0,0.0,0.0,0.0
20001_0310_1,1,44782849,2024-05-14,15,15:00,0.0,0.0,0.0,0.0
20001_0310_1,1,44782849,2024-05-14,16,16:00,0.0,0.0,0.0,0.0
20001_0310_1,1,44782849,2024-05-14,17,17:00,0.0,0.0,0.0,0.0
20001_0310_1,1,44782849,2024-05-14,18,18:00,0.0,0.0,0.0,0.0
20001_0310_1,1,44782849,2024-05-14,19,19:00,0.0,0.0,0.0,0.0
20001_0310_1,1,44782849,2024-05-14,20,20:00,0.0,0.0,0.0,0.0
20001_0310_1,1,44782849,2024-05-14,21,21:00,0.0,0.0,0.0,0.0
20001_0310_1,1,44782849,2024-05-14,22,22:00,,0.0,0.0,0.0
20001_0310_1,1,44782849,2024-05-14,23,23:00,,0.0,0.0,0.0
20001_0310_1,1,44782849,2024-05-15,0,00:00,,0.0,0.0,0.0
20001_0310_1,1,44782849,2024-05-15,1,01:00,,0.0,0.0,0.0
20001_0310_1,1,44782849,2024-05-15,2,02:00,,0.0,0.0,0.0
20001_0310_1,1,44782849,2024-05-15,3,03:00,,0.0,0.0,0.0
20001_0310_1,1,44782849,2024-05-15,4,04:00,,0.0,0.0,0.0
20001_0310_1,1,44782849,2024-05-15,5,05:00,0.0,0.0,0.0,0.0
20001_0310_1,1,44782849,2024-05-15,6,06:00,0.0,0.0,0.0,0.0
20001_0310_1,1,44782849,2024-05-15,7,07:00,0.0,0.0,0.0,0.0
20001_0310_1,1,44782849,2024-05-15,8,08:00,0.0,0.0,0.0,0.0
20001_0310_1,1,44782849,2024-05-15,9,09:00,0.0,0.0,0.0,0.0
20001_0310_1,1,44782849,2024-05-15,10,10:00,0.0,0.0,0.0,0.0
20001_0310_1,1,44782849,2024-05-15,11,11:00,0.0,0.0,0.0,0.0
20001_0310_1,1,44782849,2024-05-15,12,12:00,0.0,0.0,0.0,0.0
20001_0310_1,1,44782849,2024-05-15,13,13:00,0.0,0.0,0.0,0.0
20001_0310_1,1,44782849,2024-05-15,14,14:00,0.0,0.0,0.0,0.0
20001_0310_1,1,44782849,2024-05-15,15,15:00,0.0,0.0,0.0,0.0
20001_0310_1,1,44782849,2024-05-15,16,16:00,0.0,0.0,0.0,0.0
20001_0310_1,1,44782849,2024-05-15,17,17:00,0.0,0.0,0.0,0.0
20001_0310_1,1,44782849,2024-05-15,18,18:00,0.0,0.0,0.0,0.0
20001_0310_1,1,44782849,2024-05-15,19,19:00,0.0,0.0,0.0,0.0
20001_0310_1,1,44782849,2024-05-15,20,20:00,0.0,0.0,0.0,0.0
20001_0310_1,1,44782849,2024-05-15,21,21:00,0.0,0.0,0.0,0.0
20001_0310_1,1,44782849,2024-05-15,22,22:00,0.0,0.0,0.0,0.0
20001_0310_1,1,44782849,2024-05-15,23,23:00,,0.0,0.0,0.0
20001_0310_1,1,44782849,2024-05-16,0,00:00,,0.0,0.0,0.0
20001_0310_1,1,44782849,2024-05-16,1,01:00,,0.0,0.0,0.0
20001_0310_1,1,44782849,2024-05-16,2,02:00,,0.0,0.0,0.0
20001_0310_1,1,44782849,2024-05-16,3,03:00,,0.0,0.0,0.0
20001_0310_1,1,44782849,2024-05-16,4,04:00,,0.0,0.0,0.0
20001_0310_1,1,44782849,2024-05-16,5,05:00,0.0,0.0,0.0,0.0
20001_0310_1,1,44782849,2024-05-16,6,06:00,0.0,0.0,0.0,0.0
20001_0310_1,1,44782849,2024-05-16,7,07:00,0.0,0.0,0.0,0.0
20001_0310_1,1,44782849,2024-05-16,8,08:00,0.0,0.0,0.0,0.0
20001_0310_1,1,44782849,2024-05-16,9,09:00,0.0,0.0,0.0,0.0
20001_0310_1,1,44782849,2024-05-16,10,10:00,0.0,0.0,0.0,0.0
20001_0310_1,1,44782849,2024-05-16,11,11:00,0.0,0.0,0.0,0.0
20001_0310_1,1,44782849,2024-05-16,12,12:00,0.0,0.0,0.0,0.0
20001_0310_1,1,44782849,2024-05-16,13,13:00,0.0,0.0,0.0,0.0
20001_0310_1,1,44782849,2024-05-16,14,14:00,0.0,0.0,0.0,0.0
20001_0310_1,1,44782849,2024-05-16,15,15:00,0.0,0.0,0.0,0.0
20001_0310_1,1,44782849,2024-05-16,16,16:00,0.0,0.0,0.0,0.0
20001_0310_1,1,44782849,2024-05-16,17,17:00,0.0,0.0,0.0,0.0
20001_0310_1,1,44782849,2024-05-16,18,18:00,0.0,0.0,0.0,0.0
20001_0310_1,1,44782849,2024-05-16,19,19:00,0.0,0.0,0.0,0.0
20001_0310_1,1,44782849,2024-05-16,20,20:00,0.0,0.0,0.0,0.0
20001_0310_1,1,44782849,2024-05-16,21,21:00,0.0,0.0,0.0,0.0
20001_0310_1,1,44782849,2024-05-16,22,22:00,0.0,0.0,0.0,0.0
20001_0310_1,1,44782849,2024-05-16,23,23:00,,0.0,0.0,0.0
20001_0310_1,1,44782849,2024-05-17,0,00:00,,0.0,0.0,0.0
20001_0310_1,1,44782849,2024-05-17,1,01:00,,0.0,0.0,0.0
20001_0310_1,1,44782849,2024-05-17,2,02:00,,0.0,0.0,0.0
20001_0310_1,1,44782849,2024-05-17,3,03:00,,0.0,0.0,0.0
20001_0310_1,1,44782849,2024-05-17,4,04:00,,0.0,0.0,0.0
20001_0310_1,1,44782849,2024-05-17,5,05:00,0.0,0.0,0.0,0.0
20001_0310_1,1,44782849,2024-05-17,6,06:00,0.0,0.0,0.0,0.0
20001_0310_1,1,44782849,2024-05-17,7,07:00,0.0,0.0,0.0,0.0
20001_0310_1,1,44782849,2024-05-17,8,08:00,0.0,0.0,0.0,0.0
20001_0310_1,1,44782849,2024-05-17,9,09:00,0.0,0.0,0.0,0.0
20001_0310_1,1,44782849,2024-05-17,10,10:00,0.0,0.0,0.0,0.0
20001_0310_1,1,44782849,2024-05-17,11,11:00,0.0,0.0,0.0,0.0
20001_0310_1,1,44782849,2024-05-17,12,12:00,0.0,0.0,0.0,0.0
20001_0310_1,1,44782849,2024-05-17,13,13:00,0.0,0.0,0.0,0.0
20001_0310_1,1,44782849,2024-05-17,14,14:00,0.0,0.0,0.0,0.0
20001_0310_1,1,44782849,2024-05-17,15,15:00,0.0,0.0,0.0,0.0
20001_0310_1,1,44782849,2024-05-17,16,16:00,0.0,0.0,0.0,0.0
20001_0310_1,1,44782849,2024-05-17,17,17:00,0.0,0.0,0.0,0.0
20001_0310_1,1,44782849,2024-05-17,18,18:00,0.0,0.0,0.0,0.0
20001_0310_1,1,44782849,2024-05-17,19,19:00,0.0,0.0,0.0,0.0
20001_0310_1,1,44782849,2024-05-17,20,20:00,0.0,0.0,0.0,0.0
20001_0310_1,1,44782849,2024-05-17,21,21:00,0.0,0.0,0.0,0.0
20001_0310_1,1,44782849,2024-05-17,22,22:00,0.0,0.0,0.0,0.0
20001_0310_1,1,44782849,2024-05-17,23,23:00,,0.0,0.0,0.0
20001_0310_1,1,44782849,2024-05-18,0,00:00,,0.0,0.0,0.0
20001_0310_1,1,44782849,2024-05-18,1,01:00,,0.0,0.0,0.0
20001_0310_1,1,44782849,2024-05-18,2,02:00,,0.0,0.0,0.0
20001_0310_1,1,44782849,2024-05-18,3,03:00,,0.0,0.0,0.0
20001_0310_1,1,44782849,2024-05-18,4,04:00,,0.0,0.0,0.0
20001_0310_1,1,44782849,2024-05-18,5,05:00,,0.0,0.0,0.0
20001_0310_1,1,44782849,2024-05-18,6,06:00,,0.0,0.0,0.0
20001_0310_1,1,44782849,2024-05-18,7,07:00,,0.0,0.0,0.0
20001_0310_1,1,44782849,2024-05-18,8,08:00,,0.0,0.0,0.0
20001_0310_1,1,44782849,2024-05-18,9,09:00,,0.0,0.0,0.0
20001_0310_1,1,44782849,2024-05-18,10,10:00,,0.0,0.0,0.0
20001_0310_1,1,44782849,2024-05-18,11,11:00,,0.0,0.0,0.0
20001_0310_1,1,44782849,2024-05-18,12,12:00,,0.0,0.0,0.0
20001_0310_1,1,44782849,2024-05-18,13,13:00,,0.0,0.0,0.0
20001_0310_1,1,44782849,2024-05-18,14,14:00,,0.0,0.0,0.0
20001_0310_1,1,44782849,2024-05-18,15,15:00,,0.0,0.0,0.0
20001_0310_1,1,44782849,2024-05-18,16,16:00,0.0,0.0,0.0,0.0
20001_0310_1,1,44782849,2024-05-18,17,17:00,,0.0,0.0,0.0
20001_0310_1,1,44782849,2024-05-18,18,18:00,,0.0,0.0,0.0
20001_0310_1,1,44782849,2024-05-18,19,19:00,,0.0,0.0,0.0
20001_0310_1,1,44782849,2024-05-18,20,20:00,,0.0,0.0,0.0
20001_0310_1,1,44782849,2024-05-18,21,21:00,,0.0,0.0,0.0
20001_0310_1,1,44782849,2024-05-18,22,22:00,,0.0,0.0,0.0
20001_0310_1,1,44782849,2024-05-18,23,23:00,,0.0,0.0,0.0
20001_0310_1,1,44782849,2024-05-19,0,00:00,,0.0,0.0,0.0
20001_0310_1,1,44782849,2024-05-19,1,01:00,,0.0,0.0,0.0
20001_0310_1,1,44782849,2024-05-19,2,02:00,,0.0,0.0,0.0
20001_0310_1,1,44782849,2024-05-19,3,03:00,,0.0,0.0,0.0
20001_0310_1,1,44782849,2024-05-19,4,04:00,,0.0,0.0,0.0
20001_0310_1,1,44782849,2024-05-19,5,05:00,,0.0,0.0,0.0
20001_0310_1,1,44782849,2024-05-19,6,06:00,,0.0,0.0,0.0
20001_0310_1,1,44782849,2024-05-19,7,07:00,,0.0,0.0,0.0
20001_0310_1,1,44782849,2024-05-19,8,08:00,,0.0,0.0,0.0
20001_0310_1,1,44782849,2024-05-19,9,09:00,,0.0,0.0,0.0
20001_0310_1,1,44782849,2024-05-19,10,10:00,,0.0,0.0,0.0
20001_0310_1,1,44782849,2024-05-19,11,11:00,,0.0,0.0,0.0
20001_0310_1,1,44782849,2024-05-19,12,12:00,,0.0,0.0,0.0
20001_0310_1,1,44782849,2024-05-19,13,13:00,,0.0,0.0,0.0
20001_0310_1,1,44782849,2024-05-19,14,14:00,,0.0,0.0,0.0
20001_0310_1,1,44782849,2024-05-19,15,15:00,,0.0,0.0,0.0
20001_0310_1,1,44782849,2024-05-19,16,16:00,,0.0,0.0,0.0
20001_0310_1,1,44782849,2024-05-19,17,17:00,,0.0,0.0,0.0
20001_0310_1,1,44782849,2024-05-19,18,18:00,,0.0,0.0,0.0
20001_0310_1,1,44782849,2024-05-19,19,19:00,,0.0,0.0,0.0
20001_0310_1,1,44782849,2024-05-19,20,20:00,,0.0,0.0,0.0
20001_0310_1,1,44782849,2024-05-19,21,21:00,,0.0,0.0,0.0
20001_0310_1,1,44782849,2024-05-19,22,22:00,,0.0,0.0,0.0
20001_0310_1,1,44782849,2024-05-19,23,23:00,,0.0,0.0,0.0
20001_0310_1,1,44782849,2024-05-20,0,00:00,,0.0,0.0,0.0
20001_0310_1,1,44782849,2024-05-20,1,01:00,,0.0,0.0,0.0
20001_0310_1,1,44782849,2024-05-20,2,02:00,,0.0,0.0,0.0
20001_0310_1,1,44782849,2024-05-20,3,03:00,,0.0,0.0,0.0
20001_0310_1,1,44782849,2024-05-20,4,04:00,,0.0,0.0,0.0
20001_0310_1,1,44782849,2024-05-20,5,05:00,0.0,0.0,0.0,0.0
20001_0310_1,1,44782849,2024-05-20,6,06:00,0.0,0.0,0.0,0.0
20001_0310_1,1,44782849,2024-05-20,7,07:00,0.0,0.0,0.0,0.0
20001_0310_1,1,44782849,2024-05-20,8,08:00,0.0,0.0,0.0,0.0
20001_0310_1,1,44782849,2024-05-20,9,09:00,0.0,0.0,0.0,0.0
20001_0310_1,1,44782849,2024-05-20,10,10:00,0.0,0.0,0.0,0.0
20001_0310_1,1,44782849,2024-05-20,11,11:00,0.0,0.0,0.0,0.0
20001_0310_1,1,44782849,2024-05-20,12,12:00,0.0,0.0,0.0,0.0
20001_0310_1,1,44782849,2024-05-20,13,13:00,0.0,0.0,0.0,0.0
20001_0310_1,1,44782849,2024-05-20,14,14:00,0.0,0.0,0.0,0.0
20001_0310_1,1,44782849,2024-05-20,15,15:00,0.0,0.0,0.0,0.0
20001_0310_1,1,44782849,2024-05-20,16,16:00,0.0,0.0,0.0,0.0
20001_0310_1,1,44782849,2024-05-20,17,17:00,0.0,0.0,0.0,0.0
20001_0310_1,1,44782849,2024-05-20,18,18:00,0.0,0.0,0.0,0.0
20001_0310_1,1,44782849,2024-05-20,19,19:00,0.0,0.0,0.0,0.0
20001_0310_1,1,44782849,2024-05-20,20,20:00,0.0,0.0,0.0,0.0
20001_0310_1,1,44782849,2024-05-20,21,21:00,0.0,0.0,0.0,0.0
20001_0310_1,1,44782849,2024-05-20,22,22:00,,0.0,0.0,0.0
20001_0310_1,1,44782849,2024-05-20,23,23:00,,0.0,0.0,0.0
20001_0310_1,1,44782849,2024-05-21,0,00:00,,0.0,0.0,0.0
20001_0310_1,1,44782849,2024-05-21,1,01:00,,0.0,0.0,0.0
20001_0310_1,1,44782849,2024-05-21,2,02:00,,0.0,0.0,0.0
20001_0310_1,1,44782849,2024-05-21,3,03:00,,0.0,0.0,0.0
20001_0310_1,1,44782849,2024-05-21,4,04:00,0.0,0.0,0.0,0.0
20001_0310_1,1,44782849,2024-05-21,5,05:00,0.0,0.0,0.0,0.0
20001_0310_1,1,44782849,2024-05-21,6,06:00,0.0,0.0,0.0,0.0
20001_0310_1,1,44782849,2024-05-21,7,07:00,0.0,0.0,0.0,0.0
20001_0310_1,1,44782849,2024-05-21,8,08:00,0.0,0.0,0.0,0.0
20001_0310_1,1,44782849,2024-05-21,9,09:00,0.0,0.0,0.0,0.0
20001_0310_1,1,44782849,2024-05-21,10,10:00,0.0,0.0,0.0,0.0
20001_0310_1,1,44782849,2024-05-21,11,11:00,0.0,0.0,0.0,0.0
20001_0310_1,1,44782849,2024-05-21,12,12:00,0.0,0.0,0.0,0.0
20001_0310_1,1,44782849,2024-05-21,13,13:00,0.0,0.0,0.0,0.0
20001_0310_1,1,44782849,2024-05-21,14,14:00,0.0,0.0,0.0,0.0
20001_0310_1,1,44782849,2024-05-21,15,15:00,0.0,0.0,0.0,0.0
20001_0310_1,1,44782849,2024-05-21,16,16:00,0.0,0.0,0.0,0.0
20001_0310_1,1,44782849,2024-05-21,17,17:00,0.0,0.0,0.0,0.0
20001_0310_1,1,44782849,2024-05-21,18,18:00,0.0,0.0,0.0,0.0
20001_0310_1,1,44782849,2024-05-21,19,19:00,0.0,0.0,0.0,0.0
20001_0310_1,1,44782849,2024-05-21,20,20:00,0.0,0.0,0.0,0.0
20001_0310_1,1,44782849,2024-05-21,21,21:00,0.0,0.0,0.0,0.0
20001_0310_1,1,44782849,2024-05-21,22,22:00,,0.0,0.0,0.0
20001_0310_1,1,44782849,2024-05-21,23,23:00,,0.0,0.0,0.0
20001_0310_1,1,44782849,2024-05-22,0,00:00,,0.0,0.0,0.0
20001_0310_1,1,44782849,2024-05-22,1,01:00,,0.0,0.0,0.0
20001_0310_1,1,44782849,2024-05-22,2,02:00,,0.0,0.0,0.0
20001_0310_1,1,44782849,2024-05-22,3,03:00,,0.0,0.0,0.0
20001_0310_1,1,44782849,2024-05-22,4,04:00,,0.0,0.0,0.0
20001_0310_1,1,44782849,2024-05-22,5,05:00,0.0,0.0,0.0,0.0
20001_0310_1,1,44782849,2024-05-22,6,06:00,0.0,0.0,0.0,0.0
20001_0310_1,1,44782849,2024-05-22,7,07:00,0.0,0.0,0.0,0.0
20001_0310_1,1,44782849,2024-05-22,8,08:00,0.0,0.0,0.0,0.0
20001_0310_1,1,44782849,2024-05-22,9,09:00,0.0,0.0,0.0,0.0
20001_0310_1,1,44782849,2024-05-22,10,10:00,0.0,0.0,0.0,0.0
20001_0310_1,1,44782849,2024-05-22,11,11:00,0.0,0.0,0.0,0.0
20001_0310_1,1,44782849,2024-05-22,12,12:00,0.0,0.0,0.0,0.0
20001_0310_1,1,44782849,2024-05-22,13,13:00,0.0,0.0,0.0,0.0
20001_0310_1,1,44782849,2024-05-22,14,14:00,0.0,0.0,0.0,0.0
20001_0310_1,1,44782849,2024-05-22,15,15:00,0.0,0.0,0.0,0.0
20001_0310_1,1,44782849,2024-05-22,16,16:00,0.0,0.0,0.0,0.0
20001_0310_1,1,44782849,2024-05-22,17,17:00,0.0,0.0,0.0,0.0
20001_0310_1,1,44782849,2024-05-22,18,18:00,0.0,0.0,0.0,0.0
20001_0310_1,1,44782849,2024-05-22,19,19:00,0.0,0.0,0.0,0.0
20001_0310_1,1,44782849,2024-05-22,20,20:00,0.0,0.0,0.0,0.0
20001_0310_1,1,44782849,2024-05-22,21,21:00,0.0,0.0,0.0,0.0
20001_0310_1,1,44782849,2024-05-22,22,22:00,0.0,0.0,0.0,0.0
20001_0310_1,1,44782849,2024-05-22,23,23:00,,0.0,0.0,0.0
20001_0310_1,1,44782849,2024-05-23,0,00:00,,0.0,0.0,0.0
20001_0310_1,1,44782849,2024-05-23,1,01:00,,0.0,0.0,0.0
20001_0310_1,1,44782849,2024-05-23,2,02:00,,0.0,0.0,0.0
20001_0310_1,1,44782849,2024-05-23,3,03:00,,0.0,0.0,0.0
20001_0310_1,1,44782849,2024-05-23,4,04:00,,0.0,0.0,0.0
20001_0310_1,1,44782849,2024-05-23,5,05:00,0.0,0.0,0.0,0.0
20001_0310_1,1,44782849,2024-05-23,6,06:00,0.0,0.0,0.0,0.0
20001_0310_1,1,44782849,2024-05-23,7,07:00,0.0,0.0,0.0,0.0
20001_0310_1,1,44782849,2024-05-23,8,08:00,0.0,0.0,0.0,0.0
20001_0310_1,1,44782849,2024-05-23,9,09:00,0.0,0.0,0.0,0.0
20001_0310_1,1,44782849,2024-05-23,10,10:00,0.0,0.0,0.0,0.0
20001_0310_1,1,44782849,2024-05-23,11,11:00,0.0,0.0,0.0,0.0
20001_0310_1,1,44782849,2024-05-23,12,12:00,0.0,0.0,0.0,0.0
20001_0310_1,1,44782849,2024-05-23,13,13:00,0.0,0.0,0.0,0.0
20001_0310_1,1,44782849,2024-05-23,14,14:00,0.0,0.0,0.0,0.0
20001_0310_1,1,44782849,2024-05-23,15,15:00,0.0,0.0,0.0,0.0
20001_0310_1,1,44782849,2024-05-23,16,16:00,0.0,0.0,0.0,0.0
20001_0310_1,1,44782849,2024-05-23,17,17:00,0.0,0.0,0.0,0.0
20001_0310_1,1,44782849,2024-05-23,18,18:00,0.0,0.0,0.0,0.0
20001_0310_1,1,44782849,2024-05-23,19,19:00,0.0,0.0,0.0,0.0
20001_0310_1,1,44782849,2024-05-23,20,20:00,0.0,0.0,0.0,0.0
20001_0310_1,1,44782849,2024-05-23,21,21:00,0.0,0.0,0.0,0.0
20001_0310_1,1,44782849,2024-05-23,22,22:00,0.0,0.0,0.0,0.0
20001_0310_1,1,44782849,2024-05-23,23,23:00,,0.0,0.0,0.0
20001_0310_1,1,44782849,2024-05-24,0,00:00,,0.0,0.0,0.0
20001_0310_1,1,44782849,2024-05-24,1,01:00,,0.0,0.0,0.0
20001_0310_1,1,44782849,2024-05-24,2,02:00,,0.0,0.0,0.0
20001_0310_1,1,44782849,2024-05-24,3,03:00,,0.0,0.0,0.0
20001_0310_1,1,44782849,2024-05-24,4,04:00,,0.0,0.0,0.0
20001_0310_1,1,44782849,2024-05-24,5,05:00,0.0,0.0,0.0,0.0
20001_0310_1,1,44782849,2024-05-24,6,06:00,0.0,0.0,0.0,0.0
20001_0310_1,1,44782849,2024-05-24,7,07:00,0.0,0.0,0.0,0.0
20001_0310_1,1,44782849,2024-05-24,8,08:00,0.0,0.0,0.0,0.0
20001_0310_1,1,44782849,2024-05-24,9,09:00,0.0,0.0,0.0,0.0
20001_0310_1,1,44782849,2024-05-24,10,10:00,0.0,0.0,0.0,0.0
20001_0310_1,1,44782849,2024-05-24,11,11:00,0.0,0.0,0.0,0.0
20001_0310_1,1,44782849,2024-05-24,12,12:00,0.0,0.0,0.0,0.0
20001_0310_1,1,44782849,2024-05-24,13,13:00,0.0,0.0,0.0,0.0
20001_0310_1,1,44782849,2024-05-24,14,14:00,0.0,0.0,0.0,0.0
20001_0310_1,1,44782849,2024-05-24,15,15:00,0.0,0.0,0.0,0.0
20001_0310_1,1,44782849,2024-05-24,16,16:00,0.0,0.0,0.0,0.0
20001_0310_1,1,44782849,2024-05-24,17,17:00,0.0,0.0,0.0,0.0
20001_0310_1,1,44782849,2024-05-24,18,18:00,0.0,0.0,0.0,0.0
20001_0310_1,1,44782849,2024-05-24,19,19:00,0.0,0.0,0.0,0.0
20001_0310_1,1,44782849,2024-05-24,20,20:00,0.0,0.0,0.0,0.0
20001_0310_1,1,44782849,2024-05-24,21,21:00,0.0,0.0,0.0,0.0
20001_0310_1,1,44782849,2024-05-24,22,22:00,0.0,0.0,0.0,0.0
20001_0310_1,1,44782849,2024-05-24,23,23:00,,0.0,0.0,0.0
20001_0310_1,1,44782849,2024-05-25,0,00:00,,0.0,0.0,0.0
20001_0310_1,1,44782849,2024-05-25,1,01:00,,0.0,0.0,0.0
20001_0310_1,1,44782849,2024-05-25,2,02:00,,0.0,0.0,0.0
20001_0310_1,1,44782849,2024-05-25,3,03:00,,0.0,0.0,0.0
20001_0310_1,1,44782849,2024-05-25,4,04:00,,0.0,0.0,0.0
20001_0310_1,1,44782849,2024-05-25,5,05:00,,0.0,0.0,0.0
20001_0310_1,1,44782849,2024-05-25,6,06:00,,0.0,0.0,0.0
20001_0310_1,1,44782849,2024-05-25,7,07:00,,0.0,0.0,0.0
20001_0310_1,1,44782849,2024-05-25,8,08:00,,0.0,0.0,0.0
20001_0310_1,1,44782849,2024-05-25,9,09:00,,0.0,0.0,0.0
20001_0310_1,1,44782849,2024-05-25,10,10:00,,0.0,0.0,0.0
20001_0310_1,1,44782849,2024-05-25,11,11:00,,0.0,0.0,0.0
20001_0310_1,1,44782849,2024-05-25,12,12:00,,0.0,0.0,0.0
20001_0310_1,1,44782849,2024-05-25,13,13:00,,0.0,0.0,0.0
20001_0310_1,1,44782849,2024-05-25,14,14:00,,0.0,0.0,0.0
20001_0310_1,1,44782849,2024-05-25,15,15:00,,0.0,0.0,0.0
20001_0310_1,1,44782849,2024-05-25,16,16:00,,0.0,0.0,0.0
20001_0310_1,1,44782849,2024-05-25,17,17:00,,0.0,0.0,0.0
20001_0310_1,1,44782849,2024-05-25,18,18:00,,0.0,0.0,0.0
20001_0310_1,1,44782849,2024-05-25,19,19:00,,0.0,0.0,0.0
20001_0310_1,1,44782849,2024-05-25,20,20:00,,0.0,0.0,0.0
20001_0310_1,1,44782849,2024-05-25,21,21:00,,0.0,0.0,0.0
20001_0310_1,1,44782849,2024-05-25,22,22:00,,0.0,0.0,0.0
20001_0310_1,1,44782849,2024-05-25,23,23:00,,0.0,0.0,0.0
20001_0310_1,1,44782849,2024-05-26,0,00:00,,0.0,0.0,0.0
20001_0310_1,1,44782849,2024-05-26,1,01:00,,0.0,0.0,0.0
20001_0310_1,1,44782849,2024-05-26,2,02:00,,0.0,0.0,0.0
20001_0310_1,1,44782849,2024-05-26,3,03:00,,0.0,0.0,0.0
20001_0310_1,1,44782849,2024-05-26,4,04:00,,0.0,0.0,0.0
20001_0310_1,1,44782849,2024-05-26,5,05:00,,0.0,0.0,0.0
20001_0310_1,1,44782849,2024-05-26,6,06:00,,0.0,0.0,0.0
20001_0310_1,1,44782849,2024-05-26,7,07:00,,0.0,0.0,0.0
20001_0310_1,1,44782849,2024-05-26,8,08:00,,0.0,0.0,0.0
20001_0310_1,1,44782849,2024-05-26,9,09:00,,0.0,0.0,0.0
20001_0310_1,1,44782849,2024-05-26,10,10:00,,0.0,0.0,0.0
20001_0310_1,1,44782849,2024-05-26,11,11:00,,0.0,0.0,0.0
20001_0310_1,1,44782849,2024-05-26,12,12:00,,0.0,0.0,0.0
20001_0310_1,1,44782849,2024-05-26,13,13:00,,0.0,0.0,0.0
20001_0310_1,1,44782849,2024-05-26,14,14:00,,0.0,0.0,0.0
20001_0310_1,1,44782849,2024-05-26,15,15:00,,0.0,0.0,0.0
20001_0310_1,1,44782849,2024-05-26,16,16:00,,0.0,0.0,0.0
20001_0310_1,1,44782849,2024-05-26,17,17:00,,0.0,0.0,0.0
20001_0310_1,1,44782849,2024-05-26,18,18:00,,0.0,0.0,0.0
20001_0310_1,1,44782849,2024-05-26,19,19:00,,0.0,0.0,0.0
20001_0310_1,1,44782849,2024-05-26,20,20:00,,0.0,0.0,0.0
20001_0310_1,1,44782849,2024-05-26,21,21:00,,0.0,0.0,0.0
20001_0310_1,1,44782849,2024-05-26,22,22:00,,0.0,0.0,0.0
20001_0310_1,1,44782849,2024-05-26,23,23:00,,0.0,0.0,0.0
20001_0310_1,1,44782849,2024-05-27,0,00:00,,0.0,0.0,0.0
20001_0310_1,1,44782849,2024-05-27,1,01:00,,0.0,0.0,0.0
20001_0310_1,1,44782849,2024-05-27,2,02:00,,0.0,0.0,0.0
20001_0310_1,1,44782849,2024-05-27,3,03:00,,0.0,0.0,0.0
20001_0310_1,1,44782849,2024-05-27,4,04:00,,0.0,0.0,0.0
20001_0310_1,1,44782849,2024-05-27,5,05:00,0.0,0.0,0.0,0.0
20001_0310_1,1,44782849,2024-05-27,6,06:00,0.0,0.0,0.0,0.0
20001_0310_1,1,44782849,2024-05-27,7,07:00,0.0,0.0,0.0,0.0
20001_0310_1,1,44782849,2024-05-27,8,08:00,0.0,0.0,0.0,0.0
20001_0310_1,1,44782849,2024-05-27,9,09:00,0.0,0.0,0.0,0.0
20001_0310_1,1,44782849,2024-05-27,10,10:00,0.0,0.0,0.0,0.0
20001_0310_1,1,44782849,2024-05-27,11,11:00,0.0,0.0,0.0,0.0
20001_0310_1,1,44782849,2024-05-27,12,12:00,0.0,0.0,0.0,0.0
20001_0310_1,1,44782849,2024-05-27,13,13:00,0.0,0.0,0.0,0.0
20001_0310_1,1,44782849,2024-05-27,14,14:00,0.0,0.0,0.0,0.0
20001_0310_1,1,44782849,2024-05-27,15,15:00,0.0,0.0,0.0,0.0
20001_0310_1,1,44782849,2024-05-27,16,16:00,0.0,0.0,0.0,0.0
20001_0310_1,1,44782849,2024-05-27,17,17:00,0.0,0.0,0.0,0.0
20001_0310_1,1,44782849,2024-05-27,18,18:00,0.0,0.0,0.0,0.0
20001_0310_1,1,44782849,2024-05-27,19,19:00,0.0,0.0,0.0,0.0
20001_0310_1,1,44782849,2024-05-27,20,20:00,0.0,0.0,0.0,0.0
20001_0310_1,1,44782849,2024-05-27,21,21:00,0.0,0.0,0.0,0.0
20001_0310_1,1,44782849,2024-05-27,22,22:00,0.0,0.0,0.0,0.0
20001_0310_1,1,44782849,2024-05-27,23,23:00,,0.0,0.0,0.0
20001_0310_1,1,44782849,2024-05-28,0,00:00,,0.0,0.0,0.0
20001_0310_1,1,44782849,2024-05-28,1,01:00,,0.0,0.0,0.0
20001_0310_1,1,44782849,2024-05-28,2,02:00,,0.0,0.0,0.0
20001_0310_1,1,44782849,2024-05-28,3,03:00,,0.0,0.0,0.0
20001_0310_1,1,44782849,2024-05-28,4,04:00,0.0,0.0,0.0,0.0
20001_0310_1,1,44782849,2024-05-28,5,05:00,0.0,0.0,0.0,0.0
20001_0310_1,1,44782849,2024-05-28,6,06:00,0.0,0.0,0.0,0.0
20001_0310_1,1,44782849,2024-05-28,7,07:00,0.0,0.0,0.0,0.0
20001_0310_1,1,44782849,2024-05-28,8,08:00,0.0,0.0,0.0,0.0
20001_0310_1,1,44782849,2024-05-28,9,09:00,0.0,0.0,0.0,0.0
20001_0310_1,1,44782849,2024-05-28,10,10:00,0.0,0.0,0.0,0.0
20001_0310_1,1,44782849,2024-05-28,11,11:00,0.0,0.0,0.0,0.0
20001_0310_1,1,44782849,2024-05-28,12,12:00,0.0,0.0,0.0,0.0
20001_0310_1,1,44782849,2024-05-28,13,13:00,0.0,0.0,0.0,0.0
20001_0310_1,1,44782849,2024-05-28,14,14:00,0.0,0.0,0.0,0.0
20001_0310_1,1,44782849,2024-05-28,15,15:00,0.0,0.0,0.0,0.0
20001_0310_1,1,44782849,2024-05-28,16,16:00,0.0,0.0,0.0,0.0
20001_0310_1,1,44782849,2024-05-28,17,17:00,0.0,0.0,0.0,0.0
20001_0310_1,1,44782849,2024-05-28,18,18:00,0.0,0.0,0.0,0.0
20001_0310_1,1,44782849,2024-05-28,19,19:00,0.0,0.0,0.0,0.0
20001_0310_1,1,44782849,2024-05-28,20,20:00,0.0,0.0,0.0,0.0
20001_0310_1,1,44782849,2024-05-28,21,21:00,0.0,0.0,0.0,0.0
20001_0310_1,1,44782849,2024-05-28,22,22:00,0.0,0.0,0.0,0.0
20001_0310_1,1,44782849,2024-05-28,23,23:00,,0.0,0.0,0.0
20001_0310_1,1,44782849,2024-05-29,0,00:00,,0.0,0.0,0.0
20001_0310_1,1,44782849,2024-05-29,1,01:00,,0.0,0.0,0.0
20001_0310_1,1,44782849,2024-05-29,2,02:00,,0.0,0.0,0.0
20001_0310_1,1,44782849,2024-05-29,3,03:00,,0.0,0.0,0.0
20001_0310_1,1,44782849,2024-05-29,4,04:00,0.0,0.0,0.0,0.0
20001_0310_1,1,44782849,2024-05-29,5,05:00,0.0,0.0,0.0,0.0
20001_0310_1,1,44782849,2024-05-29,6,06:00,0.0,0.0,0.0,0.0
20001_0310_1,1,44782849,2024-05-29,7,07:00,0.0,0.0,0.0,0.0
20001_0310_1,1,44782849,2024-05-29,8,08:00,0.0,0.0,0.0,0.0
20001_0310_1,1,44782849,2024-05-29,9,09:00,0.0,0.0,0.0,0.0
20001_0310_1,1,44782849,2024-05-29,10,10:00,0.0,0.0,0.0,0.0
20001_0310_1,1,44782849,2024-05-29,11,11:00,0.0,0.0,0.0,0.0
20001_0310_1,1,44782849,2024-05-29,12,12:00,0.0,0.0,0.0,0.0
20001_0310_1,1,44782849,2024-05-29,13,13:00,0.0,0.0,0.0,0.0
20001_0310_1,1,44782849,2024-05-29,14,14:00,0.0,0.0,0.0,0.0
20001_0310_1,1,44782849,2024-05-29,15,15:00,0.0,0.0,0.0,0.0
20001_0310_1,1,44782849,2024-05-29,16,16:00,0.0,0.0,0.0,0.0
20001_0310_1,1,44782849,2024-05-29,17,17:00,0.0,0.0,0.0,0.0
20001_0310_1,1,44782849,2024-05-29,18,18:00,0.0,0.0,0.0,0.0
20001_0310_1,1,44782849,2024-05-29,19,19:00,0.0,0.0,0.0,0.0
20001_0310_1,1,44782849,2024-05-29,20,20:00,0.0,0.0,0.0,0.0
20001_0310_1,1,44782849,2024-05-29,21,21:00,0.0,0.0,0.0,0.0
20001_0310_1,1,44782849,2024-05-29,22,22:00,0.0,0.0,0.0,0.0
20001_0310_1,1,44782849,2024-05-29,23,23:00,,0.0,0.0,0.0
20001_0310_1,1,44782849,2024-05-30,0,00:00,,0.0,0.0,0.0
20001_0310_1,1,44782849,2024-05-30,1,01:00,,0.0,0.0,0.0
20001_0310_1,1,44782849,2024-05-30,2,02:00,,0.0,0.0,0.0
20001_0310_1,1,44782849,2024-05-30,3,03:00,,0.0,0.0,0.0
20001_0310_1,1,44782849,2024-05-30,4,04:00,,0.0,0.0,0.0
20001_0310_1,1,44782849,2024-05-30,5,05:00,,0.0,0.0,0.0
20001_0310_1,1,44782849,2024-05-30,6,06:00,,0.0,0.0,0.0
20001_0310_1,1,44782849,2024-05-30,7,07:00,,0.0,0.0,0.0
20001_0310_1,1,44782849,2024-05-30,8,08:00,,0.0,0.0,0.0
20001_0310_1,1,44782849,2024-05-30,9,09:00,,0.0,0.0,0.0
20001_0310_1,1,44782849,2024-05-30,10,10:00,,0.0,0.0,0.0
20001_0310_1,1,44782849,2024-05-30,11,11:00,,0.0,0.0,0.0
20001_0310_1,1,44782849,2024-05-30,12,12:00,,0.0,0.0,0.0
20001_0310_1,1,44782849,2024-05-30,13,13:00,,0.0,0.0,0.0
20001_0310_1,1,44782849,2024-05-30,14,14:00,,0.0,0.0,0.0
20001_0310_1,1,44782849,2024-05-30,15,15:00,,0.0,0.0,0.0
20001_0310_1,1,44782849,2024-05-30,16,16:00,,0.0,0.0,0.0
20001_0310_1,1,44782849,2024-05-30,17,17:00,,0.0,0.0,0.0
20001_0310_1,1,44782849,2024-05-30,18,18:00,,0.0,0.0,0.0
20001_0310_1,1,44782849,2024-05-30,19,19:00,,0.0,0.0,0.0
20001_0310_1,1,44782849,2024-05-30,20,20:00,,0.0,0.0,0.0
20001_0310_1,1,44782849,2024-05-30,21,21:00,,0.0,0.0,0.0
20001_0310_1,1,44782849,2024-05-30,22,22:00,,0.0,0.0,0.0
20001_0310_1,1,44782849,2024-05-30,23,23:00,,0.0,0.0,0.0
20001_0310_1,1,44782849,2024-05-31,0,00:00,,0.0,0.0,0.0
20001_0310_1,1,44782849,2024-05-31,1,01:00,,0.0,0.0,0.0
20001_0310_1,1,44782849,2024-05-31,2,02:00,,0.0,0.0,0.0
20001_0310_1,1,44782849,2024-05-31,3,03:00,,0.0,0.0,0.0
20001_0310_1,1,44782849,2024-05-31,4,04:00,,0.0,0.0,0.0
20001_0310_1,1,44782849,2024-05-31,5,05:00,,0.0,0.0,0.0
20001_0310_1,1,44782849,2024-05-31,6,06:00,,0.0,0.0,0.0
20001_0310_1,1,44782849,2024-05-31,7,07:00,,0.0,0.0,0.0
20001_0310_1,1,44782849,2024-05-31,8,08:00,,0.0,0.0,0.0
20001_0310_1,1,44782849,2024-05-31,9,09:00,,0.0,0.0,0.0
20001_0310_1,1,44782849,2024-05-31,10,10:00,,0.0,0.0,0.0
20001_0310_1,1,44782849,2024-05-31,11,11:00,,0.0,0.0,0.0
20001_0310_1,1,44782849,2024-05-31,12,12:00,,0.0,0.0,0.0
20001_0310_1,1,44782849,2024-05-31,13,13:00,,0.0,0.0,0.0
20001_0310_1,1,44782849,2024-05-31,14,14:00,,0.0,0.0,0.0
20001_0310_1,1,44782849,2024-05-31,15,15:00,,0.0,0.0,0.0
20001_0310_1,1,44782849,2024-05-31,16,16:00,,0.0,0.0,0.0
20001_0310_1,1,44782849,2024-05-31,17,17:00,,0.0,0.0,0.0
20001_0310_1,1,44782849,2024-05-31,18,18:00,,0.0,0.0,0.0
20001_0310_1,1,44782849,2024-05-31,19,19:00,,0.0,0.0,0.0
20001_0310_1,1,44782849,2024-05-31,20,20:00,,0.0,0.0,0.0
20001_0310_1,1,44782849,2024-05-31,21,21:00,,0.0,0.0,0.0
20001_0310_1,1,44782849,2024-05-31,22,22:00,,0.0,0.0,0.0
20001_0310_1,1,44782849,2024-05-31,23,23:00,,0.0,0.0,0.0
20001_0310_1,2,47567835,2024-05-01,0,00:00,,0.010143779,0.0,0.9897934
20001_0310_1,2,47567835,2024-05-01,1,01:00,,0.035401758,0.0,1.0529385
20001_0310_1,2,47567835,2024-05-01,2,02:00,,0.0,0.0,1.0276805
20001_0310_1,2,47567835,2024-05-01,3,03:00,,0.2807652,0.0,1.6068102
20001_0310_1,2,47567835,2024-05-01,4,04:00,,1.9243395,0.7690115,3.5221334
20001_0310_1,2,47567835,2024-05-01,5,05:00,,3.268426,1.8336812,5.1591682
20001_0310_1,2,47567835,2024-05-01,6,06:00,,3.9431756,2.2788537,6.043198
20001_0310_1,2,47567835,2024-05-01,7,07:00,,4.455552,2.6604295,6.656606
20001_0310_1,2,47567835,2024-05-01,8,08:00,,4.6936994,2.8895564,6.90197
20001_0310_1,2,47567835,2024-05-01,9,09:00,,3.502965,1.790833,5.6679363
20001_0310_1,2,47567835,2024-05-01,10,10:00,,2.8173904,1.1756202,4.9083924
20001_0310_1,2,47567835,2024-05-01,11,11:00,,2.6478012,1.1034547,4.6594205
20001_0310_1,2,47567835,2024-05-01,12,12:00,,2.620739,1.1936616,4.52411
20001_0310_1,2,47567835,2024-05-01,13,13:00,,3.0086296,1.6746911,4.7766895
20001_0310_1,2,47567835,2024-05-01,14,14:00,,2.221121,1.0186597,3.8222978
20001_0310_1,2,47567835,2024-05-01,15,15:00,,1.5860627,0.48733965,3.0600476
20001_0310_1,2,47567835,2024-05-01,16,16:00,,0.9266484,0.0,2.3284674
20001_0310_1,2,47567835,2024-05-01,17,17:00,,1.3037143,0.17251669,2.7163584
20001_0310_1,2,47567835,2024-05-01,18,18:00,,1.7523822,0.5688642,3.1848712
20001_0310_1,2,47567835,2024-05-01,19,19:00,,1.2910852,0.08050537,2.7181625
20001_0310_1,2,47567835,2024-05-01,20,20:00,,0.9988141,0.0,2.3663547
20001_0310_1,2,47567835,2024-05-01,21,21:00,,1.5869646,0.5549948,2.824607
20001_0310_1,2,47567835,2024-05-01,22,22:00,,1.3812925,0.4756127,2.523315
20001_0310_1,2,47567835,2024-05-01,23,23:00,,0.22303264,0.0,1.2784563
20001_0310_1,2,47567835,2024-05-02,0,00:00,,0.0,0.0,0.63824505
20001_0310_1,2,47567835,2024-05-02,1,01:00,,0.0,0.0,0.65578556
20001_0310_1,2,47567835,2024-05-02,2,02:00,,0.0,0.0,0.7119153
20001_0310_1,2,47567835,2024-05-02,3,03:00,,0.27340183,0.0,1.2556721
20001_0310_1,2,47567835,2024-05-02,4,04:00,,2.0637429,1.0948473,3.2698743
20001_0310_1,2,47567835,2024-05-02,5,05:00,,3.2973907,2.1134043,4.7497478
20001_0310_1,2,47567835,2024-05-02,6,06:00,,3.963931,2.601031,5.626775
20001_0310_1,2,47567835,2024-05-02,7,07:00,,4.1042557,2.6115558,5.9565372
20001_0310_1,2,47567835,2024-05-02,8,08:00,,4.5111966,2.9465802,6.405575
20001_0310_1,2,47567835,2024-05-02,9,09:00,,3.3815854,1.8345101,5.3005214
20001_0310_1,2,47567835,2024-05-02,10,10:00,,2.6676857,1.1363965,4.5445237
20001_0310_1,2,47567835,2024-05-02,11,11:00,,2.546656,1.1065775,4.3813963
20001_0310_1,2,47567835,2024-05-02,12,12:00,,2.3159976,1.0144897,4.020938
20001_0310_1,2,47567835,2024-05-02,13,13:00,,2.655407,1.4696665,4.220023
20001_0310_1,2,47567835,2024-05-02,14,14:00,,2.1129658,1.0600952,3.4841979
20001_0310_1,2,47567835,2024-05-02,15,15:00,,1.4047667,0.45056126,2.6238341
20001_0310_1,2,47567835,2024-05-02,16,16:00,,0.84171534,0.0,1.9640907
20001_0310_1,2,47567835,2024-05-02,17,17:00,,1.2591802,0.30322075,2.36248
20001_0310_1,2,47567835,2024-05-02,18,18:00,,1.7562354,0.75291646,2.854273
20001_0310_1,2,47567835,2024-05-02,19,19:00,,1.3275883,0.3049748,2.4168558
20001_0310_1,2,47567835,2024-05-02,20,20:00,,1.057464,0.10676665,2.0770078
20001_0310_1,2,47567835,2024-05-02,21,21:00,,1.7020788,0.8320681,2.587876
20001_0310_1,2,47567835,2024-05-02,22,22:00,,1.2960154,0.5224775,2.0923557
20001_0310_1,2,47567835,2024-05-02,23,23:00,,0.20674777,0.0,0.9364342
20001_0310_1,2,47567835,2024-05-03,0,00:00,,0.060824692,0.0,0.65179026
20001_0310_1,2,47567835,2024-05-03,1,01:00,,0.026265323,0.0,0.6172309
20001_0310_1,2,47567835,2024-05-03,2,02:00,,0.0,0.0,0.6448784
20001_0310_1,2,47567835,2024-05-03,3,03:00,,0.19906226,0.0,1.0785986
20001_0310_1,2,47567835,2024-05-03,4,04:00,,2.0608413,1.1195301,3.1723578
20001_0310_1,2,47567835,2024-05-03,5,05:00,,3.4061737,2.2268343,4.7781816
20001_0310_1,2,47567835,2024-05-03,6,06:00,,4.1180973,2.709802,5.6663575
20001_0310_1,2,47567835,2024-05-03,7,07:00,,4.242511,2.7270815,5.942833
20001_0310_1,2,47567835,2024-05-03,8,08:00,,4.816197,3.3024955,6.509607
20001_0310_1,2,47567835,2024-05-03,9,09:00,,3.5098517,2.063757,5.185982
20001_0310_1,2,47567835,2024-05-03,10,10:00,,2.7443614,1.3619856,4.346189
20001_0310_1,2,47567835,2024-05-03,11,11:00,,2.8100243,1.515343,4.347917
20001_0310_1,2,47567835,2024-05-03,12,12:00,,2.3849437,1.2177004,3.8373022
20001_0310_1,2,47567835,2024-05-03,13,13:00,,2.8566794,1.7717304,4.1733923
20001_0310_1,2,47567835,2024-05-03,14,14:00,,2.1287723,1.1662933,3.2865117
20001_0310_1,2,47567835,2024-05-03,15,15:00,,1.5468785,0.6742538,2.5456448
20001_0310_1,2,47567835,2024-05-03,16,16:00,,0.8176754,0.015897548,1.7097394
20001_0310_1,2,47567835,2024-05-03,17,17:00,,1.1425334,0.33557186,1.9909664
20001_0310_1,2,47567835,2024-05-03,18,18:00,,1.7505628,0.9315053,2.6162755
20001_0310_1,2,47567835,2024-05-03,19,19:00,,1.3550738,0.5273764,2.2328823
20001_0310_1,2,47567835,2024-05-03,20,20:00,,0.9766486,0.1956064,1.8281056
20001_0310_1,2,47567835,2024-05-03,21,21:00,,1.7166513,0.9796725,2.4484465
20001_0310_1,2,47567835,2024-05-03,22,22:00,,1.2444838,0.62414277,1.8838326
20001_0310_1,2,47567835,2024-05-03,23,23:00,,0.17487067,0.0,0.7347328
20001_0310_1,2,47567835,2024-05-04,0,00:00,,0.017910963,0.0,0.5453914
20001_0310_1,2,47567835,2024-05-04,1,01:00,,0.0,0.0,0.53177893
20001_0310_1,2,47567835,2024-05-04,2,02:00,,0.0,0.0,0.5181666
20001_0310_1,2,47567835,2024-05-04,3,03:00,,0.13361639,0.0,0.9537634
20001_0310_1,2,47567835,2024-05-04,4,04:00,,2.0857196,1.2306907,3.0955896
20001_0310_1,2,47567835,2024-05-04,5,05:00,,3.533313,2.4766505,4.78225
20001_0310_1,2,47567835,2024-05-04,6,06:00,,4.2037234,2.9820108,5.626219
20001_0310_1,2,47567835,2024-05-04,7,07:00,,4.1424675,2.8220656,5.7078934
20001_0310_1,2,47567835,2024-05-04,8,08:00,,4.8503118,3.5333123,6.4089317
20001_0310_1,2,47567835,2024-05-04,9,09:00,,3.4890728,2.218015,5.0068545
20001_0310_1,2,47567835,2024-05-04,10,10:00,,2.561728,1.3570306,3.9910297
20001_0310_1,2,47567835,2024-05-04,11,11:00,,2.8594992,1.726267,4.2479634
20001_0310_1,2,47567835,2024-05-04,12,12:00,,2.4732473,1.46593,3.7681272
20001_0310_1,2,47567835,2024-05-04,13,13:00,,2.8050497,1.8730257,3.992731
20001_0310_1,2,47567835,2024-05-04,14,14:00,,2.1108172,1.2817372,3.15174
20001_0310_1,2,47567835,2024-05-04,15,15:00,,1.574829,0.7870114,2.4868598
20001_0310_1,2,47567835,2024-05-04,16,16:00,,0.86868584,0.14042251,1.708826
20001_0310_1,2,47567835,2024-05-04,17,17:00,,1.1613525,0.38714743,1.9857535
20001_0310_1,2,47567835,2024-05-04,18,18:00,,1.6148155,0.8176393,2.4664412
20001_0310_1,2,47567835,2024-05-04,19,19:00,,1.3740462,0.56070536,2.2503445
20001_0310_1,2,47567835,2024-05-04,20,20:00,,0.9163293,0.14722872,1.7424315
20001_0310_1,2,47567835,2024-05-04,21,21:00,,1.5288873,0.8218933,2.2733154
20001_0310_1,2,47567835,2024-05-04,22,22:00,,1.0881858,0.47562775,1.7296699
20001_0310_1,2,47567835,2024-05-04,23,23:00,,0.19827525,0.0,0.8006239
20001_0310_1,2,47567835,2024-05-05,0,00:00,,0.0,0.0,0.51844937
20001_0310_1,2,47567835,2024-05-05,1,01:00,,0.0,0.0,0.49800763
20001_0310_1,2,47567835,2024-05-05,2,02:00,,0.0,0.0,0.5150424
20001_0310_1,2,47567835,2024-05-05,3,03:00,,0.10961492,0.0,0.8829934
20001_0310_1,2,47567835,2024-05-05,4,04:00,,1.9686403,1.0913498,2.9515467
20001_0310_1,2,47567835,2024-05-05,5,05:00,,3.3666623,2.2594023,4.5999794
20001_0310_1,2,47567835,2024-05-05,6,06:00,,4.0412393,2.7500038,5.47216
20001_0310_1,2,47567835,2024-05-05,7,07:00,3.8181817531585693,3.8266008,2.4135668,5.407427
20001_0310_1,2,47567835,2024-05-05,8,08:00,,4.4909573,3.060037,6.085412
20001_0310_1,2,47567835,2024-05-05,9,09:00,,3.4450226,2.0351825,5.0122213
20001_0310_1,2,47567835,2024-05-05,10,10:00,9.0,2.5728424,1.2151713,4.102565
20001_0310_1,2,47567835,2024-05-05,11,11:00,,2.8147361,1.5047623,4.3035746
20001_0310_1,2,47567835,2024-05-05,12,12:00,,2.5506973,1.3735949,3.9645832
20001_0310_1,2,47567835,2024-05-05,13,13:00,,2.7210448,1.6120816,4.0225015
20001_0310_1,2,47567835,2024-05-05,14,14:00,,2.027943,1.03258,3.201106
20001_0310_1,2,47567835,2024-05-05,15,15:00,,1.43492,0.48863867,2.4782996
20001_0310_1,2,47567835,2024-05-05,16,16:00,,0.7944127,0.0,1.7666718
20001_0310_1,2,47567835,2024-05-05,17,17:00,,0.9869055,0.077248946,1.9372325
20001_0310_1,2,47567835,2024-05-05,18,18:00,,1.3957399,0.48608336,2.3607595
20001_0310_1,2,47567835,2024-05-05,19,19:00,,1.2151713,0.3157356,2.1461215
20001_0310_1,2,47567835,2024-05-05,20,20:00,,0.92046994,0.08576637,1.7788092
20001_0310_1,2,47567835,2024-05-05,21,21:00,,1.4902829,0.7586397,2.232147
20001_0310_1,2,47567835,2024-05-05,22,22:00,,1.0601549,0.44519988,1.7104572
20001_0310_1,2,47567835,2024-05-05,23,23:00,,0.1913818,0.0,0.7705639
20001_0310_1,2,47567835,2024-05-06,0,00:00,,0.0,0.0,0.61466336
20001_0310_1,2,47567835,2024-05-06,1,01:00,,0.0,0.0,0.65508485
20001_0310_1,2,47567835,2024-05-06,2,02:00,,0.0,0.0,0.7396025
20001_0310_1,2,47567835,2024-05-06,3,03:00,,0.217798,0.0,1.1456546
20001_0310_1,2,47567835,2024-05-06,4,04:00,,1.9935869,1.0599885,3.1472065
20001_0310_1,2,47567835,2024-05-06,5,05:00,4.896568775177002,3.2898297,2.1313872,4.7082562
20001_0310_1,2,47567835,2024-05-06,6,06:00,5.447569370269775,4.2048254,2.8249831,5.858431
20001_0310_1,2,47567835,2024-05-06,7,07:00,3.788363218307495,4.5943413,3.0215786,6.44638
20001_0310_1,2,47567835,2024-05-06,8,08:00,1.9166667461395264,4.564944,2.922362,6.512524
20001_0310_1,2,47567835,2024-05-06,9,09:00,3.60585618019104,3.8373575,2.18467,5.8547564
20001_0310_1,2,47567835,2024-05-06,10,10:00,3.3596837520599365,3.8300078,2.2103927,5.803311
20001_0310_1,2,47567835,2024-05-06,11,11:00,3.9343433380126953,3.1465175,1.6238223,5.0647
20001_0310_1,2,47567835,2024-05-06,12,12:00,3.2497870127360025,2.5236595,1.2081243,4.2691326
20001_0310_1,2,47567835,2024-05-06,13,13:00,1.2569444179534912,2.6265502,1.4681078,4.149705
20001_0310_1,2,47567835,2024-05-06,14,14:00,2.547619024912516,2.0291855,1.0386872,3.3390367
20001_0310_1,2,47567835,2024-05-06,15,15:00,0.4444444576899211,1.4598398,0.5834287,2.5769424
20001_0310_1,2,47567835,2024-05-06,16,16:00,1.7546296119689941,0.9894808,0.15900323,2.0048409
20001_0310_1,2,47567835,2024-05-06,17,17:00,1.7086246808369954,1.1199319,0.25087017,2.0930328
20001_0310_1,2,47567835,2024-05-06,18,18:00,0.6675823926925659,1.3514367,0.43644154,2.3527868
20001_0310_1,2,47567835,2024-05-06,19,19:00,2.9388888676961265,1.1934255,0.2655689,2.1685934
20001_0310_1,2,47567835,2024-05-06,20,20:00,0.0,1.0299022,0.11490694,1.93617
20001_0310_1,2,47567835,2024-05-06,21,21:00,2.75,1.4910746,0.6495728,2.2737813
20001_0310_1,2,47567835,2024-05-06,22,22:00,0.0,1.055625,0.27659285,1.7432495
20001_0310_1,2,47567835,2024-05-06,23,23:00,,0.20677404,0.0,0.8277949
20001_0310_1,2,47567835,2024-05-07,0,00:00,,0.006145809,0.0,0.65048283
20001_0310_1,2,47567835,2024-05-07,1,01:00,,0.02786511,0.0,0.7337399
20001_0310_1,2,47567835,2024-05-07,2,02:00,,0.06768368,0.0,0.9111135
20001_0310_1,2,47567835,2024-05-07,3,03:00,,0.37537268,0.0,1.4414247
20001_0310_1,2,47567835,2024-05-07,4,04:00,,2.0172105,0.9464073,3.3843908
20001_0310_1,2,47567835,2024-05-07,5,05:00,2.7851662635803223,3.4377832,2.0907388,5.0993037
20001_0310_1,2,47567835,2024-05-07,6,06:00,3.786550521850586,4.197956,2.6215024,6.080289
20001_0310_1,2,47567835,2024-05-07,7,07:00,5.967710971832275,4.197956,2.4314592,6.268522
20001_0310_1,2,47567835,2024-05-07,8,08:00,2.9811606407165527,4.306552,2.5237656,6.420556
20001_0310_1,2,47567835,2024-05-07,9,09:00,2.0735294818878174,3.5753386,1.816534,5.714682
20001_0310_1,2,47567835,2024-05-07,10,10:00,0.9761904875437418,3.4052045,1.6884812,5.472151
20001_0310_1,2,47567835,2024-05-07,11,11:00,1.6766916513442993,3.0432174,1.4441395,5.019667
20001_0310_1,2,47567835,2024-05-07,12,12:00,0.0,2.5201461,1.150025,4.328272
20001_0310_1,2,47567835,2024-05-07,13,13:00,4.033341407775879,2.579874,1.350928,4.163567
20001_0310_1,2,47567835,2024-05-07,14,14:00,0.3809523979822795,2.0259206,0.985434,3.3781683
20001_0310_1,2,47567835,2024-05-07,15,15:00,0.0,1.5744548,0.6541027,2.7192388
20001_0310_1,2,47567835,2024-05-07,16,16:00,0.8796703338623046,1.2568113,0.39528197,2.2595155
20001_0310_1,2,47567835,2024-05-07,17,17:00,0.0,1.4423296,0.5808003,2.3753512
20001_0310_1,2,47567835,2024-05-07,18,18:00,0.8392857313156128,1.5518306,0.70387596,2.495712
20001_0310_1,2,47567835,2024-05-07,19,19:00,0.7678571343421936,1.3617874,0.52197737,2.2712798
20001_0310_1,2,47567835,2024-05-07,20,20:00,0.5583333015441895,1.119256,0.2921155,1.9706043
20001_0310_1,2,47567835,2024-05-07,21,21:00,0.5,1.6323727,0.8902992,2.3898308
20001_0310_1,2,47567835,2024-05-07,22,22:00,,1.0884871,0.3916621,1.7726429
20001_0310_1,2,47567835,2024-05-07,23,23:00,,0.1654202,0.0,0.7952777
20001_0310_1,2,47567835,2024-05-08,0,00:00,,0.0,0.0,0.5420116
20001_0310_1,2,47567835,2024-05-08,1,01:00,,0.0,0.0,0.57057303
20001_0310_1,2,47567835,2024-05-08,2,02:00,,0.0,0.0,0.6598272
20001_0310_1,2,47567835,2024-05-08,3,03:00,,0.17785472,0.0,1.2185582
20001_0310_1,2,47567835,2024-05-08,4,04:00,1.375,1.8155569,0.71494144,3.128374
20001_0310_1,2,47567835,2024-05-08,5,05:00,4.5187428792317705,3.0268476,1.6701844,4.594151
20001_0310_1,2,47567835,2024-05-08,6,06:00,5.965843200683594,3.765872,2.2110643,5.525964
20001_0310_1,2,47567835,2024-05-08,7,07:00,4.072149912516276,4.0050735,2.3110292,5.9401035
20001_0310_1,2,47567835,2024-05-08,8,08:00,2.9973578453063965,3.9550905,2.2440882,5.918682
20001_0310_1,2,47567835,2024-05-08,9,09:00,2.566666603088379,2.8661902,1.1810714,4.8583426
20001_0310_1,2,47567835,2024-05-08,10,10:00,0.0,2.6269891,1.0061334,4.5798697
20001_0310_1,2,47567835,2024-05-08,11,11:00,1.8223775625228882,2.3476233,0.8624341,4.1755486
20001_0310_1,2,47567835,2024-05-08,12,12:00,1.3975308736165364,1.9395087,0.6513481,3.6181564
20001_0310_1,2,47567835,2024-05-08,13,13:00,3.391737937927246,2.4306297,1.2837138,3.8810096
20001_0310_1,2,47567835,2024-05-08,14,14:00,2.037036895751953,1.8952163,0.9017059,3.1402004
20001_0310_1,2,47567835,2024-05-08,15,15:00,1.6601306597391765,1.3488693,0.4491874,2.4288447
20001_0310_1,2,47567835,2024-05-08,16,16:00,1.25,0.89545816,0.0171971,1.893989
20001_0310_1,2,47567835,2024-05-08,17,17:00,0.6538461446762085,1.0525454,0.1314427,2.0327795
20001_0310_1,2,47567835,2024-05-08,18,18:00,0.7644444465637207,1.3238782,0.35993326,2.3529785
20001_0310_1,2,47567835,2024-05-08,19,19:00,0.9281250238418579,1.2024925,0.22426686,2.2012465
20001_0310_1,2,47567835,2024-05-08,20,20:00,1.1666666269302368,0.95258087,0.027907772,1.9154102
20001_0310_1,2,47567835,2024-05-08,21,21:00,2.299999952316284,1.4773953,0.6366211,2.3413756
20001_0310_1,2,47567835,2024-05-08,22,22:00,1.2000000476837158,0.9168792,0.13144252,1.7041007
20001_0310_1,2,47567835,2024-05-08,23,23:00,,0.063609414,0.0,0.7883532
20001_0310_1,2,47567835,2024-05-09,0,00:00,,0.0,0.0,0.58864474
20001_0310_1,2,47567835,2024-05-09,1,01:00,,0.0,0.0,0.59212446
20001_0310_1,2,47567835,2024-05-09,2,02:00,,0.0,0.0,0.679116
20001_0310_1,2,47567835,2024-05-09,3,03:00,,0.2545974,0.0,1.1871462
20001_0310_1,2,47567835,2024-05-09,4,04:00,,1.7760788,0.8343957,2.9082732
20001_0310_1,2,47567835,2024-05-09,5,05:00,4.909712791442871,3.2958207,2.1675408,4.652888
20001_0310_1,2,47567835,2024-05-09,6,06:00,6.276001739501953,4.134419,2.8469443,5.679388
20001_0310_1,2,47567835,2024-05-09,7,07:00,6.502747058868408,4.0021915,2.5842297,5.7489805
20001_0310_1,2,47567835,2024-05-09,8,08:00,4.669343948364258,3.856046,2.37893,5.6933064
20001_0310_1,2,47567835,2024-05-09,9,09:00,3.3614583015441895,3.0696428,1.568169,4.959098
20001_0310_1,2,47567835,2024-05-09,10,10:00,2.0075756708780923,2.8695621,1.3889667,4.739879
20001_0310_1,2,47567835,2024-05-09,11,11:00,2.1583333015441895,2.5372546,1.1436505,4.3379784
20001_0310_1,2,47567835,2024-05-09,12,12:00,1.7958332697550456,2.153187,0.961186,3.7570932
20001_0310_1,2,47567835,2024-05-09,13,13:00,2.1533333460489907,2.4659216,1.4150641,3.864745
20001_0310_1,2,47567835,2024-05-09,14,14:00,0.36666667461395264,2.0398805,1.1426721,3.239168
20001_0310_1,2,47567835,2024-05-09,15,15:00,2.5714285373687744,1.3315523,0.5120922,2.3676212
20001_0310_1,2,47567835,2024-05-09,16,16:00,0.0,0.9435702,0.11193128,1.9152652
20001_0310_1,2,47567835,2024-05-09,17,17:00,0.6190476417541504,1.067098,0.19544321,2.014218
20001_0310_1,2,47567835,2024-05-09,18,18:00,2.0562557220458983,1.3820072,0.4668567,2.3528328
20001_0310_1,2,47567835,2024-05-09,19,19:00,0.0,1.3089345,0.39378372,2.248443
20001_0310_1,2,47567835,2024-05-09,20,20:00,1.234375,1.1036345,0.2424186,1.997037
20001_0310_1,2,47567835,2024-05-09,21,21:00,0.0,1.6264534,0.8374405,2.4241655
20001_0310_1,2,47567835,2024-05-09,22,22:00,2.7272727489471436,1.0931956,0.34158903,1.8113104
20001_0310_1,2,47567835,2024-05-09,23,23:00,,0.22328052,0.0,0.9122533
20001_0310_1,2,47567835,2024-05-10,0,00:00,,0.0,0.0,0.7089209
20001_0310_1,2,47567835,2024-05-10,1,01:00,,0.0,0.0,0.7407349
20001_0310_1,2,47567835,2024-05-10,2,02:00,,0.0,0.0,0.7301302
20001_0310_1,2,47567835,2024-05-10,3,03:00,,0.24938446,0.0,1.2409226
20001_0310_1,2,47567835,2024-05-10,4,04:00,0.0,1.8239592,0.88798535,3.0124574
20001_0310_1,2,47567835,2024-05-10,5,05:00,0.7826086680094401,3.3883715,2.257205,4.8129344
20001_0310_1,2,47567835,2024-05-10,6,06:00,6.081929779052734,4.385212,3.102045,6.0466127
20001_0310_1,2,47567835,2024-05-10,7,07:00,5.570488452911377,4.2650256,2.8263235,6.1597295
20001_0310_1,2,47567835,2024-05-10,8,08:00,4.156547546386719,4.045862,2.515252,6.060752
20001_0310_1,2,47567835,2024-05-10,9,09:00,0.5416666666666666,3.2328362,1.640366,5.304285
20001_0310_1,2,47567835,2024-05-10,10,10:00,2.7666667302449546,3.1055799,1.5299003,5.145214
20001_0310_1,2,47567835,2024-05-10,11,11:00,4.125,2.635439,1.1543177,4.5937705
20001_0310_1,2,47567835,2024-05-10,12,12:00,1.7804233233133953,2.1608791,0.9152701,3.8987217
20001_0310_1,2,47567835,2024-05-10,13,13:00,3.183760643005371,2.2359953,1.1896664,3.7153487
20001_0310_1,2,47567835,2024-05-10,14,14:00,0.4545454502105713,1.7269707,0.85561895,2.9624166
20001_0310_1,2,47567835,2024-05-10,15,15:00,0.0,1.2603645,0.4508735,2.311996
20001_0310_1,2,47567835,2024-05-10,16,16:00,1.2863636016845703,0.8185026,0.0019417331,1.8221918
20001_0310_1,2,47567835,2024-05-10,17,17:00,0.0,0.9068749,0.019616233,1.8875873
20001_0310_1,2,47567835,2024-05-10,18,18:00,0.0,1.2727367,0.32184976,2.2739959
20001_0310_1,2,47567835,2024-05-10,19,19:00,0.5317460298538208,1.163155,0.22464024,2.154251
20001_0310_1,2,47567835,2024-05-10,20,20:00,0.0,0.91040987,0.03375578,1.8387616
20001_0310_1,2,47567835,2024-05-10,21,21:00,1.7787877718607585,1.4141325,0.59050184,2.2342281
20001_0310_1,2,47567835,2024-05-10,22,22:00,0.0,1.0747825,0.2741288,1.8018662
20001_0310_1,2,47567835,2024-05-10,23,23:00,,0.21757041,0.0,0.9351542
20001_0310_1,2,47567835,2024-05-11,0,00:00,,0.0,0.0,0.45555982
20001_0310_1,2,47567835,2024-05-11,1,01:00,,0.0,0.0,0.5165664
20001_0310_1,2,47567835,2024-05-11,2,02:00,,0.0,0.0,0.48426875
20001_0310_1,2,47567835,2024-05-11,3,03:00,,0.01774827,0.0,0.9974414
20001_0310_1,2,47567835,2024-05-11,4,04:00,,1.2450562,0.28151172,2.5333705
20001_0310_1,2,47567835,2024-05-11,5,05:00,,2.6733267,1.4029554,4.304354
20001_0310_1,2,47567835,2024-05-11,6,06:00,,3.6745517,2.175406,5.57652
20001_0310_1,2,47567835,2024-05-11,7,07:00,,3.41976,1.7411268,5.533457
20001_0310_1,2,47567835,2024-05-11,8,08:00,,3.4018166,1.7259313,5.537045
20001_0310_1,2,47567835,2024-05-11,9,09:00,,2.9496503,1.2952968,5.0597587
20001_0310_1,2,47567835,2024-05-11,10,10:00,,3.1290815,1.523623,5.1961265
20001_0310_1,2,47567835,2024-05-11,11,11:00,,2.7002416,1.1732837,4.6991024
20001_0310_1,2,47567835,2024-05-11,12,12:00,,2.0453184,0.7269493,3.8526366
20001_0310_1,2,47567835,2024-05-11,13,13:00,,2.0300667,0.88484854,3.6319368
20001_0310_1,2,47567835,2024-05-11,14,14:00,,1.4226929,0.47081158,2.7926483
20001_0310_1,2,47567835,2024-05-11,15,15:00,,0.9579665,0.10028641,2.113502
20001_0310_1,2,47567835,2024-05-11,16,16:00,,0.60269326,0.0,1.6546075
20001_0310_1,2,47567835,2024-05-11,17,17:00,,0.58116156,0.0,1.5787977
20001_0310_1,2,47567835,2024-05-11,18,18:00,,0.8538967,0.010571005,1.8535515
20001_0310_1,2,47567835,2024-05-11,19,19:00,,0.8861942,0.082343474,1.8276461
20001_0310_1,2,47567835,2024-05-11,20,20:00,0.0,0.6529339,0.0,1.5348372
20001_0310_1,2,47567835,2024-05-11,21,21:00,,1.1768724,0.47709152,1.9596401
20001_0310_1,2,47567835,2024-05-11,22,22:00,,0.83954215,0.15052718,1.5725178
20001_0310_1,2,47567835,2024-05-11,23,23:00,,0.06440036,0.0,0.7749471
20001_0310_1,2,47567835,2024-05-12,0,00:00,,0.0,0.0,0.6998732
20001_0310_1,2,47567835,2024-05-12,1,01:00,,0.0,0.0,0.707026
20001_0310_1,2,47567835,2024-05-12,2,02:00,,0.0,0.0,0.7034496
20001_0310_1,2,47567835,2024-05-12,3,03:00,,0.0990545,0.0,1.0467745
20001_0310_1,2,47567835,2024-05-12,4,04:00,,1.585008,0.57112634,2.8098915
20001_0310_1,2,47567835,2024-05-12,5,05:00,,3.2318954,1.97259,4.730366
20001_0310_1,2,47567835,2024-05-12,6,06:00,,4.3047857,2.8331373,6.050021
20001_0310_1,2,47567835,2024-05-12,7,07:00,,3.9614608,2.3360317,5.8282905
20001_0310_1,2,47567835,2024-05-12,8,08:00,,3.8398666,2.2260602,5.7782226
20001_0310_1,2,47567835,2024-05-12,9,09:00,,3.4715075,1.8807236,5.4098635
20001_0310_1,2,47567835,2024-05-12,10,10:00,,3.6610515,2.1147475,5.5707965
20001_0310_1,2,47567835,2024-05-12,11,11:00,,3.2354715,1.7441536,5.0558095
20001_0310_1,2,47567835,2024-05-12,12,12:00,,2.3199382,1.0190583,3.9909656
20001_0310_1,2,47567835,2024-05-12,13,13:00,,2.2144372,1.0780672,3.6744628
20001_0310_1,2,47567835,2024-05-12,14,14:00,,1.5671265,0.612254,2.8206205
20001_0310_1,2,47567835,2024-05-12,15,15:00,,1.1647925,0.3011155,2.227848
20001_0310_1,2,47567835,2024-05-12,16,16:00,,0.87511206,0.034680985,1.8556894
20001_0310_1,2,47567835,2024-05-12,17,17:00,,0.78570455,0.0,1.7294012
20001_0310_1,2,47567835,2024-05-12,18,18:00,,0.9895538,0.09369009,1.9457676
20001_0310_1,2,47567835,2024-05-12,19,19:00,,1.052139,0.18846208,1.9556025
20001_0310_1,2,47567835,2024-05-12,20,20:00,,0.80716234,0.0,1.6484874
20001_0310_1,2,47567835,2024-05-12,21,21:00,,1.3346668,0.5872198,2.0839021
20001_0310_1,2,47567835,2024-05-12,22,22:00,,1.0092233,0.29753923,1.7195662
20001_0310_1,2,47567835,2024-05-12,23,23:00,,0.12766494,0.0,0.8107387
20001_0310_1,2,47567835,2024-05-13,0,00:00,,0.0,0.0,0.6892916
20001_0310_1,2,47567835,2024-05-13,1,01:00,,0.021524705,0.0,0.76550406
20001_0310_1,2,47567835,2024-05-13,2,02:00,,0.0,0.0,0.7691333
20001_0310_1,2,47567835,2024-05-13,3,03:00,,0.11588311,0.0,1.1320502
20001_0310_1,2,47567835,2024-05-13,4,04:00,,1.684591,0.65980476,2.9824722
20001_0310_1,2,47567835,2024-05-13,5,05:00,3.9203741550445557,3.61803,2.3323972,5.211235
20001_0310_1,2,47567835,2024-05-13,6,06:00,2.941348648071289,4.9354186,3.4438305,6.779036
20001_0310_1,2,47567835,2024-05-13,7,07:00,6.582052230834961,4.456368,2.7996528,6.4596686
20001_0310_1,2,47567835,2024-05-13,8,08:00,3.912318706512451,3.8248928,2.1990254,5.8862605
20001_0310_1,2,47567835,2024-05-13,9,09:00,0.761904776096344,3.222451,1.6328752,5.3019643
20001_0310_1,2,47567835,2024-05-13,10,10:00,2.2730157375335693,2.9575217,1.4223835,4.978968
20001_0310_1,2,47567835,2024-05-13,11,11:00,3.251851717631022,2.946634,1.50404,4.873723
20001_0310_1,2,47567835,2024-05-13,12,12:00,3.1589743296305337,2.377762,1.12207,4.117948
20001_0310_1,2,47567835,2024-05-13,13,13:00,1.8242753346761067,2.399537,1.3352834,3.8884034
20001_0310_1,2,47567835,2024-05-13,14,14:00,2.153571605682373,1.6156368,0.715603,2.8568122
20001_0310_1,2,47567835,2024-05-13,15,15:00,2.625,1.2064481,0.41347486,2.2443902
20001_0310_1,2,47567835,2024-05-13,16,16:00,1.708080768585205,0.97236675,0.19209567,1.9059703
20001_0310_1,2,47567835,2024-05-13,17,17:00,0.71875,0.8272,0.0,1.7222435
20001_0310_1,2,47567835,2024-05-13,18,18:00,3.8386363983154297,1.075798,0.21749967,1.9876264
20001_0310_1,2,47567835,2024-05-13,19,19:00,0.40000001589457196,1.106646,0.2828248,1.9824097
20001_0310_1,2,47567835,2024-05-13,20,20:00,0.0,0.988698,0.17576432,1.7902906
20001_0310_1,2,47567835,2024-05-13,21,21:00,1.1875,1.4985962,0.76096773,2.2217078
20001_0310_1,2,47567835,2024-05-13,22,22:00,0.0,1.1139042,0.3898852,1.7948269
20001_0310_1,2,47567835,2024-05-13,23,23:00,,0.090478905,0.0,0.74735826
20001_0310_1,2,47567835,2024-05-14,0,00:00,,0.0,0.0,0.6960875
20001_0310_1,2,47567835,2024-05-14,1,01:00,,0.0,0.0,0.7032384
20001_0310_1,2,47567835,2024-05-14,2,02:00,,0.0,0.0,0.74614334
20001_0310_1,2,47567835,2024-05-14,3,03:00,,0.15977477,0.0,1.1555287
20001_0310_1,2,47567835,2024-05-14,4,04:00,,1.7153051,0.7463667,2.9667013
20001_0310_1,2,47567835,2024-05-14,5,05:00,3.23492431640625,3.5135167,2.2799976,5.054522
20001_0310_1,2,47567835,2024-05-14,6,06:00,2.8273874282836915,4.7434607,3.3204443,6.509718
20001_0310_1,2,47567835,2024-05-14,7,07:00,3.323575973510742,4.4359746,2.8484893,6.402455
20001_0310_1,2,47567835,2024-05-14,8,08:00,7.6848609924316404,3.7351925,2.1521764,5.751728
20001_0310_1,2,47567835,2024-05-14,9,09:00,3.384615421295166,2.714411,1.1555289,4.797092
20001_0310_1,2,47567835,2024-05-14,10,10:00,2.1888887882232666,2.4221206,0.9115063,4.4475946
20001_0310_1,2,47567835,2024-05-14,11,11:00,2.0357143878936768,2.658992,1.2359756,4.595081
20001_0310_1,2,47567835,2024-05-14,12,12:00,1.6944443384806316,2.165584,0.9526236,3.8415613
20001_0310_1,2,47567835,2024-05-14,13,13:00,2.451282024383545,2.3077073,1.2556405,3.7494943
20001_0310_1,2,47567835,2024-05-14,14,14:00,1.0,1.5398862,0.65765184,2.7367575
20001_0310_1,2,47567835,2024-05-14,15,15:00,2.7666666507720947,1.4236851,0.61474675,2.4542994
20001_0310_1,2,47567835,2024-05-14,16,16:00,1.394444465637207,1.0643556,0.21876916,2.0493832
20001_0310_1,2,47567835,2024-05-14,17,17:00,1.730211893717448,0.94100356,0.0,1.9416738
20001_0310_1,2,47567835,2024-05-14,18,18:00,2.216363716125488,1.2931823,0.32781938,2.3372045
20001_0310_1,2,47567835,2024-05-14,19,19:00,0.3787878751754761,1.0911711,0.12938374,2.1244667
20001_0310_1,2,47567835,2024-05-14,20,20:00,0.550000011920929,0.8534059,0.0,1.7921766
20001_0310_1,2,47567835,2024-05-14,21,21:00,0.0,1.3396627,0.49586406,2.1763105
20001_0310_1,2,47567835,2024-05-14,22,22:00,0.0,0.98212093,0.1973167,1.7389922
20001_0310_1,2,47567835,2024-05-14,23,23:00,,0.0,0.0,0.6496071
20001_0310_1,2,47567835,2024-05-15,0,00:00,,0.0,0.0,0.53597933
20001_0310_1,2,47567835,2024-05-15,1,01:00,,0.0,0.0,0.63951975
20001_0310_1,2,47567835,2024-05-15,2,02:00,,0.0,0.0,0.7359194
20001_0310_1,2,47567835,2024-05-15,3,03:00,,0.1325286,0.0,1.2107772
20001_0310_1,2,47567835,2024-05-15,4,04:00,,1.5379115,0.4690351,2.9200873
20001_0310_1,2,47567835,2024-05-15,5,05:00,2.0482144355773926,3.410119,2.0507045,5.0810475
20001_0310_1,2,47567835,2024-05-15,6,06:00,3.6370994567871096,4.852545,3.2780159,6.7091312
20001_0310_1,2,47567835,2024-05-15,7,07:00,2.2577029863993325,4.6097603,2.9459724,6.5948806
20001_0310_1,2,47567835,2024-05-15,8,08:00,6.79554443359375,4.0956283,2.449692,6.073608
20001_0310_1,2,47567835,2024-05-15,9,09:00,2.986111323038737,3.0173795,1.4321399,5.00964
20001_0310_1,2,47567835,2024-05-15,10,10:00,0.0,2.8567133,1.3134252,4.7989893
20001_0310_1,2,47567835,2024-05-15,11,11:00,2.818803310394287,2.8317206,1.3402027,4.7133007
20001_0310_1,2,47567835,2024-05-15,12,12:00,1.7037037213643391,2.3091092,0.9903074,4.0518913
20001_0310_1,2,47567835,2024-05-15,13,13:00,1.856084664662679,2.3747146,1.1839994,3.9492438
20001_0310_1,2,47567835,2024-05-15,14,14:00,0.5,1.7985479,0.7452916,3.1838474
20001_0310_1,2,47567835,2024-05-15,15,15:00,2.230769157409668,1.4892654,0.5453514,2.7054193
20001_0310_1,2,47567835,2024-05-15,16,16:00,1.7423076629638672,1.1143776,0.2217876,2.2568927
20001_0310_1,2,47567835,2024-05-15,17,17:00,2.450000047683716,1.0518963,0.12895823,2.1533523
20001_0310_1,2,47567835,2024-05-15,18,18:00,0.8859755992889404,1.2803993,0.360139,2.3818555
20001_0310_1,2,47567835,2024-05-15,19,19:00,2.122121238708496,1.1304442,0.22535786,2.1783447
20001_0310_1,2,47567835,2024-05-15,20,20:00,0.0,0.81089705,0.0,1.8079201
20001_0310_1,2,47567835,2024-05-15,21,21:00,0.6153846383094788,1.2321994,0.45743138,2.128806
20001_0310_1,2,47567835,2024-05-15,22,22:00,2.6666667461395264,0.81803775,0.15038046,1.6463612
20001_0310_1,2,47567835,2024-05-15,23,23:00,,0.01470669,0.0,0.77876365
20001_0310_1,2,47567835,2024-05-16,0,00:00,,0.0,0.0,0.5078461
20001_0310_1,2,47567835,2024-05-16,1,01:00,,0.0,0.0,0.5384668
20001_0310_1,2,47567835,2024-05-16,2,02:00,,0.0,0.0,0.6609496
20001_0310_1,2,47567835,2024-05-16,3,03:00,,0.00090382993,0.0,0.8820988
20001_0310_1,2,47567835,2024-05-16,4,04:00,,1.4145585,0.47807607,2.5772934
20001_0310_1,2,47567835,2024-05-16,5,05:00,2.3724987506866455,3.124213,1.9066155,4.5872006
20001_0310_1,2,47567835,2024-05-16,6,06:00,1.721200942993164,4.2946033,2.8724427,5.982143
20001_0310_1,2,47567835,2024-05-16,7,07:00,4.957638740539551,4.410281,2.8656383,6.2679358
20001_0310_1,2,47567835,2024-05-16,8,08:00,6.938535213470459,4.144902,2.564535,5.9753375
20001_0310_1,2,47567835,2024-05-16,9,09:00,6.014957427978516,2.624075,1.1049494,4.4630165
20001_0310_1,2,47567835,2024-05-16,10,10:00,5.625,2.2685351,0.82766205,4.0377297
20001_0310_1,2,47567835,2024-05-16,11,11:00,3.5625,2.3552938,1.0028805,4.068351
20001_0310_1,2,47567835,2024-05-16,12,12:00,0.8888889153798422,1.8613226,0.6499451,3.4364269
20001_0310_1,2,47567835,2024-05-16,13,13:00,2.898221254348755,2.046535,0.9318575,3.4784775
20001_0310_1,2,47567835,2024-05-16,14,14:00,0.6111111243565878,1.4783516,0.50104153,2.7771785
20001_0310_1,2,47567835,2024-05-16,15,15:00,0.5333333412806193,1.3771333,0.46531752,2.5339143
20001_0310_1,2,47567835,2024-05-16,16,16:00,1.7029221057891846,1.1236621,0.24927157,2.2013397
20001_0310_1,2,47567835,2024-05-16,17,17:00,0.6666666865348816,1.1049495,0.19143254,2.1443512
20001_0310_1,2,47567835,2024-05-16,18,18:00,1.2866666793823243,1.3465126,0.44235194,2.3731556
20001_0310_1,2,47567835,2024-05-16,19,19:00,0.5833333730697632,1.0930414,0.21694967,2.0797076
20001_0310_1,2,47567835,2024-05-16,20,20:00,0.0,0.6881679,0.0,1.5902021
20001_0310_1,2,47567835,2024-05-16,21,21:00,1.1789474487304688,1.1270643,0.36324856,1.930432
20001_0310_1,2,47567835,2024-05-16,22,22:00,1.3333333730697632,0.9603517,0.28839806,1.6690931
20001_0310_1,2,47567835,2024-05-16,23,23:00,,0.15740952,0.0,0.7936391
20001_0310_1,2,47567835,2024-05-17,0,00:00,,0.0,0.0,0.655954
20001_0310_1,2,47567835,2024-05-17,1,01:00,,0.0,0.0,0.62129027
20001_0310_1,2,47567835,2024-05-17,2,02:00,,0.0,0.0,0.6663531
20001_0310_1,2,47567835,2024-05-17,3,03:00,,0.0,0.0,1.0060575
20001_0310_1,2,47567835,2024-05-17,4,04:00,,1.0753849,0.06493768,2.4064715
20001_0310_1,2,47567835,2024-05-17,5,05:00,4.965144157409668,2.7149787,1.3899583,4.3840365
20001_0310_1,2,47567835,2024-05-17,6,06:00,2.8118698596954346,4.122325,2.558992,6.070426
20001_0310_1,2,47567835,2024-05-17,7,07:00,3.1604302724202475,4.1431236,2.3735409,6.2784085
20001_0310_1,2,47567835,2024-05-17,8,08:00,3.541783332824707,4.0876613,2.2990136,6.271475
20001_0310_1,2,47567835,2024-05-17,9,09:00,2.3812637329101562,2.9437592,1.205374,5.1345057
20001_0310_1,2,47567835,2024-05-17,10,10:00,1.6666666666666667,3.0477505,1.3882251,5.1553044
20001_0310_1,2,47567835,2024-05-17,11,11:00,2.7642135620117188,2.708046,1.1655108,4.7254744
20001_0310_1,2,47567835,2024-05-17,12,12:00,3.8333334922790527,2.0676336,0.7330808,3.887479
20001_0310_1,2,47567835,2024-05-17,13,13:00,0.47727271914482117,2.0503018,0.8648028,3.6673641
20001_0310_1,2,47567835,2024-05-17,14,14:00,1.5,1.3388292,0.33878094,2.7409763
20001_0310_1,2,47567835,2024-05-17,15,15:00,1.313186804453532,1.1360464,0.24518909,2.352743
20001_0310_1,2,47567835,2024-05-17,16,16:00,0.42500001192092896,0.8674027,0.02854078,1.9829241
20001_0310_1,2,47567835,2024-05-17,17,17:00,0.5208333333333334,0.7391469,0.0,1.7779751
20001_0310_1,2,47567835,2024-05-17,18,18:00,0.6666666865348816,1.0823177,0.18799387,2.1066306
20001_0310_1,2,47567835,2024-05-17,19,19:00,0.8333333134651184,0.9072659,0.0510721,1.8912821
20001_0310_1,2,47567835,2024-05-17,20,20:00,0.550000011920929,0.55196285,0.0,1.4766173
20001_0310_1,2,47567835,2024-05-17,21,21:00,0.6666666865348816,1.0528535,0.27985272,1.8713504
20001_0310_1,2,47567835,2024-05-17,22,22:00,4.0,0.7980752,0.059738096,1.5468115
20001_0310_1,2,47567835,2024-05-17,23,23:00,,0.14293097,0.0,0.84140474
20001_0310_1,2,47567835,2024-05-18,0,00:00,,0.0,0.0,0.77832085
20001_0310_1,2,47567835,2024-05-18,1,01:00,,0.02931285,0.0,0.84735394
20001_0310_1,2,47567835,2024-05-18,2,02:00,,0.0,0.0,0.7507076
20001_0310_1,2,47567835,2024-05-18,3,03:00,,0.087990865,0.0,1.2184062
20001_0310_1,2,47567835,2024-05-18,4,04:00,,1.3564721,0.33737248,2.7845922
20001_0310_1,2,47567835,2024-05-18,5,05:00,,2.738858,1.447078,4.5233607
20001_0310_1,2,47567835,2024-05-18,6,06:00,,3.3187351,1.7935374,5.372467
20001_0310_1,2,47567835,2024-05-18,7,07:00,,3.104733,1.3884002,5.3517575
20001_0310_1,2,47567835,2024-05-18,8,08:00,,3.6949651,1.9527453,5.9661517
20001_0310_1,2,47567835,2024-05-18,9,09:00,,3.2635086,1.552353,5.5105324
20001_0310_1,2,47567835,2024-05-18,10,10:00,,3.653545,2.0226405,5.8073745
20001_0310_1,2,47567835,2024-05-18,11,11:00,,2.9701185,1.4384488,5.02385
20001_0310_1,2,47567835,2024-05-18,12,12:00,,2.145174,0.86029756,3.9909437
20001_0310_1,2,47567835,2024-05-18,13,13:00,,2.0856333,0.95004034,3.714812
20001_0310_1,2,47567835,2024-05-18,14,14:00,,1.5536476,0.60142386,2.9692557
20001_0310_1,2,47567835,2024-05-18,15,15:00,,1.2529227,0.40381688,2.511049
20001_0310_1,2,47567835,2024-05-18,16,16:00,0.0,0.82664394,0.0,2.020052
20001_0310_1,2,47567835,2024-05-18,17,17:00,,0.8111115,0.0,1.9734545
20001_0310_1,2,47567835,2024-05-18,18,18:00,,1.1183084,0.18118542,2.3091276
20001_0310_1,2,47567835,2024-05-18,19,19:00,,0.89567685,0.0,2.0744154
20001_0310_1,2,47567835,2024-05-18,20,20:00,,0.6022867,0.0,1.7231021
20001_0310_1,2,47567835,2024-05-18,21,21:00,,1.0975984,0.31234816,2.1011655
20001_0310_1,2,47567835,2024-05-18,22,22:00,,0.86806375,0.14149149,1.7980678
20001_0310_1,2,47567835,2024-05-18,23,23:00,,0.18463705,0.0,1.0544527
20001_0310_1,2,47567835,2024-05-19,0,00:00,,0.0,0.0,0.72329354
20001_0310_1,2,47567835,2024-05-19,1,01:00,,0.0,0.0,0.7198306
20001_0310_1,2,47567835,2024-05-19,2,02:00,,0.0,0.0,0.705979
20001_0310_1,2,47567835,2024-05-19,3,03:00,,0.13806272,0.0,1.1786653
20001_0310_1,2,47567835,2024-05-19,4,04:00,,1.6037366,0.5594549,2.93847
20001_0310_1,2,47567835,2024-05-19,5,05:00,,3.1300116,1.7967933,4.767965
20001_0310_1,2,47567835,2024-05-19,6,06:00,,3.7983518,2.2313879,5.6752453
20001_0310_1,2,47567835,2024-05-19,7,07:00,,3.8745358,2.1396213,5.924575
20001_0310_1,2,47567835,2024-05-19,8,08:00,,4.13079,2.3664412,6.208532
20001_0310_1,2,47567835,2024-05-19,9,09:00,,3.5178566,1.7807776,5.6233025
20001_0310_1,2,47567835,2024-05-19,10,10:00,,3.4970794,1.8002565,5.5540442
20001_0310_1,2,47567835,2024-05-19,11,11:00,,3.0538275,1.4262625,5.1004033
20001_0310_1,2,47567835,2024-05-19,12,12:00,,2.3595154,0.92067915,4.2762322
20001_0310_1,2,47567835,2024-05-19,13,13:00,,2.126635,0.8341064,3.8918502
20001_0310_1,2,47567835,2024-05-19,14,14:00,,1.6399888,0.5135712,3.2354133
20001_0310_1,2,47567835,2024-05-19,15,15:00,,1.3855736,0.36315152,2.8218133
20001_0310_1,2,47567835,2024-05-19,16,16:00,,0.93799347,0.0,2.2989147
20001_0310_1,2,47567835,2024-05-19,17,17:00,,0.847958,0.0,2.1759815
20001_0310_1,2,47567835,2024-05-19,18,18:00,,1.1769338,0.101702236,2.5240033
20001_0310_1,2,47567835,2024-05-19,19,19:00,,0.95877093,0.0,2.2677486
20001_0310_1,2,47567835,2024-05-19,20,20:00,,0.71290475,0.0,1.9534898
20001_0310_1,2,47567835,2024-05-19,21,21:00,,1.1076757,0.22636673,2.1984904
20001_0310_1,2,47567835,2024-05-19,22,22:00,,0.9587709,0.20905223,1.9426681
20001_0310_1,2,47567835,2024-05-19,23,23:00,,0.22809824,0.0,1.0799725
20001_0310_1,2,47567835,2024-05-20,0,00:00,,0.01998989,0.0,0.78040755
20001_0310_1,2,47567835,2024-05-20,1,01:00,,0.0,0.0,0.7557646
20001_0310_1,2,47567835,2024-05-20,2,02:00,,0.0,0.0,0.79448944
20001_0310_1,2,47567835,2024-05-20,3,03:00,,0.12912393,0.0,1.2327858
20001_0310_1,2,47567835,2024-05-20,4,04:00,,1.661841,0.5895331,3.0644112
20001_0310_1,2,47567835,2024-05-20,5,05:00,2.302170753479004,3.2024791,1.863827,4.8922963
20001_0310_1,2,47567835,2024-05-20,6,06:00,3.944161224365234,3.980499,2.4262192,5.9237885
20001_0310_1,2,47567835,2024-05-20,7,07:00,7.273235321044922,4.0790715,2.3786933,6.16318
20001_0310_1,2,47567835,2024-05-20,8,08:00,4.010610262552897,4.156522,2.4315002,6.296957
20001_0310_1,2,47567835,2024-05-20,9,09:00,2.4202898343404136,3.1567135,1.4607352,5.3288326
20001_0310_1,2,47567835,2024-05-20,10,10:00,2.75,2.959568,1.310236,5.0718393
20001_0310_1,2,47567835,2024-05-20,11,11:00,2.8159091472625732,2.7518613,1.2116632,4.772601
20001_0310_1,2,47567835,2024-05-20,12,12:00,2.944888432820638,2.2545972,0.95202965,4.099314
20001_0310_1,2,47567835,2024-05-20,13,13:00,0.5,2.019607,0.86401856,3.652217
20001_0310_1,2,47567835,2024-05-20,14,14:00,3.283143997192383,1.6112345,0.59910446,3.0458193
20001_0310_1,2,47567835,2024-05-20,15,15:00,0.0,1.4739368,0.5586191,2.7236977
20001_0310_1,2,47567835,2024-05-20,16,16:00,0.34090909361839294,1.218704,0.31746802,2.3822136
20001_0310_1,2,47567835,2024-05-20,17,17:00,1.236111084620158,1.03212,0.10096023,2.1551447
20001_0310_1,2,47567835,2024-05-20,18,18:00,1.0833333333333333,1.3648027,0.40019882,2.493108
20001_0310_1,2,47567835,2024-05-20,19,19:00,0.2,1.063804,0.12560338,2.1613052
20001_0310_1,2,47567835,2024-05-20,20,20:00,0.0,0.66423273,0.0,1.7305998
20001_0310_1,2,47567835,2024-05-20,21,21:00,1.1333333651224773,1.0021962,0.14320567,1.9668002
20001_0310_1,2,47567835,2024-05-20,22,22:00,,0.98283374,0.19073194,1.8823093
20001_0310_1,2,47567835,2024-05-20,23,23:00,,0.18897158,0.0,1.0145177
20001_0310_1,2,47567835,2024-05-21,0,00:00,,0.0,0.0,0.70307267
20001_0310_1,2,47567835,2024-05-21,1,01:00,,0.0,0.0,0.7308752
20001_0310_1,2,47567835,2024-05-21,2,02:00,,0.0,0.0,0.78474265
20001_0310_1,2,47567835,2024-05-21,3,03:00,,0.16439895,0.0,1.3155967
20001_0310_1,2,47567835,2024-05-21,4,04:00,0.0,1.5269393,0.43612504,2.9800553
20001_0310_1,2,47567835,2024-05-21,5,05:00,2.8937047322591147,2.9898293,1.6063285,4.7726655
20001_0310_1,2,47567835,2024-05-21,6,06:00,2.190476099650065,3.8829854,2.2548006,5.891717
20001_0310_1,2,47567835,2024-05-21,7,07:00,6.724117755889893,4.021998,2.2339487,6.204495
20001_0310_1,2,47567835,2024-05-21,8,08:00,4.101578712463379,4.195763,2.404239,6.3921623
20001_0310_1,2,47567835,2024-05-21,9,09:00,4.235947608947754,3.125367,1.3955293,5.297438
20001_0310_1,2,47567835,2024-05-21,10,10:00,2.0512820879618325,2.753508,1.1062093,4.845647
20001_0310_1,2,47567835,2024-05-21,11,11:00,1.9444444179534912,2.536301,1.0071625,4.5276556
20001_0310_1,2,47567835,2024-05-21,12,12:00,1.92380952835083,2.0514946,0.7552024,3.8308554
20001_0310_1,2,47567835,2024-05-21,13,13:00,2.082983652750651,1.87686,0.71827716,3.4533496
20001_0310_1,2,47567835,2024-05-21,14,14:00,0.7878787517547607,1.4676417,0.47717726,2.8542922
20001_0310_1,2,47567835,2024-05-21,15,15:00,0.0,1.3016955,0.40593326,2.5293503
20001_0310_1,2,47567835,2024-05-21,16,16:00,0.0,1.0141133,0.14354722,2.1540165
20001_0310_1,2,47567835,2024-05-21,17,17:00,1.25,0.92201746,0.025386337,2.0210855
20001_0310_1,2,47567835,2024-05-21,18,18:00,0.5,1.1974361,0.27300256,2.2886848
20001_0310_1,2,47567835,2024-05-21,19,19:00,0.7222222089767456,0.9133292,0.013222847,1.9915453
20001_0310_1,2,47567835,2024-05-21,20,20:00,0.3589743773142497,0.650943,0.0,1.6983157
20001_0310_1,2,47567835,2024-05-21,21,21:00,0.5625,0.9897861,0.15918595,1.965046
20001_0310_1,2,47567835,2024-05-21,22,22:00,,1.0297523,0.23911826,1.962874
20001_0310_1,2,47567835,2024-05-21,23,23:00,,0.19220145,0.0,1.0818818
20001_0310_1,2,47567835,2024-05-22,0,00:00,,0.0,0.0,0.5906985
20001_0310_1,2,47567835,2024-05-22,1,01:00,,0.0,0.0,0.60459244
20001_0310_1,2,47567835,2024-05-22,2,02:00,,0.0,0.0,0.6705895
20001_0310_1,2,47567835,2024-05-22,3,03:00,,0.00019934773,0.0,1.0769919
20001_0310_1,2,47567835,2024-05-22,4,04:00,,1.159488,0.19384831,2.5245829
20001_0310_1,2,47567835,2024-05-22,5,05:00,3.746562639872233,2.7338626,1.472105,4.428942
20001_0310_1,2,47567835,2024-05-22,6,06:00,1.9930052757263184,3.6439261,2.1338115,5.596047
20001_0310_1,2,47567835,2024-05-22,7,07:00,4.2288618087768555,3.928755,2.2319386,6.0684457
20001_0310_1,2,47567835,2024-05-22,8,08:00,3.2396202087402344,4.088537,2.3760896,6.26991
20001_0310_1,2,47567835,2024-05-22,9,09:00,0.0,2.9874299,1.3201383,5.1514354
20001_0310_1,2,47567835,2024-05-22,10,10:00,0.8272727131843567,2.5653968,1.002311,4.6286697
20001_0310_1,2,47567835,2024-05-22,11,11:00,1.295454502105713,2.2632003,0.81300384,4.1979527
20001_0310_1,2,47567835,2024-05-22,12,12:00,2.587121327718099,1.8711263,0.67058957,3.5987701
20001_0310_1,2,47567835,2024-05-22,13,13:00,3.480769475301107,1.7721308,0.70152545,3.3031952
20001_0310_1,2,47567835,2024-05-22,14,14:00,1.15625,1.2723776,0.36752447,2.6148944
20001_0310_1,2,47567835,2024-05-22,15,15:00,1.494949460029602,1.0891492,0.2780813,2.264937
20001_0310_1,2,47567835,2024-05-22,16,16:00,1.5566288232803345,0.76263785,0.0,1.856798
20001_0310_1,2,47567835,2024-05-22,17,17:00,0.0,0.75395405,0.0,1.8033926
20001_0310_1,2,47567835,2024-05-22,18,18:00,1.5017482042312622,0.9918904,0.1617182,2.0495784
20001_0310_1,2,47567835,2024-05-22,19,19:00,0.0,0.7713217,0.0,1.8229312
20001_0310_1,2,47567835,2024-05-22,20,20:00,0.2777777910232544,0.63238066,0.0,1.6759576
20001_0310_1,2,47567835,2024-05-22,21,21:00,1.2222222089767456,0.94847137,0.16692838,1.9167161
20001_0310_1,2,47567835,2024-05-22,22,22:00,0.6428571343421936,1.0109948,0.27460763,1.9193214
20001_0310_1,2,47567835,2024-05-22,23,23:00,,0.243346,0.0,1.1047801
20001_0310_1,2,47567835,2024-05-23,0,00:00,,0.0,0.0,0.5692334
20001_0310_1,2,47567835,2024-05-23,1,01:00,,0.0,0.0,0.6208932
20001_0310_1,2,47567835,2024-05-23,2,02:00,,0.0,0.0,0.7001048
20001_0310_1,2,47567835,2024-05-23,3,03:00,,0.038859732,0.0,1.0686113
20001_0310_1,2,47567835,2024-05-23,4,04:00,,1.1796798,0.23688881,2.4858115
20001_0310_1,2,47567835,2024-05-23,5,05:00,1.5434640645980835,2.766496,1.5346256,4.395501
20001_0310_1,2,47567835,2024-05-23,6,06:00,3.316665267944336,3.5207288,2.062201,5.408033
20001_0310_1,2,47567835,2024-05-23,7,07:00,3.789661407470703,3.8926792,2.2464545,5.965959
20001_0310_1,2,47567835,2024-05-23,8,08:00,6.910961151123047,4.1130943,2.4410396,6.2277017
20001_0310_1,2,47567835,2024-05-23,9,09:00,1.0766666730244954,2.8870354,1.2433938,5.0188627
20001_0310_1,2,47567835,2024-05-23,10,10:00,0.0,2.5374708,0.98595566,4.5952525
20001_0310_1,2,47567835,2024-05-23,11,11:00,0.6785714030265808,2.3359978,0.8688603,4.323178
20001_0310_1,2,47567835,2024-05-23,12,12:00,2.5,2.0053751,0.7543476,3.8022742
20001_0310_1,2,47567835,2024-05-23,13,13:00,0.40000001589457196,1.7440629,0.6015207,3.3773725
20001_0310_1,2,47567835,2024-05-23,14,14:00,0.0,1.2588913,0.29199255,2.713114
20001_0310_1,2,47567835,2024-05-23,15,15:00,0.0,1.115105,0.2334448,2.3962677
20001_0310_1,2,47567835,2024-05-23,16,16:00,1.4656084378560383,0.8154783,0.0,1.9933211
20001_0310_1,2,47567835,2024-05-23,17,17:00,0.9970760345458984,0.75176466,0.0,1.8826833
20001_0310_1,2,47567835,2024-05-23,18,18:00,0.3599999904632568,0.94979376,0.050913554,2.088892
20001_0310_1,2,47567835,2024-05-23,19,19:00,1.1555555661519368,0.68288493,0.0,1.8155255
20001_0310_1,2,47567835,2024-05-23,20,20:00,0.30000001192092896,0.5175736,0.0,1.6108238
20001_0310_1,2,47567835,2024-05-23,21,21:00,3.4000000953674316,0.92224187,0.11290531,1.91454
20001_0310_1,2,47567835,2024-05-23,22,22:00,0.0,0.97734565,0.25410888,1.8801003
20001_0310_1,2,47567835,2024-05-23,23,23:00,,0.2833826,0.0,1.1202708
20001_0310_1,2,47567835,2024-05-24,0,00:00,,0.0,0.0,0.66000926
20001_0310_1,2,47567835,2024-05-24,1,01:00,,0.0,0.0,0.7119204
20001_0310_1,2,47567835,2024-05-24,2,02:00,,0.0,0.0,0.6911558
20001_0310_1,2,47567835,2024-05-24,3,03:00,,0.0,0.0,1.1600871
20001_0310_1,2,47567835,2024-05-24,4,04:00,,0.9472512,0.016310243,2.4128776
20001_0310_1,2,47567835,2024-05-24,5,05:00,1.4428861141204834,2.28483,1.038961,4.0913396
20001_0310_1,2,47567835,2024-05-24,6,06:00,1.5555555025736492,2.8437407,1.3400457,4.9582567
20001_0310_1,2,47567835,2024-05-24,7,07:00,4.690866851806641,3.2001977,1.4728519,5.52928
20001_0310_1,2,47567835,2024-05-24,8,08:00,4.018518447875977,3.6293302,1.8574278,5.9964814
20001_0310_1,2,47567835,2024-05-24,9,09:00,2.9047619501749673,2.60841,0.8607327,4.961718
20001_0310_1,2,47567835,2024-05-24,10,10:00,1.8444445927937825,2.5876455,0.9247564,4.8682775
20001_0310_1,2,47567835,2024-05-24,11,11:00,3.757085164388021,2.3367412,0.7811353,4.50836
20001_0310_1,2,47567835,2024-05-24,12,12:00,2.2857141494750977,2.0789154,0.7897872,4.04635
20001_0310_1,2,47567835,2024-05-24,13,13:00,2.0,1.5827309,0.4409006,3.341007
20001_0310_1,2,47567835,2024-05-24,14,14:00,0.0,1.0424218,0.092446715,2.558229
20001_0310_1,2,47567835,2024-05-24,15,15:00,0.0,0.86073256,0.018040614,2.174086
20001_0310_1,2,47567835,2024-05-24,16,16:00,1.4899999618530273,0.649627,0.0,1.8340678
20001_0310_1,2,47567835,2024-05-24,17,17:00,2.098684310913086,0.5111971,0.0,1.6376704
20001_0310_1,2,47567835,2024-05-24,18,18:00,0.3125,0.7396064,0.0,1.8868442
20001_0310_1,2,47567835,2024-05-24,19,19:00,0.7188940048217773,0.66000926,0.0,1.8020558
20001_0310_1,2,47567835,2024-05-24,20,20:00,0.0,0.4454429,0.0,1.5496376
20001_0310_1,2,47567835,2024-05-24,21,21:00,1.7142857313156128,0.95071197,0.22741571,1.9500028
20001_0310_1,2,47567835,2024-05-24,22,22:00,0.0,1.0285789,0.35546347,1.9513004
20001_0310_1,2,47567835,2024-05-24,23,23:00,,0.22049432,0.0,1.0943329
20001_0310_1,2,47567835,2024-05-25,0,00:00,,0.0,0.0,0.70999604
20001_0310_1,2,47567835,2024-05-25,1,01:00,,0.0,0.0,0.742157
20001_0310_1,2,47567835,2024-05-25,2,02:00,,0.0,0.0,0.7049181
20001_0310_1,2,47567835,2024-05-25,3,03:00,,0.11924831,0.0,1.2855096
20001_0310_1,2,47567835,2024-05-25,4,04:00,,1.2262655,0.2749755,2.705674
20001_0310_1,2,47567835,2024-05-25,5,05:00,,2.4382296,1.1399386,4.273102
20001_0310_1,2,47567835,2024-05-25,6,06:00,,2.742913,1.1450167,4.8756986
20001_0310_1,2,47567835,2024-05-25,7,07:00,,3.0374405,1.1839485,5.356422
20001_0310_1,2,47567835,2024-05-25,8,08:00,,3.6637344,1.7890838,5.999643
20001_0310_1,2,47567835,2024-05-25,9,09:00,,2.7361424,0.8792649,5.0449677
20001_0310_1,2,47567835,2024-05-25,10,10:00,,3.03067,1.2465779,5.2650166
20001_0310_1,2,47567835,2024-05-25,11,11:00,,2.5736444,0.904655,4.7098155
20001_0310_1,2,47567835,2024-05-25,12,12:00,,2.1098483,0.7218448,4.0632086
20001_0310_1,2,47567835,2024-05-25,13,13:00,,1.7304746,0.5159717,3.4544764
20001_0310_1,2,47567835,2024-05-25,14,14:00,,1.2304972,0.2326582,2.710752
20001_0310_1,2,47567835,2024-05-25,15,15:00,,0.9791333,0.12263375,2.2604973
20001_0310_1,2,47567835,2024-05-25,16,16:00,,0.73877174,0.0,1.915189
20001_0310_1,2,47567835,2024-05-25,17,17:00,,0.79124504,0.0,1.9304233
20001_0310_1,2,47567835,2024-05-25,18,18:00,,0.8928063,0.012609053,2.0743017
20001_0310_1,2,47567835,2024-05-25,19,19:00,,0.72184485,0.0,1.9084185
20001_0310_1,2,47567835,2024-05-25,20,20:00,,0.46794182,0.0,1.5958
20001_0310_1,2,47567835,2024-05-25,21,21:00,,0.9503576,0.25297058,1.9685087
20001_0310_1,2,47567835,2024-05-25,22,22:00,,0.76585466,0.1683361,1.710374
20001_0310_1,2,47567835,2024-05-25,23,23:00,,0.13956052,0.0,1.0248357
20001_0310_1,2,47567835,2024-05-26,0,00:00,,0.0,0.0,0.7059954
20001_0310_1,2,47567835,2024-05-26,1,01:00,,0.0,0.0,0.6892337
20001_0310_1,2,47567835,2024-05-26,2,02:00,,0.0,0.0,0.77304155
20001_0310_1,2,47567835,2024-05-26,3,03:00,,0.24672832,0.0,1.2834315
20001_0310_1,2,47567835,2024-05-26,4,04:00,,1.4200382,0.48013327,2.7362406
20001_0310_1,2,47567835,2024-05-26,5,05:00,,2.6536899,1.4564947,4.296324
20001_0310_1,2,47567835,2024-05-26,6,06:00,,3.210174,1.7586219,5.141107
20001_0310_1,2,47567835,2024-05-26,7,07:00,,3.7498968,2.0804443,5.935606
20001_0310_1,2,47567835,2024-05-26,8,08:00,,4.018082,2.268174,6.290951
20001_0310_1,2,47567835,2024-05-26,9,09:00,,3.3040388,1.5505688,5.640601
20001_0310_1,2,47567835,2024-05-26,10,10:00,,3.344267,1.6461098,5.6506586
20001_0310_1,2,47567835,2024-05-26,11,11:00,,2.7173839,1.1133013,4.9500246
20001_0310_1,2,47567835,2024-05-26,12,12:00,,2.246384,0.8853441,4.277886
20001_0310_1,2,47567835,2024-05-26,13,13:00,,1.8734387,0.6691199,3.6828506
20001_0310_1,2,47567835,2024-05-26,14,14:00,,1.4154288,0.3904587,3.005264
20001_0310_1,2,47567835,2024-05-26,15,15:00,,1.1216822,0.21320522,2.5128927
20001_0310_1,2,47567835,2024-05-26,16,16:00,,0.7830986,0.0,2.0620065
20001_0310_1,2,47567835,2024-05-26,17,17:00,,0.82165015,0.0,2.0284832
20001_0310_1,2,47567835,2024-05-26,18,18:00,,0.96077126,0.027151786,2.1608999
20001_0310_1,2,47567835,2024-05-26,19,19:00,,0.70264304,0.0,1.8411727
20001_0310_1,2,47567835,2024-05-26,20,20:00,,0.53167504,0.0,1.589173
20001_0310_1,2,47567835,2024-05-26,21,21:00,,0.97585666,0.20314823,1.9044476
20001_0310_1,2,47567835,2024-05-26,22,22:00,,0.8870203,0.17968194,1.7326416
20001_0310_1,2,47567835,2024-05-26,23,23:00,,0.18638663,0.0,0.94736207
20001_0310_1,2,47567835,2024-05-27,0,00:00,,0.0,0.0,0.6655288
20001_0310_1,2,47567835,2024-05-27,1,01:00,,0.016745742,0.0,0.7423585
20001_0310_1,2,47567835,2024-05-27,2,02:00,,0.0,0.0,0.8550418
20001_0310_1,2,47567835,2024-05-27,3,03:00,,0.19430745,0.0,1.2993729
20001_0310_1,2,47567835,2024-05-27,4,04:00,,1.3322389,0.30869812,2.7570007
20001_0310_1,2,47567835,2024-05-27,5,05:00,3.0467395782470703,2.5572438,1.2178481,4.3328605
20001_0310_1,2,47567835,2024-05-27,6,06:00,3.0475547313690186,3.298222,1.6997402,5.4050603
20001_0310_1,2,47567835,2024-05-27,7,07:00,4.815567970275879,4.0426154,2.2328525,6.3850636
20001_0310_1,2,47567835,2024-05-27,8,08:00,7.438401794433593,4.1587133,2.2874866,6.548968
20001_0310_1,2,47567835,2024-05-27,9,09:00,6.004056930541992,3.0250506,1.2041898,5.4323773
20001_0310_1,2,47567835,2024-05-27,10,10:00,2.870632807413737,2.8270009,1.0906527,5.176279
20001_0310_1,2,47567835,2024-05-27,11,11:00,2.9079933166503906,2.526512,0.92845684,4.7904234
20001_0310_1,2,47567835,2024-05-27,12,12:00,2.4398520787556968,2.220901,0.8584565,4.249202
20001_0310_1,2,47567835,2024-05-27,13,13:00,6.038591384887695,1.8023932,0.6068395,3.5980709
20001_0310_1,2,47567835,2024-05-27,14,14:00,0.9334574937820435,1.3902879,0.34284455,2.9550498
20001_0310_1,2,47567835,2024-05-27,15,15:00,1.5738294124603271,1.0957745,0.17723414,2.4616334
20001_0310_1,2,47567835,2024-05-27,16,16:00,1.5732940673828124,0.82089525,0.0,2.0774856
20001_0310_1,2,47567835,2024-05-27,17,17:00,1.748699426651001,0.8635784,0.0,2.0552905
20001_0310_1,2,47567835,2024-05-27,18,18:00,1.2169519424438477,1.0616281,0.10894136,2.248218
20001_0310_1,2,47567835,2024-05-27,19,19:00,2.114833354949951,0.761139,0.0,1.893095
20001_0310_1,2,47567835,2024-05-27,20,20:00,1.0134508609771729,0.55967474,0.0,1.6124533
20001_0310_1,2,47567835,2024-05-27,21,21:00,0.0,1.0360181,0.24381982,1.9545583
20001_0310_1,2,47567835,2024-05-27,22,22:00,0.0,0.94552994,0.22503923,1.7840395
20001_0310_1,2,47567835,2024-05-27,23,23:00,,0.16016102,0.0,0.9011395
20001_0310_1,2,47567835,2024-05-28,0,00:00,,0.0,0.0,0.68473876
20001_0310_1,2,47567835,2024-05-28,1,01:00,,0.0,0.0,0.75326914
20001_0310_1,2,47567835,2024-05-28,2,02:00,,0.0,0.0,0.82522595
20001_0310_1,2,47567835,2024-05-28,3,03:00,,0.24271804,0.0,1.4064488
20001_0310_1,2,47567835,2024-05-28,4,04:00,0.0,1.4214399,0.3956263,2.9038367
20001_0310_1,2,47567835,2024-05-28,5,05:00,2.34291934967041,2.6515594,1.2972285,4.4950256
20001_0310_1,2,47567835,2024-05-28,6,06:00,4.848842144012451,3.2272143,1.5881076,5.3585076
20001_0310_1,2,47567835,2024-05-28,7,07:00,4.082659149169922,3.9433565,2.082758,6.307653
20001_0310_1,2,47567835,2024-05-28,8,08:00,4.2852935791015625,4.3888035,2.485373,6.8010707
20001_0310_1,2,47567835,2024-05-28,9,09:00,1.0614546140034993,3.2272143,1.3601909,5.61207
20001_0310_1,2,47567835,2024-05-28,10,10:00,4.515054702758789,2.7372227,0.9691399,5.0466948
20001_0310_1,2,47567835,2024-05-28,11,11:00,4.6017351150512695,2.4750938,0.8612044,4.6594987
20001_0310_1,2,47567835,2024-05-28,12,12:00,0.946869969367981,2.2198186,0.86977077,4.157514
20001_0310_1,2,47567835,2024-05-28,13,13:00,2.032496929168701,1.8668871,0.69159174,3.5732923
20001_0310_1,2,47567835,2024-05-28,14,14:00,1.3924558957417805,1.3614758,0.34037384,2.8485842
20001_0310_1,2,47567835,2024-05-28,15,15:00,1.0211342970530193,1.1336125,0.22986872,2.4382586
20001_0310_1,2,47567835,2024-05-28,16,16:00,0.8752579689025879,0.98113245,0.11765005,2.1941195
20001_0310_1,2,47567835,2024-05-28,17,17:00,3.745706081390381,1.0959207,0.20502624,2.2609367
20001_0310_1,2,47567835,2024-05-28,18,18:00,0.4862544536590576,1.2021427,0.2881194,2.3782945
20001_0310_1,2,47567835,2024-05-28,19,19:00,0.9793605804443359,0.85949105,0.0,1.9962381
20001_0310_1,2,47567835,2024-05-28,20,20:00,1.1255685091018677,0.60935533,0.0,1.7064831
20001_0310_1,2,47567835,2024-05-28,21,21:00,4.678651809692383,0.98113245,0.24614458,1.9551198
20001_0310_1,2,47567835,2024-05-28,22,22:00,1.6709470748901367,0.7961006,0.15705517,1.6867809
20001_0310_1,2,47567835,2024-05-28,23,23:00,,0.08852479,0.0,0.892043
20001_0310_1,2,47567835,2024-05-29,0,00:00,,0.0,0.0,0.6887316
20001_0310_1,2,47567835,2024-05-29,1,01:00,,0.0,0.0,0.71963274
20001_0310_1,2,47567835,2024-05-29,2,02:00,,0.0,0.0,0.7900187
20001_0310_1,2,47567835,2024-05-29,3,03:00,,0.12221035,0.0,1.2063259
20001_0310_1,2,47567835,2024-05-29,4,04:00,,1.1651243,0.26040724,2.5505264
20001_0310_1,2,47567835,2024-05-29,5,05:00,2.202134609222412,2.4827156,1.311905,4.182279
20001_0310_1,2,47567835,2024-05-29,6,06:00,4.166649341583252,3.1299229,1.6825039,5.1281977
20001_0310_1,2,47567835,2024-05-29,7,07:00,5.538079833984375,3.933353,2.2578235,6.1994376
20001_0310_1,2,47567835,2024-05-29,8,08:00,2.676570177078247,4.4140377,2.6595385,6.7831264
20001_0310_1,2,47567835,2024-05-29,9,09:00,2.9119513829549155,3.064687,1.3041794,5.485277
20001_0310_1,2,47567835,2024-05-29,10,10:00,0.0,2.6629722,0.966842,5.0251937
20001_0310_1,2,47567835,2024-05-29,11,11:00,3.1098785400390625,2.4569643,0.90332294,4.7007318
20001_0310_1,2,47567835,2024-05-29,12,12:00,4.219698905944824,2.1290689,0.8277867,4.1445107
20001_0310_1,2,47567835,2024-05-29,13,13:00,1.5401198069254558,1.8685547,0.7432378,3.6445131
20001_0310_1,2,47567835,2024-05-29,14,14:00,1.8768310546875,1.3410892,0.38057834,2.8835719
20001_0310_1,2,47567835,2024-05-29,15,15:00,1.1231812636057537,1.0990301,0.232081,2.4483807
20001_0310_1,2,47567835,2024-05-29,16,16:00,0.34319427609443665,0.9977431,0.15826179,2.24924
20001_0310_1,2,47567835,2024-05-29,17,17:00,1.4245225191116333,1.1299313,0.26298222,2.3350766
20001_0310_1,2,47567835,2024-05-29,18,18:00,0.7019882678985596,1.1522489,0.2561154,2.3676944
20001_0310_1,2,47567835,2024-05-29,19,19:00,2.5411367416381836,0.91018987,0.029506877,2.1110432
20001_0310_1,2,47567835,2024-05-29,20,20:00,0.89854496717453,0.69903195,0.0,1.8756362
20001_0310_1,2,47567835,2024-05-29,21,21:00,1.1231812238693237,1.157399,0.3419519,2.223489
20001_0310_1,2,47567835,2024-05-29,22,22:00,0.0,1.0097601,0.2629824,2.0046058
20001_0310_1,2,47567835,2024-05-29,23,23:00,,0.21148035,0.0,1.13594
20001_0310_1,2,47567835,2024-05-30,0,00:00,,0.0,0.0,0.6706075
20001_0310_1,2,47567835,2024-05-30,1,01:00,,0.0,0.0,0.65697104
20001_0310_1,2,47567835,2024-05-30,2,02:00,,0.0,0.0,0.7473124
20001_0310_1,2,47567835,2024-05-30,3,03:00,,0.14219612,0.0,1.1887916
20001_0310_1,2,47567835,2024-05-30,4,04:00,,1.1086776,0.17628723,2.450161
20001_0310_1,2,47567835,2024-05-30,5,05:00,,2.4262972,1.217769,4.1103954
20001_0310_1,2,47567835,2024-05-30,6,06:00,,3.2956192,1.8007265,5.3138103
20001_0310_1,2,47567835,2024-05-30,7,07:00,,3.963804,2.2012963,6.2615414
20001_0310_1,2,47567835,2024-05-30,8,08:00,,4.1478953,2.3001597,6.561542
20001_0310_1,2,47567835,2024-05-30,9,09:00,,3.1217546,1.2620872,5.610402
20001_0310_1,2,47567835,2024-05-30,10,10:00,,2.8524354,1.067768,5.3104005
20001_0310_1,2,47567835,2024-05-30,11,11:00,,2.5762978,0.8973132,4.904717
20001_0310_1,2,47567835,2024-05-30,12,12:00,,2.2370918,0.8240173,4.3285785
20001_0310_1,2,47567835,2024-05-30,13,13:00,,1.8458968,0.61861867,3.6799958
20001_0310_1,2,47567835,2024-05-30,14,14:00,,1.2953261,0.28196937,2.8558443
20001_0310_1,2,47567835,2024-05-30,15,15:00,,0.98254067,0.0842413,2.2950463
20001_0310_1,2,47567835,2024-05-30,16,16:00,,0.87344927,0.03821837,2.0768638
20001_0310_1,2,47567835,2024-05-30,17,17:00,,0.93992686,0.058673024,2.0819776
20001_0310_1,2,47567835,2024-05-30,18,18:00,,1.0336773,0.10128681,2.2234554
20001_0310_1,2,47567835,2024-05-30,19,19:00,,0.9501542,0.007536391,2.1467502
20001_0310_1,2,47567835,2024-05-30,20,20:00,,0.81378996,0.0,1.9848179
20001_0310_1,2,47567835,2024-05-30,21,21:00,,1.171746,0.2853786,2.213228
20001_0310_1,2,47567835,2024-05-30,22,22:00,,0.94163144,0.12003698,1.8995901
20001_0310_1,2,47567835,2024-05-30,23,23:00,,0.2649239,0.0,1.1461778
20001_0310_1,2,47567835,2024-05-31,0,00:00,,0.0,0.0,0.6258619
20001_0310_1,2,47567835,2024-05-31,1,01:00,,0.0,0.0,0.6463058
20001_0310_1,2,47567835,2024-05-31,2,02:00,,0.0,0.0,0.7451182
20001_0310_1,2,47567835,2024-05-31,3,03:00,,0.12498515,0.0,1.1522934
20001_0310_1,2,47567835,2024-05-31,4,04:00,,1.1420715,0.22039029,2.4743354
20001_0310_1,2,47567835,2024-05-31,5,05:00,,2.522038,1.301364,4.2137747
20001_0310_1,2,47567835,2024-05-31,6,06:00,,3.3551285,1.8282212,5.3995233
20001_0310_1,2,47567835,2024-05-31,7,07:00,,4.06726,2.2835248,6.3569813
20001_0310_1,2,47567835,2024-05-31,8,08:00,,4.2648845,2.401078,6.6636405
20001_0310_1,2,47567835,2024-05-31,9,09:00,,3.1983917,1.3413998,5.634629
20001_0310_1,2,47567835,2024-05-31,10,10:00,,3.045062,1.2698462,5.4199677
20001_0310_1,2,47567835,2024-05-31,11,11:00,,2.7418103,1.0543329,5.0110884
20001_0310_1,2,47567835,2024-05-31,12,12:00,,2.4317436,0.98874176,4.5051007
20001_0310_1,2,47567835,2024-05-31,13,13:00,,2.1148627,0.83200496,3.9565215
20001_0310_1,2,47567835,2024-05-31,14,14:00,,1.4883407,0.42142245,3.0859501
20001_0310_1,2,47567835,2024-05-31,15,15:00,,1.1522934,0.20505717,2.515223
20001_0310_1,2,47567835,2024-05-31,16,16:00,,1.0194077,0.13350344,2.2545629
20001_0310_1,2,47567835,2024-05-31,17,17:00,,1.0602956,0.15054004,2.2256005
20001_0310_1,2,47567835,2024-05-31,18,18:00,,1.164219,0.21357557,2.3397458
20001_0310_1,2,47567835,2024-05-31,19,19:00,,1.0756285,0.16416934,2.2375262
20001_0310_1,2,47567835,2024-05-31,20,20:00,,0.9188917,0.03469101,2.0151982
20001_0310_1,2,47567835,2024-05-31,21,21:00,,1.3541774,0.53471595,2.309932
20001_0310_1,2,47567835,2024-05-31,22,22:00,,0.99896395,0.26298186,1.8635725
20001_0310_1,2,47567835,2024-05-31,23,23:00,,0.29194406,0.0,1.0909616
20001_0310_1,3,44783952,2024-05-01,0,00:00,,0.0,0.0,0.064875156
20001_0310_1,3,44783952,2024-05-01,1,01:00,,0.0,0.0,0.090450495
20001_0310_1,3,44783952,2024-05-01,2,02:00,,0.0,0.0,0.106282815
20001_0310_1,3,44783952,2024-05-01,3,03:00,,0.0,0.0,0.14864197
20001_0310_1,3,44783952,2024-05-01,4,04:00,,0.0,0.0,0.19884118
20001_0310_1,3,44783952,2024-05-01,5,05:00,,0.033971626,0.0,0.33235052
20001_0310_1,3,44783952,2024-05-01,6,06:00,,0.16063042,0.0,0.53390855
20001_0310_1,3,44783952,2024-05-01,7,07:00,,0.13794753,0.0,0.5694552
20001_0310_1,3,44783952,2024-05-01,8,08:00,,0.18727139,0.0,0.62098646
20001_0310_1,3,44783952,2024-05-01,9,09:00,,0.16656755,0.0,0.5859726
20001_0310_1,3,44783952,2024-05-01,10,10:00,,0.08200149,0.0,0.46827656
20001_0310_1,3,44783952,2024-05-01,11,11:00,,0.04919504,0.0,0.40709746
20001_0310_1,3,44783952,2024-05-01,12,12:00,,0.030622477,0.0,0.35929593
20001_0310_1,3,44783952,2024-05-01,13,13:00,,0.023315238,0.0,0.32169414
20001_0310_1,3,44783952,2024-05-01,14,14:00,,0.007787359,0.0,0.27906856
20001_0310_1,3,44783952,2024-05-01,15,15:00,,0.015399059,0.0,0.25440666
20001_0310_1,3,44783952,2024-05-01,16,16:00,,0.0077873534,0.0,0.22243746
20001_0310_1,3,44783952,2024-05-01,17,17:00,,0.01357225,0.0,0.21330343
20001_0310_1,3,44783952,2024-05-01,18,18:00,,0.03427609,0.0,0.22365534
20001_0310_1,3,44783952,2024-05-01,19,19:00,,0.031840347,0.0,0.20569174
20001_0310_1,3,44783952,2024-05-01,20,20:00,,0.009005224,0.0,0.1496315
20001_0310_1,3,44783952,2024-05-01,21,21:00,,0.0,0.0,0.10163969
20001_0310_1,3,44783952,2024-05-01,22,22:00,,0.0,0.0,0.08283878
20001_0310_1,3,44783952,2024-05-01,23,23:00,,0.009614162,0.0047426736,0.09539809
20001_0310_1,3,44783952,2024-05-02,0,00:00,,0.0,0.0,0.06020773
20001_0310_1,3,44783952,2024-05-02,1,01:00,,0.006810108,0.0,0.09447358
20001_0310_1,3,44783952,2024-05-02,2,02:00,,0.0065245614,0.0,0.11310565
20001_0310_1,3,44783952,2024-05-02,3,03:00,,0.009380051,0.0,0.15069097
20001_0310_1,3,44783952,2024-05-02,4,04:00,,0.010807795,0.0,0.21383294
20001_0310_1,3,44783952,2024-05-02,5,05:00,,0.06577593,0.0,0.3507536
20001_0310_1,3,44783952,2024-05-02,6,06:00,,0.23125143,0.0240858,0.6010371
20001_0310_1,3,44783952,2024-05-02,7,07:00,,0.17457001,0.0,0.60803306
20001_0310_1,3,44783952,2024-05-02,8,08:00,,0.28464904,0.010522231,0.7335317
20001_0310_1,3,44783952,2024-05-02,9,09:00,,0.2392468,0.0,0.67299545
20001_0310_1,3,44783952,2024-05-02,10,10:00,,0.109464884,0.0,0.5075021
20001_0310_1,3,44783952,2024-05-02,11,11:00,,0.09140394,0.0,0.4529444
20001_0310_1,3,44783952,2024-05-02,12,12:00,,0.066061474,0.0,0.38930273
20001_0310_1,3,44783952,2024-05-02,13,13:00,,0.067632,0.0,0.35339493
20001_0310_1,3,44783952,2024-05-02,14,14:00,,0.05235514,0.0,0.30892068
20001_0310_1,3,44783952,2024-05-02,15,15:00,,0.053497333,0.0,0.27593982
20001_0310_1,3,44783952,2024-05-02,16,16:00,,0.03222395,0.0,0.22953816
20001_0310_1,3,44783952,2024-05-02,17,17:00,,0.027940722,0.0,0.21611735
20001_0310_1,3,44783952,2024-05-02,18,18:00,,0.053069014,0.0,0.23267919
20001_0310_1,3,44783952,2024-05-02,19,19:00,,0.06449096,0.0,0.22511214
20001_0310_1,3,44783952,2024-05-02,20,20:00,,0.02280084,0.0,0.15600932
20001_0310_1,3,44783952,2024-05-02,21,21:00,,0.005953468,0.0,0.098685436
20001_0310_1,3,44783952,2024-05-02,22,22:00,,0.002241333,0.0,0.07962505
20001_0310_1,3,44783952,2024-05-02,23,23:00,,0.015662123,0.0,0.08869121
20001_0310_1,3,44783952,2024-05-03,0,00:00,,0.0,0.0,0.049762756
20001_0310_1,3,44783952,2024-05-03,1,01:00,,0.0,0.0,0.072424196
20001_0310_1,3,44783952,2024-05-03,2,02:00,,0.0,0.0,0.09307534
20001_0310_1,3,44783952,2024-05-03,3,03:00,,0.013455706,0.0,0.14223607
20001_0310_1,3,44783952,2024-05-03,4,04:00,,0.0066329045,0.0,0.18889913
20001_0310_1,3,44783952,2024-05-03,5,05:00,,0.06718526,0.0,0.320299
20001_0310_1,3,44783952,2024-05-03,6,06:00,,0.34411788,0.14784053,0.6701502
20001_0310_1,3,44783952,2024-05-03,7,07:00,,0.16306996,0.0,0.5424664
20001_0310_1,3,44783952,2024-05-03,8,08:00,,0.3489913,0.10690371,0.7330175
20001_0310_1,3,44783952,2024-05-03,9,09:00,,0.23544039,0.016501611,0.5994855
20001_0310_1,3,44783952,2024-05-03,10,10:00,,0.10215211,0.0,0.4375049
20001_0310_1,3,44783952,2024-05-03,11,11:00,,0.13504776,0.0,0.441891
20001_0310_1,3,44783952,2024-05-03,12,12:00,,0.08570429,0.0,0.3653782
20001_0310_1,3,44783952,2024-05-03,13,13:00,,0.12371703,0.0,0.37960252
20001_0310_1,3,44783952,2024-05-03,14,14:00,,0.092770755,0.0,0.32550743
20001_0310_1,3,44783952,2024-05-03,15,15:00,,0.06072797,0.0,0.26041675
20001_0310_1,3,44783952,2024-05-03,16,16:00,,0.034411453,0.0,0.20729636
20001_0310_1,3,44783952,2024-05-03,17,17:00,,0.05244314,0.0,0.21204793
20001_0310_1,3,44783952,2024-05-03,18,18:00,,0.06755077,0.0,0.22118562
20001_0310_1,3,44783952,2024-05-03,19,19:00,,0.08338941,0.014795904,0.22167297
20001_0310_1,3,44783952,2024-05-03,20,20:00,,0.019791171,0.0,0.13416445
20001_0310_1,3,44783952,2024-05-03,21,21:00,,0.0046835393,0.0,0.08399859
20001_0310_1,3,44783952,2024-05-03,22,22:00,,0.009556965,0.0,0.07705395
20001_0310_1,3,44783952,2024-05-03,23,23:00,,0.014674065,0.0,0.082658395
20001_0310_1,3,44783952,2024-05-04,0,00:00,,0.0,0.0,0.048091207
20001_0310_1,3,44783952,2024-05-04,1,01:00,,0.0,0.0,0.06065091
20001_0310_1,3,44783952,2024-05-04,2,02:00,,0.0024576166,0.0,0.08749727
20001_0310_1,3,44783952,2024-05-04,3,03:00,,0.016482623,0.0,0.13668945
20001_0310_1,3,44783952,2024-05-04,4,04:00,,0.021087844,0.0,0.1931558
20001_0310_1,3,44783952,2024-05-04,5,05:00,,0.11314001,0.0,0.34968114
20001_0310_1,3,44783952,2024-05-04,6,06:00,,0.480145,0.2662114,0.78408986
20001_0310_1,3,44783952,2024-05-04,7,07:00,,0.28044572,0.02757702,0.62206966
20001_0310_1,3,44783952,2024-05-04,8,08:00,,0.42153308,0.17075765,0.7614824
20001_0310_1,3,44783952,2024-05-04,9,09:00,,0.3001226,0.07574873,0.6183018
20001_0310_1,3,44783952,2024-05-04,10,10:00,,0.1644778,0.0,0.44989705
20001_0310_1,3,44783952,2024-05-04,11,11:00,,0.17044364,0.0029809233,0.4266616
20001_0310_1,3,44783952,2024-05-04,12,12:00,,0.1243914,0.0,0.36111566
20001_0310_1,3,44783952,2024-05-04,13,13:00,,0.15741296,0.02312879,0.37731248
20001_0310_1,3,44783952,2024-05-04,14,14:00,,0.11340167,0.0,0.31550822
20001_0310_1,3,44783952,2024-05-04,15,15:00,,0.10173161,0.0,0.28044575
20001_0310_1,3,44783952,2024-05-04,16,16:00,,0.058138974,0.0,0.22214778
20001_0310_1,3,44783952,2024-05-04,17,17:00,,0.079595126,0.0,0.23010223
20001_0310_1,3,44783952,2024-05-04,18,18:00,,0.08325838,0.0,0.23031159
20001_0310_1,3,44783952,2024-05-04,19,19:00,,0.08409569,0.00025966507,0.21272798
20001_0310_1,3,44783952,2024-05-04,20,20:00,,0.027577024,0.0,0.13661094
20001_0310_1,3,44783952,2024-05-04,21,21:00,,0.018575907,0.0,0.099586
20001_0310_1,3,44783952,2024-05-04,22,22:00,,0.010830754,0.0,0.084933
20001_0310_1,3,44783952,2024-05-04,23,23:00,,0.024018444,0.0,0.100266315
20001_0310_1,3,44783952,2024-05-05,0,00:00,,0.0,0.0,0.04577054
20001_0310_1,3,44783952,2024-05-05,1,01:00,,0.0,0.0,0.041958235
20001_0310_1,3,44783952,2024-05-05,2,02:00,,0.0,0.0,0.055802934
20001_0310_1,3,44783952,2024-05-05,3,03:00,,0.009653937,0.0,0.09753768
20001_0310_1,3,44783952,2024-05-05,4,04:00,,0.0044370964,0.0,0.13390508
20001_0310_1,3,44783952,2024-05-05,5,05:00,,0.0753661,0.0,0.26307213
20001_0310_1,3,44783952,2024-05-05,6,06:00,,0.501241,0.320658,0.7492417
20001_0310_1,3,44783952,2024-05-05,7,07:00,0.0,0.24962872,0.03513623,0.5409693
20001_0310_1,3,44783952,2024-05-05,8,08:00,,0.41054824,0.19485186,0.6994811
20001_0310_1,3,44783952,2024-05-05,9,09:00,,0.28935695,0.09452793,0.56584954
20001_0310_1,3,44783952,2024-05-05,10,10:00,0.0,0.12999247,0.0,0.3808022
20001_0310_1,3,44783952,2024-05-05,11,11:00,,0.15702976,0.008249413,0.38948023
20001_0310_1,3,44783952,2024-05-05,12,12:00,,0.09944383,0.0,0.31238133
20001_0310_1,3,44783952,2024-05-05,13,13:00,,0.13611223,0.020087617,0.3395189
20001_0310_1,3,44783952,2024-05-05,14,14:00,,0.075968035,0.0,0.25946045
20001_0310_1,3,44783952,2024-05-05,15,15:00,,0.09440255,0.0068072444,0.2572157
20001_0310_1,3,44783952,2024-05-05,16,16:00,,0.040553696,0.0,0.18883243
20001_0310_1,3,44783952,2024-05-05,17,17:00,,0.05831103,0.0,0.19705898
20001_0310_1,3,44783952,2024-05-05,18,18:00,,0.07877711,0.0,0.21401374
20001_0310_1,3,44783952,2024-05-05,19,19:00,,0.07175443,0.002530936,0.19013664
20001_0310_1,3,44783952,2024-05-05,20,20:00,,0.016877262,0.0,0.1153828
20001_0310_1,3,44783952,2024-05-05,21,21:00,,0.015272076,0.0,0.08279007
20001_0310_1,3,44783952,2024-05-05,22,22:00,,0.0,0.0,0.05339516
20001_0310_1,3,44783952,2024-05-05,23,23:00,,0.012061713,0.0004241392,0.06262496
20001_0310_1,3,44783952,2024-05-06,0,00:00,,0.0,0.0,0.038255632
20001_0310_1,3,44783952,2024-05-06,1,01:00,,0.0,0.0,0.046491258
20001_0310_1,3,44783952,2024-05-06,2,02:00,,0.0014966376,0.0,0.07019379
20001_0310_1,3,44783952,2024-05-06,3,03:00,,0.0016975044,0.0,0.095653914
20001_0310_1,3,44783952,2024-05-06,4,04:00,,0.0,0.0,0.1320614
20001_0310_1,3,44783952,2024-05-06,5,05:00,0.3125,0.037853904,0.0,0.22064456
20001_0310_1,3,44783952,2024-05-06,6,06:00,0.2927807569503784,0.32710505,0.16299519,0.566139
20001_0310_1,3,44783952,2024-05-06,7,07:00,0.4068998098373413,0.15124437,0.0,0.42402425
20001_0310_1,3,44783952,2024-05-06,8,08:00,0.3333333432674408,0.25599748,0.05593209,0.5271704
20001_0310_1,3,44783952,2024-05-06,9,09:00,0.9411764740943909,0.16701257,0.0,0.42251775
20001_0310_1,3,44783952,2024-05-06,10,10:00,0.0,0.046290398,0.0,0.2841191
20001_0310_1,3,44783952,2024-05-06,11,11:00,0.0,0.09650761,0.0,0.3181664
20001_0310_1,3,44783952,2024-05-06,12,12:00,0.4549019734064738,0.055429928,0.0,0.2604166
20001_0310_1,3,44783952,2024-05-06,13,13:00,0.39722222089767456,0.07717397,0.0,0.27169663
20001_0310_1,3,44783952,2024-05-06,14,14:00,0.0,0.036447816,0.0,0.21592416
20001_0310_1,3,44783952,2024-05-06,15,15:00,0.920634905497233,0.06657814,0.0,0.23043694
20001_0310_1,3,44783952,2024-05-06,16,16:00,0.0,0.035443477,0.0,0.1889073
20001_0310_1,3,44783952,2024-05-06,17,17:00,0.0,0.0320287,0.0,0.1810734
20001_0310_1,3,44783952,2024-05-06,18,18:00,0.6458909511566162,0.062862076,0.0,0.21140459
20001_0310_1,3,44783952,2024-05-06,19,19:00,0.0,0.056434266,0.0,0.19001207
20001_0310_1,3,44783952,2024-05-06,20,20:00,0.0,0.017566144,0.0,0.13306575
20001_0310_1,3,44783952,2024-05-06,21,21:00,0.0,0.0,0.0,0.086263284
20001_0310_1,3,44783952,2024-05-06,22,22:00,0.0,0.0,0.0,0.05904556
20001_0310_1,3,44783952,2024-05-06,23,23:00,,0.0,0.0,0.066979885
20001_0310_1,3,44783952,2024-05-07,0,00:00,,0.0,0.0,0.051667105
20001_0310_1,3,44783952,2024-05-07,1,01:00,,0.0,0.0,0.0853404
20001_0310_1,3,44783952,2024-05-07,2,02:00,,0.0,0.0,0.10335719
20001_0310_1,3,44783952,2024-05-07,3,03:00,,0.0,0.0,0.1350636
20001_0310_1,3,44783952,2024-05-07,4,04:00,,0.0,0.0,0.17088737
20001_0310_1,3,44783952,2024-05-07,5,05:00,0.0,0.016210496,0.0,0.2589519
20001_0310_1,3,44783952,2024-05-07,6,06:00,0.9734044671058655,0.21526055,0.05368646,0.5165369
20001_0310_1,3,44783952,2024-05-07,7,07:00,1.7172967195510864,0.13642731,0.0,0.47420928
20001_0310_1,3,44783952,2024-05-07,8,08:00,0.0,0.2014136,0.0043041934,0.5369926
20001_0310_1,3,44783952,2024-05-07,9,09:00,0.0,0.1532115,0.0,0.4690691
20001_0310_1,3,44783952,2024-05-07,10,10:00,0.0,0.0506181,0.0,0.34308276
20001_0310_1,3,44783952,2024-05-07,11,11:00,0.0,0.06887091,0.0,0.33972588
20001_0310_1,3,44783952,2024-05-07,12,12:00,0.46296294530232746,0.047261264,0.0,0.3020664
20001_0310_1,3,44783952,2024-05-07,13,13:00,0.0,0.07563704,0.0,0.3179589
20001_0310_1,3,44783952,2024-05-07,14,14:00,0.0,0.051876914,0.0,0.27940768
20001_0310_1,3,44783952,2024-05-07,15,15:00,0.0,0.07610909,0.0039304993,0.285905
20001_0310_1,3,44783952,2024-05-07,16,16:00,0.0,0.03425351,0.0,0.23041879
20001_0310_1,3,44783952,2024-05-07,17,17:00,0.6800000071525574,0.044953436,0.0,0.23860107
20001_0310_1,3,44783952,2024-05-07,18,18:00,0.0,0.067717,0.0,0.26052547
20001_0310_1,3,44783952,2024-05-07,19,19:00,0.0,0.05607296,0.0,0.2400697
20001_0310_1,3,44783952,2024-05-07,20,20:00,0.0,0.015581088,0.0,0.17524074
20001_0310_1,3,44783952,2024-05-07,21,21:00,0.0,0.0,0.0,0.1198529
20001_0310_1,3,44783952,2024-05-07,22,22:00,,0.0,0.0,0.09918736
20001_0310_1,3,44783952,2024-05-07,23,23:00,,0.0,0.0,0.1034883
20001_0310_1,3,44783952,2024-05-08,0,00:00,,0.0,0.0,0.04974224
20001_0310_1,3,44783952,2024-05-08,1,01:00,,0.0,0.0,0.079516664
20001_0310_1,3,44783952,2024-05-08,2,02:00,,0.0,0.0,0.09777947
20001_0310_1,3,44783952,2024-05-08,3,03:00,,0.0072732875,0.0,0.13952714
20001_0310_1,3,44783952,2024-05-08,4,04:00,0.0,0.0,0.0,0.17270598
20001_0310_1,3,44783952,2024-05-08,5,05:00,0.0,0.05551248,0.0,0.3095184
20001_0310_1,3,44783952,2024-05-08,6,06:00,2.3931034088134764,0.37356803,0.18107285,0.6902386
20001_0310_1,3,44783952,2024-05-08,7,07:00,0.8780445257822672,0.24616113,0.0095813945,0.6053008
20001_0310_1,3,44783952,2024-05-08,8,08:00,0.3534482717514038,0.32463634,0.09477893,0.6736203
20001_0310_1,3,44783952,2024-05-08,9,09:00,0.0,0.25631675,0.057705164,0.5847587
20001_0310_1,3,44783952,2024-05-08,10,10:00,0.0,0.086729474,0.0,0.38518062
20001_0310_1,3,44783952,2024-05-08,11,11:00,0.47777777910232544,0.10715611,0.0,0.38304555
20001_0310_1,3,44783952,2024-05-08,12,12:00,0.41333333651224774,0.07166915,0.0,0.32913715
20001_0310_1,3,44783952,2024-05-08,13,13:00,0.0,0.09174957,0.0,0.33819643
20001_0310_1,3,44783952,2024-05-08,14,14:00,0.0,0.06451405,0.0,0.29936275
20001_0310_1,3,44783952,2024-05-08,15,15:00,0.0,0.08621015,0.0,0.29670843
20001_0310_1,3,44783952,2024-05-08,16,16:00,0.0,0.033123955,0.0,0.22446504
20001_0310_1,3,44783952,2024-05-08,17,17:00,0.6333333253860474,0.04604929,0.0,0.22584988
20001_0310_1,3,44783952,2024-05-08,18,18:00,0.521739149093628,0.05920543,0.0,0.2308123
20001_0310_1,3,44783952,2024-05-08,19,19:00,0.3125,0.055281665,0.0,0.21061645
20001_0310_1,3,44783952,2024-05-08,20,20:00,0.0,0.002426292,0.0,0.13149208
20001_0310_1,3,44783952,2024-05-08,21,21:00,0.0,0.0,0.0,0.07893965
20001_0310_1,3,44783952,2024-05-08,22,22:00,0.0,0.0,0.0,0.067514576
20001_0310_1,3,44783952,2024-05-08,23,23:00,,0.007965719,0.0,0.08621015
20001_0310_1,3,44783952,2024-05-09,0,00:00,,0.0,0.0,0.06950186
20001_0310_1,3,44783952,2024-05-09,1,01:00,,0.000981542,0.0,0.08174214
20001_0310_1,3,44783952,2024-05-09,2,02:00,,0.0,0.0,0.09328837
20001_0310_1,3,44783952,2024-05-09,3,03:00,,0.019909805,0.0,0.14698154
20001_0310_1,3,44783952,2024-05-09,4,04:00,,0.0,0.0,0.18162027
20001_0310_1,3,44783952,2024-05-09,5,05:00,0.0,0.11821059,0.0,0.38528833
20001_0310_1,3,44783952,2024-05-09,6,06:00,0.24772727489471436,0.65892804,0.4358268,0.9981226
20001_0310_1,3,44783952,2024-05-09,7,07:00,1.301003336906433,0.29197204,0.033159576,0.6705374
20001_0310_1,3,44783952,2024-05-09,8,08:00,0.0,0.4277508,0.18307146,0.7942021
20001_0310_1,3,44783952,2024-05-09,9,09:00,0.4027777910232544,0.33083808,0.121870056,0.6720516
20001_0310_1,3,44783952,2024-05-09,10,10:00,0.6363636255264282,0.058523465,0.0,0.37513024
20001_0310_1,3,44783952,2024-05-09,11,11:00,0.0,0.13638172,0.0,0.43973872
20001_0310_1,3,44783952,2024-05-09,12,12:00,0.0,0.099660896,0.0,0.3907776
20001_0310_1,3,44783952,2024-05-09,13,13:00,0.0,0.11145951,0.0,0.39285967
20001_0310_1,3,44783952,2024-05-09,14,14:00,0.0,0.057766333,0.0,0.31796685
20001_0310_1,3,44783952,2024-05-09,15,15:00,0.0,0.10789468,0.0051773023,0.33907187
20001_0310_1,3,44783952,2024-05-09,16,16:00,0.0,0.032276273,0.0,0.24502996
20001_0310_1,3,44783952,2024-05-09,17,17:00,0.5873016119003296,0.09108008,0.0,0.29664102
20001_0310_1,3,44783952,2024-05-09,18,18:00,0.4808963775634766,0.13193357,0.02860103,0.3329675
20001_0310_1,3,44783952,2024-05-09,19,19:00,0.0,0.09814663,0.011392095,0.27588302
20001_0310_1,3,44783952,2024-05-09,20,20:00,0.30974265933036804,0.009562353,0.0,0.15281776
20001_0310_1,3,44783952,2024-05-09,21,21:00,0.0,0.0047671953,0.0,0.10240549
20001_0310_1,3,44783952,2024-05-09,22,22:00,0.0,0.0062814537,0.0,0.087672986
20001_0310_1,3,44783952,2024-05-09,23,23:00,,0.016376529,0.0,0.09814663
20001_0310_1,3,44783952,2024-05-10,0,00:00,,0.0,0.0,0.075598076
20001_0310_1,3,44783952,2024-05-10,1,01:00,,0.0,0.0,0.09034948
20001_0310_1,3,44783952,2024-05-10,2,02:00,,0.0,0.0,0.10262057
20001_0310_1,3,44783952,2024-05-10,3,03:00,,0.0058878846,0.0,0.14700535
20001_0310_1,3,44783952,2024-05-10,4,04:00,,0.0,0.0,0.1653467
20001_0310_1,3,44783952,2024-05-10,5,05:00,0.45370370149612427,0.0711596,0.0,0.35639706
20001_0310_1,3,44783952,2024-05-10,6,06:00,0.8639646530151367,0.54816526,0.3392958,0.913687
20001_0310_1,3,44783952,2024-05-10,7,07:00,0.7656965255737305,0.29386672,0.04400657,0.7032509
20001_0310_1,3,44783952,2024-05-10,8,08:00,1.4331065813700359,0.34138453,0.11123641,0.73666996
20001_0310_1,3,44783952,2024-05-10,9,09:00,0.5111111005147299,0.29334456,0.097757824,0.66252136
20001_0310_1,3,44783952,2024-05-10,10,10:00,0.4166666666666667,0.058627434,0.0,0.39771405
20001_0310_1,3,44783952,2024-05-10,11,11:00,0.0,0.09348253,0.0,0.41517425
20001_0310_1,3,44783952,2024-05-10,12,12:00,0.5298564036687216,0.07533699,0.0,0.37858942
20001_0310_1,3,44783952,2024-05-10,13,13:00,0.0,0.07572862,0.0,0.36520872
20001_0310_1,3,44783952,2024-05-10,14,14:00,0.0,0.04061244,0.0,0.3101847
20001_0310_1,3,44783952,2024-05-10,15,15:00,1.1818181276321411,0.071942866,0.0,0.3144926
20001_0310_1,3,44783952,2024-05-10,16,16:00,0.0,0.02599157,0.0,0.2541815
20001_0310_1,3,44783952,2024-05-10,17,17:00,,0.08669427,0.0,0.31227335
20001_0310_1,3,44783952,2024-05-10,18,18:00,0.0,0.10483981,0.003538103,0.32571933
20001_0310_1,3,44783952,2024-05-10,19,19:00,0.0,0.07598971,0.0,0.27859315
20001_0310_1,3,44783952,2024-05-10,20,20:00,0.0,0.013981575,0.0,0.1731793
20001_0310_1,3,44783952,2024-05-10,21,21:00,0.0,0.017114624,0.0,0.13643132
20001_0310_1,3,44783952,2024-05-10,22,22:00,0.0,0.0,0.0,0.1022942
20001_0310_1,3,44783952,2024-05-10,23,23:00,,0.013981575,0.0,0.12541671
20001_0310_1,3,44783952,2024-05-11,0,00:00,,0.0,0.0,0.07697315
20001_0310_1,3,44783952,2024-05-11,1,01:00,,0.0,0.0,0.114167325
20001_0310_1,3,44783952,2024-05-11,2,02:00,,0.0,0.0,0.13337976
20001_0310_1,3,44783952,2024-05-11,3,03:00,,0.010515912,0.0,0.20181976
20001_0310_1,3,44783952,2024-05-11,4,04:00,,0.0,0.0,0.25446588
20001_0310_1,3,44783952,2024-05-11,5,05:00,,0.11939775,0.0,0.48002395
20001_0310_1,3,44783952,2024-05-11,6,06:00,,0.6015203,0.33678535,1.0609776
20001_0310_1,3,44783952,2024-05-11,7,07:00,,0.3712446,0.05441046,0.8810236
20001_0310_1,3,44783952,2024-05-11,8,08:00,,0.3942175,0.09639065,0.890869
20001_0310_1,3,44783952,2024-05-11,9,09:00,,0.33678535,0.08394704,0.7918669
20001_0310_1,3,44783952,2024-05-11,10,10:00,,0.13454206,0.0,0.5423446
20001_0310_1,3,44783952,2024-05-11,11,11:00,,0.12073099,0.0,0.50033027
20001_0310_1,3,44783952,2024-05-11,12,12:00,,0.13023464,0.0,0.48148537
20001_0310_1,3,44783952,2024-05-11,13,13:00,,0.10999665,0.0,0.44055644
20001_0310_1,3,44783952,2024-05-11,14,14:00,,0.075332224,0.0,0.37657762
20001_0310_1,3,44783952,2024-05-11,15,15:00,,0.11266314,0.012071375,0.38182518
20001_0310_1,3,44783952,2024-05-11,16,16:00,,0.04552219,0.0,0.29849726
20001_0310_1,3,44783952,2024-05-11,17,17:00,,0.09283537,0.0,0.33822116
20001_0310_1,3,44783952,2024-05-11,18,18:00,,0.10808224,0.0,0.34382764
20001_0310_1,3,44783952,2024-05-11,19,19:00,,0.06794809,0.0,0.27579784
20001_0310_1,3,44783952,2024-05-11,20,20:00,0.0,0.018173538,0.0,0.1768641
20001_0310_1,3,44783952,2024-05-11,21,21:00,,0.0066871056,0.0,0.11027012
20001_0310_1,3,44783952,2024-05-11,22,22:00,,0.0,0.0,0.08435729
20001_0310_1,3,44783952,2024-05-11,23,23:00,,0.01844703,0.0,0.111295715
20001_0310_1,3,44783952,2024-05-12,0,00:00,,0.0,0.0,0.06094127
20001_0310_1,3,44783952,2024-05-12,1,01:00,,0.010915611,0.0,0.08349381
20001_0310_1,3,44783952,2024-05-12,2,02:00,,0.0,0.0,0.078436576
20001_0310_1,3,44783952,2024-05-12,3,03:00,,0.0,0.0,0.12926523
20001_0310_1,3,44783952,2024-05-12,4,04:00,,0.0,0.0,0.19277114
20001_0310_1,3,44783952,2024-05-12,5,05:00,,0.1019459,0.0,0.4015872
20001_0310_1,3,44783952,2024-05-12,6,06:00,,0.56803185,0.3148966,0.956209
20001_0310_1,3,44783952,2024-05-12,7,07:00,,0.3034153,0.0032614118,0.7468121
20001_0310_1,3,44783952,2024-05-12,8,08:00,,0.43134978,0.14351436,0.867639
20001_0310_1,3,44783952,2024-05-12,9,09:00,,0.36574236,0.117288485,0.7703214
20001_0310_1,3,44783952,2024-05-12,10,10:00,,0.13112754,0.0,0.49827272
20001_0310_1,3,44783952,2024-05-12,11,11:00,,0.11206038,0.0,0.45562798
20001_0310_1,3,44783952,2024-05-12,12,12:00,,0.15217656,0.0,0.4703212
20001_0310_1,3,44783952,2024-05-12,13,13:00,,0.14301887,0.0,0.44474456
20001_0310_1,3,44783952,2024-05-12,14,14:00,,0.0828104,0.0,0.3635554
20001_0310_1,3,44783952,2024-05-12,15,15:00,,0.15094644,0.023319514,0.40356913
20001_0310_1,3,44783952,2024-05-12,16,16:00,,0.08035012,0.0,0.31236798
20001_0310_1,3,44783952,2024-05-12,17,17:00,,0.09593188,0.0,0.30977106
20001_0310_1,3,44783952,2024-05-12,18,18:00,,0.105636306,0.0,0.30464545
20001_0310_1,3,44783952,2024-05-12,19,19:00,,0.072285876,0.0,0.23575768
20001_0310_1,3,44783952,2024-05-12,20,20:00,,0.0270441,0.0,0.15429515
20001_0310_1,3,44783952,2024-05-12,21,21:00,,0.026497371,0.0,0.10960009
20001_0310_1,3,44783952,2024-05-12,22,22:00,,0.008181973,0.0,0.078983314
20001_0310_1,3,44783952,2024-05-12,23,23:00,,0.022670275,0.0,0.097708754
20001_0310_1,3,44783952,2024-05-13,0,00:00,,0.0,0.0,0.067199275
20001_0310_1,3,44783952,2024-05-13,1,01:00,,0.0,0.0,0.06884002
20001_0310_1,3,44783952,2024-05-13,2,02:00,,0.0002022048,0.0,0.082239434
20001_0310_1,3,44783952,2024-05-13,3,03:00,,0.0040306044,0.0,0.11778891
20001_0310_1,3,44783952,2024-05-13,4,04:00,,0.0,0.0,0.16010644
20001_0310_1,3,44783952,2024-05-13,5,05:00,0.6336363554000854,0.07704374,0.0,0.33163255
20001_0310_1,3,44783952,2024-05-13,6,06:00,0.5295724868774414,0.47711194,0.25561142,0.8019793
20001_0310_1,3,44783952,2024-05-13,7,07:00,0.4314814805984497,0.30045843,0.0425881,0.66634446
20001_0310_1,3,44783952,2024-05-13,8,08:00,0.32258063554763794,0.3064745,0.06501161,0.6619691
20001_0310_1,3,44783952,2024-05-13,9,09:00,1.5535714626312256,0.25752562,0.04997145,0.5867683
20001_0310_1,3,44783952,2024-05-13,10,10:00,0.29374998807907104,0.0920839,0.0,0.3870077
20001_0310_1,3,44783952,2024-05-13,11,11:00,0.0,0.12011329,0.0,0.39296398
20001_0310_1,3,44783952,2024-05-13,12,12:00,0.0,0.1292741,0.0,0.38397402
20001_0310_1,3,44783952,2024-05-13,13,13:00,0.0,0.111772835,0.0,0.34913385
20001_0310_1,3,44783952,2024-05-13,14,14:00,0.0,0.07677028,0.0,0.2959464
20001_0310_1,3,44783952,2024-05-13,15,15:00,0.0,0.12103621,0.024745015,0.31925866
20001_0310_1,3,44783952,2024-05-13,16,16:00,0.0,0.05844864,0.0,0.2504157
20001_0310_1,3,44783952,2024-05-13,17,17:00,0.0,0.11423394,0.005124424,0.3037399
20001_0310_1,3,44783952,2024-05-13,18,18:00,0.0,0.11081574,0.0017745836,0.29683512
20001_0310_1,3,44783952,2024-05-13,19,19:00,0.0,0.07485608,0.0,0.23482865
20001_0310_1,3,44783952,2024-05-13,20,20:00,1.2020201683044434,0.036845498,0.0,0.1651654
20001_0310_1,3,44783952,2024-05-13,21,21:00,0.0,0.017976942,0.0,0.106166966
20001_0310_1,3,44783952,2024-05-13,22,22:00,0.0,0.0056713535,0.0,0.08442709
20001_0310_1,3,44783952,2024-05-13,23,23:00,,0.016062738,0.0,0.09905706
20001_0310_1,3,44783952,2024-05-14,0,00:00,,0.0,0.0,0.07696949
20001_0310_1,3,44783952,2024-05-14,1,01:00,,0.0,0.0,0.10854555
20001_0310_1,3,44783952,2024-05-14,2,02:00,,0.0,0.0,0.12584752
20001_0310_1,3,44783952,2024-05-14,3,03:00,,0.0,0.0,0.17944752
20001_0310_1,3,44783952,2024-05-14,4,04:00,,0.0,0.0,0.22432445
20001_0310_1,3,44783952,2024-05-14,5,05:00,0.0,0.08432283,0.0,0.42113417
20001_0310_1,3,44783952,2024-05-14,6,06:00,0.8800000190734864,0.47880733,0.23484984,0.8986681
20001_0310_1,3,44783952,2024-05-14,7,07:00,0.8731013933817545,0.35134962,0.062118668,0.8185024
20001_0310_1,3,44783952,2024-05-14,8,08:00,0.0,0.2916579,0.015691757,0.7458341
20001_0310_1,3,44783952,2024-05-14,9,09:00,0.0,0.27233738,0.03703087,0.6971003
20001_0310_1,3,44783952,2024-05-14,10,10:00,0.0,0.07970898,0.0,0.45415208
20001_0310_1,3,44783952,2024-05-14,11,11:00,0.7694805264472961,0.06817434,0.0,0.40758094
20001_0310_1,3,44783952,2024-05-14,12,12:00,0.0,0.081727535,0.0,0.38854882
20001_0310_1,3,44783952,2024-05-14,13,13:00,0.0,0.06038847,0.0,0.34298703
20001_0310_1,3,44783952,2024-05-14,14,14:00,0.0,0.027514756,0.0,0.28877422
20001_0310_1,3,44783952,2024-05-14,15,15:00,0.0,0.080285706,0.0,0.3178992
20001_0310_1,3,44783952,2024-05-14,16,16:00,0.0,0.024919467,0.0,0.25186342
20001_0310_1,3,44783952,2024-05-14,17,17:00,0.0,0.09838067,0.004805949,0.32172
20001_0310_1,3,44783952,2024-05-14,18,18:00,0.2884057998657227,0.086629756,0.0,0.30506688
20001_0310_1,3,44783952,2024-05-14,19,19:00,0.0,0.05058403,0.0,0.2486914
20001_0310_1,3,44783952,2024-05-14,20,20:00,0.0,0.04193305,0.0,0.21033871
20001_0310_1,3,44783952,2024-05-14,21,21:00,0.0,0.008770976,0.0,0.13651706
20001_0310_1,3,44783952,2024-05-14,22,22:00,0.0,0.0,0.0,0.102634065
20001_0310_1,3,44783952,2024-05-14,23,23:00,,0.0,0.0,0.11200596
20001_0310_1,3,44783952,2024-05-15,0,00:00,,0.0,0.0,0.08607079
20001_0310_1,3,44783952,2024-05-15,1,01:00,,0.0044686627,0.0,0.122806266
20001_0310_1,3,44783952,2024-05-15,2,02:00,,0.0,0.0,0.13914122
20001_0310_1,3,44783952,2024-05-15,3,03:00,,0.000693477,0.0,0.21123275
20001_0310_1,3,44783952,2024-05-15,4,04:00,,0.0,0.0,0.26437578
20001_0310_1,3,44783952,2024-05-15,5,05:00,0.7701923251152039,0.099429145,0.0,0.47876287
20001_0310_1,3,44783952,2024-05-15,6,06:00,1.0072956085205078,0.5565172,0.2910925,1.0176709
20001_0310_1,3,44783952,2024-05-15,7,07:00,1.154684066772461,0.42641842,0.11129922,0.9328743
20001_0310_1,3,44783952,2024-05-15,8,08:00,0.8571428298950196,0.35904583,0.06037046,0.8544666
20001_0310_1,3,44783952,2024-05-15,9,09:00,1.4583333333333333,0.29515806,0.03757413,0.7574733
20001_0310_1,3,44783952,2024-05-15,10,10:00,0.0,0.10741512,0.0,0.51817995
20001_0310_1,3,44783952,2024-05-15,11,11:00,0.2986111044883728,0.10320433,0.0,0.47364458
20001_0310_1,3,44783952,2024-05-15,12,12:00,0.0,0.09913875,0.0,0.4304114
20001_0310_1,3,44783952,2024-05-15,13,13:00,0.48148147265116376,0.04338213,0.0,0.34162188
20001_0310_1,3,44783952,2024-05-15,14,14:00,0.4166666567325592,0.016955825,0.0,0.2884789
20001_0310_1,3,44783952,2024-05-15,15,15:00,0.0,0.07953681,0.0,0.319116
20001_0310_1,3,44783952,2024-05-15,16,16:00,0.0,0.0224734,0.0,0.24201506
20001_0310_1,3,44783952,2024-05-15,17,17:00,1.2708333730697632,0.11060951,0.021529607,0.3197694
20001_0310_1,3,44783952,2024-05-15,18,18:00,0.0,0.10581792,0.017972214,0.3043056
20001_0310_1,3,44783952,2024-05-15,19,19:00,0.26052632331848147,0.059063677,0.0,0.2354811
20001_0310_1,3,44783952,2024-05-15,20,20:00,0.0,0.042510934,0.0,0.18415305
20001_0310_1,3,44783952,2024-05-15,21,21:00,0.0,0.01201904,0.0,0.11278751
20001_0310_1,3,44783952,2024-05-15,22,22:00,0.0,0.0,0.0,0.06951804
20001_0310_1,3,44783952,2024-05-15,23,23:00,,0.007663052,0.0,0.09812235
20001_0310_1,3,44783952,2024-05-16,0,00:00,,0.0,0.0,0.0825556
20001_0310_1,3,44783952,2024-05-16,1,01:00,,0.0,0.0,0.12617779
20001_0310_1,3,44783952,2024-05-16,2,02:00,,0.0,0.0,0.14256544
20001_0310_1,3,44783952,2024-05-16,3,03:00,,0.0073719425,0.0,0.21866931
20001_0310_1,3,44783952,2024-05-16,4,04:00,,0.0,0.0,0.2725509
20001_0310_1,3,44783952,2024-05-16,5,05:00,0.3897058963775635,0.18303542,0.0,0.58062774
20001_0310_1,3,44783952,2024-05-16,6,06:00,0.0,0.71472484,0.41085753,1.2059246
20001_0310_1,3,44783952,2024-05-16,7,07:00,1.5737628936767578,0.47914934,0.12617776,1.0361348
20001_0310_1,3,44783952,2024-05-16,8,08:00,0.3636363744735718,0.52300644,0.18295708,1.0743532
20001_0310_1,3,44783952,2024-05-16,9,09:00,0.738095223903656,0.4559677,0.16376957,0.975988
20001_0310_1,3,44783952,2024-05-16,10,10:00,0.0,0.14348568,0.0,0.6128352
20001_0310_1,3,44783952,2024-05-16,11,11:00,0.42500001192092896,0.15656449,0.0,0.59372616
20001_0310_1,3,44783952,2024-05-16,12,12:00,0.0,0.15006423,0.0,0.5552728
20001_0310_1,3,44783952,2024-05-16,13,13:00,0.3689931333065033,0.10041171,0.0,0.47828785
20001_0310_1,3,44783952,2024-05-16,14,14:00,0.0,0.054361723,0.0,0.400833
20001_0310_1,3,44783952,2024-05-16,15,15:00,0.0,0.12790073,0.0,0.43611455
20001_0310_1,3,44783952,2024-05-16,16,16:00,0.3095238208770752,0.03305969,0.0,0.29776877
20001_0310_1,3,44783952,2024-05-16,17,17:00,0.0,0.1431724,0.028164897,0.38340762
20001_0310_1,3,44783952,2024-05-16,18,18:00,0.25155556201934814,0.11952088,0.005805615,0.3369269
20001_0310_1,3,44783952,2024-05-16,19,19:00,0.0,0.076603554,0.0,0.26753867
20001_0310_1,3,44783952,2024-05-16,20,20:00,0.0,0.042144384,0.0,0.19572267
20001_0310_1,3,44783952,2024-05-16,21,21:00,0.0,0.011757657,0.0,0.1162316
20001_0310_1,3,44783952,2024-05-16,22,22:00,0.0,0.0,0.0,0.07315764
20001_0310_1,3,44783952,2024-05-16,23,23:00,,0.02334847,0.0,0.10558059
20001_0310_1,3,44783952,2024-05-17,0,00:00,,0.0,0.0,0.084386066
20001_0310_1,3,44783952,2024-05-17,1,01:00,,0.003964076,0.0,0.12749223
20001_0310_1,3,44783952,2024-05-17,2,02:00,,0.0,0.0,0.12829646
20001_0310_1,3,44783952,2024-05-17,3,03:00,,0.008146023,0.0,0.21125177
20001_0310_1,3,44783952,2024-05-17,4,04:00,,0.0,0.0,0.24844693
20001_0310_1,3,44783952,2024-05-17,5,05:00,0.2884615361690521,0.14836177,0.0,0.5541309
20001_0310_1,3,44783952,2024-05-17,6,06:00,0.3550446927547455,0.6608509,0.35782084,1.1729782
20001_0310_1,3,44783952,2024-05-17,7,07:00,0.5094444354375204,0.49228638,0.1310308,1.0764717
20001_0310_1,3,44783952,2024-05-17,8,08:00,0.3181818127632141,0.48971286,0.13971634,1.0584571
20001_0310_1,3,44783952,2024-05-17,9,09:00,0.0,0.43373922,0.13400644,0.9638809
20001_0310_1,3,44783952,2024-05-17,10,10:00,0.0,0.12250608,0.0,0.5913663
20001_0310_1,3,44783952,2024-05-17,11,11:00,1.9540107727050782,0.13344347,0.0,0.5638619
20001_0310_1,3,44783952,2024-05-17,12,12:00,0.0,0.110281944,0.0,0.49880055
20001_0310_1,3,44783952,2024-05-17,13,13:00,0.0,0.08695957,0.0,0.44725007
20001_0310_1,3,44783952,2024-05-17,14,14:00,0.0,0.032916,0.0,0.35782084
20001_0310_1,3,44783952,2024-05-17,15,15:00,0.0,0.11317715,0.0037228148,0.40004236
20001_0310_1,3,44783952,2024-05-17,16,16:00,0.0,0.020048473,0.0,0.27418193
20001_0310_1,3,44783952,2024-05-17,17,17:00,0.0,0.11124702,0.0,0.35331717
20001_0310_1,3,44783952,2024-05-17,18,18:00,0.6726190447807312,0.10320482,0.0,0.32951227
20001_0310_1,3,44783952,2024-05-17,19,19:00,0.0,0.06540649,0.0,0.26565725
20001_0310_1,3,44783952,2024-05-17,20,20:00,0.9624999761581421,0.02937743,0.0,0.18418975
20001_0310_1,3,44783952,2024-05-17,21,21:00,0.0,0.00718096,0.0,0.10963857
20001_0310_1,3,44783952,2024-05-17,22,22:00,0.0,0.0,0.0,0.057685968
20001_0310_1,3,44783952,2024-05-17,23,23:00,,0.020370169,0.0,0.1024006
20001_0310_1,3,44783952,2024-05-18,0,00:00,,0.0,0.0,0.1080332
20001_0310_1,3,44783952,2024-05-18,1,01:00,,0.0,0.0,0.14019507
20001_0310_1,3,44783952,2024-05-18,2,02:00,,0.0,0.0,0.1602331
20001_0310_1,3,44783952,2024-05-18,3,03:00,,0.0,0.0,0.21403265
20001_0310_1,3,44783952,2024-05-18,4,04:00,,0.0,0.0,0.2979734
20001_0310_1,3,44783952,2024-05-18,5,05:00,,0.13564862,0.0,0.55324775
20001_0310_1,3,44783952,2024-05-18,6,06:00,,0.3794726,0.108370006,0.90349215
20001_0310_1,3,44783952,2024-05-18,7,07:00,,0.33030367,0.0043069627,0.9169631
20001_0310_1,3,44783952,2024-05-18,8,08:00,,0.34209076,0.039331406,0.9028186
20001_0310_1,3,44783952,2024-05-18,9,09:00,,0.30875018,0.053307526,0.8273813
20001_0310_1,3,44783952,2024-05-18,10,10:00,,0.09826678,0.0,0.5560261
20001_0310_1,3,44783952,2024-05-18,11,11:00,,0.1194835,0.0,0.53826135
20001_0310_1,3,44783952,2024-05-18,12,12:00,,0.0878268,0.0,0.46130857
20001_0310_1,3,44783952,2024-05-18,13,13:00,,0.06054815,0.0,0.39866874
20001_0310_1,3,44783952,2024-05-18,14,14:00,,0.025860485,0.0,0.33064047
20001_0310_1,3,44783952,2024-05-18,15,15:00,,0.07671328,0.007169558,0.35236236
20001_0310_1,3,44783952,2024-05-18,16,16:00,0.0,0.021145651,0.0,0.28147155
20001_0310_1,3,44783952,2024-05-18,17,17:00,,0.072671995,0.0,0.33434498
20001_0310_1,3,44783952,2024-05-18,18,18:00,,0.0814281,0.0,0.33821782
20001_0310_1,3,44783952,2024-05-18,19,19:00,,0.043372706,0.0,0.2784406
20001_0310_1,3,44783952,2024-05-18,20,20:00,,0.042025603,0.0,0.22960842
20001_0310_1,3,44783952,2024-05-18,21,21:00,,0.002959893,0.0,0.1411212
20001_0310_1,3,44783952,2024-05-18,22,22:00,,0.0,0.0,0.10331837
20001_0310_1,3,44783952,2024-05-18,23,23:00,,0.021819206,0.0019495701,0.14137377
20001_0310_1,3,44783952,2024-05-19,0,00:00,,0.0005969568,0.0,0.09114039
20001_0310_1,3,44783952,2024-05-19,1,01:00,,0.0,0.0,0.10325773
20001_0310_1,3,44783952,2024-05-19,2,02:00,,0.0049726637,0.0,0.14550012
20001_0310_1,3,44783952,2024-05-19,3,03:00,,0.0,0.0,0.19359079
20001_0310_1,3,44783952,2024-05-19,4,04:00,,0.0019433266,0.0,0.29141304
20001_0310_1,3,44783952,2024-05-19,5,05:00,,0.14907642,0.0,0.5494534
20001_0310_1,3,44783952,2024-05-19,6,06:00,,0.3715221,0.111967064,0.8743916
20001_0310_1,3,44783952,2024-05-19,7,07:00,,0.3035304,0.0,0.8710257
20001_0310_1,3,44783952,2024-05-19,8,08:00,,0.2747517,0.0,0.8419104
20001_0310_1,3,44783952,2024-05-19,9,09:00,,0.28266162,0.029207341,0.8148147
20001_0310_1,3,44783952,2024-05-19,10,10:00,,0.10477239,0.0,0.59165365
20001_0310_1,3,44783952,2024-05-19,11,11:00,,0.08945742,0.0,0.5346013
20001_0310_1,3,44783952,2024-05-19,12,12:00,,0.06926186,0.0,0.47283652
20001_0310_1,3,44783952,2024-05-19,13,13:00,,0.0399783,0.0,0.403835
20001_0310_1,3,44783952,2024-05-19,14,14:00,,0.010358144,0.0,0.34156537
20001_0310_1,3,44783952,2024-05-19,15,15:00,,0.045363788,0.0,0.34897038
20001_0310_1,3,44783952,2024-05-19,16,16:00,,0.023148667,0.0,0.31362814
20001_0310_1,3,44783952,2024-05-19,17,17:00,,0.06421297,0.0,0.3508216
20001_0310_1,3,44783952,2024-05-19,18,18:00,,0.09097209,0.0,0.37438315
20001_0310_1,3,44783952,2024-05-19,19,19:00,,0.06353979,0.0,0.31800386
20001_0310_1,3,44783952,2024-05-19,20,20:00,,0.050412677,0.0,0.25472447
20001_0310_1,3,44783952,2024-05-19,21,21:00,,0.01608022,0.0,0.16115166
20001_0310_1,3,44783952,2024-05-19,22,22:00,,0.0,0.0,0.11655314
20001_0310_1,3,44783952,2024-05-19,23,23:00,,0.0066556176,0.0,0.11806779
20001_0310_1,3,44783952,2024-05-20,0,00:00,,0.0013432603,0.0,0.09594726
20001_0310_1,3,44783952,2024-05-20,1,01:00,,0.0063933013,0.0,0.11783075
20001_0310_1,3,44783952,2024-05-20,2,02:00,,0.02693011,0.0020166056,0.16875194
20001_0310_1,3,44783952,2024-05-20,3,03:00,,0.003699948,0.0,0.21121433
20001_0310_1,3,44783952,2024-05-20,4,04:00,,0.015820038,0.0,0.32050553
20001_0310_1,3,44783952,2024-05-20,5,05:00,0.0,0.19547504,0.0,0.6214877
20001_0310_1,3,44783952,2024-05-20,6,06:00,0.0,0.47503665,0.15620053,1.0042803
20001_0310_1,3,44783952,2024-05-20,7,07:00,0.6783232688903809,0.45146978,0.076252125,1.0440073
20001_0310_1,3,44783952,2024-05-20,8,08:00,0.44988346099853516,0.36460918,0.0077400054,0.9531067
20001_0310_1,3,44783952,2024-05-20,9,09:00,0.42028987407684326,0.36662915,0.05032861,0.92549974
20001_0310_1,3,44783952,2024-05-20,10,10:00,0.0,0.12574247,0.0,0.6413932
20001_0310_1,3,44783952,2024-05-20,11,11:00,0.8881118893623352,0.10604733,0.0,0.5881574
20001_0310_1,3,44783952,2024-05-20,12,12:00,0.0,0.10874069,0.0,0.55242836
20001_0310_1,3,44783952,2024-05-20,13,13:00,0.0,0.075073786,0.0,0.47890836
20001_0310_1,3,44783952,2024-05-20,14,14:00,0.0,0.037030187,0.0,0.4002961
20001_0310_1,3,44783952,2024-05-20,15,15:00,0.0,0.048813596,0.0,0.3784126
20001_0310_1,3,44783952,2024-05-20,16,16:00,0.0,0.037366852,0.0,0.34844905
20001_0310_1,3,44783952,2024-05-20,17,17:00,0.0,0.09241225,0.0,0.39339438
20001_0310_1,3,44783952,2024-05-20,18,18:00,0.0,0.09443226,0.0,0.38093764
20001_0310_1,3,44783952,2024-05-20,19,19:00,0.26666667461395266,0.06396371,0.0,0.32016882
20001_0310_1,3,44783952,2024-05-20,20,20:00,0.0,0.06632039,0.0,0.26259845
20001_0310_1,3,44783952,2024-05-20,21,21:00,0.0,0.025583433,0.0,0.16210273
20001_0310_1,3,44783952,2024-05-20,22,22:00,,0.0,0.0,0.10705734
20001_0310_1,3,44783952,2024-05-20,23,23:00,,0.015146699,0.0,0.11345407
20001_0310_1,3,44783952,2024-05-21,0,00:00,,0.0,0.0,0.09373072
20001_0310_1,3,44783952,2024-05-21,1,01:00,,0.0,0.0,0.12390163
20001_0310_1,3,44783952,2024-05-21,2,02:00,,0.0023704774,0.0,0.15407254
20001_0310_1,3,44783952,2024-05-21,3,03:00,,0.0,0.0,0.2013629
20001_0310_1,3,44783952,2024-05-21,4,04:00,0.0,0.0,0.0,0.26848474
20001_0310_1,3,44783952,2024-05-21,5,05:00,0.547149141629537,0.11508764,0.0,0.522734
20001_0310_1,3,44783952,2024-05-21,6,06:00,0.0,0.3756084,0.10483293,0.874615
20001_0310_1,3,44783952,2024-05-21,7,07:00,0.0,0.43391627,0.1064432,0.9946207
20001_0310_1,3,44783952,2024-05-21,8,08:00,0.38669589161872864,0.22017735,0.0,0.7749492
20001_0310_1,3,44783952,2024-05-21,9,09:00,0.0,0.20119339,0.0,0.72308236
20001_0310_1,3,44783952,2024-05-21,10,10:00,0.0,0.08135725,0.0,0.55171835
20001_0310_1,3,44783952,2024-05-21,11,11:00,0.0,0.09101872,0.0,0.52163225
20001_0310_1,3,44783952,2024-05-21,12,12:00,0.0,0.053898327,0.0,0.43561125
20001_0310_1,3,44783952,2024-05-21,13,13:00,0.0,0.021015417,0.0,0.36509943
20001_0310_1,3,44783952,2024-05-21,14,14:00,0.0,0.0,0.0,0.29865563
20001_0310_1,3,44783952,2024-05-21,15,15:00,0.0,0.01321844,0.0,0.29628265
20001_0310_1,3,44783952,2024-05-21,16,16:00,0.0,0.008133459,0.0,0.2796717
20001_0310_1,3,44783952,2024-05-21,17,17:00,0.0,0.06644129,0.0,0.33492854
20001_0310_1,3,44783952,2024-05-21,18,18:00,0.0,0.07050928,0.0,0.33865753
20001_0310_1,3,44783952,2024-05-21,19,19:00,0.0,0.051864333,0.0,0.29560465
20001_0310_1,3,44783952,2024-05-21,20,20:00,0.0,0.047796346,0.0,0.24424627
20001_0310_1,3,44783952,2024-05-21,21,21:00,0.0,0.0094894525,0.0,0.1581829
20001_0310_1,3,44783952,2024-05-21,22,22:00,,0.0,0.0,0.10729068
20001_0310_1,3,44783952,2024-05-21,23,23:00,,0.0040654643,0.0,0.12474913
20001_0310_1,3,44783952,2024-05-22,0,00:00,,0.0,0.0,0.08593555
20001_0310_1,3,44783952,2024-05-22,1,01:00,,0.0,0.0,0.101297684
20001_0310_1,3,44783952,2024-05-22,2,02:00,,0.0,0.0,0.12233714
20001_0310_1,3,44783952,2024-05-22,3,03:00,,0.0,0.0,0.17247277
20001_0310_1,3,44783952,2024-05-22,4,04:00,,0.0,0.0,0.24823985
20001_0310_1,3,44783952,2024-05-22,5,05:00,0.40799395243326825,0.07357905,0.0,0.42072988
20001_0310_1,3,44783952,2024-05-22,6,06:00,0.7291666865348816,0.20457464,0.0,0.6280351
20001_0310_1,3,44783952,2024-05-22,7,07:00,0.32307693362236023,0.24423231,0.0,0.723464
20001_0310_1,3,44783952,2024-05-22,8,08:00,0.6467848420143127,0.18929599,0.0,0.6696131
20001_0310_1,3,44783952,2024-05-22,9,09:00,2.7042253017425537,0.15189254,0.0,0.61129546
20001_0310_1,3,44783952,2024-05-22,10,10:00,0.0,0.06489611,0.0,0.4845161
20001_0310_1,3,44783952,2024-05-22,11,11:00,0.9199999809265137,0.0707404,0.0,0.45546168
20001_0310_1,3,44783952,2024-05-22,12,12:00,0.0,0.040517066,0.0,0.38950467
20001_0310_1,3,44783952,2024-05-22,13,13:00,0.8632478713989258,0.005785289,0.0,0.31569967
20001_0310_1,3,44783952,2024-05-22,14,14:00,0.0,0.0,0.0,0.26393595
20001_0310_1,3,44783952,2024-05-22,15,15:00,0.0,0.0,0.0,0.2515794
20001_0310_1,3,44783952,2024-05-22,16,16:00,0.0,0.0,0.0,0.24089271
20001_0310_1,3,44783952,2024-05-22,17,17:00,0.0,0.0468623,0.0,0.288315
20001_0310_1,3,44783952,2024-05-22,18,18:00,0.0,0.042854782,0.0,0.287981
20001_0310_1,3,44783952,2024-05-22,19,19:00,0.3571428656578064,0.026156818,0.0,0.26059633
20001_0310_1,3,44783952,2024-05-22,20,20:00,0.0,0.025154937,0.0,0.22219098
20001_0310_1,3,44783952,2024-05-22,21,21:00,0.0,0.010460717,0.0,0.16750513
20001_0310_1,3,44783952,2024-05-22,22,22:00,0.0,0.0,0.0,0.1310201
20001_0310_1,3,44783952,2024-05-22,23,23:00,,0.0067871697,0.0,0.14070489
20001_0310_1,3,44783952,2024-05-23,0,00:00,,0.0,0.0,0.12650865
20001_0310_1,3,44783952,2024-05-23,1,01:00,,0.0013027606,0.0,0.16428176
20001_0310_1,3,44783952,2024-05-23,2,02:00,,0.0016549614,0.0,0.20179069
20001_0310_1,3,44783952,2024-05-23,3,03:00,,0.004120331,0.0,0.26985264
20001_0310_1,3,44783952,2024-05-23,4,04:00,,0.019616986,0.0,0.37216577
20001_0310_1,3,44783952,2024-05-23,5,05:00,0.0,0.13091111,0.0,0.5859931
20001_0310_1,3,44783952,2024-05-23,6,06:00,0.7610233783721924,0.25417992,0.0,0.80254996
20001_0310_1,3,44783952,2024-05-23,7,07:00,0.0,0.31616655,0.0,0.9346237
20001_0310_1,3,44783952,2024-05-23,8,08:00,1.0169659852981567,0.315286,0.0,0.9355043
20001_0310_1,3,44783952,2024-05-23,9,09:00,0.0,0.28376445,0.0,0.8817942
20001_0310_1,3,44783952,2024-05-23,10,10:00,1.0,0.15142657,0.0,0.70481545
20001_0310_1,3,44783952,2024-05-23,11,11:00,0.0,0.12906209,0.0,0.64234465
20001_0310_1,3,44783952,2024-05-23,12,12:00,0.0,0.06575475,0.0,0.51727074
20001_0310_1,3,44783952,2024-05-23,13,13:00,0.0,0.029830685,0.0,0.42464304
20001_0310_1,3,44783952,2024-05-23,14,14:00,0.0,0.012573056,0.0,0.35948676
20001_0310_1,3,44783952,2024-05-23,15,15:00,0.0,0.013629643,0.0,0.32708466
20001_0310_1,3,44783952,2024-05-23,16,16:00,0.0,0.004120338,0.0,0.29785234
20001_0310_1,3,44783952,2024-05-23,17,17:00,0.0,0.037931215,0.0,0.327789
20001_0310_1,3,44783952,2024-05-23,18,18:00,0.0,0.053780053,0.0,0.34539887
20001_0310_1,3,44783952,2024-05-23,19,19:00,0.0,0.047088318,0.0,0.32638022
20001_0310_1,3,44783952,2024-05-23,20,20:00,0.0,0.028421903,0.0,0.2742551
20001_0310_1,3,44783952,2024-05-23,21,21:00,0.0,0.007994495,0.0,0.20883462
20001_0310_1,3,44783952,2024-05-23,22,22:00,0.0,0.0,0.0,0.17141372
20001_0310_1,3,44783952,2024-05-23,23,23:00,,0.00306375,0.0,0.17449546
20001_0310_1,3,44783952,2024-05-24,0,00:00,,0.0,0.0,0.082849436
20001_0310_1,3,44783952,2024-05-24,1,01:00,,0.0,0.0,0.119370036
20001_0310_1,3,44783952,2024-05-24,2,02:00,,0.0,0.0,0.16279085
20001_0310_1,3,44783952,2024-05-24,3,03:00,,0.0,0.0,0.2156363
20001_0310_1,3,44783952,2024-05-24,4,04:00,,0.0,0.0,0.30163643
20001_0310_1,3,44783952,2024-05-24,5,05:00,0.0,0.11230153,0.0,0.5289646
20001_0310_1,3,44783952,2024-05-24,6,06:00,0.0,0.2609084,0.0,0.7742163
20001_0310_1,3,44783952,2024-05-24,7,07:00,0.3256613612174988,0.2824505,0.0,0.87216556
20001_0310_1,3,44783952,2024-05-24,8,08:00,0.0,0.29086536,0.0,0.8839464
20001_0310_1,3,44783952,2024-05-24,9,09:00,0.0,0.2609084,0.0,0.83614993
20001_0310_1,3,44783952,2024-05-24,10,10:00,0.5037037134170532,0.12610196,0.0,0.66011053
20001_0310_1,3,44783952,2024-05-24,11,11:00,0.5384615262349447,0.14596106,0.0,0.63950455
20001_0310_1,3,44783952,2024-05-24,12,12:00,0.3541666567325592,0.060634136,0.0,0.49383235
20001_0310_1,3,44783952,2024-05-24,13,13:00,0.0,0.015530359,0.0,0.39251718
20001_0310_1,3,44783952,2024-05-24,14,14:00,0.0,0.0,0.0,0.32452488
20001_0310_1,3,44783952,2024-05-24,15,15:00,0.0,0.0,0.0,0.287836
20001_0310_1,3,44783952,2024-05-24,16,16:00,0.0,0.0,0.0,0.24845436
20001_0310_1,3,44783952,2024-05-24,17,17:00,0.0,0.0020665503,0.0,0.2528301
20001_0310_1,3,44783952,2024-05-24,18,18:00,0.0,0.038082253,0.0,0.27841136
20001_0310_1,3,44783952,2024-05-24,19,19:00,0.0,0.024618441,0.0,0.25013736
20001_0310_1,3,44783952,2024-05-24,20,20:00,0.0,0.027647793,0.0,0.21866569
20001_0310_1,3,44783952,2024-05-24,21,21:00,0.0,0.0027397312,0.0,0.15479669
20001_0310_1,3,44783952,2024-05-24,22,22:00,0.0,0.0,0.0,0.11852852
20001_0310_1,3,44783952,2024-05-24,23,23:00,,0.003076335,0.0,0.132918
20001_0310_1,3,44783952,2024-05-25,0,00:00,,0.0,0.0,0.056663286
20001_0310_1,3,44783952,2024-05-25,1,01:00,,0.0,0.0,0.09052984
20001_0310_1,3,44783952,2024-05-25,2,02:00,,0.0021464336,0.0,0.12092711
20001_0310_1,3,44783952,2024-05-25,3,03:00,,0.0,0.0,0.15966713
20001_0310_1,3,44783952,2024-05-25,4,04:00,,0.0,0.0,0.22558299
20001_0310_1,3,44783952,2024-05-25,5,05:00,,0.06360181,0.0,0.3867381
20001_0310_1,3,44783952,2024-05-25,6,06:00,,0.1388516,0.0,0.5465716
20001_0310_1,3,44783952,2024-05-25,7,07:00,,0.15702388,0.0,0.6368548
20001_0310_1,3,44783952,2024-05-25,8,08:00,,0.22269192,0.0,0.712848
20001_0310_1,3,44783952,2024-05-25,9,09:00,,0.214597,0.0,0.69632787
20001_0310_1,3,44783952,2024-05-25,10,10:00,,0.10457204,0.0,0.5545839
20001_0310_1,3,44783952,2024-05-25,11,11:00,,0.09730314,0.0,0.5158026
20001_0310_1,3,44783952,2024-05-25,12,12:00,,0.045759924,0.0,0.42076984
20001_0310_1,3,44783952,2024-05-25,13,13:00,,0.02626601,0.0,0.35964486
20001_0310_1,3,44783952,2024-05-25,14,14:00,,0.0,0.0,0.2853037
20001_0310_1,3,44783952,2024-05-25,15,15:00,,0.0037984648,0.0,0.25655845
20001_0310_1,3,44783952,2024-05-25,16,16:00,,0.0,0.0,0.19997655
20001_0310_1,3,44783952,2024-05-25,17,17:00,,0.0,0.0,0.18684295
20001_0310_1,3,44783952,2024-05-25,18,18:00,,0.013380213,0.0,0.19146864
20001_0310_1,3,44783952,2024-05-25,19,19:00,,0.020649124,0.0,0.18700817
20001_0310_1,3,44783952,2024-05-25,20,20:00,,0.010076163,0.0,0.15029188
20001_0310_1,3,44783952,2024-05-25,21,21:00,,0.0,0.0,0.096642315
20001_0310_1,3,44783952,2024-05-25,22,22:00,,0.0,0.0,0.07632239
20001_0310_1,3,44783952,2024-05-25,23,23:00,,0.012058588,0.0,0.10242441
20001_0310_1,3,44783952,2024-05-26,0,00:00,,0.0,0.0,0.06730823
20001_0310_1,3,44783952,2024-05-26,1,01:00,,0.0,0.0,0.079469964
20001_0310_1,3,44783952,2024-05-26,2,02:00,,0.00839491,0.0,0.12337855
20001_0310_1,3,44783952,2024-05-26,3,03:00,,0.0,0.0,0.14339803
20001_0310_1,3,44783952,2024-05-26,4,04:00,,0.0020771255,0.0,0.22667432
20001_0310_1,3,44783952,2024-05-26,5,05:00,,0.10489904,0.0,0.41146943
20001_0310_1,3,44783952,2024-05-26,6,06:00,,0.20693123,0.013133234,0.60021317
20001_0310_1,3,44783952,2024-05-26,7,07:00,,0.20961627,0.0,0.6728677
20001_0310_1,3,44783952,2024-05-26,8,08:00,,0.29364282,0.03145482,0.77095133
20001_0310_1,3,44783952,2024-05-26,9,09:00,,0.27721658,0.031296868,0.74441665
20001_0310_1,3,44783952,2024-05-26,10,10:00,,0.113586,0.0,0.5478546
20001_0310_1,3,44783952,2024-05-26,11,11:00,,0.15054502,0.0,0.54311633
20001_0310_1,3,44783952,2024-05-26,12,12:00,,0.06493907,0.0,0.40641525
20001_0310_1,3,44783952,2024-05-26,13,13:00,,0.035877265,0.0,0.3241261
20001_0310_1,3,44783952,2024-05-26,14,14:00,,0.010922025,0.0,0.25763145
20001_0310_1,3,44783952,2024-05-26,15,15:00,,0.009658471,0.0,0.21293314
20001_0310_1,3,44783952,2024-05-26,16,16:00,,0.0,0.0,0.17842223
20001_0310_1,3,44783952,2024-05-26,17,17:00,,0.004920128,0.0,0.17202546
20001_0310_1,3,44783952,2024-05-26,18,18:00,,0.034929603,0.0,0.20582561
20001_0310_1,3,44783952,2024-05-26,19,19:00,,0.034297816,0.0,0.1993499
20001_0310_1,3,44783952,2024-05-26,20,20:00,,0.023241695,0.0,0.17036706
20001_0310_1,3,44783952,2024-05-26,21,21:00,,0.0,0.0,0.111058876
20001_0310_1,3,44783952,2024-05-26,22,22:00,,0.0,0.0,0.09368497
20001_0310_1,3,44783952,2024-05-26,23,23:00,,0.0,0.0,0.1033196
20001_0310_1,3,44783952,2024-05-27,0,00:00,,0.0,0.0,0.08632314
20001_0310_1,3,44783952,2024-05-27,1,01:00,,0.00054044556,0.0,0.11855087
20001_0310_1,3,44783952,2024-05-27,2,02:00,,0.009703241,0.0,0.15820365
20001_0310_1,3,44783952,2024-05-27,3,03:00,,0.0,0.0,0.19880427
20001_0310_1,3,44783952,2024-05-27,4,04:00,,0.016654322,0.0,0.2928019
20001_0310_1,3,44783952,2024-05-27,5,05:00,0.0,0.081109814,0.0,0.44525176
20001_0310_1,3,44783952,2024-05-27,6,06:00,0.6988552212715149,0.1570978,0.0,0.6021646
20001_0310_1,3,44783952,2024-05-27,7,07:00,0.0,0.193433,0.0,0.69928235
20001_0310_1,3,44783952,2024-05-27,8,08:00,0.809442138671875,0.24856772,0.0,0.7626319
20001_0310_1,3,44783952,2024-05-27,9,09:00,0.0,0.23766716,0.0,0.7416207
20001_0310_1,3,44783952,2024-05-27,10,10:00,0.0,0.12455408,0.0,0.5921724
20001_0310_1,3,44783952,2024-05-27,11,11:00,0.4750930666923523,0.11626018,0.0,0.54329765
20001_0310_1,3,44783952,2024-05-27,12,12:00,0.0,0.056149114,0.0,0.43024376
20001_0310_1,3,44783952,2024-05-27,13,13:00,0.0,0.02644903,0.0,0.34272328
20001_0310_1,3,44783952,2024-05-27,14,14:00,0.0,0.008755362,0.0,0.2792157
20001_0310_1,3,44783952,2024-05-27,15,15:00,0.0,0.0021202427,0.0,0.23261184
20001_0310_1,3,44783952,2024-05-27,16,16:00,0.0,0.00022448972,0.0,0.21002081
20001_0310_1,3,44783952,2024-05-27,17,17:00,0.0,0.012230907,0.0,0.21349633
20001_0310_1,3,44783952,2024-05-27,18,18:00,0.22483277320861816,0.028028822,0.0,0.23182192
20001_0310_1,3,44783952,2024-05-27,19,19:00,0.0,0.03371607,0.0,0.23134802
20001_0310_1,3,44783952,2024-05-27,20,20:00,0.0,0.028976696,0.0,0.20733517
20001_0310_1,3,44783952,2024-05-27,21,21:00,0.0,0.0033840716,0.0,0.15441214
20001_0310_1,3,44783952,2024-05-27,22,22:00,0.0,0.0,0.0,0.13280849
20001_0310_1,3,44783952,2024-05-27,23,23:00,,0.0,0.0,0.13529666
20001_0310_1,3,44783952,2024-05-28,0,00:00,,0.0,0.0,0.06927527
20001_0310_1,3,44783952,2024-05-28,1,01:00,,0.0,0.0,0.092813626
20001_0310_1,3,44783952,2024-05-28,2,02:00,,0.0,0.0,0.11953283
20001_0310_1,3,44783952,2024-05-28,3,03:00,,0.0,0.0,0.1583791
20001_0310_1,3,44783952,2024-05-28,4,04:00,,0.0,0.0,0.22147939
20001_0310_1,3,44783952,2024-05-28,5,05:00,0.0,0.05353002,0.0,0.36557227
20001_0310_1,3,44783952,2024-05-28,6,06:00,0.0,0.12525839,0.0,0.52028126
20001_0310_1,3,44783952,2024-05-28,7,07:00,0.0,0.15364756,0.0,0.61375874
20001_0310_1,3,44783952,2024-05-28,8,08:00,0.42949525515238446,0.19444206,0.0,0.6666406
20001_0310_1,3,44783952,2024-05-28,9,09:00,0.0,0.19555537,0.0,0.6601197
20001_0310_1,3,44783952,2024-05-28,10,10:00,0.0,0.100606725,0.0,0.53578794
20001_0310_1,3,44783952,2024-05-28,11,11:00,0.0,0.10283333,0.0,0.5051126
20001_0310_1,3,44783952,2024-05-28,12,12:00,0.7797752618789673,0.043351267,0.0,0.40024364
20001_0310_1,3,44783952,2024-05-28,13,13:00,0.0,0.019176738,0.0,0.32517537
20001_0310_1,3,44783952,2024-05-28,14,14:00,0.0,0.0026362748,0.0,0.2628305
20001_0310_1,3,44783952,2024-05-28,15,15:00,0.0,0.0,0.0,0.21734428
20001_0310_1,3,44783952,2024-05-28,16,16:00,0.0,0.0,0.0,0.19555537
20001_0310_1,3,44783952,2024-05-28,17,17:00,0.0,0.010270333,0.0,0.20398465
20001_0310_1,3,44783952,2024-05-28,18,18:00,0.0,0.02267569,0.0,0.21734422
20001_0310_1,3,44783952,2024-05-28,19,19:00,0.533774733543396,0.020767165,0.0,0.20843785
20001_0310_1,3,44783952,2024-05-28,20,20:00,0.0,0.010906507,0.0,0.17559546
20001_0310_1,3,44783952,2024-05-28,21,21:00,0.0,0.0,0.0,0.13142131
20001_0310_1,3,44783952,2024-05-28,22,22:00,0.0,0.0,0.0,0.115000114
20001_0310_1,3,44783952,2024-05-28,23,23:00,,0.0,0.0,0.12724641
20001_0310_1,3,44783952,2024-05-29,0,00:00,,0.0,0.0,0.09159994
20001_0310_1,3,44783952,2024-05-29,1,01:00,,0.0,0.0,0.11825262
20001_0310_1,3,44783952,2024-05-29,2,02:00,,0.0,0.0,0.15490961
20001_0310_1,3,44783952,2024-05-29,3,03:00,,0.0,0.0,0.20829137
20001_0310_1,3,44783952,2024-05-29,4,04:00,,0.024700938,0.0,0.3072652
20001_0310_1,3,44783952,2024-05-29,5,05:00,0.0,0.08885068,0.0,0.4648139
20001_0310_1,3,44783952,2024-05-29,6,06:00,0.0,0.19989079,0.0,0.66115797
20001_0310_1,3,44783952,2024-05-29,7,07:00,0.5126243591308594,0.23776968,0.0,0.7619646
20001_0310_1,3,44783952,2024-05-29,8,08:00,0.35567405819892883,0.30482143,0.008205341,0.8473449
20001_0310_1,3,44783952,2024-05-29,9,09:00,0.8536177277565002,0.24403192,0.0,0.78502804
20001_0310_1,3,44783952,2024-05-29,10,10:00,0.0,0.12459123,0.0,0.6420657
20001_0310_1,3,44783952,2024-05-29,11,11:00,0.0,0.13696297,0.0,0.62618107
20001_0310_1,3,44783952,2024-05-29,12,12:00,0.0,0.06807838,0.0,0.50975686
20001_0310_1,3,44783952,2024-05-29,13,13:00,0.0,0.04364038,0.0,0.42968425
20001_0310_1,3,44783952,2024-05-29,14,14:00,0.0,0.010343614,0.0,0.34514412
20001_0310_1,3,44783952,2024-05-29,15,15:00,0.0,0.012787415,0.0,0.3026831
20001_0310_1,3,44783952,2024-05-29,16,16:00,0.0,0.0,0.0,0.2599166
20001_0310_1,3,44783952,2024-05-29,17,17:00,0.0,0.016453112,0.0,0.26297137
20001_0310_1,3,44783952,2024-05-29,18,18:00,0.0,0.019507868,0.0,0.25900018
20001_0310_1,3,44783952,2024-05-29,19,19:00,0.0,0.019202387,0.0,0.24586475
20001_0310_1,3,44783952,2024-05-29,20,20:00,0.0,0.00912172,0.0,0.20508388
20001_0310_1,3,44783952,2024-05-29,21,21:00,0.0,0.0,0.0,0.15536784
20001_0310_1,3,44783952,2024-05-29,22,22:00,0.0,0.0,0.0,0.14234695
20001_0310_1,3,44783952,2024-05-29,23,23:00,,0.0,0.0,0.15025114
20001_0310_1,3,44783952,2024-05-30,0,00:00,,0.0,0.0,0.061974775
20001_0310_1,3,44783952,2024-05-30,1,01:00,,0.0,0.0,0.08627648
20001_0310_1,3,44783952,2024-05-30,2,02:00,,0.0012959938,0.0,0.11254043
20001_0310_1,3,44783952,2024-05-30,3,03:00,,0.0,0.0,0.14072888
20001_0310_1,3,44783952,2024-05-30,4,04:00,,0.0,0.0,0.19842656
20001_0310_1,3,44783952,2024-05-30,5,05:00,,0.047786206,0.0,0.32763314
20001_0310_1,3,44783952,2024-05-30,6,06:00,,0.14284208,0.0,0.49676397
20001_0310_1,3,44783952,2024-05-30,7,07:00,,0.13487987,0.0,0.5536691
20001_0310_1,3,44783952,2024-05-30,8,08:00,,0.24959597,0.01684302,0.6824983
20001_0310_1,3,44783952,2024-05-30,9,09:00,,0.19601148,0.0,0.63072515
20001_0310_1,3,44783952,2024-05-30,10,10:00,,0.10801217,0.0,0.5208014
20001_0310_1,3,44783952,2024-05-30,11,11:00,,0.12537052,0.0,0.5103015
20001_0310_1,3,44783952,2024-05-30,12,12:00,,0.051710706,0.0,0.39238736
20001_0310_1,3,44783952,2024-05-30,13,13:00,,0.026654292,0.0,0.31933132
20001_0310_1,3,44783952,2024-05-30,14,14:00,,0.0,0.0,0.24401112
20001_0310_1,3,44783952,2024-05-30,15,15:00,,0.005824263,0.0,0.2189547
20001_0310_1,3,44783952,2024-05-30,16,16:00,,0.0,0.0,0.1742758
20001_0310_1,3,44783952,2024-05-30,17,17:00,,0.0,0.0,0.17518145
20001_0310_1,3,44783952,2024-05-30,18,18:00,,0.027258063,0.0,0.20355861
20001_0310_1,3,44783952,2024-05-30,19,19:00,,0.013673261,0.0,0.18167198
20001_0310_1,3,44783952,2024-05-30,20,20:00,,0.0052204924,0.0,0.14537038
20001_0310_1,3,44783952,2024-05-30,21,21:00,,0.0,0.0,0.10559708
20001_0310_1,3,44783952,2024-05-30,22,22:00,,0.0,0.0,0.08174821
20001_0310_1,3,44783952,2024-05-30,23,23:00,,0.003711073,0.0,0.09578584
20001_0310_1,3,44783952,2024-05-31,0,00:00,,0.0,0.0,0.06532352
20001_0310_1,3,44783952,2024-05-31,1,01:00,,0.0,0.0,0.08651134
20001_0310_1,3,44783952,2024-05-31,2,02:00,,0.0,0.0,0.110745765
20001_0310_1,3,44783952,2024-05-31,3,03:00,,0.0,0.0,0.14609338
20001_0310_1,3,44783952,2024-05-31,4,04:00,,0.0,0.0,0.20602168
20001_0310_1,3,44783952,2024-05-31,5,05:00,,0.05230617,0.0,0.3346719
20001_0310_1,3,44783952,2024-05-31,6,06:00,,0.14398155,0.0,0.501474
20001_0310_1,3,44783952,2024-05-31,7,07:00,,0.15596028,0.0,0.5729309
20001_0310_1,3,44783952,2024-05-31,8,08:00,,0.26390737,0.008961186,0.6984652
20001_0310_1,3,44783952,2024-05-31,9,09:00,,0.22402439,0.0,0.65553564
20001_0310_1,3,44783952,2024-05-31,10,10:00,,0.13691895,0.0,0.5432264
20001_0310_1,3,44783952,2024-05-31,11,11:00,,0.17458616,0.0,0.55084294
20001_0310_1,3,44783952,2024-05-31,12,12:00,,0.09038884,0.0,0.42480662
20001_0310_1,3,44783952,2024-05-31,13,13:00,,0.044274185,0.0,0.33259463
20001_0310_1,3,44783952,2024-05-31,14,14:00,,0.025163613,0.0,0.27664775
20001_0310_1,3,44783952,2024-05-31,15,15:00,,0.02516361,0.0,0.24022685
20001_0310_1,3,44783952,2024-05-31,16,16:00,,0.0024524913,0.0,0.19217344
20001_0310_1,3,44783952,2024-05-31,17,17:00,,0.018793417,0.0,0.19826666
20001_0310_1,3,44783952,2024-05-31,18,18:00,,0.045935977,0.0,0.22319351
20001_0310_1,3,44783952,2024-05-31,19,19:00,,0.042889364,0.0,0.21488453
20001_0310_1,3,44783952,2024-05-31,20,20:00,,0.023224857,0.0,0.17389375
20001_0310_1,3,44783952,2024-05-31,21,21:00,,0.0027294606,0.0,0.12459401
20001_0310_1,3,44783952,2024-05-31,22,22:00,,0.0,0.0,0.10364855
20001_0310_1,3,44783952,2024-05-31,23,23:00,,0.0,0.0,0.10378701
20001_0310_1,4,44784227,2024-05-01,0,00:00,,0.0,0.0,0.5363072
20001_0310_1,4,44784227,2024-05-01,1,01:00,,0.005372107,0.0,0.61729735
20001_0310_1,4,44784227,2024-05-01,2,02:00,,0.0,0.0,0.7522809
20001_0310_1,4,44784227,2024-05-01,3,03:00,,0.0,0.0,0.88951415
20001_0310_1,4,44784227,2024-05-01,4,04:00,,0.4328199,0.0,1.9468849
20001_0310_1,4,44784227,2024-05-01,5,05:00,,4.140367,2.5813074,6.1696186
20001_0310_1,4,44784227,2024-05-01,6,06:00,,7.258486,5.26073,9.652193
20001_0310_1,4,44784227,2024-05-01,7,07:00,,4.9097724,2.7522864,7.4564605
20001_0310_1,4,44784227,2024-05-01,8,08:00,,4.93677,2.9412637,7.3304777
20001_0310_1,4,44784227,2024-05-01,9,09:00,,3.8479025,2.1054902,6.066131
20001_0310_1,4,44784227,2024-05-01,10,10:00,,2.213196,0.66819733,4.2700067
20001_0310_1,4,44784227,2024-05-01,11,11:00,,1.67045,0.21572155,3.6443026
20001_0310_1,4,44784227,2024-05-01,12,12:00,,2.2674708,0.92438465,4.143741
20001_0310_1,4,44784227,2024-05-01,13,13:00,,2.4350753,1.1639806,4.212358
20001_0310_1,4,44784227,2024-05-01,14,14:00,,1.5576825,0.40807298,3.1932328
20001_0310_1,4,44784227,2024-05-01,15,15:00,,1.1212357,0.13135654,2.5655591
20001_0310_1,4,44784227,2024-05-01,16,16:00,,0.7252841,0.0,2.007065
20001_0310_1,4,44784227,2024-05-01,17,17:00,,0.9660047,0.12685727,2.1448607
20001_0310_1,4,44784227,2024-05-01,18,18:00,,1.0020005,0.23709378,2.1549847
20001_0310_1,4,44784227,2024-05-01,19,19:00,,0.72078466,0.034618475,1.8059958
20001_0310_1,4,44784227,2024-05-01,20,20:00,,0.32933253,0.0,1.3259608
20001_0310_1,4,44784227,2024-05-01,21,21:00,,0.36082873,0.0,1.1999762
20001_0310_1,4,44784227,2024-05-01,22,22:00,,0.40582314,0.0,1.193227
20001_0310_1,4,44784227,2024-05-01,23,23:00,,0.13585612,0.0,0.85126877
20001_0310_1,4,44784227,2024-05-02,0,00:00,,0.009594236,0.0,0.5141834
20001_0310_1,4,44784227,2024-05-02,1,01:00,,0.094436646,0.0,0.5856298
20001_0310_1,4,44784227,2024-05-02,2,02:00,,0.014059611,0.0,0.6258182
20001_0310_1,4,44784227,2024-05-02,3,03:00,,0.0,0.0,0.81336474
20001_0310_1,4,44784227,2024-05-02,4,04:00,,0.58562976,0.0,1.8314741
20001_0310_1,4,44784227,2024-05-02,5,05:00,,4.265113,2.8808413,5.9574966
20001_0310_1,4,44784227,2024-05-02,6,06:00,,7.3819566,5.6404533,9.418175
20001_0310_1,4,44784227,2024-05-02,7,07:00,,4.631275,2.7178545,6.8103867
20001_0310_1,4,44784227,2024-05-02,8,08:00,,5.1403294,3.3541727,7.185479
20001_0310_1,4,44784227,2024-05-02,9,09:00,,4.2159934,2.6620374,6.1271815
20001_0310_1,4,44784227,2024-05-02,10,10:00,,2.5548677,1.119244,4.338792
20001_0310_1,4,44784227,2024-05-02,11,11:00,,1.9989264,0.6542852,3.7599654
20001_0310_1,4,44784227,2024-05-02,12,12:00,,2.6129174,1.3201867,4.3075337
20001_0310_1,4,44784227,2024-05-02,13,13:00,,2.5704966,1.3603753,4.2226915
20001_0310_1,4,44784227,2024-05-02,14,14:00,,1.753888,0.6516339,3.2393284
20001_0310_1,4,44784227,2024-05-02,15,15:00,,1.3581425,0.41706115,2.6631532
20001_0310_1,4,44784227,2024-05-02,16,16:00,,0.89374185,0.11006547,2.001717
20001_0310_1,4,44784227,2024-05-02,17,17:00,,1.0143075,0.2596562,1.9911119
20001_0310_1,4,44784227,2024-05-02,18,18:00,,1.0366343,0.33333513,1.9634821
20001_0310_1,4,44784227,2024-05-02,19,19:00,,0.8066666,0.18820986,1.6662545
20001_0310_1,4,44784227,2024-05-02,20,20:00,,0.45166802,0.0,1.2241808
20001_0310_1,4,44784227,2024-05-02,21,21:00,,0.45166802,0.036386546,1.1103134
20001_0310_1,4,44784227,2024-05-02,22,22:00,,0.5141835,0.15695213,1.1192441
20001_0310_1,4,44784227,2024-05-02,23,23:00,,0.23732921,0.0,0.81336474
20001_0310_1,4,44784227,2024-05-03,0,00:00,,0.021855082,0.0,0.43568707
20001_0310_1,4,44784227,2024-05-03,1,01:00,,0.048553884,0.0,0.44458663
20001_0310_1,4,44784227,2024-05-03,2,02:00,,0.01740525,0.0,0.5424823
20001_0310_1,4,44784227,2024-05-03,3,03:00,,0.0,0.0,0.7516232
20001_0310_1,4,44784227,2024-05-03,4,04:00,,0.61812896,0.0,1.727243
20001_0310_1,4,44784227,2024-05-03,5,05:00,,4.137925,2.7940838,5.673108
20001_0310_1,4,44784227,2024-05-03,6,06:00,,6.954652,5.228127,8.805771
20001_0310_1,4,44784227,2024-05-03,7,07:00,,4.4627604,2.6294405,6.482972
20001_0310_1,4,44784227,2024-05-03,8,08:00,,4.889942,3.1945665,6.741061
20001_0310_1,4,44784227,2024-05-03,9,09:00,,3.8887358,2.4392118,5.5707626
20001_0310_1,4,44784227,2024-05-03,10,10:00,,2.260107,0.973001,3.7652538
20001_0310_1,4,44784227,2024-05-03,11,11:00,,1.7341957,0.56264544,3.1657813
20001_0310_1,4,44784227,2024-05-03,12,12:00,,2.5315452,1.4329995,3.916547
20001_0310_1,4,44784227,2024-05-03,13,13:00,,2.5938425,1.5748372,3.933234
20001_0310_1,4,44784227,2024-05-03,14,14:00,,1.7603384,0.8190655,2.9638715
20001_0310_1,4,44784227,2024-05-03,15,15:00,,1.4524676,0.6359283,2.4892719
20001_0310_1,4,44784227,2024-05-03,16,16:00,,0.92071563,0.23544565,1.803446
20001_0310_1,4,44784227,2024-05-03,17,17:00,,1.0252861,0.33111647,1.7920433
20001_0310_1,4,44784227,2024-05-03,18,18:00,,0.9852379,0.34669077,1.73503
20001_0310_1,4,44784227,2024-05-03,19,19:00,,0.7805469,0.20207219,1.4613671
20001_0310_1,4,44784227,2024-05-03,20,20:00,,0.3733897,0.0,0.9919127
20001_0310_1,4,44784227,2024-05-03,21,21:00,,0.43123713,0.061903283,0.9229406
20001_0310_1,4,44784227,2024-05-03,22,22:00,,0.36893985,0.0574535,0.78277177
20001_0310_1,4,44784227,2024-05-03,23,23:00,,0.14199978,0.0,0.5335827
20001_0310_1,4,44784227,2024-05-04,0,00:00,,0.0,0.0,0.33561254
20001_0310_1,4,44784227,2024-05-04,1,01:00,,0.032248415,0.0,0.36594895
20001_0310_1,4,44784227,2024-05-04,2,02:00,,0.0,0.0,0.42662185
20001_0310_1,4,44784227,2024-05-04,3,03:00,,0.0,0.0,0.66064554
20001_0310_1,4,44784227,2024-05-04,4,04:00,,0.58263755,0.0,1.6135339
20001_0310_1,4,44784227,2024-05-04,5,05:00,,3.9543128,2.6780164,5.4017935
20001_0310_1,4,44784227,2024-05-04,6,06:00,,6.6975913,5.07676,8.465771
20001_0310_1,4,44784227,2024-05-04,7,07:00,,4.54804,2.823198,6.4375653
20001_0310_1,4,44784227,2024-05-04,8,08:00,,4.981417,3.39959,6.6629214
20001_0310_1,4,44784227,2024-05-04,9,09:00,,3.8373008,2.524167,5.297782
20001_0310_1,4,44784227,2024-05-04,10,10:00,,2.1232939,1.0149314,3.3855054
20001_0310_1,4,44784227,2024-05-04,11,11:00,,1.6243682,0.6508944,2.8004458
20001_0310_1,4,44784227,2024-05-04,12,12:00,,2.272809,1.3529656,3.4006734
20001_0310_1,4,44784227,2024-05-04,13,13:00,,2.3605678,1.5100651,3.449428
20001_0310_1,4,44784227,2024-05-04,14,14:00,,1.5707378,0.7836164,2.5301268
20001_0310_1,4,44784227,2024-05-04,15,15:00,,1.4060545,0.7245687,2.2251375
20001_0310_1,4,44784227,2024-05-04,16,16:00,,0.8881686,0.31177667,1.5512358
20001_0310_1,4,44784227,2024-05-04,17,17:00,,1.089689,0.51546407,1.6612052
20001_0310_1,4,44784227,2024-05-04,18,18:00,,1.0875221,0.5739701,1.6398073
20001_0310_1,4,44784227,2024-05-04,19,19:00,,0.82749575,0.39195153,1.3237127
20001_0310_1,4,44784227,2024-05-04,20,20:00,,0.40061906,0.05825106,0.8534984
20001_0310_1,4,44784227,2024-05-04,21,21:00,,0.43962303,0.16226159,0.8209951
20001_0310_1,4,44784227,2024-05-04,22,22:00,,0.3572813,0.114590034,0.7126507
20001_0310_1,4,44784227,2024-05-04,23,23:00,,0.19693176,0.0,0.53063226
20001_0310_1,4,44784227,2024-05-05,0,00:00,,0.0,0.0,0.3176977
20001_0310_1,4,44784227,2024-05-05,1,01:00,,0.015068311,0.0,0.36093053
20001_0310_1,4,44784227,2024-05-05,2,02:00,,0.028038092,0.0,0.4560426
20001_0310_1,4,44784227,2024-05-05,3,03:00,,0.0,0.0,0.5814176
20001_0310_1,4,44784227,2024-05-05,4,04:00,,0.5727711,0.0,1.5557762
20001_0310_1,4,44784227,2024-05-05,5,05:00,,3.9838371,2.764673,5.401872
20001_0310_1,4,44784227,2024-05-05,6,06:00,,6.387579,4.8052597,8.151475
20001_0310_1,4,44784227,2024-05-05,7,07:00,0.0,4.2778196,2.5679634,6.1627684
20001_0310_1,4,44784227,2024-05-05,8,08:00,,4.969544,3.391548,6.7075014
20001_0310_1,4,44784227,2024-05-05,9,09:00,,3.8411686,2.5139227,5.3932257
20001_0310_1,4,44784227,2024-05-05,10,10:00,0.0,2.0978072,0.94133055,3.4877405
20001_0310_1,4,44784227,2024-05-05,11,11:00,,1.5806352,0.54737186,2.8862648
20001_0310_1,4,44784227,2024-05-05,12,12:00,,2.3280218,1.3369104,3.588257
20001_0310_1,4,44784227,2024-05-05,13,13:00,,2.440427,1.5006546,3.648783
20001_0310_1,4,44784227,2024-05-05,14,14:00,,1.5174072,0.6511303,2.6203833
20001_0310_1,4,44784227,2024-05-05,15,15:00,,1.2861118,0.52197254,2.2512836
20001_0310_1,4,44784227,2024-05-05,16,16:00,,0.7867733,0.086402416,1.6190041
20001_0310_1,4,44784227,2024-05-05,17,17:00,,0.9510579,0.25501034,1.7011465
20001_0310_1,4,44784227,2024-05-05,18,18:00,,1.04617,0.423618,1.7859907
20001_0310_1,4,44784227,2024-05-05,19,19:00,,0.76299524,0.25068694,1.4114869
20001_0310_1,4,44784227,2024-05-05,20,20:00,,0.44307277,0.041007925,0.99861383
20001_0310_1,4,44784227,2024-05-05,21,21:00,,0.40416324,0.10153386,0.8213595
20001_0310_1,4,44784227,2024-05-05,22,22:00,,0.34363738,0.105857134,0.7370556
20001_0310_1,4,44784227,2024-05-05,23,23:00,,0.20529251,0.0,0.56844777
20001_0310_1,4,44784227,2024-05-06,0,00:00,,0.0,0.0,0.33113372
20001_0310_1,4,44784227,2024-05-06,1,01:00,,0.023092568,0.0,0.40055147
20001_0310_1,4,44784227,2024-05-06,2,02:00,,0.11854192,0.0,0.6261591
20001_0310_1,4,44784227,2024-05-06,3,03:00,,0.0,0.0,0.7259469
20001_0310_1,4,44784227,2024-05-06,4,04:00,,0.48732364,0.0,1.6392239
20001_0310_1,4,44784227,2024-05-06,5,05:00,1.1410539150238037,4.1708016,2.7932935,5.7500544
20001_0310_1,4,44784227,2024-05-06,6,06:00,0.9278119802474976,6.9344945,5.199052,8.843481
20001_0310_1,4,44784227,2024-05-06,7,07:00,1.0516562461853027,4.6697416,2.784617,6.70021
20001_0310_1,4,44784227,2024-05-06,8,08:00,0.6754385828971863,5.4420137,3.6458302,7.3770323
20001_0310_1,4,44784227,2024-05-06,9,09:00,0.9411764740943909,4.1838174,2.6023948,5.9626465
20001_0310_1,4,44784227,2024-05-06,10,10:00,2.1812849044799805,1.7487738,0.31906703,3.386463
20001_0310_1,4,44784227,2024-05-06,11,11:00,0.0,1.4667643,0.15921646,3.005343
20001_0310_1,4,44784227,2024-05-06,12,12:00,0.435897429784139,2.4960988,1.2471222,3.9918337
20001_0310_1,4,44784227,2024-05-06,13,13:00,0.4375,2.4635594,1.3295559,3.8497448
20001_0310_1,4,44784227,2024-05-06,14,14:00,0.0,1.5242509,0.49871242,2.78082
20001_0310_1,4,44784227,2024-05-06,15,15:00,0.0,1.4309708,0.5263711,2.4939296
20001_0310_1,4,44784227,2024-05-06,16,16:00,0.40909091631571454,0.88647556,0.10118755,1.7805
20001_0310_1,4,44784227,2024-05-06,17,17:00,0.8681408564249674,1.0686971,0.31594858,1.8122258
20001_0310_1,4,44784227,2024-05-06,18,18:00,0.0,1.0404961,0.38970506,1.7552818
20001_0310_1,4,44784227,2024-05-06,19,19:00,0.0,0.8712903,0.34414956,1.4770685
20001_0310_1,4,44784227,2024-05-06,20,20:00,0.0,0.57409585,0.14891219,1.0795436
20001_0310_1,4,44784227,2024-05-06,21,21:00,0.0,0.42658308,0.10552615,0.79536474
20001_0310_1,4,44784227,2024-05-06,22,22:00,0.0,0.3528268,0.07949452,0.7064233
20001_0310_1,4,44784227,2024-05-06,23,23:00,,0.17928249,0.0,0.4960008
20001_0310_1,4,44784227,2024-05-07,0,00:00,,0.0,0.0,0.33027884
20001_0310_1,4,44784227,2024-05-07,1,01:00,,0.0057429746,0.0,0.40287256
20001_0310_1,4,44784227,2024-05-07,2,02:00,,0.0,0.0,0.44557455
20001_0310_1,4,44784227,2024-05-07,3,03:00,,0.0,0.0,0.7145978
20001_0310_1,4,44784227,2024-05-07,4,04:00,,0.018553462,0.0,1.2729275
20001_0310_1,4,44784227,2024-05-07,5,05:00,1.423187017440796,1.4127771,0.04697725,3.1855817
20001_0310_1,4,44784227,2024-05-07,6,06:00,1.5846246480941772,2.4888701,0.8000019,4.632515
20001_0310_1,4,44784227,2024-05-07,7,07:00,1.354569673538208,1.6583142,0.0,3.9177895
20001_0310_1,4,44784227,2024-05-07,8,08:00,0.5325520833333334,1.8024337,0.14492525,3.8514676
20001_0310_1,4,44784227,2024-05-07,9,09:00,1.2261466979980469,1.6028014,0.17281485,3.443796
20001_0310_1,4,44784227,2024-05-07,10,10:00,1.4033613204956055,0.912095,0.0,2.565734
20001_0310_1,4,44784227,2024-05-07,11,11:00,1.0297619104385376,0.7978669,0.0,2.3831825
20001_0310_1,4,44784227,2024-05-07,12,12:00,0.46969695885976154,1.0263231,0.0,2.4952755
20001_0310_1,4,44784227,2024-05-07,13,13:00,0.0,1.1181326,0.13384922,2.5016806
20001_0310_1,4,44784227,2024-05-07,14,14:00,0.6666666865348816,0.87473065,0.020688623,2.100281
20001_0310_1,4,44784227,2024-05-07,15,15:00,0.0,0.6889765,0.0,1.7333099
20001_0310_1,4,44784227,2024-05-07,16,16:00,0.2633333444595337,0.52670854,0.0,1.4666885
20001_0310_1,4,44784227,2024-05-07,17,17:00,0.0,0.61211276,0.0,1.5040529
20001_0310_1,4,44784227,2024-05-07,18,18:00,0.0,0.46052024,0.0,1.4181148
20001_0310_1,4,44784227,2024-05-07,19,19:00,0.5142857432365417,0.37725115,0.0,1.2697251
20001_0310_1,4,44784227,2024-05-07,20,20:00,0.0,0.2534151,0.0,1.0177828
20001_0310_1,4,44784227,2024-05-07,21,21:00,0.0,0.32600862,0.0,0.90462214
20001_0310_1,4,44784227,2024-05-07,22,22:00,,0.18082154,0.0,0.7210031
20001_0310_1,4,44784227,2024-05-07,23,23:00,,0.16801089,0.0,0.67830104
20001_0310_1,4,44784227,2024-05-08,0,00:00,,0.0,0.0,0.38030717
20001_0310_1,4,44784227,2024-05-08,1,01:00,,0.041395716,0.0,0.5039102
20001_0310_1,4,44784227,2024-05-08,2,02:00,,0.0,0.0,0.4759996
20001_0310_1,4,44784227,2024-05-08,3,03:00,,0.0,0.0,0.58166045
20001_0310_1,4,44784227,2024-05-08,4,04:00,,0.09721641,0.0,1.1946913
20001_0310_1,4,44784227,2024-05-08,5,05:00,0.669967532157898,1.4359162,0.34143186,2.919152
20001_0310_1,4,44784227,2024-05-08,6,06:00,1.6610515594482422,2.2338536,0.8841888,4.018122
20001_0310_1,4,44784227,2024-05-08,7,07:00,2.7193142573038735,1.2779238,0.0,3.1828675
20001_0310_1,4,44784227,2024-05-08,8,08:00,2.0566391944885254,1.3678849,0.10494165,3.115272
20001_0310_1,4,44784227,2024-05-08,9,09:00,1.5596707661946614,1.1971831,0.097963974,2.7753642
20001_0310_1,4,44784227,2024-05-08,10,10:00,1.0,0.62352586,0.0,2.0609088
20001_0310_1,4,44784227,2024-05-08,11,11:00,1.2429614067077637,0.4600509,0.0,1.8545717
20001_0310_1,4,44784227,2024-05-08,12,12:00,0.8626542886098226,0.6653914,0.0,1.9258426
20001_0310_1,4,44784227,2024-05-08,13,13:00,1.0533080101013184,0.7850072,0.02145976,1.9522578
20001_0310_1,4,44784227,2024-05-08,14,14:00,0.0,0.44609576,0.0,1.4588426
20001_0310_1,4,44784227,2024-05-08,15,15:00,1.0,0.33246076,0.0,1.209643
20001_0310_1,4,44784227,2024-05-08,16,16:00,0.875,0.22879377,0.0,1.0003157
20001_0310_1,4,44784227,2024-05-08,17,17:00,0.5888888835906982,0.3204992,0.0,1.0581298
20001_0310_1,4,44784227,2024-05-08,18,18:00,0.0,0.26069131,0.0,1.0222452
20001_0310_1,4,44784227,2024-05-08,19,19:00,0.0,0.17297302,0.0,0.8707318
20001_0310_1,4,44784227,2024-05-08,20,20:00,0.0,0.093229204,0.0,0.6813402
20001_0310_1,4,44784227,2024-05-08,21,21:00,0.5809524059295654,0.15702428,0.0,0.6155515
20001_0310_1,4,44784227,2024-05-08,22,22:00,0.0,0.21284498,0.0,0.63349384
20001_0310_1,4,44784227,2024-05-08,23,23:00,,0.14904986,0.0,0.55973077
20001_0310_1,4,44784227,2024-05-09,0,00:00,,0.0,0.0,0.3145582
20001_0310_1,4,44784227,2024-05-09,1,01:00,,0.0,0.0,0.41595513
20001_0310_1,4,44784227,2024-05-09,2,02:00,,0.0,0.0,0.39645576
20001_0310_1,4,44784227,2024-05-09,3,03:00,,0.0,0.0,0.61289907
20001_0310_1,4,44784227,2024-05-09,4,04:00,,0.21316144,0.0,1.2534544
20001_0310_1,4,44784227,2024-05-09,5,05:00,2.3404946327209473,1.573732,0.53758264,3.0101066
20001_0310_1,4,44784227,2024-05-09,6,06:00,1.5175140380859375,2.5238402,1.2086058,4.2631865
20001_0310_1,4,44784227,2024-05-09,7,07:00,1.3370096683502197,1.7857879,0.34770733,3.6860044
20001_0310_1,4,44784227,2024-05-09,8,08:00,1.9603192806243896,2.0188055,0.7123461,3.7971509
20001_0310_1,4,44784227,2024-05-09,9,09:00,0.9892700910568237,1.6651354,0.51174587,3.2884605
20001_0310_1,4,44784227,2024-05-09,10,10:00,1.4143939018249512,0.8663913,0.0,2.3668702
20001_0310_1,4,44784227,2024-05-09,11,11:00,0.40625,0.74354506,0.0,2.137752
20001_0310_1,4,44784227,2024-05-09,12,12:00,0.4414682388305664,1.0214115,0.1751377,2.2888725
20001_0310_1,4,44784227,2024-05-09,13,13:00,0.8277333577473959,0.9882625,0.21608624,2.1465268
20001_0310_1,4,44784227,2024-05-09,14,14:00,0.7333333492279053,0.6674974,0.0,1.6853659
20001_0310_1,4,44784227,2024-05-09,15,15:00,0.0,0.52515185,0.0,1.4299239
20001_0310_1,4,44784227,2024-05-09,16,16:00,0.24000000953674316,0.34965718,0.0,1.1413327
20001_0310_1,4,44784227,2024-05-09,17,17:00,0.577601432800293,0.4276548,0.0,1.201781
20001_0310_1,4,44784227,2024-05-09,18,18:00,0.7342084884643555,0.43935448,0.0,1.2047058
20001_0310_1,4,44784227,2024-05-09,19,19:00,0.0,0.2833593,0.0,0.97363794
20001_0310_1,4,44784227,2024-05-09,20,20:00,0.0,0.22486106,0.0,0.79034364
20001_0310_1,4,44784227,2024-05-09,21,21:00,0.0,0.22486106,0.0,0.6538478
20001_0310_1,4,44784227,2024-05-09,22,22:00,0.0,0.1897622,0.0,0.58365005
20001_0310_1,4,44784227,2024-05-09,23,23:00,,0.15856314,0.0,0.5446512
20001_0310_1,4,44784227,2024-05-10,0,00:00,,0.0,0.0,0.2090653
20001_0310_1,4,44784227,2024-05-10,1,01:00,,0.032663375,0.0,0.31706643
20001_0310_1,4,44784227,2024-05-10,2,02:00,,0.0,0.0,0.3350666
20001_0310_1,4,44784227,2024-05-10,3,03:00,,0.0,0.0,0.47186813
20001_0310_1,4,44784227,2024-05-10,4,04:00,,0.1730649,0.0,0.9925236
20001_0310_1,4,44784227,2024-05-10,5,05:00,1.4161542654037476,1.1482253,0.4030174,2.2984376
20001_0310_1,4,44784227,2024-05-10,6,06:00,3.3402976989746094,1.7633818,0.7931716,3.190797
20001_0310_1,4,44784227,2024-05-10,7,07:00,1.5023588180541991,1.1900758,0.097914144,2.7727427
20001_0310_1,4,44784227,2024-05-10,8,08:00,1.4298186302185059,1.4587286,0.45634285,2.9799697
20001_0310_1,4,44784227,2024-05-10,9,09:00,1.481874942779541,1.2642139,0.3718545,2.686679
20001_0310_1,4,44784227,2024-05-10,10,10:00,0.0,0.67707026,0.0,1.9919844
20001_0310_1,4,44784227,2024-05-10,11,11:00,0.5,0.5654691,0.0,1.7858821
20001_0310_1,4,44784227,2024-05-10,12,12:00,0.4856117169062297,0.745471,0.090264,1.8596828
20001_0310_1,4,44784227,2024-05-10,13,13:00,0.0,0.6842703,0.1046642,1.6751808
20001_0310_1,4,44784227,2024-05-10,14,14:00,0.3,0.45026785,0.0,1.3030268
20001_0310_1,4,44784227,2024-05-10,15,15:00,0.0,0.36746696,0.0,1.1176249
20001_0310_1,4,44784227,2024-05-10,16,16:00,0.0,0.26666588,0.0,0.9128728
20001_0310_1,4,44784227,2024-05-10,17,17:00,,0.29906625,0.0,0.91107273
20001_0310_1,4,44784227,2024-05-10,18,18:00,0.0,0.35666683,0.0,0.9605733
20001_0310_1,4,44784227,2024-05-10,19,19:00,0.0,0.18386503,0.0,0.70047045
20001_0310_1,4,44784227,2024-05-10,20,20:00,0.5,0.14066455,0.0,0.5672691
20001_0310_1,4,44784227,2024-05-10,21,21:00,0.0,0.18026498,0.0,0.48986828
20001_0310_1,4,44784227,2024-05-10,22,22:00,0.0,0.17666495,0.0,0.4574679
20001_0310_1,4,44784227,2024-05-10,23,23:00,,0.1442646,0.0,0.43946773
20001_0310_1,4,44784227,2024-05-11,0,00:00,,0.0,0.0,0.10441935
20001_0310_1,4,44784227,2024-05-11,1,01:00,,0.0,0.0,0.17764919
20001_0310_1,4,44784227,2024-05-11,2,02:00,,0.0,0.0,0.22757861
20001_0310_1,4,44784227,2024-05-11,3,03:00,,0.0,0.0,0.40066734
20001_0310_1,4,44784227,2024-05-11,4,04:00,,0.23423587,0.0,0.94989115
20001_0310_1,4,44784227,2024-05-11,5,05:00,,1.2743806,0.55040365,2.2779622
20001_0310_1,4,44784227,2024-05-11,6,06:00,,1.8586069,0.95363575,3.0885353
20001_0310_1,4,44784227,2024-05-11,7,07:00,,1.3330996,0.35531476,2.6720407
20001_0310_1,4,44784227,2024-05-11,8,08:00,,1.4895453,0.60745865,2.75276
20001_0310_1,4,44784227,2024-05-11,9,09:00,,1.1296371,0.37050158,2.287792
20001_0310_1,4,44784227,2024-05-11,10,10:00,,0.520498,0.0,1.5640233
20001_0310_1,4,44784227,2024-05-11,11,11:00,,0.43395364,0.0,1.3817809
20001_0310_1,4,44784227,2024-05-11,12,12:00,,0.56709886,0.037846778,1.4541786
20001_0310_1,4,44784227,2024-05-11,13,13:00,,0.5271553,0.06946877,1.3110474
20001_0310_1,4,44784227,2024-05-11,14,14:00,,0.3074657,0.0,0.9761041
20001_0310_1,4,44784227,2024-05-11,15,15:00,,0.22425,0.0,0.7884526
20001_0310_1,4,44784227,2024-05-11,16,16:00,,0.20427825,0.0,0.67694366
20001_0310_1,4,44784227,2024-05-11,17,17:00,,0.29082257,0.0,0.7035726
20001_0310_1,4,44784227,2024-05-11,18,18:00,,0.27417946,0.0,0.67694366
20001_0310_1,4,44784227,2024-05-11,19,19:00,,0.18097779,0.0,0.51384073
20001_0310_1,4,44784227,2024-05-11,20,20:00,0.0,0.14769152,0.0,0.42230338
20001_0310_1,4,44784227,2024-05-11,21,21:00,,0.101090714,0.0,0.29415122
20001_0310_1,4,44784227,2024-05-11,22,22:00,,0.11440526,0.0,0.30080846
20001_0310_1,4,44784227,2024-05-11,23,23:00,,0.12106247,0.0,0.3307661
20001_0310_1,4,44784227,2024-05-12,0,00:00,,0.0,0.0,0.35393104
20001_0310_1,4,44784227,2024-05-12,1,01:00,,0.06761092,0.0,0.45414317
20001_0310_1,4,44784227,2024-05-12,2,02:00,,0.029434875,0.0,0.5464018
20001_0310_1,4,44784227,2024-05-12,3,03:00,,0.0,0.0,0.75636995
20001_0310_1,4,44784227,2024-05-12,4,04:00,,0.5479925,0.0,1.6964545
20001_0310_1,4,44784227,2024-05-12,5,05:00,,2.962626,1.671004,4.5501122
20001_0310_1,4,44784227,2024-05-12,6,06:00,,4.279699,2.6317668,6.194863
20001_0310_1,4,44784227,2024-05-12,7,07:00,,2.6063166,0.8283479,4.6773663
20001_0310_1,4,44784227,2024-05-12,8,08:00,,3.4143758,1.7505375,5.3804417
20001_0310_1,4,44784227,2024-05-12,9,09:00,,2.7940154,1.3421335,4.5787444
20001_0310_1,4,44784227,2024-05-12,10,10:00,,1.2449037,0.0,2.8892565
20001_0310_1,4,44784227,2024-05-12,11,11:00,,1.0410995,0.0,2.5359292
20001_0310_1,4,44784227,2024-05-12,12,12:00,,1.6312374,0.6163914,3.0222762
20001_0310_1,4,44784227,2024-05-12,13,13:00,,1.5294346,0.62593526,2.7765179
20001_0310_1,4,44784227,2024-05-12,14,14:00,,1.0033212,0.20560144,2.1016772
20001_0310_1,4,44784227,2024-05-12,15,15:00,,0.8864071,0.20401068,1.8392171
20001_0310_1,4,44784227,2024-05-12,16,16:00,,0.5670805,0.0,1.434392
20001_0310_1,4,44784227,2024-05-12,17,17:00,,0.80249935,0.106582284,1.6256698
20001_0310_1,4,44784227,2024-05-12,18,18:00,,0.7420539,0.039774187,1.5715872
20001_0310_1,4,44784227,2024-05-12,19,19:00,,0.56389916,0.0,1.316285
20001_0310_1,4,44784227,2024-05-12,20,20:00,,0.3380244,0.0,0.9794612
20001_0310_1,4,44784227,2024-05-12,21,21:00,,0.2553097,0.0,0.74603075
20001_0310_1,4,44784227,2024-05-12,22,22:00,,0.35552177,0.07556427,0.83988005
20001_0310_1,4,44784227,2024-05-12,23,23:00,,0.1566883,0.0,0.5973032
20001_0310_1,4,44784227,2024-05-13,0,00:00,,0.0,0.0,0.38026482
20001_0310_1,4,44784227,2024-05-13,1,01:00,,0.0,0.0,0.35479462
20001_0310_1,4,44784227,2024-05-13,2,02:00,,0.063479036,0.0,0.5744752
20001_0310_1,4,44784227,2024-05-13,3,03:00,,0.0,0.0,0.73525584
20001_0310_1,4,44784227,2024-05-13,4,04:00,,0.44075656,0.0,1.5908958
20001_0310_1,4,44784227,2024-05-13,5,05:00,1.8836363554000854,2.8238134,1.5200567,4.4125175
20001_0310_1,4,44784227,2024-05-13,6,06:00,2.986086368560791,4.2979016,2.6614408,6.2018
20001_0310_1,4,44784227,2024-05-13,7,07:00,3.1111753463745115,2.7824242,1.0202038,4.816857
20001_0310_1,4,44784227,2024-05-13,8,08:00,2.0198421478271484,3.3937092,1.7317777,5.303974
20001_0310_1,4,44784227,2024-05-13,9,09:00,0.7488095164299011,2.7283,1.2565995,4.4730096
20001_0310_1,4,44784227,2024-05-13,10,10:00,0.8888888955116272,1.2148122,0.0,2.8065016
20001_0310_1,4,44784227,2024-05-13,11,11:00,0.5,1.0414953,0.0,2.4875767
20001_0310_1,4,44784227,2024-05-13,12,12:00,1.9827728271484375,1.7214305,0.688295,3.0697598
20001_0310_1,4,44784227,2024-05-13,13,13:00,1.3263197739919026,1.5678134,0.6827235,2.7760565
20001_0310_1,4,44784227,2024-05-13,14,14:00,0.0,1.0420923,0.27559808,2.103086
20001_0310_1,4,44784227,2024-05-13,15,15:00,0.0,0.8888731,0.23619889,1.8026168
20001_0310_1,4,44784227,2024-05-13,16,16:00,0.0,0.54263747,0.0,1.3656435
20001_0310_1,4,44784227,2024-05-13,17,17:00,0.5400640964508057,0.67476416,0.05392777,1.4547894
20001_0310_1,4,44784227,2024-05-13,18,18:00,0.0,0.6731723,0.06347911,1.4346918
20001_0310_1,4,44784227,2024-05-13,19,19:00,0.3933333158493042,0.51557535,0.0,1.189541
20001_0310_1,4,44784227,2024-05-13,20,20:00,0.0,0.41528636,0.007762963,0.9724473
20001_0310_1,4,44784227,2024-05-13,21,21:00,0.0,0.32295683,0.0,0.7734612
20001_0310_1,4,44784227,2024-05-13,22,22:00,0.0,0.27679208,0.0125386305,0.71456134
20001_0310_1,4,44784227,2024-05-13,23,23:00,,0.1303384,0.0,0.5330861
20001_0310_1,4,44784227,2024-05-14,0,00:00,,0.0,0.0,0.22616088
20001_0310_1,4,44784227,2024-05-14,1,01:00,,0.0,0.0,0.3065356
20001_0310_1,4,44784227,2024-05-14,2,02:00,,0.037589613,0.0,0.45182827
20001_0310_1,4,44784227,2024-05-14,3,03:00,,0.0,0.0,0.53993124
20001_0310_1,4,44784227,2024-05-14,4,04:00,,0.3080812,0.0,1.3324718
20001_0310_1,4,44784227,2024-05-14,5,05:00,2.4703409671783447,1.8661133,0.7880107,3.3097658
20001_0310_1,4,44784227,2024-05-14,6,06:00,2.7599761962890623,2.9496255,1.5677998,4.7487817
20001_0310_1,4,44784227,2024-05-14,7,07:00,1.9795773824055989,2.2015228,0.7084088,4.139789
20001_0310_1,4,44784227,2024-05-14,8,08:00,1.1433023452758788,2.4828343,1.0843927,4.278899
20001_0310_1,4,44784227,2024-05-14,9,09:00,2.951923131942749,2.034591,0.8127414,3.671452
20001_0310_1,4,44784227,2024-05-14,10,10:00,0.9375,1.1234205,0.059615295,2.5976
20001_0310_1,4,44784227,2024-05-14,11,11:00,1.2677218914031982,0.8450072,0.0,2.2097344
20001_0310_1,4,44784227,2024-05-14,12,12:00,0.5725308656692505,1.1736547,0.32489035,2.4300885
20001_0310_1,4,44784227,2024-05-14,13,13:00,1.6000000635782878,1.0248842,0.28818077,2.1429808
20001_0310_1,4,44784227,2024-05-14,14,14:00,0.0,0.62185156,0.0,1.5917574
20001_0310_1,4,44784227,2024-05-14,15,15:00,0.0,0.5043809,0.0,1.3359497
20001_0310_1,4,44784227,2024-05-14,16,16:00,0.3642857074737549,0.28798756,0.0,1.0028584
20001_0310_1,4,44784227,2024-05-14,17,17:00,0.38371288776397705,0.4440999,0.0,1.1398431
20001_0310_1,4,44784227,2024-05-14,18,18:00,0.0,0.36217958,0.0,1.0418866
20001_0310_1,4,44784227,2024-05-14,19,19:00,0.3787878751754761,0.29417023,0.0,0.89234334
20001_0310_1,4,44784227,2024-05-14,20,20:00,0.2738095223903656,0.19524753,0.0,0.68522394
20001_0310_1,4,44784227,2024-05-14,21,21:00,0.0,0.13651222,0.0,0.5121092
20001_0310_1,4,44784227,2024-05-14,22,22:00,0.0,0.12723823,0.0,0.4672849
20001_0310_1,4,44784227,2024-05-14,23,23:00,,0.049954914,0.0,0.36217958
20001_0310_1,4,44784227,2024-05-15,0,00:00,,0.0,0.0,0.2529727
20001_0310_1,4,44784227,2024-05-15,1,01:00,,0.0063991547,0.0,0.3559534
20001_0310_1,4,44784227,2024-05-15,2,02:00,,0.032506935,0.0,0.5213027
20001_0310_1,4,44784227,2024-05-15,3,03:00,,0.0005974248,0.0,0.7381424
20001_0310_1,4,44784227,2024-05-15,4,04:00,,0.62138253,0.0,1.709207
20001_0310_1,4,44784227,2024-05-15,5,05:00,2.375457763671875,2.3154876,1.193578,3.7978299
20001_0310_1,4,44784227,2024-05-15,6,06:00,2.7210140228271484,3.4555278,2.0573108,5.213452
20001_0310_1,4,44784227,2024-05-15,7,07:00,0.5773420333862305,2.6432853,1.137011,4.5027394
20001_0310_1,4,44784227,2024-05-15,8,08:00,2.326407623291016,2.7129061,1.3212163,4.43602
20001_0310_1,4,44784227,2024-05-15,9,09:00,0.4791666666666667,2.2371643,1.0311297,3.7833254
20001_0310_1,4,44784227,2024-05-15,10,10:00,0.699999988079071,1.1718217,0.11880771,2.5671377
20001_0310_1,4,44784227,2024-05-15,11,11:00,1.032569408416748,0.9648631,0.03839927,2.2546601
20001_0310_1,4,44784227,2024-05-15,12,12:00,0.0,1.2265754,0.40889412,2.3858335
20001_0310_1,4,44784227,2024-05-15,13,13:00,0.5164835055669149,1.1221443,0.40689993,2.154671
20001_0310_1,4,44784227,2024-05-15,14,14:00,0.0,0.72943974,0.094875455,1.6366851
20001_0310_1,4,44784227,2024-05-15,15,15:00,0.0,0.57061744,0.033957366,1.3422474
20001_0310_1,4,44784227,2024-05-15,16,16:00,0.0,0.38786286,0.0,1.0721043
20001_0310_1,4,44784227,2024-05-15,17,17:00,0.6119999885559082,0.60832864,0.11010509,1.2476069
20001_0310_1,4,44784227,2024-05-15,18,18:00,0.0,0.4212228,0.0,1.0280474
20001_0310_1,4,44784227,2024-05-15,19,19:00,0.24218182563781737,0.3022874,0.0,0.8222675
20001_0310_1,4,44784227,2024-05-15,20,20:00,0.3333333333333333,0.24717095,0.0,0.6881024
20001_0310_1,4,44784227,2024-05-15,21,21:00,0.5923076868057251,0.17464931,0.0,0.5111497
20001_0310_1,4,44784227,2024-05-15,22,22:00,0.0,0.14854154,0.0,0.4574837
20001_0310_1,4,44784227,2024-05-15,23,23:00,,0.052812986,0.0,0.35885423
20001_0310_1,4,44784227,2024-05-16,0,00:00,,0.0,0.0,0.23244104
20001_0310_1,4,44784227,2024-05-16,1,01:00,,0.0,0.0,0.23510104
20001_0310_1,4,44784227,2024-05-16,2,02:00,,0.0,0.0,0.37741175
20001_0310_1,4,44784227,2024-05-16,3,03:00,,0.0,0.0,0.47184214
20001_0310_1,4,44784227,2024-05-16,4,04:00,,0.437262,0.0,1.3044262
20001_0310_1,4,44784227,2024-05-16,5,05:00,2.839621067047119,2.3976915,1.430777,3.5893774
20001_0310_1,4,44784227,2024-05-16,6,06:00,3.2638378143310547,3.7436578,2.5546322,5.1481442
20001_0310_1,4,44784227,2024-05-16,7,07:00,2.5914039611816406,2.482812,1.2209685,3.9644392
20001_0310_1,4,44784227,2024-05-16,8,08:00,0.39230769872665405,2.7754133,1.6116579,4.1533
20001_0310_1,4,44784227,2024-05-16,9,09:00,0.7568027377128601,2.08115,1.0746677,3.334016
20001_0310_1,4,44784227,2024-05-16,10,10:00,0.0,0.7870537,0.0,1.9401692
20001_0310_1,4,44784227,2024-05-16,11,11:00,0.0,0.7238783,0.0,1.798191
20001_0310_1,4,44784227,2024-05-16,12,12:00,0.9135802586873373,1.008001,0.29844257,1.9888806
20001_0310_1,4,44784227,2024-05-16,13,13:00,0.3828820288181305,1.0123235,0.37924057,1.8941178
20001_0310_1,4,44784227,2024-05-16,14,14:00,0.0,0.53302246,0.0,1.3084162
20001_0310_1,4,44784227,2024-05-16,15,15:00,0.0,0.39869183,0.0,1.051725
20001_0310_1,4,44784227,2024-05-16,16,16:00,0.9687843322753906,0.27234122,0.0,0.8665215
20001_0310_1,4,44784227,2024-05-16,17,17:00,0.0,0.5543026,0.05023018,1.1232129
20001_0310_1,4,44784227,2024-05-16,18,18:00,0.24389417171478273,0.43859202,0.0,1.013986
20001_0310_1,4,44784227,2024-05-16,19,19:00,0.9937499761581421,0.25638115,0.0,0.7607861
20001_0310_1,4,44784227,2024-05-16,20,20:00,0.0,0.17126073,0.0,0.5915427
20001_0310_1,4,44784227,2024-05-16,21,21:00,0.0,0.21382093,0.0,0.5370124
20001_0310_1,4,44784227,2024-05-16,22,22:00,0.0,0.13402057,0.0,0.42130196
20001_0310_1,4,44784227,2024-05-16,23,23:00,,0.035600077,0.0,0.32687145
20001_0310_1,4,44784227,2024-05-17,0,00:00,,0.0,0.0,0.22868986
20001_0310_1,4,44784227,2024-05-17,1,01:00,,0.0,0.0,0.25997862
20001_0310_1,4,44784227,2024-05-17,2,02:00,,0.0,0.0,0.37762445
20001_0310_1,4,44784227,2024-05-17,3,03:00,,0.0,0.0,0.5303136
20001_0310_1,4,44784227,2024-05-17,4,04:00,,0.40641007,0.0,1.315036
20001_0310_1,4,44784227,2024-05-17,5,05:00,1.6181890964508057,2.1135256,1.1942614,3.3350391
20001_0310_1,4,44784227,2024-05-17,6,06:00,3.1653409004211426,3.1723375,2.053451,4.5940995
20001_0310_1,4,44784227,2024-05-17,7,07:00,1.4504300753275554,1.783116,0.59914875,3.2774675
20001_0310_1,4,44784227,2024-05-17,8,08:00,1.5552372932434082,2.1635873,1.0953887,3.557815
20001_0310_1,4,44784227,2024-05-17,9,09:00,0.36953242619832355,1.5628431,0.62167686,2.8519406
20001_0310_1,4,44784227,2024-05-17,10,10:00,0.5030303001403809,0.56786007,0.0,1.7605882
20001_0310_1,4,44784227,2024-05-17,11,11:00,0.3782312870025635,0.5841303,0.0,1.7355573
20001_0310_1,4,44784227,2024-05-17,12,12:00,0.0,0.7562185,0.06458018,1.8117453
20001_0310_1,4,44784227,2024-05-17,13,13:00,0.7153846025466919,0.7587216,0.12747067,1.7169403
20001_0310_1,4,44784227,2024-05-17,14,14:00,0.0,0.31379533,0.0,1.1498314
20001_0310_1,4,44784227,2024-05-17,15,15:00,0.4315476020177205,0.29877672,0.0,1.0102834
20001_0310_1,4,44784227,2024-05-17,16,16:00,0.0,0.15609989,0.0,0.7856299
20001_0310_1,4,44784227,2024-05-17,17,17:00,0.28289473056793213,0.37637284,0.0,0.9711723
20001_0310_1,4,44784227,2024-05-17,18,18:00,0.0,0.40140387,0.0,0.9814977
20001_0310_1,4,44784227,2024-05-17,19,19:00,0.0,0.28000343,0.0,0.7862557
20001_0310_1,4,44784227,2024-05-17,20,20:00,0.0,0.1360751,0.0,0.55033845
20001_0310_1,4,44784227,2024-05-17,21,21:00,0.0,0.17862779,0.0,0.49527016
20001_0310_1,4,44784227,2024-05-17,22,22:00,0.0,0.035951026,0.0,0.31629843
20001_0310_1,4,44784227,2024-05-17,23,23:00,,0.07850375,0.0,0.3475872
20001_0310_1,4,44784227,2024-05-18,0,00:00,,0.0,0.0,0.17244218
20001_0310_1,4,44784227,2024-05-18,1,01:00,,0.0,0.0,0.23985226
20001_0310_1,4,44784227,2024-05-18,2,02:00,,0.0,0.0,0.3270204
20001_0310_1,4,44784227,2024-05-18,3,03:00,,0.0,0.0,0.569929
20001_0310_1,4,44784227,2024-05-18,4,04:00,,0.37815908,0.0,1.2475164
20001_0310_1,4,44784227,2024-05-18,5,05:00,,1.9274281,1.0551653,3.0919948
20001_0310_1,4,44784227,2024-05-18,6,06:00,,2.9269562,1.8786141,4.2751575
20001_0310_1,4,44784227,2024-05-18,7,07:00,,1.1859175,0.10270766,2.5852573
20001_0310_1,4,44784227,2024-05-18,8,08:00,,1.7414694,0.7859608,3.0385315
20001_0310_1,4,44784227,2024-05-18,9,09:00,,1.3486314,0.5141414,2.5248203
20001_0310_1,4,44784227,2024-05-18,10,10:00,,0.5466842,0.0,1.6386108
20001_0310_1,4,44784227,2024-05-18,11,11:00,,0.5402919,0.0,1.5834043
20001_0310_1,4,44784227,2024-05-18,12,12:00,,0.6059586,0.0059509873,1.5633557
20001_0310_1,4,44784227,2024-05-18,13,13:00,,0.6573878,0.121957265,1.5352439
20001_0310_1,4,44784227,2024-05-18,14,14:00,,0.26774606,0.0,1.034826
20001_0310_1,4,44784227,2024-05-18,15,15:00,,0.28053072,0.0,0.9662537
20001_0310_1,4,44784227,2024-05-18,16,16:00,0.0,0.13525045,0.0,0.7656216
20001_0310_1,4,44784227,2024-05-18,17,17:00,,0.26193485,0.0,0.87879485
20001_0310_1,4,44784227,2024-05-18,18,18:00,,0.16546874,0.0,0.7766629
20001_0310_1,4,44784227,2024-05-18,19,19:00,,0.22939205,0.0,0.7775346
20001_0310_1,4,44784227,2024-05-18,20,20:00,,0.08411179,0.0,0.5577255
20001_0310_1,4,44784227,2024-05-18,21,21:00,,0.13060147,0.0,0.5164659
20001_0310_1,4,44784227,2024-05-18,22,22:00,,0.04227107,0.0,0.40721512
20001_0310_1,4,44784227,2024-05-18,23,23:00,,0.05389349,0.0,0.4037284
20001_0310_1,4,44784227,2024-05-19,0,00:00,,0.0,0.0,0.2848109
20001_0310_1,4,44784227,2024-05-19,1,01:00,,0.0,0.0,0.3505831
20001_0310_1,4,44784227,2024-05-19,2,02:00,,0.0,0.0,0.4889315
20001_0310_1,4,44784227,2024-05-19,3,03:00,,0.09883437,0.0,0.81991863
20001_0310_1,4,44784227,2024-05-19,4,04:00,,0.685114,0.0,1.6692164
20001_0310_1,4,44784227,2024-05-19,5,05:00,,2.430345,1.4596382,3.714037
20001_0310_1,4,44784227,2024-05-19,6,06:00,,3.405588,2.2489047,4.875256
20001_0310_1,4,44784227,2024-05-19,7,07:00,,1.6161307,0.40728322,3.133427
20001_0310_1,4,44784227,2024-05-19,8,08:00,,2.394057,1.2713937,3.8274374
20001_0310_1,4,44784227,2024-05-19,9,09:00,,2.09468,1.0967572,3.455484
20001_0310_1,4,44784227,2024-05-19,10,10:00,,0.92127013,0.0,2.2216885
20001_0310_1,4,44784227,2024-05-19,11,11:00,,0.93232673,0.055175312,2.2211215
20001_0310_1,4,44784227,2024-05-19,12,12:00,,1.1636634,0.3641911,2.381583
20001_0310_1,4,44784227,2024-05-19,13,13:00,,1.0800307,0.3647581,2.2080803
20001_0310_1,4,44784227,2024-05-19,14,14:00,,0.5410956,0.0,1.5616986
20001_0310_1,4,44784227,2024-05-19,15,15:00,,0.56037366,0.0,1.4738133
20001_0310_1,4,44784227,2024-05-19,16,16:00,,0.33697504,0.0,1.2022195
20001_0310_1,4,44784227,2024-05-19,17,17:00,,0.4231593,0.0,1.2396415
20001_0310_1,4,44784227,2024-05-19,18,18:00,,0.4220253,0.0,1.1886114
20001_0310_1,4,44784227,2024-05-19,19,19:00,,0.37326315,0.0,1.040057
20001_0310_1,4,44784227,2024-05-19,20,20:00,,0.1850186,0.0,0.74868906
20001_0310_1,4,44784227,2024-05-19,21,21:00,,0.18842064,0.0,0.6193419
20001_0310_1,4,44784227,2024-05-19,22,22:00,,0.10563838,0.0,0.4894984
20001_0310_1,4,44784227,2024-05-19,23,23:00,,0.096566364,0.0,0.4356333
20001_0310_1,4,44784227,2024-05-20,0,00:00,,0.0,0.0,0.39609602
20001_0310_1,4,44784227,2024-05-20,1,01:00,,0.0,0.0,0.43353963
20001_0310_1,4,44784227,2024-05-20,2,02:00,,0.00010204129,0.0,0.58444846
20001_0310_1,4,44784227,2024-05-20,3,03:00,,0.10675944,0.0,0.9282483
20001_0310_1,4,44784227,2024-05-20,4,04:00,,0.7062818,0.0,1.7962581
20001_0310_1,4,44784227,2024-05-20,5,05:00,0.7072510719299316,2.2376382,1.1937573,3.6037612
20001_0310_1,4,44784227,2024-05-20,6,06:00,1.756051254272461,3.2905962,2.087864,4.8518796
20001_0310_1,4,44784227,2024-05-20,7,07:00,0.3815311789512634,1.9630522,0.71316075,3.5561054
20001_0310_1,4,44784227,2024-05-20,8,08:00,2.2684458096822104,2.0424778,0.892365,3.517527
20001_0310_1,4,44784227,2024-05-20,9,09:00,1.3046235243479412,1.6566957,0.6440178,3.05005
20001_0310_1,4,44784227,2024-05-20,10,10:00,0.6590909163157145,0.93902767,0.028468326,2.2569273
20001_0310_1,4,44784227,2024-05-20,11,11:00,1.131293773651123,0.90583897,0.08151347,2.1692755
20001_0310_1,4,44784227,2024-05-20,12,12:00,1.5674603780110676,0.9861157,0.23781192,2.1689916
20001_0310_1,4,44784227,2024-05-20,13,13:00,0.0,1.014482,0.36999896,2.086729
20001_0310_1,4,44784227,2024-05-20,14,14:00,0.5061728556950887,0.44375142,0.0,1.403101
20001_0310_1,4,44784227,2024-05-20,15,15:00,0.0,0.35978714,0.0,1.2016997
20001_0310_1,4,44784227,2024-05-20,16,16:00,0.0,0.38248017,0.0,1.1302167
20001_0310_1,4,44784227,2024-05-20,17,17:00,0.8759081959724426,0.38134554,0.0,1.0836959
20001_0310_1,4,44784227,2024-05-20,18,18:00,0.0,0.30532375,0.0,0.96399
20001_0310_1,4,44784227,2024-05-20,19,19:00,0.0,0.31440097,0.0,0.8828623
20001_0310_1,4,44784227,2024-05-20,20,20:00,0.4444444576899211,0.15214555,0.0,0.652244
20001_0310_1,4,44784227,2024-05-20,21,21:00,0.0,0.13626042,0.0,0.5379276
20001_0310_1,4,44784227,2024-05-20,22,22:00,,0.05456537,0.0,0.43807817
20001_0310_1,4,44784227,2024-05-20,23,23:00,,0.029603008,0.0,0.39382672
20001_0310_1,4,44784227,2024-05-21,0,00:00,,0.0,0.0,0.24230775
20001_0310_1,4,44784227,2024-05-21,1,01:00,,0.0,0.0,0.25927356
20001_0310_1,4,44784227,2024-05-21,2,02:00,,0.0,0.0,0.34304222
20001_0310_1,4,44784227,2024-05-21,3,03:00,,0.0,0.0,0.5217135
20001_0310_1,4,44784227,2024-05-21,4,04:00,0.0,0.5312567,0.0,1.344025
20001_0310_1,4,44784227,2024-05-21,5,05:00,2.3541158040364585,1.8689047,1.0131918,2.9674408
20001_0310_1,4,44784227,2024-05-21,6,06:00,1.740831693013509,2.4245348,1.3896205,3.705453
20001_0310_1,4,44784227,2024-05-21,7,07:00,3.815269947052002,1.3832583,0.30805022,2.7129536
20001_0310_1,4,44784227,2024-05-21,8,08:00,1.694366693496704,1.3450853,0.4013621,2.5687442
20001_0310_1,4,44784227,2024-05-21,9,09:00,0.0,1.1648237,0.35258555,2.287748
20001_0310_1,4,44784227,2024-05-21,10,10:00,0.0,0.6734779,0.0,1.7235024
20001_0310_1,4,44784227,2024-05-21,11,11:00,0.0,0.54451126,0.0,1.5603391
20001_0310_1,4,44784227,2024-05-21,12,12:00,0.0,0.5985897,0.02758421,1.5184546
20001_0310_1,4,44784227,2024-05-21,13,13:00,0.0,0.6463061,0.16556403,1.4804142
20001_0310_1,4,44784227,2024-05-21,14,14:00,0.0,0.31653315,0.0,1.0312179
20001_0310_1,4,44784227,2024-05-21,15,15:00,0.0,0.12990928,0.0,0.7348464
20001_0310_1,4,44784227,2024-05-21,16,16:00,0.23529412746429443,0.22640234,0.0,0.7645365
20001_0310_1,4,44784227,2024-05-21,17,17:00,1.1973683834075928,0.3016881,0.0,0.797938
20001_0310_1,4,44784227,2024-05-21,18,18:00,0.0,0.16172019,0.0,0.63994396
20001_0310_1,4,44784227,2024-05-21,19,19:00,0.0,0.24336815,0.0,0.65001744
20001_0310_1,4,44784227,2024-05-21,20,20:00,0.0,0.14899582,0.0,0.4851309
20001_0310_1,4,44784227,2024-05-21,21,21:00,0.0,0.09597768,0.0,0.34728372
20001_0310_1,4,44784227,2024-05-21,22,22:00,,0.059925348,0.0,0.30380884
20001_0310_1,4,44784227,2024-05-21,23,23:00,,0.030235168,0.0,0.26139432
20001_0310_1,4,44784227,2024-05-22,0,00:00,,0.0,0.0,0.27522433
20001_0310_1,4,44784227,2024-05-22,1,01:00,,0.0,0.0,0.28806522
20001_0310_1,4,44784227,2024-05-22,2,02:00,,0.0,0.0,0.39293268
20001_0310_1,4,44784227,2024-05-22,3,03:00,,0.0,0.0,0.50582576
20001_0310_1,4,44784227,2024-05-22,4,04:00,,0.24098189,0.0,1.0681508
20001_0310_1,4,44784227,2024-05-22,5,05:00,2.1098206837972007,1.9819962,1.1451963,3.1034362
20001_0310_1,4,44784227,2024-05-22,6,06:00,1.6119372844696045,2.949345,1.9028103,4.27624
20001_0310_1,4,44784227,2024-05-22,7,07:00,2.9962823390960693,1.5282837,0.43573576,2.9407847
20001_0310_1,4,44784227,2024-05-22,8,08:00,1.6198076009750366,1.4469578,0.4796089,2.7374701
20001_0310_1,4,44784227,2024-05-22,9,09:00,0.0,1.1751585,0.3437091,2.354383
20001_0310_1,4,44784227,2024-05-22,10,10:00,0.625,0.52936745,0.0,1.619775
20001_0310_1,4,44784227,2024-05-22,11,11:00,0.9227272033691406,0.49351987,0.0,1.547545
20001_0310_1,4,44784227,2024-05-22,12,12:00,0.6937798857688904,0.45339203,0.0,1.4437476
20001_0310_1,4,44784227,2024-05-22,13,13:00,0.29914531111717224,0.5491639,0.017603397,1.4793276
20001_0310_1,4,44784227,2024-05-22,14,14:00,0.0,0.2120898,0.0,1.0456791
20001_0310_1,4,44784227,2024-05-22,15,15:00,0.0,0.17998752,0.0,0.900684
20001_0310_1,4,44784227,2024-05-22,16,16:00,0.7278919219970703,0.21851029,0.0,0.8873081
20001_0310_1,4,44784227,2024-05-22,17,17:00,1.1886792182922363,0.27629438,0.0,0.90603435
20001_0310_1,4,44784227,2024-05-22,18,18:00,0.6213786602020264,0.15216555,0.0,0.7670581
20001_0310_1,4,44784227,2024-05-22,19,19:00,0.0,0.31374705,0.020546155,0.8437023
20001_0310_1,4,44784227,2024-05-22,20,20:00,0.0,0.12862386,0.0,0.5716355
20001_0310_1,4,44784227,2024-05-22,21,21:00,0.0,0.08796094,0.0,0.43359557
20001_0310_1,4,44784227,2024-05-22,22,22:00,0.0,0.023756372,0.0,0.34584936
20001_0310_1,4,44784227,2024-05-22,23,23:00,,0.028036674,0.0,0.3522698
20001_0310_1,4,44784227,2024-05-23,0,00:00,,0.0,0.0,0.21456908
20001_0310_1,4,44784227,2024-05-23,1,01:00,,0.0,0.0,0.23168352
20001_0310_1,4,44784227,2024-05-23,2,02:00,,0.0,0.0,0.3750162
20001_0310_1,4,44784227,2024-05-23,3,03:00,,0.0,0.0,0.5167445
20001_0310_1,4,44784227,2024-05-23,4,04:00,,0.3322303,0.0,1.1494411
20001_0310_1,4,44784227,2024-05-23,5,05:00,2.6884169578552246,1.8800105,1.0531728,2.9646332
20001_0310_1,4,44784227,2024-05-23,6,06:00,0.9930432319641114,2.6266246,1.6168772,3.8674154
20001_0310_1,4,44784227,2024-05-23,7,07:00,1.0806807676951091,1.4863801,0.43411425,2.789211
20001_0310_1,4,44784227,2024-05-23,8,08:00,1.834420919418335,1.5676733,0.6273194,2.767818
20001_0310_1,4,44784227,2024-05-23,9,09:00,0.730400025844574,0.97080994,0.14718126,2.0629206
20001_0310_1,4,44784227,2024-05-23,10,10:00,1.7222221692403157,0.3621804,0.0,1.37995
20001_0310_1,4,44784227,2024-05-23,11,11:00,0.2708333432674408,0.5017695,0.0,1.4847757
20001_0310_1,4,44784227,2024-05-23,12,12:00,0.43137256304423016,0.45898354,0.0,1.3954601
20001_0310_1,4,44784227,2024-05-23,13,13:00,0.0,0.5044436,0.0,1.363638
20001_0310_1,4,44784227,2024-05-23,14,14:00,0.0,0.1386241,0.0,0.91732764
20001_0310_1,4,44784227,2024-05-23,15,15:00,0.0,0.17499211,0.0,0.86972827
20001_0310_1,4,44784227,2024-05-23,16,16:00,1.0811965465545654,0.24344955,0.0,0.87855273
20001_0310_1,4,44784227,2024-05-23,17,17:00,0.8671403527259827,0.40710562,0.0,1.0248271
20001_0310_1,4,44784227,2024-05-23,18,18:00,0.4625,0.3247428,0.0,0.938988
20001_0310_1,4,44784227,2024-05-23,19,19:00,0.3888888756434123,0.29051405,0.0,0.8363018
20001_0310_1,4,44784227,2024-05-23,20,20:00,0.0,0.11937042,0.0,0.5964333
20001_0310_1,4,44784227,2024-05-23,21,21:00,0.0,0.07016664,0.0,0.47770238
20001_0310_1,4,44784227,2024-05-23,22,22:00,0.0,0.0,0.0,0.37715548
20001_0310_1,4,44784227,2024-05-23,23,23:00,,0.09583818,0.0,0.48732919
20001_0310_1,4,44784227,2024-05-24,0,00:00,,0.0,0.0,0.23976311
20001_0310_1,4,44784227,2024-05-24,1,01:00,,0.0,0.0,0.31932622
20001_0310_1,4,44784227,2024-05-24,2,02:00,,0.0,0.0,0.461479
20001_0310_1,4,44784227,2024-05-24,3,03:00,,0.0,0.0,0.6351918
20001_0310_1,4,44784227,2024-05-24,4,04:00,,0.28750098,0.0,1.2348325
20001_0310_1,4,44784227,2024-05-24,5,05:00,0.9989836812019348,1.9042234,1.0040995,3.1390433
20001_0310_1,4,44784227,2024-05-24,6,06:00,1.3055555025736492,2.6743946,1.607188,4.074705
20001_0310_1,4,44784227,2024-05-24,7,07:00,1.737438678741455,1.3440992,0.21960717,2.7868438
20001_0310_1,4,44784227,2024-05-24,8,08:00,1.4760416746139526,1.4968604,0.49065214,2.8356426
20001_0310_1,4,44784227,2024-05-24,9,09:00,0.89455779393514,0.95423985,0.07745433,2.1927724
20001_0310_1,4,44784227,2024-05-24,10,10:00,1.2592592239379883,0.4227583,0.0,1.5626324
20001_0310_1,4,44784227,2024-05-24,11,11:00,0.5069033702214559,0.5086864,0.0,1.5753627
20001_0310_1,4,44784227,2024-05-24,12,12:00,0.9955357313156128,0.47261783,0.0,1.4512441
20001_0310_1,4,44784227,2024-05-24,13,13:00,0.0,0.46837446,0.0,1.3483424
20001_0310_1,4,44784227,2024-05-24,14,14:00,1.2471925020217896,0.22491133,0.0,1.0078124
20001_0310_1,4,44784227,2024-05-24,15,15:00,0.0,0.18566021,0.0,0.88104177
20001_0310_1,4,44784227,2024-05-24,16,16:00,0.2506666660308838,0.3002311,0.0,0.9457531
20001_0310_1,4,44784227,2024-05-24,17,17:00,0.0,0.45511392,0.02812521,1.0635066
20001_0310_1,4,44784227,2024-05-24,18,18:00,0.3181818127632141,0.37661168,0.0,0.9759871
20001_0310_1,4,44784227,2024-05-24,19,19:00,0.2856018841266632,0.31614372,0.0,0.85266435
20001_0310_1,4,44784227,2024-05-24,20,20:00,0.0,0.11352296,0.0,0.58082366
20001_0310_1,4,44784227,2024-05-24,21,21:00,0.0,0.14746991,0.0,0.5564244
20001_0310_1,4,44784227,2024-05-24,22,22:00,0.0,0.043507434,0.0,0.4508706
20001_0310_1,4,44784227,2024-05-24,23,23:00,,0.10715791,0.0,0.53255534
20001_0310_1,4,44784227,2024-05-25,0,00:00,,0.0,0.0,0.22023152
20001_0310_1,4,44784227,2024-05-25,1,01:00,,0.0,0.0,0.27375335
20001_0310_1,4,44784227,2024-05-25,2,02:00,,0.023984775,0.0,0.46737647
20001_0310_1,4,44784227,2024-05-25,3,03:00,,0.0,0.0,0.6526039
20001_0310_1,4,44784227,2024-05-25,4,04:00,,0.32622576,0.0,1.2738771
20001_0310_1,4,44784227,2024-05-25,5,05:00,,1.929782,1.0351279,3.2059102
20001_0310_1,4,44784227,2024-05-25,6,06:00,,2.7441533,1.6107497,4.2175775
20001_0310_1,4,44784227,2024-05-25,7,07:00,,1.3263494,0.1079406,2.8763838
20001_0310_1,4,44784227,2024-05-25,8,08:00,,2.0305288,0.90657026,3.5249422
20001_0310_1,4,44784227,2024-05-25,9,09:00,,1.4806182,0.47734618,2.8805816
20001_0310_1,4,44784227,2024-05-25,10,10:00,,0.67687243,0.0,1.9926176
20001_0310_1,4,44784227,2024-05-25,11,11:00,,0.806348,0.0,2.0704076
20001_0310_1,4,44784227,2024-05-25,12,12:00,,0.9443504,0.2118359,2.1323252
20001_0310_1,4,44784227,2024-05-25,13,13:00,,0.8126447,0.15149271,1.9040704
20001_0310_1,4,44784227,2024-05-25,14,14:00,,0.49413735,0.0,1.4758956
20001_0310_1,4,44784227,2024-05-25,15,15:00,,0.41542882,0.0,1.2964401
20001_0310_1,4,44784227,2024-05-25,16,16:00,,0.2810995,0.0,1.1175094
20001_0310_1,4,44784227,2024-05-25,17,17:00,,0.40808266,0.0,1.2004157
20001_0310_1,4,44784227,2024-05-25,18,18:00,,0.27585223,0.0,1.0314546
20001_0310_1,4,44784227,2024-05-25,19,19:00,,0.28739616,0.0,0.94067734
20001_0310_1,4,44784227,2024-05-25,20,20:00,,0.13732514,0.0,0.6948442
20001_0310_1,4,44784227,2024-05-25,21,21:00,,0.13312735,0.0,0.5875381
20001_0310_1,4,44784227,2024-05-25,22,22:00,,0.12683065,0.0,0.5576289
20001_0310_1,4,44784227,2024-05-25,23,23:00,,0.07855607,0.0,0.48836538
20001_0310_1,4,44784227,2024-05-26,0,00:00,,0.0,0.0,0.28837737
20001_0310_1,4,44784227,2024-05-26,1,01:00,,0.0,0.0,0.27628428
20001_0310_1,4,44784227,2024-05-26,2,02:00,,0.055310305,0.0,0.49066195
20001_0310_1,4,44784227,2024-05-26,3,03:00,,0.04871406,0.0,0.7017416
20001_0310_1,4,44784227,2024-05-26,4,04:00,,0.4181034,0.0,1.3591666
20001_0310_1,4,44784227,2024-05-26,5,05:00,,2.1353242,1.1986583,3.3842123
20001_0310_1,4,44784227,2024-05-26,6,06:00,,2.8477178,1.6867796,4.3120823
20001_0310_1,4,44784227,2024-05-26,7,07:00,,1.6032276,0.3708304,3.1357534
20001_0310_1,4,44784227,2024-05-26,8,08:00,,2.289236,1.1469876,3.7492034
20001_0310_1,4,44784227,2024-05-26,9,09:00,,1.7263573,0.7076509,3.113766
20001_0310_1,4,44784227,2024-05-26,10,10:00,,0.8993539,0.0,2.2147536
20001_0310_1,4,44784227,2024-05-26,11,11:00,,0.9282125,0.06850275,2.2034853
20001_0310_1,4,44784227,2024-05-26,12,12:00,,1.083224,0.32465664,2.2672489
20001_0310_1,4,44784227,2024-05-26,13,13:00,,0.9556968,0.2900265,2.0171416
20001_0310_1,4,44784227,2024-05-26,14,14:00,,0.5071526,0.0,1.455087
20001_0310_1,4,44784227,2024-05-26,15,15:00,,0.42030212,0.0,1.2541767
20001_0310_1,4,44784227,2024-05-26,16,16:00,,0.32245794,0.0,1.1129072
20001_0310_1,4,44784227,2024-05-26,17,17:00,,0.39611593,0.0,1.1359941
20001_0310_1,4,44784227,2024-05-26,18,18:00,,0.3400479,0.0,1.0376002
20001_0310_1,4,44784227,2024-05-26,19,19:00,,0.32135856,0.0,0.90072817
20001_0310_1,4,44784227,2024-05-26,20,20:00,,0.16524762,0.0,0.6429252
20001_0310_1,4,44784227,2024-05-26,21,21:00,,0.13226643,0.0,0.48681423
20001_0310_1,4,44784227,2024-05-26,22,22:00,,0.1784401,0.009136641,0.5038545
20001_0310_1,4,44784227,2024-05-26,23,23:00,,0.09488775,0.0,0.39171845
20001_0310_1,4,44784227,2024-05-27,0,00:00,,0.0,0.0,0.3226246
20001_0310_1,4,44784227,2024-05-27,1,01:00,,0.0,0.0,0.33472434
20001_0310_1,4,44784227,2024-05-27,2,02:00,,0.0,0.0,0.44802225
20001_0310_1,4,44784227,2024-05-27,3,03:00,,0.005830474,0.0,0.677368
20001_0310_1,4,44784227,2024-05-27,4,04:00,,0.44692227,0.0,1.3967546
20001_0310_1,4,44784227,2024-05-27,5,05:00,1.7637163400650024,1.745998,0.82916516,2.9515755
20001_0310_1,4,44784227,2024-05-27,6,06:00,6.900981903076172,2.2035894,1.1267095,3.5895636
20001_0310_1,4,44784227,2024-05-27,7,07:00,3.9122090339660645,1.4314039,0.32812446,2.8569772
20001_0310_1,4,44784227,2024-05-27,8,08:00,4.155510711669922,1.6557996,0.6537183,2.9493756
20001_0310_1,4,44784227,2024-05-27,9,09:00,2.619399070739746,1.0354112,0.1730273,2.223389
20001_0310_1,4,44784227,2024-05-27,10,10:00,2.287259896596273,0.51292104,0.0,1.6093255
20001_0310_1,4,44784227,2024-05-27,11,11:00,2.002018451690674,0.61191916,0.0,1.6568997
20001_0310_1,4,44784227,2024-05-27,12,12:00,3.9011704126993814,0.71064234,0.11459099,1.667762
20001_0310_1,4,44784227,2024-05-27,13,13:00,4.903330167134603,0.64574355,0.1462154,1.4947902
20001_0310_1,4,44784227,2024-05-27,14,14:00,0.8446284532546997,0.3215246,0.0,1.0706106
20001_0310_1,4,44784227,2024-05-27,15,15:00,0.7869147062301636,0.24452604,0.0,0.9133136
20001_0310_1,4,44784227,2024-05-27,16,16:00,0.0,0.32812446,0.0,0.94741297
20001_0310_1,4,44784227,2024-05-27,17,17:00,1.436192512512207,0.4007231,0.0,1.0002118
20001_0310_1,4,44784227,2024-05-27,18,18:00,0.24940865039825438,0.31162477,0.0,0.8948889
20001_0310_1,4,44784227,2024-05-27,19,19:00,2.429142713546753,0.26432568,0.0,0.7514791
20001_0310_1,4,44784227,2024-05-27,20,20:00,0.3653532564640045,0.15212777,0.0,0.57231987
20001_0310_1,4,44784227,2024-05-27,21,21:00,0.0,0.07182927,0.0,0.41282293
20001_0310_1,4,44784227,2024-05-27,22,22:00,0.0,0.13122815,0.0,0.4634219
20001_0310_1,4,44784227,2024-05-27,23,23:00,,0.08282904,0.0,0.3963232
20001_0310_1,4,44784227,2024-05-28,0,00:00,,0.0,0.0,0.33133975
20001_0310_1,4,44784227,2024-05-28,1,01:00,,0.0,0.0,0.47563884
20001_0310_1,4,44784227,2024-05-28,2,02:00,,0.0034921821,0.0,0.6695768
20001_0310_1,4,44784227,2024-05-28,3,03:00,,0.0,0.0,0.90709317
20001_0310_1,4,44784227,2024-05-28,4,04:00,,0.43985265,0.0,1.7067986
20001_0310_1,4,44784227,2024-05-28,5,05:00,3.3964574337005615,2.1760592,1.0638019,3.7829738
20001_0310_1,4,44784227,2024-05-28,6,06:00,7.478488445281982,2.7163153,1.3783741,4.6002846
20001_0310_1,4,44784227,2024-05-28,7,07:00,7.868927001953125,2.0721638,0.6880471,4.025397
20001_0310_1,4,44784227,2024-05-28,8,08:00,4.259230931599935,1.912858,0.69093335,3.7183287
20001_0310_1,4,44784227,2024-05-28,9,09:00,4.48134183883667,1.0932391,0.06813825,2.7440207
20001_0310_1,4,44784227,2024-05-28,10,10:00,4.453603744506836,0.7397062,0.0,2.2710083
20001_0310_1,4,44784227,2024-05-28,11,11:00,1.5807689428329468,0.6433144,0.0,2.0997975
20001_0310_1,4,44784227,2024-05-28,12,12:00,3.407719135284424,0.7246991,0.036681008,2.0476332
20001_0310_1,4,44784227,2024-05-28,13,13:00,3.0691845417022705,0.60146767,0.03177481,1.8003047
20001_0310_1,4,44784227,2024-05-28,14,14:00,2.551248868306478,0.33018535,0.0,1.3795284
20001_0310_1,4,44784227,2024-05-28,15,15:00,0.47392356395721436,0.2089741,0.0,1.125562
20001_0310_1,4,44784227,2024-05-28,16,16:00,0.0,0.33249414,0.0,1.1728921
20001_0310_1,4,44784227,2024-05-28,17,17:00,2.710963726043701,0.4664037,0.042164356,1.284291
20001_0310_1,4,44784227,2024-05-28,18,18:00,0.8297608693440756,0.33249414,0.0,1.1428778
20001_0310_1,4,44784227,2024-05-28,19,19:00,0.8763188521067301,0.39136818,0.031197611,1.1186357
20001_0310_1,4,44784227,2024-05-28,20,20:00,0.8122658729553223,0.21474606,0.0,0.83956116
20001_0310_1,4,44784227,2024-05-28,21,21:00,0.0,0.08429968,0.0,0.5899238
20001_0310_1,4,44784227,2024-05-28,22,22:00,0.0,0.031197585,0.0,0.502767
20001_0310_1,4,44784227,2024-05-28,23,23:00,,0.058903042,0.0,0.5050758
20001_0310_1,4,44784227,2024-05-29,0,00:00,,0.0,0.0,0.56942487
20001_0310_1,4,44784227,2024-05-29,1,01:00,,0.015674705,0.0,0.7629432
20001_0310_1,4,44784227,2024-05-29,2,02:00,,0.13596989,0.0,1.106667
20001_0310_1,4,44784227,2024-05-29,3,03:00,,0.12812455,0.0,1.4919059
20001_0310_1,4,44784227,2024-05-29,4,04:00,,0.6897201,0.0,2.531413
20001_0310_1,4,44784227,2024-05-29,5,05:00,3.9673125743865967,2.9262953,1.3519975,5.3165083
20001_0310_1,4,44784227,2024-05-29,6,06:00,3.85768461227417,4.076945,2.1652973,6.9431086
20001_0310_1,4,44784227,2024-05-29,7,07:00,9.109354400634766,3.0675113,1.0349151,6.116733
20001_0310_1,4,44784227,2024-05-29,8,08:00,3.3058876991271973,2.9419858,1.1042157,5.8133802
20001_0310_1,4,44784227,2024-05-29,9,09:00,6.661213397979736,2.1234558,0.5370631,4.8065615
20001_0310_1,4,44784227,2024-05-29,10,10:00,1.735825538635254,1.5141343,0.096743196,4.032488
20001_0310_1,4,44784227,2024-05-29,11,11:00,2.0867345333099365,1.3101556,0.022212556,3.7461329
20001_0310_1,4,44784227,2024-05-29,12,12:00,2.028220017751058,1.4696776,0.2954918,3.7343652
20001_0310_1,4,44784227,2024-05-29,13,13:00,1.317671537399292,1.3075404,0.29222274,3.4525867
20001_0310_1,4,44784227,2024-05-29,14,14:00,0.0,0.7884406,0.0,2.691589
20001_0310_1,4,44784227,2024-05-29,15,15:00,1.1791803042093914,0.5831542,0.0,2.2976875
20001_0310_1,4,44784227,2024-05-29,16,16:00,1.5317459106445312,0.5256218,0.0,2.1182253
20001_0310_1,4,44784227,2024-05-29,17,17:00,2.6933279037475586,0.7434933,0.025154447,2.2715364
20001_0310_1,4,44784227,2024-05-29,18,18:00,0.28547523021697996,0.5962298,0.0,2.060693
20001_0310_1,4,44784227,2024-05-29,19,19:00,0.0,0.61388177,0.0,1.9149004
20001_0310_1,4,44784227,2024-05-29,20,20:00,0.0,0.35956204,0.0,1.4487567
20001_0310_1,4,44784227,2024-05-29,21,21:00,0.0,0.17258148,0.0,1.0336074
20001_0310_1,4,44784227,2024-05-29,22,22:00,0.0,0.13858502,0.0,0.8979484
20001_0310_1,4,44784227,2024-05-29,23,23:00,,0.1176641,0.0,0.8646057
20001_0310_1,4,44784227,2024-05-30,0,00:00,,0.0,0.0,0.54128045
20001_0310_1,4,44784227,2024-05-30,1,01:00,,0.0,0.0,0.6916912
20001_0310_1,4,44784227,2024-05-30,2,02:00,,0.011464457,0.0,0.9267304
20001_0310_1,4,44784227,2024-05-30,3,03:00,,0.065512806,0.0,1.3559167
20001_0310_1,4,44784227,2024-05-30,4,04:00,,0.6145301,0.0,2.4105709
20001_0310_1,4,44784227,2024-05-30,5,05:00,,2.7935317,1.2040836,5.205794
20001_0310_1,4,44784227,2024-05-30,6,06:00,,3.9313915,1.945826,6.901205
20001_0310_1,4,44784227,2024-05-30,7,07:00,,3.1576467,0.9590884,6.3322754
20001_0310_1,4,44784227,2024-05-30,8,08:00,,3.0324821,1.0405163,5.9795394
20001_0310_1,4,44784227,2024-05-30,9,09:00,,2.1933105,0.49007666,4.912795
20001_0310_1,4,44784227,2024-05-30,10,10:00,,1.5674876,0.098226234,4.0537114
20001_0310_1,4,44784227,2024-05-30,11,11:00,,1.3505831,0.0,3.7159092
20001_0310_1,4,44784227,2024-05-30,12,12:00,,1.433789,0.24045877,3.6042566
20001_0310_1,4,44784227,2024-05-30,13,13:00,,1.1870157,0.14729641,3.1697361
20001_0310_1,4,44784227,2024-05-30,14,14:00,,0.7357833,0.0,2.4634635
20001_0310_1,4,44784227,2024-05-30,15,15:00,,0.58323896,0.0,2.1165051
20001_0310_1,4,44784227,2024-05-30,16,16:00,,0.6685785,0.016798234,2.0933924
20001_0310_1,4,44784227,2024-05-30,17,17:00,,0.94593173,0.22481315,2.329854
20001_0310_1,4,44784227,2024-05-30,18,18:00,,0.80494386,0.076180205,2.130017
20001_0310_1,4,44784227,2024-05-30,19,19:00,,0.6465325,0.04702256,1.823506
20001_0310_1,4,44784227,2024-05-30,20,20:00,,0.30304098,0.0,1.2218627
20001_0310_1,4,44784227,2024-05-30,21,21:00,,0.13093972,0.0,0.81365556
20001_0310_1,4,44784227,2024-05-30,22,22:00,,0.025687698,0.0,0.6003068
20001_0310_1,4,44784227,2024-05-30,23,23:00,,0.12525041,0.0,0.7357832
20001_0310_1,4,44784227,2024-05-31,0,00:00,,0.0,0.0,0.4486622
20001_0310_1,4,44784227,2024-05-31,1,01:00,,0.0,0.0,0.64073527
20001_0310_1,4,44784227,2024-05-31,2,02:00,,0.08806516,0.0,0.94135547
20001_0310_1,4,44784227,2024-05-31,3,03:00,,0.07334691,0.0,1.2934895
20001_0310_1,4,44784227,2024-05-31,4,04:00,,0.6032038,0.0,2.3237665
20001_0310_1,4,44784227,2024-05-31,5,05:00,,3.058207,1.3788555,5.3719153
20001_0310_1,4,44784227,2024-05-31,6,06:00,,4.5947924,2.4871392,7.43247
20001_0310_1,4,44784227,2024-05-31,7,07:00,,3.9648514,1.6643896,7.0497956
20001_0310_1,4,44784227,2024-05-31,8,08:00,,3.747021,1.6246498,6.637685
20001_0310_1,4,44784227,2024-05-31,9,09:00,,2.8904192,1.0204661,5.527929
20001_0310_1,4,44784227,2024-05-31,10,10:00,,1.9808316,0.36624017,4.3607726
20001_0310_1,4,44784227,2024-05-31,11,11:00,,1.5753438,0.08732914,3.79044
20001_0310_1,4,44784227,2024-05-31,12,12:00,,1.7114878,0.40303558,3.695507
20001_0310_1,4,44784227,2024-05-31,13,13:00,,1.4936578,0.32208535,3.2760375
20001_0310_1,4,44784227,2024-05-31,14,14:00,,1.1286452,0.1255966,2.6556633
20001_0310_1,4,44784227,2024-05-31,15,15:00,,0.9395157,0.09616016,2.2567987
20001_0310_1,4,44784227,2024-05-31,16,16:00,,0.89977646,0.10747486,2.1121
20001_0310_1,4,44784227,2024-05-31,17,17:00,,1.2294652,0.38758153,2.3922067
20001_0310_1,4,44784227,2024-05-31,18,18:00,,0.99213344,0.17251109,2.1153195
20001_0310_1,4,44784227,2024-05-31,19,19:00,,0.69298506,0.012266206,1.6975055
20001_0310_1,4,44784227,2024-05-31,20,20:00,,0.40892294,0.0,1.2265215
20001_0310_1,4,44784227,2024-05-31,21,21:00,,0.20875478,0.0,0.8428352
20001_0310_1,4,44784227,2024-05-31,22,22:00,,0.12927625,0.0,0.70402384
20001_0310_1,4,44784227,2024-05-31,23,23:00,,0.20286748,0.0,0.8274731
20001_0310_1,5,44783495,2024-05-01,0,00:00,,0.0,0.0,0.14668322
20001_0310_1,5,44783495,2024-05-01,1,01:00,,0.00072426395,0.0,0.17584519
20001_0310_1,5,44783495,2024-05-01,2,02:00,,0.0,0.0,0.20217545
20001_0310_1,5,44783495,2024-05-01,3,03:00,,0.0,0.0,0.2663616
20001_0310_1,5,44783495,2024-05-01,4,04:00,,0.015032027,0.0,0.3906105
20001_0310_1,5,44783495,2024-05-01,5,05:00,,0.26740488,0.0,0.77890706
20001_0310_1,5,44783495,2024-05-01,6,06:00,,0.7335992,0.36398217,1.3536016
20001_0310_1,5,44783495,2024-05-01,7,07:00,,0.5793933,0.1545326,1.2637808
20001_0310_1,5,44783495,2024-05-01,8,08:00,,0.63185513,0.24693686,1.2741141
20001_0310_1,5,44783495,2024-05-01,9,09:00,,0.16774741,0.0,0.738592
20001_0310_1,5,44783495,2024-05-01,10,10:00,,0.09253235,0.0,0.57402796
20001_0310_1,5,44783495,2024-05-01,11,11:00,,0.11439142,0.0,0.5328932
20001_0310_1,5,44783495,2024-05-01,12,12:00,,0.10763498,0.0,0.4656269
20001_0310_1,5,44783495,2024-05-01,13,13:00,,0.051596276,0.0,0.3552386
20001_0310_1,5,44783495,2024-05-01,14,14:00,,0.055173215,0.0,0.31827685
20001_0310_1,5,44783495,2024-05-01,15,15:00,,0.030134648,0.0,0.25230223
20001_0310_1,5,44783495,2024-05-01,16,16:00,,0.014237143,0.0,0.21573798
20001_0310_1,5,44783495,2024-05-01,17,17:00,,0.04007059,0.0,0.23849128
20001_0310_1,5,44783495,2024-05-01,18,18:00,,0.068288654,0.0,0.26760358
20001_0310_1,5,44783495,2024-05-01,19,19:00,,0.0011217056,0.0,0.17818014
20001_0310_1,5,44783495,2024-05-01,20,20:00,,0.0,0.0,0.14926656
20001_0310_1,5,44783495,2024-05-01,21,21:00,,0.021391015,0.0,0.1388835
20001_0310_1,5,44783495,2024-05-01,22,22:00,,0.0015191396,0.0,0.11399396
20001_0310_1,5,44783495,2024-05-01,23,23:00,,0.0,0.0,0.13853575
20001_0310_1,5,44783495,2024-05-02,0,00:00,,0.0,0.0,0.11363259
20001_0310_1,5,44783495,2024-05-02,1,01:00,,0.015863396,0.0,0.15578115
20001_0310_1,5,44783495,2024-05-02,2,02:00,,0.0012365011,0.0,0.17156279
20001_0310_1,5,44783495,2024-05-02,3,03:00,,0.0,0.0,0.2175605
20001_0310_1,5,44783495,2024-05-02,4,04:00,,0.0,0.0,0.32456774
20001_0310_1,5,44783495,2024-05-02,5,05:00,,0.23863477,0.0,0.7081387
20001_0310_1,5,44783495,2024-05-02,6,06:00,,0.66983926,0.30070284,1.2564545
20001_0310_1,5,44783495,2024-05-02,7,07:00,,0.5289593,0.10429832,1.1763916
20001_0310_1,5,44783495,2024-05-02,8,08:00,,0.56360185,0.16578901,1.1794708
20001_0310_1,5,44783495,2024-05-02,9,09:00,,0.20774508,0.0,0.76568395
20001_0310_1,5,44783495,2024-05-02,10,10:00,,0.07975981,0.0,0.5647567
20001_0310_1,5,44783495,2024-05-02,11,11:00,,0.11680817,0.0,0.54608804
20001_0310_1,5,44783495,2024-05-02,12,12:00,,0.1272972,0.0,0.51362276
20001_0310_1,5,44783495,2024-05-02,13,13:00,,0.08149194,0.0,0.4277258
20001_0310_1,5,44783495,2024-05-02,14,14:00,,0.059359137,0.0,0.3688333
20001_0310_1,5,44783495,2024-05-02,15,15:00,,0.05397029,0.0,0.32379788
20001_0310_1,5,44783495,2024-05-02,16,16:00,,0.029335534,0.0,0.27241135
20001_0310_1,5,44783495,2024-05-02,17,17:00,,0.07514078,0.0,0.30205002
20001_0310_1,5,44783495,2024-05-02,18,18:00,,0.08745816,0.0,0.3064766
20001_0310_1,5,44783495,2024-05-02,19,19:00,,0.01663323,0.0,0.20668656
20001_0310_1,5,44783495,2024-05-02,20,20:00,,0.016248308,0.0,0.17413692
20001_0310_1,5,44783495,2024-05-02,21,21:00,,0.04550209,0.0,0.16525975
20001_0310_1,5,44783495,2024-05-02,22,22:00,,0.00085158134,0.0,0.11536473
20001_0310_1,5,44783495,2024-05-02,23,23:00,,0.01855782,0.0,0.14481096
20001_0310_1,5,44783495,2024-05-03,0,00:00,,0.0,0.0,0.0986775
20001_0310_1,5,44783495,2024-05-03,1,01:00,,0.012141278,0.0,0.14233193
20001_0310_1,5,44783495,2024-05-03,2,02:00,,0.0,0.0,0.14117296
20001_0310_1,5,44783495,2024-05-03,3,03:00,,0.00016528694,0.0,0.2157332
20001_0310_1,5,44783495,2024-05-03,4,04:00,,0.0,0.0,0.3076779
20001_0310_1,5,44783495,2024-05-03,5,05:00,,0.24929495,0.0,0.6892196
20001_0310_1,5,44783495,2024-05-03,6,06:00,,0.71408904,0.3428333,1.2703935
20001_0310_1,5,44783495,2024-05-03,7,07:00,,0.48075032,0.05656833,1.092685
20001_0310_1,5,44783495,2024-05-03,8,08:00,,0.70327204,0.31212062,1.2750292
20001_0310_1,5,44783495,2024-05-03,9,09:00,,0.28140795,0.0,0.7793775
20001_0310_1,5,44783495,2024-05-03,10,10:00,,0.12398161,0.0,0.5394714
20001_0310_1,5,44783495,2024-05-03,11,11:00,,0.12881064,0.0,0.4780461
20001_0310_1,5,44783495,2024-05-03,12,12:00,,0.1125851,0.0,0.4172003
20001_0310_1,5,44783495,2024-05-03,13,13:00,,0.10254072,0.0,0.3727733
20001_0310_1,5,44783495,2024-05-03,14,14:00,,0.109494515,0.0,0.34804857
20001_0310_1,5,44783495,2024-05-03,15,15:00,,0.08167931,0.0,0.28604382
20001_0310_1,5,44783495,2024-05-03,16,16:00,,0.044592362,0.0,0.22519809
20001_0310_1,5,44783495,2024-05-03,17,17:00,,0.08901944,0.0,0.26160896
20001_0310_1,5,44783495,2024-05-03,18,18:00,,0.0832246,0.0,0.25576586
20001_0310_1,5,44783495,2024-05-03,19,19:00,,0.02682153,0.0,0.1828475
20001_0310_1,5,44783495,2024-05-03,20,20:00,,0.017936112,0.0,0.15508056
20001_0310_1,5,44783495,2024-05-03,21,21:00,,0.040729128,0.0,0.13885503
20001_0310_1,5,44783495,2024-05-03,22,22:00,,0.020640373,0.0,0.114130385
20001_0310_1,5,44783495,2024-05-03,23,23:00,,0.031457398,0.0,0.13769607
20001_0310_1,5,44783495,2024-05-04,0,00:00,,0.0,0.0,0.08277815
20001_0310_1,5,44783495,2024-05-04,1,01:00,,0.0,0.0,0.09627678
20001_0310_1,5,44783495,2024-05-04,2,02:00,,0.0,0.0,0.12692234
20001_0310_1,5,44783495,2024-05-04,3,03:00,,0.007623613,0.0,0.20057195
20001_0310_1,5,44783495,2024-05-04,4,04:00,,0.012731204,0.0,0.2980266
20001_0310_1,5,44783495,2024-05-04,5,05:00,,0.31225488,0.038998798,0.71502477
20001_0310_1,5,44783495,2024-05-04,6,06:00,,0.8022187,0.42425707,1.3071404
20001_0310_1,5,44783495,2024-05-04,7,07:00,,0.691311,0.26300317,1.24439
20001_0310_1,5,44783495,2024-05-04,8,08:00,,0.7088227,0.31882173,1.2181225
20001_0310_1,5,44783495,2024-05-04,9,09:00,,0.37026253,0.05796985,0.8080559
20001_0310_1,5,44783495,2024-05-04,10,10:00,,0.1762197,0.0,0.52973795
20001_0310_1,5,44783495,2024-05-04,11,11:00,,0.16504686,0.0,0.46165192
20001_0310_1,5,44783495,2024-05-04,12,12:00,,0.16883193,0.019640127,0.43116596
20001_0310_1,5,44783495,2024-05-04,13,13:00,,0.12710474,0.0,0.36333078
20001_0310_1,5,44783495,2024-05-04,14,14:00,,0.121997155,0.0,0.32739523
20001_0310_1,5,44783495,2024-05-04,15,15:00,,0.10557989,0.0,0.2861697
20001_0310_1,5,44783495,2024-05-04,16,16:00,,0.090439536,0.0,0.2599021
20001_0310_1,5,44783495,2024-05-04,17,17:00,,0.10302611,0.0,0.27084693
20001_0310_1,5,44783495,2024-05-04,18,18:00,,0.08642643,0.0,0.2630031
20001_0310_1,5,44783495,2024-05-04,19,19:00,,0.02221673,0.0,0.17813504
20001_0310_1,5,44783495,2024-05-04,20,20:00,,0.022581557,0.0,0.15811512
20001_0310_1,5,44783495,2024-05-04,21,21:00,,0.020027762,0.0,0.12144991
20001_0310_1,5,44783495,2024-05-04,22,22:00,,0.012731204,0.0,0.10795128
20001_0310_1,5,44783495,2024-05-04,23,23:00,,0.036809847,0.00105671,0.14917684
20001_0310_1,5,44783495,2024-05-05,0,00:00,,0.005835054,0.0,0.11155295
20001_0310_1,5,44783495,2024-05-05,1,01:00,,0.0,0.0,0.109001145
20001_0310_1,5,44783495,2024-05-05,2,02:00,,0.0,0.0,0.1361597
20001_0310_1,5,44783495,2024-05-05,3,03:00,,0.009480494,0.0,0.21280518
20001_0310_1,5,44783495,2024-05-05,4,04:00,,0.03864406,0.0,0.33064416
20001_0310_1,5,44783495,2024-05-05,5,05:00,,0.33428964,0.058694005,0.74002767
20001_0310_1,5,44783495,2024-05-05,6,06:00,,0.8822,0.5096355,1.3925623
20001_0310_1,5,44783495,2024-05-05,7,07:00,0.0,0.62701887,0.21344316,1.1796682
20001_0310_1,5,44783495,2024-05-05,8,08:00,,0.68972045,0.3116878,1.2029991
20001_0310_1,5,44783495,2024-05-05,9,09:00,,0.4257903,0.11966403,0.87053454
20001_0310_1,5,44783495,2024-05-05,10,10:00,0.0,0.22501743,0.0,0.5915669
20001_0310_1,5,44783495,2024-05-05,11,11:00,,0.16044748,0.0,0.47252035
20001_0310_1,5,44783495,2024-05-05,12,12:00,,0.16103986,0.0078400625,0.4350862
20001_0310_1,5,44783495,2024-05-05,13,13:00,,0.1000698,0.0,0.34413236
20001_0310_1,5,44783495,2024-05-05,14,14:00,,0.10644933,0.0,0.32207736
20001_0310_1,5,44783495,2024-05-05,15,15:00,,0.065255806,0.0,0.24989758
20001_0310_1,5,44783495,2024-05-05,16,16:00,,0.064526714,0.0,0.2310324
20001_0310_1,5,44783495,2024-05-05,17,17:00,,0.07145306,0.0,0.22674902
20001_0310_1,5,44783495,2024-05-05,18,18:00,,0.07801486,0.0,0.2340399
20001_0310_1,5,44783495,2024-05-05,19,19:00,,0.032811347,0.0,0.16673589
20001_0310_1,5,44783495,2024-05-05,20,20:00,,0.025155911,0.0,0.13761789
20001_0310_1,5,44783495,2024-05-05,21,21:00,,0.027707724,0.0,0.10353297
20001_0310_1,5,44783495,2024-05-05,22,22:00,,0.016042301,0.0,0.09186755
20001_0310_1,5,44783495,2024-05-05,23,23:00,,0.023697728,0.0,0.10973023
20001_0310_1,5,44783495,2024-05-06,0,00:00,,0.0,0.0,0.07452178
20001_0310_1,5,44783495,2024-05-06,1,01:00,,0.0,0.0,0.0734308
20001_0310_1,5,44783495,2024-05-06,2,02:00,,0.0,0.0,0.12070657
20001_0310_1,5,44783495,2024-05-06,3,03:00,,0.008335712,0.0,0.184347
20001_0310_1,5,44783495,2024-05-06,4,04:00,,0.022882106,0.0,0.27780756
20001_0310_1,5,44783495,2024-05-06,5,05:00,0.6660538911819458,0.26162472,0.022154773,0.6196477
20001_0310_1,5,44783495,2024-05-06,6,06:00,0.9459865093231201,0.8876649,0.5625531,1.334239
20001_0310_1,5,44783495,2024-05-06,7,07:00,0.6122423410415649,0.49636707,0.13507107,0.9843983
20001_0310_1,5,44783495,2024-05-06,8,08:00,1.3906471729278564,0.58000886,0.24453278,1.0353109
20001_0310_1,5,44783495,2024-05-06,9,09:00,0.0,0.3239924,0.051974893,0.71492654
20001_0310_1,5,44783495,2024-05-06,10,10:00,0.9775674343109131,0.13961688,0.0,0.46500146
20001_0310_1,5,44783495,2024-05-06,11,11:00,0.0,0.12725244,0.0,0.40427026
20001_0310_1,5,44783495,2024-05-06,12,12:00,0.0,0.1317982,0.0,0.37785944
20001_0310_1,5,44783495,2024-05-06,13,13:00,0.0,0.094523065,0.0,0.31635553
20001_0310_1,5,44783495,2024-05-06,14,14:00,0.5238095124562582,0.089068174,0.0,0.29180846
20001_0310_1,5,44783495,2024-05-06,15,15:00,0.0,0.07852204,0.0,0.25435153
20001_0310_1,5,44783495,2024-05-06,16,16:00,0.0,0.077794716,0.0,0.23653218
20001_0310_1,5,44783495,2024-05-06,17,17:00,0.0,0.10979677,0.0061537493,0.25816998
20001_0310_1,5,44783495,2024-05-06,18,18:00,0.0,0.07415812,0.0,0.2250769
20001_0310_1,5,44783495,2024-05-06,19,19:00,0.0,0.04033777,0.0,0.17157348
20001_0310_1,5,44783495,2024-05-06,20,20:00,0.0,0.031246275,0.0,0.141617
20001_0310_1,5,44783495,2024-05-06,21,21:00,0.0,0.017790869,0.0,0.095614046
20001_0310_1,5,44783495,2024-05-06,22,22:00,0.0,0.0010625196,0.0,0.08034034
20001_0310_1,5,44783495,2024-05-06,23,23:00,,0.017790869,0.0,0.10543286
20001_0310_1,5,44783495,2024-05-07,0,00:00,,0.0,0.0,0.09889074
20001_0310_1,5,44783495,2024-05-07,1,01:00,,0.0,0.0,0.123119146
20001_0310_1,5,44783495,2024-05-07,2,02:00,,0.0053061964,0.0,0.16611995
20001_0310_1,5,44783495,2024-05-07,3,03:00,,0.009005191,0.0,0.22854048
20001_0310_1,5,44783495,2024-05-07,4,04:00,,0.024910863,0.0,0.33340693
20001_0310_1,5,44783495,2024-05-07,5,05:00,0.703177273273468,0.26608524,0.00031255558,0.682407
20001_0310_1,5,44783495,2024-05-07,6,06:00,0.6472998261451721,0.9596466,0.6045431,1.4627099
20001_0310_1,5,44783495,2024-05-07,7,07:00,0.6923521757125854,0.67112505,0.27459297,1.2111782
20001_0310_1,5,44783495,2024-05-07,8,08:00,1.8315264383951824,0.71403337,0.35301164,1.2111783
20001_0310_1,5,44783495,2024-05-07,9,09:00,0.4277976353963216,0.40257815,0.11137485,0.83240116
20001_0310_1,5,44783495,2024-05-07,10,10:00,0.0,0.17740187,0.0,0.53130305
20001_0310_1,5,44783495,2024-05-07,11,11:00,0.3552631437778473,0.12718804,0.0,0.41913113
20001_0310_1,5,44783495,2024-05-07,12,12:00,0.47865013281504315,0.12626329,0.0,0.3861176
20001_0310_1,5,44783495,2024-05-07,13,13:00,0.0,0.08076567,0.0,0.30751398
20001_0310_1,5,44783495,2024-05-07,14,14:00,0.0,0.09852083,0.0,0.30621934
20001_0310_1,5,44783495,2024-05-07,15,15:00,0.4444444576899211,0.09352719,0.0006824536,0.27089396
20001_0310_1,5,44783495,2024-05-07,16,16:00,0.4754166603088379,0.04414563,0.0,0.20163028
20001_0310_1,5,44783495,2024-05-07,17,17:00,0.6470588445663452,0.06855899,0.0,0.215594
20001_0310_1,5,44783495,2024-05-07,18,18:00,0.0,0.0652299,0.0,0.21735102
20001_0310_1,5,44783495,2024-05-07,19,19:00,0.0,0.03119915,0.0,0.17111358
20001_0310_1,5,44783495,2024-05-07,20,20:00,0.0,0.015293478,0.0,0.13902482
20001_0310_1,5,44783495,2024-05-07,21,21:00,0.0,0.01492358,0.0,0.11035762
20001_0310_1,5,44783495,2024-05-07,22,22:00,,0.010854688,0.0,0.11239205
20001_0310_1,5,44783495,2024-05-07,23,23:00,,0.009744994,0.0,0.12496863
20001_0310_1,5,44783495,2024-05-08,0,00:00,,0.0,0.0,0.09691395
20001_0310_1,5,44783495,2024-05-08,1,01:00,,0.0,0.0,0.11015962
20001_0310_1,5,44783495,2024-05-08,2,02:00,,0.0,0.0,0.15159965
20001_0310_1,5,44783495,2024-05-08,3,03:00,,0.015169214,0.0,0.2301749
20001_0310_1,5,44783495,2024-05-08,4,04:00,,0.021224381,0.0,0.32473955
20001_0310_1,5,44783495,2024-05-08,5,05:00,0.6635546684265137,0.34328347,0.06550275,0.7557916
20001_0310_1,5,44783495,2024-05-08,6,06:00,1.7861343383789063,0.8689475,0.49806866,1.3745538
20001_0310_1,5,44783495,2024-05-08,7,07:00,2.287572701772054,0.73573387,0.31981972,1.2776712
20001_0310_1,5,44783495,2024-05-08,8,08:00,1.3928298950195312,0.7796338,0.39929375,1.2837263
20001_0310_1,5,44783495,2024-05-08,9,09:00,0.604481021563212,0.36599037,0.062475186,0.81218034
20001_0310_1,5,44783495,2024-05-08,10,10:00,1.7916667461395264,0.16834597,0.0,0.5434351
20001_0310_1,5,44783495,2024-05-08,11,11:00,0.5654048323631287,0.12226994,0.0,0.4360032
20001_0310_1,5,44783495,2024-05-08,12,12:00,0.0,0.15557337,0.009776341,0.4343948
20001_0310_1,5,44783495,2024-05-08,13,13:00,0.0,0.0878312,0.0,0.33420077
20001_0310_1,5,44783495,2024-05-08,14,14:00,0.0,0.0957786,0.0,0.32284734
20001_0310_1,5,44783495,2024-05-08,15,15:00,0.0,0.09048034,0.0,0.2895439
20001_0310_1,5,44783495,2024-05-08,16,16:00,0.0,0.057933815,0.0,0.23996724
20001_0310_1,5,44783495,2024-05-08,17,17:00,0.0,0.07874845,0.0,0.2475362
20001_0310_1,5,44783495,2024-05-08,18,18:00,0.2708994626998901,0.07496397,0.0,0.24280559
20001_0310_1,5,44783495,2024-05-08,19,19:00,0.0,0.023116613,0.0,0.17175202
20001_0310_1,5,44783495,2024-05-08,20,20:00,0.0,0.020089034,0.0,0.14705828
20001_0310_1,5,44783495,2024-05-08,21,21:00,0.0,0.017818345,0.0,0.109781176
20001_0310_1,5,44783495,2024-05-08,22,22:00,0.0,0.0068433573,0.0,0.10183376
20001_0310_1,5,44783495,2024-05-08,23,23:00,,0.020845925,0.0,0.12264839
20001_0310_1,5,44783495,2024-05-09,0,00:00,,0.0,0.0,0.09187003
20001_0310_1,5,44783495,2024-05-09,1,01:00,,0.0,0.0,0.110724404
20001_0310_1,5,44783495,2024-05-09,2,02:00,,0.0,0.0,0.13982572
20001_0310_1,5,44783495,2024-05-09,3,03:00,,0.022600709,0.0,0.22728334
20001_0310_1,5,44783495,2024-05-09,4,04:00,,0.02137108,0.0,0.3173027
20001_0310_1,5,44783495,2024-05-09,5,05:00,0.0,0.40132764,0.12404542,0.81202495
20001_0310_1,5,44783495,2024-05-09,6,06:00,2.465311050415039,1.039917,0.6661086,1.5448861
20001_0310_1,5,44783495,2024-05-09,7,07:00,0.0,0.818583,0.39313,1.3710979
20001_0310_1,5,44783495,2024-05-09,8,08:00,0.43306636810302734,0.9103957,0.51937246,1.4366786
20001_0310_1,5,44783495,2024-05-09,9,09:00,0.8184722661972046,0.4513327,0.13101332,0.9267908
20001_0310_1,5,44783495,2024-05-09,10,10:00,0.0,0.22093025,0.0,0.63101286
20001_0310_1,5,44783495,2024-05-09,11,11:00,0.0,0.16718505,0.0,0.5223184
20001_0310_1,5,44783495,2024-05-09,12,12:00,0.0,0.18655178,0.010342809,0.505475
20001_0310_1,5,44783495,2024-05-09,13,13:00,0.0,0.06727737,0.0,0.35501143
20001_0310_1,5,44783495,2024-05-09,14,14:00,0.0,0.09391941,0.0,0.34804356
20001_0310_1,5,44783495,2024-05-09,15,15:00,0.0,0.08080333,0.0,0.2988582
20001_0310_1,5,44783495,2024-05-09,16,16:00,0.0,0.032847654,0.0,0.22323583
20001_0310_1,5,44783495,2024-05-09,17,17:00,0.0,0.076294675,0.0,0.24680378
20001_0310_1,5,44783495,2024-05-09,18,18:00,0.22820439338684081,0.06932676,0.0,0.23143335
20001_0310_1,5,44783495,2024-05-09,19,19:00,0.0,0.025879733,0.0,0.16708258
20001_0310_1,5,44783495,2024-05-09,20,20:00,0.0,0.018501936,0.0,0.13839115
20001_0310_1,5,44783495,2024-05-09,21,21:00,0.0,0.014403153,0.0,0.09924782
20001_0310_1,5,44783495,2024-05-09,22,22:00,0.0,0.016042678,0.0,0.100887336
20001_0310_1,5,44783495,2024-05-09,23,23:00,,0.025059976,0.0,0.11810219
20001_0310_1,5,44783495,2024-05-10,0,00:00,,0.0,0.0,0.078061566
20001_0310_1,5,44783495,2024-05-10,1,01:00,,0.0,0.0,0.097686395
20001_0310_1,5,44783495,2024-05-10,2,02:00,,0.0,0.0,0.100246154
20001_0310_1,5,44783495,2024-05-10,3,03:00,,0.0,0.0,0.15624091
20001_0310_1,5,44783495,2024-05-10,4,04:00,,0.0,0.0,0.23548682
20001_0310_1,5,44783495,2024-05-10,5,05:00,0.5760869383811951,0.32358524,0.06526281,0.7011498
20001_0310_1,5,44783495,2024-05-10,6,06:00,0.3316280245780945,0.919796,0.5614296,1.3976179
20001_0310_1,5,44783495,2024-05-10,7,07:00,1.3948067426681519,0.6126248,0.20263663,1.148468
20001_0310_1,5,44783495,2024-05-10,8,08:00,1.4329791069030762,0.7559714,0.37542036,1.2457387
20001_0310_1,5,44783495,2024-05-10,9,09:00,0.5474788745244344,0.3566488,0.05843678,0.78711516
20001_0310_1,5,44783495,2024-05-10,10,10:00,0.0,0.12541714,0.0,0.48122376
20001_0310_1,5,44783495,2024-05-10,11,11:00,0.0,0.11411153,0.0,0.40592417
20001_0310_1,5,44783495,2024-05-10,12,12:00,0.4856117169062297,0.12413725,0.0,0.3775535
20001_0310_1,5,44783495,2024-05-10,13,13:00,0.8518518606821696,0.04350482,0.0,0.2638575
20001_0310_1,5,44783495,2024-05-10,14,14:00,0.0,0.11155176,0.0068149134,0.30374706
20001_0310_1,5,44783495,2024-05-10,15,15:00,0.0,0.071235545,0.0,0.22194141
20001_0310_1,5,44783495,2024-05-10,16,16:00,0.0,0.006814922,0.0,0.12883015
20001_0310_1,5,44783495,2024-05-10,17,17:00,,0.053743858,0.0,0.16530672
20001_0310_1,5,44783495,2024-05-10,18,18:00,0.0,0.05673024,0.0,0.17474586
20001_0310_1,5,44783495,2024-05-10,19,19:00,0.0,0.013640949,0.0,0.12371063
20001_0310_1,5,44783495,2024-05-10,20,20:00,0.0,0.011934442,0.0,0.103872485
20001_0310_1,5,44783495,2024-05-10,21,21:00,0.0,0.021320231,0.0,0.07550182
20001_0310_1,5,44783495,2024-05-10,22,22:00,0.0,0.015774082,0.0,0.06867579
20001_0310_1,5,44783495,2024-05-10,23,23:00,,0.029426135,0.0,0.09171363
20001_0310_1,5,44783495,2024-05-11,0,00:00,,0.0,0.0,0.07183029
20001_0310_1,5,44783495,2024-05-11,1,01:00,,0.0,0.0,0.112661645
20001_0310_1,5,44783495,2024-05-11,2,02:00,,0.0,0.0,0.12699604
20001_0310_1,5,44783495,2024-05-11,3,03:00,,0.0023301558,0.0,0.20692119
20001_0310_1,5,44783495,2024-05-11,4,04:00,,0.0,0.0,0.27055725
20001_0310_1,5,44783495,2024-05-11,5,05:00,,0.3563465,0.08963969,0.79875827
20001_0310_1,5,44783495,2024-05-11,6,06:00,,0.93146014,0.54834056,1.4978863
20001_0310_1,5,44783495,2024-05-11,7,07:00,,0.50924677,0.05966776,1.1451731
20001_0310_1,5,44783495,2024-05-11,8,08:00,,0.7907224,0.37936842,1.3884236
20001_0310_1,5,44783495,2024-05-11,9,09:00,,0.38197467,0.05402088,0.9032257
20001_0310_1,5,44783495,2024-05-11,10,10:00,,0.13676949,0.0,0.56397814
20001_0310_1,5,44783495,2024-05-11,11,11:00,,0.12656166,0.0,0.47688583
20001_0310_1,5,44783495,2024-05-11,12,12:00,,0.1617461,0.024483321,0.45885924
20001_0310_1,5,44783495,2024-05-11,13,13:00,,0.10918662,0.0,0.3628621
20001_0310_1,5,44783495,2024-05-11,14,14:00,,0.09658972,0.00037545944,0.3111714
20001_0310_1,5,44783495,2024-05-11,15,15:00,,0.08486158,0.008845791,0.25307363
20001_0310_1,5,44783495,2024-05-11,16,16:00,,0.042292736,0.0,0.17521176
20001_0310_1,5,44783495,2024-05-11,17,17:00,,0.060970895,0.0,0.18053287
20001_0310_1,5,44783495,2024-05-11,18,18:00,,0.03838335,0.0,0.16880469
20001_0310_1,5,44783495,2024-05-11,19,19:00,,0.024917698,0.0,0.1456742
20001_0310_1,5,44783495,2024-05-11,20,20:00,0.0,0.0053707846,0.0,0.10723192
20001_0310_1,5,44783495,2024-05-11,21,21:00,,0.017533317,0.0,0.082255326
20001_0310_1,5,44783495,2024-05-11,22,22:00,,0.0018957779,0.0,0.06444591
20001_0310_1,5,44783495,2024-05-11,23,23:00,,0.031867713,0.0,0.111358516
20001_0310_1,5,44783495,2024-05-12,0,00:00,,0.0,0.0,0.08354871
20001_0310_1,5,44783495,2024-05-12,1,01:00,,0.0,0.0,0.090953305
20001_0310_1,5,44783495,2024-05-12,2,02:00,,0.0,0.0,0.1176922
20001_0310_1,5,44783495,2024-05-12,3,03:00,,0.0,0.0,0.16787903
20001_0310_1,5,44783495,2024-05-12,4,04:00,,0.0,0.0,0.26115662
20001_0310_1,5,44783495,2024-05-12,5,05:00,,0.35052615,0.07943501,0.73762304
20001_0310_1,5,44783495,2024-05-12,6,06:00,,0.8795448,0.5010868,1.3698947
20001_0310_1,5,44783495,2024-05-12,7,07:00,,0.43362242,0.0,0.97868437
20001_0310_1,5,44783495,2024-05-12,8,08:00,,0.8054986,0.39824486,1.3205308
20001_0310_1,5,44783495,2024-05-12,9,09:00,,0.4035926,0.06585989,0.8556855
20001_0310_1,5,44783495,2024-05-12,10,10:00,,0.1608858,0.0,0.53985804
20001_0310_1,5,44783495,2024-05-12,11,11:00,,0.12139451,0.0,0.44308382
20001_0310_1,5,44783495,2024-05-12,12,12:00,,0.16859892,0.0,0.46036127
20001_0310_1,5,44783495,2024-05-12,13,13:00,,0.1000034,0.0,0.3579308
20001_0310_1,5,44783495,2024-05-12,14,14:00,,0.094655626,0.0,0.32419872
20001_0310_1,5,44783495,2024-05-12,15,15:00,,0.079846404,0.0,0.26907542
20001_0310_1,5,44783495,2024-05-12,16,16:00,,0.04405743,0.0,0.20017138
20001_0310_1,5,44783495,2024-05-12,17,17:00,,0.06791673,0.0,0.20485066
20001_0310_1,5,44783495,2024-05-12,18,18:00,,0.06915084,0.0,0.20922145
20001_0310_1,5,44783495,2024-05-12,19,19:00,,0.025545897,0.0,0.15224707
20001_0310_1,5,44783495,2024-05-12,20,20:00,,0.03171641,0.0,0.13826057
20001_0310_1,5,44783495,2024-05-12,21,21:00,,0.03048231,0.0,0.106173925
20001_0310_1,5,44783495,2024-05-12,22,22:00,,0.0,0.0,0.07120768
20001_0310_1,5,44783495,2024-05-12,23,23:00,,0.030893669,0.0,0.116458096
20001_0310_1,5,44783495,2024-05-13,0,00:00,,0.0,0.0,0.08063036
20001_0310_1,5,44783495,2024-05-13,1,01:00,,0.0,0.0,0.07733825
20001_0310_1,5,44783495,2024-05-13,2,02:00,,0.0,0.0,0.116020605
20001_0310_1,5,44783495,2024-05-13,3,03:00,,0.0,0.0,0.14503239
20001_0310_1,5,44783495,2024-05-13,4,04:00,,0.0,0.0,0.2353598
20001_0310_1,5,44783495,2024-05-13,5,05:00,1.4242937564849854,0.35017237,0.09523913,0.7044863
20001_0310_1,5,44783495,2024-05-13,6,06:00,0.7681500911712646,0.88925636,0.53699994,1.3402762
20001_0310_1,5,44783495,2024-05-13,7,07:00,0.8650676727294921,0.65387005,0.2536722,1.1526256
20001_0310_1,5,44783495,2024-05-13,8,08:00,1.043565273284912,0.8102455,0.4390595,1.2826641
20001_0310_1,5,44783495,2024-05-13,9,09:00,0.7916666865348816,0.397085,0.08886066,0.8118916
20001_0310_1,5,44783495,2024-05-13,10,10:00,0.488095223903656,0.16560811,0.0,0.51534396
20001_0310_1,5,44783495,2024-05-13,11,11:00,0.0,0.13309845,0.0,0.43196082
20001_0310_1,5,44783495,2024-05-13,12,12:00,0.4779614210128784,0.17373551,0.009438343,0.4419401
20001_0310_1,5,44783495,2024-05-13,13,13:00,0.40000001589457196,0.10490972,0.0,0.3359751
20001_0310_1,5,44783495,2024-05-13,14,14:00,0.0,0.08268793,0.0,0.28638762
20001_0310_1,5,44783495,2024-05-13,15,15:00,0.0,0.07733825,0.0,0.23916632
20001_0310_1,5,44783495,2024-05-13,16,16:00,0.0,0.04812072,0.0,0.18443488
20001_0310_1,5,44783495,2024-05-13,17,17:00,0.0,0.06705038,0.0,0.1870583
20001_0310_1,5,44783495,2024-05-13,18,18:00,0.0,0.06334674,0.0,0.18860146
20001_0310_1,5,44783495,2024-05-13,19,19:00,0.0,0.020137738,0.0,0.12548545
20001_0310_1,5,44783495,2024-05-13,20,20:00,0.0,0.038655885,0.0,0.120135754
20001_0310_1,5,44783495,2024-05-13,21,21:00,0.8333333134651184,0.026721964,0.0,0.08104187
20001_0310_1,5,44783495,2024-05-13,22,22:00,0.0,0.0,0.0,0.05388192
20001_0310_1,5,44783495,2024-05-13,23,23:00,,0.014376528,0.0,0.08268793
20001_0310_1,5,44783495,2024-05-14,0,00:00,,0.0,0.0,0.1239655
20001_0310_1,5,44783495,2024-05-14,1,01:00,,0.0,0.0,0.15222189
20001_0310_1,5,44783495,2024-05-14,2,02:00,,0.0,0.0,0.18026896
20001_0310_1,5,44783495,2024-05-14,3,03:00,,0.0,0.0,0.24065389
20001_0310_1,5,44783495,2024-05-14,4,04:00,,0.0,0.0,0.36383075
20001_0310_1,5,44783495,2024-05-14,5,05:00,0.3484848439693451,0.3818311,0.062429383,0.87118965
20001_0310_1,5,44783495,2024-05-14,6,06:00,1.0489663124084472,0.9143068,0.49234495,1.5053883
20001_0310_1,5,44783495,2024-05-14,7,07:00,1.4935073852539062,0.7167215,0.24316548,1.3496641
20001_0310_1,5,44783495,2024-05-14,8,08:00,1.0995670318603517,0.8222119,0.38643587,1.4199913
20001_0310_1,5,44783495,2024-05-14,9,09:00,0.0,0.44252998,0.08461584,0.9754243
20001_0310_1,5,44783495,2024-05-14,10,10:00,0.0,0.1911529,0.0,0.645034
20001_0310_1,5,44783495,2024-05-14,11,11:00,0.0,0.13254707,0.0,0.5168338
20001_0310_1,5,44783495,2024-05-14,12,12:00,0.44871795177459717,0.17545491,0.0025677395,0.5082522
20001_0310_1,5,44783495,2024-05-14,13,13:00,0.40000001589457196,0.12773302,0.0,0.41176194
20001_0310_1,5,44783495,2024-05-14,14,14:00,0.5,0.08670895,0.0,0.33410922
20001_0310_1,5,44783495,2024-05-14,15,15:00,0.0,0.06577829,0.0,0.26911956
20001_0310_1,5,44783495,2024-05-14,16,16:00,0.0,0.02935897,0.0,0.20193219
20001_0310_1,5,44783495,2024-05-14,17,17:00,0.38787877559661865,0.06201078,0.0,0.21726388
20001_0310_1,5,44783495,2024-05-14,18,18:00,0.0,0.043173194,0.0,0.20606597
20001_0310_1,5,44783495,2024-05-14,19,19:00,0.0,0.01512612,0.0,0.17189668
20001_0310_1,5,44783495,2024-05-14,20,20:00,0.0,0.02768451,0.0,0.16938502
20001_0310_1,5,44783495,2024-05-14,21,21:00,0.0,0.06452245,0.0071724835,0.18445508
20001_0310_1,5,44783495,2024-05-14,22,22:00,0.0,0.013451679,0.0,0.13903557
20001_0310_1,5,44783495,2024-05-14,23,23:00,,0.010102777,0.0,0.1430124
20001_0310_1,5,44783495,2024-05-15,0,00:00,,0.0,0.0,0.10183197
20001_0310_1,5,44783495,2024-05-15,1,01:00,,0.0,0.0,0.1379136
20001_0310_1,5,44783495,2024-05-15,2,02:00,,0.0,0.0,0.18091786
20001_0310_1,5,44783495,2024-05-15,3,03:00,,0.00071945786,0.0,0.26682156
20001_0310_1,5,44783495,2024-05-15,4,04:00,,0.010788752,0.0,0.38838732
20001_0310_1,5,44783495,2024-05-15,5,05:00,0.3591269850730896,0.39258286,0.054002814,0.90318006
20001_0310_1,5,44783495,2024-05-15,6,06:00,2.070353126525879,0.9421986,0.49663228,1.5530692
20001_0310_1,5,44783495,2024-05-15,7,07:00,0.0,0.83982736,0.33992887,1.4909751
20001_0310_1,5,44783495,2024-05-15,8,08:00,1.9648565292358398,0.90024316,0.44292936,1.5060792
20001_0310_1,5,44783495,2024-05-15,9,09:00,0.4791666666666667,0.49747136,0.12249501,1.031144
20001_0310_1,5,44783495,2024-05-15,10,10:00,0.0,0.17525391,0.0,0.627533
20001_0310_1,5,44783495,2024-05-15,11,11:00,0.0,0.13581584,0.0,0.51907843
20001_0310_1,5,44783495,2024-05-15,12,12:00,0.0,0.18857475,0.0040758774,0.52642053
20001_0310_1,5,44783495,2024-05-15,13,13:00,0.0,0.14043093,0.0,0.43139157
20001_0310_1,5,44783495,2024-05-15,14,14:00,0.6923558712005615,0.09302133,0.0,0.34769064
20001_0310_1,5,44783495,2024-05-15,15,15:00,0.7777777910232544,0.0787565,0.0,0.28643572
20001_0310_1,5,44783495,2024-05-15,16,16:00,0.0,0.033864222,0.0,0.20525204
20001_0310_1,5,44783495,2024-05-15,17,17:00,0.0,0.06575033,0.0,0.21699952
20001_0310_1,5,44783495,2024-05-15,18,18:00,0.278216153383255,0.035542436,0.0,0.18490365
20001_0310_1,5,44783495,2024-05-15,19,19:00,0.0,0.0023976678,0.0,0.13497673
20001_0310_1,5,44783495,2024-05-15,20,20:00,0.5757575829823812,0.023375371,0.0,0.14147982
20001_0310_1,5,44783495,2024-05-15,21,21:00,0.0,0.042674858,0.0036563403,0.13455717
20001_0310_1,5,44783495,2024-05-15,22,22:00,0.0,0.020018943,0.0,0.115257695
20001_0310_1,5,44783495,2024-05-15,23,23:00,,0.004075886,0.0,0.11106214
20001_0310_1,5,44783495,2024-05-16,0,00:00,,0.0,0.0,0.10948843
20001_0310_1,5,44783495,2024-05-16,1,01:00,,0.0,0.0,0.12817651
20001_0310_1,5,44783495,2024-05-16,2,02:00,,0.0,0.0,0.17365083
20001_0310_1,5,44783495,2024-05-16,3,03:00,,0.0,0.0,0.22680803
20001_0310_1,5,44783495,2024-05-16,4,04:00,,0.0,0.0,0.32024843
20001_0310_1,5,44783495,2024-05-16,5,05:00,1.0376198291778564,0.46123958,0.15828508,0.930518
20001_0310_1,5,44783495,2024-05-16,6,06:00,2.2382729053497314,1.0256195,0.61863476,1.5904148
20001_0310_1,5,44783495,2024-05-16,7,07:00,2.6359095573425293,0.8063461,0.34324515,1.4209762
20001_0310_1,5,44783495,2024-05-16,8,08:00,1.8037278652191162,1.0239583,0.5870727,1.6120099
20001_0310_1,5,44783495,2024-05-16,9,09:00,0.0,0.45833254,0.090800345,0.99405736
20001_0310_1,5,44783495,2024-05-16,10,10:00,0.40530304114023846,0.15454747,0.0,0.6192577
20001_0310_1,5,44783495,2024-05-16,11,11:00,0.0,0.11177253,0.0,0.528932
20001_0310_1,5,44783495,2024-05-16,12,12:00,0.9149560133616129,0.18507133,0.0,0.5702534
20001_0310_1,5,44783495,2024-05-16,13,13:00,0.0,0.13274471,0.0,0.48408055
20001_0310_1,5,44783495,2024-05-16,14,14:00,0.0,0.10782727,0.0,0.42718574
20001_0310_1,5,44783495,2024-05-16,15,15:00,0.0,0.07834163,0.0,0.34412766
20001_0310_1,5,44783495,2024-05-16,16,16:00,0.0,0.03349025,0.0,0.24975285
20001_0310_1,5,44783495,2024-05-16,17,17:00,0.0,0.07792634,0.0,0.26709124
20001_0310_1,5,44783495,2024-05-16,18,18:00,0.0,0.052178327,0.0,0.23308933
20001_0310_1,5,44783495,2024-05-16,19,19:00,0.0,0.013971589,0.0,0.18673249
20001_0310_1,5,44783495,2024-05-16,20,20:00,0.37037038803100586,0.03349025,0.0,0.18756306
20001_0310_1,5,44783495,2024-05-16,21,21:00,0.0,0.053008907,0.0019281644,0.17323554
20001_0310_1,5,44783495,2024-05-16,22,22:00,0.0,0.0031740332,0.0,0.11613309
20001_0310_1,5,44783495,2024-05-16,23,23:00,,0.018124502,0.0,0.13316
20001_0310_1,5,44783495,2024-05-17,0,00:00,,0.0,0.0,0.11437081
20001_0310_1,5,44783495,2024-05-17,1,01:00,,0.0,0.0,0.12384168
20001_0310_1,5,44783495,2024-05-17,2,02:00,,0.0,0.0,0.1890103
20001_0310_1,5,44783495,2024-05-17,3,03:00,,0.0,0.0,0.24763954
20001_0310_1,5,44783495,2024-05-17,4,04:00,,0.0,0.0,0.35520154
20001_0310_1,5,44783495,2024-05-17,5,05:00,0.28725960850715637,0.4616362,0.15090129,0.9811812
20001_0310_1,5,44783495,2024-05-17,6,06:00,1.379551649093628,1.0564972,0.6316608,1.6951047
20001_0310_1,5,44783495,2024-05-17,7,07:00,0.4196372429529826,0.7191537,0.23591365,1.4254104
20001_0310_1,5,44783495,2024-05-17,8,08:00,3.060360908508301,1.1178324,0.6686424,1.7907153
20001_0310_1,5,44783495,2024-05-17,9,09:00,0.3667478958765666,0.43187058,0.056192562,1.0380064
20001_0310_1,5,44783495,2024-05-17,10,10:00,0.48606061935424805,0.099939,0.0,0.6289549
20001_0310_1,5,44783495,2024-05-17,11,11:00,0.48888888359069826,0.11572379,0.0,0.5870125
20001_0310_1,5,44783495,2024-05-17,12,12:00,0.560606062412262,0.24470808,0.037476316,0.6742798
20001_0310_1,5,44783495,2024-05-17,13,13:00,0.0,0.13286157,0.0,0.5186869
20001_0310_1,5,44783495,2024-05-17,14,14:00,0.0,0.101291984,0.0,0.44269446
20001_0310_1,5,44783495,2024-05-17,15,15:00,0.41806018352508545,0.07423235,0.0,0.35790756
20001_0310_1,5,44783495,2024-05-17,16,16:00,0.0,0.015603125,0.0,0.24132563
20001_0310_1,5,44783495,2024-05-17,17,17:00,0.2849310636520386,0.025975978,0.0,0.22114365
20001_0310_1,5,44783495,2024-05-17,18,18:00,0.0,0.06205551,0.0,0.24910529
20001_0310_1,5,44783495,2024-05-17,19,19:00,0.0,0.013799142,0.0,0.1835984
20001_0310_1,5,44783495,2024-05-17,20,20:00,0.0,0.04130977,0.0,0.1908143
20001_0310_1,5,44783495,2024-05-17,21,21:00,0.0,0.050780654,0.00477926,0.16195066
20001_0310_1,5,44783495,2024-05-17,22,22:00,0.0,0.0,0.0,0.086860165
20001_0310_1,5,44783495,2024-05-17,23,23:00,,0.03409387,0.0,0.14323442
20001_0310_1,5,44783495,2024-05-18,0,00:00,,0.0,0.0,0.1231714
20001_0310_1,5,44783495,2024-05-18,1,01:00,,0.0,0.0,0.13427024
20001_0310_1,5,44783495,2024-05-18,2,02:00,,0.0,0.0,0.17583169
20001_0310_1,5,44783495,2024-05-18,3,03:00,,0.0,0.0,0.2446679
20001_0310_1,5,44783495,2024-05-18,4,04:00,,0.0,0.0,0.30937162
20001_0310_1,5,44783495,2024-05-18,5,05:00,,0.523673,0.22884624,1.0243001
20001_0310_1,5,44783495,2024-05-18,6,06:00,,1.0828639,0.66441524,1.7081754
20001_0310_1,5,44783495,2024-05-18,7,07:00,,0.5501212,0.06555204,1.2358857
20001_0310_1,5,44783495,2024-05-18,8,08:00,,1.1754328,0.72581303,1.8101901
20001_0310_1,5,44783495,2024-05-18,9,09:00,,0.4466898,0.0858605,1.0035193
20001_0310_1,5,44783495,2024-05-18,10,10:00,,0.19330643,0.0,0.65975153
20001_0310_1,5,44783495,2024-05-18,11,11:00,,0.14820276,0.0,0.54468983
20001_0310_1,5,44783495,2024-05-18,12,12:00,,0.23864622,0.060652047,0.58819956
20001_0310_1,5,44783495,2024-05-18,13,13:00,,0.14229915,0.0,0.44621754
20001_0310_1,5,44783495,2024-05-18,14,14:00,,0.15694012,0.036033977,0.42047775
20001_0310_1,5,44783495,2024-05-18,15,15:00,,0.09105572,0.005099012,0.29968968
20001_0310_1,5,44783495,2024-05-18,16,16:00,0.0,0.027768914,0.0,0.18952811
20001_0310_1,5,44783495,2024-05-18,17,17:00,,0.033908673,0.0,0.17937386
20001_0310_1,5,44783495,2024-05-18,18,18:00,,0.05232797,0.0,0.20635343
20001_0310_1,5,44783495,2024-05-18,19,19:00,,0.0055712974,0.0,0.16119073
20001_0310_1,5,44783495,2024-05-18,20,20:00,,0.013127922,0.0,0.15906541
20001_0310_1,5,44783495,2024-05-18,21,21:00,,0.03910385,0.0,0.15575938
20001_0310_1,5,44783495,2024-05-18,22,22:00,,0.0,0.0,0.10191839
20001_0310_1,5,44783495,2024-05-18,23,23:00,,0.029658064,0.0,0.1515088
20001_0310_1,5,44783495,2024-05-19,0,00:00,,0.0,0.0,0.104441814
20001_0310_1,5,44783495,2024-05-19,1,01:00,,0.0,0.0,0.119475394
20001_0310_1,5,44783495,2024-05-19,2,02:00,,0.0020255302,0.0,0.16598551
20001_0310_1,5,44783495,2024-05-19,3,03:00,,0.0,0.0,0.22817522
20001_0310_1,5,44783495,2024-05-19,4,04:00,,0.0,0.0,0.33570057
20001_0310_1,5,44783495,2024-05-19,5,05:00,,0.45303294,0.14026402,0.95947677
20001_0310_1,5,44783495,2024-05-19,6,06:00,,0.85236245,0.41544896,1.4988065
20001_0310_1,5,44783495,2024-05-19,7,07:00,,0.47511354,0.0,1.191088
20001_0310_1,5,44783495,2024-05-19,8,08:00,,1.0026983,0.5310197,1.6848471
20001_0310_1,5,44783495,2024-05-19,9,09:00,,0.39289865,0.010012159,0.9980004
20001_0310_1,5,44783495,2024-05-19,10,10:00,,0.14249556,0.0,0.65481186
20001_0310_1,5,44783495,2024-05-19,11,11:00,,0.09363642,0.0,0.5317244
20001_0310_1,5,44783495,2024-05-19,12,12:00,,0.19288154,0.006840964,0.5814057
20001_0310_1,5,44783495,2024-05-19,13,13:00,,0.12370358,0.0,0.46313363
20001_0310_1,5,44783495,2024-05-19,14,14:00,,0.08471023,0.0,0.38444227
20001_0310_1,5,44783495,2024-05-19,15,15:00,,0.07672364,0.0,0.3238381
20001_0310_1,5,44783495,2024-05-19,16,16:00,,0.025045695,0.0,0.22588493
20001_0310_1,5,44783495,2024-05-19,17,17:00,,0.054643065,0.0,0.23275577
20001_0310_1,5,44783495,2024-05-19,18,18:00,,0.045716874,0.0,0.2255326
20001_0310_1,5,44783495,2024-05-19,19,19:00,,0.015179908,0.0,0.18054931
20001_0310_1,5,44783495,2024-05-19,20,20:00,,0.037730284,0.0,0.1828983
20001_0310_1,5,44783495,2024-05-19,21,21:00,,0.04759607,0.007663117,0.15729423
20001_0310_1,5,44783495,2024-05-19,22,22:00,,0.019877907,0.0,0.12605257
20001_0310_1,5,44783495,2024-05-19,23,23:00,,0.037730284,0.0062537203,0.15330094
20001_0310_1,5,44783495,2024-05-20,0,00:00,,0.0,0.0,0.13831174
20001_0310_1,5,44783495,2024-05-20,1,01:00,,0.0,0.0,0.14677078
20001_0310_1,5,44783495,2024-05-20,2,02:00,,0.0057870955,0.0,0.1923555
20001_0310_1,5,44783495,2024-05-20,3,03:00,,0.0,0.0,0.25497574
20001_0310_1,5,44783495,2024-05-20,4,04:00,,0.0024974782,0.0,0.37281463
20001_0310_1,5,44783495,2024-05-20,5,05:00,0.6379233598709106,0.49406058,0.15335001,1.0086509
20001_0310_1,5,44783495,2024-05-20,6,06:00,1.400960087776184,0.9047931,0.4418966,1.5476786
20001_0310_1,5,44783495,2024-05-20,7,07:00,0.4443390369415283,0.6538421,0.13126259,1.3606402
20001_0310_1,5,44783495,2024-05-20,8,08:00,0.9862518310546875,1.0420171,0.5410551,1.7206185
20001_0310_1,5,44783495,2024-05-20,9,09:00,0.8918951352437338,0.4235687,0.0048471913,1.0382576
20001_0310_1,5,44783495,2024-05-20,10,10:00,0.6153846184412638,0.16885822,0.0,0.6996031
20001_0310_1,5,44783495,2024-05-20,11,11:00,0.0,0.1223336,0.0,0.59368896
20001_0310_1,5,44783495,2024-05-20,12,12:00,1.0449735323588054,0.18883091,0.0,0.6218858
20001_0310_1,5,44783495,2024-05-20,13,13:00,0.4803921381632487,0.13032268,0.0,0.52272725
20001_0310_1,5,44783495,2024-05-20,14,14:00,0.5061728556950887,0.11951393,0.0,0.4750278
20001_0310_1,5,44783495,2024-05-20,15,15:00,0.0,0.07815872,0.0,0.38080373
20001_0310_1,5,44783495,2024-05-20,16,16:00,0.0,0.025054866,0.0,0.27917796
20001_0310_1,5,44783495,2024-05-20,17,17:00,0.0,0.053721547,0.0,0.2804703
20001_0310_1,5,44783495,2024-05-20,18,18:00,0.0,0.04855215,0.0,0.2693972
20001_0310_1,5,44783495,2024-05-20,19,19:00,0.0,0.022705143,0.0,0.2274252
20001_0310_1,5,44783495,2024-05-20,20,20:00,0.0,0.057481118,0.0,0.235473
20001_0310_1,5,44783495,2024-05-20,21,21:00,0.0,0.06734997,0.011896387,0.21009593
20001_0310_1,5,44783495,2024-05-20,22,22:00,,0.0062570474,0.0,0.14630082
20001_0310_1,5,44783495,2024-05-20,23,23:00,,0.034453776,0.0,0.17238282
20001_0310_1,5,44783495,2024-05-21,0,00:00,,0.0,0.0,0.14635459
20001_0310_1,5,44783495,2024-05-21,1,01:00,,0.0,0.0,0.16346508
20001_0310_1,5,44783495,2024-05-21,2,02:00,,0.010658691,0.0,0.25005737
20001_0310_1,5,44783495,2024-05-21,3,03:00,,0.0,0.0,0.30005217
20001_0310_1,5,44783495,2024-05-21,4,04:00,0.0,0.013985751,0.0,0.45980966
20001_0310_1,5,44783495,2024-05-21,5,05:00,2.5689125061035156,0.4826237,0.122114696,1.07864
20001_0310_1,5,44783495,2024-05-21,6,06:00,0.8808325131734213,1.0035439,0.5206471,1.7259879
20001_0310_1,5,44783495,2024-05-21,7,07:00,1.3862541913986206,0.7392814,0.190735,1.5168593
20001_0310_1,5,44783495,2024-05-21,8,08:00,0.3100128471851349,0.98263097,0.47169206,1.7259878
20001_0310_1,5,44783495,2024-05-21,9,09:00,0.0,0.41228047,0.0,1.0810164
20001_0310_1,5,44783495,2024-05-21,10,10:00,0.0,0.21610369,0.0,0.79391026
20001_0310_1,5,44783495,2024-05-21,11,11:00,0.0,0.12853113,0.0,0.6399454
20001_0310_1,5,44783495,2024-05-21,12,12:00,0.9333333174387614,0.22038132,0.00055874046,0.67927575
20001_0310_1,5,44783495,2024-05-21,13,13:00,0.0,0.14326519,0.0,0.54821396
20001_0310_1,5,44783495,2024-05-21,14,14:00,0.0,0.14659223,0.0,0.5073389
20001_0310_1,5,44783495,2024-05-21,15,15:00,0.0,0.08908188,0.0,0.38946646
20001_0310_1,5,44783495,2024-05-21,16,16:00,0.0,0.051533822,0.0,0.30581507
20001_0310_1,5,44783495,2024-05-21,17,17:00,0.0,0.060089078,0.0,0.29143748
20001_0310_1,5,44783495,2024-05-21,18,18:00,0.0,0.050583236,0.0,0.2785452
20001_0310_1,5,44783495,2024-05-21,19,19:00,0.0,0.013510443,0.0,0.2245401
20001_0310_1,5,44783495,2024-05-21,20,20:00,0.0,0.05581144,0.0,0.24545296
20001_0310_1,5,44783495,2024-05-21,21,21:00,0.0,0.044404432,0.0,0.199112
20001_0310_1,5,44783495,2024-05-21,22,22:00,,0.0073316507,0.0,0.16227686
20001_0310_1,5,44783495,2024-05-21,23,23:00,,0.014461029,0.0,0.17606032
20001_0310_1,5,44783495,2024-05-22,0,00:00,,0.005438907,0.0,0.16840023
20001_0310_1,5,44783495,2024-05-22,1,01:00,,0.0010411493,0.0,0.18941173
20001_0310_1,5,44783495,2024-05-22,2,02:00,,0.0,0.0,0.20920163
20001_0310_1,5,44783495,2024-05-22,3,03:00,,0.0,0.0,0.29544654
20001_0310_1,5,44783495,2024-05-22,4,04:00,,0.0073934644,0.0,0.45156687
20001_0310_1,5,44783495,2024-05-22,5,05:00,0.7998450597127279,0.38218006,0.035245914,0.9846727
20001_0310_1,5,44783495,2024-05-22,6,06:00,0.6830990314483643,0.88450164,0.4154076,1.6115974
20001_0310_1,5,44783495,2024-05-22,7,07:00,0.929261326789856,0.6284545,0.09070657,1.4180963
20001_0310_1,5,44783495,2024-05-22,8,08:00,0.0,0.8981836,0.4046576,1.6467795
20001_0310_1,5,44783495,2024-05-22,9,09:00,0.0,0.4071007,0.0015298035,1.0784916
20001_0310_1,5,44783495,2024-05-22,10,10:00,0.0,0.18525831,0.0,0.7693049
20001_0310_1,5,44783495,2024-05-22,11,11:00,0.22999999523162842,0.1359057,0.0,0.66046035
20001_0310_1,5,44783495,2024-05-22,12,12:00,0.0,0.2200128,0.0,0.69778025
20001_0310_1,5,44783495,2024-05-22,13,13:00,0.3541666567325592,0.1371273,0.0,0.56908476
20001_0310_1,5,44783495,2024-05-22,14,14:00,0.0,0.07238255,0.0,0.45401013
20001_0310_1,5,44783495,2024-05-22,15,15:00,0.0,0.048439197,0.0,0.37289593
20001_0310_1,5,44783495,2024-05-22,16,16:00,0.0,0.0,0.0,0.2616082
20001_0310_1,5,44783495,2024-05-22,17,17:00,0.0,0.012279866,0.0,0.26527306
20001_0310_1,5,44783495,2024-05-22,18,18:00,0.0,0.018632181,0.0,0.27284694
20001_0310_1,5,44783495,2024-05-22,19,19:00,0.0,0.0010411493,0.0,0.24450585
20001_0310_1,5,44783495,2024-05-22,20,20:00,0.0,0.020098105,0.0,0.2449945
20001_0310_1,5,44783495,2024-05-22,21,21:00,0.0,0.022541296,0.0,0.21885228
20001_0310_1,5,44783495,2024-05-22,22,22:00,0.0,0.0,0.0,0.18513614
20001_0310_1,5,44783495,2024-05-22,23,23:00,,0.0,0.0,0.20358227
20001_0310_1,5,44783495,2024-05-23,0,00:00,,0.0,0.0,0.10787753
20001_0310_1,5,44783495,2024-05-23,1,01:00,,0.0,0.0,0.15178221
20001_0310_1,5,44783495,2024-05-23,2,02:00,,0.0,0.0,0.17855924
20001_0310_1,5,44783495,2024-05-23,3,03:00,,0.0036642281,0.0,0.27794787
20001_0310_1,5,44783495,2024-05-23,4,04:00,,0.0,0.0,0.3824024
20001_0310_1,5,44783495,2024-05-23,5,05:00,0.38734567165374756,0.42244735,0.10739506,0.9594354
20001_0310_1,5,44783495,2024-05-23,6,06:00,1.2985312461853027,0.87355584,0.45429024,1.5239241
20001_0310_1,5,44783495,2024-05-23,7,07:00,0.49932658672332764,0.512669,0.038884476,1.2315478
20001_0310_1,5,44783495,2024-05-23,8,08:00,0.6982473731040955,0.84074795,0.41521025,1.5123447
20001_0310_1,5,44783495,2024-05-23,9,09:00,2.191200017929077,0.2825916,0.0,0.882964
20001_0310_1,5,44783495,2024-05-23,10,10:00,0.4666666587193807,0.09678074,0.0,0.6163998
20001_0310_1,5,44783495,2024-05-23,11,11:00,0.0,0.11897433,0.0,0.5833508
20001_0310_1,5,44783495,2024-05-23,12,12:00,0.5,0.19550596,0.006076587,0.61302257
20001_0310_1,5,44783495,2024-05-23,13,13:00,0.0,0.1131847,0.0,0.48444462
20001_0310_1,5,44783495,2024-05-23,14,14:00,0.5128205219904581,0.080376804,0.0,0.39591154
20001_0310_1,5,44783495,2024-05-23,15,15:00,0.0,0.060595572,0.0,0.31775156
20001_0310_1,5,44783495,2024-05-23,16,16:00,0.0,0.0,0.0,0.17662938
20001_0310_1,5,44783495,2024-05-23,17,17:00,0.0,0.030200027,0.0,0.211729
20001_0310_1,5,44783495,2024-05-23,18,18:00,0.22467105388641356,0.023927925,0.0,0.20292394
20001_0310_1,5,44783495,2024-05-23,19,19:00,0.0,0.00028694374,0.0,0.17011604
20001_0310_1,5,44783495,2024-05-23,20,20:00,0.0,0.017655825,0.0,0.16722123
20001_0310_1,5,44783495,2024-05-23,21,21:00,0.0,0.040814336,0.011383742,0.15805432
20001_0310_1,5,44783495,2024-05-23,22,22:00,0.0,0.0,0.0,0.10787753
20001_0310_1,5,44783495,2024-05-23,23,23:00,,0.03647212,0.0012518791,0.15781309
20001_0310_1,5,44783495,2024-05-24,0,00:00,,0.0,0.0,0.13855498
20001_0310_1,5,44783495,2024-05-24,1,01:00,,0.0,0.0,0.16404408
20001_0310_1,5,44783495,2024-05-24,2,02:00,,0.0043279356,0.0,0.2137946
20001_0310_1,5,44783495,2024-05-24,3,03:00,,0.0122786695,0.0,0.3069234
20001_0310_1,5,44783495,2024-05-24,4,04:00,,0.005263318,0.0,0.4196367
20001_0310_1,5,44783495,2024-05-24,5,05:00,0.3149350583553314,0.48558104,0.15165035,1.063646
20001_0310_1,5,44783495,2024-05-24,6,06:00,0.4097222089767456,0.91679126,0.4715503,1.620197
20001_0310_1,5,44783495,2024-05-24,7,07:00,1.4258499145507812,0.54076844,0.040807713,1.3068447
20001_0310_1,5,44783495,2024-05-24,8,08:00,0.4135802388191223,0.98600936,0.5360915,1.7062519
20001_0310_1,5,44783495,2024-05-24,9,09:00,0.8782798449198405,0.40981525,0.041275512,1.0547599
20001_0310_1,5,44783495,2024-05-24,10,10:00,0.0,0.12452429,0.0,0.6897277
20001_0310_1,5,44783495,2024-05-24,11,11:00,0.0,0.1193797,0.0,0.6329034
20001_0310_1,5,44783495,2024-05-24,12,12:00,0.6388888955116272,0.2470006,0.03591163,0.7103208
20001_0310_1,5,44783495,2024-05-24,13,13:00,0.6785714030265808,0.15071492,0.0,0.5634514
20001_0310_1,5,44783495,2024-05-24,14,14:00,0.7419766187667847,0.11657355,0.0,0.47388875
20001_0310_1,5,44783495,2024-05-24,15,15:00,0.0,0.06699841,0.0,0.35766774
20001_0310_1,5,44783495,2024-05-24,16,16:00,0.0,0.012746366,0.0,0.25278828
20001_0310_1,5,44783495,2024-05-24,17,17:00,0.0,0.04080776,0.0,0.25746515
20001_0310_1,5,44783495,2024-05-24,18,18:00,0.0,0.03846931,0.0,0.24764368
20001_0310_1,5,44783495,2024-05-24,19,19:00,0.0,0.017423257,0.0,0.21011156
20001_0310_1,5,44783495,2024-05-24,20,20:00,0.0,0.015084816,0.0,0.17772402
20001_0310_1,5,44783495,2024-05-24,21,21:00,0.0,0.048758496,0.0,0.17409943
20001_0310_1,5,44783495,2024-05-24,22,22:00,0.0,0.0,0.0,0.11329974
20001_0310_1,5,44783495,2024-05-24,23,23:00,,0.011810983,0.0,0.14369959
20001_0310_1,5,44783495,2024-05-25,0,00:00,,0.0,0.0,0.11965471
20001_0310_1,5,44783495,2024-05-25,1,01:00,,0.0041281013,0.0,0.16664469
20001_0310_1,5,44783495,2024-05-25,2,02:00,,0.0,0.0,0.20400746
20001_0310_1,5,44783495,2024-05-25,3,03:00,,0.0,0.0,0.26520902
20001_0310_1,5,44783495,2024-05-25,4,04:00,,0.0,0.0,0.3640026
20001_0310_1,5,44783495,2024-05-25,5,05:00,,0.44468784,0.14716105,0.9883963
20001_0310_1,5,44783495,2024-05-25,6,06:00,,0.7481744,0.34222683,1.4138277
20001_0310_1,5,44783495,2024-05-25,7,07:00,,0.46715134,0.0027528075,1.1979029
20001_0310_1,5,44783495,2024-05-25,8,08:00,,0.7610106,0.33603778,1.4431677
20001_0310_1,5,44783495,2024-05-25,9,09:00,,0.3896752,0.045387644,0.9975651
20001_0310_1,5,44783495,2024-05-25,10,10:00,,0.11965471,0.0,0.6443379
20001_0310_1,5,44783495,2024-05-25,11,11:00,,0.10406778,0.0,0.5741968
20001_0310_1,5,44783495,2024-05-25,12,12:00,,0.24881986,0.061461605,0.67897874
20001_0310_1,5,44783495,2024-05-25,13,13:00,,0.1609142,0.0,0.547722
20001_0310_1,5,44783495,2024-05-25,14,14:00,,0.12630206,0.0,0.4644007
20001_0310_1,5,44783495,2024-05-25,15,15:00,,0.08802242,0.0,0.36171037
20001_0310_1,5,44783495,2024-05-25,16,16:00,,0.009170931,0.0,0.22372034
20001_0310_1,5,44783495,2024-05-25,17,17:00,,0.021090344,0.0,0.20268941
20001_0310_1,5,44783495,2024-05-25,18,18:00,,0.027508486,0.0,0.19953768
20001_0310_1,5,44783495,2024-05-25,19,19:00,,0.013296887,0.0,0.17054142
20001_0310_1,5,44783495,2024-05-25,20,20:00,,0.015130641,0.0,0.14624415
20001_0310_1,5,44783495,2024-05-25,21,21:00,,0.03805258,0.004586561,0.13294944
20001_0310_1,5,44783495,2024-05-25,22,22:00,,0.006420305,0.0,0.097649634
20001_0310_1,5,44783495,2024-05-25,23,23:00,,0.034385066,0.010546243,0.13524161
20001_0310_1,5,44783495,2024-05-26,0,00:00,,0.0,0.0,0.08169245
20001_0310_1,5,44783495,2024-05-26,1,01:00,,0.0,0.0,0.11562681
20001_0310_1,5,44783495,2024-05-26,2,02:00,,0.0,0.0,0.140512
20001_0310_1,5,44783495,2024-05-26,3,03:00,,0.0,0.0,0.20476107
20001_0310_1,5,44783495,2024-05-26,4,04:00,,0.0,0.0,0.27048063
20001_0310_1,5,44783495,2024-05-26,5,05:00,,0.48347533,0.20905942,0.93231386
20001_0310_1,5,44783495,2024-05-26,6,06:00,,0.8757567,0.4965967,1.4368049
20001_0310_1,5,44783495,2024-05-26,7,07:00,,0.4038427,0.0,1.0268778
20001_0310_1,5,44783495,2024-05-26,8,08:00,,0.7671666,0.37149194,1.3535525
20001_0310_1,5,44783495,2024-05-26,9,09:00,,0.41334432,0.090741605,0.9427204
20001_0310_1,5,44783495,2024-05-26,10,10:00,,0.11743664,0.0,0.58233744
20001_0310_1,5,44783495,2024-05-26,11,11:00,,0.09164652,0.0,0.50971794
20001_0310_1,5,44783495,2024-05-26,12,12:00,,0.25651097,0.053244133,0.6437021
20001_0310_1,5,44783495,2024-05-26,13,13:00,,0.14390545,0.0,0.4875475
20001_0310_1,5,44783495,2024-05-26,14,14:00,,0.12467598,0.0,0.419
20001_0310_1,5,44783495,2024-05-26,15,15:00,,0.05409248,0.0,0.27930355
20001_0310_1,5,44783495,2024-05-26,16,16:00,,0.0,0.0,0.16177754
20001_0310_1,5,44783495,2024-05-26,17,17:00,,0.013371247,0.0,0.14458413
20001_0310_1,5,44783495,2024-05-26,18,18:00,,0.026040077,0.0,0.15385953
20001_0310_1,5,44783495,2024-05-26,19,19:00,,0.027849909,0.0,0.14232184
20001_0310_1,5,44783495,2024-05-26,20,20:00,,0.033279408,0.0,0.12829563
20001_0310_1,5,44783495,2024-05-26,21,21:00,,0.038708907,0.0,0.10567273
20001_0310_1,5,44783495,2024-05-26,22,22:00,,0.019705663,0.0,0.09255143
20001_0310_1,5,44783495,2024-05-26,23,23:00,,0.0409712,0.005227002,0.1210563
20001_0310_1,5,44783495,2024-05-27,0,00:00,,0.0,0.0,0.09981531
20001_0310_1,5,44783495,2024-05-27,1,01:00,,0.0,0.0,0.1142986
20001_0310_1,5,44783495,2024-05-27,2,02:00,,0.017441582,0.0,0.16861096
20001_0310_1,5,44783495,2024-05-27,3,03:00,,0.000695277,0.0,0.22416794
20001_0310_1,5,44783495,2024-05-27,4,04:00,,0.0,0.0,0.32362747
20001_0310_1,5,44783495,2024-05-27,5,05:00,0.5083535313606262,0.53069323,0.2236022,1.0059264
20001_0310_1,5,44783495,2024-05-27,6,06:00,0.6352697014808655,0.85204124,0.43564662,1.4476668
20001_0310_1,5,44783495,2024-05-27,7,07:00,0.6460126042366028,0.5659963,0.09415781,1.2231759
20001_0310_1,5,44783495,2024-05-27,8,08:00,0.9519526481628418,0.80134976,0.35938308,1.4295627
20001_0310_1,5,44783495,2024-05-27,9,09:00,0.0,0.45148775,0.0776378,1.0226727
20001_0310_1,5,44783495,2024-05-27,10,10:00,0.5791147152582804,0.13987067,0.0,0.64316505
20001_0310_1,5,44783495,2024-05-27,11,11:00,0.0,0.13059232,0.0,0.5860239
20001_0310_1,5,44783495,2024-05-27,12,12:00,0.0,0.2773488,0.037016675,0.691933
20001_0310_1,5,44783495,2024-05-27,13,13:00,0.0,0.18060493,0.0,0.5465626
20001_0310_1,5,44783495,2024-05-27,14,14:00,0.0,0.13828656,0.0,0.45171407
20001_0310_1,5,44783495,2024-05-27,15,15:00,0.0,0.07537475,0.0,0.32498527
20001_0310_1,5,44783495,2024-05-27,16,16:00,0.42982736229896545,0.0151785705,0.0,0.20855317
20001_0310_1,5,44783495,2024-05-27,17,17:00,0.0,0.029661864,0.0,0.19259892
20001_0310_1,5,44783495,2024-05-27,18,18:00,0.0,0.034640495,0.0,0.19373041
20001_0310_1,5,44783495,2024-05-27,19,19:00,0.0,0.021515004,0.0,0.1613693
20001_0310_1,5,44783495,2024-05-27,20,20:00,0.0,0.03916653,0.0,0.15276986
20001_0310_1,5,44783495,2024-05-27,21,21:00,0.0,0.04957639,0.0,0.13285531
20001_0310_1,5,44783495,2024-05-27,22,22:00,0.0,0.015631171,0.0,0.10298353
20001_0310_1,5,44783495,2024-05-27,23,23:00,,0.04595557,0.0,0.14643341
20001_0310_1,5,44783495,2024-05-28,0,00:00,,0.001259475,0.0,0.11915731
20001_0310_1,5,44783495,2024-05-28,1,01:00,,0.0,0.0,0.124126196
20001_0310_1,5,44783495,2024-05-28,2,02:00,,0.00035604928,0.0,0.18104237
20001_0310_1,5,44783495,2024-05-28,3,03:00,,0.0,0.0,0.23327206
20001_0310_1,5,44783495,2024-05-28,4,04:00,,0.0,0.0,0.3382395
20001_0310_1,5,44783495,2024-05-28,5,05:00,0.3773106336593628,0.47465768,0.1589648,0.97335196
20001_0310_1,5,44783495,2024-05-28,6,06:00,0.33801865577697754,0.76736957,0.3479514,1.372669
20001_0310_1,5,44783495,2024-05-28,7,07:00,0.8162659645080567,0.58487636,0.11215576,1.2416712
20001_0310_1,5,44783495,2024-05-28,8,08:00,1.438921610514323,0.5948141,0.1651194,1.2145684
20001_0310_1,5,44783495,2024-05-28,9,09:00,2.5248827934265137,0.2879861,0.0,0.84099925
20001_0310_1,5,44783495,2024-05-28,10,10:00,0.0,0.10741271,0.0,0.5823919
20001_0310_1,5,44783495,2024-05-28,11,11:00,0.4148949980735779,0.07263059,0.0,0.501309
20001_0310_1,5,44783495,2024-05-28,12,12:00,0.0,0.23044881,0.020880878,0.6207595
20001_0310_1,5,44783495,2024-05-28,13,13:00,0.0,0.13632253,0.0,0.48979023
20001_0310_1,5,44783495,2024-05-28,14,14:00,0.0,0.106509276,0.0,0.41706392
20001_0310_1,5,44783495,2024-05-28,15,15:00,0.0,0.045075916,0.0,0.3011988
20001_0310_1,5,44783495,2024-05-28,16,16:00,0.0,0.020231541,0.0,0.23265092
20001_0310_1,5,44783495,2024-05-28,17,17:00,0.0,0.012100656,0.0,0.19961919
20001_0310_1,5,44783495,2024-05-28,18,18:00,0.0,0.021134974,0.0,0.20780656
20001_0310_1,5,44783495,2024-05-28,19,19:00,0.0,0.010293795,0.0,0.18171997
20001_0310_1,5,44783495,2024-05-28,20,20:00,0.0,0.026555566,0.0,0.17539595
20001_0310_1,5,44783495,2024-05-28,21,21:00,0.0,0.049141362,0.0,0.16636162
20001_0310_1,5,44783495,2024-05-28,22,22:00,0.0,0.0012594843,0.0,0.115543604
20001_0310_1,5,44783495,2024-05-28,23,23:00,,0.012100656,0.0,0.1385811
20001_0310_1,5,44783495,2024-05-29,0,00:00,,0.0076009883,0.0,0.12347121
20001_0310_1,5,44783495,2024-05-29,1,01:00,,0.010376325,0.0,0.15145585
20001_0310_1,5,44783495,2024-05-29,2,02:00,,0.00066265184,0.0,0.18175322
20001_0310_1,5,44783495,2024-05-29,3,03:00,,0.0,0.0,0.23656613
20001_0310_1,5,44783495,2024-05-29,4,04:00,,0.0,0.0,0.33462796
20001_0310_1,5,44783495,2024-05-29,5,05:00,0.38776496052742004,0.33023366,0.06426405,0.81267935
20001_0310_1,5,44783495,2024-05-29,6,06:00,0.31118789315223694,0.6010601,0.22708371,1.2005323
20001_0310_1,5,44783495,2024-05-29,7,07:00,0.7463281631469727,0.4405532,0.0,1.1121843
20001_0310_1,5,44783495,2024-05-29,8,08:00,0.0,0.53861505,0.1275186,1.1898936
20001_0310_1,5,44783495,2024-05-29,9,09:00,0.8773485422134399,0.3124253,0.0,0.90056497
20001_0310_1,5,44783495,2024-05-29,10,10:00,0.0,0.07050857,0.0,0.5867208
20001_0310_1,5,44783495,2024-05-29,11,11:00,0.0,0.053394016,0.0,0.5108617
20001_0310_1,5,44783495,2024-05-29,12,12:00,0.0,0.16070695,0.0,0.57053137
20001_0310_1,5,44783495,2024-05-29,13,13:00,0.0,0.08299758,0.0,0.44009066
20001_0310_1,5,44783495,2024-05-29,14,14:00,0.0,0.09548659,0.0,0.40100467
20001_0310_1,5,44783495,2024-05-29,15,15:00,0.0,0.039517343,0.0,0.2892975
20001_0310_1,5,44783495,2024-05-29,16,16:00,0.0,0.0,0.0,0.18499112
20001_0310_1,5,44783495,2024-05-29,17,17:00,0.0,0.012689101,0.0,0.18325655
20001_0310_1,5,44783495,2024-05-29,18,18:00,0.0,0.02194022,0.0,0.18684137
20001_0310_1,5,44783495,2024-05-29,19,19:00,0.0,0.0071384367,0.0,0.15446247
20001_0310_1,5,44783495,2024-05-29,20,20:00,0.0,0.03535433,0.0,0.16163206
20001_0310_1,5,44783495,2024-05-29,21,21:00,0.0,0.027490895,0.0,0.11583904
20001_0310_1,5,44783495,2024-05-29,22,22:00,0.0,0.02194022,0.0,0.112601146
20001_0310_1,5,44783495,2024-05-29,23,23:00,,0.025640659,0.0,0.1329536
20001_0310_1,5,44783495,2024-05-30,0,00:00,,0.0,0.0,0.086764
20001_0310_1,5,44783495,2024-05-30,1,01:00,,0.024813304,0.0,0.15030904
20001_0310_1,5,44783495,2024-05-30,2,02:00,,0.0,0.0,0.14552607
20001_0310_1,5,44783495,2024-05-30,3,03:00,,0.01524739,0.0,0.24596821
20001_0310_1,5,44783495,2024-05-30,4,04:00,,0.0,0.0,0.31087974
20001_0310_1,5,44783495,2024-05-30,5,05:00,,0.40289477,0.12502766,0.867525
20001_0310_1,5,44783495,2024-05-30,6,06:00,,0.7969195,0.41200528,1.3799849
20001_0310_1,5,44783495,2024-05-30,7,07:00,,0.52087444,0.06398801,1.1886665
20001_0310_1,5,44783495,2024-05-30,8,08:00,,0.7249473,0.28303602,1.3790737
20001_0310_1,5,44783495,2024-05-30,9,09:00,,0.4980984,0.109881625,1.1030287
20001_0310_1,5,44783495,2024-05-30,10,10:00,,0.12867182,0.0,0.66219944
20001_0310_1,5,44783495,2024-05-30,11,11:00,,0.103618234,0.0,0.582028
20001_0310_1,5,44783495,2024-05-30,12,12:00,,0.218637,0.0,0.6416442
20001_0310_1,5,44783495,2024-05-30,13,13:00,,0.106351346,0.0,0.4748669
20001_0310_1,5,44783495,2024-05-30,14,14:00,,0.08767503,0.0,0.40130043
20001_0310_1,5,44783495,2024-05-30,15,15:00,,0.05305554,0.0,0.3022249
20001_0310_1,5,44783495,2024-05-30,16,16:00,,0.0,0.0,0.17433771
20001_0310_1,5,44783495,2024-05-30,17,17:00,,0.015702909,0.0,0.1733128
20001_0310_1,5,44783495,2024-05-30,18,18:00,,0.011147706,0.0,0.1606721
20001_0310_1,5,44783495,2024-05-30,19,19:00,,0.007959072,0.0,0.14552607
20001_0310_1,5,44783495,2024-05-30,20,20:00,,0.02162466,0.0,0.13778223
20001_0310_1,5,44783495,2024-05-30,21,21:00,,0.023446746,0.0,0.10202391
20001_0310_1,5,44783495,2024-05-30,22,22:00,,0.008414591,0.0,0.08471417
20001_0310_1,5,44783495,2024-05-30,23,23:00,,0.04075649,0.0029483407,0.12411661
20001_0310_1,5,44783495,2024-05-31,0,00:00,,0.0,0.0,0.08827832
20001_0310_1,5,44783495,2024-05-31,1,01:00,,0.0058171656,0.0,0.11870517
20001_0310_1,5,44783495,2024-05-31,2,02:00,,0.0066991,0.0,0.14780912
20001_0310_1,5,44783495,2024-05-31,3,03:00,,0.008462979,0.0,0.20998572
20001_0310_1,5,44783495,2024-05-31,4,04:00,,0.0,0.0,0.2636736
20001_0310_1,5,44783495,2024-05-31,5,05:00,,0.36476576,0.12443779,0.76604736
20001_0310_1,5,44783495,2024-05-31,6,06:00,,0.68887776,0.35594636,1.1951098
20001_0310_1,5,44783495,2024-05-31,7,07:00,,0.5107264,0.110767744,1.0945691
20001_0310_1,5,44783495,2024-05-31,8,08:00,,0.840571,0.4476679,1.4103026
20001_0310_1,5,44783495,2024-05-31,9,09:00,,0.5327748,0.18771677,1.067229
20001_0310_1,5,44783495,2024-05-31,10,10:00,,0.16820392,0.0,0.6391035
20001_0310_1,5,44783495,2024-05-31,11,11:00,,0.17801547,0.0,0.60430825
20001_0310_1,5,44783495,2024-05-31,12,12:00,,0.31493628,0.116279855,0.68579096
20001_0310_1,5,44783495,2024-05-31,13,13:00,,0.17051901,0.0,0.5009148
20001_0310_1,5,44783495,2024-05-31,14,14:00,,0.13943072,0.0,0.42032775
20001_0310_1,5,44783495,2024-05-31,15,15:00,,0.08210476,0.0,0.31218022
20001_0310_1,5,44783495,2024-05-31,16,16:00,,0.019046234,0.0,0.19036262
20001_0310_1,5,44783495,2024-05-31,17,17:00,,0.027865602,0.0,0.16555811
20001_0310_1,5,44783495,2024-05-31,18,18:00,,0.042417582,0.0,0.1639596
20001_0310_1,5,44783495,2024-05-31,19,19:00,,0.022573974,0.0,0.13281617
20001_0310_1,5,44783495,2024-05-31,20,20:00,,0.014636541,0.0,0.10834241
20001_0310_1,5,44783495,2024-05-31,21,21:00,,0.03492111,0.0,0.10415321
20001_0310_1,5,44783495,2024-05-31,22,22:00,,0.0022894167,0.0,0.07063957
20001_0310_1,5,44783495,2024-05-31,23,23:00,,0.04241757,0.0018484492,0.1255402
20001_0310_1,6,88229436,2024-05-01,0,00:00,,0.0,0.0,0.28923604
20001_0310_1,6,88229436,2024-05-01,1,01:00,,0.0,0.0,0.29994604
20001_0310_1,6,88229436,2024-05-01,2,02:00,,0.0,0.0,0.30958503
20001_0310_1,6,88229436,2024-05-01,3,03:00,,0.0,0.0,0.3459991
20001_0310_1,6,88229436,2024-05-01,4,04:00,,0.0,0.0,0.46996742
20001_0310_1,6,88229436,2024-05-01,5,05:00,,0.2608545,0.0,0.8814997
20001_0310_1,6,88229436,2024-05-01,6,06:00,,0.5521668,0.096991315,1.2697376
20001_0310_1,6,88229436,2024-05-01,7,07:00,,0.52003676,0.0,1.2820542
20001_0310_1,6,88229436,2024-05-01,8,08:00,,0.4999555,0.0,1.231985
20001_0310_1,6,88229436,2024-05-01,9,09:00,,0.5429294,0.00957081,1.2562163
20001_0310_1,6,88229436,2024-05-01,10,10:00,,0.43127757,0.0,1.141753
20001_0310_1,6,88229436,2024-05-01,11,11:00,,0.39185134,0.0,1.1220064
20001_0310_1,6,88229436,2024-05-01,12,12:00,,0.5269983,0.013453212,1.2600987
20001_0310_1,6,88229436,2024-05-01,13,13:00,,0.61696243,0.10288183,1.3559533
20001_0310_1,6,88229436,2024-05-01,14,14:00,,0.46541572,0.0,1.1821834
20001_0310_1,6,88229436,2024-05-01,15,15:00,,0.3945288,0.0,1.0992811
20001_0310_1,6,88229436,2024-05-01,16,16:00,,0.41882718,0.0,1.1179233
20001_0310_1,6,88229436,2024-05-01,17,17:00,,0.555112,0.045850985,1.2689344
20001_0310_1,6,88229436,2024-05-01,18,18:00,,0.6533764,0.14786384,1.3827282
20001_0310_1,6,88229436,2024-05-01,19,19:00,,0.48221704,0.04939866,1.1857309
20001_0310_1,6,88229436,2024-05-01,20,20:00,,0.25121546,0.0,0.8820352
20001_0310_1,6,88229436,2024-05-01,21,21:00,,0.15214787,0.0,0.67479634
20001_0310_1,6,88229436,2024-05-01,22,22:00,,0.071822785,0.0,0.51253974
20001_0310_1,6,88229436,2024-05-01,23,23:00,,6.571133e-05,0.0,0.37679034
20001_0310_1,6,88229436,2024-05-02,0,00:00,,0.0,0.0,0.2517438
20001_0310_1,6,88229436,2024-05-02,1,01:00,,0.0,0.0,0.25437483
20001_0310_1,6,88229436,2024-05-02,2,02:00,,0.0,0.0,0.25490096
20001_0310_1,6,88229436,2024-05-02,3,03:00,,0.0,0.0,0.2638463
20001_0310_1,6,88229436,2024-05-02,4,04:00,,0.0,0.0,0.4073995
20001_0310_1,6,88229436,2024-05-02,5,05:00,,0.3411973,0.0,0.9150154
20001_0310_1,6,88229436,2024-05-02,6,06:00,,0.6637562,0.18175957,1.346234
20001_0310_1,6,88229436,2024-05-02,7,07:00,,0.58877313,0.02468973,1.3233445
20001_0310_1,6,88229436,2024-05-02,8,08:00,,0.53247005,0.0,1.250466
20001_0310_1,6,88229436,2024-05-02,9,09:00,,0.514974,0.0,1.2213937
20001_0310_1,6,88229436,2024-05-02,10,10:00,,0.3632976,0.0,1.0764263
20001_0310_1,6,88229436,2024-05-02,11,11:00,,0.39118606,0.0,1.1236526
20001_0310_1,6,88229436,2024-05-02,12,12:00,,0.58535284,0.030477885,1.3207134
20001_0310_1,6,88229436,2024-05-02,13,13:00,,0.66059905,0.12493023,1.3856987
20001_0310_1,6,88229436,2024-05-02,14,14:00,,0.4810342,0.0,1.1641697
20001_0310_1,6,88229436,2024-05-02,15,15:00,,0.38513476,0.0,1.025122
20001_0310_1,6,88229436,2024-05-02,16,16:00,,0.39763197,0.0,1.0267664
20001_0310_1,6,88229436,2024-05-02,17,17:00,,0.56956697,0.077835634,1.1923213
20001_0310_1,6,88229436,2024-05-02,18,18:00,,0.70953536,0.21596235,1.3404456
20001_0310_1,6,88229436,2024-05-02,19,19:00,,0.5106328,0.07283674,1.1126025
20001_0310_1,6,88229436,2024-05-02,20,20:00,,0.29226097,0.0,0.8321394
20001_0310_1,6,88229436,2024-05-02,21,21:00,,0.2333269,0.0,0.6858565
20001_0310_1,6,88229436,2024-05-02,22,22:00,,0.14913534,0.0007477142,0.5406261
20001_0310_1,6,88229436,2024-05-02,23,23:00,,0.013376472,0.0,0.35645705
20001_0310_1,6,88229436,2024-05-03,0,00:00,,0.0,0.0,0.16797644
20001_0310_1,6,88229436,2024-05-03,1,01:00,,0.026931977,0.0,0.21185696
20001_0310_1,6,88229436,2024-05-03,2,02:00,,0.0,0.0,0.20976743
20001_0310_1,6,88229436,2024-05-03,3,03:00,,0.0,0.0,0.20036444
20001_0310_1,6,88229436,2024-05-03,4,04:00,,0.0,0.0,0.35577455
20001_0310_1,6,88229436,2024-05-03,5,05:00,,0.44451502,0.097846,0.93575454
20001_0310_1,6,88229436,2024-05-03,6,06:00,,0.8303631,0.3565581,1.4248393
20001_0310_1,6,88229436,2024-05-03,7,07:00,,0.6872291,0.13872284,1.3297651
20001_0310_1,6,88229436,2024-05-03,8,08:00,,0.72484094,0.17006601,1.3631977
20001_0310_1,6,88229436,2024-05-03,9,09:00,,0.7243185,0.19461817,1.3511828
20001_0310_1,6,88229436,2024-05-03,10,10:00,,0.4494124,0.0,1.0743504
20001_0310_1,6,88229436,2024-05-03,11,11:00,,0.43191245,0.0,1.0642618
20001_0310_1,6,88229436,2024-05-03,12,12:00,,0.67573655,0.1637974,1.3114815
20001_0310_1,6,88229436,2024-05-03,13,13:00,,0.757229,0.2630509,1.3746904
20001_0310_1,6,88229436,2024-05-03,14,14:00,,0.546707,0.07890948,1.1236833
20001_0310_1,6,88229436,2024-05-03,15,15:00,,0.42250946,0.0,0.9510997
20001_0310_1,6,88229436,2024-05-03,16,16:00,,0.4129759,0.0,0.92785347
20001_0310_1,6,88229436,2024-05-03,17,17:00,,0.7013335,0.2447674,1.2038697
20001_0310_1,6,88229436,2024-05-03,18,18:00,,0.8554377,0.3949536,1.3611082
20001_0310_1,6,88229436,2024-05-03,19,19:00,,0.5532368,0.14812574,1.0309596
20001_0310_1,6,88229436,2024-05-03,20,20:00,,0.26252848,0.0,0.6872291
20001_0310_1,6,88229436,2024-05-03,21,21:00,,0.2776777,0.038424507,0.62036353
20001_0310_1,6,88229436,2024-05-03,22,22:00,,0.2541703,0.08857368,0.54553163
20001_0310_1,6,88229436,2024-05-03,23,23:00,,0.023797657,0.0,0.27820012
20001_0310_1,6,88229436,2024-05-04,0,00:00,,0.0070752967,0.0,0.17091532
20001_0310_1,6,88229436,2024-05-04,1,01:00,,0.016349256,0.0,0.17091532
20001_0310_1,6,88229436,2024-05-04,2,02:00,,0.0,0.0,0.16164139
20001_0310_1,6,88229436,2024-05-04,3,03:00,,0.0,0.0,0.18637194
20001_0310_1,6,88229436,2024-05-04,4,04:00,,0.00089267455,0.0,0.31337377
20001_0310_1,6,88229436,2024-05-04,5,05:00,,0.5418739,0.22192211,0.9488979
20001_0310_1,6,88229436,2024-05-04,6,06:00,,0.8860411,0.45099393,1.3775611
20001_0310_1,6,88229436,2024-05-04,7,07:00,,0.7531142,0.2492288,1.286367
20001_0310_1,6,88229436,2024-05-04,8,08:00,,0.9365326,0.42683494,1.4548441
20001_0310_1,6,88229436,2024-05-04,9,09:00,,0.9148933,0.4239529,1.4177483
20001_0310_1,6,88229436,2024-05-04,10,10:00,,0.57845455,0.104194276,1.067656
20001_0310_1,6,88229436,2024-05-04,11,11:00,,0.5052289,0.034510784,1.0000334
20001_0310_1,6,88229436,2024-05-04,12,12:00,,0.75929683,0.3053878,1.2477256
20001_0310_1,6,88229436,2024-05-04,13,13:00,,0.88810194,0.44771746,1.3693175
20001_0310_1,6,88229436,2024-05-04,14,14:00,,0.7015922,0.27859637,1.148288
20001_0310_1,6,88229436,2024-05-04,15,15:00,,0.5318271,0.12119656,0.9507011
20001_0310_1,6,88229436,2024-05-04,16,16:00,,0.49704978,0.08641924,0.91077155
20001_0310_1,6,88229436,2024-05-04,17,17:00,,0.81081885,0.37571537,1.2240254
20001_0310_1,6,88229436,2024-05-04,18,18:00,,0.9097411,0.47882372,1.3342825
20001_0310_1,6,88229436,2024-05-04,19,19:00,,0.5933959,0.21419382,1.007633
20001_0310_1,6,88229436,2024-05-04,20,20:00,,0.2533506,0.0,0.6266276
20001_0310_1,6,88229436,2024-05-04,21,21:00,,0.25798756,0.04674723,0.56918055
20001_0310_1,6,88229436,2024-05-04,22,22:00,,0.25489622,0.12093898,0.52062106
20001_0310_1,6,88229436,2024-05-04,23,23:00,,0.028714549,0.0,0.2641702
20001_0310_1,6,88229436,2024-05-05,0,00:00,,0.0,0.0,0.16215742
20001_0310_1,6,88229436,2024-05-05,1,01:00,,0.013360009,0.013360009,0.15836637
20001_0310_1,6,88229436,2024-05-05,2,02:00,,0.0,0.0,0.14225459
20001_0310_1,6,88229436,2024-05-05,3,03:00,,0.0,0.0,0.17116104
20001_0310_1,6,88229436,2024-05-05,4,04:00,,0.0,0.0,0.2626193
20001_0310_1,6,88229436,2024-05-05,5,05:00,,0.523844,0.23762225,0.85934883
20001_0310_1,6,88229436,2024-05-05,6,06:00,,0.84454024,0.467038,1.2340672
20001_0310_1,6,88229436,2024-05-05,7,07:00,0.0,0.65688497,0.2218659,1.0672624
20001_0310_1,6,88229436,2024-05-05,8,08:00,,0.90235317,0.4564794,1.2890369
20001_0310_1,6,88229436,2024-05-05,9,09:00,,0.8701296,0.4424557,1.2482836
20001_0310_1,6,88229436,2024-05-05,10,10:00,0.0,0.5772736,0.15836634,0.94974095
20001_0310_1,6,88229436,2024-05-05,11,11:00,,0.50074255,0.083730794,0.87700087
20001_0310_1,6,88229436,2024-05-05,12,12:00,,0.72322774,0.30882233,1.0975906
20001_0310_1,6,88229436,2024-05-05,13,13:00,,0.8833982,0.4769302,1.2634476
20001_0310_1,6,88229436,2024-05-05,14,14:00,,0.683422,0.28441757,1.0549417
20001_0310_1,6,88229436,2024-05-05,15,15:00,,0.52206695,0.12709051,0.8900325
20001_0310_1,6,88229436,2024-05-05,16,16:00,,0.42129403,0.014677999,0.79373175
20001_0310_1,6,88229436,2024-05-05,17,17:00,,0.7109069,0.28204826,1.0928519
20001_0310_1,6,88229436,2024-05-05,18,18:00,,0.88529366,0.461159,1.2852459
20001_0310_1,6,88229436,2024-05-05,19,19:00,,0.5414959,0.16713314,0.9310228
20001_0310_1,6,88229436,2024-05-05,20,20:00,,0.20907123,0.0,0.56495285
20001_0310_1,6,88229436,2024-05-05,21,21:00,,0.21997039,0.017151043,0.5140111
20001_0310_1,6,88229436,2024-05-05,22,22:00,,0.19248551,0.06738199,0.442041
20001_0310_1,6,88229436,2024-05-05,23,23:00,,0.018098772,0.0,0.23229119
20001_0310_1,6,88229436,2024-05-06,0,00:00,,0.0,0.0,0.14269102
20001_0310_1,6,88229436,2024-05-06,1,01:00,,0.016924322,0.014066024,0.16555771
20001_0310_1,6,88229436,2024-05-06,2,02:00,,0.0,0.0,0.16269936
20001_0310_1,6,88229436,2024-05-06,3,03:00,,0.0,0.0,0.16793966
20001_0310_1,6,88229436,2024-05-06,4,04:00,,0.0,0.0,0.26988688
20001_0310_1,6,88229436,2024-05-06,5,05:00,0.343137264251709,0.4817609,0.1811594,0.8471513
20001_0310_1,6,88229436,2024-05-06,6,06:00,0.614683985710144,0.77914673,0.3721915,1.2040858
20001_0310_1,6,88229436,2024-05-06,7,07:00,1.0048646926879883,0.51260704,0.04622223,0.9647002
20001_0310_1,6,88229436,2024-05-06,8,08:00,0.33771929144859314,0.7534217,0.27274522,1.1888413
20001_0310_1,6,88229436,2024-05-06,9,09:00,1.1364545822143555,0.7515161,0.27893832,1.1745497
20001_0310_1,6,88229436,2024-05-06,10,10:00,0.5259259144465128,0.37528795,0.0,0.7989169
20001_0310_1,6,88229436,2024-05-06,11,11:00,0.7316017150878906,0.41691247,0.0,0.8528084
20001_0310_1,6,88229436,2024-05-06,12,12:00,1.6610366503397624,0.6443286,0.17794381,1.0783192
20001_0310_1,6,88229436,2024-05-06,13,13:00,0.875,0.79915506,0.3377723,1.2402912
20001_0310_1,6,88229436,2024-05-06,14,14:00,0.520634937286377,0.6171745,0.16936883,1.0344913
20001_0310_1,6,88229436,2024-05-06,15,15:00,0.0,0.49652892,0.068255216,0.8962193
20001_0310_1,6,88229436,2024-05-06,16,16:00,1.0874403317769368,0.40256122,0.0,0.7920687
20001_0310_1,6,88229436,2024-05-06,17,17:00,0.0,0.61812717,0.17603824,1.0135301
20001_0310_1,6,88229436,2024-05-06,18,18:00,0.8228443145751954,0.83440787,0.39124703,1.2498192
20001_0310_1,6,88229436,2024-05-06,19,19:00,0.2203007459640503,0.55048,0.152457,0.9642238
20001_0310_1,6,88229436,2024-05-06,20,20:00,0.0,0.2655994,0.0,0.64861614
20001_0310_1,6,88229436,2024-05-06,21,21:00,0.0,0.25464243,0.025499329,0.5700119
20001_0310_1,6,88229436,2024-05-06,22,22:00,0.0,0.21938966,0.07504379,0.49081233
20001_0310_1,6,88229436,2024-05-06,23,23:00,,0.008349336,0.0,0.23844521
20001_0310_1,6,88229436,2024-05-07,0,00:00,,0.0,0.0,0.1649168
20001_0310_1,6,88229436,2024-05-07,1,01:00,,0.021596272,0.011015581,0.20820151
20001_0310_1,6,88229436,2024-05-07,2,02:00,,0.0,0.0,0.18415444
20001_0310_1,6,88229436,2024-05-07,3,03:00,,0.0,0.0,0.22647727
20001_0310_1,6,88229436,2024-05-07,4,04:00,,0.0,0.0,0.33565098
20001_0310_1,6,88229436,2024-05-07,5,05:00,0.6418909430503845,0.37917617,0.08423888,0.8181554
20001_0310_1,6,88229436,2024-05-07,6,06:00,0.6409457921981812,0.61652076,0.20964435,1.130166
20001_0310_1,6,88229436,2024-05-07,7,07:00,1.6631019115447998,0.43875277,0.0,0.98165286
20001_0310_1,6,88229436,2024-05-07,8,08:00,1.0385416348775227,0.6251777,0.13317457,1.1604654
20001_0310_1,6,88229436,2024-05-07,9,09:00,0.4240190585454305,0.6280633,0.13942686,1.1522894
20001_0310_1,6,88229436,2024-05-07,10,10:00,1.8807190259297688,0.36138135,0.0,0.8913187
20001_0310_1,6,88229436,2024-05-07,11,11:00,1.0657894611358643,0.38627005,0.0,0.92955357
20001_0310_1,6,88229436,2024-05-07,12,12:00,0.8409090836842855,0.61700165,0.14231251,1.1599844
20001_0310_1,6,88229436,2024-05-07,13,13:00,0.0,0.7083805,0.24282931,1.2403017
20001_0310_1,6,88229436,2024-05-07,14,14:00,1.476190447807312,0.5292299,0.08315676,1.0325351
20001_0310_1,6,88229436,2024-05-07,15,15:00,0.45679012934366864,0.4259477,0.0,0.9023502
20001_0310_1,6,88229436,2024-05-07,16,16:00,0.8472501754760742,0.43018597,0.0024787937,0.9047248
20001_0310_1,6,88229436,2024-05-07,17,17:00,0.0,0.66653866,0.2183013,1.14748
20001_0310_1,6,88229436,2024-05-07,18,18:00,1.6234359741210938,0.6997236,0.25581476,1.2023072
20001_0310_1,6,88229436,2024-05-07,19,19:00,1.6513158082962036,0.49616516,0.10383716,0.9791504
20001_0310_1,6,88229436,2024-05-07,20,20:00,0.25,0.2567766,0.0,0.69587606
20001_0310_1,6,88229436,2024-05-07,21,21:00,0.0,0.20146832,0.0,0.55832684
20001_0310_1,6,88229436,2024-05-07,22,22:00,0.0,0.18704008,0.059109684,0.49364018
20001_0310_1,6,88229436,2024-05-07,23,23:00,,0.011015557,0.0,0.2769761
20001_0310_1,6,88229436,2024-05-08,0,00:00,,0.0,0.0,0.20015891
20001_0310_1,6,88229436,2024-05-08,1,01:00,,0.0,0.0,0.23106833
20001_0310_1,6,88229436,2024-05-08,2,02:00,,0.0,0.0,0.2556993
20001_0310_1,6,88229436,2024-05-08,3,03:00,,0.0,0.0,0.31945014
20001_0310_1,6,88229436,2024-05-08,4,04:00,,0.033054568,0.0,0.44984943
20001_0310_1,6,88229436,2024-05-08,5,05:00,0.6731700301170349,0.47955155,0.15005179,0.9942667
20001_0310_1,6,88229436,2024-05-08,6,06:00,1.7873706817626953,0.821246,0.37486985,1.4056281
20001_0310_1,6,88229436,2024-05-08,7,07:00,2.0390982627868652,0.6715283,0.14944802,1.2863368
20001_0310_1,6,88229436,2024-05-08,8,08:00,1.3034758567810059,0.79806393,0.2706711,1.3892075
20001_0310_1,6,88229436,2024-05-08,9,09:00,0.9105262756347656,0.8251097,0.31800133,1.395003
20001_0310_1,6,88229436,2024-05-08,10,10:00,0.0,0.53823125,0.041023437,1.0996727
20001_0310_1,6,88229436,2024-05-08,11,11:00,0.2801484167575836,0.5505467,0.05309747,1.12044
20001_0310_1,6,88229436,2024-05-08,12,12:00,0.0,0.69422746,0.2098181,1.2554275
20001_0310_1,6,88229436,2024-05-08,13,13:00,0.3148488700389862,0.7439724,0.2643927,1.3003428
20001_0310_1,6,88229436,2024-05-08,14,14:00,0.6666666666666666,0.6411018,0.18084045,1.1689776
20001_0310_1,6,88229436,2024-05-08,15,15:00,1.0375816822052002,0.5227765,0.0869047,1.0209502
20001_0310_1,6,88229436,2024-05-08,16,16:00,1.3238636255264282,0.5056314,0.067948505,0.99716437
20001_0310_1,6,88229436,2024-05-08,17,17:00,0.0,0.69857407,0.23976162,1.2027848
20001_0310_1,6,88229436,2024-05-08,18,18:00,0.374625285466512,0.86857617,0.4123597,1.3863097
20001_0310_1,6,88229436,2024-05-08,19,19:00,0.0,0.5877347,0.18494566,1.0919454
20001_0310_1,6,88229436,2024-05-08,20,20:00,0.0,0.25425047,0.0,0.71257997
20001_0310_1,6,88229436,2024-05-08,21,21:00,0.0,0.16924943,0.0,0.53533345
20001_0310_1,6,88229436,2024-05-08,22,22:00,0.0,0.13833995,0.011804329,0.45323017
20001_0310_1,6,88229436,2024-05-08,23,23:00,,0.012770232,0.0,0.28371108
20001_0310_1,6,88229436,2024-05-09,0,00:00,,0.0,0.0,0.19770609
20001_0310_1,6,88229436,2024-05-09,1,01:00,,0.0,0.0,0.1860712
20001_0310_1,6,88229436,2024-05-09,2,02:00,,0.0,0.0,0.21321918
20001_0310_1,6,88229436,2024-05-09,3,03:00,,0.0,0.0,0.27333245
20001_0310_1,6,88229436,2024-05-09,4,04:00,,0.0067008734,0.0,0.37756112
20001_0310_1,6,88229436,2024-05-09,5,05:00,0.7102792859077454,0.41613182,0.075267576,0.8838884
20001_0310_1,6,88229436,2024-05-09,6,06:00,1.0103092193603516,0.76393455,0.30144998,1.3010759
20001_0310_1,6,88229436,2024-05-09,7,07:00,0.4289044141769409,0.6597058,0.11868614,1.2501736
20001_0310_1,6,88229436,2024-05-09,8,08:00,0.722657322883606,0.82501745,0.27139327,1.3970634
20001_0310_1,6,88229436,2024-05-09,9,09:00,0.8261759281158447,0.76393455,0.23018669,1.3233762
20001_0310_1,6,88229436,2024-05-09,10,10:00,0.6104545593261719,0.42313093,0.0,0.9634235
20001_0310_1,6,88229436,2024-05-09,11,11:00,0.4583333333333333,0.44688535,0.0,1.000267
20001_0310_1,6,88229436,2024-05-09,12,12:00,0.7388888597488403,0.63449705,0.13322969,1.1832733
20001_0310_1,6,88229436,2024-05-09,13,13:00,1.205807367960612,0.6708559,0.17201246,1.2259344
20001_0310_1,6,88229436,2024-05-09,14,14:00,0.735714316368103,0.6034708,0.12644266,1.1347948
20001_0310_1,6,88229436,2024-05-09,15,15:00,1.2554112672805786,0.46676153,0.011791111,0.96778643
20001_0310_1,6,88229436,2024-05-09,16,16:00,0.0,0.42779696,0.0,0.91994417
20001_0310_1,6,88229436,2024-05-09,17,17:00,0.5906932353973389,0.57438374,0.11577742,1.0766207
20001_0310_1,6,88229436,2024-05-09,18,18:00,0.9552521705627441,0.7784781,0.33114305,1.2884716
20001_0310_1,6,88229436,2024-05-09,19,19:00,0.0,0.4877891,0.09596185,0.98311776
20001_0310_1,6,88229436,2024-05-09,20,20:00,0.0,0.1453493,0.0,0.5884425
20001_0310_1,6,88229436,2024-05-09,21,21:00,0.0,0.10171869,0.0,0.45385417
20001_0310_1,6,88229436,2024-05-09,22,22:00,1.4747474193572998,0.057118483,0.0,0.3349001
20001_0310_1,6,88229436,2024-05-09,23,23:00,,0.0,0.0,0.2306714
20001_0310_1,6,88229436,2024-05-10,0,00:00,,0.0,0.0,0.20193036
20001_0310_1,6,88229436,2024-05-10,1,01:00,,0.008752529,0.0,0.18323572
20001_0310_1,6,88229436,2024-05-10,2,02:00,,0.022105832,0.0,0.2090521
20001_0310_1,6,88229436,2024-05-10,3,03:00,,0.0,0.0,0.22863697
20001_0310_1,6,88229436,2024-05-10,4,04:00,,0.008752507,0.0,0.33590847
20001_0310_1,6,88229436,2024-05-10,5,05:00,0.0,0.49461812,0.16117492,0.9214232
20001_0310_1,6,88229436,2024-05-10,6,06:00,1.8755016326904297,0.81885296,0.37352026,1.3138156
20001_0310_1,6,88229436,2024-05-10,7,07:00,1.0421717166900635,0.6279008,0.112463236,1.1629232
20001_0310_1,6,88229436,2024-05-10,8,08:00,0.0,0.8384378,0.31610098,1.3503145
20001_0310_1,6,88229436,2024-05-10,9,09:00,1.5694022178649902,0.7992682,0.29139748,1.2879992
20001_0310_1,6,88229436,2024-05-10,10,10:00,0.4027777910232544,0.43188542,0.0,0.913272
20001_0310_1,6,88229436,2024-05-10,11,11:00,2.6979167461395264,0.5201841,0.016096925,1.018485
20001_0310_1,6,88229436,2024-05-10,12,12:00,0.9689450263977051,0.71024615,0.21528366,1.2132206
20001_0310_1,6,88229436,2024-05-10,13,13:00,0.9546351432800293,0.7770127,0.28227282,1.274646
20001_0310_1,6,88229436,2024-05-10,14,14:00,0.0,0.7476354,0.27270284,1.226574
20001_0310_1,6,88229436,2024-05-10,15,15:00,1.3473955392837524,0.57025903,0.12203313,1.0256069
20001_0310_1,6,88229436,2024-05-10,16,16:00,0.33375000953674316,0.46204162,0.020714866,0.914496
20001_0310_1,6,88229436,2024-05-10,17,17:00,,0.52730584,0.07462882,0.9782025
20001_0310_1,6,88229436,2024-05-10,18,18:00,0.24347825050354005,0.8046095,0.36951432,1.2719752
20001_0310_1,6,88229436,2024-05-10,19,19:00,0.3225446343421936,0.48485348,0.11162858,0.9359727
20001_0310_1,6,88229436,2024-05-10,20,20:00,0.46604939301808673,0.100445226,0.0,0.5101691
20001_0310_1,6,88229436,2024-05-10,21,21:00,0.0,0.15474866,0.0,0.48212722
20001_0310_1,6,88229436,2024-05-10,22,22:00,0.0,0.17789438,0.051483084,0.45319507
20001_0310_1,6,88229436,2024-05-10,23,23:00,,0.025666703,0.0,0.23976469
20001_0310_1,6,88229436,2024-05-11,0,00:00,,0.010742381,0.0,0.20338506
20001_0310_1,6,88229436,2024-05-11,1,01:00,,0.0,0.0,0.19116867
20001_0310_1,6,88229436,2024-05-11,2,02:00,,0.0,0.0,0.213722
20001_0310_1,6,88229436,2024-05-11,3,03:00,,0.0,0.0,0.27715313
20001_0310_1,6,88229436,2024-05-11,4,04:00,,0.006043788,0.0,0.41846356
20001_0310_1,6,88229436,2024-05-11,5,05:00,,0.39943424,0.060899973,0.9339002
20001_0310_1,6,88229436,2024-05-11,6,06:00,,0.7239902,0.26235256,1.3686384
20001_0310_1,6,88229436,2024-05-11,7,07:00,,0.6290784,0.09296788,1.3240014
20001_0310_1,6,88229436,2024-05-11,8,08:00,,0.72492987,0.17519343,1.3958902
20001_0310_1,6,88229436,2024-05-11,9,09:00,,0.74184483,0.20996307,1.3911915
20001_0310_1,6,88229436,2024-05-11,10,10:00,,0.45382056,0.0,1.0883666
20001_0310_1,6,88229436,2024-05-11,11,11:00,,0.5355762,0.022488922,1.1774052
20001_0310_1,6,88229436,2024-05-11,12,12:00,,0.6666672,0.16626604,1.315544
20001_0310_1,6,88229436,2024-05-11,13,13:00,,0.6887507,0.20432477,1.3399768
20001_0310_1,6,88229436,2024-05-11,14,14:00,,0.6013566,0.13431561,1.2243912
20001_0310_1,6,88229436,2024-05-11,15,15:00,,0.48847273,0.05972527,1.088719
20001_0310_1,6,88229436,2024-05-11,16,16:00,,0.39109424,0.0,0.988169
20001_0310_1,6,88229436,2024-05-11,17,17:00,,0.42780206,0.009743993,1.0199434
20001_0310_1,6,88229436,2024-05-11,18,18:00,,0.61286825,0.20268025,1.2138194
20001_0310_1,6,88229436,2024-05-11,19,19:00,,0.40661424,0.0638806,0.97165054
20001_0310_1,6,88229436,2024-05-11,20,20:00,0.0,0.13760464,0.0,0.64317423
20001_0310_1,6,88229436,2024-05-11,21,21:00,,0.116930775,0.0,0.5221852
20001_0310_1,6,88229436,2024-05-11,22,22:00,,0.1310266,0.014501264,0.46909097
20001_0310_1,6,88229436,2024-05-11,23,23:00,,0.04739148,0.0,0.32695833
20001_0310_1,6,88229436,2024-05-12,0,00:00,,0.0,0.0,0.16711561
20001_0310_1,6,88229436,2024-05-12,1,01:00,,0.0,0.0,0.16151331
20001_0310_1,6,88229436,2024-05-12,2,02:00,,0.0,0.0,0.17832015
20001_0310_1,6,88229436,2024-05-12,3,03:00,,0.0,0.0,0.18112129
20001_0310_1,6,88229436,2024-05-12,4,04:00,,0.0,0.0,0.31510898
20001_0310_1,6,88229436,2024-05-12,5,05:00,,0.39890963,0.105023764,0.8277168
20001_0310_1,6,88229436,2024-05-12,6,06:00,,0.6465767,0.24508055,1.1517149
20001_0310_1,6,88229436,2024-05-12,7,07:00,,0.4939148,0.027117107,1.0327251
20001_0310_1,6,88229436,2024-05-12,8,08:00,,0.6498447,0.17038365,1.1750579
20001_0310_1,6,88229436,2024-05-12,9,09:00,,0.7366799,0.26562223,1.2474205
20001_0310_1,6,88229436,2024-05-12,10,10:00,,0.46928814,0.0,0.97935754
20001_0310_1,6,88229436,2024-05-12,11,11:00,,0.5349981,0.058104675,1.0646462
20001_0310_1,6,88229436,2024-05-12,12,12:00,,0.7077349,0.22827373,1.2446194
20001_0310_1,6,88229436,2024-05-12,13,13:00,,0.7712273,0.29363364,1.3099793
20001_0310_1,6,88229436,2024-05-12,14,14:00,,0.69793093,0.23761089,1.2119395
20001_0310_1,6,88229436,2024-05-12,15,15:00,,0.53651536,0.10514044,1.0304493
20001_0310_1,6,88229436,2024-05-12,16,16:00,,0.42902187,0.01316984,0.9179369
20001_0310_1,6,88229436,2024-05-12,17,17:00,,0.4560995,0.03411997,0.93421847
20001_0310_1,6,88229436,2024-05-12,18,18:00,,0.68859375,0.27776045,1.1685218
20001_0310_1,6,88229436,2024-05-12,19,19:00,,0.45163515,0.09635766,0.90215117
20001_0310_1,6,88229436,2024-05-12,20,20:00,,0.17832014,0.0,0.58331776
20001_0310_1,6,88229436,2024-05-12,21,21:00,,0.1671156,0.0,0.4978831
20001_0310_1,6,88229436,2024-05-12,22,22:00,,0.175519,0.034061622,0.47296464
20001_0310_1,6,88229436,2024-05-12,23,23:00,,0.029859908,0.0,0.29269987
20001_0310_1,6,88229436,2024-05-13,0,00:00,,0.0,0.0,0.13794653
20001_0310_1,6,88229436,2024-05-13,1,01:00,,0.0,0.0,0.14635608
20001_0310_1,6,88229436,2024-05-13,2,02:00,,0.0,0.0,0.15009364
20001_0310_1,6,88229436,2024-05-13,3,03:00,,0.0,0.0,0.18466626
20001_0310_1,6,88229436,2024-05-13,4,04:00,,0.0,0.0,0.29352316
20001_0310_1,6,88229436,2024-05-13,5,05:00,0.0,0.38976577,0.0832845,0.77006423
20001_0310_1,6,88229436,2024-05-13,6,06:00,1.7724629640579224,0.7359588,0.32809576,1.1797961
20001_0310_1,6,88229436,2024-05-13,7,07:00,0.8971759796142578,0.64859295,0.18419904,1.1129869
20001_0310_1,6,88229436,2024-05-13,8,08:00,0.7209846377372742,0.7602531,0.2799744,1.2153031
20001_0310_1,6,88229436,2024-05-13,9,09:00,0.0,0.7611875,0.28885123,1.2068936
20001_0310_1,6,88229436,2024-05-13,10,10:00,0.5476190646489462,0.46223974,0.0,0.9152457
20001_0310_1,6,88229436,2024-05-13,11,11:00,0.637499988079071,0.5446416,0.063895784,1.0113715
20001_0310_1,6,88229436,2024-05-13,12,12:00,0.4653850793838501,0.66774803,0.18606783,1.1456907
20001_0310_1,6,88229436,2024-05-13,13,13:00,3.9889650344848633,0.7537123,0.27390087,1.238663
20001_0310_1,6,88229436,2024-05-13,14,14:00,0.0,0.6626089,0.19868216,1.1330764
20001_0310_1,6,88229436,2024-05-13,15,15:00,0.0,0.54324,0.100337185,0.9945525
20001_0310_1,6,88229436,2024-05-13,16,16:00,0.6925133466720581,0.43730304,0.00041533634,0.87968034
20001_0310_1,6,88229436,2024-05-13,17,17:00,0.5500014424324036,0.47719005,0.043514296,0.91436964
20001_0310_1,6,88229436,2024-05-13,18,18:00,0.620379626750946,0.71026295,0.288384,1.1484939
20001_0310_1,6,88229436,2024-05-13,19,19:00,1.0387205282847087,0.4599913,0.093183175,0.8715335
20001_0310_1,6,88229436,2024-05-13,20,20:00,0.0,0.20615731,0.0,0.5766446
20001_0310_1,6,88229436,2024-05-13,21,21:00,0.0,0.18092866,0.0,0.4819204
20001_0310_1,6,88229436,2024-05-13,22,22:00,0.0,0.18653503,0.03890074,0.45669174
20001_0310_1,6,88229436,2024-05-13,23,23:00,,0.02021287,0.0,0.24633625
20001_0310_1,6,88229436,2024-05-14,0,00:00,,0.0,0.0,0.17870058
20001_0310_1,6,88229436,2024-05-14,1,01:00,,0.01777131,0.0,0.196919
20001_0310_1,6,88229436,2024-05-14,2,02:00,,0.011698524,0.0,0.21058281
20001_0310_1,6,88229436,2024-05-14,3,03:00,,0.0,0.0,0.19742502
20001_0310_1,6,88229436,2024-05-14,4,04:00,,0.0,0.0,0.32748428
20001_0310_1,6,88229436,2024-05-14,5,05:00,0.7196969985961914,0.38568196,0.07887889,0.8349429
20001_0310_1,6,88229436,2024-05-14,6,06:00,0.8021978378295899,0.7697867,0.36151728,1.3133025
20001_0310_1,6,88229436,2024-05-14,7,07:00,0.4139194091161092,0.60885745,0.1372031,1.1938709
20001_0310_1,6,88229436,2024-05-14,8,08:00,1.793991470336914,0.68223715,0.2024857,1.2626957
20001_0310_1,6,88229436,2024-05-14,9,09:00,2.8884615898132324,0.696913,0.23234367,1.2677566
20001_0310_1,6,88229436,2024-05-14,10,10:00,0.3737373650074005,0.416552,0.0,0.9922031
20001_0310_1,6,88229436,2024-05-14,11,11:00,0.0,0.4741171,0.007523505,1.0702639
20001_0310_1,6,88229436,2024-05-14,12,12:00,0.8891941706339518,0.5709024,0.105573915,1.1743871
20001_0310_1,6,88229436,2024-05-14,13,13:00,1.5212202072143555,0.70602226,0.24651358,1.3097601
20001_0310_1,6,88229436,2024-05-14,14,14:00,0.0,0.5698903,0.13821529,1.1513611
20001_0310_1,6,88229436,2024-05-14,15,15:00,0.0,0.46450186,0.061735895,1.0151659
20001_0310_1,6,88229436,2024-05-14,16,16:00,0.0,0.38517588,0.0,0.9212272
20001_0310_1,6,88229436,2024-05-14,17,17:00,0.8660907745361328,0.4452713,0.049906567,0.98309386
20001_0310_1,6,88229436,2024-05-14,18,18:00,1.3272846221923829,0.6574398,0.2672623,1.1918465
20001_0310_1,6,88229436,2024-05-14,19,19:00,0.0,0.41984147,0.08033383,0.92344123
20001_0310_1,6,88229436,2024-05-14,20,20:00,0.2726757228374481,0.1584579,0.0,0.60253155
20001_0310_1,6,88229436,2024-05-14,21,21:00,0.0,0.14428802,0.0,0.49587798
20001_0310_1,6,88229436,2024-05-14,22,22:00,0.0,0.18072486,0.06635374,0.4772168
20001_0310_1,6,88229436,2024-05-14,23,23:00,,0.025868397,0.0,0.27384117
20001_0310_1,6,88229436,2024-05-15,0,00:00,,0.0,0.0,0.17945567
20001_0310_1,6,88229436,2024-05-15,1,01:00,,0.0069242655,0.0,0.20523018
20001_0310_1,6,88229436,2024-05-15,2,02:00,,0.0,0.0,0.20891225
20001_0310_1,6,88229436,2024-05-15,3,03:00,,0.0,0.0,0.23942085
20001_0310_1,6,88229436,2024-05-15,4,04:00,,0.0,0.0,0.37355348
20001_0310_1,6,88229436,2024-05-15,5,05:00,0.8210400342941284,0.41168925,0.07234679,0.9360559
20001_0310_1,6,88229436,2024-05-15,6,06:00,0.3197508752346039,0.8611651,0.4080729,1.4776492
20001_0310_1,6,88229436,2024-05-15,7,07:00,1.3568800687789917,0.58763975,0.06425937,1.2456788
20001_0310_1,6,88229436,2024-05-15,8,08:00,1.191420841217041,0.7333446,0.20207408,1.3761294
20001_0310_1,6,88229436,2024-05-15,9,09:00,0.0,0.7791075,0.26940343,1.406112
20001_0310_1,6,88229436,2024-05-15,10,10:00,1.8134616216023762,0.39775,0.0,1.0265955
20001_0310_1,6,88229436,2024-05-15,11,11:00,0.7115384340286255,0.48914433,0.0,1.1336385
20001_0310_1,6,88229436,2024-05-15,12,12:00,0.96975310643514,0.66022915,0.1657794,1.3019619
20001_0310_1,6,88229436,2024-05-15,13,13:00,0.0,0.78541964,0.3062242,1.4208401
20001_0310_1,6,88229436,2024-05-15,14,14:00,0.0,0.5808016,0.14000492,1.1804534
20001_0310_1,6,88229436,2024-05-15,15,15:00,0.4205128351847331,0.44693193,0.047953025,1.008448
20001_0310_1,6,88229436,2024-05-15,16,16:00,0.0,0.3572472,0.0,0.8964078
20001_0310_1,6,88229436,2024-05-15,17,17:00,1.2529696226119995,0.45330983,0.07076879,0.992339
20001_0310_1,6,88229436,2024-05-15,18,18:00,0.5690340995788574,0.67863953,0.30675018,1.2120141
20001_0310_1,6,88229436,2024-05-15,19,19:00,1.1627822875976563,0.40879622,0.08898189,0.904298
20001_0310_1,6,88229436,2024-05-15,20,20:00,0.0,0.15631121,0.0,0.57948655
20001_0310_1,6,88229436,2024-05-15,21,21:00,0.0,0.11843847,0.0,0.44035682
20001_0310_1,6,88229436,2024-05-15,22,22:00,0.0,0.100554116,0.01323639,0.3632963
20001_0310_1,6,88229436,2024-05-15,23,23:00,,0.017444473,0.0,0.23889484
20001_0310_1,6,88229436,2024-05-16,0,00:00,,0.0,0.0,0.19025669
20001_0310_1,6,88229436,2024-05-16,1,01:00,,0.0,0.0,0.18391156
20001_0310_1,6,88229436,2024-05-16,2,02:00,,0.0,0.0,0.22092463
20001_0310_1,6,88229436,2024-05-16,3,03:00,,0.0,0.0,0.27432927
20001_0310_1,6,88229436,2024-05-16,4,04:00,,0.0,0.0,0.35020602
20001_0310_1,6,88229436,2024-05-16,5,05:00,0.0,0.38166714,0.027927913,0.9225868
20001_0310_1,6,88229436,2024-05-16,6,06:00,1.9098503589630127,0.9157129,0.4478859,1.5787758
20001_0310_1,6,88229436,2024-05-16,7,07:00,1.3031495809555054,0.70843965,0.16064622,1.4423561
20001_0310_1,6,88229436,2024-05-16,8,08:00,0.2963988780975342,0.7909259,0.22462589,1.5343599
20001_0310_1,6,88229436,2024-05-16,9,09:00,0.702022910118103,0.7972711,0.23890246,1.5459927
20001_0310_1,6,88229436,2024-05-16,10,10:00,1.275807539621989,0.4239678,0.0,1.1860405
20001_0310_1,6,88229436,2024-05-16,11,11:00,0.0,0.56197363,0.0,1.355904
20001_0310_1,6,88229436,2024-05-16,12,12:00,0.471074382464091,0.71002597,0.14055337,1.5121521
20001_0310_1,6,88229436,2024-05-16,13,13:00,1.4706547260284424,0.76554555,0.20717692,1.5512803
20001_0310_1,6,88229436,2024-05-16,14,14:00,0.9288720289866129,0.46759033,0.0,1.2064637
20001_0310_1,6,88229436,2024-05-16,15,15:00,0.0,0.3605168,0.0,1.0286027
20001_0310_1,6,88229436,2024-05-16,16,16:00,1.7519900004069011,0.34624034,0.0,0.95695597
20001_0310_1,6,88229436,2024-05-16,17,17:00,1.9120845794677734,0.48821193,0.08609134,1.0590065
20001_0310_1,6,88229436,2024-05-16,18,18:00,0.37037038803100586,0.7369926,0.35655108,1.2699809
20001_0310_1,6,88229436,2024-05-16,19,19:00,0.9477831125259399,0.42819786,0.11200046,0.9040803
20001_0310_1,6,88229436,2024-05-16,20,20:00,0.0,0.11305796,0.0,0.49382994
20001_0310_1,6,88229436,2024-05-16,21,21:00,0.5568420886993408,0.07815993,0.0,0.34729785
20001_0310_1,6,88229436,2024-05-16,22,22:00,0.0,0.08979261,0.0,0.3102848
20001_0310_1,6,88229436,2024-05-16,23,23:00,,0.027399141,0.0,0.22092465
20001_0310_1,6,88229436,2024-05-17,0,00:00,,0.0,0.0,0.2064212
20001_0310_1,6,88229436,2024-05-17,1,01:00,,0.01253619,0.0,0.22011365
20001_0310_1,6,88229436,2024-05-17,2,02:00,,0.0,0.0,0.22285213
20001_0310_1,6,88229436,2024-05-17,3,03:00,,0.0,0.0,0.26447716
20001_0310_1,6,88229436,2024-05-17,4,04:00,,0.0,0.0,0.34553638
20001_0310_1,6,88229436,2024-05-17,5,05:00,0.2961881756782532,0.38428602,0.0,0.91582674
20001_0310_1,6,88229436,2024-05-17,6,06:00,0.7031903266906738,1.0005829,0.48992327,1.6589159
20001_0310_1,6,88229436,2024-05-17,7,07:00,0.8392744859059652,0.70756465,0.109478615,1.442575
20001_0310_1,6,88229436,2024-05-17,8,08:00,0.2997449040412903,0.7825993,0.16698694,1.5296589
20001_0310_1,6,88229436,2024-05-17,9,09:00,0.0,0.85927695,0.25735712,1.607432
20001_0310_1,6,88229436,2024-05-17,10,10:00,0.0,0.48410392,0.0,1.2412962
20001_0310_1,6,88229436,2024-05-17,11,11:00,0.7727272510528564,0.58460647,0.0,1.3834236
20001_0310_1,6,88229436,2024-05-17,12,12:00,0.0,0.7519282,0.14507905,1.5537578
20001_0310_1,6,88229436,2024-05-17,13,13:00,1.034615397453308,0.85818154,0.25680944,1.6643927
20001_0310_1,6,88229436,2024-05-17,14,14:00,0.0,0.5870711,0.036634896,1.3445373
20001_0310_1,6,88229436,2024-05-17,15,15:00,0.0,0.5161443,0.021162406,1.2151436
20001_0310_1,6,88229436,2024-05-17,16,16:00,0.5400000015894572,0.43659118,0.0,1.0860925
20001_0310_1,6,88229436,2024-05-17,17,17:00,0.6398701667785645,0.53613526,0.074015215,1.1595522
20001_0310_1,6,88229436,2024-05-17,18,18:00,0.0,0.8209381,0.37565982,1.4168332
20001_0310_1,6,88229436,2024-05-17,19,19:00,0.22727272510528565,0.49307248,0.11865262,1.0354987
20001_0310_1,6,88229436,2024-05-17,20,20:00,0.0,0.1538422,0.0,0.59994197
20001_0310_1,6,88229436,2024-05-17,21,21:00,0.5588235259056091,0.13850665,0.0,0.4663038
20001_0310_1,6,88229436,2024-05-17,22,22:00,0.0,0.13193429,0.007059193,0.3907215
20001_0310_1,6,88229436,2024-05-17,23,23:00,,0.03882566,0.0,0.25407088
20001_0310_1,6,88229436,2024-05-18,0,00:00,,0.020471882,0.0,0.23677437
20001_0310_1,6,88229436,2024-05-18,1,01:00,,0.007329467,0.0,0.21760838
20001_0310_1,6,88229436,2024-05-18,2,02:00,,0.0,0.0,0.2033707
20001_0310_1,6,88229436,2024-05-18,3,03:00,,0.0,0.0,0.24334559
20001_0310_1,6,88229436,2024-05-18,4,04:00,,0.0,0.0,0.35676754
20001_0310_1,6,88229436,2024-05-18,5,05:00,,0.28441572,0.0,0.8180532
20001_0310_1,6,88229436,2024-05-18,6,06:00,,0.6688318,0.23184602,1.3237631
20001_0310_1,6,88229436,2024-05-18,7,07:00,,0.47758207,0.0,1.1985507
20001_0310_1,6,88229436,2024-05-18,8,08:00,,0.5872392,0.07632725,1.2777646
20001_0310_1,6,88229436,2024-05-18,9,09:00,,0.5891558,0.1091833,1.2657173
20001_0310_1,6,88229436,2024-05-18,10,10:00,,0.325212,0.0,1.0051959
20001_0310_1,6,88229436,2024-05-18,11,11:00,,0.44280937,0.0,1.158935
20001_0310_1,6,88229436,2024-05-18,12,12:00,,0.58723915,0.114385456,1.3037754
20001_0310_1,6,88229436,2024-05-18,13,13:00,,0.67047465,0.20610875,1.3872848
20001_0310_1,6,88229436,2024-05-18,14,14:00,,0.40351897,0.0,1.0871308
20001_0310_1,6,88229436,2024-05-18,15,15:00,,0.3282238,0.0,0.98370254
20001_0310_1,6,88229436,2024-05-18,16,16:00,0.0,0.31179577,0.0,0.95906055
20001_0310_1,6,88229436,2024-05-18,17,17:00,,0.34246144,0.0,0.9927379
20001_0310_1,6,88229436,2024-05-18,18,18:00,,0.5717695,0.17804417,1.219582
20001_0310_1,6,88229436,2024-05-18,19,19:00,,0.3734009,0.04839953,0.9683696
20001_0310_1,6,88229436,2024-05-18,20,20:00,,0.10261208,0.0,0.59819126
20001_0310_1,6,88229436,2024-05-18,21,21:00,,0.08618403,0.0,0.45759466
20001_0310_1,6,88229436,2024-05-18,22,22:00,,0.07632721,0.0007582344,0.37079984
20001_0310_1,6,88229436,2024-05-18,23,23:00,,0.039090324,0.0,0.29427254
20001_0310_1,6,88229436,2024-05-19,0,00:00,,0.0,0.0,0.22680104
20001_0310_1,6,88229436,2024-05-19,1,01:00,,0.013303099,0.0,0.23665479
20001_0310_1,6,88229436,2024-05-19,2,02:00,,0.0,0.0,0.23555993
20001_0310_1,6,88229436,2024-05-19,3,03:00,,0.0,0.0,0.27771205
20001_0310_1,6,88229436,2024-05-19,4,04:00,,0.0,0.0,0.42935026
20001_0310_1,6,88229436,2024-05-19,5,05:00,,0.3061784,0.0,0.8812541
20001_0310_1,6,88229436,2024-05-19,6,06:00,,0.64065856,0.16110936,1.3298736
20001_0310_1,6,88229436,2024-05-19,7,07:00,,0.5343201,0.0,1.2752674
20001_0310_1,6,88229436,2024-05-19,8,08:00,,0.5993275,0.033284266,1.3109872
20001_0310_1,6,88229436,2024-05-19,9,09:00,,0.60617036,0.062024415,1.3046918
20001_0310_1,6,88229436,2024-05-19,10,10:00,,0.42873445,0.0,1.1328669
20001_0310_1,6,88229436,2024-05-19,11,11:00,,0.4783453,0.0,1.2258618
20001_0310_1,6,88229436,2024-05-19,12,12:00,,0.6121921,0.052718118,1.3643616
20001_0310_1,6,88229436,2024-05-19,13,13:00,,0.72167826,0.16822599,1.4727529
20001_0310_1,6,88229436,2024-05-19,14,14:00,,0.52569807,0.0127556315,1.2390001
20001_0310_1,6,88229436,2024-05-19,15,15:00,,0.43119785,0.0,1.117402
20001_0310_1,6,88229436,2024-05-19,16,16:00,,0.42620254,0.0,1.093794
20001_0310_1,6,88229436,2024-05-19,17,17:00,,0.4450205,0.0,1.1228764
20001_0310_1,6,88229436,2024-05-19,18,18:00,,0.5974115,0.12662125,1.2762253
20001_0310_1,6,88229436,2024-05-19,19,19:00,,0.43995672,0.052649617,1.0686806
20001_0310_1,6,88229436,2024-05-19,20,20:00,,0.18629116,0.0,0.72167826
20001_0310_1,6,88229436,2024-05-19,21,21:00,,0.117314905,0.0,0.5258349
20001_0310_1,6,88229436,2024-05-19,22,22:00,,0.06585644,0.0,0.39431477
20001_0310_1,6,88229436,2024-05-19,23,23:00,,0.029726015,0.0,0.30453616
20001_0310_1,6,88229436,2024-05-20,0,00:00,,0.0,0.0,0.22897364
20001_0310_1,6,88229436,2024-05-20,1,01:00,,0.0,0.0,0.23006906
20001_0310_1,6,88229436,2024-05-20,2,02:00,,0.0,0.0,0.24376218
20001_0310_1,6,88229436,2024-05-20,3,03:00,,0.0,0.0,0.28155515
20001_0310_1,6,88229436,2024-05-20,4,04:00,,0.0055021737,0.0,0.4560737
20001_0310_1,6,88229436,2024-05-20,5,05:00,0.3235294222831726,0.32318217,0.0,0.90048337
20001_0310_1,6,88229436,2024-05-20,6,06:00,1.7756433486938477,0.6857755,0.17693983,1.3764555
20001_0310_1,6,88229436,2024-05-20,7,07:00,1.7402008771896362,0.66550976,0.05972686,1.4071282
20001_0310_1,6,88229436,2024-05-20,8,08:00,2.062110424041748,0.661128,0.04493831,1.3835762
20001_0310_1,6,88229436,2024-05-20,9,09:00,0.96875,0.65619844,0.05808365,1.3715262
20001_0310_1,6,88229436,2024-05-20,10,10:00,1.7264634768168132,0.54145026,0.0,1.2644461
20001_0310_1,6,88229436,2024-05-20,11,11:00,0.6983585953712463,0.5754092,0.0,1.3353764
20001_0310_1,6,88229436,2024-05-20,12,12:00,0.7417582273483276,0.62662137,0.027958864,1.3885057
20001_0310_1,6,88229436,2024-05-20,13,13:00,1.0286377668380737,0.70165956,0.1084743,1.4580666
20001_0310_1,6,88229436,2024-05-20,14,14:00,0.5061728556950887,0.5491184,0.0,1.2677325
20001_0310_1,6,88229436,2024-05-20,15,15:00,0.0,0.44689935,0.0,1.1364156
20001_0310_1,6,88229436,2024-05-20,16,16:00,0.9731060663859049,0.432727,0.0,1.1093032
20001_0310_1,6,88229436,2024-05-20,17,17:00,0.8938010334968567,0.4607636,0.0,1.1399416
20001_0310_1,6,88229436,2024-05-20,18,18:00,0.0,0.54774904,0.06315015,1.230898
20001_0310_1,6,88229436,2024-05-20,19,19:00,0.4907691955566406,0.4071209,0.014128819,1.0504229
20001_0310_1,6,88229436,2024-05-20,20,20:00,0.0,0.18625113,0.0,0.7454775
20001_0310_1,6,88229436,2024-05-20,21,21:00,0.0,0.102997065,0.0,0.540081
20001_0310_1,6,88229436,2024-05-20,22,22:00,,0.053701904,0.0,0.41300893
20001_0310_1,6,88229436,2024-05-20,23,23:00,,0.0044067246,0.0,0.30291638
20001_0310_1,6,88229436,2024-05-21,0,00:00,,0.0,0.0,0.27278775
20001_0310_1,6,88229436,2024-05-21,1,01:00,,0.012636701,0.0,0.29936835
20001_0310_1,6,88229436,2024-05-21,2,02:00,,0.0,0.0,0.31237593
20001_0310_1,6,88229436,2024-05-21,3,03:00,,0.0,0.0,0.383776
20001_0310_1,6,88229436,2024-05-21,4,04:00,0.0,0.03525853,0.0,0.56743705
20001_0310_1,6,88229436,2024-05-21,5,05:00,0.0,0.34546033,0.0,1.0122386
20001_0310_1,6,88229436,2024-05-21,6,06:00,0.0,0.73879737,0.18060379,1.5130293
20001_0310_1,6,88229436,2024-05-21,7,07:00,0.46403952439626056,0.78064775,0.11443494,1.6018201
20001_0310_1,6,88229436,2024-05-21,8,08:00,1.8671907424926757,0.7337075,0.05279046,1.5345201
20001_0310_1,6,88229436,2024-05-21,9,09:00,0.0,0.7144789,0.05392156,1.5062429
20001_0310_1,6,88229436,2024-05-21,10,10:00,2.0,0.63134366,0.0,1.427632
20001_0310_1,6,88229436,2024-05-21,11,11:00,2.1041667461395264,0.60504586,0.0,1.4347014
20001_0310_1,6,88229436,2024-05-21,12,12:00,1.2351020574569702,0.659621,0.011505574,1.4853176
20001_0310_1,6,88229436,2024-05-21,13,13:00,0.4545454680919647,0.69355375,0.053355984,1.513595
20001_0310_1,6,88229436,2024-05-21,14,14:00,0.4761904875437419,0.5374631,0.0,1.3139573
20001_0310_1,6,88229436,2024-05-21,15,15:00,0.0,0.45927638,0.0,1.207069
20001_0310_1,6,88229436,2024-05-21,16,16:00,0.7498780250549316,0.4757479,0.0,1.2125126
20001_0310_1,6,88229436,2024-05-21,17,17:00,1.3596491813659668,0.50522697,0.0,1.2475057
20001_0310_1,6,88229436,2024-05-21,18,18:00,0.3333333253860474,0.5527328,0.048266005,1.2969909
20001_0310_1,6,88229436,2024-05-21,19,19:00,0.375,0.40767035,0.0064157257,1.1160163
20001_0310_1,6,88229436,2024-05-21,20,20:00,0.8333333333333334,0.17212059,0.0,0.80100733
20001_0310_1,6,88229436,2024-05-21,21,21:00,0.0,0.0646669,0.0,0.5776168
20001_0310_1,6,88229436,2024-05-21,22,22:00,,0.02168544,0.0,0.4505104
20001_0310_1,6,88229436,2024-05-21,23,23:00,,0.0,0.0,0.35959896
20001_0310_1,6,88229436,2024-05-22,0,00:00,,0.0,0.0,0.29058537
20001_0310_1,6,88229436,2024-05-22,1,01:00,,0.0,0.0,0.30099508
20001_0310_1,6,88229436,2024-05-22,2,02:00,,0.0,0.0,0.3073566
20001_0310_1,6,88229436,2024-05-22,3,03:00,,0.0,0.0,0.40162238
20001_0310_1,6,88229436,2024-05-22,4,04:00,,0.032655653,0.0,0.59420216
20001_0310_1,6,88229436,2024-05-22,5,05:00,1.2992467880249023,0.3247061,0.0,1.0210006
20001_0310_1,6,88229436,2024-05-22,6,06:00,1.0068230628967285,0.64393747,0.07255954,1.4558955
20001_0310_1,6,88229436,2024-05-22,7,07:00,1.6790289878845215,0.7156489,0.028029092,1.5871738
20001_0310_1,6,88229436,2024-05-22,8,08:00,0.630380392074585,0.7162273,0.0101013165,1.5634627
20001_0310_1,6,88229436,2024-05-22,9,09:00,1.332818865776062,0.6803716,0.00026987493,1.5212457
20001_0310_1,6,88229436,2024-05-22,10,10:00,1.1379629770914714,0.6213832,0.0,1.4634138
20001_0310_1,6,88229436,2024-05-22,11,11:00,0.9166666865348816,0.61849153,0.0,1.4848114
20001_0310_1,6,88229436,2024-05-22,12,12:00,0.0,0.6526123,0.0014265245,1.514306
20001_0310_1,6,88229436,2024-05-22,13,13:00,1.9202427864074707,0.6491423,0.0054747183,1.5010045
20001_0310_1,6,88229436,2024-05-22,14,14:00,0.0,0.5250932,0.0,1.3460153
20001_0310_1,6,88229436,2024-05-22,15,15:00,0.625,0.46870723,0.0,1.266569
20001_0310_1,6,88229436,2024-05-22,16,16:00,1.5630269050598145,0.4880809,0.0,1.2901353
20001_0310_1,6,88229436,2024-05-22,17,17:00,1.1566858291625977,0.5271173,0.0,1.3322803
20001_0310_1,6,88229436,2024-05-22,18,18:00,0.3636363744735718,0.5385391,0.0038844119,1.3548347
20001_0310_1,6,88229436,2024-05-22,19,19:00,0.5416666984558105,0.40234527,0.0,1.1778693
20001_0310_1,6,88229436,2024-05-22,20,20:00,0.0,0.20325941,0.0,0.88567436
20001_0310_1,6,88229436,2024-05-22,21,21:00,0.0,0.06272818,0.0,0.6179132
20001_0310_1,6,88229436,2024-05-22,22,22:00,0.0,0.008366316,0.0,0.47449043
20001_0310_1,6,88229436,2024-05-22,23,23:00,,0.010679589,0.0,0.40856218
20001_0310_1,6,88229436,2024-05-23,0,00:00,,0.0,0.0,0.25409675
20001_0310_1,6,88229436,2024-05-23,1,01:00,,0.004571292,0.0,0.29337385
20001_0310_1,6,88229436,2024-05-23,2,02:00,,0.0,0.0,0.31532285
20001_0310_1,6,88229436,2024-05-23,3,03:00,,0.0,0.0,0.39734277
20001_0310_1,6,88229436,2024-05-23,4,04:00,,0.0068817004,0.0,0.5798661
20001_0310_1,6,88229436,2024-05-23,5,05:00,0.0,0.36846253,0.0,1.0799278
20001_0310_1,6,88229436,2024-05-23,6,06:00,0.0,0.7912696,0.1899826,1.6218659
20001_0310_1,6,88229436,2024-05-23,7,07:00,1.0202454725901287,0.7912696,0.08197039,1.6796263
20001_0310_1,6,88229436,2024-05-23,8,08:00,1.8115043640136719,0.79126954,0.0669526,1.6634533
20001_0310_1,6,88229436,2024-05-23,9,09:00,0.0,0.7508372,0.04384847,1.6126242
20001_0310_1,6,88229436,2024-05-23,10,10:00,0.0,0.72137934,0.021899419,1.5883647
20001_0310_1,6,88229436,2024-05-23,11,11:00,0.0,0.73581946,0.028830724,1.633418
20001_0310_1,6,88229436,2024-05-23,12,12:00,0.5,0.746794,0.060599,1.6467029
20001_0310_1,6,88229436,2024-05-23,13,13:00,1.1333333651224773,0.7831831,0.112005845,1.6692295
20001_0310_1,6,88229436,2024-05-23,14,14:00,1.138888915379842,0.54347694,0.0,1.3833148
20001_0310_1,6,88229436,2024-05-23,15,15:00,0.4523809353510539,0.4709153,0.0,1.279346
20001_0310_1,6,88229436,2024-05-23,16,16:00,1.4499390125274658,0.5608051,0.0,1.3515466
20001_0310_1,6,88229436,2024-05-23,17,17:00,1.1297650337219238,0.6278073,0.06695266,1.4069966
20001_0310_1,6,88229436,2024-05-23,18,18:00,0.6002710262934366,0.5766892,0.04991322,1.3495249
20001_0310_1,6,88229436,2024-05-23,19,19:00,0.0,0.40109724,0.0,1.1170388
20001_0310_1,6,88229436,2024-05-23,20,20:00,0.8851852416992188,0.19980185,0.0,0.82246023
20001_0310_1,6,88229436,2024-05-23,21,21:00,0.3733333349227905,0.0958329,0.0,0.59112936
20001_0310_1,6,88229436,2024-05-23,22,22:00,0.0,0.027675493,0.0,0.43936357
20001_0310_1,6,88229436,2024-05-23,23,23:00,,0.017278602,0.0,0.3719282
20001_0310_1,6,88229436,2024-05-24,0,00:00,,0.0,0.0,0.256792
20001_0310_1,6,88229436,2024-05-24,1,01:00,,0.0033202558,0.0,0.26998174
20001_0310_1,6,88229436,2024-05-24,2,02:00,,0.0,0.0,0.25908586
20001_0310_1,6,88229436,2024-05-24,3,03:00,,0.0,0.0,0.344819
20001_0310_1,6,88229436,2024-05-24,4,04:00,,0.0,0.0,0.46252275
20001_0310_1,6,88229436,2024-05-24,5,05:00,0.6851189136505127,0.27456945,0.0,0.90538144
20001_0310_1,6,88229436,2024-05-24,6,06:00,1.9570989608764648,0.67943615,0.15987635,1.4358371
20001_0310_1,6,88229436,2024-05-24,7,07:00,1.0969887971878052,0.57563883,0.0,1.3971282
20001_0310_1,6,88229436,2024-05-24,8,08:00,0.8173569440841675,0.62725073,0.0,1.4301026
20001_0310_1,6,88229436,2024-05-24,9,09:00,0.6528317928314209,0.5071097,0.0,1.301933
20001_0310_1,6,88229436,2024-05-24,10,10:00,0.0,0.45858017,0.0,1.2567726
20001_0310_1,6,88229436,2024-05-24,11,11:00,0.5069033702214559,0.5828072,0.0,1.4120383
20001_0310_1,6,88229436,2024-05-24,12,12:00,1.5928572018941243,0.6235232,0.021957843,1.452181
20001_0310_1,6,88229436,2024-05-24,13,13:00,2.1640211741129556,0.75456005,0.16618443,1.588379
20001_0310_1,6,88229436,2024-05-24,14,14:00,0.4359503984451294,0.47664437,0.0,1.2701774
20001_0310_1,6,88229436,2024-05-24,15,15:00,2.5999999046325684,0.41535524,0.0,1.174337
20001_0310_1,6,88229436,2024-05-24,16,16:00,0.6104914546012878,0.5063929,0.0077645713,1.2407155
20001_0310_1,6,88229436,2024-05-24,17,17:00,0.0,0.5426645,0.035147563,1.2646577
20001_0310_1,6,88229436,2024-05-24,18,18:00,0.6127822399139404,0.5148515,0.03027319,1.2311101
20001_0310_1,6,88229436,2024-05-24,19,19:00,0.5992709398269653,0.40331244,0.005614107,1.0630846
20001_0310_1,6,88229436,2024-05-24,20,20:00,0.0,0.21779636,0.0,0.78380686
20001_0310_1,6,88229436,2024-05-24,21,21:00,0.0,0.14209889,0.0,0.58051336
20001_0310_1,6,88229436,2024-05-24,22,22:00,0.0,0.02855273,0.0,0.3865386
20001_0310_1,6,88229436,2024-05-24,23,23:00,,0.0113487495,0.0,0.31299162
20001_0310_1,6,88229436,2024-05-25,0,00:00,,0.0,0.0,0.25553983
20001_0310_1,6,88229436,2024-05-25,1,01:00,,0.0057163853,0.0,0.2780892
20001_0310_1,6,88229436,2024-05-25,2,02:00,,0.0,0.0,0.2863969
20001_0310_1,6,88229436,2024-05-25,3,03:00,,0.0,0.0,0.3670999
20001_0310_1,6,88229436,2024-05-25,4,04:00,,0.0,0.0,0.53058296
20001_0310_1,6,88229436,2024-05-25,5,05:00,,0.28521007,0.0,0.9625817
20001_0310_1,6,88229436,2024-05-25,6,06:00,,0.62997824,0.07870519,1.4399757
20001_0310_1,6,88229436,2024-05-25,7,07:00,,0.6353189,0.0,1.5218657
20001_0310_1,6,88229436,2024-05-25,8,08:00,,0.73204386,0.028859178,1.6013819
20001_0310_1,6,88229436,2024-05-25,9,09:00,,0.65727484,0.0,1.5266129
20001_0310_1,6,88229436,2024-05-25,10,10:00,,0.5566928,0.0,1.4304812
20001_0310_1,6,88229436,2024-05-25,11,11:00,,0.6100992,0.0,1.5150416
20001_0310_1,6,88229436,2024-05-25,12,12:00,,0.69169235,0.028265756,1.5853599
20001_0310_1,6,88229436,2024-05-25,13,13:00,,0.7712086,0.12321062,1.6636895
20001_0310_1,6,88229436,2024-05-25,14,14:00,,0.5848795,0.0,1.4281077
20001_0310_1,6,88229436,2024-05-25,15,15:00,,0.49126986,0.0,1.2987454
20001_0310_1,6,88229436,2024-05-25,16,16:00,,0.51752806,0.0,1.3132838
20001_0310_1,6,88229436,2024-05-25,17,17:00,,0.550462,0.0034911712,1.3422124
20001_0310_1,6,88229436,2024-05-25,18,18:00,,0.5715279,0.055117346,1.3629816
20001_0310_1,6,88229436,2024-05-25,19,19:00,,0.41976458,0.0051229894,1.1622624
20001_0310_1,6,88229436,2024-05-25,20,20:00,,0.21993554,0.0,0.868527
20001_0310_1,6,88229436,2024-05-25,21,21:00,,0.093540326,0.0,0.6071322
20001_0310_1,6,88229436,2024-05-25,22,22:00,,0.031826213,0.0,0.449509
20001_0310_1,6,88229436,2024-05-25,23,23:00,,0.028265797,0.0,0.37837467
20001_0310_1,6,88229436,2024-05-26,0,00:00,,0.0,0.0,0.21207494
20001_0310_1,6,88229436,2024-05-26,1,01:00,,0.0,0.0,0.23441781
20001_0310_1,6,88229436,2024-05-26,2,02:00,,0.0,0.0,0.23040752
20001_0310_1,6,88229436,2024-05-26,3,03:00,,0.0,0.0,0.2894157
20001_0310_1,6,88229436,2024-05-26,4,04:00,,0.0,0.0,0.447821
20001_0310_1,6,88229436,2024-05-26,5,05:00,,0.31691462,0.0,0.9313441
20001_0310_1,6,88229436,2024-05-26,6,06:00,,0.76835555,0.24358414,1.5085354
20001_0310_1,6,88229436,2024-05-26,7,07:00,,0.73398185,0.10551646,1.5343156
20001_0310_1,6,88229436,2024-05-26,8,08:00,,0.8393945,0.20118988,1.6231143
20001_0310_1,6,88229436,2024-05-26,9,09:00,,0.6875774,0.07114281,1.4609852
20001_0310_1,6,88229436,2024-05-26,10,10:00,,0.58015966,0.0,1.3455468
20001_0310_1,6,88229436,2024-05-26,11,11:00,,0.5907582,0.0,1.3850765
20001_0310_1,6,88229436,2024-05-26,12,12:00,,0.68414,0.07515307,1.4787449
20001_0310_1,6,88229436,2024-05-26,13,13:00,,0.8393945,0.23670939,1.641447
20001_0310_1,6,88229436,2024-05-26,14,14:00,,0.556671,0.0,1.3197665
20001_0310_1,6,88229436,2024-05-26,15,15:00,,0.42633748,0.0,1.1464659
20001_0310_1,6,88229436,2024-05-26,16,16:00,,0.48821008,0.0,1.1899344
20001_0310_1,6,88229436,2024-05-26,17,17:00,,0.55437946,0.038201377,1.2447174
20001_0310_1,6,88229436,2024-05-26,18,18:00,,0.5770088,0.08832966,1.254743
20001_0310_1,6,88229436,2024-05-26,19,19:00,,0.4354322,0.034549188,1.0531558
20001_0310_1,6,88229436,2024-05-26,20,20:00,,0.20921044,0.0,0.7305445
20001_0310_1,6,88229436,2024-05-26,21,21:00,,0.11869307,0.0,0.517571
20001_0310_1,6,88229436,2024-05-26,22,22:00,,0.06025783,0.0,0.38372844
20001_0310_1,6,88229436,2024-05-26,23,23:00,,0.036196247,0.0,0.31949267
20001_0310_1,6,88229436,2024-05-27,0,00:00,,0.0,0.0,0.24537237
20001_0310_1,6,88229436,2024-05-27,1,01:00,,0.008645388,0.0,0.2619948
20001_0310_1,6,88229436,2024-05-27,2,02:00,,0.0,0.0,0.27403176
20001_0310_1,6,88229436,2024-05-27,3,03:00,,0.0,0.0,0.35370505
20001_0310_1,6,88229436,2024-05-27,4,04:00,,0.023548294,0.0,0.5471562
20001_0310_1,6,88229436,2024-05-27,5,05:00,1.4303604364395142,0.33393002,0.0,0.99195063
20001_0310_1,6,88229436,2024-05-27,6,06:00,0.654266357421875,0.7113748,0.12328314,1.4851797
20001_0310_1,6,88229436,2024-05-27,7,07:00,2.2737879753112793,0.8202807,0.11869765,1.6491117
20001_0310_1,6,88229436,2024-05-27,8,08:00,1.3490434646606446,0.81684154,0.09691643,1.628477
20001_0310_1,6,88229436,2024-05-27,9,09:00,1.5600641965866089,0.7492053,0.05450049,1.5367666
20001_0310_1,6,88229436,2024-05-27,10,10:00,0.5791147152582804,0.7171067,0.035585262,1.504095
20001_0310_1,6,88229436,2024-05-27,11,11:00,1.0387070178985596,0.71653354,0.028706947,1.525876
20001_0310_1,6,88229436,2024-05-27,12,12:00,2.2358543078104653,0.745193,0.06883023,1.564853
20001_0310_1,6,88229436,2024-05-27,13,13:00,0.9115444819132487,0.7732792,0.09806282,1.5986712
20001_0310_1,6,88229436,2024-05-27,14,14:00,0.0,0.5924381,0.0,1.3926098
20001_0310_1,6,88229436,2024-05-27,15,15:00,0.0,0.5076062,0.0,1.2782587
20001_0310_1,6,88229436,2024-05-27,16,16:00,0.0,0.56635803,0.0,1.3258332
20001_0310_1,6,88229436,2024-05-27,17,17:00,0.7086222767829895,0.58097434,0.0,1.3352908
20001_0310_1,6,88229436,2024-05-27,18,18:00,0.4913012504577637,0.57065696,0.011081425,1.3236837
20001_0310_1,6,88229436,2024-05-27,19,19:00,0.526951789855957,0.4443405,0.0,1.145637
20001_0310_1,6,88229436,2024-05-27,20,20:00,0.0,0.24823831,0.0,0.857538
20001_0310_1,6,88229436,2024-05-27,21,21:00,0.0,0.10723386,0.0,0.58613306
20001_0310_1,6,88229436,2024-05-27,22,22:00,0.0,0.04074394,0.0,0.43352157
20001_0310_1,6,88229436,2024-05-27,23,23:00,,0.026987435,0.0,0.3554246
20001_0310_1,6,88229436,2024-05-28,0,00:00,,0.0,0.0,0.24658753
20001_0310_1,6,88229436,2024-05-28,1,01:00,,0.0037550088,0.0,0.2709302
20001_0310_1,6,88229436,2024-05-28,2,02:00,,0.0,0.0,0.27271134
20001_0310_1,6,88229436,2024-05-28,3,03:00,,0.0,0.0,0.37601906
20001_0310_1,6,88229436,2024-05-28,4,04:00,,0.050065376,0.0,0.58500946
20001_0310_1,6,88229436,2024-05-28,5,05:00,1.034264087677002,0.33861452,0.0,1.0148646
20001_0310_1,6,88229436,2024-05-28,6,06:00,1.7129863500595093,0.67881763,0.09459461,1.4755932
20001_0310_1,6,88229436,2024-05-28,7,07:00,0.5422306537628174,0.81240517,0.10231295,1.6792401
20001_0310_1,6,88229436,2024-05-28,8,08:00,1.3654220898946126,0.8219048,0.09043852,1.673303
20001_0310_1,6,88229436,2024-05-28,9,09:00,0.0,0.71325356,0.0013801828,1.5593083
20001_0310_1,6,88229436,2024-05-28,10,10:00,0.48419487476348877,0.6538812,0.0,1.4939986
20001_0310_1,6,88229436,2024-05-28,11,11:00,1.20679505666097,0.6645683,0.0,1.5373404
20001_0310_1,6,88229436,2024-05-28,12,12:00,1.0615123112996419,0.725128,0.04056578,1.5949315
20001_0310_1,6,88229436,2024-05-28,13,13:00,0.8065481185913086,0.7500643,0.06609593,1.6192741
20001_0310_1,6,88229436,2024-05-28,14,14:00,0.0,0.5648228,0.0,1.3966281
20001_0310_1,6,88229436,2024-05-28,15,15:00,0.0,0.49877116,0.0,1.3044528
20001_0310_1,6,88229436,2024-05-28,16,16:00,0.33816784620285034,0.58115023,0.002270691,1.3725823
20001_0310_1,6,88229436,2024-05-28,17,17:00,0.0,0.6057897,0.029878752,1.396628
20001_0310_1,6,88229436,2024-05-28,18,18:00,0.9048820495605469,0.549683,0.018301267,1.3458649
20001_0310_1,6,88229436,2024-05-28,19,19:00,0.32304975390434265,0.39991638,0.0,1.1545378
20001_0310_1,6,88229436,2024-05-28,20,20:00,0.0,0.21037048,0.0,0.86702776
20001_0310_1,6,88229436,2024-05-28,21,21:00,0.0,0.06550215,0.0,0.58946234
20001_0310_1,6,88229436,2024-05-28,22,22:00,0.0,0.009692252,0.0,0.4333133
20001_0310_1,6,88229436,2024-05-28,23,23:00,,0.010879679,0.0,0.35939482
20001_0310_1,6,88229436,2024-05-29,0,00:00,,0.0,0.0,0.2516536
20001_0310_1,6,88229436,2024-05-29,1,01:00,,0.0,0.0,0.25222272
20001_0310_1,6,88229436,2024-05-29,2,02:00,,0.0,0.0,0.26360497
20001_0310_1,6,88229436,2024-05-29,3,03:00,,0.0,0.0,0.3623462
20001_0310_1,6,88229436,2024-05-29,4,04:00,,0.044496145,0.0,0.5743411
20001_0310_1,6,88229436,2024-05-29,5,05:00,0.0,0.36604545,0.0,1.036177
20001_0310_1,6,88229436,2024-05-29,6,06:00,0.34177958965301514,0.6813345,0.09400906,1.4655733
20001_0310_1,6,88229436,2024-05-29,7,07:00,0.6256507396697998,0.7968646,0.09116347,1.633462
20001_0310_1,6,88229436,2024-05-29,8,08:00,0.33147066831588745,0.8002793,0.08205767,1.6061444
20001_0310_1,6,88229436,2024-05-29,9,09:00,0.8773485422134399,0.70125353,0.010918463,1.483785
20001_0310_1,6,88229436,2024-05-29,10,10:00,0.0,0.61958563,0.0,1.3998406
20001_0310_1,6,88229436,2024-05-29,11,11:00,0.5105369091033936,0.6403583,0.0,1.4547602
20001_0310_1,6,88229436,2024-05-29,12,12:00,1.4400043487548828,0.70409906,0.04335787,1.5150862
20001_0310_1,6,88229436,2024-05-29,13,13:00,0.0,0.72515625,0.06669158,1.5338671
20001_0310_1,6,88229436,2024-05-29,14,14:00,0.6623889207839966,0.5894226,0.0,1.364271
20001_0310_1,6,88229436,2024-05-29,15,15:00,0.49540992577870685,0.5448895,0.0,1.2989653
20001_0310_1,6,88229436,2024-05-29,16,16:00,2.4879307746887207,0.5817396,0.02628455,1.3261405
20001_0310_1,6,88229436,2024-05-29,17,17:00,0.0,0.5874307,0.03339839,1.3389455
20001_0310_1,6,88229436,2024-05-29,18,18:00,0.0,0.54104793,0.025644256,1.3061504
20001_0310_1,6,88229436,2024-05-29,19,19:00,0.6791204810142517,0.37714314,0.0,1.1070316
20001_0310_1,6,88229436,2024-05-29,20,20:00,0.0,0.19018929,0.0,0.82588947
20001_0310_1,6,88229436,2024-05-29,21,21:00,0.0,0.0547402,0.0,0.5618206
20001_0310_1,6,88229436,2024-05-29,22,22:00,0.0,0.010349314,0.0,0.41925758
20001_0310_1,6,88229436,2024-05-29,23,23:00,,0.019455124,0.0,0.35153306
20001_0310_1,6,88229436,2024-05-30,0,00:00,,0.0,0.0,0.26021
20001_0310_1,6,88229436,2024-05-30,1,01:00,,0.0,0.0,0.25239593
20001_0310_1,6,88229436,2024-05-30,2,02:00,,0.0,0.0,0.2669078
20001_0310_1,6,88229436,2024-05-30,3,03:00,,0.0,0.0,0.37044463
20001_0310_1,6,88229436,2024-05-30,4,04:00,,0.040298924,0.0,0.55323887
20001_0310_1,6,88229436,2024-05-30,5,05:00,,0.29035014,0.0,0.9230133
20001_0310_1,6,88229436,2024-05-30,6,06:00,,0.5602157,0.032205723,1.2992064
20001_0310_1,6,88229436,2024-05-30,7,07:00,,0.6810552,0.04029887,1.4713955
20001_0310_1,6,88229436,2024-05-30,8,08:00,,0.6687759,0.003461041,1.4245111
20001_0310_1,6,88229436,2024-05-30,9,09:00,,0.5920302,0.0,1.3360442
20001_0310_1,6,88229436,2024-05-30,10,10:00,,0.54737824,0.0,1.2863687
20001_0310_1,6,88229436,2024-05-30,11,11:00,,0.58309984,0.0,1.3659052
20001_0310_1,6,88229436,2024-05-30,12,12:00,,0.64142656,0.019089263,1.4155806
20001_0310_1,6,88229436,2024-05-30,13,13:00,,0.6285891,0.016856644,1.4033014
20001_0310_1,6,88229436,2024-05-30,14,14:00,,0.52798253,0.0,1.2643219
20001_0310_1,6,88229436,2024-05-30,15,15:00,,0.48626077,0.0,1.1959485
20001_0310_1,6,88229436,2024-05-30,16,16:00,,0.49993545,0.0,1.2080884
20001_0310_1,6,88229436,2024-05-30,17,17:00,,0.4927493,0.0,1.2000649
20001_0310_1,6,88229436,2024-05-30,18,18:00,,0.46909767,0.0,1.1970648
20001_0310_1,6,88229436,2024-05-30,19,19:00,,0.33611843,0.0,1.0357594
20001_0310_1,6,88229436,2024-05-30,20,20:00,,0.17760384,0.0,0.80161554
20001_0310_1,6,88229436,2024-05-30,21,21:00,,0.053694524,0.0,0.5571459
20001_0310_1,6,88229436,2024-05-30,22,22:00,,0.009042508,0.0,0.4244457
20001_0310_1,6,88229436,2024-05-30,23,23:00,,0.028019616,0.0,0.37407264
20001_0310_1,6,88229436,2024-05-31,0,00:00,,0.0,0.0,0.25410426
20001_0310_1,6,88229436,2024-05-31,1,01:00,,0.0051599136,0.0,0.24258925
20001_0310_1,6,88229436,2024-05-31,2,02:00,,0.0,0.0,0.24204087
20001_0310_1,6,88229436,2024-05-31,3,03:00,,0.0,0.0,0.3338871
20001_0310_1,6,88229436,2024-05-31,4,04:00,,0.042446733,0.0,0.51648283
20001_0310_1,6,88229436,2024-05-31,5,05:00,,0.35554636,0.0,0.9532322
20001_0310_1,6,88229436,2024-05-31,6,06:00,,0.67083937,0.12853542,1.3787405
20001_0310_1,6,88229436,2024-05-31,7,07:00,,0.7338979,0.08466855,1.4949877
20001_0310_1,6,88229436,2024-05-31,8,08:00,,0.7328013,0.0682185,1.4664743
20001_0310_1,6,88229436,2024-05-31,9,09:00,,0.6176508,0.0,1.3365188
20001_0310_1,6,88229436,2024-05-31,10,10:00,,0.52155495,0.0,1.2390522
20001_0310_1,6,88229436,2024-05-31,11,11:00,,0.5957174,0.0,1.3398088
20001_0310_1,6,88229436,2024-05-31,12,12:00,,0.68619275,0.061090212,1.4264458
20001_0310_1,6,88229436,2024-05-31,13,13:00,,0.69057935,0.08521685,1.4231557
20001_0310_1,6,88229436,2024-05-31,14,14:00,,0.5803639,0.015029924,1.2707185
20001_0310_1,6,88229436,2024-05-31,15,15:00,,0.5373196,0.015852455,1.201354
20001_0310_1,6,88229436,2024-05-31,16,16:00,,0.5204583,0.0077644917,1.180106
20001_0310_1,6,88229436,2024-05-31,17,17:00,,0.49287012,0.0,1.1570415
20001_0310_1,6,88229436,2024-05-31,18,18:00,,0.4982507,0.0119455615,1.1788037
20001_0310_1,6,88229436,2024-05-31,19,19:00,,0.37364143,0.0,1.0151942
20001_0310_1,6,88229436,2024-05-31,20,20:00,,0.21243078,0.0,0.77721643
20001_0310_1,6,88229436,2024-05-31,21,21:00,,0.09947363,0.0,0.5488347
20001_0310_1,6,88229436,2024-05-31,22,22:00,,0.025996655,0.0,0.397494
20001_0310_1,6,88229436,2024-05-31,23,23:00,,0.019416627,0.0,0.32401705
20001_0310_1,7,44783484,2024-05-01,0,00:00,,0.0038210829,0.0,0.08677753
20001_0310_1,7,44783484,2024-05-01,1,01:00,,0.0015756431,0.0,0.09738098
20001_0310_1,7,44783484,2024-05-01,2,02:00,,0.0,0.0,0.10935666
20001_0310_1,7,44783484,2024-05-01,3,03:00,,0.0,0.0,0.13776769
20001_0310_1,7,44783484,2024-05-01,4,04:00,,0.0,0.0,0.18595104
20001_0310_1,7,44783484,2024-05-01,5,05:00,,0.030017858,0.0,0.2735231
20001_0310_1,7,44783484,2024-05-01,6,06:00,,0.0990027,0.0,0.39959505
20001_0310_1,7,44783484,2024-05-01,7,07:00,,0.12170657,0.0,0.4676287
20001_0310_1,7,44783484,2024-05-01,8,08:00,,0.1708567,0.0,0.52650905
20001_0310_1,7,44783484,2024-05-01,9,09:00,,0.19168937,0.01904018,0.5507099
20001_0310_1,7,44783484,2024-05-01,10,10:00,,0.07367915,0.0,0.42094234
20001_0310_1,7,44783484,2024-05-01,11,11:00,,0.01679472,0.0,0.35835072
20001_0310_1,7,44783484,2024-05-01,12,12:00,,0.05222274,0.0,0.3783102
20001_0310_1,7,44783484,2024-05-01,13,13:00,,0.052596983,0.0,0.36702064
20001_0310_1,7,44783484,2024-05-01,14,14:00,,0.040496565,0.0,0.34431675
20001_0310_1,7,44783484,2024-05-01,15,15:00,,0.034758225,0.0,0.33464888
20001_0310_1,7,44783484,2024-05-01,16,16:00,,0.046484403,0.0,0.3494937
20001_0310_1,7,44783484,2024-05-01,17,17:00,,0.0798541,0.0,0.38074273
20001_0310_1,7,44783484,2024-05-01,18,18:00,,0.10355594,0.0,0.39150208
20001_0310_1,7,44783484,2024-05-01,19,19:00,,0.047981355,0.0,0.3070799
20001_0310_1,7,44783484,2024-05-01,20,20:00,,0.0030726013,0.0,0.20915389
20001_0310_1,7,44783484,2024-05-01,21,21:00,,0.0,0.0,0.1414789
20001_0310_1,7,44783484,2024-05-01,22,22:00,,0.0,0.0,0.11013632
20001_0310_1,7,44783484,2024-05-01,23,23:00,,0.0008271665,0.0008271665,0.09669489
20001_0310_1,7,44783484,2024-05-02,0,00:00,,0.0012595387,0.0,0.08390326
20001_0310_1,7,44783484,2024-05-02,1,01:00,,0.0024948677,0.0,0.091438785
20001_0310_1,7,44783484,2024-05-02,2,02:00,,0.004718469,0.0,0.10712751
20001_0310_1,7,44783484,2024-05-02,3,03:00,,0.0027419394,0.0,0.13452101
20001_0310_1,7,44783484,2024-05-02,4,04:00,,0.0027419345,0.0,0.1784062
20001_0310_1,7,44783484,2024-05-02,5,05:00,,0.041531373,0.0,0.2725385
20001_0310_1,7,44783484,2024-05-02,6,06:00,,0.12096324,0.0,0.40990746
20001_0310_1,7,44783484,2024-05-02,7,07:00,,0.13226652,0.0,0.46846217
20001_0310_1,7,44783484,2024-05-02,8,08:00,,0.18254456,0.0,0.5316495
20001_0310_1,7,44783484,2024-05-02,9,09:00,,0.20817769,0.010524526,0.56024736
20001_0310_1,7,44783484,2024-05-02,10,10:00,,0.09718309,0.0,0.43794945
20001_0310_1,7,44783484,2024-05-02,11,11:00,,0.04560797,0.0,0.37420636
20001_0310_1,7,44783484,2024-05-02,12,12:00,,0.06944988,0.0,0.37825203
20001_0310_1,7,44783484,2024-05-02,13,13:00,,0.061296687,0.0,0.35320568
20001_0310_1,7,44783484,2024-05-02,14,14:00,,0.056973025,0.0,0.33949348
20001_0310_1,7,44783484,2024-05-02,15,15:00,,0.053637628,0.0,0.3281285
20001_0310_1,7,44783484,2024-05-02,16,16:00,,0.07599714,0.0,0.34965408
20001_0310_1,7,44783484,2024-05-02,17,17:00,,0.12516336,0.0,0.39526874
20001_0310_1,7,44783484,2024-05-02,18,18:00,,0.15637095,0.027309623,0.41545096
20001_0310_1,7,44783484,2024-05-02,19,19:00,,0.08927696,0.0,0.3234033
20001_0310_1,7,44783484,2024-05-02,20,20:00,,0.026213251,0.0,0.21324253
20001_0310_1,7,44783484,2024-05-02,21,21:00,,0.01311873,0.0,0.14980823
20001_0310_1,7,44783484,2024-05-02,22,22:00,,0.0074361986,0.0,0.11401451
20001_0310_1,7,44783484,2024-05-02,23,23:00,,0.0010124719,0.0,0.09428006
20001_0310_1,7,44783484,2024-05-03,0,00:00,,0.0,0.0,0.06427597
20001_0310_1,7,44783484,2024-05-03,1,01:00,,0.01031733,0.0,0.08073582
20001_0310_1,7,44783484,2024-05-03,2,02:00,,0.003881895,0.0,0.08779006
20001_0310_1,7,44783484,2024-05-03,3,03:00,,0.0031393468,0.0,0.11712077
20001_0310_1,7,44783484,2024-05-03,4,04:00,,0.0,0.0,0.15938425
20001_0310_1,7,44783484,2024-05-03,5,05:00,,0.06353341,0.0,0.28320447
20001_0310_1,7,44783484,2024-05-03,6,06:00,,0.27318004,0.099083,0.55683416
20001_0310_1,7,44783484,2024-05-03,7,07:00,,0.23456745,0.016505262,0.5657448
20001_0310_1,7,44783484,2024-05-03,8,08:00,,0.35832578,0.12757838,0.7073243
20001_0310_1,7,44783484,2024-05-03,9,09:00,,0.42466027,0.20350406,0.77217364
20001_0310_1,7,44783484,2024-05-03,10,10:00,,0.1476891,0.0,0.4788664
20001_0310_1,7,44783484,2024-05-03,11,11:00,,0.0662561,0.0,0.37886965
20001_0310_1,7,44783484,2024-05-03,12,12:00,,0.14131553,0.0,0.43449903
20001_0310_1,7,44783484,2024-05-03,13,13:00,,0.1292491,0.0,0.40541583
20001_0310_1,7,44783484,2024-05-03,14,14:00,,0.113469906,0.0,0.3786531
20001_0310_1,7,44783484,2024-05-03,15,15:00,,0.077889375,0.0,0.34019518
20001_0310_1,7,44783484,2024-05-03,16,16:00,,0.07863193,0.0,0.33939078
20001_0310_1,7,44783484,2024-05-03,17,17:00,,0.16922304,0.010317335,0.42763045
20001_0310_1,7,44783484,2024-05-03,18,18:00,,0.30139694,0.14595647,0.5454484
20001_0310_1,7,44783484,2024-05-03,19,19:00,,0.122225806,0.0,0.33626586
20001_0310_1,7,44783484,2024-05-03,20,20:00,,0.02219813,0.0,0.18654922
20001_0310_1,7,44783484,2024-05-03,21,21:00,,0.02269316,0.0,0.13407567
20001_0310_1,7,44783484,2024-05-03,22,22:00,,0.011554914,0.0,0.09849513
20001_0310_1,7,44783484,2024-05-03,23,23:00,,0.0,0.0,0.07269154
20001_0310_1,7,44783484,2024-05-04,0,00:00,,0.0041166833,0.0,0.06138499
20001_0310_1,7,44783484,2024-05-04,1,01:00,,0.0036292933,0.0,0.06284717
20001_0310_1,7,44783484,2024-05-04,2,02:00,,0.0,0.0,0.05992282
20001_0310_1,7,44783484,2024-05-04,3,03:00,,0.006797326,0.0,0.098914005
20001_0310_1,7,44783484,2024-05-04,4,04:00,,0.005578853,0.0,0.13705225
20001_0310_1,7,44783484,2024-05-04,5,05:00,,0.08660741,0.0,0.27205923
20001_0310_1,7,44783484,2024-05-04,6,06:00,,0.29898754,0.13049535,0.54024553
20001_0310_1,7,44783484,2024-05-04,7,07:00,,0.32823095,0.12389273,0.604581
20001_0310_1,7,44783484,2024-05-04,8,08:00,,0.33018047,0.12054191,0.60848004
20001_0310_1,7,44783484,2024-05-04,9,09:00,,0.3472391,0.15267915,0.6167657
20001_0310_1,7,44783484,2024-05-04,10,10:00,,0.16733135,0.0,0.414438
20001_0310_1,7,44783484,2024-05-04,11,11:00,,0.10902735,0.0,0.33980644
20001_0310_1,7,44783484,2024-05-04,12,12:00,,0.19078697,0.05102793,0.40730992
20001_0310_1,7,44783484,2024-05-04,13,13:00,,0.15057732,0.019103926,0.358571
20001_0310_1,7,44783484,2024-05-04,14,14:00,,0.14594711,0.0149001805,0.3490059
20001_0310_1,7,44783484,2024-05-04,15,15:00,,0.1327876,0.0,0.3394409
20001_0310_1,7,44783484,2024-05-04,16,16:00,,0.15167394,0.0016797335,0.36649102
20001_0310_1,7,44783484,2024-05-04,17,17:00,,0.24513096,0.08319569,0.46470013
20001_0310_1,7,44783484,2024-05-04,18,18:00,,0.30337405,0.14460678,0.51831293
20001_0310_1,7,44783484,2024-05-04,19,19:00,,0.14408894,0.016849741,0.33414054
20001_0310_1,7,44783484,2024-05-04,20,20:00,,0.030923124,0.0,0.1820749
20001_0310_1,7,44783484,2024-05-04,21,21:00,,0.024830755,0.0,0.1347981
20001_0310_1,7,44783484,2024-05-04,22,22:00,,0.014839257,0.0,0.10025432
20001_0310_1,7,44783484,2024-05-04,23,23:00,,0.012402313,0.0,0.092090555
20001_0310_1,7,44783484,2024-05-05,0,00:00,,0.0047613997,0.0,0.06172718
20001_0310_1,7,44783484,2024-05-05,1,01:00,,0.0002533181,0.0,0.05537488
20001_0310_1,7,44783484,2024-05-05,2,02:00,,0.0,0.0,0.047178365
20001_0310_1,7,44783484,2024-05-05,3,03:00,,0.0,0.0,0.07473915
20001_0310_1,7,44783484,2024-05-05,4,04:00,,0.0002533137,0.0,0.12220209
20001_0310_1,7,44783484,2024-05-05,5,05:00,,0.09471815,0.0,0.26500073
20001_0310_1,7,44783484,2024-05-05,6,06:00,,0.30803245,0.15255482,0.52564996
20001_0310_1,7,44783484,2024-05-05,7,07:00,0.0,0.24737823,0.06203455,0.4940934
20001_0310_1,7,44783484,2024-05-05,8,08:00,,0.30803245,0.116490126,0.5539279
20001_0310_1,7,44783484,2024-05-05,9,09:00,,0.33958903,0.15942577,0.5801567
20001_0310_1,7,44783484,2024-05-05,10,10:00,0.0,0.19041246,0.025662515,0.41438225
20001_0310_1,7,44783484,2024-05-05,11,11:00,,0.11172592,0.0,0.32817793
20001_0310_1,7,44783484,2024-05-05,12,12:00,,0.20905952,0.0724851,0.41458714
20001_0310_1,7,44783484,2024-05-05,13,13:00,,0.15112042,0.025713751,0.35111544
20001_0310_1,7,44783484,2024-05-05,14,14:00,,0.113826275,0.0,0.30997914
20001_0310_1,7,44783484,2024-05-05,15,15:00,,0.091849364,0.0,0.2945082
20001_0310_1,7,44783484,2024-05-05,16,16:00,,0.097996764,0.0,0.3141798
20001_0310_1,7,44783484,2024-05-05,17,17:00,,0.19860896,0.038776934,0.42278364
20001_0310_1,7,44783484,2024-05-05,18,18:00,,0.31049138,0.15273412,0.52974814
20001_0310_1,7,44783484,2024-05-05,19,19:00,,0.13372843,0.011728435,0.3260648
20001_0310_1,7,44783484,2024-05-05,20,20:00,,0.022998648,0.0,0.17238012
20001_0310_1,7,44783484,2024-05-05,21,21:00,,0.02484286,0.0,0.12822141
20001_0310_1,7,44783484,2024-05-05,22,22:00,,0.012138267,0.0,0.09021007
20001_0310_1,7,44783484,2024-05-05,23,23:00,,0.012138262,0.0,0.07873495
20001_0310_1,7,44783484,2024-05-06,0,00:00,,0.005098364,0.0,0.06374862
20001_0310_1,7,44783484,2024-05-06,1,01:00,,0.0018172263,0.0,0.056160998
20001_0310_1,7,44783484,2024-05-06,2,02:00,,0.0,0.0,0.056571133
20001_0310_1,7,44783484,2024-05-06,3,03:00,,0.0,0.0,0.067850046
20001_0310_1,7,44783484,2024-05-06,4,04:00,,0.0,0.0,0.106569976
20001_0310_1,7,44783484,2024-05-06,5,05:00,0.0,0.053290002,0.0,0.20422213
20001_0310_1,7,44783484,2024-05-06,6,06:00,0.3141469955444336,0.19848014,0.06262073,0.3926822
20001_0310_1,7,44783484,2024-05-06,7,07:00,0.0,0.13818933,0.0,0.36007592
20001_0310_1,7,44783484,2024-05-06,8,08:00,0.36538460850715637,0.20135114,0.027861219,0.4246733
20001_0310_1,7,44783484,2024-05-06,9,09:00,0.5854341586430868,0.2388791,0.071746364,0.45707443
20001_0310_1,7,44783484,2024-05-06,10,10:00,0.0,0.09133064,0.0,0.3010668
20001_0310_1,7,44783484,2024-05-06,11,11:00,0.0,0.05534071,0.0,0.2623597
20001_0310_1,7,44783484,2024-05-06,12,12:00,0.0,0.13293438,2.285256e-05,0.33182743
20001_0310_1,7,44783484,2024-05-06,13,13:00,0.0,0.10276335,0.0,0.2942354
20001_0310_1,7,44783484,2024-05-06,14,14:00,0.0,0.09804672,0.0,0.2836358
20001_0310_1,7,44783484,2024-05-06,15,15:00,0.0,0.07564273,0.0,0.26451293
20001_0310_1,7,44783484,2024-05-06,16,16:00,0.0,0.10425011,0.0,0.30880824
20001_0310_1,7,44783484,2024-05-06,17,17:00,0.0,0.19150774,0.038524922,0.406627
20001_0310_1,7,44783484,2024-05-06,18,18:00,0.0,0.25323403,0.099379666,0.47101924
20001_0310_1,7,44783484,2024-05-06,19,19:00,0.0,0.11333731,0.0,0.31210217
20001_0310_1,7,44783484,2024-05-06,20,20:00,0.0,0.030732214,0.0,0.1898672
20001_0310_1,7,44783484,2024-05-06,21,21:00,0.0,0.023554737,0.0,0.13742031
20001_0310_1,7,44783484,2024-05-06,22,22:00,0.0,0.0014070842,0.0,0.08845964
20001_0310_1,7,44783484,2024-05-06,23,23:00,,0.0,0.0,0.06805511
20001_0310_1,7,44783484,2024-05-07,0,00:00,,0.004552737,0.0,0.06153508
20001_0310_1,7,44783484,2024-05-07,1,01:00,,0.0037298882,0.0,0.06297507
20001_0310_1,7,44783484,2024-05-07,2,02:00,,0.0,0.0,0.05824368
20001_0310_1,7,44783484,2024-05-07,3,03:00,,0.0,0.0,0.07809492
20001_0310_1,7,44783484,2024-05-07,4,04:00,,0.0,0.0,0.103217565
20001_0310_1,7,44783484,2024-05-07,5,05:00,0.0,0.022038292,0.0,0.19092822
20001_0310_1,7,44783484,2024-05-07,6,06:00,0.32668638229370117,0.1548771,0.018489748,0.3667609
20001_0310_1,7,44783484,2024-05-07,7,07:00,0.9312742948532104,0.10234328,0.0,0.3483497
20001_0310_1,7,44783484,2024-05-07,8,08:00,0.0,0.17807117,0.0032156182,0.4273947
20001_0310_1,7,44783484,2024-05-07,9,09:00,0.0,0.24688199,0.08128347,0.4937369
20001_0310_1,7,44783484,2024-05-07,10,10:00,0.0,0.08910055,0.0,0.3273927
20001_0310_1,7,44783484,2024-05-07,11,11:00,0.0,0.031912487,0.0,0.260459
20001_0310_1,7,44783484,2024-05-07,12,12:00,0.0,0.073672116,0.0,0.29198447
20001_0310_1,7,44783484,2024-05-07,13,13:00,0.49898989995320636,0.046929497,0.0,0.25655046
20001_0310_1,7,44783484,2024-05-07,14,14:00,0.738095223903656,0.043432385,0.0,0.2465734
20001_0310_1,7,44783484,2024-05-07,15,15:00,0.0,0.027592527,0.0,0.2277507
20001_0310_1,7,44783484,2024-05-07,16,16:00,0.0,0.063180774,0.0,0.27300748
20001_0310_1,7,44783484,2024-05-07,17,17:00,,0.16253988,0.037672434,0.37565798
20001_0310_1,7,44783484,2024-05-07,18,18:00,0.17857142289479574,0.21664225,0.093369074,0.42626324
20001_0310_1,7,44783484,2024-05-07,19,19:00,0.0,0.0718207,0.0,0.26148757
20001_0310_1,7,44783484,2024-05-07,20,20:00,0.0,0.0,0.0,0.15194568
20001_0310_1,7,44783484,2024-05-07,21,21:00,0.0,0.0037298882,0.0,0.11301462
20001_0310_1,7,44783484,2024-05-07,22,22:00,0.0,0.0,0.0,0.076757796
20001_0310_1,7,44783484,2024-05-07,23,23:00,,0.0,0.0,0.07202641
20001_0310_1,7,44783484,2024-05-08,0,00:00,,0.0,0.0,0.0611607
20001_0310_1,7,44783484,2024-05-08,1,01:00,,0.0050101075,0.0,0.075145766
20001_0310_1,7,44783484,2024-05-08,2,02:00,,0.005010103,0.0,0.08902568
20001_0310_1,7,44783484,2024-05-08,3,03:00,,0.0,0.0,0.09827897
20001_0310_1,7,44783484,2024-05-08,4,04:00,,0.0,0.0,0.1363436
20001_0310_1,7,44783484,2024-05-08,5,05:00,0.0,0.047491077,0.0,0.24138936
20001_0310_1,7,44783484,2024-05-08,6,06:00,0.7298293709754944,0.26452255,0.113631,0.49964002
20001_0310_1,7,44783484,2024-05-08,7,07:00,0.38459399342536926,0.25989592,0.08245375,0.5227732
20001_0310_1,7,44783484,2024-05-08,8,08:00,0.0,0.23697302,0.058163892,0.4922794
20001_0310_1,7,44783484,2024-05-08,9,09:00,0.43804248174031574,0.25611046,0.09507185,0.49921936
20001_0310_1,7,44783484,2024-05-08,10,10:00,0.0,0.10188038,0.0,0.3289538
20001_0310_1,7,44783484,2024-05-08,11,11:00,0.0,0.04896319,0.0,0.26620495
20001_0310_1,7,44783484,2024-05-08,12,12:00,0.6538461446762085,0.114051595,0.0,0.32322305
20001_0310_1,7,44783484,2024-05-08,13,13:00,0.7036293745040894,0.09517701,0.0,0.30064186
20001_0310_1,7,44783484,2024-05-08,14,14:00,0.0,0.09491413,0.0,0.29698792
20001_0310_1,7,44783484,2024-05-08,15,15:00,0.0,0.071886085,0.0,0.26725647
20001_0310_1,7,44783484,2024-05-08,16,16:00,0.35483869910240173,0.076302424,0.0,0.2753531
20001_0310_1,7,44783484,2024-05-08,17,17:00,0.0,0.18061213,0.062001906,0.3782958
20001_0310_1,7,44783484,2024-05-08,18,18:00,0.5090805053710937,0.24096876,0.1222008,0.4333949
20001_0310_1,7,44783484,2024-05-08,19,19:00,0.24934210777282714,0.10416742,0.008690389,0.27892822
20001_0310_1,7,44783484,2024-05-08,20,20:00,0.0,0.0041688983,0.0,0.1459649
20001_0310_1,7,44783484,2024-05-08,21,21:00,0.0,0.010477951,0.0,0.11118623
20001_0310_1,7,44783484,2024-05-08,22,22:00,0.0,0.0,0.0,0.07766938
20001_0310_1,7,44783484,2024-05-08,23,23:00,,0.0,0.0,0.070834585
20001_0310_1,7,44783484,2024-05-09,0,00:00,,0.0,0.0,0.0516839
20001_0310_1,7,44783484,2024-05-09,1,01:00,,0.0,0.0,0.055041455
20001_0310_1,7,44783484,2024-05-09,2,02:00,,0.0,0.0,0.04220377
20001_0310_1,7,44783484,2024-05-09,3,03:00,,0.0,0.0,0.07380423
20001_0310_1,7,44783484,2024-05-09,4,04:00,,0.0,0.0,0.095788784
20001_0310_1,7,44783484,2024-05-09,5,05:00,0.0,0.06787915,0.0,0.24049674
20001_0310_1,7,44783484,2024-05-09,6,06:00,1.0072574615478516,0.35445595,0.20672376,0.5764493
20001_0310_1,7,44783484,2024-05-09,7,07:00,0.0,0.26873964,0.09088824,0.52233344
20001_0310_1,7,44783484,2024-05-09,8,08:00,0.3736858367919922,0.2525444,0.075482994,0.5053482
20001_0310_1,7,44783484,2024-05-09,9,09:00,0.39214813709259033,0.28414488,0.123673715,0.52904856
20001_0310_1,7,44783484,2024-05-09,10,10:00,0.0,0.100319006,0.0,0.33571786
20001_0310_1,7,44783484,2024-05-09,11,11:00,0.4583333333333333,0.050696388,0.0,0.2847374
20001_0310_1,7,44783484,2024-05-09,12,12:00,0.0,0.17759204,0.039339952,0.4069917
20001_0310_1,7,44783484,2024-05-09,13,13:00,0.0,0.12895694,0.0,0.3582579
20001_0310_1,7,44783484,2024-05-09,14,14:00,0.0,0.102491535,0.0,0.32367015
20001_0310_1,7,44783484,2024-05-09,15,15:00,0.0,0.06294157,0.0,0.27071467
20001_0310_1,7,44783484,2024-05-09,16,16:00,0.0,0.08111184,0.0,0.2848361
20001_0310_1,7,44783484,2024-05-09,17,17:00,0.7083333134651184,0.20909376,0.079136804,0.41173178
20001_0310_1,7,44783484,2024-05-09,18,18:00,0.0,0.30231515,0.17492574,0.49784306
20001_0310_1,7,44783484,2024-05-09,19,19:00,0.6969696680704752,0.12230355,0.012714098,0.2945508
20001_0310_1,7,44783484,2024-05-09,20,20:00,0.0,0.0,0.0,0.13201824
20001_0310_1,7,44783484,2024-05-09,21,21:00,0.0,0.010010777,0.0,0.0977021
20001_0310_1,7,44783484,2024-05-09,22,22:00,0.0,0.0052707093,0.0,0.06827415
20001_0310_1,7,44783484,2024-05-09,23,23:00,,0.004875703,0.0,0.05721399
20001_0310_1,7,44783484,2024-05-10,0,00:00,,0.0,0.0,0.066928074
20001_0310_1,7,44783484,2024-05-10,1,01:00,,0.0,0.0,0.07340689
20001_0310_1,7,44783484,2024-05-10,2,02:00,,0.0,0.0,0.0711798
20001_0310_1,7,44783484,2024-05-10,3,03:00,,0.0037596556,0.0,0.107015744
20001_0310_1,7,44783484,2024-05-10,4,04:00,,0.0,0.0,0.11830304
20001_0310_1,7,44783484,2024-05-10,5,05:00,0.0,0.058019713,0.0,0.25906536
20001_0310_1,7,44783484,2024-05-10,6,06:00,0.0,0.3532106,0.19852896,0.613173
20001_0310_1,7,44783484,2024-05-10,7,07:00,0.0,0.2560284,0.06743424,0.55668586
20001_0310_1,7,44783484,2024-05-10,8,08:00,0.6908601522445679,0.24651267,0.061461587,0.54332334
20001_0310_1,7,44783484,2024-05-10,9,09:00,0.0,0.26858112,0.10580095,0.5556736
20001_0310_1,7,44783484,2024-05-10,10,10:00,0.0,0.07603891,0.0,0.3520971
20001_0310_1,7,44783484,2024-05-10,11,11:00,0.0,0.054375377,0.0,0.32668796
20001_0310_1,7,44783484,2024-05-10,12,12:00,0.0,0.18395163,0.056906167,0.44472387
20001_0310_1,7,44783484,2024-05-10,13,13:00,0.0,0.11701234,0.0,0.37014157
20001_0310_1,7,44783484,2024-05-10,14,14:00,0.2916666567325592,0.090818696,0.0,0.33514076
20001_0310_1,7,44783484,2024-05-10,15,15:00,1.2816801071166992,0.066118225,0.0,0.2944964
20001_0310_1,7,44783484,2024-05-10,16,16:00,0.0,0.050123658,0.0,0.27728704
20001_0310_1,7,44783484,2024-05-10,17,17:00,,0.16026346,0.024613347,0.3894515
20001_0310_1,7,44783484,2024-05-10,18,18:00,0.0,0.2900422,0.14882432,0.51639575
20001_0310_1,7,44783484,2024-05-10,19,19:00,0.7222222089767456,0.1384734,0.02296832,0.3418474
20001_0310_1,7,44783484,2024-05-10,20,20:00,0.4848484992980957,0.0029498,0.0,0.15535375
20001_0310_1,7,44783484,2024-05-10,21,21:00,0.5285714268684387,0.022588702,0.0,0.12174491
20001_0310_1,7,44783484,2024-05-10,22,22:00,0.0,0.0,0.0,0.06814285
20001_0310_1,7,44783484,2024-05-10,23,23:00,,0.002139953,0.0,0.068547785
20001_0310_1,7,44783484,2024-05-11,0,00:00,,0.013131272,0.0,0.10255852
20001_0310_1,7,44783484,2024-05-11,1,01:00,,0.009724515,0.0,0.11375022
20001_0310_1,7,44783484,2024-05-11,2,02:00,,0.005891922,0.0,0.1252347
20001_0310_1,7,44783484,2024-05-11,3,03:00,,0.015686333,0.0,0.16686094
20001_0310_1,7,44783484,2024-05-11,4,04:00,,0.0,0.0,0.19390202
20001_0310_1,7,44783484,2024-05-11,5,05:00,,0.04996677,0.0,0.31462884
20001_0310_1,7,44783484,2024-05-11,6,06:00,,0.24500333,0.058323964,0.5743937
20001_0310_1,7,44783484,2024-05-11,7,07:00,,0.18921776,0.0,0.56545097
20001_0310_1,7,44783484,2024-05-11,8,08:00,,0.20774198,0.0,0.58716905
20001_0310_1,7,44783484,2024-05-11,9,09:00,,0.22200775,0.02186108,0.59100163
20001_0310_1,7,44783484,2024-05-11,10,10:00,,0.06572301,0.0,0.41502154
20001_0310_1,7,44783484,2024-05-11,11,11:00,,0.0676393,0.0,0.41065663
20001_0310_1,7,44783484,2024-05-11,12,12:00,,0.1331128,0.0,0.4687843
20001_0310_1,7,44783484,2024-05-11,13,13:00,,0.12757684,0.0,0.46262297
20001_0310_1,7,44783484,2024-05-11,14,14:00,,0.10447481,0.0,0.43272066
20001_0310_1,7,44783484,2024-05-11,15,15:00,,0.08744106,0.0,0.4045884
20001_0310_1,7,44783484,2024-05-11,16,16:00,,0.079243556,0.0,0.39639091
20001_0310_1,7,44783484,2024-05-11,17,17:00,,0.14892226,0.0,0.46756005
20001_0310_1,7,44783484,2024-05-11,18,18:00,,0.22456282,0.05763198,0.53734523
20001_0310_1,7,44783484,2024-05-11,19,19:00,,0.14349276,0.00040918123,0.43477008
20001_0310_1,7,44783484,2024-05-11,20,20:00,0.0,0.04187574,0.0,0.281413
20001_0310_1,7,44783484,2024-05-11,21,21:00,,0.039533596,0.0,0.22136898
20001_0310_1,7,44783484,2024-05-11,22,22:00,,0.0037627008,0.0,0.1468995
20001_0310_1,7,44783484,2024-05-11,23,23:00,,0.010576205,0.0,0.13673249
20001_0310_1,7,44783484,2024-05-12,0,00:00,,0.0055062035,0.0,0.07166434
20001_0310_1,7,44783484,2024-05-12,1,01:00,,0.0034191916,0.0,0.07562965
20001_0310_1,7,44783484,2024-05-12,2,02:00,,0.0,0.0,0.071873024
20001_0310_1,7,44783484,2024-05-12,3,03:00,,0.0,0.0,0.09921284
20001_0310_1,7,44783484,2024-05-12,4,04:00,,0.0,0.0,0.14356175
20001_0310_1,7,44783484,2024-05-12,5,05:00,,0.051002964,0.0,0.2732693
20001_0310_1,7,44783484,2024-05-12,6,06:00,,0.25803414,0.09968894,0.5435367
20001_0310_1,7,44783484,2024-05-12,7,07:00,,0.13307455,0.0,0.45598683
20001_0310_1,7,44783484,2024-05-12,8,08:00,,0.18874548,0.0080106165,0.5099359
20001_0310_1,7,44783484,2024-05-12,9,09:00,,0.22109409,0.060811903,0.5272581
20001_0310_1,7,44783484,2024-05-12,10,10:00,,0.06373371,0.0,0.3532017
20001_0310_1,7,44783484,2024-05-12,11,11:00,,0.07249915,0.0,0.35466257
20001_0310_1,7,44783484,2024-05-12,12,12:00,,0.1613535,0.03321123,0.4391342
20001_0310_1,7,44783484,2024-05-12,13,13:00,,0.13683115,0.009588897,0.40987697
20001_0310_1,7,44783484,2024-05-12,14,14:00,,0.11397842,0.0,0.37699357
20001_0310_1,7,44783484,2024-05-12,15,15:00,,0.09639538,0.0,0.35077557
20001_0310_1,7,44783484,2024-05-12,16,16:00,,0.06853383,0.0,0.32711405
20001_0310_1,7,44783484,2024-05-12,17,17:00,,0.13636158,0.0,0.40005502
20001_0310_1,7,44783484,2024-05-12,18,18:00,,0.23862493,0.09076044,0.5032575
20001_0310_1,7,44783484,2024-05-12,19,19:00,,0.15381418,0.02807197,0.3945505
20001_0310_1,7,44783484,2024-05-12,20,20:00,,0.05559438,0.0,0.25052086
20001_0310_1,7,44783484,2024-05-12,21,21:00,,0.052463867,0.0,0.19521518
20001_0310_1,7,44783484,2024-05-12,22,22:00,,0.012184626,0.0,0.12616132
20001_0310_1,7,44783484,2024-05-12,23,23:00,,0.013854233,0.0,0.116795875
20001_0310_1,7,44783484,2024-05-13,0,00:00,,0.0070126127,0.0,0.06944688
20001_0310_1,7,44783484,2024-05-13,1,01:00,,0.0020011668,0.0,0.0656883
20001_0310_1,7,44783484,2024-05-13,2,02:00,,0.0028364076,0.0,0.07487594
20001_0310_1,7,44783484,2024-05-13,3,03:00,,0.0,0.0,0.088448614
20001_0310_1,7,44783484,2024-05-13,4,04:00,,0.0,0.0,0.11468041
20001_0310_1,7,44783484,2024-05-13,5,05:00,0.0,0.025387913,0.0,0.22292241
20001_0310_1,7,44783484,2024-05-13,6,06:00,0.0,0.23211007,0.07601135,0.4839352
20001_0310_1,7,44783484,2024-05-13,7,07:00,0.0,0.14420095,0.0,0.43011436
20001_0310_1,7,44783484,2024-05-13,8,08:00,0.0,0.17557469,0.0,0.459139
20001_0310_1,7,44783484,2024-05-13,9,09:00,0.0,0.2245929,0.064122215,0.50064
20001_0310_1,7,44783484,2024-05-13,10,10:00,0.0,0.061303277,0.0,0.32315132
20001_0310_1,7,44783484,2024-05-13,11,11:00,0.0,0.042092733,0.0,0.3005998
20001_0310_1,7,44783484,2024-05-13,12,12:00,0.0,0.13062827,0.003723854,0.38459376
20001_0310_1,7,44783484,2024-05-13,13,13:00,0.3911110957463582,0.12666088,0.0040892735,0.37723318
20001_0310_1,7,44783484,2024-05-13,14,14:00,0.0,0.09325124,0.0,0.3326783
20001_0310_1,7,44783484,2024-05-13,15,15:00,0.0,0.07237022,0.0,0.3048804
20001_0310_1,7,44783484,2024-05-13,16,16:00,0.0,0.048774663,0.0,0.28974167
20001_0310_1,7,44783484,2024-05-13,17,17:00,0.582779049873352,0.11449769,0.0,0.36428693
20001_0310_1,7,44783484,2024-05-13,18,18:00,0.0,0.22250478,0.0762332,0.4726594
20001_0310_1,7,44783484,2024-05-13,19,19:00,0.584022045135498,0.13313401,0.009257327,0.35880566
20001_0310_1,7,44783484,2024-05-13,20,20:00,0.0,0.034575567,0.0,0.21331714
20001_0310_1,7,44783484,2024-05-13,21,21:00,0.0,0.039378203,0.0,0.16654363
20001_0310_1,7,44783484,2024-05-13,22,22:00,0.0,0.009100715,0.0,0.10828558
20001_0310_1,7,44783484,2024-05-13,23,23:00,,0.0057597514,0.0,0.09199839
20001_0310_1,7,44783484,2024-05-14,0,00:00,,0.0022283287,0.0,0.06438885
20001_0310_1,7,44783484,2024-05-14,1,01:00,,0.010235446,0.0,0.07903345
20001_0310_1,7,44783484,2024-05-14,2,02:00,,0.0,0.0,0.06860312
20001_0310_1,7,44783484,2024-05-14,3,03:00,,0.0,0.0,0.098366424
20001_0310_1,7,44783484,2024-05-14,4,04:00,,0.0,0.0,0.11111459
20001_0310_1,7,44783484,2024-05-14,5,05:00,0.3519570827484131,0.0034926063,0.0,0.20135272
20001_0310_1,7,44783484,2024-05-14,6,06:00,0.6268465042114257,0.1755403,0.038154993,0.43282163
20001_0310_1,7,44783484,2024-05-14,7,07:00,0.0,0.12528509,0.0,0.42615786
20001_0310_1,7,44783484,2024-05-14,8,08:00,0.0,0.13692702,0.0,0.44720286
20001_0310_1,7,44783484,2024-05-14,9,09:00,0.0,0.15399483,0.0,0.46353313
20001_0310_1,7,44783484,2024-05-14,10,10:00,0.0,0.016767565,0.0,0.31619167
20001_0310_1,7,44783484,2024-05-14,11,11:00,0.0,0.023510404,0.0,0.32209164
20001_0310_1,7,44783484,2024-05-14,12,12:00,0.0,0.09072805,0.0,0.38954633
20001_0310_1,7,44783484,2024-05-14,13,13:00,0.9250000317891439,0.09104412,0.0,0.39202225
20001_0310_1,7,44783484,2024-05-14,14,14:00,0.0,0.055960305,0.0,0.35327727
20001_0310_1,7,44783484,2024-05-14,15,15:00,0.0,0.06396742,0.0,0.35759687
20001_0310_1,7,44783484,2024-05-14,16,16:00,0.0,0.07439775,0.0,0.36871207
20001_0310_1,7,44783484,2024-05-14,17,17:00,0.0,0.1640564,0.018031834,0.46200547
20001_0310_1,7,44783484,2024-05-14,18,18:00,1.6904151439666748,0.21799912,0.06986741,0.51257676
20001_0310_1,7,44783484,2024-05-14,19,19:00,0.0,0.14153638,0.0155822905,0.41067034
20001_0310_1,7,44783484,2024-05-14,20,20:00,0.0,0.026249684,0.0,0.24412762
20001_0310_1,7,44783484,2024-05-14,21,21:00,0.0,0.019085418,0.0,0.17964923
20001_0310_1,7,44783484,2024-05-14,22,22:00,0.0,0.0,0.0,0.12288823
20001_0310_1,7,44783484,2024-05-14,23,23:00,,0.003914035,0.0,0.110535145
20001_0310_1,7,44783484,2024-05-15,0,00:00,,0.0037123945,0.0,0.07377619
20001_0310_1,7,44783484,2024-05-15,1,01:00,,0.012328663,0.0,0.092595935
20001_0310_1,7,44783484,2024-05-15,2,02:00,,0.0,0.0,0.087380834
20001_0310_1,7,44783484,2024-05-15,3,03:00,,0.0,0.0,0.10914821
20001_0310_1,7,44783484,2024-05-15,4,04:00,,0.0,0.0,0.15597081
20001_0310_1,7,44783484,2024-05-15,5,05:00,0.0,0.049968112,0.0,0.28736877
20001_0310_1,7,44783484,2024-05-15,6,06:00,0.636654794216156,0.22750844,0.072529115,0.52068806
20001_0310_1,7,44783484,2024-05-15,7,07:00,0.40130719542503357,0.15188941,0.0,0.47772014
20001_0310_1,7,44783484,2024-05-15,8,08:00,0.0,0.1556307,0.0,0.488037
20001_0310_1,7,44783484,2024-05-15,9,09:00,0.0,0.17428035,0.009437659,0.5026052
20001_0310_1,7,44783484,2024-05-15,10,10:00,0.0,0.07513667,0.0,0.39722615
20001_0310_1,7,44783484,2024-05-15,11,11:00,0.0,0.07173551,0.0,0.39915347
20001_0310_1,7,44783484,2024-05-15,12,12:00,0.46904762585957843,0.1415159,0.0,0.46967074
20001_0310_1,7,44783484,2024-05-15,13,13:00,0.0,0.15347663,0.0024653012,0.47431895
20001_0310_1,7,44783484,2024-05-15,14,14:00,0.0,0.09327616,0.0,0.4039009
20001_0310_1,7,44783484,2024-05-15,15,15:00,0.4990253448486328,0.07422969,0.0,0.37194416
20001_0310_1,7,44783484,2024-05-15,16,16:00,0.3889860212802887,0.067654125,0.0,0.36786285
20001_0310_1,7,44783484,2024-05-15,17,17:00,0.0,0.15908852,0.007623733,0.46519256
20001_0310_1,7,44783484,2024-05-15,18,18:00,0.0,0.27671182,0.12020197,0.57918787
20001_0310_1,7,44783484,2024-05-15,19,19:00,0.0,0.151606,0.017997265,0.42976382
20001_0310_1,7,44783484,2024-05-15,20,20:00,0.0,0.034776285,0.0,0.25607815
20001_0310_1,7,44783484,2024-05-15,21,21:00,0.5814685225486755,0.036363486,0.0,0.19633117
20001_0310_1,7,44783484,2024-05-15,22,22:00,0.0,0.0,0.0,0.1146751
20001_0310_1,7,44783484,2024-05-15,23,23:00,,0.0068868096,0.0,0.11305956
20001_0310_1,7,44783484,2024-05-16,0,00:00,,0.0025170855,0.0,0.09463884
20001_0310_1,7,44783484,2024-05-16,1,01:00,,0.0,0.0,0.09555146
20001_0310_1,7,44783484,2024-05-16,2,02:00,,0.0,0.0,0.08991465
20001_0310_1,7,44783484,2024-05-16,3,03:00,,0.0,0.0,0.1436255
20001_0310_1,7,44783484,2024-05-16,4,04:00,,0.0,0.0,0.17119224
20001_0310_1,7,44783484,2024-05-16,5,05:00,0.0,0.03129171,0.0,0.29133704
20001_0310_1,7,44783484,2024-05-16,6,06:00,0.9263291358947754,0.2320699,0.07665467,0.5464434
20001_0310_1,7,44783484,2024-05-16,7,07:00,0.0,0.12180294,0.0,0.46725953
20001_0310_1,7,44783484,2024-05-16,8,08:00,0.2963988780975342,0.0944241,0.0,0.43317017
20001_0310_1,7,44783484,2024-05-16,9,09:00,0.0,0.11213982,0.0,0.4390486
20001_0310_1,7,44783484,2024-05-16,10,10:00,0.0,0.0,0.0,0.30937484
20001_0310_1,7,44783484,2024-05-16,11,11:00,0.0,0.010247581,0.0,0.32956
20001_0310_1,7,44783484,2024-05-16,12,12:00,0.0,0.10376513,0.0,0.4275871
20001_0310_1,7,44783484,2024-05-16,13,13:00,0.0,0.093350425,0.0,0.42117184
20001_0310_1,7,44783484,2024-05-16,14,14:00,0.40909091631571454,0.045464285,0.0,0.3696083
20001_0310_1,7,44783484,2024-05-16,15,15:00,0.46190476417541504,0.046537966,0.0,0.3561873
20001_0310_1,7,44783484,2024-05-16,16,16:00,0.0,0.012609679,0.0,0.31968218
20001_0310_1,7,44783484,2024-05-16,17,17:00,0.0,0.09496094,0.0,0.40385875
20001_0310_1,7,44783484,2024-05-16,18,18:00,0.22727272907892862,0.20447633,0.06468318,0.5074688
20001_0310_1,7,44783484,2024-05-16,19,19:00,0.0,0.11799139,0.0,0.39806083
20001_0310_1,7,44783484,2024-05-16,20,20:00,0.0,0.008100221,0.0,0.23808251
20001_0310_1,7,44783484,2024-05-16,21,21:00,0.0,0.03451275,0.0,0.21209945
20001_0310_1,7,44783484,2024-05-16,22,22:00,0.0,0.0,0.0,0.12029979
20001_0310_1,7,44783484,2024-05-16,23,23:00,,0.0,0.0,0.119387165
20001_0310_1,7,44783484,2024-05-17,0,00:00,,0.0,0.0,0.06319847
20001_0310_1,7,44783484,2024-05-17,1,01:00,,0.0,0.0,0.06702074
20001_0310_1,7,44783484,2024-05-17,2,02:00,,0.0,0.0,0.070842996
20001_0310_1,7,44783484,2024-05-17,3,03:00,,0.0,0.0,0.1066631
20001_0310_1,7,44783484,2024-05-17,4,04:00,,0.0,0.0,0.122443594
20001_0310_1,7,44783484,2024-05-17,5,05:00,0.0,0.035022907,0.0,0.2519092
20001_0310_1,7,44783484,2024-05-17,6,06:00,0.33864468336105347,0.32879138,0.18725832,0.59656835
20001_0310_1,7,44783484,2024-05-17,7,07:00,1.267427921295166,0.083019644,0.0,0.37390777
20001_0310_1,7,44783484,2024-05-17,8,08:00,0.2889862358570099,0.112232685,0.0,0.39136732
20001_0310_1,7,44783484,2024-05-17,9,09:00,0.0,0.10993932,0.0,0.37302044
20001_0310_1,7,44783484,2024-05-17,10,10:00,0.5538720687230428,0.0,0.0,0.24732248
20001_0310_1,7,44783484,2024-05-17,11,11:00,0.0,0.013181387,0.0,0.2748428
20001_0310_1,7,44783484,2024-05-17,12,12:00,0.4210858742396037,0.10830121,0.0,0.38164783
20001_0310_1,7,44783484,2024-05-17,13,13:00,0.0,0.10196717,0.0,0.3822621
20001_0310_1,7,44783484,2024-05-17,14,14:00,0.0,0.053151373,0.0,0.33425173
20001_0310_1,7,44783484,2024-05-17,15,15:00,0.0,0.06527341,0.0,0.33436096
20001_0310_1,7,44783484,2024-05-17,16,16:00,0.33181819319725037,0.0,0.0,0.25911692
20001_0310_1,7,44783484,2024-05-17,17,17:00,0.0,0.07193508,0.0,0.33930257
20001_0310_1,7,44783484,2024-05-17,18,18:00,1.2453007698059082,0.22941244,0.10262241,0.49369484
20001_0310_1,7,44783484,2024-05-17,19,19:00,0.22603306770324708,0.12015023,0.006765439,0.3610349
20001_0310_1,7,44783484,2024-05-17,20,20:00,0.0,0.0046631983,0.0,0.19948953
20001_0310_1,7,44783484,2024-05-17,21,21:00,0.0,0.049438313,0.0,0.19250026
20001_0310_1,7,44783484,2024-05-17,22,22:00,0.0,0.0,0.0,0.09912777
20001_0310_1,7,44783484,2024-05-17,23,23:00,,0.0033527047,0.0,0.10491577
20001_0310_1,7,44783484,2024-05-18,0,00:00,,0.0040537943,0.0,0.087647736
20001_0310_1,7,44783484,2024-05-18,1,01:00,,0.0024147006,0.0,0.088350214
20001_0310_1,7,44783484,2024-05-18,2,02:00,,0.0,0.0,0.08530619
20001_0310_1,7,44783484,2024-05-18,3,03:00,,0.001712235,0.0,0.124585964
20001_0310_1,7,44783484,2024-05-18,4,04:00,,0.0,0.0,0.15713377
20001_0310_1,7,44783484,2024-05-18,5,05:00,,0.031918447,0.0,0.2730999
20001_0310_1,7,44783484,2024-05-18,6,06:00,,0.22837594,0.073027596,0.53324795
20001_0310_1,7,44783484,2024-05-18,7,07:00,,0.12304931,0.0,0.46253264
20001_0310_1,7,44783484,2024-05-18,8,08:00,,0.14923097,0.0,0.4820847
20001_0310_1,7,44783484,2024-05-18,9,09:00,,0.106146134,0.0,0.42395532
20001_0310_1,7,44783484,2024-05-18,10,10:00,,0.008268621,0.0,0.31337485
20001_0310_1,7,44783484,2024-05-18,11,11:00,,0.031450134,0.0,0.34732756
20001_0310_1,7,44783484,2024-05-18,12,12:00,,0.11182443,0.0,0.4354875
20001_0310_1,7,44783484,2024-05-18,13,13:00,,0.10316062,0.0,0.43103856
20001_0310_1,7,44783484,2024-05-18,14,14:00,,0.06914936,0.0,0.3914661
20001_0310_1,7,44783484,2024-05-18,15,15:00,,0.07746192,0.0,0.38596338
20001_0310_1,7,44783484,2024-05-18,16,16:00,0.0,0.03308923,0.0,0.33819544
20001_0310_1,7,44783484,2024-05-18,17,17:00,,0.074066654,0.0,0.38502675
20001_0310_1,7,44783484,2024-05-18,18,18:00,,0.1890376,0.04971436,0.49484625
20001_0310_1,7,44783484,2024-05-18,19,19:00,,0.11126831,0.0,0.39011967
20001_0310_1,7,44783484,2024-05-18,20,20:00,,0.027001154,0.0,0.25366488
20001_0310_1,7,44783484,2024-05-18,21,21:00,,0.030279351,0.0,0.19325243
20001_0310_1,7,44783484,2024-05-18,22,22:00,,0.0,0.0,0.119493045
20001_0310_1,7,44783484,2024-05-18,23,23:00,,0.017166575,0.0,0.122771256
20001_0310_1,7,44783484,2024-05-19,0,00:00,,0.0080399485,0.0,0.08026103
20001_0310_1,7,44783484,2024-05-19,1,01:00,,0.0,0.0,0.07361063
20001_0310_1,7,44783484,2024-05-19,2,02:00,,0.0,0.0,0.07617745
20001_0310_1,7,44783484,2024-05-19,3,03:00,,0.00010613073,0.0,0.11134003
20001_0310_1,7,44783484,2024-05-19,4,04:00,,0.0,0.0,0.14545253
20001_0310_1,7,44783484,2024-05-19,5,05:00,,0.028107844,0.0,0.2581886
20001_0310_1,7,44783484,2024-05-19,6,06:00,,0.24932137,0.10907945,0.5421726
20001_0310_1,7,44783484,2024-05-19,7,07:00,,0.08971162,0.0,0.41930053
20001_0310_1,7,44783484,2024-05-19,8,08:00,,0.108612776,0.0,0.4265781
20001_0310_1,7,44783484,2024-05-19,9,09:00,,0.1100712,0.0,0.4187901
20001_0310_1,7,44783484,2024-05-19,10,10:00,,0.02834119,0.0,0.3263261
20001_0310_1,7,44783484,2024-05-19,11,11:00,,0.02764115,0.0,0.34102702
20001_0310_1,7,44783484,2024-05-19,12,12:00,,0.11322139,0.0011270269,0.43048662
20001_0310_1,7,44783484,2024-05-19,13,13:00,,0.11129627,0.0,0.43325764
20001_0310_1,7,44783484,2024-05-19,14,14:00,,0.04910913,0.0,0.35806134
20001_0310_1,7,44783484,2024-05-19,15,15:00,,0.06451007,0.0,0.3640701
20001_0310_1,7,44783484,2024-05-19,16,16:00,,0.033008147,0.0,0.33309314
20001_0310_1,7,44783484,2024-05-19,17,17:00,,0.05890973,0.0,0.37229556
20001_0310_1,7,44783484,2024-05-19,18,18:00,,0.22318643,0.069702044,0.5337721
20001_0310_1,7,44783484,2024-05-19,19,19:00,,0.1221761,0.0,0.4041767
20001_0310_1,7,44783484,2024-05-19,20,20:00,,0.025774367,0.0,0.24605452
20001_0310_1,7,44783484,2024-05-19,21,21:00,,0.02834119,0.0,0.17920041
20001_0310_1,7,44783484,2024-05-19,22,22:00,,0.0010395199,0.0,0.10741686
20001_0310_1,7,44783484,2024-05-19,23,23:00,,0.009440033,0.0,0.0982288
20001_0310_1,7,44783484,2024-05-20,0,00:00,,0.009859968,0.0,0.08385696
20001_0310_1,7,44783484,2024-05-20,1,01:00,,0.012661115,0.0,0.08479068
20001_0310_1,7,44783484,2024-05-20,2,02:00,,0.010560255,0.0,0.091326684
20001_0310_1,7,44783484,2024-05-20,3,03:00,,0.0,0.0,0.10755
20001_0310_1,7,44783484,2024-05-20,4,04:00,,0.0,0.0,0.14758308
20001_0310_1,7,44783484,2024-05-20,5,05:00,0.0,0.020130847,0.0,0.23908727
20001_0310_1,7,44783484,2024-05-20,6,06:00,0.0,0.16754127,0.037798498,0.44100332
20001_0310_1,7,44783484,2024-05-20,7,07:00,0.0,0.09045133,0.0,0.3958348
20001_0310_1,7,44783484,2024-05-20,8,08:00,0.5498651504516602,0.08268982,0.0,0.37826928
20001_0310_1,7,44783484,2024-05-20,9,09:00,0.793698787689209,0.08362354,0.0,0.36712304
20001_0310_1,7,44783484,2024-05-20,10,10:00,0.0,0.015462267,0.0,0.29044163
20001_0310_1,7,44783484,2024-05-20,11,11:00,0.0,0.020364275,0.0,0.30071247
20001_0310_1,7,44783484,2024-05-20,12,12:00,0.7802197933197021,0.07557024,0.0,0.36400092
20001_0310_1,7,44783484,2024-05-20,13,13:00,0.9375,0.07241894,0.0,0.36321312
20001_0310_1,7,44783484,2024-05-20,14,14:00,0.5666666825612386,0.05876334,0.0,0.34290478
20001_0310_1,7,44783484,2024-05-20,15,15:00,0.0,0.054328192,0.0,0.33280903
20001_0310_1,7,44783484,2024-05-20,16,16:00,0.0,0.037871446,0.0,0.32218796
20001_0310_1,7,44783484,2024-05-20,17,17:00,0.0,0.058413204,0.0,0.35428444
20001_0310_1,7,44783484,2024-05-20,18,18:00,0.0,0.16932116,0.033290416,0.46921906
20001_0310_1,7,44783484,2024-05-20,19,19:00,0.49499998092651365,0.09015955,0.0,0.37360066
20001_0310_1,7,44783484,2024-05-20,20,20:00,0.4722222089767456,0.027367149,0.0,0.26149645
20001_0310_1,7,44783484,2024-05-20,21,21:00,0.0,0.02153142,0.0,0.19146775
20001_0310_1,7,44783484,2024-05-20,22,22:00,0.0,0.0,0.0,0.11927982
20001_0310_1,7,44783484,2024-05-20,23,23:00,,5.595316e-05,0.0,0.10136415
20001_0310_1,7,44783484,2024-05-21,0,00:00,,0.007934513,0.0,0.10291542
20001_0310_1,7,44783484,2024-05-21,1,01:00,,0.01135725,0.0,0.11461997
20001_0310_1,7,44783484,2024-05-21,2,02:00,,0.0,0.0,0.121373765
20001_0310_1,7,44783484,2024-05-21,3,03:00,,0.00108904,0.0,0.15664017
20001_0310_1,7,44783484,2024-05-21,4,04:00,,0.0,0.0,0.19031744
20001_0310_1,7,44783484,2024-05-21,5,05:00,0.0,0.017958239,0.0,0.2775972
20001_0310_1,7,44783484,2024-05-21,6,06:00,1.33976411819458,0.1188067,0.0,0.43498188
20001_0310_1,7,44783484,2024-05-21,7,07:00,0.39794870217641193,0.081401095,0.0,0.43314835
20001_0310_1,7,44783484,2024-05-21,8,08:00,0.5220072746276856,0.07565578,0.0,0.42355242
20001_0310_1,7,44783484,2024-05-21,9,09:00,0.3988304138183594,0.06856583,0.0,0.4066832
20001_0310_1,7,44783484,2024-05-21,10,10:00,0.0,0.025781633,0.0,0.35729808
20001_0310_1,7,44783484,2024-05-21,11,11:00,0.48677249749501544,0.0314047,0.0,0.36903313
20001_0310_1,7,44783484,2024-05-21,12,12:00,0.6018415093421936,0.07186633,0.0,0.4167681
20001_0310_1,7,44783484,2024-05-21,13,13:00,0.0,0.08726864,0.0,0.4411245
20001_0310_1,7,44783484,2024-05-21,14,14:00,0.0,0.06844359,0.0,0.4231857
20001_0310_1,7,44783484,2024-05-21,15,15:00,0.0,0.071744084,0.0,0.42110762
20001_0310_1,7,44783484,2024-05-21,16,16:00,0.2708333432674408,0.06172036,0.0,0.4121841
20001_0310_1,7,44783484,2024-05-21,17,17:00,0.0,0.087390885,0.0,0.44363043
20001_0310_1,7,44783484,2024-05-21,18,18:00,0.9444444179534912,0.12901379,0.0,0.48889002
20001_0310_1,7,44783484,2024-05-21,19,19:00,0.0,0.08677968,0.0,0.43076468
20001_0310_1,7,44783484,2024-05-21,20,20:00,0.0,0.03287159,0.0,0.3279603
20001_0310_1,7,44783484,2024-05-21,21,21:00,0.0,0.01135725,0.0,0.23505747
20001_0310_1,7,44783484,2024-05-21,22,22:00,,0.0,0.0,0.16269107
20001_0310_1,7,44783484,2024-05-21,23,23:00,,0.0,0.0,0.13341445
20001_0310_1,7,44783484,2024-05-22,0,00:00,,0.016649557,0.0,0.1263958
20001_0310_1,7,44783484,2024-05-22,1,01:00,,0.006871462,0.0,0.12510921
20001_0310_1,7,44783484,2024-05-22,2,02:00,,0.0006958251,0.0,0.1325071
20001_0310_1,7,44783484,2024-05-22,3,03:00,,0.0,0.0,0.16602282
20001_0310_1,7,44783484,2024-05-22,4,04:00,,0.0,0.0,0.21504195
20001_0310_1,7,44783484,2024-05-22,5,05:00,0.0,0.036205754,0.0,0.32620344
20001_0310_1,7,44783484,2024-05-22,6,06:00,0.32372400164604187,0.16647314,0.019801708,0.5205431
20001_0310_1,7,44783484,2024-05-22,7,07:00,1.5164026021957397,0.10902683,0.0,0.49908915
20001_0310_1,7,44783484,2024-05-22,8,08:00,0.28108251094818115,0.10014934,0.0,0.4850653
20001_0310_1,7,44783484,2024-05-22,9,09:00,0.0,0.08368097,0.0,0.45769313
20001_0310_1,7,44783484,2024-05-22,10,10:00,0.0,0.03877893,0.0,0.40867394
20001_0310_1,7,44783484,2024-05-22,11,11:00,0.0,0.04521189,0.0,0.43131799
20001_0310_1,7,44783484,2024-05-22,12,12:00,0.0,0.0959036,0.0,0.492817
20001_0310_1,7,44783484,2024-05-22,13,13:00,0.3288879096508026,0.0959036,0.0,0.49667686
20001_0310_1,7,44783484,2024-05-22,14,14:00,1.274999976158142,0.06669796,0.0,0.4542193
20001_0310_1,7,44783484,2024-05-22,15,15:00,0.0,0.058592442,0.0,0.43311915
20001_0310_1,7,44783484,2024-05-22,16,16:00,0.24851183891296386,0.047270436,0.0,0.42218322
20001_0310_1,7,44783484,2024-05-22,17,17:00,1.2007004022598267,0.07673338,0.0,0.46148857
20001_0310_1,7,44783484,2024-05-22,18,18:00,0.4084248940149943,0.14955445,0.0,0.5419649
20001_0310_1,7,44783484,2024-05-22,19,19:00,0.279365086555481,0.09358773,0.0,0.46888644
20001_0310_1,7,44783484,2024-05-22,20,20:00,0.0,0.031316705,0.0,0.3480755
20001_0310_1,7,44783484,2024-05-22,21,21:00,0.0,0.013047098,0.0,0.25261045
20001_0310_1,7,44783484,2024-05-22,22,22:00,0.0,0.0,0.0,0.1798537
20001_0310_1,7,44783484,2024-05-22,23,23:00,,0.0,0.0,0.1529639
20001_0310_1,7,44783484,2024-05-23,0,00:00,,0.0,0.0,0.11936371
20001_0310_1,7,44783484,2024-05-23,1,01:00,,0.0038390846,0.0,0.13419737
20001_0310_1,7,44783484,2024-05-23,2,02:00,,0.0035656507,0.0,0.15097918
20001_0310_1,7,44783484,2024-05-23,3,03:00,,0.0043859417,0.0,0.19199383
20001_0310_1,7,44783484,2024-05-23,4,04:00,,0.002745354,0.0,0.2474662
20001_0310_1,7,44783484,2024-05-23,5,05:00,0.0,0.03938512,0.0,0.3603932
20001_0310_1,7,44783484,2024-05-23,6,06:00,0.7743406772613526,0.17743365,0.007359511,0.5706276
20001_0310_1,7,44783484,2024-05-23,7,07:00,0.0,0.13200991,0.0,0.56628686
20001_0310_1,7,44783484,2024-05-23,8,08:00,0.32951387763023376,0.11464702,0.0,0.5409432
20001_0310_1,7,44783484,2024-05-23,9,09:00,0.0,0.10521365,0.0,0.5235803
20001_0310_1,7,44783484,2024-05-23,10,10:00,0.3940972089767456,0.03883826,0.0,0.44871143
20001_0310_1,7,44783484,2024-05-23,11,11:00,0.0,0.043760028,0.0,0.4690821
20001_0310_1,7,44783484,2024-05-23,12,12:00,0.4861111243565877,0.111297496,0.0,0.5477277
20001_0310_1,7,44783484,2024-05-23,13,13:00,0.0,0.110067055,0.0,0.55502486
20001_0310_1,7,44783484,2024-05-23,14,14:00,0.0,0.08641527,0.0,0.525443
20001_0310_1,7,44783484,2024-05-23,15,15:00,0.9696969985961914,0.08477468,0.0,0.51303613
20001_0310_1,7,44783484,2024-05-23,16,16:00,0.0,0.08053649,0.0,0.51050687
20001_0310_1,7,44783484,2024-05-23,17,17:00,0.0,0.1206625,0.0,0.5643215
20001_0310_1,7,44783484,2024-05-23,18,18:00,0.8472925821940104,0.22586513,0.028174454,0.6762062
20001_0310_1,7,44783484,2024-05-23,19,19:00,0.0,0.1394609,0.0,0.5673464
20001_0310_1,7,44783484,2024-05-23,20,20:00,0.0,0.053330112,0.0,0.40961084
20001_0310_1,7,44783484,2024-05-23,21,21:00,0.0,0.022432396,0.0,0.2882074
20001_0310_1,7,44783484,2024-05-23,22,22:00,0.0,0.0,0.0,0.19606115
20001_0310_1,7,44783484,2024-05-23,23,23:00,,0.0,0.0,0.1635912
20001_0310_1,7,44783484,2024-05-24,0,00:00,,0.007300354,0.0,0.1302771
20001_0310_1,7,44783484,2024-05-24,1,01:00,,0.006194941,0.0,0.143162
20001_0310_1,7,44783484,2024-05-24,2,02:00,,0.00066789635,0.0,0.15406063
20001_0310_1,7,44783484,2024-05-24,3,03:00,,0.0,0.0,0.19535804
20001_0310_1,7,44783484,2024-05-24,4,04:00,,0.0,0.0,0.24496326
20001_0310_1,7,44783484,2024-05-24,5,05:00,0.3647209405899048,0.026368657,0.0,0.36158386
20001_0310_1,7,44783484,2024-05-24,6,06:00,1.187329848607381,0.2111792,0.041706227,0.6176933
20001_0310_1,7,44783484,2024-05-24,7,07:00,1.1060783863067627,0.1457528,0.0,0.5906367
20001_0310_1,7,44783484,2024-05-24,8,08:00,0.0,0.1266845,0.0,0.5584848
20001_0310_1,7,44783484,2024-05-24,9,09:00,0.6542629599571228,0.09683846,0.0,0.51406115
20001_0310_1,7,44783484,2024-05-24,10,10:00,0.328125,0.037699092,0.0,0.44752944
20001_0310_1,7,44783484,2024-05-24,11,11:00,0.48020029067993164,0.052069403,0.0,0.4768227
20001_0310_1,7,44783484,2024-05-24,12,12:00,0.8381519317626953,0.111070596,0.0,0.5451163
20001_0310_1,7,44783484,2024-05-24,13,13:00,0.0,0.097529344,0.0,0.5387947
20001_0310_1,7,44783484,2024-05-24,14,14:00,0.4185360074043274,0.0989111,0.0,0.5340622
20001_0310_1,7,44783484,2024-05-24,15,15:00,0.0,0.097667515,0.0,0.52394086
20001_0310_1,7,44783484,2024-05-24,16,16:00,0.0,0.06561067,0.0,0.4961674
20001_0310_1,7,44783484,2024-05-24,17,17:00,0.4513243834177653,0.10761619,0.0,0.5515415
20001_0310_1,7,44783484,2024-05-24,18,18:00,0.0,0.25712273,0.066923335,0.699839
20001_0310_1,7,44783484,2024-05-24,19,19:00,0.5575646758079529,0.13338605,0.0,0.55299234
20001_0310_1,7,44783484,2024-05-24,20,20:00,0.0,0.028303118,0.0,0.37401968
20001_0310_1,7,44783484,2024-05-24,21,21:00,0.0,0.003707772,0.0,0.2632025
20001_0310_1,7,44783484,2024-05-24,22,22:00,0.0,0.0,0.0,0.19148912
20001_0310_1,7,44783484,2024-05-24,23,23:00,,0.0,0.0,0.1648902
20001_0310_1,7,44783484,2024-05-25,0,00:00,,0.014244165,0.0,0.15347824
20001_0310_1,7,44783484,2024-05-25,1,01:00,,0.008849424,0.0,0.16064757
20001_0310_1,7,44783484,2024-05-25,2,02:00,,0.0,0.0,0.15977798
20001_0310_1,7,44783484,2024-05-25,3,03:00,,0.0,0.0,0.2026343
20001_0310_1,7,44783484,2024-05-25,4,04:00,,0.0,0.0,0.27375972
20001_0310_1,7,44783484,2024-05-25,5,05:00,,0.06393258,0.0,0.43631184
20001_0310_1,7,44783484,2024-05-25,6,06:00,,0.26325417,0.053994894,0.7195358
20001_0310_1,7,44783484,2024-05-25,7,07:00,,0.22918208,0.0,0.7267762
20001_0310_1,7,44783484,2024-05-25,8,08:00,,0.19936904,0.0,0.67637783
20001_0310_1,7,44783484,2024-05-25,9,09:00,,0.16316746,0.0,0.62200457
20001_0310_1,7,44783484,2024-05-25,10,10:00,,0.07514799,0.0,0.51920277
20001_0310_1,7,44783484,2024-05-25,11,11:00,,0.09729482,0.0,0.56191707
20001_0310_1,7,44783484,2024-05-25,12,12:00,,0.1789258,0.0,0.65124977
20001_0310_1,7,44783484,2024-05-25,13,13:00,,0.14315014,0.0,0.62296283
20001_0310_1,7,44783484,2024-05-25,14,14:00,,0.1210033,0.0,0.5876486
20001_0310_1,7,44783484,2024-05-25,15,15:00,,0.11461478,0.0,0.5647919
20001_0310_1,7,44783484,2024-05-25,16,16:00,,0.082246326,0.0,0.5310037
20001_0310_1,7,44783484,2024-05-25,17,17:00,,0.12902443,0.0,0.5905588
20001_0310_1,7,44783484,2024-05-25,18,18:00,,0.22691062,0.026737249,0.68858707
20001_0310_1,7,44783484,2024-05-25,19,19:00,,0.13456114,0.0,0.5690155
20001_0310_1,7,44783484,2024-05-25,20,20:00,,0.036391005,0.0,0.39670303
20001_0310_1,7,44783484,2024-05-25,21,21:00,,0.015663836,0.0,0.28483316
20001_0310_1,7,44783484,2024-05-25,22,22:00,,0.0006153411,0.0,0.20944871
20001_0310_1,7,44783484,2024-05-25,23,23:00,,0.0,0.0,0.18208456
20001_0310_1,7,44783484,2024-05-26,0,00:00,,0.01612357,0.0,0.11720562
20001_0310_1,7,44783484,2024-05-26,1,01:00,,0.0035225535,0.0,0.10980939
20001_0310_1,7,44783484,2024-05-26,2,02:00,,0.0,0.0,0.1021392
20001_0310_1,7,44783484,2024-05-26,3,03:00,,0.0,0.0,0.1274782
20001_0310_1,7,44783484,2024-05-26,4,04:00,,0.0,0.0,0.19068873
20001_0310_1,7,44783484,2024-05-26,5,05:00,,0.034751166,0.0,0.34073672
20001_0310_1,7,44783484,2024-05-26,6,06:00,,0.29279807,0.098988965,0.68178594
20001_0310_1,7,44783484,2024-05-26,7,07:00,,0.15398143,0.0,0.5864565
20001_0310_1,7,44783484,2024-05-26,8,08:00,,0.15144753,0.0,0.57481426
20001_0310_1,7,44783484,2024-05-26,9,09:00,,0.15182419,0.0,0.5614856
20001_0310_1,7,44783484,2024-05-26,10,10:00,,0.041873474,0.0,0.44318843
20001_0310_1,7,44783484,2024-05-26,11,11:00,,0.072006345,0.0,0.49277073
20001_0310_1,7,44783484,2024-05-26,12,12:00,,0.20102978,0.02680704,0.6305601
20001_0310_1,7,44783484,2024-05-26,13,13:00,,0.16418551,0.0,0.5960442
20001_0310_1,7,44783484,2024-05-26,14,14:00,,0.11994499,0.0,0.5313612
20001_0310_1,7,44783484,2024-05-26,15,15:00,,0.09830411,0.0,0.4854087
20001_0310_1,7,44783484,2024-05-26,16,16:00,,0.04625644,0.0,0.42702624
20001_0310_1,7,44783484,2024-05-26,17,17:00,,0.10734398,0.0,0.494791
20001_0310_1,7,44783484,2024-05-26,18,18:00,,0.27608803,0.08720972,0.65713173
20001_0310_1,7,44783484,2024-05-26,19,19:00,,0.15189268,0.0,0.49229136
20001_0310_1,7,44783484,2024-05-26,20,20:00,,0.050365467,0.0,0.3125214
20001_0310_1,7,44783484,2024-05-26,21,21:00,,0.02516343,0.0,0.20233099
20001_0310_1,7,44783484,2024-05-26,22,22:00,,0.0013310721,0.0,0.13093664
20001_0310_1,7,44783484,2024-05-26,23,23:00,,0.0057140347,0.0,0.12001349
20001_0310_1,7,44783484,2024-05-27,0,00:00,,0.021083668,0.0,0.10165307
20001_0310_1,7,44783484,2024-05-27,1,01:00,,0.017795116,0.0008042867,0.09589811
20001_0310_1,7,44783484,2024-05-27,2,02:00,,0.013684427,0.012040159,0.0964462
20001_0310_1,7,44783484,2024-05-27,3,03:00,,0.0013523803,0.0,0.115355335
20001_0310_1,7,44783484,2024-05-27,4,04:00,,0.0,0.0,0.17002745
20001_0310_1,7,44783484,2024-05-27,5,05:00,0.0,0.027660763,0.0,0.2849896
20001_0310_1,7,44783484,2024-05-27,6,06:00,0.0,0.32225975,0.1415267,0.6516626
20001_0310_1,7,44783484,2024-05-27,7,07:00,0.3168891370296478,0.18763487,0.0,0.55478746
20001_0310_1,7,44783484,2024-05-27,8,08:00,0.3327036201953888,0.14762422,0.0,0.50484264
20001_0310_1,7,44783484,2024-05-27,9,09:00,0.0,0.17454919,0.00792947,0.51820236
20001_0310_1,7,44783484,2024-05-27,10,10:00,0.5693817138671875,0.037800446,0.0,0.3756987
20001_0310_1,7,44783484,2024-05-27,11,11:00,0.0,0.07808514,0.0,0.4325631
20001_0310_1,7,44783484,2024-05-27,12,12:00,0.0,0.24443081,0.07479657,0.6105557
20001_0310_1,7,44783484,2024-05-27,13,13:00,0.0,0.15111831,0.0,0.5168664
20001_0310_1,7,44783484,2024-05-27,14,14:00,0.0,0.15461239,0.0,0.49956724
20001_0310_1,7,44783484,2024-05-27,15,15:00,0.0,0.09384276,0.0,0.4249584
20001_0310_1,7,44783484,2024-05-27,16,16:00,0.4336060583591461,0.04382945,0.0,0.37706888
20001_0310_1,7,44783484,2024-05-27,17,17:00,0.0,0.1090523,0.0,0.45112967
20001_0310_1,7,44783484,2024-05-27,18,18:00,0.8408908843994141,0.275398,0.09260957,0.6138443
20001_0310_1,7,44783484,2024-05-27,19,19:00,0.0,0.14476387,0.0,0.4520032
20001_0310_1,7,44783484,2024-05-27,20,20:00,0.0,0.06246455,0.0,0.30170634
20001_0310_1,7,44783484,2024-05-27,21,21:00,0.0,0.035608083,0.0,0.20147419
20001_0310_1,7,44783484,2024-05-27,22,22:00,0.0,0.0,0.0,0.123371184
20001_0310_1,7,44783484,2024-05-27,23,23:00,,0.0,0.0,0.11343703
20001_0310_1,7,44783484,2024-05-28,0,00:00,,0.024068762,0.0,0.1245233
20001_0310_1,7,44783484,2024-05-28,1,01:00,,0.0038113485,0.0,0.11182773
20001_0310_1,7,44783484,2024-05-28,2,02:00,,0.018241284,0.0,0.13839824
20001_0310_1,7,44783484,2024-05-28,3,03:00,,0.0,0.0,0.14419103
20001_0310_1,7,44783484,2024-05-28,4,04:00,,0.0,0.0,0.20444293
20001_0310_1,7,44783484,2024-05-28,5,05:00,0.0,0.0027013521,0.0,0.29962498
20001_0310_1,7,44783484,2024-05-28,6,06:00,0.0,0.34957474,0.15733752,0.7164281
20001_0310_1,7,44783484,2024-05-28,7,07:00,0.609682273864746,0.19639547,0.0,0.5982136
20001_0310_1,7,44783484,2024-05-28,8,08:00,0.0,0.13291764,0.0,0.5237746
20001_0310_1,7,44783484,2024-05-28,9,09:00,0.0,0.12355206,0.0,0.5001699
20001_0310_1,7,44783484,2024-05-28,10,10:00,0.45692944526672363,0.05487112,0.0,0.41506448
20001_0310_1,7,44783484,2024-05-28,11,11:00,0.0,0.055703618,0.0,0.42283446
20001_0310_1,7,44783484,2024-05-28,12,12:00,0.0,0.16156939,0.0015913558,0.53022647
20001_0310_1,7,44783484,2024-05-28,13,13:00,0.8540395895640055,0.09594093,0.0,0.46525705
20001_0310_1,7,44783484,2024-05-28,14,14:00,0.36900079250335693,0.11141148,0.0,0.46806672
20001_0310_1,7,44783484,2024-05-28,15,15:00,0.0,0.092472196,0.0,0.438305
20001_0310_1,7,44783484,2024-05-28,16,16:00,0.0,0.036833696,0.0,0.3859271
20001_0310_1,7,44783484,2024-05-28,17,17:00,0.0,0.09871592,0.0,0.45890927
20001_0310_1,7,44783484,2024-05-28,18,18:00,0.0,0.31460992,0.14172824,0.66647834
20001_0310_1,7,44783484,2024-05-28,19,19:00,0.3794824779033661,0.120360814,0.0,0.44111463
20001_0310_1,7,44783484,2024-05-28,20,20:00,0.0,0.027121244,0.0,0.28075507
20001_0310_1,7,44783484,2024-05-28,21,21:00,0.0,0.004921345,0.0,0.18848677
20001_0310_1,7,44783484,2024-05-28,22,22:00,0.0,0.002423856,0.0,0.14724351
20001_0310_1,7,44783484,2024-05-28,23,23:00,,0.0032563503,0.0,0.13770449
20001_0310_1,7,44783484,2024-05-29,0,00:00,,0.0029337716,0.0,0.11394876
20001_0310_1,7,44783484,2024-05-29,1,01:00,,0.0,0.0,0.12044211
20001_0310_1,7,44783484,2024-05-29,2,02:00,,0.0,0.0,0.12358403
20001_0310_1,7,44783484,2024-05-29,3,03:00,,0.0,0.0,0.14313383
20001_0310_1,7,44783484,2024-05-29,4,04:00,,0.0,0.0,0.19968864
20001_0310_1,7,44783484,2024-05-29,5,05:00,0.0,0.029465659,0.0,0.32327142
20001_0310_1,7,44783484,2024-05-29,6,06:00,1.0734649896621704,0.2852889,0.11810311,0.6511497
20001_0310_1,7,44783484,2024-05-29,7,07:00,1.0802440643310547,0.16673326,0.0,0.5782567
20001_0310_1,7,44783484,2024-05-29,8,08:00,0.33537277579307556,0.10906131,0.0,0.51410896
20001_0310_1,7,44783484,2024-05-29,9,09:00,0.0,0.1133902,0.0,0.50546867
20001_0310_1,7,44783484,2024-05-29,10,10:00,0.0,0.049853306,0.0,0.42953855
20001_0310_1,7,44783484,2024-05-29,11,11:00,0.0,0.037844144,0.0,0.4296782
20001_0310_1,7,44783484,2024-05-29,12,12:00,0.8490433692932129,0.12532954,0.0,0.5173207
20001_0310_1,7,44783484,2024-05-29,13,13:00,0.0,0.068286,0.0,0.4638904
20001_0310_1,7,44783484,2024-05-29,14,14:00,0.0,0.07247524,0.0,0.4504848
20001_0310_1,7,44783484,2024-05-29,15,15:00,0.0,0.061862476,0.0,0.42520967
20001_0310_1,7,44783484,2024-05-29,16,16:00,0.7069298028945923,0.031699914,0.0,0.39183536
20001_0310_1,7,44783484,2024-05-29,17,17:00,0.6242523193359375,0.07889874,0.0,0.44535294
20001_0310_1,7,44783484,2024-05-29,18,18:00,0.0,0.23920721,0.09586522,0.6028337
20001_0310_1,7,44783484,2024-05-29,19,19:00,0.0,0.09523681,0.0,0.42932913
20001_0310_1,7,44783484,2024-05-29,20,20:00,0.0,0.0023752013,0.0,0.273559
20001_0310_1,7,44783484,2024-05-29,21,21:00,0.0,0.00069950265,0.0,0.19871116
20001_0310_1,7,44783484,2024-05-29,22,22:00,0.0,0.0046094647,0.0,0.15905297
20001_0310_1,7,44783484,2024-05-29,23,23:00,,0.0,0.0,0.134895
20001_0310_1,7,44783484,2024-05-30,0,00:00,,0.018263377,0.0,0.12762406
20001_0310_1,7,44783484,2024-05-30,1,01:00,,0.005527701,0.0,0.12873152
20001_0310_1,7,44783484,2024-05-30,2,02:00,,0.0,0.0,0.12540917
20001_0310_1,7,44783484,2024-05-30,3,03:00,,0.0,0.0,0.1622492
20001_0310_1,7,44783484,2024-05-30,4,04:00,,0.0,0.0,0.23034006
20001_0310_1,7,44783484,2024-05-30,5,05:00,,0.024077494,0.0,0.3554819
20001_0310_1,7,44783484,2024-05-30,6,06:00,,0.25331965,0.05923902,0.66584474
20001_0310_1,7,44783484,2024-05-30,7,07:00,,0.20846793,0.0,0.6722126
20001_0310_1,7,44783484,2024-05-30,8,08:00,,0.13821407,0.0,0.60445046
20001_0310_1,7,44783484,2024-05-30,9,09:00,,0.10858977,0.0,0.5666199
20001_0310_1,7,44783484,2024-05-30,10,10:00,,0.05923903,0.0,0.5087253
20001_0310_1,7,44783484,2024-05-30,11,11:00,,0.04927198,0.0,0.51384723
20001_0310_1,7,44783484,2024-05-30,12,12:00,,0.15558718,0.0,0.6267379
20001_0310_1,7,44783484,2024-05-30,13,13:00,,0.096200176,0.0,0.565932
20001_0310_1,7,44783484,2024-05-30,14,14:00,,0.08471038,0.0,0.53135884
20001_0310_1,7,44783484,2024-05-30,15,15:00,,0.063945696,0.0,0.4817312
20001_0310_1,7,44783484,2024-05-30,16,16:00,,0.042350415,0.0,0.44380108
20001_0310_1,7,44783484,2024-05-30,17,17:00,,0.08277234,0.0,0.4795163
20001_0310_1,7,44783484,2024-05-30,18,18:00,,0.19420949,0.034736685,0.579879
20001_0310_1,7,44783484,2024-05-30,19,19:00,,0.103952326,0.0,0.4538373
20001_0310_1,7,44783484,2024-05-30,20,20:00,,0.013279858,0.0,0.29235724
20001_0310_1,7,44783484,2024-05-30,21,21:00,,0.0,0.0,0.19801636
20001_0310_1,7,44783484,2024-05-30,22,22:00,,0.0,0.0,0.14904632
20001_0310_1,7,44783484,2024-05-30,23,23:00,,0.008296334,0.0,0.13648368
20001_0310_1,7,44783484,2024-05-31,0,00:00,,0.008001802,0.0,0.10070931
20001_0310_1,7,44783484,2024-05-31,1,01:00,,0.0008809869,0.0,0.10057236
20001_0310_1,7,44783484,2024-05-31,2,02:00,,0.0019764933,0.0,0.1105689
20001_0310_1,7,44783484,2024-05-31,3,03:00,,0.0,0.0,0.13388273
20001_0310_1,7,44783484,2024-05-31,4,04:00,,0.0,0.0,0.19451232
20001_0310_1,7,44783484,2024-05-31,5,05:00,,0.047714032,0.0,0.347336
20001_0310_1,7,44783484,2024-05-31,6,06:00,,0.3602082,0.15603253,0.7414455
20001_0310_1,7,44783484,2024-05-31,7,07:00,,0.25284824,0.012383828,0.6784538
20001_0310_1,7,44783484,2024-05-31,8,08:00,,0.16650838,0.0,0.5766399
20001_0310_1,7,44783484,2024-05-31,9,09:00,,0.1767103,0.0,0.56753343
20001_0310_1,7,44783484,2024-05-31,10,10:00,,0.07647116,0.0,0.4545589
20001_0310_1,7,44783484,2024-05-31,11,11:00,,0.0918083,0.0,0.47393578
20001_0310_1,7,44783484,2024-05-31,12,12:00,,0.25010943,0.07756665,0.6329901
20001_0310_1,7,44783484,2024-05-31,13,13:00,,0.10940492,0.0,0.48249447
20001_0310_1,7,44783484,2024-05-31,14,14:00,,0.12857634,0.0,0.48013228
20001_0310_1,7,44783484,2024-05-31,15,15:00,,0.09317768,0.0,0.42196757
20001_0310_1,7,44783484,2024-05-31,16,16:00,,0.06496831,0.0,0.38773292
20001_0310_1,7,44783484,2024-05-31,17,17:00,,0.13330074,0.0,0.4607212
20001_0310_1,7,44783484,2024-05-31,18,18:00,,0.28297478,0.11173289,0.6056024
20001_0310_1,7,44783484,2024-05-31,19,19:00,,0.13610798,0.0,0.42854065
20001_0310_1,7,44783484,2024-05-31,20,20:00,,0.024160571,0.0,0.25147885
20001_0310_1,7,44783484,2024-05-31,21,21:00,,0.010192821,0.0,0.16657685
20001_0310_1,7,44783484,2024-05-31,22,22:00,,0.004715271,0.0,0.1241943
20001_0310_1,7,44783484,2024-05-31,23,23:00,,0.0,0.0,0.10707696
20001_0310_1,8,69442472,2024-05-01,0,00:00,,0.0,0.0,0.049284764
20001_0310_1,8,69442472,2024-05-01,1,01:00,,0.0,0.0,0.053528193
20001_0310_1,8,69442472,2024-05-01,2,02:00,,0.0,0.0,0.06568924
20001_0310_1,8,69442472,2024-05-01,3,03:00,,0.0,0.0,0.092495285
20001_0310_1,8,69442472,2024-05-01,4,04:00,,0.0,0.0,0.13042744
20001_0310_1,8,69442472,2024-05-01,5,05:00,,0.032725036,0.0,0.21726248
20001_0310_1,8,69442472,2024-05-01,6,06:00,,0.15754397,0.058056224,0.37157837
20001_0310_1,8,69442472,2024-05-01,7,07:00,,0.06915643,0.0,0.2914449
20001_0310_1,8,69442472,2024-05-01,8,08:00,,0.008299443,0.0,0.21715899
20001_0310_1,8,69442472,2024-05-01,9,09:00,,0.009541422,0.0,0.21239805
20001_0310_1,8,69442472,2024-05-01,10,10:00,,0.03024108,0.0,0.23351173
20001_0310_1,8,69442472,2024-05-01,11,11:00,,0.025066163,0.0,0.24096361
20001_0310_1,8,69442472,2024-05-01,12,12:00,,0.01264637,0.0,0.23930763
20001_0310_1,8,69442472,2024-05-01,13,13:00,,0.03727896,0.0,0.27152148
20001_0310_1,8,69442472,2024-05-01,14,14:00,,0.05166522,0.0,0.29215643
20001_0310_1,8,69442472,2024-05-01,15,15:00,,0.10191363,0.01787303,0.3447206
20001_0310_1,8,69442472,2024-05-01,16,16:00,,0.04980225,0.0,0.29165184
20001_0310_1,8,69442472,2024-05-01,17,17:00,,0.0633864,0.0,0.30163947
20001_0310_1,8,69442472,2024-05-01,18,18:00,,0.051768716,0.0,0.2720648
20001_0310_1,8,69442472,2024-05-01,19,19:00,,0.020719238,0.0,0.20691265
20001_0310_1,8,69442472,2024-05-01,20,20:00,,0.009955414,0.0,0.15443903
20001_0310_1,8,69442472,2024-05-01,21,21:00,,0.0049875015,0.0,0.11184947
20001_0310_1,8,69442472,2024-05-01,22,22:00,,0.0070574638,0.0,0.095496744
20001_0310_1,8,69442472,2024-05-01,23,23:00,,0.0043665078,0.0,0.08734626
20001_0310_1,8,69442472,2024-05-02,0,00:00,,0.0,0.0,0.0343415
20001_0310_1,8,69442472,2024-05-02,1,01:00,,0.007671468,0.0,0.04400456
20001_0310_1,8,69442472,2024-05-02,2,02:00,,0.0011005872,0.0,0.048546195
20001_0310_1,8,69442472,2024-05-02,3,03:00,,0.0,0.0,0.06635037
20001_0310_1,8,69442472,2024-05-02,4,04:00,,0.002453418,0.0,0.11280553
20001_0310_1,8,69442472,2024-05-02,5,05:00,,0.042941626,0.0,0.19238082
20001_0310_1,8,69442472,2024-05-02,6,06:00,,0.13155188,0.03670896,0.30954537
20001_0310_1,8,69442472,2024-05-02,7,07:00,,0.064490244,0.0,0.24977937
20001_0310_1,8,69442472,2024-05-02,8,08:00,,0.014628867,0.0,0.18933694
20001_0310_1,8,69442472,2024-05-02,9,09:00,,0.013855821,0.0,0.17967388
20001_0310_1,8,69442472,2024-05-02,10,10:00,,0.019460397,0.0,0.18402225
20001_0310_1,8,69442472,2024-05-02,11,11:00,,0.04274836,0.0,0.21243164
20001_0310_1,8,69442472,2024-05-02,12,12:00,,0.023518883,0.0,0.19919325
20001_0310_1,8,69442472,2024-05-02,13,13:00,,0.031056067,0.0,0.2091462
20001_0310_1,8,69442472,2024-05-02,14,14:00,,0.058789037,0.0,0.23815955
20001_0310_1,8,69442472,2024-05-02,15,15:00,,0.091111965,0.0064152777,0.26944366
20001_0310_1,8,69442472,2024-05-02,16,16:00,,0.060528386,0.0,0.23274823
20001_0310_1,8,69442472,2024-05-02,17,17:00,,0.09260973,0.0021635299,0.25958738
20001_0310_1,8,69442472,2024-05-02,18,18:00,,0.0741533,0.0,0.22518687
20001_0310_1,8,69442472,2024-05-02,19,19:00,,0.038399987,0.0,0.16063766
20001_0310_1,8,69442472,2024-05-02,20,20:00,,0.0155951725,0.0,0.10637959
20001_0310_1,8,69442472,2024-05-02,21,21:00,,0.009410817,0.0,0.07007066
20001_0310_1,8,69442472,2024-05-02,22,22:00,,0.011343432,0.0,0.057822734
20001_0310_1,8,69442472,2024-05-02,23,23:00,,0.004579292,0.0,0.047869783
20001_0310_1,8,69442472,2024-05-03,0,00:00,,0.0,0.0,0.023238387
20001_0310_1,8,69442472,2024-05-03,1,01:00,,0.008159675,0.0,0.035710912
20001_0310_1,8,69442472,2024-05-03,2,02:00,,0.0,0.0,0.035897065
20001_0310_1,8,69442472,2024-05-03,3,03:00,,0.0,0.0,0.04948652
20001_0310_1,8,69442472,2024-05-03,4,04:00,,0.0,0.0,0.08816065
20001_0310_1,8,69442472,2024-05-03,5,05:00,,0.0587013,0.0,0.1918501
20001_0310_1,8,69442472,2024-05-03,6,06:00,,0.20585841,0.1037513,0.3696766
20001_0310_1,8,69442472,2024-05-03,7,07:00,,0.06833493,0.0,0.23716769
20001_0310_1,8,69442472,2024-05-03,8,08:00,,0.03645554,0.0,0.1929205
20001_0310_1,8,69442472,2024-05-03,9,09:00,,0.040271755,0.0,0.17830718
20001_0310_1,8,69442472,2024-05-03,10,10:00,,0.038503263,0.0,0.1664862
20001_0310_1,8,69442472,2024-05-03,11,11:00,,0.0757114,0.024366967,0.19954072
20001_0310_1,8,69442472,2024-05-03,12,12:00,,0.030870827,0.0,0.16118073
20001_0310_1,8,69442472,2024-05-03,13,13:00,,0.04799727,0.0,0.18147187
20001_0310_1,8,69442472,2024-05-03,14,14:00,,0.07538562,0.0016209129,0.21328142
20001_0310_1,8,69442472,2024-05-03,15,15:00,,0.122553155,0.041854084,0.26049548
20001_0310_1,8,69442472,2024-05-03,16,16:00,,0.060469795,0.0,0.19552669
20001_0310_1,8,69442472,2024-05-03,17,17:00,,0.11017372,0.021562982,0.24215904
20001_0310_1,8,69442472,2024-05-03,18,18:00,,0.097468495,0.01269725,0.22082077
20001_0310_1,8,69442472,2024-05-03,19,19:00,,0.060097475,0.0,0.16020343
20001_0310_1,8,69442472,2024-05-03,20,20:00,,0.030312356,0.0,0.10584556
20001_0310_1,8,69442472,2024-05-03,21,21:00,,0.031801615,0.0,0.07948108
20001_0310_1,8,69442472,2024-05-03,22,22:00,,0.027520003,0.0,0.06582181
20001_0310_1,8,69442472,2024-05-03,23,23:00,,0.0064842603,0.0,0.044739522
20001_0310_1,8,69442472,2024-05-04,0,00:00,,0.0,0.0,0.029193604
20001_0310_1,8,69442472,2024-05-04,1,01:00,,0.0046270713,0.0,0.03447086
20001_0310_1,8,69442472,2024-05-04,2,02:00,,0.003899176,0.0,0.04165885
20001_0310_1,8,69442472,2024-05-04,3,03:00,,0.0060828654,0.0,0.06315457
20001_0310_1,8,69442472,2024-05-04,4,04:00,,0.010450249,0.0,0.09788892
20001_0310_1,8,69442472,2024-05-04,5,05:00,,0.063859716,0.0,0.18591897
20001_0310_1,8,69442472,2024-05-04,6,06:00,,0.2981517,0.19661,0.44373116
20001_0310_1,8,69442472,2024-05-04,7,07:00,,0.1143576,0.011906043,0.26485038
20001_0310_1,8,69442472,2024-05-04,8,08:00,,0.063404776,0.0,0.203616
20001_0310_1,8,69442472,2024-05-04,9,09:00,,0.07063826,0.0,0.2002893
20001_0310_1,8,69442472,2024-05-04,10,10:00,,0.065451995,0.0012719238,0.18761364
20001_0310_1,8,69442472,2024-05-04,11,11:00,,0.09691081,0.03608589,0.2187881
20001_0310_1,8,69442472,2024-05-04,12,12:00,,0.05312323,0.0,0.1801413
20001_0310_1,8,69442472,2024-05-04,13,13:00,,0.073458865,0.0,0.20402543
20001_0310_1,8,69442472,2024-05-04,14,14:00,,0.09051896,0.009813342,0.22235936
20001_0310_1,8,69442472,2024-05-04,15,15:00,,0.15311812,0.064405635,0.28796113
20001_0310_1,8,69442472,2024-05-04,16,16:00,,0.07614299,0.0,0.21039455
20001_0310_1,8,69442472,2024-05-04,17,17:00,,0.13801426,0.04520736,0.26794395
20001_0310_1,8,69442472,2024-05-04,18,18:00,,0.09998162,0.014726642,0.21835592
20001_0310_1,8,69442472,2024-05-04,19,19:00,,0.058673445,0.0,0.15307263
20001_0310_1,8,69442472,2024-05-04,20,20:00,,0.041203912,0.0,0.11249237
20001_0310_1,8,69442472,2024-05-04,21,21:00,,0.033197038,0.0013515295,0.08144299
20001_0310_1,8,69442472,2024-05-04,22,22:00,,0.032105196,0.006810763,0.07259449
20001_0310_1,8,69442472,2024-05-04,23,23:00,,0.009176429,0.0,0.051303484
20001_0310_1,8,69442472,2024-05-05,0,00:00,,0.0,0.0,0.016664898
20001_0310_1,8,69442472,2024-05-05,1,01:00,,0.0034263157,0.0,0.021017317
20001_0310_1,8,69442472,2024-05-05,2,02:00,,0.005783871,0.00016200112,0.027545927
20001_0310_1,8,69442472,2024-05-05,3,03:00,,0.008866833,0.0,0.04776651
20001_0310_1,8,69442472,2024-05-05,4,04:00,,0.0010687606,0.0,0.07027663
20001_0310_1,8,69442472,2024-05-05,5,05:00,,0.05556458,0.0,0.15834497
20001_0310_1,8,69442472,2024-05-05,6,06:00,,0.33874336,0.24190223,0.4642379
20001_0310_1,8,69442472,2024-05-05,7,07:00,1.8181818723678589,0.1346334,0.039152365,0.26457104
20001_0310_1,8,69442472,2024-05-05,8,08:00,,0.06000767,0.0,0.17738679
20001_0310_1,8,69442472,2024-05-05,9,09:00,,0.06372535,0.0014767931,0.16886331
20001_0310_1,8,69442472,2024-05-05,10,10:00,0.0,0.061549146,0.0069173137,0.16015849
20001_0310_1,8,69442472,2024-05-05,11,11:00,,0.08645084,0.034437254,0.18785977
20001_0310_1,8,69442472,2024-05-05,12,12:00,,0.05139352,0.0,0.15820898
20001_0310_1,8,69442472,2024-05-05,13,13:00,,0.07188613,0.005942554,0.183122
20001_0310_1,8,69442472,2024-05-05,14,14:00,,0.092922784,0.021380018,0.20690158
20001_0310_1,8,69442472,2024-05-05,15,15:00,,0.14796266,0.070389986,0.26330158
20001_0310_1,8,69442472,2024-05-05,16,16:00,,0.072611526,0.0,0.18740639
20001_0310_1,8,69442472,2024-05-05,17,17:00,,0.116861045,0.031444963,0.23038645
20001_0310_1,8,69442472,2024-05-05,18,18:00,,0.10076619,0.021107983,0.204272
20001_0310_1,8,69442472,2024-05-05,19,19:00,,0.0637707,0.0018394983,0.14510639
20001_0310_1,8,69442472,2024-05-05,20,20:00,,0.03770156,0.0,0.09643644
20001_0310_1,8,69442472,2024-05-05,21,21:00,,0.039061688,0.011859115,0.076057196
20001_0310_1,8,69442472,2024-05-05,22,22:00,,0.027545933,0.0052398182,0.0536604
20001_0310_1,8,69442472,2024-05-05,23,23:00,,0.014851397,0.0,0.040059112
20001_0310_1,8,69442472,2024-05-06,0,00:00,,0.0,0.0,0.037727665
20001_0310_1,8,69442472,2024-05-06,1,01:00,,0.004232786,0.0,0.05115024
20001_0310_1,8,69442472,2024-05-06,2,02:00,,0.0057105036,0.0,0.060632247
20001_0310_1,8,69442472,2024-05-06,3,03:00,,0.008665934,0.0,0.08649226
20001_0310_1,8,69442472,2024-05-06,4,04:00,,0.0007847835,0.0,0.11518456
20001_0310_1,8,69442472,2024-05-06,5,05:00,0.0,0.044500522,0.0,0.20323177
20001_0310_1,8,69442472,2024-05-06,6,06:00,0.0,0.22121061,0.11038197,0.41429868
20001_0310_1,8,69442472,2024-05-06,7,07:00,0.0,0.22958432,0.11056671,0.43720338
20001_0310_1,8,69442472,2024-05-06,8,08:00,0.0,0.071222536,0.0,0.26406434
20001_0310_1,8,69442472,2024-05-06,9,09:00,0.4394841194152832,0.029353945,0.0,0.20310862
20001_0310_1,8,69442472,2024-05-06,10,10:00,0.0,0.023935651,0.0,0.17983459
20001_0310_1,8,69442472,2024-05-06,11,11:00,0.0,0.051889095,0.0,0.20397061
20001_0310_1,8,69442472,2024-05-06,12,12:00,0.0,0.03723509,0.0,0.19227204
20001_0310_1,8,69442472,2024-05-06,13,13:00,0.7807692289352417,0.04905681,0.0,0.2074186
20001_0310_1,8,69442472,2024-05-06,14,14:00,0.0,0.0956664,0.017532215,0.2564295
20001_0310_1,8,69442472,2024-05-06,15,15:00,0.0,0.11930984,0.03495694,0.2797651
20001_0310_1,8,69442472,2024-05-06,16,16:00,0.0,0.07467053,0.0,0.22841449
20001_0310_1,8,69442472,2024-05-06,17,17:00,1.2262898683547974,0.10856562,0.018702073,0.25932333
20001_0310_1,8,69442472,2024-05-06,18,18:00,0.18666666746139526,0.09234155,0.0062030805,0.22933806
20001_0310_1,8,69442472,2024-05-06,19,19:00,0.0,0.055829667,0.0,0.16801289
20001_0310_1,8,69442472,2024-05-06,20,20:00,0.0,0.031077944,0.0,0.11306034
20001_0310_1,8,69442472,2024-05-06,21,21:00,0.0,0.027383657,0.0,0.07590197
20001_0310_1,8,69442472,2024-05-06,22,22:00,0.0,0.02368937,0.004479077,0.05546024
20001_0310_1,8,69442472,2024-05-06,23,23:00,,0.017039647,4.5917463e-05,0.05139652
20001_0310_1,8,69442472,2024-05-07,0,00:00,,0.0,0.0,0.037206512
20001_0310_1,8,69442472,2024-05-07,1,01:00,,0.0064576296,0.0,0.067955405
20001_0310_1,8,69442472,2024-05-07,2,02:00,,0.0,0.0,0.05378209
20001_0310_1,8,69442472,2024-05-07,3,03:00,,0.0,0.0,0.09558136
20001_0310_1,8,69442472,2024-05-07,4,04:00,,0.0,0.0,0.12236653
20001_0310_1,8,69442472,2024-05-07,5,05:00,0.0,0.02759749,0.0,0.21125004
20001_0310_1,8,69442472,2024-05-07,6,06:00,0.31506600975990295,0.18950962,0.08140806,0.41195858
20001_0310_1,8,69442472,2024-05-07,7,07:00,0.3828042348225911,0.14843102,0.03011988,0.38901705
20001_0310_1,8,69442472,2024-05-07,8,08:00,0.3875260353088379,0.031681325,0.0,0.25485095
20001_0310_1,8,69442472,2024-05-07,9,09:00,0.0,0.025915911,0.0,0.2223004
20001_0310_1,8,69442472,2024-05-07,10,10:00,0.0,0.017748237,0.0,0.19551525
20001_0310_1,8,69442472,2024-05-07,11,11:00,0.0,0.03480426,0.0,0.20488404
20001_0310_1,8,69442472,2024-05-07,12,12:00,0.6434228420257568,0.020390723,0.0,0.18999007
20001_0310_1,8,69442472,2024-05-07,13,13:00,0.0,0.035044484,0.0,0.20776676
20001_0310_1,8,69442472,2024-05-07,14,14:00,0.0,0.059547506,0.0,0.24061762
20001_0310_1,8,69442472,2024-05-07,15,15:00,0.5476190646489462,0.08573211,0.01220803,0.26756793
20001_0310_1,8,69442472,2024-05-07,16,16:00,0.42500001192092896,0.06771518,0.0,0.2428397
20001_0310_1,8,69442472,2024-05-07,17,17:00,0.0,0.11437902,0.03390341,0.2881823
20001_0310_1,8,69442472,2024-05-07,18,18:00,0.22618182500203451,0.08308963,0.004415707,0.24848501
20001_0310_1,8,69442472,2024-05-07,19,19:00,0.0,0.036726065,0.0,0.17942016
20001_0310_1,8,69442472,2024-05-07,20,20:00,0.0,0.022312526,0.0,0.13233589
20001_0310_1,8,69442472,2024-05-07,21,21:00,0.0,0.013664401,0.0,0.08855477
20001_0310_1,8,69442472,2024-05-07,22,22:00,0.0,0.009340338,0.0,0.07011744
20001_0310_1,8,69442472,2024-05-07,23,23:00,,0.0057369526,0.0,0.068555966
20001_0310_1,8,69442472,2024-05-08,0,00:00,,0.0008192741,0.0,0.050531693
20001_0310_1,8,69442472,2024-05-08,1,01:00,,0.0046250112,0.0,0.060640674
20001_0310_1,8,69442472,2024-05-08,2,02:00,,0.0,0.0,0.064089626
20001_0310_1,8,69442472,2024-05-08,3,03:00,,0.0051007266,0.0,0.09860883
20001_0310_1,8,69442472,2024-05-08,4,04:00,,0.0020085718,0.0,0.1311657
20001_0310_1,8,69442472,2024-05-08,5,05:00,0.0,0.057310652,0.0,0.2341584
20001_0310_1,8,69442472,2024-05-08,6,06:00,0.0,0.239867,0.12878712,0.45822105
20001_0310_1,8,69442472,2024-05-08,7,07:00,0.7893518805503845,0.15138367,0.026151191,0.3936425
20001_0310_1,8,69442472,2024-05-08,8,08:00,0.3494734466075897,0.052077774,0.0,0.27970833
20001_0310_1,8,69442472,2024-05-08,9,09:00,0.0,0.039590202,0.0,0.24688381
20001_0310_1,8,69442472,2024-05-08,10,10:00,0.0,0.028648712,0.0,0.2198869
20001_0310_1,8,69442472,2024-05-08,11,11:00,0.0,0.04696381,0.0,0.23451518
20001_0310_1,8,69442472,2024-05-08,12,12:00,0.0,0.037687335,0.0,0.22476298
20001_0310_1,8,69442472,2024-05-08,13,13:00,0.38641974329948425,0.04315808,0.0,0.23725057
20001_0310_1,8,69442472,2024-05-08,14,14:00,0.0,0.06444641,0.0,0.2660909
20001_0310_1,8,69442472,2024-05-08,15,15:00,0.0,0.10018464,0.0125932675,0.30468348
20001_0310_1,8,69442472,2024-05-08,16,16:00,0.0,0.08962967,0.0,0.28882125
20001_0310_1,8,69442472,2024-05-08,17,17:00,0.0,0.13746893,0.042920213,0.33203715
20001_0310_1,8,69442472,2024-05-08,18,18:00,0.0,0.08823226,0.001859912,0.2725428
20001_0310_1,8,69442472,2024-05-08,19,19:00,0.24440789222717285,0.04506095,0.0,0.20335573
20001_0310_1,8,69442472,2024-05-08,20,20:00,0.0,0.03411946,0.0,0.15935192
20001_0310_1,8,69442472,2024-05-08,21,21:00,0.0,0.022940114,0.0,0.11076933
20001_0310_1,8,69442472,2024-05-08,22,22:00,0.0,0.016280076,0.0,0.088826895
20001_0310_1,8,69442472,2024-05-08,23,23:00,,0.0046250112,0.0,0.07681505
20001_0310_1,8,69442472,2024-05-09,0,00:00,,0.0,0.0,0.043270804
20001_0310_1,8,69442472,2024-05-09,1,01:00,,0.0053106053,0.0,0.05654523
20001_0310_1,8,69442472,2024-05-09,2,02:00,,0.0,0.0,0.058058985
20001_0310_1,8,69442472,2024-05-09,3,03:00,,0.0,0.0,0.081201896
20001_0310_1,8,69442472,2024-05-09,4,04:00,,0.0,0.0,0.11546505
20001_0310_1,8,69442472,2024-05-09,5,05:00,0.0,0.023475613,0.0,0.19091967
20001_0310_1,8,69442472,2024-05-09,6,06:00,0.0,0.13764732,0.032936566,0.34899014
20001_0310_1,8,69442472,2024-05-09,7,07:00,0.0,0.1395104,0.02190364,0.37681982
20001_0310_1,8,69442472,2024-05-09,8,08:00,0.3736858367919922,0.048860036,0.0,0.27534035
20001_0310_1,8,69442472,2024-05-09,9,09:00,0.0,0.027201768,0.0,0.23365402
20001_0310_1,8,69442472,2024-05-09,10,10:00,0.0,0.012995804,0.0,0.20070083
20001_0310_1,8,69442472,2024-05-09,11,11:00,0.0,0.021146765,0.0,0.20465988
20001_0310_1,8,69442472,2024-05-09,12,12:00,0.0,0.01951657,0.0,0.20582432
20001_0310_1,8,69442472,2024-05-09,13,13:00,0.0,0.031393684,0.0,0.22783189
20001_0310_1,8,69442472,2024-05-09,14,14:00,0.0,0.03209234,0.0,0.23540065
20001_0310_1,8,69442472,2024-05-09,15,15:00,0.0,0.06620995,0.0,0.27173063
20001_0310_1,8,69442472,2024-05-09,16,16:00,0.0,0.057709653,0.0,0.25656405
20001_0310_1,8,69442472,2024-05-09,17,17:00,0.0,0.07395336,0.0,0.26609048
20001_0310_1,8,69442472,2024-05-09,18,18:00,0.23465425968170167,0.051887542,0.0,0.23272246
20001_0310_1,8,69442472,2024-05-09,19,19:00,0.0,0.033256765,0.0,0.1874264
20001_0310_1,8,69442472,2024-05-09,20,20:00,0.0,0.019050801,0.0,0.13886997
20001_0310_1,8,69442472,2024-05-09,21,21:00,0.0,0.014160223,0.0,0.096135624
20001_0310_1,8,69442472,2024-05-09,22,22:00,0.0,0.010434066,0.0,0.07104231
20001_0310_1,8,69442472,2024-05-09,23,23:00,,0.0050777197,0.0,0.063997544
20001_0310_1,8,69442472,2024-05-10,0,00:00,,0.005885459,0.0,0.05512548
20001_0310_1,8,69442472,2024-05-10,1,01:00,,0.0,0.0,0.052323207
20001_0310_1,8,69442472,2024-05-10,2,02:00,,0.0,0.0,0.055826053
20001_0310_1,8,69442472,2024-05-10,3,03:00,,0.0,0.0,0.07053801
20001_0310_1,8,69442472,2024-05-10,4,04:00,,0.0,0.0,0.09710961
20001_0310_1,8,69442472,2024-05-10,5,05:00,0.0,0.0038838317,0.0,0.14159577
20001_0310_1,8,69442472,2024-05-10,6,06:00,0.3368896543979645,0.06538382,0.0,0.23432115
20001_0310_1,8,69442472,2024-05-10,7,07:00,0.0,0.09020399,0.010264026,0.27788153
20001_0310_1,8,69442472,2024-05-10,8,08:00,0.33556121587753296,0.030305305,0.0,0.21095213
20001_0310_1,8,69442472,2024-05-10,9,09:00,0.0,0.004083995,0.0,0.17242083
20001_0310_1,8,69442472,2024-05-10,10,10:00,0.0,0.0,0.0,0.15720843
20001_0310_1,8,69442472,2024-05-10,11,11:00,0.0,0.006285781,0.0,0.16241266
20001_0310_1,8,69442472,2024-05-10,12,12:00,0.0,0.0070864377,0.0,0.16481464
20001_0310_1,8,69442472,2024-05-10,13,13:00,0.43298061688741046,0.006285785,0.0,0.16861771
20001_0310_1,8,69442472,2024-05-10,14,14:00,0.0,0.0068862704,0.0,0.1708195
20001_0310_1,8,69442472,2024-05-10,15,15:00,0.6238390207290649,0.030905796,0.0,0.19583987
20001_0310_1,8,69442472,2024-05-10,16,16:00,0.0,0.025701564,0.0,0.18503104
20001_0310_1,8,69442472,2024-05-10,17,17:00,,0.03350791,0.0,0.19153635
20001_0310_1,8,69442472,2024-05-10,18,18:00,0.0,0.034708887,0.0,0.18733293
20001_0310_1,8,69442472,2024-05-10,19,19:00,0.3225446343421936,0.018295545,0.0,0.15520684
20001_0310_1,8,69442472,2024-05-10,20,20:00,0.0,0.0034835055,0.0,0.11527436
20001_0310_1,8,69442472,2024-05-10,21,21:00,0.0,0.0022825308,0.0,0.089103095
20001_0310_1,8,69442472,2024-05-10,22,22:00,0.0,0.00028090365,0.0,0.07419098
20001_0310_1,8,69442472,2024-05-10,23,23:00,,0.0,0.0,0.07469139
20001_0310_1,8,69442472,2024-05-11,0,00:00,,0.0,0.0,0.053198203
20001_0310_1,8,69442472,2024-05-11,1,01:00,,0.0028141835,0.0,0.07490677
20001_0310_1,8,69442472,2024-05-11,2,02:00,,0.0,0.0,0.08394356
20001_0310_1,8,69442472,2024-05-11,3,03:00,,0.0,0.0,0.110094786
20001_0310_1,8,69442472,2024-05-11,4,04:00,,0.0,0.0,0.14255665
20001_0310_1,8,69442472,2024-05-11,5,05:00,,0.0040258225,0.0,0.19930175
20001_0310_1,8,69442472,2024-05-11,6,06:00,,0.10070458,0.0,0.3404073
20001_0310_1,8,69442472,2024-05-11,7,07:00,,0.18617567,0.06349715,0.44990924
20001_0310_1,8,69442472,2024-05-11,8,08:00,,0.054056447,0.0,0.3112396
20001_0310_1,8,69442472,2024-05-11,9,09:00,,0.00766074,0.0,0.2469596
20001_0310_1,8,69442472,2024-05-11,10,10:00,,0.0074587986,0.0,0.2308044
20001_0310_1,8,69442472,2024-05-11,11,11:00,,0.010891779,0.0,0.23019856
20001_0310_1,8,69442472,2024-05-11,12,12:00,,0.015940277,0.0,0.23807424
20001_0310_1,8,69442472,2024-05-11,13,13:00,,0.032297418,0.0,0.2617012
20001_0310_1,8,69442472,2024-05-11,14,14:00,,0.030681895,0.0,0.2637206
20001_0310_1,8,69442472,2024-05-11,15,15:00,,0.052087534,0.0,0.2813904
20001_0310_1,8,69442472,2024-05-11,16,16:00,,0.026643097,0.0,0.24635378
20001_0310_1,8,69442472,2024-05-11,17,17:00,,0.044312842,0.0,0.25862163
20001_0310_1,8,69442472,2024-05-11,18,18:00,,0.036134277,0.0,0.24312274
20001_0310_1,8,69442472,2024-05-11,19,19:00,,0.023613995,0.0,0.21262981
20001_0310_1,8,69442472,2024-05-11,20,20:00,0.0,0.009882081,0.0,0.1671933
20001_0310_1,8,69442472,2024-05-11,21,21:00,,0.004025819,0.0,0.12943053
20001_0310_1,8,69442472,2024-05-11,22,22:00,,0.0,0.0,0.106005505
20001_0310_1,8,69442472,2024-05-11,23,23:00,,0.0,0.0,0.101916224
20001_0310_1,8,69442472,2024-05-12,0,00:00,,0.0,0.0,0.045985866
20001_0310_1,8,69442472,2024-05-12,1,01:00,,0.0041876044,0.0,0.06352076
20001_0310_1,8,69442472,2024-05-12,2,02:00,,0.0,0.0,0.065967485
20001_0310_1,8,69442472,2024-05-12,3,03:00,,0.0,0.0,0.092881486
20001_0310_1,8,69442472,2024-05-12,4,04:00,,0.0,0.0,0.12050912
20001_0310_1,8,69442472,2024-05-12,5,05:00,,0.0019447654,0.0,0.19401291
20001_0310_1,8,69442472,2024-05-12,6,06:00,,0.14293745,0.02264,0.37965834
20001_0310_1,8,69442472,2024-05-12,7,07:00,,0.22337365,0.08492963,0.48313457
20001_0310_1,8,69442472,2024-05-12,8,08:00,,0.07774235,0.0,0.32809228
20001_0310_1,8,69442472,2024-05-12,9,09:00,,0.026615938,0.0,0.2524285
20001_0310_1,8,69442472,2024-05-12,10,10:00,,0.005207072,0.0,0.20910107
20001_0310_1,8,69442472,2024-05-12,11,11:00,,0.024780892,0.0,0.2224561
20001_0310_1,8,69442472,2024-05-12,12,12:00,,0.018867971,0.0,0.21827628
20001_0310_1,8,69442472,2024-05-12,13,13:00,,0.04435472,0.0,0.25044057
20001_0310_1,8,69442472,2024-05-12,14,14:00,,0.03395612,0.0,0.241928
20001_0310_1,8,69442472,2024-05-12,15,15:00,,0.05791367,0.0,0.26300552
20001_0310_1,8,69442472,2024-05-12,16,16:00,,0.03711648,0.0,0.23448586
20001_0310_1,8,69442472,2024-05-12,17,17:00,,0.06525384,0.0,0.25767878
20001_0310_1,8,69442472,2024-05-12,18,18:00,,0.050165694,0.0,0.22949046
20001_0310_1,8,69442472,2024-05-12,19,19:00,,0.03884958,0.0,0.19615379
20001_0310_1,8,69442472,2024-05-12,20,20:00,,0.022741955,0.0,0.14446667
20001_0310_1,8,69442472,2024-05-12,21,21:00,,0.01642124,0.0,0.10238804
20001_0310_1,8,69442472,2024-05-12,22,22:00,,0.011527785,0.0,0.07853244
20001_0310_1,8,69442472,2024-05-12,23,23:00,,0.010712209,0.0,0.07993421
20001_0310_1,8,69442472,2024-05-13,0,00:00,,0.0009949793,0.0,0.05024629
20001_0310_1,8,69442472,2024-05-13,1,01:00,,0.012954459,0.0,0.06813114
20001_0310_1,8,69442472,2024-05-13,2,02:00,,0.0,0.0,0.052312016
20001_0310_1,8,69442472,2024-05-13,3,03:00,,0.0049089906,0.0,0.08433081
20001_0310_1,8,69442472,2024-05-13,4,04:00,,0.0,0.0,0.09900836
20001_0310_1,8,69442472,2024-05-13,5,05:00,0.0,0.019695256,0.0,0.19060712
20001_0310_1,8,69442472,2024-05-13,6,06:00,0.0,0.16908003,0.047963105,0.38413322
20001_0310_1,8,69442472,2024-05-13,7,07:00,0.0,0.20147935,0.058237385,0.44371316
20001_0310_1,8,69442472,2024-05-13,8,08:00,1.3279481887817384,0.12662388,0.0006144666,0.36244306
20001_0310_1,8,69442472,2024-05-13,9,09:00,0.0,0.049485236,0.0,0.26285324
20001_0310_1,8,69442472,2024-05-13,10,10:00,0.0,0.010562563,0.0,0.19669557
20001_0310_1,8,69442472,2024-05-13,11,11:00,0.44999998807907104,0.03252452,0.0,0.20930737
20001_0310_1,8,69442472,2024-05-13,12,12:00,0.0,0.035786197,0.0,0.21930984
20001_0310_1,8,69442472,2024-05-13,13,13:00,0.0,0.07922085,0.0,0.27255672
20001_0310_1,8,69442472,2024-05-13,14,14:00,0.0,0.03513386,0.0,0.2335525
20001_0310_1,8,69442472,2024-05-13,15,15:00,0.7051281929016113,0.118034795,0.02089121,0.3102019
20001_0310_1,8,69442472,2024-05-13,16,16:00,0.0,0.07617661,0.0,0.2599721
20001_0310_1,8,69442472,2024-05-13,17,17:00,0.28409090638160706,0.10555889,0.0065262467,0.28355128
20001_0310_1,8,69442472,2024-05-13,18,18:00,0.0,0.0676419,0.0,0.23390584
20001_0310_1,8,69442472,2024-05-13,19,19:00,0.0,0.062314495,0.0,0.20571956
20001_0310_1,8,69442472,2024-05-13,20,20:00,0.0,0.018825479,0.0,0.1271675
20001_0310_1,8,69442472,2024-05-13,21,21:00,0.0,0.021217372,0.0,0.08873406
20001_0310_1,8,69442472,2024-05-13,22,22:00,0.0,0.013824243,0.0,0.058944102
20001_0310_1,8,69442472,2024-05-13,23,23:00,,0.0109974565,0.0,0.058726653
20001_0310_1,8,69442472,2024-05-14,0,00:00,,9.9266996e-05,0.0,0.060685024
20001_0310_1,8,69442472,2024-05-14,1,01:00,,0.0032768408,0.0,0.07413674
20001_0310_1,8,69442472,2024-05-14,2,02:00,,0.0,0.0,0.063862585
20001_0310_1,8,69442472,2024-05-14,3,03:00,,0.0,0.0,0.096962325
20001_0310_1,8,69442472,2024-05-14,4,04:00,,0.0,0.0,0.12640785
20001_0310_1,8,69442472,2024-05-14,5,05:00,0.688125491142273,9.9266996e-05,0.0,0.19520235
20001_0310_1,8,69442472,2024-05-14,6,06:00,0.0,0.1479624,0.02213044,0.3945422
20001_0310_1,8,69442472,2024-05-14,7,07:00,0.0,0.2526105,0.10294678,0.5309661
20001_0310_1,8,69442472,2024-05-14,8,08:00,0.0,0.10517107,0.0,0.3717696
20001_0310_1,8,69442472,2024-05-14,9,09:00,0.0,0.015139785,0.0,0.25833014
20001_0310_1,8,69442472,2024-05-14,10,10:00,0.0,0.005395226,0.0,0.2197756
20001_0310_1,8,69442472,2024-05-14,11,11:00,0.0,0.024036992,0.0,0.22888464
20001_0310_1,8,69442472,2024-05-14,12,12:00,0.0,0.031875014,0.0,0.24159493
20001_0310_1,8,69442472,2024-05-14,13,13:00,0.0,0.041725494,0.0,0.2619314
20001_0310_1,8,69442472,2024-05-14,14,14:00,0.0,0.025308024,0.0,0.2496448
20001_0310_1,8,69442472,2024-05-14,15,15:00,0.4463768005371094,0.09976919,0.01566938,0.3173271
20001_0310_1,8,69442472,2024-05-14,16,16:00,0.3870967626571655,0.054329872,0.0,0.25885972
20001_0310_1,8,69442472,2024-05-14,17,17:00,0.0,0.07344828,0.0,0.27338392
20001_0310_1,8,69442472,2024-05-14,18,18:00,0.0,0.061426453,0.0,0.25459647
20001_0310_1,8,69442472,2024-05-14,19,19:00,0.0,0.03484075,0.0,0.21172573
20001_0310_1,8,69442472,2024-05-14,20,20:00,0.0,0.006454414,0.0,0.15008077
20001_0310_1,8,69442472,2024-05-14,21,21:00,0.0,0.008784635,0.0,0.11332683
20001_0310_1,8,69442472,2024-05-14,22,22:00,0.0,0.0,0.0,0.07850592
20001_0310_1,8,69442472,2024-05-14,23,23:00,,0.0005229416,0.0,0.08221309
20001_0310_1,8,69442472,2024-05-15,0,00:00,,0.008652378,0.0,0.060846932
20001_0310_1,8,69442472,2024-05-15,1,01:00,,0.013126196,0.0,0.08156498
20001_0310_1,8,69442472,2024-05-15,2,02:00,,0.0,0.0,0.077996574
20001_0310_1,8,69442472,2024-05-15,3,03:00,,0.0,0.0,0.09685053
20001_0310_1,8,69442472,2024-05-15,4,04:00,,0.0,0.0,0.13668881
20001_0310_1,8,69442472,2024-05-15,5,05:00,0.4559607207775116,0.014830511,0.0,0.20997423
20001_0310_1,8,69442472,2024-05-15,6,06:00,0.0,0.08380188,0.0,0.3244294
20001_0310_1,8,69442472,2024-05-15,7,07:00,0.0,0.12662272,0.008173051,0.39590406
20001_0310_1,8,69442472,2024-05-15,8,08:00,0.0,0.06532075,0.0,0.32325768
20001_0310_1,8,69442472,2024-05-15,9,09:00,0.0,0.0,0.0,0.23617804
20001_0310_1,8,69442472,2024-05-15,10,10:00,0.0,0.0,0.0,0.20528737
20001_0310_1,8,69442472,2024-05-15,11,11:00,0.3714999854564667,0.005243754,0.0,0.2093351
20001_0310_1,8,69442472,2024-05-15,12,12:00,0.0,0.017173937,0.0,0.22275658
20001_0310_1,8,69442472,2024-05-15,13,13:00,0.0,0.028891081,0.0,0.24033229
20001_0310_1,8,69442472,2024-05-15,14,14:00,0.0,0.01227404,0.0,0.22872166
20001_0310_1,8,69442472,2024-05-15,15,15:00,0.0,0.045934204,0.0,0.25492546
20001_0310_1,8,69442472,2024-05-15,16,16:00,0.0,0.038690876,0.0,0.23468675
20001_0310_1,8,69442472,2024-05-15,17,17:00,0.0,0.04891675,0.0,0.23489979
20001_0310_1,8,69442472,2024-05-15,18,18:00,0.4641582012176514,0.038477838,0.0,0.21221116
20001_0310_1,8,69442472,2024-05-15,19,19:00,0.0,0.02420422,0.0,0.17908357
20001_0310_1,8,69442472,2024-05-15,20,20:00,0.0,0.012061002,0.0,0.13391931
20001_0310_1,8,69442472,2024-05-15,21,21:00,0.0,0.010143649,0.0,0.09653096
20001_0310_1,8,69442472,2024-05-15,22,22:00,0.0,0.0001308159,0.0,0.06473489
20001_0310_1,8,69442472,2024-05-15,23,23:00,,0.0048176735,0.0,0.07165866
20001_0310_1,8,69442472,2024-05-16,0,00:00,,0.005100266,0.0,0.057948474
20001_0310_1,8,69442472,2024-05-16,1,01:00,,0.0061636083,0.0,0.06991111
20001_0310_1,8,69442472,2024-05-16,2,02:00,,0.0,0.0,0.0682895
20001_0310_1,8,69442472,2024-05-16,3,03:00,,0.0,0.0,0.085861266
20001_0310_1,8,69442472,2024-05-16,4,04:00,,0.0,0.0,0.11675141
20001_0310_1,8,69442472,2024-05-16,5,05:00,0.0,0.0150957005,0.0,0.18629412
20001_0310_1,8,69442472,2024-05-16,6,06:00,0.6381022930145264,0.07618483,0.0,0.2879764
20001_0310_1,8,69442472,2024-05-16,7,07:00,0.0,0.11489057,0.021422604,0.35201633
20001_0310_1,8,69442472,2024-05-16,8,08:00,0.0,0.039658953,0.0,0.27114895
20001_0310_1,8,69442472,2024-05-16,9,09:00,0.0,0.0,0.0,0.21330307
20001_0310_1,8,69442472,2024-05-16,10,10:00,0.0,0.0,0.0,0.19161083
20001_0310_1,8,69442472,2024-05-16,11,11:00,0.0,0.0036115847,0.0,0.20245697
20001_0310_1,8,69442472,2024-05-16,12,12:00,0.0,0.0016975598,0.0,0.20373298
20001_0310_1,8,69442472,2024-05-16,13,13:00,0.0,0.025941813,0.0,0.23648398
20001_0310_1,8,69442472,2024-05-16,14,14:00,0.0,0.0,0.0,0.21670575
20001_0310_1,8,69442472,2024-05-16,15,15:00,0.0,0.047421366,0.0,0.26476893
20001_0310_1,8,69442472,2024-05-16,16,16:00,0.0,0.032747213,0.0,0.23765364
20001_0310_1,8,69442472,2024-05-16,17,17:00,0.635937511920929,0.044444002,0.0,0.23914233
20001_0310_1,8,69442472,2024-05-16,18,18:00,0.0,0.03359789,0.0,0.21085738
20001_0310_1,8,69442472,2024-05-16,19,19:00,0.31805557012557983,0.023389786,0.0,0.17672403
20001_0310_1,8,69442472,2024-05-16,20,20:00,0.0,0.005950936,0.0,0.12408848
20001_0310_1,8,69442472,2024-05-16,21,21:00,0.0,0.0072269505,0.0,0.09147039
20001_0310_1,8,69442472,2024-05-16,22,22:00,0.0,0.00020887831,0.0,0.06501971
20001_0310_1,8,69442472,2024-05-16,23,23:00,,0.0012722246,0.0,0.06618939
20001_0310_1,8,69442472,2024-05-17,0,00:00,,0.0035145292,0.0,0.06326615
20001_0310_1,8,69442472,2024-05-17,1,01:00,,0.00416518,0.0,0.07796006
20001_0310_1,8,69442472,2024-05-17,2,02:00,,0.0,0.0,0.07763472
20001_0310_1,8,69442472,2024-05-17,3,03:00,,0.0,0.0,0.10517903
20001_0310_1,8,69442472,2024-05-17,4,04:00,,0.0,0.0,0.14047696
20001_0310_1,8,69442472,2024-05-17,5,05:00,0.3681640625,0.018913308,0.0,0.22614625
20001_0310_1,8,69442472,2024-05-17,6,06:00,0.0,0.109082945,0.0064966837,0.35849988
20001_0310_1,8,69442472,2024-05-17,7,07:00,0.0,0.143188,0.026287371,0.41548622
20001_0310_1,8,69442472,2024-05-17,8,08:00,0.0,0.05957911,0.0,0.32059935
20001_0310_1,8,69442472,2024-05-17,9,09:00,0.0,0.002430104,0.0,0.24425606
20001_0310_1,8,69442472,2024-05-17,10,10:00,0.0,0.0,0.0,0.2136754
20001_0310_1,8,69442472,2024-05-17,11,11:00,0.0,0.006117137,0.0,0.22213387
20001_0310_1,8,69442472,2024-05-17,12,12:00,0.0,0.008285983,0.0,0.22538714
20001_0310_1,8,69442472,2024-05-17,13,13:00,0.0,0.030841945,0.0,0.252823
20001_0310_1,8,69442472,2024-05-17,14,14:00,0.0,0.00329764,0.0,0.23167679
20001_0310_1,8,69442472,2024-05-17,15,15:00,0.0,0.07345971,0.004463392,0.29812467
20001_0310_1,8,69442472,2024-05-17,16,16:00,0.0,0.04125239,0.0,0.25303987
20001_0310_1,8,69442472,2024-05-17,17,17:00,0.0,0.063103475,0.0,0.26458895
20001_0310_1,8,69442472,2024-05-17,18,18:00,0.0,0.051988162,0.0,0.23793933
20001_0310_1,8,69442472,2024-05-17,19,19:00,0.0,0.039951086,0.0,0.20478316
20001_0310_1,8,69442472,2024-05-17,20,20:00,0.0,0.00871975,0.0,0.13624771
20001_0310_1,8,69442472,2024-05-17,21,21:00,0.0,0.007635328,0.0,0.10067868
20001_0310_1,8,69442472,2024-05-17,22,22:00,0.0,0.00373141,0.0,0.07725518
20001_0310_1,8,69442472,2024-05-17,23,23:00,,0.0,0.0,0.06722428
20001_0310_1,8,69442472,2024-05-18,0,00:00,,0.0011546938,0.0,0.050720494
20001_0310_1,8,69442472,2024-05-18,1,01:00,,0.0005025144,0.0,0.06180758
20001_0310_1,8,69442472,2024-05-18,2,02:00,,0.0,0.0,0.068546794
20001_0310_1,8,69442472,2024-05-18,3,03:00,,0.0,0.0,0.08539483
20001_0310_1,8,69442472,2024-05-18,4,04:00,,0.0,0.0,0.117569126
20001_0310_1,8,69442472,2024-05-18,5,05:00,,0.004415608,0.0,0.15963481
20001_0310_1,8,69442472,2024-05-18,6,06:00,,0.024850627,0.0,0.20550492
20001_0310_1,8,69442472,2024-05-18,7,07:00,,0.06197063,0.0,0.25797838
20001_0310_1,8,69442472,2024-05-18,8,08:00,,0.014415722,0.0,0.20485272
20001_0310_1,8,69442472,2024-05-18,9,09:00,,0.0,0.0,0.17920023
20001_0310_1,8,69442472,2024-05-18,10,10:00,,0.0,0.0,0.16267835
20001_0310_1,8,69442472,2024-05-18,11,11:00,,0.0,0.0,0.1642001
20001_0310_1,8,69442472,2024-05-18,12,12:00,,0.005502578,0.0,0.1709393
20001_0310_1,8,69442472,2024-05-18,13,13:00,,0.006154757,0.0,0.17224365
20001_0310_1,8,69442472,2024-05-18,14,14:00,,0.0,0.0,0.16637403
20001_0310_1,8,69442472,2024-05-18,15,15:00,,0.006806941,0.0,0.17941767
20001_0310_1,8,69442472,2024-05-18,16,16:00,0.0,0.006154753,0.0,0.1742002
20001_0310_1,8,69442472,2024-05-18,17,17:00,,0.012459176,0.0,0.17854807
20001_0310_1,8,69442472,2024-05-18,18,18:00,,0.00528518,0.0,0.16593924
20001_0310_1,8,69442472,2024-05-18,19,19:00,,0.006154757,0.0,0.15376517
20001_0310_1,8,69442472,2024-05-18,20,20:00,,0.0,0.0,0.12213439
20001_0310_1,8,69442472,2024-05-18,21,21:00,,0.0,0.0,0.10702551
20001_0310_1,8,69442472,2024-05-18,22,22:00,,0.0005025144,0.0,0.09990586
20001_0310_1,8,69442472,2024-05-18,23,23:00,,0.0009373007,0.0,0.10218849
20001_0310_1,8,69442472,2024-05-19,0,00:00,,0.0,0.0,0.0587093
20001_0310_1,8,69442472,2024-05-19,1,01:00,,0.0021232376,0.0,0.08233316
20001_0310_1,8,69442472,2024-05-19,2,02:00,,0.0,0.0,0.099703625
20001_0310_1,8,69442472,2024-05-19,3,03:00,,0.0,0.0,0.13308275
20001_0310_1,8,69442472,2024-05-19,4,04:00,,0.0,0.0,0.18511079
20001_0310_1,8,69442472,2024-05-19,5,05:00,,0.01613079,0.0,0.253481
20001_0310_1,8,69442472,2024-05-19,6,06:00,,0.0679365,0.0,0.34569737
20001_0310_1,8,69442472,2024-05-19,7,07:00,,0.14219877,0.014407651,0.44858623
20001_0310_1,8,69442472,2024-05-19,8,08:00,,0.07171632,0.0,0.3752133
20001_0310_1,8,69442472,2024-05-19,9,09:00,,0.02124466,0.0,0.3157368
20001_0310_1,8,69442472,2024-05-19,10,10:00,,0.010349894,0.0,0.287944
20001_0310_1,8,69442472,2024-05-19,11,11:00,,0.013907367,0.0,0.2841642
20001_0310_1,8,69442472,2024-05-19,12,12:00,,0.017687185,0.0,0.28783286
20001_0310_1,8,69442472,2024-05-19,13,13:00,,0.015686106,0.0,0.29050097
20001_0310_1,8,69442472,2024-05-19,14,14:00,,0.0,0.0,0.27382532
20001_0310_1,8,69442472,2024-05-19,15,15:00,,0.021911688,0.0,0.2992835
20001_0310_1,8,69442472,2024-05-19,16,16:00,,0.017242502,0.0,0.28527594
20001_0310_1,8,69442472,2024-05-19,17,17:00,,0.026358528,0.0,0.28783283
20001_0310_1,8,69442472,2024-05-19,18,18:00,,0.019021237,0.0,0.26415342
20001_0310_1,8,69442472,2024-05-19,19,19:00,,0.01168395,0.0,0.23146912
20001_0310_1,8,69442472,2024-05-19,20,20:00,,0.0,0.0,0.1824427
20001_0310_1,8,69442472,2024-05-19,21,21:00,,0.0034572897,0.0,0.1486467
20001_0310_1,8,69442472,2024-05-19,22,22:00,,0.00034449855,0.0,0.11963104
20001_0310_1,8,69442472,2024-05-19,23,23:00,,0.003012607,0.0,0.11457276
20001_0310_1,8,69442472,2024-05-20,0,00:00,,0.0029939138,0.0,0.06314189
20001_0310_1,8,69442472,2024-05-20,1,01:00,,0.008397836,0.0,0.08610856
20001_0310_1,8,69442472,2024-05-20,2,02:00,,0.00040943094,0.0,0.09444939
20001_0310_1,8,69442472,2024-05-20,3,03:00,,0.008162884,0.0,0.1357424
20001_0310_1,8,69442472,2024-05-20,4,04:00,,0.0069881184,0.0,0.17615433
20001_0310_1,8,69442472,2024-05-20,5,05:00,0.0,0.0401165,0.0,0.26414427
20001_0310_1,8,69442472,2024-05-20,6,06:00,0.3207690715789795,0.0496321,0.0,0.3175667
20001_0310_1,8,69442472,2024-05-20,7,07:00,0.0,0.11089611,0.0,0.40552723
20001_0310_1,8,69442472,2024-05-20,8,08:00,0.7536733627319336,0.043640796,0.0,0.33283868
20001_0310_1,8,69442472,2024-05-20,9,09:00,0.0,0.01779596,0.0,0.29468817
20001_0310_1,8,69442472,2024-05-20,10,10:00,0.0,0.010277463,0.0,0.26813844
20001_0310_1,8,69442472,2024-05-20,11,11:00,0.0,0.012861945,0.0,0.26755106
20001_0310_1,8,69442472,2024-05-20,12,12:00,0.0,0.01568138,0.0,0.2723676
20001_0310_1,8,69442472,2024-05-20,13,13:00,0.3585042655467987,0.023904737,0.0,0.2854075
20001_0310_1,8,69442472,2024-05-20,14,14:00,0.9351851940155029,0.01474157,0.0,0.28117833
20001_0310_1,8,69442472,2024-05-20,15,15:00,0.0,0.047165092,0.0,0.31536403
20001_0310_1,8,69442472,2024-05-20,16,16:00,0.0,0.02954361,0.0,0.28599486
20001_0310_1,8,69442472,2024-05-20,17,17:00,0.3612075646718343,0.039176684,0.0,0.28951916
20001_0310_1,8,69442472,2024-05-20,18,18:00,0.0,0.0286038,0.0,0.26003256
20001_0310_1,8,69442472,2024-05-20,19,19:00,0.0,0.017091097,0.0,0.22056046
20001_0310_1,8,69442472,2024-05-20,20,20:00,0.0,0.0,0.0,0.16346686
20001_0310_1,8,69442472,2024-05-20,21,21:00,0.0,0.003463818,0.0,0.13057342
20001_0310_1,8,69442472,2024-05-20,22,22:00,0.0,0.0069881184,0.0,0.10878154
20001_0310_1,8,69442472,2024-05-20,23,23:00,,0.010277458,0.0034638224,0.11071988
20001_0310_1,8,69442472,2024-05-21,0,00:00,,0.0018877563,0.0,0.08264623
20001_0310_1,8,69442472,2024-05-21,1,01:00,,0.005270311,0.0,0.10370264
20001_0310_1,8,69442472,2024-05-21,2,02:00,,0.0,0.0,0.109847605
20001_0310_1,8,69442472,2024-05-21,3,03:00,,0.0,0.0,0.13764094
20001_0310_1,8,69442472,2024-05-21,4,04:00,,0.00076024234,0.0,0.17823158
20001_0310_1,8,69442472,2024-05-21,5,05:00,0.0,0.014064951,0.0,0.2425001
20001_0310_1,8,69442472,2024-05-21,6,06:00,0.0,0.024438117,0.0,0.29414043
20001_0310_1,8,69442472,2024-05-21,7,07:00,0.0,0.06604353,0.0,0.36266533
20001_0310_1,8,69442472,2024-05-21,8,08:00,0.3032813549041748,0.028046174,0.0,0.31387192
20001_0310_1,8,69442472,2024-05-21,9,09:00,0.0,0.010005888,0.0,0.2764384
20001_0310_1,8,69442472,2024-05-21,10,10:00,0.0,0.0,0.0,0.24272561
20001_0310_1,8,69442472,2024-05-21,11,11:00,0.0,0.008652866,0.0,0.24407862
20001_0310_1,8,69442472,2024-05-21,12,12:00,0.0,0.0057213213,0.0,0.24340211
20001_0310_1,8,69442472,2024-05-21,13,13:00,0.0,0.009103877,0.0,0.25354975
20001_0310_1,8,69442472,2024-05-21,14,14:00,0.0,0.0066233366,0.0,0.2579471
20001_0310_1,8,69442472,2024-05-21,15,15:00,0.0,0.03154148,0.0,0.2815686
20001_0310_1,8,69442472,2024-05-21,16,16:00,0.3865740696589152,0.020153549,0.0,0.26132962
20001_0310_1,8,69442472,2024-05-21,17,17:00,0.0,0.02511463,0.0,0.2614424
20001_0310_1,8,69442472,2024-05-21,18,18:00,0.28703704476356506,0.013839448,0.0,0.24001956
20001_0310_1,8,69442472,2024-05-21,19,19:00,0.3333333432674408,0.008427364,0.0,0.21589066
20001_0310_1,8,69442472,2024-05-21,20,20:00,0.0,0.0,0.0,0.17101546
20001_0310_1,8,69442472,2024-05-21,21,21:00,,0.0,0.0,0.13662617
20001_0310_1,8,69442472,2024-05-21,22,22:00,0.0,0.0030152788,0.0,0.122644946
20001_0310_1,8,69442472,2024-05-21,23,23:00,,0.008652866,0.004368296,0.12546372
20001_0310_1,8,69442472,2024-05-22,0,00:00,,0.005780437,0.0,0.059436213
20001_0310_1,8,69442472,2024-05-22,1,01:00,,0.0006139787,0.0,0.06476413
20001_0310_1,8,69442472,2024-05-22,2,02:00,,0.0019055965,0.0,0.0784337
20001_0310_1,8,69442472,2024-05-22,3,03:00,,0.0,0.0,0.09527849
20001_0310_1,8,69442472,2024-05-22,4,04:00,,0.0,0.0,0.13171275
20001_0310_1,8,69442472,2024-05-22,5,05:00,0.0,0.007933123,0.0,0.18208568
20001_0310_1,8,69442472,2024-05-22,6,06:00,1.3395251035690308,0.019557647,0.0,0.23267388
20001_0310_1,8,69442472,2024-05-22,7,07:00,0.0,0.044421203,0.0,0.282993
20001_0310_1,8,69442472,2024-05-22,8,08:00,0.0,0.018050762,0.0,0.24451368
20001_0310_1,8,69442472,2024-05-22,9,09:00,0.0,0.0021208625,0.0,0.21480653
20001_0310_1,8,69442472,2024-05-22,10,10:00,0.0,0.0,0.0,0.19284914
20001_0310_1,8,69442472,2024-05-22,11,11:00,0.0,0.00039871258,0.0,0.19069645
20001_0310_1,8,69442472,2024-05-22,12,12:00,0.0,0.0044888235,0.00082925323,0.19220333
20001_0310_1,8,69442472,2024-05-22,13,13:00,0.0,0.0,0.0,0.19198805
20001_0310_1,8,69442472,2024-05-22,14,14:00,0.0,0.0021208625,0.0,0.19887665
20001_0310_1,8,69442472,2024-05-22,15,15:00,0.0,0.010731621,0.0,0.21007062
20001_0310_1,8,69442472,2024-05-22,16,16:00,0.0,0.013099577,0.0,0.2089943
20001_0310_1,8,69442472,2024-05-22,17,17:00,0.0,0.013745386,0.0,0.20953245
20001_0310_1,8,69442472,2024-05-22,18,18:00,0.35497836271921795,0.01094689,0.0,0.20081405
20001_0310_1,8,69442472,2024-05-22,19,19:00,0.0,0.00685678,0.0,0.18133225
20001_0310_1,8,69442472,2024-05-22,20,20:00,0.0,0.0,0.0,0.14419834
20001_0310_1,8,69442472,2024-05-22,21,21:00,0.0,0.0,0.0,0.10846372
20001_0310_1,8,69442472,2024-05-22,22,22:00,0.0,0.0,0.0,0.089681506
20001_0310_1,8,69442472,2024-05-22,23,23:00,,0.0029819396,0.0027666735,0.09043494
20001_0310_1,8,69442472,2024-05-23,0,00:00,,0.0023319114,0.0,0.055514846
20001_0310_1,8,69442472,2024-05-23,1,01:00,,0.005194759,0.0,0.06803981
20001_0310_1,8,69442472,2024-05-23,2,02:00,,0.004534101,0.0014510337,0.07935358
20001_0310_1,8,69442472,2024-05-23,3,03:00,,0.0,0.0,0.09432848
20001_0310_1,8,69442472,2024-05-23,4,04:00,,0.00034994108,0.0,0.13226123
20001_0310_1,8,69442472,2024-05-23,5,05:00,0.39438655972480774,0.013783309,0.0,0.18379252
20001_0310_1,8,69442472,2024-05-23,6,06:00,0.0,0.02919865,0.0,0.23356208
20001_0310_1,8,69442472,2024-05-23,7,07:00,0.4375,0.050780132,0.0,0.27325657
20001_0310_1,8,69442472,2024-05-23,8,08:00,0.0,0.008277828,0.0,0.21968822
20001_0310_1,8,69442472,2024-05-23,9,09:00,0.0,0.0,0.0,0.1941428
20001_0310_1,8,69442472,2024-05-23,10,10:00,0.0,0.0,0.0,0.17520396
20001_0310_1,8,69442472,2024-05-23,11,11:00,0.2899305522441864,0.0,0.0,0.16837718
20001_0310_1,8,69442472,2024-05-23,12,12:00,0.0,0.0,0.0,0.166175
20001_0310_1,8,69442472,2024-05-23,13,13:00,0.0,0.004534101,0.0,0.17630507
20001_0310_1,8,69442472,2024-05-23,14,14:00,0.0,0.0,0.0,0.17234112
20001_0310_1,8,69442472,2024-05-23,15,15:00,0.0,0.012021556,0.0,0.18951821
20001_0310_1,8,69442472,2024-05-23,16,16:00,0.0,0.008057611,0.0,0.18731603
20001_0310_1,8,69442472,2024-05-23,17,17:00,0.0,0.018407911,0.0,0.19909774
20001_0310_1,8,69442472,2024-05-23,18,18:00,0.0,0.013783311,0.0,0.1903991
20001_0310_1,8,69442472,2024-05-23,19,19:00,0.0,0.017527033,0.0,0.1758646
20001_0310_1,8,69442472,2024-05-23,20,20:00,0.0,0.0,0.0,0.12708609
20001_0310_1,8,69442472,2024-05-23,21,21:00,0.3916666507720947,0.0,0.0,0.09752166
20001_0310_1,8,69442472,2024-05-23,22,22:00,0.0,0.0,0.0,0.075830065
20001_0310_1,8,69442472,2024-05-23,23,23:00,,0.0,0.0,0.067461744
20001_0310_1,8,69442472,2024-05-24,0,00:00,,0.0,0.0,0.06601142
20001_0310_1,8,69442472,2024-05-24,1,01:00,,0.0,0.0,0.075857036
20001_0310_1,8,69442472,2024-05-24,2,02:00,,0.0,0.0,0.09726652
20001_0310_1,8,69442472,2024-05-24,3,03:00,,0.0,0.0,0.13190348
20001_0310_1,8,69442472,2024-05-24,4,04:00,,0.0027375903,0.0,0.17074051
20001_0310_1,8,69442472,2024-05-24,5,05:00,0.0,0.057502184,0.0,0.26968774
20001_0310_1,8,69442472,2024-05-24,6,06:00,0.0,0.058593106,0.0,0.30459738
20001_0310_1,8,69442472,2024-05-24,7,07:00,0.30475571751594543,0.09306644,0.0,0.35270736
20001_0310_1,8,69442472,2024-05-24,8,08:00,0.36975014209747314,0.0038285204,0.0,0.24634184
20001_0310_1,8,69442472,2024-05-24,9,09:00,0.0,0.0,0.0,0.2152504
20001_0310_1,8,69442472,2024-05-24,10,10:00,0.0,0.0,0.0,0.19975922
20001_0310_1,8,69442472,2024-05-24,11,11:00,0.0,0.0005557346,0.0,0.19408639
20001_0310_1,8,69442472,2024-05-24,12,12:00,0.0,0.0,0.0,0.18732263
20001_0310_1,8,69442472,2024-05-24,13,13:00,0.0,0.0014284753,0.0,0.18535896
20001_0310_1,8,69442472,2024-05-24,14,14:00,0.0,0.008410415,0.0,0.1910318
20001_0310_1,8,69442472,2024-05-24,15,15:00,0.0,0.012992318,0.0,0.19594097
20001_0310_1,8,69442472,2024-05-24,16,16:00,0.0,0.0127741285,0.0,0.19877738
20001_0310_1,8,69442472,2024-05-24,17,17:00,0.43939395745595294,0.023028854,0.0,0.21339582
20001_0310_1,8,69442472,2024-05-24,18,18:00,0.0,0.016046913,0.0,0.20270474
20001_0310_1,8,69442472,2024-05-24,19,19:00,0.0,0.0116832005,0.0,0.18383165
20001_0310_1,8,69442472,2024-05-24,20,20:00,0.0,0.0,0.0,0.13081256
20001_0310_1,8,69442472,2024-05-24,21,21:00,0.0,0.0057921866,0.0,0.12230331
20001_0310_1,8,69442472,2024-05-24,22,22:00,0.0,0.005574004,0.0,0.104084805
20001_0310_1,8,69442472,2024-05-24,23,23:00,,0.0,0.0,0.087448165
20001_0310_1,8,69442472,2024-05-25,0,00:00,,0.0,0.0,0.062046356
20001_0310_1,8,69442472,2024-05-25,1,01:00,,0.00012081803,0.0,0.07828059
20001_0310_1,8,69442472,2024-05-25,2,02:00,,0.0,0.0,0.093885176
20001_0310_1,8,69442472,2024-05-25,3,03:00,,0.001434888,0.0,0.13262285
20001_0310_1,8,69442472,2024-05-25,4,04:00,,0.00077784876,0.0,0.1711689
20001_0310_1,8,69442472,2024-05-25,5,05:00,,0.03165849,0.0,0.25023207
20001_0310_1,8,69442472,2024-05-25,6,06:00,,0.08208592,0.0,0.3376177
20001_0310_1,8,69442472,2024-05-25,7,07:00,,0.17522061,0.066262335,0.4483281
20001_0310_1,8,69442472,2024-05-25,8,08:00,,0.036257736,0.0,0.29781237
20001_0310_1,8,69442472,2024-05-25,9,09:00,,0.0,0.0,0.23928149
20001_0310_1,8,69442472,2024-05-25,10,10:00,,0.0,0.0,0.2182564
20001_0310_1,8,69442472,2024-05-25,11,11:00,,0.00012081803,0.0,0.21759938
20001_0310_1,8,69442472,2024-05-25,12,12:00,,0.0,0.0,0.21037197
20001_0310_1,8,69442472,2024-05-25,13,13:00,,0.0,0.0,0.2075248
20001_0310_1,8,69442472,2024-05-25,14,14:00,,0.0012158749,0.0,0.20927693
20001_0310_1,8,69442472,2024-05-25,15,15:00,,0.013699539,0.0,0.22110355
20001_0310_1,8,69442472,2024-05-25,16,16:00,,0.001434888,0.0,0.20664877
20001_0310_1,8,69442472,2024-05-25,17,17:00,,0.013480524,0.0,0.21584725
20001_0310_1,8,69442472,2024-05-25,18,18:00,,0.010414362,0.0,0.20599174
20001_0310_1,8,69442472,2024-05-25,19,19:00,,0.008224247,0.0,0.18693772
20001_0310_1,8,69442472,2024-05-25,20,20:00,,0.0,0.0,0.14532554
20001_0310_1,8,69442472,2024-05-25,21,21:00,,0.0042820405,0.0,0.13021372
20001_0310_1,8,69442472,2024-05-25,22,22:00,,0.008224247,0.0,0.121343754
20001_0310_1,8,69442472,2024-05-25,23,23:00,,0.0038440148,0.0,0.117675304
20001_0310_1,8,69442472,2024-05-26,0,00:00,,0.0013828955,0.0,0.06899285
20001_0310_1,8,69442472,2024-05-26,1,01:00,,0.00072167476,0.0,0.09078562
20001_0310_1,8,69442472,2024-05-26,2,02:00,,0.0,0.0,0.117206946
20001_0310_1,8,69442472,2024-05-26,3,03:00,,0.0,0.0,0.160517
20001_0310_1,8,69442472,2024-05-26,4,04:00,,0.0027053368,0.0,0.2147372
20001_0310_1,8,69442472,2024-05-26,5,05:00,,0.04182764,0.0,0.31394807
20001_0310_1,8,69442472,2024-05-26,6,06:00,,0.11202738,0.0,0.429965
20001_0310_1,8,69442472,2024-05-26,7,07:00,,0.22112903,0.058964316,0.5649645
20001_0310_1,8,69442472,2024-05-26,8,08:00,,0.12359876,0.0,0.4628057
20001_0310_1,8,69442472,2024-05-26,9,09:00,,0.04783374,0.0,0.37629575
20001_0310_1,8,69442472,2024-05-26,10,10:00,,0.037750106,0.0,0.34565917
20001_0310_1,8,69442472,2024-05-26,11,11:00,,0.03819092,0.0,0.33714598
20001_0310_1,8,69442472,2024-05-26,12,12:00,,0.025407296,0.0,0.3162899
20001_0310_1,8,69442472,2024-05-26,13,13:00,,0.013725706,0.0,0.2981063
20001_0310_1,8,69442472,2024-05-26,14,14:00,,0.014386929,0.0,0.28978592
20001_0310_1,8,69442472,2024-05-26,15,15:00,,0.018574668,0.0,0.2903369
20001_0310_1,8,69442472,2024-05-26,16,16:00,,0.01923589,0.0,0.28096962
20001_0310_1,8,69442472,2024-05-26,17,17:00,,0.033452164,0.0,0.2894002
20001_0310_1,8,69442472,2024-05-26,18,18:00,,0.025627704,0.0,0.2652105
20001_0310_1,8,69442472,2024-05-26,19,19:00,,0.016150186,0.0,0.23490448
20001_0310_1,8,69442472,2024-05-26,20,20:00,,0.0071134875,0.0,0.19335768
20001_0310_1,8,69442472,2024-05-26,21,21:00,,0.0071134847,0.0,0.16338229
20001_0310_1,8,69442472,2024-05-26,22,22:00,,0.0071134875,0.0,0.14266402
20001_0310_1,8,69442472,2024-05-26,23,23:00,,0.00050126365,0.0,0.13098241
20001_0310_1,8,69442472,2024-05-27,0,00:00,,0.0,0.0,0.07843063
20001_0310_1,8,69442472,2024-05-27,1,01:00,,0.0017004969,0.0,0.09211527
20001_0310_1,8,69442472,2024-05-27,2,02:00,,0.0017004923,0.0,0.10365758
20001_0310_1,8,69442472,2024-05-27,3,03:00,,0.0,0.0,0.13064794
20001_0310_1,8,69442472,2024-05-27,4,04:00,,0.004265449,0.0,0.17495176
20001_0310_1,8,69442472,2024-05-27,5,05:00,0.0,0.039708506,0.0,0.26519164
20001_0310_1,8,69442472,2024-05-27,6,06:00,0.6145429015159607,0.05976182,0.0,0.32944673
20001_0310_1,8,69442472,2024-05-27,7,07:00,0.0,0.122253515,0.0,0.41582465
20001_0310_1,8,69442472,2024-05-27,8,08:00,0.3193647265434265,0.04985175,0.0,0.3320263
20001_0310_1,8,69442472,2024-05-27,9,09:00,0.0,0.015224816,0.0,0.27475193
20001_0310_1,8,69442472,2024-05-27,10,10:00,0.0,0.00683041,0.0,0.23837617
20001_0310_1,8,69442472,2024-05-27,11,11:00,0.0,0.018022954,0.0,0.2382596
20001_0310_1,8,69442472,2024-05-27,12,12:00,0.0,0.018489312,0.0,0.2331297
20001_0310_1,8,69442472,2024-05-27,13,13:00,0.0,0.01149397,0.0,0.22695047
20001_0310_1,8,69442472,2024-05-27,14,14:00,0.0,0.028282788,0.0,0.24187383
20001_0310_1,8,69442472,2024-05-27,15,15:00,0.0,0.04308959,0.0,0.2603532
20001_0310_1,8,69442472,2024-05-27,16,16:00,0.0,0.038309444,0.0,0.2519588
20001_0310_1,8,69442472,2024-05-27,17,17:00,0.0,0.055681203,0.0,0.27360064
20001_0310_1,8,69442472,2024-05-27,18,18:00,0.0,0.042739823,0.0,0.25338697
20001_0310_1,8,69442472,2024-05-27,19,19:00,0.5123592853546143,0.027116897,0.0,0.21878922
20001_0310_1,8,69442472,2024-05-27,20,20:00,0.0,0.011960325,0.0,0.17798308
20001_0310_1,8,69442472,2024-05-27,21,21:00,0.0,0.013825751,0.0,0.15058465
20001_0310_1,8,69442472,2024-05-27,22,22:00,0.0,0.010561257,0.0,0.12738344
20001_0310_1,8,69442472,2024-05-27,23,23:00,,0.0070635853,0.0,0.12318624
20001_0310_1,8,69442472,2024-05-28,0,00:00,,0.0,0.0,0.07328185
20001_0310_1,8,69442472,2024-05-28,1,01:00,,4.5994762e-05,0.0,0.08664466
20001_0310_1,8,69442472,2024-05-28,2,02:00,,0.0,0.0,0.08809298
20001_0310_1,8,69442472,2024-05-28,3,03:00,,0.0,0.0,0.10809621
20001_0310_1,8,69442472,2024-05-28,4,04:00,,0.0052927416,0.0,0.1405058
20001_0310_1,8,69442472,2024-05-28,5,05:00,0.0,0.01447455,0.0,0.19417566
20001_0310_1,8,69442472,2024-05-28,6,06:00,0.3428887128829956,0.033821933,0.0,0.24970376
20001_0310_1,8,69442472,2024-05-28,7,07:00,0.0,0.06595826,0.0,0.30437103
20001_0310_1,8,69442472,2024-05-28,8,08:00,0.0,0.01447455,0.0,0.23440073
20001_0310_1,8,69442472,2024-05-28,9,09:00,0.0,0.0,0.0,0.19220814
20001_0310_1,8,69442472,2024-05-28,10,10:00,0.0,0.0,0.0,0.16444409
20001_0310_1,8,69442472,2024-05-28,11,11:00,0.0,0.0066044293,0.0035438281,0.16258587
20001_0310_1,8,69442472,2024-05-28,12,12:00,0.0,0.0,0.0,0.14881316
20001_0310_1,8,69442472,2024-05-28,13,13:00,0.0,0.0,0.0,0.14979695
20001_0310_1,8,69442472,2024-05-28,14,14:00,0.0,0.0,0.0,0.16269517
20001_0310_1,8,69442472,2024-05-28,15,15:00,0.4725910822550456,0.01491178,0.0,0.18379149
20001_0310_1,8,69442472,2024-05-28,16,16:00,0.0,0.009665034,0.0,0.18127741
20001_0310_1,8,69442472,2024-05-28,17,17:00,0.0,0.016660696,0.0,0.19942242
20001_0310_1,8,69442472,2024-05-28,18,18:00,0.0,0.016223466,0.0,0.20587152
20001_0310_1,8,69442472,2024-05-28,19,19:00,0.259925103187561,0.009446419,0.0,0.19428496
20001_0310_1,8,69442472,2024-05-28,20,20:00,0.0,0.0,0.0,0.15635534
20001_0310_1,8,69442472,2024-05-28,21,21:00,0.0,0.0,0.0,0.12771685
20001_0310_1,8,69442472,2024-05-28,22,22:00,0.0,0.003325208,0.0,0.117988504
20001_0310_1,8,69442472,2024-05-28,23,23:00,,0.0011390644,0.0,0.11667682
20001_0310_1,8,69442472,2024-05-29,0,00:00,,0.0,0.0,0.06474678
20001_0310_1,8,69442472,2024-05-29,1,01:00,,0.0,0.0,0.07505531
20001_0310_1,8,69442472,2024-05-29,2,02:00,,0.005314281,0.0,0.092231885
20001_0310_1,8,69442472,2024-05-29,3,03:00,,0.0,0.0,0.10940847
20001_0310_1,8,69442472,2024-05-29,4,04:00,,0.0020031335,0.0,0.14024352
20001_0310_1,8,69442472,2024-05-29,5,05:00,0.0,0.015247723,0.0,0.19508438
20001_0310_1,8,69442472,2024-05-29,6,06:00,0.0,0.042564683,0.0,0.25454274
20001_0310_1,8,69442472,2024-05-29,7,07:00,0.0,0.05948257,0.0,0.2884044
20001_0310_1,8,69442472,2024-05-29,8,08:00,0.0,0.011108789,0.0,0.21846934
20001_0310_1,8,69442472,2024-05-29,9,09:00,0.0,0.0,0.0,0.17832167
20001_0310_1,8,69442472,2024-05-29,10,10:00,0.4679921865463257,0.0,0.0,0.15121168
20001_0310_1,8,69442472,2024-05-29,11,11:00,0.0,0.0013822966,0.0013822966,0.1437616
20001_0310_1,8,69442472,2024-05-29,12,12:00,0.0,0.0,0.0,0.1313448
20001_0310_1,8,69442472,2024-05-29,13,13:00,0.0,0.0,0.0,0.1363115
20001_0310_1,8,69442472,2024-05-29,14,14:00,0.6623889207839966,0.0026239743,0.0,0.14210603
20001_0310_1,8,69442472,2024-05-29,15,15:00,0.49540992577870685,0.0044864933,0.0,0.14976305
20001_0310_1,8,69442472,2024-05-29,16,16:00,0.0,0.005314283,0.0,0.15535061
20001_0310_1,8,69442472,2024-05-29,17,17:00,0.0,0.010074056,0.0,0.17252718
20001_0310_1,8,69442472,2024-05-29,18,18:00,0.29557400941848755,0.009867111,0.0,0.17832169
20001_0310_1,8,69442472,2024-05-29,19,19:00,0.0,0.007383749,0.0,0.17273413
20001_0310_1,8,69442472,2024-05-29,20,20:00,0.0,0.0,0.0,0.14562412
20001_0310_1,8,69442472,2024-05-29,21,21:00,0.0,0.00055450865,0.0,0.12679197
20001_0310_1,8,69442472,2024-05-29,22,22:00,0.0,0.0036587093,0.0,0.116134234
20001_0310_1,8,69442472,2024-05-29,23,23:00,,0.0065559633,0.0,0.1193419
20001_0310_1,8,69442472,2024-05-30,0,00:00,,0.0012553785,0.0,0.06744289
20001_0310_1,8,69442472,2024-05-30,1,01:00,,0.00042511767,0.0,0.080286026
20001_0310_1,8,69442472,2024-05-30,2,02:00,,0.0072747814,0.0,0.10332581
20001_0310_1,8,69442472,2024-05-30,3,03:00,,0.0,0.0,0.114897594
20001_0310_1,8,69442472,2024-05-30,4,04:00,,0.0,0.0,0.15215564
20001_0310_1,8,69442472,2024-05-30,5,05:00,,0.0056142593,0.0,0.20166008
20001_0310_1,8,69442472,2024-05-30,6,06:00,,0.036852896,0.0,0.27093512
20001_0310_1,8,69442472,2024-05-30,7,07:00,,0.067935854,0.0,0.32204816
20001_0310_1,8,69442472,2024-05-30,8,08:00,,0.011426097,0.0,0.25209856
20001_0310_1,8,69442472,2024-05-30,9,09:00,,0.0,0.0,0.21089675
20001_0310_1,8,69442472,2024-05-30,10,10:00,,0.004783997,0.0,0.20300925
20001_0310_1,8,69442472,2024-05-30,11,11:00,,0.0033310344,0.0,0.1930461
20001_0310_1,8,69442472,2024-05-30,12,12:00,,0.0,0.0,0.17706352
20001_0310_1,8,69442472,2024-05-30,13,13:00,,0.0,0.0,0.17727108
20001_0310_1,8,69442472,2024-05-30,14,14:00,,0.0031234692,0.0,0.18246023
20001_0310_1,8,69442472,2024-05-30,15,15:00,,0.007274785,0.0,0.18661156
20001_0310_1,8,69442472,2024-05-30,16,16:00,,0.002915904,0.0,0.18412077
20001_0310_1,8,69442472,2024-05-30,17,17:00,,0.0085201785,0.0,0.19387634
20001_0310_1,8,69442472,2024-05-30,18,18:00,,0.00852018,0.0,0.19501798
20001_0310_1,8,69442472,2024-05-30,19,19:00,,0.019624943,0.0,0.19408391
20001_0310_1,8,69442472,2024-05-30,20,20:00,,0.0,0.0,0.1450984
20001_0310_1,8,69442472,2024-05-30,21,21:00,,0.0,0.0,0.11832243
20001_0310_1,8,69442472,2024-05-30,22,22:00,,0.0,0.0,0.097929105
20001_0310_1,8,69442472,2024-05-30,23,23:00,,0.0,0.0,0.0834514
20001_0310_1,8,69442472,2024-05-31,0,00:00,,0.0039346083,0.0,0.06544824
20001_0310_1,8,69442472,2024-05-31,1,01:00,,0.0039346083,0.0,0.07935165
20001_0310_1,8,69442472,2024-05-31,2,02:00,,0.008244154,0.0,0.09807765
20001_0310_1,8,69442472,2024-05-31,3,03:00,,0.010501536,0.0,0.12932186
20001_0310_1,8,69442472,2024-05-31,4,04:00,,0.0,0.0,0.15928344
20001_0310_1,8,69442472,2024-05-31,5,05:00,,0.034511857,0.0,0.24680828
20001_0310_1,8,69442472,2024-05-31,6,06:00,,0.103618495,0.0,0.3592156
20001_0310_1,8,69442472,2024-05-31,7,07:00,,0.18185727,0.0464529,0.457463
20001_0310_1,8,69442472,2024-05-31,8,08:00,,0.05713697,0.0,0.31755665
20001_0310_1,8,69442472,2024-05-31,9,09:00,,0.014298038,0.0,0.24619262
20001_0310_1,8,69442472,2024-05-31,10,10:00,,0.0066024233,0.0,0.21192148
20001_0310_1,8,69442472,2024-05-31,11,11:00,,0.020864965,0.0,0.21253711
20001_0310_1,8,69442472,2024-05-31,12,12:00,,0.0057815555,0.0,0.19704328
20001_0310_1,8,69442472,2024-05-31,13,13:00,,0.0066024233,0.0,0.198685
20001_0310_1,8,69442472,2024-05-31,14,14:00,,0.03389621,0.0,0.2258762
20001_0310_1,8,69442472,2024-05-31,15,15:00,,0.038718797,0.0,0.22910836
20001_0310_1,8,69442472,2024-05-31,16,16:00,,0.024251036,0.0,0.21161364
20001_0310_1,8,69442472,2024-05-31,17,17:00,,0.05377655,0.0,0.24439698
20001_0310_1,8,69442472,2024-05-31,18,18:00,,0.0500057,0.0,0.24054915
20001_0310_1,8,69442472,2024-05-31,19,19:00,,0.056521323,0.0,0.23139139
20001_0310_1,8,69442472,2024-05-31,20,20:00,,0.01768411,0.0,0.1609252
20001_0310_1,8,69442472,2024-05-31,21,21:00,,0.018915407,0.0,0.12829578
20001_0310_1,8,69442472,2024-05-31,22,22:00,,0.012348484,0.0,0.09925765
20001_0310_1,8,69442472,2024-05-31,23,23:00,,0.0,0.0,0.078684695
20001_0310_1,9,44784228,2024-05-01,0,00:00,,0.0,0.0,0.22899584
20001_0310_1,9,44784228,2024-05-01,1,01:00,,0.009100588,0.0,0.28934294
20001_0310_1,9,44784228,2024-05-01,2,02:00,,0.0,0.0,0.26784942
20001_0310_1,9,44784228,2024-05-01,3,03:00,,0.0,0.0,0.3414234
20001_0310_1,9,44784228,2024-05-01,4,04:00,,0.0,0.0,0.528665
20001_0310_1,9,44784228,2024-05-01,5,05:00,,1.0598028,0.5418917,1.7641287
20001_0310_1,9,44784228,2024-05-01,6,06:00,,1.5434068,0.9382818,2.343627
20001_0310_1,9,44784228,2024-05-01,7,07:00,,0.84734774,0.2703295,1.6326878
20001_0310_1,9,44784228,2024-05-01,8,08:00,,0.40218392,0.0,1.0870832
20001_0310_1,9,44784228,2024-05-01,9,09:00,,0.43566418,0.071307786,1.0484362
20001_0310_1,9,44784228,2024-05-01,10,10:00,,0.13310164,0.0,0.70515984
20001_0310_1,9,44784228,2024-05-01,11,11:00,,0.121528216,0.0,0.6809796
20001_0310_1,9,44784228,2024-05-01,12,12:00,,0.08019453,0.0,0.6479126
20001_0310_1,9,44784228,2024-05-01,13,13:00,,0.22651577,0.0,0.83660096
20001_0310_1,9,44784228,2024-05-01,14,14:00,,0.29182297,0.0,0.9672154
20001_0310_1,9,44784228,2024-05-01,15,15:00,,0.6912097,0.19665213,1.4804764
20001_0310_1,9,44784228,2024-05-01,16,16:00,,0.62724584,0.0,1.5440786
20001_0310_1,9,44784228,2024-05-01,17,17:00,,1.5004199,0.7245865,2.5073085
20001_0310_1,9,44784228,2024-05-01,18,18:00,,0.9531619,0.19923551,1.9650104
20001_0310_1,9,44784228,2024-05-01,19,19:00,,0.46542445,0.0,1.3590589
20001_0310_1,9,44784228,2024-05-01,20,20:00,,0.16451524,0.0,0.92257506
20001_0310_1,9,44784228,2024-05-01,21,21:00,,0.38441044,0.06366108,1.0143358
20001_0310_1,9,44784228,2024-05-01,22,22:00,,0.20915562,0.0,0.7584803
20001_0310_1,9,44784228,2024-05-01,23,23:00,,0.0,0.0,0.46087778
20001_0310_1,9,44784228,2024-05-02,0,00:00,,0.0,0.0,0.3096813
20001_0310_1,9,44784228,2024-05-02,1,01:00,,0.046747245,0.0,0.33433133
20001_0310_1,9,44784228,2024-05-02,2,02:00,,0.01881051,0.0,0.33515307
20001_0310_1,9,44784228,2024-05-02,3,03:00,,0.0,0.0,0.39184818
20001_0310_1,9,44784228,2024-05-02,4,04:00,,0.0,0.0,0.56090647
20001_0310_1,9,44784228,2024-05-02,5,05:00,,1.2710339,0.75132823,1.9908158
20001_0310_1,9,44784228,2024-05-02,6,06:00,,1.9563057,1.3416976,2.7714012
20001_0310_1,9,44784228,2024-05-02,7,07:00,,0.89142287,0.3039297,1.6974802
20001_0310_1,9,44784228,2024-05-02,8,08:00,,0.49414596,0.001555481,1.2357022
20001_0310_1,9,44784228,2024-05-02,9,09:00,,0.46251172,0.0652348,1.1317611
20001_0310_1,9,44784228,2024-05-02,10,10:00,,0.15027751,0.0,0.78460586
20001_0310_1,9,44784228,2024-05-02,11,11:00,,0.16013756,0.0,0.7837842
20001_0310_1,9,44784228,2024-05-02,12,12:00,,0.13877417,0.0,0.79056287
20001_0310_1,9,44784228,2024-05-02,13,13:00,,0.29571292,0.0,0.97687644
20001_0310_1,9,44784228,2024-05-02,14,14:00,,0.38773984,0.0,1.1329936
20001_0310_1,9,44784228,2024-05-02,15,15:00,,0.67861056,0.12809242,1.5150694
20001_0310_1,9,44784228,2024-05-02,16,16:00,,0.8059693,0.11453495,1.7562294
20001_0310_1,9,44784228,2024-05-02,17,17:00,,1.6276382,0.8462309,2.6136405
20001_0310_1,9,44784228,2024-05-02,18,18:00,,0.94729626,0.21190266,1.9283689
20001_0310_1,9,44784228,2024-05-02,19,19:00,,0.5604443,0.0,1.4045037
20001_0310_1,9,44784228,2024-05-02,20,20:00,,0.22422771,0.0,0.9242895
20001_0310_1,9,44784228,2024-05-02,21,21:00,,0.48818886,0.16219176,1.0545242
20001_0310_1,9,44784228,2024-05-02,22,22:00,,0.4292341,0.15233168,0.9247003
20001_0310_1,9,44784228,2024-05-02,23,23:00,,0.043460585,0.0,0.487778
20001_0310_1,9,44784228,2024-05-03,0,00:00,,0.0,0.0,0.17620437
20001_0310_1,9,44784228,2024-05-03,1,01:00,,0.0,0.0,0.17620437
20001_0310_1,9,44784228,2024-05-03,2,02:00,,0.021319037,0.0,0.2503863
20001_0310_1,9,44784228,2024-05-03,3,03:00,,0.0,0.0,0.3139708
20001_0310_1,9,44784228,2024-05-03,4,04:00,,0.018058311,0.0,0.5442609
20001_0310_1,9,44784228,2024-05-03,5,05:00,,1.1560578,0.60132384,1.8342924
20001_0310_1,9,44784228,2024-05-03,6,06:00,,1.8408141,1.2082298,2.6266532
20001_0310_1,9,44784228,2024-05-03,7,07:00,,0.915578,0.30989483,1.665549
20001_0310_1,9,44784228,2024-05-03,8,08:00,,0.4635574,0.0,1.1360859
20001_0310_1,9,44784228,2024-05-03,9,09:00,,0.48964337,0.09713131,1.0769849
20001_0310_1,9,44784228,2024-05-03,10,10:00,,0.22511554,0.0,0.75783956
20001_0310_1,9,44784228,2024-05-03,11,11:00,,0.25120148,0.0,0.75783956
20001_0310_1,9,44784228,2024-05-03,12,12:00,,0.16886769,0.0,0.6830463
20001_0310_1,9,44784228,2024-05-03,13,13:00,,0.3310897,0.0,0.85525423
20001_0310_1,9,44784228,2024-05-03,14,14:00,,0.4109779,0.00093935616,0.98323846
20001_0310_1,9,44784228,2024-05-03,15,15:00,,0.7291043,0.21635221,1.3665797
20001_0310_1,9,44784228,2024-05-03,16,16:00,,0.8071583,0.17661187,1.5355269
20001_0310_1,9,44784228,2024-05-03,17,17:00,,1.7266879,1.0305191,2.476659
20001_0310_1,9,44784228,2024-05-03,18,18:00,,0.9351425,0.301743,1.6500605
20001_0310_1,9,44784228,2024-05-03,19,19:00,,0.5051319,0.0033850102,1.0712786
20001_0310_1,9,44784228,2024-05-03,20,20:00,,0.2609837,0.0,0.69405127
20001_0310_1,9,44784228,2024-05-03,21,21:00,,0.32701376,0.08245801,0.6614439
20001_0310_1,9,44784228,2024-05-03,22,22:00,,0.2887,0.08001245,0.5690221
20001_0310_1,9,44784228,2024-05-03,23,23:00,,0.05066575,0.0,0.2878849
20001_0310_1,9,44784228,2024-05-04,0,00:00,,0.03437213,0.0,0.20902641
20001_0310_1,9,44784228,2024-05-04,1,01:00,,0.06136416,0.0,0.19473651
20001_0310_1,9,44784228,2024-05-04,2,02:00,,0.0010290602,0.0,0.16139345
20001_0310_1,9,44784228,2024-05-04,3,03:00,,0.0,0.0,0.23125511
20001_0310_1,9,44784228,2024-05-04,4,04:00,,0.035959918,0.0,0.44123718
20001_0310_1,9,44784228,2024-05-04,5,05:00,,1.3680955,0.90605557,1.8984092
20001_0310_1,9,44784228,2024-05-04,6,06:00,,2.0587738,1.5252843,2.674827
20001_0310_1,9,44784228,2024-05-04,7,07:00,,1.0291075,0.51665604,1.6030848
20001_0310_1,9,44784228,2024-05-04,8,08:00,,0.5424572,0.12011151,1.0473667
20001_0310_1,9,44784228,2024-05-04,9,09:00,,0.6027923,0.28206357,1.0362524
20001_0310_1,9,44784228,2024-05-04,10,10:00,,0.24713276,0.0,0.6329599
20001_0310_1,9,44784228,2024-05-04,11,11:00,,0.30032292,0.06930297,0.6577687
20001_0310_1,9,44784228,2024-05-04,12,12:00,,0.26380432,0.007380135,0.63534147
20001_0310_1,9,44784228,2024-05-04,13,13:00,,0.35907027,0.08121122,0.7433096
20001_0310_1,9,44784228,2024-05-04,14,14:00,,0.38923782,0.036753766,0.8223009
20001_0310_1,9,44784228,2024-05-04,15,15:00,,0.8846208,0.43290144,1.3895303
20001_0310_1,9,44784228,2024-05-04,16,16:00,,0.83063674,0.26658288,1.4312092
20001_0310_1,9,44784228,2024-05-04,17,17:00,,2.369976,1.7380449,2.9923801
20001_0310_1,9,44784228,2024-05-04,18,18:00,,1.1775635,0.59594506,1.792029
20001_0310_1,9,44784228,2024-05-04,19,19:00,,0.57322013,0.11008872,1.0675116
20001_0310_1,9,44784228,2024-05-04,20,20:00,,0.2090264,0.0,0.60259384
20001_0310_1,9,44784228,2024-05-04,21,21:00,,0.36859688,0.1471035,0.68773776
20001_0310_1,9,44784228,2024-05-04,22,22:00,,0.33287215,0.14710352,0.6053724
20001_0310_1,9,44784228,2024-05-04,23,23:00,,0.012143423,0.0,0.24236949
20001_0310_1,9,44784228,2024-05-05,0,00:00,,0.0,0.0,0.18557103
20001_0310_1,9,44784228,2024-05-05,1,01:00,,0.034068294,0.0,0.1887606
20001_0310_1,9,44784228,2024-05-05,2,02:00,,0.0,0.0,0.16005476
20001_0310_1,9,44784228,2024-05-05,3,03:00,,0.0053625135,0.0,0.26371455
20001_0310_1,9,44784228,2024-05-05,4,04:00,,0.032473523,0.0,0.43275973
20001_0310_1,9,44784228,2024-05-05,5,05:00,,1.3401815,0.9087972,1.8648593
20001_0310_1,9,44784228,2024-05-05,6,06:00,,2.1200218,1.6192654,2.726033
20001_0310_1,9,44784228,2024-05-05,7,07:00,0.0,1.0786399,0.60469544,1.6559451
20001_0310_1,9,44784228,2024-05-05,8,08:00,,0.5479815,0.15746328,1.0441531
20001_0310_1,9,44784228,2024-05-05,9,09:00,,0.61745346,0.31631687,1.0435301
20001_0310_1,9,44784228,2024-05-05,10,10:00,0.0,0.24377999,0.0,0.62233746
20001_0310_1,9,44784228,2024-05-05,11,11:00,,0.29002818,0.06436885,0.6472557
20001_0310_1,9,44784228,2024-05-05,12,12:00,,0.20231608,0.0,0.5723017
20001_0310_1,9,44784228,2024-05-05,13,13:00,,0.31076014,0.05001593,0.71323913
20001_0310_1,9,44784228,2024-05-05,14,14:00,,0.3928906,0.061578006,0.84301317
20001_0310_1,9,44784228,2024-05-05,15,15:00,,0.8541766,0.40843958,1.3892206
20001_0310_1,9,44784228,2024-05-05,16,16:00,,0.87132037,0.30597594,1.5124162
20001_0310_1,9,44784228,2024-05-05,17,17:00,,2.4230273,1.762794,3.118345
20001_0310_1,9,44784228,2024-05-05,18,18:00,,1.2508746,0.6211414,1.9414082
20001_0310_1,9,44784228,2024-05-05,19,19:00,,0.5851595,0.065265946,1.1752229
20001_0310_1,9,44784228,2024-05-05,20,20:00,,0.20072132,0.0,0.6851314
20001_0310_1,9,44784228,2024-05-05,21,21:00,,0.432361,0.17480634,0.8107191
20001_0310_1,9,44784228,2024-05-05,22,22:00,,0.34584498,0.14889142,0.6655955
20001_0310_1,9,44784228,2024-05-05,23,23:00,,0.030878749,0.0,0.30438107
20001_0310_1,9,44784228,2024-05-06,0,00:00,,0.0,0.0,0.21072046
20001_0310_1,9,44784228,2024-05-06,1,01:00,,0.03727963,0.0,0.21072045
20001_0310_1,9,44784228,2024-05-06,2,02:00,,0.030855892,0.0,0.23079461
20001_0310_1,9,44784228,2024-05-06,3,03:00,,0.009978756,0.0,0.29904684
20001_0310_1,9,44784228,2024-05-06,4,04:00,,0.0,0.0,0.4223022
20001_0310_1,9,44784228,2024-05-06,5,05:00,1.7666666507720947,1.2947257,0.830611,1.8519846
20001_0310_1,9,44784228,2024-05-06,6,06:00,3.171077251434326,1.8712558,1.3332679,2.5104175
20001_0310_1,9,44784228,2024-05-06,7,07:00,1.0089969635009766,0.73465633,0.21674268,1.3690001
20001_0310_1,9,44784228,2024-05-06,8,08:00,0.0,0.45843574,0.012387659,1.018505
20001_0310_1,9,44784228,2024-05-06,9,09:00,0.36538460850715637,0.5606133,0.19708255,1.0626807
20001_0310_1,9,44784228,2024-05-06,10,10:00,0.0,0.18341957,0.0,0.6553633
20001_0310_1,9,44784228,2024-05-06,11,11:00,0.3527638018131256,0.25648957,0.0,0.7159874
20001_0310_1,9,44784228,2024-05-06,12,12:00,0.8524025281270345,0.19385816,0.0,0.66118485
20001_0310_1,9,44784228,2024-05-06,13,13:00,0.7807692289352417,0.3143032,0.0,0.79688627
20001_0310_1,9,44784228,2024-05-06,14,14:00,0.2406014919281006,0.47208616,0.073011644,1.0012413
20001_0310_1,9,44784228,2024-05-06,15,15:00,1.610500653584798,0.7663735,0.27094302,1.3645836
20001_0310_1,9,44784228,2024-05-06,16,16:00,3.365940729777018,0.9197402,0.319121,1.6127006
20001_0310_1,9,44784228,2024-05-06,17,17:00,3.6788697242736816,2.2406206,1.5661285,2.9697144
20001_0310_1,9,44784228,2024-05-06,18,18:00,0.9516407966613769,1.1871281,0.5541895,1.8985568
20001_0310_1,9,44784228,2024-05-06,19,19:00,0.191876749197642,0.56929535,0.060916997,1.1738288
20001_0310_1,9,44784228,2024-05-06,20,20:00,0.0,0.18823738,0.0,0.6834671
20001_0310_1,9,44784228,2024-05-06,21,21:00,0.0,0.37372273,0.11757628,0.74790525
20001_0310_1,9,44784228,2024-05-06,22,22:00,2.526315689086914,0.29021418,0.08545764,0.60879123
20001_0310_1,9,44784228,2024-05-06,23,23:00,,0.024432156,0.0,0.295032
20001_0310_1,9,44784228,2024-05-07,0,00:00,,0.0,0.0,0.30414385
20001_0310_1,9,44784228,2024-05-07,1,01:00,,0.023955217,0.0,0.31832004
20001_0310_1,9,44784228,2024-05-07,2,02:00,,0.0,0.0,0.26745245
20001_0310_1,9,44784228,2024-05-07,3,03:00,,0.0,0.0,0.40838066
20001_0310_1,9,44784228,2024-05-07,4,04:00,,0.038965326,0.0,0.6769991
20001_0310_1,9,44784228,2024-05-07,5,05:00,0.5567951202392578,1.1255301,0.55389524,1.9210657
20001_0310_1,9,44784228,2024-05-07,6,06:00,1.6739234924316406,1.7251004,1.07091,2.6056933
20001_0310_1,9,44784228,2024-05-07,7,07:00,1.7936677932739258,0.6101832,0.0,1.4572115
20001_0310_1,9,44784228,2024-05-07,8,08:00,0.6748069524765015,0.5122006,0.0,1.2631227
20001_0310_1,9,44784228,2024-05-07,9,09:00,0.4489123821258545,0.5418038,0.10953363,1.223617
20001_0310_1,9,44784228,2024-05-07,10,10:00,0.0,0.18573077,0.0,0.83450085
20001_0310_1,9,44784228,2024-05-07,11,11:00,0.0,0.28913373,0.0,0.9237276
20001_0310_1,9,44784228,2024-05-07,12,12:00,0.6671066880226135,0.20491035,0.0,0.84367365
20001_0310_1,9,44784228,2024-05-07,13,13:00,0.7716049353281657,0.35167584,0.0,1.007117
20001_0310_1,9,44784228,2024-05-07,14,14:00,0.0,0.47467527,0.02937552,1.1734791
20001_0310_1,9,44784228,2024-05-07,15,15:00,0.0,0.8841176,0.33166233,1.6400433
20001_0310_1,9,44784228,2024-05-07,16,16:00,2.720461130142212,0.9387377,0.29121843,1.7855577
20001_0310_1,9,44784228,2024-05-07,17,17:00,1.2241847515106201,2.2387795,1.5182946,3.1026943
20001_0310_1,9,44784228,2024-05-07,18,18:00,1.2927149136861165,1.094676,0.43277213,1.926903
20001_0310_1,9,44784228,2024-05-07,19,19:00,0.2792951166629791,0.5374259,0.02312135,1.2489465
20001_0310_1,9,44784228,2024-05-07,20,20:00,0.0,0.14403605,0.0,0.73255724
20001_0310_1,9,44784228,2024-05-07,21,21:00,0.0,0.34166908,0.067317694,0.817823
20001_0310_1,9,44784228,2024-05-07,22,22:00,0.0,0.37002152,0.13486323,0.80239594
20001_0310_1,9,44784228,2024-05-07,23,23:00,,0.013948476,0.0,0.41255015
20001_0310_1,9,44784228,2024-05-08,0,00:00,,0.0,0.0,0.255031
20001_0310_1,9,44784228,2024-05-08,1,01:00,,0.010033359,0.0,0.27109638
20001_0310_1,9,44784228,2024-05-08,2,02:00,,0.0,0.0,0.25663748
20001_0310_1,9,44784228,2024-05-08,3,03:00,,0.0,0.0,0.3851608
20001_0310_1,9,44784228,2024-05-08,4,04:00,,0.0,0.0,0.5803556
20001_0310_1,9,44784228,2024-05-08,5,05:00,0.328202486038208,0.96190923,0.4176933,1.7338524
20001_0310_1,9,44784228,2024-05-08,6,06:00,1.806640863418579,1.7402787,1.1137273,2.5821064
20001_0310_1,9,44784228,2024-05-08,7,07:00,2.2549643516540527,0.7900092,0.19197418,1.5936816
20001_0310_1,9,44784228,2024-05-08,8,08:00,0.9920281171798706,0.41889817,0.0,1.1215594
20001_0310_1,9,44784228,2024-05-08,9,09:00,0.489740530649821,0.49771917,0.096836805,1.1250234
20001_0310_1,9,44784228,2024-05-08,10,10:00,0.0,0.1763104,0.0,0.76510787
20001_0310_1,9,44784228,2024-05-08,11,11:00,0.0,0.21406414,0.0,0.77354217
20001_0310_1,9,44784228,2024-05-08,12,12:00,0.6579999923706055,0.19478564,0.0,0.7771569
20001_0310_1,9,44784228,2024-05-08,13,13:00,0.0,0.26948982,0.0,0.8655167
20001_0310_1,9,44784228,2024-05-08,14,14:00,0.47138047218322754,0.36106265,0.0,1.002876
20001_0310_1,9,44784228,2024-05-08,15,15:00,0.5543615023295084,0.76631284,0.24017039,1.4772074
20001_0310_1,9,44784228,2024-05-08,16,16:00,2.591179847717285,1.0004662,0.37150517,1.810163
20001_0310_1,9,44784228,2024-05-08,17,17:00,1.2070707082748413,2.0390956,1.3354301,2.874497
20001_0310_1,9,44784228,2024-05-08,18,18:00,1.1853852272033691,0.9763681,0.33134168,1.7820487
20001_0310_1,9,44784228,2024-05-08,19,19:00,0.4921875,0.49320072,0.0,1.1627269
20001_0310_1,9,44784228,2024-05-08,20,20:00,0.0,0.14498286,0.0,0.69462085
20001_0310_1,9,44784228,2024-05-08,21,21:00,0.0,0.26708,0.0,0.7209281
20001_0310_1,9,44784228,2024-05-08,22,22:00,0.0,0.3000141,0.058229595,0.7213297
20001_0310_1,9,44784228,2024-05-08,23,23:00,,0.0,0.0,0.37471828
20001_0310_1,9,44784228,2024-05-09,0,00:00,,0.043474045,0.0,0.34126636
20001_0310_1,9,44784228,2024-05-09,1,01:00,,0.0,0.0,0.23462981
20001_0310_1,9,44784228,2024-05-09,2,02:00,,0.0,0.0,0.20935303
20001_0310_1,9,44784228,2024-05-09,3,03:00,,0.0,0.0,0.36180374
20001_0310_1,9,44784228,2024-05-09,4,04:00,,0.043474026,0.0,0.59284943
20001_0310_1,9,44784228,2024-05-09,5,05:00,1.357757806777954,0.87681854,0.37602195,1.5664012
20001_0310_1,9,44784228,2024-05-09,6,06:00,3.2222139835357666,1.8349673,1.2330635,2.5964305
20001_0310_1,9,44784228,2024-05-09,7,07:00,1.6634880701700847,1.0276895,0.4676504,1.7591369
20001_0310_1,9,44784228,2024-05-09,8,08:00,0.3526785671710968,0.49924633,0.055125047,1.1230698
20001_0310_1,9,44784228,2024-05-09,9,09:00,0.3015151619911194,0.33968654,0.006743689,0.8780034
20001_0310_1,9,44784228,2024-05-09,10,10:00,0.0,0.10508624,0.0,0.60173583
20001_0310_1,9,44784228,2024-05-09,11,11:00,0.0,0.116144836,0.0,0.60035354
20001_0310_1,9,44784228,2024-05-09,12,12:00,0.0,0.18407622,0.0,0.6998809
20001_0310_1,9,44784228,2024-05-09,13,13:00,0.0,0.22752073,0.0,0.7788709
20001_0310_1,9,44784228,2024-05-09,14,14:00,0.0,0.23541974,0.0,0.8483821
20001_0310_1,9,44784228,2024-05-09,15,15:00,3.1822257041931152,0.6809232,0.1473458,1.3748503
20001_0310_1,9,44784228,2024-05-09,16,16:00,0.6821428537368774,1.2267442,0.5746816,2.0229633
20001_0310_1,9,44784228,2024-05-09,17,17:00,2.0051002502441406,1.8254883,1.1145782,2.662782
20001_0310_1,9,44784228,2024-05-09,18,18:00,2.1212135314941407,0.97634584,0.3230987,1.7773045
20001_0310_1,9,44784228,2024-05-09,19,19:00,0.0,0.4881877,0.0,1.1420274
20001_0310_1,9,44784228,2024-05-09,20,20:00,0.0,0.13352263,0.0,0.6694698
20001_0310_1,9,44784228,2024-05-09,21,21:00,0.0,0.18723583,0.0,0.6125969
20001_0310_1,9,44784228,2024-05-09,22,22:00,1.4361799955368042,0.27175513,0.046633627,0.6653228
20001_0310_1,9,44784228,2024-05-09,23,23:00,,0.015037618,0.0,0.3870805
20001_0310_1,9,44784228,2024-05-10,0,00:00,,0.002202171,0.0,0.29299307
20001_0310_1,9,44784228,2024-05-10,1,01:00,,0.0,0.0,0.23891057
20001_0310_1,9,44784228,2024-05-10,2,02:00,,0.0,0.0,0.22401834
20001_0310_1,9,44784228,2024-05-10,3,03:00,,0.01944584,0.0,0.4078201
20001_0310_1,9,44784228,2024-05-10,4,04:00,,0.011607781,0.0,0.5681078
20001_0310_1,9,44784228,2024-05-10,5,05:00,0.6829260587692261,0.97255,0.47767654,1.6850268
20001_0310_1,9,44784228,2024-05-10,6,06:00,2.897383371988932,1.950736,1.3644514,2.7627559
20001_0310_1,9,44784228,2024-05-10,7,07:00,2.0978227615356446,0.9819557,0.420361,1.7775155
20001_0310_1,9,44784228,2024-05-10,8,08:00,0.34248435497283936,0.43094233,0.0,1.1344054
20001_0310_1,9,44784228,2024-05-10,9,09:00,0.0,0.35961625,0.0057292813,0.98783416
20001_0310_1,9,44784228,2024-05-10,10,10:00,0.0,0.0398247,0.0,0.62042665
20001_0310_1,9,44784228,2024-05-10,11,11:00,0.5098379453023275,0.08998807,0.0,0.66490746
20001_0310_1,9,44784228,2024-05-10,12,12:00,0.4856117169062297,0.14955707,0.0,0.73897684
20001_0310_1,9,44784228,2024-05-10,13,13:00,1.0769230524698894,0.22088313,0.0,0.84557396
20001_0310_1,9,44784228,2024-05-10,14,14:00,0.567838728427887,0.31023666,0.0,0.9952803
20001_0310_1,9,44784228,2024-05-10,15,15:00,1.3731117248535156,0.83930355,0.32277754,1.6105657
20001_0310_1,9,44784228,2024-05-10,16,16:00,0.335452139377594,1.1418514,0.51549494,2.021278
20001_0310_1,9,44784228,2024-05-10,17,17:00,,1.9476008,1.2515839,2.8693528
20001_0310_1,9,44784228,2024-05-10,18,18:00,0.7672337532043457,1.0187944,0.40056998,1.8966537
20001_0310_1,9,44784228,2024-05-10,19,19:00,0.28125,0.45994303,0.0,1.1655616
20001_0310_1,9,44784228,2024-05-10,20,20:00,0.44614195823669434,0.085285254,0.0,0.6574612
20001_0310_1,9,44784228,2024-05-10,21,21:00,0.5759943127632141,0.19188243,0.0,0.6509949
20001_0310_1,9,44784228,2024-05-10,22,22:00,0.5652173757553101,0.3345346,0.13701624,0.74132824
20001_0310_1,9,44784228,2024-05-10,23,23:00,,0.072744414,0.0,0.4619025
20001_0310_1,9,44784228,2024-05-11,0,00:00,,0.0,0.0,0.24044466
20001_0310_1,9,44784228,2024-05-11,1,01:00,,0.0008316934,0.0,0.22041276
20001_0310_1,9,44784228,2024-05-11,2,02:00,,0.0,0.0,0.20885585
20001_0310_1,9,44784228,2024-05-11,3,03:00,,0.0116181085,0.0,0.39415148
20001_0310_1,9,44784228,2024-05-11,4,04:00,,0.025486406,0.0,0.5838772
20001_0310_1,9,44784228,2024-05-11,5,05:00,,0.97931576,0.45867744,1.6943024
20001_0310_1,9,44784228,2024-05-11,6,06:00,,2.1149735,1.5078512,2.9070065
20001_0310_1,9,44784228,2024-05-11,7,07:00,,1.0440344,0.4665747,1.8098716
20001_0310_1,9,44784228,2024-05-11,8,08:00,,0.41726524,0.0,1.0779346
20001_0310_1,9,44784228,2024-05-11,9,09:00,,0.3752752,0.02895348,0.9427189
20001_0310_1,9,44784228,2024-05-11,10,10:00,,0.087123185,0.0,0.5985159
20001_0310_1,9,44784228,2024-05-11,11,11:00,,0.15954642,0.0,0.6609232
20001_0310_1,9,44784228,2024-05-11,12,12:00,,0.24121517,0.0,0.7516449
20001_0310_1,9,44784228,2024-05-11,13,13:00,,0.31903163,0.0,0.8568126
20001_0310_1,9,44784228,2024-05-11,14,14:00,,0.339834,0.0,0.93617
20001_0310_1,9,44784228,2024-05-11,15,15:00,,0.96621794,0.45732915,1.6511568
20001_0310_1,9,44784228,2024-05-11,16,16:00,,1.1888808,0.5716462,1.9608816
20001_0310_1,9,44784228,2024-05-11,17,17:00,,1.9824545,1.3013681,2.7960603
20001_0310_1,9,44784228,2024-05-11,18,18:00,,1.1241622,0.5132356,1.9038676
20001_0310_1,9,44784228,2024-05-11,19,19:00,,0.47158268,0.0050692214,1.0960405
20001_0310_1,9,44784228,2024-05-11,20,20:00,0.0,0.107155144,0.0,0.5978418
20001_0310_1,9,44784228,2024-05-11,21,21:00,,0.2211832,0.0,0.611999
20001_0310_1,9,44784228,2024-05-11,22,22:00,,0.3752752,0.16956241,0.7119662
20001_0310_1,9,44784228,2024-05-11,23,23:00,,0.062468473,0.0,0.38143882
20001_0310_1,9,44784228,2024-05-12,0,00:00,,0.0,0.0,0.18361959
20001_0310_1,9,44784228,2024-05-12,1,01:00,,0.042440977,0.0,0.22628346
20001_0310_1,9,44784228,2024-05-12,2,02:00,,0.0,0.0,0.16965687
20001_0310_1,9,44784228,2024-05-12,3,03:00,,0.0036556646,0.0,0.31316262
20001_0310_1,9,44784228,2024-05-12,4,04:00,,0.0,0.0,0.44891122
20001_0310_1,9,44784228,2024-05-12,5,05:00,,1.0880934,0.5875203,1.7024529
20001_0310_1,9,44784228,2024-05-12,6,06:00,,2.1554658,1.5876485,2.8660133
20001_0310_1,9,44784228,2024-05-12,7,07:00,,0.9981116,0.45996508,1.6683221
20001_0310_1,9,44784228,2024-05-12,8,08:00,,0.314714,0.0,0.8817556
20001_0310_1,9,44784228,2024-05-12,9,09:00,,0.41400445,0.08781977,0.8906762
20001_0310_1,9,44784228,2024-05-12,10,10:00,,0.0936376,0.0,0.5245427
20001_0310_1,9,44784228,2024-05-12,11,11:00,,0.1634512,0.0,0.58291453
20001_0310_1,9,44784228,2024-05-12,12,12:00,,0.29454565,0.0005528461,0.7324321
20001_0310_1,9,44784228,2024-05-12,13,13:00,,0.35660216,0.038950294,0.8255168
20001_0310_1,9,44784228,2024-05-12,14,14:00,,0.36901346,0.0,0.90114826
20001_0310_1,9,44784228,2024-05-12,15,15:00,,0.9577748,0.47547913,1.5698072
20001_0310_1,9,44784228,2024-05-12,16,16:00,,1.033794,0.45744398,1.7443414
20001_0310_1,9,44784228,2024-05-12,17,17:00,,2.1089237,1.4511244,2.8473964
20001_0310_1,9,44784228,2024-05-12,18,18:00,,1.0725794,0.46907958,1.7908835
20001_0310_1,9,44784228,2024-05-12,19,19:00,,0.42990646,0.0,1.0140135
20001_0310_1,9,44784228,2024-05-12,20,20:00,,0.121563055,0.0,0.5721517
20001_0310_1,9,44784228,2024-05-12,21,21:00,,0.30618122,0.06260936,0.6473952
20001_0310_1,9,44784228,2024-05-12,22,22:00,,0.42874286,0.22007778,0.73165625
20001_0310_1,9,44784228,2024-05-12,23,23:00,,0.059506524,0.0,0.3488451
20001_0310_1,9,44784228,2024-05-13,0,00:00,,0.0,0.0,0.24173416
20001_0310_1,9,44784228,2024-05-13,1,01:00,,0.04082398,0.0,0.267532
20001_0310_1,9,44784228,2024-05-13,2,02:00,,0.0,0.0,0.2526787
20001_0310_1,9,44784228,2024-05-13,3,03:00,,0.051768508,0.0,0.3887035
20001_0310_1,9,44784228,2024-05-13,4,04:00,,0.0017363979,0.0,0.48368633
20001_0310_1,9,44784228,2024-05-13,5,05:00,0.7491670846939087,1.0352122,0.53909296,1.6574864
20001_0310_1,9,44784228,2024-05-13,6,06:00,5.064942359924316,2.1578076,1.5886923,2.870765
20001_0310_1,9,44784228,2024-05-13,7,07:00,0.7024453282356262,1.0617917,0.5259009,1.7528603
20001_0310_1,9,44784228,2024-05-13,8,08:00,0.954075276851654,0.40199327,0.0,1.0055056
20001_0310_1,9,44784228,2024-05-13,9,09:00,0.45708473523457843,0.43169984,0.089292586,0.95390993
20001_0310_1,9,44784228,2024-05-13,10,10:00,0.0,0.100237116,0.0,0.587073
20001_0310_1,9,44784228,2024-05-13,11,11:00,0.0,0.20811884,0.0,0.6834239
20001_0310_1,9,44784228,2024-05-13,12,12:00,0.0,0.29411155,0.0,0.7975596
20001_0310_1,9,44784228,2024-05-13,13,13:00,0.4525822401046753,0.38479474,0.046296246,0.91404057
20001_0310_1,9,44784228,2024-05-13,14,14:00,0.4375,0.37463197,0.0,0.9640727
20001_0310_1,9,44784228,2024-05-13,15,15:00,2.1525402069091797,0.9234216,0.41020167,1.580093
20001_0310_1,9,44784228,2024-05-13,16,16:00,0.6883206963539124,1.1696734,0.5560961,1.9092106
20001_0310_1,9,44784228,2024-05-13,17,17:00,1.1964755058288574,2.1452994,1.4604851,2.902035
20001_0310_1,9,44784228,2024-05-13,18,18:00,0.4637681245803833,1.0961888,0.4711783,1.8341625
20001_0310_1,9,44784228,2024-05-13,19,19:00,1.0405545234680176,0.50088483,0.015807929,1.1102602
20001_0310_1,9,44784228,2024-05-13,20,20:00,0.40909091631571454,0.19326556,0.0,0.6808832
20001_0310_1,9,44784228,2024-05-13,21,21:00,0.5660714507102966,0.31209183,0.059586026,0.6959319
20001_0310_1,9,44784228,2024-05-13,22,22:00,0.0,0.41801918,0.19912869,0.7627716
20001_0310_1,9,44784228,2024-05-13,23,23:00,,0.045514494,0.0,0.37775898
20001_0310_1,9,44784228,2024-05-14,0,00:00,,0.0016397992,0.0,0.28358728
20001_0310_1,9,44784228,2024-05-14,1,01:00,,0.0,0.0,0.20268758
20001_0310_1,9,44784228,2024-05-14,2,02:00,,0.0,0.0,0.2299211
20001_0310_1,9,44784228,2024-05-14,3,03:00,,3.7822872e-05,0.0,0.36448693
20001_0310_1,9,44784228,2024-05-14,4,04:00,,0.0,0.0,0.4751233
20001_0310_1,9,44784228,2024-05-14,5,05:00,2.5250020027160645,0.8494846,0.34806672,1.50309
20001_0310_1,9,44784228,2024-05-14,6,06:00,1.4374083280563354,2.0633805,1.4882718,2.7906766
20001_0310_1,9,44784228,2024-05-14,7,07:00,0.7559729814529419,1.0941862,0.5548215,1.7958509
20001_0310_1,9,44784228,2024-05-14,8,08:00,0.7251935005187988,0.3556761,0.0,0.97163516
20001_0310_1,9,44784228,2024-05-14,9,09:00,0.0,0.39091957,0.04649515,0.94199866
20001_0310_1,9,44784228,2024-05-14,10,10:00,0.48055556416511536,0.0464951,0.0,0.5608289
20001_0310_1,9,44784228,2024-05-14,11,11:00,0.0,0.13139974,0.0,0.63361865
20001_0310_1,9,44784228,2024-05-14,12,12:00,0.0,0.21470237,0.0,0.73213995
20001_0310_1,9,44784228,2024-05-14,13,13:00,0.0,0.3124228,0.0,0.8466812
20001_0310_1,9,44784228,2024-05-14,14,14:00,0.4537037213643392,0.30361196,0.0,0.8811236
20001_0310_1,9,44784228,2024-05-14,15,15:00,0.4463768005371094,0.917969,0.43897876,1.5595596
20001_0310_1,9,44784228,2024-05-14,16,16:00,1.9887924194335938,1.1102059,0.5223815,1.839104
20001_0310_1,9,44784228,2024-05-14,17,17:00,1.7388877868652344,1.8807555,1.225548,2.649703
20001_0310_1,9,44784228,2024-05-14,18,18:00,1.0715136528015137,1.0228983,0.41534966,1.7598065
20001_0310_1,9,44784228,2024-05-14,19,19:00,0.6142894625663757,0.45780197,0.0,1.0529354
20001_0310_1,9,44784228,2024-05-14,20,20:00,0.3841874599456787,0.1265938,0.0,0.60258037
20001_0310_1,9,44784228,2024-05-14,21,21:00,0.0,0.23152308,0.0032417933,0.6039821
20001_0310_1,9,44784228,2024-05-14,22,22:00,0.0,0.29319912,0.09054937,0.62240463
20001_0310_1,9,44784228,2024-05-14,23,23:00,,0.0,0.0,0.29880604
20001_0310_1,9,44784228,2024-05-15,0,00:00,,0.0,0.0,0.22027339
20001_0310_1,9,44784228,2024-05-15,1,01:00,,0.0,0.0,0.20061827
20001_0310_1,9,44784228,2024-05-15,2,02:00,,0.0,0.0,0.21319754
20001_0310_1,9,44784228,2024-05-15,3,03:00,,0.0,0.0,0.3492109
20001_0310_1,9,44784228,2024-05-15,4,04:00,,0.0,0.0,0.54143775
20001_0310_1,9,44784228,2024-05-15,5,05:00,1.0089852809906006,0.969526,0.4093555,1.6912614
20001_0310_1,9,44784228,2024-05-15,6,06:00,2.3331891695658364,2.1566944,1.5214415,2.9554782
20001_0310_1,9,44784228,2024-05-15,7,07:00,0.0,1.1094704,0.53986543,1.8626541
20001_0310_1,9,44784228,2024-05-15,8,08:00,0.9083908398946127,0.43765885,0.0,1.0689808
20001_0310_1,9,44784228,2024-05-15,9,09:00,1.4886363744735718,0.30125242,0.0,0.83351266
20001_0310_1,9,44784228,2024-05-15,10,10:00,0.0,0.04180503,0.0,0.5229619
20001_0310_1,9,44784228,2024-05-15,11,11:00,0.0,0.13929436,0.0,0.6155376
20001_0310_1,9,44784228,2024-05-15,12,12:00,0.47091905275980633,0.16052186,0.0,0.6632995
20001_0310_1,9,44784228,2024-05-15,13,13:00,0.3216666579246521,0.25801116,0.0,0.7945956
20001_0310_1,9,44784228,2024-05-15,14,14:00,0.0,0.27216288,0.0,0.85945743
20001_0310_1,9,44784228,2024-05-15,15,15:00,3.8244825998942056,0.83194023,0.3405626,1.5096482
20001_0310_1,9,44784228,2024-05-15,16,16:00,1.0904947519302368,1.1707944,0.5532309,1.9569987
20001_0310_1,9,44784228,2024-05-15,17,17:00,1.28455650806427,1.9680053,1.2604215,2.7982368
20001_0310_1,9,44784228,2024-05-15,18,18:00,2.749424362182617,1.0284913,0.3873418,1.8186264
20001_0310_1,9,44784228,2024-05-15,19,19:00,0.23983864784240722,0.47107255,0.0,1.1059324
20001_0310_1,9,44784228,2024-05-15,20,20:00,0.0,0.15973565,0.0,0.6446271
20001_0310_1,9,44784228,2024-05-15,21,21:00,0.0,0.22656302,0.0,0.5992238
20001_0310_1,9,44784228,2024-05-15,22,22:00,0.0,0.2768801,0.08819108,0.5917548
20001_0310_1,9,44784228,2024-05-15,23,23:00,,0.0040672338,0.0,0.2965352
20001_0310_1,9,44784228,2024-05-16,0,00:00,,0.0,0.0,0.21392862
20001_0310_1,9,44784228,2024-05-16,1,01:00,,0.0,0.0,0.13582759
20001_0310_1,9,44784228,2024-05-16,2,02:00,,0.0,0.0,0.17650522
20001_0310_1,9,44784228,2024-05-16,3,03:00,,0.0056591,0.0,0.35304615
20001_0310_1,9,44784228,2024-05-16,4,04:00,,0.0,0.0,0.41487622
20001_0310_1,9,44784228,2024-05-16,5,05:00,0.951370120048523,1.035617,0.5194177,1.7564249
20001_0310_1,9,44784228,2024-05-16,6,06:00,1.2638678550720215,2.4560804,1.850797,3.263125
20001_0310_1,9,44784228,2024-05-16,7,07:00,0.8588356971740723,0.8932453,0.34063938,1.6628662
20001_0310_1,9,44784228,2024-05-16,8,08:00,0.0,0.3538597,0.0,1.023007
20001_0310_1,9,44784228,2024-05-16,9,09:00,0.0,0.29121614,0.0,0.881042
20001_0310_1,9,44784228,2024-05-16,10,10:00,0.0,0.041455407,0.0,0.5877562
20001_0310_1,9,44784228,2024-05-16,11,11:00,0.0,0.1195565,0.0,0.6650437
20001_0310_1,9,44784228,2024-05-16,12,12:00,0.0,0.16836967,0.0,0.759009
20001_0310_1,9,44784228,2024-05-16,13,13:00,0.2750000059604645,0.23833522,0.0,0.87941486
20001_0310_1,9,44784228,2024-05-16,14,14:00,0.45895059903462726,0.2765722,0.0,0.9908716
20001_0310_1,9,44784228,2024-05-16,15,15:00,1.4389610290527344,1.173921,0.63656926,1.9695756
20001_0310_1,9,44784228,2024-05-16,16,16:00,3.3978271484375,1.0250409,0.37826636,1.9297117
20001_0310_1,9,44784228,2024-05-16,17,17:00,2.504146099090576,1.9321523,1.2145987,2.853094
20001_0310_1,9,44784228,2024-05-16,18,18:00,0.8781563440958658,1.0470067,0.39779153,1.9191356
20001_0310_1,9,44784228,2024-05-16,19,19:00,0.6460154056549072,0.424232,0.0,1.1206332
20001_0310_1,9,44784228,2024-05-16,20,20:00,0.43518519401550293,0.14396308,0.0,0.680908
20001_0310_1,9,44784228,2024-05-16,21,21:00,0.6545454263687134,0.21880996,0.0,0.6219254
20001_0310_1,9,44784228,2024-05-16,22,22:00,0.0,0.24565719,0.050404493,0.58938324
20001_0310_1,9,44784228,2024-05-16,23,23:00,,0.0040320074,0.0,0.31562275
20001_0310_1,9,44784228,2024-05-17,0,00:00,,0.0,0.0,0.2605279
20001_0310_1,9,44784228,2024-05-17,1,01:00,,0.0,0.0,0.18948278
20001_0310_1,9,44784228,2024-05-17,2,02:00,,0.0,0.0,0.23822308
20001_0310_1,9,44784228,2024-05-17,3,03:00,,0.004435096,0.0,0.3951831
20001_0310_1,9,44784228,2024-05-17,4,04:00,,0.0,0.0,0.5601978
20001_0310_1,9,44784228,2024-05-17,5,05:00,0.7666683197021484,0.90654266,0.34396464,1.6698644
20001_0310_1,9,44784228,2024-05-17,6,06:00,2.063575029373169,2.0647428,1.4319458,2.9139795
20001_0310_1,9,44784228,2024-05-17,7,07:00,0.5253174702326456,0.82393205,0.23367938,1.6545813
20001_0310_1,9,44784228,2024-05-17,8,08:00,0.39155134558677673,0.3489212,0.0,1.0730029
20001_0310_1,9,44784228,2024-05-17,9,09:00,0.0,0.28531107,0.0,0.9230647
20001_0310_1,9,44784228,2024-05-17,10,10:00,0.4201038181781769,0.032522697,0.0,0.62132967
20001_0310_1,9,44784228,2024-05-17,11,11:00,1.1313916842142742,0.1167855,0.0,0.69505954
20001_0310_1,9,44784228,2024-05-17,12,12:00,0.4375,0.2035266,0.0,0.81401885
20001_0310_1,9,44784228,2024-05-17,13,13:00,0.0,0.30596372,0.0,0.96189165
20001_0310_1,9,44784228,2024-05-17,14,14:00,0.4492753744125366,0.2993549,0.0,1.0321107
20001_0310_1,9,44784228,2024-05-17,15,15:00,0.4345596234003703,1.0585461,0.48667437,1.8796952
20001_0310_1,9,44784228,2024-05-17,16,16:00,3.0590476989746094,1.182462,0.4925604,2.1077003
20001_0310_1,9,44784228,2024-05-17,17,17:00,3.022262763977051,1.9424793,1.1923752,2.8809354
20001_0310_1,9,44784228,2024-05-17,18,18:00,2.4776909351348877,1.0403717,0.378661,1.8962173
20001_0310_1,9,44784228,2024-05-17,19,19:00,0.22603306770324708,0.4542497,0.0,1.1087321
20001_0310_1,9,44784228,2024-05-17,20,20:00,0.0,0.191135,0.0,0.6680046
20001_0310_1,9,44784228,2024-05-17,21,21:00,0.5533769130706787,0.22417924,0.025913872,0.5723828
20001_0310_1,9,44784228,2024-05-17,22,22:00,0.0,0.22830978,0.048218705,0.5224034
20001_0310_1,9,44784228,2024-05-17,23,23:00,,0.035827138,0.0,0.30844203
20001_0310_1,9,44784228,2024-05-18,0,00:00,,0.0,0.0,0.22938716
20001_0310_1,9,44784228,2024-05-18,1,01:00,,0.0,0.0,0.18201703
20001_0310_1,9,44784228,2024-05-18,2,02:00,,0.0,0.0,0.22854125
20001_0310_1,9,44784228,2024-05-18,3,03:00,,0.0,0.0,0.38926136
20001_0310_1,9,44784228,2024-05-18,4,04:00,,0.0,0.0,0.56140095
20001_0310_1,9,44784228,2024-05-18,5,05:00,,0.93740135,0.383763,1.7088578
20001_0310_1,9,44784228,2024-05-18,6,06:00,,1.9880029,1.3620405,2.840665
20001_0310_1,9,44784228,2024-05-18,7,07:00,,0.6444044,0.076597355,1.4520228
20001_0310_1,9,44784228,2024-05-18,8,08:00,,0.2725278,0.0,0.9593946
20001_0310_1,9,44784228,2024-05-18,9,09:00,,0.26237705,0.0,0.85112005
20001_0310_1,9,44784228,2024-05-18,10,10:00,,0.083047315,0.0,0.6201907
20001_0310_1,9,44784228,2024-05-18,11,11:00,,0.19808903,0.0,0.7348095
20001_0310_1,9,44784228,2024-05-18,12,12:00,,0.2395379,0.0,0.8003664
20001_0310_1,9,44784228,2024-05-18,13,13:00,,0.27675727,0.0,0.8925689
20001_0310_1,9,44784228,2024-05-18,14,14:00,,0.34358296,0.0,1.0507513
20001_0310_1,9,44784228,2024-05-18,15,15:00,,1.0955837,0.4960556,1.9270985
20001_0310_1,9,44784228,2024-05-18,16,16:00,0.0,1.2994446,0.54532903,2.2603812
20001_0310_1,9,44784228,2024-05-18,17,17:00,,2.0725923,1.2334645,3.1012006
20001_0310_1,9,44784228,2024-05-18,18,18:00,,1.1894782,0.4567215,2.157182
20001_0310_1,9,44784228,2024-05-18,19,19:00,,0.45524117,0.0,1.2038583
20001_0310_1,9,44784228,2024-05-18,20,20:00,,0.1879383,0.0,0.7474979
20001_0310_1,9,44784228,2024-05-18,21,21:00,,0.18370882,0.0,0.59513104
20001_0310_1,9,44784228,2024-05-18,22,22:00,,0.14395177,0.0,0.48400155
20001_0310_1,9,44784228,2024-05-18,23,23:00,,0.013683912,0.0,0.326665
20001_0310_1,9,44784228,2024-05-19,0,00:00,,0.0,0.0,0.25198898
20001_0310_1,9,44784228,2024-05-19,1,01:00,,0.016333722,0.0,0.24518305
20001_0310_1,9,44784228,2024-05-19,2,02:00,,0.0,0.0,0.2562427
20001_0310_1,9,44784228,2024-05-19,3,03:00,,0.043557424,0.0,0.41830888
20001_0310_1,9,44784228,2024-05-19,4,04:00,,0.031647056,0.0,0.5982406
20001_0310_1,9,44784228,2024-05-19,5,05:00,,1.0406259,0.48339057,1.7799199
20001_0310_1,9,44784228,2024-05-19,6,06:00,,2.1125596,1.4745039,2.9326742
20001_0310_1,9,44784228,2024-05-19,7,07:00,,0.648647,0.058658015,1.4283514
20001_0310_1,9,44784228,2024-05-19,8,08:00,,0.3157946,0.0,0.9929844
20001_0310_1,9,44784228,2024-05-19,9,09:00,,0.28176495,0.0,0.86537325
20001_0310_1,9,44784228,2024-05-19,10,10:00,,0.06737819,0.0,0.60419583
20001_0310_1,9,44784228,2024-05-19,11,11:00,,0.19328788,0.0,0.73435926
20001_0310_1,9,44784228,2024-05-19,12,12:00,,0.19924307,0.0,0.789232
20001_0310_1,9,44784228,2024-05-19,13,13:00,,0.28772014,0.0,0.93002975
20001_0310_1,9,44784228,2024-05-19,14,14:00,,0.31324238,0.0,1.0576408
20001_0310_1,9,44784228,2024-05-19,15,15:00,,0.9615071,0.34982428,1.8267108
20001_0310_1,9,44784228,2024-05-19,16,16:00,,1.2073714,0.44765943,2.206141
20001_0310_1,9,44784228,2024-05-19,17,17:00,,2.081933,1.2311921,3.1300464
20001_0310_1,9,44784228,2024-05-19,18,18:00,,1.1393119,0.38045084,2.12447
20001_0310_1,9,44784228,2024-05-19,19,19:00,,0.48913312,0.0,1.2786206
20001_0310_1,9,44784228,2024-05-19,20,20:00,,0.18648192,0.0,0.79008275
20001_0310_1,9,44784228,2024-05-19,21,21:00,,0.21625787,0.0,0.6652365
20001_0310_1,9,44784228,2024-05-19,22,22:00,,0.23157123,0.060572244,0.60611
20001_0310_1,9,44784228,2024-05-19,23,23:00,,0.033348545,0.0,0.37619722
20001_0310_1,9,44784228,2024-05-20,0,00:00,,0.0,0.0,0.19524021
20001_0310_1,9,44784228,2024-05-20,1,01:00,,0.018836742,0.0,0.19267125
20001_0310_1,9,44784228,2024-05-20,2,02:00,,0.07192906,0.0,0.2842983
20001_0310_1,9,44784228,2024-05-20,3,03:00,,0.03938861,0.0,0.36993107
20001_0310_1,9,44784228,2024-05-20,4,04:00,,0.0,0.0,0.46145108
20001_0310_1,9,44784228,2024-05-20,5,05:00,0.9615765810012817,1.0447172,0.51839685,1.7297791
20001_0310_1,9,44784228,2024-05-20,6,06:00,2.03126859664917,2.2452886,1.6390085,3.0262592
20001_0310_1,9,44784228,2024-05-20,7,07:00,2.6085664431254068,0.71824235,0.15028307,1.4852977
20001_0310_1,9,44784228,2024-05-20,8,08:00,0.22327907085418702,0.31170082,0.0,0.98991233
20001_0310_1,9,44784228,2024-05-20,9,09:00,0.3942029078801473,0.27916035,0.0,0.87773335
20001_0310_1,9,44784228,2024-05-20,10,10:00,0.0,0.10275684,0.0,0.6690034
20001_0310_1,9,44784228,2024-05-20,11,11:00,0.3358585834503174,0.21407944,0.0,0.7694079
20001_0310_1,9,44784228,2024-05-20,12,12:00,0.0,0.21836108,0.0,0.8169341
20001_0310_1,9,44784228,2024-05-20,13,13:00,0.0,0.27744767,0.0,0.91541183
20001_0310_1,9,44784228,2024-05-20,14,14:00,0.0,0.32197672,0.0,1.0635564
20001_0310_1,9,44784228,2024-05-20,15,15:00,1.2454545497894287,1.1440512,0.5409825,1.9935281
20001_0310_1,9,44784228,2024-05-20,16,16:00,1.1700868606567383,1.3529952,0.6060633,2.312082
20001_0310_1,9,44784228,2024-05-20,17,17:00,1.952520529429118,1.9609877,1.1320624,2.9509025
20001_0310_1,9,44784228,2024-05-20,18,18:00,1.8981642723083496,1.1440512,0.41103488,2.0705976
20001_0310_1,9,44784228,2024-05-20,19,19:00,0.44124999046325686,0.49666753,0.0,1.2384613
20001_0310_1,9,44784228,2024-05-20,20,20:00,0.0,0.22778068,0.0,0.7715488
20001_0310_1,9,44784228,2024-05-20,21,21:00,0.0,0.29543057,0.08477398,0.678209
20001_0310_1,9,44784228,2024-05-20,22,22:00,0.0,0.2680281,0.107894816,0.573523
20001_0310_1,9,44784228,2024-05-20,23,23:00,,0.03938861,0.0,0.3022812
20001_0310_1,9,44784228,2024-05-21,0,00:00,,0.0058713346,0.0,0.247039
20001_0310_1,9,44784228,2024-05-21,1,01:00,,0.0,0.0,0.20769963
20001_0310_1,9,44784228,2024-05-21,2,02:00,,0.0,0.0,0.24019736
20001_0310_1,9,44784228,2024-05-21,3,03:00,,0.026396237,0.0,0.39285135
20001_0310_1,9,44784228,2024-05-21,4,04:00,,0.0,0.0,0.52091825
20001_0310_1,9,44784228,2024-05-21,5,05:00,0.9860681295394897,0.9217953,0.3877201,1.644443
20001_0310_1,9,44784228,2024-05-21,6,06:00,0.8422869046529134,2.087439,1.4785335,2.9118562
20001_0310_1,9,44784228,2024-05-21,7,07:00,2.944987932840983,0.7930871,0.23207296,1.5944136
20001_0310_1,9,44784228,2024-05-21,8,08:00,0.7585602283477784,0.288944,0.0,0.9910668
20001_0310_1,9,44784228,2024-05-21,9,09:00,0.5583333174387614,0.29065442,0.0,0.9192298
20001_0310_1,9,44784228,2024-05-21,10,10:00,0.0,0.038369097,0.0,0.6389364
20001_0310_1,9,44784228,2024-05-21,11,11:00,0.0,0.17947786,0.0,0.7815418
20001_0310_1,9,44784228,2024-05-21,12,12:00,0.0,0.19743714,0.0,0.8311437
20001_0310_1,9,44784228,2024-05-21,13,13:00,0.303846150636673,0.21454124,0.0,0.88416636
20001_0310_1,9,44784228,2024-05-21,14,14:00,0.0,0.19658194,0.0,0.9363339
20001_0310_1,9,44784228,2024-05-21,15,15:00,0.807692289352417,1.0688906,0.47430956,1.9104116
20001_0310_1,9,44784228,2024-05-21,16,16:00,1.2844068209330242,1.4545877,0.72595334,2.410706
20001_0310_1,9,44784228,2024-05-21,17,17:00,1.8658536672592163,1.8240361,1.0047503,2.8023899
20001_0310_1,9,44784228,2024-05-21,18,18:00,0.0,1.1809224,0.46532995,2.09086
20001_0310_1,9,44784228,2024-05-21,19,19:00,0.26666667461395266,0.51086956,0.0,1.224324
20001_0310_1,9,44784228,2024-05-21,20,20:00,0.0,0.17691223,0.0,0.6951662
20001_0310_1,9,44784228,2024-05-21,21,21:00,,0.22138287,0.03580351,0.5898691
20001_0310_1,9,44784228,2024-05-21,22,22:00,0.0,0.1290208,0.0,0.42834237
20001_0310_1,9,44784228,2024-05-21,23,23:00,,0.04178993,0.0,0.31460014
20001_0310_1,9,44784228,2024-05-22,0,00:00,,0.0,0.0,0.24642417
20001_0310_1,9,44784228,2024-05-22,1,01:00,,0.0,0.0,0.25298595
20001_0310_1,9,44784228,2024-05-22,2,02:00,,0.0,0.0,0.24478373
20001_0310_1,9,44784228,2024-05-22,3,03:00,,0.0069179246,0.0,0.42031232
20001_0310_1,9,44784228,2024-05-22,4,04:00,,0.0,0.0,0.59297013
20001_0310_1,9,44784228,2024-05-22,5,05:00,2.550952911376953,0.87143713,0.3132727,1.6268662
20001_0310_1,9,44784228,2024-05-22,6,06:00,1.632345199584961,1.6440909,1.0002128,2.5069697
20001_0310_1,9,44784228,2024-05-22,7,07:00,1.307976245880127,0.87635845,0.26364902,1.7187315
20001_0310_1,9,44784228,2024-05-22,8,08:00,1.720320224761963,0.34075025,0.0,1.0822356
20001_0310_1,9,44784228,2024-05-22,9,09:00,0.0,0.26692984,0.0,0.90998775
20001_0310_1,9,44784228,2024-05-22,10,10:00,0.0,0.057771973,0.0,0.6413634
20001_0310_1,9,44784228,2024-05-22,11,11:00,0.0,0.11026651,0.0,0.6639197
20001_0310_1,9,44784228,2024-05-22,12,12:00,0.440191388130188,0.10862605,0.0,0.68319505
20001_0310_1,9,44784228,2024-05-22,13,13:00,0.8390340010325114,0.18162626,0.0,0.79351556
20001_0310_1,9,44784228,2024-05-22,14,14:00,0.0,0.1824465,0.0,0.87061685
20001_0310_1,9,44784228,2024-05-22,15,15:00,0.7333333492279053,0.9345945,0.35879517,1.7474395
20001_0310_1,9,44784228,2024-05-22,16,16:00,2.9811617533365884,1.2717079,0.5412958,2.223171
20001_0310_1,9,44784228,2024-05-22,17,17:00,0.8095195293426514,1.8015746,0.9764261,2.8022513
20001_0310_1,9,44784228,2024-05-22,18,18:00,0.4644710222880046,1.0748534,0.33336818,2.0410805
20001_0310_1,9,44784228,2024-05-22,19,19:00,0.2636363744735718,0.4043179,0.0,1.1843537
20001_0310_1,9,44784228,2024-05-22,20,20:00,0.0,0.1004238,0.0,0.6918075
20001_0310_1,9,44784228,2024-05-22,21,21:00,0.0,0.16686217,0.0,0.6061962
20001_0310_1,9,44784228,2024-05-22,22,22:00,0.0,0.06433379,0.0,0.42318302
20001_0310_1,9,44784228,2024-05-22,23,23:00,,0.0036369981,0.0,0.33910984
20001_0310_1,9,44784228,2024-05-23,0,00:00,,0.0,0.0,0.256021
20001_0310_1,9,44784228,2024-05-23,1,01:00,,0.0,0.0,0.25105798
20001_0310_1,9,44784228,2024-05-23,2,02:00,,0.0,0.0,0.2915891
20001_0310_1,9,44784228,2024-05-23,3,03:00,,0.0,0.0,0.4299326
20001_0310_1,9,44784228,2024-05-23,4,04:00,,0.0012538806,0.0,0.67105156
20001_0310_1,9,44784228,2024-05-23,5,05:00,0.38235294818878174,0.8830128,0.31268182,1.736648
20001_0310_1,9,44784228,2024-05-23,6,06:00,1.6972522735595703,1.6440053,0.96655643,2.6035175
20001_0310_1,9,44784228,2024-05-23,7,07:00,2.215892028808594,0.9185809,0.2758729,1.8632045
20001_0310_1,9,44784228,2024-05-23,8,08:00,0.3610175549983978,0.3817502,0.0,1.2130519
20001_0310_1,9,44784228,2024-05-23,9,09:00,0.0,0.1997737,0.0,0.92933404
20001_0310_1,9,44784228,2024-05-23,10,10:00,0.8017222086588541,0.062464166,0.0,0.7270919
20001_0310_1,9,44784228,2024-05-23,11,11:00,0.0,0.11374844,0.0,0.7589379
20001_0310_1,9,44784228,2024-05-23,12,12:00,0.0,0.13360043,0.0,0.8019506
20001_0310_1,9,44784228,2024-05-23,13,13:00,0.0,0.19398355,0.0,0.8937659
20001_0310_1,9,44784228,2024-05-23,14,14:00,0.0,0.24278633,0.0,1.0170135
20001_0310_1,9,44784228,2024-05-23,15,15:00,1.3866341908772786,0.9971617,0.43220735,1.8756118
20001_0310_1,9,44784228,2024-05-23,16,16:00,2.3465309143066406,1.2916327,0.5779953,2.2891948
20001_0310_1,9,44784228,2024-05-23,17,17:00,2.8328466415405273,1.7730434,0.9822728,2.8119638
20001_0310_1,9,44784228,2024-05-23,18,18:00,1.710805320739746,1.0343841,0.32384866,2.02202
20001_0310_1,9,44784228,2024-05-23,19,19:00,0.43809524178504944,0.41483688,0.0,1.2101569
20001_0310_1,9,44784228,2024-05-23,20,20:00,0.0,0.16006975,0.0,0.76886386
20001_0310_1,9,44784228,2024-05-23,21,21:00,0.0,0.18488471,0.0,0.63631046
20001_0310_1,9,44784228,2024-05-23,22,22:00,0.0,0.085624784,0.0,0.45784947
20001_0310_1,9,44784228,2024-05-23,23,23:00,,0.03434051,0.0,0.38423172
20001_0310_1,9,44784228,2024-05-24,0,00:00,,0.0,0.0,0.22682346
20001_0310_1,9,44784228,2024-05-24,1,01:00,,0.0011047209,0.0,0.25023136
20001_0310_1,9,44784228,2024-05-24,2,02:00,,0.0,0.0,0.28534314
20001_0310_1,9,44784228,2024-05-24,3,03:00,,0.0,0.0,0.4197294
20001_0310_1,9,44784228,2024-05-24,4,04:00,,0.0,0.0,0.6626906
20001_0310_1,9,44784228,2024-05-24,5,05:00,0.6785714030265808,0.88140786,0.32003695,1.7408112
20001_0310_1,9,44784228,2024-05-24,6,06:00,2.574473222096761,1.6179199,0.95915544,2.6010504
20001_0310_1,9,44784228,2024-05-24,7,07:00,1.3570973873138428,0.98590726,0.3488787,1.9648578
20001_0310_1,9,44784228,2024-05-24,8,08:00,1.546932578086853,0.36141875,0.0,1.2341981
20001_0310_1,9,44784228,2024-05-24,9,09:00,0.6721200942993164,0.16579582,0.0,0.93491167
20001_0310_1,9,44784228,2024-05-24,10,10:00,0.4309895833333333,0.066312365,0.0,0.7606065
20001_0310_1,9,44784228,2024-05-24,11,11:00,0.36015021800994873,0.13820799,0.0,0.8019883
20001_0310_1,9,44784228,2024-05-24,12,12:00,0.41907596588134766,0.134864,0.0,0.8078403
20001_0310_1,9,44784228,2024-05-24,13,13:00,0.45079366366068524,0.19338365,0.0,0.9056517
20001_0310_1,9,44784228,2024-05-24,14,14:00,0.706250011920929,0.24855936,0.0,1.051115
20001_0310_1,9,44784228,2024-05-24,15,15:00,1.399999976158142,0.8780639,0.31293106,1.780103
20001_0310_1,9,44784228,2024-05-24,16,16:00,1.192865252494812,1.3119457,0.6092915,2.313468
20001_0310_1,9,44784228,2024-05-24,17,17:00,0.4513243834177653,2.0860772,1.3303375,3.1160235
20001_0310_1,9,44784228,2024-05-24,18,18:00,1.536831259727478,1.0887347,0.43122438,2.0267217
20001_0310_1,9,44784228,2024-05-24,19,19:00,0.3443877696990967,0.4454363,0.0,1.1681544
20001_0310_1,9,44784228,2024-05-24,20,20:00,0.0,0.16328785,0.0,0.69330895
20001_0310_1,9,44784228,2024-05-24,21,21:00,0.0,0.19087568,0.042904526,0.57449305
20001_0310_1,9,44784228,2024-05-24,22,22:00,0.0,0.07801631,0.0,0.40071052
20001_0310_1,9,44784228,2024-05-24,23,23:00,,0.04624848,0.0,0.36476275
20001_0310_1,9,44784228,2024-05-25,0,00:00,,0.0,0.0,0.2494841
20001_0310_1,9,44784228,2024-05-25,1,01:00,,0.0,0.0,0.2462364
20001_0310_1,9,44784228,2024-05-25,2,02:00,,0.0148343,0.0,0.3229644
20001_0310_1,9,44784228,2024-05-25,3,03:00,,0.0,0.0,0.44688636
20001_0310_1,9,44784228,2024-05-25,4,04:00,,0.0870967,0.0,0.7425329
20001_0310_1,9,44784228,2024-05-25,5,05:00,,0.91446066,0.34732252,1.7572515
20001_0310_1,9,44784228,2024-05-25,6,06:00,,1.7410127,1.0736004,2.68286
20001_0310_1,9,44784228,2024-05-25,7,07:00,,0.9136487,0.26572278,1.8506242
20001_0310_1,9,44784228,2024-05-25,8,08:00,,0.39482087,0.0,1.2347697
20001_0310_1,9,44784228,2024-05-25,9,09:00,,0.22837378,0.0,0.96561277
20001_0310_1,9,44784228,2024-05-25,10,10:00,,0.10901901,0.0,0.75775677
20001_0310_1,9,44784228,2024-05-25,11,11:00,,0.16098298,0.0,0.78942233
20001_0310_1,9,44784228,2024-05-25,12,12:00,,0.13987264,0.0,0.7756194
20001_0310_1,9,44784228,2024-05-25,13,13:00,,0.20239179,0.0,0.8787355
20001_0310_1,9,44784228,2024-05-25,14,14:00,,0.27140644,0.0,1.0216364
20001_0310_1,9,44784228,2024-05-25,15,15:00,,0.80078954,0.24217677,1.6614429
20001_0310_1,9,44784228,2024-05-25,16,16:00,,1.1288121,0.4408983,2.088522
20001_0310_1,9,44784228,2024-05-25,17,17:00,,1.8449407,1.1028302,2.8290088
20001_0310_1,9,44784228,2024-05-25,18,18:00,,1.0200125,0.37289858,1.918827
20001_0310_1,9,44784228,2024-05-25,19,19:00,,0.4427252,0.0,1.1265793
20001_0310_1,9,44784228,2024-05-25,20,20:00,,0.14474426,0.0,0.6485513
20001_0310_1,9,44784228,2024-05-25,21,21:00,,0.12850551,0.0,0.48859963
20001_0310_1,9,44784228,2024-05-25,22,22:00,,0.039192412,0.0,0.33554947
20001_0310_1,9,44784228,2024-05-25,23,23:00,,0.001843296,0.0,0.290081
20001_0310_1,9,44784228,2024-05-26,0,00:00,,0.0,0.0,0.25375783
20001_0310_1,9,44784228,2024-05-26,1,01:00,,0.0,0.0,0.25213954
20001_0310_1,9,44784228,2024-05-26,2,02:00,,0.0,0.0,0.25294867
20001_0310_1,9,44784228,2024-05-26,3,03:00,,0.0,0.0,0.40223497
20001_0310_1,9,44784228,2024-05-26,4,04:00,,0.007779279,0.0,0.6110942
20001_0310_1,9,44784228,2024-05-26,5,05:00,,0.9577095,0.41700178,1.7320565
20001_0310_1,9,44784228,2024-05-26,6,06:00,,1.6972634,1.0645161,2.5840807
20001_0310_1,9,44784228,2024-05-26,7,07:00,,0.9787472,0.3650145,1.8493818
20001_0310_1,9,44784228,2024-05-26,8,08:00,,0.4115401,0.0,1.1866959
20001_0310_1,9,44784228,2024-05-26,9,09:00,,0.27236804,0.0,0.94638157
20001_0310_1,9,44784228,2024-05-26,10,10:00,,0.114585765,0.0,0.7161813
20001_0310_1,9,44784228,2024-05-26,11,11:00,,0.1356234,0.0,0.70647156
20001_0310_1,9,44784228,2024-05-26,12,12:00,,0.1396691,0.0,0.7279138
20001_0310_1,9,44784228,2024-05-26,13,13:00,,0.22220138,0.0,0.84847564
20001_0310_1,9,44784228,2024-05-26,14,14:00,,0.26913148,0.0,0.9892659
20001_0310_1,9,44784228,2024-05-26,15,15:00,,0.8064004,0.23838414,1.647906
20001_0310_1,9,44784228,2024-05-26,16,16:00,,1.2069246,0.4999386,2.1665647
20001_0310_1,9,44784228,2024-05-26,17,17:00,,1.8073064,1.0386236,2.797694
20001_0310_1,9,44784228,2024-05-26,18,18:00,,1.0192041,0.34033573,1.943242
20001_0310_1,9,44784228,2024-05-26,19,19:00,,0.42489094,0.0,1.1531167
20001_0310_1,9,44784228,2024-05-26,20,20:00,,0.11296748,0.0,0.664194
20001_0310_1,9,44784228,2024-05-26,21,21:00,,0.12105888,0.0,0.5232014
20001_0310_1,9,44784228,2024-05-26,22,22:00,,0.06765564,0.0,0.4119447
20001_0310_1,9,44784228,2024-05-26,23,23:00,,0.0,0.0,0.31525245
20001_0310_1,9,44784228,2024-05-27,0,00:00,,0.0,0.0,0.233116
20001_0310_1,9,44784228,2024-05-27,1,01:00,,0.008079514,0.0,0.2510537
20001_0310_1,9,44784228,2024-05-27,2,02:00,,0.004818115,0.0,0.30079004
20001_0310_1,9,44784228,2024-05-27,3,03:00,,0.008079532,0.0,0.43929756
20001_0310_1,9,44784228,2024-05-27,4,04:00,,0.012971629,0.0,0.6508808
20001_0310_1,9,44784228,2024-05-27,5,05:00,0.41375476121902466,0.9995446,0.43450734,1.8116328
20001_0310_1,9,44784228,2024-05-27,6,06:00,1.0473659038543701,1.6371481,0.9783457,2.5633855
20001_0310_1,9,44784228,2024-05-27,7,07:00,1.0242650508880615,1.1104321,0.48037073,2.0203624
20001_0310_1,9,44784228,2024-05-27,8,08:00,0.3193647265434265,0.46284077,0.0,1.2767636
20001_0310_1,9,44784228,2024-05-27,9,09:00,0.5032142400741577,0.29100585,0.0,1.0134057
20001_0310_1,9,44784228,2024-05-27,10,10:00,0.5450491507848104,0.13527407,0.0,0.7989687
20001_0310_1,9,44784228,2024-05-27,11,11:00,0.5225605368614197,0.14016616,0.0,0.7794003
20001_0310_1,9,44784228,2024-05-27,12,12:00,0.0,0.1605499,0.0,0.81446034
20001_0310_1,9,44784228,2024-05-27,13,13:00,0.4895925521850586,0.23230065,0.0,0.90170264
20001_0310_1,9,44784228,2024-05-27,14,14:00,0.0,0.23556206,0.0,0.97834563
20001_0310_1,9,44784228,2024-05-27,15,15:00,0.9057434399922689,0.91474825,0.3725408,1.7545583
20001_0310_1,9,44784228,2024-05-27,16,16:00,1.7993741035461426,1.2930706,0.61286503,2.2258306
20001_0310_1,9,44784228,2024-05-27,17,17:00,3.4957950115203857,1.6925918,0.95225424,2.6481814
20001_0310_1,9,44784228,2024-05-27,18,18:00,0.689541220664978,1.0810796,0.4338959,1.9747028
20001_0310_1,9,44784228,2024-05-27,19,19:00,0.24538309574127198,0.42472318,0.0,1.120624
20001_0310_1,9,44784228,2024-05-27,20,20:00,0.0,0.16299595,0.0,0.67605466
20001_0310_1,9,44784228,2024-05-27,21,21:00,0.0,0.17604154,0.01704837,0.53968745
20001_0310_1,9,44784228,2024-05-27,22,22:00,0.0,0.091245174,0.0,0.39129382
20001_0310_1,9,44784228,2024-05-27,23,23:00,,0.034170702,0.0,0.31791237
20001_0310_1,9,44784228,2024-05-28,0,00:00,,0.0,0.0,0.22525123
20001_0310_1,9,44784228,2024-05-28,1,01:00,,0.019758554,0.0,0.26261353
20001_0310_1,9,44784228,2024-05-28,2,02:00,,0.0,0.0,0.2999758
20001_0310_1,9,44784228,2024-05-28,3,03:00,,0.00026517455,0.0,0.44231805
20001_0310_1,9,44784228,2024-05-28,4,04:00,,0.03600304,0.0,0.6699438
20001_0310_1,9,44784228,2024-05-28,5,05:00,2.2780630588531494,0.8384803,0.2682991,1.6377085
20001_0310_1,9,44784228,2024-05-28,6,06:00,2.1019022464752197,1.4167837,0.7645679,2.3297234
20001_0310_1,9,44784228,2024-05-28,7,07:00,1.3673187891642253,1.1065141,0.47237033,2.0032094
20001_0310_1,9,44784228,2024-05-28,8,08:00,1.1037145614624024,0.44191197,0.0,1.2435768
20001_0310_1,9,44784228,2024-05-28,9,09:00,0.6807562112808228,0.24718124,0.0,0.9586895
20001_0310_1,9,44784228,2024-05-28,10,10:00,0.5338802337646484,0.130221,0.0,0.7832491
20001_0310_1,9,44784228,2024-05-28,11,11:00,1.0211342970530193,0.14971438,0.0,0.76294345
20001_0310_1,9,44784228,2024-05-28,12,12:00,0.8805625438690186,0.1716444,0.0,0.7726901
20001_0310_1,9,44784228,2024-05-28,13,13:00,0.5616354942321777,0.24636903,0.0,0.85553706
20001_0310_1,9,44784228,2024-05-28,14,14:00,0.0,0.21631674,0.0,0.89371157
20001_0310_1,9,44784228,2024-05-28,15,15:00,0.5879257917404175,0.924576,0.37266982,1.6937519
20001_0310_1,9,44784228,2024-05-28,16,16:00,1.9618849754333496,1.3989148,0.7142101,2.2761166
20001_0310_1,9,44784228,2024-05-28,17,17:00,2.122103691101074,1.6442063,0.89452374,2.5409014
20001_0310_1,9,44784228,2024-05-28,18,18:00,1.9769223531087239,0.91807824,0.27804574,1.7579178
20001_0310_1,9,44784228,2024-05-28,19,19:00,0.2799416383107503,0.38891435,0.0,1.0281343
20001_0310_1,9,44784228,2024-05-28,20,20:00,0.5513562758763632,0.122098766,0.0,0.58526945
20001_0310_1,9,44784228,2024-05-28,21,21:00,0.840247631072998,0.11397654,0.0,0.43703863
20001_0310_1,9,44784228,2024-05-28,22,22:00,0.0,0.045749724,0.0,0.31215918
20001_0310_1,9,44784228,2024-05-28,23,23:00,,0.010011865,0.0,0.2691113
20001_0310_1,9,44784228,2024-05-29,0,00:00,,0.0,0.0,0.2607921
20001_0310_1,9,44784228,2024-05-29,1,01:00,,0.017118607,0.0,0.29412857
20001_0310_1,9,44784228,2024-05-29,2,02:00,,0.0,0.0,0.28063527
20001_0310_1,9,44784228,2024-05-29,3,03:00,,0.0,0.0,0.44672218
20001_0310_1,9,44784228,2024-05-29,4,04:00,,0.0583923,0.0,0.7195651
20001_0310_1,9,44784228,2024-05-29,5,05:00,1.141527533531189,1.0227679,0.41695747,1.8617351
20001_0310_1,9,44784228,2024-05-29,6,06:00,1.0441765785217285,1.5918686,0.8806912,2.534814
20001_0310_1,9,44784228,2024-05-29,7,07:00,1.4381219546000164,1.1061091,0.40207517,2.0379422
20001_0310_1,9,44784228,2024-05-29,8,08:00,0.28175039291381837,0.55506563,0.0,1.4112964
20001_0310_1,9,44784228,2024-05-29,9,09:00,1.0529799461364746,0.34730813,0.0,1.1184118
20001_0310_1,9,44784228,2024-05-29,10,10:00,1.0511775016784668,0.24491763,0.0,0.98070055
20001_0310_1,9,44784228,2024-05-29,11,11:00,0.4573560059070587,0.26555446,0.0,0.98943144
20001_0310_1,9,44784228,2024-05-29,12,12:00,1.5783298810323079,0.26396704,0.0,0.99974996
20001_0310_1,9,44784228,2024-05-29,13,13:00,0.0,0.33143365,0.0,1.0799161
20001_0310_1,9,44784228,2024-05-29,14,14:00,0.0,0.3107968,0.0,1.1211898
20001_0310_1,9,44784228,2024-05-29,15,15:00,0.49540992577870685,0.991019,0.32508394,1.8942778
20001_0310_1,9,44784228,2024-05-29,16,16:00,0.49775389830271405,1.6172678,0.8124309,2.6300604
20001_0310_1,9,44784228,2024-05-29,17,17:00,3.9871959686279297,1.9665068,1.0870597,3.0173984
20001_0310_1,9,44784228,2024-05-29,18,18:00,1.2580368518829346,1.2140557,0.43660215,2.196687
20001_0310_1,9,44784228,2024-05-29,19,19:00,0.7414411703745524,0.4832335,0.0,1.2837049
20001_0310_1,9,44784228,2024-05-29,20,20:00,0.0,0.18380082,0.0,0.78465056
20001_0310_1,9,44784228,2024-05-29,21,21:00,0.0,0.18141963,0.0,0.62927884
20001_0310_1,9,44784228,2024-05-29,22,22:00,0.0,0.072679356,0.0,0.44890493
20001_0310_1,9,44784228,2024-05-29,23,23:00,,0.0,0.0,0.3417521
20001_0310_1,9,44784228,2024-05-30,0,00:00,,0.0,0.0,0.19887705
20001_0310_1,9,44784228,2024-05-30,1,01:00,,0.0018746303,0.0,0.2535553
20001_0310_1,9,44784228,2024-05-30,2,02:00,,0.0,0.0,0.2270203
20001_0310_1,9,44784228,2024-05-30,3,03:00,,0.0,0.0,0.35004622
20001_0310_1,9,44784228,2024-05-30,4,04:00,,0.0,0.0,0.5488579
20001_0310_1,9,44784228,2024-05-30,5,05:00,,0.8871795,0.37778747,1.5923678
20001_0310_1,9,44784228,2024-05-30,6,06:00,,1.6245314,1.0142258,2.438272
20001_0310_1,9,44784228,2024-05-30,7,07:00,,1.0077932,0.3970857,1.8078643
20001_0310_1,9,44784228,2024-05-30,8,08:00,,0.4730723,0.0,1.2118312
20001_0310_1,9,44784228,2024-05-30,9,09:00,,0.36854038,0.0,1.041967
20001_0310_1,9,44784228,2024-05-30,10,10:00,,0.26883304,0.0,0.91210634
20001_0310_1,9,44784228,2024-05-30,11,11:00,,0.2825026,0.0,0.9104982
20001_0310_1,9,44784228,2024-05-30,12,12:00,,0.26883304,0.0,0.91934305
20001_0310_1,9,44784228,2024-05-30,13,13:00,,0.2905435,0.0,0.96356815
20001_0310_1,9,44784228,2024-05-30,14,14:00,,0.25516346,0.0,0.99573183
20001_0310_1,9,44784228,2024-05-30,15,15:00,,0.92497176,0.3235113,1.7724841
20001_0310_1,9,44784228,2024-05-30,16,16:00,,1.4830112,0.7364123,2.4543536
20001_0310_1,9,44784228,2024-05-30,17,17:00,,2.1230683,1.3012866,3.1362238
20001_0310_1,9,44784228,2024-05-30,18,18:00,,1.1629827,0.43286768,2.12146
20001_0310_1,9,44784228,2024-05-30,19,19:00,,0.41758996,0.0,1.1987648
20001_0310_1,9,44784228,2024-05-30,20,20:00,,0.13374564,0.0,0.7151039
20001_0310_1,9,44784228,2024-05-30,21,21:00,,0.15947656,0.0,0.58936405
20001_0310_1,9,44784228,2024-05-30,22,22:00,,0.06459377,0.0,0.4312595
20001_0310_1,9,44784228,2024-05-30,23,23:00,,0.009915547,0.0,0.3548708
20001_0310_1,9,44784228,2024-05-31,0,00:00,,0.0,0.0,0.21135212
20001_0310_1,9,44784228,2024-05-31,1,01:00,,0.023710955,0.0,0.22770257
20001_0310_1,9,44784228,2024-05-31,2,02:00,,0.0,0.0,0.22692396
20001_0310_1,9,44784228,2024-05-31,3,03:00,,0.0019103205,0.0,0.35305616
20001_0310_1,9,44784228,2024-05-31,4,04:00,,0.0050246795,0.0,0.5313542
20001_0310_1,9,44784228,2024-05-31,5,05:00,,1.0210898,0.49427363,1.7062525
20001_0310_1,9,44784228,2024-05-31,6,06:00,,1.7444035,1.1059563,2.5447977
20001_0310_1,9,44784228,2024-05-31,7,07:00,,1.1386575,0.5060498,1.9359375
20001_0310_1,9,44784228,2024-05-31,8,08:00,,0.58089226,0.034173343,1.3126247
20001_0310_1,9,44784228,2024-05-31,9,09:00,,0.47957766,0.02118052,1.1563705
20001_0310_1,9,44784228,2024-05-31,10,10:00,,0.3335913,0.0,0.97281694
20001_0310_1,9,44784228,2024-05-31,11,11:00,,0.39237517,0.003467517,1.0234256
20001_0310_1,9,44784228,2024-05-31,12,12:00,,0.37057453,0.0,1.0129145
20001_0310_1,9,44784228,2024-05-31,13,13:00,,0.39081797,0.0,1.0510656
20001_0310_1,9,44784228,2024-05-31,14,14:00,,0.3487739,0.0,1.0604087
20001_0310_1,9,44784228,2024-05-31,15,15:00,,0.8505777,0.25261757,1.6416292
20001_0310_1,9,44784228,2024-05-31,16,16:00,,1.4236228,0.70030916,2.3143344
20001_0310_1,9,44784228,2024-05-31,17,17:00,,2.139929,1.3613355,3.0524411
20001_0310_1,9,44784228,2024-05-31,18,18:00,,1.308391,0.61310667,2.1679585
20001_0310_1,9,44784228,2024-05-31,19,19:00,,0.5497485,0.03135092,1.2350572
20001_0310_1,9,44784228,2024-05-31,20,20:00,,0.20200896,0.0,0.71471304
20001_0310_1,9,44784228,2024-05-31,21,21:00,,0.2238096,0.020596579,0.59948117
20001_0310_1,9,44784228,2024-05-31,22,22:00,,0.11091346,0.0,0.42235106
20001_0310_1,9,44784228,2024-05-31,23,23:00,,0.025268152,0.0,0.30945492
20001_0310_1,10,45833917,2024-05-01,0,00:00,,0.0,0.0,0.16056298
20001_0310_1,10,45833917,2024-05-01,1,01:00,,0.0,0.0,0.121106945
20001_0310_1,10,45833917,2024-05-01,2,02:00,,0.0,0.0,0.1310237
20001_0310_1,10,45833917,2024-05-01,3,03:00,,0.0,0.0,0.15697607
20001_0310_1,10,45833917,2024-05-01,4,04:00,,0.01307763,0.0,0.2145776
20001_0310_1,10,45833917,2024-05-01,5,05:00,,0.06751428,0.0021059047,0.30340642
20001_0310_1,10,45833917,2024-05-01,6,06:00,,0.06456035,0.0,0.32756534
20001_0310_1,10,45833917,2024-05-01,7,07:00,,0.026581299,0.0,0.30604383
20001_0310_1,10,45833917,2024-05-01,8,08:00,,0.00970171,0.0,0.30498892
20001_0310_1,10,45833917,2024-05-01,9,09:00,,0.032911133,0.0,0.36628288
20001_0310_1,10,45833917,2024-05-01,10,10:00,,0.05654255,0.0,0.4333792
20001_0310_1,10,45833917,2024-05-01,11,11:00,,0.09241167,0.0,0.51186925
20001_0310_1,10,45833917,2024-05-01,12,12:00,,0.104227364,0.0,0.55449015
20001_0310_1,10,45833917,2024-05-01,13,13:00,,0.14916925,0.0,0.62580645
20001_0310_1,10,45833917,2024-05-01,14,14:00,,0.20698181,0.0,0.73088175
20001_0310_1,10,45833917,2024-05-01,15,15:00,,0.3323127,0.0016839257,0.920777
20001_0310_1,10,45833917,2024-05-01,16,16:00,,0.53212476,0.11562109,1.1946483
20001_0310_1,10,45833917,2024-05-01,17,17:00,,0.5540682,0.090301685,1.2579467
20001_0310_1,10,45833917,2024-05-01,18,18:00,,0.5312808,0.06582631,1.2435992
20001_0310_1,10,45833917,2024-05-01,19,19:00,,0.43126926,0.02826925,1.1072965
20001_0310_1,10,45833917,2024-05-01,20,20:00,,0.26247346,0.0,0.8673954
20001_0310_1,10,45833917,2024-05-01,21,21:00,,0.16562685,0.0,0.6777112
20001_0310_1,10,45833917,2024-05-01,22,22:00,,0.095365584,0.0,0.53676665
20001_0310_1,10,45833917,2024-05-01,23,23:00,,0.018985484,0.0,0.37725458
20001_0310_1,10,45833917,2024-05-02,0,00:00,,0.0,0.0,0.17092079
20001_0310_1,10,45833917,2024-05-02,1,01:00,,0.0,0.0,0.13544029
20001_0310_1,10,45833917,2024-05-02,2,02:00,,0.0042450284,0.0042450284,0.14513552
20001_0310_1,10,45833917,2024-05-02,3,03:00,,0.0,0.0,0.16019413
20001_0310_1,10,45833917,2024-05-02,4,04:00,,0.00011940114,0.0,0.20423533
20001_0310_1,10,45833917,2024-05-02,5,05:00,,0.03394962,0.0,0.27581513
20001_0310_1,10,45833917,2024-05-02,6,06:00,,0.037250135,0.0,0.31222388
20001_0310_1,10,45833917,2024-05-02,7,07:00,,0.016621945,0.0,0.3139773
20001_0310_1,10,45833917,2024-05-02,8,08:00,,0.014146565,0.0,0.32975784
20001_0310_1,10,45833917,2024-05-02,9,09:00,,0.04385115,0.0,0.39411777
20001_0310_1,10,45833917,2024-05-02,10,10:00,,0.08717035,0.0,0.47126716
20001_0310_1,10,45833917,2024-05-02,11,11:00,,0.13172722,0.0,0.5521297
20001_0310_1,10,45833917,2024-05-02,12,12:00,,0.14204131,0.0,0.58389705
20001_0310_1,10,45833917,2024-05-02,13,13:00,,0.19031127,0.0,0.6528983
20001_0310_1,10,45833917,2024-05-02,14,14:00,,0.27086434,0.0,0.7701825
20001_0310_1,10,45833917,2024-05-02,15,15:00,,0.40814492,0.0376627,0.95685464
20001_0310_1,10,45833917,2024-05-02,16,16:00,,0.58513474,0.13812204,1.1907784
20001_0310_1,10,45833917,2024-05-02,17,17:00,,0.63464236,0.14039098,1.2691654
20001_0310_1,10,45833917,2024-05-02,18,18:00,,0.61071366,0.11687486,1.2543132
20001_0310_1,10,45833917,2024-05-02,19,19:00,,0.48075616,0.03601247,1.0855747
20001_0310_1,10,45833917,2024-05-02,20,20:00,,0.3171746,0.0,0.8724854
20001_0310_1,10,45833917,2024-05-02,21,21:00,,0.23486814,0.0,0.7099353
20001_0310_1,10,45833917,2024-05-02,22,22:00,,0.16287579,0.0,0.58080286
20001_0310_1,10,45833917,2024-05-02,23,23:00,,0.037250124,0.0,0.38380373
20001_0310_1,10,45833917,2024-05-03,0,00:00,,0.0,0.0,0.15106317
20001_0310_1,10,45833917,2024-05-03,1,01:00,,0.0,0.0,0.121529244
20001_0310_1,10,45833917,2024-05-03,2,02:00,,0.0,0.0,0.10963363
20001_0310_1,10,45833917,2024-05-03,3,03:00,,0.0,0.0,0.13506562
20001_0310_1,10,45833917,2024-05-03,4,04:00,,0.0,0.0,0.17813595
20001_0310_1,10,45833917,2024-05-03,5,05:00,,0.058769636,0.0,0.27145496
20001_0310_1,10,45833917,2024-05-03,6,06:00,,0.08871376,0.0,0.32560048
20001_0310_1,10,45833917,2024-05-03,7,07:00,,0.05220654,0.0,0.30109146
20001_0310_1,10,45833917,2024-05-03,8,08:00,,0.074356996,0.0,0.3368808
20001_0310_1,10,45833917,2024-05-03,9,09:00,,0.09117492,0.0,0.3766696
20001_0310_1,10,45833917,2024-05-03,10,10:00,,0.13465542,0.0,0.44230056
20001_0310_1,10,45833917,2024-05-03,11,11:00,,0.19823541,0.0,0.53582466
20001_0310_1,10,45833917,2024-05-03,12,12:00,,0.18654491,0.0,0.5501814
20001_0310_1,10,45833917,2024-05-03,13,13:00,,0.21997567,0.0,0.6090442
20001_0310_1,10,45833917,2024-05-03,14,14:00,,0.2828891,0.0,0.71974504
20001_0310_1,10,45833917,2024-05-03,15,15:00,,0.4316355,0.05917982,0.9168944
20001_0310_1,10,45833917,2024-05-03,16,16:00,,0.63016915,0.1965946,1.1708043
20001_0310_1,10,45833917,2024-05-03,17,17:00,,0.7179505,0.24458727,1.2905806
20001_0310_1,10,45833917,2024-05-03,18,18:00,,0.6925186,0.22279575,1.2676098
20001_0310_1,10,45833917,2024-05-03,19,19:00,,0.50629073,0.08050995,1.0387219
20001_0310_1,10,45833917,2024-05-03,20,20:00,,0.3029886,0.0,0.78876024
20001_0310_1,10,45833917,2024-05-03,21,21:00,,0.23212765,0.0,0.6455001
20001_0310_1,10,45833917,2024-05-03,22,22:00,,0.22202663,0.0,0.58345824
20001_0310_1,10,45833917,2024-05-03,23,23:00,,0.03210705,0.0,0.33565024
20001_0310_1,10,45833917,2024-05-04,0,00:00,,0.0,0.0,0.113542676
20001_0310_1,10,45833917,2024-05-04,1,01:00,,0.0003535333,0.0,0.087266624
20001_0310_1,10,45833917,2024-05-04,2,02:00,,0.0,0.0,0.067054294
20001_0310_1,10,45833917,2024-05-04,3,03:00,,0.0,0.0,0.09535158
20001_0310_1,10,45833917,2024-05-04,4,04:00,,0.0092469705,0.0,0.1361805
20001_0310_1,10,45833917,2024-05-04,5,05:00,,0.05856509,0.0,0.2091471
20001_0310_1,10,45833917,2024-05-04,6,06:00,,0.07473497,0.0,0.24098152
20001_0310_1,10,45833917,2024-05-04,7,07:00,,0.07554347,0.0,0.2533111
20001_0310_1,10,45833917,2024-05-04,8,08:00,,0.0836284,0.0,0.27124953
20001_0310_1,10,45833917,2024-05-04,9,09:00,,0.08564964,0.0,0.2993952
20001_0310_1,10,45833917,2024-05-04,10,10:00,,0.14062722,0.0005556471,0.37044162
20001_0310_1,10,45833917,2024-05-04,11,11:00,,0.18711562,0.035118777,0.44219545
20001_0310_1,10,45833917,2024-05-04,12,12:00,,0.18408379,0.018746777,0.4626099
20001_0310_1,10,45833917,2024-05-04,13,13:00,,0.22087023,0.027956013,0.52679676
20001_0310_1,10,45833917,2024-05-04,14,14:00,,0.28509498,0.04002027,0.6439653
20001_0310_1,10,45833917,2024-05-04,15,15:00,,0.405409,0.086053945,0.82542163
20001_0310_1,10,45833917,2024-05-04,16,16:00,,0.5533634,0.1641746,1.0344172
20001_0310_1,10,45833917,2024-05-04,17,17:00,,0.61885136,0.18287098,1.1370958
20001_0310_1,10,45833917,2024-05-04,18,18:00,,0.6042985,0.16791387,1.1282024
20001_0310_1,10,45833917,2024-05-04,19,19:00,,0.48787537,0.09373457,0.97943974
20001_0310_1,10,45833917,2024-05-04,20,20:00,,0.33405936,0.0005556387,0.77347577
20001_0310_1,10,45833917,2024-05-04,21,21:00,,0.3042462,0.041687794,0.675547
20001_0310_1,10,45833917,2024-05-04,22,22:00,,0.27685845,0.07119779,0.5942934
20001_0310_1,10,45833917,2024-05-04,23,23:00,,0.051288653,0.0,0.30646953
20001_0310_1,10,45833917,2024-05-05,0,00:00,,0.0,0.0,0.10181004
20001_0310_1,10,45833917,2024-05-05,1,01:00,,0.0054856837,0.0,0.06617785
20001_0310_1,10,45833917,2024-05-05,2,02:00,,0.0015700636,0.0,0.052473173
20001_0310_1,10,45833917,2024-05-05,3,03:00,,0.0,0.0,0.05795504
20001_0310_1,10,45833917,2024-05-05,4,04:00,,0.010184433,0.0,0.09711128
20001_0310_1,10,45833917,2024-05-05,5,05:00,,0.06696098,0.0035278734,0.17503221
20001_0310_1,10,45833917,2024-05-05,6,06:00,,0.07949098,0.0019616154,0.20185423
20001_0310_1,10,45833917,2024-05-05,7,07:00,0.0,0.088888474,0.007835062,0.22348806
20001_0310_1,10,45833917,2024-05-05,8,08:00,,0.061087556,0.0,0.21017495
20001_0310_1,10,45833917,2024-05-05,9,09:00,,0.08066567,0.0,0.25471514
20001_0310_1,10,45833917,2024-05-05,10,10:00,0.0,0.13509285,0.0029405414,0.3361601
20001_0310_1,10,45833917,2024-05-05,11,11:00,,0.17699002,0.028783659,0.4031173
20001_0310_1,10,45833917,2024-05-05,12,12:00,,0.17248707,0.009205541,0.42661104
20001_0310_1,10,45833917,2024-05-05,13,13:00,,0.2012669,0.0086182,0.4863243
20001_0310_1,10,45833917,2024-05-05,14,14:00,,0.28520808,0.038132213,0.62351805
20001_0310_1,10,45833917,2024-05-05,15,15:00,,0.4033131,0.08575603,0.80897176
20001_0310_1,10,45833917,2024-05-05,16,16:00,,0.5239143,0.13900845,0.9875242
20001_0310_1,10,45833917,2024-05-05,17,17:00,,0.5756005,0.1460566,1.0713185
20001_0310_1,10,45833917,2024-05-05,18,18:00,,0.56307054,0.13235189,1.0736679
20001_0310_1,10,45833917,2024-05-05,19,19:00,,0.4800593,0.08928005,0.9546329
20001_0310_1,10,45833917,2024-05-05,20,20:00,,0.30385625,0.0,0.7332044
20001_0310_1,10,45833917,2024-05-05,21,21:00,,0.2895642,0.025651176,0.64353657
20001_0310_1,10,45833917,2024-05-05,22,22:00,,0.27566373,0.07077868,0.571587
20001_0310_1,10,45833917,2024-05-05,23,23:00,,0.056388803,0.0,0.28222242
20001_0310_1,10,45833917,2024-05-06,0,00:00,,0.0,0.0,0.106650285
20001_0310_1,10,45833917,2024-05-06,1,01:00,,0.0,0.0,0.08584701
20001_0310_1,10,45833917,2024-05-06,2,02:00,,0.0,0.0,0.077211685
20001_0310_1,10,45833917,2024-05-06,3,03:00,,0.0,0.0,0.06543624
20001_0310_1,10,45833917,2024-05-06,4,04:00,,0.0,0.0,0.10547275
20001_0310_1,10,45833917,2024-05-06,5,05:00,0.0,0.06033354,0.0022413454,0.18927468
20001_0310_1,10,45833917,2024-05-06,6,06:00,0.0,0.06111856,0.0,0.20477901
20001_0310_1,10,45833917,2024-05-06,7,07:00,0.34542497992515564,0.04659552,0.0,0.20360148
20001_0310_1,10,45833917,2024-05-06,8,08:00,0.4638158082962036,0.027754797,0.0,0.19594745
20001_0310_1,10,45833917,2024-05-06,9,09:00,0.6326884627342224,0.05876348,0.0,0.24756312
20001_0310_1,10,45833917,2024-05-06,10,10:00,0.0,0.09212725,0.0,0.30644038
20001_0310_1,10,45833917,2024-05-06,11,11:00,0.0,0.14315417,0.0,0.38455084
20001_0310_1,10,45833917,2024-05-06,12,12:00,0.4156378507614136,0.14943442,0.0,0.4188959
20001_0310_1,10,45833917,2024-05-06,13,13:00,0.0,0.18947093,0.0,0.4913149
20001_0310_1,10,45833917,2024-05-06,14,14:00,0.0,0.27798307,0.020591388,0.6274195
20001_0310_1,10,45833917,2024-05-06,15,15:00,0.8888889153798422,0.43361518,0.11646316,0.8359429
20001_0310_1,10,45833917,2024-05-06,16,16:00,0.536019523938497,0.638508,0.26969123,1.0851898
20001_0310_1,10,45833917,2024-05-06,17,17:00,1.8316254615783691,0.6620589,0.26179177,1.1370018
20001_0310_1,10,45833917,2024-05-06,18,18:00,0.7066291809082031,0.60946184,0.20791918,1.0914701
20001_0310_1,10,45833917,2024-05-06,19,19:00,0.191876749197642,0.51368827,0.14472426,0.97293067
20001_0310_1,10,45833917,2024-05-06,20,20:00,0.0,0.35118705,0.025595948,0.7745144
20001_0310_1,10,45833917,2024-05-06,21,21:00,0.625,0.30025825,0.03452567,0.66254956
20001_0310_1,10,45833917,2024-05-06,22,22:00,2.470914125442505,0.28583336,0.07289401,0.59925646
20001_0310_1,10,45833917,2024-05-06,23,23:00,,0.06543623,0.0,0.31664574
20001_0310_1,10,45833917,2024-05-07,0,00:00,,0.0035521325,0.0,0.17579338
20001_0310_1,10,45833917,2024-05-07,1,01:00,,0.0,0.0,0.13404427
20001_0310_1,10,45833917,2024-05-07,2,02:00,,0.0,0.0,0.10635143
20001_0310_1,10,45833917,2024-05-07,3,03:00,,0.0,0.0,0.12019784
20001_0310_1,10,45833917,2024-05-07,4,04:00,,0.0,0.0,0.13530305
20001_0310_1,10,45833917,2024-05-07,5,05:00,0.0,0.08075649,0.0,0.24617942
20001_0310_1,10,45833917,2024-05-07,6,06:00,0.0,0.08327402,0.0,0.26422176
20001_0310_1,10,45833917,2024-05-07,7,07:00,0.0,0.052644037,0.0,0.24460597
20001_0310_1,10,45833917,2024-05-07,8,08:00,0.0,0.049287327,0.0,0.243557
20001_0310_1,10,45833917,2024-05-07,9,09:00,0.0,0.06313376,0.0,0.26862743
20001_0310_1,10,45833917,2024-05-07,10,10:00,0.0,0.106771015,0.0,0.33628613
20001_0310_1,10,45833917,2024-05-07,11,11:00,0.25317461490631105,0.15418455,0.0048108925,0.40342036
20001_0310_1,10,45833917,2024-05-07,12,12:00,0.0,0.14956906,0.0,0.41873536
20001_0310_1,10,45833917,2024-05-07,13,13:00,0.0,0.18670268,0.0,0.48943612
20001_0310_1,10,45833917,2024-05-07,14,14:00,0.9979797999064127,0.25908178,0.0256592,0.6139229
20001_0310_1,10,45833917,2024-05-07,15,15:00,0.0,0.46132365,0.1739052,0.8624506
20001_0310_1,10,45833917,2024-05-07,16,16:00,0.7610138654708862,0.7915401,0.45251223,1.244696
20001_0310_1,10,45833917,2024-05-07,17,17:00,3.6165082454681396,0.86706614,0.49531034,1.3470758
20001_0310_1,10,45833917,2024-05-07,18,18:00,0.3534226020177205,0.6858037,0.30764922,1.1800793
20001_0310_1,10,45833917,2024-05-07,19,19:00,0.9183554649353027,0.53726923,0.18229705,1.0156006
20001_0310_1,10,45833917,2024-05-07,20,20:00,0.22222222884496054,0.32537684,0.0058598327,0.77790344
20001_0310_1,10,45833917,2024-05-07,21,21:00,0.0,0.27282333,0.012179939,0.66841704
20001_0310_1,10,45833917,2024-05-07,22,22:00,1.0555555820465088,0.3392233,0.11935867,0.6879017
20001_0310_1,10,45833917,2024-05-07,23,23:00,,0.079078145,0.0,0.36104187
20001_0310_1,10,45833917,2024-05-08,0,00:00,,0.0,0.0,0.1767769
20001_0310_1,10,45833917,2024-05-08,1,01:00,,0.0,0.0,0.127587
20001_0310_1,10,45833917,2024-05-08,2,02:00,,0.0,0.0,0.11703124
20001_0310_1,10,45833917,2024-05-08,3,03:00,,0.0,0.0,0.12547584
20001_0310_1,10,45833917,2024-05-08,4,04:00,,0.0,0.0,0.15207638
20001_0310_1,10,45833917,2024-05-08,5,05:00,0.0,0.05834114,0.0,0.23567814
20001_0310_1,10,45833917,2024-05-08,6,06:00,0.0,0.054541063,0.0,0.24776448
20001_0310_1,10,45833917,2024-05-08,7,07:00,0.0,0.04314083,0.0,0.24876729
20001_0310_1,10,45833917,2024-05-08,8,08:00,0.0,0.05327437,0.0,0.2742067
20001_0310_1,10,45833917,2024-05-08,9,09:00,0.0,0.052429903,0.0,0.2976405
20001_0310_1,10,45833917,2024-05-08,10,10:00,0.0,0.0878973,0.0,0.3669919
20001_0310_1,10,45833917,2024-05-08,11,11:00,0.0,0.14743185,0.0,0.44996026
20001_0310_1,10,45833917,2024-05-08,12,12:00,0.6601666808128357,0.14806521,0.0,0.47233856
20001_0310_1,10,45833917,2024-05-08,13,13:00,0.3526785671710968,0.18965495,0.0,0.5386289
20001_0310_1,10,45833917,2024-05-08,14,14:00,0.0,0.2796957,0.021765387,0.6888903
20001_0310_1,10,45833917,2024-05-08,15,15:00,0.0,0.46072716,0.14215392,0.92518115
20001_0310_1,10,45833917,2024-05-08,16,16:00,1.3212121725082397,0.6857763,0.2999628,1.2110316
20001_0310_1,10,45833917,2024-05-08,17,17:00,0.3333333333333333,0.8124455,0.38810343,1.3664125
20001_0310_1,10,45833917,2024-05-08,18,18:00,0.504093074798584,0.6604424,0.22871128,1.2380543
20001_0310_1,10,45833917,2024-05-08,19,19:00,0.9092158675193787,0.51857287,0.11280895,1.0716953
20001_0310_1,10,45833917,2024-05-08,20,20:00,0.3981481393178304,0.37058088,0.0061955843,0.8920361
20001_0310_1,10,45833917,2024-05-08,21,21:00,0.5844854116439819,0.3193854,0.022134846,0.7762392
20001_0310_1,10,45833917,2024-05-08,22,22:00,0.0,0.32592997,0.08356942,0.7325383
20001_0310_1,10,45833917,2024-05-08,23,23:00,,0.062141217,0.0,0.3902146
20001_0310_1,10,45833917,2024-05-09,0,00:00,,0.0,0.0,0.12320639
20001_0310_1,10,45833917,2024-05-09,1,01:00,,0.0,0.0,0.07985222
20001_0310_1,10,45833917,2024-05-09,2,02:00,,0.0,0.0,0.07620561
20001_0310_1,10,45833917,2024-05-09,3,03:00,,0.0,0.0,0.08390402
20001_0310_1,10,45833917,2024-05-09,4,04:00,,0.002868172,0.0,0.10983548
20001_0310_1,10,45833917,2024-05-09,5,05:00,0.3190789520740509,0.0531104,0.0069199703,0.17304344
20001_0310_1,10,45833917,2024-05-09,6,06:00,0.0,0.05554148,0.003273368,0.18762991
20001_0310_1,10,45833917,2024-05-09,7,07:00,0.0,0.049868967,0.0,0.19512573
20001_0310_1,10,45833917,2024-05-09,8,08:00,0.0,0.051489685,0.0,0.21254842
20001_0310_1,10,45833917,2024-05-09,9,09:00,0.0,0.049868967,0.0,0.23929024
20001_0310_1,10,45833917,2024-05-09,10,10:00,0.0,0.102947436,0.0,0.33045554
20001_0310_1,10,45833917,2024-05-09,11,11:00,0.0,0.14954306,0.01097176,0.4133147
20001_0310_1,10,45833917,2024-05-09,12,12:00,0.0,0.1527845,0.0,0.45322487
20001_0310_1,10,45833917,2024-05-09,13,13:00,0.0,0.18844026,0.0,0.52190274
20001_0310_1,10,45833917,2024-05-09,14,14:00,0.0,0.28264442,0.030926853,0.6711099
20001_0310_1,10,45833917,2024-05-09,15,15:00,1.2823104858398438,0.4347892,0.12037012,0.870762
20001_0310_1,10,45833917,2024-05-09,16,16:00,0.6688988208770752,0.6292752,0.24952103,1.1211628
20001_0310_1,10,45833917,2024-05-09,17,17:00,2.987184206644694,0.741915,0.32235193,1.257303
20001_0310_1,10,45833917,2024-05-09,18,18:00,0.9769187927246094,0.6065852,0.18114705,1.1389908
20001_0310_1,10,45833917,2024-05-09,19,19:00,1.7191141446431477,0.5069111,0.111051016,1.0190575
20001_0310_1,10,45833917,2024-05-09,20,20:00,0.0,0.36347768,0.014618371,0.84118384
20001_0310_1,10,45833917,2024-05-09,21,21:00,1.3392857313156128,0.35881808,0.07316675,0.76764387
20001_0310_1,10,45833917,2024-05-09,22,22:00,0.0,0.3557793,0.1274608,0.7155784
20001_0310_1,10,45833917,2024-05-09,23,23:00,,0.05635183,0.0,0.3391669
20001_0310_1,10,45833917,2024-05-10,0,00:00,,0.0,0.0,0.09838217
20001_0310_1,10,45833917,2024-05-10,1,01:00,,0.0,0.0,0.050223477
20001_0310_1,10,45833917,2024-05-10,2,02:00,,0.0,0.0,0.0454076
20001_0310_1,10,45833917,2024-05-10,3,03:00,,0.0,0.0,0.07036256
20001_0310_1,10,45833917,2024-05-10,4,04:00,,0.0,0.0,0.0926907
20001_0310_1,10,45833917,2024-05-10,5,05:00,0.0,0.04409419,0.0,0.16689885
20001_0310_1,10,45833917,2024-05-10,6,06:00,0.0,0.045407616,0.0,0.17981413
20001_0310_1,10,45833917,2024-05-10,7,07:00,0.0,0.035775866,0.0,0.18068974
20001_0310_1,10,45833917,2024-05-10,8,08:00,0.4668803612391154,0.044532,0.0,0.20367457
20001_0310_1,10,45833917,2024-05-10,9,09:00,0.0,0.03927832,0.0,0.23185834
20001_0310_1,10,45833917,2024-05-10,10,10:00,0.0,0.069924764,0.0,0.30382276
20001_0310_1,10,45833917,2024-05-10,11,11:00,0.0,0.15310796,0.010820914,0.4267369
20001_0310_1,10,45833917,2024-05-10,12,12:00,0.0,0.15704821,0.0,0.45935345
20001_0310_1,10,45833917,2024-05-10,13,13:00,0.0,0.18835135,0.0009702756,0.5298403
20001_0310_1,10,45833917,2024-05-10,14,14:00,0.9303387403488159,0.2616839,0.019467596,0.6612916
20001_0310_1,10,45833917,2024-05-10,15,15:00,0.0,0.46876627,0.15617259,0.9310897
20001_0310_1,10,45833917,2024-05-10,16,16:00,0.6961722373962402,0.6828535,0.30250934,1.2099723
20001_0310_1,10,45833917,2024-05-10,17,17:00,,0.81331986,0.3864587,1.3737118
20001_0310_1,10,45833917,2024-05-10,18,18:00,0.4344412883122762,0.65133154,0.22195305,1.2274846
20001_0310_1,10,45833917,2024-05-10,19,19:00,0.20512821276982626,0.5339994,0.13822249,1.0803815
20001_0310_1,10,45833917,2024-05-10,20,20:00,0.44614195823669434,0.37222996,0.023955049,0.8789907
20001_0310_1,10,45833917,2024-05-10,21,21:00,0.5736194849014282,0.37704587,0.093785256,0.8126632
20001_0310_1,10,45833917,2024-05-10,22,22:00,1.1147825717926025,0.34158358,0.114799954,0.71809703
20001_0310_1,10,45833917,2024-05-10,23,23:00,,0.029646581,0.0,0.32713592
20001_0310_1,10,45833917,2024-05-11,0,00:00,,0.0029610554,0.0,0.14270507
20001_0310_1,10,45833917,2024-05-11,1,01:00,,0.0,0.0,0.06360468
20001_0310_1,10,45833917,2024-05-11,2,02:00,,0.0,0.0,0.047345165
20001_0310_1,10,45833917,2024-05-11,3,03:00,,0.0,0.0,0.05964967
20001_0310_1,10,45833917,2024-05-11,4,04:00,,0.0,0.0,0.089971475
20001_0310_1,10,45833917,2024-05-11,5,05:00,,0.033722315,0.0,0.15984349
20001_0310_1,10,45833917,2024-05-11,6,06:00,,0.044708483,0.0,0.17566355
20001_0310_1,10,45833917,2024-05-11,7,07:00,,0.029327855,0.0,0.17082964
20001_0310_1,10,45833917,2024-05-11,8,08:00,,0.021417815,0.0,0.1787397
20001_0310_1,10,45833917,2024-05-11,9,09:00,,0.03196453,0.0,0.21576306
20001_0310_1,10,45833917,2024-05-11,10,10:00,,0.047345158,0.0,0.2588288
20001_0310_1,10,45833917,2024-05-11,11,11:00,,0.08865314,0.0,0.32639372
20001_0310_1,10,45833917,2024-05-11,12,12:00,,0.12468776,0.018341687,0.3874768
20001_0310_1,10,45833917,2024-05-11,13,13:00,,0.12908222,0.0,0.4323004
20001_0310_1,10,45833917,2024-05-11,14,14:00,,0.22202517,0.03438148,0.58764476
20001_0310_1,10,45833917,2024-05-11,15,15:00,,0.34682798,0.07942475,0.79132825
20001_0310_1,10,45833917,2024-05-11,16,16:00,,0.47097164,0.1220511,0.99039745
20001_0310_1,10,45833917,2024-05-11,17,17:00,,0.6498264,0.25267658,1.2026502
20001_0310_1,10,45833917,2024-05-11,18,18:00,,0.55139035,0.1558885,1.1130031
20001_0310_1,10,45833917,2024-05-11,19,19:00,,0.47712392,0.11458051,0.99303424
20001_0310_1,10,45833917,2024-05-11,20,20:00,0.0,0.2544893,0.0,0.7217033
20001_0310_1,10,45833917,2024-05-11,21,21:00,,0.34946465,0.08733481,0.7460652
20001_0310_1,10,45833917,2024-05-11,22,22:00,,0.38220343,0.15918432,0.7236534
20001_0310_1,10,45833917,2024-05-11,23,23:00,,0.04075346,0.0,0.31156242
20001_0310_1,10,45833917,2024-05-12,0,00:00,,0.0,0.0,0.11418029
20001_0310_1,10,45833917,2024-05-12,1,01:00,,0.0,0.0,0.07998646
20001_0310_1,10,45833917,2024-05-12,2,02:00,,0.0,0.0,0.06014559
20001_0310_1,10,45833917,2024-05-12,3,03:00,,0.0,0.0,0.050014086
20001_0310_1,10,45833917,2024-05-12,4,04:00,,0.0,0.0,0.063100606
20001_0310_1,10,45833917,2024-05-12,5,05:00,,0.025951762,0.0,0.13950905
20001_0310_1,10,45833917,2024-05-12,6,06:00,,0.049169797,0.0,0.17243645
20001_0310_1,10,45833917,2024-05-12,7,07:00,,0.026796052,0.0,0.1610385
20001_0310_1,10,45833917,2024-05-12,8,08:00,,0.014975966,0.0,0.1618828
20001_0310_1,10,45833917,2024-05-12,9,09:00,,0.047481213,0.0,0.21259311
20001_0310_1,10,45833917,2024-05-12,10,10:00,,0.060989883,0.0,0.25106114
20001_0310_1,10,45833917,2024-05-12,11,11:00,,0.08927368,0.0,0.30076885
20001_0310_1,10,45833917,2024-05-12,12,12:00,,0.1485852,0.03439469,0.3902638
20001_0310_1,10,45833917,2024-05-12,13,13:00,,0.14668554,0.004211249,0.42382443
20001_0310_1,10,45833917,2024-05-12,14,14:00,,0.23027046,0.024104862,0.5699397
20001_0310_1,10,45833917,2024-05-12,15,15:00,,0.33443505,0.046531413,0.7544703
20001_0310_1,10,45833917,2024-05-12,16,16:00,,0.413904,0.04410406,0.90401554
20001_0310_1,10,45833917,2024-05-12,17,17:00,,0.5654544,0.14436373,1.0948256
20001_0310_1,10,45833917,2024-05-12,18,18:00,,0.46751654,0.044948366,1.0137737
20001_0310_1,10,45833917,2024-05-12,19,19:00,,0.4641394,0.0736543,0.9664932
20001_0310_1,10,45833917,2024-05-12,20,20:00,,0.21422891,0.0,0.6734711
20001_0310_1,10,45833917,2024-05-12,21,21:00,,0.3024574,0.017825456,0.6924148
20001_0310_1,10,45833917,2024-05-12,22,22:00,,0.40714967,0.16483787,0.7469772
20001_0310_1,10,45833917,2024-05-12,23,23:00,,0.064789206,0.0,0.33496267
20001_0310_1,10,45833917,2024-05-13,0,00:00,,0.0,0.0,0.14750837
20001_0310_1,10,45833917,2024-05-13,1,01:00,,0.0,0.0,0.09098613
20001_0310_1,10,45833917,2024-05-13,2,02:00,,0.00831181,0.0,0.0998441
20001_0310_1,10,45833917,2024-05-13,3,03:00,,0.0,0.0,0.08086274
20001_0310_1,10,45833917,2024-05-13,4,04:00,,0.0,0.0,0.08887709
20001_0310_1,10,45833917,2024-05-13,5,05:00,0.0,0.050492585,0.0,0.17471497
20001_0310_1,10,45833917,2024-05-13,6,06:00,0.0,0.053023424,0.0,0.18420564
20001_0310_1,10,45833917,2024-05-13,7,07:00,0.0,0.04458728,0.0,0.18504925
20001_0310_1,10,45833917,2024-05-13,8,08:00,0.0,0.040369198,0.0,0.19728169
20001_0310_1,10,45833917,2024-05-13,9,09:00,0.0,0.048383545,0.0,0.2247519
20001_0310_1,10,45833917,2024-05-13,10,10:00,0.0,0.090986125,0.0,0.29366472
20001_0310_1,10,45833917,2024-05-13,11,11:00,0.0,0.10996748,0.0,0.33732188
20001_0310_1,10,45833917,2024-05-13,12,12:00,0.44775132338205975,0.14603205,0.004093743,0.41240364
20001_0310_1,10,45833917,2024-05-13,13,13:00,0.9138836065928141,0.15805356,0.0,0.47061303
20001_0310_1,10,45833917,2024-05-13,14,14:00,0.0,0.2564929,0.0025119467,0.6428162
20001_0310_1,10,45833917,2024-05-13,15,15:00,2.805105447769165,0.38118985,0.04880534,0.8468656
20001_0310_1,10,45833917,2024-05-13,16,16:00,1.1329302787780762,0.57015973,0.16269347,1.111761
20001_0310_1,10,45833917,2024-05-13,17,17:00,0.5468771457672119,0.7793764,0.32951844,1.3614712
20001_0310_1,10,45833917,2024-05-13,18,18:00,0.9161940415700277,0.5743778,0.12262171,1.1674396
20001_0310_1,10,45833917,2024-05-13,19,19:00,0.3218598961830139,0.5220737,0.10237493,1.0780164
20001_0310_1,10,45833917,2024-05-13,20,20:00,0.4753086566925049,0.30684623,0.0,0.825037
20001_0310_1,10,45833917,2024-05-13,21,21:00,1.6982142925262451,0.3637903,0.06008871,0.81217194
20001_0310_1,10,45833917,2024-05-13,22,22:00,0.0,0.40734193,0.1534137,0.79540515
20001_0310_1,10,45833917,2024-05-13,23,23:00,,0.078331895,0.0,0.38540792
20001_0310_1,10,45833917,2024-05-14,0,00:00,,0.0,0.0,0.15440336
20001_0310_1,10,45833917,2024-05-14,1,01:00,,0.0,0.0,0.11255516
20001_0310_1,10,45833917,2024-05-14,2,02:00,,0.0026187957,0.0,0.11345999
20001_0310_1,10,45833917,2024-05-14,3,03:00,,0.0,0.0,0.0958159
20001_0310_1,10,45833917,2024-05-14,4,04:00,,0.0,0.0,0.10531656
20001_0310_1,10,45833917,2024-05-14,5,05:00,0.0,0.059622843,0.0021663802,0.19534676
20001_0310_1,10,45833917,2024-05-14,6,06:00,0.0,0.035192534,0.0,0.17453574
20001_0310_1,10,45833917,2024-05-14,7,07:00,0.0,0.037907008,0.0,0.18957847
20001_0310_1,10,45833917,2024-05-14,8,08:00,0.0,0.024334619,0.0,0.19743913
20001_0310_1,10,45833917,2024-05-14,9,09:00,0.0,0.04062148,0.0,0.24601698
20001_0310_1,10,45833917,2024-05-14,10,10:00,0.0,0.07183799,0.0,0.3148969
20001_0310_1,10,45833917,2024-05-14,11,11:00,0.0,0.0998876,0.0,0.37110922
20001_0310_1,10,45833917,2024-05-14,12,12:00,0.0,0.14648613,0.0,0.4550318
20001_0310_1,10,45833917,2024-05-14,13,13:00,0.0,0.18426262,0.0,0.54619306
20001_0310_1,10,45833917,2024-05-14,14,14:00,1.8436047236124675,0.26162526,1.7408747e-05,0.70125765
20001_0310_1,10,45833917,2024-05-14,15,15:00,0.0,0.43738773,0.09988761,0.95901996
20001_0310_1,10,45833917,2024-05-14,16,16:00,1.5115975141525269,0.646855,0.24058807,1.2458498
20001_0310_1,10,45833917,2024-05-14,17,17:00,0.9949832916259765,0.91377866,0.4663422,1.5598243
20001_0310_1,10,45833917,2024-05-14,18,18:00,0.6878330707550049,0.620615,0.16888058,1.2838523
20001_0310_1,10,45833917,2024-05-14,19,19:00,0.5721738934516907,0.53827584,0.108483456,1.1716541
20001_0310_1,10,45833917,2024-05-14,20,20:00,0.8000000317891439,0.32241824,0.0,0.9227704
20001_0310_1,10,45833917,2024-05-14,21,21:00,0.0,0.4238153,0.10101865,0.9472573
20001_0310_1,10,45833917,2024-05-14,22,22:00,0.0,0.40255192,0.12838961,0.85994154
20001_0310_1,10,45833917,2024-05-14,23,23:00,,0.08676763,0.0,0.44801944
20001_0310_1,10,45833917,2024-05-15,0,00:00,,0.0,0.0,0.09719734
20001_0310_1,10,45833917,2024-05-15,1,01:00,,0.0,0.0,0.05832949
20001_0310_1,10,45833917,2024-05-15,2,02:00,,0.0,0.0,0.08759467
20001_0310_1,10,45833917,2024-05-15,3,03:00,,0.0,0.0,0.09902641
20001_0310_1,10,45833917,2024-05-15,4,04:00,,0.0,0.0,0.10725723
20001_0310_1,10,45833917,2024-05-15,5,05:00,0.2964285612106323,0.040496003,0.0,0.1769907
20001_0310_1,10,45833917,2024-05-15,6,06:00,0.9824344317118326,0.04644049,0.0,0.18522152
20001_0310_1,10,45833917,2024-05-15,7,07:00,0.0,0.024948869,0.0,0.174933
20001_0310_1,10,45833917,2024-05-15,8,08:00,0.19001848357064383,0.03820966,0.0,0.20882803
20001_0310_1,10,45833917,2024-05-15,9,09:00,0.0,0.0075726532,0.0,0.21265766
20001_0310_1,10,45833917,2024-05-15,10,10:00,0.7648809552192688,0.047812298,0.0,0.2947374
20001_0310_1,10,45833917,2024-05-15,11,11:00,0.0,0.089881025,0.0,0.37384486
20001_0310_1,10,45833917,2024-05-15,12,12:00,0.0,0.12783432,0.0,0.4552387
20001_0310_1,10,45833917,2024-05-15,13,13:00,0.3784722089767456,0.14955458,0.0,0.5350321
20001_0310_1,10,45833917,2024-05-15,14,14:00,0.0,0.24918199,0.0,0.7179968
20001_0310_1,10,45833917,2024-05-15,15,15:00,0.0,0.4991365,0.14200968,1.041
20001_0310_1,10,45833917,2024-05-15,16,16:00,1.437225341796875,0.8306563,0.40768272,1.4305928
20001_0310_1,10,45833917,2024-05-15,17,17:00,0.0,1.0794104,0.6303726,1.7159286
20001_0310_1,10,45833917,2024-05-15,18,18:00,0.7180917739868165,0.6303727,0.18590741,1.2614034
20001_0310_1,10,45833917,2024-05-15,19,19:00,0.6483832836151123,0.55446607,0.1436101,1.1425135
20001_0310_1,10,45833917,2024-05-15,20,20:00,0.0,0.33829224,0.0,0.8895296
20001_0310_1,10,45833917,2024-05-15,21,21:00,0.0,0.38893476,0.078906566,0.8644942
20001_0310_1,10,45833917,2024-05-15,22,22:00,0.0,0.41705674,0.15092635,0.82768404
20001_0310_1,10,45833917,2024-05-15,23,23:00,,0.04872684,0.0,0.37498805
20001_0310_1,10,45833917,2024-05-16,0,00:00,,0.0,0.0,0.10456759
20001_0310_1,10,45833917,2024-05-16,1,01:00,,0.0,0.0,0.04501907
20001_0310_1,10,45833917,2024-05-16,2,02:00,,0.0,0.0,0.08652259
20001_0310_1,10,45833917,2024-05-16,3,03:00,,0.0,0.0,0.09193609
20001_0310_1,10,45833917,2024-05-16,4,04:00,,0.0,0.0,0.11313895
20001_0310_1,10,45833917,2024-05-16,5,05:00,0.0,0.045470204,0.0,0.17629646
20001_0310_1,10,45833917,2024-05-16,6,06:00,0.0,0.06712422,0.0,0.21148422
20001_0310_1,10,45833917,2024-05-16,7,07:00,0.0,0.04276346,0.0,0.20832634
20001_0310_1,10,45833917,2024-05-16,8,08:00,0.36635494232177734,0.024267329,0.0,0.21509321
20001_0310_1,10,45833917,2024-05-16,9,09:00,0.0,0.0,0.0,0.21892777
20001_0310_1,10,45833917,2024-05-16,10,10:00,0.0,0.026071839,0.0,0.29832578
20001_0310_1,10,45833917,2024-05-16,11,11:00,0.0,0.053590458,0.0,0.37073132
20001_0310_1,10,45833917,2024-05-16,12,12:00,0.0,0.091484964,0.0,0.45960295
20001_0310_1,10,45833917,2024-05-16,13,13:00,0.0,0.097349584,0.0,0.520956
20001_0310_1,10,45833917,2024-05-16,14,14:00,0.0,0.20810078,0.0,0.7061991
20001_0310_1,10,45833917,2024-05-16,15,15:00,1.4701740741729736,0.44471583,0.08832711,1.0086222
20001_0310_1,10,45833917,2024-05-16,16,16:00,0.33104008436203003,0.69644356,0.27757397,1.3036579
20001_0310_1,10,45833917,2024-05-16,17,17:00,3.1740739345550537,0.8254653,0.37524262,1.4516268
20001_0310_1,10,45833917,2024-05-16,18,18:00,1.5560822486877441,0.5999028,0.14855224,1.2269666
20001_0310_1,10,45833917,2024-05-16,19,19:00,0.0,0.51148236,0.09193609,1.091629
20001_0310_1,10,45833917,2024-05-16,20,20:00,1.3703703880310059,0.3250549,0.0,0.8706906
20001_0310_1,10,45833917,2024-05-16,21,21:00,0.6545454263687134,0.38200945,0.07659785,0.8543373
20001_0310_1,10,45833917,2024-05-16,22,22:00,0.0,0.3336263,0.08167301,0.7380599
20001_0310_1,10,45833917,2024-05-16,23,23:00,,0.011635831,0.0,0.33667138
20001_0310_1,10,45833917,2024-05-17,0,00:00,,0.0,0.0,0.1351349
20001_0310_1,10,45833917,2024-05-17,1,01:00,,0.0,0.0,0.05212614
20001_0310_1,10,45833917,2024-05-17,2,02:00,,0.0,0.0,0.05940763
20001_0310_1,10,45833917,2024-05-17,3,03:00,,0.0,0.0,0.0914461
20001_0310_1,10,45833917,2024-05-17,4,04:00,,0.0,0.0,0.110863365
20001_0310_1,10,45833917,2024-05-17,5,05:00,0.0,0.0404758,0.0,0.17129958
20001_0310_1,10,45833917,2024-05-17,6,06:00,0.3305520713329315,0.060378484,0.0,0.20588654
20001_0310_1,10,45833917,2024-05-17,7,07:00,0.0,0.04678641,0.0,0.21693012
20001_0310_1,10,45833917,2024-05-17,8,08:00,0.0,0.048728134,0.0,0.24077693
20001_0310_1,10,45833917,2024-05-17,9,09:00,0.0,0.018145949,0.0,0.24751228
20001_0310_1,10,45833917,2024-05-17,10,10:00,0.42454248666763306,0.020087678,0.0,0.28476915
20001_0310_1,10,45833917,2024-05-17,11,11:00,0.6186414162317911,0.043873824,0.0,0.36425853
20001_0310_1,10,45833917,2024-05-17,12,12:00,0.0,0.06717453,0.0,0.45066535
20001_0310_1,10,45833917,2024-05-17,13,13:00,0.797520637512207,0.111348785,0.0,0.57809114
20001_0310_1,10,45833917,2024-05-17,14,14:00,0.0,0.28628612,0.0,0.8491439
20001_0310_1,10,45833917,2024-05-17,15,15:00,0.9261676470438639,0.4178987,0.039747655,1.0790563
20001_0310_1,10,45833917,2024-05-17,16,16:00,0.4625850518544515,0.6278478,0.17882371,1.3637618
20001_0310_1,10,45833917,2024-05-17,17,17:00,1.1589888334274292,0.81522435,0.32287547,1.589973
20001_0310_1,10,45833917,2024-05-17,18,18:00,2.576117992401123,0.61911005,0.11960113,1.3967712
20001_0310_1,10,45833917,2024-05-17,19,19:00,0.0,0.46717,0.00601016,1.1938608
20001_0310_1,10,45833917,2024-05-17,20,20:00,0.2727272748947144,0.31929547,0.0,0.9825161
20001_0310_1,10,45833917,2024-05-17,21,21:00,1.2700773477554321,0.41134536,0.093873195,0.9695915
20001_0310_1,10,45833917,2024-05-17,22,22:00,0.0,0.35127327,0.10151881,0.81607383
20001_0310_1,10,45833917,2024-05-17,23,23:00,,0.031252604,0.0,0.38877285
20001_0310_1,10,45833917,2024-05-18,0,00:00,,0.0,0.0,0.15177646
20001_0310_1,10,45833917,2024-05-18,1,01:00,,0.0,0.0,0.07576337
20001_0310_1,10,45833917,2024-05-18,2,02:00,,0.0,0.0,0.09539589
20001_0310_1,10,45833917,2024-05-18,3,03:00,,0.0,0.0,0.108987644
20001_0310_1,10,45833917,2024-05-18,4,04:00,,0.0,0.0,0.14623907
20001_0310_1,10,45833917,2024-05-18,5,05:00,,0.022403186,0.0,0.1930551
20001_0310_1,10,45833917,2024-05-18,6,06:00,,0.05361386,0.0,0.22766373
20001_0310_1,10,45833917,2024-05-18,7,07:00,,0.04908327,0.0,0.23634732
20001_0310_1,10,45833917,2024-05-18,8,08:00,,0.045056097,0.0,0.24968737
20001_0310_1,10,45833917,2024-05-18,9,09:00,,0.026430361,0.0,0.26239812
20001_0310_1,10,45833917,2024-05-18,10,10:00,,0.04455269,0.0,0.3176461
20001_0310_1,10,45833917,2024-05-18,11,11:00,,0.072742976,0.0,0.3903871
20001_0310_1,10,45833917,2024-05-18,12,12:00,,0.08985851,0.0,0.4704274
20001_0310_1,10,45833917,2024-05-18,13,13:00,,0.10999442,0.0,0.5701002
20001_0310_1,10,45833917,2024-05-18,14,14:00,,0.23395619,0.0,0.79417515
20001_0310_1,10,45833917,2024-05-18,15,15:00,,0.37150967,0.027940584,1.0407772
20001_0310_1,10,45833917,2024-05-18,16,16:00,0.0,0.47646815,0.050593473,1.2340821
20001_0310_1,10,45833917,2024-05-18,17,17:00,,0.6133924,0.14019829,1.4168155
20001_0310_1,10,45833917,2024-05-18,18,18:00,,0.58520216,0.111756295,1.3886253
20001_0310_1,10,45833917,2024-05-18,19,19:00,,0.42914876,0.0,1.1741778
20001_0310_1,10,45833917,2024-05-18,20,20:00,,0.27026376,0.0,0.94230014
20001_0310_1,10,45833917,2024-05-18,21,21:00,,0.3385371,0.051851954,0.89907074
20001_0310_1,10,45833917,2024-05-18,22,22:00,,0.26976034,0.040832274,0.736025
20001_0310_1,10,45833917,2024-05-18,23,23:00,,0.035491526,0.0,0.39894482
20001_0310_1,10,45833917,2024-05-19,0,00:00,,0.011573736,0.0,0.19568905
20001_0310_1,10,45833917,2024-05-19,1,01:00,,0.0,0.0,0.12980832
20001_0310_1,10,45833917,2024-05-19,2,02:00,,0.0,0.0,0.11527951
20001_0310_1,10,45833917,2024-05-19,3,03:00,,0.0,0.0,0.10976857
20001_0310_1,10,45833917,2024-05-19,4,04:00,,0.0,0.0,0.14283419
20001_0310_1,10,45833917,2024-05-19,5,05:00,,0.022595607,0.0,0.18541868
20001_0310_1,10,45833917,2024-05-19,6,06:00,,0.03612245,0.0,0.21378744
20001_0310_1,10,45833917,2024-05-19,7,07:00,,0.0235976,0.0,0.2241831
20001_0310_1,10,45833917,2024-05-19,8,08:00,,0.022094605,0.0,0.243033
20001_0310_1,10,45833917,2024-05-19,9,09:00,,0.038126424,0.0,0.2955121
20001_0310_1,10,45833917,2024-05-19,10,10:00,,0.060170166,0.0,0.35776064
20001_0310_1,10,45833917,2024-05-19,11,11:00,,0.07820595,0.0,0.42389184
20001_0310_1,10,45833917,2024-05-19,12,12:00,,0.11277453,0.0,0.52859956
20001_0310_1,10,45833917,2024-05-19,13,13:00,,0.15586002,0.0,0.64032125
20001_0310_1,10,45833917,2024-05-19,14,14:00,,0.24854393,0.0,0.82637805
20001_0310_1,10,45833917,2024-05-19,15,15:00,,0.38030538,0.005060806,1.0616573
20001_0310_1,10,45833917,2024-05-19,16,16:00,,0.4634704,0.001553846,1.2314943
20001_0310_1,10,45833917,2024-05-19,17,17:00,,0.5501424,0.032114547,1.3632559
20001_0310_1,10,45833917,2024-05-19,18,18:00,,0.55865926,0.035120413,1.3832954
20001_0310_1,10,45833917,2024-05-19,19,19:00,,0.44343057,0.0,1.2239794
20001_0310_1,10,45833917,2024-05-19,20,20:00,,0.31210756,0.0,1.019887
20001_0310_1,10,45833917,2024-05-19,21,21:00,,0.29306978,0.0,0.89751905
20001_0310_1,10,45833917,2024-05-19,22,22:00,,0.21347435,0.0,0.7263043
20001_0310_1,10,45833917,2024-05-19,23,23:00,,0.05165326,0.0,0.46146643
20001_0310_1,10,45833917,2024-05-20,0,00:00,,0.004645914,0.0,0.19410264
20001_0310_1,10,45833917,2024-05-20,1,01:00,,0.0,0.0,0.13983805
20001_0310_1,10,45833917,2024-05-20,2,02:00,,0.0056473413,0.000640234,0.13558201
20001_0310_1,10,45833917,2024-05-20,3,03:00,,0.0,0.0,0.14409412
20001_0310_1,10,45833917,2024-05-20,4,04:00,,0.0,0.0,0.1601169
20001_0310_1,10,45833917,2024-05-20,5,05:00,0.0,0.009653042,0.0,0.20468022
20001_0310_1,10,45833917,2024-05-20,6,06:00,0.0,0.019166563,0.0,0.24023075
20001_0310_1,10,45833917,2024-05-20,7,07:00,0.4342431624730428,0.012657304,0.0,0.25925782
20001_0310_1,10,45833917,2024-05-20,8,08:00,0.0,0.03318648,0.0,0.30256936
20001_0310_1,10,45833917,2024-05-20,9,09:00,0.0,0.048207834,0.0,0.3476334
20001_0310_1,10,45833917,2024-05-20,10,10:00,0.0,0.055217795,0.0,0.38618824
20001_0310_1,10,45833917,2024-05-20,11,11:00,0.0,0.0727427,0.0,0.4407658
20001_0310_1,10,45833917,2024-05-20,12,12:00,0.0,0.127821,0.0,0.5539266
20001_0310_1,10,45833917,2024-05-20,13,13:00,0.5803571343421936,0.21143983,0.0,0.69462657
20001_0310_1,10,45833917,2024-05-20,14,14:00,0.0,0.3461313,0.0066487794,0.90692836
20001_0310_1,10,45833917,2024-05-20,15,15:00,2.4909090995788574,0.5434117,0.10528894,1.1833212
20001_0310_1,10,45833917,2024-05-20,16,16:00,0.8922520875930786,0.6325384,0.1102961,1.3375405
20001_0310_1,10,45833917,2024-05-20,17,17:00,0.37116003036499023,0.6605782,0.08726336,1.3996285
20001_0310_1,10,45833917,2024-05-20,18,18:00,1.1129031976064045,0.65056396,0.07274269,1.4036343
20001_0310_1,10,45833917,2024-05-20,19,19:00,0.5583333015441895,0.52388394,0.0,1.2389003
20001_0310_1,10,45833917,2024-05-20,20,20:00,0.48148147265116376,0.39394924,0.0,1.0503823
20001_0310_1,10,45833917,2024-05-20,21,21:00,0.0,0.3447543,0.0,0.90930676
20001_0310_1,10,45833917,2024-05-20,22,22:00,0.0,0.22646117,0.0,0.70986694
20001_0310_1,10,45833917,2024-05-20,23,23:00,,0.06973843,0.0,0.45678857
20001_0310_1,10,45833917,2024-05-21,0,00:00,,0.0,0.0,0.15538226
20001_0310_1,10,45833917,2024-05-21,1,01:00,,0.0,0.0,0.11016989
20001_0310_1,10,45833917,2024-05-21,2,02:00,,0.010185907,0.0,0.1331636
20001_0310_1,10,45833917,2024-05-21,3,03:00,,0.0,0.0,0.13393867
20001_0310_1,10,45833917,2024-05-21,4,04:00,,0.0,0.0,0.14814825
20001_0310_1,10,45833917,2024-05-21,5,05:00,0.0,0.03188785,0.0,0.2140292
20001_0310_1,10,45833917,2024-05-21,6,06:00,0.0,0.052556377,0.0,0.25058663
20001_0310_1,10,45833917,2024-05-21,7,07:00,0.0,0.037054986,0.0,0.26285857
20001_0310_1,10,45833917,2024-05-21,8,08:00,0.0,0.040671986,0.0,0.29153615
20001_0310_1,10,45833917,2024-05-21,9,09:00,0.0,0.04790596,0.0,0.3392029
20001_0310_1,10,45833917,2024-05-21,10,10:00,0.0,0.054623228,0.0,0.38531953
20001_0310_1,10,45833917,2024-05-21,11,11:00,0.0,0.06340735,0.0,0.44112456
20001_0310_1,10,45833917,2024-05-21,12,12:00,0.6018415093421936,0.09751041,0.0,0.5387833
20001_0310_1,10,45833917,2024-05-21,13,13:00,0.0,0.16545816,0.0,0.6824295
20001_0310_1,10,45833917,2024-05-21,14,14:00,0.0,0.28146023,0.0,0.8971238
20001_0310_1,10,45833917,2024-05-21,15,15:00,0.0,0.44525823,0.030854443,1.1603891
20001_0310_1,10,45833917,2024-05-21,16,16:00,0.8430080413818359,0.58270395,0.08045892,1.3846425
20001_0310_1,10,45833917,2024-05-21,17,17:00,0.6219512224197388,0.71084875,0.1667499,1.5613583
20001_0310_1,10,45833917,2024-05-21,18,18:00,0.28962963819503784,0.62817466,0.081492305,1.4838513
20001_0310_1,10,45833917,2024-05-21,19,19:00,1.350142478942871,0.47471094,0.0,1.2818167
20001_0310_1,10,45833917,2024-05-21,20,20:00,0.28004807233810425,0.33416498,0.0,1.0614386
20001_0310_1,10,45833917,2024-05-21,21,21:00,,0.2663464,0.0,0.880912
20001_0310_1,10,45833917,2024-05-21,22,22:00,0.6026785969734192,0.16029103,0.0,0.67338705
20001_0310_1,10,45833917,2024-05-21,23,23:00,,0.03292128,0.0,0.4354407
20001_0310_1,10,45833917,2024-05-22,0,00:00,,0.0,0.0,0.16566716
20001_0310_1,10,45833917,2024-05-22,1,01:00,,0.0,0.0,0.11608884
20001_0310_1,10,45833917,2024-05-22,2,02:00,,0.0021588327,0.0,0.13486849
20001_0310_1,10,45833917,2024-05-22,3,03:00,,0.003160401,0.0,0.14738826
20001_0310_1,10,45833917,2024-05-22,4,04:00,,0.01067227,0.0,0.17292862
20001_0310_1,10,45833917,2024-05-22,5,05:00,0.0,0.027699176,0.0,0.21136436
20001_0310_1,10,45833917,2024-05-22,6,06:00,0.3150506019592285,0.06275456,0.0,0.25856394
20001_0310_1,10,45833917,2024-05-22,7,07:00,0.35473963618278503,0.03320788,0.0,0.24992527
20001_0310_1,10,45833917,2024-05-22,8,08:00,0.6884588003158569,0.036212634,0.0,0.2675782
20001_0310_1,10,45833917,2024-05-22,9,09:00,0.0,0.013176237,0.0,0.27471444
20001_0310_1,10,45833917,2024-05-22,10,10:00,0.0,0.031204712,0.0,0.3262959
20001_0310_1,10,45833917,2024-05-22,11,11:00,0.3035714328289032,0.056745067,0.0,0.39978704
20001_0310_1,10,45833917,2024-05-22,12,12:00,0.0,0.062754564,0.0,0.4648899
20001_0310_1,10,45833917,2024-05-22,13,13:00,0.0,0.12760702,0.0,0.5996027
20001_0310_1,10,45833917,2024-05-22,14,14:00,0.8360240459442139,0.22350855,0.0,0.7842069
20001_0310_1,10,45833917,2024-05-22,15,15:00,0.0,0.38476333,0.030203145,1.0342896
20001_0310_1,10,45833917,2024-05-22,16,16:00,0.5402083396911621,0.5039516,0.06976563,1.2185807
20001_0310_1,10,45833917,2024-05-22,17,17:00,0.41014373302459717,0.61412567,0.13486849,1.3693187
20001_0310_1,10,45833917,2024-05-22,18,18:00,1.2252747217814128,0.58007187,0.09530602,1.333262
20001_0310_1,10,45833917,2024-05-22,19,19:00,0.7719769477844238,0.43283927,0.0,1.1384542
20001_0310_1,10,45833917,2024-05-22,20,20:00,0.0,0.31834587,0.0,0.95535225
20001_0310_1,10,45833917,2024-05-22,21,21:00,0.0,0.24904889,0.0,0.7870864
20001_0310_1,10,45833917,2024-05-22,22,22:00,0.6428571343421936,0.13261493,0.0,0.5798214
20001_0310_1,10,45833917,2024-05-22,23,23:00,,0.034209467,0.0,0.38551453
20001_0310_1,10,45833917,2024-05-23,0,00:00,,0.0073074233,0.0,0.16992192
20001_0310_1,10,45833917,2024-05-23,1,01:00,,0.0,0.0,0.12597843
20001_0310_1,10,45833917,2024-05-23,2,02:00,,0.0026075728,0.0,0.13138321
20001_0310_1,10,45833917,2024-05-23,3,03:00,,0.01012732,0.0,0.14947762
20001_0310_1,10,45833917,2024-05-23,4,04:00,,0.004487507,0.0,0.16381213
20001_0310_1,10,45833917,2024-05-23,5,05:00,0.0,0.013887199,0.0,0.19788599
20001_0310_1,10,45833917,2024-05-23,6,06:00,0.847608725229899,0.03597644,0.0,0.25193417
20001_0310_1,10,45833917,2024-05-23,7,07:00,0.0,0.02234691,0.0,0.26955855
20001_0310_1,10,45833917,2024-05-23,8,08:00,0.0,0.009187348,0.0,0.284833
20001_0310_1,10,45833917,2024-05-23,9,09:00,0.0,0.0035475448,0.0,0.31596947
20001_0310_1,10,45833917,2024-05-23,10,10:00,0.4166666666666667,0.016707096,0.0,0.3724851
20001_0310_1,10,45833917,2024-05-23,11,11:00,0.0,0.03127661,0.0,0.44298267
20001_0310_1,10,45833917,2024-05-23,12,12:00,0.0,0.06276554,0.0,0.54308933
20001_0310_1,10,45833917,2024-05-23,13,13:00,0.5111111005147299,0.12433346,0.0,0.6782098
20001_0310_1,10,45833917,2024-05-23,14,14:00,0.47692306836446124,0.21974023,0.0,0.8565687
20001_0310_1,10,45833917,2024-05-23,15,15:00,0.7986111640930176,0.42559332,0.019527052,1.1404393
20001_0310_1,10,45833917,2024-05-23,16,16:00,2.941499710083008,0.5741083,0.09754437,1.3477023
20001_0310_1,10,45833917,2024-05-23,17,17:00,0.9763274192810059,0.6690451,0.15159252,1.469898
20001_0310_1,10,45833917,2024-05-23,18,18:00,0.7393213272094726,0.71698344,0.19389112,1.5187765
20001_0310_1,10,45833917,2024-05-23,19,19:00,0.6185307502746582,0.55718887,0.07310519,1.3176233
20001_0310_1,10,45833917,2024-05-23,20,20:00,0.0,0.3830597,0.0,1.0776963
20001_0310_1,10,45833917,2024-05-23,21,21:00,0.0,0.2990501,0.0,0.8884102
20001_0310_1,10,45833917,2024-05-23,22,22:00,0.0,0.14571774,0.0,0.6481308
20001_0310_1,10,45833917,2024-05-23,23,23:00,,0.034566496,0.0,0.44298267
20001_0310_1,10,45833917,2024-05-24,0,00:00,,0.0,0.0,0.15191682
20001_0310_1,10,45833917,2024-05-24,1,01:00,,0.0,0.0,0.12626219
20001_0310_1,10,45833917,2024-05-24,2,02:00,,0.0,0.0,0.12577352
20001_0310_1,10,45833917,2024-05-24,3,03:00,,0.006051888,0.0,0.16999722
20001_0310_1,10,45833917,2024-05-24,4,04:00,,0.0021426077,0.0,0.19253664
20001_0310_1,10,45833917,2024-05-24,5,05:00,0.0,0.014847754,0.0,0.23279
20001_0310_1,10,45833917,2024-05-24,6,06:00,0.0,0.03976941,0.0,0.29265082
20001_0310_1,10,45833917,2024-05-24,7,07:00,0.0,0.02559828,0.0,0.3084101
20001_0310_1,10,45833917,2024-05-24,8,08:00,0.0,0.029507551,0.0,0.3313771
20001_0310_1,10,45833917,2024-05-24,9,09:00,0.8857142925262451,0.011915809,0.0,0.34176114
20001_0310_1,10,45833917,2024-05-24,10,10:00,0.4309895833333333,0.013870449,0.0,0.3705921
20001_0310_1,10,45833917,2024-05-24,11,11:00,0.3777777850627899,0.028041571,0.0,0.43460652
20001_0310_1,10,45833917,2024-05-24,12,12:00,0.8179012139638265,0.063225076,0.0,0.5294065
20001_0310_1,10,45833917,2024-05-24,13,13:00,0.0,0.16193435,0.0,0.6977497
20001_0310_1,10,45833917,2024-05-24,14,14:00,0.7569440007209778,0.2924065,0.0,0.900177
20001_0310_1,10,45833917,2024-05-24,15,15:00,0.0,0.46294874,0.039769404,1.135833
20001_0310_1,10,45833917,2024-05-24,16,16:00,1.87714417775472,0.54602087,0.05442916,1.2633734
20001_0310_1,10,45833917,2024-05-24,17,17:00,0.4505738417307536,0.60514873,0.07788488,1.3469342
20001_0310_1,10,45833917,2024-05-24,18,18:00,0.2599531888961792,0.64228684,0.107204475,1.3909136
20001_0310_1,10,45833917,2024-05-24,19,19:00,0.27878233790397644,0.5049735,0.011427136,1.2159734
20001_0310_1,10,45833917,2024-05-24,20,20:00,0.9699488282203674,0.36057454,0.0,1.0070714
20001_0310_1,10,45833917,2024-05-24,21,21:00,0.0,0.29185677,0.0,0.83378035
20001_0310_1,10,45833917,2024-05-24,22,22:00,0.0,0.15045083,0.0,0.60490435
20001_0310_1,10,45833917,2024-05-24,23,23:00,,0.013870449,0.0,0.37425703
20001_0310_1,10,45833917,2024-05-25,0,00:00,,0.0,0.0,0.1745652
20001_0310_1,10,45833917,2024-05-25,1,01:00,,0.0,0.0,0.14272767
20001_0310_1,10,45833917,2024-05-25,2,02:00,,0.0,0.0,0.14086854
20001_0310_1,10,45833917,2024-05-25,3,03:00,,0.0,0.0,0.1794454
20001_0310_1,10,45833917,2024-05-25,4,04:00,,0.0,0.0,0.2223215
20001_0310_1,10,45833917,2024-05-25,5,05:00,,0.0065467027,0.0,0.26670814
20001_0310_1,10,45833917,2024-05-25,6,06:00,,0.033968814,0.0,0.32956982
20001_0310_1,10,45833917,2024-05-25,7,07:00,,0.027926646,0.0,0.35513282
20001_0310_1,10,45833917,2024-05-25,8,08:00,,0.030715339,0.0,0.3700058
20001_0310_1,10,45833917,2024-05-25,9,09:00,,0.036757506,0.0,0.40439963
20001_0310_1,10,45833917,2024-05-25,10,10:00,,0.053024843,0.0,0.44390604
20001_0310_1,10,45833917,2024-05-25,11,11:00,,0.08091174,0.0,0.5075811
20001_0310_1,10,45833917,2024-05-25,12,12:00,,0.10740429,0.0,0.5782279
20001_0310_1,10,45833917,2024-05-25,13,13:00,,0.16224849,0.0,0.6881487
20001_0310_1,10,45833917,2024-05-25,14,14:00,,0.2620603,0.0,0.844722
20001_0310_1,10,45833917,2024-05-25,15,15:00,,0.385576,0.021652099,1.0353404
20001_0310_1,10,45833917,2024-05-25,16,16:00,,0.42624435,0.0,1.1350361
20001_0310_1,10,45833917,2024-05-25,17,17:00,,0.4578495,0.0,1.1963872
20001_0310_1,10,45833917,2024-05-25,18,18:00,,0.50804585,0.028391398,1.2554145
20001_0310_1,10,45833917,2024-05-25,19,19:00,,0.4157868,0.0,1.1250432
20001_0310_1,10,45833917,2024-05-25,20,20:00,,0.2976161,0.0,0.9372716
20001_0310_1,10,45833917,2024-05-25,21,21:00,,0.22197288,0.0,0.7529858
20001_0310_1,10,45833917,2024-05-25,22,22:00,,0.113911234,0.0,0.55405927
20001_0310_1,10,45833917,2024-05-25,23,23:00,,0.024208397,0.0,0.3725621
20001_0310_1,10,45833917,2024-05-26,0,00:00,,0.0054034255,0.0,0.16283767
20001_0310_1,10,45833917,2024-05-26,1,01:00,,0.0,0.0,0.11326653
20001_0310_1,10,45833917,2024-05-26,2,02:00,,0.0,0.0,0.10270972
20001_0310_1,10,45833917,2024-05-26,3,03:00,,0.0,0.0,0.12198738
20001_0310_1,10,45833917,2024-05-26,4,04:00,,0.0,0.0,0.1607722
20001_0310_1,10,45833917,2024-05-26,5,05:00,,0.0063213976,0.0,0.2066714
20001_0310_1,10,45833917,2024-05-26,6,06:00,,0.031106971,0.0,0.26599613
20001_0310_1,10,45833917,2024-05-26,7,07:00,,0.021009138,0.0,0.28378204
20001_0310_1,10,45833917,2024-05-26,8,08:00,,0.02284511,0.0,0.30110902
20001_0310_1,10,45833917,2024-05-26,9,09:00,,0.034319915,0.0,0.33541867
20001_0310_1,10,45833917,2024-05-26,10,10:00,,0.049007658,0.0,0.3790229
20001_0310_1,10,45833917,2024-05-26,11,11:00,,0.07287523,0.0,0.44282278
20001_0310_1,10,45833917,2024-05-26,12,12:00,,0.10821762,0.0,0.53416216
20001_0310_1,10,45833917,2024-05-26,13,13:00,,0.17247649,0.0,0.653041
20001_0310_1,10,45833917,2024-05-26,14,14:00,,0.271045,0.0,0.81885195
20001_0310_1,10,45833917,2024-05-26,15,15:00,,0.4070214,0.05359764,1.0225297
20001_0310_1,10,45833917,2024-05-26,16,16:00,,0.45200258,0.030188972,1.1294748
20001_0310_1,10,45833917,2024-05-26,17,17:00,,0.4657724,0.0017314907,1.1712431
20001_0310_1,10,45833917,2024-05-26,18,18:00,,0.5148845,0.04487675,1.226322
20001_0310_1,10,45833917,2024-05-26,19,19:00,,0.43777385,0.012747305,1.1056073
20001_0310_1,10,45833917,2024-05-26,20,20:00,,0.3109773,0.0,0.9099618
20001_0310_1,10,45833917,2024-05-26,21,21:00,,0.22675231,0.0,0.7203982
20001_0310_1,10,45833917,2024-05-26,22,22:00,,0.13070823,0.0,0.5382931
20001_0310_1,10,45833917,2024-05-26,23,23:00,,0.032024954,0.0,0.34918842
20001_0310_1,10,45833917,2024-05-27,0,00:00,,0.008348816,0.0,0.15698855
20001_0310_1,10,45833917,2024-05-27,1,01:00,,0.002843631,0.0,0.12028736
20001_0310_1,10,45833917,2024-05-27,2,02:00,,0.0,0.0,0.11478221
20001_0310_1,10,45833917,2024-05-27,3,03:00,,0.0,0.0,0.13405031
20001_0310_1,10,45833917,2024-05-27,4,04:00,,0.0,0.0,0.16868703
20001_0310_1,10,45833917,2024-05-27,5,05:00,0.0,0.0,0.0,0.21754548
20001_0310_1,10,45833917,2024-05-27,6,06:00,0.971220850944519,0.017524105,0.0,0.2771849
20001_0310_1,10,45833917,2024-05-27,7,07:00,0.37918224930763245,0.014771508,0.0,0.30643114
20001_0310_1,10,45833917,2024-05-27,8,08:00,0.0,0.021194218,0.0,0.33843
20001_0310_1,10,45833917,2024-05-27,9,09:00,0.0,0.035415914,0.0,0.3817832
20001_0310_1,10,45833917,2024-05-27,10,10:00,0.0,0.055601563,0.0,0.43178853
20001_0310_1,10,45833917,2024-05-27,11,11:00,0.6534202575683594,0.0757872,0.0,0.4877578
20001_0310_1,10,45833917,2024-05-27,12,12:00,0.0,0.12739824,0.0,0.59396183
20001_0310_1,10,45833917,2024-05-27,13,13:00,0.5406692822774252,0.21421942,0.0,0.7317059
20001_0310_1,10,45833917,2024-05-27,14,14:00,0.0,0.33223665,0.003302418,0.91624403
20001_0310_1,10,45833917,2024-05-27,15,15:00,0.49054423967997235,0.49005166,0.0771635,1.1392035
20001_0310_1,10,45833917,2024-05-27,16,16:00,1.9426875114440918,0.5735468,0.09459654,1.274539
20001_0310_1,10,45833917,2024-05-27,17,17:00,0.0,0.5753819,0.059271686,1.2956424
20001_0310_1,10,45833917,2024-05-27,18,18:00,0.31272029876708984,0.5918974,0.084503785,1.3048176
20001_0310_1,10,45833917,2024-05-27,19,19:00,0.0,0.48454648,0.042756163,1.1460851
20001_0310_1,10,45833917,2024-05-27,20,20:00,0.0,0.33475983,0.0,0.9123445
20001_0310_1,10,45833917,2024-05-27,21,21:00,0.0,0.23440507,0.0,0.7027607
20001_0310_1,10,45833917,2024-05-27,22,22:00,1.3349446058273315,0.12303996,0.0,0.5079435
20001_0310_1,10,45833917,2024-05-27,23,23:00,,0.03220457,0.0,0.3317779
20001_0310_1,10,45833917,2024-05-28,0,00:00,,0.001510595,0.0,0.16776197
20001_0310_1,10,45833917,2024-05-28,1,01:00,,0.0,0.0,0.12790878
20001_0310_1,10,45833917,2024-05-28,2,02:00,,0.0,0.0,0.13003114
20001_0310_1,10,45833917,2024-05-28,3,03:00,,0.0,0.0,0.15691435
20001_0310_1,10,45833917,2024-05-28,4,04:00,,0.0,0.0,0.1900467
20001_0310_1,10,45833917,2024-05-28,5,05:00,0.0,0.016602919,0.0,0.24027584
20001_0310_1,10,45833917,2024-05-28,6,06:00,0.3643428385257721,0.04159957,0.0,0.30099884
20001_0310_1,10,45833917,2024-05-28,7,07:00,0.44872426986694336,0.036411587,0.0,0.32929698
20001_0310_1,10,45833917,2024-05-28,8,08:00,0.0,0.03876977,0.0,0.35452947
20001_0310_1,10,45833917,2024-05-28,9,09:00,0.0,0.04348612,0.0,0.39438257
20001_0310_1,10,45833917,2024-05-28,10,10:00,0.0,0.056691892,0.0,0.4391879
20001_0310_1,10,45833917,2024-05-28,11,11:00,0.0,0.074614026,0.0,0.4957841
20001_0310_1,10,45833917,2024-05-28,12,12:00,0.46415193875630695,0.1052703,0.0,0.5750188
20001_0310_1,10,45833917,2024-05-28,13,13:00,0.0,0.16257396,0.0,0.6837307
20001_0310_1,10,45833917,2024-05-28,14,14:00,0.39111629128456116,0.23998107,0.0,0.82778573
20001_0310_1,10,45833917,2024-05-28,15,15:00,1.5031267801920574,0.362783,0.0008031498,1.0195348
20001_0310_1,10,45833917,2024-05-28,16,16:00,1.1977211236953735,0.45993987,0.025563965,1.179655
20001_0310_1,10,45833917,2024-05-28,17,17:00,1.4555131196975708,0.4806918,0.0033971022,1.2414391
20001_0310_1,10,45833917,2024-05-28,18,18:00,0.36924049258232117,0.49295428,0.014244724,1.2560598
20001_0310_1,10,45833917,2024-05-28,19,19:00,0.0,0.405466,0.0,1.1223513
20001_0310_1,10,45833917,2024-05-28,20,20:00,1.7938108444213867,0.2789499,0.0,0.9256205
20001_0310_1,10,45833917,2024-05-28,21,21:00,1.680495262145996,0.17978865,0.0,0.7159198
20001_0310_1,10,45833917,2024-05-28,22,22:00,0.0,0.08168855,0.0,0.5311568
20001_0310_1,10,45833917,2024-05-28,23,23:00,,0.016602919,0.0,0.3766963
20001_0310_1,10,45833917,2024-05-29,0,00:00,,0.0034698024,0.0,0.20926008
20001_0310_1,10,45833917,2024-05-29,1,01:00,,0.0,0.0,0.1723413
20001_0310_1,10,45833917,2024-05-29,2,02:00,,0.0,0.0,0.18095955
20001_0310_1,10,45833917,2024-05-29,3,03:00,,0.0,0.0,0.2124046
20001_0310_1,10,45833917,2024-05-29,4,04:00,,0.0053332136,0.0,0.25997975
20001_0310_1,10,45833917,2024-05-29,5,05:00,0.0,0.026762418,0.0,0.3228116
20001_0310_1,10,45833917,2024-05-29,6,06:00,0.42180073261260986,0.06309891,0.0,0.39897847
20001_0310_1,10,45833917,2024-05-29,7,07:00,0.0,0.061701354,0.0,0.4315881
20001_0310_1,10,45833917,2024-05-29,8,08:00,0.0,0.04353311,0.0,0.43112224
20001_0310_1,10,45833917,2024-05-29,9,09:00,0.0,0.046328213,0.0,0.4590734
20001_0310_1,10,45833917,2024-05-29,10,10:00,0.0,0.054247707,0.0,0.4963416
20001_0310_1,10,45833917,2024-05-29,11,11:00,0.0,0.08080129,0.0,0.55829996
20001_0310_1,10,45833917,2024-05-29,12,12:00,0.0,0.12319386,0.0,0.6454144
20001_0310_1,10,45833917,2024-05-29,13,13:00,0.0,0.19214,0.0,0.76106215
20001_0310_1,10,45833917,2024-05-29,14,14:00,0.0,0.27768216,0.0,0.9013129
20001_0310_1,10,45833917,2024-05-29,15,15:00,0.0,0.39431995,0.01371857,1.0842472
20001_0310_1,10,45833917,2024-05-29,16,16:00,1.938413937886556,0.5023977,0.047259953,1.2589419
20001_0310_1,10,45833917,2024-05-29,17,17:00,0.41371365388234455,0.53221226,0.035613634,1.3204345
20001_0310_1,10,45833917,2024-05-29,18,18:00,1.2805567979812622,0.5438585,0.037942827,1.3488513
20001_0310_1,10,45833917,2024-05-29,19,19:00,0.26207562287648517,0.44602954,0.0,1.2146859
20001_0310_1,10,45833917,2024-05-29,20,20:00,0.5946253538131714,0.31372744,0.0,1.0192609
20001_0310_1,10,45833917,2024-05-29,21,21:00,0.0,0.1956339,0.0,0.788897
20001_0310_1,10,45833917,2024-05-29,22,22:00,0.0,0.08033544,0.0,0.5829901
20001_0310_1,10,45833917,2024-05-29,23,23:00,,0.019308783,0.0,0.42273694
20001_0310_1,10,45833917,2024-05-30,0,00:00,,0.0,0.0,0.16432515
20001_0310_1,10,45833917,2024-05-30,1,01:00,,0.0,0.0,0.1344915
20001_0310_1,10,45833917,2024-05-30,2,02:00,,0.0,0.0,0.13981068
20001_0310_1,10,45833917,2024-05-30,3,03:00,,0.005443641,0.0,0.18005139
20001_0310_1,10,45833917,2024-05-30,4,04:00,,0.0045185704,0.0,0.2174013
20001_0310_1,10,45833917,2024-05-30,5,05:00,,0.018394683,0.0,0.27082434
20001_0310_1,10,45833917,2024-05-30,6,06:00,,0.05169736,0.0,0.34818366
20001_0310_1,10,45833917,2024-05-30,7,07:00,,0.041059002,0.0,0.3731607
20001_0310_1,10,45833917,2024-05-30,8,08:00,,0.01978229,0.0,0.37084797
20001_0310_1,10,45833917,2024-05-30,9,09:00,,0.02255752,0.0,0.408776
20001_0310_1,10,45833917,2024-05-30,10,10:00,,0.030883182,0.0,0.45086688
20001_0310_1,10,45833917,2024-05-30,11,11:00,,0.051234815,0.0,0.5239478
20001_0310_1,10,45833917,2024-05-30,12,12:00,,0.08453749,0.0,0.61367995
20001_0310_1,10,45833917,2024-05-30,13,13:00,,0.13865434,0.0,0.730008
20001_0310_1,10,45833917,2024-05-30,14,14:00,,0.23162429,0.0,0.8894099
20001_0310_1,10,45833917,2024-05-30,15,15:00,,0.38703677,0.0017433404,1.1090572
20001_0310_1,10,45833917,2024-05-30,16,16:00,,0.5142344,0.05447256,1.3005477
20001_0310_1,10,45833917,2024-05-30,17,17:00,,0.55863804,0.05539765,1.369003
20001_0310_1,10,45833917,2024-05-30,18,18:00,,0.59101564,0.089625426,1.4069313
20001_0310_1,10,45833917,2024-05-30,19,19:00,,0.4753814,0.027645465,1.2445806
20001_0310_1,10,45833917,2024-05-30,20,20:00,,0.32459426,0.0,1.0165498
20001_0310_1,10,45833917,2024-05-30,21,21:00,,0.21011633,0.0,0.7947632
20001_0310_1,10,45833917,2024-05-30,22,22:00,,0.08129974,0.0,0.57852715
20001_0310_1,10,45833917,2024-05-30,23,23:00,,0.0,0.0,0.40553826
20001_0310_1,10,45833917,2024-05-31,0,00:00,,0.0055018943,0.0,0.17957039
20001_0310_1,10,45833917,2024-05-31,1,01:00,,0.0,0.0,0.13439056
20001_0310_1,10,45833917,2024-05-31,2,02:00,,0.0,0.0,0.12475831
20001_0310_1,10,45833917,2024-05-31,3,03:00,,0.0,0.0,0.15594846
20001_0310_1,10,45833917,2024-05-31,4,04:00,,0.0,0.0,0.1976882
20001_0310_1,10,45833917,2024-05-31,5,05:00,,0.01008868,0.0,0.24699612
20001_0310_1,10,45833917,2024-05-31,6,06:00,,0.051828425,0.0,0.33001694
20001_0310_1,10,45833917,2024-05-31,7,07:00,,0.06467143,0.0,0.37565544
20001_0310_1,10,45833917,2024-05-31,8,08:00,,0.06375406,0.0,0.39125055
20001_0310_1,10,45833917,2024-05-31,9,09:00,,0.06788217,0.0,0.42656878
20001_0310_1,10,45833917,2024-05-31,10,10:00,,0.07889045,0.0,0.4646391
20001_0310_1,10,45833917,2024-05-31,11,11:00,,0.11099795,0.0,0.5430731
20001_0310_1,10,45833917,2024-05-31,12,12:00,,0.14723356,0.0,0.62655264
20001_0310_1,10,45833917,2024-05-31,13,13:00,,0.20732044,0.0,0.7419102
20001_0310_1,10,45833917,2024-05-31,14,14:00,,0.30089083,0.0,0.89453554
20001_0310_1,10,45833917,2024-05-31,15,15:00,,0.46876717,0.05458046,1.1242188
20001_0310_1,10,45833917,2024-05-31,16,16:00,,0.56967646,0.09265083,1.26962
20001_0310_1,10,45833917,2024-05-31,17,17:00,,0.5825195,0.07613838,1.3035622
20001_0310_1,10,45833917,2024-05-31,18,18:00,,0.59352773,0.09035738,1.3099837
20001_0310_1,10,45833917,2024-05-31,19,19:00,,0.46418044,0.011006093,1.1402727
20001_0310_1,10,45833917,2024-05-31,20,20:00,,0.34698802,0.0,0.9593238
20001_0310_1,10,45833917,2024-05-31,21,21:00,,0.26952872,0.0,0.784338
20001_0310_1,10,45833917,2024-05-31,22,22:00,,0.14539886,0.0,0.58527154
20001_0310_1,10,45833917,2024-05-31,23,23:00,,0.029353179,0.0,0.38001293
20001_0310_1,11,44783486,2024-05-01,0,00:00,,0.0,0.0,0.29215926
20001_0310_1,11,44783486,2024-05-01,1,01:00,,0.0,0.0,0.23260286
20001_0310_1,11,44783486,2024-05-01,2,02:00,,0.0,0.0,0.23260285
20001_0310_1,11,44783486,2024-05-01,3,03:00,,0.0,0.0,0.25672698
20001_0310_1,11,44783486,2024-05-01,4,04:00,,0.0,0.0,0.2966825
20001_0310_1,11,44783486,2024-05-01,5,05:00,,0.02000914,0.0,0.3888442
20001_0310_1,11,44783486,2024-05-01,6,06:00,,0.21375589,0.0056854407,0.6280122
20001_0310_1,11,44783486,2024-05-01,7,07:00,,0.1436452,0.0,0.59898776
20001_0310_1,11,44783486,2024-05-01,8,08:00,,0.11349007,0.0,0.59144896
20001_0310_1,11,44783486,2024-05-01,9,09:00,,0.1926473,0.0,0.7188544
20001_0310_1,11,44783486,2024-05-01,10,10:00,,0.21149427,0.0,0.7949962
20001_0310_1,11,44783486,2024-05-01,11,11:00,,0.24240327,0.0,0.8801845
20001_0310_1,11,44783486,2024-05-01,12,12:00,,0.26501966,0.0,0.9521799
20001_0310_1,11,44783486,2024-05-01,13,13:00,,0.30045193,0.0,1.037368
20001_0310_1,11,44783486,2024-05-01,14,14:00,,0.34040752,0.0,1.1457381
20001_0310_1,11,44783486,2024-05-01,15,15:00,,0.54602784,0.003989236,1.4348507
20001_0310_1,11,44783486,2024-05-01,16,16:00,,0.75277907,0.120275065,1.734329
20001_0310_1,11,44783486,2024-05-01,17,17:00,,0.8402289,0.13836798,1.8790733
20001_0310_1,11,44783486,2024-05-01,18,18:00,,0.9367254,0.21714835,1.9966786
20001_0310_1,11,44783486,2024-05-01,19,19:00,,0.6528901,0.0,1.6917347
20001_0310_1,11,44783486,2024-05-01,20,20:00,,0.4641849,0.0,1.4389027
20001_0310_1,11,44783486,2024-05-01,21,21:00,,0.48534063,0.0,1.343961
20001_0310_1,11,44783486,2024-05-01,22,22:00,,0.5330235,0.12102884,1.3023564
20001_0310_1,11,44783486,2024-05-01,23,23:00,,0.056195304,0.0,0.6954843
20001_0310_1,11,44783486,2024-05-02,0,00:00,,0.0034021423,0.0,0.29373685
20001_0310_1,11,44783486,2024-05-02,1,01:00,,0.0,0.0,0.18527216
20001_0310_1,11,44783486,2024-05-02,2,02:00,,0.0048629334,0.0,0.20061061
20001_0310_1,11,44783486,2024-05-02,3,03:00,,0.0,0.0,0.20572342
20001_0310_1,11,44783486,2024-05-02,4,04:00,,0.015088564,0.0,0.29884964
20001_0310_1,11,44783486,2024-05-02,5,05:00,,0.020931777,0.0,0.3696986
20001_0310_1,11,44783486,2024-05-02,6,06:00,,0.27072918,0.043574233,0.6768326
20001_0310_1,11,44783486,2024-05-02,7,07:00,,0.17431615,0.0,0.6315477
20001_0310_1,11,44783486,2024-05-02,8,08:00,,0.14363927,0.0,0.6381213
20001_0310_1,11,44783486,2024-05-02,9,09:00,,0.21667945,0.0,0.76009846
20001_0310_1,11,44783486,2024-05-02,10,10:00,,0.20718423,0.0,0.79588807
20001_0310_1,11,44783486,2024-05-02,11,11:00,,0.29958004,0.0,0.9258996
20001_0310_1,11,44783486,2024-05-02,12,12:00,,0.34267378,0.0,1.0062438
20001_0310_1,11,44783486,2024-05-02,13,13:00,,0.34048253,0.0,1.0542676
20001_0310_1,11,44783486,2024-05-02,14,14:00,,0.3720724,0.0,1.148307
20001_0310_1,11,44783486,2024-05-02,15,15:00,,0.62716526,0.05562591,1.4769878
20001_0310_1,11,44783486,2024-05-02,16,16:00,,0.84190345,0.19768901,1.7607489
20001_0310_1,11,44783486,2024-05-02,17,17:00,,0.8762323,0.17869861,1.8396322
20001_0310_1,11,44783486,2024-05-02,18,18:00,,1.0683279,0.36604658,2.0485272
20001_0310_1,11,44783486,2024-05-02,19,19:00,,0.7213871,0.0552607,1.681135
20001_0310_1,11,44783486,2024-05-02,20,20:00,,0.5440821,0.0,1.4353548
20001_0310_1,11,44783486,2024-05-02,21,21:00,,0.592106,0.0673123,1.3703493
20001_0310_1,11,44783486,2024-05-02,22,22:00,,0.759368,0.3317177,1.4437547
20001_0310_1,11,44783486,2024-05-02,23,23:00,,0.073520705,0.0,0.6388517
20001_0310_1,11,44783486,2024-05-03,0,00:00,,0.0,0.0,0.23685664
20001_0310_1,11,44783486,2024-05-03,1,01:00,,0.0,0.0,0.16836883
20001_0310_1,11,44783486,2024-05-03,2,02:00,,0.0,0.0,0.12583429
20001_0310_1,11,44783486,2024-05-03,3,03:00,,0.0,0.0,0.16332233
20001_0310_1,11,44783486,2024-05-03,4,04:00,,0.0047190296,0.0,0.2772284
20001_0310_1,11,44783486,2024-05-03,5,05:00,,0.032114144,0.0,0.37959957
20001_0310_1,11,44783486,2024-05-03,6,06:00,,0.29885608,0.06779992,0.70293415
20001_0310_1,11,44783486,2024-05-03,7,07:00,,0.15971772,0.0,0.6052489
20001_0310_1,11,44783486,2024-05-03,8,08:00,,0.14313649,0.0,0.61029536
20001_0310_1,11,44783486,2024-05-03,9,09:00,,0.19792673,0.0,0.70185274
20001_0310_1,11,44783486,2024-05-03,10,10:00,,0.24262401,0.0,0.7667359
20001_0310_1,11,44783486,2024-05-03,11,11:00,,0.3273326,0.0,0.8885721
20001_0310_1,11,44783486,2024-05-03,12,12:00,,0.3536463,0.006160885,0.9433623
20001_0310_1,11,44783486,2024-05-03,13,13:00,,0.34535572,0.0,0.9655308
20001_0310_1,11,44783486,2024-05-03,14,14:00,,0.4334887,0.0,1.1029568
20001_0310_1,11,44783486,2024-05-03,15,15:00,,0.7032946,0.18999657,1.4328699
20001_0310_1,11,44783486,2024-05-03,16,16:00,,0.9967107,0.40420112,1.7897273
20001_0310_1,11,44783486,2024-05-03,17,17:00,,0.8063867,0.14529924,1.6498679
20001_0310_1,11,44783486,2024-05-03,18,18:00,,1.2115461,0.52829015,2.0881898
20001_0310_1,11,44783486,2024-05-03,19,19:00,,0.8121541,0.15467125,1.6736586
20001_0310_1,11,44783486,2024-05-03,20,20:00,,0.613179,0.01300966,1.4216956
20001_0310_1,11,44783486,2024-05-03,21,21:00,,0.62903935,0.11105536,1.3359054
20001_0310_1,11,44783486,2024-05-03,22,22:00,,0.7970147,0.38122165,1.4134048
20001_0310_1,11,44783486,2024-05-03,23,23:00,,0.07681146,0.0,0.57460964
20001_0310_1,11,44783486,2024-05-04,0,00:00,,0.005208989,0.0,0.29100445
20001_0310_1,11,44783486,2024-05-04,1,01:00,,0.0037924293,0.0,0.20848854
20001_0310_1,11,44783486,2024-05-04,2,02:00,,0.0,0.0,0.15395014
20001_0310_1,11,44783486,2024-05-04,3,03:00,,0.0,0.0,0.18015689
20001_0310_1,11,44783486,2024-05-04,4,04:00,,0.0,0.0,0.24319483
20001_0310_1,11,44783486,2024-05-04,5,05:00,,0.057622544,0.0,0.36785406
20001_0310_1,11,44783486,2024-05-04,6,06:00,,0.3104825,0.09162054,0.6625031
20001_0310_1,11,44783486,2024-05-04,7,07:00,,0.2134466,0.0,0.5909658
20001_0310_1,11,44783486,2024-05-04,8,08:00,,0.18511495,0.0,0.56263405
20001_0310_1,11,44783486,2024-05-04,9,09:00,,0.22407097,0.0,0.620714
20001_0310_1,11,44783486,2024-05-04,10,10:00,,0.2368202,0.0,0.6455041
20001_0310_1,11,44783486,2024-05-04,11,11:00,,0.306941,0.009104628,0.7542268
20001_0310_1,11,44783486,2024-05-04,12,12:00,,0.3742287,0.059393283,0.8540959
20001_0310_1,11,44783486,2024-05-04,13,13:00,,0.3869779,0.033009432,0.91129035
20001_0310_1,11,44783486,2024-05-04,14,14:00,,0.4649785,0.04367807,1.0537012
20001_0310_1,11,44783486,2024-05-04,15,15:00,,0.66746116,0.1581999,1.341046
20001_0310_1,11,44783486,2024-05-04,16,16:00,,0.86649096,0.2736514,1.6194044
20001_0310_1,11,44783486,2024-05-04,17,17:00,,0.9259874,0.26090214,1.7476052
20001_0310_1,11,44783486,2024-05-04,18,18:00,,1.195138,0.5036688,2.053587
20001_0310_1,11,44783486,2024-05-04,19,19:00,,0.86719924,0.19715586,1.7171487
20001_0310_1,11,44783486,2024-05-04,20,20:00,,0.59309065,0.0,1.3994802
20001_0310_1,11,44783486,2024-05-04,21,21:00,,0.6097354,0.067538604,1.3282967
20001_0310_1,11,44783486,2024-05-04,22,22:00,,0.75387263,0.30552444,1.3962927
20001_0310_1,11,44783486,2024-05-04,23,23:00,,0.09728684,0.0,0.62992173
20001_0310_1,11,44783486,2024-05-05,0,00:00,,0.0,0.0,0.24108298
20001_0310_1,11,44783486,2024-05-05,1,01:00,,0.0,0.0,0.1795548
20001_0310_1,11,44783486,2024-05-05,2,02:00,,0.0,0.0,0.14750889
20001_0310_1,11,44783486,2024-05-05,3,03:00,,0.0,0.0,0.14558612
20001_0310_1,11,44783486,2024-05-05,4,04:00,,0.0,0.0,0.217369
20001_0310_1,11,44783486,2024-05-05,5,05:00,,0.027657133,0.0,0.31382728
20001_0310_1,11,44783486,2024-05-05,6,06:00,,0.30068842,0.104887806,0.6233909
20001_0310_1,11,44783486,2024-05-05,7,07:00,0.0,0.22185543,0.0039431313,0.5650673
20001_0310_1,11,44783486,2024-05-05,8,08:00,,0.13148594,0.0,0.4871957
20001_0310_1,11,44783486,2024-05-05,9,09:00,,0.24556944,0.0,0.62755686
20001_0310_1,11,44783486,2024-05-05,10,10:00,0.0,0.22249636,0.0,0.63332516
20001_0310_1,11,44783486,2024-05-05,11,11:00,,0.32280013,0.016761541,0.7691999
20001_0310_1,11,44783486,2024-05-05,12,12:00,,0.39618528,0.06859577,0.8864078
20001_0310_1,11,44783486,2024-05-05,13,13:00,,0.42839143,0.05970308,0.96596193
20001_0310_1,11,44783486,2024-05-05,14,14:00,,0.46580505,0.03799194,1.0698707
20001_0310_1,11,44783486,2024-05-05,15,15:00,,0.66473013,0.15327716,1.3402582
20001_0310_1,11,44783486,2024-05-05,16,16:00,,0.7486904,0.16289091,1.506897
20001_0310_1,11,44783486,2024-05-05,17,17:00,,0.80316854,0.15135442,1.6132896
20001_0310_1,11,44783486,2024-05-05,18,18:00,,1.0326174,0.35724965,1.8799119
20001_0310_1,11,44783486,2024-05-05,19,19:00,,0.79804116,0.15263623,1.6312354
20001_0310_1,11,44783486,2024-05-05,20,20:00,,0.52661216,0.0,1.3168647
20001_0310_1,11,44783486,2024-05-05,21,21:00,,0.55096704,0.049768783,1.2482864
20001_0310_1,11,44783486,2024-05-05,22,22:00,,0.73523116,0.3247228,1.3479493
20001_0310_1,11,44783486,2024-05-05,23,23:00,,0.123794906,0.0,0.62691593
20001_0310_1,11,44783486,2024-05-06,0,00:00,,0.0,0.0,0.22719574
20001_0310_1,11,44783486,2024-05-06,1,01:00,,0.0,0.0,0.17961164
20001_0310_1,11,44783486,2024-05-06,2,02:00,,0.012424307,0.007280058,0.18154071
20001_0310_1,11,44783486,2024-05-06,3,03:00,,0.0,0.0,0.15324754
20001_0310_1,11,44783486,2024-05-06,4,04:00,,0.0,0.0,0.20340371
20001_0310_1,11,44783486,2024-05-06,5,05:00,0.0,0.014996417,0.0,0.29728583
20001_0310_1,11,44783486,2024-05-06,6,06:00,0.0,0.21883637,0.05615022,0.54549474
20001_0310_1,11,44783486,2024-05-06,7,07:00,0.44526628653208417,0.10502039,0.0,0.4614188
20001_0310_1,11,44783486,2024-05-06,8,08:00,0.28310972452163696,0.09215981,0.0,0.4739578
20001_0310_1,11,44783486,2024-05-06,9,09:00,0.7651481628417969,0.21176305,0.0,0.6297314
20001_0310_1,11,44783486,2024-05-06,10,10:00,0.0,0.24584357,0.0,0.70753783
20001_0310_1,11,44783486,2024-05-06,11,11:00,1.164821982383728,0.34036872,0.0,0.84900415
20001_0310_1,11,44783486,2024-05-06,12,12:00,0.3901108105977376,0.47395784,0.054743625,1.0276453
20001_0310_1,11,44783486,2024-05-06,13,13:00,0.0,0.5866485,0.11080761,1.1853077
20001_0310_1,11,44783486,2024-05-06,14,14:00,0.0,0.7287578,0.19118623,1.3865757
20001_0310_1,11,44783486,2024-05-06,15,15:00,0.9395944277445475,0.9345268,0.32477534,1.6470021
20001_0310_1,11,44783486,2024-05-06,16,16:00,1.0591254234313965,1.1467263,0.47452062,1.9209324
20001_0310_1,11,44783486,2024-05-06,17,17:00,1.8316254615783691,1.164731,0.43806878,1.964658
20001_0310_1,11,44783486,2024-05-06,18,18:00,0.7415767669677734,1.3087693,0.57443094,2.1344173
20001_0310_1,11,44783486,2024-05-06,19,19:00,0.903003454208374,0.99882966,0.30243015,1.8026152
20001_0310_1,11,44783486,2024-05-06,20,20:00,0.523809552192688,0.73197293,0.098590165,1.5042499
20001_0310_1,11,44783486,2024-05-06,21,21:00,0.0,0.6136557,0.08315745,1.2836912
20001_0310_1,11,44783486,2024-05-06,22,22:00,2.470914125442505,0.68696094,0.2622408,1.2772608
20001_0310_1,11,44783486,2024-05-06,23,23:00,,0.09923313,0.0,0.5808613
20001_0310_1,11,44783486,2024-05-07,0,00:00,,0.0,0.0,0.26863253
20001_0310_1,11,44783486,2024-05-07,1,01:00,,0.0,0.0,0.21893644
20001_0310_1,11,44783486,2024-05-07,2,02:00,,0.014921125,0.0,0.2254754
20001_0310_1,11,44783486,2024-05-07,3,03:00,,0.0,0.0,0.2293988
20001_0310_1,11,44783486,2024-05-07,4,04:00,,0.0,0.0,0.2598049
20001_0310_1,11,44783486,2024-05-07,5,05:00,0.0,0.02538345,0.0,0.36181256
20001_0310_1,11,44783486,2024-05-07,6,06:00,0.3302651643753052,0.30950096,0.11594798,0.6881064
20001_0310_1,11,44783486,2024-05-07,7,07:00,0.0,0.11954438,0.0,0.51891094
20001_0310_1,11,44783486,2024-05-07,8,08:00,0.0,0.097965814,0.0,0.502727
20001_0310_1,11,44783486,2024-05-07,9,09:00,0.8693040211995443,0.19801182,0.0,0.6282749
20001_0310_1,11,44783486,2024-05-07,10,10:00,0.0,0.1849339,0.0,0.64789176
20001_0310_1,11,44783486,2024-05-07,11,11:00,0.0,0.30492368,0.0,0.7953452
20001_0310_1,11,44783486,2024-05-07,12,12:00,0.6952876448631287,0.33908972,0.0,0.85370535
20001_0310_1,11,44783486,2024-05-07,13,13:00,0.7628600597381592,0.39744988,0.020479273,0.94116384
20001_0310_1,11,44783486,2024-05-07,14,14:00,0.0,0.49103862,0.06649712,1.0682646
20001_0310_1,11,44783486,2024-05-07,15,15:00,0.5323129097620646,0.67797095,0.19801171,1.2926325
20001_0310_1,11,44783486,2024-05-07,16,16:00,0.7547429203987122,0.97091615,0.4267935,1.6352738
20001_0310_1,11,44783486,2024-05-07,17,17:00,1.1961616277694702,0.9669927,0.37423652,1.6653528
20001_0310_1,11,44783486,2024-05-07,18,18:00,0.402497132619222,1.2390132,0.6302367,1.9687603
20001_0310_1,11,44783486,2024-05-07,19,19:00,1.3343836466471355,0.83752143,0.24705392,1.5450361
20001_0310_1,11,44783486,2024-05-07,20,20:00,1.1838370164235432,0.59852266,0.046308085,1.2913247
20001_0310_1,11,44783486,2024-05-07,21,21:00,0.0,0.5049339,0.03780747,1.1075802
20001_0310_1,11,44783486,2024-05-07,22,22:00,1.0555555820465088,0.8048267,0.41673973,1.3567141
20001_0310_1,11,44783486,2024-05-07,23,23:00,,0.07115612,0.0,0.52169
20001_0310_1,11,44783486,2024-05-08,0,00:00,,0.0,0.0,0.23909721
20001_0310_1,11,44783486,2024-05-08,1,01:00,,0.0,0.0,0.1795242
20001_0310_1,11,44783486,2024-05-08,2,02:00,,0.0,0.0,0.1696865
20001_0310_1,11,44783486,2024-05-08,3,03:00,,0.0,0.0,0.19100158
20001_0310_1,11,44783486,2024-05-08,4,04:00,,0.0,0.0,0.2155959
20001_0310_1,11,44783486,2024-05-08,5,05:00,0.0,0.030318554,0.0,0.34184688
20001_0310_1,11,44783486,2024-05-08,6,06:00,0.0,0.30878115,0.11530568,0.6509158
20001_0310_1,11,44783486,2024-05-08,7,07:00,0.3391675353050232,0.17023303,0.0,0.53450257
20001_0310_1,11,44783486,2024-05-08,8,08:00,0.34524279832839966,0.11393931,0.0,0.48217124
20001_0310_1,11,44783486,2024-05-08,9,09:00,0.922034740447998,0.22707328,0.0,0.610745
20001_0310_1,11,44783486,2024-05-08,10,10:00,0.0,0.17405881,0.0,0.5845111
20001_0310_1,11,44783486,2024-05-08,11,11:00,0.0,0.3202585,0.024306607,0.7490199
20001_0310_1,11,44783486,2024-05-08,12,12:00,0.0,0.3434865,0.03168491,0.78919065
20001_0310_1,11,44783486,2024-05-08,13,13:00,0.0,0.3626154,0.017884756,0.8256723
20001_0310_1,11,44783486,2024-05-08,14,14:00,0.0,0.43646675,0.040122125,0.9309839
20001_0310_1,11,44783486,2024-05-08,15,15:00,0.0,0.6681318,0.21887517,1.1922646
20001_0310_1,11,44783486,2024-05-08,16,16:00,1.2276315689086914,1.0173714,0.5145537,1.5835876
20001_0310_1,11,44783486,2024-05-08,17,17:00,0.8969941139221191,1.0283022,0.4787554,1.625125
20001_0310_1,11,44783486,2024-05-08,18,18:00,0.6786314487457276,1.1704028,0.59762794,1.789087
20001_0310_1,11,44783486,2024-05-08,19,19:00,0.8978909254074097,0.8577816,0.2940246,1.4688143
20001_0310_1,11,44783486,2024-05-08,20,20:00,3.1621694564819336,0.61183816,0.07404185,1.2174054
20001_0310_1,11,44783486,2024-05-08,21,21:00,1.1689708232879639,0.48722678,0.019251123,1.0412825
20001_0310_1,11,44783486,2024-05-08,22,22:00,0.0,1.0326747,0.63533944,1.5529816
20001_0310_1,11,44783486,2024-05-08,23,23:00,,0.045621686,0.0,0.48668027
20001_0310_1,11,44783486,2024-05-09,0,00:00,,0.0,0.0,0.24752578
20001_0310_1,11,44783486,2024-05-09,1,01:00,,0.0,0.0,0.17063671
20001_0310_1,11,44783486,2024-05-09,2,02:00,,0.0,0.0,0.14173518
20001_0310_1,11,44783486,2024-05-09,3,03:00,,0.0,0.0,0.19681174
20001_0310_1,11,44783486,2024-05-09,4,04:00,,0.0,0.0,0.23280235
20001_0310_1,11,44783486,2024-05-09,5,05:00,0.0,0.01958514,0.0,0.30805546
20001_0310_1,11,44783486,2024-05-09,6,06:00,0.4307591915130615,0.21971484,0.046305455,0.5376321
20001_0310_1,11,44783486,2024-05-09,7,07:00,0.0,0.17172733,0.0,0.530543
20001_0310_1,11,44783486,2024-05-09,8,08:00,0.4094596803188324,0.12810233,0.0,0.5107755
20001_0310_1,11,44783486,2024-05-09,9,09:00,0.5436507860819498,0.23771018,0.0,0.65651023
20001_0310_1,11,44783486,2024-05-09,10,10:00,0.46299533049265545,0.117741406,0.0,0.5714415
20001_0310_1,11,44783486,2024-05-09,11,11:00,0.0,0.24207267,0.0,0.7301274
20001_0310_1,11,44783486,2024-05-09,12,12:00,0.38352271914482117,0.31023675,0.0029531098,0.82964706
20001_0310_1,11,44783486,2024-05-09,13,13:00,0.7768154939015707,0.3454094,0.0,0.89890164
20001_0310_1,11,44783486,2024-05-09,14,14:00,1.0555555820465088,0.30696484,0.0,0.8976747
20001_0310_1,11,44783486,2024-05-09,15,15:00,0.6647058725357056,0.65160245,0.17990704,1.291254
20001_0310_1,11,44783486,2024-05-09,16,16:00,0.35952380299568176,0.91171646,0.36401826,1.6020823
20001_0310_1,11,44783486,2024-05-09,17,17:00,2.7990646362304688,0.96406645,0.35958746,1.7024196
20001_0310_1,11,44783486,2024-05-09,18,18:00,2.4336814880371094,1.0316852,0.39694136,1.7994851
20001_0310_1,11,44783486,2024-05-09,19,19:00,1.6228011846542358,0.88445085,0.2606133,1.6511602
20001_0310_1,11,44783486,2024-05-09,20,20:00,0.6666666666666666,0.6336071,0.06321019,1.3763227
20001_0310_1,11,44783486,2024-05-09,21,21:00,0.0,0.54744774,0.06702734,1.2045493
20001_0310_1,11,44783486,2024-05-09,22,22:00,0.0,0.8670009,0.48378253,1.457029
20001_0310_1,11,44783486,2024-05-09,23,23:00,,0.039216407,0.0,0.521
20001_0310_1,11,44783486,2024-05-10,0,00:00,,0.0,0.0,0.15998963
20001_0310_1,11,44783486,2024-05-10,1,01:00,,0.0,0.0,0.1492687
20001_0310_1,11,44783486,2024-05-10,2,02:00,,0.0,0.0,0.123312704
20001_0310_1,11,44783486,2024-05-10,3,03:00,,0.0070749475,0.0,0.1904597
20001_0310_1,11,44783486,2024-05-10,4,04:00,,0.0,0.0,0.22487965
20001_0310_1,11,44783486,2024-05-10,5,05:00,0.0,0.035288006,0.0,0.32165036
20001_0310_1,11,44783486,2024-05-10,6,06:00,0.0,0.18820268,0.013281846,0.5157561
20001_0310_1,11,44783486,2024-05-10,7,07:00,0.28136727809906004,0.1345979,0.0,0.50108534
20001_0310_1,11,44783486,2024-05-10,8,08:00,0.0,0.15491128,0.0,0.55525434
20001_0310_1,11,44783486,2024-05-10,9,09:00,0.0,0.24237172,0.0,0.68531644
20001_0310_1,11,44783486,2024-05-10,10,10:00,0.0,0.1317766,0.0,0.6260691
20001_0310_1,11,44783486,2024-05-10,11,11:00,0.5098379453023275,0.21867275,0.0,0.7581061
20001_0310_1,11,44783486,2024-05-10,12,12:00,0.8091168403625488,0.3120579,0.0,0.89014316
20001_0310_1,11,44783486,2024-05-10,13,13:00,0.0,0.36368778,0.0,0.98000157
20001_0310_1,11,44783486,2024-05-10,14,14:00,0.0,0.3834369,0.0,1.0383321
20001_0310_1,11,44783486,2024-05-10,15,15:00,0.6989859938621521,0.6334044,0.08437863,1.3483229
20001_0310_1,11,44783486,2024-05-10,16,16:00,1.0227272510528564,0.8410524,0.20964459,1.6242464
20001_0310_1,11,44783486,2024-05-10,17,17:00,,0.9437479,0.24462877,1.7686971
20001_0310_1,11,44783486,2024-05-10,18,18:00,0.0,1.0712708,0.34873483,1.917662
20001_0310_1,11,44783486,2024-05-10,19,19:00,0.6372700532277426,0.9392338,0.24406445,1.7743398
20001_0310_1,11,44783486,2024-05-10,20,20:00,0.3333333333333333,0.665003,0.035288006,1.4560968
20001_0310_1,11,44783486,2024-05-10,21,21:00,0.0,0.5301447,0.00862665,1.2195303
20001_0310_1,11,44783486,2024-05-10,22,22:00,0.5573912858963013,0.6971659,0.28144678,1.3020535
20001_0310_1,11,44783486,2024-05-10,23,23:00,,0.036416534,0.0,0.5213987
20001_0310_1,11,44783486,2024-05-11,0,00:00,,0.0,0.0,0.2150353
20001_0310_1,11,44783486,2024-05-11,1,01:00,,0.0,0.0,0.1689066
20001_0310_1,11,44783486,2024-05-11,2,02:00,,0.0,0.0,0.13046601
20001_0310_1,11,44783486,2024-05-11,3,03:00,,0.0,0.0,0.16561173
20001_0310_1,11,44783486,2024-05-11,4,04:00,,0.0,0.0,0.19416755
20001_0310_1,11,44783486,2024-05-11,5,05:00,,0.01734092,0.0,0.27351987
20001_0310_1,11,44783486,2024-05-11,6,06:00,,0.14694056,0.0,0.43442118
20001_0310_1,11,44783486,2024-05-11,7,07:00,,0.100811884,0.0,0.4145144
20001_0310_1,11,44783486,2024-05-11,8,08:00,,0.08982885,0.0,0.42330083
20001_0310_1,11,44783486,2024-05-11,9,09:00,,0.18757774,0.0,0.5456242
20001_0310_1,11,44783486,2024-05-11,10,10:00,,0.06456791,0.0,0.45034653
20001_0310_1,11,44783486,2024-05-11,11,11:00,,0.17604557,0.0,0.5807699
20001_0310_1,11,44783486,2024-05-11,12,12:00,,0.28971985,0.011300258,0.73178643
20001_0310_1,11,44783486,2024-05-11,13,13:00,,0.29630968,0.0,0.77709144
20001_0310_1,11,44783486,2024-05-11,14,14:00,,0.26610637,0.0,0.7894473
20001_0310_1,11,44783486,2024-05-11,15,15:00,,0.48659047,0.032442532,1.0648465
20001_0310_1,11,44783486,2024-05-11,16,16:00,,0.5988919,0.06896113,1.2364563
20001_0310_1,11,44783486,2024-05-11,17,17:00,,0.7641864,0.17988968,1.4561167
20001_0310_1,11,44783486,2024-05-11,18,18:00,,0.82459295,0.21503527,1.548374
20001_0310_1,11,44783486,2024-05-11,19,19:00,,0.730139,0.13980162,1.4473304
20001_0310_1,11,44783486,2024-05-11,20,20:00,0.0,0.46675247,0.0,1.1577218
20001_0310_1,11,44783486,2024-05-11,21,21:00,,0.36440438,0.0,0.969912
20001_0310_1,11,44783486,2024-05-11,22,22:00,,0.67247814,0.29987916,1.2040564
20001_0310_1,11,44783486,2024-05-11,23,23:00,,0.048093382,0.0,0.47588208
20001_0310_1,11,44783486,2024-05-12,0,00:00,,0.0,0.0,0.17051247
20001_0310_1,11,44783486,2024-05-12,1,01:00,,0.0,0.0,0.1533019
20001_0310_1,11,44783486,2024-05-12,2,02:00,,0.0,0.0,0.097367406
20001_0310_1,11,44783486,2024-05-12,3,03:00,,0.0,0.0,0.13071294
20001_0310_1,11,44783486,2024-05-12,4,04:00,,0.0,0.0,0.17105033
20001_0310_1,11,44783486,2024-05-12,5,05:00,,0.0,0.0,0.23989277
20001_0310_1,11,44783486,2024-05-12,6,06:00,,0.18557177,0.010776559,0.46645424
20001_0310_1,11,44783486,2024-05-12,7,07:00,,0.08015679,0.0,0.39909086
20001_0310_1,11,44783486,2024-05-12,8,08:00,,0.06617318,0.0,0.40863737
20001_0310_1,11,44783486,2024-05-12,9,09:00,,0.22967397,0.0,0.5905588
20001_0310_1,11,44783486,2024-05-12,10,10:00,,0.097367406,0.0,0.4762697
20001_0310_1,11,44783486,2024-05-12,11,11:00,,0.22698478,0.0,0.6196018
20001_0310_1,11,44783486,2024-05-12,12,12:00,,0.34799686,0.07504737,0.76454735
20001_0310_1,11,44783486,2024-05-12,13,13:00,,0.3213742,0.016020406,0.7732871
20001_0310_1,11,44783486,2024-05-12,14,14:00,,0.31922287,0.0,0.8210196
20001_0310_1,11,44783486,2024-05-12,15,15:00,,0.5765753,0.14953709,1.1337687
20001_0310_1,11,44783486,2024-05-12,16,16:00,,0.6040047,0.102207884,1.2305784
20001_0310_1,11,44783486,2024-05-12,17,17:00,,0.80945635,0.24554008,1.4881998
20001_0310_1,11,44783486,2024-05-12,18,18:00,,0.88367707,0.2920624,1.6000687
20001_0310_1,11,44783486,2024-05-12,19,19:00,,0.8331209,0.25683445,1.5430585
20001_0310_1,11,44783486,2024-05-12,20,20:00,,0.49670726,0.0,1.1716859
20001_0310_1,11,44783486,2024-05-12,21,21:00,,0.37932554,0.0,0.95709103
20001_0310_1,11,44783486,2024-05-12,22,22:00,,0.8191373,0.4550254,1.324699
20001_0310_1,11,44783486,2024-05-12,23,23:00,,0.054340884,0.0,0.46282387
20001_0310_1,11,44783486,2024-05-13,0,00:00,,0.0,0.0,0.19740443
20001_0310_1,11,44783486,2024-05-13,1,01:00,,0.0,0.0,0.14740348
20001_0310_1,11,44783486,2024-05-13,2,02:00,,0.0,0.0,0.10761781
20001_0310_1,11,44783486,2024-05-13,3,03:00,,0.0,0.0,0.12482244
20001_0310_1,11,44783486,2024-05-13,4,04:00,,0.0,0.0,0.15170467
20001_0310_1,11,44783486,2024-05-13,5,05:00,0.0,0.024820477,0.0,0.26568532
20001_0310_1,11,44783486,2024-05-13,6,06:00,0.0,0.16998456,0.0,0.44902223
20001_0310_1,11,44783486,2024-05-13,7,07:00,0.33852496147155764,0.121596545,0.0,0.43289292
20001_0310_1,11,44783486,2024-05-13,8,08:00,0.306640625,0.15009171,0.0,0.4839691
20001_0310_1,11,44783486,2024-05-13,9,09:00,0.0,0.25009364,0.012992291,0.608165
20001_0310_1,11,44783486,2024-05-13,10,10:00,0.0,0.10869306,0.0,0.4910929
20001_0310_1,11,44783486,2024-05-13,11,11:00,0.5936965942382812,0.27536297,0.0060029407,0.6845107
20001_0310_1,11,44783486,2024-05-13,12,12:00,0.0,0.38443762,0.09538636,0.8341104
20001_0310_1,11,44783486,2024-05-13,13,13:00,0.0,0.40856445,0.07421663,0.907566
20001_0310_1,11,44783486,2024-05-13,14,14:00,0.0,0.42711318,0.041823514,0.98807836
20001_0310_1,11,44783486,2024-05-13,15,15:00,2.0717949867248535,0.7178446,0.26084653,1.337749
20001_0310_1,11,44783486,2024-05-13,16,16:00,0.8502976298332214,0.8463418,0.32220525,1.5291506
20001_0310_1,11,44783486,2024-05-13,17,17:00,2.9986727237701416,0.9398919,0.3562785,1.6721642
20001_0310_1,11,44783486,2024-05-13,18,18:00,2.992743492126465,0.91731083,0.31272927,1.67539
20001_0310_1,11,44783486,2024-05-13,19,19:00,1.386831521987915,0.86569697,0.28342763,1.611948
20001_0310_1,11,44783486,2024-05-13,20,20:00,0.4753086566925049,0.6060145,0.076972,1.306028
20001_0310_1,11,44783486,2024-05-13,21,21:00,0.5660714507102966,0.42664275,0.0,1.0324341
20001_0310_1,11,44783486,2024-05-13,22,22:00,1.3333333730697632,0.6936506,0.33100912,1.2162415
20001_0310_1,11,44783486,2024-05-13,23,23:00,,0.08396141,0.0,0.49794796
20001_0310_1,11,44783486,2024-05-14,0,00:00,,0.0,0.0,0.20335422
20001_0310_1,11,44783486,2024-05-14,1,01:00,,0.0051937047,0.0,0.1923774
20001_0310_1,11,44783486,2024-05-14,2,02:00,,0.0,0.0,0.15078104
20001_0310_1,11,44783486,2024-05-14,3,03:00,,0.0,0.0,0.16695741
20001_0310_1,11,44783486,2024-05-14,4,04:00,,0.0,0.0,0.18486698
20001_0310_1,11,44783486,2024-05-14,5,05:00,0.0,0.025991898,0.0,0.273837
20001_0310_1,11,44783486,2024-05-14,6,06:00,0.0,0.17331241,0.0,0.45379907
20001_0310_1,11,44783486,2024-05-14,7,07:00,0.37254902720451355,0.1288274,0.0,0.43430087
20001_0310_1,11,44783486,2024-05-14,8,08:00,0.3499999940395355,0.13576011,0.0,0.4711309
20001_0310_1,11,44783486,2024-05-14,9,09:00,0.0,0.24495064,0.013859659,0.6187404
20001_0310_1,11,44783486,2024-05-14,10,10:00,0.0,0.08029828,0.0,0.49279568
20001_0310_1,11,44783486,2024-05-14,11,11:00,0.6766917109489441,0.19526605,0.0,0.6464713
20001_0310_1,11,44783486,2024-05-14,12,12:00,0.777251660823822,0.26863745,0.0,0.7686606
20001_0310_1,11,44783486,2024-05-14,13,13:00,0.39037036895751953,0.30474544,0.0,0.84896475
20001_0310_1,11,44783486,2024-05-14,14,14:00,0.4350498119990031,0.3281434,0.0,0.94790053
20001_0310_1,11,44783486,2024-05-14,15,15:00,1.2373913129170735,0.58927625,0.09820785,1.2825491
20001_0310_1,11,44783486,2024-05-14,16,16:00,1.5115975141525269,0.7816595,0.19815466,1.5673687
20001_0310_1,11,44783486,2024-05-14,17,17:00,1.3869145393371582,1.0300823,0.38158333,1.8758755
20001_0310_1,11,44783486,2024-05-14,18,18:00,0.5776594877243042,0.9503559,0.26863733,1.8365898
20001_0310_1,11,44783486,2024-05-14,19,19:00,0.865034282207489,0.87756217,0.22357455,1.7360651
20001_0310_1,11,44783486,2024-05-14,20,20:00,0.7841874758402506,0.62105125,0.028302815,1.4344914
20001_0310_1,11,44783486,2024-05-14,21,21:00,0.0,0.42404616,0.0,1.1228796
20001_0310_1,11,44783486,2024-05-14,22,22:00,0.0,0.6476267,0.23455155,1.2548183
20001_0310_1,11,44783486,2024-05-14,23,23:00,,0.05950009,0.0,0.54103595
20001_0310_1,11,44783486,2024-05-15,0,00:00,,0.0,0.0,0.15782408
20001_0310_1,11,44783486,2024-05-15,1,01:00,,0.0,0.0,0.12402668
20001_0310_1,11,44783486,2024-05-15,2,02:00,,0.0,0.0,0.12293646
20001_0310_1,11,44783486,2024-05-15,3,03:00,,0.0,0.0,0.15836918
20001_0310_1,11,44783486,2024-05-15,4,04:00,,0.0,0.0,0.1905312
20001_0310_1,11,44783486,2024-05-15,5,05:00,0.2933333218097687,0.008461551,0.0,0.26466733
20001_0310_1,11,44783486,2024-05-15,6,06:00,0.5598958333333334,0.17308739,0.0,0.45845702
20001_0310_1,11,44783486,2024-05-15,7,07:00,0.528070330619812,0.15237288,0.0,0.46077374
20001_0310_1,11,44783486,2024-05-15,8,08:00,0.0,0.14474122,0.0,0.47753617
20001_0310_1,11,44783486,2024-05-15,9,09:00,0.0,0.23305044,0.0,0.6026408
20001_0310_1,11,44783486,2024-05-15,10,10:00,0.0,0.0858684,0.0,0.50451946
20001_0310_1,11,44783486,2024-05-15,11,11:00,0.0,0.2603064,0.0,0.7217492
20001_0310_1,11,44783486,2024-05-15,12,12:00,0.0,0.35324907,0.013163192,0.8602775
20001_0310_1,11,44783486,2024-05-15,13,13:00,0.0,0.37641665,0.0,0.92889434
20001_0310_1,11,44783486,2024-05-15,14,14:00,0.0,0.36871684,0.0,0.96739346
20001_0310_1,11,44783486,2024-05-15,15,15:00,1.3517045974731445,0.695311,0.17581296,1.3565401
20001_0310_1,11,44783486,2024-05-15,16,16:00,0.9283274014790853,0.855576,0.26303208,1.5773132
20001_0310_1,11,44783486,2024-05-15,17,17:00,0.6378320455551147,1.1532108,0.502339,1.9229183
20001_0310_1,11,44783486,2024-05-15,18,18:00,1.202380657196045,1.0965184,0.42588618,1.8814894
20001_0310_1,11,44783486,2024-05-15,19,19:00,1.8891632080078125,0.98749465,0.34159726,1.7506608
20001_0310_1,11,44783486,2024-05-15,20,20:00,0.0,0.6533369,0.07987212,1.3805252
20001_0310_1,11,44783486,2024-05-15,21,21:00,0.6546183228492737,0.39386046,0.0,1.0212963
20001_0310_1,11,44783486,2024-05-15,22,22:00,0.0,0.65224665,0.26766548,1.1957301
20001_0310_1,11,44783486,2024-05-15,23,23:00,,0.03462725,0.0,0.47453797
20001_0310_1,11,44783486,2024-05-16,0,00:00,,0.0,0.0,0.1439473
20001_0310_1,11,44783486,2024-05-16,1,01:00,,0.0,0.0,0.11830344
20001_0310_1,11,44783486,2024-05-16,2,02:00,,0.0,0.0,0.10629993
20001_0310_1,11,44783486,2024-05-16,3,03:00,,0.0015420471,0.0,0.15595078
20001_0310_1,11,44783486,2024-05-16,4,04:00,,0.0,0.0,0.17504731
20001_0310_1,11,44783486,2024-05-16,5,05:00,0.0,0.065924495,0.0,0.29071742
20001_0310_1,11,44783486,2024-05-16,6,06:00,1.3473925590515137,0.23179114,0.026094697,0.47458932
20001_0310_1,11,44783486,2024-05-16,7,07:00,0.0,0.23779288,0.03209643,0.51250947
20001_0310_1,11,44783486,2024-05-16,8,08:00,0.2640541553497314,0.13085255,0.0,0.43012178
20001_0310_1,11,44783486,2024-05-16,9,09:00,0.0,0.16140693,0.0,0.49614108
20001_0310_1,11,44783486,2024-05-16,10,10:00,0.0,0.08120169,0.0,0.44894543
20001_0310_1,11,44783486,2024-05-16,11,11:00,0.0,0.2607087,0.0,0.6606437
20001_0310_1,11,44783486,2024-05-16,12,12:00,0.0,0.22742623,0.0,0.66991913
20001_0310_1,11,44783486,2024-05-16,13,13:00,0.0,0.22360691,0.0,0.70156467
20001_0310_1,11,44783486,2024-05-16,14,14:00,0.33974358439445496,0.24434024,0.0,0.77685946
20001_0310_1,11,44783486,2024-05-16,15,15:00,1.586776852607727,0.7697664,0.31472442,1.3688505
20001_0310_1,11,44783486,2024-05-16,16,16:00,1.540562391281128,0.9443629,0.40781987,1.6220152
20001_0310_1,11,44783486,2024-05-16,17,17:00,0.6651513576507568,1.2029839,0.59626126,1.9253768
20001_0310_1,11,44783486,2024-05-16,18,18:00,0.971960186958313,1.1396927,0.5215121,1.8729976
20001_0310_1,11,44783486,2024-05-16,19,19:00,0.2296832005182902,0.9410893,0.35469082,1.6525699
20001_0310_1,11,44783486,2024-05-16,20,20:00,2.4537037213643393,0.5531577,0.04191743,1.2138962
20001_0310_1,11,44783486,2024-05-16,21,21:00,0.0,0.33054724,0.0,0.88952875
20001_0310_1,11,44783486,2024-05-16,22,22:00,0.0,0.6311805,0.30326656,1.1096839
20001_0310_1,11,44783486,2024-05-16,23,23:00,,0.0,0.0,0.36314768
20001_0310_1,11,44783486,2024-05-17,0,00:00,,0.0,0.0,0.15974645
20001_0310_1,11,44783486,2024-05-17,1,01:00,,0.0,0.0,0.08295445
20001_0310_1,11,44783486,2024-05-17,2,02:00,,0.0,0.0,0.085180275
20001_0310_1,11,44783486,2024-05-17,3,03:00,,0.0,0.0,0.14360897
20001_0310_1,11,44783486,2024-05-17,4,04:00,,0.0,0.0,0.19536014
20001_0310_1,11,44783486,2024-05-17,5,05:00,0.0,0.054018322,0.0,0.29580185
20001_0310_1,11,44783486,2024-05-17,6,06:00,0.33864468336105347,0.21650575,0.038437344,0.48806015
20001_0310_1,11,44783486,2024-05-17,7,07:00,0.0,0.17644036,0.00059778243,0.48472133
20001_0310_1,11,44783486,2024-05-17,8,08:00,0.0,0.13359265,0.0,0.4555069
20001_0310_1,11,44783486,2024-05-17,9,09:00,0.0,0.113003485,0.0,0.4680274
20001_0310_1,11,44783486,2024-05-17,10,10:00,0.0,0.03287269,0.0,0.4162763
20001_0310_1,11,44783486,2024-05-17,11,11:00,0.4787878592809041,0.22596562,0.0,0.65889454
20001_0310_1,11,44783486,2024-05-17,12,12:00,0.0,0.26185757,0.01784816,0.7457029
20001_0310_1,11,44783486,2024-05-17,13,13:00,2.2734484672546387,0.22707857,0.0,0.7827077
20001_0310_1,11,44783486,2024-05-17,14,14:00,0.45454545815785724,0.29830593,0.0,0.9259972
20001_0310_1,11,44783486,2024-05-17,15,15:00,1.7629280090332031,0.7507111,0.3002536,1.4640976
20001_0310_1,11,44783486,2024-05-17,16,16:00,0.0,0.8519874,0.31527808,1.662199
20001_0310_1,11,44783486,2024-05-17,17,17:00,0.8301590283711752,0.99110353,0.37892374,1.8747681
20001_0310_1,11,44783486,2024-05-17,18,18:00,0.8342998822530111,0.937683,0.2977495,1.8480577
20001_0310_1,11,44783486,2024-05-17,19,19:00,1.3164324760437012,0.8208255,0.20537652,1.7056031
20001_0310_1,11,44783486,2024-05-17,20,20:00,0.5666666507720948,0.4933465,0.0,1.3102355
20001_0310_1,11,44783486,2024-05-17,21,21:00,0.0,0.30832228,0.0,0.99778104
20001_0310_1,11,44783486,2024-05-17,22,22:00,0.0,0.49557236,0.1747709,1.066226
20001_0310_1,11,44783486,2024-05-17,23,23:00,,0.0072753504,0.0,0.45828924
20001_0310_1,11,44783486,2024-05-18,0,00:00,,0.0,0.0,0.16828547
20001_0310_1,11,44783486,2024-05-18,1,01:00,,0.0,0.0,0.117557615
20001_0310_1,11,44783486,2024-05-18,2,02:00,,0.0,0.0,0.11361208
20001_0310_1,11,44783486,2024-05-18,3,03:00,,0.0,0.0,0.15701261
20001_0310_1,11,44783486,2024-05-18,4,04:00,,0.0,0.0,0.22408617
20001_0310_1,11,44783486,2024-05-18,5,05:00,,0.0392112,0.0,0.3152554
20001_0310_1,11,44783486,2024-05-18,6,06:00,,0.17674014,0.01271999,0.4940712
20001_0310_1,11,44783486,2024-05-18,7,07:00,,0.14912161,0.0,0.5042168
20001_0310_1,11,44783486,2024-05-18,8,08:00,,0.10684838,0.0,0.47518915
20001_0310_1,11,44783486,2024-05-18,9,09:00,,0.13277596,0.0,0.5346535
20001_0310_1,11,44783486,2024-05-18,10,10:00,,0.06739335,0.0,0.48928025
20001_0310_1,11,44783486,2024-05-18,11,11:00,,0.17786741,0.0,0.64400023
20001_0310_1,11,44783486,2024-05-18,12,12:00,,0.24719551,0.017792733,0.75278336
20001_0310_1,11,44783486,2024-05-18,13,13:00,,0.24212272,0.0,0.8136568
20001_0310_1,11,44783486,2024-05-18,14,14:00,,0.27425042,0.0,0.90778524
20001_0310_1,11,44783486,2024-05-18,15,15:00,,0.66880053,0.22464977,1.3913909
20001_0310_1,11,44783486,2024-05-18,16,16:00,0.0,0.706001,0.16208541,1.5125743
20001_0310_1,11,44783486,2024-05-18,17,17:00,,0.82154787,0.19139487,1.7098494
20001_0310_1,11,44783486,2024-05-18,18,18:00,,0.88467586,0.22690433,1.8113052
20001_0310_1,11,44783486,2024-05-18,19,19:00,,0.86213017,0.23479544,1.7650864
20001_0310_1,11,44783486,2024-05-18,20,20:00,,0.53155345,0.0,1.351936
20001_0310_1,11,44783486,2024-05-18,21,21:00,,0.33427837,0.0,1.0120591
20001_0310_1,11,44783486,2024-05-18,22,22:00,,0.42277035,0.1057211,0.9664041
20001_0310_1,11,44783486,2024-05-18,23,23:00,,0.030192915,0.0,0.4551798
20001_0310_1,11,44783486,2024-05-19,0,00:00,,0.0,0.0,0.23103894
20001_0310_1,11,44783486,2024-05-19,1,01:00,,0.0,0.0,0.17978384
20001_0310_1,11,44783486,2024-05-19,2,02:00,,0.0,0.0,0.1691407
20001_0310_1,11,44783486,2024-05-19,3,03:00,,0.0,0.0,0.20443109
20001_0310_1,11,44783486,2024-05-19,4,04:00,,0.0,0.0,0.26576927
20001_0310_1,11,44783486,2024-05-19,5,05:00,,0.025738308,0.0,0.3736011
20001_0310_1,11,44783486,2024-05-19,6,06:00,,0.14561373,0.0,0.53716946
20001_0310_1,11,44783486,2024-05-19,7,07:00,,0.10864282,0.0,0.52792674
20001_0310_1,11,44783486,2024-05-19,8,08:00,,0.09855983,0.0,0.52316535
20001_0310_1,11,44783486,2024-05-19,9,09:00,,0.1265681,0.0,0.56517774
20001_0310_1,11,44783486,2024-05-19,10,10:00,,0.08511585,0.0,0.54109067
20001_0310_1,11,44783486,2024-05-19,11,11:00,,0.18650582,0.0,0.6889744
20001_0310_1,11,44783486,2024-05-19,12,12:00,,0.2786531,0.0013711201,0.83041614
20001_0310_1,11,44783486,2024-05-19,13,13:00,,0.30890203,0.0,0.9199027
20001_0310_1,11,44783486,2024-05-19,14,14:00,,0.3471333,0.0,1.026054
20001_0310_1,11,44783486,2024-05-19,15,15:00,,0.63687897,0.14673404,1.3891813
20001_0310_1,11,44783486,2024-05-19,16,16:00,,0.61895365,0.04086279,1.4502393
20001_0310_1,11,44783486,2024-05-19,17,17:00,,0.7662772,0.104721665,1.6614217
20001_0310_1,11,44783486,2024-05-19,18,18:00,,0.94665056,0.24840416,1.875405
20001_0310_1,11,44783486,2024-05-19,19,19:00,,0.8592647,0.1865058,1.767853
20001_0310_1,11,44783486,2024-05-19,20,20:00,,0.55733544,0.0,1.3942229
20001_0310_1,11,44783486,2024-05-19,21,21:00,,0.37878266,0.0,1.0773442
20001_0310_1,11,44783486,2024-05-19,22,22:00,,0.39964885,0.07769363,0.98348147
20001_0310_1,11,44783486,2024-05-19,23,23:00,,0.06719056,0.0,0.5399703
20001_0310_1,11,44783486,2024-05-20,0,00:00,,0.0,0.0,0.26152986
20001_0310_1,11,44783486,2024-05-20,1,01:00,,0.0,0.0,0.2133719
20001_0310_1,11,44783486,2024-05-20,2,02:00,,0.0,0.0,0.1904129
20001_0310_1,11,44783486,2024-05-20,3,03:00,,0.0,0.0,0.20777215
20001_0310_1,11,44783486,2024-05-20,4,04:00,,0.0,0.0,0.25397015
20001_0310_1,11,44783486,2024-05-20,5,05:00,0.0,0.0073007457,0.0,0.34818608
20001_0310_1,11,44783486,2024-05-20,6,06:00,0.939208984375,0.09801686,0.0,0.48496026
20001_0310_1,11,44783486,2024-05-20,7,07:00,0.0,0.0901772,0.0,0.5048394
20001_0310_1,11,44783486,2024-05-20,8,08:00,0.0,0.11593608,0.0,0.5454377
20001_0310_1,11,44783486,2024-05-20,9,09:00,0.0,0.16129413,0.0,0.6042351
20001_0310_1,11,44783486,2024-05-20,10,10:00,0.0,0.18145327,0.0,0.64287347
20001_0310_1,11,44783486,2024-05-20,11,11:00,0.0,0.2665696,0.0,0.76242834
20001_0310_1,11,44783486,2024-05-20,12,12:00,0.0,0.28896868,0.0,0.8388651
20001_0310_1,11,44783486,2024-05-20,13,13:00,1.7922931909561157,0.29372844,0.0,0.9032623
20001_0310_1,11,44783486,2024-05-20,14,14:00,1.027314821879069,0.4049537,0.0,1.094774
20001_0310_1,11,44783486,2024-05-20,15,15:00,0.0,0.7890272,0.23745087,1.5427549
20001_0310_1,11,44783486,2024-05-20,16,16:00,1.1889803409576416,0.9144618,0.2772092,1.7342668
20001_0310_1,11,44783486,2024-05-20,17,17:00,0.7530657450358073,1.1171732,0.41590828,1.9907355
20001_0310_1,11,44783486,2024-05-20,18,18:00,1.1240142981211345,1.1731707,0.44898182,2.078092
20001_0310_1,11,44783486,2024-05-20,19,19:00,0.2,0.9939784,0.30226797,1.8720206
20001_0310_1,11,44783486,2024-05-20,20,20:00,0.48148147265116376,0.69495124,0.103616625,1.5080364
20001_0310_1,11,44783486,2024-05-20,21,21:00,0.3333333333333333,0.443662,0.0,1.1248727
20001_0310_1,11,44783486,2024-05-20,22,22:00,1.2608696222305298,0.3697452,0.039499328,0.9528202
20001_0310_1,11,44783486,2024-05-20,23,23:00,,0.102496654,0.0,0.58071613
20001_0310_1,11,44783486,2024-05-21,0,00:00,,0.0020606457,0.0,0.279277
20001_0310_1,11,44783486,2024-05-21,1,01:00,,0.0077239005,0.0,0.23425412
20001_0310_1,11,44783486,2024-05-21,2,02:00,,0.0020606583,0.0,0.22406027
20001_0310_1,11,44783486,2024-05-21,3,03:00,,0.0,0.0,0.2458638
20001_0310_1,11,44783486,2024-05-21,4,04:00,,0.0,0.0,0.29626676
20001_0310_1,11,44783486,2024-05-21,5,05:00,0.0,0.04623405,0.0,0.40245283
20001_0310_1,11,44783486,2024-05-21,6,06:00,0.0,0.11022884,0.0,0.52024853
20001_0310_1,11,44783486,2024-05-21,7,07:00,0.45204110940297443,0.11532576,0.0,0.5587586
20001_0310_1,11,44783486,2024-05-21,8,08:00,0.0,0.11079515,0.0,0.55989134
20001_0310_1,11,44783486,2024-05-21,9,09:00,0.0,0.12155534,0.0,0.5848096
20001_0310_1,11,44783486,2024-05-21,10,10:00,0.0,0.12042268,0.0,0.6102942
20001_0310_1,11,44783486,2024-05-21,11,11:00,0.6768518288930258,0.1764889,0.0,0.7150645
20001_0310_1,11,44783486,2024-05-21,12,12:00,0.0,0.25067756,0.0,0.84843415
20001_0310_1,11,44783486,2024-05-21,13,13:00,0.303846150636673,0.32005244,0.0,0.9789721
20001_0310_1,11,44783486,2024-05-21,14,14:00,0.0,0.42779586,0.0,1.1594886
20001_0310_1,11,44783486,2024-05-21,15,15:00,0.0,0.6374779,0.11985635,1.4337317
20001_0310_1,11,44783486,2024-05-21,16,16:00,1.2456140518188477,0.75527364,0.15326959,1.6228845
20001_0310_1,11,44783486,2024-05-21,17,17:00,0.0,0.85268164,0.18441749,1.7689965
20001_0310_1,11,44783486,2024-05-21,18,18:00,0.9166428446769714,0.8877938,0.18611646,1.8414862
20001_0310_1,11,44783486,2024-05-21,19,19:00,1.833333396911621,0.7949164,0.13231546,1.7270885
20001_0310_1,11,44783486,2024-05-21,20,20:00,0.6371194124221802,0.5791464,0.017351475,1.4399613
20001_0310_1,11,44783486,2024-05-21,21,21:00,,0.33293635,0.0,1.0589303
20001_0310_1,11,44783486,2024-05-21,22,22:00,0.0,0.19008073,0.0,0.8096409
20001_0310_1,11,44783486,2024-05-21,23,23:00,,0.039438143,0.0,0.53667194
20001_0310_1,11,44783486,2024-05-22,0,00:00,,0.0,0.0,0.23417725
20001_0310_1,11,44783486,2024-05-22,1,01:00,,0.0,0.0,0.18838972
20001_0310_1,11,44783486,2024-05-22,2,02:00,,0.0,0.0,0.18228474
20001_0310_1,11,44783486,2024-05-22,3,03:00,,0.0,0.0,0.21502972
20001_0310_1,11,44783486,2024-05-22,4,04:00,,0.0,0.0,0.26664475
20001_0310_1,11,44783486,2024-05-22,5,05:00,0.0,0.034099687,0.0,0.37306604
20001_0310_1,11,44783486,2024-05-22,6,06:00,0.6211866736412048,0.0962597,0.0,0.5008548
20001_0310_1,11,44783486,2024-05-22,7,07:00,0.0,0.0784997,0.0,0.5252749
20001_0310_1,11,44783486,2024-05-22,8,08:00,0.0,0.052969687,0.0,0.5069598
20001_0310_1,11,44783486,2024-05-22,9,09:00,0.0,0.056299683,0.0,0.5194473
20001_0310_1,11,44783486,2024-05-22,10,10:00,1.2794613043467205,0.046309687,0.0,0.53248984
20001_0310_1,11,44783486,2024-05-22,11,11:00,0.0,0.0895997,0.0,0.6174049
20001_0310_1,11,44783486,2024-05-22,12,12:00,0.4264032443364461,0.16563472,0.0,0.74949485
20001_0310_1,11,44783486,2024-05-22,13,13:00,0.0,0.25915226,0.0,0.89545995
20001_0310_1,11,44783486,2024-05-22,14,14:00,0.0,0.34940913,0.0,1.0495418
20001_0310_1,11,44783486,2024-05-22,15,15:00,0.0,0.5422023,0.045477193,1.3003325
20001_0310_1,11,44783486,2024-05-22,16,16:00,0.0,0.6584748,0.05352465,1.4920849
20001_0310_1,11,44783486,2024-05-22,17,17:00,1.212020715077718,0.75226986,0.06850968,1.6447101
20001_0310_1,11,44783486,2024-05-22,18,18:00,2.127879778544108,0.8532799,0.12511979,1.7978903
20001_0310_1,11,44783486,2024-05-22,19,19:00,0.0,0.8188698,0.13399965,1.73462
20001_0310_1,11,44783486,2024-05-22,20,20:00,0.0,0.6046399,0.032989737,1.4526801
20001_0310_1,11,44783486,2024-05-22,21,21:00,0.39393937587738037,0.337546,0.0,1.0393437
20001_0310_1,11,44783486,2024-05-22,22,22:00,0.6428571343421936,0.14398971,0.0,0.72895986
20001_0310_1,11,44783486,2024-05-22,23,23:00,,0.016339691,0.0,0.47143978
20001_0310_1,11,44783486,2024-05-23,0,00:00,,0.0,0.0,0.21560967
20001_0310_1,11,44783486,2024-05-23,1,01:00,,0.0,0.0,0.18401745
20001_0310_1,11,44783486,2024-05-23,2,02:00,,0.0,0.0,0.1722752
20001_0310_1,11,44783486,2024-05-23,3,03:00,,0.0,0.0,0.19352308
20001_0310_1,11,44783486,2024-05-23,4,04:00,,0.0,0.0,0.243847
20001_0310_1,11,44783486,2024-05-23,5,05:00,0.0,0.035282295,0.0,0.3637857
20001_0310_1,11,44783486,2024-05-23,6,06:00,0.847608725229899,0.120273806,0.0,0.51168215
20001_0310_1,11,44783486,2024-05-23,7,07:00,0.29499619007110595,0.06435834,0.0,0.5016173
20001_0310_1,11,44783486,2024-05-23,8,08:00,0.0,0.028572436,0.0,0.47869197
20001_0310_1,11,44783486,2024-05-23,9,09:00,0.47995150089263916,0.05317525,0.0,0.52901596
20001_0310_1,11,44783486,2024-05-23,10,10:00,0.3921983639399211,0.06771327,0.0,0.57430744
20001_0310_1,11,44783486,2024-05-23,11,11:00,0.2899305522441864,0.10629494,0.0,0.66600883
20001_0310_1,11,44783486,2024-05-23,12,12:00,0.0,0.1610921,0.0,0.7756032
20001_0310_1,11,44783486,2024-05-23,13,13:00,0.0,0.26677233,0.0,0.92503726
20001_0310_1,11,44783486,2024-05-23,14,14:00,0.46735044320424396,0.33443007,0.0,1.0427393
20001_0310_1,11,44783486,2024-05-23,15,15:00,1.6856635411580403,0.5351666,0.06883158,1.2978537
20001_0310_1,11,44783486,2024-05-23,16,16:00,1.470749855041504,0.5754258,0.015711904,1.411362
20001_0310_1,11,44783486,2024-05-23,17,17:00,1.4667762756347655,0.6688046,0.029690698,1.5623336
20001_0310_1,11,44783486,2024-05-23,18,18:00,0.2514788627624512,0.832637,0.1577372,1.765307
20001_0310_1,11,44783486,2024-05-23,19,19:00,0.6625000238418579,0.73646235,0.10126255,1.643411
20001_0310_1,11,44783486,2024-05-23,20,20:00,1.2083333730697632,0.49043423,0.0,1.3165853
20001_0310_1,11,44783486,2024-05-23,21,21:00,0.0,0.29137516,0.0,0.9725654
20001_0310_1,11,44783486,2024-05-23,22,22:00,1.0,0.1538231,0.0,0.7196877
20001_0310_1,11,44783486,2024-05-23,23,23:00,,0.009561178,0.0,0.45688495
20001_0310_1,11,44783486,2024-05-24,0,00:00,,0.0,0.0,0.23763192
20001_0310_1,11,44783486,2024-05-24,1,01:00,,0.0,0.0,0.2062009
20001_0310_1,11,44783486,2024-05-24,2,02:00,,0.0,0.0,0.19253525
20001_0310_1,11,44783486,2024-05-24,3,03:00,,0.0,0.0,0.23407885
20001_0310_1,11,44783486,2024-05-24,4,04:00,,0.0,0.0,0.27753565
20001_0310_1,11,44783486,2024-05-24,5,05:00,0.0,0.019801294,0.0,0.39205384
20001_0310_1,11,44783486,2024-05-24,6,06:00,0.951018492380778,0.11983393,0.0,0.5500289
20001_0310_1,11,44783486,2024-05-24,7,07:00,0.7964580059051514,0.08539647,0.0,0.5456559
20001_0310_1,11,44783486,2024-05-24,8,08:00,0.0,0.04822587,0.0,0.5183246
20001_0310_1,11,44783486,2024-05-24,9,09:00,1.7714285850524902,0.059158403,0.0,0.5483891
20001_0310_1,11,44783486,2024-05-24,10,10:00,0.0,0.08430322,0.0,0.60031855
20001_0310_1,11,44783486,2024-05-24,11,11:00,0.38596490025520325,0.13732599,0.0,0.69980454
20001_0310_1,11,44783486,2024-05-24,12,12:00,0.0,0.20319447,0.0,0.8200624
20001_0310_1,11,44783486,2024-05-24,13,13:00,0.0,0.31354466,0.0,0.9791306
20001_0310_1,11,44783486,2024-05-24,14,14:00,0.0,0.37558675,0.0,1.0939564
20001_0310_1,11,44783486,2024-05-24,15,15:00,0.0,0.5582283,0.06681116,1.3349844
20001_0310_1,11,44783486,2024-05-24,16,16:00,0.4717948834101359,0.5926658,0.01597486,1.4372036
20001_0310_1,11,44783486,2024-05-24,17,17:00,3.089440663655599,0.67903274,0.037839975,1.5700338
20001_0310_1,11,44783486,2024-05-24,18,18:00,0.25726494789123533,0.8342747,0.16465732,1.7537004
20001_0310_1,11,44783486,2024-05-24,19,19:00,0.27878233790397644,0.71401685,0.093049236,1.5984582
20001_0310_1,11,44783486,2024-05-24,20,20:00,1.6243605613708496,0.4581957,0.0,1.2641963
20001_0310_1,11,44783486,2024-05-24,21,21:00,0.6666666865348816,0.30049396,0.0,0.9661483
20001_0310_1,11,44783486,2024-05-24,22,22:00,0.0,0.19909476,0.0,0.76321316
20001_0310_1,11,44783486,2024-05-24,23,23:00,,0.016521547,0.0,0.47049478
20001_0310_1,11,44783486,2024-05-25,0,00:00,,0.0,0.0,0.26977366
20001_0310_1,11,44783486,2024-05-25,1,01:00,,0.0,0.0,0.23085682
20001_0310_1,11,44783486,2024-05-25,2,02:00,,0.0,0.0,0.1990158
20001_0310_1,11,44783486,2024-05-25,3,03:00,,0.0,0.0,0.25589418
20001_0310_1,11,44783486,2024-05-25,4,04:00,,0.0,0.0,0.31460962
20001_0310_1,11,44783486,2024-05-25,5,05:00,,0.02320971,0.0,0.43088382
20001_0310_1,11,44783486,2024-05-25,6,06:00,,0.11954926,0.0,0.59253836
20001_0310_1,11,44783486,2024-05-25,7,07:00,,0.10267623,0.0,0.60832286
20001_0310_1,11,44783486,2024-05-25,8,08:00,,0.06675301,0.0,0.5838297
20001_0310_1,11,44783486,2024-05-25,9,09:00,,0.08580321,0.0,0.6170315
20001_0310_1,11,44783486,2024-05-25,10,10:00,,0.106486276,0.0,0.6611191
20001_0310_1,11,44783486,2024-05-25,11,11:00,,0.15275103,0.0,0.7443956
20001_0310_1,11,44783486,2024-05-25,12,12:00,,0.20718014,0.0,0.8453616
20001_0310_1,11,44783486,2024-05-25,13,13:00,,0.27576083,0.0,0.95585275
20001_0310_1,11,44783486,2024-05-25,14,14:00,,0.3222297,0.0,1.0653232
20001_0310_1,11,44783486,2024-05-25,15,15:00,,0.5147047,0.030829778,1.3197116
20001_0310_1,11,44783486,2024-05-25,16,16:00,,0.58219683,0.0,1.4688473
20001_0310_1,11,44783486,2024-05-25,17,17:00,,0.687245,0.02974122,1.6256032
20001_0310_1,11,44783486,2024-05-25,18,18:00,,0.82114077,0.13478942,1.7812706
20001_0310_1,11,44783486,2024-05-25,19,19:00,,0.7122824,0.073828824,1.6332234
20001_0310_1,11,44783486,2024-05-25,20,20:00,,0.50654036,0.0,1.3491033
20001_0310_1,11,44783486,2024-05-25,21,21:00,,0.3795844,0.0,1.098253
20001_0310_1,11,44783486,2024-05-25,22,22:00,,0.26514718,0.0,0.89217067
20001_0310_1,11,44783486,2024-05-25,23,23:00,,0.035184126,0.0,0.55607086
20001_0310_1,11,44783486,2024-05-26,0,00:00,,0.0,0.0,0.2537989
20001_0310_1,11,44783486,2024-05-26,1,01:00,,0.007984956,0.0,0.22225644
20001_0310_1,11,44783486,2024-05-26,2,02:00,,0.0,0.0,0.19560845
20001_0310_1,11,44783486,2024-05-26,3,03:00,,0.0,0.0,0.24020302
20001_0310_1,11,44783486,2024-05-26,4,04:00,,0.0,0.0,0.29309112
20001_0310_1,11,44783486,2024-05-26,5,05:00,,0.044965822,0.0,0.43190533
20001_0310_1,11,44783486,2024-05-26,6,06:00,,0.1602591,0.0,0.6192569
20001_0310_1,11,44783486,2024-05-26,7,07:00,,0.1124015,0.0,0.6127308
20001_0310_1,11,44783486,2024-05-26,8,08:00,,0.07215764,0.0,0.5811883
20001_0310_1,11,44783486,2024-05-26,9,09:00,,0.081946686,0.0,0.6083802
20001_0310_1,11,44783486,2024-05-26,10,10:00,,0.097717926,0.0,0.65188706
20001_0310_1,11,44783486,2024-05-26,11,11:00,,0.14122483,0.0,0.74162006
20001_0310_1,11,44783486,2024-05-26,12,12:00,,0.17820568,0.0,0.82645845
20001_0310_1,11,44783486,2024-05-26,13,13:00,,0.2649476,0.0,0.96092194
20001_0310_1,11,44783486,2024-05-26,14,14:00,,0.3226622,0.0,1.0777788
20001_0310_1,11,44783486,2024-05-26,15,15:00,,0.5113054,0.024028063,1.3368486
20001_0310_1,11,44783486,2024-05-26,16,16:00,,0.57683766,0.0,1.4866756
20001_0310_1,11,44783486,2024-05-26,17,17:00,,0.70735836,0.011247931,1.6808251
20001_0310_1,11,44783486,2024-05-26,18,18:00,,0.88682437,0.14883858,1.8983598
20001_0310_1,11,44783486,2024-05-26,19,19:00,,0.7834954,0.092823416,1.7602254
20001_0310_1,11,44783486,2024-05-26,20,20:00,,0.55725956,0.0,1.4551331
20001_0310_1,11,44783486,2024-05-26,21,21:00,,0.4339447,0.0,1.1874299
20001_0310_1,11,44783486,2024-05-26,22,22:00,,0.31457263,0.0,0.9549738
20001_0310_1,11,44783486,2024-05-26,23,23:00,,0.060193237,0.0,0.5806444
20001_0310_1,11,44783486,2024-05-27,0,00:00,,0.0,0.0,0.24336624
20001_0310_1,11,44783486,2024-05-27,1,01:00,,0.011767432,0.0030688755,0.22596914
20001_0310_1,11,44783486,2024-05-27,2,02:00,,0.0008942457,0.0008942457,0.21237767
20001_0310_1,11,44783486,2024-05-27,3,03:00,,0.0,0.0,0.2300466
20001_0310_1,11,44783486,2024-05-27,4,04:00,,0.0,0.0,0.28169423
20001_0310_1,11,44783486,2024-05-27,5,05:00,0.0,0.029164532,0.0,0.41489077
20001_0310_1,11,44783486,2024-05-27,6,06:00,0.0,0.12647952,0.0,0.58315325
20001_0310_1,11,44783486,2024-05-27,7,07:00,0.0,0.06722069,0.0,0.5657562
20001_0310_1,11,44783486,2024-05-27,8,08:00,0.0,0.0454743,0.0,0.5586886
20001_0310_1,11,44783486,2024-05-27,9,09:00,0.4457653760910034,0.08026849,0.0,0.6108799
20001_0310_1,11,44783486,2024-05-27,10,10:00,0.0,0.10201486,0.0,0.6565472
20001_0310_1,11,44783486,2024-05-27,11,11:00,0.0,0.12919784,0.0,0.7250483
20001_0310_1,11,44783486,2024-05-27,12,12:00,0.906877597173055,0.19171864,0.0,0.84465337
20001_0310_1,11,44783486,2024-05-27,13,13:00,1.5198760032653809,0.3007223,0.0,1.007955
20001_0310_1,11,44783486,2024-05-27,14,14:00,0.5616358518600464,0.37092233,0.0,1.1438698
20001_0310_1,11,44783486,2024-05-27,15,15:00,1.4027287165323894,0.5701055,0.049279936,1.4029915
20001_0310_1,11,44783486,2024-05-27,16,16:00,1.0734769105911255,0.6478487,0.029708205,1.5476048
20001_0310_1,11,44783486,2024-05-27,17,17:00,1.455636739730835,0.771803,0.08516139,1.721032
20001_0310_1,11,44783486,2024-05-27,18,18:00,3.3807504177093506,0.918591,0.2083002,1.9058762
20001_0310_1,11,44783486,2024-05-27,19,19:00,1.3246009826660157,0.79572403,0.13463438,1.744953
20001_0310_1,11,44783486,2024-05-27,20,20:00,0.0,0.5586886,0.005243506,1.4285433
20001_0310_1,11,44783486,2024-05-27,21,21:00,0.8743497133255005,0.38186345,0.0,1.1128813
20001_0310_1,11,44783486,2024-05-27,22,22:00,0.0,0.24390993,0.0,0.86531234
20001_0310_1,11,44783486,2024-05-27,23,23:00,,0.04656162,0.0,0.5494464
20001_0310_1,11,44783486,2024-05-28,0,00:00,,0.0,0.0,0.26233387
20001_0310_1,11,44783486,2024-05-28,1,01:00,,0.0119647095,0.0004798947,0.23936418
20001_0310_1,11,44783486,2024-05-28,2,02:00,,0.0016283779,0.0,0.22730511
20001_0310_1,11,44783486,2024-05-28,3,03:00,,0.0,0.0,0.25659144
20001_0310_1,11,44783486,2024-05-28,4,04:00,,0.0,0.0,0.30784243
20001_0310_1,11,44783486,2024-05-28,5,05:00,0.0,0.032637395,0.0,0.4219728
20001_0310_1,11,44783486,2024-05-28,6,06:00,0.33457890152931213,0.10614026,0.0,0.5655331
20001_0310_1,11,44783486,2024-05-28,7,07:00,0.0,0.09465543,0.0,0.58850276
20001_0310_1,11,44783486,2024-05-28,8,08:00,0.0,0.06709187,0.0,0.56495893
20001_0310_1,11,44783486,2024-05-28,9,09:00,0.9352271556854248,0.09293271,0.0,0.6051558
20001_0310_1,11,44783486,2024-05-28,10,10:00,0.4932405650615692,0.115328126,0.0,0.6568375
20001_0310_1,11,44783486,2024-05-28,11,11:00,2.7932475407918296,0.1543765,0.0,0.74239933
20001_0310_1,11,44783486,2024-05-28,12,12:00,1.0371037324269612,0.21811727,0.0,0.8629899
20001_0310_1,11,44783486,2024-05-28,13,13:00,0.41689284642537433,0.3134413,0.0,1.0181427
20001_0310_1,11,44783486,2024-05-28,14,14:00,1.2347807884216309,0.3881644,0.0,1.1620979
20001_0310_1,11,44783486,2024-05-28,15,15:00,0.4845691919326782,0.5655331,0.038954053,1.401054
20001_0310_1,11,44783486,2024-05-28,16,16:00,2.680236339569092,0.66372836,0.034360074,1.5744747
20001_0310_1,11,44783486,2024-05-28,17,17:00,0.0,0.7768538,0.080873616,1.7496183
20001_0310_1,11,44783486,2024-05-28,18,18:00,1.0444211959838867,0.87792027,0.14920844,1.8839909
20001_0310_1,11,44783486,2024-05-28,19,19:00,1.333112398783366,0.74584484,0.069388844,1.7163124
20001_0310_1,11,44783486,2024-05-28,20,20:00,0.0,0.51385146,0.0,1.4079448
20001_0310_1,11,44783486,2024-05-28,21,21:00,0.7088866233825684,0.32794088,0.0,1.0715113
20001_0310_1,11,44783486,2024-05-28,22,22:00,0.0,0.16700982,0.0,0.7969523
20001_0310_1,11,44783486,2024-05-28,23,23:00,,0.028043468,0.0,0.5310787
20001_0310_1,11,44783486,2024-05-29,0,00:00,,0.0,0.0,0.2715539
20001_0310_1,11,44783486,2024-05-29,1,01:00,,0.0010048207,0.0,0.2456802
20001_0310_1,11,44783486,2024-05-29,2,02:00,,0.0,0.0,0.23527443
20001_0310_1,11,44783486,2024-05-29,3,03:00,,0.0,0.0,0.2754912
20001_0310_1,11,44783486,2024-05-29,4,04:00,,0.0,0.0,0.3339883
20001_0310_1,11,44783486,2024-05-29,5,05:00,0.0,0.03812798,0.0,0.45295113
20001_0310_1,11,44783486,2024-05-29,6,06:00,0.0,0.13712308,0.0,0.62647384
20001_0310_1,11,44783486,2024-05-29,7,07:00,0.0,0.1224988,0.0,0.65628487
20001_0310_1,11,44783486,2024-05-29,8,08:00,0.0,0.09381272,0.0,0.6416606
20001_0310_1,11,44783486,2024-05-29,9,09:00,0.0,0.13937297,0.0,0.7074698
20001_0310_1,11,44783486,2024-05-29,10,10:00,0.0,0.1652467,0.0,0.7687793
20001_0310_1,11,44783486,2024-05-29,11,11:00,0.5710752606391907,0.19955748,0.0,0.85539985
20001_0310_1,11,44783486,2024-05-29,12,12:00,0.7891649603843689,0.25467974,0.0,0.9611446
20001_0310_1,11,44783486,2024-05-29,13,13:00,0.5615906119346619,0.3384881,0.0,1.0958567
20001_0310_1,11,44783486,2024-05-29,14,14:00,0.0,0.38819656,0.0,1.1943597
20001_0310_1,11,44783486,2024-05-29,15,15:00,0.0,0.5466028,0.039815336,1.397623
20001_0310_1,11,44783486,2024-05-29,16,16:00,1.4842777252197266,0.6545974,0.062314272,1.570302
20001_0310_1,11,44783486,2024-05-29,17,17:00,1.716811974843343,0.7153444,0.055002123,1.6737968
20001_0310_1,11,44783486,2024-05-29,18,18:00,1.8410038948059082,0.81208956,0.116311595,1.8144146
20001_0310_1,11,44783486,2024-05-29,19,19:00,0.7505247592926025,0.7333435,0.08143835,1.7041702
20001_0310_1,11,44783486,2024-05-29,20,20:00,0.31603237986564636,0.5364783,0.0,1.4257466
20001_0310_1,11,44783486,2024-05-29,21,21:00,0.0,0.34130046,0.0,1.0893179
20001_0310_1,11,44783486,2024-05-29,22,22:00,0.0,0.1669341,0.0,0.7952155
20001_0310_1,11,44783486,2024-05-29,23,23:00,,0.039252926,0.0,0.5449153
20001_0310_1,11,44783486,2024-05-30,0,00:00,,0.0,0.0,0.1980981
20001_0310_1,11,44783486,2024-05-30,1,01:00,,0.0,0.0,0.17482072
20001_0310_1,11,44783486,2024-05-30,2,02:00,,0.0,0.0,0.18390459
20001_0310_1,11,44783486,2024-05-30,3,03:00,,0.0,0.0,0.22307867
20001_0310_1,11,44783486,2024-05-30,4,04:00,,0.0,0.0,0.28467858
20001_0310_1,11,44783486,2024-05-30,5,05:00,,0.022666179,0.0,0.40432996
20001_0310_1,11,44783486,2024-05-30,6,06:00,,0.13734981,0.0,0.58927155
20001_0310_1,11,44783486,2024-05-30,7,07:00,,0.064679,0.0,0.56599414
20001_0310_1,11,44783486,2024-05-30,8,08:00,,0.03288552,0.0,0.5586136
20001_0310_1,11,44783486,2024-05-30,9,09:00,,0.104420856,0.0,0.66875523
20001_0310_1,11,44783486,2024-05-30,10,10:00,,0.14132401,0.0,0.7533486
20001_0310_1,11,44783486,2024-05-30,11,11:00,,0.17311749,0.0,0.84418714
20001_0310_1,11,44783486,2024-05-30,12,12:00,,0.2162658,0.0,0.94581276
20001_0310_1,11,44783486,2024-05-30,13,13:00,,0.3266914,0.0,1.1006286
20001_0310_1,11,44783486,2024-05-30,14,14:00,,0.37413323,0.0,1.1909703
20001_0310_1,11,44783486,2024-05-30,15,15:00,,0.53931034,0.041969378,1.4022764
20001_0310_1,11,44783486,2024-05-30,16,16:00,,0.63355535,0.047646757,1.5674889
20001_0310_1,11,44783486,2024-05-30,17,17:00,,0.7402906,0.08171124,1.7133983
20001_0310_1,11,44783486,2024-05-30,18,18:00,,0.88903874,0.20491102,1.8984818
20001_0310_1,11,44783486,2024-05-30,19,19:00,,0.7618647,0.13167244,1.7270242
20001_0310_1,11,44783486,2024-05-30,20,20:00,,0.5327813,0.013298398,1.3997216
20001_0310_1,11,44783486,2024-05-30,21,21:00,,0.35124618,0.0,1.0682318
20001_0310_1,11,44783486,2024-05-30,22,22:00,,0.17425299,0.0,0.7686776
20001_0310_1,11,44783486,2024-05-30,23,23:00,,0.014717817,0.0,0.48565885
20001_0310_1,11,44783486,2024-05-31,0,00:00,,0.0,0.0,0.23329712
20001_0310_1,11,44783486,2024-05-31,1,01:00,,0.0,0.0,0.18445459
20001_0310_1,11,44783486,2024-05-31,2,02:00,,0.0,0.0,0.18671322
20001_0310_1,11,44783486,2024-05-31,3,03:00,,0.0,0.0,0.2307562
20001_0310_1,11,44783486,2024-05-31,4,04:00,,0.0,0.0,0.28693917
20001_0310_1,11,44783486,2024-05-31,5,05:00,,0.04272663,0.0,0.42443222
20001_0310_1,11,44783486,2024-05-31,6,06:00,,0.22002774,0.007718088,0.6604573
20001_0310_1,11,44783486,2024-05-31,7,07:00,,0.1325065,0.0,0.6124618
20001_0310_1,11,44783486,2024-05-31,8,08:00,,0.118954815,0.0,0.6186729
20001_0310_1,11,44783486,2024-05-31,9,09:00,,0.19123045,0.0,0.7361209
20001_0310_1,11,44783486,2024-05-31,10,10:00,,0.1663857,0.0,0.7592716
20001_0310_1,11,44783486,2024-05-31,11,11:00,,0.2894801,0.0,0.9470894
20001_0310_1,11,44783486,2024-05-31,12,12:00,,0.33140558,0.0,1.0368694
20001_0310_1,11,44783486,2024-05-31,13,13:00,,0.4580291,0.018164199,1.2005482
20001_0310_1,11,44783486,2024-05-31,14,14:00,,0.49896646,0.011106022,1.2702829
20001_0310_1,11,44783486,2024-05-31,15,15:00,,0.70450026,0.15622194,1.5108253
20001_0310_1,11,44783486,2024-05-31,16,16:00,,0.7971034,0.16356248,1.661023
20001_0310_1,11,44783486,2024-05-31,17,17:00,,0.898741,0.19518302,1.8089619
20001_0310_1,11,44783486,2024-05-31,18,18:00,,1.0963696,0.366767,2.0336943
20001_0310_1,11,44783486,2024-05-31,19,19:00,,0.85356873,0.17090292,1.7637897
20001_0310_1,11,44783486,2024-05-31,20,20:00,,0.60737985,0.033127487,1.4221746
20001_0310_1,11,44783486,2024-05-31,21,21:00,,0.45506465,0.020564018,1.1295431
20001_0310_1,11,44783486,2024-05-31,22,22:00,,0.3106546,0.008847432,0.87728417
20001_0310_1,11,44783486,2024-05-31,23,23:00,,0.01901118,0.0,0.47172198
20001_0310_1,12,44783013,2024-05-01,0,00:00,,0.0,0.0,0.283331
20001_0310_1,12,44783013,2024-05-01,1,01:00,,0.0,0.0,0.21560596
20001_0310_1,12,44783013,2024-05-01,2,02:00,,0.0,0.0,0.2598346
20001_0310_1,12,44783013,2024-05-01,3,03:00,,0.0,0.0,0.35494336
20001_0310_1,12,44783013,2024-05-01,4,04:00,,0.0048289425,0.0,0.5381639
20001_0310_1,12,44783013,2024-05-01,5,05:00,,0.35019228,0.0017190631,1.0037737
20001_0310_1,12,44783013,2024-05-01,6,06:00,,0.7318369,0.3351615,1.4394947
20001_0310_1,12,44783013,2024-05-01,7,07:00,,0.40858787,0.037309323,1.0987961
20001_0310_1,12,44783013,2024-05-01,8,08:00,,0.11885583,0.0,0.7760655
20001_0310_1,12,44783013,2024-05-01,9,09:00,,0.20247558,0.0,0.86936027
20001_0310_1,12,44783013,2024-05-01,10,10:00,,0.254306,0.0,0.97371215
20001_0310_1,12,44783013,2024-05-01,11,11:00,,0.1568648,0.0,0.91289777
20001_0310_1,12,44783013,2024-05-01,12,12:00,,0.43268898,0.09294059,1.18829
20001_0310_1,12,44783013,2024-05-01,13,13:00,,0.18105233,0.0,0.9488336
20001_0310_1,12,44783013,2024-05-01,14,14:00,,0.20316665,0.0,1.0034283
20001_0310_1,12,44783013,2024-05-01,15,15:00,,0.43242985,0.0,1.3411897
20001_0310_1,12,44783013,2024-05-01,16,16:00,,0.7532601,0.14718983,1.8078363
20001_0310_1,12,44783013,2024-05-01,17,17:00,,1.1907088,0.47285762,2.337889
20001_0310_1,12,44783013,2024-05-01,18,18:00,,0.8216763,0.107798666,1.9833686
20001_0310_1,12,44783013,2024-05-01,19,19:00,,0.6098626,0.0,1.6689306
20001_0310_1,12,44783013,2024-05-01,20,20:00,,0.39632133,0.0,1.3437811
20001_0310_1,12,44783013,2024-05-01,21,21:00,,0.3754164,0.0,1.2262125
20001_0310_1,12,44783013,2024-05-01,22,22:00,,0.65270907,0.29507926,1.42671
20001_0310_1,12,44783013,2024-05-01,23,23:00,,0.0,0.0,0.6717136
20001_0310_1,12,44783013,2024-05-02,0,00:00,,0.0,0.0,0.31656837
20001_0310_1,12,44783013,2024-05-02,1,01:00,,0.0,0.0,0.2291241
20001_0310_1,12,44783013,2024-05-02,2,02:00,,0.0032837098,0.0,0.21948455
20001_0310_1,12,44783013,2024-05-02,3,03:00,,0.0,0.0,0.26423952
20001_0310_1,12,44783013,2024-05-02,4,04:00,,0.015677398,0.0,0.39833227
20001_0310_1,12,44783013,2024-05-02,5,05:00,,0.3830123,0.061293047,0.862751
20001_0310_1,12,44783013,2024-05-02,6,06:00,,0.69870687,0.33412614,1.2061591
20001_0310_1,12,44783013,2024-05-02,7,07:00,,0.37612692,0.038399138,0.865333
20001_0310_1,12,44783013,2024-05-02,8,08:00,,0.13066319,0.0,0.581139
20001_0310_1,12,44783013,2024-05-02,9,09:00,,0.26630512,0.00052958075,0.71729743
20001_0310_1,12,44783013,2024-05-02,10,10:00,,0.2690593,0.0,0.7561998
20001_0310_1,12,44783013,2024-05-02,11,11:00,,0.1871233,0.0,0.711789
20001_0310_1,12,44783013,2024-05-02,12,12:00,,0.36975795,0.08487542,0.9138749
20001_0310_1,12,44783013,2024-05-02,13,13:00,,0.21948457,0.0,0.7765116
20001_0310_1,12,44783013,2024-05-02,14,14:00,,0.17886084,0.0,0.77238035
20001_0310_1,12,44783013,2024-05-02,15,15:00,,0.32483086,0.0,1.0171556
20001_0310_1,12,44783013,2024-05-02,16,16:00,,0.70834637,0.16440159,1.5345919
20001_0310_1,12,44783013,2024-05-02,17,17:00,,1.4767544,0.83021754,2.3883784
20001_0310_1,12,44783013,2024-05-02,18,18:00,,0.82746345,0.17886083,1.7487268
20001_0310_1,12,44783013,2024-05-02,19,19:00,,0.5186542,0.0,1.3562605
20001_0310_1,12,44783013,2024-05-02,20,20:00,,0.37939748,0.0,1.1206083
20001_0310_1,12,44783013,2024-05-02,21,21:00,,0.34410992,0.0,0.99477804
20001_0310_1,12,44783013,2024-05-02,22,22:00,,1.0236967,0.6363942,1.6227245
20001_0310_1,12,44783013,2024-05-02,23,23:00,,0.011546173,0.0,0.5479171
20001_0310_1,12,44783013,2024-05-03,0,00:00,,0.027758216,0.0,0.26718143
20001_0310_1,12,44783013,2024-05-03,1,01:00,,0.018447317,0.0,0.18537849
20001_0310_1,12,44783013,2024-05-03,2,02:00,,0.007806279,0.0,0.18670866
20001_0310_1,12,44783013,2024-05-03,3,03:00,,0.0,0.0,0.23791865
20001_0310_1,12,44783013,2024-05-03,4,04:00,,0.05170054,0.0,0.42405355
20001_0310_1,12,44783013,2024-05-03,5,05:00,,0.42446917,0.08175313,0.89911747
20001_0310_1,12,44783013,2024-05-03,6,06:00,,0.7127747,0.3247095,1.2268696
20001_0310_1,12,44783013,2024-05-03,7,07:00,,0.38938704,0.023518441,0.8801216
20001_0310_1,12,44783013,2024-05-03,8,08:00,,0.22727758,0.0,0.6934878
20001_0310_1,12,44783013,2024-05-03,9,09:00,,0.2851382,0.0,0.74536294
20001_0310_1,12,44783013,2024-05-03,10,10:00,,0.31473354,0.014456945,0.7998982
20001_0310_1,12,44783013,2024-05-03,11,11:00,,0.25521028,0.0,0.747358
20001_0310_1,12,44783013,2024-05-03,12,12:00,,0.38456532,0.10739969,0.8895156
20001_0310_1,12,44783013,2024-05-03,13,13:00,,0.26851156,0.002485753,0.7619895
20001_0310_1,12,44783013,2024-05-03,14,14:00,,0.19934487,0.0,0.72740614
20001_0310_1,12,44783013,2024-05-03,15,15:00,,0.32171673,0.0,0.91927725
20001_0310_1,12,44783013,2024-05-03,16,16:00,,0.74935323,0.22727758,1.4709482
20001_0310_1,12,44783013,2024-05-03,17,17:00,,1.4749386,0.86972994,2.262375
20001_0310_1,12,44783013,2024-05-03,18,18:00,,0.7819415,0.18936893,1.5607319
20001_0310_1,12,44783013,2024-05-03,19,19:00,,0.46279356,0.0,1.1513848
20001_0310_1,12,44783013,2024-05-03,20,20:00,,0.34765425,0.0,0.9465448
20001_0310_1,12,44783013,2024-05-03,21,21:00,,0.2665164,0.0,0.7713004
20001_0310_1,12,44783013,2024-05-03,22,22:00,,0.83714175,0.5286349,1.3053472
20001_0310_1,12,44783013,2024-05-03,23,23:00,,0.0596813,0.0,0.45506215
20001_0310_1,12,44783013,2024-05-04,0,00:00,,0.019564493,0.0,0.21465465
20001_0310_1,12,44783013,2024-05-04,1,01:00,,0.0011017192,0.0,0.13157213
20001_0310_1,12,44783013,2024-05-04,2,02:00,,0.0,0.0,0.09956993
20001_0310_1,12,44783013,2024-05-04,3,03:00,,0.0060251183,0.0,0.18819131
20001_0310_1,12,44783013,2024-05-04,4,04:00,,0.031873032,0.0,0.31804627
20001_0310_1,12,44783013,2024-05-04,5,05:00,,0.42959228,0.18465264,0.79823273
20001_0310_1,12,44783013,2024-05-04,6,06:00,,0.7316128,0.44520876,1.1384096
20001_0310_1,12,44783013,2024-05-04,7,07:00,,0.37358853,0.10287785,0.7589223
20001_0310_1,12,44783013,2024-05-04,8,08:00,,0.15618916,0.0,0.5182137
20001_0310_1,12,44783013,2024-05-04,9,09:00,,0.26511964,0.032488476,0.62822115
20001_0310_1,12,44783013,2024-05-04,10,10:00,,0.36943436,0.11364779,0.75923
20001_0310_1,12,44783013,2024-05-04,11,11:00,,0.2971218,0.030334473,0.70914966
20001_0310_1,12,44783013,2024-05-04,12,12:00,,0.44047767,0.16565134,0.86416024
20001_0310_1,12,44783013,2024-05-04,13,13:00,,0.3920513,0.124571614,0.81692624
20001_0310_1,12,44783013,2024-05-04,14,14:00,,0.22634774,0.0,0.67130095
20001_0310_1,12,44783013,2024-05-04,15,15:00,,0.37251154,0.02094926,0.8714685
20001_0310_1,12,44783013,2024-05-04,16,16:00,,0.6811479,0.23927177,1.2645723
20001_0310_1,12,44783013,2024-05-04,17,17:00,,1.3845803,0.87131447,2.0246234
20001_0310_1,12,44783013,2024-05-04,18,18:00,,0.80854106,0.29373693,1.469509
20001_0310_1,12,44783013,2024-05-04,19,19:00,,0.53298396,0.07110642,1.135794
20001_0310_1,12,44783013,2024-05-04,20,20:00,,0.3778965,0.0,0.9302416
20001_0310_1,12,44783013,2024-05-04,21,21:00,,0.3583567,0.025411073,0.84392816
20001_0310_1,12,44783013,2024-05-04,22,22:00,,0.8233113,0.53683037,1.270111
20001_0310_1,12,44783013,2024-05-04,23,23:00,,0.067567766,0.0,0.44920903
20001_0310_1,12,44783013,2024-05-05,0,00:00,,0.0,0.0,0.2163811
20001_0310_1,12,44783013,2024-05-05,1,01:00,,0.011015139,0.0,0.15328676
20001_0310_1,12,44783013,2024-05-05,2,02:00,,0.0,0.0,0.10256383
20001_0310_1,12,44783013,2024-05-05,3,03:00,,0.0,0.0,0.16256535
20001_0310_1,12,44783013,2024-05-05,4,04:00,,0.04565518,0.0,0.29865122
20001_0310_1,12,44783013,2024-05-05,5,05:00,,0.43094835,0.18359676,0.75886893
20001_0310_1,12,44783013,2024-05-05,6,06:00,,0.68278456,0.40148884,1.0452678
20001_0310_1,12,44783013,2024-05-05,7,07:00,0.0,0.33019844,0.062975235,0.6728873
20001_0310_1,12,44783013,2024-05-05,8,08:00,,0.14215246,0.0,0.46133572
20001_0310_1,12,44783013,2024-05-05,9,09:00,,0.24050541,0.007303665,0.56309074
20001_0310_1,12,44783013,2024-05-05,10,10:00,0.0,0.3543227,0.10395561,0.7076821
20001_0310_1,12,44783013,2024-05-05,11,11:00,,0.31535268,0.059263747,0.69206303
20001_0310_1,12,44783013,2024-05-05,12,12:00,,0.4270823,0.16256534,0.8126847
20001_0310_1,12,44783013,2024-05-05,13,13:00,,0.35896203,0.09467703,0.7565493
20001_0310_1,12,44783013,2024-05-05,14,14:00,,0.21081397,0.0,0.65680456
20001_0310_1,12,44783013,2024-05-05,15,15:00,,0.43945372,0.06691859,0.95395106
20001_0310_1,12,44783013,2024-05-05,16,16:00,,0.725466,0.24854685,1.3353782
20001_0310_1,12,44783013,2024-05-05,17,17:00,,1.5017741,0.95371914,2.1772552
20001_0310_1,12,44783013,2024-05-05,18,18:00,,0.7916532,0.23803115,1.4869282
20001_0310_1,12,44783013,2024-05-05,19,19:00,,0.5217238,0.021608233,1.1709155
20001_0310_1,12,44783013,2024-05-05,20,20:00,,0.32710555,0.0,0.920007
20001_0310_1,12,44783013,2024-05-05,21,21:00,,0.3475184,0.0,0.87113976
20001_0310_1,12,44783013,2024-05-05,22,22:00,,0.7656732,0.43566498,1.2407367
20001_0310_1,12,44783013,2024-05-05,23,23:00,,0.07163522,0.0,0.46582034
20001_0310_1,12,44783013,2024-05-06,0,00:00,,0.0,0.0,0.24480402
20001_0310_1,12,44783013,2024-05-06,1,01:00,,0.0019171676,0.0,0.20194164
20001_0310_1,12,44783013,2024-05-06,2,02:00,,0.0,0.0,0.16622297
20001_0310_1,12,44783013,2024-05-06,3,03:00,,0.00971034,0.0,0.24025804
20001_0310_1,12,44783013,2024-05-06,4,04:00,,0.044779558,0.0,0.35504484
20001_0310_1,12,44783013,2024-05-06,5,05:00,0.4412878751754761,0.49670178,0.23774152,0.8806773
20001_0310_1,12,44783013,2024-05-06,6,06:00,1.207659641901652,0.7312272,0.43285468,1.1462132
20001_0310_1,12,44783013,2024-05-06,7,07:00,0.0,0.3042269,0.011333933,0.7185633
20001_0310_1,12,44783013,2024-05-06,8,08:00,0.0,0.12920547,0.0,0.52665675
20001_0310_1,12,44783013,2024-05-06,9,09:00,1.0129563013712566,0.24350518,0.0,0.65004843
20001_0310_1,12,44783013,2024-05-06,10,10:00,0.0,0.25844207,0.0,0.6922614
20001_0310_1,12,44783013,2024-05-06,11,11:00,1.3875783681869507,0.3373478,0.050949153,0.78740287
20001_0310_1,12,44783013,2024-05-06,12,12:00,0.8057486216227213,0.4231538,0.13659276,0.88019025
20001_0310_1,12,44783013,2024-05-06,13,13:00,1.5601810216903687,0.35861665,0.07205562,0.81630254
20001_0310_1,12,44783013,2024-05-06,14,14:00,0.0,0.24740176,0.0,0.7403192
20001_0310_1,12,44783013,2024-05-06,15,15:00,0.5254529317220052,0.39125055,0.0,0.9448897
20001_0310_1,12,44783013,2024-05-06,16,16:00,0.9935379028320312,0.75460666,0.27500254,1.3994908
20001_0310_1,12,44783013,2024-05-06,17,17:00,1.2278705835342407,1.4579395,0.90592384,2.1541286
20001_0310_1,12,44783013,2024-05-06,18,18:00,0.0,0.80006677,0.25259715,1.5014514
20001_0310_1,12,44783013,2024-05-06,19,19:00,0.6658239761988322,0.55165976,0.057768133,1.2007651
20001_0310_1,12,44783013,2024-05-06,20,20:00,3.5324676036834717,0.37858665,0.0,0.96615857
20001_0310_1,12,44783013,2024-05-06,21,21:00,0.0,0.370144,0.01198329,0.8744265
20001_0310_1,12,44783013,2024-05-06,22,22:00,0.0,0.86955583,0.55344576,1.3319501
20001_0310_1,12,44783013,2024-05-06,23,23:00,,0.0304921,0.0,0.43086576
20001_0310_1,12,44783013,2024-05-07,0,00:00,,0.0,0.0,0.23711461
20001_0310_1,12,44783013,2024-05-07,1,01:00,,0.0,0.0,0.19763418
20001_0310_1,12,44783013,2024-05-07,2,02:00,,0.0,0.0,0.1696158
20001_0310_1,12,44783013,2024-05-07,3,03:00,,0.0,0.0,0.2874203
20001_0310_1,12,44783013,2024-05-07,4,04:00,,0.026976824,0.0,0.41891566
20001_0310_1,12,44783013,2024-05-07,5,05:00,0.3582535982131958,0.37915662,0.098336115,0.85037464
20001_0310_1,12,44783013,2024-05-07,6,06:00,0.5939306616783142,0.6414706,0.3117771,1.1362495
20001_0310_1,12,44783013,2024-05-07,7,07:00,0.7635885715484619,0.2880571,0.0,0.7732843
20001_0310_1,12,44783013,2024-05-07,8,08:00,0.0,0.14669168,0.0,0.6226856
20001_0310_1,12,44783013,2024-05-07,9,09:00,0.0,0.28551,0.0,0.780289
20001_0310_1,12,44783013,2024-05-07,10,10:00,0.0,0.2880571,0.0,0.82709235
20001_0310_1,12,44783013,2024-05-07,11,11:00,0.0,0.33645248,0.0,0.8957056
20001_0310_1,12,44783013,2024-05-07,12,12:00,0.6877766251564026,0.38835016,0.044727124,0.94768286
20001_0310_1,12,44783013,2024-05-07,13,13:00,0.0,0.37195304,0.0448067,0.9324797
20001_0310_1,12,44783013,2024-05-07,14,14:00,0.0,0.24602956,0.0,0.826774
20001_0310_1,12,44783013,2024-05-07,15,15:00,0.0,0.40785158,0.0,1.0359566
20001_0310_1,12,44783013,2024-05-07,16,16:00,0.6974193453788757,0.8172223,0.31512028,1.5304171
20001_0310_1,12,44783013,2024-05-07,17,17:00,0.0,1.1438911,0.57237995,1.9054815
20001_0310_1,12,44783013,2024-05-07,18,18:00,0.7535378456115722,0.8127648,0.2441192,1.5883644
20001_0310_1,12,44783013,2024-05-07,19,19:00,0.6461247205734253,0.5924385,0.08046645,1.3158219
20001_0310_1,12,44783013,2024-05-07,20,20:00,0.0,0.53958565,0.101997584,1.2080866
20001_0310_1,12,44783013,2024-05-07,21,21:00,0.0,0.36001337,0.0,0.9452153
20001_0310_1,12,44783013,2024-05-07,22,22:00,0.0,0.6631212,0.3422631,1.2037485
20001_0310_1,12,44783013,2024-05-07,23,23:00,,0.025703259,0.0,0.49039438
20001_0310_1,12,44783013,2024-05-08,0,00:00,,0.0,0.0,0.17791077
20001_0310_1,12,44783013,2024-05-08,1,01:00,,0.0,0.0,0.17101914
20001_0310_1,12,44783013,2024-05-08,2,02:00,,0.0,0.0,0.1910675
20001_0310_1,12,44783013,2024-05-08,3,03:00,,0.0,0.0,0.21048945
20001_0310_1,12,44783013,2024-05-08,4,04:00,,0.0,0.0,0.35082823
20001_0310_1,12,44783013,2024-05-08,5,05:00,0.0,0.20547733,0.0,0.6521808
20001_0310_1,12,44783013,2024-05-08,6,06:00,1.4033493995666504,0.4096421,0.103982285,0.88461685
20001_0310_1,12,44783013,2024-05-08,7,07:00,0.2927384376525879,0.16350098,0.0,0.62649375
20001_0310_1,12,44783013,2024-05-08,8,08:00,0.0,0.056367327,0.0,0.47738376
20001_0310_1,12,44783013,2024-05-08,9,09:00,0.0,0.13593443,0.0,0.5500592
20001_0310_1,12,44783013,2024-05-08,10,10:00,1.3974359035491943,0.122777656,0.0,0.5751197
20001_0310_1,12,44783013,2024-05-08,11,11:00,0.2778293192386627,0.15159725,0.0,0.6076983
20001_0310_1,12,44783013,2024-05-08,12,12:00,0.0,0.21926059,0.0,0.6766147
20001_0310_1,12,44783013,2024-05-08,13,13:00,0.6668331623077393,0.13092232,0.0,0.59203553
20001_0310_1,12,44783013,2024-05-08,14,14:00,0.0,0.047596164,0.0,0.52045655
20001_0310_1,12,44783013,2024-05-08,15,15:00,0.0,0.12277767,0.0,0.6609519
20001_0310_1,12,44783013,2024-05-08,16,16:00,0.6024342179298401,0.3677441,0.0,1.0126604
20001_0310_1,12,44783013,2024-05-08,17,17:00,0.40235690275828045,0.6205419,0.16632026,1.3366458
20001_0310_1,12,44783013,2024-05-08,18,18:00,0.4964474678039551,0.40862402,0.0,1.144698
20001_0310_1,12,44783013,2024-05-08,19,19:00,0.9009232521057129,0.3054061,0.0,0.9611299
20001_0310_1,12,44783013,2024-05-08,20,20:00,0.7791005770365397,0.24964647,0.0,0.8279175
20001_0310_1,12,44783013,2024-05-08,21,21:00,0.0,0.18730846,0.0,0.68006057
20001_0310_1,12,44783013,2024-05-08,22,22:00,0.0,0.35591865,0.13538626,0.8182849
20001_0310_1,12,44783013,2024-05-08,23,23:00,,0.0,0.0,0.39578053
20001_0310_1,12,44783013,2024-05-09,0,00:00,,0.0,0.0,0.2429845
20001_0310_1,12,44783013,2024-05-09,1,01:00,,0.0,0.0,0.14912882
20001_0310_1,12,44783013,2024-05-09,2,02:00,,0.0,0.0,0.17461282
20001_0310_1,12,44783013,2024-05-09,3,03:00,,0.008656127,0.0,0.2588343
20001_0310_1,12,44783013,2024-05-09,4,04:00,,0.0061698933,0.0,0.37459996
20001_0310_1,12,44783013,2024-05-09,5,05:00,2.0501578648885093,0.2255808,0.0,0.6759016
20001_0310_1,12,44783013,2024-05-09,6,06:00,2.1928563117980957,0.42300403,0.120226264,0.8971771
20001_0310_1,12,44783013,2024-05-09,7,07:00,0.0,0.21812207,0.0,0.6699967
20001_0310_1,12,44783013,2024-05-09,8,08:00,0.0,0.1099705,0.0,0.53263175
20001_0310_1,12,44783013,2024-05-09,9,09:00,0.0,0.09505305,0.0,0.5214437
20001_0310_1,12,44783013,2024-05-09,10,10:00,0.46299533049265545,0.17585593,0.0,0.65197146
20001_0310_1,12,44783013,2024-05-09,11,11:00,0.5333333412806193,0.23739044,0.0,0.7368145
20001_0310_1,12,44783013,2024-05-09,12,12:00,0.0,0.28354135,0.031809248,0.7901133
20001_0310_1,12,44783013,2024-05-09,13,13:00,0.8296295801798502,0.20133993,0.0,0.70418245
20001_0310_1,12,44783013,2024-05-09,14,14:00,0.0,0.06708284,0.0,0.586086
20001_0310_1,12,44783013,2024-05-09,15,15:00,1.9381775856018066,0.14726414,0.0,0.7414761
20001_0310_1,12,44783013,2024-05-09,16,16:00,0.6138020753860474,0.3721137,0.0,1.077352
20001_0310_1,12,44783013,2024-05-09,17,17:00,1.5654724438985188,0.7215862,0.22651315,1.5209132
20001_0310_1,12,44783013,2024-05-09,18,18:00,0.3973703384399414,0.4700095,0.0,1.2814571
20001_0310_1,12,44783013,2024-05-09,19,19:00,0.5023345947265625,0.37506616,0.0,1.1228037
20001_0310_1,12,44783013,2024-05-09,20,20:00,0.40323956807454425,0.34507582,0.0,1.0015992
20001_0310_1,12,44783013,2024-05-09,21,21:00,1.9642857313156128,0.2032046,0.0,0.775662
20001_0310_1,12,44783013,2024-05-09,22,22:00,0.0,0.38485572,0.10608575,0.90168345
20001_0310_1,12,44783013,2024-05-09,23,23:00,,0.02357357,0.0,0.4569567
20001_0310_1,12,44783013,2024-05-10,0,00:00,,0.0,0.0,0.20567414
20001_0310_1,12,44783013,2024-05-10,1,01:00,,0.016580308,0.0,0.21138501
20001_0310_1,12,44783013,2024-05-10,2,02:00,,0.0,0.0,0.17521606
20001_0310_1,12,44783013,2024-05-10,3,03:00,,0.006427626,0.0,0.30307648
20001_0310_1,12,44783013,2024-05-10,4,04:00,,0.0,0.0,0.42601925
20001_0310_1,12,44783013,2024-05-10,5,05:00,0.3726387321949005,0.37759563,0.06508319,0.9160054
20001_0310_1,12,44783013,2024-05-10,6,06:00,1.8888607025146484,0.6638142,0.31481555,1.2418829
20001_0310_1,12,44783013,2024-05-10,7,07:00,0.5508291244506835,0.2561203,0.0,0.8161045
20001_0310_1,12,44783013,2024-05-10,8,08:00,0.0,0.033078436,0.0,0.5489619
20001_0310_1,12,44783013,2024-05-10,9,09:00,0.820512851079305,0.06353651,0.0,0.5756127
20001_0310_1,12,44783013,2024-05-10,10,10:00,0.0,0.16887064,0.0,0.7171158
20001_0310_1,12,44783013,2024-05-10,11,11:00,0.5240950981775919,0.2770602,0.028636606,0.87257886
20001_0310_1,12,44783013,2024-05-10,12,12:00,0.0,0.31037375,0.05941201,0.9198523
20001_0310_1,12,44783013,2024-05-10,13,13:00,0.0,0.288482,0.048942022,0.90938234
20001_0310_1,12,44783013,2024-05-10,14,14:00,0.0,0.11810719,0.0,0.7634374
20001_0310_1,12,44783013,2024-05-10,15,15:00,0.7207756042480469,0.25802392,0.0,0.969664
20001_0310_1,12,44783013,2024-05-10,16,16:00,0.34042444825172424,0.5273874,0.079717375,1.3507069
20001_0310_1,12,44783013,2024-05-10,17,17:00,,0.94935846,0.41285238,1.8440642
20001_0310_1,12,44783013,2024-05-10,18,18:00,0.0,0.6041671,0.065440126,1.5064873
20001_0310_1,12,44783013,2024-05-10,19,19:00,0.41177984078725177,0.4739272,0.0021443944,1.2915359
20001_0310_1,12,44783013,2024-05-10,20,20:00,0.7979938189188639,0.35637808,0.0,1.0624659
20001_0310_1,12,44783013,2024-05-10,21,21:00,1.1472389698028564,0.27230117,0.0,0.8767034
20001_0310_1,12,44783013,2024-05-10,22,22:00,0.5573912858963013,0.43791687,0.14479768,0.9703381
20001_0310_1,12,44783013,2024-05-10,23,23:00,,0.0,0.0,0.43648916
20001_0310_1,12,44783013,2024-05-11,0,00:00,,0.007353031,0.0,0.23116353
20001_0310_1,12,44783013,2024-05-11,1,01:00,,0.006092126,0.0,0.18451005
20001_0310_1,12,44783013,2024-05-11,2,02:00,,0.0,0.0,0.15235701
20001_0310_1,12,44783013,2024-05-11,3,03:00,,0.023744779,0.0,0.31249183
20001_0310_1,12,44783013,2024-05-11,4,04:00,,0.0,0.0,0.36198232
20001_0310_1,12,44783013,2024-05-11,5,05:00,,0.430544,0.0848986,0.9776187
20001_0310_1,12,44783013,2024-05-11,6,06:00,,0.954292,0.5662486,1.5443952
20001_0310_1,12,44783013,2024-05-11,7,07:00,,0.30240458,0.0,0.87012666
20001_0310_1,12,44783013,2024-05-11,8,08:00,,0.04265835,0.0,0.55868345
20001_0310_1,12,44783013,2024-05-11,9,09:00,,0.16118336,0.0,0.67248
20001_0310_1,12,44783013,2024-05-11,10,10:00,,0.20846726,0.0,0.7468733
20001_0310_1,12,44783013,2024-05-11,11,11:00,,0.30429596,0.016809823,0.88809454
20001_0310_1,12,44783013,2024-05-11,12,12:00,,0.2942087,0.0,0.8943991
20001_0310_1,12,44783013,2024-05-11,13,13:00,,0.3320358,0.044549674,0.93979156
20001_0310_1,12,44783013,2024-05-11,14,14:00,,0.15487882,0.0,0.7657869
20001_0310_1,12,44783013,2024-05-11,15,15:00,,0.3328239,0.0,0.99014896
20001_0310_1,12,44783013,2024-05-11,16,16:00,,0.5287369,0.08552907,1.2644745
20001_0310_1,12,44783013,2024-05-11,17,17:00,,0.96564025,0.4362969,1.7700971
20001_0310_1,12,44783013,2024-05-11,18,18:00,,0.51202995,0.0,1.3166443
20001_0310_1,12,44783013,2024-05-11,19,19:00,,0.46490362,0.0,1.207261
20001_0310_1,12,44783013,2024-05-11,20,20:00,0.0,0.4269977,0.0177752,1.0681083
20001_0310_1,12,44783013,2024-05-11,21,21:00,,0.4317261,0.09522232,0.972181
20001_0310_1,12,44783013,2024-05-11,22,22:00,,0.48405364,0.19436093,0.954686
20001_0310_1,12,44783013,2024-05-11,23,23:00,,0.04013654,0.0,0.43747896
20001_0310_1,12,44783013,2024-05-12,0,00:00,,0.0015798043,0.0,0.24222046
20001_0310_1,12,44783013,2024-05-12,1,01:00,,0.0079291575,0.0,0.20094962
20001_0310_1,12,44783013,2024-05-12,2,02:00,,0.0,0.0,0.16094866
20001_0310_1,12,44783013,2024-05-12,3,03:00,,0.0,0.0,0.25174448
20001_0310_1,12,44783013,2024-05-12,4,04:00,,0.0,0.0,0.35492152
20001_0310_1,12,44783013,2024-05-12,5,05:00,,0.5130206,0.19475904,1.0208102
20001_0310_1,12,44783013,2024-05-12,6,06:00,,0.90699816,0.55079925,1.461932
20001_0310_1,12,44783013,2024-05-12,7,07:00,,0.14761502,0.0,0.6790562
20001_0310_1,12,44783013,2024-05-12,8,08:00,,0.019357994,0.0,0.4944486
20001_0310_1,12,44783013,2024-05-12,9,09:00,,0.177457,0.0,0.6396902
20001_0310_1,12,44783013,2024-05-12,10,10:00,,0.22698198,0.0,0.7120729
20001_0310_1,12,44783013,2024-05-12,11,11:00,,0.35254052,0.10142343,0.86588603
20001_0310_1,12,44783013,2024-05-12,12,12:00,,0.29079303,0.025707345,0.80286866
20001_0310_1,12,44783013,2024-05-12,13,13:00,,0.41976434,0.16390511,0.9391616
20001_0310_1,12,44783013,2024-05-12,14,14:00,,0.14063072,0.0,0.6765165
20001_0310_1,12,44783013,2024-05-12,15,15:00,,0.34381017,0.029516973,0.93239564
20001_0310_1,12,44783013,2024-05-12,16,16:00,,0.4931788,0.07380372,1.1684328
20001_0310_1,12,44783013,2024-05-12,17,17:00,,1.1419243,0.62572163,1.8886087
20001_0310_1,12,44783013,2024-05-12,18,18:00,,0.49381372,0.0,1.2725624
20001_0310_1,12,44783013,2024-05-12,19,19:00,,0.49841702,0.002214801,1.2314503
20001_0310_1,12,44783013,2024-05-12,20,20:00,,0.46151137,0.038961627,1.1183523
20001_0310_1,12,44783013,2024-05-12,21,21:00,,0.5142904,0.15205956,1.0790657
20001_0310_1,12,44783013,2024-05-12,22,22:00,,0.48682943,0.17634584,0.9922383
20001_0310_1,12,44783013,2024-05-12,23,23:00,,0.005389402,0.0,0.43968543
20001_0310_1,12,44783013,2024-05-13,0,00:00,,0.0,0.0,0.25823167
20001_0310_1,12,44783013,2024-05-13,1,01:00,,0.023571685,0.0,0.23834528
20001_0310_1,12,44783013,2024-05-13,2,02:00,,0.0,0.0,0.20453832
20001_0310_1,12,44783013,2024-05-13,3,03:00,,0.022245921,0.0,0.29899892
20001_0310_1,12,44783013,2024-05-13,4,04:00,,0.0,0.0,0.36868432
20001_0310_1,12,44783013,2024-05-13,5,05:00,0.0,0.47408247,0.18117173,0.93751943
20001_0310_1,12,44783013,2024-05-13,6,06:00,1.3295401732126872,0.8999009,0.5606714,1.414297
20001_0310_1,12,44783013,2024-05-13,7,07:00,0.0,0.23569374,0.0,0.7275518
20001_0310_1,12,44783013,2024-05-13,8,08:00,0.0,0.02887473,0.0,0.48410854
20001_0310_1,12,44783013,2024-05-13,9,09:00,0.0,0.23635662,0.0,0.68446445
20001_0310_1,12,44783013,2024-05-13,10,10:00,0.9415584206581116,0.18001169,0.0,0.65927494
20001_0310_1,12,44783013,2024-05-13,11,11:00,0.2791666746139526,0.38235626,0.11339211,0.89360356
20001_0310_1,12,44783013,2024-05-13,12,12:00,1.3736697832743328,0.39710534,0.09609509,0.9313257
20001_0310_1,12,44783013,2024-05-13,13,13:00,0.0,0.41943616,0.12474396,0.980524
20001_0310_1,12,44783013,2024-05-13,14,14:00,0.0,0.2240933,0.0,0.81505215
20001_0310_1,12,44783013,2024-05-13,15,15:00,1.4152677059173584,0.4623163,0.08985983,1.1047312
20001_0310_1,12,44783013,2024-05-13,16,16:00,0.0,0.59431255,0.12963271,1.3214935
20001_0310_1,12,44783013,2024-05-13,17,17:00,0.9359615445137024,1.2101295,0.67054397,1.9923295
20001_0310_1,12,44783013,2024-05-13,18,18:00,0.8628589312235514,0.53680766,0.0,1.3475116
20001_0310_1,12,44783013,2024-05-13,19,19:00,0.0,0.5747576,0.07494497,1.3238136
20001_0310_1,12,44783013,2024-05-13,20,20:00,0.8983855247497559,0.54658514,0.117700875,1.2273643
20001_0310_1,12,44783013,2024-05-13,21,21:00,1.1321429014205933,0.5056522,0.14206173,1.0780504
20001_0310_1,12,44783013,2024-05-13,22,22:00,0.0,0.44081408,0.12898016,0.9502902
20001_0310_1,12,44783013,2024-05-13,23,23:00,,0.043458126,0.0,0.46886227
20001_0310_1,12,44783013,2024-05-14,0,00:00,,0.0,0.0,0.23323348
20001_0310_1,12,44783013,2024-05-14,1,01:00,,0.0,0.0,0.18520895
20001_0310_1,12,44783013,2024-05-14,2,02:00,,0.0,0.0,0.122650646
20001_0310_1,12,44783013,2024-05-14,3,03:00,,0.0,0.0,0.25408626
20001_0310_1,12,44783013,2024-05-14,4,04:00,,0.0,0.0,0.29863536
20001_0310_1,12,44783013,2024-05-14,5,05:00,0.0,0.43220365,0.13212922,0.90304965
20001_0310_1,12,44783013,2024-05-14,6,06:00,1.4119186401367188,0.8436509,0.4938931,1.3529638
20001_0310_1,12,44783013,2024-05-14,7,07:00,0.6620498498280843,0.2758869,0.0,0.7678226
20001_0310_1,12,44783013,2024-05-14,8,08:00,0.0,0.04745432,0.0,0.513798
20001_0310_1,12,44783013,2024-05-14,9,09:00,0.0,0.18457703,0.0,0.6566078
20001_0310_1,12,44783013,2024-05-14,10,10:00,0.6407407522201538,0.22691447,0.0,0.7425465
20001_0310_1,12,44783013,2024-05-14,11,11:00,0.816962480545044,0.32327956,0.016333122,0.8719284
20001_0310_1,12,44783013,2024-05-14,12,12:00,0.7066203355789185,0.37793905,0.05227252,0.9344078
20001_0310_1,12,44783013,2024-05-14,13,13:00,1.7767127354939778,0.32106787,0.0071705678,0.8893058
20001_0310_1,12,44783013,2024-05-14,14,14:00,0.0,0.16877948,0.0,0.76529497
20001_0310_1,12,44783013,2024-05-14,15,15:00,0.0,0.36782864,0.0,1.0047067
20001_0310_1,12,44783013,2024-05-14,16,16:00,3.065650224685669,0.57446057,0.10780088,1.2976724
20001_0310_1,12,44783013,2024-05-14,17,17:00,0.6934572696685791,1.1242154,0.57714623,1.8963995
20001_0310_1,12,44783013,2024-05-14,18,18:00,0.30314967036247253,0.6224851,0.070834674,1.4073074
20001_0310_1,12,44783013,2024-05-14,19,19:00,0.0,0.5479207,0.058196597,1.274608
20001_0310_1,12,44783013,2024-05-14,20,20:00,0.7841874758402506,0.4866262,0.07209848,1.1450682
20001_0310_1,12,44783013,2024-05-14,21,21:00,0.0,0.40886277,0.06242246,0.9736251
20001_0310_1,12,44783013,2024-05-14,22,22:00,0.0,0.36010757,0.06990657,0.8654712
20001_0310_1,12,44783013,2024-05-14,23,23:00,,0.0,0.0,0.42075044
20001_0310_1,12,44783013,2024-05-15,0,00:00,,0.0,0.0,0.18293935
20001_0310_1,12,44783013,2024-05-15,1,01:00,,0.0,0.0,0.12589373
20001_0310_1,12,44783013,2024-05-15,2,02:00,,0.0,0.0,0.14300741
20001_0310_1,12,44783013,2024-05-15,3,03:00,,0.0,0.0,0.19434848
20001_0310_1,12,44783013,2024-05-15,4,04:00,,0.0,0.0,0.291643
20001_0310_1,12,44783013,2024-05-15,5,05:00,0.4559607207775116,0.43124628,0.13722362,0.88959205
20001_0310_1,12,44783013,2024-05-15,6,06:00,0.9824344317118326,1.1413058,0.80029976,1.6382365
20001_0310_1,12,44783013,2024-05-15,7,07:00,0.0,0.22667432,0.0,0.71663284
20001_0310_1,12,44783013,2024-05-15,8,08:00,0.18118699959346227,0.03969145,0.0,0.5030287
20001_0310_1,12,44783013,2024-05-15,9,09:00,0.0,0.09483554,0.0,0.55817276
20001_0310_1,12,44783013,2024-05-15,10,10:00,0.0,0.21399751,0.0,0.7229712
20001_0310_1,12,44783013,2024-05-15,11,11:00,0.32692307233810425,0.319215,0.037314523,0.85623616
20001_0310_1,12,44783013,2024-05-15,12,12:00,0.4494721094767253,0.34250864,0.044524495,0.9014765
20001_0310_1,12,44783013,2024-05-15,13,13:00,0.31484127044677734,0.26628938,0.0,0.83928096
20001_0310_1,12,44783013,2024-05-15,14,14:00,0.0,0.11511844,0.0,0.71346366
20001_0310_1,12,44783013,2024-05-15,15,15:00,0.45056819915771484,0.34377635,0.0,0.9931457
20001_0310_1,12,44783013,2024-05-15,16,16:00,0.4769842227300008,0.511744,0.069640435,1.2447803
20001_0310_1,12,44783013,2024-05-15,17,17:00,0.6335247755050659,0.93974465,0.41286498,1.7269744
20001_0310_1,12,44783013,2024-05-15,18,18:00,0.8864171028137207,0.4571545,0.0,1.2502471
20001_0310_1,12,44783013,2024-05-15,19,19:00,0.4733912467956543,0.42665094,0.0,1.1421773
20001_0310_1,12,44783013,2024-05-15,20,20:00,0.0,0.41880715,0.05395282,1.041476
20001_0310_1,12,44783013,2024-05-15,21,21:00,0.6546183228492737,0.43029553,0.1361936,0.9430723
20001_0310_1,12,44783013,2024-05-15,22,22:00,1.2280701398849487,0.36096925,0.1133754,0.80489516
20001_0310_1,12,44783013,2024-05-15,23,23:00,,0.0,0.0,0.3757853
20001_0310_1,12,44783013,2024-05-16,0,00:00,,0.0,0.0,0.20311418
20001_0310_1,12,44783013,2024-05-16,1,01:00,,0.0,0.0,0.11547178
20001_0310_1,12,44783013,2024-05-16,2,02:00,,0.0015962892,0.0,0.18880522
20001_0310_1,12,44783013,2024-05-16,3,03:00,,0.0,0.0,0.21652882
20001_0310_1,12,44783013,2024-05-16,4,04:00,,0.0,0.0,0.37198973
20001_0310_1,12,44783013,2024-05-16,5,05:00,0.5652249455451965,0.43235567,0.11748401,0.93309486
20001_0310_1,12,44783013,2024-05-16,6,06:00,0.6885282397270203,1.038996,0.68604165,1.5684277
20001_0310_1,12,44783013,2024-05-16,7,07:00,0.0,0.20400849,0.0,0.7045241
20001_0310_1,12,44783013,2024-05-16,8,08:00,0.0,0.04094594,0.0,0.4980875
20001_0310_1,12,44783013,2024-05-16,9,09:00,0.0,0.08506525,0.0,0.53251845
20001_0310_1,12,44783013,2024-05-16,10,10:00,0.0,0.2567728,0.018290069,0.7337382
20001_0310_1,12,44783013,2024-05-16,11,11:00,0.2958333194255829,0.33562112,0.07269397,0.85134006
20001_0310_1,12,44783013,2024-05-16,12,12:00,0.0,0.35484877,0.068222396,0.8993347
20001_0310_1,12,44783013,2024-05-16,13,13:00,0.48553967475891113,0.32637993,0.053615328,0.8775731
20001_0310_1,12,44783013,2024-05-16,14,14:00,0.0,0.12024144,0.0,0.69081134
20001_0310_1,12,44783013,2024-05-16,15,15:00,0.0,0.40783665,0.054956768,1.0303509
20001_0310_1,12,44783013,2024-05-16,16,16:00,1.6418412923812866,0.51642084,0.05793785,1.226503
20001_0310_1,12,44783013,2024-05-16,17,17:00,0.0,1.0938469,0.5596458,1.8736857
20001_0310_1,12,44783013,2024-05-16,18,18:00,0.6413647532463074,0.47766736,0.0,1.255121
20001_0310_1,12,44783013,2024-05-16,19,19:00,1.5310125350952148,0.4356348,0.0,1.1292468
20001_0310_1,12,44783013,2024-05-16,20,20:00,0.0,0.46633944,0.069116704,1.0671668
20001_0310_1,12,44783013,2024-05-16,21,21:00,0.608522891998291,0.6013803,0.27942857,1.1129256
20001_0310_1,12,44783013,2024-05-16,22,22:00,1.3589743375778198,0.46022832,0.17792444,0.9202019
20001_0310_1,12,44783013,2024-05-16,23,23:00,,0.011135606,0.0,0.40671876
20001_0310_1,12,44783013,2024-05-17,0,00:00,,0.0,0.0,0.24471478
20001_0310_1,12,44783013,2024-05-17,1,01:00,,0.0,0.0,0.21958075
20001_0310_1,12,44783013,2024-05-17,2,02:00,,0.0,0.0,0.20443974
20001_0310_1,12,44783013,2024-05-17,3,03:00,,0.0,0.0,0.31284928
20001_0310_1,12,44783013,2024-05-17,4,04:00,,0.010029264,0.0,0.47546357
20001_0310_1,12,44783013,2024-05-17,5,05:00,0.35576921701431274,0.31027532,0.0,0.87957704
20001_0310_1,12,44783013,2024-05-17,6,06:00,0.6772893667221069,0.9269684,0.54965466,1.5386648
20001_0310_1,12,44783013,2024-05-17,7,07:00,0.25204904079437257,0.24501759,0.0,0.83006597
20001_0310_1,12,44783013,2024-05-17,8,08:00,0.5923081040382385,0.02577592,0.0,0.55813354
20001_0310_1,12,44783013,2024-05-17,9,09:00,0.0,0.08936812,0.0,0.60961294
20001_0310_1,12,44783013,2024-05-17,10,10:00,0.3181818127632141,0.15962237,0.0,0.705304
20001_0310_1,12,44783013,2024-05-17,11,11:00,0.0,0.31890568,0.045989145,0.89449096
20001_0310_1,12,44783013,2024-05-17,12,12:00,0.0,0.34850633,0.07051755,0.949907
20001_0310_1,12,44783013,2024-05-17,13,13:00,1.5769118070602417,0.32602194,0.04651907,0.9319649
20001_0310_1,12,44783013,2024-05-17,14,14:00,0.0,0.07907224,0.0,0.70409274
20001_0310_1,12,44783013,2024-05-17,15,15:00,0.45347269376118976,0.37099072,0.0004904326,1.0470364
20001_0310_1,12,44783013,2024-05-17,16,16:00,1.0724444389343262,0.6180919,0.1372136,1.3830153
20001_0310_1,12,44783013,2024-05-17,17,17:00,1.2147743701934814,1.0129693,0.4529035,1.8342172
20001_0310_1,12,44783013,2024-05-17,18,18:00,0.43211547533671063,0.48273134,0.0,1.2974687
20001_0310_1,12,44783013,2024-05-17,19,19:00,0.8580991625785828,0.45290357,0.0,1.1769463
20001_0310_1,12,44783013,2024-05-17,20,20:00,0.5814285755157471,0.41338554,0.013511693,1.0382547
20001_0310_1,12,44783013,2024-05-17,21,21:00,0.0,0.45880857,0.13282283,0.99222606
20001_0310_1,12,44783013,2024-05-17,22,22:00,1.375,0.4115686,0.12131569,0.8935067
20001_0310_1,12,44783013,2024-05-17,23,23:00,,0.046367675,0.0,0.4547204
20001_0310_1,12,44783013,2024-05-18,0,00:00,,0.0,0.0,0.24731731
20001_0310_1,12,44783013,2024-05-18,1,01:00,,0.00012506079,0.0,0.19395322
20001_0310_1,12,44783013,2024-05-18,2,02:00,,0.0,0.0,0.14978983
20001_0310_1,12,44783013,2024-05-18,3,03:00,,0.0,0.0,0.25866488
20001_0310_1,12,44783013,2024-05-18,4,04:00,,0.005032102,0.0,0.41783705
20001_0310_1,12,44783013,2024-05-18,5,05:00,,0.32490993,0.021286681,0.8426029
20001_0310_1,12,44783013,2024-05-18,6,06:00,,0.9398236,0.5914237,1.5078138
20001_0310_1,12,44783013,2024-05-18,7,07:00,,0.16144407,0.0,0.7085793
20001_0310_1,12,44783013,2024-05-18,8,08:00,,0.02220674,0.0,0.5214984
20001_0310_1,12,44783013,2024-05-18,9,09:00,,0.052875765,0.0,0.53989977
20001_0310_1,12,44783013,2024-05-18,10,10:00,,0.1203476,0.0,0.6515349
20001_0310_1,12,44783013,2024-05-18,11,11:00,,0.28350678,0.0096325055,0.87572545
20001_0310_1,12,44783013,2024-05-18,12,12:00,,0.28718704,0.0,0.90930796
20001_0310_1,12,44783013,2024-05-18,13,13:00,,0.40671954,0.10294293,1.0610429
20001_0310_1,12,44783013,2024-05-18,14,14:00,,0.14304267,0.0,0.8189877
20001_0310_1,12,44783013,2024-05-18,15,15:00,,0.36201945,0.0,1.0965806
20001_0310_1,12,44783013,2024-05-18,16,16:00,0.0,0.6012377,0.09274547,1.4250073
20001_0310_1,12,44783013,2024-05-18,17,17:00,,1.1594138,0.5665818,2.054949
20001_0310_1,12,44783013,2024-05-18,18,18:00,,0.47350132,0.0,1.3788506
20001_0310_1,12,44783013,2024-05-18,19,19:00,,0.4813219,0.0,1.3004913
20001_0310_1,12,44783013,2024-05-18,20,20:00,,0.4319448,0.0,1.168231
20001_0310_1,12,44783013,2024-05-18,21,21:00,,0.44237226,0.06882366,1.0655665
20001_0310_1,12,44783013,2024-05-18,22,22:00,,0.4639939,0.1643576,1.0267704
20001_0310_1,12,44783013,2024-05-18,23,23:00,,0.035701126,0.0,0.5067772
20001_0310_1,12,44783013,2024-05-19,0,00:00,,0.0,0.0,0.258168
20001_0310_1,12,44783013,2024-05-19,1,01:00,,0.07272315,0.0025548246,0.27445713
20001_0310_1,12,44783013,2024-05-19,2,02:00,,0.0,0.0,0.15730102
20001_0310_1,12,44783013,2024-05-19,3,03:00,,0.0,0.0,0.26130056
20001_0310_1,12,44783013,2024-05-19,4,04:00,,0.012578882,0.0,0.39192644
20001_0310_1,12,44783013,2024-05-19,5,05:00,,0.3103244,0.014458398,0.800093
20001_0310_1,12,44783013,2024-05-19,6,06:00,,0.7280451,0.38440827,1.2850062
20001_0310_1,12,44783013,2024-05-19,7,07:00,,0.11971086,0.0,0.6622623
20001_0310_1,12,44783013,2024-05-19,8,08:00,,0.082747206,0.0,0.5939736
20001_0310_1,12,44783013,2024-05-19,9,09:00,,0.12848191,0.0,0.63782877
20001_0310_1,12,44783013,2024-05-19,10,10:00,,0.2155658,0.0,0.77096057
20001_0310_1,12,44783013,2024-05-19,11,11:00,,0.31361353,0.0038078483,0.92852604
20001_0310_1,12,44783013,2024-05-19,12,12:00,,0.34963745,0.014928253,1.0010438
20001_0310_1,12,44783013,2024-05-19,13,13:00,,0.3884023,0.031099854,1.0723475
20001_0310_1,12,44783013,2024-05-19,14,14:00,,0.17922865,0.0,0.90659845
20001_0310_1,12,44783013,2024-05-19,15,15:00,,0.35989642,0.0,1.1353111
20001_0310_1,12,44783013,2024-05-19,16,16:00,,0.58958805,0.025108948,1.4485235
20001_0310_1,12,44783013,2024-05-19,17,17:00,,1.7555099,1.111465,2.6727104
20001_0310_1,12,44783013,2024-05-19,18,18:00,,0.7211536,0.08086775,1.6277033
20001_0310_1,12,44783013,2024-05-19,19,19:00,,0.5353955,0.0,1.361753
20001_0310_1,12,44783013,2024-05-19,20,20:00,,0.39083,0.0,1.1149106
20001_0310_1,12,44783013,2024-05-19,21,21:00,,0.4420466,0.054476246,1.0593868
20001_0310_1,12,44783013,2024-05-19,22,22:00,,0.4473719,0.12487954,0.99258614
20001_0310_1,12,44783013,2024-05-19,23,23:00,,0.09026523,0.0,0.5563834
20001_0310_1,12,44783013,2024-05-20,0,00:00,,0.018276405,0.0,0.31930345
20001_0310_1,12,44783013,2024-05-20,1,01:00,,0.051032346,0.0,0.30423573
20001_0310_1,12,44783013,2024-05-20,2,02:00,,0.0,0.0,0.25706717
20001_0310_1,12,44783013,2024-05-20,3,03:00,,0.014345703,0.0,0.33748302
20001_0310_1,12,44783013,2024-05-20,4,04:00,,0.015655937,0.0,0.4462327
20001_0310_1,12,44783013,2024-05-20,5,05:00,0.0,0.2642735,0.0,0.79852283
20001_0310_1,12,44783013,2024-05-20,6,06:00,1.2270539999008179,0.76511174,0.38710827,1.3684764
20001_0310_1,12,44783013,2024-05-20,7,07:00,0.7851111888885498,0.1394734,0.0,0.7480787
20001_0310_1,12,44783013,2024-05-20,8,08:00,0.22327907085418702,0.070685916,0.0,0.6537416
20001_0310_1,12,44783013,2024-05-20,9,09:00,0.0,0.16305764,0.0,0.74840623
20001_0310_1,12,44783013,2024-05-20,10,10:00,0.4936203956604004,0.29473653,0.0,0.91890097
20001_0310_1,12,44783013,2024-05-20,11,11:00,0.37229567766189575,0.2885129,0.0,0.9436317
20001_0310_1,12,44783013,2024-05-20,12,12:00,0.0,0.4215839,0.046937842,1.1069201
20001_0310_1,12,44783013,2024-05-20,13,13:00,0.0,0.48832408,0.109665506,1.198473
20001_0310_1,12,44783013,2024-05-20,14,14:00,0.0,0.17288445,0.0,0.9177545
20001_0310_1,12,44783013,2024-05-20,15,15:00,0.0,0.47685954,0.0,1.2593988
20001_0310_1,12,44783013,2024-05-20,16,16:00,0.2974173426628113,0.5436816,0.0,1.4002495
20001_0310_1,12,44783013,2024-05-20,17,17:00,1.6161327362060547,1.1293578,0.49290994,2.0150785
20001_0310_1,12,44783013,2024-05-20,18,18:00,1.13550861676534,0.5109257,0.0,1.3986118
20001_0310_1,12,44783013,2024-05-20,19,19:00,0.7875,0.50797766,0.0,1.318032
20001_0310_1,12,44783013,2024-05-20,20,20:00,0.0,0.5892124,0.15290341,1.3052573
20001_0310_1,12,44783013,2024-05-20,21,21:00,0.38333332538604736,0.4762044,0.12538831,1.0792414
20001_0310_1,12,44783013,2024-05-20,22,22:00,0.0,0.37015706,0.08231428,0.9116947
20001_0310_1,12,44783013,2024-05-20,23,23:00,,0.02744807,0.0,0.50896037
20001_0310_1,12,44783013,2024-05-21,0,00:00,,0.0,0.0,0.25943062
20001_0310_1,12,44783013,2024-05-21,1,01:00,,0.020610297,0.0,0.26191187
20001_0310_1,12,44783013,2024-05-21,2,02:00,,0.0,0.0,0.24578375
20001_0310_1,12,44783013,2024-05-21,3,03:00,,0.0,0.0,0.31122676
20001_0310_1,12,44783013,2024-05-21,4,04:00,,0.0,0.0,0.42040172
20001_0310_1,12,44783013,2024-05-21,5,05:00,0.704812228679657,0.23740953,0.0,0.76126343
20001_0310_1,12,44783013,2024-05-21,6,06:00,1.6355894406636555,0.68806654,0.3379389,1.2680589
20001_0310_1,12,44783013,2024-05-21,7,07:00,0.39232997099558514,0.26749468,0.0,0.8512087
20001_0310_1,12,44783013,2024-05-21,8,08:00,1.0783265113830567,0.09690873,0.0,0.6558103
20001_0310_1,12,44783013,2024-05-21,9,09:00,0.0,0.14715406,0.0,0.7085369
20001_0310_1,12,44783013,2024-05-21,10,10:00,0.0,0.17630875,0.0,0.77429
20001_0310_1,12,44783013,2024-05-21,11,11:00,0.44796379407246906,0.2439228,0.0,0.857412
20001_0310_1,12,44783013,2024-05-21,12,12:00,0.0,0.27617905,0.0,0.90424544
20001_0310_1,12,44783013,2024-05-21,13,13:00,0.43421053886413574,0.32161698,0.0,0.95433575
20001_0310_1,12,44783013,2024-05-21,14,14:00,0.0,0.17134625,0.0,0.8232947
20001_0310_1,12,44783013,2024-05-21,15,15:00,0.0,0.31913573,0.0,1.0172974
20001_0310_1,12,44783013,2024-05-21,16,16:00,0.0,0.5230634,0.0075837094,1.2990743
20001_0310_1,12,44783013,2024-05-21,17,17:00,0.0,0.822054,0.21911025,1.6383853
20001_0310_1,12,44783013,2024-05-21,18,18:00,0.3721572458744049,0.5329884,0.0,1.3604854
20001_0310_1,12,44783013,2024-05-21,19,19:00,0.24814815521240235,0.5038338,0.0,1.2668182
20001_0310_1,12,44783013,2024-05-21,20,20:00,0.9714092016220093,0.37659216,0.0,1.0476928
20001_0310_1,12,44783013,2024-05-21,21,21:00,,0.36147207,0.051470876,0.92859274
20001_0310_1,12,44783013,2024-05-21,22,22:00,0.0,0.31525874,0.073647,0.8273267
20001_0310_1,12,44783013,2024-05-21,23,23:00,,0.009444669,0.0,0.46320328
20001_0310_1,12,44783013,2024-05-22,0,00:00,,0.0,0.0,0.23239309
20001_0310_1,12,44783013,2024-05-22,1,01:00,,0.0,0.0,0.19498417
20001_0310_1,12,44783013,2024-05-22,2,02:00,,0.0,0.0,0.1759828
20001_0310_1,12,44783013,2024-05-22,3,03:00,,0.0,0.0,0.25302744
20001_0310_1,12,44783013,2024-05-22,4,04:00,,0.0,0.0,0.3496672
20001_0310_1,12,44783013,2024-05-22,5,05:00,0.41278568903605145,0.32940403,0.04126599,0.8191349
20001_0310_1,12,44783013,2024-05-22,6,06:00,0.0,0.806591,0.46293324,1.3445675
20001_0310_1,12,44783013,2024-05-22,7,07:00,0.0,0.20389104,0.0,0.7374141
20001_0310_1,12,44783013,2024-05-22,8,08:00,0.3265730142593384,0.09522691,0.0,0.5993572
20001_0310_1,12,44783013,2024-05-22,9,09:00,0.0,0.061380733,0.0,0.5536351
20001_0310_1,12,44783013,2024-05-22,10,10:00,0.0,0.106508985,0.0,0.6254841
20001_0310_1,12,44783013,2024-05-22,11,11:00,0.0,0.17360762,0.0,0.70623994
20001_0310_1,12,44783013,2024-05-22,12,12:00,0.0,0.1593566,0.0,0.7098027
20001_0310_1,12,44783013,2024-05-22,13,13:00,0.42630648612976074,0.25852,0.0002200855,0.81846684
20001_0310_1,12,44783013,2024-05-22,14,14:00,0.9209882418314616,0.02278419,0.0,0.614202
20001_0310_1,12,44783013,2024-05-22,15,15:00,0.0,0.19557795,0.0,0.8487503
20001_0310_1,12,44783013,2024-05-22,16,16:00,2.4919589360555015,0.47703582,0.0043765632,1.2234336
20001_0310_1,12,44783013,2024-05-22,17,17:00,0.0,0.8362806,0.2666847,1.6450267
20001_0310_1,12,44783013,2024-05-22,18,18:00,0.0,0.4883179,0.0,1.3157684
20001_0310_1,12,44783013,2024-05-22,19,19:00,0.5084848403930664,0.43903303,0.0,1.1922594
20001_0310_1,12,44783013,2024-05-22,20,20:00,0.0,0.31411386,0.0,0.97040355
20001_0310_1,12,44783013,2024-05-22,21,21:00,0.0,0.40466732,0.10791929,0.95585567
20001_0310_1,12,44783013,2024-05-22,22,22:00,0.0,0.3942017,0.15267639,0.88185424
20001_0310_1,12,44783013,2024-05-22,23,23:00,,0.013283495,0.0,0.43547028
20001_0310_1,12,44783013,2024-05-23,0,00:00,,0.0,0.0,0.26255006
20001_0310_1,12,44783013,2024-05-23,1,01:00,,0.0,0.0,0.23030438
20001_0310_1,12,44783013,2024-05-23,2,02:00,,0.0,0.0,0.24687928
20001_0310_1,12,44783013,2024-05-23,3,03:00,,0.0,0.0,0.31784987
20001_0310_1,12,44783013,2024-05-23,4,04:00,,0.0,0.0,0.4377916
20001_0310_1,12,44783013,2024-05-23,5,05:00,0.807692289352417,0.12784156,0.0,0.67752445
20001_0310_1,12,44783013,2024-05-23,6,06:00,1.2486988703409831,0.41677165,0.12738954,1.0049534
20001_0310_1,12,44783013,2024-05-23,7,07:00,0.0,0.106143564,0.0,0.6811407
20001_0310_1,12,44783013,2024-05-23,8,08:00,0.0,0.059733916,0.0,0.59374607
20001_0310_1,12,44783013,2024-05-23,9,09:00,0.467202107111613,0.015735185,0.0,0.54010373
20001_0310_1,12,44783013,2024-05-23,10,10:00,0.0,0.07962376,0.0,0.6413611
20001_0310_1,12,44783013,2024-05-23,11,11:00,0.0,0.102527216,0.0,0.6823463
20001_0310_1,12,44783013,2024-05-23,12,12:00,0.39907729625701904,0.11156805,0.0,0.71067417
20001_0310_1,12,44783013,2024-05-23,13,13:00,0.0,0.1664158,0.0,0.7793846
20001_0310_1,12,44783013,2024-05-23,14,14:00,0.0,0.07239109,0.0,0.71067417
20001_0310_1,12,44783013,2024-05-23,15,15:00,0.0,0.13989602,0.0,0.83724606
20001_0310_1,12,44783013,2024-05-23,16,16:00,1.470749855041504,0.32523316,0.0,1.1130667
20001_0310_1,12,44783013,2024-05-23,17,17:00,0.0,0.5572813,0.102225855,1.4016955
20001_0310_1,12,44783013,2024-05-23,18,18:00,0.0,0.2978093,0.0,1.1511136
20001_0310_1,12,44783013,2024-05-23,19,19:00,0.0,0.28831643,0.0,1.0711021
20001_0310_1,12,44783013,2024-05-23,20,20:00,0.0,0.21553768,0.0,0.90444946
20001_0310_1,12,44783013,2024-05-23,21,21:00,0.0,0.26631707,0.033063486,0.85638237
20001_0310_1,12,44783013,2024-05-23,22,22:00,0.0,0.21945539,0.026282838,0.75376886
20001_0310_1,12,44783013,2024-05-23,23,23:00,,0.018146079,0.0,0.48706418
20001_0310_1,12,44783013,2024-05-24,0,00:00,,0.0,0.0,0.2792108
20001_0310_1,12,44783013,2024-05-24,1,01:00,,0.0,0.0,0.27438956
20001_0310_1,12,44783013,2024-05-24,2,02:00,,0.0,0.0,0.27921084
20001_0310_1,12,44783013,2024-05-24,3,03:00,,0.0,0.0,0.35695314
20001_0310_1,12,44783013,2024-05-24,4,04:00,,0.0,0.0,0.47899058
20001_0310_1,12,44783013,2024-05-24,5,05:00,0.739973783493042,0.113782324,0.0,0.70799905
20001_0310_1,12,44783013,2024-05-24,6,06:00,0.4062054554621379,0.3280258,0.052914277,0.94665
20001_0310_1,12,44783013,2024-05-24,7,07:00,0.805504322052002,0.09510004,0.0,0.6808797
20001_0310_1,12,44783013,2024-05-24,8,08:00,0.3107407331466675,0.042066492,0.0,0.5717993
20001_0310_1,12,44783013,2024-05-24,9,09:00,0.6715747714042664,0.0,0.0,0.48863307
20001_0310_1,12,44783013,2024-05-24,10,10:00,0.0,0.038450576,0.0,0.584455
20001_0310_1,12,44783013,2024-05-24,11,11:00,0.3509710133075714,0.07219919,0.0,0.6447204
20001_0310_1,12,44783013,2024-05-24,12,12:00,0.4026491641998291,0.038450576,0.0,0.62664074
20001_0310_1,12,44783013,2024-05-24,13,13:00,0.4429629643758138,0.11860354,0.0,0.7161349
20001_0310_1,12,44783013,2024-05-24,14,14:00,0.0,0.021576269,0.0,0.63748854
20001_0310_1,12,44783013,2024-05-24,15,15:00,0.0,0.05291426,0.0,0.72909194
20001_0310_1,12,44783013,2024-05-24,16,16:00,0.5273504257202148,0.25917256,0.0,1.0224338
20001_0310_1,12,44783013,2024-05-24,17,17:00,1.7825926144917805,0.3994403,0.020144997,1.2236449
20001_0310_1,12,44783013,2024-05-24,18,18:00,0.5687500238418579,0.13728583,0.0,0.96834564
20001_0310_1,12,44783013,2024-05-24,19,19:00,0.7207091808319092,0.14029908,0.0,0.8915072
20001_0310_1,12,44783013,2024-05-24,20,20:00,0.3327205777168274,0.11619292,0.0,0.7845361
20001_0310_1,12,44783013,2024-05-24,21,21:00,0.0,0.13005397,0.0,0.7128203
20001_0310_1,12,44783013,2024-05-24,22,22:00,1.307692289352417,0.103537194,0.0,0.6459257
20001_0310_1,12,44783013,2024-05-24,23,23:00,,0.0,0.0,0.4642255
20001_0310_1,12,44783013,2024-05-25,0,00:00,,0.0,0.0,0.25032285
20001_0310_1,12,44783013,2024-05-25,1,01:00,,0.0,0.0,0.20398071
20001_0310_1,12,44783013,2024-05-25,2,02:00,,0.0,0.0,0.17260174
20001_0310_1,12,44783013,2024-05-25,3,03:00,,0.0029227152,0.0,0.29434064
20001_0310_1,12,44783013,2024-05-25,4,04:00,,0.0,0.0,0.40954226
20001_0310_1,12,44783013,2024-05-25,5,05:00,,0.25627908,0.0,0.7783907
20001_0310_1,12,44783013,2024-05-25,6,06:00,,0.59912366,0.24436663,1.1738242
20001_0310_1,12,44783013,2024-05-25,7,07:00,,0.19584544,0.0,0.7539848
20001_0310_1,12,44783013,2024-05-25,8,08:00,,0.16039878,0.0,0.6705981
20001_0310_1,12,44783013,2024-05-25,9,09:00,,0.10403283,0.0,0.59912366
20001_0310_1,12,44783013,2024-05-25,10,10:00,,0.11972232,0.0,0.6334081
20001_0310_1,12,44783013,2024-05-25,11,11:00,,0.21153492,0.0,0.75543755
20001_0310_1,12,44783013,2024-05-25,12,12:00,,0.2388463,0.0,0.7972762
20001_0310_1,12,44783013,2024-05-25,13,13:00,,0.32739028,0.051316816,0.8921577
20001_0310_1,12,44783013,2024-05-25,14,14:00,,0.13541181,0.0,0.71999097
20001_0310_1,12,44783013,2024-05-25,15,15:00,,0.25744125,0.0,0.89867693
20001_0310_1,12,44783013,2024-05-25,16,16:00,,0.5180612,0.03226787,1.2409403
20001_0310_1,12,44783013,2024-05-25,17,17:00,,1.1523237,0.58633953,1.9426094
20001_0310_1,12,44783013,2024-05-25,18,18:00,,0.45559385,0.0,1.2467513
20001_0310_1,12,44783013,2024-05-25,19,19:00,,0.4066368,0.0,1.1266103
20001_0310_1,12,44783013,2024-05-25,20,20:00,,0.2696442,0.0,0.90841025
20001_0310_1,12,44783013,2024-05-25,21,21:00,,0.26964423,0.0,0.8103508
20001_0310_1,12,44783013,2024-05-25,22,22:00,,0.33973852,0.08369459,0.83097965
20001_0310_1,12,44783013,2024-05-25,23,23:00,,0.0,0.0,0.42029247
20001_0310_1,12,44783013,2024-05-26,0,00:00,,0.0,0.0,0.25709844
20001_0310_1,12,44783013,2024-05-26,1,01:00,,0.039159276,0.0,0.24094394
20001_0310_1,12,44783013,2024-05-26,2,02:00,,0.0,0.0,0.17250748
20001_0310_1,12,44783013,2024-05-26,3,03:00,,0.013312034,0.0,0.27942103
20001_0310_1,12,44783013,2024-05-26,4,04:00,,0.0,0.0,0.3583579
20001_0310_1,12,44783013,2024-05-26,5,05:00,,0.3952196,0.09650784,0.8760368
20001_0310_1,12,44783013,2024-05-26,6,06:00,,0.677116,0.3363657,1.2163831
20001_0310_1,12,44783013,2024-05-26,7,07:00,,0.1930678,0.0,0.72704816
20001_0310_1,12,44783013,2024-05-26,8,08:00,,0.16428338,0.0,0.6665422
20001_0310_1,12,44783013,2024-05-26,9,09:00,,0.10671454,0.0,0.6107356
20001_0310_1,12,44783013,2024-05-26,10,10:00,,0.15077232,0.0,0.68534005
20001_0310_1,12,44783013,2024-05-26,11,11:00,,0.21509667,0.0,0.78373575
20001_0310_1,12,44783013,2024-05-26,12,12:00,,0.20922232,0.0,0.8010652
20001_0310_1,12,44783013,2024-05-26,13,13:00,,0.31877932,0.03460665,0.92398643
20001_0310_1,12,44783013,2024-05-26,14,14:00,,0.11787586,0.0,0.7628818
20001_0310_1,12,44783013,2024-05-26,15,15:00,,0.18954317,0.0,0.8979923
20001_0310_1,12,44783013,2024-05-26,16,16:00,,0.5425929,0.02682313,1.3368077
20001_0310_1,12,44783013,2024-05-26,17,17:00,,1.3597177,0.76875615,2.1962283
20001_0310_1,12,44783013,2024-05-26,18,18:00,,0.5290818,0.0,1.3538435
20001_0310_1,12,44783013,2024-05-26,19,19:00,,0.42951122,0.0,1.1491216
20001_0310_1,12,44783013,2024-05-26,20,20:00,,0.1951238,0.0,0.8163386
20001_0310_1,12,44783013,2024-05-26,21,21:00,,0.27031577,0.0,0.78814155
20001_0310_1,12,44783013,2024-05-26,22,22:00,,0.38692203,0.13601297,0.86267275
20001_0310_1,12,44783013,2024-05-26,23,23:00,,0.015661787,0.0,0.43905708
20001_0310_1,12,44783013,2024-05-27,0,00:00,,0.0,0.0,0.29073626
20001_0310_1,12,44783013,2024-05-27,1,01:00,,0.01402157,0.0,0.24961552
20001_0310_1,12,44783013,2024-05-27,2,02:00,,0.0,0.0,0.20756727
20001_0310_1,12,44783013,2024-05-27,3,03:00,,0.00041771308,0.0,0.29661065
20001_0310_1,12,44783013,2024-05-27,4,04:00,,0.0,0.0,0.38410816
20001_0310_1,12,44783013,2024-05-27,5,05:00,1.1241638660430908,0.37892944,0.064726844,0.877866
20001_0310_1,12,44783013,2024-05-27,6,06:00,0.3015691936016083,0.6688615,0.30420488,1.2253827
20001_0310_1,12,44783013,2024-05-27,7,07:00,0.0,0.23199238,0.0,0.7810933
20001_0310_1,12,44783013,2024-05-27,8,08:00,0.0,0.1599538,0.0,0.6830837
20001_0310_1,12,44783013,2024-05-27,9,09:00,0.4457653760910034,0.1698475,0.0,0.6880306
20001_0310_1,12,44783013,2024-05-27,10,10:00,0.0,0.120378956,0.0,0.6670064
20001_0310_1,12,44783013,2024-05-27,11,11:00,0.0,0.2675479,0.0,0.8370546
20001_0310_1,12,44783013,2024-05-27,12,12:00,0.4777696530024211,0.23663005,0.0,0.8259241
20001_0310_1,12,44783013,2024-05-27,13,13:00,0.41337112585703534,0.34236908,0.051123008,0.9465038
20001_0310_1,12,44783013,2024-05-27,14,14:00,0.5425651868184408,0.1815963,0.0,0.82747006
20001_0310_1,12,44783013,2024-05-27,15,15:00,0.4489694833755493,0.22364455,0.0,0.94062936
20001_0310_1,12,44783013,2024-05-27,16,16:00,1.8000438213348389,0.6014606,0.07152877,1.41831
20001_0310_1,12,44783013,2024-05-27,17,17:00,1.4268461465835571,1.2062136,0.5903302,2.0719132
20001_0310_1,12,44783013,2024-05-27,18,18:00,0.4243053197860718,0.57177943,0.0,1.4343873
20001_0310_1,12,44783013,2024-05-27,19,19:00,0.25397775570551556,0.5192191,0.030408034,1.2875276
20001_0310_1,12,44783013,2024-05-27,20,20:00,0.8816013336181641,0.26229185,0.0,0.93413657
20001_0310_1,12,44783013,2024-05-27,21,21:00,0.0,0.2836252,0.0,0.8420015
20001_0310_1,12,44783013,2024-05-27,22,22:00,0.0,0.3875864,0.14016634,0.90136355
20001_0310_1,12,44783013,2024-05-27,23,23:00,,0.021441855,0.0,0.48088104
20001_0310_1,12,44783013,2024-05-28,0,00:00,,0.0,0.0,0.27729306
20001_0310_1,12,44783013,2024-05-28,1,01:00,,0.0,0.0,0.24893275
20001_0310_1,12,44783013,2024-05-28,2,02:00,,0.0,0.0,0.22915322
20001_0310_1,12,44783013,2024-05-28,3,03:00,,0.0,0.0,0.302163
20001_0310_1,12,44783013,2024-05-28,4,04:00,,0.0,0.0,0.4268031
20001_0310_1,12,44783013,2024-05-28,5,05:00,1.3926186561584473,0.2934367,0.0,0.8257389
20001_0310_1,12,44783013,2024-05-28,6,06:00,0.675634503364563,0.5607513,0.2125733,1.1425023
20001_0310_1,12,44783013,2024-05-28,7,07:00,1.0057965914408367,0.26842138,0.0,0.8372284
20001_0310_1,12,44783013,2024-05-28,8,08:00,0.26451888084411623,0.18203138,0.0,0.7093887
20001_0310_1,12,44783013,2024-05-28,9,09:00,0.0,0.14654455,0.0,0.66488475
20001_0310_1,12,44783013,2024-05-28,10,10:00,0.4932405650615692,0.12560152,0.0,0.6788467
20001_0310_1,12,44783013,2024-05-28,11,11:00,0.0,0.19773865,0.0,0.7725087
20001_0310_1,12,44783013,2024-05-28,12,12:00,0.4891057809193929,0.23671597,0.0,0.8245753
20001_0310_1,12,44783013,2024-05-28,13,13:00,0.0,0.28732833,0.0,0.881846
20001_0310_1,12,44783013,2024-05-28,14,14:00,0.7822325825691223,0.20006566,0.0,0.8123586
20001_0310_1,12,44783013,2024-05-28,15,15:00,0.9691383838653564,0.2244992,0.0,0.8987487
20001_0310_1,12,44783013,2024-05-28,16,16:00,1.2946744759877522,0.5654053,0.05171913,1.3333167
20001_0310_1,12,44783013,2024-05-28,17,17:00,2.3093416690826416,0.7876342,0.1884306,1.6113937
20001_0310_1,12,44783013,2024-05-28,18,18:00,3.140866756439209,0.46708935,0.0,1.297248
20001_0310_1,12,44783013,2024-05-28,19,19:00,0.0,0.39800647,0.0,1.1478835
20001_0310_1,12,44783013,2024-05-28,20,20:00,0.0,0.27598417,0.0,0.9221641
20001_0310_1,12,44783013,2024-05-28,21,21:00,2.2580208778381348,0.21402767,0.0,0.76029193
20001_0310_1,12,44783013,2024-05-28,22,22:00,0.0,0.22042695,0.02495857,0.71200657
20001_0310_1,12,44783013,2024-05-28,23,23:00,,0.0,0.0,0.4241852
20001_0310_1,12,44783013,2024-05-29,0,00:00,,0.0,0.0,0.27038115
20001_0310_1,12,44783013,2024-05-29,1,01:00,,0.02869668,0.0,0.286412
20001_0310_1,12,44783013,2024-05-29,2,02:00,,0.011597092,0.0,0.2816791
20001_0310_1,12,44783013,2024-05-29,3,03:00,,0.0,0.0,0.32397002
20001_0310_1,12,44783013,2024-05-29,4,04:00,,0.0,0.0,0.42870504
20001_0310_1,12,44783013,2024-05-29,5,05:00,0.29574891924858093,0.39191037,0.07373576,0.9329906
20001_0310_1,12,44783013,2024-05-29,6,06:00,1.3933091163635254,0.5285545,0.17282183,1.1081086
20001_0310_1,12,44783013,2024-05-29,7,07:00,0.0,0.22656342,0.0,0.7874912
20001_0310_1,12,44783013,2024-05-29,8,08:00,0.0,0.16060786,0.0,0.689474
20001_0310_1,12,44783013,2024-05-29,9,09:00,0.0,0.17160045,0.0,0.6968023
20001_0310_1,12,44783013,2024-05-29,10,10:00,0.0,0.07694196,0.0,0.6412286
20001_0310_1,12,44783013,2024-05-29,11,11:00,0.0,0.14472964,0.0,0.73955125
20001_0310_1,12,44783013,2024-05-29,12,12:00,0.7102469801902771,0.17953955,0.0,0.7975678
20001_0310_1,12,44783013,2024-05-29,13,13:00,0.0,0.2955725,0.032360844,0.94230366
20001_0310_1,12,44783013,2024-05-29,14,14:00,0.0,0.17648605,0.0,0.8647448
20001_0310_1,12,44783013,2024-05-29,15,15:00,0.5919901132583618,0.21801363,0.0,1.0015415
20001_0310_1,12,44783013,2024-05-29,16,16:00,0.9701798756917318,0.7774146,0.24015144,1.673922
20001_0310_1,12,44783013,2024-05-29,17,17:00,1.2676650683085124,0.9667316,0.33114576,1.9291946
20001_0310_1,12,44783013,2024-05-29,18,18:00,0.0,0.44763672,0.0,1.412237
20001_0310_1,12,44783013,2024-05-29,19,19:00,0.0,0.39122337,0.0,1.2597913
20001_0310_1,12,44783013,2024-05-29,20,20:00,0.6075389385223389,0.20274614,0.0,0.9520749
20001_0310_1,12,44783013,2024-05-29,21,21:00,0.0,0.23328114,0.0,0.8681036
20001_0310_1,12,44783013,2024-05-29,22,22:00,1.4226962327957153,0.3227486,0.09969052,0.8911575
20001_0310_1,12,44783013,2024-05-29,23,23:00,,0.0,0.0,0.49282858
20001_0310_1,12,44783013,2024-05-30,0,00:00,,0.0,0.0,0.273138
20001_0310_1,12,44783013,2024-05-30,1,01:00,,0.0,0.0,0.239677
20001_0310_1,12,44783013,2024-05-30,2,02:00,,0.0,0.0,0.27730203
20001_0310_1,12,44783013,2024-05-30,3,03:00,,0.0,0.0,0.34541374
20001_0310_1,12,44783013,2024-05-30,4,04:00,,0.028500862,0.0,0.512124
20001_0310_1,12,44783013,2024-05-30,5,05:00,,0.39954627,0.0688028,0.9718039
20001_0310_1,12,44783013,2024-05-30,6,06:00,,0.5763691,0.20874415,1.185508
20001_0310_1,12,44783013,2024-05-30,7,07:00,,0.2875634,0.0,0.8711234
20001_0310_1,12,44783013,2024-05-30,8,08:00,,0.1784062,0.0,0.7218129
20001_0310_1,12,44783013,2024-05-30,9,09:00,,0.18494968,0.0,0.71764886
20001_0310_1,12,44783013,2024-05-30,10,10:00,,0.0707361,0.0,0.62217355
20001_0310_1,12,44783013,2024-05-30,11,11:00,,0.11891995,0.0,0.6828494
20001_0310_1,12,44783013,2024-05-30,12,12:00,,0.18673426,0.0,0.7682122
20001_0310_1,12,44783013,2024-05-30,13,13:00,,0.1766216,0.0,0.77624285
20001_0310_1,12,44783013,2024-05-30,14,14:00,,0.15520655,0.0,0.80777055
20001_0310_1,12,44783013,2024-05-30,15,15:00,,0.17424215,0.0,0.9201996
20001_0310_1,12,44783013,2024-05-30,16,16:00,,0.7744582,0.2587126,1.6584237
20001_0310_1,12,44783013,2024-05-30,17,17:00,,1.0052649,0.39389503,1.9451474
20001_0310_1,12,44783013,2024-05-30,18,18:00,,0.42943805,0.0,1.3687257
20001_0310_1,12,44783013,2024-05-30,19,19:00,,0.36221862,0.0,1.1872183
20001_0310_1,12,44783013,2024-05-30,20,20:00,,0.19208802,0.0,0.89045644
20001_0310_1,12,44783013,2024-05-30,21,21:00,,0.20576985,0.0,0.7958733
20001_0310_1,12,44783013,2024-05-30,22,22:00,,0.34546953,0.11596422,0.8803624
20001_0310_1,12,44783013,2024-05-30,23,23:00,,0.0,0.0,0.47553992
20001_0310_1,12,44783013,2024-05-31,0,00:00,,0.015359862,0.0,0.2736848
20001_0310_1,12,44783013,2024-05-31,1,01:00,,0.008249986,0.0,0.20851105
20001_0310_1,12,44783013,2024-05-31,2,02:00,,0.008249998,0.0,0.2316181
20001_0310_1,12,44783013,2024-05-31,3,03:00,,0.0,0.0,0.29471812
20001_0310_1,12,44783013,2024-05-31,4,04:00,,0.035504464,0.0,0.494683
20001_0310_1,12,44783013,2024-05-31,5,05:00,,0.44846883,0.090753965,1.0197756
20001_0310_1,12,44783013,2024-05-31,6,06:00,,0.6256228,0.21769458,1.2364783
20001_0310_1,12,44783013,2024-05-31,7,07:00,,0.31323335,0.0,0.88461435
20001_0310_1,12,44783013,2024-05-31,8,08:00,,0.22006458,0.0,0.74056554
20001_0310_1,12,44783013,2024-05-31,9,09:00,,0.26005754,0.0,0.75271153
20001_0310_1,12,44783013,2024-05-31,10,10:00,,0.15281716,0.0,0.6570247
20001_0310_1,12,44783013,2024-05-31,11,11:00,,0.2639087,0.0,0.7749298
20001_0310_1,12,44783013,2024-05-31,12,12:00,,0.3271568,0.04528049,0.85284215
20001_0310_1,12,44783013,2024-05-31,13,13:00,,0.34204313,0.054315973,0.86721
20001_0310_1,12,44783013,2024-05-31,14,14:00,,0.26065,0.0,0.82292145
20001_0310_1,12,44783013,2024-05-31,15,15:00,,0.28434956,0.0,0.9313467
20001_0310_1,12,44783013,2024-05-31,16,16:00,,0.72871584,0.16762933,1.5013206
20001_0310_1,12,44783013,2024-05-31,17,17:00,,1.5736041,0.9313467,2.4078279
20001_0310_1,12,44783013,2024-05-31,18,18:00,,0.591851,0.0,1.4148173
20001_0310_1,12,44783013,2024-05-31,19,19:00,,0.47098336,0.0,1.1941153
20001_0310_1,12,44783013,2024-05-31,20,20:00,,0.2999024,0.0,0.9168308
20001_0310_1,12,44783013,2024-05-31,21,21:00,,0.2864233,0.0,0.81240475
20001_0310_1,12,44783013,2024-05-31,22,22:00,,0.48905426,0.20169741,0.97133976
20001_0310_1,12,44783013,2024-05-31,23,23:00,,0.046169247,0.0,0.47157586
20001_0310_1,13,45833919,2024-05-01,0,00:00,,0.0,0.0,0.80101806
20001_0310_1,13,45833919,2024-05-01,1,01:00,,0.0,0.0,0.6625823
20001_0310_1,13,45833919,2024-05-01,2,02:00,,0.0,0.0,0.7120237
20001_0310_1,13,45833919,2024-05-01,3,03:00,,0.0,0.0,0.83068275
20001_0310_1,13,45833919,2024-05-01,4,04:00,,0.20772213,0.0,1.3267441
20001_0310_1,13,45833919,2024-05-01,5,05:00,,1.9678332,1.0836575,3.2310588
20001_0310_1,13,45833919,2024-05-01,6,06:00,,1.7210386,0.69471914,3.0514219
20001_0310_1,13,45833919,2024-05-01,7,07:00,,1.5673585,0.5051942,2.8717852
20001_0310_1,13,45833919,2024-05-01,8,08:00,,0.7680571,0.0,2.0271626
20001_0310_1,13,45833919,2024-05-01,9,09:00,,0.8801241,0.0,2.152414
20001_0310_1,13,45833919,2024-05-01,10,10:00,,1.1026102,0.105543524,2.44247
20001_0310_1,13,45833919,2024-05-01,11,11:00,,1.286367,0.20360202,2.7251093
20001_0310_1,13,45833919,2024-05-01,12,12:00,,2.216688,1.1569957,3.7205281
20001_0310_1,13,45833919,2024-05-01,13,13:00,,1.8069428,0.67803264,3.4038975
20001_0310_1,13,45833919,2024-05-01,14,14:00,,1.9319882,0.7182037,3.5726159
20001_0310_1,13,45833919,2024-05-01,15,15:00,,2.0279868,0.7111997,3.7864497
20001_0310_1,13,45833919,2024-05-01,16,16:00,,1.8434058,0.41990802,3.6995158
20001_0310_1,13,45833919,2024-05-01,17,17:00,,3.7246482,2.1309896,5.6957083
20001_0310_1,13,45833919,2024-05-01,18,18:00,,3.045654,1.381954,5.1419663
20001_0310_1,13,45833919,2024-05-01,19,19:00,,2.4671907,0.7285043,4.6244802
20001_0310_1,13,45833919,2024-05-01,20,20:00,,2.9006262,1.165236,5.036491
20001_0310_1,13,45833919,2024-05-01,21,21:00,,4.080625,2.4391735,6.1044226
20001_0310_1,13,45833919,2024-05-01,22,22:00,,2.9105146,1.4913425,4.7332506
20001_0310_1,13,45833919,2024-05-01,23,23:00,,0.2538674,0.0,1.8112689
20001_0310_1,13,45833919,2024-05-02,0,00:00,,0.0,0.0,0.7450391
20001_0310_1,13,45833919,2024-05-02,1,01:00,,0.0,0.0,0.60329527
20001_0310_1,13,45833919,2024-05-02,2,02:00,,0.0,0.0,0.53407174
20001_0310_1,13,45833919,2024-05-02,3,03:00,,0.0,0.0,0.80767006
20001_0310_1,13,45833919,2024-05-02,4,04:00,,0.15498973,0.0,1.1826317
20001_0310_1,13,45833919,2024-05-02,5,05:00,,1.9721113,1.0656109,3.140673
20001_0310_1,13,45833919,2024-05-02,6,06:00,,1.7226175,0.6591276,2.953398
20001_0310_1,13,45833919,2024-05-02,7,07:00,,1.7329186,0.62533975,2.9525738
20001_0310_1,13,45833919,2024-05-02,8,08:00,,0.85381913,0.0,2.0207324
20001_0310_1,13,45833919,2024-05-02,9,09:00,,1.1554366,0.12202612,2.3371835
20001_0310_1,13,45833919,2024-05-02,10,10:00,,1.2806987,0.20773154,2.5250766
20001_0310_1,13,45833919,2024-05-02,11,11:00,,1.4912539,0.3494752,2.8382313
20001_0310_1,13,45833919,2024-05-02,12,12:00,,2.4311302,1.2897636,3.874938
20001_0310_1,13,45833919,2024-05-02,13,13:00,,1.9576899,0.741331,3.4904997
20001_0310_1,13,45833919,2024-05-02,14,14:00,,2.1558833,0.8513468,3.7142403
20001_0310_1,13,45833919,2024-05-02,15,15:00,,2.5184836,1.1307139,4.1287584
20001_0310_1,13,45833919,2024-05-02,16,16:00,,2.01414,0.5695077,3.6614983
20001_0310_1,13,45833919,2024-05-02,17,17:00,,4.249076,2.6898947,5.969779
20001_0310_1,13,45833919,2024-05-02,18,18:00,,3.0426056,1.4418081,4.8523107
20001_0310_1,13,45833919,2024-05-02,19,19:00,,2.6008928,0.95106184,4.443561
20001_0310_1,13,45833919,2024-05-02,20,20:00,,3.0360131,1.392775,4.8687925
20001_0310_1,13,45833919,2024-05-02,21,21:00,,3.899661,2.3866289,5.65992
20001_0310_1,13,45833919,2024-05-02,22,22:00,,3.2304986,1.9407959,4.806162
20001_0310_1,13,45833919,2024-05-02,23,23:00,,0.13850784,0.0,1.476214
20001_0310_1,13,45833919,2024-05-03,0,00:00,,0.06093125,0.0,0.7455214
20001_0310_1,13,45833919,2024-05-03,1,01:00,,0.0,0.0,0.5272462
20001_0310_1,13,45833919,2024-05-03,2,02:00,,0.0,0.0,0.46440947
20001_0310_1,13,45833919,2024-05-03,3,03:00,,0.0,0.0,0.60661906
20001_0310_1,13,45833919,2024-05-03,4,04:00,,0.13038239,0.0,1.0216724
20001_0310_1,13,45833919,2024-05-03,5,05:00,,1.9133761,1.0667332,2.9634116
20001_0310_1,13,45833919,2024-05-03,6,06:00,,1.7187679,0.71834016,2.8580978
20001_0310_1,13,45833919,2024-05-03,7,07:00,,1.6198621,0.6026917,2.7424493
20001_0310_1,13,45833919,2024-05-03,8,08:00,,0.8546589,0.0,1.9307387
20001_0310_1,13,45833919,2024-05-03,9,09:00,,1.0795486,0.18660489,2.1353717
20001_0310_1,13,45833919,2024-05-03,10,10:00,,1.2755,0.35196465,2.3428984
20001_0310_1,13,45833919,2024-05-03,11,11:00,,1.5375954,0.57561386,2.6326914
20001_0310_1,13,45833919,2024-05-03,12,12:00,,2.7794485,1.8122998,3.9468896
20001_0310_1,13,45833919,2024-05-03,13,13:00,,2.0493846,1.0386218,3.2643669
20001_0310_1,13,45833919,2024-05-03,14,14:00,,2.0068045,0.92286986,3.2428699
20001_0310_1,13,45833919,2024-05-03,15,15:00,,2.6157424,1.4619435,3.8658633
20001_0310_1,13,45833919,2024-05-03,16,16:00,,1.9834472,0.7792135,3.2844164
20001_0310_1,13,45833919,2024-05-03,17,17:00,,4.535571,3.242457,5.8915234
20001_0310_1,13,45833919,2024-05-03,18,18:00,,2.9977238,1.6533474,4.4727345
20001_0310_1,13,45833919,2024-05-03,19,19:00,,2.1031265,0.70335454,3.63684
20001_0310_1,13,45833919,2024-05-03,20,20:00,,2.7662196,1.3441243,4.317296
20001_0310_1,13,45833919,2024-05-03,21,21:00,,3.7881444,2.4685724,5.263155
20001_0310_1,13,45833919,2024-05-03,22,22:00,,3.7484577,2.6240103,5.084566
20001_0310_1,13,45833919,2024-05-03,23,23:00,,0.041088007,0.0,1.155614
20001_0310_1,13,45833919,2024-05-04,0,00:00,,0.08499193,0.0,0.7048747
20001_0310_1,13,45833919,2024-05-04,1,01:00,,0.0,0.0,0.3768945
20001_0310_1,13,45833919,2024-05-04,2,02:00,,0.0,0.0,0.40313295
20001_0310_1,13,45833919,2024-05-04,3,03:00,,0.0,0.0,0.5638432
20001_0310_1,13,45833919,2024-05-04,4,04:00,,0.21618408,0.0,0.934461
20001_0310_1,13,45833919,2024-05-04,5,05:00,,2.0971513,1.4092125,2.9408805
20001_0310_1,13,45833919,2024-05-04,6,06:00,,1.785775,0.9961624,2.6951005
20001_0310_1,13,45833919,2024-05-04,7,07:00,,1.6459734,0.85841066,2.53931
20001_0310_1,13,45833919,2024-05-04,8,08:00,,0.83934665,0.111230284,1.6795912
20001_0310_1,13,45833919,2024-05-04,9,09:00,,0.8869038,0.20306487,1.7029599
20001_0310_1,13,45833919,2024-05-04,10,10:00,,1.136169,0.43593094,1.9766185
20001_0310_1,13,45833919,2024-05-04,11,11:00,,1.302619,0.56384325,2.1824265
20001_0310_1,13,45833919,2024-05-04,12,12:00,,2.4136524,1.6396186,3.3615153
20001_0310_1,13,45833919,2024-05-04,13,13:00,,1.6461782,0.8379117,2.6614826
20001_0310_1,13,45833919,2024-05-04,14,14:00,,1.6303943,0.7401328,2.6817765
20001_0310_1,13,45833919,2024-05-04,15,15:00,,2.2349033,1.2608016,3.3319976
20001_0310_1,13,45833919,2024-05-04,16,16:00,,1.8425566,0.79537684,3.005964
20001_0310_1,13,45833919,2024-05-04,17,17:00,,4.063393,2.8859444,5.3162785
20001_0310_1,13,45833919,2024-05-04,18,18:00,,3.0072968,1.7314531,4.3946533
20001_0310_1,13,45833919,2024-05-04,19,19:00,,2.208665,0.8344272,3.678017
20001_0310_1,13,45833919,2024-05-04,20,20:00,,2.872825,1.4797282,4.378254
20001_0310_1,13,45833919,2024-05-04,21,21:00,,3.9977973,2.6825964,5.4212317
20001_0310_1,13,45833919,2024-05-04,22,22:00,,3.8469265,2.702275,5.132609
20001_0310_1,13,45833919,2024-05-04,23,23:00,,0.12434958,0.0,1.1902857
20001_0310_1,13,45833919,2024-05-05,0,00:00,,0.0,0.0,0.4803865
20001_0310_1,13,45833919,2024-05-05,1,01:00,,0.0,0.0,0.37130147
20001_0310_1,13,45833919,2024-05-05,2,02:00,,0.0,0.0,0.31996727
20001_0310_1,13,45833919,2024-05-05,3,03:00,,0.0055455863,0.0,0.4611361
20001_0310_1,13,45833919,2024-05-05,4,04:00,,0.17559004,0.0,0.7755578
20001_0310_1,13,45833919,2024-05-05,5,05:00,,2.122277,1.5491797,2.8329344
20001_0310_1,13,45833919,2024-05-05,6,06:00,,1.8046471,1.1292822,2.5441797
20001_0310_1,13,45833919,2024-05-05,7,07:00,0.0,1.6546551,0.97628236,2.368721
20001_0310_1,13,45833919,2024-05-05,8,08:00,,0.7883914,0.16596489,1.4725792
20001_0310_1,13,45833919,2024-05-05,9,09:00,,0.87822616,0.28467512,1.5584037
20001_0310_1,13,45833919,2024-05-05,10,10:00,0.0,1.0963962,0.48199064,1.8162774
20001_0310_1,13,45833919,2024-05-05,11,11:00,,1.2343569,0.56540877,1.9939419
20001_0310_1,13,45833919,2024-05-05,12,12:00,,2.2353725,1.5427629,3.0775738
20001_0310_1,13,45833919,2024-05-05,13,13:00,,1.5832685,0.8260897,2.4912412
20001_0310_1,13,45833919,2024-05-05,14,14:00,,1.5247157,0.67770225,2.4776058
20001_0310_1,13,45833919,2024-05-05,15,15:00,,2.0139942,1.0811565,3.0222292
20001_0310_1,13,45833919,2024-05-05,16,16:00,,1.7300521,0.71600235,2.7950351
20001_0310_1,13,45833919,2024-05-05,17,17:00,,4.0352764,2.886675,5.1967115
20001_0310_1,13,45833919,2024-05-05,18,18:00,,2.9348004,1.7045854,4.2309875
20001_0310_1,13,45833919,2024-05-05,19,19:00,,2.2610397,0.9472065,3.6438532
20001_0310_1,13,45833919,2024-05-05,20,20:00,,2.9444253,1.6354047,4.38499
20001_0310_1,13,45833919,2024-05-05,21,21:00,,4.163612,2.9444258,5.5303836
20001_0310_1,13,45833919,2024-05-05,22,22:00,,3.9646916,2.9187586,5.1710443
20001_0310_1,13,45833919,2024-05-05,23,23:00,,0.13708933,0.0,1.1092298
20001_0310_1,13,45833919,2024-05-06,0,00:00,,0.0018788762,0.0,0.5137948
20001_0310_1,13,45833919,2024-05-06,1,01:00,,0.0,0.0,0.33883613
20001_0310_1,13,45833919,2024-05-06,2,02:00,,0.0,0.0,0.28375655
20001_0310_1,13,45833919,2024-05-06,3,03:00,,0.0,0.0,0.43279544
20001_0310_1,13,45833919,2024-05-06,4,04:00,,0.09583816,0.0,0.70171326
20001_0310_1,13,45833919,2024-05-06,5,05:00,1.6923110485076904,2.1362116,1.5297291,2.8546758
20001_0310_1,13,45833919,2024-05-06,6,06:00,2.5414501825968423,1.7468071,1.0289506,2.5112388
20001_0310_1,13,45833919,2024-05-06,7,07:00,0.0,1.1423497,0.3955357,1.9069834
20001_0310_1,13,45833919,2024-05-06,8,08:00,0.0,0.58183426,0.0,1.355378
20001_0310_1,13,45833919,2024-05-06,9,09:00,1.0211296876271565,0.78919256,0.092598185,1.5783286
20001_0310_1,13,45833919,2024-05-06,10,10:00,0.8899404207865397,0.73735297,0.0,1.5736711
20001_0310_1,13,45833919,2024-05-06,11,11:00,2.041384696960449,1.2103891,0.42793554,2.0932822
20001_0310_1,13,45833919,2024-05-06,12,12:00,3.5235792795817056,2.36058,1.5489663,3.3131323
20001_0310_1,13,45833919,2024-05-06,13,13:00,3.0696964263916016,1.5356015,0.6676937,2.5274389
20001_0310_1,13,45833919,2024-05-06,14,14:00,1.0275146961212158,1.5356015,0.61868894,2.5432336
20001_0310_1,13,45833919,2024-05-06,15,15:00,1.9079874356587727,2.0616922,1.0840302,3.073374
20001_0310_1,13,45833919,2024-05-06,16,16:00,3.4159533182779946,1.9021236,0.8847717,2.9389153
20001_0310_1,13,45833919,2024-05-06,17,17:00,4.247203350067139,4.0648055,2.940535,5.127517
20001_0310_1,13,45833919,2024-05-06,18,18:00,2.211952018737793,2.9696949,1.8174791,4.1425653
20001_0310_1,13,45833919,2024-05-06,19,19:00,2.815641403198242,2.3168402,1.1293898,3.5674703
20001_0310_1,13,45833919,2024-05-06,20,20:00,2.6190476417541504,2.979415,1.8045192,4.2559643
20001_0310_1,13,45833919,2024-05-06,21,21:00,5.4166669845581055,4.174965,3.079854,5.367275
20001_0310_1,13,45833919,2024-05-06,22,22:00,2.470914125442505,3.9870465,3.0604143,5.036798
20001_0310_1,13,45833919,2024-05-06,23,23:00,,0.15091774,0.0,0.99655086
20001_0310_1,13,45833919,2024-05-07,0,00:00,,0.040343508,0.0,0.624351
20001_0310_1,13,45833919,2024-05-07,1,01:00,,0.0,0.0,0.4329263
20001_0310_1,13,45833919,2024-05-07,2,02:00,,0.0,0.0,0.39074796
20001_0310_1,13,45833919,2024-05-07,3,03:00,,0.0046541356,0.0,0.5789282
20001_0310_1,13,45833919,2024-05-07,4,04:00,,0.10847763,0.0,0.85308725
20001_0310_1,13,45833919,2024-05-07,5,05:00,2.7303714752197266,2.0859919,1.4460171,2.9368587
20001_0310_1,13,45833919,2024-05-07,6,06:00,2.9755635261535645,1.7343708,0.97435015,2.6371493
20001_0310_1,13,45833919,2024-05-07,7,07:00,0.5536925315856933,1.3243488,0.5326942,2.2003598
20001_0310_1,13,45833919,2024-05-07,8,08:00,0.6720040440559387,0.5335054,0.0,1.3965386
20001_0310_1,13,45833919,2024-05-07,9,09:00,0.8563974698384603,0.85470945,0.15552256,1.7063869
20001_0310_1,13,45833919,2024-05-07,10,10:00,0.7723214030265808,0.93419945,0.21716793,1.8300831
20001_0310_1,13,45833919,2024-05-07,11,11:00,0.7672208309173584,1.3949163,0.631651,2.300939
20001_0310_1,13,45833919,2024-05-07,12,12:00,3.485283613204956,2.4980416,1.7349792,3.4421873
20001_0310_1,13,45833919,2024-05-07,13,13:00,1.383359432220459,1.7844574,0.99361414,2.7440145
20001_0310_1,13,45833919,2024-05-07,14,14:00,1.0086135864257812,1.6234498,0.7854599,2.582905
20001_0310_1,13,45833919,2024-05-07,15,15:00,1.8441492716471355,2.0770695,1.192136,3.0236483
20001_0310_1,13,45833919,2024-05-07,16,16:00,1.6678727865219116,2.1054587,1.1872693,3.080427
20001_0310_1,13,45833919,2024-05-07,17,17:00,1.1791040897369385,3.9239933,2.9019804,4.923295
20001_0310_1,13,45833919,2024-05-07,18,18:00,2.378589057922363,2.833846,1.7858768,3.9759047
20001_0310_1,13,45833919,2024-05-07,19,19:00,1.3377039432525635,2.2985055,1.1872693,3.485988
20001_0310_1,13,45833919,2024-05-07,20,20:00,2.7863442103068032,2.934425,1.8016937,4.16733
20001_0310_1,13,45833919,2024-05-07,21,21:00,1.3125,4.118663,3.0382488,5.280189
20001_0310_1,13,45833919,2024-05-07,22,22:00,6.527777671813965,3.781236,2.8500686,4.864895
20001_0310_1,13,45833919,2024-05-07,23,23:00,,0.053321425,0.0,0.9569108
20001_0310_1,13,45833919,2024-05-08,0,00:00,,0.0,0.0,0.6626621
20001_0310_1,13,45833919,2024-05-08,1,01:00,,0.0,0.0,0.458521
20001_0310_1,13,45833919,2024-05-08,2,02:00,,0.0,0.0,0.42611772
20001_0310_1,13,45833919,2024-05-08,3,03:00,,0.0,0.0,0.6302588
20001_0310_1,13,45833919,2024-05-08,4,04:00,,0.14096832,0.0,0.9964166
20001_0310_1,13,45833919,2024-05-08,5,05:00,3.540189743041992,2.0300832,1.3050586,2.9940827
20001_0310_1,13,45833919,2024-05-08,6,06:00,0.4489387273788452,1.7720717,0.92087644,2.748425
20001_0310_1,13,45833919,2024-05-08,7,07:00,1.1536445617675781,1.1908367,0.35969085,2.1370144
20001_0310_1,13,45833919,2024-05-08,8,08:00,1.37266206741333,0.5589714,0.0,1.4618095
20001_0310_1,13,45833919,2024-05-08,9,09:00,1.5497068166732788,0.7955158,0.06968081,1.6934936
20001_0310_1,13,45833919,2024-05-08,10,10:00,1.225000023841858,0.8473612,0.05671966,1.7789576
20001_0310_1,13,45833919,2024-05-08,11,11:00,0.4192480444908142,1.3577139,0.5379092,2.3200934
20001_0310_1,13,45833919,2024-05-08,12,12:00,0.0,2.4902108,1.669191,3.5319781
20001_0310_1,13,45833919,2024-05-08,13,13:00,2.804253339767456,1.6468124,0.7870099,2.7312105
20001_0310_1,13,45833919,2024-05-08,14,14:00,0.0,1.5954734,0.6531435,2.691314
20001_0310_1,13,45833919,2024-05-08,15,15:00,2.6455405553181968,1.9814782,0.97049373,3.0929127
20001_0310_1,13,45833919,2024-05-08,16,16:00,1.3295278549194336,2.018742,0.94700134,3.202274
20001_0310_1,13,45833919,2024-05-08,17,17:00,0.6666666666666666,3.6696928,2.491831,4.9010196
20001_0310_1,13,45833919,2024-05-08,18,18:00,3.578566551208496,2.762399,1.5452483,4.1330605
20001_0310_1,13,45833919,2024-05-08,19,19:00,1.9065349578857422,2.221263,0.94295114,3.6308088
20001_0310_1,13,45833919,2024-05-08,20,20:00,1.5677248636881511,2.8174846,1.5298568,4.2983174
20001_0310_1,13,45833919,2024-05-08,21,21:00,5.8641252517700195,3.8835545,2.6684291,5.315782
20001_0310_1,13,45833919,2024-05-08,22,22:00,2.345454454421997,4.006687,2.917935,5.3287435
20001_0310_1,13,45833919,2024-05-08,23,23:00,,0.014595203,0.0,1.145472
20001_0310_1,13,45833919,2024-05-09,0,00:00,,0.0,0.0,0.6598974
20001_0310_1,13,45833919,2024-05-09,1,01:00,,0.0,0.0,0.52080333
20001_0310_1,13,45833919,2024-05-09,2,02:00,,0.0,0.0,0.42912763
20001_0310_1,13,45833919,2024-05-09,3,03:00,,0.0,0.0,0.5524156
20001_0310_1,13,45833919,2024-05-09,4,04:00,,0.20151901,0.0,1.0044714
20001_0310_1,13,45833919,2024-05-09,5,05:00,0.49924103418986004,1.987614,1.2573699,2.8917258
20001_0310_1,13,45833919,2024-05-09,6,06:00,1.0534809827804565,1.6669468,0.83989,2.5959535
20001_0310_1,13,45833919,2024-05-09,7,07:00,2.2350142002105713,1.1040502,0.30425897,2.008162
20001_0310_1,13,45833919,2024-05-09,8,08:00,1.1453578472137451,0.6282851,0.0,1.4905107
20001_0310_1,13,45833919,2024-05-09,9,09:00,0.5136054356892904,0.87960285,0.15884238,1.7544731
20001_0310_1,13,45833919,2024-05-09,10,10:00,0.4568209648132324,0.79266906,0.02290949,1.7062647
20001_0310_1,13,45833919,2024-05-09,11,11:00,1.9015151659647624,1.2099515,0.42833737,2.15753
20001_0310_1,13,45833919,2024-05-09,12,12:00,0.0,2.2326095,1.458503,3.234719
20001_0310_1,13,45833919,2024-05-09,13,13:00,1.1887203057607014,1.563614,0.77370155,2.6072152
20001_0310_1,13,45833919,2024-05-09,14,14:00,1.0271062056223552,1.4083185,0.5611088,2.4831367
20001_0310_1,13,45833919,2024-05-09,15,15:00,3.8910977840423584,1.930712,1.0179067,3.0553195
20001_0310_1,13,45833919,2024-05-09,16,16:00,2.3911311626434326,1.8927772,0.87604654,3.0968108
20001_0310_1,13,45833919,2024-05-09,17,17:00,4.300160725911458,3.444941,2.3053174,4.7536902
20001_0310_1,13,45833919,2024-05-09,18,18:00,3.9501206080118814,2.730503,1.5007845,4.146734
20001_0310_1,13,45833919,2024-05-09,19,19:00,1.2486774444580078,2.2231257,0.9365052,3.6978395
20001_0310_1,13,45833919,2024-05-09,20,20:00,3.407829920450846,2.689407,1.3917222,4.228926
20001_0310_1,13,45833919,2024-05-09,21,21:00,4.511904716491699,3.9064808,2.6736012,5.3796144
20001_0310_1,13,45833919,2024-05-09,22,22:00,2.6308000087738037,3.8495786,2.7589543,5.2089076
20001_0310_1,13,45833919,2024-05-09,23,23:00,,0.09087594,0.0,1.2360317
20001_0310_1,13,45833919,2024-05-10,0,00:00,,0.0,0.0,0.5452046
20001_0310_1,13,45833919,2024-05-10,1,01:00,,0.0,0.0,0.45253822
20001_0310_1,13,45833919,2024-05-10,2,02:00,,0.0,0.0,0.3166274
20001_0310_1,13,45833919,2024-05-10,3,03:00,,0.0,0.0,0.52358234
20001_0310_1,13,45833919,2024-05-10,4,04:00,,0.0,0.0,0.7598818
20001_0310_1,13,45833919,2024-05-10,5,05:00,3.2109505335489907,1.8139626,1.0869169,2.741013
20001_0310_1,13,45833919,2024-05-10,6,06:00,0.8201223611831665,1.6456186,0.81673664,2.6082878
20001_0310_1,13,45833919,2024-05-10,7,07:00,2.6389822006225585,1.0749477,0.2702942,2.0093343
20001_0310_1,13,45833919,2024-05-10,8,08:00,0.85971466700236,0.5822712,0.0,1.4954218
20001_0310_1,13,45833919,2024-05-10,9,09:00,1.5129159291585286,0.82011503,0.083416805,1.7421459
20001_0310_1,13,45833919,2024-05-10,10,10:00,0.9893567562103271,0.6008045,0.0,1.5761187
20001_0310_1,13,45833919,2024-05-10,11,11:00,2.148224671681722,1.2108585,0.40388834,2.227873
20001_0310_1,13,45833919,2024-05-10,12,12:00,1.821337381998698,2.278067,1.4394358,3.359176
20001_0310_1,13,45833919,2024-05-10,13,13:00,0.39199356238047284,1.5348049,0.6575626,2.656069
20001_0310_1,13,45833919,2024-05-10,14,14:00,1.446773886680603,1.4274663,0.5065937,2.5668776
20001_0310_1,13,45833919,2024-05-10,15,15:00,2.1249310970306396,2.1715007,1.1799695,3.3174758
20001_0310_1,13,45833919,2024-05-10,16,16:00,1.6635990142822266,1.9398346,0.88652605,3.1398652
20001_0310_1,13,45833919,2024-05-10,17,17:00,,3.686597,2.543711,4.940683
20001_0310_1,13,45833919,2024-05-10,18,18:00,0.8372546831766764,2.803177,1.5934938,4.1499295
20001_0310_1,13,45833919,2024-05-10,19,19:00,0.6686522960662842,2.2394562,1.0131701,3.6402636
20001_0310_1,13,45833919,2024-05-10,20,20:00,0.8953167597452799,2.858777,1.6143439,4.307462
20001_0310_1,13,45833919,2024-05-10,21,21:00,2.2831034660339355,3.9213521,2.7630217,5.298993
20001_0310_1,13,45833919,2024-05-10,22,22:00,1.6390635967254639,3.8657522,2.834066,5.119838
20001_0310_1,13,45833919,2024-05-10,23,23:00,,0.0,0.0,1.016259
20001_0310_1,13,45833919,2024-05-11,0,00:00,,0.0,0.0,0.6062616
20001_0310_1,13,45833919,2024-05-11,1,01:00,,0.0,0.0,0.5389187
20001_0310_1,13,45833919,2024-05-11,2,02:00,,0.0,0.0,0.49912518
20001_0310_1,13,45833919,2024-05-11,3,03:00,,0.0,0.0,0.80522895
20001_0310_1,13,45833919,2024-05-11,4,04:00,,0.073640965,0.0,1.1342906
20001_0310_1,13,45833919,2024-05-11,5,05:00,,1.8830969,0.880607,3.0922067
20001_0310_1,13,45833919,2024-05-11,6,06:00,,1.4677525,0.35927394,2.7683108
20001_0310_1,13,45833919,2024-05-11,7,07:00,,1.0317458,0.0,2.2913628
20001_0310_1,13,45833919,2024-05-11,8,08:00,,0.76849663,0.0,1.9921464
20001_0310_1,13,45833919,2024-05-11,9,09:00,,0.8389005,0.0,2.0878038
20001_0310_1,13,45833919,2024-05-11,10,10:00,,0.6980927,0.0,2.0372968
20001_0310_1,13,45833919,2024-05-11,11,11:00,,1.0960276,0.05374423,2.4842083
20001_0310_1,13,45833919,2024-05-11,12,12:00,,1.5287818,0.4671755,2.9251893
20001_0310_1,13,45833919,2024-05-11,13,13:00,,1.3271359,0.25079843,2.7394226
20001_0310_1,13,45833919,2024-05-11,14,14:00,,1.0317458,0.0,2.4704337
20001_0310_1,13,45833919,2024-05-11,15,15:00,,1.8394772,0.6280716,3.3478036
20001_0310_1,13,45833919,2024-05-11,16,16:00,,1.6224304,0.28399178,3.2256494
20001_0310_1,13,45833919,2024-05-11,17,17:00,,2.7734761,1.3466498,4.457047
20001_0310_1,13,45833919,2024-05-11,18,18:00,,2.076325,0.6468202,3.8655019
20001_0310_1,13,45833919,2024-05-11,19,19:00,,1.4384812,0.031169085,3.2115874
20001_0310_1,13,45833919,2024-05-11,20,20:00,0.0,1.9320735,0.5155784,3.7220151
20001_0310_1,13,45833919,2024-05-11,21,21:00,,3.0428479,1.7311931,4.744785
20001_0310_1,13,45833919,2024-05-11,22,22:00,,2.5821614,1.4067229,4.1341076
20001_0310_1,13,45833919,2024-05-11,23,23:00,,0.0,0.0,1.2421921
20001_0310_1,13,45833919,2024-05-12,0,00:00,,0.0,0.0,0.63062865
20001_0310_1,13,45833919,2024-05-12,1,01:00,,0.0,0.0,0.56424433
20001_0310_1,13,45833919,2024-05-12,2,02:00,,0.0,0.0,0.44013432
20001_0310_1,13,45833919,2024-05-12,3,03:00,,0.0,0.0,0.6392876
20001_0310_1,13,45833919,2024-05-12,4,04:00,,0.0,0.0,0.80957806
20001_0310_1,13,45833919,2024-05-12,5,05:00,,2.0001678,1.2425196,2.982946
20001_0310_1,13,45833919,2024-05-12,6,06:00,,1.5606416,0.65389925,2.579047
20001_0310_1,13,45833919,2024-05-12,7,07:00,,0.9928567,0.07790638,1.9770775
20001_0310_1,13,45833919,2024-05-12,8,08:00,,0.57001686,0.0,1.5149124
20001_0310_1,13,45833919,2024-05-12,9,09:00,,0.85287213,0.0,1.7851403
20001_0310_1,13,45833919,2024-05-12,10,10:00,,0.6796954,0.0,1.6484027
20001_0310_1,13,45833919,2024-05-12,11,11:00,,1.2468492,0.3347852,2.2238548
20001_0310_1,13,45833919,2024-05-12,12,12:00,,2.0809836,1.1451077,3.1142712
20001_0310_1,13,45833919,2024-05-12,13,13:00,,1.4794651,0.48676586,2.53891
20001_0310_1,13,45833919,2024-05-12,14,14:00,,1.2468491,0.19913,2.345078
20001_0310_1,13,45833919,2024-05-12,15,15:00,,1.9857366,0.87019,3.1113856
20001_0310_1,13,45833919,2024-05-12,16,16:00,,1.691336,0.49497354,2.8819258
20001_0310_1,13,45833919,2024-05-12,17,17:00,,3.4562955,2.1516976,4.697395
20001_0310_1,13,45833919,2024-05-12,18,18:00,,2.6250472,1.280763,3.998916
20001_0310_1,13,45833919,2024-05-12,19,19:00,,2.001611,0.63062865,3.4591815
20001_0310_1,13,45833919,2024-05-12,20,20:00,,2.1892192,0.82978195,3.7059586
20001_0310_1,13,45833919,2024-05-12,21,21:00,,3.7622406,2.5038235,5.2226977
20001_0310_1,13,45833919,2024-05-12,22,22:00,,3.5140212,2.4287803,4.876344
20001_0310_1,13,45833919,2024-05-12,23,23:00,,0.024510209,0.0,1.1768569
20001_0310_1,13,45833919,2024-05-13,0,00:00,,0.0,0.0,0.57583344
20001_0310_1,13,45833919,2024-05-13,1,01:00,,0.0,0.0,0.46595836
20001_0310_1,13,45833919,2024-05-13,2,02:00,,0.0,0.0,0.33584303
20001_0310_1,13,45833919,2024-05-13,3,03:00,,0.0,0.0,0.58450794
20001_0310_1,13,45833919,2024-05-13,4,04:00,,0.029349118,0.0,0.8042582
20001_0310_1,13,45833919,2024-05-13,5,05:00,2.090363025665283,1.9290332,1.2372533,2.7935774
20001_0310_1,13,45833919,2024-05-13,6,06:00,1.4318478902180989,1.5901911,0.7738075,2.497113
20001_0310_1,13,45833919,2024-05-13,7,07:00,1.7245191574096679,0.92714494,0.11030977,1.788075
20001_0310_1,13,45833919,2024-05-13,8,08:00,0.9850603342056274,0.5729421,0.0,1.426282
20001_0310_1,13,45833919,2024-05-13,9,09:00,2.012326240539551,0.8678702,0.124767095,1.705307
20001_0310_1,13,45833919,2024-05-13,10,10:00,0.9415584206581116,0.64811987,0.0,1.5207964
20001_0310_1,13,45833919,2024-05-13,11,11:00,0.8810546875,1.360863,0.56137633,2.2297442
20001_0310_1,13,45833919,2024-05-13,12,12:00,3.545106887817383,2.1863723,1.3666457,3.1304314
20001_0310_1,13,45833919,2024-05-13,13,13:00,2.928035100301107,1.5134999,0.63748,2.4706607
20001_0310_1,13,45833919,2024-05-13,14,14:00,1.0158730347951253,1.3196597,0.37849188,2.3374507
20001_0310_1,13,45833919,2024-05-13,15,15:00,1.429037094116211,2.1111946,1.0717177,3.173803
20001_0310_1,13,45833919,2024-05-13,16,16:00,1.772889256477356,1.8856614,0.7428149,3.0458567
20001_0310_1,13,45833919,2024-05-13,17,17:00,2.6316630045572915,3.597401,2.3092587,4.8118105
20001_0310_1,13,45833919,2024-05-13,18,18:00,1.2579436302185059,2.6085243,1.2779144,3.9935303
20001_0310_1,13,45833919,2024-05-13,19,19:00,3.1567718505859377,2.0952916,0.7305263,3.5410178
20001_0310_1,13,45833919,2024-05-13,20,20:00,3.0226125717163086,2.3208249,0.9488309,3.7824538
20001_0310_1,13,45833919,2024-05-13,21,21:00,5.5338544845581055,3.9212437,2.6316557,5.3264894
20001_0310_1,13,45833919,2024-05-13,22,22:00,9.333333015441895,3.591618,2.4813,4.8869886
20001_0310_1,13,45833919,2024-05-13,23,23:00,,0.1478987,0.0,1.2332776
20001_0310_1,13,45833919,2024-05-14,0,00:00,,0.0,0.0,0.812937
20001_0310_1,13,45833919,2024-05-14,1,01:00,,0.0,0.0,0.69011164
20001_0310_1,13,45833919,2024-05-14,2,02:00,,0.0,0.0,0.6391841
20001_0310_1,13,45833919,2024-05-14,3,03:00,,0.05801046,0.0,0.84589016
20001_0310_1,13,45833919,2024-05-14,4,04:00,,0.16585708,0.0,1.133481
20001_0310_1,13,45833919,2024-05-14,5,05:00,2.910466194152832,1.9475735,1.1836598,3.0335298
20001_0310_1,13,45833919,2024-05-14,6,06:00,2.771375894546509,1.5875231,0.6739159,2.7349854
20001_0310_1,13,45833919,2024-05-14,7,07:00,1.1463673114776611,1.1364769,0.20180598,2.267369
20001_0310_1,13,45833919,2024-05-14,8,08:00,0.6486611366271973,0.68711597,0.0,1.83074
20001_0310_1,13,45833919,2024-05-14,9,09:00,0.7439407110214233,1.0481026,0.15537193,2.2254286
20001_0310_1,13,45833919,2024-05-14,10,10:00,0.0,0.9222815,0.0,2.164016
20001_0310_1,13,45833919,2024-05-14,11,11:00,1.4269969463348389,1.5036423,0.49258,2.790313
20001_0310_1,13,45833919,2024-05-14,12,12:00,0.8938492139180502,2.315301,1.2900084,3.6918435
20001_0310_1,13,45833919,2024-05-14,13,13:00,3.46958859761556,1.8756759,0.7942136,3.2701933
20001_0310_1,13,45833919,2024-05-14,14,14:00,2.0135626792907715,1.4229445,0.2549804,2.8403046
20001_0310_1,13,45833919,2024-05-14,15,15:00,1.3137198289235432,2.096612,0.87584776,3.540559
20001_0310_1,13,45833919,2024-05-14,16,16:00,2.2673962116241455,1.9146205,0.63543946,3.4274697
20001_0310_1,13,45833919,2024-05-14,17,17:00,3.085687255859375,2.945904,1.5671146,4.4947014
20001_0310_1,13,45833919,2024-05-14,18,18:00,3.9976515769958496,2.3467562,0.9387582,4.0153832
20001_0310_1,13,45833919,2024-05-14,19,19:00,2.35787296295166,1.7258887,0.28269085,3.4521842
20001_0310_1,13,45833919,2024-05-14,20,20:00,3.7559789021809897,2.2359138,0.7904691,4.0048985
20001_0310_1,13,45833919,2024-05-14,21,21:00,2.5999999046325684,3.964456,2.5894115,5.6480627
20001_0310_1,13,45833919,2024-05-14,22,22:00,6.666666507720947,3.4312143,2.2239306,4.9650326
20001_0310_1,13,45833919,2024-05-14,23,23:00,,0.09995082,0.0,1.3860128
20001_0310_1,13,45833919,2024-05-15,0,00:00,,0.0,0.0,0.76466787
20001_0310_1,13,45833919,2024-05-15,1,01:00,,0.0,0.0,0.647589
20001_0310_1,13,45833919,2024-05-15,2,02:00,,0.0,0.0,0.6271002
20001_0310_1,13,45833919,2024-05-15,3,03:00,,0.0,0.0,0.6388082
20001_0310_1,13,45833919,2024-05-15,4,04:00,,0.021216836,0.0,0.9212609
20001_0310_1,13,45833919,2024-05-15,5,05:00,3.1698179244995117,2.0532675,1.2827421,3.049902
20001_0310_1,13,45833919,2024-05-15,6,06:00,2.0050598780314126,1.6006845,0.7152754,2.6324422
20001_0310_1,13,45833919,2024-05-15,7,07:00,0.4208072821299235,1.0968794,0.22903189,2.1183927
20001_0310_1,13,45833919,2024-05-15,8,08:00,1.113373143332345,0.6124653,0.0,1.6213562
20001_0310_1,13,45833919,2024-05-15,9,09:00,0.0,0.9432132,0.085610256,1.9500918
20001_0310_1,13,45833919,2024-05-15,10,10:00,1.5665872891743977,0.7471061,0.0,1.8322811
20001_0310_1,13,45833919,2024-05-15,11,11:00,2.816105842590332,1.1700536,0.19976223,2.3130362
20001_0310_1,13,45833919,2024-05-15,12,12:00,2.429642677307129,2.0481453,1.032486,3.2877185
20001_0310_1,13,45833919,2024-05-15,13,13:00,2.338258743286133,1.6667242,0.6070687,2.9340117
20001_0310_1,13,45833919,2024-05-15,14,14:00,0.0,1.4199439,0.27769282,2.730496
20001_0310_1,13,45833919,2024-05-15,15,15:00,2.290863355000814,2.0452182,0.83784217,3.3799179
20001_0310_1,13,45833919,2024-05-15,16,16:00,1.9216238657633464,1.8095973,0.55209666,3.1892989
20001_0310_1,13,45833919,2024-05-15,17,17:00,1.8843052387237549,3.4662635,2.1301007,4.8653564
20001_0310_1,13,45833919,2024-05-15,18,18:00,2.3340511322021484,2.7989137,1.422139,4.29167
20001_0310_1,13,45833919,2024-05-15,19,19:00,2.6866987228393553,2.137418,0.7193,3.659444
20001_0310_1,13,45833919,2024-05-15,20,20:00,2.887351671854655,2.291084,0.84955007,3.8496969
20001_0310_1,13,45833919,2024-05-15,21,21:00,5.856281280517578,4.1043434,2.7286665,5.638077
20001_0310_1,13,45833919,2024-05-15,22,22:00,3.6842105388641357,4.133613,2.886723,5.5444136
20001_0310_1,13,45833919,2024-05-15,23,23:00,,0.04170565,0.0,1.2724977
20001_0310_1,13,45833919,2024-05-16,0,00:00,,0.0,0.0,0.6562069
20001_0310_1,13,45833919,2024-05-16,1,01:00,,0.0,0.0,0.548237
20001_0310_1,13,45833919,2024-05-16,2,02:00,,0.0,0.0,0.46653017
20001_0310_1,13,45833919,2024-05-16,3,03:00,,0.0,0.0,0.62702584
20001_0310_1,13,45833919,2024-05-16,4,04:00,,0.0054696966,0.0,0.8298341
20001_0310_1,13,45833919,2024-05-16,5,05:00,1.271317481994629,2.096291,1.3521744,3.0067394
20001_0310_1,13,45833919,2024-05-16,6,06:00,0.6885282397270203,1.5965657,0.74447954,2.55954
20001_0310_1,13,45833919,2024-05-16,7,07:00,2.1122522354125977,1.1537436,0.311141,2.104316
20001_0310_1,13,45833919,2024-05-16,8,08:00,1.2766178448994954,0.70289654,0.0,1.657846
20001_0310_1,13,45833919,2024-05-16,9,09:00,1.12062406539917,0.9202953,0.117816746,1.8905647
20001_0310_1,13,45833919,2024-05-16,10,10:00,0.0,0.7700129,0.0,1.782595
20001_0310_1,13,45833919,2024-05-16,11,11:00,0.0,1.4652511,0.5950179,2.509294
20001_0310_1,13,45833919,2024-05-16,12,12:00,2.1249284744262695,2.1429806,1.2609838,3.2635324
20001_0310_1,13,45833919,2024-05-16,13,13:00,0.4527871608734131,1.7592499,0.8539083,2.905335
20001_0310_1,13,45833919,2024-05-16,14,14:00,2.1137962341308594,1.3893805,0.41965815,2.5498738
20001_0310_1,13,45833919,2024-05-16,15,15:00,1.3535714149475098,2.1196358,1.0982996,3.305845
20001_0310_1,13,45833919,2024-05-16,16,16:00,1.5479919910430908,1.784054,0.7050852,2.9928787
20001_0310_1,13,45833919,2024-05-16,17,17:00,2.61954927444458,3.5422115,2.3837245,4.796996
20001_0310_1,13,45833919,2024-05-16,18,18:00,4.180427551269531,2.7017977,1.4997212,4.038289
20001_0310_1,13,45833919,2024-05-16,19,19:00,1.8802379608154296,2.1940475,0.9421808,3.5947368
20001_0310_1,13,45833919,2024-05-16,20,20:00,1.343711018562317,2.5267115,1.2442048,3.9624183
20001_0310_1,13,45833919,2024-05-16,21,21:00,4.491640090942383,4.3942976,3.1511858,5.8008237
20001_0310_1,13,45833919,2024-05-16,22,22:00,2.884615421295166,4.4293146,3.2970905,5.71328
20001_0310_1,13,45833919,2024-05-16,23,23:00,,0.0083878115,0.0,1.1362349
20001_0310_1,13,45833919,2024-05-17,0,00:00,,0.0,0.0,0.6418731
20001_0310_1,13,45833919,2024-05-17,1,01:00,,0.0,0.0,0.5457808
20001_0310_1,13,45833919,2024-05-17,2,02:00,,0.0,0.0,0.42348137
20001_0310_1,13,45833919,2024-05-17,3,03:00,,0.0,0.0,0.57198775
20001_0310_1,13,45833919,2024-05-17,4,04:00,,0.0,0.0,0.8020271
20001_0310_1,13,45833919,2024-05-17,5,05:00,1.389335036277771,1.9143691,1.169653,2.838894
20001_0310_1,13,45833919,2024-05-17,6,06:00,1.3395605087280273,1.5771358,0.7297758,2.5438833
20001_0310_1,13,45833919,2024-05-17,7,07:00,1.9119195938110352,1.0306104,0.20217772,1.9595033
20001_0310_1,13,45833919,2024-05-17,8,08:00,0.9877111911773682,0.6476969,0.0,1.5582086
20001_0310_1,13,45833919,2024-05-17,9,09:00,0.5889701247215271,0.8966635,0.122100696,1.7986214
20001_0310_1,13,45833919,2024-05-17,10,10:00,1.4195599555969238,0.566164,0.0,1.516896
20001_0310_1,13,45833919,2024-05-17,11,11:00,0.5446726481119791,1.2657456,0.42020553,2.25324
20001_0310_1,13,45833919,2024-05-17,12,12:00,2.1996339162190757,2.0090055,1.1674693,3.052918
20001_0310_1,13,45833919,2024-05-17,13,13:00,3.472418467203776,1.5112544,0.6496081,2.6063986
20001_0310_1,13,45833919,2024-05-17,14,14:00,0.0,1.3671157,0.43567488,2.497293
20001_0310_1,13,45833919,2024-05-17,15,15:00,2.5110104084014893,1.9857105,0.995668,3.1359072
20001_0310_1,13,45833919,2024-05-17,16,16:00,1.0248889128367107,1.6315517,0.57271576,2.846902
20001_0310_1,13,45833919,2024-05-17,17,17:00,4.412087122599284,3.4343758,2.26962,4.6923122
20001_0310_1,13,45833919,2024-05-17,18,18:00,2.0867573420206704,2.499659,1.2708415,3.8886309
20001_0310_1,13,45833919,2024-05-17,19,19:00,2.258939027786255,1.8277403,0.5523324,3.295333
20001_0310_1,13,45833919,2024-05-17,20,20:00,2.572823905944824,2.022109,0.6855514,3.559587
20001_0310_1,13,45833919,2024-05-17,21,21:00,4.099452018737793,3.8187451,2.528778,5.297986
20001_0310_1,13,45833919,2024-05-17,22,22:00,4.125,3.7139173,2.581192,5.123272
20001_0310_1,13,45833919,2024-05-17,23,23:00,,0.0,0.0,1.1048638
20001_0310_1,13,45833919,2024-05-18,0,00:00,,0.0,0.0,0.6842368
20001_0310_1,13,45833919,2024-05-18,1,01:00,,0.0,0.0,0.5586718
20001_0310_1,13,45833919,2024-05-18,2,02:00,,0.0,0.0,0.41266602
20001_0310_1,13,45833919,2024-05-18,3,03:00,,0.0,0.0,0.6083138
20001_0310_1,13,45833919,2024-05-18,4,04:00,,0.018450247,0.0,0.8448432
20001_0310_1,13,45833919,2024-05-18,5,05:00,,2.0961132,1.311332,3.045151
20001_0310_1,13,45833919,2024-05-18,6,06:00,,1.6290772,0.722746,2.6412628
20001_0310_1,13,45833919,2024-05-18,7,07:00,,1.0069097,0.09875344,2.0026696
20001_0310_1,13,45833919,2024-05-18,8,08:00,,0.72219837,0.0,1.7208784
20001_0310_1,13,45833919,2024-05-18,9,09:00,,0.89010507,0.04473131,1.8975453
20001_0310_1,13,45833919,2024-05-18,10,10:00,,0.6754765,0.0,1.7500794
20001_0310_1,13,45833919,2024-05-18,11,11:00,,1.3193622,0.40098548,2.4538274
20001_0310_1,13,45833919,2024-05-18,12,12:00,,2.0946531,1.1653259,3.3138018
20001_0310_1,13,45833919,2024-05-18,13,13:00,,1.7573798,0.77476037,3.0334706
20001_0310_1,13,45833919,2024-05-18,14,14:00,,1.3131571,0.25242472,2.6001983
20001_0310_1,13,45833919,2024-05-18,15,15:00,,1.9559476,0.85068345,3.246639
20001_0310_1,13,45833919,2024-05-18,16,16:00,4.285714149475098,1.5624621,0.4055483,2.8905673
20001_0310_1,13,45833919,2024-05-18,17,17:00,,3.288981,2.0479312,4.661436
20001_0310_1,13,45833919,2024-05-18,18,18:00,,2.564792,1.2828608,4.059892
20001_0310_1,13,45833919,2024-05-18,19,19:00,,2.1545155,0.8171022,3.7123978
20001_0310_1,13,45833919,2024-05-18,20,20:00,,2.141375,0.76454,3.754739
20001_0310_1,13,45833919,2024-05-18,21,21:00,,4.1650157,2.8597233,5.7126775
20001_0310_1,13,45833919,2024-05-18,22,22:00,,3.9138858,2.7692,5.3272223
20001_0310_1,13,45833919,2024-05-18,23,23:00,,0.076852575,0.0,1.2653401
20001_0310_1,13,45833919,2024-05-19,0,00:00,,0.0,0.0,0.65794885
20001_0310_1,13,45833919,2024-05-19,1,01:00,,0.0,0.0,0.4614238
20001_0310_1,13,45833919,2024-05-19,2,02:00,,0.0,0.0,0.3734275
20001_0310_1,13,45833919,2024-05-19,3,03:00,,0.0,0.0,0.5699526
20001_0310_1,13,45833919,2024-05-19,4,04:00,,0.06544052,0.0,0.83834124
20001_0310_1,13,45833919,2024-05-19,5,05:00,,2.0130916,1.2995884,2.9091876
20001_0310_1,13,45833919,2024-05-19,6,06:00,,1.5782434,0.7464034,2.5429943
20001_0310_1,13,45833919,2024-05-19,7,07:00,,0.89847213,0.025842141,1.8370992
20001_0310_1,13,45833919,2024-05-19,8,08:00,,0.561153,0.0,1.4962969
20001_0310_1,13,45833919,2024-05-19,9,09:00,,0.89993864,0.100639045,1.8341659
20001_0310_1,13,45833919,2024-05-19,10,10:00,,0.73714554,0.0,1.7476362
20001_0310_1,13,45833919,2024-05-19,11,11:00,,1.2713565,0.38552707,2.3361115
20001_0310_1,13,45833919,2024-05-19,12,12:00,,2.29028,1.3890513,3.4122326
20001_0310_1,13,45833919,2024-05-19,13,13:00,,1.9162959,0.96006954,3.091046
20001_0310_1,13,45833919,2024-05-19,14,14:00,,1.3204877,0.29258108,2.513021
20001_0310_1,13,45833919,2024-05-19,15,15:00,,2.1729517,1.1147963,3.378501
20001_0310_1,13,45833919,2024-05-19,16,16:00,,2.275614,1.1580611,3.5016959
20001_0310_1,13,45833919,2024-05-19,17,17:00,,3.5794256,2.3914757,4.8465724
20001_0310_1,13,45833919,2024-05-19,18,18:00,,2.9194534,1.7197707,4.2863293
20001_0310_1,13,45833919,2024-05-19,19,19:00,,2.3416111,1.1023301,3.7612848
20001_0310_1,13,45833919,2024-05-19,20,20:00,,2.1788182,0.89847225,3.6146243
20001_0310_1,13,45833919,2024-05-19,21,21:00,,4.1367354,2.928253,5.486012
20001_0310_1,13,45833919,2024-05-19,22,22:00,,4.324461,3.2802382,5.5740085
20001_0310_1,13,45833919,2024-05-19,23,23:00,,0.11823831,0.0,1.1741937
20001_0310_1,13,45833919,2024-05-20,0,00:00,,0.012179727,0.0,0.65085393
20001_0310_1,13,45833919,2024-05-20,1,01:00,,0.0,0.0,0.42717072
20001_0310_1,13,45833919,2024-05-20,2,02:00,,0.0,0.0,0.3094428
20001_0310_1,13,45833919,2024-05-20,3,03:00,,0.0,0.0,0.533126
20001_0310_1,13,45833919,2024-05-20,4,04:00,,0.0,0.0,0.73620677
20001_0310_1,13,45833919,2024-05-20,5,05:00,3.9197988510131836,2.0371008,1.3233751,2.8935719
20001_0310_1,13,45833919,2024-05-20,6,06:00,0.6555382013320923,1.4832276,0.62224996,2.4028857
20001_0310_1,13,45833919,2024-05-20,7,07:00,2.2864297231038413,0.9922651,0.09311768,1.9002423
20001_0310_1,13,45833919,2024-05-20,8,08:00,1.310799789428711,0.67439955,0.0,1.5823767
20001_0310_1,13,45833919,2024-05-20,9,09:00,0.9674479166666666,0.8833667,0.05044128,1.8075312
20001_0310_1,13,45833919,2024-05-20,10,10:00,1.318181832631429,0.68028593,0.0,1.6559563
20001_0310_1,13,45833919,2024-05-20,11,11:00,1.2908815145492554,1.3708341,0.4613855,2.3744652
20001_0310_1,13,45833919,2024-05-20,12,12:00,1.4339402914047241,2.2622557,1.3520712,3.3100348
20001_0310_1,13,45833919,2024-05-20,13,13:00,2.8201681772867837,1.9561629,1.0084527,3.0142434
20001_0310_1,13,45833919,2024-05-20,14,14:00,1.9211227893829346,1.3741453,0.36444393,2.4511724
20001_0310_1,13,45833919,2024-05-20,15,15:00,0.0,2.138641,1.0871832,3.2055511
20001_0310_1,13,45833919,2024-05-20,16,16:00,2.173914909362793,2.2961023,1.1835731,3.3998022
20001_0310_1,13,45833919,2024-05-20,17,17:00,1.9668625195821126,3.364484,2.1592436,4.4887857
20001_0310_1,13,45833919,2024-05-20,18,18:00,5.668631235758464,2.8582535,1.6187989,4.1120563
20001_0310_1,13,45833919,2024-05-20,19,19:00,1.5559935569763184,2.4726946,1.1762152,3.794191
20001_0310_1,13,45833919,2024-05-20,20,20:00,2.39814821879069,2.481524,1.1600274,3.8736575
20001_0310_1,13,45833919,2024-05-20,21,21:00,2.8888889948527017,4.5417633,3.293847,5.8720894
20001_0310_1,13,45833919,2024-05-20,22,22:00,11.52717399597168,4.582968,3.4998713,5.819112
20001_0310_1,13,45833919,2024-05-20,23,23:00,,0.22703323,0.0,1.2527382
20001_0310_1,13,45833919,2024-05-21,0,00:00,,0.0,0.0,0.8128899
20001_0310_1,13,45833919,2024-05-21,1,01:00,,0.0,0.0,0.6447933
20001_0310_1,13,45833919,2024-05-21,2,02:00,,0.0,0.0,0.60121256
20001_0310_1,13,45833919,2024-05-21,3,03:00,,0.0,0.0,0.7195029
20001_0310_1,13,45833919,2024-05-21,4,04:00,,0.0595674,0.0,1.0416883
20001_0310_1,13,45833919,2024-05-21,5,05:00,1.7615302801132202,1.9553254,1.192664,3.088422
20001_0310_1,13,45833919,2024-05-21,6,06:00,1.7989940643310547,1.5117366,0.57883865,2.7205157
20001_0310_1,13,45833919,2024-05-21,7,07:00,1.567385196685791,1.2074504,0.2517892,2.409031
20001_0310_1,13,45833919,2024-05-21,8,08:00,1.8447734832763671,0.8626964,0.0,2.0518253
20001_0310_1,13,45833919,2024-05-21,9,09:00,0.0,0.9825432,0.100035086,2.1763413
20001_0310_1,13,45833919,2024-05-21,10,10:00,2.357142925262451,0.7459625,0.0,1.9802284
20001_0310_1,13,45833919,2024-05-21,11,11:00,2.0595518747965493,1.2121197,0.25256738,2.4814057
20001_0310_1,13,45833919,2024-05-21,12,12:00,1.7723947763442993,1.9872327,1.0580312,3.3055475
20001_0310_1,13,45833919,2024-05-21,13,13:00,1.7426466941833496,1.8821721,0.8930471,3.2012646
20001_0310_1,13,45833919,2024-05-21,14,14:00,0.0,1.2183454,0.15801291,2.5673997
20001_0310_1,13,45833919,2024-05-21,15,15:00,0.0,1.8136883,0.68759567,3.1903696
20001_0310_1,13,45833919,2024-05-21,16,16:00,0.9307495752970377,1.8736117,0.6735876,3.3195555
20001_0310_1,13,45833919,2024-05-21,17,17:00,1.8269929885864258,2.6930835,1.3798276,4.1779385
20001_0310_1,13,45833919,2024-05-21,18,18:00,2.002168655395508,2.8829703,1.519908,4.492341
20001_0310_1,13,45833919,2024-05-21,19,19:00,0.5091725349426269,2.322648,0.91405934,4.003616
20001_0310_1,13,45833919,2024-05-21,20,20:00,2.9950547218322754,2.574793,1.1148415,4.349148
20001_0310_1,13,45833919,2024-05-21,21,21:00,,4.4176316,3.0105996,6.1359544
20001_0310_1,13,45833919,2024-05-21,22,22:00,4.513392925262451,4.40518,3.1693573,6.005213
20001_0310_1,13,45833919,2024-05-21,23,23:00,,0.25568023,0.0,1.5905318
20001_0310_1,13,45833919,2024-05-22,0,00:00,,0.0,0.0,0.7880397
20001_0310_1,13,45833919,2024-05-22,1,01:00,,0.0,0.0,0.6261771
20001_0310_1,13,45833919,2024-05-22,2,02:00,,0.0,0.0,0.5953462
20001_0310_1,13,45833919,2024-05-22,3,03:00,,0.0,0.0,0.6693405
20001_0310_1,13,45833919,2024-05-22,4,04:00,,0.07738621,0.0,1.0447074
20001_0310_1,13,45833919,2024-05-22,5,05:00,2.232045332590739,1.9503665,1.1156185,3.0602806
20001_0310_1,13,45833919,2024-05-22,6,06:00,1.9800392389297485,1.445317,0.46180955,2.6230593
20001_0310_1,13,45833919,2024-05-22,7,07:00,1.8940614461898804,1.1256386,0.12671566,2.286424
20001_0310_1,13,45833919,2024-05-22,8,08:00,0.9387453198432922,0.77570724,0.0,1.9133694
20001_0310_1,13,45833919,2024-05-22,9,09:00,0.0,0.78033185,0.0,1.9272432
20001_0310_1,13,45833919,2024-05-22,10,10:00,0.6397306521733602,0.76645803,0.0,1.9781144
20001_0310_1,13,45833919,2024-05-22,11,11:00,1.128124713897705,1.1580111,0.11977886,2.4197676
20001_0310_1,13,45833919,2024-05-22,12,12:00,2.21226437886556,1.7542046,0.7321583,3.0660615
20001_0310_1,13,45833919,2024-05-22,13,13:00,2.5240941047668457,1.595618,0.51571584,2.954444
20001_0310_1,13,45833919,2024-05-22,14,14:00,1.6720480918884277,1.124097,0.0,2.500699
20001_0310_1,13,45833919,2024-05-22,15,15:00,2.169181982676188,1.7353206,0.5259764,3.131192
20001_0310_1,13,45833919,2024-05-22,16,16:00,3.023667017618815,1.7499654,0.46739766,3.192854
20001_0310_1,13,45833919,2024-05-22,17,17:00,1.1122612953186035,2.728848,1.3580269,4.2179832
20001_0310_1,13,45833919,2024-05-22,18,18:00,2.9844462871551514,2.5685272,1.1526159,4.1501555
20001_0310_1,13,45833919,2024-05-22,19,19:00,2.075881004333496,2.0151117,0.56913984,3.6522353
20001_0310_1,13,45833919,2024-05-22,20,20:00,2.653846263885498,2.2201374,0.7402518,3.9297137
20001_0310_1,13,45833919,2024-05-22,21,21:00,3.15084171295166,4.1902356,2.8090088,5.861273
20001_0310_1,13,45833919,2024-05-22,22,22:00,2.448979616165161,3.733937,2.534613,5.25082
20001_0310_1,13,45833919,2024-05-22,23,23:00,,0.09896783,0.0,1.3840404
20001_0310_1,13,45833919,2024-05-23,0,00:00,,0.0,0.0,0.65767705
20001_0310_1,13,45833919,2024-05-23,1,01:00,,0.0,0.0,0.4965064
20001_0310_1,13,45833919,2024-05-23,2,02:00,,0.0,0.0,0.44785094
20001_0310_1,13,45833919,2024-05-23,3,03:00,,0.0,0.0,0.6272674
20001_0310_1,13,45833919,2024-05-23,4,04:00,,0.10422282,0.0,0.97545713
20001_0310_1,13,45833919,2024-05-23,5,05:00,1.6191644668579102,1.7203017,0.93307376,2.760689
20001_0310_1,13,45833919,2024-05-23,6,06:00,1.7525994777679443,1.3342901,0.40698814,2.4383476
20001_0310_1,13,45833919,2024-05-23,7,07:00,2.42114143371582,1.2354589,0.30188492,2.3256419
20001_0310_1,13,45833919,2024-05-23,8,08:00,0.8216168085734049,0.873585,0.0,1.9379201
20001_0310_1,13,45833919,2024-05-23,9,09:00,2.1138598124186196,0.7580286,0.0,1.8254046
20001_0310_1,13,45833919,2024-05-23,10,10:00,3.714507738749186,0.66375893,0.0,1.8025976
20001_0310_1,13,45833919,2024-05-23,11,11:00,0.40625,1.0651654,0.070772275,2.2693844
20001_0310_1,13,45833919,2024-05-23,12,12:00,5.330551465352376,1.8512528,0.8401343,3.1406183
20001_0310_1,13,45833919,2024-05-23,13,13:00,0.896666685740153,1.7341759,0.65387577,3.0699165
20001_0310_1,13,45833919,2024-05-23,14,14:00,1.4501206080118816,1.1906049,0.0502459,2.537749
20001_0310_1,13,45833919,2024-05-23,15,15:00,2.2936180432637534,1.8497324,0.6531156,3.2014382
20001_0310_1,13,45833919,2024-05-23,16,16:00,5.30991268157959,1.982014,0.7428237,3.3474038
20001_0310_1,13,45833919,2024-05-23,17,17:00,2.1675592422485352,2.944477,1.6452283,4.331154
20001_0310_1,13,45833919,2024-05-23,18,18:00,3.2085926055908205,2.8076339,1.4876685,4.252089
20001_0310_1,13,45833919,2024-05-23,19,19:00,1.0087323188781738,2.0276284,0.6956891,3.5237794
20001_0310_1,13,45833919,2024-05-23,20,20:00,1.3718599081039429,2.054997,0.6956889,3.5998032
20001_0310_1,13,45833919,2024-05-23,21,21:00,3.468928575515747,3.9723206,2.6829548,5.468472
20001_0310_1,13,45833919,2024-05-23,22,22:00,1.0,3.6864705,2.5521934,5.0670652
20001_0310_1,13,45833919,2024-05-23,23,23:00,,0.05860838,0.0,1.2274764
20001_0310_1,13,45833919,2024-05-24,0,00:00,,0.04326672,0.0,0.8600863
20001_0310_1,13,45833919,2024-05-24,1,01:00,,0.0,0.0,0.60102034
20001_0310_1,13,45833919,2024-05-24,2,02:00,,0.0,0.0,0.5979725
20001_0310_1,13,45833919,2024-05-24,3,03:00,,0.0,0.0,0.7869383
20001_0310_1,13,45833919,2024-05-24,4,04:00,,0.1987063,0.0,1.1862047
20001_0310_1,13,45833919,2024-05-24,5,05:00,1.613772988319397,1.6833825,0.8138926,2.8041282
20001_0310_1,13,45833919,2024-05-24,6,06:00,2.0074210166931152,1.508132,0.5217767,2.6857388
20001_0310_1,13,45833919,2024-05-24,7,07:00,2.149095058441162,1.2524949,0.26347277,2.409148
20001_0310_1,13,45833919,2024-05-24,8,08:00,0.3680795729160309,0.9789518,0.034123205,2.1340811
20001_0310_1,13,45833919,2024-05-24,9,09:00,2.479311943054199,0.76865125,0.0,1.9664502
20001_0310_1,13,45833919,2024-05-24,10,10:00,1.6864198048909504,0.87532544,0.0,2.1569395
20001_0310_1,13,45833919,2024-05-24,11,11:00,1.0850202242533367,1.3233572,0.28442657,2.6404023
20001_0310_1,13,45833919,2024-05-24,12,12:00,1.0330356359481812,2.1523678,1.1282955,3.5147495
20001_0310_1,13,45833919,2024-05-24,13,13:00,1.6678988138834636,1.9451152,0.8852308,3.3478808
20001_0310_1,13,45833919,2024-05-24,14,14:00,1.9463926951090496,1.3279289,0.21356441,2.7127886
20001_0310_1,13,45833919,2024-05-24,15,15:00,0.6666666865348816,2.0319784,0.8677058,3.4446497
20001_0310_1,13,45833919,2024-05-24,16,16:00,3.2373313903808594,2.3001878,1.0764825,3.7768636
20001_0310_1,13,45833919,2024-05-24,17,17:00,5.716251373291016,3.1764405,1.8567283,4.7003574
20001_0310_1,13,45833919,2024-05-24,18,18:00,1.9295343160629272,2.6948826,1.3256432,4.3132825
20001_0310_1,13,45833919,2024-05-24,19,19:00,1.5183259963989257,2.0350263,0.6238792,3.7326703
20001_0310_1,13,45833919,2024-05-24,20,20:00,1.2523976564407349,2.0670288,0.59644866,3.8332489
20001_0310_1,13,45833919,2024-05-24,21,21:00,1.3055555820465088,3.6519024,2.265138,5.358689
20001_0310_1,13,45833919,2024-05-24,22,22:00,5.230769157409668,3.6458068,2.411434,5.2306805
20001_0310_1,13,45833919,2024-05-24,23,23:00,,0.037171043,0.0,1.3698368
20001_0310_1,13,45833919,2024-05-25,0,00:00,,0.0,0.0,0.6093916
20001_0310_1,13,45833919,2024-05-25,1,01:00,,0.0,0.0,0.46639547
20001_0310_1,13,45833919,2024-05-25,2,02:00,,0.0,0.0,0.451183
20001_0310_1,13,45833919,2024-05-25,3,03:00,,0.0,0.0,0.636774
20001_0310_1,13,45833919,2024-05-25,4,04:00,,0.11955358,0.0,0.99730694
20001_0310_1,13,45833919,2024-05-25,5,05:00,,1.8742996,1.033056,2.8920069
20001_0310_1,13,45833919,2024-05-25,6,06:00,,1.680342,0.68887615,2.7486303
20001_0310_1,13,45833919,2024-05-25,7,07:00,,1.3547975,0.3372806,2.4183319
20001_0310_1,13,45833919,2024-05-25,8,08:00,,0.8801717,0.0,1.9602494
20001_0310_1,13,45833919,2024-05-25,9,09:00,,0.9531911,0.0,2.0986822
20001_0310_1,13,45833919,2024-05-25,10,10:00,,0.99578565,0.0,2.2340722
20001_0310_1,13,45833919,2024-05-25,11,11:00,,1.3327395,0.25836635,2.61324
20001_0310_1,13,45833919,2024-05-25,12,12:00,,2.227987,1.1828976,3.5758023
20001_0310_1,13,45833919,2024-05-25,13,13:00,,1.827902,0.77748835,3.2114666
20001_0310_1,13,45833919,2024-05-25,14,14:00,,1.3190484,0.208546,2.7094584
20001_0310_1,13,45833919,2024-05-25,15,15:00,,1.8803847,0.71968144,3.2814434
20001_0310_1,13,45833919,2024-05-25,16,16:00,,2.45313,1.2315773,3.9287295
20001_0310_1,13,45833919,2024-05-25,17,17:00,,3.2715552,1.969377,4.7867064
20001_0310_1,13,45833919,2024-05-25,18,18:00,,2.7482498,1.4190694,4.3607597
20001_0310_1,13,45833919,2024-05-25,19,19:00,,1.9473189,0.5896157,3.5986211
20001_0310_1,13,45833919,2024-05-25,20,20:00,,1.9815468,0.5880943,3.6731613
20001_0310_1,13,45833919,2024-05-25,21,21:00,,3.5575476,2.2127748,5.1883125
20001_0310_1,13,45833919,2024-05-25,22,22:00,,4.086938,2.8821192,5.5838346
20001_0310_1,13,45833919,2024-05-25,23,23:00,,0.046534188,0.0,1.3129632
20001_0310_1,13,45833919,2024-05-26,0,00:00,,0.0,0.0,0.61278564
20001_0310_1,13,45833919,2024-05-26,1,01:00,,0.0,0.0,0.4777215
20001_0310_1,13,45833919,2024-05-26,2,02:00,,0.0,0.0,0.3273092
20001_0310_1,13,45833919,2024-05-26,3,03:00,,0.0,0.0,0.57901967
20001_0310_1,13,45833919,2024-05-26,4,04:00,,0.14313093,0.0,0.90593606
20001_0310_1,13,45833919,2024-05-26,5,05:00,,2.007169,1.2152022,2.8981314
20001_0310_1,13,45833919,2024-05-26,6,06:00,,1.5853814,0.64856625,2.5394635
20001_0310_1,13,45833919,2024-05-26,7,07:00,,1.1814362,0.20222145,2.1284196
20001_0310_1,13,45833919,2024-05-26,8,08:00,,0.7171534,0.0,1.6817873
20001_0310_1,13,45833919,2024-05-26,9,09:00,,0.8184514,0.0,1.8068749
20001_0310_1,13,45833919,2024-05-26,10,10:00,,0.8951923,0.0,1.9572872
20001_0310_1,13,45833919,2024-05-26,11,11:00,,1.220574,0.22063932,2.3356202
20001_0310_1,13,45833919,2024-05-26,12,12:00,,2.1169083,1.1162062,3.283371
20001_0310_1,13,45833919,2024-05-26,13,13:00,,1.8252928,0.79005736,3.026289
20001_0310_1,13,45833919,2024-05-26,14,14:00,,1.374056,0.30831593,2.6105447
20001_0310_1,13,45833919,2024-05-26,15,15:00,,1.741645,0.63580775,2.9718025
20001_0310_1,13,45833919,2024-05-26,16,16:00,,2.4453597,1.2911756,3.7131202
20001_0310_1,13,45833919,2024-05-26,17,17:00,,3.3355548,2.110769,4.624803
20001_0310_1,13,45833919,2024-05-26,18,18:00,,2.8904574,1.6391958,4.2840734
20001_0310_1,13,45833919,2024-05-26,19,19:00,,2.0677943,0.79082465,3.5181985
20001_0310_1,13,45833919,2024-05-26,20,20:00,,1.97724,0.66496944,3.4460618
20001_0310_1,13,45833919,2024-05-26,21,21:00,,3.7223294,2.4637775,5.1098065
20001_0310_1,13,45833919,2024-05-26,22,22:00,,4.3117003,3.20663,5.576391
20001_0310_1,13,45833919,2024-05-26,23,23:00,,0.13392204,0.0,1.186808
20001_0310_1,13,45833919,2024-05-27,0,00:00,,0.034306288,0.0,0.7325271
20001_0310_1,13,45833919,2024-05-27,1,01:00,,0.0,0.0,0.5295203
20001_0310_1,13,45833919,2024-05-27,2,02:00,,0.0,0.0,0.38803053
20001_0310_1,13,45833919,2024-05-27,3,03:00,,0.0,0.0,0.63409954
20001_0310_1,13,45833919,2024-05-27,4,04:00,,0.089671895,0.0,0.92784446
20001_0310_1,13,45833919,2024-05-27,5,05:00,1.035935878753662,2.0612998,1.2400447,3.0471141
20001_0310_1,13,45833919,2024-05-27,6,06:00,2.983905792236328,1.4851524,0.5266366,2.532099
20001_0310_1,13,45833919,2024-05-27,7,07:00,2.4242162704467773,1.1831411,0.20732363,2.2097101
20001_0310_1,13,45833919,2024-05-27,8,08:00,1.9012274742126465,0.7940444,0.0,1.8029274
20001_0310_1,13,45833919,2024-05-27,9,09:00,1.399396260579427,0.93860996,0.032768432,1.9544138
20001_0310_1,13,45833919,2024-05-27,10,10:00,1.7373441457748413,0.87555474,0.0,1.9474928
20001_0310_1,13,45833919,2024-05-27,11,11:00,0.47620829939842224,1.2523481,0.2757615,2.3611963
20001_0310_1,13,45833919,2024-05-27,12,12:00,3.2960774103800454,2.18741,1.2092859,3.3470106
20001_0310_1,13,45833919,2024-05-27,13,13:00,2.585880756378174,1.8321481,0.81096166,3.002514
20001_0310_1,13,45833919,2024-05-27,14,14:00,1.03829026222229,1.3415481,0.28345126,2.5565138
20001_0310_1,13,45833919,2024-05-27,15,15:00,1.8932730356852214,1.6583619,0.5479756,2.8764033
20001_0310_1,13,45833919,2024-05-27,16,16:00,2.4666322072347007,2.2735343,1.1070133,3.5238726
20001_0310_1,13,45833919,2024-05-27,17,17:00,3.496602694193522,3.2301278,1.9674865,4.494308
20001_0310_1,13,45833919,2024-05-27,18,18:00,2.676875432332357,2.7779756,1.5157185,4.140583
20001_0310_1,13,45833919,2024-05-27,19,19:00,1.981917381286621,2.0966723,0.8232651,3.513107
20001_0310_1,13,45833919,2024-05-27,20,20:00,4.349569320678711,2.233548,0.93092024,3.6884313
20001_0310_1,13,45833919,2024-05-27,21,21:00,0.0,3.768404,2.5042243,5.1586943
20001_0310_1,13,45833919,2024-05-27,22,22:00,6.674723148345947,4.685011,3.546941,5.976873
20001_0310_1,13,45833919,2024-05-27,23,23:00,,0.31113398,0.0,1.4183487
20001_0310_1,13,45833919,2024-05-28,0,00:00,,0.0,0.0,0.8062909
20001_0310_1,13,45833919,2024-05-28,1,01:00,,0.0,0.0,0.63271993
20001_0310_1,13,45833919,2024-05-28,2,02:00,,0.0,0.0,0.6265208
20001_0310_1,13,45833919,2024-05-28,3,03:00,,0.0,0.0,0.7954427
20001_0310_1,13,45833919,2024-05-28,4,04:00,,0.183295,0.0,1.1689303
20001_0310_1,13,45833919,2024-05-28,5,05:00,2.3485143184661865,1.8260206,0.9759875,2.9317613
20001_0310_1,13,45833919,2024-05-28,6,06:00,1.691152811050415,1.6235857,0.6391128,2.7777557
20001_0310_1,13,45833919,2024-05-28,7,07:00,2.387694517771403,1.6282349,0.6486047,2.7562525
20001_0310_1,13,45833919,2024-05-28,8,08:00,0.7935565948486328,1.068197,0.11200687,2.1855607
20001_0310_1,13,45833919,2024-05-28,9,09:00,0.9723593592643738,0.87602925,0.0,1.9964921
20001_0310_1,13,45833919,2024-05-28,10,10:00,2.1935300827026367,1.1332862,0.16082367,2.3118644
20001_0310_1,13,45833919,2024-05-28,11,11:00,0.46060407161712646,1.2541661,0.26775584,2.440493
20001_0310_1,13,45833919,2024-05-28,12,12:00,0.4891057809193929,2.1902099,1.2324696,3.3990083
20001_0310_1,13,45833919,2024-05-28,13,13:00,1.3680520057678223,1.7946384,0.8275999,3.0158346
20001_0310_1,13,45833919,2024-05-28,14,14:00,0.856895923614502,1.3130562,0.2824785,2.5574987
20001_0310_1,13,45833919,2024-05-28,15,15:00,3.5674947102864585,1.5470672,0.4554683,2.832771
20001_0310_1,13,45833919,2024-05-28,16,16:00,6.583260854085286,2.1933095,1.0248044,3.574129
20001_0310_1,13,45833919,2024-05-28,17,17:00,6.954954624176025,2.72797,1.4482713,4.1537323
20001_0310_1,13,45833919,2024-05-28,18,18:00,3.386974811553955,2.7434676,1.422313,4.3118052
20001_0310_1,13,45833919,2024-05-28,19,19:00,1.3250896453857421,1.9089317,0.5513586,3.5237625
20001_0310_1,13,45833919,2024-05-28,20,20:00,2.769212484359741,2.3343358,0.91942203,4.028203
20001_0310_1,13,45833919,2024-05-28,21,21:00,9.557527542114258,3.5524325,2.185561,5.1827602
20001_0310_1,13,45833919,2024-05-28,22,22:00,1.4233993291854858,4.0607476,2.8054569,5.60429
20001_0310_1,13,45833919,2024-05-28,23,23:00,,0.23288669,0.0,1.5379624
20001_0310_1,13,45833919,2024-05-29,0,00:00,,0.0,0.0,0.8611182
20001_0310_1,13,45833919,2024-05-29,1,01:00,,0.0,0.0,0.72465944
20001_0310_1,13,45833919,2024-05-29,2,02:00,,0.0,0.0,0.6199354
20001_0310_1,13,45833919,2024-05-29,3,03:00,,0.0,0.0,0.8119296
20001_0310_1,13,45833919,2024-05-29,4,04:00,,0.17882474,0.0,1.2173388
20001_0310_1,13,45833919,2024-05-29,5,05:00,1.9314616521199544,1.6889939,0.8515978,2.8603969
20001_0310_1,13,45833919,2024-05-29,6,06:00,1.1124712944030761,1.6132276,0.6272739,2.8486946
20001_0310_1,13,45833919,2024-05-29,7,07:00,2.7443695068359375,1.5245693,0.5413923,2.7532926
20001_0310_1,13,45833919,2024-05-29,8,08:00,3.1263554890950522,0.9182404,0.0,2.132088
20001_0310_1,13,45833919,2024-05-29,9,09:00,1.0493332544962566,1.0642195,0.11218228,2.3082151
20001_0310_1,13,45833919,2024-05-29,10,10:00,0.9569804668426514,1.2260659,0.21214612,2.531944
20001_0310_1,13,45833919,2024-05-29,11,11:00,2.1380227406819663,1.2347928,0.1693044,2.5779588
20001_0310_1,13,45833919,2024-05-29,12,12:00,1.5257178942362468,2.3161485,1.2609738,3.7045362
20001_0310_1,13,45833919,2024-05-29,13,13:00,1.0485880374908447,1.8710712,0.78654206,3.2967472
20001_0310_1,13,45833919,2024-05-29,14,14:00,0.6383893489837646,1.4850992,0.32559705,2.9468732
20001_0310_1,13,45833919,2024-05-29,15,15:00,0.42051470279693604,1.8702778,0.6461164,3.3689435
20001_0310_1,13,45833919,2024-05-29,16,16:00,2.4617743492126465,2.4573677,1.1475228,4.0440965
20001_0310_1,13,45833919,2024-05-29,17,17:00,3.146975835164388,2.8953047,1.4787524,4.542329
20001_0310_1,13,45833919,2024-05-29,18,18:00,1.2966136932373047,2.7207644,1.2498665,4.4788594
20001_0310_1,13,45833919,2024-05-29,19,19:00,1.7402893702189128,2.0456114,0.5620197,3.862416
20001_0310_1,13,45833919,2024-05-29,20,20:00,3.5898826122283936,2.279654,0.7659147,4.169448
20001_0310_1,13,45833919,2024-05-29,21,21:00,0.655189037322998,3.5712512,2.1447818,5.3928156
20001_0310_1,13,45833919,2024-05-29,22,22:00,5.690784931182861,3.3173745,2.0702057,5.0183477
20001_0310_1,13,45833919,2024-05-29,23,23:00,,0.17247793,0.0,1.6080709
20001_0310_1,13,45833919,2024-05-30,0,00:00,,0.0,0.0,0.77069145
20001_0310_1,13,45833919,2024-05-30,1,01:00,,0.020742377,0.0,0.6389012
20001_0310_1,13,45833919,2024-05-30,2,02:00,,0.0,0.0,0.507111
20001_0310_1,13,45833919,2024-05-30,3,03:00,,0.0,0.0,0.7079342
20001_0310_1,13,45833919,2024-05-30,4,04:00,,0.1274297,0.0,1.0389787
20001_0310_1,13,45833919,2024-05-30,5,05:00,,1.7230325,0.9197397,2.7710783
20001_0310_1,13,45833919,2024-05-30,6,06:00,,1.6973413,0.74539244,2.7928472
20001_0310_1,13,45833919,2024-05-30,7,07:00,,1.6418405,0.67518294,2.736758
20001_0310_1,13,45833919,2024-05-30,8,08:00,,1.0829087,0.13056752,2.170178
20001_0310_1,13,45833919,2024-05-30,9,09:00,,1.0578058,0.10232674,2.1764536
20001_0310_1,13,45833919,2024-05-30,10,10:00,,1.2021474,0.18548003,2.391397
20001_0310_1,13,45833919,2024-05-30,11,11:00,,1.2931454,0.21999654,2.526325
20001_0310_1,13,45833919,2024-05-30,12,12:00,,2.185867,1.1331145,3.4739594
20001_0310_1,13,45833919,2024-05-30,13,13:00,,1.6947918,0.6192895,3.0260296
20001_0310_1,13,45833919,2024-05-30,14,14:00,,1.448862,0.30275768,2.8099096
20001_0310_1,13,45833919,2024-05-30,15,15:00,,1.8548226,0.6545904,3.2558777
20001_0310_1,13,45833919,2024-05-30,16,16:00,,2.7193036,1.4461162,4.175272
20001_0310_1,13,45833919,2024-05-30,17,17:00,,3.2370508,1.8893392,4.7306733
20001_0310_1,13,45833919,2024-05-30,18,18:00,,2.6502707,1.277456,4.2192016
20001_0310_1,13,45833919,2024-05-30,19,19:00,,1.892477,0.51024884,3.4786663
20001_0310_1,13,45833919,2024-05-30,20,20:00,,1.949743,0.5510409,3.5728018
20001_0310_1,13,45833919,2024-05-30,21,21:00,,3.2276373,1.9207178,4.7683277
20001_0310_1,13,45833919,2024-05-30,22,22:00,,3.3782544,2.2329347,4.821671
20001_0310_1,13,45833919,2024-05-30,23,23:00,,0.042707343,0.0,1.2390174
20001_0310_1,13,45833919,2024-05-31,0,00:00,,0.043376915,0.0,0.7772448
20001_0310_1,13,45833919,2024-05-31,1,01:00,,0.07142294,0.0,0.66661936
20001_0310_1,13,45833919,2024-05-31,2,02:00,,0.0,0.0,0.51392496
20001_0310_1,13,45833919,2024-05-31,3,03:00,,0.005982423,0.0,0.75075704
20001_0310_1,13,45833919,2024-05-31,4,04:00,,0.13374704,0.0,1.046797
20001_0310_1,13,45833919,2024-05-31,5,05:00,,1.8577911,0.98057765,2.9095128
20001_0310_1,13,45833919,2024-05-31,6,06:00,,1.7557353,0.74686164,2.8503044
20001_0310_1,13,45833919,2024-05-31,7,07:00,,1.4176264,0.42121768,2.4966145
20001_0310_1,13,45833919,2024-05-31,8,08:00,,0.96577555,0.0324702,2.015939
20001_0310_1,13,45833919,2024-05-31,9,09:00,,1.1496321,0.2428145,2.1842144
20001_0310_1,13,45833919,2024-05-31,10,10:00,,0.9486364,0.010656774,2.0252876
20001_0310_1,13,45833919,2024-05-31,11,11:00,,1.2213049,0.2420354,2.315874
20001_0310_1,13,45833919,2024-05-31,12,12:00,,2.0985184,1.1278187,3.2702143
20001_0310_1,13,45833919,2024-05-31,13,13:00,,1.7292473,0.7106358,2.9418435
20001_0310_1,13,45833919,2024-05-31,14,14:00,,1.5319524,0.4482897,2.7698674
20001_0310_1,13,45833919,2024-05-31,15,15:00,,1.8445472,0.7032347,3.0996015
20001_0310_1,13,45833919,2024-05-31,16,16:00,,2.7077377,1.5103333,4.019663
20001_0310_1,13,45833919,2024-05-31,17,17:00,,3.8171093,2.5425785,5.1321507
20001_0310_1,13,45833919,2024-05-31,18,18:00,,2.8199213,1.5374055,4.2222166
20001_0310_1,13,45833919,2024-05-31,19,19:00,,1.97387,0.67596793,3.4026527
20001_0310_1,13,45833919,2024-05-31,20,20:00,,2.1312387,0.81775546,3.5849512
20001_0310_1,13,45833919,2024-05-31,21,21:00,,3.2811208,2.0369735,4.646022
20001_0310_1,13,45833919,2024-05-31,22,22:00,,4.0975685,2.9944293,5.3814473
20001_0310_1,13,45833919,2024-05-31,23,23:00,,0.18049024,0.0,1.2353278
20001_0310_1,14,44164980,2024-05-01,0,00:00,,0.1123552,0.0,1.4226435
20001_0310_1,14,44164980,2024-05-01,1,01:00,,0.0,0.0,1.080316
20001_0310_1,14,44164980,2024-05-01,2,02:00,,0.0,0.0,1.1216313
20001_0310_1,14,44164980,2024-05-01,3,03:00,,0.0061156526,0.0,1.4639589
20001_0310_1,14,44164980,2024-05-01,4,04:00,,0.10055069,0.0,1.9361349
20001_0310_1,14,44164980,2024-05-01,5,05:00,,3.7429457,2.1043477,6.0912843
20001_0310_1,14,44164980,2024-05-01,6,06:00,,4.6068807,2.5204532,7.2687726
20001_0310_1,14,44164980,2024-05-01,7,07:00,,8.410848,6.1562076,11.161273
20001_0310_1,14,44164980,2024-05-01,8,08:00,,3.7067947,1.6425004,6.258021
20001_0310_1,14,44164980,2024-05-01,9,09:00,,2.4643817,0.6258465,4.916746
20001_0310_1,14,44164980,2024-05-01,10,10:00,,2.0659833,0.31302994,4.482934
20001_0310_1,14,44164980,2024-05-01,11,11:00,,2.8126116,1.0581825,5.3195705
20001_0310_1,14,44164980,2024-05-01,12,12:00,,4.2911124,2.502746,6.8733253
20001_0310_1,14,44164980,2024-05-01,13,13:00,,3.476609,1.5901183,6.146616
20001_0310_1,14,44164980,2024-05-01,14,14:00,,2.9778728,1.0412135,5.650832
20001_0310_1,14,44164980,2024-05-01,15,15:00,,4.152411,2.1132007,6.855619
20001_0310_1,14,44164980,2024-05-01,16,16:00,,5.8256845,3.6123595,8.700055
20001_0310_1,14,44164980,2024-05-01,17,17:00,,7.702584,5.22366,10.724508
20001_0310_1,14,44164980,2024-05-01,18,18:00,,7.9740853,5.412531,11.078642
20001_0310_1,14,44164980,2024-05-01,19,19:00,,5.123323,2.6709592,8.092129
20001_0310_1,14,44164980,2024-05-01,20,20:00,,3.1540167,0.9954717,5.870688
20001_0310_1,14,44164980,2024-05-01,21,21:00,,2.7801497,1.0006363,5.1026654
20001_0310_1,14,44164980,2024-05-01,22,22:00,,3.2995431,1.8049954,5.296147
20001_0310_1,14,44164980,2024-05-01,23,23:00,,0.3012256,0.0,2.0364723
20001_0310_1,14,44164980,2024-05-02,0,00:00,,0.0,0.0,0.902422
20001_0310_1,14,44164980,2024-05-02,1,01:00,,0.0,0.0,0.7211343
20001_0310_1,14,44164980,2024-05-02,2,02:00,,0.0,0.0,0.7386782
20001_0310_1,14,44164980,2024-05-02,3,03:00,,0.15972704,0.0,1.1538857
20001_0310_1,14,44164980,2024-05-02,4,04:00,,0.048615158,0.0,1.3790333
20001_0310_1,14,44164980,2024-05-02,5,05:00,,3.4492226,2.0044029,5.238343
20001_0310_1,14,44164980,2024-05-02,6,06:00,,3.9594598,2.158278,6.126141
20001_0310_1,14,44164980,2024-05-02,7,07:00,,7.832293,5.9141507,10.124705
20001_0310_1,14,44164980,2024-05-02,8,08:00,,3.3753917,1.5866374,5.49602
20001_0310_1,14,44164980,2024-05-02,9,09:00,,2.8205633,1.2372192,4.8220387
20001_0310_1,14,44164980,2024-05-02,10,10:00,,2.0954123,0.5895542,4.092502
20001_0310_1,14,44164980,2024-05-02,11,11:00,,2.5924919,1.0807859,4.671453
20001_0310_1,14,44164980,2024-05-02,12,12:00,,4.3088775,2.7021413,6.5164943
20001_0310_1,14,44164980,2024-05-02,13,13:00,,3.6049254,1.9185107,5.9623966
20001_0310_1,14,44164980,2024-05-02,14,14:00,,3.2935197,1.5471631,5.6992373
20001_0310_1,14,44164980,2024-05-02,15,15:00,,4.0925016,2.2708523,6.534038
20001_0310_1,14,44164980,2024-05-02,16,16:00,,5.434616,3.4923515,8.001884
20001_0310_1,14,44164980,2024-05-02,17,17:00,,6.189007,4.0369453,8.785515
20001_0310_1,14,44164980,2024-05-02,18,18:00,,8.054517,5.8556714,10.674418
20001_0310_1,14,44164980,2024-05-02,19,19:00,,4.849817,2.8293352,7.3819966
20001_0310_1,14,44164980,2024-05-02,20,20:00,,3.3399384,1.5477118,5.5477386
20001_0310_1,14,44164980,2024-05-02,21,21:00,,3.1403754,1.6599196,4.958187
20001_0310_1,14,44164980,2024-05-02,22,22:00,,3.3613198,2.1127734,4.9168854
20001_0310_1,14,44164980,2024-05-02,23,23:00,,0.031071156,0.0,1.3761095
20001_0310_1,14,44164980,2024-05-03,0,00:00,,0.013040103,0.0,0.79778945
20001_0310_1,14,44164980,2024-05-03,1,01:00,,0.0,0.0,0.60160226
20001_0310_1,14,44164980,2024-05-03,2,02:00,,0.0,0.0,0.48170996
20001_0310_1,14,44164980,2024-05-03,3,03:00,,0.0,0.0,0.8522861
20001_0310_1,14,44164980,2024-05-03,4,04:00,,0.07843592,0.0,1.3482041
20001_0310_1,14,44164980,2024-05-03,5,05:00,,4.0839276,2.594811,5.8441644
20001_0310_1,14,44164980,2024-05-03,6,06:00,,4.468128,2.5784621,6.6534376
20001_0310_1,14,44164980,2024-05-03,7,07:00,,8.449098,6.432727,10.72705
20001_0310_1,14,44164980,2024-05-03,8,08:00,,3.1321127,1.2763369,5.221883
20001_0310_1,14,44164980,2024-05-03,9,09:00,,2.7201533,1.0743592,4.6384296
20001_0310_1,14,44164980,2024-05-03,10,10:00,,2.0103366,0.46808583,3.8441434
20001_0310_1,14,44164980,2024-05-03,11,11:00,,3.1506753,1.6285204,5.0127525
20001_0310_1,14,44164980,2024-05-03,12,12:00,,5.1193614,3.5232959,7.0212893
20001_0310_1,14,44164980,2024-05-03,13,13:00,,4.2310686,2.6152475,6.1765933
20001_0310_1,14,44164980,2024-05-03,14,14:00,,3.705177,2.062108,5.6261787
20001_0310_1,14,44164980,2024-05-03,15,15:00,,4.928623,3.2841918,6.8360014
20001_0310_1,14,44164980,2024-05-03,16,16:00,,5.5607834,3.8168955,7.5390058
20001_0310_1,14,44164980,2024-05-03,17,17:00,,5.9749565,4.02807,7.969528
20001_0310_1,14,44164980,2024-05-03,18,18:00,,7.5444546,5.6152787,9.658918
20001_0310_1,14,44164980,2024-05-03,19,19:00,,4.419081,2.6765563,6.405479
20001_0310_1,14,44164980,2024-05-03,20,20:00,,3.1767316,1.6460617,4.9049516
20001_0310_1,14,44164980,2024-05-03,21,21:00,,2.5743752,1.364553,3.9749348
20001_0310_1,14,44164980,2024-05-03,22,22:00,,3.6159394,2.6254659,4.788976
20001_0310_1,14,44164980,2024-05-03,23,23:00,,0.04573816,0.0,1.0430238
20001_0310_1,14,44164980,2024-05-04,0,00:00,,0.09266873,0.0,0.879317
20001_0310_1,14,44164980,2024-05-04,1,01:00,,0.039155338,0.0,0.6224523
20001_0310_1,14,44164980,2024-05-04,2,02:00,,0.0,0.0,0.52077675
20001_0310_1,14,44164980,2024-05-04,3,03:00,,0.07126343,0.0,0.8365065
20001_0310_1,14,44164980,2024-05-04,4,04:00,,0.092668876,0.0,1.1575873
20001_0310_1,14,44164980,2024-05-04,5,05:00,,4.0473156,2.7121542,5.484153
20001_0310_1,14,44164980,2024-05-04,6,06:00,,4.42191,2.7777076,6.1718006
20001_0310_1,14,44164980,2024-05-04,7,07:00,,8.38726,6.653423,10.228125
20001_0310_1,14,44164980,2024-05-04,8,08:00,,3.025208,1.3983978,4.710883
20001_0310_1,14,44164980,2024-05-04,9,09:00,,2.7094786,1.2298306,4.3041806
20001_0310_1,14,44164980,2024-05-04,10,10:00,,1.8612896,0.46458763,3.4192014
20001_0310_1,14,44164980,2024-05-04,11,11:00,,3.1071506,1.7076056,4.7177396
20001_0310_1,14,44164980,2024-05-04,12,12:00,,4.652018,3.2285593,6.3082604
20001_0310_1,14,44164980,2024-05-04,13,13:00,,3.9335992,2.4726808,5.6834903
20001_0310_1,14,44164980,2024-05-04,14,14:00,,3.01785,1.5064285,4.7546973
20001_0310_1,14,44164980,2024-05-04,15,15:00,,3.977748,2.366992,5.762422
20001_0310_1,14,44164980,2024-05-04,16,16:00,,5.069423,3.3218734,6.953098
20001_0310_1,14,44164980,2024-05-04,17,17:00,,6.1182876,4.1168833,8.055476
20001_0310_1,14,44164980,2024-05-04,18,18:00,,7.4240165,5.422612,9.425422
20001_0310_1,14,44164980,2024-05-04,19,19:00,,4.3041806,2.4700058,6.246721
20001_0310_1,14,44164980,2024-05-04,20,20:00,,2.7643297,1.1201278,4.451342
20001_0310_1,14,44164980,2024-05-04,21,21:00,,2.6666675,1.3020732,4.090126
20001_0310_1,14,44164980,2024-05-04,22,22:00,,3.6265657,2.4880662,4.8132277
20001_0310_1,14,44164980,2024-05-04,23,23:00,,0.17829052,0.0,1.1950468
20001_0310_1,14,44164980,2024-05-05,0,00:00,,0.019277811,0.0,0.7128924
20001_0310_1,14,44164980,2024-05-05,1,01:00,,0.0,0.0,0.47813064
20001_0310_1,14,44164980,2024-05-05,2,02:00,,0.0,0.0,0.48880142
20001_0310_1,14,44164980,2024-05-05,3,03:00,,0.0,0.0,0.6275245
20001_0310_1,14,44164980,2024-05-05,4,04:00,,0.11531673,0.0,1.1290613
20001_0310_1,14,44164980,2024-05-05,5,05:00,,3.9221945,2.6243346,5.3294315
20001_0310_1,14,44164980,2024-05-05,6,06:00,,4.2823405,2.6616833,6.000371
20001_0310_1,14,44164980,2024-05-05,7,07:00,0.0,8.033196,6.2938237,9.836595
20001_0310_1,14,44164980,2024-05-05,8,08:00,,3.0058227,1.4078412,4.683837
20001_0310_1,14,44164980,2024-05-05,9,09:00,,2.6016588,1.1570728,4.2063103
20001_0310_1,14,44164980,2024-05-05,10,10:00,2.6666667461395264,2.0014153,0.61418587,3.5540454
20001_0310_1,14,44164980,2024-05-05,11,11:00,,2.8804383,1.5255556,4.4894247
20001_0310_1,14,44164980,2024-05-05,12,12:00,,4.405057,3.027832,6.053726
20001_0310_1,14,44164980,2024-05-05,13,13:00,,3.7994778,2.3615613,5.533515
20001_0310_1,14,44164980,2024-05-05,14,14:00,,2.7403815,1.2477757,4.4570775
20001_0310_1,14,44164980,2024-05-05,15,15:00,,3.8448298,2.289532,5.6268854
20001_0310_1,14,44164980,2024-05-05,16,16:00,,4.7145157,3.0211625,6.608618
20001_0310_1,14,44164980,2024-05-05,17,17:00,,5.4881635,3.5767214,7.4409556
20001_0310_1,14,44164980,2024-05-05,18,18:00,,7.5850134,5.6749053,9.612503
20001_0310_1,14,44164980,2024-05-05,19,19:00,,4.3276925,2.5429683,6.2804847
20001_0310_1,14,44164980,2024-05-05,20,20:00,,2.7550542,1.1824161,4.4610796
20001_0310_1,14,44164980,2024-05-05,21,21:00,,2.9337935,1.6426029,4.3450327
20001_0310_1,14,44164980,2024-05-05,22,22:00,,3.472679,2.386238,4.643154
20001_0310_1,14,44164980,2024-05-05,23,23:00,,0.23269774,0.0,1.2411067
20001_0310_1,14,44164980,2024-05-06,0,00:00,,0.0,0.0,0.8855625
20001_0310_1,14,44164980,2024-05-06,1,01:00,,0.05990193,0.0,0.79672575
20001_0310_1,14,44164980,2024-05-06,2,02:00,,0.0,0.0,0.7131146
20001_0310_1,14,44164980,2024-05-06,3,03:00,,0.0,0.0,0.91169095
20001_0310_1,14,44164980,2024-05-06,4,04:00,,0.15396464,0.0,1.5230981
20001_0310_1,14,44164980,2024-05-06,5,05:00,3.0708751678466797,3.1378393,1.6681111,4.99427
20001_0310_1,14,44164980,2024-05-06,6,06:00,4.974621772766113,3.5676532,1.6785626,5.7728987
20001_0310_1,14,44164980,2024-05-06,7,07:00,5.888942718505859,5.319569,3.20708,7.6123447
20001_0310_1,14,44164980,2024-05-06,8,08:00,4.14290189743042,2.9444885,0.9064653,5.178475
20001_0310_1,14,44164980,2024-05-06,9,09:00,1.2953858375549316,2.5156546,0.5684279,4.696731
20001_0310_1,14,44164980,2024-05-06,10,10:00,0.0,2.1318922,0.22189853,4.318847
20001_0310_1,14,44164980,2024-05-06,11,11:00,1.6558719873428345,2.797842,0.8597604,5.04032
20001_0310_1,14,44164980,2024-05-06,12,12:00,3.451260248819987,3.8460846,1.9693238,6.0701914
20001_0310_1,14,44164980,2024-05-06,13,13:00,3.715592384338379,3.4030437,1.4339348,5.6118817
20001_0310_1,14,44164980,2024-05-06,14,14:00,2.0789263248443604,2.5421095,0.6268903,4.744742
20001_0310_1,14,44164980,2024-05-06,15,15:00,3.4246695836385093,3.4242725,1.4698609,5.62168
20001_0310_1,14,44164980,2024-05-06,16,16:00,1.9290798505147297,4.091856,1.9734879,6.4172926
20001_0310_1,14,44164980,2024-05-06,17,17:00,1.84600830078125,5.1314435,2.8242965,7.4830084
20001_0310_1,14,44164980,2024-05-06,18,18:00,8.225028228759765,6.4404817,4.1078596,8.907012
20001_0310_1,14,44164980,2024-05-06,19,19:00,6.104624938964844,3.8936062,1.7667465,6.2321067
20001_0310_1,14,44164980,2024-05-06,20,20:00,2.2133350372314453,2.5016103,0.6059874,4.619325
20001_0310_1,14,44164980,2024-05-06,21,21:00,1.3690476417541504,2.4872398,0.9404323,4.3292985
20001_0310_1,14,44164980,2024-05-06,22,22:00,1.204062819480896,2.7410126,1.4564704,4.385475
20001_0310_1,14,44164980,2024-05-06,23,23:00,,0.28983283,0.0,1.750416
20001_0310_1,14,44164980,2024-05-07,0,00:00,,0.0,0.0,0.8868534
20001_0310_1,14,44164980,2024-05-07,1,01:00,,0.0,0.0,0.8029852
20001_0310_1,14,44164980,2024-05-07,2,02:00,,0.0,0.0,0.96547997
20001_0310_1,14,44164980,2024-05-07,3,03:00,,0.0,0.0,1.0336232
20001_0310_1,14,44164980,2024-05-07,4,04:00,,0.037686903,0.0,1.759608
20001_0310_1,14,44164980,2024-05-07,5,05:00,3.8231964111328125,3.004528,1.2557428,5.1713443
20001_0310_1,14,44164980,2024-05-07,6,06:00,3.1395975748697915,4.013569,1.8801689,6.4929256
20001_0310_1,14,44164980,2024-05-07,7,07:00,2.8415465354919434,5.897985,3.6731813,8.419275
20001_0310_1,14,44164980,2024-05-07,8,08:00,4.456444549560547,3.1231234,1.0009443,5.4354806
20001_0310_1,14,44164980,2024-05-07,9,09:00,1.7434109052022297,2.102944,0.12679681,4.296624
20001_0310_1,14,44164980,2024-05-07,10,10:00,2.966684341430664,1.848718,0.0,3.9585302
20001_0310_1,14,44164980,2024-05-07,11,11:00,1.8298568725585938,2.547184,0.6169024,4.6949987
20001_0310_1,14,44164980,2024-05-07,12,12:00,1.7577134768168132,3.693821,1.7858171,5.832463
20001_0310_1,14,44164980,2024-05-07,13,13:00,5.708585103352864,3.3694863,1.4726212,5.5035415
20001_0310_1,14,44164980,2024-05-07,14,14:00,1.305827538172404,2.5498044,0.67718273,4.618993
20001_0310_1,14,44164980,2024-05-07,15,15:00,2.437734603881836,3.1807826,1.2944006,5.215244
20001_0310_1,14,44164980,2024-05-07,16,16:00,3.7904977798461914,3.7619638,1.7111214,5.9307456
20001_0310_1,14,44164980,2024-05-07,17,17:00,2.0363855361938477,4.980675,2.7254038,7.2398777
20001_0310_1,14,44164980,2024-05-07,18,18:00,6.005183410644531,6.2439413,3.9559097,8.58177
20001_0310_1,14,44164980,2024-05-07,19,19:00,5.262057304382324,3.9585302,1.8670641,6.1915236
20001_0310_1,14,44164980,2024-05-07,20,20:00,1.2234416007995605,2.5013185,0.6378694,4.4958115
20001_0310_1,14,44164980,2024-05-07,21,21:00,3.178771734237671,2.47642,0.9707217,4.1865473
20001_0310_1,14,44164980,2024-05-07,22,22:00,2.6111111640930176,2.4869034,1.2157743,4.0253625
20001_0310_1,14,44164980,2024-05-07,23,23:00,,0.22639051,0.0,1.6259428
20001_0310_1,14,44164980,2024-05-08,0,00:00,,0.0,0.0,1.0384035
20001_0310_1,14,44164980,2024-05-08,1,01:00,,0.0,0.0,0.8782698
20001_0310_1,14,44164980,2024-05-08,2,02:00,,0.0,0.0,0.8834355
20001_0310_1,14,44164980,2024-05-08,3,03:00,,0.0,0.0,0.9815818
20001_0310_1,14,44164980,2024-05-08,4,04:00,,0.1292589,0.0,1.7150958
20001_0310_1,14,44164980,2024-05-08,5,05:00,1.7144891023635864,2.944588,1.2572147,4.9402823
20001_0310_1,14,44164980,2024-05-08,6,06:00,5.13215970993042,3.8213665,1.7783746,6.0374064
20001_0310_1,14,44164980,2024-05-08,7,07:00,3.8095526695251465,4.990082,2.914805,7.180294
20001_0310_1,14,44164980,2024-05-08,8,08:00,1.8230888843536377,2.7824368,0.91055495,4.826074
20001_0310_1,14,44164980,2024-05-08,9,09:00,2.4136884212493896,1.9811239,0.25839874,3.8691483
20001_0310_1,14,44164980,2024-05-08,10,10:00,1.7484785715738933,1.9243026,0.26098168,3.760671
20001_0310_1,14,44164980,2024-05-08,11,11:00,1.5765656232833862,2.4227824,0.74267346,4.2914357
20001_0310_1,14,44164980,2024-05-08,12,12:00,3.136276960372925,3.5540473,1.906223,5.4678993
20001_0310_1,14,44164980,2024-05-08,13,13:00,1.4243981838226318,3.3445177,1.6595658,5.2470703
20001_0310_1,14,44164980,2024-05-08,14,14:00,2.165059725443522,2.4189084,0.77624965,4.2991843
20001_0310_1,14,44164980,2024-05-08,15,15:00,4.002485275268555,3.1571038,1.4892627,5.0483565
20001_0310_1,14,44164980,2024-05-08,16,16:00,8.341720581054688,3.7206376,1.8506927,5.7507157
20001_0310_1,14,44164980,2024-05-08,17,17:00,1.167173147201538,4.773127,2.6704082,6.953008
20001_0310_1,14,44164980,2024-05-08,18,18:00,2.7885231018066405,6.307308,4.1222625,8.611163
20001_0310_1,14,44164980,2024-05-08,19,19:00,2.6902952194213867,3.9492152,1.9294682,6.1988306
20001_0310_1,14,44164980,2024-05-08,20,20:00,1.9076191584269206,2.496392,0.6509838,4.5303445
20001_0310_1,14,44164980,2024-05-08,21,21:00,2.205697536468506,2.4331136,0.90409786,4.1997466
20001_0310_1,14,44164980,2024-05-08,22,22:00,3.4145455360412598,2.5867898,1.2915171,4.1945806
20001_0310_1,14,44164980,2024-05-08,23,23:00,,0.1809148,0.0,1.6324464
20001_0310_1,14,44164980,2024-05-09,0,00:00,,0.0,0.0,0.80731016
20001_0310_1,14,44164980,2024-05-09,1,01:00,,0.0,0.0,0.7369187
20001_0310_1,14,44164980,2024-05-09,2,02:00,,0.0,0.0,0.7268628
20001_0310_1,14,44164980,2024-05-09,3,03:00,,0.0,0.0,0.9682049
20001_0310_1,14,44164980,2024-05-09,4,04:00,,0.25423443,0.0,1.7073152
20001_0310_1,14,44164980,2024-05-09,5,05:00,1.879934310913086,2.6626277,1.168695,4.451954
20001_0310_1,14,44164980,2024-05-09,6,06:00,3.1988165378570557,3.5418923,1.7544522,5.565647
20001_0310_1,14,44164980,2024-05-09,7,07:00,6.352222442626953,4.4123583,2.6359167,6.4310846
20001_0310_1,14,44164980,2024-05-09,8,08:00,2.370211124420166,2.60732,0.9418079,4.5317726
20001_0310_1,14,44164980,2024-05-09,9,09:00,2.3187238375345864,1.8832936,0.33216783,3.6983876
20001_0310_1,14,44164980,2024-05-09,10,10:00,1.8930954933166504,1.6721194,0.16875893,3.5022972
20001_0310_1,14,44164980,2024-05-09,11,11:00,2.08116881052653,2.0869262,0.5307722,3.9724116
20001_0310_1,14,44164980,2024-05-09,12,12:00,0.3436436951160431,3.0529232,1.4562314,4.975804
20001_0310_1,14,44164980,2024-05-09,13,13:00,2.0023342768351235,2.9108832,1.2849665,4.879959
20001_0310_1,14,44164980,2024-05-09,14,14:00,0.9932724634806315,2.0693283,0.4528388,4.012635
20001_0310_1,14,44164980,2024-05-09,15,15:00,1.3430629968643188,2.968862,1.3416882,4.9668484
20001_0310_1,14,44164980,2024-05-09,16,16:00,4.400360107421875,3.4696155,1.679033,5.5480494
20001_0310_1,14,44164980,2024-05-09,17,17:00,5.055544535319011,3.787634,1.8374133,6.0181637
20001_0310_1,14,44164980,2024-05-09,18,18:00,7.330867767333984,5.4983983,3.4476187,7.796177
20001_0310_1,14,44164980,2024-05-09,19,19:00,4.13848876953125,3.6682198,1.7550807,5.895607
20001_0310_1,14,44164980,2024-05-09,20,20:00,3.164971033732096,2.3332963,0.5936219,4.3847046
20001_0310_1,14,44164980,2024-05-09,21,21:00,2.592899799346924,2.2880447,0.86010385,4.040289
20001_0310_1,14,44164980,2024-05-09,22,22:00,2.6308000087738037,2.332039,1.1517253,3.8643103
20001_0310_1,14,44164980,2024-05-09,23,23:00,,0.284402,0.0,1.6168118
20001_0310_1,14,44164980,2024-05-10,0,00:00,,0.0,0.0,0.8063776
20001_0310_1,14,44164980,2024-05-10,1,01:00,,0.032666225,0.0,0.73043036
20001_0310_1,14,44164980,2024-05-10,2,02:00,,0.0,0.0,0.6687234
20001_0310_1,14,44164980,2024-05-10,3,03:00,,0.0,0.0,0.7778973
20001_0310_1,14,44164980,2024-05-10,4,04:00,,0.042159647,0.0,1.2573134
20001_0310_1,14,44164980,2024-05-10,5,05:00,1.8157370885213215,2.9156897,1.5219418,4.502866
20001_0310_1,14,44164980,2024-05-10,6,06:00,2.071199099222819,3.682874,2.0049176,5.5435777
20001_0310_1,14,44164980,2024-05-10,7,07:00,3.093759218851725,4.9407477,3.250925,6.886893
20001_0310_1,14,44164980,2024-05-10,8,08:00,4.940189361572266,2.5929146,0.9998053,4.3984385
20001_0310_1,14,44164980,2024-05-10,9,09:00,0.8935337066650391,1.9265972,0.47410884,3.6187937
20001_0310_1,14,44164980,2024-05-10,10,10:00,3.9334939320882163,1.720116,0.29848114,3.4241793
20001_0310_1,14,44164980,2024-05-10,11,11:00,1.3889253934224446,2.1117184,0.67702997,3.897662
20001_0310_1,14,44164980,2024-05-10,12,12:00,6.293170928955078,3.0462239,1.5886921,4.897138
20001_0310_1,14,44164980,2024-05-10,13,13:00,6.4019215901692705,2.8829079,1.3949676,4.812587
20001_0310_1,14,44164980,2024-05-10,14,14:00,0.7601543068885803,2.0618782,0.57141614,3.9937828
20001_0310_1,14,44164980,2024-05-10,15,15:00,4.81075382232666,2.9633048,1.4274524,4.944753
20001_0310_1,14,44164980,2024-05-10,16,16:00,2.494211514790853,3.9653027,2.2564926,6.068088
20001_0310_1,14,44164980,2024-05-10,17,17:00,2.5999999046325684,4.238237,2.3300662,6.4454494
20001_0310_1,14,44164980,2024-05-10,18,18:00,3.3262736002604165,6.032488,4.0697293,8.282421
20001_0310_1,14,44164980,2024-05-10,19,19:00,0.4161033630371094,3.8062882,2.0049176,5.94942
20001_0310_1,14,44164980,2024-05-10,20,20:00,2.1212121645609536,2.493234,0.88291806,4.3907247
20001_0310_1,14,44164980,2024-05-10,21,21:00,2.9659650325775146,2.3716,1.0460855,3.9463158
20001_0310_1,14,44164980,2024-05-10,22,22:00,1.6390635967254639,2.646908,1.551015,4.0287895
20001_0310_1,14,44164980,2024-05-10,23,23:00,,0.43613517,0.0,1.6346755
20001_0310_1,14,44164980,2024-05-11,0,00:00,,0.0,0.0,0.73431605
20001_0310_1,14,44164980,2024-05-11,1,01:00,,0.103095576,0.0,0.82714266
20001_0310_1,14,44164980,2024-05-11,2,02:00,,0.0,0.0,0.5672284
20001_0310_1,14,44164980,2024-05-11,3,03:00,,0.0,0.0,0.7992946
20001_0310_1,14,44164980,2024-05-11,4,04:00,,0.12166079,0.0,1.3748192
20001_0310_1,14,44164980,2024-05-11,5,05:00,,1.9932759,0.65773416,3.6049771
20001_0310_1,14,44164980,2024-05-11,6,06:00,,2.88151,1.2598013,4.8057747
20001_0310_1,14,44164980,2024-05-11,7,07:00,,2.8886173,1.1832196,4.924129
20001_0310_1,14,44164980,2024-05-11,8,08:00,,1.920175,0.3467651,3.832402
20001_0310_1,14,44164980,2024-05-11,9,09:00,,1.7507666,0.27018344,3.5608845
20001_0310_1,14,44164980,2024-05-11,10,10:00,,1.6509781,0.2446559,3.4541337
20001_0310_1,14,44164980,2024-05-11,11,11:00,,1.9526643,0.5045701,3.797592
20001_0310_1,14,44164980,2024-05-11,12,12:00,,2.7463315,1.2529846,4.6550775
20001_0310_1,14,44164980,2024-05-11,13,13:00,,2.7196438,1.1723412,4.7090325
20001_0310_1,14,44164980,2024-05-11,14,14:00,,1.8598378,0.28410715,3.8857772
20001_0310_1,14,44164980,2024-05-11,15,15:00,,2.5328302,0.8996633,4.6127253
20001_0310_1,14,44164980,2024-05-11,16,16:00,,3.2708013,1.4780887,5.4626684
20001_0310_1,14,44164980,2024-05-11,17,17:00,,2.9691153,1.0212079,5.2308917
20001_0310_1,14,44164980,2024-05-11,18,18:00,,4.619107,2.6302984,6.958336
20001_0310_1,14,44164980,2024-05-11,19,19:00,,2.975787,1.1453632,5.2158074
20001_0310_1,14,44164980,2024-05-11,20,20:00,0.0,1.9665884,0.31659663,3.9693213
20001_0310_1,14,44164980,2024-05-11,21,21:00,,2.0710185,0.6971855,3.7511787
20001_0310_1,14,44164980,2024-05-11,22,22:00,,2.0246048,0.8944418,3.4610958
20001_0310_1,14,44164980,2024-05-11,23,23:00,,0.14022614,0.0,1.3562537
20001_0310_1,14,44164980,2024-05-12,0,00:00,,0.0,0.0,0.9049397
20001_0310_1,14,44164980,2024-05-12,1,01:00,,0.0,0.0,0.73745275
20001_0310_1,14,44164980,2024-05-12,2,02:00,,0.0,0.0,0.6650259
20001_0310_1,14,44164980,2024-05-12,3,03:00,,0.0,0.0,0.85061944
20001_0310_1,14,44164980,2024-05-12,4,04:00,,0.18067163,0.0,1.6133643
20001_0310_1,14,44164980,2024-05-12,5,05:00,,2.9747617,1.5403717,4.7814713
20001_0310_1,14,44164980,2024-05-12,6,06:00,,3.5258844,1.787641,5.574204
20001_0310_1,14,44164980,2024-05-12,7,07:00,,3.3346326,1.4922758,5.3806896
20001_0310_1,14,44164980,2024-05-12,8,08:00,,2.086402,0.377582,4.0306087
20001_0310_1,14,44164980,2024-05-12,9,09:00,,1.9958684,0.44095537,3.8404887
20001_0310_1,14,44164980,2024-05-12,10,10:00,,1.9913417,0.48169538,3.8133283
20001_0310_1,14,44164980,2024-05-12,11,11:00,,2.3059456,0.80648446,4.169804
20001_0310_1,14,44164980,2024-05-12,12,12:00,,3.829172,2.342725,5.7892222
20001_0310_1,14,44164980,2024-05-12,13,13:00,,3.4896712,1.9596548,5.472355
20001_0310_1,14,44164980,2024-05-12,14,14:00,,2.2357821,0.7023708,4.233177
20001_0310_1,14,44164980,2024-05-12,15,15:00,,3.265601,1.6733428,5.283366
20001_0310_1,14,44164980,2024-05-12,16,16:00,,3.7612715,2.020765,5.8978624
20001_0310_1,14,44164980,2024-05-12,17,17:00,,3.5123045,1.5929945,5.7258487
20001_0310_1,14,44164980,2024-05-12,18,18:00,,6.3912697,4.435746,8.645554
20001_0310_1,14,44164980,2024-05-12,19,19:00,,3.743165,1.9800249,5.9906588
20001_0310_1,14,44164980,2024-05-12,20,20:00,,2.0909286,0.4930121,4.141512
20001_0310_1,14,44164980,2024-05-12,21,21:00,,2.530582,1.2028517,4.312677
20001_0310_1,14,44164980,2024-05-12,22,22:00,,2.5868824,1.4620036,4.2051682
20001_0310_1,14,44164980,2024-05-12,23,23:00,,0.19877824,0.0,1.6608943
20001_0310_1,14,44164980,2024-05-13,0,00:00,,0.0,0.0,0.7668494
20001_0310_1,14,44164980,2024-05-13,1,01:00,,0.0,0.0,0.6222718
20001_0310_1,14,44164980,2024-05-13,2,02:00,,0.0,0.0,0.5048024
20001_0310_1,14,44164980,2024-05-13,3,03:00,,0.0,0.0,0.6629342
20001_0310_1,14,44164980,2024-05-13,4,04:00,,0.039443076,0.0,1.2276907
20001_0310_1,14,44164980,2024-05-13,5,05:00,1.0548834800720215,2.8875098,1.5332237,4.3886323
20001_0310_1,14,44164980,2024-05-13,6,06:00,4.188006083170573,4.0288825,2.3690634,5.7502604
20001_0310_1,14,44164980,2024-05-13,7,07:00,3.372325897216797,4.552976,2.8417635,6.3059793
20001_0310_1,14,44164980,2024-05-13,8,08:00,2.2507341384887694,2.986342,1.3700091,4.7133675
20001_0310_1,14,44164980,2024-05-13,9,09:00,0.8925730387369791,2.1697044,0.65841615,3.8368652
20001_0310_1,14,44164980,2024-05-13,10,10:00,0.0,1.957356,0.47543514,3.6561432
20001_0310_1,14,44164980,2024-05-13,11,11:00,2.5135879516601562,2.20246,0.7250575,3.9554641
20001_0310_1,14,44164980,2024-05-13,12,12:00,7.2766265869140625,3.638071,2.150503,5.497249
20001_0310_1,14,44164980,2024-05-13,13,13:00,3.386006991068522,3.4099092,1.8895851,5.2758646
20001_0310_1,14,44164980,2024-05-13,14,14:00,1.483809471130371,2.0115726,0.479953,3.877528
20001_0310_1,14,44164980,2024-05-13,15,15:00,2.010347843170166,3.2890518,1.7258061,5.14823
20001_0310_1,14,44164980,2024-05-13,16,16:00,3.6567503611246743,3.6922877,2.0002775,5.6553807
20001_0310_1,14,44164980,2024-05-13,17,17:00,4.6049346923828125,3.5002704,1.6591644,5.524357
20001_0310_1,14,44164980,2024-05-13,18,18:00,6.832569758097331,6.455076,4.607193,8.533381
20001_0310_1,14,44164980,2024-05-13,19,19:00,4.84106674194336,3.929485,2.2261798,5.921946
20001_0310_1,14,44164980,2024-05-13,20,20:00,2.495549519856771,2.2126257,0.6674522,3.983702
20001_0310_1,14,44164980,2024-05-13,21,21:00,2.2832589149475098,2.3826175,1.113045,3.8532434
20001_0310_1,14,44164980,2024-05-13,22,22:00,3.526315689086914,2.453212,1.393729,3.749893
20001_0310_1,14,44164980,2024-05-13,23,23:00,,0.13884026,0.0,1.2322087
20001_0310_1,14,44164980,2024-05-14,0,00:00,,0.0024068803,0.0,0.6900614
20001_0310_1,14,44164980,2024-05-14,1,01:00,,0.0,0.0,0.45933515
20001_0310_1,14,44164980,2024-05-14,2,02:00,,0.0,0.0,0.3733784
20001_0310_1,14,44164980,2024-05-14,3,03:00,,0.0,0.0,0.5045757
20001_0310_1,14,44164980,2024-05-14,4,04:00,,0.03859926,0.0,1.1107974
20001_0310_1,14,44164980,2024-05-14,5,05:00,3.5873371760050454,2.6602824,1.3931262,4.066836
20001_0310_1,14,44164980,2024-05-14,6,06:00,5.808713277180989,3.8568916,2.3006208,5.4991193
20001_0310_1,14,44164980,2024-05-14,7,07:00,4.730640029907226,4.196195,2.5761633,5.870091
20001_0310_1,14,44164980,2024-05-14,8,08:00,3.5145851135253907,2.5968044,1.0645672,4.26759
20001_0310_1,14,44164980,2024-05-14,9,09:00,1.425545573234558,1.9703658,0.53172,3.6103313
20001_0310_1,14,44164980,2024-05-14,10,10:00,1.111111084620158,1.7215433,0.26932538,3.4203215
20001_0310_1,14,44164980,2024-05-14,11,11:00,2.370319366455078,2.2780006,0.7805422,4.055949
20001_0310_1,14,44164980,2024-05-14,12,12:00,1.7575704256693523,4.0876184,2.5186234,5.960572
20001_0310_1,14,44164980,2024-05-14,13,13:00,5.005357106526692,3.678192,2.0879908,5.5420976
20001_0310_1,14,44164980,2024-05-14,14,14:00,1.0304055213928223,2.1377554,0.53398186,3.9948752
20001_0310_1,14,44164980,2024-05-14,15,15:00,1.2741979360580444,3.1330447,1.5089133,4.931352
20001_0310_1,14,44164980,2024-05-14,16,16:00,4.886001904805501,4.001661,2.3062758,5.883663
20001_0310_1,14,44164980,2024-05-14,17,17:00,3.6918087005615234,3.8591537,2.0303094,5.759252
20001_0310_1,14,44164980,2024-05-14,18,18:00,8.012997436523438,6.2184424,4.3862047,8.145684
20001_0310_1,14,44164980,2024-05-14,19,19:00,2.634546995162964,3.9043944,2.2452016,5.7456803
20001_0310_1,14,44164980,2024-05-14,20,20:00,1.8174514770507812,2.2497253,0.72851586,3.8455815
20001_0310_1,14,44164980,2024-05-14,21,21:00,0.0,2.6585858,1.3737577,3.9705586
20001_0310_1,14,44164980,2024-05-14,22,22:00,4.454545497894287,2.8278134,1.7468495,3.9839892
20001_0310_1,14,44164980,2024-05-14,23,23:00,,0.08383961,0.0,1.0248406
20001_0310_1,14,44164980,2024-05-15,0,00:00,,0.0,0.0,0.8192143
20001_0310_1,14,44164980,2024-05-15,1,01:00,,0.0,0.0,0.6956816
20001_0310_1,14,44164980,2024-05-15,2,02:00,,0.0,0.0,0.6515628
20001_0310_1,14,44164980,2024-05-15,3,03:00,,0.0,0.0,0.65156275
20001_0310_1,14,44164980,2024-05-15,4,04:00,,0.0,0.0,1.2604029
20001_0310_1,14,44164980,2024-05-15,5,05:00,2.1953654289245605,2.7995994,1.4148188,4.4193125
20001_0310_1,14,44164980,2024-05-15,6,06:00,0.0,3.9693005,2.3302853,5.8002324
20001_0310_1,14,44164980,2024-05-15,7,07:00,4.919190883636475,3.9737124,2.2955413,5.848763
20001_0310_1,14,44164980,2024-05-15,8,08:00,0.8482990264892578,2.409699,0.8470643,4.23098
20001_0310_1,14,44164980,2024-05-15,9,09:00,2.775111198425293,1.752328,0.28317022,3.5237
20001_0310_1,14,44164980,2024-05-15,10,10:00,1.4550245602925618,1.7699755,0.3030238,3.5722308
20001_0310_1,14,44164980,2024-05-15,11,11:00,2.205246925354004,1.9927758,0.4927348,3.8766508
20001_0310_1,14,44164980,2024-05-15,12,12:00,3.608187675476074,3.5545833,2.0027027,5.52449
20001_0310_1,14,44164980,2024-05-15,13,13:00,2.919814109802246,3.4619336,1.8736547,5.4340463
20001_0310_1,14,44164980,2024-05-15,14,14:00,3.4171924591064453,1.8471836,0.23905146,3.790619
20001_0310_1,14,44164980,2024-05-15,15,15:00,4.131505966186523,2.982141,1.335405,4.90462
20001_0310_1,14,44164980,2024-05-15,16,16:00,3.4893860816955566,4.4501953,2.7196333,6.444367
20001_0310_1,14,44164980,2024-05-15,17,17:00,3.064225514729818,3.788413,1.9288033,5.8002324
20001_0310_1,14,44164980,2024-05-15,18,18:00,7.122531890869141,6.3340707,4.489903,8.41648
20001_0310_1,14,44164980,2024-05-15,19,19:00,0.5169135570526123,3.6428208,1.9596866,5.6193457
20001_0310_1,14,44164980,2024-05-15,20,20:00,3.3036575317382812,2.0821166,0.5831785,3.8215024
20001_0310_1,14,44164980,2024-05-15,21,21:00,6.1595354080200195,2.3633742,1.0740007,3.8623123
20001_0310_1,14,44164980,2024-05-15,22,22:00,8.146199226379395,2.8966608,1.8196092,4.206439
20001_0310_1,14,44164980,2024-05-15,23,23:00,,0.07801766,0.0,1.1809889
20001_0310_1,14,44164980,2024-05-16,0,00:00,,0.0,0.0,1.0177046
20001_0310_1,14,44164980,2024-05-16,1,01:00,,0.0046472102,0.0,0.9674704
20001_0310_1,14,44164980,2024-05-16,2,02:00,,0.0,0.0,0.9004915
20001_0310_1,14,44164980,2024-05-16,3,03:00,,0.0,0.0,0.8753743
20001_0310_1,14,44164980,2024-05-16,4,04:00,,0.029764414,0.0,1.3484135
20001_0310_1,14,44164980,2024-05-16,5,05:00,3.5564187367757163,2.379262,1.0566883,3.9744613
20001_0310_1,14,44164980,2024-05-16,6,06:00,4.963571230570476,3.5084863,1.9397123,5.2834296
20001_0310_1,14,44164980,2024-05-16,7,07:00,5.148430824279785,3.860126,2.23824,5.6894903
20001_0310_1,14,44164980,2024-05-16,8,08:00,1.6599823633829753,2.4776375,0.8693565,4.264354
20001_0310_1,14,44164980,2024-05-16,9,09:00,0.730107593536377,2.0495996,0.48710534,3.8234968
20001_0310_1,14,44164980,2024-05-16,10,10:00,0.0,1.804708,0.17523451,3.6539562
20001_0310_1,14,44164980,2024-05-16,11,11:00,1.9833333492279053,2.074717,0.41280055,4.02548
20001_0310_1,14,44164980,2024-05-16,12,12:00,4.323922475179036,3.5754652,1.8570353,5.62879
20001_0310_1,14,44164980,2024-05-16,13,13:00,3.654818534851074,3.282432,1.4844646,5.402736
20001_0310_1,14,44164980,2024-05-16,14,14:00,0.984375,2.2500136,0.4190799,4.3917713
20001_0310_1,14,44164980,2024-05-16,15,15:00,1.506442666053772,3.2196393,1.3358551,5.419481
20001_0310_1,14,44164980,2024-05-16,16,16:00,4.071982383728027,4.4294467,2.4666486,6.723478
20001_0310_1,14,44164980,2024-05-16,17,17:00,4.541757583618164,3.8098917,1.7251703,6.145784
20001_0310_1,14,44164980,2024-05-16,18,18:00,4.188764572143555,6.3760247,4.3080482,8.745408
20001_0310_1,14,44164980,2024-05-16,19,19:00,7.016043853759766,3.5817447,1.6581916,5.8778677
20001_0310_1,14,44164980,2024-05-16,20,20:00,2.6198408603668213,2.2929223,0.53681636,4.392295
20001_0310_1,14,44164980,2024-05-16,21,21:00,2.4571216106414795,2.7926483,1.2667828,4.6408496
20001_0310_1,14,44164980,2024-05-16,22,22:00,0.0,3.148474,1.8633145,4.8124833
20001_0310_1,14,44164980,2024-05-16,23,23:00,,0.5069897,0.0,1.9930865
20001_0310_1,14,44164980,2024-05-17,0,00:00,,0.062131066,0.0,1.1504197
20001_0310_1,14,44164980,2024-05-17,1,01:00,,0.0,0.0,0.83593345
20001_0310_1,14,44164980,2024-05-17,2,02:00,,0.0,0.0,0.82351935
20001_0310_1,14,44164980,2024-05-17,3,03:00,,0.0,0.0,1.0180045
20001_0310_1,14,44164980,2024-05-17,4,04:00,,0.012475189,0.0,1.4959412
20001_0310_1,14,44164980,2024-05-17,5,05:00,2.164006551106771,2.6142302,1.2181791,4.396148
20001_0310_1,14,44164980,2024-05-17,6,06:00,1.363324801127116,3.2669966,1.5662868,5.263572
20001_0310_1,14,44164980,2024-05-17,7,07:00,3.5224742889404297,3.8566587,2.0959482,5.8677177
20001_0310_1,14,44164980,2024-05-17,8,08:00,1.669992446899414,2.5744023,0.89334774,4.480977
20001_0310_1,14,44164980,2024-05-17,9,09:00,1.971706708272298,1.961464,0.36213455,3.8090723
20001_0310_1,14,44164980,2024-05-17,10,10:00,3.081655979156494,2.0442235,0.44075623,3.933211
20001_0310_1,14,44164980,2024-05-17,11,11:00,1.9910744031270344,2.34552,0.7042936,4.366406
20001_0310_1,14,44164980,2024-05-17,12,12:00,1.3168376684188843,3.9973502,2.3225029,6.1159964
20001_0310_1,14,44164980,2024-05-17,13,13:00,2.750469446182251,3.5545862,1.8311175,5.776682
20001_0310_1,14,44164980,2024-05-17,14,14:00,3.454545497894287,2.1818113,0.42575628,4.3609753
20001_0310_1,14,44164980,2024-05-17,15,15:00,2.5065672397613525,3.134581,1.3676637,5.35047
20001_0310_1,14,44164980,2024-05-17,16,16:00,1.9892419179280598,3.844245,1.9873265,6.136686
20001_0310_1,14,44164980,2024-05-17,17,17:00,3.2594521840413413,3.7201056,1.6862882,6.0746164
20001_0310_1,14,44164980,2024-05-17,18,18:00,5.748125076293945,6.103582,4.055282,8.495335
20001_0310_1,14,44164980,2024-05-17,19,19:00,0.7195355892181396,3.4428606,1.5393897,5.7642674
20001_0310_1,14,44164980,2024-05-17,20,20:00,0.7430272102355957,2.277502,0.5286881,4.393562
20001_0310_1,14,44164980,2024-05-17,21,21:00,1.0885595083236694,2.596644,1.103609,4.4553733
20001_0310_1,14,44164980,2024-05-17,22,22:00,3.7173912525177,2.4522672,1.2210889,4.1176753
20001_0310_1,14,44164980,2024-05-17,23,23:00,,0.29799598,0.0,1.8104277
20001_0310_1,14,44164980,2024-05-18,0,00:00,,0.0,0.0,0.948377
20001_0310_1,14,44164980,2024-05-18,1,01:00,,0.0,0.0,0.64204407
20001_0310_1,14,44164980,2024-05-18,2,02:00,,0.0,0.0,0.79924124
20001_0310_1,14,44164980,2024-05-18,3,03:00,,0.0,0.0,0.8919472
20001_0310_1,14,44164980,2024-05-18,4,04:00,,0.0,0.0,1.3050934
20001_0310_1,14,44164980,2024-05-18,5,05:00,,2.6304367,1.2670538,4.360613
20001_0310_1,14,44164980,2024-05-18,6,06:00,,3.0423236,1.3756309,4.9589195
20001_0310_1,14,44164980,2024-05-18,7,07:00,,2.7773051,1.0652671,4.6767707
20001_0310_1,14,44164980,2024-05-18,8,08:00,,1.909698,0.3266423,3.7003348
20001_0310_1,14,44164980,2024-05-18,9,09:00,,1.6134418,0.114023,3.3385794
20001_0310_1,14,44164980,2024-05-18,10,10:00,,1.7424241,0.20672904,3.4998074
20001_0310_1,14,44164980,2024-05-18,11,11:00,,2.2706974,0.6766515,4.1430497
20001_0310_1,14,44164980,2024-05-18,12,12:00,,3.693281,2.0537953,5.6441374
20001_0310_1,14,44164980,2024-05-18,13,13:00,,3.451439,1.7363782,5.462756
20001_0310_1,14,44164980,2024-05-18,14,14:00,,2.2387035,0.5145734,4.218783
20001_0310_1,14,44164980,2024-05-18,15,15:00,,3.0080626,1.25471,5.0012417
20001_0310_1,14,44164980,2024-05-18,16,16:00,3.142857074737549,3.624759,1.7484702,5.71669
20001_0310_1,14,44164980,2024-05-18,17,17:00,,3.2297509,1.1599886,5.3982654
20001_0310_1,14,44164980,2024-05-18,18,18:00,,6.0391455,3.9270613,8.280212
20001_0310_1,14,44164980,2024-05-18,19,19:00,,3.3224568,1.3776463,5.5332937
20001_0310_1,14,44164980,2024-05-18,20,20:00,,1.6194878,0.0,3.6731274
20001_0310_1,14,44164980,2024-05-18,21,21:00,,2.2419784,0.7909281,4.04773
20001_0310_1,14,44164980,2024-05-18,22,22:00,,2.3639069,1.2369497,4.0181293
20001_0310_1,14,44164980,2024-05-18,23,23:00,,0.081777446,0.0,1.5287973
20001_0310_1,14,44164980,2024-05-19,0,00:00,,0.0,0.0,0.90288377
20001_0310_1,14,44164980,2024-05-19,1,01:00,,0.0,0.0,0.8157598
20001_0310_1,14,44164980,2024-05-19,2,02:00,,0.0,0.0,0.7207151
20001_0310_1,14,44164980,2024-05-19,3,03:00,,0.0,0.0,1.0850528
20001_0310_1,14,44164980,2024-05-19,4,04:00,,0.015800703,0.0,1.4315696
20001_0310_1,14,44164980,2024-05-19,5,05:00,,2.898821,1.5087935,4.635366
20001_0310_1,14,44164980,2024-05-19,6,06:00,,3.3641438,1.6751217,5.2848377
20001_0310_1,14,44164980,2024-05-19,7,07:00,,2.7641745,1.0147592,4.6779375
20001_0310_1,14,44164980,2024-05-19,8,08:00,,2.009758,0.3548922,3.843822
20001_0310_1,14,44164980,2024-05-19,9,09:00,,1.8582805,0.30390468,3.6225462
20001_0310_1,14,44164980,2024-05-19,10,10:00,,1.8256088,0.2484622,3.6463075
20001_0310_1,14,44164980,2024-05-19,11,11:00,,2.3288007,0.71861094,4.2431827
20001_0310_1,14,44164980,2024-05-19,12,12:00,,3.5482926,1.9087728,5.54819
20001_0310_1,14,44164980,2024-05-19,13,13:00,,3.453248,1.7523454,5.5046287
20001_0310_1,14,44164980,2024-05-19,14,14:00,,2.2270732,0.5201063,4.242688
20001_0310_1,14,44164980,2024-05-19,15,15:00,,2.9720848,1.2573212,4.940301
20001_0310_1,14,44164980,2024-05-19,16,16:00,,3.6710587,1.8691713,5.73828
20001_0310_1,14,44164980,2024-05-19,17,17:00,,3.2572184,1.2989032,5.33632
20001_0310_1,14,44164980,2024-05-19,18,18:00,,6.36003,4.4116154,8.514375
20001_0310_1,14,44164980,2024-05-19,19,19:00,,3.7661035,1.9780763,5.872926
20001_0310_1,14,44164980,2024-05-19,20,20:00,,2.0434196,0.4385514,3.9948046
20001_0310_1,14,44164980,2024-05-19,21,21:00,,2.4272487,1.070264,4.131493
20001_0310_1,14,44164980,2024-05-19,22,22:00,,2.8661494,1.7662059,4.405675
20001_0310_1,14,44164980,2024-05-19,23,23:00,,0.2296511,0.0,1.5503756
20001_0310_1,14,44164980,2024-05-20,0,00:00,,0.0,0.0,0.7554404
20001_0310_1,14,44164980,2024-05-20,1,01:00,,0.0,0.0,0.69222325
20001_0310_1,14,44164980,2024-05-20,2,02:00,,0.0,0.0,0.5657891
20001_0310_1,14,44164980,2024-05-20,3,03:00,,0.0,0.0,0.7791468
20001_0310_1,14,44164980,2024-05-20,4,04:00,,0.05215036,0.0,1.2710549
20001_0310_1,14,44164980,2024-05-20,5,05:00,2.9727420806884766,2.499837,1.194997,4.057546
20001_0310_1,14,44164980,2024-05-20,6,06:00,3.3662991523742676,3.7226927,2.1062121,5.4374566
20001_0310_1,14,44164980,2024-05-20,7,07:00,3.928107500076294,3.3019037,1.6187489,5.0028396
20001_0310_1,14,44164980,2024-05-20,8,08:00,1.9068591594696045,2.1993089,0.6339452,3.8303597
20001_0310_1,14,44164980,2024-05-20,9,09:00,2.2085232734680176,1.9328588,0.48133516,3.5039022
20001_0310_1,14,44164980,2024-05-20,10,10:00,0.0,1.7906204,0.3247741,3.398705
20001_0310_1,14,44164980,2024-05-20,11,11:00,2.081009864807129,2.228448,0.69666857,3.9404953
20001_0310_1,14,44164980,2024-05-20,12,12:00,3.314182917277018,3.6160138,2.0504029,5.441407
20001_0310_1,14,44164980,2024-05-20,13,13:00,4.26685365041097,3.4895794,1.8488984,5.342631
20001_0310_1,14,44164980,2024-05-20,14,14:00,0.672646164894104,2.3395717,0.6843828,4.165274
20001_0310_1,14,44164980,2024-05-20,15,15:00,2.6858584880828857,3.0233533,1.3579783,4.8368936
20001_0310_1,14,44164980,2024-05-20,16,16:00,4.207278251647949,3.7701054,1.9990392,5.67452
20001_0310_1,14,44164980,2024-05-20,17,17:00,4.744472026824951,3.3591943,1.4113182,5.3307776
20001_0310_1,14,44164980,2024-05-20,18,18:00,8.870031356811523,6.358055,4.366717,8.467925
20001_0310_1,14,44164980,2024-05-20,19,19:00,3.354401779174805,3.75035,1.8617394,5.832563
20001_0310_1,14,44164980,2024-05-20,20,20:00,3.0618375142415366,2.3375962,0.6225242,4.3009686
20001_0310_1,14,44164980,2024-05-20,21,21:00,0.0,2.4897125,1.048437,4.209292
20001_0310_1,14,44164980,2024-05-20,22,22:00,3.868659496307373,2.84358,1.681966,4.37857
20001_0310_1,14,44164980,2024-05-20,23,23:00,,0.2101931,0.0,1.4745349
20001_0310_1,14,44164980,2024-05-21,0,00:00,,0.0,0.0,0.7107335
20001_0310_1,14,44164980,2024-05-21,1,01:00,,0.0,0.0,0.6908538
20001_0310_1,14,44164980,2024-05-21,2,02:00,,0.0,0.0,0.6471186
20001_0310_1,14,44164980,2024-05-21,3,03:00,,0.0,0.0,0.79025203
20001_0310_1,14,44164980,2024-05-21,4,04:00,,0.106392235,0.0,1.352846
20001_0310_1,14,44164980,2024-05-21,5,05:00,2.532688617706299,2.507853,1.1421217,4.084309
20001_0310_1,14,44164980,2024-05-21,6,06:00,4.792192459106445,3.4342442,1.7991437,5.207509
20001_0310_1,14,44164980,2024-05-21,7,07:00,6.607154369354248,3.676776,1.9730909,5.442089
20001_0310_1,14,44164980,2024-05-21,8,08:00,4.163181304931641,2.1182122,0.5340531,3.8062425
20001_0310_1,14,44164980,2024-05-21,9,09:00,1.318649133046468,1.90053,0.398623,3.5475583
20001_0310_1,14,44164980,2024-05-21,10,10:00,1.5,1.6967638,0.15410352,3.4143648
20001_0310_1,14,44164980,2024-05-21,11,11:00,3.024326801300049,2.1574745,0.5601453,4.0311313
20001_0310_1,14,44164980,2024-05-21,12,12:00,2.7544660568237305,3.3746057,1.7474568,5.314859
20001_0310_1,14,44164980,2024-05-21,13,13:00,2.2853424549102783,3.14599,1.4701359,5.139919
20001_0310_1,14,44164980,2024-05-21,14,14:00,1.3833573659261067,2.2219586,0.5226221,4.172525
20001_0310_1,14,44164980,2024-05-21,15,15:00,3.230769157409668,2.698698,0.9661869,4.6598244
20001_0310_1,14,44164980,2024-05-21,16,16:00,1.3247164090474446,3.5217152,1.668932,5.6090775
20001_0310_1,14,44164980,2024-05-21,17,17:00,1.1915282011032104,3.7006316,1.6609802,5.859561
20001_0310_1,14,44164980,2024-05-21,18,18:00,6.986776351928711,6.038478,3.9511156,8.27295
20001_0310_1,14,44164980,2024-05-21,19,19:00,2.6701938629150392,3.7125597,1.7723063,5.9032965
20001_0310_1,14,44164980,2024-05-21,20,20:00,0.5712647438049316,2.3465796,0.6004014,4.353678
20001_0310_1,14,44164980,2024-05-21,21,21:00,,2.3070068,0.83659637,4.045171
20001_0310_1,14,44164980,2024-05-21,22,22:00,1.932539701461792,2.5824018,1.3836591,4.1469293
20001_0310_1,14,44164980,2024-05-21,23,23:00,,0.25350156,0.0,1.5914016
20001_0310_1,14,44164980,2024-05-22,0,00:00,,0.0,0.0,0.90576494
20001_0310_1,14,44164980,2024-05-22,1,01:00,,0.0,0.0,0.7995231
20001_0310_1,14,44164980,2024-05-22,2,02:00,,0.0,0.0,0.7483696
20001_0310_1,14,44164980,2024-05-22,3,03:00,,0.0,0.0,1.0159419
20001_0310_1,14,44164980,2024-05-22,4,04:00,,0.07943832,0.0,1.5668263
20001_0310_1,14,44164980,2024-05-22,5,05:00,2.1440693537394204,2.6223605,1.2028493,4.453068
20001_0310_1,14,44164980,2024-05-22,6,06:00,2.9433806737264,3.1014333,1.3681146,5.0905194
20001_0310_1,14,44164980,2024-05-22,7,07:00,2.8179174423217774,3.3768756,1.6140451,5.3600597
20001_0310_1,14,44164980,2024-05-22,8,08:00,1.7394664287567139,1.9337548,0.31503978,3.7895467
20001_0310_1,14,44164980,2024-05-22,9,09:00,0.0,1.7124174,0.19748512,3.5106616
20001_0310_1,14,44164980,2024-05-22,10,10:00,1.147474765777588,1.6671661,0.15223378,3.4732804
20001_0310_1,14,44164980,2024-05-22,11,11:00,0.32130125164985657,2.074919,0.5112922,3.9936695
20001_0310_1,14,44164980,2024-05-22,12,12:00,4.5232194264729815,3.166359,1.6081427,5.1436405
20001_0310_1,14,44164980,2024-05-22,13,13:00,5.334595998128255,3.1722615,1.5628916,5.17512
20001_0310_1,14,44164980,2024-05-22,14,14:00,0.5029761791229248,2.1054146,0.47686222,4.0536766
20001_0310_1,14,44164980,2024-05-22,15,15:00,2.264626661936442,2.7423747,1.0562745,4.6960473
20001_0310_1,14,44164980,2024-05-22,16,16:00,4.274895985921224,3.3453963,1.5019006,5.4348226
20001_0310_1,14,44164980,2024-05-22,17,17:00,3.145587682723999,3.3375266,1.2736771,5.5410643
20001_0310_1,14,44164980,2024-05-22,18,18:00,8.633374214172363,5.6748505,3.534271,7.9885654
20001_0310_1,14,44164980,2024-05-22,19,19:00,2.3697938919067383,3.2076752,1.2008818,5.499748
20001_0310_1,14,44164980,2024-05-22,20,20:00,1.307692289352417,2.1172192,0.32438534,4.267144
20001_0310_1,14,44164980,2024-05-22,21,21:00,2.2509713172912598,2.3525746,0.87311757,4.2925367
20001_0310_1,14,44164980,2024-05-22,22,22:00,1.8437163829803467,2.6715467,1.4714051,4.422572
20001_0310_1,14,44164980,2024-05-22,23,23:00,,0.20535487,0.0,1.7399615
20001_0310_1,14,44164980,2024-05-23,0,00:00,,0.0,0.0,0.74026877
20001_0310_1,14,44164980,2024-05-23,1,01:00,,0.0,0.0,0.61726993
20001_0310_1,14,44164980,2024-05-23,2,02:00,,0.0,0.0,0.6926565
20001_0310_1,14,44164980,2024-05-23,3,03:00,,0.0,0.0,0.90294456
20001_0310_1,14,44164980,2024-05-23,4,04:00,,0.0022763386,0.0,1.3989074
20001_0310_1,14,44164980,2024-05-23,5,05:00,3.8813044230143228,2.3920727,0.9614682,4.1237273
20001_0310_1,14,44164980,2024-05-23,6,06:00,4.2912031809488935,3.200244,1.4951242,5.120612
20001_0310_1,14,44164980,2024-05-23,7,07:00,3.28253436088562,3.470048,1.7431055,5.402319
20001_0310_1,14,44164980,2024-05-23,8,08:00,5.14415397644043,1.8780075,0.29886207,3.6833115
20001_0310_1,14,44164980,2024-05-23,9,09:00,1.3814072608947754,1.6171311,0.10940432,3.390694
20001_0310_1,14,44164980,2024-05-23,10,10:00,1.2255317370096843,1.579438,0.053856533,3.3946617
20001_0310_1,14,44164980,2024-05-23,11,11:00,0.0,1.9176846,0.3286199,3.8479714
20001_0310_1,14,44164980,2024-05-23,12,12:00,3.128032922744751,3.081213,1.5219063,5.096806
20001_0310_1,14,44164980,2024-05-23,13,13:00,1.2722222010294597,2.891755,1.2719411,4.9500012
20001_0310_1,14,44164980,2024-05-23,14,14:00,2.238908608754476,1.9325634,0.30580562,3.9322853
20001_0310_1,14,44164980,2024-05-23,15,15:00,0.4077134927113851,2.4414208,0.77349806,4.463461
20001_0310_1,14,44164980,2024-05-23,16,16:00,1.3274781703948975,3.001859,1.1985387,5.1602893
20001_0310_1,14,44164980,2024-05-23,17,17:00,4.934950828552246,3.347049,1.3413758,5.604672
20001_0310_1,14,44164980,2024-05-23,18,18:00,6.415142059326172,5.795121,3.7358837,8.12813
20001_0310_1,14,44164980,2024-05-23,19,19:00,2.702415148417155,3.4779832,1.5635672,5.7514763
20001_0310_1,14,44164980,2024-05-23,20,20:00,2.3263065814971924,2.2796133,0.61107063,4.348646
20001_0310_1,14,44164980,2024-05-23,21,21:00,1.7471461296081543,2.202615,0.8372296,3.9955206
20001_0310_1,14,44164980,2024-05-23,22,22:00,2.095238208770752,2.2251813,1.1273677,3.7936637
20001_0310_1,14,44164980,2024-05-23,23,23:00,,0.1570166,0.0,1.5278577
20001_0310_1,14,44164980,2024-05-24,0,00:00,,0.0,0.0,0.93175876
20001_0310_1,14,44164980,2024-05-24,1,01:00,,0.0,0.0,0.62691027
20001_0310_1,14,44164980,2024-05-24,2,02:00,,0.0,0.0,0.8129867
20001_0310_1,14,44164980,2024-05-24,3,03:00,,0.0,0.0,0.77339596
20001_0310_1,14,44164980,2024-05-24,4,04:00,,0.0,0.0,1.2564023
20001_0310_1,14,44164980,2024-05-24,5,05:00,3.9612391789754233,2.4461033,1.1024936,4.0163693
20001_0310_1,14,44164980,2024-05-24,6,06:00,3.447284380594889,2.9568233,1.3157887,4.700794
20001_0310_1,14,44164980,2024-05-24,7,07:00,6.059333801269531,3.0716364,1.3771541,4.8334227
20001_0310_1,14,44164980,2024-05-24,8,08:00,2.7953258514404298,2.093746,0.5132105,3.7596486
20001_0310_1,14,44164980,2024-05-24,9,09:00,4.202063878377278,1.7344601,0.20724872,3.3547096
20001_0310_1,14,44164980,2024-05-24,10,10:00,0.0,1.82057,0.26366553,3.4982262
20001_0310_1,14,44164980,2024-05-24,11,11:00,3.451244354248047,2.0412884,0.41213092,3.8208907
20001_0310_1,14,44164980,2024-05-24,12,12:00,2.085470199584961,3.1231043,1.4959263,4.9878263
20001_0310_1,14,44164980,2024-05-24,13,13:00,2.7267173131306968,3.2003062,1.5137422,5.090762
20001_0310_1,14,44164980,2024-05-24,14,14:00,3.646865208943685,2.2011356,0.5129634,4.044454
20001_0310_1,14,44164980,2024-05-24,15,15:00,3.442171573638916,2.5589366,0.85356694,4.412771
20001_0310_1,14,44164980,2024-05-24,16,16:00,2.250170866648356,2.6311898,0.79616046,4.569155
20001_0310_1,14,44164980,2024-05-24,17,17:00,1.8969351053237915,2.9944344,0.98322636,4.9977236
20001_0310_1,14,44164980,2024-05-24,18,18:00,5.707436752319336,5.9716554,3.9248164,8.022454
20001_0310_1,14,44164980,2024-05-24,19,19:00,2.5179317474365233,2.5416157,0.66897553,4.560742
20001_0310_1,14,44164980,2024-05-24,20,20:00,0.0,1.5553122,0.0,3.3982596
20001_0310_1,14,44164980,2024-05-24,21,21:00,0.6785714030265808,1.7760304,0.43192607,3.393311
20001_0310_1,14,44164980,2024-05-24,22,22:00,2.3516483306884766,2.2357776,1.1579204,3.6996436
20001_0310_1,14,44164980,2024-05-24,23,23:00,,0.056804072,0.0,1.3256862
20001_0310_1,14,44164980,2024-05-25,0,00:00,,0.0,0.0,0.8078452
20001_0310_1,14,44164980,2024-05-25,1,01:00,,0.0,0.0,0.6622572
20001_0310_1,14,44164980,2024-05-25,2,02:00,,0.0,0.0,0.6937356
20001_0310_1,14,44164980,2024-05-25,3,03:00,,0.0,0.0,0.7881711
20001_0310_1,14,44164980,2024-05-25,4,04:00,,0.11531829,0.0,1.4059365
20001_0310_1,14,44164980,2024-05-25,5,05:00,,2.9680567,1.6705525,4.583297
20001_0310_1,14,44164980,2024-05-25,6,06:00,,3.4166253,1.8082709,5.20303
20001_0310_1,14,44164980,2024-05-25,7,07:00,,3.1884062,1.5023395,4.982681
20001_0310_1,14,44164980,2024-05-25,8,08:00,,1.9538591,0.38632858,3.640418
20001_0310_1,14,44164980,2024-05-25,9,09:00,,1.8948369,0.4114129,3.5395882
20001_0310_1,14,44164980,2024-05-25,10,10:00,,1.6971127,0.18516113,3.380228
20001_0310_1,14,44164980,2024-05-25,11,11:00,,2.2356899,0.6792875,4.0317473
20001_0310_1,14,44164980,2024-05-25,12,12:00,,3.5071259,1.9194294,5.3879657
20001_0310_1,14,44164980,2024-05-25,13,13:00,,3.2828417,1.6262863,5.195161
20001_0310_1,14,44164980,2024-05-25,14,14:00,,2.2332306,0.58343774,4.1050944
20001_0310_1,14,44164980,2024-05-25,15,15:00,,2.79099,1.1206627,4.6265798
20001_0310_1,14,44164980,2024-05-25,16,16:00,,3.1647973,1.3842952,5.0849857
20001_0310_1,14,44164980,2024-05-25,17,17:00,,3.3418639,1.3842952,5.3250093
20001_0310_1,14,44164980,2024-05-25,18,18:00,,6.5605397,4.538047,8.622381
20001_0310_1,14,44164980,2024-05-25,19,19:00,,3.0880687,1.2426418,5.1518774
20001_0310_1,14,44164980,2024-05-25,20,20:00,,1.6636668,0.013013318,3.585822
20001_0310_1,14,44164980,2024-05-25,21,21:00,,1.9194294,0.58700365,3.6207433
20001_0310_1,14,44164980,2024-05-25,22,22:00,,2.5086675,1.4767632,4.044228
20001_0310_1,14,44164980,2024-05-25,23,23:00,,0.028752496,0.0,1.3508494
20001_0310_1,14,44164980,2024-05-26,0,00:00,,0.0,0.0,0.84898746
20001_0310_1,14,44164980,2024-05-26,1,01:00,,0.0,0.0,0.6992576
20001_0310_1,14,44164980,2024-05-26,2,02:00,,0.0,0.0,0.6992576
20001_0310_1,14,44164980,2024-05-26,3,03:00,,0.0,0.0,0.91991216
20001_0310_1,14,44164980,2024-05-26,4,04:00,,0.12003964,0.0,1.3789524
20001_0310_1,14,44164980,2024-05-26,5,05:00,,3.096905,1.8281416,4.641486
20001_0310_1,14,44164980,2024-05-26,6,06:00,,3.370753,1.833067,5.0847654
20001_0310_1,14,44164980,2024-05-26,7,07:00,,3.0240102,1.4498768,4.741963
20001_0310_1,14,44164980,2024-05-26,8,08:00,,1.9212303,0.45742425,3.546587
20001_0310_1,14,44164980,2024-05-26,9,09:00,,2.0448558,0.67364573,3.617019
20001_0310_1,14,44164980,2024-05-26,10,10:00,,1.6390094,0.22938165,3.265351
20001_0310_1,14,44164980,2024-05-26,11,11:00,,2.2179813,0.789145,3.9216506
20001_0310_1,14,44164980,2024-05-26,12,12:00,,3.5480647,2.0761316,5.3133006
20001_0310_1,14,44164980,2024-05-26,13,13:00,,3.402275,1.8921711,5.1753917
20001_0310_1,14,44164980,2024-05-26,14,14:00,,2.3795316,0.86376345,4.1302376
20001_0310_1,14,44164980,2024-05-26,15,15:00,,2.8782208,1.3651612,4.5882926
20001_0310_1,14,44164980,2024-05-26,16,16:00,,3.3943946,1.7572174,5.210854
20001_0310_1,14,44164980,2024-05-26,17,17:00,,3.3865142,1.5976367,5.2660174
20001_0310_1,14,44164980,2024-05-26,18,18:00,,7.173103,5.3290615,9.127471
20001_0310_1,14,44164980,2024-05-26,19,19:00,,3.1520689,1.4676082,5.076885
20001_0310_1,14,44164980,2024-05-26,20,20:00,,1.8823203,0.37911165,3.6613474
20001_0310_1,14,44164980,2024-05-26,21,21:00,,2.107777,0.86093146,3.6506348
20001_0310_1,14,44164980,2024-05-26,22,22:00,,3.037801,1.9980654,4.4543242
20001_0310_1,14,44164980,2024-05-26,23,23:00,,0.14368114,0.0,1.3730419
20001_0310_1,14,44164980,2024-05-27,0,00:00,,0.0,0.0,0.7822564
20001_0310_1,14,44164980,2024-05-27,1,01:00,,0.0,0.0,0.69194514
20001_0310_1,14,44164980,2024-05-27,2,02:00,,0.0,0.0,0.6330464
20001_0310_1,14,44164980,2024-05-27,3,03:00,,0.0,0.0,0.91183364
20001_0310_1,14,44164980,2024-05-27,4,04:00,,0.14222354,0.0,1.4340692
20001_0310_1,14,44164980,2024-05-27,5,05:00,7.987913767496745,2.8790517,1.4694084,4.4909143
20001_0310_1,14,44164980,2024-05-27,6,06:00,5.122121334075928,3.5269377,1.8012046,5.297827
20001_0310_1,14,44164980,2024-05-27,7,07:00,2.62651793162028,3.5387175,1.7756817,5.2938995
20001_0310_1,14,44164980,2024-05-27,8,08:00,2.6719563802083335,2.1386454,0.49438906,3.7887921
20001_0310_1,14,44164980,2024-05-27,9,09:00,3.4164298375447593,1.9455067,0.43917125,3.545098
20001_0310_1,14,44164980,2024-05-27,10,10:00,2.2758939266204834,1.5499035,0.01460956,3.2029948
20001_0310_1,14,44164980,2024-05-27,11,11:00,2.7701854705810547,2.2078514,0.6330463,3.9431553
20001_0310_1,14,44164980,2024-05-27,12,12:00,2.0497255325317383,3.57013,1.9661211,5.3881383
20001_0310_1,14,44164980,2024-05-27,13,13:00,3.9420361518859863,3.440553,1.7894249,5.231075
20001_0310_1,14,44164980,2024-05-27,14,14:00,4.290319919586182,2.216441,0.54617065,3.9348118
20001_0310_1,14,44164980,2024-05-27,15,15:00,1.6372413635253906,2.8496025,1.2181071,4.543923
20001_0310_1,14,44164980,2024-05-27,16,16:00,4.086529731750488,3.3541682,1.6048757,5.136837
20001_0310_1,14,44164980,2024-05-27,17,17:00,11.970091819763184,3.5190847,1.6137104,5.352799
20001_0310_1,14,44164980,2024-05-27,18,18:00,8.857948303222656,6.8998723,4.9601407,8.831751
20001_0310_1,14,44164980,2024-05-27,19,19:00,4.485183334350586,3.4326997,1.6598476,5.3135333
20001_0310_1,14,44164980,2024-05-27,20,20:00,1.3663625717163086,2.162573,0.5855592,3.9153016
20001_0310_1,14,44164980,2024-05-27,21,21:00,3.722231388092041,2.1531246,0.8523214,3.687314
20001_0310_1,14,44164980,2024-05-27,22,22:00,4.180484294891357,2.7239516,1.6824255,4.134577
20001_0310_1,14,44164980,2024-05-27,23,23:00,,0.22075514,0.0,1.4301426
20001_0310_1,14,44164980,2024-05-28,0,00:00,,0.0,0.0,1.022368
20001_0310_1,14,44164980,2024-05-28,1,01:00,,0.07549023,0.0,1.0717702
20001_0310_1,14,44164980,2024-05-28,2,02:00,,0.05078913,0.0,1.0882378
20001_0310_1,14,44164980,2024-05-28,3,03:00,,0.0,0.0,1.1911591
20001_0310_1,14,44164980,2024-05-28,4,04:00,,0.29368392,0.0,1.9023467
20001_0310_1,14,44164980,2024-05-28,5,05:00,3.0338668823242188,3.4677825,1.9018321,5.4644594
20001_0310_1,14,44164980,2024-05-28,6,06:00,6.4139509201049805,4.1758823,2.2823844,6.3866363
20001_0310_1,14,44164980,2024-05-28,7,07:00,3.474583307902018,4.097662,2.1658263,6.2548966
20001_0310_1,14,44164980,2024-05-28,8,08:00,3.4554264545440674,2.7586536,0.95855665,4.7995863
20001_0310_1,14,44164980,2024-05-28,9,09:00,0.0,2.1642818,0.48408854,4.1398597
20001_0310_1,14,44164980,2024-05-28,10,10:00,2.5398426055908203,1.7098836,0.0,3.7467
20001_0310_1,14,44164980,2024-05-28,11,11:00,1.142123818397522,2.2857292,0.48460296,4.4861903
20001_0310_1,14,44164980,2024-05-28,12,12:00,4.381694157918294,3.7683132,1.9342521,6.077871
20001_0310_1,14,44164980,2024-05-28,13,13:00,3.8018468221028647,3.5089512,1.6296049,5.826743
20001_0310_1,14,44164980,2024-05-28,14,14:00,0.3977713882923126,2.4197845,0.52757293,4.6979513
20001_0310_1,14,44164980,2024-05-28,15,15:00,5.716105143229167,2.8790717,1.012076,5.157754
20001_0310_1,14,44164980,2024-05-28,16,16:00,3.81587823232015,3.3360431,1.3126063,5.7402887
20001_0310_1,14,44164980,2024-05-28,17,17:00,7.002278804779053,4.1635313,1.9430008,6.674816
20001_0310_1,14,44164980,2024-05-28,18,18:00,8.76324462890625,7.0823846,4.818112,9.651306
20001_0310_1,14,44164980,2024-05-28,19,19:00,4.828223037719726,3.6489244,1.6090202,6.13139
20001_0310_1,14,44164980,2024-05-28,20,20:00,2.4576478004455566,2.1318617,0.32919168,4.3966494
20001_0310_1,14,44164980,2024-05-28,21,21:00,0.0,2.2679753,0.8077767,4.2618217
20001_0310_1,14,44164980,2024-05-28,22,22:00,8.565150260925293,2.4663565,1.317238,4.2731433
20001_0310_1,14,44164980,2024-05-28,23,23:00,,0.1660612,0.0,1.7181174
20001_0310_1,14,44164980,2024-05-29,0,00:00,,0.0,0.0,1.0859067
20001_0310_1,14,44164980,2024-05-29,1,01:00,,0.0,0.0,0.9885642
20001_0310_1,14,44164980,2024-05-29,2,02:00,,0.0,0.0,0.9970286
20001_0310_1,14,44164980,2024-05-29,3,03:00,,0.0,0.0,1.0816745
20001_0310_1,14,44164980,2024-05-29,4,04:00,,0.04899671,0.0,1.714401
20001_0310_1,14,44164980,2024-05-29,5,05:00,3.7822799682617188,3.6549037,2.0876355,5.6779366
20001_0310_1,14,44164980,2024-05-29,6,06:00,5.05784273147583,4.0696673,2.1603775,6.3000817
20001_0310_1,14,44164980,2024-05-29,7,07:00,4.680437088012695,3.6591358,1.728156,5.8218336
20001_0310_1,14,44164980,2024-05-29,8,08:00,3.5353644688924155,2.4645734,0.72140115,4.4500446
20001_0310_1,14,44164980,2024-05-29,9,09:00,3.6563124656677246,2.110384,0.4818799,4.024303
20001_0310_1,14,44164980,2024-05-29,10,10:00,1.3008456230163574,1.6657298,0.004557822,3.6189291
20001_0310_1,14,44164980,2024-05-29,11,11:00,2.490079720815023,2.2648625,0.503703,4.3762436
20001_0310_1,14,44164980,2024-05-29,12,12:00,2.520430405934652,3.3967342,1.6001294,5.629265
20001_0310_1,14,44164980,2024-05-29,13,13:00,3.549004554748535,3.5512125,1.674194,5.8218336
20001_0310_1,14,44164980,2024-05-29,14,14:00,2.868044853210449,2.8253756,0.9018023,5.0325127
20001_0310_1,14,44164980,2024-05-29,15,15:00,3.261643886566162,3.199933,1.2128752,5.4303474
20001_0310_1,14,44164980,2024-05-29,16,16:00,7.204903920491536,3.6633682,1.46258,6.080003
20001_0310_1,14,44164980,2024-05-29,17,17:00,7.1820969581604,4.5098257,2.037642,7.040732
20001_0310_1,14,44164980,2024-05-29,18,18:00,8.04625415802002,7.5401416,4.9838414,10.164158
20001_0310_1,14,44164980,2024-05-29,19,19:00,5.634189605712891,3.913073,1.5853167,6.520161
20001_0310_1,14,44164980,2024-05-29,20,20:00,1.214002513885498,2.2750463,0.21365933,4.687185
20001_0310_1,14,44164980,2024-05-29,21,21:00,0.6610389351844788,2.3955343,0.7219301,4.552148
20001_0310_1,14,44164980,2024-05-29,22,22:00,8.121464729309082,2.8528855,1.5641549,4.827247
20001_0310_1,14,44164980,2024-05-29,23,23:00,,0.18019761,0.0,1.9112022
20001_0310_1,14,44164980,2024-05-30,0,00:00,,0.0,0.0,0.98619217
20001_0310_1,14,44164980,2024-05-30,1,01:00,,0.0,0.0,0.80503523
20001_0310_1,14,44164980,2024-05-30,2,02:00,,0.0,0.0,0.6972039
20001_0310_1,14,44164980,2024-05-30,3,03:00,,0.07178158,0.0,1.1242163
20001_0310_1,14,44164980,2024-05-30,4,04:00,,0.09766117,0.0,1.5016265
20001_0310_1,14,44164980,2024-05-30,5,05:00,,4.2470155,2.6560974,6.0025115
20001_0310_1,14,44164980,2024-05-30,6,06:00,,4.7732325,2.8565283,6.7702703
20001_0310_1,14,44164980,2024-05-30,7,07:00,,4.1219306,2.220323,6.101716
20001_0310_1,14,44164980,2024-05-30,8,08:00,,3.01558,1.2794936,4.870281
20001_0310_1,14,44164980,2024-05-30,9,09:00,,2.6726758,1.0228548,4.4518948
20001_0310_1,14,44164980,2024-05-30,10,10:00,,1.7949281,0.14295037,3.636689
20001_0310_1,14,44164980,2024-05-30,11,11:00,,2.298501,0.57751125,4.3084793
20001_0310_1,14,44164980,2024-05-30,12,12:00,,3.5137613,1.7776747,5.646667
20001_0310_1,14,44164980,2024-05-30,13,13:00,,3.6733518,1.8747234,5.8299804
20001_0310_1,14,44164980,2024-05-30,14,14:00,,2.867851,1.0066803,5.00507
20001_0310_1,14,44164980,2024-05-30,15,15:00,,3.4469056,1.4606507,5.6488237
20001_0310_1,14,44164980,2024-05-30,16,16:00,,4.492871,2.2839437,6.9341745
20001_0310_1,14,44164980,2024-05-30,17,17:00,,5.6531367,3.1794834,8.206586
20001_0310_1,14,44164980,2024-05-30,18,18:00,,8.068561,5.5754986,10.639262
20001_0310_1,14,44164980,2024-05-30,19,19:00,,4.33328,2.0801425,6.7832103
20001_0310_1,14,44164980,2024-05-30,20,20:00,,2.1971393,0.21061462,4.3470287
20001_0310_1,14,44164980,2024-05-30,21,21:00,,2.2691166,0.59880745,4.139992
20001_0310_1,14,44164980,2024-05-30,22,22:00,,3.876075,2.4963717,5.610005
20001_0310_1,14,44164980,2024-05-30,23,23:00,,0.27450472,0.0,1.8057113
20001_0310_1,14,44164980,2024-05-31,0,00:00,,0.028874135,0.0,0.9804448
20001_0310_1,14,44164980,2024-05-31,1,01:00,,0.020262681,0.0,0.7996034
20001_0310_1,14,44164980,2024-05-31,2,02:00,,0.0,0.0,0.7694631
20001_0310_1,14,44164980,2024-05-31,3,03:00,,0.0,0.0,0.9373875
20001_0310_1,14,44164980,2024-05-31,4,04:00,,0.257079,0.0,1.5552626
20001_0310_1,14,44164980,2024-05-31,5,05:00,,4.1580887,2.6104405,5.755522
20001_0310_1,14,44164980,2024-05-31,6,06:00,,4.717836,2.878204,6.5520854
20001_0310_1,14,44164980,2024-05-31,7,07:00,,4.7393646,2.9137268,6.560697
20001_0310_1,14,44164980,2024-05-31,8,08:00,,3.3959708,1.7231867,5.083825
20001_0310_1,14,44164980,2024-05-31,9,09:00,,2.9309497,1.3507394,4.543453
20001_0310_1,14,44164980,2024-05-31,10,10:00,,2.0697997,0.5229592,3.7092142
20001_0310_1,14,44164980,2024-05-31,11,11:00,,2.6726048,1.0773243,4.444421
20001_0310_1,14,44164980,2024-05-31,12,12:00,,3.5488248,1.960003,5.4046035
20001_0310_1,14,44164980,2024-05-31,13,13:00,,3.5574365,1.9266337,5.4734955
20001_0310_1,14,44164980,2024-05-31,14,14:00,,2.9621663,1.2775416,4.847009
20001_0310_1,14,44164980,2024-05-31,15,15:00,,3.5789652,1.7920789,5.520859
20001_0310_1,14,44164980,2024-05-31,16,16:00,,4.1710057,2.1903605,6.3152695
20001_0310_1,14,44164980,2024-05-31,17,17:00,,5.187163,2.954631,7.4003186
20001_0310_1,14,44164980,2024-05-31,18,18:00,,7.8997855,5.6521835,10.190444
20001_0310_1,14,44164980,2024-05-31,19,19:00,,4.007387,1.9417032,6.2033195
20001_0310_1,14,44164980,2024-05-31,20,20:00,,2.0471945,0.23447369,3.993394
20001_0310_1,14,44164980,2024-05-31,21,21:00,,2.1623733,0.63759947,3.8669121
20001_0310_1,14,44164980,2024-05-31,22,22:00,,3.7102904,2.4696963,5.2517486
20001_0310_1,14,44164980,2024-05-31,23,23:00,,0.28721914,0.0,1.649989
20001_0310_1,15,44782829,2024-05-01,0,00:00,,0.0,0.0,1.2134957
20001_0310_1,15,44782829,2024-05-01,1,01:00,,0.0,0.0,0.7923689
20001_0310_1,15,44782829,2024-05-01,2,02:00,,0.0,0.0,0.74499196
20001_0310_1,15,44782829,2024-05-01,3,03:00,,0.0,0.0,0.7081434
20001_0310_1,15,44782829,2024-05-01,4,04:00,,0.0,0.0,1.0924218
20001_0310_1,15,44782829,2024-05-01,5,05:00,,1.0081965,0.0,2.4594405
20001_0310_1,15,44782829,2024-05-01,6,06:00,,2.861814,1.5240773,4.474599
20001_0310_1,15,44782829,2024-05-01,7,07:00,,2.848983,1.4901898,4.4828243
20001_0310_1,15,44782829,2024-05-01,8,08:00,,1.4108992,0.11330117,2.984862
20001_0310_1,15,44782829,2024-05-01,9,09:00,,1.4293237,0.20279087,2.98223
20001_0310_1,15,44782829,2024-05-01,10,10:00,,0.9976683,0.0,2.6288779
20001_0310_1,15,44782829,2024-05-01,11,11:00,,1.8925635,0.52258426,3.6073408
20001_0310_1,15,44782829,2024-05-01,12,12:00,,3.099356,1.6951598,4.9562635
20001_0310_1,15,44782829,2024-05-01,13,13:00,,2.3768597,0.8474773,4.321776
20001_0310_1,15,44782829,2024-05-01,14,14:00,,2.2978985,0.6430003,4.3647113
20001_0310_1,15,44782829,2024-05-01,15,15:00,,3.0243428,1.1266384,5.2431564
20001_0310_1,15,44782829,2024-05-01,16,16:00,,5.6774435,3.4454699,8.214735
20001_0310_1,15,44782829,2024-05-01,17,17:00,,5.1615624,2.576566,7.988379
20001_0310_1,15,44782829,2024-05-01,18,18:00,,6.730262,3.992935,9.836075
20001_0310_1,15,44782829,2024-05-01,19,19:00,,5.2510524,2.569328,8.341073
20001_0310_1,15,44782829,2024-05-01,20,20:00,,2.3150067,0.0,5.3135633
20001_0310_1,15,44782829,2024-05-01,21,21:00,,3.1190965,0.9976685,5.761669
20001_0310_1,15,44782829,2024-05-01,22,22:00,,4.4877596,2.6936922,6.8618636
20001_0310_1,15,44782829,2024-05-01,23,23:00,,0.23963936,0.0,2.2255173
20001_0310_1,15,44782829,2024-05-02,0,00:00,,0.0,0.0,1.0393081
20001_0310_1,15,44782829,2024-05-02,1,01:00,,0.0,0.0,0.76843977
20001_0310_1,15,44782829,2024-05-02,2,02:00,,0.0,0.0,0.6225875
20001_0310_1,15,44782829,2024-05-02,3,03:00,,0.0,0.0,0.78406674
20001_0310_1,15,44782829,2024-05-02,4,04:00,,0.0,0.0,0.9038741
20001_0310_1,15,44782829,2024-05-02,5,05:00,,1.1539063,0.075641714,2.3903944
20001_0310_1,15,44782829,2024-05-02,6,06:00,,3.2765768,1.9782315,4.6960316
20001_0310_1,15,44782829,2024-05-02,7,07:00,,3.366432,2.0355308,4.8041186
20001_0310_1,15,44782829,2024-05-02,8,08:00,,1.4221702,0.13294066,2.844229
20001_0310_1,15,44782829,2024-05-02,9,09:00,,1.3935206,0.1589858,2.8051615
20001_0310_1,15,44782829,2024-05-02,10,10:00,,1.1695334,0.0,2.72312
20001_0310_1,15,44782829,2024-05-02,11,11:00,,2.1253862,0.7137452,3.7688282
20001_0310_1,15,44782829,2024-05-02,12,12:00,,3.6386027,2.1364555,5.4956145
20001_0310_1,15,44782829,2024-05-02,13,13:00,,2.6042893,0.97907907,4.578503
20001_0310_1,15,44782829,2024-05-02,14,14:00,,2.4232762,0.6688175,4.5495286
20001_0310_1,15,44782829,2024-05-02,15,15:00,,3.0512872,1.1369768,5.296369
20001_0310_1,15,44782829,2024-05-02,16,16:00,,5.7534604,3.664648,8.274619
20001_0310_1,15,44782829,2024-05-02,17,17:00,,5.279441,2.9366891,7.863108
20001_0310_1,15,44782829,2024-05-02,18,18:00,,7.6078663,5.1700506,10.36864
20001_0310_1,15,44782829,2024-05-02,19,19:00,,5.367994,3.0317535,8.149604
20001_0310_1,15,44782829,2024-05-02,20,20:00,,2.3373277,0.14140552,4.954529
20001_0310_1,15,44782829,2024-05-02,21,21:00,,3.1372356,1.2541795,5.3979454
20001_0310_1,15,44782829,2024-05-02,22,22:00,,4.9564815,3.3455958,7.003622
20001_0310_1,15,44782829,2024-05-02,23,23:00,,0.03396967,0.0,1.758151
20001_0310_1,15,44782829,2024-05-03,0,00:00,,0.016080774,0.0,0.9964436
20001_0310_1,15,44782829,2024-05-03,1,01:00,,0.0,0.0,0.6507368
20001_0310_1,15,44782829,2024-05-03,2,02:00,,0.0,0.0,0.38242686
20001_0310_1,15,44782829,2024-05-03,3,03:00,,0.0,0.0,0.5578602
20001_0310_1,15,44782829,2024-05-03,4,04:00,,0.0,0.0,0.7797319
20001_0310_1,15,44782829,2024-05-03,5,05:00,,1.1796167,0.23795234,2.175459
20001_0310_1,15,44782829,2024-05-03,6,06:00,,3.1919403,2.0232446,4.414814
20001_0310_1,15,44782829,2024-05-03,7,07:00,,2.910731,1.7046269,4.176173
20001_0310_1,15,44782829,2024-05-03,8,08:00,,1.4195477,0.24053216,2.699179
20001_0310_1,15,44782829,2024-05-03,9,09:00,,1.5227437,0.37726688,2.8210795
20001_0310_1,15,44782829,2024-05-03,10,10:00,,1.1099594,0.0,2.5405152
20001_0310_1,15,44782829,2024-05-03,11,11:00,,2.261886,0.95452017,3.7975724
20001_0310_1,15,44782829,2024-05-03,12,12:00,,3.6356835,2.2096424,5.3461585
20001_0310_1,15,44782829,2024-05-03,13,13:00,,2.646936,1.1738925,4.442629
20001_0310_1,15,44782829,2024-05-03,14,14:00,,2.4357066,0.8310075,4.362894
20001_0310_1,15,44782829,2024-05-03,15,15:00,,3.522168,1.7368755,5.555131
20001_0310_1,15,44782829,2024-05-03,16,16:00,,5.882778,3.8343358,8.20469
20001_0310_1,15,44782829,2024-05-03,17,17:00,,5.500953,3.1480827,7.946701
20001_0310_1,15,44782829,2024-05-03,18,18:00,,7.822865,5.3874373,10.444045
20001_0310_1,15,44782829,2024-05-03,19,19:00,,5.769263,3.439611,8.318206
20001_0310_1,15,44782829,2024-05-03,20,20:00,,2.4727926,0.35953036,4.822762
20001_0310_1,15,44782829,2024-05-03,21,21:00,,3.286107,1.5046847,5.2790813
20001_0310_1,15,44782829,2024-05-03,22,22:00,,5.418396,3.9297924,7.203688
20001_0310_1,15,44782829,2024-05-03,23,23:00,,0.20699356,0.0,1.6568987
20001_0310_1,15,44782829,2024-05-04,0,00:00,,0.05084845,0.0,0.8357364
20001_0310_1,15,44782829,2024-05-04,1,01:00,,0.08142853,0.0,0.5910959
20001_0310_1,15,44782829,2024-05-04,2,02:00,,0.0,0.0,0.41271234
20001_0310_1,15,44782829,2024-05-04,3,03:00,,0.055945132,0.0,0.49935573
20001_0310_1,15,44782829,2024-05-04,4,04:00,,0.0,0.0,0.52993596
20001_0310_1,15,44782829,2024-05-04,5,05:00,,1.2689537,0.4866141,2.064035
20001_0310_1,15,44782829,2024-05-04,6,06:00,,2.7592528,1.7542524,3.7496004
20001_0310_1,15,44782829,2024-05-04,7,07:00,,2.9763393,1.8831027,4.016061
20001_0310_1,15,44782829,2024-05-04,8,08:00,,1.559464,0.49425918,2.61352
20001_0310_1,15,44782829,2024-05-04,9,09:00,,1.748041,0.66244936,2.829173
20001_0310_1,15,44782829,2024-05-04,10,10:00,,1.2536635,0.10691179,2.4236689
20001_0310_1,15,44782829,2024-05-04,11,11:00,,2.3456259,1.1472703,3.6420925
20001_0310_1,15,44782829,2024-05-04,12,12:00,,3.8121943,2.5284693,5.2392626
20001_0310_1,15,44782829,2024-05-04,13,13:00,,2.7272394,1.3587823,4.246048
20001_0310_1,15,44782829,2024-05-04,14,14:00,,2.5851698,1.0810136,4.220565
20001_0310_1,15,44782829,2024-05-04,15,15:00,,3.5522637,1.8550714,5.27494
20001_0310_1,15,44782829,2024-05-04,16,16:00,,5.2749395,3.3764284,7.1810956
20001_0310_1,15,44782829,2024-05-04,17,17:00,,5.489,3.3305583,7.4767027
20001_0310_1,15,44782829,2024-05-04,18,18:00,,7.8436627,5.652093,10.02504
20001_0310_1,15,44782829,2024-05-04,19,19:00,,5.754027,3.6491008,7.8742437
20001_0310_1,15,44782829,2024-05-04,20,20:00,,2.0347288,0.10691179,4.016061
20001_0310_1,15,44782829,2024-05-04,21,21:00,,3.5955853,1.9187795,5.3259063
20001_0310_1,15,44782829,2024-05-04,22,22:00,,5.8865404,4.4900517,7.4461226
20001_0310_1,15,44782829,2024-05-04,23,23:00,,0.2954889,0.0,1.5874958
20001_0310_1,15,44782829,2024-05-05,0,00:00,,0.0,0.0,0.6492934
20001_0310_1,15,44782829,2024-05-05,1,01:00,,0.0,0.0,0.45084745
20001_0310_1,15,44782829,2024-05-05,2,02:00,,0.0,0.0,0.28293145
20001_0310_1,15,44782829,2024-05-05,3,03:00,,0.033602003,0.0,0.42540556
20001_0310_1,15,44782829,2024-05-05,4,04:00,,0.0,0.0,0.43558228
20001_0310_1,15,44782829,2024-05-05,5,05:00,,1.0919806,0.34399182,1.834881
20001_0310_1,15,44782829,2024-05-05,6,06:00,,2.5698307,1.6359578,3.4652228
20001_0310_1,15,44782829,2024-05-05,7,07:00,0.0,2.8194783,1.8523719,3.7605066
20001_0310_1,15,44782829,2024-05-05,8,08:00,,1.338766,0.40505207,2.252126
20001_0310_1,15,44782829,2024-05-05,9,09:00,,1.6033607,0.69508857,2.5545654
20001_0310_1,15,44782829,2024-05-05,10,10:00,0.0,1.2497197,0.26003394,2.2947412
20001_0310_1,15,44782829,2024-05-05,11,11:00,,2.1726208,1.1034294,3.3219535
20001_0310_1,15,44782829,2024-05-05,12,12:00,,3.793899,2.6744602,5.0659885
20001_0310_1,15,44782829,2024-05-05,13,13:00,,2.6293805,1.4305949,4.015481
20001_0310_1,15,44782829,2024-05-05,14,14:00,,2.4510493,1.0946839,3.9823275
20001_0310_1,15,44782829,2024-05-05,15,15:00,,3.480965,1.8997575,5.134681
20001_0310_1,15,44782829,2024-05-05,16,16:00,,4.862454,3.0179245,6.8112955
20001_0310_1,15,44782829,2024-05-05,17,17:00,,4.7708635,2.6079931,6.882532
20001_0310_1,15,44782829,2024-05-05,18,18:00,,7.6610513,5.4018197,9.971165
20001_0310_1,15,44782829,2024-05-05,19,19:00,,5.8394194,3.620895,8.139357
20001_0310_1,15,44782829,2024-05-05,20,20:00,,1.9086621,0.0,4.1170096
20001_0310_1,15,44782829,2024-05-05,21,21:00,,3.3995514,1.6224421,5.3623857
20001_0310_1,15,44782829,2024-05-05,22,22:00,,5.5341177,4.043229,7.274337
20001_0310_1,15,44782829,2024-05-05,23,23:00,,0.31346166,0.0,1.7178485
20001_0310_1,15,44782829,2024-05-06,0,00:00,,0.0,0.0,0.63197327
20001_0310_1,15,44782829,2024-05-06,1,01:00,,0.0,0.0,0.48329148
20001_0310_1,15,44782829,2024-05-06,2,02:00,,0.0,0.0,0.27821344
20001_0310_1,15,44782829,2024-05-06,3,03:00,,0.0,0.0,0.4935456
20001_0310_1,15,44782829,2024-05-06,4,04:00,,0.0,0.0,0.6729892
20001_0310_1,15,44782829,2024-05-06,5,05:00,1.7899999618530273,0.94984436,0.15003979,1.852188
20001_0310_1,15,44782829,2024-05-06,6,06:00,1.931570053100586,2.8000336,1.7618256,3.8228605
20001_0310_1,15,44782829,2024-05-06,7,07:00,3.520501136779785,2.1149445,1.025467,3.168533
20001_0310_1,15,44782829,2024-05-06,8,08:00,3.829545021057129,1.0626373,0.0,2.146988
20001_0310_1,15,44782829,2024-05-06,9,09:00,1.346693754196167,1.4522858,0.39357004,2.591751
20001_0310_1,15,44782829,2024-05-06,10,10:00,1.843542257944743,0.64222723,0.0,1.8855133
20001_0310_1,15,44782829,2024-05-06,11,11:00,2.8246347904205322,1.906021,0.6870882,3.1941679
20001_0310_1,15,44782829,2024-05-06,12,12:00,1.7185289065043132,3.6927643,2.4155118,5.100113
20001_0310_1,15,44782829,2024-05-06,13,13:00,1.473471760749817,2.6741025,1.3087308,4.1413727
20001_0310_1,15,44782829,2024-05-06,14,14:00,0.8617788553237915,2.2162018,0.76431274,3.7994683
20001_0310_1,15,44782829,2024-05-06,15,15:00,3.384672164916992,3.2236478,1.6112214,4.871964
20001_0310_1,15,44782829,2024-05-06,16,16:00,3.327768007914225,5.1078033,3.3313134,6.9535055
20001_0310_1,15,44782829,2024-05-06,17,17:00,6.118617534637451,5.030899,3.0557404,6.9381256
20001_0310_1,15,44782829,2024-05-06,18,18:00,7.332063293457031,7.7635646,5.743545,9.8246
20001_0310_1,15,44782829,2024-05-06,19,19:00,6.95150146484375,5.743545,3.7953029,7.80458
20001_0310_1,15,44782829,2024-05-06,20,20:00,3.183364232381185,2.048294,0.24745196,4.051651
20001_0310_1,15,44782829,2024-05-06,21,21:00,1.3214285373687744,3.3261871,1.7573396,5.0821686
20001_0310_1,15,44782829,2024-05-06,22,22:00,2.408125638961792,5.682022,4.359268,7.271377
20001_0310_1,15,44782829,2024-05-06,23,23:00,,0.088516325,0.0,1.4189606
20001_0310_1,15,44782829,2024-05-07,0,00:00,,0.0,0.0,0.74627143
20001_0310_1,15,44782829,2024-05-07,1,01:00,,0.0,0.0,0.5935556
20001_0310_1,15,44782829,2024-05-07,2,02:00,,0.0,0.0,0.52228814
20001_0310_1,15,44782829,2024-05-07,3,03:00,,0.0,0.0,0.6240987
20001_0310_1,15,44782829,2024-05-07,4,04:00,,0.0,0.0,0.8429918
20001_0310_1,15,44782829,2024-05-07,5,05:00,2.5486151377360025,1.1280615,0.1964939,2.176075
20001_0310_1,15,44782829,2024-05-07,6,06:00,3.9869794845581055,2.6736748,1.5076246,3.8670866
20001_0310_1,15,44782829,2024-05-07,7,07:00,2.9113245010375977,2.2447972,1.0396135,3.480524
20001_0310_1,15,44782829,2024-05-07,8,08:00,3.191727066040039,1.283323,0.074321434,2.5327308
20001_0310_1,15,44782829,2024-05-07,9,09:00,0.89299209912618,1.2502344,0.041232772,2.5585015
20001_0310_1,15,44782829,2024-05-07,10,10:00,2.961134433746338,0.79717684,0.0,2.2117088
20001_0310_1,15,44782829,2024-05-07,11,11:00,1.2152962684631348,1.9590912,0.6024639,3.465889
20001_0310_1,15,44782829,2024-05-07,12,12:00,8.508877436319986,3.0980978,1.6816571,4.7334313
20001_0310_1,15,44782829,2024-05-07,13,13:00,3.846774419148763,2.336427,0.8563544,4.0379376
20001_0310_1,15,44782829,2024-05-07,14,14:00,3.5284105936686196,2.087627,0.4853817,3.8425884
20001_0310_1,15,44782829,2024-05-07,15,15:00,3.212693691253662,3.1031883,1.344409,4.948507
20001_0310_1,15,44782829,2024-05-07,16,16:00,4.720494270324707,4.569262,2.6151335,6.6360188
20001_0310_1,15,44782829,2024-05-07,17,17:00,4.072771072387695,5.2259407,3.0408292,7.404689
20001_0310_1,15,44782829,2024-05-07,18,18:00,4.754241180419922,7.22143,4.981595,9.542712
20001_0310_1,15,44782829,2024-05-07,19,19:00,6.736503601074219,5.4702864,3.3169906,7.7508445
20001_0310_1,15,44782829,2024-05-07,20,20:00,1.9606407165527344,2.1557128,0.19713035,4.3306437
20001_0310_1,15,44782829,2024-05-07,21,21:00,9.248220443725586,2.8989308,1.2216,4.7849736
20001_0310_1,15,44782829,2024-05-07,22,22:00,4.125,4.9001465,3.4849782,6.630928
20001_0310_1,15,44782829,2024-05-07,23,23:00,,0.089592844,0.0,1.5200326
20001_0310_1,15,44782829,2024-05-08,0,00:00,,0.017425057,0.0,1.175372
20001_0310_1,15,44782829,2024-05-08,1,01:00,,0.0,0.0,0.8586687
20001_0310_1,15,44782829,2024-05-08,2,02:00,,0.0,0.0,0.8537201
20001_0310_1,15,44782829,2024-05-08,3,03:00,,0.0,0.0,0.93289596
20001_0310_1,15,44782829,2024-05-08,4,04:00,,0.037219033,0.0,1.2817645
20001_0310_1,15,44782829,2024-05-08,5,05:00,1.0196607112884521,1.3955798,0.31680885,2.866519
20001_0310_1,15,44782829,2024-05-08,6,06:00,3.2220540046691895,2.7771368,1.4249617,4.386634
20001_0310_1,15,44782829,2024-05-08,7,07:00,1.833020806312561,2.6116717,1.1725885,4.2456017
20001_0310_1,15,44782829,2024-05-08,8,08:00,1.5761927366256714,1.8359956,0.4417584,3.4974518
20001_0310_1,15,44782829,2024-05-08,9,09:00,0.9960411787033081,1.6034166,0.22031316,3.2982748
20001_0310_1,15,44782829,2024-05-08,10,10:00,2.218197504679362,1.1308357,0.0,2.945695
20001_0310_1,15,44782829,2024-05-08,11,11:00,2.3360979557037354,2.5658982,1.0937221,4.4191084
20001_0310_1,15,44782829,2024-05-08,12,12:00,4.92447566986084,3.6595147,2.1329052,5.601798
20001_0310_1,15,44782829,2024-05-08,13,13:00,1.707653522491455,2.7845595,1.1588252,4.7167907
20001_0310_1,15,44782829,2024-05-08,14,14:00,3.012282053629557,2.4916706,0.7992868,4.4512734
20001_0310_1,15,44782829,2024-05-08,15,15:00,3.523649215698242,3.6496177,1.8582637,5.5968494
20001_0310_1,15,44782829,2024-05-08,16,16:00,5.667344570159912,4.8966374,2.9667258,6.9403644
20001_0310_1,15,44782829,2024-05-08,17,17:00,5.837385177612305,5.460766,3.3650796,7.5589266
20001_0310_1,15,44782829,2024-05-08,18,18:00,4.683675765991211,7.667793,5.5003533,9.884717
20001_0310_1,15,44782829,2024-05-08,19,19:00,3.687092145284017,5.9160266,3.8079693,8.172539
20001_0310_1,15,44782829,2024-05-08,20,20:00,1.151155153910319,2.640744,0.6341307,4.8601427
20001_0310_1,15,44782829,2024-05-08,21,21:00,1.6136363744735718,3.6842568,1.942388,5.700767
20001_0310_1,15,44782829,2024-05-08,22,22:00,10.243636131286621,5.5993237,4.090034,7.5193386
20001_0310_1,15,44782829,2024-05-08,23,23:00,,0.10154945,0.0,1.7246546
20001_0310_1,15,44782829,2024-05-09,0,00:00,,0.0,0.0,1.0034187
20001_0310_1,15,44782829,2024-05-09,1,01:00,,0.0,0.0,0.61850154
20001_0310_1,15,44782829,2024-05-09,2,02:00,,0.0,0.0,0.51980484
20001_0310_1,15,44782829,2024-05-09,3,03:00,,0.03125602,0.0,0.7270678
20001_0310_1,15,44782829,2024-05-09,4,04:00,,0.036190808,0.0,0.9293961
20001_0310_1,15,44782829,2024-05-09,5,05:00,0.9601957003275553,1.353792,0.4630541,2.41509
20001_0310_1,15,44782829,2024-05-09,6,06:00,2.420684814453125,2.5288997,1.4136269,3.7157278
20001_0310_1,15,44782829,2024-05-09,7,07:00,2.892045497894287,2.3765366,1.2288787,3.5852628
20001_0310_1,15,44782829,2024-05-09,8,08:00,1.4401873350143433,1.8127316,0.6629151,3.0230002
20001_0310_1,15,44782829,2024-05-09,9,09:00,1.491075833638509,1.501837,0.35942256,2.7454154
20001_0310_1,15,44782829,2024-05-09,10,10:00,1.3055671056111653,1.2402908,0.026321234,2.6121747
20001_0310_1,15,44782829,2024-05-09,11,11:00,2.1050864855448403,2.5116277,1.2638854,3.921294
20001_0310_1,15,44782829,2024-05-09,12,12:00,2.4745655059814453,3.6929038,2.3666666,5.2251697
20001_0310_1,15,44782829,2024-05-09,13,13:00,6.247059345245361,2.6155677,1.2435294,4.2093654
20001_0310_1,15,44782829,2024-05-09,14,14:00,2.5167293548583984,2.5851874,1.1340374,4.2676573
20001_0310_1,15,44782829,2024-05-09,15,15:00,12.087566375732422,3.3968139,1.8374059,5.1240063
20001_0310_1,15,44782829,2024-05-09,16,16:00,5.086081504821777,4.6946754,2.9884562,6.594587
20001_0310_1,15,44782829,2024-05-09,17,17:00,8.22915013631185,4.971026,3.0575438,6.9646997
20001_0310_1,15,44782829,2024-05-09,18,18:00,9.965039253234863,7.2657247,5.252312,9.446921
20001_0310_1,15,44782829,2024-05-09,19,19:00,7.562186431884766,5.4793143,3.465902,7.6703815
20001_0310_1,15,44782829,2024-05-09,20,20:00,4.3196671803792315,2.0533047,0.13735506,4.2431383
20001_0310_1,15,44782829,2024-05-09,21,21:00,0.6870748400688171,3.451097,1.7387092,5.3929543
20001_0310_1,15,44782829,2024-05-09,22,22:00,3.946199893951416,5.4200964,3.9544501,7.196637
20001_0310_1,15,44782829,2024-05-09,23,23:00,,0.0,0.0,1.467293
20001_0310_1,15,44782829,2024-05-10,0,00:00,,0.0,0.0,0.80631125
20001_0310_1,15,44782829,2024-05-10,1,01:00,,0.0,0.0,0.46871918
20001_0310_1,15,44782829,2024-05-10,2,02:00,,0.0,0.0,0.43447086
20001_0310_1,15,44782829,2024-05-10,3,03:00,,0.0,0.0,0.73781425
20001_0310_1,15,44782829,2024-05-10,4,04:00,,0.0,0.0,0.98244625
20001_0310_1,15,44782829,2024-05-10,5,05:00,0.4105970859527588,1.47171,0.47850463,2.6404388
20001_0310_1,15,44782829,2024-05-10,6,06:00,2.9392175674438477,2.5357058,1.3309319,3.8261771
20001_0310_1,15,44782829,2024-05-10,7,07:00,2.183172861735026,2.5578754,1.3454186,3.9164994
20001_0310_1,15,44782829,2024-05-10,8,08:00,1.3545880317687988,1.7579291,0.5445551,3.137653
20001_0310_1,15,44782829,2024-05-10,9,09:00,1.3163687388102214,1.3542864,0.16537577,2.8171854
20001_0310_1,15,44782829,2024-05-10,10,10:00,1.4305299123128254,1.187937,0.0,2.7798789
20001_0310_1,15,44782829,2024-05-10,11,11:00,3.629641850789388,2.461246,1.094671,4.1770325
20001_0310_1,15,44782829,2024-05-10,12,12:00,5.993791580200195,3.8421926,2.3450458,5.7283044
20001_0310_1,15,44782829,2024-05-10,13,13:00,3.697282075881958,3.0875034,1.5108511,5.067798
20001_0310_1,15,44782829,2024-05-10,14,14:00,1.9375536441802979,2.8618307,1.1763171,4.933862
20001_0310_1,15,44782829,2024-05-10,15,15:00,2.8895490169525146,4.14309,2.3508558,6.242031
20001_0310_1,15,44782829,2024-05-10,16,16:00,8.149400075276693,5.165651,3.24896,7.4162636
20001_0310_1,15,44782829,2024-05-10,17,17:00,5.199999809265137,5.508136,3.3969631,7.8272457
20001_0310_1,15,44782829,2024-05-10,18,18:00,4.734312375386556,7.729393,5.5570617,10.214852
20001_0310_1,15,44782829,2024-05-10,19,19:00,1.4919525782267253,6.124608,4.035452,8.629639
20001_0310_1,15,44782829,2024-05-10,20,20:00,1.7438015937805176,2.384187,0.42804936,4.8412085
20001_0310_1,15,44782829,2024-05-10,21,21:00,4.152351379394531,3.546188,1.8227566,5.7356434
20001_0310_1,15,44782829,2024-05-10,22,22:00,3.7781271934509277,5.1852217,3.7174306,7.1618466
20001_0310_1,15,44782829,2024-05-10,23,23:00,,0.17026839,0.0,1.8093019
20001_0310_1,15,44782829,2024-05-11,0,00:00,,0.07074188,0.0,1.0504736
20001_0310_1,15,44782829,2024-05-11,1,01:00,,0.0,0.0,0.6430602
20001_0310_1,15,44782829,2024-05-11,2,02:00,,0.0,0.0,0.5363569
20001_0310_1,15,44782829,2024-05-11,3,03:00,,0.0,0.0,0.754614
20001_0310_1,15,44782829,2024-05-11,4,04:00,,0.06589168,0.0,1.0601737
20001_0310_1,15,44782829,2024-05-11,5,05:00,,1.2469049,0.17017007,2.4521687
20001_0310_1,15,44782829,2024-05-11,6,06:00,,2.4576252,1.2184103,3.808394
20001_0310_1,15,44782829,2024-05-11,7,07:00,,1.904101,0.63578516,3.300946
20001_0310_1,15,44782829,2024-05-11,8,08:00,,1.499113,0.24292244,2.904446
20001_0310_1,15,44782829,2024-05-11,9,09:00,,1.2905562,0.04649104,2.7844045
20001_0310_1,15,44782829,2024-05-11,10,10:00,,1.0310729,0.0,2.67952
20001_0310_1,15,44782829,2024-05-11,11,11:00,,2.2999952,0.85525453,4.1097097
20001_0310_1,15,44782829,2024-05-11,12,12:00,,3.8732648,2.2751381,5.8375783
20001_0310_1,15,44782829,2024-05-11,13,13:00,,2.961435,1.2723683,5.048215
20001_0310_1,15,44782829,2024-05-11,14,14:00,,2.569785,0.7564328,4.723861
20001_0310_1,15,44782829,2024-05-11,15,15:00,,3.887815,1.9210764,6.114037
20001_0310_1,15,44782829,2024-05-11,16,16:00,,4.6638403,2.548566,7.0404167
20001_0310_1,15,44782829,2024-05-11,17,17:00,,4.770543,2.4485312,7.215022
20001_0310_1,15,44782829,2024-05-11,18,18:00,,6.579652,4.266127,9.140534
20001_0310_1,15,44782829,2024-05-11,19,19:00,,5.1537056,2.9529479,7.675788
20001_0310_1,15,44782829,2024-05-11,20,20:00,0.0,1.8798503,0.0,4.2406635
20001_0310_1,15,44782829,2024-05-11,21,21:00,,3.2112184,1.4215103,5.2895103
20001_0310_1,15,44782829,2024-05-11,22,22:00,,4.9111977,3.3615732,6.768808
20001_0310_1,15,44782829,2024-05-11,23,23:00,,0.09499271,0.0,1.6373423
20001_0310_1,15,44782829,2024-05-12,0,00:00,,0.0,0.0,0.8255456
20001_0310_1,15,44782829,2024-05-12,1,01:00,,0.0,0.0,0.57360363
20001_0310_1,15,44782829,2024-05-12,2,02:00,,0.0,0.0,0.3977193
20001_0310_1,15,44782829,2024-05-12,3,03:00,,0.0,0.0,0.6211398
20001_0310_1,15,44782829,2024-05-12,4,04:00,,0.0,0.0,0.7922705
20001_0310_1,15,44782829,2024-05-12,5,05:00,,1.2771399,0.31215438,2.3511617
20001_0310_1,15,44782829,2024-05-12,6,06:00,,2.199343,1.0183644,3.4070604
20001_0310_1,15,44782829,2024-05-12,7,07:00,,1.8451979,0.6472847,3.0763865
20001_0310_1,15,44782829,2024-05-12,8,08:00,,1.2367342,0.057835326,2.486343
20001_0310_1,15,44782829,2024-05-12,9,09:00,,1.1060094,0.0,2.3948355
20001_0310_1,15,44782829,2024-05-12,10,10:00,,0.99667615,0.0,2.4090965
20001_0310_1,15,44782829,2024-05-12,11,11:00,,2.029401,0.6995747,3.5137203
20001_0310_1,15,44782829,2024-05-12,12,12:00,,3.5541258,2.132792,5.1703577
20001_0310_1,15,44782829,2024-05-12,13,13:00,,2.6696546,1.1746398,4.321539
20001_0310_1,15,44782829,2024-05-12,14,14:00,,2.357104,0.7652342,4.111786
20001_0310_1,15,44782829,2024-05-12,15,15:00,,3.7395172,1.9925605,5.5744166
20001_0310_1,15,44782829,2024-05-12,16,16:00,,4.590416,2.6735165,6.6297207
20001_0310_1,15,44782829,2024-05-12,17,17:00,,4.172097,2.063865,6.2922134
20001_0310_1,15,44782829,2024-05-12,18,18:00,,6.872155,4.737778,9.096851
20001_0310_1,15,44782829,2024-05-12,19,19:00,,5.151344,3.121546,7.290475
20001_0310_1,15,44782829,2024-05-12,20,20:00,,1.7501255,0.0,3.8131983
20001_0310_1,15,44782829,2024-05-12,21,21:00,,3.5707633,1.9295744,5.3890247
20001_0310_1,15,44782829,2024-05-12,22,22:00,,5.293952,3.8845024,6.9482136
20001_0310_1,15,44782829,2024-05-12,23,23:00,,0.13151655,0.0,1.5219514
20001_0310_1,15,44782829,2024-05-13,0,00:00,,0.0,0.0,0.888986
20001_0310_1,15,44782829,2024-05-13,1,01:00,,0.022885982,0.0,0.6795992
20001_0310_1,15,44782829,2024-05-13,2,02:00,,0.0,0.0,0.3893129
20001_0310_1,15,44782829,2024-05-13,3,03:00,,0.0,0.0,0.6177349
20001_0310_1,15,44782829,2024-05-13,4,04:00,,0.018127128,0.0,0.85567445
20001_0310_1,15,44782829,2024-05-13,5,05:00,0.7670466303825378,1.1126493,0.19420236,2.0983138
20001_0310_1,15,44782829,2024-05-13,6,06:00,5.328703880310059,2.2166889,1.0745792,3.3326254
20001_0310_1,15,44782829,2024-05-13,7,07:00,3.6154677867889404,1.8074328,0.6201143,2.9733365
20001_0310_1,15,44782829,2024-05-13,8,08:00,1.6664894104003907,1.3434507,0.18230543,2.5872796
20001_0310_1,15,44782829,2024-05-13,9,09:00,1.8026933670043945,1.3553476,0.14423521,2.6794813
20001_0310_1,15,44782829,2024-05-13,10,10:00,0.75,1.0460261,0.0,2.502216
20001_0310_1,15,44782829,2024-05-13,11,11:00,2.2961212158203126,2.2767687,0.8354498,3.8334885
20001_0310_1,15,44782829,2024-05-13,12,12:00,5.436872482299805,3.9536476,2.4370801,5.666813
20001_0310_1,15,44782829,2024-05-13,13,13:00,2.5970846811930337,2.8400905,1.2030663,4.6270165
20001_0310_1,15,44782829,2024-05-13,14,14:00,3.599818547566732,2.246431,0.5517068,4.1636295
20001_0310_1,15,44782829,2024-05-13,15,15:00,2.3762972354888916,3.8394365,2.0001638,5.8000593
20001_0310_1,15,44782829,2024-05-13,16,16:00,3.161621411641439,4.9863057,3.0114071,7.123003
20001_0310_1,15,44782829,2024-05-13,17,17:00,8.501241683959961,4.37718,2.233345,6.580501
20001_0310_1,15,44782829,2024-05-13,18,18:00,11.04620615641276,6.770852,4.5865664,9.131213
20001_0310_1,15,44782829,2024-05-13,19,19:00,4.609656143188476,5.219486,3.1053932,7.5417767
20001_0310_1,15,44782829,2024-05-13,20,20:00,3.8614219029744468,2.0995035,0.10854424,4.3295927
20001_0310_1,15,44782829,2024-05-13,21,21:00,2.212444305419922,3.558668,1.8288473,5.5335665
20001_0310_1,15,44782829,2024-05-13,22,22:00,7.052631378173828,4.805472,3.3825934,6.566225
20001_0310_1,15,44782829,2024-05-13,23,23:00,,0.16564974,0.0,1.6051843
20001_0310_1,15,44782829,2024-05-14,0,00:00,,0.0,0.0,0.9493134
20001_0310_1,15,44782829,2024-05-14,1,01:00,,0.0,0.0,0.68783486
20001_0310_1,15,44782829,2024-05-14,2,02:00,,0.0,0.0,0.4650939
20001_0310_1,15,44782829,2024-05-14,3,03:00,,0.0,0.0,0.58614874
20001_0310_1,15,44782829,2024-05-14,4,04:00,,0.092245094,0.0,1.0897368
20001_0310_1,15,44782829,2024-05-14,5,05:00,1.6320894559224446,1.1817386,0.21329999,2.369589
20001_0310_1,15,44782829,2024-05-14,6,06:00,3.2019131978352866,2.6604238,1.4644018,4.023501
20001_0310_1,15,44782829,2024-05-14,7,07:00,2.080486297607422,2.2536793,1.0037878,3.6185725
20001_0310_1,15,44782829,2024-05-14,8,08:00,1.3484695434570313,1.6296415,0.38277674,3.047194
20001_0310_1,15,44782829,2024-05-14,9,09:00,1.4276536703109741,1.3826897,0.14550924,2.8468482
20001_0310_1,15,44782829,2024-05-14,10,10:00,0.3863636255264282,1.2882669,0.0,2.866822
20001_0310_1,15,44782829,2024-05-14,11,11:00,2.181732177734375,2.3753395,0.92101693,4.068443
20001_0310_1,15,44782829,2024-05-14,12,12:00,3.1181818644205728,4.193583,2.6549761,6.0384583
20001_0310_1,15,44782829,2024-05-14,13,13:00,6.7964630126953125,3.027825,1.381479,4.8969116
20001_0310_1,15,44782829,2024-05-14,14,14:00,2.0462331771850586,2.6928058,0.95445824,4.653894
20001_0310_1,15,44782829,2024-05-14,15,15:00,2.548395872116089,3.8788407,2.0073328,5.8931932
20001_0310_1,15,44782829,2024-05-14,16,16:00,3.505581537882487,4.6971707,2.6822133,6.92458
20001_0310_1,15,44782829,2024-05-14,17,17:00,2.8865884145100913,4.919912,2.725188,7.253849
20001_0310_1,15,44782829,2024-05-14,18,18:00,6.6288612365722654,6.900369,4.663276,9.369888
20001_0310_1,15,44782829,2024-05-14,19,19:00,2.4531450271606445,5.103915,2.9564025,7.592803
20001_0310_1,15,44782829,2024-05-14,20,20:00,2.07039475440979,2.2119155,0.17395712,4.5851946
20001_0310_1,15,44782829,2024-05-14,21,21:00,0.0,3.6585207,1.8632773,5.745506
20001_0310_1,15,44782829,2024-05-14,22,22:00,4.454545497894287,5.0990734,3.5447302,6.997214
20001_0310_1,15,44782829,2024-05-14,23,23:00,,0.26172185,0.0,1.82454
20001_0310_1,15,44782829,2024-05-15,0,00:00,,0.0,0.0,0.82405466
20001_0310_1,15,44782829,2024-05-15,1,01:00,,0.0,0.0,0.572318
20001_0310_1,15,44782829,2024-05-15,2,02:00,,0.0,0.0,0.49157202
20001_0310_1,15,44782829,2024-05-15,3,03:00,,0.0,0.0,0.5533189
20001_0310_1,15,44782829,2024-05-15,4,04:00,,0.059344836,0.0,1.0282942
20001_0310_1,15,44782829,2024-05-15,5,05:00,0.844558318456014,1.0140448,0.0,2.196139
20001_0310_1,15,44782829,2024-05-15,6,06:00,1.7266257603963215,2.4327362,1.1933479,3.7415893
20001_0310_1,15,44782829,2024-05-15,7,07:00,4.79980993270874,1.8428763,0.5770676,3.1728067
20001_0310_1,15,44782829,2024-05-15,8,08:00,1.3102350234985352,1.353652,0.1282161,2.7019875
20001_0310_1,15,44782829,2024-05-15,9,09:00,1.3599015474319458,1.2705314,0.03797093,2.644397
20001_0310_1,15,44782829,2024-05-15,10,10:00,2.357380231221517,1.1137897,0.0,2.6455843
20001_0310_1,15,44782829,2024-05-15,11,11:00,3.7522411346435547,2.2854936,0.85682046,3.9394088
20001_0310_1,15,44782829,2024-05-15,12,12:00,1.6247167587280273,3.6739054,2.1290488,5.478811
20001_0310_1,15,44782829,2024-05-15,13,13:00,4.651034832000732,3.0873113,1.4355855,5.0168977
20001_0310_1,15,44782829,2024-05-15,14,14:00,2.0571605364481607,2.5078416,0.7024165,4.525966
20001_0310_1,15,44782829,2024-05-15,15,15:00,10.831825256347656,3.5147889,1.5222684,5.6806755
20001_0310_1,15,44782829,2024-05-15,16,16:00,1.4167518615722656,4.3388705,2.1201434,6.708997
20001_0310_1,15,44782829,2024-05-15,17,17:00,7.432380676269531,4.737849,2.3101327,7.2789664
20001_0310_1,15,44782829,2024-05-15,18,18:00,6.960147857666016,6.63775,4.144131,9.316609
20001_0310_1,15,44782829,2024-05-15,19,19:00,3.812042999267578,4.666603,2.2407422,7.245718
20001_0310_1,15,44782829,2024-05-15,20,20:00,1.4498085975646973,1.8701875,0.0,4.3115597
20001_0310_1,15,44782829,2024-05-15,21,21:00,10.604754447937012,2.9792542,1.050855,5.121392
20001_0310_1,15,44782829,2024-05-15,22,22:00,8.146199226379395,4.6286054,2.9780667,6.528506
20001_0310_1,15,44782829,2024-05-15,23,23:00,,0.064094506,0.0,1.6623858
20001_0310_1,15,44782829,2024-05-16,0,00:00,,0.010044634,0.0,1.3606876
20001_0310_1,15,44782829,2024-05-16,1,01:00,,0.11262505,0.0,1.2019317
20001_0310_1,15,44782829,2024-05-16,2,02:00,,0.0,0.0,0.89419067
20001_0310_1,15,44782829,2024-05-16,3,03:00,,0.0,0.0,1.0505037
20001_0310_1,15,44782829,2024-05-16,4,04:00,,0.0,0.0,1.258107
20001_0310_1,15,44782829,2024-05-16,5,05:00,0.0,1.2190287,0.056450013,2.7552931
20001_0310_1,15,44782829,2024-05-16,6,06:00,3.046375036239624,2.5231133,1.1404521,4.1983275
20001_0310_1,15,44782829,2024-05-16,7,07:00,6.989171981811523,2.3718379,1.0056248,4.131887
20001_0310_1,15,44782829,2024-05-16,8,08:00,1.2485196590423584,1.5218854,0.14437626,3.2950623
20001_0310_1,15,44782829,2024-05-16,9,09:00,1.7255048751831055,1.2361255,0.0,3.0703619
20001_0310_1,15,44782829,2024-05-16,10,10:00,2.403843402862549,1.1872776,0.0,3.1680577
20001_0310_1,15,44782829,2024-05-16,11,11:00,2.7216033935546875,2.6655357,1.1799506,4.775152
20001_0310_1,15,44782829,2024-05-16,12,12:00,0.872439463933309,3.810407,2.2436125,6.0476384
20001_0310_1,15,44782829,2024-05-16,13,13:00,0.9389077027638754,3.1338642,1.4534984,5.4932156
20001_0310_1,15,44782829,2024-05-16,14,14:00,3.4488703409830728,2.8093314,1.0392076,5.313394
20001_0310_1,15,44782829,2024-05-16,15,15:00,1.9735930760701497,4.240268,2.3223796,6.8340893
20001_0310_1,15,44782829,2024-05-16,16,16:00,5.04618501663208,4.870405,2.805362,7.6645017
20001_0310_1,15,44782829,2024-05-16,17,17:00,5.783631801605225,4.9485617,2.6835485,7.889202
20001_0310_1,15,44782829,2024-05-16,18,18:00,7.669565200805664,7.234641,4.933908,10.263208
20001_0310_1,15,44782829,2024-05-16,19,19:00,8.677806091308593,4.9583316,2.7675054,7.962474
20001_0310_1,15,44782829,2024-05-16,20,20:00,5.177953243255615,1.9236588,0.0,4.8227787
20001_0310_1,15,44782829,2024-05-16,21,21:00,4.2750139236450195,3.5344167,1.7172767,6.1282372
20001_0310_1,15,44782829,2024-05-16,22,22:00,2.834319591522217,5.2416487,3.6394393,7.6156545
20001_0310_1,15,44782829,2024-05-16,23,23:00,,0.06866205,0.0,2.0970688
20001_0310_1,15,44782829,2024-05-17,0,00:00,,0.07936534,0.0,1.2069794
20001_0310_1,15,44782829,2024-05-17,1,01:00,,0.0,0.0,0.7244196
20001_0310_1,15,44782829,2024-05-17,2,02:00,,0.0,0.0,0.69487524
20001_0310_1,15,44782829,2024-05-17,3,03:00,,0.0,0.0,0.8475215
20001_0310_1,15,44782829,2024-05-17,4,04:00,,0.0,0.0,1.0592569
20001_0310_1,15,44782829,2024-05-17,5,05:00,0.409859299659729,1.2340618,0.18277086,2.5623324
20001_0310_1,15,44782829,2024-05-17,6,06:00,2.2438713709513345,2.4952414,1.285149,4.0007787
20001_0310_1,15,44782829,2024-05-17,7,07:00,4.229337692260742,2.373371,1.1962081,3.9709268
20001_0310_1,15,44782829,2024-05-17,8,08:00,1.0978742837905884,1.6132158,0.41666472,3.1827662
20001_0310_1,15,44782829,2024-05-17,9,09:00,0.9182877540588379,1.2562202,0.07936534,2.8959386
20001_0310_1,15,44782829,2024-05-17,10,10:00,0.9519697030385336,1.1528145,0.0,2.9734929
20001_0310_1,15,44782829,2024-05-17,11,11:00,2.5567710399627686,2.6112652,1.2396013,4.632292
20001_0310_1,15,44782829,2024-05-17,12,12:00,5.326203346252441,3.801969,2.3398254,5.9636397
20001_0310_1,15,44782829,2024-05-17,13,13:00,2.9638137817382812,2.9685686,1.4691864,5.2927337
20001_0310_1,15,44782829,2024-05-17,14,14:00,2.763636350631714,2.333978,0.74996346,4.743391
20001_0310_1,15,44782829,2024-05-17,15,15:00,4.429729461669922,3.6616328,1.9566703,6.1901474
20001_0310_1,15,44782829,2024-05-17,16,16:00,7.1658172607421875,4.707999,2.751909,7.4704075
20001_0310_1,15,44782829,2024-05-17,17,17:00,7.523907979329427,4.540581,2.2921233,7.490104
20001_0310_1,15,44782829,2024-05-17,18,18:00,6.433251857757568,7.0223165,4.6390624,10.124487
20001_0310_1,15,44782829,2024-05-17,19,19:00,3.6374692916870117,4.712924,2.4261508,7.8003216
20001_0310_1,15,44782829,2024-05-17,20,20:00,2.0775912602742515,2.111779,0.0,5.0009823
20001_0310_1,15,44782829,2024-05-17,21,21:00,2.2105934619903564,3.4819038,1.6206021,5.998108
20001_0310_1,15,44782829,2024-05-17,22,22:00,9.913043022155762,4.535657,2.9661074,6.7514925
20001_0310_1,15,44782829,2024-05-17,23,23:00,,0.10890985,0.0,1.9640565
20001_0310_1,15,44782829,2024-05-18,0,00:00,,0.0,0.0,0.93924695
20001_0310_1,15,44782829,2024-05-18,1,01:00,,0.0,0.0,0.6252123
20001_0310_1,15,44782829,2024-05-18,2,02:00,,0.0,0.0,0.50557995
20001_0310_1,15,44782829,2024-05-18,3,03:00,,0.0,0.0,0.6102582
20001_0310_1,15,44782829,2024-05-18,4,04:00,,0.0071122274,0.0,0.954201
20001_0310_1,15,44782829,2024-05-18,5,05:00,,1.2233734,0.25385374,2.434027
20001_0310_1,15,44782829,2024-05-18,6,06:00,,2.431223,1.2289813,3.8509214
20001_0310_1,15,44782829,2024-05-18,7,07:00,,2.0720148,0.865723,3.574895
20001_0310_1,15,44782829,2024-05-18,8,08:00,,1.3729137,0.23889972,2.8595936
20001_0310_1,15,44782829,2024-05-18,9,09:00,,1.2034347,0.0968365,2.715661
20001_0310_1,15,44782829,2024-05-18,10,10:00,,1.1037412,0.0,2.764262
20001_0310_1,15,44782829,2024-05-18,11,11:00,,2.4306,1.133338,4.258731
20001_0310_1,15,44782829,2024-05-18,12,12:00,,3.6459265,2.25084,5.602412
20001_0310_1,15,44782829,2024-05-18,13,13:00,,2.992934,1.4950387,5.0864983
20001_0310_1,15,44782829,2024-05-18,14,14:00,,2.6019483,0.9926762,4.8159237
20001_0310_1,15,44782829,2024-05-18,15,15:00,,3.685804,1.9237207,6.033587
20001_0310_1,15,44782829,2024-05-18,16,16:00,7.857142925262451,4.4783673,2.4281073,7.0703998
20001_0310_1,15,44782829,2024-05-18,17,17:00,,4.473383,2.1424234,7.254833
20001_0310_1,15,44782829,2024-05-18,18,18:00,,7.1302166,4.687725,10.101085
20001_0310_1,15,44782829,2024-05-18,19,19:00,,4.9917893,2.631545,7.937734
20001_0310_1,15,44782829,2024-05-18,20,20:00,,1.9386747,0.0,4.7413096
20001_0310_1,15,44782829,2024-05-18,21,21:00,,3.4789402,1.519962,5.928909
20001_0310_1,15,44782829,2024-05-18,22,22:00,,4.5830464,2.9013412,6.766335
20001_0310_1,15,44782829,2024-05-18,23,23:00,,0.1616371,0.0,1.9436592
20001_0310_1,15,44782829,2024-05-19,0,00:00,,0.0,0.0,0.91517997
20001_0310_1,15,44782829,2024-05-19,1,01:00,,0.0043185577,0.0,0.76420856
20001_0310_1,15,44782829,2024-05-19,2,02:00,,0.0,0.0,0.35658538
20001_0310_1,15,44782829,2024-05-19,3,03:00,,0.0,0.0,0.69375503
20001_0310_1,15,44782829,2024-05-19,4,04:00,,0.0,0.0,0.96047145
20001_0310_1,15,44782829,2024-05-19,5,05:00,,1.2196393,0.13516045,2.4805658
20001_0310_1,15,44782829,2024-05-19,6,06:00,,2.4642105,1.1617668,3.8868027
20001_0310_1,15,44782829,2024-05-19,7,07:00,,2.0134978,0.6673351,3.4955347
20001_0310_1,15,44782829,2024-05-19,8,08:00,,1.2473174,0.0,2.685321
20001_0310_1,15,44782829,2024-05-19,9,09:00,,1.3555137,0.11503102,2.7928884
20001_0310_1,15,44782829,2024-05-19,10,10:00,,1.0711839,0.0,2.6092062
20001_0310_1,15,44782829,2024-05-19,11,11:00,,2.277698,0.87586445,3.9909103
20001_0310_1,15,44782829,2024-05-19,12,12:00,,3.3709834,1.8889467,5.2304497
20001_0310_1,15,44782829,2024-05-19,13,13:00,,2.8495026,1.2403978,4.9190702
20001_0310_1,15,44782829,2024-05-19,14,14:00,,2.6092062,0.8642267,4.829746
20001_0310_1,15,44782829,2024-05-19,15,15:00,,3.7559607,1.8033957,6.143827
20001_0310_1,15,44782829,2024-05-19,16,16:00,,4.7347593,2.558096,7.391858
20001_0310_1,15,44782829,2024-05-19,17,17:00,,4.130873,1.6574566,7.0043645
20001_0310_1,15,44782829,2024-05-19,18,18:00,,6.9439764,4.382493,10.01373
20001_0310_1,15,44782829,2024-05-19,19,19:00,,5.1272855,2.6176987,8.1869755
20001_0310_1,15,44782829,2024-05-19,20,20:00,,2.174534,0.0,5.054316
20001_0310_1,15,44782829,2024-05-19,21,21:00,,3.4137585,1.3957726,5.9198856
20001_0310_1,15,44782829,2024-05-19,22,22:00,,4.644177,2.9771996,6.8533936
20001_0310_1,15,44782829,2024-05-19,23,23:00,,0.2810996,0.0,2.1154037
20001_0310_1,15,44782829,2024-05-20,0,00:00,,0.0,0.0,0.9626192
20001_0310_1,15,44782829,2024-05-20,1,01:00,,0.0,0.0,0.7009344
20001_0310_1,15,44782829,2024-05-20,2,02:00,,0.0,0.0,0.41912022
20001_0310_1,15,44782829,2024-05-20,3,03:00,,0.0,0.0,0.6657077
20001_0310_1,15,44782829,2024-05-20,4,04:00,,0.0,0.0,0.9777161
20001_0310_1,15,44782829,2024-05-20,5,05:00,0.9069101015726725,0.94752187,0.0,2.3087852
20001_0310_1,15,44782829,2024-05-20,6,06:00,3.076465368270874,2.5698404,1.116736,4.1412067
20001_0310_1,15,44782829,2024-05-20,7,07:00,2.5981292724609375,2.335205,0.78774345,3.9782827
20001_0310_1,15,44782829,2024-05-20,8,08:00,1.574089527130127,1.3274678,0.0,2.9390926
20001_0310_1,15,44782829,2024-05-20,9,09:00,1.9149179458618164,1.3475972,0.0,2.9906745
20001_0310_1,15,44782829,2024-05-20,10,10:00,0.0,1.1639148,0.0,2.8698971
20001_0310_1,15,44782829,2024-05-20,11,11:00,2.875628709793091,2.3965375,0.7635251,4.2509756
20001_0310_1,15,44782829,2024-05-20,12,12:00,3.449429512023926,3.5291412,1.8583856,5.572294
20001_0310_1,15,44782829,2024-05-20,13,13:00,3.955679257710775,2.9529316,1.1450436,5.1281853
20001_0310_1,15,44782829,2024-05-20,14,14:00,2.163762331008911,2.5817926,0.66444963,4.9067597
20001_0310_1,15,44782829,2024-05-20,15,15:00,0.0,3.7279208,1.6117979,6.166117
20001_0310_1,15,44782829,2024-05-20,16,16:00,7.883166631062825,4.93318,2.6245682,7.58022
20001_0310_1,15,44782829,2024-05-20,17,17:00,6.394594192504883,4.339357,1.7841575,7.107175
20001_0310_1,15,44782829,2024-05-20,18,18:00,10.508601188659668,6.5787735,3.9870892,9.477434
20001_0310_1,15,44782829,2024-05-20,19,19:00,6.073146057128906,4.6865926,2.1703942,7.6003504
20001_0310_1,15,44782829,2024-05-20,20,20:00,3.4017791748046875,2.3767223,0.05364266,5.156492
20001_0310_1,15,44782829,2024-05-20,21,21:00,1.2287036577860515,3.3555233,1.3148867,5.808817
20001_0310_1,15,44782829,2024-05-20,22,22:00,5.158212661743164,4.9784713,3.281295,7.172596
20001_0310_1,15,44782829,2024-05-20,23,23:00,,0.37382868,0.0,2.181717
20001_0310_1,15,44782829,2024-05-21,0,00:00,,0.0,0.0,0.9784463
20001_0310_1,15,44782829,2024-05-21,1,01:00,,0.0,0.0,0.5966863
20001_0310_1,15,44782829,2024-05-21,2,02:00,,0.0,0.0,0.5915961
20001_0310_1,15,44782829,2024-05-21,3,03:00,,0.0,0.0,0.7493903
20001_0310_1,15,44782829,2024-05-21,4,04:00,,0.0,0.0,1.0700686
20001_0310_1,15,44782829,2024-05-21,5,05:00,0.5133779843648275,1.1871417,0.046951883,2.5035772
20001_0310_1,15,44782829,2024-05-21,6,06:00,2.368018468221029,2.5156665,1.1572374,4.0077124
20001_0310_1,15,44782829,2024-05-21,7,07:00,4.901619911193848,2.4660375,1.0554343,3.9720807
20001_0310_1,15,44782829,2024-05-21,8,08:00,0.9196047782897949,1.4263779,0.046951883,2.9457827
20001_0310_1,15,44782829,2024-05-21,9,09:00,3.2756052017211914,1.3958371,0.024046224,2.9852312
20001_0310_1,15,44782829,2024-05-21,10,10:00,0.0,1.1693262,0.0,2.920332
20001_0310_1,15,44782829,2024-05-21,11,11:00,0.0,2.3384662,0.729666,4.297849
20001_0310_1,15,44782829,2024-05-21,12,12:00,9.381312052408854,3.3962593,1.7305132,5.544296
20001_0310_1,15,44782829,2024-05-21,13,13:00,3.393996000289917,3.2537358,1.472189,5.5697465
20001_0310_1,15,44782829,2024-05-21,14,14:00,0.8837421735127767,2.73152,0.8119037,5.1741486
20001_0310_1,15,44782829,2024-05-21,15,15:00,4.58723783493042,3.757659,1.6630692,6.3816223
20001_0310_1,15,44782829,2024-05-21,16,16:00,7.410784403483073,4.516089,2.1937153,7.376744
20001_0310_1,15,44782829,2024-05-21,17,17:00,0.5560634732246399,4.6484327,2.0804605,7.712693
20001_0310_1,15,44782829,2024-05-21,18,18:00,4.698755264282227,6.827009,4.1852303,10.0134325
20001_0310_1,15,44782829,2024-05-21,19,19:00,4.313282775878906,4.516089,1.9646593,7.6159797
20001_0310_1,15,44782829,2024-05-21,20,20:00,1.1756312847137451,2.4249985,0.06444956,5.3836384
20001_0310_1,15,44782829,2024-05-21,21,21:00,,3.1455705,1.0815216,5.7186327
20001_0310_1,15,44782829,2024-05-21,22,22:00,2.0912699699401855,4.3124833,2.5506613,6.613224
20001_0310_1,15,44782829,2024-05-21,23,23:00,,0.4083513,0.0,2.3553271
20001_0310_1,15,44782829,2024-05-22,0,00:00,,0.003629744,0.0,1.2445155
20001_0310_1,15,44782829,2024-05-22,1,01:00,,0.0,0.0,0.68701583
20001_0310_1,15,44782829,2024-05-22,2,02:00,,0.0,0.0,0.5842511
20001_0310_1,15,44782829,2024-05-22,3,03:00,,0.0,0.0,0.80519557
20001_0310_1,15,44782829,2024-05-22,4,04:00,,0.024182666,0.0,1.2239623
20001_0310_1,15,44782829,2024-05-22,5,05:00,1.3259213765462239,0.86685437,0.0,2.3665788
20001_0310_1,15,44782829,2024-05-22,6,06:00,1.6856513023376465,2.2586758,0.8848381,3.936954
20001_0310_1,15,44782829,2024-05-22,7,07:00,1.2873071670532226,2.2105048,0.7717969,3.9883368
20001_0310_1,15,44782829,2024-05-22,8,08:00,0.0,1.1854256,0.0,2.982526
20001_0310_1,15,44782829,2024-05-22,9,09:00,2.715134620666504,1.067246,0.0,2.9594038
20001_0310_1,15,44782829,2024-05-22,10,10:00,1.7224841117858887,0.98503405,0.0,3.0570304
20001_0310_1,15,44782829,2024-05-22,11,11:00,2.7796599864959717,2.2361958,0.5473198,4.5243196
20001_0310_1,15,44782829,2024-05-22,12,12:00,2.2228428522745767,3.5515862,1.7763232,6.028219
20001_0310_1,15,44782829,2024-05-22,13,13:00,2.8291918436686196,3.2355845,1.3010364,5.858658
20001_0310_1,15,44782829,2024-05-22,14,14:00,0.45000000794728595,2.6379423,0.5357587,5.3400154
20001_0310_1,15,44782829,2024-05-22,15,15:00,1.8693262736002605,3.9241087,1.6324526,6.791249
20001_0310_1,15,44782829,2024-05-22,16,16:00,8.672434488932291,4.9414806,2.385205,8.009011
20001_0310_1,15,44782829,2024-05-22,17,17:00,2.697793960571289,4.628048,1.8174293,7.9062467
20001_0310_1,15,44782829,2024-05-22,18,18:00,15.194488525390625,6.3596354,3.4693742,9.761153
20001_0310_1,15,44782829,2024-05-22,19,19:00,4.923409652709961,4.6023564,1.8122905,7.9370756
20001_0310_1,15,44782829,2024-05-22,20,20:00,5.230769157409668,2.5403159,0.0,5.709327
20001_0310_1,15,44782829,2024-05-22,21,21:00,3.9399379094441733,3.6697657,1.4962894,6.490661
20001_0310_1,15,44782829,2024-05-22,22,22:00,4.2454352378845215,4.5972185,2.7583697,7.130372
20001_0310_1,15,44782829,2024-05-22,23,23:00,,0.23998879,0.0,2.362083
20001_0310_1,15,44782829,2024-05-23,0,00:00,,0.09006077,0.0,1.2615075
20001_0310_1,15,44782829,2024-05-23,1,01:00,,0.0,0.0,0.8044857
20001_0310_1,15,44782829,2024-05-23,2,02:00,,0.0,0.0,0.6994233
20001_0310_1,15,44782829,2024-05-23,3,03:00,,0.0,0.0,0.83075136
20001_0310_1,15,44782829,2024-05-23,4,04:00,,0.0,0.0,1.1643248
20001_0310_1,15,44782829,2024-05-23,5,05:00,3.052262624104818,0.6206264,0.0,2.0980675
20001_0310_1,15,44782829,2024-05-23,6,06:00,2.086226304372152,2.2602577,0.8959228,3.9059632
20001_0310_1,15,44782829,2024-05-23,7,07:00,3.2532553672790527,3.003575,1.5865449,4.73842
20001_0310_1,15,44782829,2024-05-23,8,08:00,2.4469057083129884,1.3744496,0.00863719,3.1342463
20001_0310_1,15,44782829,2024-05-23,9,09:00,3.390695571899414,1.2720138,0.0,3.1289935
20001_0310_1,15,44782829,2024-05-23,10,10:00,1.25,1.3586904,0.0,3.4363012
20001_0310_1,15,44782829,2024-05-23,11,11:00,1.9054233233133953,2.3324885,0.70073676,4.6038084
20001_0310_1,15,44782829,2024-05-23,12,12:00,1.3082282543182373,2.7813022,1.0943924,5.2837596
20001_0310_1,15,44782829,2024-05-23,13,13:00,1.3225925763448079,2.859771,1.0159243,5.478454
20001_0310_1,15,44782829,2024-05-23,14,14:00,1.453702449798584,2.9191968,0.93548566,5.610767
20001_0310_1,15,44782829,2024-05-23,15,15:00,3.7604167461395264,3.7278497,1.5740685,6.572417
20001_0310_1,15,44782829,2024-05-23,16,16:00,4.489666938781738,5.1435666,2.7448587,8.248164
20001_0310_1,15,44782829,2024-05-23,17,17:00,5.543967247009277,5.091036,2.4221199,8.3899975
20001_0310_1,15,44782829,2024-05-23,18,18:00,8.511187553405762,7.722851,4.9544544,11.20042
20001_0310_1,15,44782829,2024-05-23,19,19:00,3.1527493794759116,6.0418506,3.3535643,9.424863
20001_0310_1,15,44782829,2024-05-23,20,20:00,6.370795249938965,3.2655745,0.7966058,6.4069433
20001_0310_1,15,44782829,2024-05-23,21,21:00,1.4480048418045044,3.431048,1.3455573,6.1390333
20001_0310_1,15,44782829,2024-05-23,22,22:00,6.285714149475098,4.3345857,2.601875,6.7247577
20001_0310_1,15,44782829,2024-05-23,23,23:00,,0.0,0.0,1.9719927
20001_0310_1,15,44782829,2024-05-24,0,00:00,,0.112348385,0.0,1.2903467
20001_0310_1,15,44782829,2024-05-24,1,01:00,,0.0,0.0,0.7092007
20001_0310_1,15,44782829,2024-05-24,2,02:00,,0.0,0.0,0.5364277
20001_0310_1,15,44782829,2024-05-24,3,03:00,,0.0,0.0,0.6830231
20001_0310_1,15,44782829,2024-05-24,4,04:00,,0.0861706,0.0,1.1882535
20001_0310_1,15,44782829,2024-05-24,5,05:00,1.803094704945882,0.82438284,0.0,2.2288187
20001_0310_1,15,44782829,2024-05-24,6,06:00,4.604541778564453,2.3570893,0.96402454,3.9456687
20001_0310_1,15,44782829,2024-05-24,7,07:00,2.317608197530111,2.4078088,0.98014027,4.110998
20001_0310_1,15,44782829,2024-05-24,8,08:00,1.3857105255126954,1.2458445,0.0,2.9395442
20001_0310_1,15,44782829,2024-05-24,9,09:00,0.8664067586263021,1.27464,0.0,3.044255
20001_0310_1,15,44782829,2024-05-24,10,10:00,0.4137561321258545,1.054747,0.0,2.9840465
20001_0310_1,15,44782829,2024-05-24,11,11:00,3.3586451212565103,2.3531625,0.74192274,4.464397
20001_0310_1,15,44782829,2024-05-24,12,12:00,3.1900145212809243,3.8164983,2.1548665,6.117522
20001_0310_1,15,44782829,2024-05-24,13,13:00,3.197077751159668,2.8191266,1.0580195,5.2464576
20001_0310_1,15,44782829,2024-05-24,14,14:00,5.036431630452474,2.4827425,0.59549093,4.9776444
20001_0310_1,15,44782829,2024-05-24,15,15:00,3.9954545497894287,3.531161,1.4919153,6.159406
20001_0310_1,15,44782829,2024-05-24,16,16:00,3.5300731658935547,5.5730247,3.2785451,8.452575
20001_0310_1,15,44782829,2024-05-24,17,17:00,6.464901924133301,4.4787955,1.9238477,7.552062
20001_0310_1,15,44782829,2024-05-24,18,18:00,6.9530586242675785,7.4682937,4.8033996,10.6829195
20001_0310_1,15,44782829,2024-05-24,19,19:00,3.7789745330810547,4.562564,2.0311763,7.7405415
20001_0310_1,15,44782829,2024-05-24,20,20:00,3.6622509956359863,2.1633742,0.0,5.1319304
20001_0310_1,15,44782829,2024-05-24,21,21:00,2.0357143878936768,3.2667656,1.3243777,5.850509
20001_0310_1,15,44782829,2024-05-24,22,22:00,5.879120826721191,5.180359,3.5861344,7.457822
20001_0310_1,15,44782829,2024-05-24,23,23:00,,0.17517495,0.0,2.0089257
20001_0310_1,15,44782829,2024-05-25,0,00:00,,0.060001634,0.0,1.2572539
20001_0310_1,15,44782829,2024-05-25,1,01:00,,0.0,0.0,0.6219255
20001_0310_1,15,44782829,2024-05-25,2,02:00,,0.0,0.0,0.6978613
20001_0310_1,15,44782829,2024-05-25,3,03:00,,0.0,0.0,0.79404646
20001_0310_1,15,44782829,2024-05-25,4,04:00,,0.034689836,0.0,1.0901954
20001_0310_1,15,44782829,2024-05-25,5,05:00,,1.2268796,0.11821909,2.5551205
20001_0310_1,15,44782829,2024-05-25,6,06:00,,2.5196838,1.1822674,3.9944177
20001_0310_1,15,44782829,2024-05-25,7,07:00,,2.15456,0.74848497,3.7023818
20001_0310_1,15,44782829,2024-05-25,8,08:00,,1.2116926,0.0,2.788623
20001_0310_1,15,44782829,2024-05-25,9,09:00,,1.5230286,0.16378039,3.1632385
20001_0310_1,15,44782829,2024-05-25,10,10:00,,0.869982,0.0,2.6481416
20001_0310_1,15,44782829,2024-05-25,11,11:00,,2.26878,0.7342471,4.2171626
20001_0310_1,15,44782829,2024-05-25,12,12:00,,3.6416333,1.9925641,5.7754254
20001_0310_1,15,44782829,2024-05-25,13,13:00,,2.9493532,1.1813183,5.2514696
20001_0310_1,15,44782829,2024-05-25,14,14:00,,2.4954793,0.58538127,4.8985267
20001_0310_1,15,44782829,2024-05-25,15,15:00,,3.4543254,1.3660948,6.0032325
20001_0310_1,15,44782829,2024-05-25,16,16:00,,5.5678678,3.2822044,8.331925
20001_0310_1,15,44782829,2024-05-25,17,17:00,,4.226338,1.6824936,7.1118927
20001_0310_1,15,44782829,2024-05-25,18,18:00,,7.866187,5.2945004,10.863116
20001_0310_1,15,44782829,2024-05-25,19,19:00,,4.6212034,2.169747,7.5523195
20001_0310_1,15,44782829,2024-05-25,20,20:00,,2.3557897,0.10176658,5.0527706
20001_0310_1,15,44782829,2024-05-25,21,21:00,,3.0708504,1.1332258,5.390685
20001_0310_1,15,44782829,2024-05-25,22,22:00,,4.8641973,3.2417054,6.929647
20001_0310_1,15,44782829,2024-05-25,23,23:00,,0.009377915,0.0,1.728055
20001_0310_1,15,44782829,2024-05-26,0,00:00,,0.07936713,0.0,1.0706046
20001_0310_1,15,44782829,2024-05-26,1,01:00,,0.0,0.0,0.64360994
20001_0310_1,15,44782829,2024-05-26,2,02:00,,0.0,0.0,0.43519604
20001_0310_1,15,44782829,2024-05-26,3,03:00,,0.0,0.0,0.6232769
20001_0310_1,15,44782829,2024-05-26,4,04:00,,0.07936726,0.0,1.0350217
20001_0310_1,15,44782829,2024-05-26,5,05:00,,1.1900615,0.14036651,2.4488058
20001_0310_1,15,44782829,2024-05-26,6,06:00,,2.3884418,1.0910169,3.8308983
20001_0310_1,15,44782829,2024-05-26,7,07:00,,2.0300715,0.6982551,3.5245523
20001_0310_1,15,44782829,2024-05-26,8,08:00,,1.0350217,0.0,2.5225132
20001_0310_1,15,44782829,2024-05-26,9,09:00,,1.4823493,0.22932369,3.0174963
20001_0310_1,15,44782829,2024-05-26,10,10:00,,0.719859,0.0,2.37764
20001_0310_1,15,44782829,2024-05-26,11,11:00,,2.0376964,0.6054855,3.8435273
20001_0310_1,15,44782829,2024-05-26,12,12:00,,3.4089081,1.8496155,5.378674
20001_0310_1,15,44782829,2024-05-26,13,13:00,,2.8967686,1.2351754,5.009502
20001_0310_1,15,44782829,2024-05-26,14,14:00,,2.4132228,0.6175583,4.6231737
20001_0310_1,15,44782829,2024-05-26,15,15:00,,3.302159,1.3298509,5.609963
20001_0310_1,15,44782829,2024-05-26,16,16:00,,5.1880517,3.0136838,7.729686
20001_0310_1,15,44782829,2024-05-26,17,17:00,,3.7444036,1.3018934,6.441077
20001_0310_1,15,44782829,2024-05-26,18,18:00,,7.572105,5.0914702,10.398403
20001_0310_1,15,44782829,2024-05-26,19,19:00,,4.847473,2.4834352,7.6483536
20001_0310_1,15,44782829,2024-05-26,20,20:00,,2.4335556,0.31383264,5.015856
20001_0310_1,15,44782829,2024-05-26,21,21:00,,3.0391004,1.2497897,5.26303
20001_0310_1,15,44782829,2024-05-26,22,22:00,,4.81189,3.352992,6.738449
20001_0310_1,15,44782829,2024-05-26,23,23:00,,0.13528323,0.0,1.6755135
20001_0310_1,15,44782829,2024-05-27,0,00:00,,0.0,0.0,0.8602212
20001_0310_1,15,44782829,2024-05-27,1,01:00,,0.057062324,0.0,0.72297245
20001_0310_1,15,44782829,2024-05-27,2,02:00,,0.0,0.0,0.4688084
20001_0310_1,15,44782829,2024-05-27,3,03:00,,0.0,0.0,0.69755614
20001_0310_1,15,44782829,2024-05-27,4,04:00,,0.087562054,0.0,1.1169271
20001_0310_1,15,44782829,2024-05-27,5,05:00,0.7564880847930908,1.2363842,0.20956083,2.540882
20001_0310_1,15,44782829,2024-05-27,6,06:00,1.5893686294555665,2.5046637,1.190635,3.9610248
20001_0310_1,15,44782829,2024-05-27,7,07:00,2.7950687408447266,2.2009375,0.82781535,3.6846209
20001_0310_1,15,44782829,2024-05-27,8,08:00,0.9935682614644369,1.1194687,0.0,2.6215792
20001_0310_1,15,44782829,2024-05-27,9,09:00,0.9641342163085938,1.5439229,0.265477,3.1121159
20001_0310_1,15,44782829,2024-05-27,10,10:00,3.805483102798462,0.60605705,0.0,2.2835405
20001_0310_1,15,44782829,2024-05-27,11,11:00,1.3931211233139038,2.3165822,0.83798176,4.0862007
20001_0310_1,15,44782829,2024-05-27,12,12:00,3.4571425120035806,3.6611104,2.1335835,5.5902166
20001_0310_1,15,44782829,2024-05-27,13,13:00,4.202789306640625,2.9227638,1.2884879,4.9332023
20001_0310_1,15,44782829,2024-05-27,14,14:00,0.9429689049720764,2.4910023,0.76506853,4.6131144
20001_0310_1,15,44782829,2024-05-27,15,15:00,2.2478038469950357,3.518779,1.6379639,5.7020497
20001_0310_1,15,44782829,2024-05-27,16,16:00,5.622500419616699,5.313178,3.2442815,7.692155
20001_0310_1,15,44782829,2024-05-27,17,17:00,5.050022602081299,3.7754848,1.4752984,6.258669
20001_0310_1,15,44782829,2024-05-27,18,18:00,9.963908195495605,7.6311555,5.262345,10.22363
20001_0310_1,15,44782829,2024-05-27,19,19:00,4.6190132141113285,4.7133503,2.4732108,7.310909
20001_0310_1,15,44782829,2024-05-27,20,20:00,3.4132187366485596,2.6492198,0.603198,5.117154
20001_0310_1,15,44782829,2024-05-27,21,21:00,2.040149211883545,2.9621592,1.2027074,5.0812535
20001_0310_1,15,44782829,2024-05-27,22,22:00,5.573979377746582,5.175929,3.7399018,7.0618277
20001_0310_1,15,44782829,2024-05-27,23,23:00,,0.30105993,0.0,1.8285868
20001_0310_1,15,44782829,2024-05-28,0,00:00,,0.0,0.0,0.8189767
20001_0310_1,15,44782829,2024-05-28,1,01:00,,0.0,0.0,0.4725475
20001_0310_1,15,44782829,2024-05-28,2,02:00,,0.0,0.0,0.579533
20001_0310_1,15,44782829,2024-05-28,3,03:00,,0.0,0.0,0.55406016
20001_0310_1,15,44782829,2024-05-28,4,04:00,,0.0,0.0,0.9106786
20001_0310_1,15,44782829,2024-05-28,5,05:00,0.6816213726997375,1.0176642,0.0,2.2085147
20001_0310_1,15,44782829,2024-05-28,6,06:00,2.715460777282715,2.1193604,0.83171314,3.524182
20001_0310_1,15,44782829,2024-05-28,7,07:00,3.0158913135528564,2.373451,1.0141615,3.8416362
20001_0310_1,15,44782829,2024-05-28,8,08:00,1.027592658996582,1.1144606,0.0,2.6058898
20001_0310_1,15,44782829,2024-05-28,9,09:00,1.7896806399027507,1.7003337,0.3451836,3.23634
20001_0310_1,15,44782829,2024-05-28,10,10:00,1.259613037109375,1.0074751,0.0,2.6829448
20001_0310_1,15,44782829,2024-05-28,11,11:00,0.33865901827812195,1.9525138,0.4101391,3.7623522
20001_0310_1,15,44782829,2024-05-28,12,12:00,2.2476258277893066,3.707586,2.0945244,5.714838
20001_0310_1,15,44782829,2024-05-28,13,13:00,1.5956754684448242,2.9599607,1.2418243,5.055094
20001_0310_1,15,44782829,2024-05-28,14,14:00,0.8162221908569336,2.3365154,0.4741394,4.5090218
20001_0310_1,15,44782829,2024-05-28,15,15:00,3.1562061309814453,3.0376527,1.025306,5.3403883
20001_0310_1,15,44782829,2024-05-28,16,16:00,2.30935271581014,5.185005,2.9701502,7.73228
20001_0310_1,15,44782829,2024-05-28,17,17:00,8.00924015045166,3.5369186,1.1119131,6.180989
20001_0310_1,15,44782829,2024-05-28,18,18:00,8.458503723144531,7.4979305,5.0117903,10.289744
20001_0310_1,15,44782829,2024-05-28,19,19:00,4.375582122802735,4.237419,1.8837372,6.912057
20001_0310_1,15,44782829,2024-05-28,20,20:00,2.9700069427490234,2.6270642,0.49770203,5.1133637
20001_0310_1,15,44782829,2024-05-28,21,21:00,1.7033050060272217,2.4780486,0.6876329,4.6053405
20001_0310_1,15,44782829,2024-05-28,22,22:00,7.137625694274902,3.840044,2.3584855,5.719932
20001_0310_1,15,44782829,2024-05-28,23,23:00,,0.1414017,0.0,1.6417463
20001_0310_1,15,44782829,2024-05-29,0,00:00,,0.0,0.0,0.97531134
20001_0310_1,15,44782829,2024-05-29,1,01:00,,0.0,0.0,0.71843624
20001_0310_1,15,44782829,2024-05-29,2,02:00,,0.0,0.0,0.78895104
20001_0310_1,15,44782829,2024-05-29,3,03:00,,0.0,0.0,0.6428848
20001_0310_1,15,44782829,2024-05-29,4,04:00,,0.0,0.0,1.0105685
20001_0310_1,15,44782829,2024-05-29,5,05:00,1.5625613530476887,1.1012301,0.023362935,2.4721742
20001_0310_1,15,44782829,2024-05-29,6,06:00,2.753572940826416,2.1570616,0.81728286,3.698311
20001_0310_1,15,44782829,2024-05-29,7,07:00,3.5948781967163086,1.9864411,0.5887396,3.5805767
20001_0310_1,15,44782829,2024-05-29,8,08:00,0.22880121072133383,0.9551641,0.0,2.5858161
20001_0310_1,15,44782829,2024-05-29,9,09:00,1.6809360980987549,1.6099433,0.24498057,3.2695568
20001_0310_1,15,44782829,2024-05-29,10,10:00,2.000472068786621,1.0508626,0.0,2.8099518
20001_0310_1,15,44782829,2024-05-29,11,11:00,3.5576022466023765,1.8844467,0.34697482,3.7669368
20001_0310_1,15,44782829,2024-05-29,12,12:00,2.114508787790934,2.708587,1.0993412,4.776178
20001_0310_1,15,44782829,2024-05-29,13,13:00,2.5050576527913413,2.5515032,0.8169679,4.685201
20001_0310_1,15,44782829,2024-05-29,14,14:00,2.3675978978474936,2.259056,0.3677517,4.49286
20001_0310_1,15,44782829,2024-05-29,15,15:00,4.361443996429443,3.143638,1.0659732,5.505879
20001_0310_1,15,44782829,2024-05-29,16,16:00,2.971602121988932,5.0500517,2.7318816,7.6288743
20001_0310_1,15,44782829,2024-05-29,17,17:00,7.1820969581604,4.3600154,1.7837116,7.094978
20001_0310_1,15,44782829,2024-05-29,18,18:00,9.935898780822754,7.996558,5.317001,10.837293
20001_0310_1,15,44782829,2024-05-29,19,19:00,2.69779052734375,4.475861,1.9222223,7.2813377
20001_0310_1,15,44782829,2024-05-29,20,20:00,3.813492202758789,3.370292,0.9879032,6.0095553
20001_0310_1,15,44782829,2024-05-29,21,21:00,1.3220778703689575,3.1625254,1.1226363,5.50462
20001_0310_1,15,44782829,2024-05-29,22,22:00,1.3535773754119873,4.999685,3.2632606,7.135272
20001_0310_1,15,44782829,2024-05-29,23,23:00,,0.27016434,0.0,2.0846584
20001_0310_1,15,44782829,2024-05-30,0,00:00,,0.03852822,0.0,1.1549857
20001_0310_1,15,44782829,2024-05-30,1,01:00,,0.08927633,0.0,0.94691855
20001_0310_1,15,44782829,2024-05-30,2,02:00,,0.0,0.0,0.7642255
20001_0310_1,15,44782829,2024-05-30,3,03:00,,0.023303822,0.0,0.91646975
20001_0310_1,15,44782829,2024-05-30,4,04:00,,0.0,0.0,1.0839384
20001_0310_1,15,44782829,2024-05-30,5,05:00,,1.2412574,0.16539843,2.5879843
20001_0310_1,15,44782829,2024-05-30,6,06:00,,2.2276728,0.92915684,3.7532866
20001_0310_1,15,44782829,2024-05-30,7,07:00,,2.2663684,0.9132979,3.8820598
20001_0310_1,15,44782829,2024-05-30,8,08:00,,1.3300664,0.0,2.9793785
20001_0310_1,15,44782829,2024-05-30,9,09:00,,1.6878405,0.29226863,3.4538734
20001_0310_1,15,44782829,2024-05-30,10,10:00,,1.1296115,0.0,3.0352015
20001_0310_1,15,44782829,2024-05-30,11,11:00,,2.1274455,0.57170004,4.1595883
20001_0310_1,15,44782829,2024-05-30,12,12:00,,2.6844053,1.07252,4.832952
20001_0310_1,15,44782829,2024-05-30,13,13:00,,2.2961829,0.6143603,4.486438
20001_0310_1,15,44782829,2024-05-30,14,14:00,,2.3621554,0.5980257,4.612198
20001_0310_1,15,44782829,2024-05-30,15,15:00,,3.2534182,1.3681276,5.6055903
20001_0310_1,15,44782829,2024-05-30,16,16:00,,4.8291454,2.7472064,7.386848
20001_0310_1,15,44782829,2024-05-30,17,17:00,,4.1947947,1.8781452,6.8641424
20001_0310_1,15,44782829,2024-05-30,18,18:00,,7.650738,5.2655787,10.431732
20001_0310_1,15,44782829,2024-05-30,19,19:00,,4.3521132,2.0608387,7.1077332
20001_0310_1,15,44782829,2024-05-30,20,20:00,,2.9768414,0.88855845,5.582754
20001_0310_1,15,44782829,2024-05-30,21,21:00,,2.6350846,0.8499421,4.9199367
20001_0310_1,15,44782829,2024-05-30,22,22:00,,4.7682476,3.2914786,6.8083196
20001_0310_1,15,44782829,2024-05-30,23,23:00,,0.058827415,0.0,1.7538128
20001_0310_1,15,44782829,2024-05-31,0,00:00,,0.07615137,0.0,0.9858935
20001_0310_1,15,44782829,2024-05-31,1,01:00,,0.061398778,0.0,0.73018205
20001_0310_1,15,44782829,2024-05-31,2,02:00,,0.0,0.0,0.48922345
20001_0310_1,15,44782829,2024-05-31,3,03:00,,0.0,0.0,0.60724413
20001_0310_1,15,44782829,2024-05-31,4,04:00,,0.0,0.0,0.7105119
20001_0310_1,15,44782829,2024-05-31,5,05:00,,1.455517,0.49659973,2.4460912
20001_0310_1,15,44782829,2024-05-31,6,06:00,,2.552586,1.408647,3.6805434
20001_0310_1,15,44782829,2024-05-31,7,07:00,,2.3667958,1.2114848,3.5620618
20001_0310_1,15,44782829,2024-05-31,8,08:00,,1.1088315,0.0,2.3240747
20001_0310_1,15,44782829,2024-05-31,9,09:00,,1.6227129,0.42283687,2.8852875
20001_0310_1,15,44782829,2024-05-31,10,10:00,,0.98589337,0.0,2.379397
20001_0310_1,15,44782829,2024-05-31,11,11:00,,2.7832487,1.4444526,4.259735
20001_0310_1,15,44782829,2024-05-31,12,12:00,,3.3856452,1.9411224,5.0158043
20001_0310_1,15,44782829,2024-05-31,13,13:00,,2.9381506,1.4702694,4.6002736
20001_0310_1,15,44782829,2024-05-31,14,14:00,,2.9860966,1.4272413,4.685101
20001_0310_1,15,44782829,2024-05-31,15,15:00,,3.6757793,2.027794,5.4657583
20001_0310_1,15,44782829,2024-05-31,16,16:00,,5.0920258,3.2651658,7.0492005
20001_0310_1,15,44782829,2024-05-31,17,17:00,,4.914995,2.8988101,6.9606853
20001_0310_1,15,44782829,2024-05-31,18,18:00,,8.386767,6.3214073,10.60949
20001_0310_1,15,44782829,2024-05-31,19,19:00,,4.590439,2.6154382,6.79349
20001_0310_1,15,44782829,2024-05-31,20,20:00,,2.7371469,0.92258024,4.81726
20001_0310_1,15,44782829,2024-05-31,21,21:00,,2.565648,1.0086368,4.3623886
20001_0310_1,15,44782829,2024-05-31,22,22:00,,5.3969126,4.079016,6.9901905
20001_0310_1,15,44782829,2024-05-31,23,23:00,,0.1351616,0.0,1.4579757
20001_0310_1,16,44783639,2024-05-01,0,00:00,,0.0,0.0,0.6437892
20001_0310_1,16,44783639,2024-05-01,1,01:00,,0.0,0.0,0.6529301
20001_0310_1,16,44783639,2024-05-01,2,02:00,,0.0,0.0,0.58894354
20001_0310_1,16,44783639,2024-05-01,3,03:00,,0.0,0.0,0.7047287
20001_0310_1,16,44783639,2024-05-01,4,04:00,,0.06486289,0.0,1.1762489
20001_0310_1,16,44783639,2024-05-01,5,05:00,,2.2982996,1.3301214,3.6511586
20001_0310_1,16,44783639,2024-05-01,6,06:00,,3.477481,2.2724,4.9948764
20001_0310_1,16,44783639,2024-05-01,7,07:00,,2.4994001,1.2272857,3.9954672
20001_0310_1,16,44783639,2024-05-01,8,08:00,,1.5095124,0.31738156,2.9560664
20001_0310_1,16,44783639,2024-05-01,9,09:00,,1.4108664,0.2732002,2.8204758
20001_0310_1,16,44783639,2024-05-01,10,10:00,,1.5152255,0.3209996,2.9718723
20001_0310_1,16,44783639,2024-05-01,11,11:00,,2.7583933,1.4668546,4.379387
20001_0310_1,16,44783639,2024-05-01,12,12:00,,2.9655879,1.6043494,4.6810374
20001_0310_1,16,44783639,2024-05-01,13,13:00,,3.2215345,1.8279217,4.9948764
20001_0310_1,16,44783639,2024-05-01,14,14:00,,1.958561,0.65216804,3.6503966
20001_0310_1,16,44783639,2024-05-01,15,15:00,,2.0195007,0.8144201,3.5780315
20001_0310_1,16,44783639,2024-05-01,16,16:00,,1.2958429,0.14179909,2.789625
20001_0310_1,16,44783639,2024-05-01,17,17:00,,1.6117767,0.40936205,3.1455503
20001_0310_1,16,44783639,2024-05-01,18,18:00,,2.4018967,1.1191179,3.9771855
20001_0310_1,16,44783639,2024-05-01,19,19:00,,2.569481,1.2745142,4.1539106
20001_0310_1,16,44783639,2024-05-01,20,20:00,,1.7635543,0.56856686,3.2651448
20001_0310_1,16,44783639,2024-05-01,21,21:00,,1.0322791,0.028299082,2.3318162
20001_0310_1,16,44783639,2024-05-01,22,22:00,,1.3933462,0.6102723,2.517682
20001_0310_1,16,44783639,2024-05-01,23,23:00,,0.15931925,0.0,1.128259
20001_0310_1,16,44783639,2024-05-02,0,00:00,,0.0,0.0,0.6164493
20001_0310_1,16,44783639,2024-05-02,1,01:00,,0.039689213,0.0,0.6164493
20001_0310_1,16,44783639,2024-05-02,2,02:00,,0.0,0.0,0.5523647
20001_0310_1,16,44783639,2024-05-02,3,03:00,,0.0,0.0,0.6866369
20001_0310_1,16,44783639,2024-05-02,4,04:00,,0.17090979,0.0,1.1626931
20001_0310_1,16,44783639,2024-05-02,5,05:00,,2.2979033,1.3290075,3.5277145
20001_0310_1,16,44783639,2024-05-02,6,06:00,,3.326306,2.1361663,4.736164
20001_0310_1,16,44783639,2024-05-02,7,07:00,,2.5389829,1.2817069,3.9915636
20001_0310_1,16,44783639,2024-05-02,8,08:00,,1.4785379,0.28725368,2.8964067
20001_0310_1,16,44783639,2024-05-02,9,09:00,,1.6196764,0.46443942,3.0034044
20001_0310_1,16,44783639,2024-05-02,10,10:00,,1.8756326,0.6854928,3.319059
20001_0310_1,16,44783639,2024-05-02,11,11:00,,2.7007198,1.417505,4.2845216
20001_0310_1,16,44783639,2024-05-02,12,12:00,,3.0547104,1.6904364,4.7361646
20001_0310_1,16,44783639,2024-05-02,13,13:00,,3.433114,2.049958,5.166446
20001_0310_1,16,44783639,2024-05-02,14,14:00,,2.1407437,0.83616734,3.7718458
20001_0310_1,16,44783639,2024-05-02,15,15:00,,2.1758378,0.9811204,3.6604612
20001_0310_1,16,44783639,2024-05-02,16,16:00,,1.2878103,0.14649655,2.6946168
20001_0310_1,16,44783639,2024-05-02,17,17:00,,1.6637344,0.48980623,3.074546
20001_0310_1,16,44783639,2024-05-02,18,18:00,,2.4871051,1.2664491,3.9183247
20001_0310_1,16,44783639,2024-05-02,19,19:00,,2.5420346,1.3381625,3.9671507
20001_0310_1,16,44783639,2024-05-02,20,20:00,,1.9195,0.8045066,3.230561
20001_0310_1,16,44783639,2024-05-02,21,21:00,,1.1199701,0.17548722,2.2521288
20001_0310_1,16,44783639,2024-05-02,22,22:00,,1.3122236,0.5561794,2.2864597
20001_0310_1,16,44783639,2024-05-02,23,23:00,,0.19837451,0.0,1.0345241
20001_0310_1,16,44783639,2024-05-03,0,00:00,,0.0,0.0,0.49144816
20001_0310_1,16,44783639,2024-05-03,1,01:00,,0.0,0.0,0.43671402
20001_0310_1,16,44783639,2024-05-03,2,02:00,,0.0,0.0,0.43975478
20001_0310_1,16,44783639,2024-05-03,3,03:00,,0.0,0.0,0.6100389
20001_0310_1,16,44783639,2024-05-03,4,04:00,,0.12959439,0.0,1.0144638
20001_0310_1,16,44783639,2024-05-03,5,05:00,,2.3417678,1.4143274,3.4273295
20001_0310_1,16,44783639,2024-05-03,6,06:00,,3.1034853,1.9761131,4.353249
20001_0310_1,16,44783639,2024-05-03,7,07:00,,2.6960196,1.5196148,3.985314
20001_0310_1,16,44783639,2024-05-03,8,08:00,,1.6928446,0.5579654,2.9176168
20001_0310_1,16,44783639,2024-05-03,9,09:00,,1.8259741,0.7401752,3.0116441
20001_0310_1,16,44783639,2024-05-03,10,10:00,,1.8499203,0.7430734,3.0540724
20001_0310_1,16,44783639,2024-05-03,11,11:00,,2.921038,1.7301894,4.2620254
20001_0310_1,16,44783639,2024-05-03,12,12:00,,3.3680341,2.082541,4.7424703
20001_0310_1,16,44783639,2024-05-03,13,13:00,,3.781581,2.4938073,5.216833
20001_0310_1,16,44783639,2024-05-03,14,14:00,,2.1000252,0.8768681,3.422008
20001_0310_1,16,44783639,2024-05-03,15,15:00,,2.2931151,1.1786662,3.495747
20001_0310_1,16,44783639,2024-05-03,16,16:00,,1.3489504,0.28011337,2.4421136
20001_0310_1,16,44783639,2024-05-03,17,17:00,,1.6521742,0.5601512,2.7464778
20001_0310_1,16,44783639,2024-05-03,18,18:00,,2.577429,1.4728627,3.6873167
20001_0310_1,16,44783639,2024-05-03,19,19:00,,2.6564896,1.571688,3.7754998
20001_0310_1,16,44783639,2024-05-03,20,20:00,,2.0985048,1.1094884,3.1559386
20001_0310_1,16,44783639,2024-05-03,21,21:00,,1.1999519,0.36221474,2.1319535
20001_0310_1,16,44783639,2024-05-03,22,22:00,,1.2957367,0.6503294,2.0962243
20001_0310_1,16,44783639,2024-05-03,23,23:00,,0.17520621,0.0,0.86850595
20001_0310_1,16,44783639,2024-05-04,0,00:00,,0.015080957,0.0,0.4350997
20001_0310_1,16,44783639,2024-05-04,1,01:00,,0.02099671,0.0,0.3759421
20001_0310_1,16,44783639,2024-05-04,2,02:00,,0.0,0.0,0.26945847
20001_0310_1,16,44783639,2024-05-04,3,03:00,,0.0,0.0,0.39664724
20001_0310_1,16,44783639,2024-05-04,4,04:00,,0.038743973,0.0,0.72792965
20001_0310_1,16,44783639,2024-05-04,5,05:00,,2.1787689,1.4038047,3.0321167
20001_0310_1,16,44783639,2024-05-04,6,06:00,,3.049864,2.1107376,4.0141325
20001_0310_1,16,44783639,2024-05-04,7,07:00,,2.7244976,1.7515403,3.6887658
20001_0310_1,16,44783639,2024-05-04,8,08:00,,1.771691,0.8467994,2.6747682
20001_0310_1,16,44783639,2024-05-04,9,09:00,,1.6957105,0.7967005,2.5655117
20001_0310_1,16,44783639,2024-05-04,10,10:00,,1.9066441,0.9860046,2.7932682
20001_0310_1,16,44783639,2024-05-04,11,11:00,,2.9197173,1.9199543,3.9283535
20001_0310_1,16,44783639,2024-05-04,12,12:00,,3.3042414,2.2334895,4.374994
20001_0310_1,16,44783639,2024-05-04,13,13:00,,3.6710184,2.6091402,4.8186755
20001_0310_1,16,44783639,2024-05-04,14,14:00,,2.090772,1.0643883,3.1600451
20001_0310_1,16,44783639,2024-05-04,15,15:00,,2.1787689,1.205627,3.1874053
20001_0310_1,16,44783639,2024-05-04,16,16:00,,1.4910623,0.5327097,2.4405413
20001_0310_1,16,44783639,2024-05-04,17,17:00,,1.9214334,0.9031838,2.9027097
20001_0310_1,16,44783639,2024-05-04,18,18:00,,2.5647721,1.4918016,3.5941138
20001_0310_1,16,44783639,2024-05-04,19,19:00,,2.561814,1.4999357,3.635524
20001_0310_1,16,44783639,2024-05-04,20,20:00,,1.9388111,0.9708455,2.9555817
20001_0310_1,16,44783639,2024-05-04,21,21:00,,1.1760482,0.35671586,2.0974271
20001_0310_1,16,44783639,2024-05-04,22,22:00,,1.1952744,0.5889094,1.9813305
20001_0310_1,16,44783639,2024-05-04,23,23:00,,0.21030092,0.0,0.8817393
20001_0310_1,16,44783639,2024-05-05,0,00:00,,0.0017011166,0.0,0.37986276
20001_0310_1,16,44783639,2024-05-05,1,01:00,,0.013247924,0.0,0.32790148
20001_0310_1,16,44783639,2024-05-05,2,02:00,,0.0,0.0,0.27016687
20001_0310_1,16,44783639,2024-05-05,3,03:00,,0.0,0.0,0.40584338
20001_0310_1,16,44783639,2024-05-05,4,04:00,,0.08252956,0.0,0.7002897
20001_0310_1,16,44783639,2024-05-05,5,05:00,,2.150872,1.4104255,2.9216292
20001_0310_1,16,44783639,2024-05-05,6,06:00,,3.087616,2.2086065,3.9478614
20001_0310_1,16,44783639,2024-05-05,7,07:00,0.0,2.6892471,1.7866027,3.5639267
20001_0310_1,16,44783639,2024-05-05,8,08:00,,1.5035225,0.6551847,2.3222716
20001_0310_1,16,44783639,2024-05-05,9,09:00,,1.6544443,0.83113974,2.456369
20001_0310_1,16,44783639,2024-05-05,10,10:00,1.3333333730697632,1.8044641,0.9370017,2.6387293
20001_0310_1,16,44783639,2024-05-05,11,11:00,,2.7643018,1.8192585,3.7255833
20001_0310_1,16,44783639,2024-05-05,12,12:00,,3.151124,2.1407683,4.18746
20001_0310_1,16,44783639,2024-05-05,13,13:00,,3.7313569,2.7036805,4.8225403
20001_0310_1,16,44783639,2024-05-05,14,14:00,,2.0267425,1.0250471,3.0573053
20001_0310_1,16,44783639,2024-05-05,15,15:00,,2.0873637,1.131856,3.0645223
20001_0310_1,16,44783639,2024-05-05,16,16:00,,1.1924772,0.25140315,2.1248913
20001_0310_1,16,44783639,2024-05-05,17,17:00,,1.7396932,0.7513489,2.708552
20001_0310_1,16,44783639,2024-05-05,18,18:00,,2.6401725,1.6087077,3.6476417
20001_0310_1,16,44783639,2024-05-05,19,19:00,,2.550684,1.5262556,3.5783603
20001_0310_1,16,44783639,2024-05-05,20,20:00,,2.0455062,1.1224741,3.007509
20001_0310_1,16,44783639,2024-05-05,21,21:00,,1.2415518,0.47223806,2.080147
20001_0310_1,16,44783639,2024-05-05,22,22:00,,1.2415518,0.6642057,1.9343671
20001_0310_1,16,44783639,2024-05-05,23,23:00,,0.22397932,0.0,0.80421215
20001_0310_1,16,44783639,2024-05-06,0,00:00,,0.0,0.0,0.42238954
20001_0310_1,16,44783639,2024-05-06,1,01:00,,0.062421653,0.0,0.45406678
20001_0310_1,16,44783639,2024-05-06,2,02:00,,0.0,0.0,0.45982632
20001_0310_1,16,44783639,2024-05-06,3,03:00,,0.0,0.0,0.48862368
20001_0310_1,16,44783639,2024-05-06,4,04:00,,0.0,0.0,0.7334019
20001_0310_1,16,44783639,2024-05-06,5,05:00,1.089208761850993,1.7141347,0.90852636,2.6867683
20001_0310_1,16,44783639,2024-05-06,6,06:00,3.5360255241394043,2.7521021,1.7769487,3.8723223
20001_0310_1,16,44783639,2024-05-06,7,07:00,2.945178747177124,1.9630526,0.945783,3.1041512
20001_0310_1,16,44783639,2024-05-06,8,08:00,2.68993878364563,1.418061,0.43822828,2.5289226
20001_0310_1,16,44783639,2024-05-06,9,09:00,1.9821691513061523,1.4835752,0.5210209,2.588677
20001_0310_1,16,44783639,2024-05-06,10,10:00,1.0312910079956055,1.4025825,0.38135326,2.5728385
20001_0310_1,16,44783639,2024-05-06,11,11:00,0.38831019401550293,2.4007735,1.303591,3.7024179
20001_0310_1,16,44783639,2024-05-06,12,12:00,3.871295611063639,2.962324,1.8115064,4.307164
20001_0310_1,16,44783639,2024-05-06,13,13:00,3.8816606998443604,3.385646,2.227989,4.7679234
20001_0310_1,16,44783639,2024-05-06,14,14:00,0.28725960850715637,2.1329575,1.027136,3.4202032
20001_0310_1,16,44783639,2024-05-06,15,15:00,1.4223217964172363,1.9263359,0.90258706,3.1084712
20001_0310_1,16,44783639,2024-05-06,16,16:00,1.0525463422139485,1.2042401,0.2287268,2.3165412
20001_0310_1,16,44783639,2024-05-06,17,17:00,1.225429654121399,1.5237114,0.54135895,2.634933
20001_0310_1,16,44783639,2024-05-06,18,18:00,1.7233346939086913,2.3590174,1.3359883,3.4993963
20001_0310_1,16,44783639,2024-05-06,19,19:00,2.7542972564697266,2.2567866,1.269754,3.3928452
20001_0310_1,16,44783639,2024-05-06,20,20:00,2.5560479164123535,1.7006358,0.7881169,2.7377038
20001_0310_1,16,44783639,2024-05-06,21,21:00,0.6607142686843872,1.103449,0.33311743,1.9767313
20001_0310_1,16,44783639,2024-05-06,22,22:00,0.0,1.0372149,0.42526934,1.7868481
20001_0310_1,16,44783639,2024-05-06,23,23:00,,0.17761138,0.0,0.822674
20001_0310_1,16,44783639,2024-05-07,0,00:00,,0.0,0.0,0.4394856
20001_0310_1,16,44783639,2024-05-07,1,01:00,,0.026501952,0.0,0.42215753
20001_0310_1,16,44783639,2024-05-07,2,02:00,,0.0,0.0,0.4019416
20001_0310_1,16,44783639,2024-05-07,3,03:00,,0.0,0.0,0.5059095
20001_0310_1,16,44783639,2024-05-07,4,04:00,,0.0,0.0,0.7947091
20001_0310_1,16,44783639,2024-05-07,5,05:00,1.678068478902181,1.627716,0.7947093,2.6863475
20001_0310_1,16,44783639,2024-05-07,6,06:00,1.9678465525309246,2.6314752,1.6075001,3.8588738
20001_0310_1,16,44783639,2024-05-07,7,07:00,2.270522117614746,2.053876,0.9679889,3.3144867
20001_0310_1,16,44783639,2024-05-07,8,08:00,2.8132307052612306,1.5654435,0.52134234,2.762428
20001_0310_1,16,44783639,2024-05-07,9,09:00,1.7699411710103352,1.3925245,0.36150953,2.5563872
20001_0310_1,16,44783639,2024-05-07,10,10:00,0.7458333373069763,1.2329627,0.14274389,2.4589176
20001_0310_1,16,44783639,2024-05-07,11,11:00,2.3794775009155273,2.6256993,1.4425231,3.9859457
20001_0310_1,16,44783639,2024-05-07,12,12:00,3.9609502156575522,2.946267,1.6977494,4.349833
20001_0310_1,16,44783639,2024-05-07,13,13:00,2.982323964436849,3.47477,2.2372634,4.9129925
20001_0310_1,16,44783639,2024-05-07,14,14:00,1.6156344413757324,1.8762639,0.72611904,3.1924684
20001_0310_1,16,44783639,2024-05-07,15,15:00,1.9027754068374634,1.9282479,0.89939904,3.1144927
20001_0310_1,16,44783639,2024-05-07,16,16:00,0.4317547678947449,1.2481247,0.27270368,2.3433974
20001_0310_1,16,44783639,2024-05-07,17,17:00,2.674445152282715,1.7982881,0.80914915,2.898615
20001_0310_1,16,44783639,2024-05-07,18,18:00,0.9643703460693359,2.3932154,1.3564246,3.5166461
20001_0310_1,16,44783639,2024-05-07,19,19:00,1.0846705436706543,2.3672235,1.3636446,3.4964304
20001_0310_1,16,44783639,2024-05-07,20,20:00,1.0345693588256837,1.8199481,0.898677,2.858183
20001_0310_1,16,44783639,2024-05-07,21,21:00,2.6410255432128906,1.1268289,0.3759497,2.0076678
20001_0310_1,16,44783639,2024-05-07,22,22:00,7.368863582611084,0.9925369,0.41493765,1.7432357
20001_0310_1,16,44783639,2024-05-07,23,23:00,,0.10447787,0.0,0.7571652
20001_0310_1,16,44783639,2024-05-08,0,00:00,,0.008713132,0.0,0.6780044
20001_0310_1,16,44783639,2024-05-08,1,01:00,,0.020252679,0.0,0.63473123
20001_0310_1,16,44783639,2024-05-08,2,02:00,,0.0,0.0,0.548185
20001_0310_1,16,44783639,2024-05-08,3,03:00,,0.0,0.0,0.62896144
20001_0310_1,16,44783639,2024-05-08,4,04:00,,0.06641071,0.0,1.0270743
20001_0310_1,16,44783639,2024-05-08,5,05:00,3.6794217427571616,2.0382233,1.1612213,3.1849618
20001_0310_1,16,44783639,2024-05-08,6,06:00,4.362494150797526,2.9253225,1.8622458,4.1831284
20001_0310_1,16,44783639,2024-05-08,7,07:00,1.5168732404708862,2.1666002,1.0602505,3.4099815
20001_0310_1,16,44783639,2024-05-08,8,08:00,1.4890800714492798,1.8745067,0.84388477,3.0536997
20001_0310_1,16,44783639,2024-05-08,9,09:00,1.9247665405273438,1.714937,0.7279487,2.831023
20001_0310_1,16,44783639,2024-05-08,10,10:00,1.2476801077524822,1.6037791,0.58142865,2.736431
20001_0310_1,16,44783639,2024-05-08,11,11:00,1.657907485961914,2.659914,1.5831342,3.8715618
20001_0310_1,16,44783639,2024-05-08,12,12:00,2.0328383445739746,3.09553,1.9653801,4.330257
20001_0310_1,16,44783639,2024-05-08,13,13:00,4.7669267654418945,3.5224917,2.40316,4.8091464
20001_0310_1,16,44783639,2024-05-08,14,14:00,4.492156346638997,1.9401376,0.8929275,3.1503427
20001_0310_1,16,44783639,2024-05-08,15,15:00,0.0,1.8737854,0.9174491,2.9700382
20001_0310_1,16,44783639,2024-05-08,16,16:00,1.1621874570846558,1.2989739,0.39384407,2.3368077
20001_0310_1,16,44783639,2024-05-08,17,17:00,1.3343462944030762,1.8723431,0.9376432,2.9310925
20001_0310_1,16,44783639,2024-05-08,18,18:00,2.176673412322998,2.4839368,1.4983912,3.5946143
20001_0310_1,16,44783639,2024-05-08,19,19:00,2.0186263720194497,2.3512323,1.3602777,3.4965284
20001_0310_1,16,44783639,2024-05-08,20,20:00,1.91695769627889,1.7995,0.8561455,2.9217167
20001_0310_1,16,44783639,2024-05-08,21,21:00,2.151515245437622,1.1915123,0.3866319,2.1853518
20001_0310_1,16,44783639,2024-05-08,22,22:00,5.641558647155762,1.3083497,0.6621373,2.1925638
20001_0310_1,16,44783639,2024-05-08,23,23:00,,0.12987794,0.0,0.8958125
20001_0310_1,16,44783639,2024-05-09,0,00:00,,0.0,0.0,0.57631946
20001_0310_1,16,44783639,2024-05-09,1,01:00,,0.0,0.0,0.5087265
20001_0310_1,16,44783639,2024-05-09,2,02:00,,0.0,0.0,0.50578773
20001_0310_1,16,44783639,2024-05-09,3,03:00,,0.0,0.0,0.61746293
20001_0310_1,16,44783639,2024-05-09,4,04:00,,0.17370057,0.0,1.0465311
20001_0310_1,16,44783639,2024-05-09,5,05:00,5.068965593973796,2.0868747,1.2816371,3.1536674
20001_0310_1,16,44783639,2024-05-09,6,06:00,1.0190589427947998,3.0743194,2.101569,4.2733593
20001_0310_1,16,44783639,2024-05-09,7,07:00,2.544276714324951,2.2000194,1.1934724,3.407876
20001_0310_1,16,44783639,2024-05-09,8,08:00,2.0829858779907227,1.7140114,0.76541436,2.8637345
20001_0310_1,16,44783639,2024-05-09,9,09:00,0.48873523871103924,1.7182361,0.81840503,2.8197436
20001_0310_1,16,44783639,2024-05-09,10,10:00,2.568175474802653,1.648347,0.7295055,2.7661104
20001_0310_1,16,44783639,2024-05-09,11,11:00,0.0,2.583536,1.6120709,3.7972698
20001_0310_1,16,44783639,2024-05-09,12,12:00,1.4301776885986328,3.124279,2.1015685,4.376218
20001_0310_1,16,44783639,2024-05-09,13,13:00,7.440861701965332,3.6062465,2.580597,4.9345946
20001_0310_1,16,44783639,2024-05-09,14,14:00,4.616598129272461,2.020751,1.0707765,3.2557917
20001_0310_1,16,44783639,2024-05-09,15,15:00,2.6861259937286377,1.9737298,1.1045729,3.102973
20001_0310_1,16,44783639,2024-05-09,16,16:00,0.9899130463600159,1.22433,0.38603058,2.293327
20001_0310_1,16,44783639,2024-05-09,17,17:00,2.901616414388021,1.6590003,0.7685368,2.7698758
20001_0310_1,16,44783639,2024-05-09,18,18:00,1.567326545715332,2.4777381,1.5112327,3.64739
20001_0310_1,16,44783639,2024-05-09,19,19:00,3.0318984985351562,2.3322666,1.333801,3.562164
20001_0310_1,16,44783639,2024-05-09,20,20:00,2.3511180877685547,1.9825463,1.0156734,3.1698313
20001_0310_1,16,44783639,2024-05-09,21,21:00,0.7760416865348816,1.3646588,0.5072571,2.4277785
20001_0310_1,16,44783639,2024-05-09,22,22:00,1.3154000043869019,1.6506431,0.9414684,2.5754542
20001_0310_1,16,44783639,2024-05-09,23,23:00,,0.24129355,0.0,1.0524088
20001_0310_1,16,44783639,2024-05-10,0,00:00,,0.0,0.0,0.45952928
20001_0310_1,16,44783639,2024-05-10,1,01:00,,0.0,0.0,0.45353556
20001_0310_1,16,44783639,2024-05-10,2,02:00,,0.0,0.0,0.48350376
20001_0310_1,16,44783639,2024-05-10,3,03:00,,0.0,0.0,0.5644182
20001_0310_1,16,44783639,2024-05-10,4,04:00,,0.060951352,0.0,0.94201803
20001_0310_1,16,44783639,2024-05-10,5,05:00,1.7884140014648438,2.1557324,1.3346024,3.2660563
20001_0310_1,16,44783639,2024-05-10,6,06:00,2.5439327557881675,2.913929,1.8968813,4.211554
20001_0310_1,16,44783639,2024-05-10,7,07:00,2.424050712585449,2.0868053,1.0079482,3.435377
20001_0310_1,16,44783639,2024-05-10,8,08:00,2.665955066680908,1.7187577,0.6995561,2.9831371
20001_0310_1,16,44783639,2024-05-10,9,09:00,3.2440805435180664,1.6519848,0.6817627,2.89342
20001_0310_1,16,44783639,2024-05-10,10,10:00,2.237441062927246,1.6340038,0.626649,2.9222171
20001_0310_1,16,44783639,2024-05-10,11,11:00,0.7963085174560547,2.340037,1.2529386,3.7815099
20001_0310_1,16,44783639,2024-05-10,12,12:00,4.961960315704346,3.0487864,1.8800248,4.5382094
20001_0310_1,16,44783639,2024-05-10,13,13:00,6.320616245269775,3.7710214,2.593269,5.305396
20001_0310_1,16,44783639,2024-05-10,14,14:00,2.9499382972717285,2.2231607,1.1263229,3.640659
20001_0310_1,16,44783639,2024-05-10,15,15:00,2.152693748474121,2.005891,1.0221832,3.269802
20001_0310_1,16,44783639,2024-05-10,16,16:00,3.246501922607422,1.2724181,0.33591017,2.4202023
20001_0310_1,16,44783639,2024-05-10,17,17:00,2.5999999046325684,1.7262499,0.7526562,2.892389
20001_0310_1,16,44783639,2024-05-10,18,18:00,2.640619913736979,2.5303354,1.4896878,3.7470462
20001_0310_1,16,44783639,2024-05-10,19,19:00,1.3800935745239258,2.4179544,1.3570783,3.6616368
20001_0310_1,16,44783639,2024-05-10,20,20:00,1.372093677520752,2.0673258,1.0678847,3.248075
20001_0310_1,16,44783639,2024-05-10,21,21:00,2.4252634048461914,1.3892944,0.51759267,2.4100878
20001_0310_1,16,44783639,2024-05-10,22,22:00,1.0463545322418213,1.491561,0.8019165,2.354272
20001_0310_1,16,44783639,2024-05-10,23,23:00,,0.16883714,0.0,0.90605617
20001_0310_1,16,44783639,2024-05-11,0,00:00,,0.0,0.0,0.4055387
20001_0310_1,16,44783639,2024-05-11,1,01:00,,0.04423093,0.0,0.46428782
20001_0310_1,16,44783639,2024-05-11,2,02:00,,0.0,0.0,0.4525381
20001_0310_1,16,44783639,2024-05-11,3,03:00,,0.0,0.0,0.45253804
20001_0310_1,16,44783639,2024-05-11,4,04:00,,0.09123033,0.0,0.9093132
20001_0310_1,16,44783639,2024-05-11,5,05:00,,2.0578604,1.2375746,3.0815656
20001_0310_1,16,44783639,2024-05-11,6,06:00,,2.632134,1.644229,3.8482428
20001_0310_1,16,44783639,2024-05-11,7,07:00,,1.9282452,0.88434476,3.2034702
20001_0310_1,16,44783639,2024-05-11,8,08:00,,1.7753136,0.7725377,3.010883
20001_0310_1,16,44783639,2024-05-11,9,09:00,,1.747683,0.78694963,2.9665456
20001_0310_1,16,44783639,2024-05-11,10,10:00,,1.5906206,0.6113445,2.8438148
20001_0310_1,16,44783639,2024-05-11,11,11:00,,2.0806258,1.0194681,3.476654
20001_0310_1,16,44783639,2024-05-11,12,12:00,,3.116815,1.9741426,4.5679207
20001_0310_1,16,44783639,2024-05-11,13,13:00,,4.0685525,2.9111931,5.5784082
20001_0310_1,16,44783639,2024-05-11,14,14:00,,2.410356,1.3007302,3.7938998
20001_0310_1,16,44783639,2024-05-11,15,15:00,,1.9969083,0.99890584,3.2372513
20001_0310_1,16,44783639,2024-05-11,16,16:00,,1.4215331,0.49109232,2.5620024
20001_0310_1,16,44783639,2024-05-11,17,17:00,,1.8206606,0.88140744,2.9390988
20001_0310_1,16,44783639,2024-05-11,18,18:00,,2.4294496,1.4461346,3.5735905
20001_0310_1,16,44783639,2024-05-11,19,19:00,,2.3046072,1.3183548,3.4604983
20001_0310_1,16,44783639,2024-05-11,20,20:00,0.0,2.0887039,1.1663413,3.1887832
20001_0310_1,16,44783639,2024-05-11,21,21:00,,1.5034149,0.6956129,2.4522147
20001_0310_1,16,44783639,2024-05-11,22,22:00,,1.5342581,0.8887509,2.3413253
20001_0310_1,16,44783639,2024-05-11,23,23:00,,0.2057913,0.0,0.899032
20001_0310_1,16,44783639,2024-05-12,0,00:00,,0.0,0.0,0.41562593
20001_0310_1,16,44783639,2024-05-12,1,01:00,,0.047666058,0.0,0.49675095
20001_0310_1,16,44783639,2024-05-12,2,02:00,,0.0,0.0,0.44749647
20001_0310_1,16,44783639,2024-05-12,3,03:00,,0.0,0.0,0.4851616
20001_0310_1,16,44783639,2024-05-12,4,04:00,,0.0,0.0,0.80531573
20001_0310_1,16,44783639,2024-05-12,5,05:00,,2.0670993,1.1645837,3.1188269
20001_0310_1,16,44783639,2024-05-12,6,06:00,,2.9623716,1.91499,4.147376
20001_0310_1,16,44783639,2024-05-12,7,07:00,,1.6694417,0.58729225,2.8587923
20001_0310_1,16,44783639,2024-05-12,8,08:00,,1.2812006,0.25554883,2.3908749
20001_0310_1,16,44783639,2024-05-12,9,09:00,,1.4764078,0.49584556,2.5529437
20001_0310_1,16,44783639,2024-05-12,10,10:00,,1.4072342,0.40620947,2.4980757
20001_0310_1,16,44783639,2024-05-12,11,11:00,,2.070721,1.0066795,3.2607956
20001_0310_1,16,44783639,2024-05-12,12,12:00,,3.1825683,2.0642018,4.4226217
20001_0310_1,16,44783639,2024-05-12,13,13:00,,3.785211,2.6726394,5.071622
20001_0310_1,16,44783639,2024-05-12,14,14:00,,1.9866985,0.9356952,3.1811194
20001_0310_1,16,44783639,2024-05-12,15,15:00,,1.6882744,0.7308907,2.7879891
20001_0310_1,16,44783639,2024-05-12,16,16:00,,0.92265725,0.004206218,1.9454116
20001_0310_1,16,44783639,2024-05-12,17,17:00,,1.3905747,0.45292908,2.4115183
20001_0310_1,16,44783639,2024-05-12,18,18:00,,2.2699118,1.3007578,3.3317802
20001_0310_1,16,44783639,2024-05-12,19,19:00,,2.1685054,1.2065946,3.2332714
20001_0310_1,16,44783639,2024-05-12,20,20:00,,1.5568084,0.6400777,2.604462
20001_0310_1,16,44783639,2024-05-12,21,21:00,,1.3315417,0.5072537,2.277517
20001_0310_1,16,44783639,2024-05-12,22,22:00,,1.3978179,0.70608246,2.2445602
20001_0310_1,16,44783639,2024-05-12,23,23:00,,0.114304475,0.0,0.8878894
20001_0310_1,16,44783639,2024-05-13,0,00:00,,0.0,0.0,0.39120236
20001_0310_1,16,44783639,2024-05-13,1,01:00,,0.04912827,0.0,0.43758532
20001_0310_1,16,44783639,2024-05-13,2,02:00,,0.0,0.0,0.3941013
20001_0310_1,16,44783639,2024-05-13,3,03:00,,0.0,0.0,0.33902162
20001_0310_1,16,44783639,2024-05-13,4,04:00,,0.0,0.0,0.7013882
20001_0310_1,16,44783639,2024-05-13,5,05:00,2.8462982177734375,1.9457549,1.1594193,2.790069
20001_0310_1,16,44783639,2024-05-13,6,06:00,1.3493582407633464,2.9828482,2.0667853,3.9279003
20001_0310_1,16,44783639,2024-05-13,7,07:00,1.7918376922607422,2.2175298,1.2884219,3.1480875
20001_0310_1,16,44783639,2024-05-13,8,08:00,2.362446975708008,1.8892258,0.9949051,2.793693
20001_0310_1,16,44783639,2024-05-13,9,09:00,1.3522040049235027,1.6378793,0.78187877,2.532834
20001_0310_1,16,44783639,2024-05-13,10,10:00,2.5526695251464844,1.4246718,0.5346995,2.3755217
20001_0310_1,16,44783639,2024-05-13,11,11:00,1.4467902183532715,2.003009,1.0586815,3.0473495
20001_0310_1,16,44783639,2024-05-13,12,12:00,3.589991251627604,3.1219969,2.1131687,4.2409854
20001_0310_1,16,44783639,2024-05-13,13,13:00,1.2901313304901123,3.76556,2.7567313,4.9367294
20001_0310_1,16,44783639,2024-05-13,14,14:00,1.31836732228597,1.8645849,0.8956166,2.9929943
20001_0310_1,16,44783639,2024-05-13,15,15:00,1.9332821369171143,1.5683501,0.6610747,2.623652
20001_0310_1,16,44783639,2024-05-13,16,16:00,2.7689523696899414,0.93765116,0.06362291,1.934884
20001_0310_1,16,44783639,2024-05-13,17,17:00,2.0263832410176597,1.3014672,0.40134877,2.3175433
20001_0310_1,16,44783639,2024-05-13,18,18:00,2.9612534046173096,2.1638997,1.2217466,3.2263584
20001_0310_1,16,44783639,2024-05-13,19,19:00,1.5631836652755737,2.1378093,1.1971056,3.2191112
20001_0310_1,16,44783639,2024-05-13,20,20:00,1.6284270286560059,1.5174377,0.6117023,2.5539873
20001_0310_1,16,44783639,2024-05-13,21,21:00,0.0,1.3333554,0.53397477,2.2399967
20001_0310_1,16,44783639,2024-05-13,22,22:00,1.175438642501831,1.5172565,0.8617353,2.318449
20001_0310_1,16,44783639,2024-05-13,23,23:00,,0.072319746,0.0,0.7593668
20001_0310_1,16,44783639,2024-05-14,0,00:00,,0.0,0.0,0.4965747
20001_0310_1,16,44783639,2024-05-14,1,01:00,,0.02132769,0.0,0.5311381
20001_0310_1,16,44783639,2024-05-14,2,02:00,,0.015567124,0.0,0.57146215
20001_0310_1,16,44783639,2024-05-14,3,03:00,,0.0,0.0,0.5080958
20001_0310_1,16,44783639,2024-05-14,4,04:00,,0.0,0.0,0.8148461
20001_0310_1,16,44783639,2024-05-14,5,05:00,2.22689151763916,1.8697504,1.0395083,2.8972921
20001_0310_1,16,44783639,2024-05-14,6,06:00,2.285402774810791,2.460929,1.4987339,3.624564
20001_0310_1,16,44783639,2024-05-14,7,07:00,1.8596038818359375,1.9460781,0.93725836,3.1305954
20001_0310_1,16,44783639,2024-05-14,8,08:00,2.7459856033325196,1.7016138,0.732398,2.8868513
20001_0310_1,16,44783639,2024-05-14,9,09:00,2.8531992435455322,1.5881126,0.621102,2.8014777
20001_0310_1,16,44783639,2024-05-14,10,10:00,3.2605581283569336,1.5471586,0.514824,2.8276927
20001_0310_1,16,44783639,2024-05-14,11,11:00,1.0296016931533813,1.945358,0.83644843,3.3581378
20001_0310_1,16,44783639,2024-05-14,12,12:00,3.0790980656941733,3.1032324,1.9431978,4.554896
20001_0310_1,16,44783639,2024-05-14,13,13:00,4.753790855407715,3.846346,2.6913517,5.3268123
20001_0310_1,16,44783639,2024-05-14,14,14:00,3.488356590270996,2.1959426,1.1179961,3.575599
20001_0310_1,16,44783639,2024-05-14,15,15:00,0.6370989680290222,1.7599397,0.761921,3.020064
20001_0310_1,16,44783639,2024-05-14,16,16:00,1.8712472915649414,1.4009842,0.4782129,2.5865815
20001_0310_1,16,44783639,2024-05-14,17,17:00,2.9109013875325522,1.7484186,0.80476534,2.9246547
20001_0310_1,16,44783639,2024-05-14,18,18:00,1.5400249481201171,2.3687596,1.3995439,3.5640776
20001_0310_1,16,44783639,2024-05-14,19,19:00,0.8764472007751465,2.079291,1.1215966,3.2875705
20001_0310_1,16,44783639,2024-05-14,20,20:00,1.125,1.5573295,0.63365805,2.6815403
20001_0310_1,16,44783639,2024-05-14,21,21:00,0.0,1.418626,0.5869436,2.4173646
20001_0310_1,16,44783639,2024-05-14,22,22:00,1.4848484992980957,1.5607048,0.85688025,2.4381566
20001_0310_1,16,44783639,2024-05-14,23,23:00,,0.1768631,0.0,0.95453995
20001_0310_1,16,44783639,2024-05-15,0,00:00,,0.0,0.0,0.5136684
20001_0310_1,16,44783639,2024-05-15,1,01:00,,0.06495775,0.0,0.58557713
20001_0310_1,16,44783639,2024-05-15,2,02:00,,0.059205033,0.0,0.65460956
20001_0310_1,16,44783639,2024-05-15,3,03:00,,0.0,0.0,0.58270085
20001_0310_1,16,44783639,2024-05-15,4,04:00,,0.12248478,0.0,1.0414788
20001_0310_1,16,44783639,2024-05-15,5,05:00,2.808931350708008,2.1100428,1.2068689,3.2289429
20001_0310_1,16,44783639,2024-05-15,6,06:00,2.892354965209961,2.414936,1.3650683,3.6431377
20001_0310_1,16,44783639,2024-05-15,7,07:00,1.6827813386917114,1.7526565,0.67762035,2.998835
20001_0310_1,16,44783639,2024-05-15,8,08:00,1.39104429880778,1.8321155,0.8110112,3.0718224
20001_0310_1,16,44783639,2024-05-15,9,09:00,2.0562596321105957,1.7600272,0.76085484,3.0044081
20001_0310_1,16,44783639,2024-05-15,10,10:00,2.8495140075683594,1.6837139,0.6336662,2.9980261
20001_0310_1,16,44783639,2024-05-15,11,11:00,2.5044431686401367,1.864115,0.72615874,3.2947395
20001_0310_1,16,44783639,2024-05-15,12,12:00,2.0971199671427407,3.1599107,1.9496863,4.641231
20001_0310_1,16,44783639,2024-05-15,13,13:00,2.6173362731933594,4.0113106,2.7888613,5.530023
20001_0310_1,16,44783639,2024-05-15,14,14:00,1.733125925064087,2.3128254,1.149342,3.726552
20001_0310_1,16,44783639,2024-05-15,15,15:00,3.4048666954040527,1.7814199,0.71609145,3.077575
20001_0310_1,16,44783639,2024-05-15,16,16:00,0.9445012410481771,1.4603474,0.4744782,2.6662574
20001_0310_1,16,44783639,2024-05-15,17,17:00,3.496549924214681,1.8691486,0.8818413,3.043419
20001_0310_1,16,44783639,2024-05-15,18,18:00,2.9027530670166017,2.226535,1.2413852,3.398648
20001_0310_1,16,44783639,2024-05-15,19,19:00,1.34114408493042,1.903665,0.9523119,3.0606768
20001_0310_1,16,44783639,2024-05-15,20,20:00,1.0194098949432373,1.3341473,0.44966957,2.408464
20001_0310_1,16,44783639,2024-05-15,21,21:00,1.8760528564453125,1.1852963,0.420187,2.137368
20001_0310_1,16,44783639,2024-05-15,22,22:00,1.1637426614761353,1.4643023,0.8137079,2.2964666
20001_0310_1,16,44783639,2024-05-15,23,23:00,,0.047699675,0.0,0.78116906
20001_0310_1,16,44783639,2024-05-16,0,00:00,,0.0,0.0,0.48483086
20001_0310_1,16,44783639,2024-05-16,1,01:00,,0.0,0.0,0.4291042
20001_0310_1,16,44783639,2024-05-16,2,02:00,,0.02309579,0.0,0.5405575
20001_0310_1,16,44783639,2024-05-16,3,03:00,,0.0,0.0,0.57240134
20001_0310_1,16,44783639,2024-05-16,4,04:00,,0.060246836,0.0,0.816537
20001_0310_1,16,44783639,2024-05-16,5,05:00,3.796717643737793,2.3039076,1.5093056,3.204822
20001_0310_1,16,44783639,2024-05-16,6,06:00,2.226440191268921,2.6581697,1.7731777,3.6453276
20001_0310_1,16,44783639,2024-05-16,7,07:00,1.8562638759613037,1.802368,0.92002946,2.824023
20001_0310_1,16,44783639,2024-05-16,8,08:00,0.8739454746246338,1.6975489,0.84572726,2.682053
20001_0310_1,16,44783639,2024-05-16,9,09:00,1.1193929672241212,1.8726898,1.046078,2.8518865
20001_0310_1,16,44783639,2024-05-16,10,10:00,0.3987470865249634,1.8262509,0.96713173,2.859184
20001_0310_1,16,44783639,2024-05-16,11,11:00,2.571042537689209,1.9343871,1.0188779,3.0648415
20001_0310_1,16,44783639,2024-05-16,12,12:00,5.063109715779622,3.0668318,2.0770204,4.2423987
20001_0310_1,16,44783639,2024-05-16,13,13:00,3.3071486155192056,3.780664,2.7775843,5.017265
20001_0310_1,16,44783639,2024-05-16,14,14:00,5.855120658874512,2.2123568,1.2225455,3.401192
20001_0310_1,16,44783639,2024-05-16,15,15:00,2.232628345489502,1.8255874,0.894488,2.9550471
20001_0310_1,16,44783639,2024-05-16,16,16:00,1.2728428840637207,1.4328473,0.5581378,2.4953022
20001_0310_1,16,44783639,2024-05-16,17,17:00,4.301607131958008,1.9629139,1.0712875,2.9912033
20001_0310_1,16,44783639,2024-05-16,18,18:00,0.9730581045150757,2.4273026,1.5431395,3.4595723
20001_0310_1,16,44783639,2024-05-16,19,19:00,2.259487533569336,1.9867966,1.1110922,3.005798
20001_0310_1,16,44783639,2024-05-16,20,20:00,1.1783509254455566,1.3267013,0.49212843,2.2780347
20001_0310_1,16,44783639,2024-05-16,21,21:00,1.8255687952041626,1.1907017,0.44502607,2.0531378
20001_0310_1,16,44783639,2024-05-16,22,22:00,2.834319591522217,1.4560667,0.81255656,2.233586
20001_0310_1,16,44783639,2024-05-16,23,23:00,,0.076168805,0.0,0.7581569
20001_0310_1,16,44783639,2024-05-17,0,00:00,,0.0,0.0,0.5342512
20001_0310_1,16,44783639,2024-05-17,1,01:00,,0.0,0.0,0.49613285
20001_0310_1,16,44783639,2024-05-17,2,02:00,,0.0,0.0,0.54241943
20001_0310_1,16,44783639,2024-05-17,3,03:00,,0.0,0.0,0.5887061
20001_0310_1,16,44783639,2024-05-17,4,04:00,,0.104057655,0.0,1.0134542
20001_0310_1,16,44783639,2024-05-17,5,05:00,3.3837413787841797,2.2631938,1.3953192,3.3427622
20001_0310_1,16,44783639,2024-05-17,6,06:00,2.543330510457357,2.6171505,1.6317723,3.8206034
20001_0310_1,16,44783639,2024-05-17,7,07:00,1.622284173965454,1.7727596,0.78099996,3.0190957
20001_0310_1,16,44783639,2024-05-17,8,08:00,2.6088016033172607,1.7737805,0.82082003,2.9908469
20001_0310_1,16,44783639,2024-05-17,9,09:00,1.9759801228841145,1.8765641,0.95559585,3.088866
20001_0310_1,16,44783639,2024-05-17,10,10:00,1.4874194463094075,1.8180251,0.8589384,3.0943115
20001_0310_1,16,44783639,2024-05-17,11,11:00,1.992323398590088,2.069879,1.0474886,3.468008
20001_0310_1,16,44783639,2024-05-17,12,12:00,0.0,3.5619428,2.4864588,5.0049973
20001_0310_1,16,44783639,2024-05-17,13,13:00,4.0087627410888675,4.052037,2.9738302,5.5441003
20001_0310_1,16,44783639,2024-05-17,14,14:00,0.699999988079071,2.6171505,1.577828,4.041146
20001_0310_1,16,44783639,2024-05-17,15,15:00,2.8989968299865723,2.08077,1.1278094,3.4230828
20001_0310_1,16,44783639,2024-05-17,16,16:00,2.575805981953939,1.5917821,0.69123435,2.844925
20001_0310_1,16,44783639,2024-05-17,17,17:00,3.1780570348103843,2.0440128,1.1182798,3.2624407
20001_0310_1,16,44783639,2024-05-17,18,18:00,0.6402720212936401,2.5109634,1.57502,3.7225845
20001_0310_1,16,44783639,2024-05-17,19,19:00,3.008915583292643,2.0780473,1.1604824,3.2719707
20001_0310_1,16,44783639,2024-05-17,20,20:00,0.5463850838797433,1.4541984,0.6006181,2.5746076
20001_0310_1,16,44783639,2024-05-17,21,21:00,0.5526483654975891,1.2748377,0.52608305,2.2591097
20001_0310_1,16,44783639,2024-05-17,22,22:00,0.0,1.3987225,0.75275147,2.2665973
20001_0310_1,16,44783639,2024-05-17,23,23:00,,0.104057655,0.0,0.866426
20001_0310_1,16,44783639,2024-05-18,0,00:00,,0.0,0.0,0.45680103
20001_0310_1,16,44783639,2024-05-18,1,01:00,,0.004693022,0.0,0.5499627
20001_0310_1,16,44783639,2024-05-18,2,02:00,,0.0,0.0,0.57462317
20001_0310_1,16,44783639,2024-05-18,3,03:00,,0.0,0.0,0.69518524
20001_0310_1,16,44783639,2024-05-18,4,04:00,,0.14169547,0.0,1.0993422
20001_0310_1,16,44783639,2024-05-18,5,05:00,,2.1844018,1.2870356,3.3023417
20001_0310_1,16,44783639,2024-05-18,6,06:00,,2.4926572,1.4826068,3.736639
20001_0310_1,16,44783639,2024-05-18,7,07:00,,1.5334688,0.5233758,2.8167965
20001_0310_1,16,44783639,2024-05-18,8,08:00,,1.451781,0.47666633,2.6659648
20001_0310_1,16,44783639,2024-05-18,9,09:00,,1.700783,0.75272626,2.9118845
20001_0310_1,16,44783639,2024-05-18,10,10:00,,1.6016275,0.58678216,2.888423
20001_0310_1,16,44783639,2024-05-18,11,11:00,,1.8189474,0.7342309,3.2495952
20001_0310_1,16,44783639,2024-05-18,12,12:00,,2.9968262,1.866556,4.479192
20001_0310_1,16,44783639,2024-05-18,13,13:00,,3.396873,2.254273,4.9641805
20001_0310_1,16,44783639,2024-05-18,14,14:00,,2.2268724,1.0979724,3.7078683
20001_0310_1,16,44783639,2024-05-18,15,15:00,,1.8295653,0.7554664,3.2653506
20001_0310_1,16,44783639,2024-05-18,16,16:00,1.5194804668426514,1.2822406,0.2280071,2.6639102
20001_0310_1,16,44783639,2024-05-18,17,17:00,,1.6903366,0.5854121,3.067896
20001_0310_1,16,44783639,2024-05-18,18,18:00,,2.1775515,1.0541317,3.5667562
20001_0310_1,16,44783639,2024-05-18,19,19:00,,1.8823112,0.80067724,3.2146597
20001_0310_1,16,44783639,2024-05-18,20,20:00,,1.1418132,0.170466,2.4008656
20001_0310_1,16,44783639,2024-05-18,21,21:00,,1.017141,0.19375643,2.1117902
20001_0310_1,16,44783639,2024-05-18,22,22:00,,1.1116725,0.43899065,2.0706894
20001_0310_1,16,44783639,2024-05-18,23,23:00,,0.070454225,0.0,0.91438913
20001_0310_1,16,44783639,2024-05-19,0,00:00,,0.0,0.0,0.48024794
20001_0310_1,16,44783639,2024-05-19,1,01:00,,0.0,0.0,0.48297828
20001_0310_1,16,44783639,2024-05-19,2,02:00,,0.0,0.0,0.50755113
20001_0310_1,16,44783639,2024-05-19,3,03:00,,0.0,0.0,0.6904821
20001_0310_1,16,44783639,2024-05-19,4,04:00,,0.14988013,0.0,1.1164109
20001_0310_1,16,44783639,2024-05-19,5,05:00,,2.3696244,1.4646112,3.5190861
20001_0310_1,16,44783639,2024-05-19,6,06:00,,2.5170612,1.4716076,3.7784657
20001_0310_1,16,44783639,2024-05-19,7,07:00,,1.3829577,0.33383504,2.6546006
20001_0310_1,16,44783639,2024-05-19,8,08:00,,1.4030937,0.4160855,2.624909
20001_0310_1,16,44783639,2024-05-19,9,09:00,,1.7245879,0.77034366,2.92183
20001_0310_1,16,44783639,2024-05-19,10,10:00,,1.6322695,0.62887955,2.9004993
20001_0310_1,16,44783639,2024-05-19,11,11:00,,1.8556432,0.7560096,3.2760882
20001_0310_1,16,44783639,2024-05-19,12,12:00,,2.8965747,1.7389221,4.3709435
20001_0310_1,16,44783639,2024-05-19,13,13:00,,3.2023697,2.0051277,4.7531877
20001_0310_1,16,44783639,2024-05-19,14,14:00,,2.1198008,0.94030565,3.5846136
20001_0310_1,16,44783639,2024-05-19,15,15:00,,1.8433566,0.74167544,3.2399116
20001_0310_1,16,44783639,2024-05-19,16,16:00,,1.4658909,0.41796267,2.7796836
20001_0310_1,16,44783639,2024-05-19,17,17:00,,1.7303898,0.6771717,3.0115893
20001_0310_1,16,44783639,2024-05-19,18,18:00,,2.1703115,1.1232367,3.4412723
20001_0310_1,16,44783639,2024-05-19,19,19:00,,1.9791896,0.98808616,3.2010045
20001_0310_1,16,44783639,2024-05-19,20,20:00,,1.3819337,0.46762034,2.5317369
20001_0310_1,16,44783639,2024-05-19,21,21:00,,1.1409837,0.35738394,2.1607556
20001_0310_1,16,44783639,2024-05-19,22,22:00,,1.3355185,0.68706924,2.2529037
20001_0310_1,16,44783639,2024-05-19,23,23:00,,0.1962955,0.0,0.9908165
20001_0310_1,16,44783639,2024-05-20,0,00:00,,0.0,0.0,0.45219624
20001_0310_1,16,44783639,2024-05-20,1,01:00,,0.011947954,0.0,0.48500967
20001_0310_1,16,44783639,2024-05-20,2,02:00,,0.0,0.0,0.5096199
20001_0310_1,16,44783639,2024-05-20,3,03:00,,0.0,0.0,0.54790235
20001_0310_1,16,44783639,2024-05-20,4,04:00,,0.028354736,0.0,0.9143202
20001_0310_1,16,44783639,2024-05-20,5,05:00,2.6509130795796714,2.31163,1.3921673,3.3890078
20001_0310_1,16,44783639,2024-05-20,6,06:00,2.153510332107544,2.4155393,1.3367943,3.5940921
20001_0310_1,16,44783639,2024-05-20,7,07:00,2.2150790691375732,1.6181021,0.5144908,2.792297
20001_0310_1,16,44783639,2024-05-20,8,08:00,3.290757656097412,1.6343379,0.5791778,2.7722158
20001_0310_1,16,44783639,2024-05-20,9,09:00,1.9203245639801025,1.7749916,0.7523034,2.9015896
20001_0310_1,16,44783639,2024-05-20,10,10:00,1.5207101106643677,1.7414947,0.67026955,2.9453413
20001_0310_1,16,44783639,2024-05-20,11,11:00,3.54874587059021,1.8447204,0.68257457,3.1928098
20001_0310_1,16,44783639,2024-05-20,12,12:00,3.6151450475056968,2.675313,1.4673648,4.1054363
20001_0310_1,16,44783639,2024-05-20,13,13:00,1.9381922086079915,3.0909514,1.8481388,4.5894365
20001_0310_1,16,44783639,2024-05-20,14,14:00,2.9841992060343423,2.1721723,0.94986814,3.5995612
20001_0310_1,16,44783639,2024-05-20,15,15:00,0.6714646220207214,1.7862713,0.6302778,3.1377788
20001_0310_1,16,44783639,2024-05-20,16,16:00,0.873397429784139,1.5088944,0.4027195,2.7707627
20001_0310_1,16,44783639,2024-05-20,17,17:00,3.988783518473307,1.7315823,0.61968213,2.971319
20001_0310_1,16,44783639,2024-05-20,18,18:00,1.7688045501708984,2.1079125,1.0004556,3.3479905
20001_0310_1,16,44783639,2024-05-20,19,19:00,2.3629492123921714,1.9602513,0.8739868,3.1681995
20001_0310_1,16,44783639,2024-05-20,20,20:00,1.248257080713908,1.3949015,0.38383466,2.5221834
20001_0310_1,16,44783639,2024-05-20,21,21:00,0.0,1.2034894,0.32846183,2.2043023
20001_0310_1,16,44783639,2024-05-20,22,22:00,0.0,1.3429469,0.6340379,2.2268615
20001_0310_1,16,44783639,2024-05-20,23,23:00,,0.21976699,0.0,0.9676421
20001_0310_1,16,44783639,2024-05-21,0,00:00,,0.0,0.0,0.4967486
20001_0310_1,16,44783639,2024-05-21,1,01:00,,0.0,0.0,0.53798586
20001_0310_1,16,44783639,2024-05-21,2,02:00,,0.0,0.0,0.6039654
20001_0310_1,16,44783639,2024-05-21,3,03:00,,0.0,0.0,0.7001855
20001_0310_1,16,44783639,2024-05-21,4,04:00,,0.08162751,0.0,1.075444
20001_0310_1,16,44783639,2024-05-21,5,05:00,2.023590405782064,2.3111856,1.3988125,3.5043154
20001_0310_1,16,44783639,2024-05-21,6,06:00,2.5060017903645835,2.3469245,1.2685714,3.6775115
20001_0310_1,16,44783639,2024-05-21,7,07:00,0.9019621014595032,1.7221808,0.59846705,3.06995
20001_0310_1,16,44783639,2024-05-21,8,08:00,2.796631336212158,1.8438306,0.79022014,3.1324933
20001_0310_1,16,44783639,2024-05-21,9,09:00,1.777182936668396,1.7895349,0.75929207,3.0919433
20001_0310_1,16,44783639,2024-05-21,10,10:00,1.5,1.7520778,0.6455462,3.1197784
20001_0310_1,16,44783639,2024-05-21,11,11:00,2.995478630065918,1.8891916,0.6809415,3.4025972
20001_0310_1,16,44783639,2024-05-21,12,12:00,3.816444714864095,2.9819772,1.7348958,4.55174
20001_0310_1,16,44783639,2024-05-21,13,13:00,0.8928187489509583,3.2596412,1.9799135,4.8926344
20001_0310_1,16,44783639,2024-05-21,14,14:00,0.382154901822408,2.3015635,1.0630728,3.8355875
20001_0310_1,16,44783639,2024-05-21,15,15:00,1.9665987491607666,1.7929713,0.6259583,3.2513936
20001_0310_1,16,44783639,2024-05-21,16,16:00,1.305187702178955,1.5480394,0.42862108,2.9413414
20001_0310_1,16,44783639,2024-05-21,17,17:00,0.5560634732246399,2.0142777,0.87338173,3.4025972
20001_0310_1,16,44783639,2024-05-21,18,18:00,2.0767650604248047,2.0005322,0.8555125,3.3902261
20001_0310_1,16,44783639,2024-05-21,19,19:00,1.3267705917358399,1.823212,0.70293486,3.1689193
20001_0310_1,16,44783639,2024-05-21,20,20:00,0.26779645681381226,1.2603241,0.24451444,2.5070622
20001_0310_1,16,44783639,2024-05-21,21,21:00,,0.9957188,0.13111214,2.1022503
20001_0310_1,16,44783639,2024-05-21,22,22:00,0.0,1.1565439,0.44863853,2.1311164
20001_0310_1,16,44783639,2024-05-21,23,23:00,,0.12561381,0.0,0.9627291
20001_0310_1,16,44783639,2024-05-22,0,00:00,,0.0,0.0,0.50352395
20001_0310_1,16,44783639,2024-05-22,1,01:00,,0.0,0.0,0.4489604
20001_0310_1,16,44783639,2024-05-22,2,02:00,,0.0,0.0,0.5171649
20001_0310_1,16,44783639,2024-05-22,3,03:00,,0.0,0.0,0.67812747
20001_0310_1,16,44783639,2024-05-22,4,04:00,,0.16522983,0.0,1.1235025
20001_0310_1,16,44783639,2024-05-22,5,05:00,2.549861272176107,2.0476727,1.1446457,3.1976001
20001_0310_1,16,44783639,2024-05-22,6,06:00,3.8536017735799155,2.0469906,0.9543553,3.3142292
20001_0310_1,16,44783639,2024-05-22,7,07:00,1.4967829704284668,1.4660593,0.32772696,2.7421649
20001_0310_1,16,44783639,2024-05-22,8,08:00,1.9675910472869873,1.5097102,0.44196948,2.711814
20001_0310_1,16,44783639,2024-05-22,9,09:00,0.0,1.5681955,0.52944165,2.7774603
20001_0310_1,16,44783639,2024-05-22,10,10:00,1.627908706665039,1.5821774,0.4683986,2.8582826
20001_0310_1,16,44783639,2024-05-22,11,11:00,3.6258959770202637,1.8485159,0.62970227,3.2705789
20001_0310_1,16,44783639,2024-05-22,12,12:00,2.2667250633239746,2.5660267,1.3232561,4.0392427
20001_0310_1,16,44783639,2024-05-22,13,13:00,1.9188742637634277,2.893408,1.6057081,4.437557
20001_0310_1,16,44783639,2024-05-22,14,14:00,3.10922908782959,2.0544932,0.8070339,3.5202072
20001_0310_1,16,44783639,2024-05-22,15,15:00,1.4708315531412761,1.6016155,0.41724515,3.0062864
20001_0310_1,16,44783639,2024-05-22,16,16:00,2.3909645080566406,1.3680154,0.20291281,2.7264776
20001_0310_1,16,44783639,2024-05-22,17,17:00,0.0,1.7107428,0.49380478,3.0883024
20001_0310_1,16,44783639,2024-05-22,18,18:00,4.553570747375488,1.6901109,0.4608962,3.1181414
20001_0310_1,16,44783639,2024-05-22,19,19:00,2.1622081756591798,1.5594995,0.37393558,2.952064
20001_0310_1,16,44783639,2024-05-22,20,20:00,0.0,1.0355186,0.0,2.3218548
20001_0310_1,16,44783639,2024-05-22,21,21:00,1.181300163269043,0.87046385,0.02609275,2.0081143
20001_0310_1,16,44783639,2024-05-22,22,22:00,2.4865736961364746,0.99596006,0.3534741,1.9972016
20001_0310_1,16,44783639,2024-05-22,23,23:00,,0.06701548,0.0,0.9086585
20001_0310_1,16,44783639,2024-05-23,0,00:00,,0.0,0.0,0.560918
20001_0310_1,16,44783639,2024-05-23,1,01:00,,0.0,0.0,0.45050824
20001_0310_1,16,44783639,2024-05-23,2,02:00,,0.0,0.0,0.5689968
20001_0310_1,16,44783639,2024-05-23,3,03:00,,0.0,0.0,0.7278791
20001_0310_1,16,44783639,2024-05-23,4,04:00,,0.16236573,0.0,1.1910613
20001_0310_1,16,44783639,2024-05-23,5,05:00,2.0333334604899087,2.5779157,1.5524175,3.8247375
20001_0310_1,16,44783639,2024-05-23,6,06:00,0.4141302506128947,2.5725298,1.3280637,3.91899
20001_0310_1,16,44783639,2024-05-23,7,07:00,2.5450515747070312,1.5662189,0.26301357,2.899383
20001_0310_1,16,44783639,2024-05-23,8,08:00,3.6556697845458985,1.4643928,0.2283423,2.721987
20001_0310_1,16,44783639,2024-05-23,9,09:00,2.9282824198404946,1.5849009,0.36492392,2.834332
20001_0310_1,16,44783639,2024-05-23,10,10:00,2.2460079193115234,1.780811,0.48013037,3.1111138
20001_0310_1,16,44783639,2024-05-23,11,11:00,1.0390211741129558,2.202253,0.7817374,3.706249
20001_0310_1,16,44783639,2024-05-23,12,12:00,3.3868017196655273,2.860672,1.4176031,4.438723
20001_0310_1,16,44783639,2024-05-23,13,13:00,5.3938889503479,3.0868773,1.5754755,4.72148
20001_0310_1,16,44783639,2024-05-23,14,14:00,2.2692532539367676,2.4082615,0.9567774,3.9620767
20001_0310_1,16,44783639,2024-05-23,15,15:00,2.2562499046325684,2.1335835,0.7561546,3.5971859
20001_0310_1,16,44783639,2024-05-23,16,16:00,4.840953350067139,1.7596041,0.4377169,3.1629527
20001_0310_1,16,44783639,2024-05-23,17,17:00,3.082648277282715,1.9854729,0.63631976,3.3750198
20001_0310_1,16,44783639,2024-05-23,18,18:00,2.3209502696990967,2.28708,0.9581238,3.6900916
20001_0310_1,16,44783639,2024-05-23,19,19:00,1.3599608739217122,2.0568354,0.7952019,3.4181066
20001_0310_1,16,44783639,2024-05-23,20,20:00,0.8590909242630005,1.3001246,0.18054305,2.5745494
20001_0310_1,16,44783639,2024-05-23,21,21:00,1.514488697052002,1.0564153,0.15967289,2.1968672
20001_0310_1,16,44783639,2024-05-23,22,22:00,2.095238208770752,1.0200609,0.3576024,2.0406778
20001_0310_1,16,44783639,2024-05-23,23,23:00,,0.1327436,0.0,0.99851763
20001_0310_1,16,44783639,2024-05-24,0,00:00,,0.018634576,0.0,0.6230507
20001_0310_1,16,44783639,2024-05-24,1,01:00,,0.0,0.0,0.46258622
20001_0310_1,16,44783639,2024-05-24,2,02:00,,0.0,0.0,0.59630656
20001_0310_1,16,44783639,2024-05-24,3,03:00,,0.0,0.0,0.7380502
20001_0310_1,16,44783639,2024-05-24,4,04:00,,0.17909902,0.0,1.1606066
20001_0310_1,16,44783639,2024-05-24,5,05:00,2.220139503479004,2.4844387,1.4960778,3.6745498
20001_0310_1,16,44783639,2024-05-24,6,06:00,0.4344249963760376,2.4951363,1.3190653,3.8136194
20001_0310_1,16,44783639,2024-05-24,7,07:00,4.467217763264974,1.5025965,0.27270317,2.8454838
20001_0310_1,16,44783639,2024-05-24,8,08:00,3.6965667724609377,1.7203937,0.54031116,2.9954176
20001_0310_1,16,44783639,2024-05-24,9,09:00,2.5109497706095376,1.7476391,0.57156825,3.0400467
20001_0310_1,16,44783639,2024-05-24,10,10:00,0.3530864318211873,1.8054732,0.55050737,3.1901476
20001_0310_1,16,44783639,2024-05-24,11,11:00,1.9483367602030437,2.2263582,0.8624102,3.7855377
20001_0310_1,16,44783639,2024-05-24,12,12:00,4.197826385498047,2.9096696,1.5257468,4.5169888
20001_0310_1,16,44783639,2024-05-24,13,13:00,5.546163082122803,3.2279236,1.8318831,4.864661
20001_0310_1,16,44783639,2024-05-24,14,14:00,3.632960001627604,2.369439,1.0215372,3.9072232
20001_0310_1,16,44783639,2024-05-24,15,15:00,6.659090995788574,2.2089746,0.94397956,3.6585035
20001_0310_1,16,44783639,2024-05-24,16,16:00,0.6901863813400269,1.8011272,0.5655508,3.1811213
20001_0310_1,16,44783639,2024-05-24,17,17:00,2.5899503231048584,1.8813597,0.6003182,3.2560053
20001_0310_1,16,44783639,2024-05-24,18,18:00,3.8160083293914795,2.257114,0.9961306,3.629085
20001_0310_1,16,44783639,2024-05-24,19,19:00,1.035643180211385,2.1233935,0.93996793,3.431179
20001_0310_1,16,44783639,2024-05-24,20,20:00,1.2120082378387451,1.3377861,0.29543573,2.5285664
20001_0310_1,16,44783639,2024-05-24,21,21:00,0.7297979593276978,1.0883977,0.25398248,2.1086843
20001_0310_1,16,44783639,2024-05-24,22,22:00,1.1758241653442383,0.9693865,0.3395635,1.8566213
20001_0310_1,16,44783639,2024-05-24,23,23:00,,0.08282037,0.0,0.8263058
20001_0310_1,16,44783639,2024-05-25,0,00:00,,0.0,0.0,0.4936046
20001_0310_1,16,44783639,2024-05-25,1,01:00,,0.0,0.0,0.5070764
20001_0310_1,16,44783639,2024-05-25,2,02:00,,0.0,0.0,0.579824
20001_0310_1,16,44783639,2024-05-25,3,03:00,,0.0,0.0,0.66065437
20001_0310_1,16,44783639,2024-05-25,4,04:00,,0.12717274,0.0,1.1719074
20001_0310_1,16,44783639,2024-05-25,5,05:00,,2.1775744,1.1921153,3.4654741
20001_0310_1,16,44783639,2024-05-25,6,06:00,,2.4039,1.1840322,3.8534608
20001_0310_1,16,44783639,2024-05-25,7,07:00,,1.5915527,0.29018098,3.0599744
20001_0310_1,16,44783639,2024-05-25,8,08:00,,1.7094307,0.4316346,3.1205974
20001_0310_1,16,44783639,2024-05-25,9,09:00,,1.8320237,0.5825182,3.2553148
20001_0310_1,16,44783639,2024-05-25,10,10:00,,1.8933202,0.56635207,3.387338
20001_0310_1,16,44783639,2024-05-25,11,11:00,,2.3634844,0.93682534,4.0178165
20001_0310_1,16,44783639,2024-05-25,12,12:00,,3.0855708,1.6373569,4.772235
20001_0310_1,16,44783639,2024-05-25,13,13:00,,3.1232917,1.6562175,4.8530655
20001_0310_1,16,44783639,2024-05-25,14,14:00,,2.4389265,1.0190032,4.0824814
20001_0310_1,16,44783639,2024-05-25,15,15:00,,2.2072122,0.8775496,3.7605054
20001_0310_1,16,44783639,2024-05-25,16,16:00,,1.8825428,0.5804976,3.3826232
20001_0310_1,16,44783639,2024-05-25,17,17:00,,1.9350826,0.5784767,3.4237118
20001_0310_1,16,44783639,2024-05-25,18,18:00,,2.4039,1.06346,3.8804045
20001_0310_1,16,44783639,2024-05-25,19,19:00,,2.0186076,0.7872888,3.427753
20001_0310_1,16,44783639,2024-05-25,20,20:00,,1.2958477,0.22349584,2.6053023
20001_0310_1,16,44783639,2024-05-25,21,21:00,,0.9691577,0.11774263,2.099438
20001_0310_1,16,44783639,2024-05-25,22,22:00,,0.7899833,0.16489372,1.7862197
20001_0310_1,16,44783639,2024-05-25,23,23:00,,0.03556485,0.0,0.8667722
20001_0310_1,16,44783639,2024-05-26,0,00:00,,0.0,0.0,0.45610183
20001_0310_1,16,44783639,2024-05-26,1,01:00,,0.0,0.0,0.43506253
20001_0310_1,16,44783639,2024-05-26,2,02:00,,0.0,0.0,0.46925128
20001_0310_1,16,44783639,2024-05-26,3,03:00,,0.0,0.0,0.49555022
20001_0310_1,16,44783639,2024-05-26,4,04:00,,0.17733234,0.0,1.1609151
20001_0310_1,16,44783639,2024-05-26,5,05:00,,2.2523239,1.2891227,3.4555035
20001_0310_1,16,44783639,2024-05-26,6,06:00,,2.4180074,1.2240328,3.748737
20001_0310_1,16,44783639,2024-05-26,7,07:00,,1.5103632,0.23223157,2.8358326
20001_0310_1,16,44783639,2024-05-26,8,08:00,,1.5560576,0.34005725,2.7937543
20001_0310_1,16,44783639,2024-05-26,9,09:00,,1.6622399,0.4853595,2.875939
20001_0310_1,16,44783639,2024-05-26,10,10:00,,1.7960361,0.5764196,3.0564156
20001_0310_1,16,44783639,2024-05-26,11,11:00,,2.2996619,0.975507,3.7066586
20001_0310_1,16,44783639,2024-05-26,12,12:00,,2.9124289,1.569207,4.364134
20001_0310_1,16,44783639,2024-05-26,13,13:00,,2.954507,1.5682212,4.427252
20001_0310_1,16,44783639,2024-05-26,14,14:00,,2.3470001,0.9912866,3.7776659
20001_0310_1,16,44783639,2024-05-26,15,15:00,,1.9972235,0.68884796,3.347677
20001_0310_1,16,44783639,2024-05-26,16,16:00,,1.6117789,0.29978716,2.9296873
20001_0310_1,16,44783639,2024-05-26,17,17:00,,1.7644773,0.40284622,3.0564158
20001_0310_1,16,44783639,2024-05-26,18,18:00,,2.3312209,0.9912866,3.6382813
20001_0310_1,16,44783639,2024-05-26,19,19:00,,2.0471914,0.819028,3.3042839
20001_0310_1,16,44783639,2024-05-26,20,20:00,,1.355199,0.28745937,2.5018356
20001_0310_1,16,44783639,2024-05-26,21,21:00,,1.02942,0.18785194,2.0182626
20001_0310_1,16,44783639,2024-05-26,22,22:00,,0.78746927,0.210206,1.6474468
20001_0310_1,16,44783639,2024-05-26,23,23:00,,0.16155295,0.0,0.872941
20001_0310_1,16,44783639,2024-05-27,0,00:00,,0.0,0.0,0.40154538
20001_0310_1,16,44783639,2024-05-27,1,01:00,,0.0,0.0,0.34633446
20001_0310_1,16,44783639,2024-05-27,2,02:00,,0.0,0.0,0.4041746
20001_0310_1,16,44783639,2024-05-27,3,03:00,,0.0,0.0,0.50145113
20001_0310_1,16,44783639,2024-05-27,4,04:00,,0.17281434,0.0,1.1337479
20001_0310_1,16,44783639,2024-05-27,5,05:00,2.2694642543792725,2.1446342,1.1219169,3.3382428
20001_0310_1,16,44783639,2024-05-27,6,06:00,2.9078384399414063,2.2944927,1.0561898,3.6248138
20001_0310_1,16,44783639,2024-05-27,7,07:00,5.640204111735026,1.6901298,0.3841277,3.0184793
20001_0310_1,16,44783639,2024-05-27,8,08:00,2.4557223320007324,1.785763,0.5316855,3.0529857
20001_0310_1,16,44783639,2024-05-27,9,09:00,0.5183688004811605,1.7673594,0.527742,3.0227516
20001_0310_1,16,44783639,2024-05-27,10,10:00,5.31288480758667,1.8777813,0.5960983,3.1989005
20001_0310_1,16,44783639,2024-05-27,11,11:00,2.952862024307251,2.4364636,1.0555325,3.906127
20001_0310_1,16,44783639,2024-05-27,12,12:00,2.1687841415405273,2.901813,1.4916332,4.4293165
20001_0310_1,16,44783639,2024-05-27,13,13:00,3.465592384338379,2.8886678,1.4365867,4.4477205
20001_0310_1,16,44783639,2024-05-27,14,14:00,1.8859378099441528,2.3260417,0.91947687,3.8114798
20001_0310_1,16,44783639,2024-05-27,15,15:00,2.616512139638265,2.0460432,0.6960039,3.4434063
20001_0310_1,16,44783639,2024-05-27,16,16:00,2.2209293842315674,1.6102711,0.28718,2.937306
20001_0310_1,16,44783639,2024-05-27,17,17:00,4.328590393066406,1.7302235,0.3880713,3.0513427
20001_0310_1,16,44783639,2024-05-27,18,18:00,0.7540681958198547,2.2866054,0.97074425,3.5958939
20001_0310_1,16,44783639,2024-05-27,19,19:00,1.9964523315429688,1.9487668,0.7157221,3.2028444
20001_0310_1,16,44783639,2024-05-27,20,20:00,2.4899094104766846,1.3158127,0.22473894,2.4594686
20001_0310_1,16,44783639,2024-05-27,21,21:00,0.8410411477088928,1.0719643,0.19647615,2.067076
20001_0310_1,16,44783639,2024-05-27,22,22:00,0.0,0.83534586,0.21225066,1.701632
20001_0310_1,16,44783639,2024-05-27,23,23:00,,0.14915246,0.0,0.87215304
20001_0310_1,16,44783639,2024-05-28,0,00:00,,0.0,0.0,0.5171704
20001_0310_1,16,44783639,2024-05-28,1,01:00,,0.0,0.0,0.52526665
20001_0310_1,16,44783639,2024-05-28,2,02:00,,0.0,0.0,0.58194
20001_0310_1,16,44783639,2024-05-28,3,03:00,,0.0,0.0,0.711479
20001_0310_1,16,44783639,2024-05-28,4,04:00,,0.3174644,0.0,1.4085948
20001_0310_1,16,44783639,2024-05-28,5,05:00,3.127976099650065,1.9906772,1.025881,3.3292472
20001_0310_1,16,44783639,2024-05-28,6,06:00,2.4235713481903076,2.2551527,1.047471,3.7569962
20001_0310_1,16,44783639,2024-05-28,7,07:00,2.971639633178711,1.8726078,0.56642216,3.3919923
20001_0310_1,16,44783639,2024-05-28,8,08:00,1.708526849746704,1.9441242,0.68314236,3.4007635
20001_0310_1,16,44783639,2024-05-28,9,09:00,2.437920252482096,1.8226812,0.5616994,3.2685256
20001_0310_1,16,44783639,2024-05-28,10,10:00,1.8895384470621746,2.0014722,0.67909414,3.5141106
20001_0310_1,16,44783639,2024-05-28,11,11:00,3.986428737640381,2.5088332,1.077157,4.2009373
20001_0310_1,16,44783639,2024-05-28,12,12:00,1.0965290069580078,2.8488734,1.4084259,4.586856
20001_0310_1,16,44783639,2024-05-28,13,13:00,5.151539166768392,2.7625139,1.2883327,4.5598683
20001_0310_1,16,44783639,2024-05-28,14,14:00,1.2139935493469238,2.3037298,0.8841978,3.9931352
20001_0310_1,16,44783639,2024-05-28,15,15:00,1.0286281903584797,2.004171,0.6534564,3.6058671
20001_0310_1,16,44783639,2024-05-28,16,16:00,1.9651983578999836,1.7656705,0.44666612,3.3208137
20001_0310_1,16,44783639,2024-05-28,17,17:00,1.5853943824768066,1.9704368,0.6062285,3.542447
20001_0310_1,16,44783639,2024-05-28,18,18:00,3.8213388919830322,2.186335,0.82482564,3.74755
20001_0310_1,16,44783639,2024-05-28,19,19:00,1.2700716972351074,1.8307775,0.55562735,3.3353193
20001_0310_1,16,44783639,2024-05-28,20,20:00,0.7533838152885437,1.2444782,0.12720385,2.6181324
20001_0310_1,16,44783639,2024-05-28,21,21:00,0.8516525030136108,0.95706344,0.08807227,2.1552994
20001_0310_1,16,44783639,2024-05-28,22,22:00,1.4275251626968384,0.6736968,0.088072345,1.6958411
20001_0310_1,16,44783639,2024-05-28,23,23:00,,0.07457869,0.0,0.9341243
20001_0310_1,16,44783639,2024-05-29,0,00:00,,0.0,0.0,0.5329041
20001_0310_1,16,44783639,2024-05-29,1,01:00,,0.0,0.0,0.5329041
20001_0310_1,16,44783639,2024-05-29,2,02:00,,0.0,0.0,0.59304464
20001_0310_1,16,44783639,2024-05-29,3,03:00,,0.0,0.0,0.68052185
20001_0310_1,16,44783639,2024-05-29,4,04:00,,0.18846267,0.0,1.2819273
20001_0310_1,16,44783639,2024-05-29,5,05:00,2.920573870340983,1.867956,0.8845213,3.2163348
20001_0310_1,16,44783639,2024-05-29,6,06:00,3.2818076610565186,2.2605782,0.98805875,3.7695596
20001_0310_1,16,44783639,2024-05-29,7,07:00,0.4995133876800537,1.850529,0.45499474,3.3718123
20001_0310_1,16,44783639,2024-05-29,8,08:00,1.5983880360921223,1.83071,0.48438168,3.283651
20001_0310_1,16,44783639,2024-05-29,9,09:00,1.6809360980987549,1.8129412,0.48301476,3.252214
20001_0310_1,16,44783639,2024-05-29,10,10:00,1.5304772059122722,2.0213828,0.6313158,3.5207963
20001_0310_1,16,44783639,2024-05-29,11,11:00,2.1229310035705566,2.4683366,0.95662147,4.130403
20001_0310_1,16,44783639,2024-05-29,12,12:00,2.4623589515686035,2.85925,1.3372838,4.5759897
20001_0310_1,16,44783639,2024-05-29,13,13:00,2.635542631149292,2.9467273,1.378972,4.7154064
20001_0310_1,16,44783639,2024-05-29,14,14:00,2.952790896097819,2.3494222,0.85547614,4.0196896
20001_0310_1,16,44783639,2024-05-29,15,15:00,1.4682228565216064,2.2086387,0.7803005,3.7955296
20001_0310_1,16,44783639,2024-05-29,16,16:00,2.346569538116455,1.9516746,0.5452056,3.4784248
20001_0310_1,16,44783639,2024-05-29,17,17:00,2.8906023502349854,2.0787897,0.62038124,3.63561
20001_0310_1,16,44783639,2024-05-29,18,18:00,2.74542236328125,2.3890603,0.9306518,3.969117
20001_0310_1,16,44783639,2024-05-29,19,19:00,2.9965925216674805,1.9462073,0.5773263,3.4914098
20001_0310_1,16,44783639,2024-05-29,20,20:00,1.1298048973083497,1.3297664,0.15497527,2.7464867
20001_0310_1,16,44783639,2024-05-29,21,21:00,1.7842202186584473,1.0358979,0.13652313,2.2633119
20001_0310_1,16,44783639,2024-05-29,22,22:00,0.0,0.7215268,0.12832215,1.7780871
20001_0310_1,16,44783639,2024-05-29,23,23:00,,0.10645282,0.0,0.97985786
20001_0310_1,16,44783639,2024-05-30,0,00:00,,0.0,0.0,0.57603914
20001_0310_1,16,44783639,2024-05-30,1,01:00,,0.0010667965,0.0010667965,0.5895998
20001_0310_1,16,44783639,2024-05-30,2,02:00,,0.0,0.0,0.58417547
20001_0310_1,16,44783639,2024-05-30,3,03:00,,0.0,0.0,0.7197822
20001_0310_1,16,44783639,2024-05-30,4,04:00,,0.2749923,0.0,1.4403623
20001_0310_1,16,44783639,2024-05-30,5,05:00,,1.9239696,0.85810095,3.3641126
20001_0310_1,16,44783639,2024-05-30,6,06:00,,2.2399333,0.89471495,3.8360243
20001_0310_1,16,44783639,2024-05-30,7,07:00,,1.9009165,0.44246644,3.4936175
20001_0310_1,16,44783639,2024-05-30,8,08:00,,1.8358254,0.44992498,3.3329234
20001_0310_1,16,44783639,2024-05-30,9,09:00,,1.8331133,0.48992887,3.3105483
20001_0310_1,16,44783639,2024-05-30,10,10:00,,1.9931293,0.5977362,3.526841
20001_0310_1,16,44783639,2024-05-30,11,11:00,,2.5233512,1.0099806,4.2455564
20001_0310_1,16,44783639,2024-05-30,12,12:00,,2.9681413,1.4345992,4.741877
20001_0310_1,16,44783639,2024-05-30,13,13:00,,3.0820508,1.508759,4.9154534
20001_0310_1,16,44783639,2024-05-30,14,14:00,,2.6101394,1.1116855,4.343193
20001_0310_1,16,44783639,2024-05-30,15,15:00,,2.417578,0.98285925,4.0692677
20001_0310_1,16,44783639,2024-05-30,16,16:00,,2.0555081,0.6235014,3.6339698
20001_0310_1,16,44783639,2024-05-30,17,17:00,,2.173486,0.669608,3.7695768
20001_0310_1,16,44783639,2024-05-30,18,18:00,,2.536912,1.0303218,4.1560564
20001_0310_1,16,44783639,2024-05-30,19,19:00,,2.1531448,0.7428352,3.7397435
20001_0310_1,16,44783639,2024-05-30,20,20:00,,1.5013853,0.29380763,2.9489868
20001_0310_1,16,44783639,2024-05-30,21,21:00,,1.1076175,0.18956007,2.3701155
20001_0310_1,16,44783639,2024-05-30,22,22:00,,0.68723655,0.0987035,1.7937872
20001_0310_1,16,44783639,2024-05-30,23,23:00,,0.147522,0.0,1.0655794
20001_0310_1,16,44783639,2024-05-31,0,00:00,,0.0,0.0,0.54246014
20001_0310_1,16,44783639,2024-05-31,1,01:00,,0.0,0.0,0.47739667
20001_0310_1,16,44783639,2024-05-31,2,02:00,,0.0,0.0,0.4882406
20001_0310_1,16,44783639,2024-05-31,3,03:00,,0.0,0.0,0.65089905
20001_0310_1,16,44783639,2024-05-31,4,04:00,,0.17647874,0.0,1.1958047
20001_0310_1,16,44783639,2024-05-31,5,05:00,,2.1595557,1.1117646,3.4296465
20001_0310_1,16,44783639,2024-05-31,6,06:00,,2.3371243,1.0778772,3.7658072
20001_0310_1,16,44783639,2024-05-31,7,07:00,,1.965721,0.6244671,3.4221914
20001_0310_1,16,44783639,2024-05-31,8,08:00,,2.1351569,0.854222,3.5001318
20001_0310_1,16,44783639,2024-05-31,9,09:00,,1.9467442,0.6969854,3.2859647
20001_0310_1,16,44783639,2024-05-31,10,10:00,,1.8410163,0.5417824,3.2364898
20001_0310_1,16,44783639,2024-05-31,11,11:00,,2.6868398,1.2998382,4.240227
20001_0310_1,16,44783639,2024-05-31,12,12:00,,3.2127688,1.8152623,4.7742896
20001_0310_1,16,44783639,2024-05-31,13,13:00,,3.402537,1.9948642,4.996589
20001_0310_1,16,44783639,2024-05-31,14,14:00,,2.678707,1.337453,4.169742
20001_0310_1,16,44783639,2024-05-31,15,15:00,,2.4184537,1.1714059,3.8200266
20001_0310_1,16,44783639,2024-05-31,16,16:00,,1.868126,0.6292112,3.180237
20001_0310_1,16,44783639,2024-05-31,17,17:00,,1.9589435,0.6888526,3.283254
20001_0310_1,16,44783639,2024-05-31,18,18:00,,2.5919557,1.3076321,3.9257543
20001_0310_1,16,44783639,2024-05-31,19,19:00,,2.2327518,1.0195915,3.5285969
20001_0310_1,16,44783639,2024-05-31,20,20:00,,1.4262373,0.36116362,2.6139822
20001_0310_1,16,44783639,2024-05-31,21,21:00,,1.1307414,0.30118334,2.1541338
20001_0310_1,16,44783639,2024-05-31,22,22:00,,0.90979695,0.3269377,1.8105178
20001_0310_1,16,44783639,2024-05-31,23,23:00,,0.07888372,0.0,0.8244013
20001_0310_1,17,43787620,2024-05-01,0,00:00,,0.0,0.0,1.8116692
20001_0310_1,17,43787620,2024-05-01,1,01:00,,0.0,0.0,1.6517141
20001_0310_1,17,43787620,2024-05-01,2,02:00,,0.0,0.0,1.6709087
20001_0310_1,17,43787620,2024-05-01,3,03:00,,0.0,0.0,1.926837
20001_0310_1,17,43787620,2024-05-01,4,04:00,,0.18652484,0.0,2.7170157
20001_0310_1,17,43787620,2024-05-01,5,05:00,,4.5053144,2.400304,7.470883
20001_0310_1,17,43787620,2024-05-01,6,06:00,,6.968624,4.460527,10.193321
20001_0310_1,17,43787620,2024-05-01,7,07:00,,5.708177,3.1704884,8.888086
20001_0310_1,17,43787620,2024-05-01,8,08:00,,3.3548367,1.0066947,6.368392
20001_0310_1,17,43787620,2024-05-01,9,09:00,,3.9998562,1.8468596,6.811868
20001_0310_1,17,43787620,2024-05-01,10,10:00,,3.3556368,1.2978134,6.1220617
20001_0310_1,17,43787620,2024-05-01,11,11:00,,3.790315,1.7652819,6.592729
20001_0310_1,17,43787620,2024-05-01,12,12:00,,4.7324505,2.718615,7.595647
20001_0310_1,17,43787620,2024-05-01,13,13:00,,4.263782,2.174768,7.2741385
20001_0310_1,17,43787620,2024-05-01,14,14:00,,4.1646094,2.005215,7.1557713
20001_0310_1,17,43787620,2024-05-01,15,15:00,,4.8444195,2.659432,7.8387804
20001_0310_1,17,43787620,2024-05-01,16,16:00,,3.9694645,1.7044991,6.9990153
20001_0310_1,17,43787620,2024-05-01,17,17:00,,3.7935143,1.3382022,6.904642
20001_0310_1,17,43787620,2024-05-01,18,18:00,,3.5631785,0.9679059,6.860654
20001_0310_1,17,43787620,2024-05-01,19,19:00,,4.3933454,1.7476872,7.7268114
20001_0310_1,17,43787620,2024-05-01,20,20:00,,3.9694645,1.3030118,7.3301225
20001_0310_1,17,43787620,2024-05-01,21,21:00,,3.5748756,1.0896719,6.7200937
20001_0310_1,17,43787620,2024-05-01,22,22:00,,5.273099,3.0529215,8.248266
20001_0310_1,17,43787620,2024-05-01,23,23:00,,0.6663903,0.0,3.2652621
20001_0310_1,17,43787620,2024-05-02,0,00:00,,0.0,0.0,1.51491
20001_0310_1,17,43787620,2024-05-02,1,01:00,,0.005919501,0.0,1.4381819
20001_0310_1,17,43787620,2024-05-02,2,02:00,,0.0,0.0,1.4062115
20001_0310_1,17,43787620,2024-05-02,3,03:00,,0.0,0.0,1.7834592
20001_0310_1,17,43787620,2024-05-02,4,04:00,,0.24889241,0.0,2.43565
20001_0310_1,17,43787620,2024-05-02,5,05:00,,4.852593,2.8448677,7.3974166
20001_0310_1,17,43787620,2024-05-02,6,06:00,,7.4357805,5.0987625,10.185212
20001_0310_1,17,43787620,2024-05-02,7,07:00,,5.683817,3.3076358,8.375703
20001_0310_1,17,43787620,2024-05-02,8,08:00,,3.523834,1.3424714,6.05487
20001_0310_1,17,43787620,2024-05-02,9,09:00,,4.357056,2.3749068,6.6812854
20001_0310_1,17,43787620,2024-05-02,10,10:00,,3.46389,1.6229094,5.715088
20001_0310_1,17,43787620,2024-05-02,11,11:00,,3.8838975,2.0991645,6.117812
20001_0310_1,17,43787620,2024-05-02,12,12:00,,4.3346767,2.5795157,6.5693893
20001_0310_1,17,43787620,2024-05-02,13,13:00,,4.237168,2.4915981,6.5677915
20001_0310_1,17,43787620,2024-05-02,14,14:00,,4.0181723,2.2294428,6.299243
20001_0310_1,17,43787620,2024-05-02,15,15:00,,4.552074,2.7681396,6.7708015
20001_0310_1,17,43787620,2024-05-02,16,16:00,,3.7851896,1.9469063,6.016706
20001_0310_1,17,43787620,2024-05-02,17,17:00,,3.7811937,1.7870559,6.074252
20001_0310_1,17,43787620,2024-05-02,18,18:00,,3.5392196,1.4378321,6.0031686
20001_0310_1,17,43787620,2024-05-02,19,19:00,,4.182819,1.9928638,6.721248
20001_0310_1,17,43787620,2024-05-02,20,20:00,,3.6153486,1.4084097,6.2359014
20001_0310_1,17,43787620,2024-05-02,21,21:00,,3.3286164,1.2537541,5.799908
20001_0310_1,17,43787620,2024-05-02,22,22:00,,4.9133363,3.0175068,7.2567477
20001_0310_1,17,43787620,2024-05-02,23,23:00,,0.43431944,0.0,2.4931965
20001_0310_1,17,43787620,2024-05-03,0,00:00,,0.0,0.0,1.0231198
20001_0310_1,17,43787620,2024-05-03,1,01:00,,0.09812003,0.0,0.98907083
20001_0310_1,17,43787620,2024-05-03,2,02:00,,0.0,0.0,0.91529787
20001_0310_1,17,43787620,2024-05-03,3,03:00,,0.0,0.0,1.1422917
20001_0310_1,17,43787620,2024-05-03,4,04:00,,0.07542077,0.0,1.7608497
20001_0310_1,17,43787620,2024-05-03,5,05:00,,4.9501123,3.1923296,6.9760323
20001_0310_1,17,43787620,2024-05-03,6,06:00,,8.008854,5.852413,10.233394
20001_0310_1,17,43787620,2024-05-03,7,07:00,,5.9715843,3.7669072,8.150725
20001_0310_1,17,43787620,2024-05-03,8,08:00,,4.076186,2.019055,6.087919
20001_0310_1,17,43787620,2024-05-03,9,09:00,,4.7827044,2.908587,6.6071663
20001_0310_1,17,43787620,2024-05-03,10,10:00,,3.7924445,2.0431733,5.5388775
20001_0310_1,17,43787620,2024-05-03,11,11:00,,4.1343536,2.4432495,5.8907175
20001_0310_1,17,43787620,2024-05-03,12,12:00,,4.7146063,3.0235026,6.5617685
20001_0310_1,17,43787620,2024-05-03,13,13:00,,4.7032566,3.0263402,6.6440544
20001_0310_1,17,43787620,2024-05-03,14,14:00,,4.4478884,2.6744998,6.337612
20001_0310_1,17,43787620,2024-05-03,15,15:00,,4.87634,3.1299062,6.7121515
20001_0310_1,17,43787620,2024-05-03,16,16:00,,4.2152205,2.4446688,6.0084715
20001_0310_1,17,43787620,2024-05-03,17,17:00,,3.9286404,2.044592,5.685005
20001_0310_1,17,43787620,2024-05-03,18,18:00,,3.6837351,1.7312342,5.527705
20001_0310_1,17,43787620,2024-05-03,19,19:00,,4.3656034,2.4134567,6.2581644
20001_0310_1,17,43787620,2024-05-03,20,20:00,,4.1130733,2.1736946,6.0893373
20001_0310_1,17,43787620,2024-05-03,21,21:00,,3.5278547,1.7346038,5.3778543
20001_0310_1,17,43787620,2024-05-03,22,22:00,,4.9387627,3.37889,6.6809406
20001_0310_1,17,43787620,2024-05-03,23,23:00,,0.46698505,0.0,1.9679817
20001_0310_1,17,43787620,2024-05-04,0,00:00,,0.08411104,0.0,1.1716292
20001_0310_1,17,43787620,2024-05-04,1,01:00,,0.10653404,0.0,1.0819368
20001_0310_1,17,43787620,2024-05-04,2,02:00,,0.0,0.0,0.98103315
20001_0310_1,17,43787620,2024-05-04,3,03:00,,0.0,0.0,1.1099656
20001_0310_1,17,43787620,2024-05-04,4,04:00,,0.18501462,0.0,1.7826573
20001_0310_1,17,43787620,2024-05-04,5,05:00,,5.420798,3.7832136,7.276305
20001_0310_1,17,43787620,2024-05-04,6,06:00,,8.100352,6.233633,10.073581
20001_0310_1,17,43787620,2024-05-04,7,07:00,,6.4018064,4.5715246,8.246102
20001_0310_1,17,43787620,2024-05-04,8,08:00,,4.2407846,2.6179159,5.916908
20001_0310_1,17,43787620,2024-05-04,9,09:00,,5.1909614,3.782513,6.654065
20001_0310_1,17,43787620,2024-05-04,10,10:00,,4.1090493,2.8197236,5.482461
20001_0310_1,17,43787620,2024-05-04,11,11:00,,4.086626,2.8827877,5.4530306
20001_0310_1,17,43787620,2024-05-04,12,12:00,,4.843404,3.607333,6.2924933
20001_0310_1,17,43787620,2024-05-04,13,13:00,,4.9078703,3.6483254,6.4971046
20001_0310_1,17,43787620,2024-05-04,14,14:00,,4.610765,3.2198346,6.19159
20001_0310_1,17,43787620,2024-05-04,15,15:00,,5.0844517,3.650427,6.6708827
20001_0310_1,17,43787620,2024-05-04,16,16:00,,4.3893375,2.8925984,6.0178113
20001_0310_1,17,43787620,2024-05-04,17,17:00,,4.100641,2.4539473,5.755742
20001_0310_1,17,43787620,2024-05-04,18,18:00,,3.655858,1.8979257,5.457586
20001_0310_1,17,43787620,2024-05-04,19,19:00,,4.261806,2.4455385,6.117314
20001_0310_1,17,43787620,2024-05-04,20,20:00,,3.9366717,2.1126966,5.9021935
20001_0310_1,17,43787620,2024-05-04,21,21:00,,3.4988968,1.7469206,5.3570323
20001_0310_1,17,43787620,2024-05-04,22,22:00,,4.6920485,3.085997,6.4774847
20001_0310_1,17,43787620,2024-05-04,23,23:00,,0.36439914,0.0,1.953633
20001_0310_1,17,43787620,2024-05-05,0,00:00,,0.0,0.0,1.0079212
20001_0310_1,17,43787620,2024-05-05,1,01:00,,0.0,0.0,0.8801459
20001_0310_1,17,43787620,2024-05-05,2,02:00,,0.052383866,0.0,1.0523646
20001_0310_1,17,43787620,2024-05-05,3,03:00,,0.0,0.0,1.0801419
20001_0310_1,17,43787620,2024-05-05,4,04:00,,0.06349476,0.0,1.5967989
20001_0310_1,17,43787620,2024-05-05,5,05:00,,5.2467294,3.6127324,7.063361
20001_0310_1,17,43787620,2024-05-05,6,06:00,,7.641128,5.7356095,9.629978
20001_0310_1,17,43787620,2024-05-05,7,07:00,,6.174489,4.2495255,8.102229
20001_0310_1,17,43787620,2024-05-05,8,08:00,0.0,3.5255816,1.7365532,5.264264
20001_0310_1,17,43787620,2024-05-05,9,09:00,,5.0411777,3.4283614,6.607815
20001_0310_1,17,43787620,2024-05-05,10,10:00,0.0,4.0523076,2.5078928,5.560613
20001_0310_1,17,43787620,2024-05-05,11,11:00,,3.9870312,2.4898376,5.5342245
20001_0310_1,17,43787620,2024-05-05,12,12:00,,4.8161817,3.3106549,6.4244847
20001_0310_1,17,43787620,2024-05-05,13,13:00,,4.8106265,3.2665586,6.618925
20001_0310_1,17,43787620,2024-05-05,14,14:00,,4.432856,2.737055,6.2272663
20001_0310_1,17,43787620,2024-05-05,15,15:00,,4.7328506,2.980106,6.5467043
20001_0310_1,17,43787620,2024-05-05,16,16:00,,4.282859,2.4690049,6.110601
20001_0310_1,17,43787620,2024-05-05,17,17:00,,3.8043954,1.8933209,5.665471
20001_0310_1,17,43787620,2024-05-05,18,18:00,,3.7052655,1.7219698,5.6774507
20001_0310_1,17,43787620,2024-05-05,19,19:00,,3.9536986,1.9474868,5.94741
20001_0310_1,17,43787620,2024-05-05,20,20:00,,3.2794058,1.2877772,5.3377004
20001_0310_1,17,43787620,2024-05-05,21,21:00,,3.4870405,1.602354,5.4022818
20001_0310_1,17,43787620,2024-05-05,22,22:00,,4.463411,2.7773323,6.266154
20001_0310_1,17,43787620,2024-05-05,23,23:00,,0.4301545,0.0,1.9690139
20001_0310_1,17,43787620,2024-05-06,0,00:00,,0.0,0.0,0.8336905
20001_0310_1,17,43787620,2024-05-06,1,01:00,,0.0,0.0,0.78327125
20001_0310_1,17,43787620,2024-05-06,2,02:00,,0.0,0.0,0.8000776
20001_0310_1,17,43787620,2024-05-06,3,03:00,,0.0,0.0,0.9793463
20001_0310_1,17,43787620,2024-05-06,4,04:00,,0.06619727,0.0,1.4723346
20001_0310_1,17,43787620,2024-05-06,5,05:00,3.2949241002400718,4.9680705,3.37076,6.6319065
20001_0310_1,17,43787620,2024-05-06,6,06:00,8.720575332641602,7.5730658,5.6795425,9.365751
20001_0310_1,17,43787620,2024-05-06,7,07:00,9.98550796508789,6.0324774,4.1067414,7.74113
20001_0310_1,17,43787620,2024-05-06,8,08:00,16.959693908691406,3.280951,1.5034531,4.8647375
20001_0310_1,17,43787620,2024-05-06,9,09:00,4.4445061683654785,4.5787215,2.9428961,6.0016656
20001_0310_1,17,43787620,2024-05-06,10,10:00,2.733004093170166,2.8420577,1.2552513,4.2467947
20001_0310_1,17,43787620,2024-05-06,11,11:00,3.536255359649658,3.6988356,2.150544,5.130883
20001_0310_1,17,43787620,2024-05-06,12,12:00,3.862323522567749,4.592727,3.053539,6.1221113
20001_0310_1,17,43787620,2024-05-06,13,13:00,2.353062470753988,4.7131734,3.144574,6.332192
20001_0310_1,17,43787620,2024-05-06,14,14:00,0.5908191800117493,4.1627626,2.5073297,5.781781
20001_0310_1,17,43787620,2024-05-06,15,15:00,2.906986951828003,4.598329,2.9414961,6.192138
20001_0310_1,17,43787620,2024-05-06,16,16:00,5.242557525634766,4.2089806,2.5381417,5.806991
20001_0310_1,17,43787620,2024-05-06,17,17:00,4.305840174357097,3.8826556,2.1151805,5.473664
20001_0310_1,17,43787620,2024-05-06,18,18:00,11.493721961975098,3.6044743,1.779577,5.325732
20001_0310_1,17,43787620,2024-05-06,19,19:00,3.123724937438965,4.098338,2.263637,5.8546095
20001_0310_1,17,43787620,2024-05-06,20,20:00,3.2466789881388345,3.6942837,1.8944212,5.5358133
20001_0310_1,17,43787620,2024-05-06,21,21:00,1.3214285373687744,3.5560684,1.8617709,5.2622705
20001_0310_1,17,43787620,2024-05-06,22,22:00,4.816251277923584,4.662754,3.131269,6.2901764
20001_0310_1,17,43787620,2024-05-06,23,23:00,,0.31269154,0.0,1.730033
20001_0310_1,17,43787620,2024-05-07,0,00:00,,0.0,0.0,1.3598081
20001_0310_1,17,43787620,2024-05-07,1,01:00,,0.111150056,0.0,1.523184
20001_0310_1,17,43787620,2024-05-07,2,02:00,,0.0,0.0,1.4064867
20001_0310_1,17,43787620,2024-05-07,3,03:00,,0.0,0.0,1.6457158
20001_0310_1,17,43787620,2024-05-07,4,04:00,,0.0,0.0,2.0541553
20001_0310_1,17,43787620,2024-05-07,5,05:00,6.538613319396973,5.0882783,3.26124,7.56809
20001_0310_1,17,43787620,2024-05-07,6,06:00,5.119720458984375,7.9881997,5.823469,10.602212
20001_0310_1,17,43787620,2024-05-07,7,07:00,9.53179931640625,6.156056,3.9213078,8.700051
20001_0310_1,17,43787620,2024-05-07,8,08:00,4.13451919555664,4.396848,2.344439,6.7191186
20001_0310_1,17,43787620,2024-05-07,9,09:00,6.360567728678386,4.8840585,3.0285757,7.019614
20001_0310_1,17,43787620,2024-05-07,10,10:00,2.961134433746338,3.5019276,1.7233918,5.5364676
20001_0310_1,17,43787620,2024-05-07,11,11:00,2.571505546569824,3.9986196,2.324017,5.9941397
20001_0310_1,17,43787620,2024-05-07,12,12:00,2.1236658096313477,4.455197,2.8768692,6.4623857
20001_0310_1,17,43787620,2024-05-07,13,13:00,4.322253545125325,4.5106277,2.952722,6.5294857
20001_0310_1,17,43787620,2024-05-07,14,14:00,2.373476505279541,4.042381,2.5078151,5.967882
20001_0310_1,17,43787620,2024-05-07,15,15:00,3.7434487342834473,4.449362,2.9643924,6.2435794
20001_0310_1,17,43787620,2024-05-07,16,16:00,5.685380935668945,4.2218027,2.7397504,5.975175
20001_0310_1,17,43787620,2024-05-07,17,17:00,2.3093693256378174,4.347252,2.7368324,6.0889544
20001_0310_1,17,43787620,2024-05-07,18,18:00,4.008963012695313,4.037276,2.3305817,5.9015107
20001_0310_1,17,43787620,2024-05-07,19,19:00,2.3712360858917236,4.233473,2.483017,6.1677256
20001_0310_1,17,43787620,2024-05-07,20,20:00,3.6189284324645996,4.1824174,2.3984115,6.2056518
20001_0310_1,17,43787620,2024-05-07,21,21:00,2.431623935699463,3.3119307,1.6489981,5.184918
20001_0310_1,17,43787620,2024-05-07,22,22:00,7.557518005371094,4.7586093,3.2430062,6.5732474
20001_0310_1,17,43787620,2024-05-07,23,23:00,,0.3912228,0.0,1.9724672
20001_0310_1,17,43787620,2024-05-08,0,00:00,,0.0,0.0,1.42495
20001_0310_1,17,43787620,2024-05-08,1,01:00,,0.0,0.0,1.2266502
20001_0310_1,17,43787620,2024-05-08,2,02:00,,0.0,0.0,1.1741593
20001_0310_1,17,43787620,2024-05-08,3,03:00,,0.0,0.0,1.4774411
20001_0310_1,17,43787620,2024-05-08,4,04:00,,0.112672806,0.0,2.054843
20001_0310_1,17,43787620,2024-05-08,5,05:00,2.0914463996887207,5.50759,3.6339505,7.735545
20001_0310_1,17,43787620,2024-05-08,6,06:00,7.598475456237793,7.834695,5.665063,10.202626
20001_0310_1,17,43787620,2024-05-08,7,07:00,6.281350135803223,6.691555,4.5306726,8.977834
20001_0310_1,17,43787620,2024-05-08,8,08:00,4.412842750549316,4.594828,2.6264124,6.6915545
20001_0310_1,17,43787620,2024-05-08,9,09:00,3.8458073139190674,5.087661,3.3645685,6.989005
20001_0310_1,17,43787620,2024-05-08,10,10:00,3.261573155721029,3.5369873,1.8977344,5.2979903
20001_0310_1,17,43787620,2024-05-08,11,11:00,3.685735066731771,3.8089201,2.2888658,5.5374804
20001_0310_1,17,43787620,2024-05-08,12,12:00,3.040001551310221,4.4956784,3.003328,6.2482977
20001_0310_1,17,43787620,2024-05-08,13,13:00,6.439715067545573,4.5569177,3.0288444,6.40577
20001_0310_1,17,43787620,2024-05-08,14,14:00,4.7274298667907715,4.088872,2.5112236,5.928977
20001_0310_1,17,43787620,2024-05-08,15,15:00,6.287707010904948,4.746469,3.15424,6.525334
20001_0310_1,17,43787620,2024-05-08,16,16:00,5.2024827003479,4.2201,2.5622566,6.0004225
20001_0310_1,17,43787620,2024-05-08,17,17:00,3.8358657360076904,4.2084355,2.4412355,6.0164614
20001_0310_1,17,43787620,2024-05-08,18,18:00,4.644975185394287,3.9897227,2.1525345,5.9056463
20001_0310_1,17,43787620,2024-05-08,19,19:00,3.011241912841797,4.0684595,2.2050261,6.013545
20001_0310_1,17,43787620,2024-05-08,20,20:00,3.398139317830404,3.7817633,1.9267138,5.8198023
20001_0310_1,17,43787620,2024-05-08,21,21:00,1.075757622718811,3.3332198,1.5916734,5.2427197
20001_0310_1,17,43787620,2024-05-08,22,22:00,2.2566232681274414,4.457768,2.813048,6.3153696
20001_0310_1,17,43787620,2024-05-08,23,23:00,,0.34013426,0.0,2.0431783
20001_0310_1,17,43787620,2024-05-09,0,00:00,,0.0,0.0,1.090775
20001_0310_1,17,43787620,2024-05-09,1,01:00,,0.0,0.0,0.81841767
20001_0310_1,17,43787620,2024-05-09,2,02:00,,0.0,0.0,0.87288916
20001_0310_1,17,43787620,2024-05-09,3,03:00,,0.0,0.0,1.2487422
20001_0310_1,17,43787620,2024-05-09,4,04:00,,0.0,0.0,1.7280909
20001_0310_1,17,43787620,2024-05-09,5,05:00,6.342824459075928,4.8874354,2.983658,7.000928
20001_0310_1,17,43787620,2024-05-09,6,06:00,6.423626899719238,7.5892196,5.31776,9.887916
20001_0310_1,17,43787620,2024-05-09,7,07:00,4.61259765625,6.467108,4.1493473,8.700438
20001_0310_1,17,43787620,2024-05-09,8,08:00,2.11946439743042,3.99138,1.8465663,6.100787
20001_0310_1,17,43787620,2024-05-09,9,09:00,2.1609169642130532,4.914671,2.9598267,6.853855
20001_0310_1,17,43787620,2024-05-09,10,10:00,4.831258773803711,3.2696333,1.4208912,5.135844
20001_0310_1,17,43787620,2024-05-09,11,11:00,2.074242273966471,3.736726,1.9303162,5.5880747
20001_0310_1,17,43787620,2024-05-09,12,12:00,3.3979835510253906,4.5252,2.7221951,6.450766
20001_0310_1,17,43787620,2024-05-09,13,13:00,7.667145252227783,4.6886144,2.8624592,6.7122293
20001_0310_1,17,43787620,2024-05-09,14,14:00,4.377713203430176,4.3018675,2.4117076,6.276458
20001_0310_1,17,43787620,2024-05-09,15,15:00,1.3430629968643188,4.8547525,3.0020423,6.744912
20001_0310_1,17,43787620,2024-05-09,16,16:00,5.420507431030273,4.1983714,2.346342,6.031336
20001_0310_1,17,43787620,2024-05-09,17,17:00,3.21836789449056,3.776218,1.8452046,5.5792227
20001_0310_1,17,43787620,2024-05-09,18,18:00,2.6761200428009033,3.9232907,1.9977247,5.802556
20001_0310_1,17,43787620,2024-05-09,19,19:00,3.016106128692627,3.8906078,1.9704889,5.761702
20001_0310_1,17,43787620,2024-05-09,20,20:00,2.5551388263702393,3.379257,1.4788841,5.30278
20001_0310_1,17,43787620,2024-05-09,21,21:00,2.150191307067871,3.110304,1.3222787,4.8901587
20001_0310_1,17,43787620,2024-05-09,22,22:00,6.577000141143799,4.0227013,2.448476,5.727658
20001_0310_1,17,43787620,2024-05-09,23,23:00,,0.24646738,0.0,1.7280909
20001_0310_1,17,43787620,2024-05-10,0,00:00,,0.0,0.0,0.9525331
20001_0310_1,17,43787620,2024-05-10,1,01:00,,0.055993546,0.0,0.95253307
20001_0310_1,17,43787620,2024-05-10,2,02:00,,0.0,0.0,0.8799808
20001_0310_1,17,43787620,2024-05-10,3,03:00,,0.0,0.0,1.1598256
20001_0310_1,17,43787620,2024-05-10,4,04:00,,0.0,0.0,1.6417801
20001_0310_1,17,43787620,2024-05-10,5,05:00,4.65806516011556,4.9273643,3.1465936,6.9329185
20001_0310_1,17,43787620,2024-05-10,6,06:00,9.89318593343099,7.487426,5.4041367,9.663996
20001_0310_1,17,43787620,2024-05-10,7,07:00,6.942482948303223,6.041561,3.9686368,8.17149
20001_0310_1,17,43787620,2024-05-10,8,08:00,7.730572509765625,3.5359144,1.6080955,5.5000095
20001_0310_1,17,43787620,2024-05-10,9,09:00,6.555320739746094,4.4169073,2.6678777,6.1840744
20001_0310_1,17,43787620,2024-05-10,10,10:00,2.412459055582682,2.9567914,1.2903548,4.612215
20001_0310_1,17,43787620,2024-05-10,11,11:00,1.88096284866333,3.4309726,1.8308537,5.0853443
20001_0310_1,17,43787620,2024-05-10,12,12:00,4.6852240562438965,4.251073,2.6056902,5.9871473
20001_0310_1,17,43787620,2024-05-10,13,13:00,7.40673303604126,4.78226,3.1274836,6.606433
20001_0310_1,17,43787620,2024-05-10,14,14:00,3.6102793216705322,4.116333,2.3854418,5.9068213
20001_0310_1,17,43787620,2024-05-10,15,15:00,2.152693748474121,4.406543,2.7145183,6.158163
20001_0310_1,17,43787620,2024-05-10,16,16:00,5.69468355178833,4.308079,2.639375,6.0078764
20001_0310_1,17,43787620,2024-05-10,17,17:00,2.668155034383138,3.6797237,1.9553099,5.3030815
20001_0310_1,17,43787620,2024-05-10,18,18:00,1.2942480246225994,3.7587538,2.0382266,5.4248657
20001_0310_1,17,43787620,2024-05-10,19,19:00,1.766131083170573,3.6382651,1.9643791,5.270693
20001_0310_1,17,43787620,2024-05-10,20,20:00,1.810045878092448,3.2436402,1.622387,4.902789
20001_0310_1,17,43787620,2024-05-10,21,21:00,2.943437099456787,2.9263453,1.4344879,4.453183
20001_0310_1,17,43787620,2024-05-10,22,22:00,1.0927090644836426,4.292532,2.9678035,5.746169
20001_0310_1,17,43787620,2024-05-10,23,23:00,,0.40839052,0.0,1.6884211
20001_0310_1,17,43787620,2024-05-11,0,00:00,,0.0,0.0,0.9795277
20001_0310_1,17,43787620,2024-05-11,1,01:00,,0.0,0.0,0.91200745
20001_0310_1,17,43787620,2024-05-11,2,02:00,,0.0,0.0,0.94317055
20001_0310_1,17,43787620,2024-05-11,3,03:00,,0.0,0.0,1.2340267
20001_0310_1,17,43787620,2024-05-11,4,04:00,,0.003081508,0.0,1.8884534
20001_0310_1,17,43787620,2024-05-11,5,05:00,,4.693139,2.810364,6.905724
20001_0310_1,17,43787620,2024-05-11,6,06:00,,7.097897,4.80221,9.570176
20001_0310_1,17,43787620,2024-05-11,7,07:00,,6.4226956,3.99846,8.894974
20001_0310_1,17,43787620,2024-05-11,8,08:00,,4.072472,1.7741882,6.3240113
20001_0310_1,17,43787620,2024-05-11,9,09:00,,4.462012,2.3143497,6.565526
20001_0310_1,17,43787620,2024-05-11,10,10:00,,2.8376315,0.8126747,4.8846626
20001_0310_1,17,43787620,2024-05-11,11,11:00,,3.0778477,1.0937922,5.1450047
20001_0310_1,17,43787620,2024-05-11,12,12:00,,4.067279,2.0962076,6.1474204
20001_0310_1,17,43787620,2024-05-11,13,13:00,,4.848955,2.8869734,7.014796
20001_0310_1,17,43787620,2024-05-11,14,14:00,,3.940029,1.948183,5.9967985
20001_0310_1,17,43787620,2024-05-11,15,15:00,,4.0023556,2.0702386,5.9967985
20001_0310_1,17,43787620,2024-05-11,16,16:00,,4.3347626,2.4415998,6.2720733
20001_0310_1,17,43787620,2024-05-11,17,17:00,,3.3566933,1.4219794,5.2654376
20001_0310_1,17,43787620,2024-05-11,18,18:00,,3.4031134,1.4703475,5.3865204
20001_0310_1,17,43787620,2024-05-11,19,19:00,,3.154782,1.3184272,5.1255274
20001_0310_1,17,43787620,2024-05-11,20,20:00,0.0,2.8506162,1.0996355,4.823634
20001_0310_1,17,43787620,2024-05-11,21,21:00,,2.8285427,1.2612948,4.634708
20001_0310_1,17,43787620,2024-05-11,22,22:00,,3.4690106,2.1634037,5.1498747
20001_0310_1,17,43787620,2024-05-11,23,23:00,,0.22122376,0.0,1.7170562
20001_0310_1,17,43787620,2024-05-12,0,00:00,,0.0,0.0,0.89204186
20001_0310_1,17,43787620,2024-05-12,1,01:00,,0.0,0.0,0.92822254
20001_0310_1,17,43787620,2024-05-12,2,02:00,,0.0,0.0,0.9385597
20001_0310_1,17,43787620,2024-05-12,3,03:00,,0.0,0.0,0.98507756
20001_0310_1,17,43787620,2024-05-12,4,04:00,,0.0,0.0,1.5898087
20001_0310_1,17,43787620,2024-05-12,5,05:00,,4.5876217,2.8651714,6.5517054
20001_0310_1,17,43787620,2024-05-12,6,06:00,,7.0995817,5.0269566,9.291086
20001_0310_1,17,43787620,2024-05-12,7,07:00,,6.107203,3.935081,8.309045
20001_0310_1,17,43787620,2024-05-12,8,08:00,,3.209532,1.108317,5.2794113
20001_0310_1,17,43787620,2024-05-12,9,09:00,,4.1534553,2.1661124,6.1123714
20001_0310_1,17,43787620,2024-05-12,10,10:00,,2.548592,0.5870924,4.5126762
20001_0310_1,17,43787620,2024-05-12,11,11:00,,2.9853423,1.0345029,5.009189
20001_0310_1,17,43787620,2024-05-12,12,12:00,,3.8472135,1.866331,5.9443903
20001_0310_1,17,43787620,2024-05-12,13,13:00,,4.6444764,2.6467957,6.8127217
20001_0310_1,17,43787620,2024-05-12,14,14:00,,3.6365914,1.6117753,5.762196
20001_0310_1,17,43787620,2024-05-12,15,15:00,,3.9635081,1.9942552,5.9870315
20001_0310_1,17,43787620,2024-05-12,16,16:00,,4.3136835,2.3651052,6.259678
20001_0310_1,17,43787620,2024-05-12,17,17:00,,3.5286958,1.5659038,5.3803625
20001_0310_1,17,43787620,2024-05-12,18,18:00,,4.031992,2.0627394,5.9030414
20001_0310_1,17,43787620,2024-05-12,19,19:00,,3.3090286,1.4185166,5.165783
20001_0310_1,17,43787620,2024-05-12,20,20:00,,2.6829767,0.85973823,4.539812
20001_0310_1,17,43787620,2024-05-12,21,21:00,,2.8780928,1.2150819,4.6057115
20001_0310_1,17,43787620,2024-05-12,22,22:00,,3.700553,2.2572095,5.358395
20001_0310_1,17,43787620,2024-05-12,23,23:00,,0.31832266,0.0,1.8120602
20001_0310_1,17,43787620,2024-05-13,0,00:00,,0.0,0.0,0.915687
20001_0310_1,17,43787620,2024-05-13,1,01:00,,0.0,0.0,0.8898379
20001_0310_1,17,43787620,2024-05-13,2,02:00,,0.0,0.0,0.9001775
20001_0310_1,17,43787620,2024-05-13,3,03:00,,0.0,0.0,1.13799
20001_0310_1,17,43787620,2024-05-13,4,04:00,,0.03681469,0.0,1.6963325
20001_0310_1,17,43787620,2024-05-13,5,05:00,6.352270126342773,4.5087237,2.71479,6.444828
20001_0310_1,17,43787620,2024-05-13,6,06:00,5.050267028808594,7.636476,5.522012,9.7457695
20001_0310_1,17,43787620,2024-05-13,7,07:00,7.256457010904948,6.643867,4.459611,8.701462
20001_0310_1,17,43787620,2024-05-13,8,08:00,4.997735977172852,3.5988326,1.5554545,5.577588
20001_0310_1,17,43787620,2024-05-13,9,09:00,5.237978617350261,4.7310266,2.8188334,6.5663195
20001_0310_1,17,43787620,2024-05-13,10,10:00,11.610417366027832,2.6915264,0.8497717,4.5410357
20001_0310_1,17,43787620,2024-05-13,11,11:00,2.6395280361175537,3.1064055,1.2830684,4.9691625
20001_0310_1,17,43787620,2024-05-13,12,12:00,10.263166427612305,4.1132317,2.3167129,6.015732
20001_0310_1,17,43787620,2024-05-13,13,13:00,2.302304267883301,4.7465367,2.9668202,6.685226
20001_0310_1,17,43787620,2024-05-13,14,14:00,3.4368934631347656,3.8741264,2.075023,5.761117
20001_0310_1,17,43787620,2024-05-13,15,15:00,3.8545379638671875,3.999495,2.2701843,5.764994
20001_0310_1,17,43787620,2024-05-13,16,16:00,1.7952264547348022,4.198534,2.4899027,5.891656
20001_0310_1,17,43787620,2024-05-13,17,17:00,4.816144625345866,3.3047981,1.5801725,4.940567
20001_0310_1,17,43787620,2024-05-13,18,18:00,4.061532338460286,3.774607,2.036249,5.461266
20001_0310_1,17,43787620,2024-05-13,19,19:00,3.9652687072753907,3.5380874,1.8068378,5.2189307
20001_0310_1,17,43787620,2024-05-13,20,20:00,4.902524948120117,3.013995,1.3279817,4.7452445
20001_0310_1,17,43787620,2024-05-13,21,21:00,2.7832589149475098,3.0469525,1.4914777,4.637324
20001_0310_1,17,43787620,2024-05-13,22,22:00,3.859649181365967,4.102892,2.7122061,5.627994
20001_0310_1,17,43787620,2024-05-13,23,23:00,,0.3263256,0.0,1.6549737
20001_0310_1,17,43787620,2024-05-14,0,00:00,,0.0,0.0,1.0946529
20001_0310_1,17,43787620,2024-05-14,1,01:00,,0.072701454,0.0,1.2675985
20001_0310_1,17,43787620,2024-05-14,2,02:00,,0.0,0.0,1.393377
20001_0310_1,17,43787620,2024-05-14,3,03:00,,0.0,0.0,1.5925266
20001_0310_1,17,43787620,2024-05-14,4,04:00,,0.0,0.0,2.103502
20001_0310_1,17,43787620,2024-05-14,5,05:00,7.1566362380981445,4.713409,2.7808726,7.173953
20001_0310_1,17,43787620,2024-05-14,6,06:00,7.043860912322998,7.0953417,4.8208447,9.757656
20001_0310_1,17,43787620,2024-05-14,7,07:00,3.6166542053222654,6.4350038,4.0687933,8.982021
20001_0310_1,17,43787620,2024-05-14,8,08:00,4.306640243530273,4.31773,2.0904002,6.7494507
20001_0310_1,17,43787620,2024-05-14,9,09:00,7.224215984344482,4.7579556,2.7127423,7.0324526
20001_0310_1,17,43787620,2024-05-14,10,10:00,3.296945571899414,3.3960087,1.4251492,5.61777
20001_0310_1,17,43787620,2024-05-14,11,11:00,1.4836890697479248,3.3092086,1.4349759,5.491337
20001_0310_1,17,43787620,2024-05-14,12,12:00,2.208620071411133,3.9888716,2.1441183,6.1847568
20001_0310_1,17,43787620,2024-05-14,13,13:00,4.985753695170085,4.7396126,2.9230285,6.9302573
20001_0310_1,17,43787620,2024-05-14,14,14:00,2.905971050262451,3.8015137,1.9659319,5.904375
20001_0310_1,17,43787620,2024-05-14,15,15:00,1.9112968444824219,3.8093748,2.0589557,5.7877674
20001_0310_1,17,43787620,2024-05-14,16,16:00,4.852153778076172,4.1578865,2.4493933,6.0602875
20001_0310_1,17,43787620,2024-05-14,17,17:00,4.878624280293782,3.5375097,1.8414636,5.3292003
20001_0310_1,17,43787620,2024-05-14,18,18:00,2.7996566772460936,3.5823839,1.8804419,5.417966
20001_0310_1,17,43787620,2024-05-14,19,19:00,5.638250350952148,3.2102888,1.5614097,5.015081
20001_0310_1,17,43787620,2024-05-14,20,20:00,1.1620913743972778,3.0822172,1.4408715,4.936469
20001_0310_1,17,43787620,2024-05-14,21,21:00,3.589444398880005,2.8096967,1.2675984,4.535222
20001_0310_1,17,43787620,2024-05-14,22,22:00,0.0,3.8473704,2.4507036,5.5480022
20001_0310_1,17,43787620,2024-05-14,23,23:00,,0.26136935,0.0,1.7497499
20001_0310_1,17,43787620,2024-05-15,0,00:00,,0.0,0.0,0.92546755
20001_0310_1,17,43787620,2024-05-15,1,01:00,,0.026460119,0.0,1.0201
20001_0310_1,17,43787620,2024-05-15,2,02:00,,0.0,0.0,0.9990705
20001_0310_1,17,43787620,2024-05-15,3,03:00,,0.0,0.0,1.2093649
20001_0310_1,17,43787620,2024-05-15,4,04:00,,0.036974892,0.0,1.7981884
20001_0310_1,17,43787620,2024-05-15,5,05:00,7.197174072265625,4.8159094,3.0698109,6.924108
20001_0310_1,17,43787620,2024-05-15,6,06:00,8.270401000976562,7.0502853,4.942086,9.331977
20001_0310_1,17,43787620,2024-05-15,7,07:00,5.696954091389974,6.0356154,3.8156981,8.306793
20001_0310_1,17,43787620,2024-05-15,8,08:00,4.1579984937395364,3.9813046,1.8625906,6.1315618
20001_0310_1,17,43787620,2024-05-15,9,09:00,4.162574768066406,4.7791076,2.778685,6.813704
20001_0310_1,17,43787620,2024-05-15,10,10:00,5.237958908081055,3.201245,1.2261231,5.2585135
20001_0310_1,17,43787620,2024-05-15,11,11:00,5.180761337280273,2.9916077,1.0726734,5.1313496
20001_0310_1,17,43787620,2024-05-15,12,12:00,13.434642791748047,3.7401235,1.8264468,5.9376974
20001_0310_1,17,43787620,2024-05-15,13,13:00,8.182732582092285,4.7738504,2.8168008,7.039769
20001_0310_1,17,43787620,2024-05-15,14,14:00,4.6940765380859375,3.851185,1.8770485,6.048759
20001_0310_1,17,43787620,2024-05-15,15,15:00,4.532503445943196,3.9142733,1.9966533,6.0369296
20001_0310_1,17,43787620,2024-05-15,16,16:00,4.037714004516602,4.2796593,2.3659825,6.2958546
20001_0310_1,17,43787620,2024-05-15,17,17:00,3.5113086700439453,3.675721,1.7252424,5.6104264
20001_0310_1,17,43787620,2024-05-15,18,18:00,4.921058336893718,3.6389194,1.7173564,5.5920258
20001_0310_1,17,43787620,2024-05-15,19,19:00,5.4949900309244795,3.3629084,1.5146198,5.284143
20001_0310_1,17,43787620,2024-05-15,20,20:00,4.3117828369140625,2.9902933,1.2119932,4.9026556
20001_0310_1,17,43787620,2024-05-15,21,21:00,1.2244898080825806,2.7418835,1.1594198,4.508354
20001_0310_1,17,43787620,2024-05-15,22,22:00,1.2470760345458984,3.4736414,2.1392593,5.143837
20001_0310_1,17,43787620,2024-05-15,23,23:00,,0.18418068,0.0,1.5984089
20001_0310_1,17,43787620,2024-05-16,0,00:00,,0.0,0.0,0.7355716
20001_0310_1,17,43787620,2024-05-16,1,01:00,,0.0,0.0,0.7302361
20001_0310_1,17,43787620,2024-05-16,2,02:00,,0.0,0.0,0.8742965
20001_0310_1,17,43787620,2024-05-16,3,03:00,,0.0,0.0,1.1037256
20001_0310_1,17,43787620,2024-05-16,4,04:00,,0.0,0.0,1.7493291
20001_0310_1,17,43787620,2024-05-16,5,05:00,6.812237739562988,5.4148626,3.6267807,7.6397924
20001_0310_1,17,43787620,2024-05-16,6,06:00,9.112807273864746,7.805195,5.6282845,10.248884
20001_0310_1,17,43787620,2024-05-16,7,07:00,5.467134952545166,6.268552,3.978261,8.744254
20001_0310_1,17,43787620,2024-05-16,8,08:00,3.7752625147501626,4.147665,1.9920969,6.594022
20001_0310_1,17,43787620,2024-05-16,9,09:00,3.2204551696777344,4.9399967,2.9231534,7.3356647
20001_0310_1,17,43787620,2024-05-16,10,10:00,4.326484680175781,3.4997277,1.5128967,5.936079
20001_0310_1,17,43787620,2024-05-16,11,11:00,2.896007537841797,3.3003106,1.3078107,5.8377047
20001_0310_1,17,43787620,2024-05-16,12,12:00,5.956669330596924,4.779929,2.7830946,7.3676786
20001_0310_1,17,43787620,2024-05-16,13,13:00,3.7128407955169678,5.3561707,3.375009,7.9705973
20001_0310_1,17,43787620,2024-05-16,14,14:00,1.96875,4.14233,2.189513,6.6233673
20001_0310_1,17,43787620,2024-05-16,15,15:00,1.930141568183899,4.2890577,2.4509554,6.602025
20001_0310_1,17,43787620,2024-05-16,16,16:00,5.553326924641927,4.2943935,2.530989,6.4686356
20001_0310_1,17,43787620,2024-05-16,17,17:00,5.0799001057942705,3.7208202,1.9187334,5.755005
20001_0310_1,17,43787620,2024-05-16,18,18:00,1.6176915168762207,3.9129002,2.1428263,5.936413
20001_0310_1,17,43787620,2024-05-16,19,19:00,1.5891127586364746,3.7928503,2.0854697,5.7269926
20001_0310_1,17,43787620,2024-05-16,20,20:00,4.121147155761719,3.0205274,1.3845099,4.847292
20001_0310_1,17,43787620,2024-05-16,21,21:00,6.108259201049805,2.6737154,1.2117708,4.3144016
20001_0310_1,17,43787620,2024-05-16,22,22:00,9.92011833190918,3.287889,2.059042,4.8015223
20001_0310_1,17,43787620,2024-05-16,23,23:00,,0.0045992434,0.0,1.2424502
20001_0310_1,17,43787620,2024-05-17,0,00:00,,0.0,0.0,1.2564809
20001_0310_1,17,43787620,2024-05-17,1,01:00,,0.0,0.0,1.0569403
20001_0310_1,17,43787620,2024-05-17,2,02:00,,0.0,0.0,1.1594071
20001_0310_1,17,43787620,2024-05-17,3,03:00,,0.0,0.0,1.4775935
20001_0310_1,17,43787620,2024-05-17,4,04:00,,0.09159513,0.0,2.2622733
20001_0310_1,17,43787620,2024-05-17,5,05:00,6.784329414367676,5.759627,3.6523166,8.364441
20001_0310_1,17,43787620,2024-05-17,6,06:00,5.995284557342529,8.224223,5.721876,11.136437
20001_0310_1,17,43787620,2024-05-17,7,07:00,5.854177951812744,6.3906074,3.789838,9.345965
20001_0310_1,17,43787620,2024-05-17,8,08:00,2.38779354095459,3.818151,1.419619,6.623853
20001_0310_1,17,43787620,2024-05-17,9,09:00,2.846017837524414,5.0315733,2.8366265,7.684924
20001_0310_1,17,43787620,2024-05-17,10,10:00,2.1340764363606772,3.1460493,1.0289638,5.742436
20001_0310_1,17,43787620,2024-05-17,11,11:00,4.026529788970947,3.1379602,1.0990728,5.753223
20001_0310_1,17,43787620,2024-05-17,12,12:00,1.3315508365631104,4.9075346,2.956621,7.544707
20001_0310_1,17,43787620,2024-05-17,13,13:00,17.66069221496582,5.1394334,3.226776,7.7927847
20001_0310_1,17,43787620,2024-05-17,14,14:00,0.46060605843861896,4.070273,2.173289,6.525431
20001_0310_1,17,43787620,2024-05-17,15,15:00,4.080805778503418,3.7615244,1.987231,6.0481524
20001_0310_1,17,43787620,2024-05-17,16,16:00,3.0914604663848877,4.2630725,2.5696738,6.4418406
20001_0310_1,17,43787620,2024-05-17,17,17:00,3.639671564102173,3.507717,1.7705002,5.58604
20001_0310_1,17,43787620,2024-05-17,18,18:00,5.4349141120910645,3.742649,2.0303748,5.870183
20001_0310_1,17,43787620,2024-05-17,19,19:00,4.762881278991699,3.6084983,1.9252115,5.670643
20001_0310_1,17,43787620,2024-05-17,20,20:00,2.800464357648577,2.886512,1.2376057,4.8832664
20001_0310_1,17,43787620,2024-05-17,21,21:00,2.4666666984558105,3.022685,1.5065806,4.86102
20001_0310_1,17,43787620,2024-05-17,22,22:00,3.7173912525177,3.7898376,2.4739482,5.515594
20001_0310_1,17,43787620,2024-05-17,23,23:00,,0.15631121,0.0,1.6339903
20001_0310_1,17,43787620,2024-05-18,0,00:00,,0.0,0.0,1.0272517
20001_0310_1,17,43787620,2024-05-18,1,01:00,,0.0,0.0,1.0885401
20001_0310_1,17,43787620,2024-05-18,2,02:00,,0.0,0.0,1.2612617
20001_0310_1,17,43787620,2024-05-18,3,03:00,,0.0,0.0,1.3281218
20001_0310_1,17,43787620,2024-05-18,4,04:00,,0.0,0.0,2.2279468
20001_0310_1,17,43787620,2024-05-18,5,05:00,,5.5180197,3.309896,8.192422
20001_0310_1,17,43787620,2024-05-18,6,06:00,,7.5572515,5.016569,10.510238
20001_0310_1,17,43787620,2024-05-18,7,07:00,,5.930323,3.3555145,8.911168
20001_0310_1,17,43787620,2024-05-18,8,08:00,,3.5296288,1.187437,6.3078036
20001_0310_1,17,43787620,2024-05-18,9,09:00,,4.673911,2.5845337,7.253595
20001_0310_1,17,43787620,2024-05-18,10,10:00,,3.010767,1.0383952,5.512448
20001_0310_1,17,43787620,2024-05-18,11,11:00,,3.0574293,1.1985801,5.555628
20001_0310_1,17,43787620,2024-05-18,12,12:00,,4.710127,2.9132628,7.181164
20001_0310_1,17,43787620,2024-05-18,13,13:00,,5.261722,3.5233607,7.7355447
20001_0310_1,17,43787620,2024-05-18,14,14:00,,3.7476206,2.0524392,6.0612574
20001_0310_1,17,43787620,2024-05-18,15,15:00,,3.8103018,2.2376971,5.981861
20001_0310_1,17,43787620,2024-05-18,16,16:00,0.0,4.158531,2.5566754,6.231193
20001_0310_1,17,43787620,2024-05-18,17,17:00,,3.4777427,1.8201702,5.497474
20001_0310_1,17,43787620,2024-05-18,18,18:00,,4.048491,2.3574886,6.1100097
20001_0310_1,17,43787620,2024-05-18,19,19:00,,3.5519152,1.9180228,5.550753
20001_0310_1,17,43787620,2024-05-18,20,20:00,,2.6876101,1.0913259,4.6432667
20001_0310_1,17,43787620,2024-05-18,21,21:00,,2.8589387,1.360159,4.6530175
20001_0310_1,17,43787620,2024-05-18,22,22:00,,3.345241,2.0127409,5.093876
20001_0310_1,17,43787620,2024-05-18,23,23:00,,0.22493075,0.0,1.7738556
20001_0310_1,17,43787620,2024-05-19,0,00:00,,0.0,0.0,0.9697495
20001_0310_1,17,43787620,2024-05-19,1,01:00,,0.07952531,0.0,1.1489141
20001_0310_1,17,43787620,2024-05-19,2,02:00,,0.0,0.0,0.99774396
20001_0310_1,17,43787620,2024-05-19,3,03:00,,0.0,0.0,1.2440956
20001_0310_1,17,43787620,2024-05-19,4,04:00,,0.16910762,0.0,2.1595151
20001_0310_1,17,43787620,2024-05-19,5,05:00,,5.6224318,3.5942326,8.102742
20001_0310_1,17,43787620,2024-05-19,6,06:00,,7.4140778,4.9785585,10.258315
20001_0310_1,17,43787620,2024-05-19,7,07:00,,5.874382,3.3384323,8.729817
20001_0310_1,17,43787620,2024-05-19,8,08:00,,3.319886,0.9309073,6.0482974
20001_0310_1,17,43787620,2024-05-19,9,09:00,,4.323488,2.0755317,6.873785
20001_0310_1,17,43787620,2024-05-19,10,10:00,,3.1554186,0.937906,5.6633735
20001_0310_1,17,43787620,2024-05-19,11,11:00,,3.09663,0.87824243,5.7212863
20001_0310_1,17,43787620,2024-05-19,12,12:00,,4.569839,2.33588,7.2601085
20001_0310_1,17,43787620,2024-05-19,13,13:00,,4.950564,2.6914098,7.70522
20001_0310_1,17,43787620,2024-05-19,14,14:00,,3.7440026,1.5562339,6.4048777
20001_0310_1,17,43787620,2024-05-19,15,15:00,,3.721607,1.6038246,6.2733035
20001_0310_1,17,43787620,2024-05-19,16,16:00,,3.3183115,1.2141764,5.7660785
20001_0310_1,17,43787620,2024-05-19,17,17:00,,3.407894,1.2285239,5.8140187
20001_0310_1,17,43787620,2024-05-19,18,18:00,,4.037944,1.823581,6.4398704
20001_0310_1,17,43787620,2024-05-19,19,19:00,,3.6866136,1.5730305,6.052147
20001_0310_1,17,43787620,2024-05-19,20,20:00,,2.662016,0.67440796,4.867981
20001_0310_1,17,43787620,2024-05-19,21,21:00,,3.128299,1.3663965,5.1064587
20001_0310_1,17,43787620,2024-05-19,22,22:00,,3.3592532,1.8660978,5.161048
20001_0310_1,17,43787620,2024-05-19,23,23:00,,0.5554315,0.0,2.109125
20001_0310_1,17,43787620,2024-05-20,0,00:00,,0.0,0.0,0.94264036
20001_0310_1,17,43787620,2024-05-20,1,01:00,,0.0,0.0,0.9426406
20001_0310_1,17,43787620,2024-05-20,2,02:00,,0.0,0.0,1.0098197
20001_0310_1,17,43787620,2024-05-20,3,03:00,,0.0,0.0,1.1777675
20001_0310_1,17,43787620,2024-05-20,4,04:00,,0.035722703,0.0,2.0231042
20001_0310_1,17,43787620,2024-05-20,5,05:00,4.308827082316081,5.5723996,3.442962,8.052427
20001_0310_1,17,43787620,2024-05-20,6,06:00,8.1488405863444,7.3022623,4.7158666,10.123784
20001_0310_1,17,43787620,2024-05-20,7,07:00,4.492927551269531,5.936287,3.2192073,8.729817
20001_0310_1,17,43787620,2024-05-20,8,08:00,2.5701926549275718,3.678789,1.1413789,6.364554
20001_0310_1,17,43787620,2024-05-20,9,09:00,6.495869159698486,4.461146,2.0706897,7.0111523
20001_0310_1,17,43787620,2024-05-20,10,10:00,3.1556005477905273,3.2900603,0.9408911,5.867358
20001_0310_1,17,43787620,2024-05-20,11,11:00,2.512009859085083,3.1777449,0.79183745,5.8918505
20001_0310_1,17,43787620,2024-05-20,12,12:00,6.347764333089192,4.5815086,2.1854537,7.4002314
20001_0310_1,17,43787620,2024-05-20,13,13:00,5.532093683878581,5.2309065,2.8096592,8.114009
20001_0310_1,17,43787620,2024-05-20,14,14:00,4.1078542073567705,3.7739594,1.3988984,6.543698
20001_0310_1,17,43787620,2024-05-20,15,15:00,2.6858584880828857,3.6983829,1.397499,6.31277
20001_0310_1,17,43787620,2024-05-20,16,16:00,3.930288553237915,3.601113,1.3632094,6.116131
20001_0310_1,17,43787620,2024-05-20,17,17:00,2.8374123573303223,3.6479988,1.3597109,6.0902386
20001_0310_1,17,43787620,2024-05-20,18,18:00,1.4282459020614624,4.0860624,1.7879773,6.5129075
20001_0310_1,17,43787620,2024-05-20,19,19:00,2.07512024470738,3.9111168,1.7012048,6.2805796
20001_0310_1,17,43787620,2024-05-20,20,20:00,5.706917444864909,3.0724277,1.0092947,5.3311505
20001_0310_1,17,43787620,2024-05-20,21,21:00,2.245899518330892,3.2494726,1.3924253,5.272018
20001_0310_1,17,43787620,2024-05-20,22,22:00,6.327118396759033,3.428617,1.838537,5.2898636
20001_0310_1,17,43787620,2024-05-20,23,23:00,,0.6347364,0.0,2.2806242
20001_0310_1,17,43787620,2024-05-21,0,00:00,,0.0,0.0,1.2847767
20001_0310_1,17,43787620,2024-05-21,1,01:00,,0.0,0.0,1.1172101
20001_0310_1,17,43787620,2024-05-21,2,02:00,,0.0,0.0,1.2512629
20001_0310_1,17,43787620,2024-05-21,3,03:00,,0.0,0.0,1.3182895
20001_0310_1,17,43787620,2024-05-21,4,04:00,,0.0,0.0,2.1086433
20001_0310_1,17,43787620,2024-05-21,5,05:00,3.0471808115641275,5.205826,3.070753,7.886885
20001_0310_1,17,43787620,2024-05-21,6,06:00,5.455762227376302,6.747435,4.1738973,9.8083105
20001_0310_1,17,43787620,2024-05-21,7,07:00,4.278440475463867,4.999161,2.309723,8.082379
20001_0310_1,17,43787620,2024-05-21,8,08:00,7.043758392333984,3.6823695,1.2023897,6.6259494
20001_0310_1,17,43787620,2024-05-21,9,09:00,4.553857803344727,4.6500645,2.320894,7.412114
20001_0310_1,17,43787620,2024-05-21,10,10:00,2.5870094299316406,3.383892,1.1264613,6.1031775
20001_0310_1,17,43787620,2024-05-21,11,11:00,2.7986443042755127,2.8305745,0.57471466,5.618457
20001_0310_1,17,43787620,2024-05-21,12,12:00,3.684222857157389,4.390337,2.1728773,7.199864
20001_0310_1,17,43787620,2024-05-21,13,13:00,4.741799036661784,4.909792,2.7202601,7.758418
20001_0310_1,17,43787620,2024-05-21,14,14:00,4.5474748611450195,3.6251178,1.485856,6.3061767
20001_0310_1,17,43787620,2024-05-21,15,15:00,5.342657566070557,3.278465,1.2810235,5.8220677
20001_0310_1,17,43787620,2024-05-21,16,16:00,3.8971360524495444,3.5594876,1.5975668,5.9822154
20001_0310_1,17,43787620,2024-05-21,17,17:00,2.0834673245747886,3.4327657,1.435935,5.798242
20001_0310_1,17,43787620,2024-05-21,18,18:00,2.3852460384368896,3.394714,1.3427267,5.7720604
20001_0310_1,17,43787620,2024-05-21,19,19:00,1.6493822097778321,3.4868758,1.4935365,5.805574
20001_0310_1,17,43787620,2024-05-21,20,20:00,1.7061395645141602,2.962533,1.0718277,5.199542
20001_0310_1,17,43787620,2024-05-21,21,21:00,,2.8661823,1.1521199,4.877675
20001_0310_1,17,43787620,2024-05-21,22,22:00,4.3412699699401855,3.234479,1.7471542,5.109649
20001_0310_1,17,43787620,2024-05-21,23,23:00,,0.46370196,0.0,2.1365712
20001_0310_1,17,43787620,2024-05-22,0,00:00,,0.0,0.0,1.036063
20001_0310_1,17,43787620,2024-05-22,1,01:00,,0.0,0.0,1.0677054
20001_0310_1,17,43787620,2024-05-22,2,02:00,,0.0,0.0,1.1151686
20001_0310_1,17,43787620,2024-05-22,3,03:00,,0.0,0.0,1.2628324
20001_0310_1,17,43787620,2024-05-22,4,04:00,,0.20281725,0.0,2.2727478
20001_0310_1,17,43787620,2024-05-22,5,05:00,8.858451843261719,5.0071654,2.9609666,7.5543666
20001_0310_1,17,43787620,2024-05-22,6,06:00,6.859858512878418,7.143017,4.667011,9.959176
20001_0310_1,17,43787620,2024-05-22,7,07:00,5.007215817769368,5.3552303,2.7434263,8.139748
20001_0310_1,17,43787620,2024-05-22,8,08:00,4.624980290730794,3.4909742,1.1046214,6.10937
20001_0310_1,17,43787620,2024-05-22,9,09:00,42.13484191894531,4.448152,2.2173736,6.8846054
20001_0310_1,17,43787620,2024-05-22,10,10:00,2.3447062174479165,3.531186,1.372921,5.9241314
20001_0310_1,17,43787620,2024-05-22,11,11:00,2.1335206031799316,3.2101493,1.020489,5.6877213
20001_0310_1,17,43787620,2024-05-22,12,12:00,8.88666852315267,4.912238,2.7935262,7.4067016
20001_0310_1,17,43787620,2024-05-22,13,13:00,3.1418862342834473,5.492347,3.3817096,8.050095
20001_0310_1,17,43787620,2024-05-22,14,14:00,6.29638671875,3.984066,1.9484146,6.4099717
20001_0310_1,17,43787620,2024-05-22,15,15:00,1.2883117198944092,3.7889388,1.8785377,6.0553145
20001_0310_1,17,43787620,2024-05-22,16,16:00,3.7115888595581055,3.7401567,1.8904035,5.927427
20001_0310_1,17,43787620,2024-05-22,17,17:00,5.6922783851623535,3.3874776,1.4612556,5.4639997
20001_0310_1,17,43787620,2024-05-22,18,18:00,2.612695058186849,3.4501028,1.5067415,5.567497
20001_0310_1,17,43787620,2024-05-22,19,19:00,1.7197341918945312,3.4270306,1.5245404,5.5114646
20001_0310_1,17,43787620,2024-05-22,20,20:00,2.268589735031128,2.8152802,0.96025336,4.8997135
20001_0310_1,17,43787620,2024-05-22,21,21:00,4.510230382283528,2.9247098,1.2285533,4.8779597
20001_0310_1,17,43787620,2024-05-22,22,22:00,2.4017186164855957,3.1669297,1.7141879,5.03135
20001_0310_1,17,43787620,2024-05-22,23,23:00,,0.4665026,0.0,2.1303575
20001_0310_1,17,43787620,2024-05-23,0,00:00,,0.0,0.0,1.2100792
20001_0310_1,17,43787620,2024-05-23,1,01:00,,0.18714762,0.0,1.3960665
20001_0310_1,17,43787620,2024-05-23,2,02:00,,0.0,0.0,1.3163577
20001_0310_1,17,43787620,2024-05-23,3,03:00,,0.0,0.0,1.3761393
20001_0310_1,17,43787620,2024-05-23,4,04:00,,0.3930624,0.0,2.56181
20001_0310_1,17,43787620,2024-05-23,5,05:00,5.798710823059082,5.215453,3.23041,7.8724184
20001_0310_1,17,43787620,2024-05-23,6,06:00,7.615377902984619,7.4140916,4.979648,10.416462
20001_0310_1,17,43787620,2024-05-23,7,07:00,7.710090637207031,5.321732,2.715416,8.310818
20001_0310_1,17,43787620,2024-05-23,8,08:00,4.689659118652344,2.8931003,0.39887434,5.7659435
20001_0310_1,17,43787620,2024-05-23,9,09:00,4.705788294474284,4.4947515,2.1632652,7.281244
20001_0310_1,17,43787620,2024-05-23,10,10:00,2.46826171875,3.248677,0.92642736,6.041085
20001_0310_1,17,43787620,2024-05-23,11,11:00,2.7097320556640625,3.2347696,0.93234336,6.126709
20001_0310_1,17,43787620,2024-05-23,12,12:00,5.222668965657552,4.7770543,2.4953861,7.7096786
20001_0310_1,17,43787620,2024-05-23,13,13:00,5.596819559733073,5.26195,3.0707846,8.164684
20001_0310_1,17,43787620,2024-05-23,14,14:00,4.689615726470947,3.867044,1.7431327,6.651875
20001_0310_1,17,43787620,2024-05-23,15,15:00,2.004166603088379,3.4249086,1.4925892,5.9828596
20001_0310_1,17,43787620,2024-05-23,16,16:00,5.4208221435546875,3.087391,1.2036444,5.488
20001_0310_1,17,43787620,2024-05-23,17,17:00,4.394362926483154,3.2420344,1.3159423,5.5538015
20001_0310_1,17,43787620,2024-05-23,18,18:00,1.4706635475158691,3.3346133,1.3692894,5.6470027
20001_0310_1,17,43787620,2024-05-23,19,19:00,3.1868508656819663,3.212144,1.3200941,5.43839
20001_0310_1,17,43787620,2024-05-23,20,20:00,4.665314674377441,2.6564643,0.83312225,4.7886786
20001_0310_1,17,43787620,2024-05-23,21,21:00,2.6752777099609375,3.082824,1.5110631,4.9717593
20001_0310_1,17,43787620,2024-05-23,22,22:00,0.0,3.200312,1.9253837,4.921111
20001_0310_1,17,43787620,2024-05-23,23,23:00,,0.39970493,0.0,1.8045752
20001_0310_1,17,43787620,2024-05-24,0,00:00,,0.0,0.0,0.96300685
20001_0310_1,17,43787620,2024-05-24,1,01:00,,0.0,0.0,0.7832631
20001_0310_1,17,43787620,2024-05-24,2,02:00,,0.0,0.0,0.9297209
20001_0310_1,17,43787620,2024-05-24,3,03:00,,0.0,0.0,1.2758942
20001_0310_1,17,43787620,2024-05-24,4,04:00,,0.01768826,0.0,2.004854
20001_0310_1,17,43787620,2024-05-24,5,05:00,6.2144120534261065,5.6363416,3.6982727,8.06621
20001_0310_1,17,43787620,2024-05-24,6,06:00,8.020819346110025,7.460407,5.0604954,10.1632185
20001_0310_1,17,43787620,2024-05-24,7,07:00,6.08473014831543,5.5830846,3.052527,8.272582
20001_0310_1,17,43787620,2024-05-24,8,08:00,7.119098663330078,2.6489356,0.2473607,5.176996
20001_0310_1,17,43787620,2024-05-24,9,09:00,6.428653717041016,4.894067,2.630628,7.3039637
20001_0310_1,17,43787620,2024-05-24,10,10:00,2.323521455128988,2.6189783,0.3671902,5.0671535
20001_0310_1,17,43787620,2024-05-24,11,11:00,0.7854166626930237,3.0978785,0.8681418,5.6945915
20001_0310_1,17,43787620,2024-05-24,12,12:00,5.516458988189697,5.2302537,2.965983,7.9330654
20001_0310_1,17,43787620,2024-05-24,13,13:00,4.284182071685791,5.669627,3.4197104,8.405725
20001_0310_1,17,43787620,2024-05-24,14,14:00,2.8968941370646157,3.928777,1.7019529,6.475145
20001_0310_1,17,43787620,2024-05-24,15,15:00,6.659090995788574,3.5018857,1.4523087,5.8194137
20001_0310_1,17,43787620,2024-05-24,16,16:00,1.77351975440979,3.3916261,1.446692,5.490924
20001_0310_1,17,43787620,2024-05-24,17,17:00,5.183022975921631,3.2759578,1.298986,5.2500176
20001_0310_1,17,43787620,2024-05-24,18,18:00,1.7260006666183472,3.2505774,1.2971138,5.2548027
20001_0310_1,17,43787620,2024-05-24,19,19:00,4.561134338378906,3.304459,1.3405936,5.2483535
20001_0310_1,17,43787620,2024-05-24,20,20:00,2.109316349029541,2.7271574,0.8564919,4.6177945
20001_0310_1,17,43787620,2024-05-24,21,21:00,7.297979831695557,3.1282518,1.4980769,4.8066916
20001_0310_1,17,43787620,2024-05-24,22,22:00,2.623626470565796,3.6084006,2.3329277,5.1472473
20001_0310_1,17,43787620,2024-05-24,23,23:00,,0.13086021,0.0,1.3957231
20001_0310_1,17,43787620,2024-05-25,0,00:00,,0.0,0.0,0.9658695
20001_0310_1,17,43787620,2024-05-25,1,01:00,,0.028786354,0.0,1.0127238
20001_0310_1,17,43787620,2024-05-25,2,02:00,,0.0,0.0,0.89893496
20001_0310_1,17,43787620,2024-05-25,3,03:00,,0.0,0.0,1.2938488
20001_0310_1,17,43787620,2024-05-25,4,04:00,,0.0,0.0,1.9765806
20001_0310_1,17,43787620,2024-05-25,5,05:00,,5.4839497,3.5118914,7.927059
20001_0310_1,17,43787620,2024-05-25,6,06:00,,7.645935,5.2563725,10.403637
20001_0310_1,17,43787620,2024-05-25,7,07:00,,5.4103217,2.944621,8.255038
20001_0310_1,17,43787620,2024-05-25,8,08:00,,3.3432999,1.0067623,6.113866
20001_0310_1,17,43787620,2024-05-25,9,09:00,,5.343387,3.206084,7.980607
20001_0310_1,17,43787620,2024-05-25,10,10:00,,2.6392326,0.58434284,5.249679
20001_0310_1,17,43787620,2024-05-25,11,11:00,,2.7856517,0.80355316,5.448809
20001_0310_1,17,43787620,2024-05-25,12,12:00,,5.1325436,3.1374764,7.836698
20001_0310_1,17,43787620,2024-05-25,13,13:00,,5.219558,3.2926805,7.9370995
20001_0310_1,17,43787620,2024-05-25,14,14:00,,3.8373606,1.9129932,6.374179
20001_0310_1,17,43787620,2024-05-25,15,15:00,,3.715205,1.9506438,6.057077
20001_0310_1,17,43787620,2024-05-25,16,16:00,,3.1533732,1.4996729,5.2613926
20001_0310_1,17,43787620,2024-05-25,17,17:00,,3.3527126,1.6578052,5.3492436
20001_0310_1,17,43787620,2024-05-25,18,18:00,,3.2347407,1.5270741,5.2084727
20001_0310_1,17,43787620,2024-05-25,19,19:00,,3.5980694,1.8845458,5.5759845
20001_0310_1,17,43787620,2024-05-25,20,20:00,,2.8584433,1.1934471,4.7844844
20001_0310_1,17,43787620,2024-05-25,21,21:00,,3.2625604,1.752141,5.021892
20001_0310_1,17,43787620,2024-05-25,22,22:00,,3.4609582,2.2396128,5.0742893
20001_0310_1,17,43787620,2024-05-25,23,23:00,,0.2295899,0.0,1.5917075
20001_0310_1,17,43787620,2024-05-26,0,00:00,,0.0,0.0,0.9654751
20001_0310_1,17,43787620,2024-05-26,1,01:00,,0.0,0.0,0.79234993
20001_0310_1,17,43787620,2024-05-26,2,02:00,,0.0,0.0,0.865595
20001_0310_1,17,43787620,2024-05-26,3,03:00,,0.0,0.0,1.0520378
20001_0310_1,17,43787620,2024-05-26,4,04:00,,0.0,0.0,1.8910296
20001_0310_1,17,43787620,2024-05-26,5,05:00,,5.8263016,3.833696,8.216763
20001_0310_1,17,43787620,2024-05-26,6,06:00,,7.7906084,5.4334407,10.520662
20001_0310_1,17,43787620,2024-05-26,7,07:00,,5.546638,3.0866764,8.323301
20001_0310_1,17,43787620,2024-05-26,8,08:00,,3.1362004,0.8406254,5.754722
20001_0310_1,17,43787620,2024-05-26,9,09:00,,5.466734,3.3784094,7.9038057
20001_0310_1,17,43787620,2024-05-26,10,10:00,,2.758321,0.7723739,5.1138244
20001_0310_1,17,43787620,2024-05-26,11,11:00,,3.035488,1.0811695,5.4625726
20001_0310_1,17,43787620,2024-05-26,12,12:00,,5.1937284,3.2373288,7.6374593
20001_0310_1,17,43787620,2024-05-26,13,13:00,,5.033921,3.0933359,7.5642138
20001_0310_1,17,43787620,2024-05-26,14,14:00,,3.7005224,1.7953118,6.0834937
20001_0310_1,17,43787620,2024-05-26,15,15:00,,3.8486776,2.0125504,6.041044
20001_0310_1,17,43787620,2024-05-26,16,16:00,,3.2353523,1.491614,5.247102
20001_0310_1,17,43787620,2024-05-26,17,17:00,,3.332215,1.5119019,5.260731
20001_0310_1,17,43787620,2024-05-26,18,18:00,,3.295176,1.4815217,5.23701
20001_0310_1,17,43787620,2024-05-26,19,19:00,,3.7271569,1.9418019,5.6739845
20001_0310_1,17,43787620,2024-05-26,20,20:00,,2.620154,0.922194,4.527862
20001_0310_1,17,43787620,2024-05-26,21,21:00,,3.3792417,1.814247,5.1169457
20001_0310_1,17,43787620,2024-05-26,22,22:00,,3.3617625,2.0280526,4.954537
20001_0310_1,17,43787620,2024-05-26,23,23:00,,0.29294986,0.0,1.6912698
20001_0310_1,17,43787620,2024-05-27,0,00:00,,0.0,0.0,0.9197266
20001_0310_1,17,43787620,2024-05-27,1,01:00,,0.0,0.0,0.8997526
20001_0310_1,17,43787620,2024-05-27,2,02:00,,0.0,0.0,0.8997525
20001_0310_1,17,43787620,2024-05-27,3,03:00,,0.0,0.0,1.2060235
20001_0310_1,17,43787620,2024-05-27,4,04:00,,0.34047514,0.0,2.2579978
20001_0310_1,17,43787620,2024-05-27,5,05:00,5.5733418464660645,5.2874174,3.1435206,7.671005
20001_0310_1,17,43787620,2024-05-27,6,06:00,8.048743438720702,7.364733,4.7847333,10.054591
20001_0310_1,17,43787620,2024-05-27,7,07:00,5.718068440755208,5.5004754,2.8131142,8.216966
20001_0310_1,17,43787620,2024-05-27,8,08:00,5.984437942504883,3.2304914,0.7326765,5.8061223
20001_0310_1,17,43787620,2024-05-27,9,09:00,2.776761293411255,5.087675,2.8072886,7.5045533
20001_0310_1,17,43787620,2024-05-27,10,10:00,3.5073318481445312,2.8713722,0.6700494,5.257456
20001_0310_1,17,43787620,2024-05-27,11,11:00,1.836594581604004,3.2184238,1.0187656,5.686069
20001_0310_1,17,43787620,2024-05-27,12,12:00,5.78791618347168,5.200862,3.0145204,7.697637
20001_0310_1,17,43787620,2024-05-27,13,13:00,5.529426574707031,5.367314,3.228411,7.89072
20001_0310_1,17,43787620,2024-05-27,14,14:00,0.9724909464518229,4.1954947,2.1015337,6.532476
20001_0310_1,17,43787620,2024-05-27,15,15:00,2.3984262148539224,4.07232,2.084888,6.2461786
20001_0310_1,17,43787620,2024-05-27,16,16:00,3.946974436442057,3.266903,1.3383527,5.306559
20001_0310_1,17,43787620,2024-05-27,17,17:00,2.3905344009399414,3.4106755,1.3924495,5.4006042
20001_0310_1,17,43787620,2024-05-27,18,18:00,15.137925148010254,3.325577,1.2723961,5.3937383
20001_0310_1,17,43787620,2024-05-27,19,19:00,1.8845558166503906,3.7310948,1.7211913,5.779281
20001_0310_1,17,43787620,2024-05-27,20,20:00,3.6959845225016275,3.1218817,1.2588718,5.1638265
20001_0310_1,17,43787620,2024-05-27,21,21:00,3.450139363606771,3.4042253,1.7251445,5.2372737
20001_0310_1,17,43787620,2024-05-27,22,22:00,1.3934948444366455,3.112727,1.7132847,4.772665
20001_0310_1,17,43787620,2024-05-27,23,23:00,,0.48695263,0.0,1.9450687
20001_0310_1,17,43787620,2024-05-28,0,00:00,,0.0,0.0,1.2143224
20001_0310_1,17,43787620,2024-05-28,1,01:00,,0.0,0.0,1.1265566
20001_0310_1,17,43787620,2024-05-28,2,02:00,,0.0,0.0,1.1873176
20001_0310_1,17,43787620,2024-05-28,3,03:00,,0.0,0.0,1.3020884
20001_0310_1,17,43787620,2024-05-28,4,04:00,,0.15438092,0.0,2.2236297
20001_0310_1,17,43787620,2024-05-28,5,05:00,4.829533576965332,4.3485765,2.3924105,6.9342937
20001_0310_1,17,43787620,2024-05-28,6,06:00,11.901604461669923,6.2844887,3.8422348,9.228021
20001_0310_1,17,43787620,2024-05-28,7,07:00,5.739707310994466,4.8836102,2.2675123,7.8744
20001_0310_1,17,43787620,2024-05-28,8,08:00,7.096992015838623,3.3742907,0.9033445,6.2030516
20001_0310_1,17,43787620,2024-05-28,9,09:00,4.613791465759277,4.9477468,2.6270154,7.6448593
20001_0310_1,17,43787620,2024-05-28,10,10:00,3.6911513010660806,3.0801907,0.8187432,5.7808895
20001_0310_1,17,43787620,2024-05-28,11,11:00,1.3327568372090657,2.992425,0.7297118,5.793126
20001_0310_1,17,43787620,2024-05-28,12,12:00,2.302863121032715,4.7249565,2.4632976,7.5638447
20001_0310_1,17,43787620,2024-05-28,13,13:00,4.068406422932942,4.8397274,2.594947,7.7089953
20001_0310_1,17,43787620,2024-05-28,14,14:00,2.7843926747639975,3.7401226,1.5679177,6.486181
20001_0310_1,17,43787620,2024-05-28,15,15:00,5.15009069442749,3.4932811,1.4265639,6.0714025
20001_0310_1,17,43787620,2024-05-28,16,16:00,3.895564079284668,3.2890565,1.296392,5.792703
20001_0310_1,17,43787620,2024-05-28,17,17:00,8.08168888092041,3.8962445,1.8354344,6.37563
20001_0310_1,17,43787620,2024-05-28,18,18:00,5.7083314259847,3.371337,1.2563065,5.907897
20001_0310_1,17,43787620,2024-05-28,19,19:00,3.3684873580932617,3.4464445,1.4044117,5.968236
20001_0310_1,17,43787620,2024-05-28,20,20:00,1.965014139811198,3.114158,1.1700178,5.5718126
20001_0310_1,17,43787620,2024-05-28,21,21:00,4.5252532958984375,3.223443,1.4930209,5.4357333
20001_0310_1,17,43787620,2024-05-28,22,22:00,1.4275251626968384,2.7080295,1.2447028,4.7249565
20001_0310_1,17,43787620,2024-05-28,23,23:00,,0.32991254,0.0,2.1189857
20001_0310_1,17,43787620,2024-05-29,0,00:00,,0.15501216,0.0,1.535876
20001_0310_1,17,43787620,2024-05-29,1,01:00,,0.08765296,0.0,1.3876859
20001_0310_1,17,43787620,2024-05-29,2,02:00,,0.12133239,0.0,1.5426118
20001_0310_1,17,43787620,2024-05-29,3,03:00,,0.0,0.0,1.5998672
20001_0310_1,17,43787620,2024-05-29,4,04:00,,0.32341018,0.0,2.6136234
20001_0310_1,17,43787620,2024-05-29,5,05:00,4.278980890909831,5.1463294,3.0034647,7.975416
20001_0310_1,17,43787620,2024-05-29,6,06:00,9.651734034220377,7.301824,4.7320704,10.454236
20001_0310_1,17,43787620,2024-05-29,7,07:00,3.8000216484069824,5.739091,3.0624044,8.931917
20001_0310_1,17,43787620,2024-05-29,8,08:00,2.8296839396158853,4.430638,1.9248753,7.4483304
20001_0310_1,17,43787620,2024-05-29,9,09:00,25.61561393737793,5.968112,3.6383255,8.851086
20001_0310_1,17,43787620,2024-05-29,10,10:00,4.145175933837891,3.361521,1.1083553,6.2209196
20001_0310_1,17,43787620,2024-05-29,11,11:00,4.754711627960205,3.3579428,1.1058295,6.3126965
20001_0310_1,17,43787620,2024-05-29,12,12:00,5.281493186950684,5.2204247,2.9453676,8.221278
20001_0310_1,17,43787620,2024-05-29,13,13:00,5.524833679199219,5.5706925,3.2830057,8.601857
20001_0310_1,17,43787620,2024-05-29,14,14:00,4.661387761433919,4.2134047,2.0073903,7.1098504
20001_0310_1,17,43787620,2024-05-29,15,15:00,2.664736270904541,4.233612,2.1522124,6.9818683
20001_0310_1,17,43787620,2024-05-29,16,16:00,3.8138628005981445,3.6509552,1.6520703,6.272912
20001_0310_1,17,43787620,2024-05-29,17,17:00,2.8906023502349854,4.093842,2.042754,6.666963
20001_0310_1,17,43787620,2024-05-29,18,18:00,2.418485164642334,3.8900807,1.825521,6.4530983
20001_0310_1,17,43787620,2024-05-29,19,19:00,1.4936264038085938,3.6366413,1.6221799,6.1958704
20001_0310_1,17,43787620,2024-05-29,20,20:00,4.461167907714843,2.7197142,0.8016606,5.1867447
20001_0310_1,17,43787620,2024-05-29,21,21:00,2.429959297180176,3.2249086,1.5074593,5.468181
20001_0310_1,17,43787620,2024-05-29,22,22:00,1.3206636905670166,2.5934157,1.1199328,4.669763
20001_0310_1,17,43787620,2024-05-29,23,23:00,,0.21563542,0.0,2.051174
20001_0310_1,17,43787620,2024-05-30,0,00:00,,0.0,0.0,1.1685414
20001_0310_1,17,43787620,2024-05-30,1,01:00,,0.18041635,0.0,1.3746971
20001_0310_1,17,43787620,2024-05-30,2,02:00,,0.04534878,0.0,1.4813294
20001_0310_1,17,43787620,2024-05-30,3,03:00,,0.0,0.0,1.5381997
20001_0310_1,17,43787620,2024-05-30,4,04:00,,0.0,0.0,2.2597446
20001_0310_1,17,43787620,2024-05-30,5,05:00,,5.6399856,3.502898,8.419532
20001_0310_1,17,43787620,2024-05-30,6,06:00,,8.767864,6.2513447,11.796219
20001_0310_1,17,43787620,2024-05-30,7,07:00,,5.9669914,3.4273667,9.002455
20001_0310_1,17,43787620,2024-05-30,8,08:00,,3.3069618,0.8988508,6.1664815
20001_0310_1,17,43787620,2024-05-30,9,09:00,,5.711074,3.5890927,8.391097
20001_0310_1,17,43787620,2024-05-30,10,10:00,,2.75203,0.72424066,5.34497
20001_0310_1,17,43787620,2024-05-30,11,11:00,,2.865771,0.9632745,5.3849573
20001_0310_1,17,43787620,2024-05-30,12,12:00,,5.0179644,3.0710375,7.566474
20001_0310_1,17,43787620,2024-05-30,13,13:00,,4.7727103,2.9688487,7.3034487
20001_0310_1,17,43787620,2024-05-30,14,14:00,,3.6566267,1.8963066,6.0905066
20001_0310_1,17,43787620,2024-05-30,15,15:00,,3.8965487,2.2739618,6.11983
20001_0310_1,17,43787620,2024-05-30,16,16:00,,2.8355587,1.2698423,4.9486537
20001_0310_1,17,43787620,2024-05-30,17,17:00,,3.320735,1.6839306,5.31298
20001_0310_1,17,43787620,2024-05-30,18,18:00,,3.5826507,1.8854214,5.603331
20001_0310_1,17,43787620,2024-05-30,19,19:00,,3.4442506,1.7687922,5.419168
20001_0310_1,17,43787620,2024-05-30,20,20:00,,2.535211,0.8539765,4.5079074
20001_0310_1,17,43787620,2024-05-30,21,21:00,,3.4575799,1.9258525,5.2136793
20001_0310_1,17,43787620,2024-05-30,22,22:00,,3.079924,1.6972597,4.782485
20001_0310_1,17,43787620,2024-05-30,23,23:00,,0.16619852,0.0,1.6021792
20001_0310_1,17,43787620,2024-05-31,0,00:00,,0.18213838,0.0,1.3388425
20001_0310_1,17,43787620,2024-05-31,1,01:00,,0.16110727,0.0,1.2126564
20001_0310_1,17,43787620,2024-05-31,2,02:00,,0.0839938,0.0,1.2687393
20001_0310_1,17,43787620,2024-05-31,3,03:00,,0.0,0.0,1.3738939
20001_0310_1,17,43787620,2024-05-31,4,04:00,,0.42048943,0.0,2.3483295
20001_0310_1,17,43787620,2024-05-31,5,05:00,,5.495967,3.4684482,7.8654566
20001_0310_1,17,43787620,2024-05-31,6,06:00,,8.265047,5.8815346,10.90093
20001_0310_1,17,43787620,2024-05-31,7,07:00,,5.9936996,3.563745,8.678656
20001_0310_1,17,43787620,2024-05-31,8,08:00,,3.7942097,1.5035851,6.333701
20001_0310_1,17,43787620,2024-05-31,9,09:00,,6.1549377,4.085139,8.517418
20001_0310_1,17,43787620,2024-05-31,10,10:00,,2.5621445,0.6307993,4.8019443
20001_0310_1,17,43787620,2024-05-31,11,11:00,,2.861836,1.0698209,5.090244
20001_0310_1,17,43787620,2024-05-31,12,12:00,,5.201533,3.365703,7.444837
20001_0310_1,17,43787620,2024-05-31,13,13:00,,4.949161,3.2088473,7.2064867
20001_0310_1,17,43787620,2024-05-31,14,14:00,,4.3182316,2.5884328,6.463392
20001_0310_1,17,43787620,2024-05-31,15,15:00,,4.1429734,2.4762678,6.1391644
20001_0310_1,17,43787620,2024-05-31,16,16:00,,3.4273725,1.78126,5.328486
20001_0310_1,17,43787620,2024-05-31,17,17:00,,3.7486424,2.0004418,5.6002455
20001_0310_1,17,43787620,2024-05-31,18,18:00,,4.0062723,2.2168858,5.9043183
20001_0310_1,17,43787620,2024-05-31,19,19:00,,3.7670445,1.9539987,5.6484413
20001_0310_1,17,43787620,2024-05-31,20,20:00,,3.0809085,1.369074,4.9127946
20001_0310_1,17,43787620,2024-05-31,21,21:00,,3.74689,2.1914735,5.3811727
20001_0310_1,17,43787620,2024-05-31,22,22:00,,3.478745,2.1139216,5.002177
20001_0310_1,17,43787620,2024-05-31,23,23:00,,0.2943036,0.0,1.6122453
