#{"t_start": 1749504241.4741547, "env_id": "None"}
r,l,t
-150.0,1,0.687814
-265.67497,2,0.700572
-150.0,1,0.704211
-150.0,1,0.708616
-150.0,1,0.715155
-150.0,1,0.719288
-150.0,1,0.723755
-150.0,1,0.731376
-199.387991,2,0.742785
-150.0,1,0.748064
-150.0,1,0.751931
-150.0,1,0.75664
-150.0,1,0.763343
-1102.183182,2,0.77298
-150.0,1,0.782474
-150.0,1,0.78766
-150.0,1,0.792936
-374.761718,2,0.802997
-150.0,1,0.807253
-150.0,1,0.814178
-150.0,1,0.821165
-150.0,1,0.825696
-150.0,1,0.832291
-150.0,1,0.839898
-150.0,1,0.846267
-150.0,1,0.85109
-150.0,1,0.856185
-150.0,1,0.862175
-208.982981,2,0.874638
-150.0,1,0.88188
-150.0,1,0.888733
-150.0,1,0.897361
-150.0,1,0.903928
-263.097843,2,0.913982
-150.0,1,0.918022
-150.0,1,0.923362
-150.0,1,0.932186
-242.29137,2,0.941903
-150.0,1,0.945679
-150.0,1,0.949621
-150.0,1,0.958786
-150.0,1,0.963464
-150.0,1,0.970079
-150.0,1,0.976647
-150.0,1,0.982847
-150.0,1,0.986945
-150.0,1,0.992588
-520.355726,2,1.004939
-150.0,1,1.015379
-150.0,1,1.02135
-150.0,1,1.027563
-150.0,1,1.031265
-150.0,1,1.038502
-150.0,1,1.043392
-313.208745,2,1.053074
-150.0,1,1.057221
-581.757648,2,1.067285
-150.0,1,1.073014
-150.0,1,1.077556
-150.0,1,1.081329
-150.0,1,1.090811
-255.401795,2,1.100529
-150.0,1,1.105547
-150.0,1,1.111675
-150.0,1,1.117157
-150.0,1,1.121263
-150.0,1,1.126984
-150.0,1,1.131436
-150.0,1,1.1381
-150.0,1,1.145236
-150.0,1,1.149007
-150.0,1,1.155734
-150.0,1,1.165215
-150.0,1,1.171761
-363.190208,2,1.182408
-150.0,1,1.188188
-150.0,1,1.199395
-150.0,1,1.204618
-775.526791,3,1.220886
-150.0,1,1.226224
-1881.457264,4,1.246243
-150.0,1,1.252492
-150.0,1,1.259163
-150.0,1,1.263825
-150.0,1,1.271345
-150.0,1,1.278064
-207.8182,2,1.289454
-845.994824,2,1.300053
-429.013983,2,1.315202
-150.0,1,1.32053
-150.0,1,1.326348
-150.0,1,1.333025
-150.0,1,1.34145
-150.0,1,1.345768
-150.0,1,1.350556
-195.359704,2,1.360476
-150.0,1,1.36938
-150.0,1,1.376564
-150.0,1,1.380893
-150.0,1,1.38768
-253.493441,2,1.399315
-150.0,1,1.404902
-276.322018,2,1.417348
-150.0,1,1.421702
-150.0,1,1.430006
-150.0,1,1.438603
-150.0,1,1.445368
-150.0,1,1.451131
-150.0,1,1.457428
-150.0,1,1.464687
-150.0,1,1.469788
-150.0,1,1.474951
-150.0,1,1.485128
-150.0,1,1.492496
-150.0,1,1.498657
-150.0,1,1.502422
-150.0,1,1.508445
-150.0,1,1.518435
-150.0,1,1.525609
-150.0,1,1.530848
-150.0,1,1.537268
-150.0,1,1.54365
-150.0,1,1.547744
-235.017449,2,1.557187
-150.0,1,1.566212
-150.0,1,1.571383
-150.0,1,1.579012
-150.0,1,1.582672
-150.0,1,1.589845
-150.0,1,1.593505
-150.0,1,1.597522
-150.0,1,1.602625
-150.0,1,1.610794
-150.0,1,1.6151
-150.0,1,1.620768
-150.0,1,1.627242
-150.0,1,1.63675
-150.0,1,1.641404
-150.0,1,1.647012
-150.0,1,1.650682
-150.0,1,1.658099
-329.837486,2,1.668286
-150.0,1,1.674646
-690.824875,2,1.68453
-150.0,1,1.690634
-150.0,1,1.695624
-150.0,1,1.704535
-628.531583,3,1.717848
-150.0,1,1.728177
-150.0,1,1.732489
-3525.114192,4,1.75284
-150.0,1,1.76124
-150.0,1,1.768659
-150.0,1,1.777791
-150.0,1,1.783776
-150.0,1,1.792246
-150.0,1,1.798023
-150.0,1,1.806604
-150.0,1,1.81035
-150.0,1,1.814376
-303.886276,2,1.83057
-150.0,1,1.835295
-150.0,1,1.839874
-150.0,1,1.845195
-150.0,1,1.853263
-150.0,1,1.858796
-150.0,1,1.865194
-1055.845809,2,1.880299
-150.0,1,1.887177
-150.0,1,1.891582
-150.0,1,1.895777
-150.0,1,1.903436
-336.644577,2,1.914581
-239.595134,2,1.930507
-150.0,1,1.934939
-150.0,1,1.942607
-150.0,1,1.950293
-150.0,1,1.960177
-373.324003,2,1.969383
-234.827386,2,1.980448
-150.0,1,1.987767
-150.0,1,1.99204
-150.0,1,1.999235
-150.0,1,2.005181
-150.0,1,2.016506
-150.0,1,2.022763
-215.768344,2,2.036209
-150.0,1,2.040879
-227.415694,2,2.054275
-150.0,1,2.060885
-150.0,1,2.068894
-150.0,1,2.074925
-150.0,1,2.081234
-150.0,1,2.086814
-150.0,1,2.091546
-150.0,1,2.097851
-150.0,1,2.105367
-150.0,1,2.110763
-1121.695329,3,2.126273
-150.0,1,2.132067
-150.0,1,2.139962
-150.0,1,2.144509
-150.0,1,2.150405
-150.0,1,2.156083
-150.0,1,2.16293
-150.0,1,2.16805
-150.0,1,2.173006
-150.0,1,2.17991
-150.0,1,2.188717
-150.0,1,2.193587
-150.0,1,2.198396
-292.50041,2,2.208717
-150.0,1,2.215266
-363.055406,3,2.23381
-150.0,1,2.239826
-150.0,1,2.244407
-150.0,1,2.255402
-150.0,1,2.260898
-150.0,1,2.266198
-270.536618,2,2.281122
-150.0,1,2.289012
-150.0,1,2.295213
-150.0,1,2.300224
-150.0,1,2.309262
-150.0,1,2.315902
-150.0,1,2.319774
-211.985873,2,2.331329
-150.0,1,2.335531
-150.0,1,2.343174
-150.0,1,2.349581
-150.0,1,2.356135
-150.0,1,2.362776
-150.0,1,2.368521
-150.0,1,2.374465
-515.961442,2,2.3855
-150.0,1,2.390233
-150.0,1,2.396831
-150.0,1,2.402104
-150.0,1,2.405806
-150.0,1,2.413894
-150.0,1,2.421211
-150.0,1,2.431197
-150.0,1,2.435309
-150.0,1,2.442681
-150.0,1,2.450049
-150.0,1,2.457994
-150.0,1,2.46307
-150.0,1,2.467242
-150.0,1,2.476395
-150.0,1,2.482164
-602.786157,2,2.494148
-2541272.010513,2,2.503762
-150.0,1,2.511397
-461.93093,2,2.521486
-150.0,1,2.529095
-150.0,1,2.534921
-150.0,1,2.547035
-150.0,1,2.552111
-1008.318241,2,2.563895
-150.0,1,2.56781
-150.0,1,2.573653
-150.0,1,2.585469
-150.0,1,2.590858
-150.0,1,2.597832
-150.0,1,2.606836
-150.0,1,2.616961
-150.0,1,2.626111
-575.188993,4,2.65154
-150.0,1,2.658768
-150.0,1,2.663034
-150.0,1,2.669517
-150.0,1,2.677775
-150.0,1,2.6861
-258.924466,2,2.69708
-150.0,1,2.704974
-150.0,1,2.709523
-150.0,1,2.717085
-150.0,1,2.725027
-150.0,1,2.73082
-150.0,1,2.735984
-150.0,1,2.743129
-150.0,1,2.751207
-150.0,1,2.757827
-6182986.187579,3,2.77553
-150.0,1,2.784359
-150.0,1,2.791203
-150.0,1,2.79691
-150.0,1,2.804733
-150.0,1,2.813091
-401.175901,2,2.824407
-2967.893845,3,2.843915
-150.0,1,2.847815
-552.209975,2,2.866192
-417.477027,2,2.879333
-150.0,1,2.885756
-150.0,1,2.892982
-150.0,1,2.903733
-150.0,1,2.910166
-150.0,1,2.9165
-150.0,1,2.921381
-150.0,1,2.928157
-150.0,1,2.934393
-150.0,1,2.940013
-150.0,1,2.946355
-150.0,1,2.955774
-150.0,1,2.964457
-150.0,1,2.970219
-150.0,1,2.975767
-150.0,1,2.982687
-150.0,1,2.987745
-150.0,1,2.996284
-150.0,1,3.000131
-150.0,1,3.005697
-150.0,1,3.011947
-150.0,1,3.018261
-150.0,1,3.022082
-150.0,1,3.031767
-150.0,1,3.0405
-150.0,1,3.048085
-150.0,1,3.054423
-150.0,1,3.061217
-341.146217,2,3.074774
-150.0,1,3.078633
-150.0,1,3.083254
-412.973544,3,3.103468
-150.0,1,3.109625
-150.0,1,3.114076
-150.0,1,3.120979
-150.0,1,3.1279
-150.0,1,3.137117
-150.0,1,3.141935
-150.0,1,3.147219
-150.0,1,3.153215
-150.0,1,3.16091
-150.0,1,3.165521
-360.251167,2,3.178198
-150.0,1,3.185026
-150.0,1,3.190494
-150.0,1,3.196913
-150.0,1,3.203176
-150.0,1,3.210032
-150.0,1,3.214089
-150.0,1,3.219292
-793.395467,2,3.229519
-150.0,1,3.237125
-902.365455,4,3.25832
-150.0,1,3.265571
-150.0,1,3.270769
-150.0,1,3.278713
-150.0,1,3.286949
-150.0,1,3.294108
-265.689384,2,3.302317
-150.0,1,3.310363
-150.0,1,3.315597
-150.0,1,3.320827
-150.0,1,3.329576
-150.0,1,3.337118
-150.0,1,3.344079
-271.355277,2,3.353703
-150.0,1,3.363275
-150.0,1,3.371757
-645.11637,2,3.383958
-150.0,1,3.390252
-150.0,1,3.396449
-248.433843,2,3.408588
-150.0,1,3.413768
-150.0,1,3.420199
-150.0,1,3.425907
-427.708196,3,3.443134
-150.0,1,3.449916
-188.455602,2,3.45893
-150.0,1,3.465825
-150.0,1,3.475269
-150.0,1,3.478812
-290.228749,2,3.493445
-150.0,1,3.497658
-150.0,1,3.504927
-150.0,1,3.509531
-186.364887,2,3.520826
-150.0,1,3.526379
-150.0,1,3.533298
-150.0,1,3.542131
-150.0,1,3.547113
-150.0,1,3.550994
-150.0,1,3.559998
-153.918472,2,3.572379
-150.0,1,3.579169
-150.0,1,3.587269
-150.0,1,3.598661
-150.0,1,3.604134
-150.0,1,3.608327
-150.0,1,3.614187
-375.096624,2,3.628248
-150.0,1,3.63341
-150.0,1,3.637375
-150.0,1,3.644794
-150.0,1,3.652665
-150.0,1,3.657577
-150.0,1,3.663409
-150.0,1,3.670463
-150.0,1,3.678162
-150.0,1,3.682698
-271.944443,2,3.698666
-150.0,1,3.70842
-150.0,1,3.714496
-150.0,1,3.718613
-150.0,1,3.72694
-150.0,1,3.731946
-150.0,1,3.738203
-150.0,1,3.744647
-150.0,1,3.749856
-150.0,1,3.759125
-150.0,1,3.768173
-272.737004,2,3.780195
-150.0,1,3.784478
-150.0,1,3.790358
-150.0,1,3.800493
-150.0,1,3.810798
-150.0,1,3.81504
-150.0,1,3.818893
-150.0,1,3.826649
-150.0,1,3.833388
-150.0,1,3.839723
-150.0,1,3.845444
-994.271342,2,3.861115
-150.0,1,3.866708
-150.0,1,3.870323
-150.0,1,3.876266
-150.0,1,3.885521
-150.0,1,3.889458
-150.0,1,3.895121
-150.0,1,3.901742
-150.0,1,3.909504
-150.0,1,3.914468
-150.0,1,3.920758
-150.0,1,3.928312
-305.17298,2,3.941252
-150.0,1,3.947013
-150.0,1,3.952147
-368.318255,3,3.968175
-150.0,1,3.977449
-150.0,1,3.988294
-150.0,1,3.99474
-150.0,1,3.999719
-150.0,1,4.007212
-150.0,1,4.013214
-150.0,1,4.016934
-150.0,1,4.021172
-280.110751,2,4.033868
-150.0,1,4.042756
-150.0,1,4.049402
-150.0,1,4.053334
-150.0,1,4.061053
-150.0,1,4.06586
-150.0,1,4.072663
-150.0,1,4.079033
-150.0,1,4.087278
-150.0,1,4.091304
-150.0,1,4.095877
-150.0,1,4.099948
-150.0,1,4.10955
-150.0,1,4.115872
-2447.409641,3,4.13053
-2344.462392,3,4.146626
-150.0,1,4.155587
-150.0,1,4.162688
-150.0,1,4.170217
-150.0,1,4.176449
-150.0,1,4.184733
-150.0,1,4.188711
-150.0,1,4.197211
-150.0,1,4.201627
-2294.082893,2,4.216094
-150.0,1,4.222611
-150.0,1,4.228028
-411.733476,2,4.238668
-150.0,1,4.246813
-150.0,1,4.252358
-150.0,1,4.259744
-150.0,1,4.265665
-598.531372,2,4.275835
-150.0,1,4.285673
-150.0,1,4.292701
-150.0,1,4.298785
-150.0,1,4.30679
-150.0,1,4.316611
-150.0,1,4.323768
-150.0,1,4.330771
-150.0,1,4.340985
-150.0,1,4.34655
-150.0,1,4.352586
-150.0,1,4.357028
-150.0,1,4.363813
-150.0,1,4.37054
-150.0,1,4.375818
-150.0,1,4.381127
-150.0,1,4.389967
-150.0,1,4.396256
-150.0,1,4.403605
-150.0,1,4.411226
-150.0,1,4.420589
-150.0,1,4.427775
-150.0,1,4.431986
-477.112767,3,4.448532
-151.581333,2,4.459989
-150.0,1,4.466475
-150.0,1,4.474401
-150.0,1,4.478907
-150.0,1,4.487435
-2519.455855,2,4.500959
-150.0,1,4.506279
-150.0,1,4.513255
-255.961438,2,4.53041
-150.0,1,4.536962
-150.0,1,4.542021
-150.0,1,4.548438
-358.11219,2,4.564388
-150.0,1,4.571323
-150.0,1,4.575898
-150.0,1,4.584429
-150.0,1,4.594641
-150.0,1,4.60047
-691.220021,3,4.618772
-150.0,1,4.624595
-150.0,1,4.63066
-1673.617803,4,4.650691
-150.0,1,4.658417
-150.0,1,4.666313
-150.0,1,4.672052
-150.0,1,4.677849
-150.0,1,4.683742
-150.0,1,4.689129
-150.0,1,4.694933
-150.0,1,4.699666
-150.0,1,4.705571
-150.0,1,4.712208
-150.0,1,4.71905
-216.537247,2,4.732567
-150.0,1,4.737013
-150.0,1,4.743739
-150.0,1,4.749405
-150.0,1,4.755083
-560.879067,2,4.766043
-150.0,1,4.771973
-150.0,1,4.781906
-150.0,1,4.787359
-243.584352,2,4.801589
-150.0,1,4.808979
-150.0,1,4.814945
-471.572144,3,4.83295
-150.0,1,4.837305
-150.0,1,4.843125
-373.072935,3,4.863723
-150.0,1,4.868586
-150.0,1,4.877322
-150.0,1,4.884027
-150.0,1,4.894395
-150.0,1,4.898614
-150.0,1,4.905642
-150.0,1,4.911902
-150.0,1,4.917351
-150.0,1,4.925579
-150.0,1,4.930727
-150.0,1,4.937546
-150.0,1,4.946124
-150.0,1,4.950104
-1210.7163,3,4.964692
-150.0,1,4.970493
-150.0,1,4.977095
-150.0,1,4.982874
-150.0,1,4.988388
-150.0,1,4.995072
-150.0,1,5.00212
-150.0,1,5.008675
-150.0,1,5.015687
-150.0,1,5.020445
-150.0,1,5.027491
-165.157309,2,5.040643
-150.0,1,5.04579
-150.0,1,5.054146
-150.0,1,5.065012
-150.0,1,5.06946
-150.0,1,5.074974
-944.226994,3,5.090667
-150.0,1,5.099541
-150.0,1,5.10616
-150.0,1,5.111886
-150.0,1,5.116509
-150.0,1,5.123217
-150.0,1,5.131031
-150.0,1,5.136496
-150.0,1,5.143866
-150.0,1,5.149667
-150.0,1,5.154062
-150.0,1,5.16047
-150.0,1,5.169044
-150.0,1,5.175193
-150.0,1,5.181032
-150.0,1,5.187684
-168.946713,2,5.197263
-150.0,1,5.207803
-150.0,1,5.215409
-150.0,1,5.219571
-150.0,1,5.224634
-150.0,1,5.232196
-150.0,1,5.241646
-150.0,1,5.246523
-150.0,1,5.251568
-150.0,1,5.257642
-150.0,1,5.263973
-278.673906,2,5.27336
-150.0,1,5.277288
-344.134439,2,5.292651
-150.0,1,5.297122
-208.564634,2,5.30987
-150.0,1,5.317703
-150.0,1,5.325598
-150.0,1,5.331091
-150.0,1,5.33642
-150.0,1,5.341315
-150.0,1,5.350307
-150.0,1,5.356387
-1175.940354,4,5.375761
-150.0,1,5.382794
-150.0,1,5.390205
-409.116243,2,5.400509
-306.126963,3,5.41751
-150.0,1,5.422977
-150.0,1,5.431541
-150.0,1,5.439945
-150.0,1,5.443816
-150.0,1,5.448774
-150.0,1,5.457837
-150.0,1,5.464315
-150.0,1,5.468649
-523.006406,3,5.484208
-150.0,1,5.4929
-150.0,1,5.49895
-150.0,1,5.504615
-150.0,1,5.508459
-501.584278,2,5.522202
-150.0,1,5.529869
-431.236066,2,5.540743
-150.0,1,5.547626
-150.0,1,5.557663
-150.0,1,5.562574
-150.0,1,5.568434
-150.0,1,5.571876
-150.0,1,5.580425
-150.0,1,5.586405
-150.0,1,5.59257
-150.0,1,5.596878
-150.0,1,5.60446
-150.0,1,5.610393
-150.0,1,5.615236
-150.0,1,5.621712
-150.0,1,5.63024
-217.653463,2,5.639467
-150.0,1,5.643717
-150.0,1,5.651146
-452.427653,2,5.666733
-150.0,1,5.673165
-150.0,1,5.679181
-150.0,1,5.686893
-150.0,1,5.695333
-150.0,1,5.70185
-150.0,1,5.707587
-215.261709,2,5.718265
-150.0,1,5.727581
-150.0,1,5.734267
-150.0,1,5.738365
-150.0,1,5.74327
-150.0,1,5.749969
-395.296434,2,5.762999
-899.030509,2,5.772994
-150.0,1,5.778762
-1386.90555,2,5.791945
-5365764.124751,3,5.807332
-150.0,1,5.813278
-1212.951498,3,5.830732
-150.0,1,5.837949
-150.0,1,5.842969
-150.0,1,5.852199
-466.940776,2,5.864687
-150.0,1,5.872913
-150.0,1,5.880387
-150.0,1,5.887021
-150.0,1,5.891004
-150.0,1,5.901572
-150.0,1,5.90853
-150.0,1,5.915386
-150.0,1,5.919358
-150.0,1,5.92651
-150.0,1,5.934143
-150.0,1,5.939338
-150.0,1,5.946089
-150.0,1,5.952605
-584.142902,2,5.964322
-150.0,1,5.971141
-150.0,1,5.974915
-150.0,1,5.9851
-1526.290031,4,6.004771
-150.0,1,6.00965
-150.0,1,6.01438
-150.0,1,6.022836
-150.0,1,6.028521
-150.0,1,6.032997
-150.0,1,6.040691
-354.00654,2,6.055099
-150.0,1,6.061246
-150.0,1,6.06531
-150.0,1,6.071054
-150.0,1,6.08002
-150.0,1,6.087623
-150.0,1,6.092703
-435.830584,2,6.103583
-150.0,1,6.112345
-150.0,1,6.117335
-150.0,1,6.121629
-150.0,1,6.127643
-150.0,1,6.137552
-150.0,1,6.141927
-150.0,1,6.148858
-150.0,1,6.155451
-150.0,1,6.1649
-150.0,1,6.169131
-150.0,1,6.173009
-150.0,1,6.182757
-150.0,1,6.193316
-150.924904,2,6.206154
-150.0,1,6.212087
-150.0,1,6.218036
-150.0,1,6.224815
-150.0,1,6.230633
-150.0,1,6.236699
-150.0,1,6.24146
-247.854732,2,6.255251
-150.0,1,6.263401
-150.0,1,6.268903
-1120.389319,2,6.279305
-150.0,1,6.292559
-150.0,1,6.297369
-276.574067,2,6.307808
-150.0,1,6.314495
-150.0,1,6.321307
-150.0,1,6.328774
-150.0,1,6.334809
-150.0,1,6.344149
-150.0,1,6.351287
-150.0,1,6.356523
-150.0,1,6.362049
-150.0,1,6.368013
-150.0,1,6.376618
-150.0,1,6.381047
-150.0,1,6.386597
-150.0,1,6.394369
-150.0,1,6.400367
-150.0,1,6.4051
-150.0,1,6.41184
-150.0,1,6.418433
-150.0,1,6.426856
-150.0,1,6.431914
-150.0,1,6.440614
-150.0,1,6.446308
-165.064801,2,6.456749
-818.82066,2,6.470316
-150.0,1,6.475469
-150.0,1,6.48083
-150.0,1,6.489068
-728.418345,2,6.506559
-150.0,1,6.510459
-150.0,1,6.515691
-150.0,1,6.526722
-324.719566,2,6.536978
-150.0,1,6.544368
-150.0,1,6.550833
-208.227089,2,6.563766
-409.427264,2,6.578452
-150.0,1,6.586232
-150.0,1,6.596978
-150.0,1,6.605065
-150.0,1,6.611133
-580.861787,2,6.620741
-150.0,1,6.626867
-150.0,1,6.635855
-150.0,1,6.640661
-150.0,1,6.645768
-150.0,1,6.651435
-150.0,1,6.66187
-150.0,1,6.670557
-150.0,1,6.678758
-150.0,1,6.682557
-150.0,1,6.690578
-150.0,1,6.695278
-150.0,1,6.701895
-150.0,1,6.708771
0.0,1,6.714892
-150.0,1,6.719635
-268.709378,2,6.72839
-150.0,1,6.736988
-150.0,1,6.742529
-150.0,1,6.746798
-150.0,1,6.75327
-150.0,1,6.759457
-150.0,1,6.766926
-150.0,1,6.774321
-239.897567,2,6.788219
-150.0,1,6.792181
-150.0,1,6.798793
-150.0,1,6.811439
-150.0,1,6.827216
-150.0,1,6.833635
-150.0,1,6.841636
-150.0,1,6.845415
-150.0,1,6.980152
-150.0,1,6.98522
-150.0,1,6.992786
-590.820347,2,7.003427
-150.0,1,7.008632
-150.0,1,7.014502
-437.269099,2,7.029168
-150.0,1,7.035032
-203.259296,2,7.045287
-267.124255,2,7.056546
-150.0,1,7.064915
-150.0,1,7.069247
-623.222648,2,7.082577
-278.14907,2,7.092086
-150.0,1,7.104609
-150.0,1,7.111935
-150.0,1,7.116116
-150.0,1,7.122374
-150.0,1,7.13081
-727.576783,2,7.139727
-150.0,1,7.146641
-150.0,1,7.152603
-150.0,1,7.163205
-150.0,1,7.167379
-150.0,1,7.173815
-978.163869,2,7.186451
-150.0,1,7.193632
-150.0,1,7.197668
-150.0,1,7.203047
-150.0,1,7.20821
-150.0,1,7.215956
-150.0,1,7.220142
-150.0,1,7.22819
-150.0,1,7.234347
-150.0,1,7.245318
-150.0,1,7.252352
-150.0,1,7.26335
-150.0,1,7.271574
-150.0,1,7.28199
-150.0,1,7.293713
-150.0,1,7.302322
-150.0,1,7.309286
-150.0,1,7.318846
-150.0,1,7.32377
-150.0,1,7.331285
-150.0,1,7.338156
-150.0,1,7.345574
-150.0,1,7.352497
-150.0,1,7.359585
-150.0,1,7.364
-258.1225,2,7.378344
-150.0,1,7.384756
-150.0,1,7.395108
-150.0,1,7.39984
-150.0,1,7.409773
-574.056237,3,7.424593
-150.0,1,7.431397
-367.123642,2,7.442448
-150.0,1,7.450707
-150.0,1,7.456946
-441.522669,2,7.469624
-150.0,1,7.474589
-150.0,1,7.481982
-150.0,1,7.487188
-150.0,1,7.491847
-150.0,1,7.498274
-192.340359,2,7.513736
-150.0,1,7.521505
-150.0,1,7.527143
-361.406217,2,7.540881
-150.0,1,7.550314
-150.0,1,7.556798
-150.0,1,7.563915
-150.0,1,7.569452
-150.0,1,7.580463
-150.0,1,7.585451
-150.0,1,7.589704
-150.0,1,7.59915
-150.0,1,7.605729
-150.0,1,7.61074
-150.0,1,7.615089
-150.0,1,7.622264
-150.0,1,7.631212
-150.0,1,7.637961
-150.0,1,7.645644
-150.0,1,7.652995
-269.524413,2,7.667155
-150.0,1,7.671281
-150.0,1,7.679829
-150.0,1,7.68409
-150.0,1,7.690662
-150.0,1,7.695471
-150.0,1,7.703175
-150.0,1,7.708485
-150.0,1,7.717148
-150.0,1,7.72122
-150.0,1,7.729214
-150.0,1,7.734713
-150.0,1,7.745387
-150.0,1,7.749448
-150.0,1,7.756107
-455.301143,2,7.766838
-150.0,1,7.774335
-150.0,1,7.782511
-150.0,1,7.791042
-150.0,1,7.799866
-162.176371,2,7.819389
-150.0,1,7.823671
-150.0,1,7.828553
-150.0,1,7.835269
-150.0,1,7.846457
-150.0,1,7.851792
-326.816668,2,7.860255
-150.0,1,7.867219
-375.007706,2,7.87979
-150.0,1,7.886982
-150.0,1,7.896753
-150.0,1,7.905881
-296.904114,2,7.917634
-666.630716,3,7.935906
-150.0,1,7.942403
-150.0,1,7.952552
-150.0,1,7.958688
-270.962583,2,7.969936
-150.0,1,7.977661
-212.662816,2,7.986858
-150.0,1,7.994771
-150.0,1,8.001737
-150.0,1,8.00574
-150.0,1,8.014184
-150.0,1,8.021464
-150.0,1,8.030143
-150.0,1,8.036336
-523.378332,4,8.058869
-2027.669187,3,8.076653
-150.0,1,8.082424
-150.0,1,8.088632
-150.0,1,8.095732
-150.0,1,8.104883
-150.0,1,8.109003
-150.0,1,8.112918
-150.0,1,8.118288
-209.392703,2,8.132925
-150.0,1,8.137871
-150.0,1,8.143435
-150.0,1,8.151172
-150.0,1,8.158826
-150.0,1,8.163963
-150.0,1,8.169439
-150.0,1,8.178485
-150.0,1,8.185642
-150.0,1,8.189675
-150.0,1,8.196027
-150.0,1,8.204388
-150.0,1,8.211634
-747.581657,2,8.22311
-150.0,1,8.232353
-771.4705,3,8.247867
-150.0,1,8.25628
-150.0,1,8.263096
-150.0,1,8.272599
-150.0,1,8.277508
-324.721137,2,8.291322
-150.0,1,8.295396
-150.0,1,8.300362
-150.0,1,8.308867
-2225.63575,4,8.335425
-150.0,1,8.342022
-150.0,1,8.348538
-150.0,1,8.352992
-150.0,1,8.36104
-150.0,1,8.365529
-1156.702778,4,8.385687
-350.133221,3,8.402194
-150.0,1,8.408266
-150.0,1,8.414279
-150.0,1,8.421713
-150.0,1,8.429343
-150.0,1,8.436891
-150.0,1,8.441043
-717.342902,2,8.455897
-150.0,1,8.460466
-150.0,1,8.466616
-194.846832,2,8.478931
-150.0,1,8.485053
-150.0,1,8.488853
-1088.183458,2,8.50117
-150.0,1,8.507661
-150.0,1,8.513747
-150.0,1,8.51878
-1876.524527,4,8.547321
-150.0,1,8.555364
-150.0,1,8.561771
-150.0,1,8.570053
-150.0,1,8.577038
-221.524761,2,8.590631
-214.133282,3,8.607062
-150.0,1,8.61454
-150.0,1,8.622876
-150.0,1,8.631438
-150.0,1,8.63704
-150.0,1,8.645805
-279.922765,2,8.656214
-1457.90867,2,8.666805
-150.0,1,8.67209
-150.0,1,8.676941
-150.0,1,8.686477
-150.0,1,8.6943
-150.0,1,8.697791
-150.0,1,8.701576
-150.0,1,8.710193
-244.120414,2,8.720344
-150.0,1,8.725073
-150.0,1,8.731278
-574.915214,2,8.744923
-264.876531,2,8.75748
-150.0,1,8.762451
-150.0,1,8.771747
-341.403359,2,8.783972
-164.781958,2,8.792871
-150.0,1,8.801123
-150.0,1,8.806191
-150.0,1,8.816161
-150.0,1,8.819958
-150.0,1,8.826241
-150.0,1,8.836573
-150.0,1,8.845302
-150.0,1,8.852193
-156.917072,2,8.862844
-150.0,1,8.86669
-150.0,1,8.872412
-150.0,1,8.877883
-150.0,1,8.887972
-150.0,1,8.896005
-150.0,1,8.902522
-150.0,1,8.907978
-275.827725,2,8.91968
-150.0,1,8.924739
-150.0,1,8.931473
-150.0,1,8.938188
-303.268611,2,8.950845
-150.0,1,8.954954
-150.0,1,8.962808
-150.0,1,8.967033
-443.721174,2,8.977715
-150.0,1,8.985522
-150.0,1,8.996729
-150.0,1,9.003937
-150.0,1,9.008621
-150.0,1,9.014895
-150.0,1,9.023319
-150.0,1,9.027931
-150.0,1,9.03365
-150.0,1,9.042589
-150.0,1,9.048122
-150.0,1,9.05161
-185.246593,2,9.064912
-150.0,1,9.069502
-150.0,1,9.076728
-150.0,1,9.083255
-150.0,1,9.090186
-150.0,1,9.095054
-150.0,1,9.102049
-150.0,1,9.107768
-150.0,1,9.113386
-150.0,1,9.121018
-150.0,1,9.127017
-150.0,1,9.133843
-150.0,1,9.139337
-150.0,1,9.15012
-150.0,1,9.15754
-167.960972,2,9.169368
-312.702921,2,9.180146
-150.0,1,9.18383
-150.0,1,9.191266
-150.0,1,9.194973
-150.0,1,9.201467
-150.0,1,9.205158
-150.0,1,9.215209
-393.471457,2,9.223696
-150.0,1,9.228783
-150.0,1,9.235161
-150.0,1,9.241371
-787.175184,3,9.258869
-150.0,1,9.263311
-150.0,1,9.270356
-150.0,1,9.27785
-150.0,1,9.284873
-150.0,1,9.290183
-200.220574,2,9.301576
-150.0,1,9.310587
-150.0,1,9.316764
-150.0,1,9.323417
-150.0,1,9.328176
-150.0,1,9.337762
-150.0,1,9.342431
-150.0,1,9.349747
-150.0,1,9.356277
-277.662897,2,9.369907
-150.0,1,9.378032
-1071.864869,2,9.389114
-150.0,1,9.39692
-150.0,1,9.404777
-150.0,1,9.409637
-150.0,1,9.417996
-150.0,1,9.422709
-540.432736,3,9.443804
-150.0,1,9.451545
-150.0,1,9.457635
-712.013834,4,9.479448
-242.702704,2,9.491696
-150.0,1,9.497085
-150.0,1,9.504583
-150.0,1,9.512028
-150.0,1,9.521831
-150.0,1,9.530275
-150.0,1,9.53591
-150.0,1,9.539704
-150.0,1,9.54858
-150.0,1,9.552692
-150.0,1,9.556377
-150.0,1,9.567598
-150.0,1,9.576309
-150.0,1,9.582494
-150.0,1,9.587177
-150.0,1,9.594343
-150.0,1,9.606294
-150.0,1,9.6112
-150.0,1,9.615471
-150.0,1,9.62
-154.43625,2,9.632688
-1303.207672,2,9.642227
-150.0,1,9.652526
-150.0,1,9.657213
-345.163104,2,9.67428
-477.448493,2,9.686521
-150.0,1,9.692715
-150.0,1,9.699625
-150.0,1,9.708961
-150.0,1,9.717857
-150.0,1,9.721773
-150.0,1,9.725488
-150.0,1,9.737691
-150.0,1,9.741924
-187.658716,2,9.751898
-150.0,1,9.75757
-150.0,1,9.76575
-228.369286,2,9.775277
-150.0,1,9.781566
-150.0,1,9.787997
-150.0,1,9.795326
-150.0,1,9.800849
-150.0,1,9.806131
-150.0,1,9.812069
-150.0,1,9.818902
-150.0,1,9.824201
-150.0,1,9.830642
-150.0,1,9.835402
-150.0,1,9.84439
-150.0,1,9.848934
-150.0,1,9.855948
-150.0,1,9.86459
-150.0,1,9.875136
-150.0,1,9.879446
-150.0,1,9.886358
-883.187259,2,9.896647
-150.0,1,9.905633
-150.0,1,9.91467
-150.0,1,9.919375
-150.0,1,9.925866
-150.0,1,9.935701
-150.0,1,9.942656
-150.0,1,9.948319
-150.0,1,9.955605
-150.0,1,9.964095
-150.0,1,9.971306
-150.0,1,9.977822
-150.0,1,9.984743
-150.0,1,9.990918
-150.0,1,10.000731
-150.0,1,10.004768
-150.0,1,10.009517
-150.0,1,10.02094
-150.0,1,10.027262
-150.0,1,10.031791
-150.0,1,10.035628
-150.0,1,10.046723
-150.0,1,10.055221
-171.166856,2,10.065236
-150.0,1,10.069443
-150.0,1,10.081419
-150.0,1,10.086044
-150.0,1,10.091298
-150.0,1,10.095624
-150.0,1,10.103297
-150.0,1,10.112367
-248.788264,2,10.120703
-150.0,1,10.127607
-150.0,1,10.133939
-150.0,1,10.139219
-153.641075,2,10.150972
-150.0,1,10.155867
-150.0,1,10.163396
-150.0,1,10.172211
-150.0,1,10.181391
-150.0,1,10.18596
-150.0,1,10.192289
-150.0,1,10.199213
-150.0,1,10.209172
-150.0,1,10.2141
-150.0,1,10.224004
-150.0,1,10.22864
-361.888093,2,10.24308
-150.0,1,10.248182
-150.0,1,10.256321
-150.0,1,10.264691
-150.0,1,10.269688
-150.0,1,10.274117
-150.0,1,10.284685
-150.0,1,10.291643
-150.0,1,10.297293
-150.0,1,10.301485
-150.0,1,10.308536
-150.0,1,10.318366
-462.389663,2,10.329236
-150.0,1,10.336077
-150.0,1,10.346169
-150.0,1,10.353184
-150.0,1,10.356897
-505.818162,2,10.367368
-361.386351,2,10.378176
-150.0,1,10.38422
-150.0,1,10.396327
-150.0,1,10.400835
-150.0,1,10.407809
-150.0,1,10.41332
-150.0,1,10.419454
-150.0,1,10.424262
-254.033399,2,10.438986
-150.0,1,10.446828
-150.0,1,10.454904
-150.0,1,10.46183
-150.0,1,10.467951
-150.0,1,10.47525
-150.0,1,10.48087
-150.0,1,10.485628
-180.271898,2,10.501445
-150.0,1,10.508831
-150.0,1,10.518631
-150.0,1,10.52566
-150.0,1,10.533989
-150.0,1,10.540245
-150.0,1,10.543962
-150.0,1,10.548935
-150.0,1,10.55733
-150.0,1,10.561605
-150.0,1,10.567016
-320.688265,2,10.57981
-339.28058,2,10.59216
-687.926111,3,10.609847
-730.574735,2,10.620121
-150.0,1,10.625595
-150.0,1,10.634934
-150.0,1,10.640119
-150.0,1,10.648434
-150.0,1,10.654637
-150.0,1,10.663024
-150.0,1,10.667843
-150.0,1,10.67378
-150.0,1,10.680699
-1045.066438,3,10.698213
-150.0,1,10.70793
-150.0,1,10.716386
-192.340359,2,10.725677
-150.0,1,10.734257
-150.0,1,10.739337
-150.0,1,10.746828
-150.0,1,10.754585
-150.0,1,10.763918
-150.0,1,10.770137
-150.0,1,10.780411
-7737175.355546,2,10.792961
-150.0,1,10.80207
-150.0,1,10.806317
-150.0,1,10.811045
-150.0,1,10.821657
-150.0,1,10.828413
-150.0,1,10.832725
-150.0,1,10.837143
-150.0,1,10.845016
-150.0,1,10.851856
-150.0,1,10.859955
-150.0,1,10.866451
-150.0,1,10.872229
-150.0,1,10.882952
-150.0,1,10.887862
-150.0,1,10.897081
-150.0,1,10.907354
-150.0,1,10.915078
-150.0,1,10.919974
-150.0,1,10.925954
-150.0,1,10.933686
-150.0,1,10.944494
-150.0,1,10.949607
-270.060424,2,10.964144
-150.0,1,10.972881
-150.0,1,10.979884
-150.0,1,10.989183
-150.0,1,10.998851
-150.0,1,11.009437
-435.899065,2,11.022019
-150.0,1,11.030755
-150.0,1,11.035823
-150.0,1,11.042017
-150.0,1,11.05052
-150.0,1,11.056526
-150.0,1,11.064474
-150.0,1,11.069351
-150.0,1,11.076854
-150.0,1,11.083839
-150.0,1,11.090885
-150.0,1,11.097875
-150.0,1,11.106226
-150.0,1,11.116189
-335.119724,2,11.124895
-150.0,1,11.12966
-430.047221,2,11.144912
-150.0,1,11.149895
-150.0,1,11.15596
-150.0,1,11.163593
-150.0,1,11.171214
-150.0,1,11.176023
-150.0,1,11.181231
-150.0,1,11.188427
-150.0,1,11.198329
-150.0,1,11.205631
-150.0,1,11.212493
-150.0,1,11.221347
-150.0,1,11.229529
-150.0,1,11.233995
-150.0,1,11.239695
-150.0,1,11.248276
-150.0,1,11.259175
-150.0,1,11.266532
-150.0,1,11.271229
-150.0,1,11.279686
-150.0,1,11.287855
-150.0,1,11.29267
-150.0,1,11.298586
-150.0,1,11.305821
-150.0,1,11.316329
-150.0,1,11.322539
-1152.613294,2,11.337184
-190.069752,2,11.348282
-150.0,1,11.356577
-150.0,1,11.365517
-150.0,1,11.374551
-150.0,1,11.378313
-150.0,1,11.387346
-150.0,1,11.393753
-150.0,1,11.39809
-150.0,1,11.406999
-181.501779,2,11.42166
-150.0,1,11.427031
-447.417607,2,11.44154
-150.0,1,11.447897
-612.463097,2,11.458291
-150.0,1,11.466773
-150.0,1,11.476117
-150.0,1,11.48163
-483.867062,3,11.498663
-891.457223,2,11.510681
-150.0,1,11.515771
-150.0,1,11.524176
-150.0,1,11.5355
-150.0,1,11.543843
-150.0,1,11.54765
-150.0,1,11.553813
-150.0,1,11.562413
-150.0,1,11.566109
-150.0,1,11.57147
-150.0,1,11.578583
-150.0,1,11.590242
-150.0,1,11.599185
-150.0,1,11.605268
-150.0,1,11.614905
-150.0,1,11.623207
-150.0,1,11.629911
-150.0,1,11.634885
-498.096513,3,11.649914
-150.0,1,11.656213
-150.0,1,11.663848
-150.0,1,11.669359
-150.0,1,11.67578
-150.0,1,11.682175
-150.0,1,11.692089
-150.0,1,11.696984
-264.110334,2,11.706268
-150.0,1,11.716987
-150.0,1,11.72235
-150.0,1,11.728342
-150.0,1,11.735334
-150.0,1,11.74421
-150.0,1,11.74896
-150.0,1,11.753767
-150.0,1,11.758502
-150.0,1,11.76851
-150.0,1,11.774672
-150.0,1,11.778799
-217.758588,2,11.794318
-595.415061,2,11.805696
-150.0,1,11.811149
-150.0,1,11.821412
-150.0,1,11.826286
-150.0,1,11.833994
-150.0,1,11.839355
-150.0,1,11.845417
-150.0,1,11.849404
-337.808707,2,11.86078
-150.0,1,11.867245
-150.0,1,11.872274
-150.0,1,11.877315
-150.0,1,11.884562
-150.0,1,11.89099
-150.0,1,11.896114
-150.0,1,11.900648
-150.0,1,11.906621
-150.0,1,11.913481
-150.0,1,11.918103
-150.0,1,11.92481
-150.0,1,11.934887
-150.0,1,11.942916
-150.0,1,11.948945
-203.259296,2,11.962239
-150.0,1,11.971811
-150.0,1,11.975878
-150.0,1,11.984784
-562.422156,2,11.996038
-359.184673,2,12.008084
-150.0,1,12.015497
-150.0,1,12.022953
-150.0,1,12.029752
-150.0,1,12.036938
-150.0,1,12.045764
-269.832092,2,12.056755
-150.0,1,12.062005
-150.0,1,12.0697
-150.0,1,12.076652
-150.0,1,12.080913
-150.0,1,12.086464
-150.0,1,12.096385
-150.0,1,12.104359
-150.0,1,12.111155
-150.0,1,12.116669
-150.0,1,12.124054
-563.427798,2,12.136898
-193.042632,2,12.146806
-150.0,1,12.152805
-150.0,1,12.16452
-183.431303,2,12.174198
-150.0,1,12.182069
-150.0,1,12.187584
-150.0,1,12.194502
-150.0,1,12.198795
-150.0,1,12.205147
-150.0,1,12.209866
-150.0,1,12.217329
-150.0,1,12.221311
-1299.041591,2,12.238786
-150.0,1,12.243782
-150.0,1,12.252473
-150.0,1,12.260542
-150.0,1,12.266505
-150.0,1,12.271907
-150.0,1,12.283339
-150.0,1,12.289012
-150.0,1,12.294966
-150.0,1,12.299917
-150.0,1,12.307367
-150.0,1,12.31251
-150.0,1,12.317762
-150.0,1,12.326265
-150.0,1,12.334566
-648.996138,2,12.35212
-150.0,1,12.35911
-150.0,1,12.364138
-150.0,1,12.372528
-150.0,1,12.378088
-150.0,1,12.383663
-150.0,1,12.39024
-150.0,1,12.39983
-150.0,1,12.404407
-150.0,1,12.409466
-150.0,1,12.413468
-150.0,1,12.421903
-150.0,1,12.428718
-150.0,1,12.434564
-150.0,1,12.439155
-747.123143,2,12.45485
-150.0,1,12.45976
-205.573005,2,12.471814
-150.0,1,12.476233
-150.0,1,12.482885
-150.0,1,12.492215
-267.041551,2,12.5054
-192.210147,2,12.51487
-150.0,1,12.52253
-460.022241,2,12.535204
-150.0,1,12.540672
-150.0,1,12.550003
-150.0,1,12.560003
-150.0,1,12.564665
-150.0,1,12.56922
-150.0,1,12.576884
-150.0,1,12.583526
-150.0,1,12.591541
-150.0,1,12.59613
-150.0,1,12.602982
-150.0,1,12.608835
-150.0,1,12.617969
-150.0,1,12.622867
-150.0,1,12.630386
-150.0,1,12.637753
-150.0,1,12.642238
-150.0,1,12.64939
-150.0,1,12.657248
-150.0,1,12.665545
-150.0,1,12.670513
-150.0,1,12.677737
-150.0,1,12.687253
-150.0,1,12.694175
-150.0,1,12.699581
-150.0,1,12.704406
-150.0,1,12.711825
-150.0,1,12.718235
-150.0,1,12.723857
-150.0,1,12.728232
-304.436565,2,12.740548
-150.0,1,12.748112
-965.876409,3,12.766935
-150.0,1,12.770649
-150.0,1,12.774829
-185.264375,2,12.787226
-314.872826,3,12.804097
-150.0,1,12.812383
-150.0,1,12.816532
-150.0,1,12.827076
-150.0,1,12.837289
-150.0,1,12.8421
-150.0,1,12.847832
-150.0,1,12.854562
-150.0,1,12.861654
-150.0,1,12.867081
-150.0,1,12.871959
-150.0,1,12.878475
-150.0,1,12.88663
-150.0,1,12.890394
-150.0,1,12.895014
-150.0,1,12.904791
-150.0,1,12.914399
-150.0,1,12.920698
-150.0,1,12.927583
-150.0,1,12.933554
-150.0,1,12.939504
-150.0,1,12.94383
-150.0,1,12.948911
-150.0,1,12.955313
-150.0,1,12.963798
-150.0,1,12.97091
-150.0,1,12.980462
-435.379935,2,12.99633
-150.0,1,13.002447
-150.0,1,13.008517
-150.0,1,13.013095
-261.622418,2,13.026864
-150.0,1,13.031273
-789.852209,2,13.045432
-150.0,1,13.050424
-150.0,1,13.058723
-150.0,1,13.062627
-150.0,1,13.069838
-150.0,1,13.074904
-150.0,1,13.082023
-150.0,1,13.088334
-219.485742,2,13.102654
-150.0,1,13.108472
-150.0,1,13.117527
-150.0,1,13.123248
-150.0,1,13.127262
-150.0,1,13.131996
-150.0,1,13.138885
-150.0,1,13.145053
-150.0,1,13.151435
-991.899508,2,13.160298
-150.0,1,13.170615
-150.0,1,13.174571
-150.0,1,13.179437
-150.0,1,13.186562
-150.0,1,13.195668
-150.0,1,13.199348
-150.0,1,13.203506
-150.0,1,13.208307
-150.0,1,13.217661
-150.0,1,13.224045
-150.0,1,13.230742
-150.0,1,13.235016
-150.0,1,13.244661
-150.0,1,13.248776
-150.0,1,13.253529
-150.0,1,13.260206
-150.0,1,13.269066
-150.0,1,13.27512
-150.0,1,13.281099
-150.0,1,13.286158
-150.0,1,13.29486
-150.0,1,13.300197
-150.0,1,13.305297
-150.0,1,13.310322
-150.0,1,13.322946
-150.0,1,13.328973
-304.457198,3,13.344827
-150.0,1,13.351135
-150.0,1,13.359861
-150.0,1,13.364887
-150.0,1,13.376754
-150.0,1,13.380702
-150.0,1,13.391993
-150.0,1,13.398051
-150.0,1,13.405052
-150.0,1,13.410242
-150.0,1,13.417866
-150.0,1,13.424767
-150.0,1,13.432979
-150.0,1,13.438139
-150.0,1,13.444223
-150.0,1,13.449142
-150.0,1,13.454932
-150.0,1,13.45936
-150.0,1,13.467847
-150.0,1,13.476506
-150.0,1,13.481917
-150.0,1,13.488628
-728.418345,2,13.501557
-383.176421,2,13.513408
-150.0,1,13.518662
-150.0,1,13.524354
-150.0,1,13.533994
-150.0,1,13.538591
-150.0,1,13.543554
-150.0,1,13.550385
-285.44118,2,13.568087
-652.578342,2,13.578482
-150.0,1,13.588417
-150.0,1,13.593399
-150.0,1,13.600157
-150.0,1,13.605184
-150.0,1,13.611204
-150.0,1,13.616841
-150.0,1,13.624654
-150.0,1,13.629751
-150.0,1,13.637129
-150.0,1,13.642588
-150.0,1,13.653284
-150.0,1,13.658235
-150.0,1,13.664633
-150.0,1,13.668944
-150.0,1,13.676539
-150.0,1,13.681723
-150.0,1,13.690022
-150.0,1,13.695693
-150.0,1,13.701978
-150.0,1,13.712424
-201.827547,2,13.724715
-150.0,1,13.732363
-150.0,1,13.741889
-150.0,1,13.749991
-279.739387,2,13.759188
-150.0,1,13.763774
-150.0,1,13.774343
-150.0,1,13.779318
-150.0,1,13.78792
-150.0,1,13.793601
-150.0,1,13.802803
-150.0,1,13.806941
-150.0,1,13.811125
-180.68119,3,13.828647
-150.0,1,13.836009
-150.0,1,13.839532
-150.0,1,13.845709
-971.271127,2,13.855004
-150.0,1,13.866365
-150.0,1,13.874471
-150.0,1,13.880372
-150.0,1,13.887497
-220.455855,2,13.903854
-150.0,1,13.913463
-150.0,1,13.919856
-150.0,1,13.925541
-150.0,1,13.935039
-150.0,1,13.942915
-150.0,1,13.947131
-150.0,1,13.951541
-150.0,1,13.959571
-150.0,1,13.966834
-150.0,1,13.971898
-150.0,1,13.977044
-150.0,1,13.986149
-150.0,1,13.990642
-150.0,1,13.996316
-150.0,1,14.002623
-150.0,1,14.014331
-150.0,1,14.020529
-150.0,1,14.027676
-150.0,1,14.032678
-150.0,1,14.041902
-251.949658,2,14.050982
-150.0,1,14.055923
-150.0,1,14.062705
-150.0,1,14.069223
-150.0,1,14.074165
-150.0,1,14.07887
-150.0,1,14.08498
-150.0,1,14.093812
-150.0,1,14.101859
-406.400417,2,14.114069
-150.0,1,14.120091
-150.0,1,14.128084
-150.0,1,14.136935
-150.0,1,14.14314
-150.0,1,14.149049
-150.0,1,14.156233
-150.0,1,14.164374
-150.0,1,14.170228
-587.939329,2,14.180073
-150.0,1,14.188208
-150.0,1,14.198139
-150.0,1,14.204432
-150.0,1,14.209574
-150.0,1,14.217793
-150.0,1,14.223465
-365.569215,2,14.23319
-150.0,1,14.241498
-150.0,1,14.24957
-150.0,1,14.255002
-150.0,1,14.262481
-150.0,1,14.26969
-150.0,1,14.277672
-150.0,1,14.282342
-150.0,1,14.288879
-150.0,1,14.29769
-150.0,1,14.307859
-150.0,1,14.313145
-150.0,1,14.317094
-150.0,1,14.321447
-210.283545,2,14.335841
-150.0,1,14.339609
-150.0,1,14.345434
-150.0,1,14.352781
-150.0,1,14.360439
-150.0,1,14.364522
-150.0,1,14.369276
-150.0,1,14.380512
-150.0,1,14.391239
-150.0,1,14.398613
-150.0,1,14.405271
-150.0,1,14.410968
-396.566806,3,14.431207
-200.338776,2,14.445956
-150.0,1,14.451287
-150.0,1,14.458639
-150.0,1,14.467262
-150.0,1,14.472332
-150.0,1,14.477848
-1824.085206,2,14.489648
-150.0,1,14.498105
-150.0,1,14.504515
0.0,1,14.508566
-879.307773,2,14.518914
-150.0,1,14.526697
-564.204177,2,14.543223
-150.0,1,14.548755
-495.507989,2,14.559808
-150.0,1,14.568819
-150.0,1,14.573068
-150.0,1,14.577246
-150.0,1,14.584606
-150.0,1,14.593596
-150.0,1,14.601864
-150.0,1,14.608168
-150.0,1,14.616607
-150.0,1,14.626483
-150.0,1,14.631431
-150.0,1,14.637088
-150.0,1,14.643565
-150.0,1,14.652614
-150.0,1,14.661096
-150.0,1,14.665915
-150.0,1,14.670887
-232.596327,2,14.683149
-150.0,1,14.688687
-150.0,1,14.692836
-150.0,1,14.700868
-150.0,1,14.706831
-150.0,1,14.716171
-150.0,1,14.720421
-150.0,1,14.726876
-150.0,1,14.734551
-150.0,1,14.739693
-150.0,1,14.745036
-150.0,1,14.755733
-150.0,1,14.762696
-150.0,1,14.768332
-150.0,1,14.776112
-150.0,1,14.783209
-607.283603,2,14.795382
-150.0,1,14.800122
-150.0,1,14.806582
-211.020016,2,14.822451
-150.0,1,14.831551
-150.0,1,14.839577
-228.767778,2,14.85133
-150.0,1,14.857241
-150.0,1,14.865983
-150.0,1,14.870312
-150.0,1,14.880186
-150.0,1,14.886302
-150.0,1,14.894266
-150.0,1,14.90113
-150.0,1,14.909788
-259.501366,2,14.925182
-150.0,1,14.933277
-213.311035,2,14.944635
-150.0,1,14.952203
-295.758701,2,14.964375
-204.673181,2,14.980508
-150.0,1,14.985595
-150.0,1,14.989238
-285.091914,2,15.002011
-150.0,1,15.009682
-150.0,1,15.016034
-150.0,1,15.021131
-150.0,1,15.029028
-150.0,1,15.037937
-150.0,1,15.043085
-150.0,1,15.048667
-150.0,1,15.058152
-431.590457,2,15.070865
-150.0,1,15.07624
-150.0,1,15.08351
-269.903834,2,15.092237
-150.0,1,15.098223
-150.0,1,15.106476
-150.0,1,15.111217
-150.0,1,15.115804
-150.0,1,15.122709
-150.0,1,15.13177
-150.0,1,15.136544
-150.0,1,15.143567
-150.0,1,15.149945
-150.0,1,15.157733
-150.0,1,15.162977
-150.0,1,15.168578
-150.0,1,15.174939
-150.0,1,15.180673
-150.0,1,15.185519
-150.0,1,15.190391
-150.0,1,15.19791
-150.0,1,15.209853
-150.0,1,15.21559
-150.0,1,15.220626
-150.0,1,15.232449
-175.765286,2,15.243299
-150.0,1,15.248033
-150.0,1,15.254418
-150.0,1,15.262642
-150.0,1,15.267176
-150.0,1,15.272199
-150.0,1,15.278031
-150.0,1,15.287148
-150.0,1,15.293131
-150.0,1,15.301359
-150.0,1,15.308341
-150.0,1,15.317952
-150.0,1,15.324113
-150.0,1,15.333725
-170.875801,2,15.344114
-150.0,1,15.351277
-150.0,1,15.356185
-150.0,1,15.360412
-150.0,1,15.367108
-644.165133,3,15.383277
-150.0,1,15.390641
-150.0,1,15.397219
-150.0,1,15.40384
-417.30606,2,15.417945
-297.95051,2,15.429826
-150.0,1,15.436746
-270.125109,2,15.447449
-293.874832,2,15.460125
-156.964538,2,15.471279
-150.0,1,15.475868
-150.0,1,15.48123
-1384.151409,2,15.497488
-150.0,1,15.501612
-150.0,1,15.510681
-826.03377,3,15.526537
-721.22758,2,15.544264
-192.340359,2,15.553296
-150.0,1,15.557417
-150.0,1,15.563993
-150.0,1,15.56989
-150.0,1,15.573941
-150.0,1,15.580189
-150.0,1,15.588663
-150.0,1,15.595602
-150.0,1,15.599513
-150.0,1,15.604701
-150.0,1,15.614124
-150.0,1,15.623834
-150.0,1,15.629424
-150.0,1,15.63347
-150.0,1,15.643821
-303.832027,2,15.656427
-150.0,1,15.662873
-150.0,1,15.669676
-150.0,1,15.677233
-150.0,1,15.683176
-264.876531,2,15.696466
-150.0,1,15.701478
-150.0,1,15.707037
-171.110444,2,15.720837
-150.0,1,15.725204
-150.0,1,15.731974
-392.711207,2,15.745229
-150.0,1,15.752184
-150.0,1,15.758345
-376.72447,2,15.772326
-150.0,1,15.777496
-743.904501,2,15.790194
-150.0,1,15.79854
-150.0,1,15.803826
-150.0,1,15.808129
-150.0,1,15.815466
-150.0,1,15.821189
-150.0,1,15.826412
-150.0,1,15.832218
-263.038818,2,15.846708
-150.0,1,15.853774
-150.0,1,15.858913
-150.0,1,15.867655
-150.0,1,15.876248
-150.0,1,15.880564
-150.0,1,15.887002
-150.0,1,15.893036
-150.0,1,15.902108
-150.0,1,15.91079
-150.0,1,15.916817
-150.0,1,15.923234
-150.0,1,15.931811
-150.0,1,15.935962
-150.0,1,15.939991
-150.0,1,15.943767
-327.644993,2,15.959338
-150.0,1,15.963204
-150.0,1,15.967748
-10772823.661,2,15.977837
-150.0,1,15.983549
-150.0,1,15.990631
-150.0,1,15.999187
-150.0,1,16.00422
-150.0,1,16.011921
-150.0,1,16.016511
-150.0,1,16.022303
-150.0,1,16.027908
-150.0,1,16.034206
-150.0,1,16.040541
-150.0,1,16.046917
-150.0,1,16.050914
-150.0,1,16.062141
-150.0,1,16.066852
-150.0,1,16.072529
-150.0,1,16.07713
-2070.057255,3,16.099036
-150.0,1,16.102858
-150.0,1,16.108308
-150.0,1,16.117081
-150.0,1,16.124591
-150.0,1,16.129567
-150.0,1,16.133856
-150.0,1,16.137873
-150.0,1,16.147376
-150.0,1,16.152975
-150.0,1,16.15903
-204.914731,2,16.171039
-150.0,1,16.179755
-150.0,1,16.184807
-150.0,1,16.193489
-150.0,1,16.20043
-150.0,1,16.207707
-150.0,1,16.211636
-150.0,1,16.217678
-150.0,1,16.226967
-150.0,1,16.235031
-150.0,1,16.23926
-150.0,1,16.243518
-150.0,1,16.249594
-266.121421,2,16.260514
-150.0,1,16.265755
-150.0,1,16.275492
-151.584931,2,16.285436
-150.0,1,16.29201
-150.0,1,16.299612
-150.0,1,16.303302
-150.0,1,16.308477
-150.0,1,16.31597
-150.0,1,16.326302
-150.0,1,16.331822
-150.0,1,16.335974
-150.0,1,16.343632
-150.0,1,16.349874
-447.417607,2,16.359502
-150.0,1,16.365315
-662.34118,2,16.380771
-150.0,1,16.385581
-150.0,1,16.392475
-150.0,1,16.397967
-150.0,1,16.404777
-150.0,1,16.409562
-150.0,1,16.415581
-150.0,1,16.42181
-150.0,1,16.429352
-150.0,1,16.433859
-150.0,1,16.439353
-150.0,1,16.446919
-150.0,1,16.45273
-150.0,1,16.458376
-150.0,1,16.469414
-150.0,1,16.476182
-150.0,1,16.482971
-150.0,1,16.487952
-150.0,1,16.494175
-877.143108,2,16.504957
-150.0,1,16.513946
-150.0,1,16.519172
-150.0,1,16.525042
-150.0,1,16.530988
-150.0,1,16.538127
-150.0,1,16.542513
-150.0,1,16.548976
-466.940776,2,16.561468
-150.0,1,16.572432
-150.0,1,16.581158
-150.0,1,16.586608
-150.0,1,16.59075
-269.424084,2,16.602876
-150.0,1,16.610853
-150.0,1,16.615175
-150.0,1,16.620105
-150.0,1,16.628931
-1651.152543,2,16.638506
-150.0,1,16.642601
-150.0,1,16.651005
-150.0,1,16.657123
-150.0,1,16.662559
-708.106249,2,16.673465
-150.0,1,16.680341
-150.0,1,16.688752
-150.0,1,16.695456
-150.0,1,16.701844
-150.0,1,16.705934
-150.0,1,16.717986
-150.0,1,16.723656
-150.0,1,16.731951
-150.0,1,16.738575
-330.636574,3,16.75896
-150.0,1,16.764373
-150.0,1,16.770087
-150.0,1,16.776614
-150.0,1,16.789442
-150.0,1,16.7955
-204.673181,2,16.807394
-150.0,1,16.814681
-150.0,1,16.823515
-150.0,1,16.827626
-150.0,1,16.834035
-460.722828,2,16.847157
-1088.385114,3,16.868319
-150.0,1,16.872478
-150.0,1,16.878185
-150.0,1,16.889652
-150.0,1,16.897954
-150.0,1,16.90628
-150.0,1,16.913493
-150.0,1,16.918431
-426.588962,3,16.936675
-150.0,1,16.940332
-150.0,1,16.945143
-339.875201,2,16.957311
-150.0,1,16.965941
-150.0,1,16.971495
-150.0,1,16.979504
-150.0,1,16.983602
-150.0,1,16.990803
-150.0,1,16.996279
-150.0,1,17.001389
-891.457223,2,17.010732
-150.0,1,17.019192
-150.0,1,17.028252
-406.400417,2,17.038827
-150.0,1,17.04692
-496.702486,2,17.062164
-150.0,1,17.069242
-150.0,1,17.077097
-150.0,1,17.081517
-150.0,1,17.088282
-150.0,1,17.094442
-150.0,1,17.101968
-150.0,1,17.107632
-150.0,1,17.11479
-150.0,1,17.119584
-584.909336,2,17.132783
-150.0,1,17.139933
-150.0,1,17.146708
-150.0,1,17.155507
-150.0,1,17.161987
-150.0,1,17.16622
-150.0,1,17.175613
-150.0,1,17.182153
-150.0,1,17.186792
-150.0,1,17.197496
-150.0,1,17.20525
-150.0,1,17.211408
-150.0,1,17.217156
-150.0,1,17.222623
-287.921963,2,17.235644
-150.0,1,17.239531
-150.0,1,17.24636
-150.0,1,17.251822
-150.0,1,17.262916
-406.191797,2,17.273721
-150.0,1,17.278903
-150.0,1,17.286342
-1350.175873,4,17.32985
-150.0,1,17.334587
-150.0,1,17.3397
-150.0,1,17.348551
-257.892877,2,17.366494
-150.0,1,17.37446
-150.0,1,17.382452
-150.0,1,17.388415
-938.549316,2,17.401363
-150.0,1,17.405904
-150.0,1,17.411731
-150.0,1,17.417973
-150.0,1,17.425187
-150.0,1,17.429607
-1133.589257,3,17.445128
-150.0,1,17.450653
-150.0,1,17.461783
-150.0,1,17.469738
-150.0,1,17.474342
-150.0,1,17.47875
-150.0,1,17.488221
-150.0,1,17.49439
-150.0,1,17.502471
-150.0,1,17.508249
-161.688781,2,17.52124
-150.0,1,17.526412
-150.0,1,17.532203
-150.0,1,17.539714
-150.0,1,17.547264
-150.0,1,17.553177
-150.0,1,17.560093
-1211.015222,4,17.581343
0.0,1,17.587389
-150.0,1,17.591912
-226.360711,2,17.605223
-150.0,1,17.611834
-150.0,1,17.620274
-150.0,1,17.62703
-150.0,1,17.634361
-150.0,1,17.639592
-150.0,1,17.646871
-150.0,1,17.652033
-278.485835,2,17.667035
-150.0,1,17.675504
-150.0,1,17.682164
-150.0,1,17.687743
-150.0,1,17.695922
-150.0,1,17.705306
-150.0,1,17.712672
-511.418683,2,17.72689
-150.0,1,17.732839
-150.0,1,17.739013
-150.0,1,17.745237
-150.0,1,17.751117
-150.0,1,17.755291
-150.0,1,17.763287
-504.237802,2,17.775901
-150.0,1,17.781908
-150.0,1,17.786661
-248.652025,2,17.800277
-150.0,1,17.808824
-284.758653,2,17.820589
-150.0,1,17.828339
-150.0,1,17.835714
-150.0,1,17.847001
-150.0,1,17.852797
-150.0,1,17.858821
-150.0,1,17.863504
-150.0,1,17.872367
-150.0,1,17.880137
-372.201371,2,17.891981
-150.0,1,17.899959
-150.0,1,17.908597
-150.0,1,17.918347
-150.0,1,17.923517
-150.0,1,17.928292
-150.0,1,17.936462
-150.0,1,17.943202
-150.0,1,17.947722
-150.0,1,17.952112
-150.0,1,17.962534
-150.0,1,17.97136
-150.0,1,17.97752
-150.0,1,17.983019
-150.0,1,17.991401
-150.0,1,17.999323
-150.0,1,18.005391
-150.0,1,18.009473
-150.0,1,18.019572
-150.0,1,18.026625
-150.0,1,18.031614
-150.0,1,18.037518
-150.0,1,18.049772
-150.0,1,18.06136
-2888409.827646,2,18.070578
-150.0,1,18.075104
0.0,1,18.081524
-150.0,1,18.088753
-150.0,1,18.092697
-150.0,1,18.102654
-150.0,1,18.111642
-150.0,1,18.118745
-150.0,1,18.125119
-150.0,1,18.131202
-150.0,1,18.142557
-150.0,1,18.152455
-150.0,1,18.156718
-150.0,1,18.160827
-150.0,1,18.170725
-150.0,1,18.176001
-150.0,1,18.179611
-150.0,1,18.184548
-150.0,1,18.198097
-150.0,1,18.202989
-150.0,1,18.207299
-150.0,1,18.215605
-150.0,1,18.22626
-150.0,1,18.233786
-150.0,1,18.241021
-150.0,1,18.245343
-150.0,1,18.255394
-150.0,1,18.260213
-150.0,1,18.26703
-150.0,1,18.2714
-150.0,1,18.281852
-150.0,1,18.288553
-150.0,1,18.292785
-167.205292,2,18.303317
-150.0,1,18.312675
-362.606403,2,18.322536
-150.0,1,18.333649
-150.0,1,18.340448
-150.0,1,18.348354
-150.0,1,18.352839
-150.0,1,18.360765
-150.0,1,18.368118
-150.0,1,18.375978
-150.0,1,18.381406
-150.0,1,18.388379
-988.289711,2,18.401323
-531.104672,2,18.416657
-150.0,1,18.422269
-150.0,1,18.427552
-493.867334,2,18.440122
-150.0,1,18.447349
-150.0,1,18.453575
-150.0,1,18.462289
-150.0,1,18.468835
-150.0,1,18.478974
-150.0,1,18.483438
-150.0,1,18.489833
-150.0,1,18.496183
-150.0,1,18.502111
-150.0,1,18.507505
-150.0,1,18.513795
-150.0,1,18.520473
-150.0,1,18.526415
-150.0,1,18.536134
-150.0,1,18.541745
-150.0,1,18.551045
-150.0,1,18.561895
-150.0,1,18.566969
-150.0,1,18.571428
-150.0,1,18.577889
-150.0,1,18.586142
-150.0,1,18.593438
-150.0,1,18.598676
-150.0,1,18.604531
-150.0,1,18.612418
-150.0,1,18.618068
-150.0,1,18.624653
-150.0,1,18.630905
-150.0,1,18.641064
-150.0,1,18.64652
-226.296152,2,18.656988
-150.0,1,18.662425
-150.0,1,18.671885
-150.0,1,18.677608
-150.0,1,18.683738
-150.0,1,18.691335
-150.0,1,18.697159
-150.0,1,18.705809
-150.0,1,18.713525
-150.0,1,18.718164
-276.680868,2,18.7307
-150.0,1,18.740209
-150.0,1,18.745808
-150.0,1,18.749993
-150.0,1,18.755801
-150.0,1,18.761374
-150.0,1,18.766679
-150.0,1,18.771432
-150.0,1,18.779176
-150.0,1,18.785577
-150.0,1,18.790837
-150.0,1,18.797136
-150.0,1,18.804544
-150.0,1,18.811467
-150.0,1,18.815878
-3033.117769,3,18.830841
-150.0,1,18.840095
-150.0,1,18.845052
-150.0,1,18.849829
-150.0,1,18.857001
-150.0,1,18.862798
-150.0,1,18.86695
-150.0,1,18.872029
-312.703093,2,18.885449
-150.0,1,18.891381
-150.0,1,18.9002
-150.0,1,18.906543
-150.0,1,18.910739
-150.0,1,18.920311
-285.091914,2,18.931522
-150.0,1,18.936307
-150.0,1,18.942037
-150.0,1,18.951683
-150.0,1,18.958318
-327.158988,2,18.971599
-150.0,1,18.979715
-383.486071,2,18.992347
-150.0,1,19.000931
-953.182982,3,19.016355
-150.0,1,19.021459
-150.0,1,19.029744
-150.0,1,19.035075
-150.0,1,19.040095
-150.0,1,19.046935
-150.0,1,19.058454
-150.0,1,19.068986
-150.0,1,19.076965
-150.0,1,19.082625
-150.0,1,19.088744
-310.360788,2,19.103334
-150.0,1,19.108961
-150.0,1,19.114007
-150.0,1,19.122212
-150.0,1,19.126274
-150.0,1,19.13105
-150.0,1,19.135473
-150.0,1,19.145593
-150.0,1,19.150629
-164.498045,2,19.162828
-150.0,1,19.171744
-150.0,1,19.177762
-150.0,1,19.184928
-150.0,1,19.190964
-150.0,1,19.197417
-150.0,1,19.207263
-150.0,1,19.212988
-150.0,1,19.217036
-150.0,1,19.2238
-150.0,1,19.22991
-150.0,1,19.234834
-616.502888,2,19.25084
-150.0,1,19.257353
-178.002147,2,19.270026
-150.0,1,19.278226
-150.0,1,19.283021
-150.0,1,19.288404
-150.0,1,19.296018
-150.0,1,19.302315
-150.0,1,19.310262
-150.0,1,19.317048
-150.0,1,19.325826
-150.0,1,19.33252
-150.0,1,19.338003
-150.0,1,19.342174
-150.0,1,19.349483
-150.0,1,19.359488
-150.0,1,19.368157
-150.0,1,19.371983
-150.0,1,19.379221
-150.0,1,19.389969
-150.0,1,19.397127
-150.0,1,19.404423
-150.0,1,19.410899
-150.0,1,19.416849
-150.0,1,19.425684
-150.0,1,19.432774
-150.0,1,19.441117
-150.0,1,19.448348
-150.0,1,19.455036
-150.0,1,19.461006
-150.0,1,19.467925
-150.0,1,19.476907
-851.262994,2,19.489522
-150.0,1,19.49487
-150.0,1,19.50552
-150.0,1,19.510924
-470.688474,3,19.526698
-150.0,1,19.532734
-414.901715,2,19.545348
-150.0,1,19.552916
-150.0,1,19.557197
-150.0,1,19.563117
-150.0,1,19.569038
-150.0,1,19.576712
-150.0,1,19.581115
-150.0,1,19.585577
-150.0,1,19.59578
-150.0,1,19.603438
-167.117779,2,19.612847
-150.0,1,19.617808
-150.0,1,19.630487
-150.0,1,19.635432
-150.0,1,19.640445
-150.0,1,19.644255
-437.977262,2,19.658219
-150.0,1,19.664727
-150.0,1,19.669722
-150.0,1,19.678008
-150.0,1,19.683996
-150.0,1,19.691279
-150.0,1,19.69665
-150.0,1,19.704417
-295.634409,2,19.717689
-150.0,1,19.724022
-270.687943,2,19.736661
-150.0,1,19.745764
-575.266807,2,19.762355
-150.0,1,19.766642
-150.0,1,19.770984
-150.0,1,19.777282
-150.0,1,19.785537
-734.819628,2,19.795985
-150.0,1,19.80064
-150.0,1,19.808562
-150.0,1,19.819194
-150.0,1,19.823596
-150.9425,2,19.835972
-150.0,1,19.843545
-150.0,1,19.850452
-150.0,1,19.859544
-150.0,1,19.865509
-150.0,1,19.870818
-150.0,1,19.879779
-150.0,1,19.885606
-150.0,1,19.89172
-150.0,1,19.895965
-150.0,1,19.903147
-150.0,1,19.911685
-150.0,1,19.918425
-150.0,1,19.925107
-150.0,1,19.933192
-150.0,1,19.937656
-150.0,1,19.944353
-150.0,1,19.95056
-150.0,1,19.957003
-150.0,1,19.962346
-150.0,1,19.970049
-150.0,1,19.975743
-150.0,1,19.981934
-150.0,1,19.987627
-150.0,1,19.995447
-150.0,1,20.004896
-150.0,1,20.011483
-150.0,1,20.018414
-412.297818,3,20.03782
-150.0,1,20.043238
-150.0,1,20.056197
-150.0,1,20.060269
-150.0,1,20.066815
-150.0,1,20.071172
-150.0,1,20.080863
-150.0,1,20.085953
-150.0,1,20.09357
-150.0,1,20.100309
-150.0,1,20.110709
-150.0,1,20.115815
-150.0,1,20.123638
-150.0,1,20.129097
-904.812804,2,20.141163
-150.0,1,20.15056
-150.0,1,20.156846
-150.0,1,20.163407
-150.0,1,20.172645
-150.0,1,20.178313
-1539.853292,4,20.204971
-150.0,1,20.211656
-150.0,1,20.22202
-150.0,1,20.228099
-150.0,1,20.233944
-150.0,1,20.237879
-150.0,1,20.247747
-150.0,1,20.252075
-150.0,1,20.259146
-150.0,1,20.263829
-315.044021,2,20.277252
-150.0,1,20.284594
-251.424436,3,20.301761
-150.0,1,20.306713
-150.0,1,20.313208
-150.0,1,20.321952
-292.265262,2,20.335579
-336.608945,2,20.34774
-350.402013,2,20.360318
-150.0,1,20.368191
-160.097361,2,20.378872
-150.0,1,20.383071
-150.0,1,20.389323
-150.0,1,20.400077
-150.0,1,20.405592
-150.0,1,20.411325
-200.441477,2,20.424101
-150.0,1,20.431963
-150.0,1,20.439206
-150.0,1,20.444367
-150.0,1,20.456308
-150.0,1,20.466558
-150.0,1,20.470241
-150.0,1,20.477652
-150.0,1,20.48743
-150.0,1,20.493879
-150.0,1,20.504233
-150.0,1,20.50881
-226.57808,2,20.522215
-1130.720734,2,20.530845
-150.0,1,20.541124
-150.0,1,20.548863
-150.0,1,20.557753
-150.0,1,20.563737
-150.0,1,20.570217
-150.0,1,20.574457
-150.0,1,20.582237
-150.0,1,20.587411
-150.0,1,20.594208
-150.0,1,20.601468
-260.469086,3,20.621435
-892.88919,4,20.644295
-210.143587,2,20.652861
-150.0,1,20.657431
-150.0,1,20.665554
-150.0,1,20.669422
-150.0,1,20.674712
-150.0,1,20.67958
-150.0,1,20.686571
-150.0,1,20.693132
-150.0,1,20.70024
-150.0,1,20.705422
-720.491908,2,20.720671
-1591.749145,3,20.74056
-150.0,1,20.749696
-150.0,1,20.755216
-150.0,1,20.765319
-150.0,1,20.772903
-150.0,1,20.779752
-150.0,1,20.785235
-150.0,1,20.791888
-150.0,1,20.801099
-150.0,1,20.806357
-150.0,1,20.814388
-150.0,1,20.821008
-150.0,1,20.829703
-150.0,1,20.834957
-150.0,1,20.838901
-3200.471011,9,20.887325
-196.646559,2,20.900528
-150.0,1,20.905273
-282.59832,2,20.919066
-150.0,1,20.926171
-150.0,1,20.930885
-150.0,1,20.934707
-150.0,1,20.943252
-570.763002,2,20.95497
-12586182.246812,2,20.965475
-150.0,1,20.970503
-150.0,1,20.974849
-150.0,1,20.981242
-150.0,1,20.989052
-150.0,1,20.995938
-150.0,1,21.001176
-150.0,1,21.009119
-1405.76348,3,21.025558
-211.416861,2,21.036456
-219.052313,2,21.046667
-1435.688941,2,21.058511
-150.0,1,21.063015
-150.0,1,21.069761
-150.0,1,21.075973
-150.0,1,21.085922
-3825.542018,7,21.123536
-150.0,1,21.129697
-192.908529,2,21.139917
-150.0,1,21.149285
-150.0,1,21.160361
-150.0,1,21.166639
-343.144797,2,21.176185
-150.0,1,21.188437
-150.0,1,21.193088
-330.368685,2,21.204648
-150.0,1,21.210624
-150.0,1,21.218607
-606.589408,2,21.232875
-402.769843,2,21.244242
-150.0,1,21.249445
-150.0,1,21.255286
-150.0,1,21.266152
-150.0,1,21.270628
-150.0,1,21.274779
-150.0,1,21.283454
-150.0,1,21.291102
-150.0,1,21.295974
-150.0,1,21.303099
-150.0,1,21.309402
-150.0,1,21.318903
-2822.97214,4,21.342632
-150.0,1,21.349706
-150.0,1,21.356791
-150.0,1,21.365112
-256.060967,2,21.377547
-150.0,1,21.38133
-150.0,1,21.387715
-539.305143,2,21.402669
-150.0,1,21.406731
-150.0,1,21.411672
-150.0,1,21.420926
-548.965959,2,21.43702
-150.0,1,21.440661
-150.0,1,21.44827
-150.0,1,21.455256
-150.0,1,21.465448
-150.0,1,21.471205
-252.165073,2,21.482101
-150.0,1,21.491762
-647.477441,4,21.511159
-150.0,1,21.517049
-150.0,1,21.524251
-150.0,1,21.531401
-150.0,1,21.540129
-150.0,1,21.544873
-150.0,1,21.553443
-150.0,1,21.560809
-150.0,1,21.565741
-434.634364,2,21.576691
-150.0,1,21.582616
-150.0,1,21.589799
-150.0,1,21.595343
-150.0,1,21.605772
-150.0,1,21.610386
-150.0,1,21.620851
-150.0,1,21.626237
-150.0,1,21.632479
-150.0,1,21.637203
-150.0,1,21.644992
-150.0,1,21.650151
-150.0,1,21.65569
-150.0,1,21.661406
-150.0,1,21.667458
-150.0,1,21.671616
-150.0,1,21.678564
-150.0,1,21.682827
-150.0,1,21.692652
-150.0,1,21.698094
-150.0,1,21.707176
-150.0,1,21.713298
-150.0,1,21.721741
-150.0,1,21.728543
-150.0,1,21.738653
-150.0,1,21.744207
-959.575339,4,21.769508
-150.0,1,21.776264
-150.0,1,21.782169
-348.96729,2,21.794502
-150.0,1,21.803597
-150.0,1,21.808544
-150.0,1,21.816884
-151.065278,2,21.832055
-150.0,1,21.841441
-150.0,1,21.852474
-150.0,1,21.858863
-150.0,1,21.867791
-150.0,1,21.874255
-150.0,1,21.881968
-150.0,1,21.88809
-150.0,1,21.894188
-1548.117281,3,21.91391
-150.0,1,21.920751
-362.319119,3,21.942564
-150.0,1,21.948634
-150.0,1,21.957092
-150.0,1,21.964738
-151.960833,3,21.978104
-150.0,1,21.987219
-150.0,1,21.996587
-150.0,1,22.001304
-150.0,1,22.008112
-150.0,1,22.014651
-404.35862,3,22.031092
-150.0,1,22.038708
-150.0,1,22.043919
-150.0,1,22.048917
-150.0,1,22.060632
-446.186798,2,22.0726
-150.0,1,22.077301
-150.0,1,22.084298
-150.0,1,22.092391
-150.0,1,22.099089
-150.0,1,22.107569
-849.365929,2,22.118766
-150.0,1,22.124945
-150.0,1,22.129849
-150.0,1,22.135351
-150.0,1,22.142649
-150.0,1,22.152827
-401.028932,2,22.164315
-150.0,1,22.171125
-150.0,1,22.177423
-150.0,1,22.186554
-150.0,1,22.192735
-150.0,1,22.20137
-150.0,1,22.209066
-150.0,1,22.216625
-150.0,1,22.221629
-150.0,1,22.230518
-150.0,1,22.235774
-249.151674,2,22.248919
-150.0,1,22.257856
-401.957838,3,22.27482
-150.0,1,22.283401
-150.0,1,22.29073
-150.0,1,22.297866
-150.0,1,22.301962
-150.0,1,22.310513
-594.07564,2,22.322979
-150.0,1,22.327808
-150.0,1,22.334814
-150.0,1,22.339137
-150.0,1,22.3473
-150.0,1,22.351611
-150.0,1,22.357579
-150.0,1,22.363354
-150.0,1,22.373927
-150.0,1,22.378634
-2224.834363,2,22.389931
-406.910196,3,22.40642
-450.217634,2,22.417418
-150.0,1,22.422621
-152.937407,2,22.436351
-298.489884,2,22.445968
-150.0,1,22.458254
-499.785166,6,22.493005
-150.0,1,22.497245
-150.0,1,22.503288
-150.0,1,22.511111
-1231.437934,2,22.521408
-150.0,1,22.528223
-499.960458,4,22.550601
-150.0,1,22.557309
-150.0,1,22.563105
-150.0,1,22.56828
-150.0,1,22.575575
-288.718208,2,22.58658
-150.0,1,22.591755
-150.0,1,22.601287
-150.0,1,22.606275
-150.0,1,22.612711
-150.0,1,22.616895
-150.0,1,22.624163
-150.0,1,22.630776
-1107.954521,12,22.698118
-385.313674,3,22.717842
-150.0,1,22.722549
-150.0,1,22.728023
-150.0,1,22.734373
-150.0,1,22.741143
-150.0,1,22.746676
-150.0,1,22.752886
-271.742591,2,22.767146
-150.0,1,22.772931
-150.0,1,22.783338
-545.853461,2,22.794956
-150.0,1,22.800869
-150.0,1,22.805305
-150.0,1,22.81139
-150.0,1,22.819495
-150.0,1,22.829847
-150.0,1,22.834921
-150.0,1,22.842254
-315.90235,2,22.854478
-150.0,1,22.860298
-150.0,1,22.865484
-150.0,1,22.875673
-150.0,1,22.88072
-150.0,1,22.888018
-426.88993,2,22.902022
-150.0,1,22.912038
-150.0,1,22.916847
-208.131868,2,22.930257
-150.0,1,22.934598
-214.420751,2,22.944795
-150.0,1,22.949993
-150.0,1,22.957435
-150.0,1,22.962178
-216.651802,2,22.974053
-150.0,1,22.978646
-150.0,1,22.986319
-150.0,1,22.994949
-150.0,1,23.00047
-150.0,1,23.004616
-1322.838356,2,23.016478
-150.0,1,23.022728
-150.0,1,23.027807
-150.0,1,23.032563
-150.0,1,23.041668
-794.413343,2,23.053799
-150.0,1,23.060681
-150.0,1,23.066548
-150.0,1,23.075294
-150.0,1,23.080086
-150.0,1,23.087137
-150.0,1,23.095273
-150.0,1,23.103905
-150.0,1,23.110114
-150.0,1,23.11845
-150.0,1,23.123605
-150.0,1,23.13127
-378.21143,4,23.151598
-150.0,1,23.157565
-150.0,1,23.162691
-150.0,1,23.16976
-150.0,1,23.175846
-150.0,1,23.179979
-238.353704,5,23.207754
-150.0,1,23.21909
-150.0,1,23.228696
-150.0,1,23.232634
-150.0,1,23.238846
-150.0,1,23.245348
-150.0,1,23.251269
-195.021481,2,23.261432
-150.0,1,23.268146
-238.412387,3,23.286514
-150.0,1,23.295818
-150.0,1,23.301765
-150.0,1,23.306255
-150.0,1,23.31417
-150.0,1,23.318903
-150.0,1,23.328505
-150.0,1,23.334746
-150.0,1,23.343131
-150.0,1,23.347802
-150.0,1,23.353492
-150.0,1,23.360569
-150.0,1,23.369272
-150.0,1,23.376919
-711.696381,6,23.415026
-150.0,1,23.422002
-150.0,1,23.430293
-150.0,1,23.438311
-150.0,1,23.443404
-150.0,1,23.450015
-150.0,1,23.458285
-275.907691,3,23.475456
-150.0,1,23.481136
-150.0,1,23.487284
-150.0,1,23.496426
-150.0,1,23.501248
-150.0,1,23.507318
-150.0,1,23.512843
-150.0,1,23.521825
-150.0,1,23.527291
-150.0,1,23.531566
-150.0,1,23.53938
-150.0,1,23.546707
-150.0,1,23.55042
-150.0,1,23.555012
-150.0,1,23.563844
-150.0,1,23.573273
-150.0,1,23.578406
-150.0,1,23.582521
-150.0,1,23.592311
-150.0,1,23.60039
-150.0,1,23.605282
-150.0,1,23.616194
-150.0,1,23.624511
-719.714079,2,23.636839
-150.0,1,23.646272
-150.0,1,23.653533
-150.0,1,23.660105
-150.0,1,23.670959
-150.0,1,23.67811
-150.0,1,23.687066
-150.0,1,23.693788
-1458.320107,2,23.704401
-150.0,1,23.711151
-314.97852,2,23.721483
-150.0,1,23.727637
-150.0,1,23.735986
-150.0,1,23.740665
-150.0,1,23.747112
-150.0,1,23.754142
-150.0,1,23.76326
-150.0,1,23.769107
-150.0,1,23.773278
-150.0,1,23.778091
-150.0,1,23.785399
-150.0,1,23.79071
-150.0,1,23.795591
-150.0,1,23.800915
-150.0,1,23.808901
-150.0,1,23.813714
-205.355531,2,23.826622
-150.0,1,23.833621
-150.0,1,23.841489
-150.0,1,23.845783
-150.0,1,23.853003
-150.0,1,23.860179
-150.0,1,23.86771
-150.0,1,23.874015
-150.0,1,23.879403
-150.0,1,23.889399
-150.0,1,23.898885
-150.0,1,23.905043
-150.0,1,23.910205
-150.0,1,23.916549
-150.0,1,23.927491
-318.442652,2,23.937826
-150.0,1,23.945016
-150.0,1,23.951885
-150.0,1,23.958906
-150.0,1,23.967828
-150.0,1,23.97468
-150.0,1,23.97979
-182.754739,2,23.990428
-150.0,1,23.997441
-150.0,1,24.003301
-150.0,1,24.008912
-150.0,1,24.017096
-150.0,1,24.023559
-150.0,1,24.02917
-150.0,1,24.034213
-150.0,1,24.042227
-150.0,1,24.050766
-432.659898,3,24.064862
-150.0,1,24.072323
-150.0,1,24.08126
-150.0,1,24.085476
-150.0,1,24.093124
-382.015357,2,24.103948
-150.0,1,24.110947
-150.0,1,24.117408
-150.0,1,24.126695
-150.0,1,24.13346
-150.0,1,24.141326
-150.0,1,24.147483
-150.0,1,24.154521
-150.0,1,24.159457
-150.0,1,24.167055
-150.0,1,24.173815
-150.0,1,24.182021
-751.773911,3,24.196667
-150.0,1,24.209547
-297.897906,2,24.220208
-150.0,1,24.225776
-150.0,1,24.235445
-326.545553,2,24.249732
-150.0,1,24.255237
-150.0,1,24.261172
-150.0,1,24.266999
-150.0,1,24.274197
-150.0,1,24.282224
-150.0,1,24.289529
-150.0,1,24.296593
-176.7564,3,24.315266
-150.0,1,24.320749
-150.0,1,24.326647
-150.0,1,24.331381
-161.688781,2,24.347851
-150.0,1,24.353722
-150.0,1,24.358605
-738.921444,2,24.369434
-150.0,1,24.377022
-150.0,1,24.382522
-150.0,1,24.390523
-150.0,1,24.399342
-236.605834,2,24.409965
-150.0,1,24.418778
-150.0,1,24.424649
-150.0,1,24.429581
-150.0,1,24.438283
-150.0,1,24.445238
-150.0,1,24.450301
-150.0,1,24.455587
-607.455525,3,24.473095
-150.0,1,24.477035
-150.0,1,24.481486
-150.0,1,24.489796
-150.0,1,24.501179
-154.949062,2,24.509855
-150.0,1,24.515173
-150.0,1,24.519377
-150.0,1,24.526519
-267.238254,2,24.536791
-150.0,1,24.543918
-150.0,1,24.550805
-150.0,1,24.560911
-150.0,1,24.566202
-150.0,1,24.57397
-150.0,1,24.580372
-150.0,1,24.586337
-150.0,1,24.594899
-150.0,1,24.600863
-150.0,1,24.605108
-150.0,1,24.613272
-150.0,1,24.62115
-150.0,1,24.626749
-168.946713,2,24.636843
-150.0,1,24.6466
-150.0,1,24.65279
-150.0,1,24.660155
-1054.171599,4,24.681034
-150.0,1,24.690617
-324.721137,2,24.701296
-586.294255,2,24.71175
-206.540772,3,24.728261
-221.547022,3,24.74925
-150.0,1,24.757606
-9716485.434991,2,24.770037
-150.0,1,24.774647
-150.0,1,24.782181
-150.0,1,24.787433
-150.0,1,24.792648
-150.0,1,24.798329
-709.222613,3,24.818142
-150.0,1,24.825118
-150.0,1,24.830069
-150.0,1,24.835858
-150.0,1,24.845036
-150.0,1,24.851156
-150.0,1,24.861805
-180.308519,2,24.873818
-150.0,1,24.882878
-150.0,1,24.889378
-1389.735517,6,24.922189
-150.0,1,24.926364
-150.0,1,24.93356
-150.0,1,24.939922
-150.0,1,24.945714
-286.06259,3,24.963359
-150.0,1,24.971395
-150.0,1,24.979693
-150.0,1,24.983822
-150.0,1,24.988654
-150.0,1,24.997137
-150.0,1,25.001826
-150.0,1,25.007591
-348.96729,2,25.017932
-150.0,1,25.027949
-225.271404,2,25.038748
-210.576602,2,25.04917
-150.0,1,25.055309
-150.0,1,25.063258
-150.0,1,25.070949
-2279.53934,8,25.112334
-150.0,1,25.118297
-150.0,1,25.125882
-150.0,1,25.130435
-150.0,1,25.137698
-930.587645,2,25.147104
-150.0,1,25.153145
-205.723595,2,25.168321
-150.0,1,25.174842
-150.0,1,25.179196
-150.0,1,25.187864
-150.0,1,25.194002
-156.719051,2,25.203629
-150.0,1,25.211515
-150.0,1,25.217948
-150.0,1,25.223928
-150.0,1,25.230018
-150.0,1,25.23753
-175.518666,2,25.248003
-150.0,1,25.254279
-150.0,1,25.262952
-963.039702,7,25.299595
-150.0,1,25.308493
-150.0,1,25.314333
-150.0,1,25.319768
-156.719051,2,25.333198
-150.0,1,25.343162
-150.0,1,25.349183
-150.0,1,25.355092
-150.0,1,25.362696
-150.0,1,25.368747
-150.0,1,25.375684
-150.0,1,25.380724
-150.0,1,25.387081
-385.459142,4,25.409756
-707.978544,3,25.423951
-150.0,1,25.431888
-191.752723,2,25.442914
-150.0,1,25.449368
-170.950561,2,25.462873
-150.0,1,25.46967
-150.0,1,25.474288
-150.0,1,25.485103
-150.0,1,25.490639
-150.0,1,25.494608
-745.368452,2,25.50754
-150.0,1,25.515661
-150.0,1,25.51978
-150.0,1,25.526453
-150.0,1,25.53425
-150.0,1,25.543375
-150.0,1,25.550212
-150.0,1,25.555683
-253.562778,3,25.575195
-150.0,1,25.585934
-150.0,1,25.592803
-150.0,1,25.597003
-150.0,1,25.602869
-150.0,1,25.609528
-150.0,1,25.615882
-150.0,1,25.620323
-150.0,1,25.624446
-150.0,1,25.634528
-354.41943,3,25.651446
-270.525313,2,25.664366
-905.119467,2,25.675439
-150.0,1,25.683855
-150.0,1,25.692901
-150.0,1,25.69718
-150.0,1,25.702677
-150.0,1,25.713575
-150.0,1,25.723908
-150.0,1,25.728886
-150.0,1,25.733171
-150.0,1,25.740195
-150.0,1,25.748378
-7257955.416138,2,25.758063
-150.0,1,25.763684
-150.0,1,25.774107
-1012.104521,2,25.782802
-1665.443696,5,25.809514
-150.0,1,25.817281
-150.0,1,25.824753
-150.0,1,25.833088
-150.0,1,25.840087
-150.0,1,25.846355
-229.479051,2,25.860028
-150.0,1,25.864462
-150.0,1,25.871761
-853.666839,2,25.882421
-552.209975,2,25.898916
-150.0,1,25.906702
-150.0,1,25.910908
-150.0,1,25.916396
-150.0,1,25.925098
-150.0,1,25.929179
-150.0,1,25.937709
-150.0,1,25.941757
-150.0,1,25.951571
-150.0,1,25.955538
-150.0,1,25.961636
-150.0,1,25.967296
-150.0,1,25.977349
-322.326185,2,25.987597
-5619630.946862,2,26.000248
-150.0,1,26.007837
-150.0,1,26.016281
-150.0,1,26.021516
-150.0,1,26.030969
-150.0,1,26.035298
-150.0,1,26.043296
-150.0,1,26.048805
-150.0,1,26.056471
-150.0,1,26.06557
-350.661582,2,26.078204
-150.0,1,26.086215
-150.0,1,26.090813
-150.0,1,26.09744
-315.151992,2,26.111542
-150.0,1,26.117291
-150.0,1,26.12247
-150.0,1,26.127447
-1012.414116,6,26.160143
-150.0,1,26.16495
-150.0,1,26.17427
-150.0,1,26.181107
-150.0,1,26.188136
-151.766885,2,26.201967
-150.0,1,26.211674
-150.0,1,26.217466
-150.0,1,26.223996
-150.0,1,26.233741
-150.0,1,26.240836
-150.0,1,26.245103
-150.0,1,26.252459
-150.0,1,26.257385
-150.0,1,26.265621
-150.0,1,26.271112
-150.0,1,26.277297
-150.0,1,26.282982
-387.130653,3,26.302707
-150.0,1,26.309758
-150.0,1,26.318661
-28892251.726538,7,26.354409
-150.0,1,26.362485
-150.0,1,26.367115
-150.0,1,26.373286
-150.0,1,26.377241
-150.0,1,26.384809
-408.262136,2,26.52188
-150.0,1,26.53065
-720.491908,2,26.541872
-150.0,1,26.55035
-150.0,1,26.556316
-150.0,1,26.566741
-150.0,1,26.571129
-150.0,1,26.576045
-150.0,1,26.582521
-150.0,1,26.59274
-150.0,1,26.600499
-150.0,1,26.607302
-150.0,1,26.612295
-150.0,1,26.624188
-150.0,1,26.628353
-150.0,1,26.632878
-150.0,1,26.641922
-150.0,1,26.64946
-150.0,1,26.654212
-150.0,1,26.658704
-150.0,1,26.66452
-723.64596,2,26.676798
-150.0,1,26.684615
-150.0,1,26.692635
-150.0,1,26.700001
-150.0,1,26.706822
-152.337431,2,26.719686
-150.0,1,26.727537
-196.378567,2,26.74041
-150.0,1,26.749313
-185.627349,2,26.760466
-150.0,1,26.766881
-150.0,1,26.774375
-150.0,1,26.783499
-402.176884,2,26.793036
-150.0,1,26.797009
-150.0,1,26.803138
-150.0,1,26.814221
-150.0,1,26.819752
-150.0,1,26.826729
-150.0,1,26.833278
-150.0,1,26.841989
-150.0,1,26.848174
-150.0,1,26.852117
-150.0,1,26.857514
-150.0,1,26.868105
-150.0,1,26.874914
-150.0,1,26.879879
-150.0,1,26.887469
-150.0,1,26.897566
-682.896163,3,26.913572
-150.0,1,26.91803
-150.0,1,26.923681
-150.0,1,26.935855
-150.0,1,26.946105
-238.922266,2,26.958637
-150.0,1,26.962995
-150.0,1,26.975178
-150.0,1,26.982444
-150.0,1,26.988494
-150.0,1,26.994226
-150.0,1,27.003163
-722.140466,4,27.025192
-150.0,1,27.031968
-150.0,1,27.037065
-150.0,1,27.043925
-150.0,1,27.052088
-150.0,1,27.05782
-239.897567,2,27.069826
-150.0,1,27.077945
-216.651802,2,27.086788
-150.0,1,27.093843
-295.634409,2,27.105111
-150.0,1,27.111198
-150.0,1,27.117738
-4156.707621,5,27.147651
-150.0,1,27.153764
-150.0,1,27.163205
-150.0,1,27.169705
-150.0,1,27.177762
-150.0,1,27.184676
-150.0,1,27.195812
-150.0,1,27.200457
-150.0,1,27.206417
-1011.188502,6,27.239573
-1905.437799,7,27.281271
-239.162446,2,27.292548
-1111.141297,2,27.303133
-150.0,1,27.309648
-150.0,1,27.317108
-150.0,1,27.322838
-790.907643,3,27.337044
-1376.838351,3,27.353651
-150.0,1,27.363945
-150.0,1,27.371991
-150.0,1,27.375801
-150.0,1,27.383772
-150.0,1,27.390618
-150.0,1,27.396772
-150.0,1,27.402756
-150.0,1,27.407662
-150.0,1,27.416909
-150.0,1,27.424052
-150.0,1,27.428654
-150.0,1,27.433753
-150.0,1,27.443798
-1206.750687,2,27.460294
-150.0,1,27.46631
-150.0,1,27.470011
-150.0,1,27.478144
-150.0,1,27.485203
-150.0,1,27.490735
-150.0,1,27.496139
-2099.186013,16,27.582123
-150.0,1,27.59442
-150.0,1,27.600291
-150.0,1,27.605939
-150.0,1,27.618411
-150.0,1,27.626541
-150.0,1,27.633769
-150.0,1,27.637994
-3008.02539,6,27.6776
-150.0,1,27.682392
-150.0,1,27.688488
-609.588411,2,27.702956
-150.0,1,27.714574
-150.0,1,27.718855
-150.0,1,27.723346
-150.0,1,27.730368
-1349.395663,7,27.769923
-150.0,1,27.77775
-187.40794,2,27.789792
-150.0,1,27.794625
-150.0,1,27.805018
-150.0,1,27.811249
-150.0,1,27.817564
-150.0,1,27.82516
-525.919137,2,27.839876
-150.0,1,27.844292
-150.0,1,27.84901
-150.0,1,27.857664
-331.733713,2,27.872815
-150.0,1,27.878203
-150.0,1,27.884037
-150.0,1,27.888762
-150.0,1,27.895666
-150.0,1,27.90193
-150.0,1,27.908632
-150.0,1,27.920406
-150.0,1,27.927813
-697.572034,2,27.943115
-150.0,1,27.948152
-150.0,1,27.953662
-150.0,1,27.959808
-150.0,1,27.968753
-150.0,1,27.973433
-150.0,1,27.979595
-150.0,1,27.987731
-150.0,1,27.994366
-150.0,1,27.999446
-150.0,1,28.005171
-150.0,1,28.011597
-150.0,1,28.017403
-150.0,1,28.022005
-150.0,1,28.027805
-150.0,1,28.034693
-150.0,1,28.042128
-150.0,1,28.048384
-150.0,1,28.052248
-150.0,1,28.058993
-150.0,1,28.070177
-150.0,1,28.075266
-150.0,1,28.080199
-9292954.240526,2,28.094127
-154.43625,2,28.104865
-150.0,1,28.110482
-150.0,1,28.117804
-150.0,1,28.125397
-150.0,1,28.135774
-306.088157,2,28.150908
-150.0,1,28.155367
-150.0,1,28.16661
-150.0,1,28.172775
-1381.19705,7,28.213252
-150.0,1,28.218094
-150.0,1,28.226264
-150.0,1,28.231917
-150.0,1,28.237232
-150.0,1,28.244412
-171.196991,2,28.258467
-150.0,1,28.264379
-150.0,1,28.270511
-150.0,1,28.27944
-150.0,1,28.286918
-150.0,1,28.292096
-150.0,1,28.298142
-425.485412,3,28.314889
-521.457014,2,28.33024
-150.0,1,28.337372
-150.0,1,28.346291
-150.0,1,28.350821
-150.0,1,28.36191
-150.0,1,28.367772
-150.0,1,28.37259
-150.0,1,28.378453
-192.604783,2,28.394567
-150.0,1,28.401734
-150.0,1,28.406865
-150.0,1,28.415716
-150.0,1,28.422402
-150.0,1,28.428212
-150.0,1,28.435512
-150.0,1,28.442368
-972.037685,4,28.466951
-150.0,1,28.47209
-170.950561,2,28.484182
-150.0,1,28.489682
-150.0,1,28.495958
-150.0,1,28.501445
-150.0,1,28.509459
-150.0,1,28.517465
-150.0,1,28.524117
-150.0,1,28.529091
-150.0,1,28.535644
-150.0,1,28.54101
-150.0,1,28.547155
-150.0,1,28.551325
-150.0,1,28.555361
-150.0,1,28.563818
-150.0,1,28.569638
-150.0,1,28.574613
-150.0,1,28.581414
-218.396533,2,28.594852
-150.0,1,28.601071
-271.231925,2,28.614444
-150.0,1,28.618216
-150.0,1,28.626966
-150.0,1,28.635356
-150.0,1,28.642499
-150.0,1,28.649316
-348.96729,2,28.66147
-150.0,1,28.670175
-150.0,1,28.674879
-150.0,1,28.683545
-150.0,1,28.68926
-150.0,1,28.698111
-1784.218377,7,28.735705
-150.0,1,28.746751
-719.193827,4,28.768814
-222.338866,2,28.784657
-150.0,1,28.79301
-340.403395,4,28.81369
-150.0,1,28.822188
-150.0,1,28.831296
-150.0,1,28.838549
-180.308519,2,28.851063
-150.0,1,28.856664
-150.0,1,28.863852
-195.021481,2,28.877118
-150.0,1,28.883741
-150.0,1,28.892743
-150.0,1,28.899214
-150.0,1,28.906024
-150.0,1,28.910579
-150.0,1,28.915275
-505.53223,10,28.971678
-292.265262,2,28.983226
-150.0,1,28.988106
-150.0,1,28.996155
-150.0,1,29.003785
-150.0,1,29.008498
-150.0,1,29.015284
-150.0,1,29.023455
-452.77526,2,29.038038
-150.0,1,29.044386
-1977.122952,5,29.071399
-150.0,1,29.075429
-150.0,1,29.082979
-150.0,1,29.088969
-467.018065,2,29.102614
-150.0,1,29.107771
-150.0,1,29.117105
-2089.55495,2,29.128267
-150.0,1,29.132963
-3046011.177546,8,29.174458
-150.0,1,29.181008
-150.0,1,29.188545
-150.0,1,29.196272
-150.0,1,29.20645
-150.0,1,29.212954
-150.0,1,29.218746
-430.403189,3,29.234458
-150.0,1,29.241445
-150.0,1,29.24862
-332.720783,2,29.262434
-150.0,1,29.269296
-150.0,1,29.273721
-150.0,1,29.279876
-150.0,1,29.287075
-150.0,1,29.294404
-427.708196,3,29.313816
-242.663183,3,29.335096
-677.327887,2,29.346715
-150.0,1,29.354883
-297.879171,2,29.365762
-150.0,1,29.379612
-150.0,1,29.383468
-150.0,1,29.389683
-150.0,1,29.393607
-150.0,1,29.401516
-150.0,1,29.410922
-944.138575,6,29.44383
-150.0,1,29.450064
-175.638264,2,29.462531
-150.0,1,29.469703
-150.0,1,29.476396
-150.0,1,29.48144
-150.0,1,29.492378
-150.0,1,29.502406
-150.0,1,29.522086
-1435.750119,3,29.542052
-150.0,1,29.553682
-150.0,1,29.561038
-150.0,1,29.565747
-150.0,1,29.569875
-3496695.600239,2,29.584289
-150.0,1,29.59372
-150.0,1,29.598563
-150.0,1,29.605513
-150.0,1,29.615187
-150.0,1,29.621375
-750.124208,6,29.658379
-150.0,1,29.66643
-150.0,1,29.6762
-3465.934246,3,29.694406
-150.0,1,29.699231
-150.0,1,29.708474
-150.0,1,29.719389
-150.0,1,29.726526
-150.0,1,29.732551
-150.0,1,29.737679
-150.0,1,29.746526
-324.312436,3,29.764916
-150.0,1,29.772674
-280.03217,3,29.789083
-150.0,1,29.799066
-150.0,1,29.805109
-1215.130003,2,29.814585
-150.0,1,29.825199
-817.387952,9,29.877748
-150.0,1,29.884459
-150.0,1,29.889662
-8648771.795493,4,29.912468
-150.0,1,29.92372
-150.0,1,29.928406
-150.0,1,29.934996
-150.0,1,29.940091
-150.0,1,29.950272
-150.0,1,29.956376
-150.0,1,29.963834
-10840428.150611,5,29.992166
-150.0,1,30.000139
-150.0,1,30.005086
-150.0,1,30.012839
-150.0,1,30.018798
-150.0,1,30.031671
-150.0,1,30.037479
-150.0,1,30.042807
-150.0,1,30.04829
-150.0,1,30.05633
-150.0,1,30.060647
-150.0,1,30.065215
-150.0,1,30.071157
-150.0,1,30.083484
-186.109124,4,30.104309
-150.0,1,30.111183
-150.0,1,30.118173
-150.0,1,30.126753
-150.0,1,30.134842
-150.0,1,30.14075
-150.0,1,30.148366
-150.0,1,30.156014
-150.0,1,30.164176
-150.0,1,30.168719
-150.0,1,30.176732
-150.0,1,30.18354
-150.0,1,30.193119
-150.0,1,30.200254
-150.0,1,30.210465
-150.0,1,30.217888
-702.238701,2,30.231586
-150.0,1,30.240895
-150.0,1,30.246145
-150.0,1,30.254497
-1642.82538,3,30.269261
-150.0,1,30.277087
-206.963334,2,30.291061
-150.0,1,30.299117
-259.018322,2,30.310975
-150.0,1,30.314876
-150.0,1,30.323319
-150.0,1,30.332424
-150.0,1,30.339089
-150.0,1,30.348006
-150.0,1,30.35284
-150.0,1,30.361786
-150.0,1,30.368382
-150.0,1,30.373775
-150.0,1,30.379845
-150.0,1,30.387997
-150.0,1,30.393197
-897.010008,5,30.422049
-150.0,1,30.429942
-150.0,1,30.440673
-150.0,1,30.444937
-150.0,1,30.44958
-150.0,1,30.456106
-150.0,1,30.465889
-150.0,1,30.472459
-150.0,1,30.482453
-150.0,1,30.486445
-150.0,1,30.495757
-150.0,1,30.502417
-150.0,1,30.510831
-150.0,1,30.514883
-150.0,1,30.524016
-150.0,1,30.52913
-180.308519,2,30.540571
-150.0,1,30.549535
-150.0,1,30.557126
-1316.613637,2,30.568367
-150.0,1,30.576934
-150.0,1,30.581768
-150.0,1,30.587755
-150.0,1,30.592707
-150.0,1,30.600572
-150.0,1,30.607033
-150.0,1,30.616556
-150.0,1,30.621528
-150.0,1,30.628211
-150.0,1,30.632555
-150.0,1,30.639527
-150.0,1,30.644977
-150.0,1,30.652026
-150.0,1,30.657391
-150.0,1,30.665084
-150.0,1,30.674123
-150.0,1,30.680743
-150.0,1,30.686192
-150.0,1,30.693038
-150.0,1,30.699258
-215.461343,2,30.710498
-150.0,1,30.715718
-150.0,1,30.724221
-150.0,1,30.731809
-150.0,1,30.737418
-150.0,1,30.743468
-182.889356,2,30.761825
-150.0,1,30.766196
-150.0,1,30.770246
-150.0,1,30.778342
-150.0,1,30.788888
-335.514801,2,30.798637
-150.0,1,30.807856
-150.0,1,30.815507
-10544517.499968,6,30.848629
-150.0,1,30.856044
-150.0,1,30.862274
-150.0,1,30.867533
-150.0,1,30.876959
-637.538618,2,30.889497
-1744.622526,11,30.950072
-150.0,1,30.961018
-150.0,1,30.968804
-150.0,1,30.973377
-1115.889707,3,30.991731
-150.0,1,30.997792
-150.0,1,31.003568
-656.936332,4,31.025659
-150.0,1,31.033147
-237.214953,2,31.044866
-150.0,1,31.051726
-150.0,1,31.059164
-150.0,1,31.065511
-150.0,1,31.072845
-150.0,1,31.085384
-150.0,1,31.093126
-172.878741,3,31.108797
-363.516579,2,31.122828
-150.0,1,31.132464
-150.0,1,31.136123
-150.0,1,31.145986
-150.0,1,31.153228
-150.0,1,31.160915
-310.986667,2,31.175043
-150.0,1,31.1803
-150.0,1,31.185761
-1220.736085,2,31.201049
-150.0,1,31.204999
-150.0,1,31.210801
-150.0,1,31.215923
-150.0,1,31.229352
-150.0,1,31.236373
-150.0,1,31.242029
-150.0,1,31.249971
-150.0,1,31.258643
-150.0,1,31.26469
-150.0,1,31.272753
-150.0,1,31.278006
-189.973418,2,31.293876
-150.0,1,31.302742
-150.0,1,31.30972
-150.0,1,31.316628
-150.0,1,31.325122
-150.0,1,31.330304
-150.0,1,31.335184
-150.0,1,31.344232
-150.0,1,31.35536
-201.180254,3,31.373073
-150.0,1,31.378672
-150.0,1,31.384125
-150.0,1,31.390644
-150.0,1,31.397751
-150.0,1,31.402394
-150.0,1,31.40899
-464.465477,2,31.421555
-150.0,1,31.429017
-150.0,1,31.433219
-150.0,1,31.4401
-150.0,1,31.448186
-150.0,1,31.455379
-150.0,1,31.460527
-150.0,1,31.465397
-150.0,1,31.478585
-150.0,1,31.483608
-706.056749,5,31.509381
-150.0,1,31.515096
-150.0,1,31.528332
-150.0,1,31.535624
-150.0,1,31.541025
-543.748039,2,31.556974
-150.0,1,31.568055
-150.0,1,31.57465
-150.0,1,31.579732
-150.0,1,31.587642
-354.928943,4,31.609935
-150.0,1,31.61641
-150.0,1,31.622003
-150.0,1,31.626513
-150.0,1,31.63452
-150.0,1,31.638925
-150.0,1,31.644
-150.0,1,31.648619
-150.0,1,31.658927
-490.72154,2,31.672329
-150.0,1,31.679883
-348.96729,2,31.693835
-150.0,1,31.702927
-150.0,1,31.709727
-150.0,1,31.718909
-150.0,1,31.724647
-188.614576,4,31.750248
-150.0,1,31.758208
-150.0,1,31.763034
-150.0,1,31.768969
-150.0,1,31.776897
-150.0,1,31.782367
-150.0,1,31.788646
-150.0,1,31.79524
-150.0,1,31.804462
-150.0,1,31.811951
-150.0,1,31.818814
-189.855303,2,31.831068
-150.0,1,31.836905
-150.0,1,31.842986
-191.80544,2,31.854604
-150.0,1,31.859782
-150.0,1,31.865861
-626.341841,3,31.882892
-150.0,1,31.89056
-505.818162,2,31.905006
-150.0,1,31.91423
-150.0,1,31.918799
-150.0,1,31.925539
-150.0,1,31.933287
-150.0,1,31.942979
-150.0,1,31.94783
-150.0,1,31.954823
-150.0,1,31.95991
-150.0,1,31.971539
-150.0,1,31.980422
-150.0,1,31.990992
-150.0,1,31.996757
-150.0,1,32.007008
-150.0,1,32.011832
-215.605843,2,32.025044
-150.0,1,32.030626
-394.749679,2,32.044045
-150.0,1,32.050184
-150.0,1,32.059816
-150.0,1,32.067508
-150.0,1,32.07832
-150.0,1,32.084485
-150.0,1,32.092099
-150.0,1,32.099505
-515.236439,4,32.12394
-150.0,1,32.130472
-150.0,1,32.137037
-150.0,1,32.141242
-150.0,1,32.149478
-150.0,1,32.15608
-150.0,1,32.164451
-150.0,1,32.170955
-150.0,1,32.178197
-499.960458,4,32.202861
-150.0,1,32.211769
-150.0,1,32.216031
-150.0,1,32.22318
-150.0,1,32.230719
-150.0,1,32.237488
-150.0,1,32.24209
-150.0,1,32.252583
-150.0,1,32.2576
0.0,1,32.262013
-150.0,1,32.26632
-1438.076182,9,32.316173
-150.0,1,32.322469
-150.0,1,32.333998
-150.0,1,32.338163
-358.811108,2,32.349718
-150.0,1,32.356304
-150.0,1,32.360705
-150.0,1,32.367407
-150.0,1,32.375678
-150.0,1,32.383003
-150.0,1,32.389785
-150.0,1,32.397817
-150.0,1,32.404272
-383.047059,3,32.425845
-2618.13426,9,32.476716
-150.0,1,32.48251
-150.0,1,32.488899
-1549.113719,6,32.520911
-150.0,1,32.528939
-150.0,1,32.533859
-220.866325,2,32.54685
-150.0,1,32.553087
-150.0,1,32.559026
-150.0,1,32.565526
-150.0,1,32.572651
-150.0,1,32.581212
-150.0,1,32.586615
-327.878191,3,32.608766
-150.0,1,32.61989
-4657.032245,15,32.705539
-512.697939,2,32.715066
-150.0,1,32.718885
-150.0,1,32.731075
-150.0,1,32.7386
-150.0,1,32.743249
-150.0,1,32.749935
-150.0,1,32.758795
-150.0,1,32.766039
-150.0,1,32.770413
-150.0,1,32.777139
-150.0,1,32.785677
-150.0,1,32.789837
-150.0,1,32.796443
-660.755455,3,32.815739
-150.0,1,32.822798
-426.154885,3,32.838388
-150.0,1,32.84568
-150.0,1,32.851656
-150.0,1,32.86227
-208.564634,2,32.875161
-150.0,1,32.881346
-150.0,1,32.887425
-150.0,1,32.894476
-150.0,1,32.898784
-678.258914,4,32.92343
-150.0,1,32.928918
-150.0,1,32.939835
-150.0,1,32.946122
-150.0,1,32.953964
-219.679182,2,32.965801
-785.820388,2,32.978081
-150.0,1,32.982481
-150.0,1,32.988096
-279.179549,2,32.997605
-150.0,1,33.007953
-150.0,1,33.016531
-150.0,1,33.02517
-150.0,1,33.030593
-150.0,1,33.038103
-150.0,1,33.045826
-150.0,1,33.049712
-150.0,1,33.056653
-432.869089,3,33.079532
-649.00709,4,33.101597
-150.0,1,33.107334
-150.0,1,33.117559
-150.0,1,33.12646
-150.0,1,33.13213
-150.0,1,33.138695
-150.0,1,33.14387
-150.0,1,33.153316
-150.0,1,33.159917
-150.0,1,33.164176
-150.0,1,33.167997
-150.0,1,33.177279
-150.0,1,33.186845
-150.0,1,33.19275
-150.0,1,33.197217
-150.0,1,33.206393
-150.0,1,33.214895
-150.0,1,33.221072
-150.0,1,33.229712
-150.0,1,33.238433
-150.0,1,33.24593
-150.0,1,33.250946
-150.0,1,33.257077
-150.0,1,33.268211
-150.0,1,33.277259
-150.0,1,33.283115
-502.05521,2,33.296106
-150.0,1,33.30285
-150.0,1,33.308066
-150.0,1,33.312798
-150.0,1,33.320838
-150.0,1,33.334075
-150.0,1,33.339501
-150.0,1,33.344789
-150.0,1,33.351389
-150.0,1,33.360574
-150.0,1,33.36599
-150.0,1,33.370443
-150.0,1,33.380429
-150.0,1,33.386447
-255.746123,2,33.396737
-150.0,1,33.40544
-150.0,1,33.411314
-150.0,1,33.418098
-150.0,1,33.422948
-150.0,1,33.430354
-150.0,1,33.435166
-150.0,1,33.443304
-150.0,1,33.449715
-150.0,1,33.460066
-150.0,1,33.464233
-150.0,1,33.472701
-150.0,1,33.479206
-150.0,1,33.486441
-150.0,1,33.490942
-330.697581,2,33.502492
-150.0,1,33.513837
-150.0,1,33.520784
-150.0,1,33.526826
-150.0,1,33.536021
-150.0,1,33.545136
-150.0,1,33.550548
-150.0,1,33.555688
-150.0,1,33.566376
-150.0,1,33.573646
-150.0,1,33.578821
-420.952616,2,33.590407
-150.0,1,33.602185
-150.0,1,33.608536
-150.0,1,33.612851
-150.0,1,33.618355
-150.0,1,33.629021
-150.0,1,33.638588
-285.366534,2,33.651618
-150.0,1,33.660024
-150.0,1,33.668205
-150.0,1,33.672859
-150.0,1,33.677327
-150.0,1,33.685134
-150.0,1,33.691366
-150.0,1,33.697553
-150.0,1,33.703996
-150.0,1,33.712021
-150.0,1,33.722645
-150.0,1,33.729319
-150.0,1,33.73601
-150.0,1,33.7438
-150.0,1,33.751745
-150.0,1,33.757794
-150.0,1,33.763876
-150.0,1,33.772205
-951.939363,2,33.785387
-150.0,1,33.790259
-150.0,1,33.798672
-150.0,1,33.804085
-150.0,1,33.81081
-150.0,1,33.818607
-150.0,1,33.824929
-150.0,1,33.831479
-150.0,1,33.841759
-150.0,1,33.849951
-150.0,1,33.856169
-1596.300226,2,33.865947
-150.0,1,33.873117
-150.0,1,33.879536
-150.0,1,33.884773
-150.0,1,33.890407
-150.0,1,33.90407
-150.0,1,33.911568
-150.0,1,33.916975
-150.0,1,33.924755
-150.0,1,33.933161
-294.885612,2,33.946254
-150.0,1,33.952127
-150.0,1,33.955976
-150.0,1,33.965679
-150.0,1,33.971215
-150.0,1,33.976621
-150.0,1,33.982632
-150.0,1,33.991087
-326.545553,2,34.00679
-150.0,1,34.012563
-150.0,1,34.019089
-150.0,1,34.029975
-150.0,1,34.035909
-150.0,1,34.044746
-150.0,1,34.054249
-150.0,1,34.063025
-150.0,1,34.068116
-150.0,1,34.073787
-150.0,1,34.084353
-150.0,1,34.091876
-150.0,1,34.097547
-150.0,1,34.10188
-150.0,1,34.109172
-150.0,1,34.118772
-150.0,1,34.123829
-150.0,1,34.132846
-150.0,1,34.139818
-150.0,1,34.14817
-150.0,1,34.153661
-150.0,1,34.16025
-150.0,1,34.167045
-150.0,1,34.17869
-150.0,1,34.185087
-150.0,1,34.19008
-150.0,1,34.199604
-150.0,1,34.205931
-150.0,1,34.213377
-150.0,1,34.218458
-150.0,1,34.226156
-150.0,1,34.23334
-150.0,1,34.238315
-150.0,1,34.243744
-150.0,1,34.251809
-150.0,1,34.262575
-150.0,1,34.268557
-150.0,1,34.27685
-150.0,1,34.28485
-150.0,1,34.29185
-150.0,1,34.30162
-150.0,1,34.306497
-150.0,1,34.315033
-270.717196,2,34.328637
-150.0,1,34.33818
-150.0,1,34.349193
-150.0,1,34.355253
-150.0,1,34.362449
-150.0,1,34.367137
-150.0,1,34.373711
-150.0,1,34.378769
-150.0,1,34.386843
-150.0,1,34.393404
-150.0,1,34.400913
-150.0,1,34.406502
-150.0,1,34.415215
-150.0,1,34.42024
-150.0,1,34.426412
-150.0,1,34.434645
-150.0,1,34.44308
-211.006824,2,34.454247
-150.0,1,34.46383
-150.0,1,34.468589
-150.0,1,34.475598
-150.0,1,34.482127
-150.0,1,34.489539
-330.697581,2,34.499671
-150.0,1,34.510284
-150.0,1,34.514652
-150.0,1,34.521836
-150.0,1,34.527361
-150.0,1,34.538073
-150.0,1,34.547281
-150.0,1,34.55275
-150.0,1,34.557364
-276.527653,2,34.573148
-150.0,1,34.577214
-150.0,1,34.583276
-150.0,1,34.588528
-150.0,1,34.596774
-150.0,1,34.602529
-150.0,1,34.606252
-150.0,1,34.612422
-150.0,1,34.62228
-219.15305,2,34.633078
-150.0,1,34.640984
-150.0,1,34.64578
-150.0,1,34.653015
-150.0,1,34.657982
-150.0,1,34.668434
-150.0,1,34.673919
-150.0,1,34.682837
-150.0,1,34.688556
-150.0,1,34.696153
-150.0,1,34.702078
-150.0,1,34.709181
-150.0,1,34.714064
-150.0,1,34.720137
-150.0,1,34.724815
-150.0,1,34.733799
-346.459657,2,34.745703
-157.495244,2,34.759645
-150.0,1,34.765251
-150.0,1,34.777847
-150.0,1,34.78405
-150.0,1,34.788809
-1547.014839,6,34.82181
-150.0,1,34.83189
-150.0,1,34.838545
-150.0,1,34.846488
-150.0,1,34.85345
-150.0,1,34.861106
-150.0,1,34.866305
-150.0,1,34.870592
-150.0,1,34.880638
-150.0,1,34.888797
-150.0,1,34.894489
-150.0,1,34.89997
-579.74299,3,34.919292
-150.0,1,34.926013
-150.0,1,34.932597
-213.816224,2,34.941415
-150.0,1,34.947728
-150.0,1,34.957092
-150.0,1,34.967088
-150.0,1,34.971315
-150.0,1,34.976569
-797.257272,2,34.993101
-150.0,1,34.998737
-150.0,1,35.003398
-150.0,1,35.010015
-186.12591,2,35.021957
-150.0,1,35.02772
-539.429517,2,35.039545
-150.0,1,35.043637
-150.0,1,35.052253
-150.0,1,35.06118
-150.0,1,35.067442
-215.412039,2,35.077392
-150.0,1,35.087934
-150.0,1,35.093864
-150.0,1,35.098316
-1081.682611,2,35.110402
-711.696381,6,35.14858
-150.0,1,35.156693
-150.0,1,35.165603
-150.0,1,35.172538
-150.0,1,35.179035
-1678.224308,5,35.206853
-150.0,1,35.213996
-150.0,1,35.21875
-936.745823,5,35.247208
-150.0,1,35.254337
-150.0,1,35.261015
-451.460547,7,35.303018
-150.0,1,35.314129
-150.0,1,35.317988
-330.697581,2,35.327612
-657.21076,3,35.344014
-150.0,1,35.352652
-150.0,1,35.360791
-150.0,1,35.366691
-150.0,1,35.371924
-150.0,1,35.379635
-150.0,1,35.385705
-150.0,1,35.391251
-150.0,1,35.395925
-150.0,1,35.403531
-150.0,1,35.411393
-150.0,1,35.419463
-150.0,1,35.42687
-150.0,1,35.434595
-150.0,1,35.440746
-2799.386022,3,35.458005
-150.0,1,35.464625
-150.0,1,35.471097
-150.0,1,35.479221
-150.0,1,35.483623
-150.0,1,35.489738
-150.0,1,35.499166
-150.0,1,35.503359
-150.0,1,35.511094
-1041.593086,3,35.526289
-153.101629,2,35.540801
-150.0,1,35.548362
-1618.509852,7,35.587306
-239.821654,2,35.598176
-150.0,1,35.604958
-1096.944446,4,35.627257
-150.0,1,35.63431
-150.0,1,35.641365
-150.0,1,35.650632
-150.0,1,35.655131
-472.905766,2,35.667284
-150.0,1,35.672534
-150.0,1,35.68326
-150.0,1,35.692302
-150.0,1,35.699445
-150.0,1,35.703908
-150.0,1,35.712374
-969.657122,2,35.72465
-150.0,1,35.731265
-1030.774122,5,35.760557
-150.0,1,35.769154
-150.0,1,35.773295
-150.0,1,35.778683
-191.80544,2,35.792039
-150.0,1,35.802032
-385.313674,3,35.818022
-150.0,1,35.824389
-150.0,1,35.829719
-150.0,1,35.835679
-150.0,1,35.842691
-150.0,1,35.847003
-150.0,1,35.852468
-150.0,1,35.858881
-150.0,1,35.867877
-150.0,1,35.872947
-150.0,1,35.879365
-186.458386,2,35.893244
-150.0,1,35.899838
-150.0,1,35.908563
-150.0,1,35.916956
-150.0,1,35.929803
-150.0,1,35.935084
-150.0,1,35.939733
-150.0,1,35.946384
-150.0,1,35.954772
-150.0,1,35.963528
-150.0,1,35.969822
-150.0,1,35.974517
-150.0,1,35.983527
-150.0,1,35.988911
-150.0,1,35.995085
-150.0,1,36.001498
-220.866325,2,36.016052
-150.0,1,36.024729
-150.0,1,36.03215
-150.0,1,36.03884
-150.0,1,36.045232
-150.0,1,36.05448
-150.0,1,36.06076
-150.0,1,36.067013
-150.0,1,36.078228
-150.0,1,36.084972
-150.0,1,36.089966
-150.0,1,36.097919
-206.37088,2,36.111496
-150.0,1,36.11776
-150.0,1,36.127488
-150.0,1,36.134086
-150.0,1,36.144421
-150.0,1,36.148441
-150.0,1,36.156982
-150.0,1,36.161491
-150.0,1,36.16908
-150.0,1,36.174963
-150.0,1,36.182847
-150.0,1,36.18836
-150.0,1,36.19597
-150.0,1,36.201022
-150.0,1,36.210031
-150.0,1,36.214882
-150.0,1,36.220756
-150.0,1,36.226725
-150.0,1,36.233578
-150.0,1,36.238556
-150.0,1,36.245677
-253.562778,3,36.263654
-150.0,1,36.268794
-150.0,1,36.272757
-1060.180029,2,36.287354
-150.0,1,36.295449
-150.0,1,36.299884
-150.0,1,36.306744
-150.0,1,36.316023
-150.0,1,36.324563
-150.0,1,36.331509
-150.0,1,36.339053
-150.0,1,36.345217
-150.0,1,36.351406
-150.0,1,36.358467
-150.0,1,36.365294
-150.0,1,36.371121
-150.0,1,36.375524
-150.0,1,36.381316
-150.0,1,36.388288
-150.0,1,36.395714
-150.0,1,36.401522
-150.0,1,36.407199
-150.0,1,36.416354
-150.0,1,36.422087
-1549.113719,6,36.45639
-150.0,1,36.46778
-150.0,1,36.472187
-150.0,1,36.4785
-150.0,1,36.484975
-150.0,1,36.494021
-150.0,1,36.499903
-150.0,1,36.507934
-150.0,1,36.515103
-150.0,1,36.523016
-150.0,1,36.530018
-150.0,1,36.536508
-150.0,1,36.543427
-150.0,1,36.553033
-150.0,1,36.560408
-150.0,1,36.569261
-150.0,1,36.575389
-150.0,1,36.581558
-150.0,1,36.590033
-150.0,1,36.600766
-150.0,1,36.607135
-150.0,1,36.616415
-150.0,1,36.623446
-467.018065,2,36.637535
-150.0,1,36.645516
-150.0,1,36.652313
-150.0,1,36.657734
-212.963866,2,36.673995
-150.0,1,36.679229
-523.967528,2,36.689525
-150.0,1,36.697203
-150.0,1,36.706048
-317.584643,2,36.717587
-150.0,1,36.726218
-150.0,1,36.732223
-150.0,1,36.73997
-150.0,1,36.747594
-150.0,1,36.75435
-157.403652,2,36.764581
-150.0,1,36.772672
-218.396533,2,36.784523
-150.0,1,36.7899
-150.0,1,36.799128
-150.0,1,36.807224
-150.0,1,36.811945
-150.0,1,36.816083
-150.0,1,36.821731
-150.0,1,36.831972
-150.0,1,36.836578
-150.0,1,36.844353
-150.0,1,36.851704
-150.0,1,36.861639
-150.0,1,36.866409
-703.409938,5,36.893238
-150.0,1,36.899809
-150.0,1,36.909051
-254.702614,2,36.917996
-150.0,1,36.926145
-150.0,1,36.931908
-150.0,1,36.938546
-150.0,1,36.943839
-150.0,1,36.948661
-150.0,1,36.959558
-150.0,1,36.967639
-150.0,1,36.971964
-150.0,1,36.980253
-150.0,1,36.98726
-150.0,1,36.993788
-150.0,1,37.000691
-150.0,1,37.004794
-150.0,1,37.01088
-150.0,1,37.017524
-150.0,1,37.02161
-150.0,1,37.029206
-150.0,1,37.040008
-150.0,1,37.046889
-150.0,1,37.053494
-465.755202,2,37.067328
-150.0,1,37.075109
-1216.717016,8,37.119795
-417.790247,2,37.131854
-150.0,1,37.139611
-150.0,1,37.144109
-150.0,1,37.150318
-150.0,1,37.156318
-150.0,1,37.163646
-150.0,1,37.167572
-2721.021678,17,37.262282
-150.0,1,37.267664
-150.0,1,37.275051
-150.0,1,37.281443
-150.0,1,37.287999
-150.0,1,37.293167
-150.0,1,37.299704
-150.0,1,37.305029
-150.0,1,37.312964
-150.0,1,37.317761
-150.0,1,37.323137
-150.0,1,37.328778
-150.0,1,37.334957
-150.0,1,37.345279
-920.950502,11,37.403205
-150.0,1,37.408138
-916.118525,12,37.479771
-150.0,1,37.487118
-150.0,1,37.492774
-150.0,1,37.497479
-150.0,1,37.504534
-150.0,1,37.512455
-150.0,1,37.517524
-705.370771,7,37.559579
-150.0,1,37.570068
-150.0,1,37.574731
-150.0,1,37.580499
-150.0,1,37.587785
-150.0,1,37.597612
-150.0,1,37.604896
-150.0,1,37.608798
-150.0,1,37.615864
-150.0,1,37.623945
-602.306781,3,37.641993
-150.0,1,37.646634
-150.0,1,37.656903
-150.0,1,37.665645
-150.0,1,37.673627
-150.0,1,37.67959
-150.0,1,37.686177
-150.0,1,37.694114
-150.0,1,37.700567
-150.0,1,37.705304
-150.0,1,37.715014
-150.0,1,37.725697
-150.0,1,37.732281
-150.0,1,37.738472
-336.165225,2,37.749588
-150.0,1,37.760118
-612.065525,9,37.809382
-150.0,1,37.815395
-150.0,1,37.819764
-528.882143,9,37.872816
-150.0,1,37.880702
-1365.678071,16,37.967809
-836.695766,6,37.999379
-504.237802,2,38.012386
-237.7085,3,38.029354
-150.0,1,38.038187
-150.0,1,38.043088
-150.0,1,38.052206
-187.443496,2,38.066744
-150.0,1,38.071659
-150.0,1,38.079321
-150.0,1,38.088105
-150.0,1,38.092767
-150.0,1,38.097887
-150.0,1,38.104772
-150.0,1,38.113386
-150.0,1,38.120719
-150.0,1,38.127513
-150.0,1,38.133646
-150.0,1,38.143655
-150.0,1,38.148764
-696.344747,2,38.15958
-241.032621,3,38.179317
-150.0,1,38.185945
-150.0,1,38.192322
-150.0,1,38.201715
-150.0,1,38.206629
-150.0,1,38.213191
-331.140625,3,38.231314
-150.0,1,38.235757
-150.0,1,38.242095
-150.0,1,38.249658
-150.0,1,38.254603
-150.0,1,38.259503
-150.0,1,38.268554
-150.0,1,38.275259
-150.0,1,38.279761
-150.0,1,38.28754
-150.0,1,38.294346
-709.045182,9,38.343862
-150.0,1,38.348751
-150.0,1,38.353809
-150.0,1,38.360821
-150.0,1,38.368385
-150.0,1,38.377004
-150.0,1,38.383883
-2169921.831022,3,38.40009
-150.0,1,38.409743
-150.0,1,38.417858
-150.0,1,38.421884
-150.0,1,38.428478
-150.0,1,38.436614
-150.0,1,38.445852
-150.0,1,38.452617
-150.0,1,38.457906
-150.0,1,38.464418
-696.344747,2,38.476918
-150.0,1,38.483003
-275.657593,4,38.5033
-150.0,1,38.509183
-150.0,1,38.517923
-150.0,1,38.521704
-150.0,1,38.527039
-150.0,1,38.534128
-150.0,1,38.542301
-150.0,1,38.5478
-150.0,1,38.552112
-150.0,1,38.56128
-150.0,1,38.570148
-472.905766,2,38.582651
-150.0,1,38.588426
-1231.437934,2,38.602322
-150.0,1,38.61054
-270.536618,2,38.621669
-150.0,1,38.626868
-150.0,1,38.634917
-150.0,1,38.640411
-150.0,1,38.648245
-150.0,1,38.652176
-150.0,1,38.659482
-150.0,1,38.667325
-304.496425,3,38.684649
-3089.900272,3,38.700276
-150.0,1,38.707545
-269.528281,2,38.71931
-299.868738,2,38.72834
-150.0,1,38.732698
-150.0,1,38.740663
-150.0,1,38.746453
-150.0,1,38.753248
-150.0,1,38.75872
-150.0,1,38.770261
-198.13438,2,38.782207
-150.0,1,38.787193
-150.0,1,38.797181
-150.0,1,38.803748
-150.0,1,38.809195
-150.0,1,38.81441
-150.0,1,38.821064
-150.0,1,38.831288
-442.734387,3,38.846785
-150.0,1,38.854091
-150.0,1,38.859429
-150.0,1,38.86639
-250.110026,2,38.877945
-150.0,1,38.883334
-150.0,1,38.889426
-150.0,1,38.900697
-150.0,1,38.906358
-9374711.276379,2,38.916369
-150.0,1,38.923963
-150.0,1,38.931225
-150.0,1,38.937481
-395.156596,2,38.950877
-303.832027,2,38.962953
-150.0,1,38.973397
-150.0,1,38.981051
-150.0,1,38.986657
-216.500239,2,38.998729
-150.0,1,39.008676
-150.0,1,39.014153
-150.0,1,39.022203
-150.0,1,39.026745
-150.0,1,39.037035
-150.0,1,39.043737
-150.0,1,39.050527
-150.0,1,39.056013
-150.0,1,39.068842
-150.0,1,39.075014
-150.0,1,39.079104
-150.0,1,39.083678
-285.574859,2,39.100305
-150.0,1,39.105177
-150.0,1,39.110852
-150.0,1,39.116356
-150.0,1,39.122911
-150.0,1,39.129219
-150.0,1,39.133839
-150.0,1,39.139451
-3529.937331,40,39.354144
-150.0,1,39.360394
-150.0,1,39.365351
-150.0,1,39.372965
-150.0,1,39.381375
-150.0,1,39.390007
-150.0,1,39.395977
-195.662355,2,39.410625
-150.0,1,39.418186
-150.0,1,39.426343
-150.0,1,39.431869
-150.0,1,39.437905
-465.755202,2,39.449455
-150.0,1,39.456341
-150.0,1,39.46433
-150.0,1,39.471297
-150.0,1,39.477779
-150.0,1,39.484104
-150.0,1,39.49163
-150.0,1,39.496127
-150.0,1,39.507203
-150.0,1,39.511495
-150.0,1,39.516885
-150.0,1,39.521044
-150.0,1,39.527501
-150.0,1,39.531851
-150.0,1,39.538155
-150.0,1,39.543357
-728.518187,3,39.562135
-150.0,1,39.570974
-150.0,1,39.575176
-150.0,1,39.583024
-150.0,1,39.590891
-150.0,1,39.59982
-150.0,1,39.604048
-150.0,1,39.610408
-150.0,1,39.619103
-150.0,1,39.623005
-150.0,1,39.627051
-960.918813,6,39.660456
-150.0,1,39.669558
-150.0,1,39.67976
-150.0,1,39.686037
-150.0,1,39.693995
-150.0,1,39.700725
-150.0,1,39.704518
-150.0,1,39.712338
-150.0,1,39.719826
-150.0,1,39.731014
-150.0,1,39.739357
-150.0,1,39.745457
-150.0,1,39.752178
-150.0,1,39.760655
-150.0,1,39.767875
-150.0,1,39.776426
-150.0,1,39.78365
-853.934769,4,39.807958
-254.144213,2,39.821819
-150.0,1,39.826106
-150.0,1,39.835622
-150.0,1,39.844707
-150.0,1,39.8535
-150.0,1,39.858725
-150.0,1,39.864563
-150.0,1,39.874007
-150.0,1,39.87894
-150.0,1,39.884731
-150.0,1,39.890095
-150.0,1,39.897139
-150.0,1,39.901598
-150.0,1,39.909153
-150.0,1,39.918841
-1012.414116,6,39.951468
-150.0,1,39.956096
-150.0,1,39.962119
-150.0,1,39.967945
-150.0,1,39.978447
-150.0,1,39.983855
-150.0,1,39.992599
-150.0,1,40.000077
-150.0,1,40.0065
-150.0,1,40.013741
-150.0,1,40.022964
-150.0,1,40.028423
-150.0,1,40.035155
-150.0,1,40.043725
-150.0,1,40.053252
-249.59349,2,40.062282
-150.0,1,40.070534
-150.0,1,40.076367
-150.0,1,40.080874
-570.52893,4,40.104727
-150.0,1,40.111657
-150.0,1,40.117822
-150.0,1,40.13031
-3714312.33228,3,40.146078
-150.0,1,40.157866
-150.0,1,40.163565
-150.0,1,40.17183
-1638.657587,5,40.200595
-150.0,1,40.208562
-150.0,1,40.214616
-150.0,1,40.22147
-150.0,1,40.229041
-150.0,1,40.240814
-150.0,1,40.246621
-150.0,1,40.256018
-150.0,1,40.260562
-150.0,1,40.269514
-833.873414,2,40.279114
-150.0,1,40.286338
-150.0,1,40.296576
-150.0,1,40.304202
-150.0,1,40.311318
-150.0,1,40.316972
-150.0,1,40.323279
-327.082912,3,40.341995
-150.0,1,40.350139
-150.0,1,40.353927
-911.091979,5,40.379668
-150.0,1,40.386976
-150.0,1,40.395075
-150.0,1,40.399116
-728.418345,2,40.408736
-150.0,1,40.417706
-150.0,1,40.423318
-150.0,1,40.428257
-150.0,1,40.436749
-150.0,1,40.445357
-150.0,1,40.450688
-150.0,1,40.455459
-150.0,1,40.460167
-150.0,1,40.467886
-150.0,1,40.473439
-150.0,1,40.480421
-150.0,1,40.484565
-150.0,1,40.492239
-150.0,1,40.50161
-150.0,1,40.508151
-150.0,1,40.515491
-150.0,1,40.525163
-150.0,1,40.529533
-150.0,1,40.534142
-150.0,1,40.54054
-150.0,1,40.549495
-150.0,1,40.554997
-150.0,1,40.559782
-150.0,1,40.566035
-150.0,1,40.575645
-150.0,1,40.58116
-150.0,1,40.587299
-150.0,1,40.59207
-453.457492,5,40.622502
-829.231299,2,40.632823
-512.697939,2,40.648831
-150.0,1,40.65465
-150.0,1,40.66091
-150.0,1,40.66635
-728.418345,2,40.67775
-150.0,1,40.68477
-150.0,1,40.691129
-150.0,1,40.700873
-150.0,1,40.710414
-150.0,1,40.717255
-150.0,1,40.723585
-150.0,1,40.731192
-150.0,1,40.736794
-150.0,1,40.743541
-150.0,1,40.751438
-150.0,1,40.758152
-150.0,1,40.763143
-866.982016,3,40.778944
-198.6859,2,40.792844
-168.766358,2,40.806593
-150.0,1,40.814813
-150.0,1,40.819595
-150.0,1,40.82895
-150.0,1,40.835538
-150.0,1,40.842319
-150.0,1,40.847712
-150.0,1,40.856848
-150.0,1,40.865988
-150.0,1,40.873106
-150.0,1,40.881719
-150.0,1,40.88819
-150.0,1,40.894784
-150.0,1,40.902385
-150.0,1,40.909665
-150.0,1,40.919358
-150.0,1,40.926483
-150.0,1,40.933521
-150.0,1,40.943214
-150.0,1,40.950866
-150.0,1,40.958759
-150.0,1,40.963273
-150.0,1,40.969391
-150.0,1,40.975135
-150.0,1,40.982879
-150.0,1,40.98827
-211.006824,2,40.99728
-668.913105,3,41.016228
-860.988689,4,41.036168
-150.0,1,41.044311
-456.175941,2,41.059569
-150.0,1,41.065583
-150.0,1,41.070626
-150.0,1,41.078769
-150.0,1,41.084801
-150.0,1,41.091044
-157.403652,2,41.104238
-150.0,1,41.110787
-150.0,1,41.115335
-323.392399,2,41.129306
-150.0,1,41.134381
-1111.553964,2,41.147045
-150.0,1,41.154322
-150.0,1,41.162005
-150.0,1,41.167323
-150.0,1,41.172655
-424.663314,3,41.190866
-150.0,1,41.196919
-150.0,1,41.20474
-150.0,1,41.2133
-150.0,1,41.218487
-150.0,1,41.224565
-1852.373717,2,41.235659
-150.0,1,41.241776
-150.0,1,41.248918
-150.0,1,41.258698
-150.0,1,41.265579
-150.0,1,41.274366
-150.0,1,41.279796
-150.0,1,41.291513
-150.0,1,41.298744
-150.0,1,41.3028
-150.0,1,41.307499
-150.0,1,41.316205
-563.863972,2,41.328723
-150.0,1,41.335692
-150.0,1,41.34546
-150.0,1,41.353491
-150.0,1,41.357836
-150.0,1,41.367254
-150.0,1,41.374113
-150.0,1,41.385283
-150.0,1,41.391939
-150.0,1,41.397683
-150.0,1,41.403487
-150.0,1,41.410578
-150.0,1,41.416468
-150.0,1,41.422804
-3349.352001,12,41.493194
-150.0,1,41.505046
-188.358333,2,41.514527
-1702.216234,16,41.600847
-150.0,1,41.608823
-150.0,1,41.617553
-150.0,1,41.623974
-150.0,1,41.629392
-150.0,1,41.633723
-150.0,1,41.643785
-150.0,1,41.652383
-150.0,1,41.660264
-150.0,1,41.665564
-150.0,1,41.676118
-150.0,1,41.682729
-150.0,1,41.688002
-150.0,1,41.692803
-150.0,1,41.702089
-157.495244,2,41.712286
-659.704642,5,41.737975
-150.0,1,41.74614
-150.0,1,41.752709
-150.0,1,41.760865
-150.0,1,41.767289
-458.749443,2,41.781322
-150.0,1,41.790988
-150.0,1,41.795499
-150.0,1,41.801175
-150.0,1,41.805174
-150.0,1,41.815659
-150.0,1,41.823164
-150.0,1,41.830968
-150.0,1,41.836461
-150.0,1,41.843543
-150.0,1,41.850533
-150.0,1,41.85798
-150.0,1,41.864909
-3545.444874,38,42.085262
-150.0,1,42.094007
-696.344747,2,42.103054
-150.0,1,42.10691
-150.0,1,42.116001
-367.434162,3,42.130861
-150.0,1,42.140734
-150.0,1,42.14942
-567.46482,3,42.17029
-150.0,1,42.175363
-150.0,1,42.18082
-150.0,1,42.187432
-150.0,1,42.196299
-150.0,1,42.200995
-150.0,1,42.205386
-150.0,1,42.211528
-150.0,1,42.22007
-150.0,1,42.228602
-150.0,1,42.236089
-150.0,1,42.240352
-150.0,1,42.2517
-150.0,1,42.26016
-150.0,1,42.265672
-150.0,1,42.271589
-150.0,1,42.28076
-3413.482734,4,42.304283
-438.966486,3,42.31815
-150.0,1,42.328929
-150.0,1,42.335085
-150.0,1,42.340933
-375.051761,2,42.355638
-150.0,1,42.359792
-150.0,1,42.365784
-381.032762,5,42.395275
-150.0,1,42.401885
-150.0,1,42.406067
-150.0,1,42.413292
-150.0,1,42.423053
-150.0,1,42.431996
-150.0,1,42.439951
-150.0,1,42.447218
-150.0,1,42.454304
-150.0,1,42.463571
-150.0,1,42.469543
-323.392399,2,42.481587
-159.318869,2,42.492622
-150.0,1,42.500813
-1845.105149,6,42.533186
-150.0,1,42.542649
-150.0,1,42.550124
-416.79198,2,42.561214
-150.0,1,42.567842
-306.14876,3,42.587581
-150.0,1,42.593619
-150.0,1,42.598066
-150.0,1,42.607975
-150.0,1,42.617222
-254.969791,2,42.62661
-150.0,1,42.632085
-150.0,1,42.638528
-150.0,1,42.644855
-150.0,1,42.655077
-150.0,1,42.664262
-150.0,1,42.670098
-150.0,1,42.678913
-451.568372,2,42.688849
-150.0,1,42.696327
-150.0,1,42.701908
-150.0,1,42.70985
-150.0,1,42.7154
-150.0,1,42.722423
-150.0,1,42.728251
-150.0,1,42.736032
-300.377822,2,42.750966
-150.0,1,42.756587
-161.28543,2,42.769456
-150.0,1,42.777689
-150.0,1,42.784334
-150.0,1,42.789716
-150.0,1,42.798347
-150.0,1,42.808558
-150.0,1,42.814147
-150.0,1,42.819711
-150.0,1,42.823826
-150.0,1,42.832513
-150.0,1,42.839783
-150.0,1,42.846834
-150.0,1,42.855814
-150.0,1,42.864273
-150.0,1,42.870901
-150.0,1,42.879145
-150.0,1,42.884867
-150.0,1,42.897654
-150.0,1,42.902493
-150.0,1,42.909687
-150.0,1,42.919309
-150.0,1,42.928401
-150.0,1,42.936123
-150.0,1,42.944318
-150.0,1,42.949625
-150.0,1,42.958265
-150.0,1,42.962698
-150.0,1,42.96758
-150.0,1,42.974576
-150.0,1,42.987169
-150.0,1,42.993612
-150.0,1,43.001335
-356.381296,2,43.015662
-150.0,1,43.023171
-150.0,1,43.032005
-150.0,1,43.037329
-150.0,1,43.043992
-150.0,1,43.0503
-150.0,1,43.054195
-150.0,1,43.059836
-150.0,1,43.066767
-150.0,1,43.072656
-1852.014979,20,43.181229
-150.0,1,43.186943
-150.0,1,43.191463
-150.0,1,43.204674
-11169.865618,37,43.401733
-150.0,1,43.406474
-1621.628389,2,43.417556
-150.0,1,43.432894
-150.0,1,43.442373
-150.0,1,43.446587
-150.0,1,43.453022
-150.0,1,43.459771
-150.0,1,43.466305
-150.0,1,43.471022
-150.0,1,43.47761
-150.0,1,43.487073
-150.0,1,43.492304
-150.0,1,43.497529
-150.0,1,43.503958
-150.0,1,43.512882
-150.0,1,43.518799
-150.0,1,43.524563
-892.084162,2,43.536955
-150.0,1,43.544702
-150.0,1,43.551052
-150.0,1,43.559169
-211.425509,2,43.568541
-150.0,1,43.575898
-150.0,1,43.58626
-150.0,1,43.591718
-737.693252,10,43.647331
-150.0,1,43.65492
-150.0,1,43.659399
-150.0,1,43.664037
-150.0,1,43.668645
-150.0,1,43.678202
-150.0,1,43.682343
-150.0,1,43.686999
-150.0,1,43.690758
-247.282582,2,43.707731
-150.0,1,43.713037
-150.0,1,43.716919
-150.0,1,43.722915
-1872.624167,30,43.88988
-150.0,1,43.896287
-150.0,1,43.906153
-150.0,1,43.914917
-150.0,1,43.922869
-150.0,1,43.92968
-150.0,1,43.939086
-150.0,1,43.945014
-150.0,1,43.951131
-150.0,1,43.956629
-150.0,1,43.964007
-150.0,1,43.968047
-150.0,1,43.975623
-499.960458,4,43.997749
-150.0,1,44.003095
-150.0,1,44.013993
-150.0,1,44.022144
-11464301.406391,3,44.03928
-150.0,1,44.045548
-150.0,1,44.050443
-275.829319,2,44.065192
-150.0,1,44.070488
-1852.373717,2,44.080638
-150.0,1,44.087718
-150.0,1,44.09543
-150.0,1,44.101136
-181.194027,2,44.11208
-150.0,1,44.121191
-150.0,1,44.129461
-754.378584,2,44.141849
-203.892251,2,44.154378
-150.0,1,44.163034
-150.0,1,44.17093
-150.0,1,44.175417
-150.0,1,44.181469
-150.0,1,44.185407
-150.0,1,44.193577
-150.0,1,44.200564
-150.0,1,44.207662
-150.0,1,44.213349
-150.0,1,44.223223
-150.0,1,44.229495
-150.0,1,44.239305
-150.0,1,44.244203
-150.0,1,44.25765
-150.0,1,44.265212
-150.0,1,44.269828
-150.0,1,44.277212
-150.0,1,44.287078
-150.0,1,44.291338
-150.0,1,44.29691
-150.0,1,44.304843
-192.908529,2,44.319407
-150.0,1,44.32562
-150.0,1,44.330316
-150.0,1,44.337277
-150.0,1,44.348344
-150.0,1,44.354643
-150.0,1,44.360285
-150.0,1,44.368661
-150.0,1,44.3757
-150.0,1,44.385345
-150.0,1,44.391118
-150.0,1,44.401916
-150.0,1,44.408869
-347.919332,2,44.419987
-150.0,1,44.426851
-150.0,1,44.433039
-150.0,1,44.438934
-150.0,1,44.443763
-150.0,1,44.451974
-150.0,1,44.457606
-150.0,1,44.464431
-253.795112,3,44.482801
-150.0,1,44.487033
-150.0,1,44.490759
-150.0,1,44.500376
-150.0,1,44.505158
-150.0,1,44.509108
-385.840815,2,44.520139
-150.0,1,44.527615
-150.0,1,44.532768
-150.0,1,44.536511
-150.0,1,44.546156
-150.0,1,44.552142
-150.0,1,44.558
-150.0,1,44.565677
-150.0,1,44.575047
-3547385.454244,12,44.643217
-150.0,1,44.647326
-150.0,1,44.654279
-196.279063,2,44.668491
-150.0,1,44.678759
-150.0,1,44.682518
-150.0,1,44.689808
-150.0,1,44.698042
-150.0,1,44.705539
-150.0,1,44.712563
-813.27627,3,44.730766
-150.0,1,44.73526
-150.0,1,44.744979
-150.0,1,44.752017
-150.0,1,44.756121
-292.265262,2,44.769899
-150.0,1,44.777998
-150.0,1,44.783769
-150.0,1,44.788019
-150.0,1,44.792637
-150.0,1,44.800936
-150.0,1,44.808204
-150.0,1,44.812873
-150.0,1,44.816739
-150.0,1,44.825639
-150.0,1,44.831997
-216.500239,2,44.843035
-150.0,1,44.849052
-150.0,1,44.856558
-150.0,1,44.863751
-150.0,1,44.872253
-150.0,1,44.878124
-150.0,1,44.888715
-663.6828,6,44.921211
-150.0,1,44.929653
-150.0,1,44.935596
-150.0,1,44.941095
-150.0,1,44.94656
-150.0,1,44.952679
-649.00709,4,44.976934
-150.0,1,44.98328
-150.0,1,44.988584
-150.0,1,44.993325
-150.0,1,45.001453
-1372.451043,2,45.014165
-150.0,1,45.019449
-150.0,1,45.028168
-150.0,1,45.035672
-150.0,1,45.043648
-150.0,1,45.047722
-150.0,1,45.055231
-150.0,1,45.060265
-150.0,1,45.06867
-150.0,1,45.078014
-150.0,1,45.084384
-150.0,1,45.090277
-150.0,1,45.096449
-150.0,1,45.102064
-150.0,1,45.107549
-150.0,1,45.111821
-150.0,1,45.118953
-150.0,1,45.124856
-150.0,1,45.132339
-150.0,1,45.138734
-150.0,1,45.145139
-150.0,1,45.151373
-150.0,1,45.159179
-150.0,1,45.166236
-150.0,1,45.17328
-150.0,1,45.179258
-150.0,1,45.186193
-150.0,1,45.191625
-150.0,1,45.200203
-150.0,1,45.204447
-150.0,1,45.213931
-499.390599,2,45.224127
-150.0,1,45.230834
-150.0,1,45.23667
-150.0,1,45.242544
-150.0,1,45.246768
-466.6839,2,45.260128
-649.00709,4,45.283936
-2755380.07612,20,45.391011
-150.0,1,45.398212
-150.0,1,45.40631
-150.0,1,45.41315
-360.297675,3,45.428606
-150.0,1,45.432492
-150.0,1,45.440976
-219.142516,2,45.45168
-150.0,1,45.458568
-150.0,1,45.464263
-150.0,1,45.471873
-214.583186,2,45.486816
-150.0,1,45.494503
-150.0,1,45.500874
-150.0,1,45.509039
-150.0,1,45.518083
-150.0,1,45.527761
-150.0,1,45.533076
-150.0,1,45.540022
-150.0,1,45.545232
-150.0,1,45.551457
-150.0,1,45.559729
-150.0,1,45.565709
-150.0,1,45.574383
-150.0,1,45.580131
-150.0,1,45.589408
-150.0,1,45.59548
-182.754739,2,45.607701
-150.0,1,45.612491
-150.0,1,45.617522
-150.0,1,45.624034
-150.0,1,45.631221
-150.0,1,45.635839
-150.0,1,45.640665
-11248943.133983,2,45.654751
-150.0,1,45.660055
-150.0,1,45.664462
-150.0,1,45.673245
-150.0,1,45.681179
-150.0,1,45.6855
-150.0,1,45.692344
-150.0,1,45.700881
-994.271342,2,45.714432
-150.0,1,45.719556
-150.0,1,45.724045
-150.0,1,45.731262
-150.0,1,45.739995
-150.0,1,45.747334
-150.0,1,45.75414
-150.0,1,45.762133
-150.0,1,45.770111
-150.0,1,45.776013
-150.0,1,45.781126
-150.0,1,45.79345
-150.0,1,45.80431
-8881557.220856,2,45.813634
-150.0,1,45.822659
-150.0,1,45.83016
-150.0,1,45.838848
-150.0,1,45.844981
-150.0,1,45.855908
-150.0,1,45.860689
-150.0,1,45.867995
-150.0,1,45.873089
-150.0,1,45.878283
-150.0,1,45.887797
-150.0,1,45.896351
-252.808716,2,45.908812
-150.0,1,45.914509
-1687.938803,8,45.960634
-487.880394,2,45.972086
-932.310512,3,45.986892
-150.0,1,45.991334
-150.0,1,46.000043
-150.0,1,46.006864
-263.864435,3,46.021475
-150.0,1,46.030399
-150.0,1,46.035123
-150.0,1,46.043657
-150.0,1,46.049165
-1385.076801,5,46.078268
-150.0,1,46.082813
-733.897196,3,46.104959
-150.0,1,46.109378
-150.0,1,46.114305
-818.493751,4,46.135119
-341.904448,3,46.156101
-150.0,1,46.162087
-455.7205,4,46.184585
-3961.311471,9,46.233531
-150.0,1,46.243367
-16196668.030928,2,46.254475
-222.294521,2,46.267531
-150.0,1,46.271372
-150.0,1,46.278253
-150.0,1,46.284327
-1055.147664,2,46.293149
-150.0,1,46.298565
-7277.162696,3,46.317569
-150.0,1,46.3249
-150.0,1,46.33032
-980.079909,2,46.342195
-186.458386,2,46.356981
-327.082912,3,46.372835
-150.0,1,46.382976
-150.0,1,46.38824
-150.0,1,46.396879
-150.0,1,46.404335
-150.0,1,46.412525
-150.0,1,46.418142
-150.0,1,46.427755
-150.0,1,46.432944
-728.518187,3,46.449123
-1404.549595,3,46.464858
-429.303954,3,46.484849
-152.169206,2,46.494169
-150.0,1,46.499766
-150.0,1,46.50802
-659.678256,3,46.523398
-150.0,1,46.52942
-150.0,1,46.535329
-150.0,1,46.538975
-5183.048879,11,46.595762
-150.0,1,46.60179
-150.0,1,46.607992
-150.0,1,46.615839
-150.0,1,46.623381
-150.0,1,46.628776
-150.0,1,46.635512
-150.0,1,46.643287
-150.0,1,46.652957
-150.0,1,46.657382
-150.0,1,46.664102
-150.0,1,46.672971
-2618.13426,9,46.725719
-150.0,1,46.732781
-150.0,1,46.739905
-150.0,1,46.746169
-150.0,1,46.755992
-150.0,1,46.760908
-150.0,1,46.764919
-150.0,1,46.770413
-1329.908028,3,46.785867
-150.0,1,46.794443
-150.0,1,46.799755
-150.0,1,46.804488
-150.0,1,46.815222
-150.0,1,46.822282
-150.0,1,46.827658
-150.0,1,46.832258
-150.0,1,46.839315
-150.0,1,46.84954
-2162608.627226,29,46.999327
-150.0,1,47.005489
-150.0,1,47.011768
-150.0,1,47.019902
-610.493237,3,47.034759
-150.0,1,47.040924
-150.0,1,47.052355
-150.0,1,47.058082
-150.0,1,47.064169
-150.0,1,47.072736
-150.0,1,47.078884
-150.0,1,47.084821
-150.0,1,47.090083
-1063.217615,8,47.136536
-150.0,1,47.145679
-150.0,1,47.153086
-150.0,1,47.157612
-150.0,1,47.163732
-289.114625,2,47.181539
-150.0,1,47.189591
-150.0,1,47.194254
-150.0,1,47.202424
-150.0,1,47.208304
-150.0,1,47.214845
-150.0,1,47.218897
-150.0,1,47.227876
-150.0,1,47.237365
-3384.259869,29,47.395403
-150.0,1,47.402844
-2218.542428,6,47.438855
-150.0,1,47.446084
-150.0,1,47.450354
-150.0,1,47.456778
-150.0,1,47.462252
-150.0,1,47.470027
-961.088176,10,47.525687
-150.0,1,47.53081
-4391.555179,4,47.555182
-150.0,1,47.562717
-265.999154,2,47.573581
-150.0,1,47.581261
-150.0,1,47.586401
-150.0,1,47.593502
-150.0,1,47.601446
-150.0,1,47.606072
-150.0,1,47.611449
-150.0,1,47.620803
-7347.552126,22,47.743603
-302.323732,4,47.766288
-150.0,1,47.775098
-150.0,1,47.782787
-150.0,1,47.789109
-150.0,1,47.795281
-150.0,1,47.801931
-150.0,1,47.810941
-150.0,1,47.817068
-150.0,1,47.823968
-150.0,1,47.828838
-150.0,1,47.835284
-150.0,1,47.841641
-150.0,1,47.848091
-150.0,1,47.857391
-150.0,1,47.865521
-150.0,1,47.871264
-150.0,1,47.876934
-354.928943,4,47.898101
-150.0,1,47.906147
-150.0,1,47.911444
-378.217896,6,47.943962
-150.0,1,47.950289
-150.0,1,47.956865
-150.0,1,47.964918
-150.0,1,47.970238
-150.0,1,47.97553
-150.0,1,47.985582
-307.284481,5,48.013882
-280.048467,3,48.032092
-14352382.602008,3,48.051815
-150.0,1,48.058151
-150.0,1,48.065395
-150.0,1,48.071373
-150.0,1,48.07678
-150.0,1,48.083137
-150.0,1,48.089333
-150.0,1,48.092876
-150.0,1,48.098653
-150.0,1,48.105743
-487.880394,2,48.11672
-150.0,1,48.122047
-150.0,1,48.12749
-501.584278,2,48.142796
-150.0,1,48.147996
-150.0,1,48.157069
-150.0,1,48.162934
-150.0,1,48.172584
-150.0,1,48.1768
-150.0,1,48.181787
-150.0,1,48.189264
-150.0,1,48.197282
-150.0,1,48.203014
-150.0,1,48.210166
-150.0,1,48.218005
-150.0,1,48.224538
-150.0,1,48.228369
-150.0,1,48.233149
-3307.729841,22,48.348305
-150.0,1,48.354578
-150.0,1,48.361203
-150.0,1,48.36746
-150.0,1,48.371763
-150.0,1,48.381935
-150.0,1,48.386792
-317.584643,2,48.400106
-150.0,1,48.404896
-1395.130341,23,48.528172
-150.0,1,48.533045
-150.0,1,48.537739
-150.0,1,48.545688
-150.0,1,48.552596
-150.0,1,48.557798
-150.0,1,48.565068
-150.0,1,48.573028
-150.0,1,48.581041
-150.0,1,48.587254
-1784206.145539,3,48.602426
-150.0,1,48.60975
-150.0,1,48.619496
-150.0,1,48.626223
-2422.497879,27,48.764716
-150.0,1,48.771024
-150.0,1,48.779399
-150.0,1,48.784772
-150.0,1,48.791132
-150.0,1,48.799672
-150.0,1,48.807895
-150.0,1,48.812684
-150.0,1,48.817336
-150.0,1,48.822848
-150.0,1,48.831553
-150.0,1,48.839543
-5266.984595,16,48.926707
-150.0,1,48.934491
-11418530.687937,3,48.954109
-258.924466,2,48.966631
-150.0,1,48.972116
-150.0,1,48.97723
-150.0,1,48.986511
-497.815784,6,49.021909
-150.0,1,49.026859
-150.0,1,49.031597
-150.0,1,49.040711
-150.0,1,49.045478
-150.0,1,49.051422
-150.0,1,49.055079
-150.0,1,49.063855
-150.0,1,49.070767
-150.0,1,49.075708
-170.950561,2,49.089592
-150.0,1,49.098941
-150.0,1,49.103651
-150.0,1,49.109013
-150.0,1,49.118908
-150.0,1,49.12746
-150.0,1,49.137082
-150.0,1,49.143648
-150.0,1,49.149532
-150.0,1,49.159977
-150.0,1,49.168019
-150.0,1,49.172581
-1422.376848,18,49.266169
-150.0,1,49.275014
-1528.59158,4,49.296648
-150.0,1,49.303391
-245.829062,2,49.316544
-150.0,1,49.322685
-150.0,1,49.331825
-150.0,1,49.338664
-150.0,1,49.347458
-150.0,1,49.354466
-150.0,1,49.358756
-150.0,1,49.367199
-150.0,1,49.373089
-150.0,1,49.380177
-150.0,1,49.38492
-150.0,1,49.39343
-150.0,1,49.397927
-150.0,1,49.404639
-150.0,1,49.409741
-150.0,1,49.420053
-216.348928,2,49.433347
-5509983.403035,2,49.446972
-150.0,1,49.452151
-150.0,1,49.456352
-150.0,1,49.464472
-150.0,1,49.474117
-150.0,1,49.481473
-150.0,1,49.487713
-150.0,1,49.49147
-150.0,1,49.50239
-150.0,1,49.507586
-259.607653,3,49.523078
-150.0,1,49.529125
-150.0,1,49.536119
-150.0,1,49.541981
-150.0,1,49.55088
-1010.144147,5,49.576377
-150.0,1,49.587159
-330.697581,2,49.600296
-150.0,1,49.607185
-150.0,1,49.613459
-150.0,1,49.623429
-150.0,1,49.63075
-498.969627,2,49.642827
-150.0,1,49.650315
-150.0,1,49.657723
-776.152825,5,49.683981
-150.0,1,49.692602
-150.0,1,49.697939
-150.0,1,49.709337
-150.0,1,49.71514
-150.0,1,49.722166
-150.0,1,49.726556
-150.0,1,49.735638
-150.0,1,49.74402
-150.0,1,49.752933
-150.0,1,49.756774
-150.0,1,49.764486
-150.0,1,49.768861
-150.0,1,49.774206
-150.0,1,49.779404
-150.0,1,49.788139
-150.0,1,49.7976
-150.0,1,49.801822
-150.0,1,49.808791
-150.0,1,49.819738
-150.0,1,49.825027
-150.0,1,49.831711
-150.0,1,49.839036
-150.0,1,49.847484
-150.0,1,49.851724
-150.0,1,49.855914
-4765406.72912,5,49.883751
-1964.332254,21,49.999743
-150.0,1,50.006442
-150.0,1,50.014908
-150.0,1,50.01939
-177.776253,2,50.033013
-150.0,1,50.037433
-681.151203,3,50.054175
-642.934582,3,50.072783
-150.0,1,50.080515
-150.0,1,50.084436
-150.0,1,50.090441
-150.0,1,50.096408
-2776.191188,8,50.142307
-1129.296586,8,50.185054
-150.0,1,50.194517
-718.138163,4,50.226331
-307.247958,2,50.241268
-312.702921,2,50.252407
-150.0,1,50.26142
-150.0,1,50.267304
-2712.330748,30,50.428951
-150.0,1,50.436394
-150.0,1,50.440859
-200.441477,2,50.451837
-345.368399,17,50.546795
-326.025925,2,50.558665
-150.0,1,50.562996
-150.0,1,50.57168
-150.0,1,50.577885
-150.0,1,50.583735
-487.625097,8,50.630437
-150.0,1,50.635816
-150.0,1,50.64433
-150.0,1,50.651851
-4722651.292426,3,50.669994
-150.0,1,50.676679
-540.352192,3,50.697996
-150.0,1,50.704609
-150.0,1,50.714425
-150.0,1,50.718625
-150.0,1,50.725703
-150.0,1,50.733023
-150.0,1,50.739774
-150.0,1,50.749472
-150.0,1,50.755934
-150.0,1,50.760155
-150.0,1,50.766902
-150.0,1,50.770978
-150.0,1,50.781356
-150.0,1,50.79082
-150.0,1,50.79826
-150.0,1,50.805901
-150.0,1,50.812039
-150.0,1,50.816365
-150.0,1,50.825729
-150.0,1,50.83084
-150.0,1,50.840215
-150.0,1,50.844404
-150.0,1,50.849962
-457.875063,2,50.85982
-150.0,1,50.868608
-150.0,1,50.875655
-150.0,1,50.883302
-150.0,1,50.888847
-150.0,1,50.8971
-150.0,1,50.907504
-150.0,1,50.913309
-150.0,1,50.921388
-150.0,1,50.928637
-150.0,1,50.940054
-150.0,1,50.944621
-150.0,1,50.948932
-480.794922,3,50.967966
-150.0,1,50.972747
-150.0,1,50.977546
-150.0,1,50.986342
-287.921963,2,50.999624
-150.0,1,51.005339
-150.0,1,51.012041
-675.394825,3,51.025855
-150.0,1,51.034839
-150.0,1,51.043694
-507.127364,3,51.060477
-150.0,1,51.067826
-150.0,1,51.076901
-265.35426,4,51.100213
-150.0,1,51.107206
-150.0,1,51.114691
-182.360374,2,51.127399
-150.0,1,51.131618
-306.088157,2,51.144737
-150.0,1,51.15154
-150.0,1,51.159299
-150.0,1,51.16872
-150.0,1,51.172611
-3594.318306,45,51.406561
-150.0,1,51.414711
-150.0,1,51.424671
-150.0,1,51.432101
-150.0,1,51.56489
-150.0,1,51.573179
-150.0,1,51.580343
-150.0,1,51.586784
-150.0,1,51.592342
-1423.534016,5,51.624458
-150.0,1,51.633678
-150.0,1,51.639076
-150.0,1,51.644687
-150.0,1,51.653783
-150.0,1,51.662788
-150.0,1,51.668721
-150.0,1,51.676785
-150.0,1,51.682944
-150.0,1,51.688178
-150.0,1,51.695909
-150.0,1,51.701375
-150.0,1,51.707874
-150.0,1,51.715498
-150.0,1,51.720974
-150.0,1,51.730379
-150.0,1,51.741463
-150.0,1,51.751455
-150.0,1,51.755685
-150.0,1,51.762224
-150.0,1,51.771968
-150.0,1,51.781399
-150.0,1,51.786585
-150.0,1,51.791351
-150.0,1,51.800478
-150.0,1,51.809568
-182.733343,2,51.822182
-292.265262,2,51.834411
-150.0,1,51.844038
-150.0,1,51.850575
-150.0,1,51.857854
-150.0,1,51.867438
-150.0,1,51.875718
-150.0,1,51.883931
-150.0,1,51.889002
-150.0,1,51.895513
-150.0,1,51.90418
-150.0,1,51.909512
-280.724661,2,51.922808
-455.7205,4,51.944594
-920.950502,11,52.009445
-205.573005,2,52.02312
-150.0,1,52.028635
-150.0,1,52.03232
-150.0,1,52.041439
-150.0,1,52.046532
-1938.812309,21,52.160956
-150.0,1,52.167614
-150.0,1,52.175641
-150.0,1,52.180887
-150.0,1,52.185965
-150.0,1,52.190523
-150.0,1,52.200801
-240.072251,2,52.209777
-150.0,1,52.217903
-150.0,1,52.227755
-150.0,1,52.237536
-150.0,1,52.242176
-150.0,1,52.247212
-150.0,1,52.255246
-150.0,1,52.265429
-150.0,1,52.269872
-150.0,1,52.275019
-19641115.451092,2,52.288579
-150.0,1,52.297979
-150.0,1,52.305036
-3174876.996181,2,52.315708
-150.0,1,52.319376
-150.0,1,52.327878
-835.536287,2,52.339213
-150.0,1,52.343505
-150.0,1,52.348674
-150.0,1,52.35743
-150.0,1,52.363653
-150.0,1,52.368193
-150.0,1,52.375966
-150.0,1,52.386053
-150.0,1,52.391092
-150.0,1,52.396486
-150.0,1,52.405098
-4169.518907,6,52.439042
-150.0,1,52.443795
-904.082938,11,52.507101
-228.714859,2,52.517146
-150.0,1,52.52991
-150.0,1,52.536159
-150.0,1,52.542168
-150.0,1,52.547194
-747.252105,6,52.582002
-150.0,1,52.588764
-150.0,1,52.592949
-150.0,1,52.60199
-150.0,1,52.612224
-150.0,1,52.617357
-150.0,1,52.621631
-150.0,1,52.629186
-150.0,1,52.636221
-269.108842,2,52.649172
-150.0,1,52.65558
-150.0,1,52.661559
-150.0,1,52.668589
-150.0,1,52.674422
-150.0,1,52.681415
-150.0,1,52.686027
-150.0,1,52.696409
-150.0,1,52.703581
-150.0,1,52.709516
-150.0,1,52.716171
-150.0,1,52.724354
-150.0,1,52.731153
-180.308519,2,52.741778
-150.0,1,52.748787
-1117.781431,5,52.775324
-150.0,1,52.782322
-240.731981,3,52.799193
-150.0,1,52.805537
-150.0,1,52.813653
-150.0,1,52.820864
-150.0,1,52.826477
-150.0,1,52.837191
-150.0,1,52.844208
-150.0,1,52.849797
-150.0,1,52.85622
-150.0,1,52.864127
-150.0,1,52.869917
-150.0,1,52.877565
-150.0,1,52.886604
-150.0,1,52.892622
-150.0,1,52.901658
-150.0,1,52.907917
-150.0,1,52.914136
-150.0,1,52.919979
-150.0,1,52.927053
-150.0,1,52.931158
-289.114625,2,52.946565
-150.0,1,52.95084
-239.491913,4,52.974923
-150.0,1,52.980639
-150.0,1,52.984951
-150.0,1,52.990749
-207.261819,2,53.00652
-150.0,1,53.011324
-2282.371179,9,53.060833
-150.0,1,53.066146
-150.0,1,53.073742
-150.0,1,53.079463
-150.0,1,53.085083
-683.383917,3,53.099415
-626.341841,3,53.120414
-150.0,1,53.124182
-150.0,1,53.131219
-150.0,1,53.136272
-249.796868,2,53.14877
-150.0,1,53.156363
-150.0,1,53.162418
-262.75168,3,53.179537
-150.0,1,53.187076
-150.0,1,53.191404
-150.0,1,53.199214
-150.0,1,53.205423
-150.0,1,53.215238
-150.0,1,53.221092
-150.0,1,53.226278
-370.681499,2,53.23702
-456.09166,3,53.253767
-150.0,1,53.259672
-150.0,1,53.264894
-681.580457,2,53.27523
-150.0,1,53.282881
-1022.710405,4,53.304719
-150.0,1,53.309432
-150.0,1,53.316697
-150.0,1,53.326481
-844.752047,4,53.350228
-150.0,1,53.355838
-150.0,1,53.361219
-150.0,1,53.371397
-150.0,1,53.379835
-150.0,1,53.385557
-150.0,1,53.390184
-1522.39883,23,53.515194
-150.0,1,53.522322
-258.232439,2,53.535816
-150.142337,2,53.54481
-150.0,1,53.551583
-150.0,1,53.556948
-150.0,1,53.562825
-150.0,1,53.569202
-150.0,1,53.578271
-150.0,1,53.58614
-150.0,1,53.594429
-150.0,1,53.600144
-207.261819,2,53.616005
-150.0,1,53.620504
-730.29527,10,53.677973
-150.0,1,53.68466
-150.0,1,53.690877
-150.0,1,53.697213
-150.0,1,53.702165
-150.0,1,53.713158
-150.0,1,53.720254
-150.0,1,53.727817
-428.516944,2,53.741268
-150.0,1,53.74716
-150.0,1,53.758912
-150.0,1,53.765316
-150.0,1,53.772139
-150.0,1,53.779306
-150.0,1,53.785449
-150.0,1,53.789736
-150.0,1,53.798651
-150.0,1,53.810612
-150.0,1,53.819362
-150.0,1,53.82876
-150.0,1,53.83663
-150.0,1,53.844477
-150.0,1,53.853591
-150.0,1,53.860137
-150.0,1,53.866132
-150.0,1,53.87182
-150.0,1,53.879446
-150.0,1,53.883716
-150.0,1,53.89048
-150.0,1,53.897875
-434.634364,2,53.91381
-150.0,1,53.921919
-150.0,1,53.930235
-150.0,1,53.934675
-150.0,1,53.943713
-150.0,1,53.953195
-150.0,1,53.959845
-290.943835,4,53.981628
-14826033.7935,2,53.993199
-704.956604,6,54.025961
-150.0,1,54.031559
-150.0,1,54.03596
-150.0,1,54.047082
-835.536287,2,54.056598
-150.0,1,54.061455
-150.0,1,54.069381
-383.86064,2,54.084673
-552.671759,2,54.095728
-150.0,1,54.100488
-150.0,1,54.105664
-150.0,1,54.11326
-211.006824,2,54.124945
-150.0,1,54.131766
-150.0,1,54.140313
-1397.679051,3,54.163868
-150.0,1,54.169325
-150.0,1,54.178812
-678.395015,4,54.201692
-150.0,1,54.20835
-150.0,1,54.215453
-150.0,1,54.221729
-150.0,1,54.22793
-150.0,1,54.236386
-150.0,1,54.243444
-150.0,1,54.248813
-150.0,1,54.257966
-150.0,1,54.265804
-150.0,1,54.270074
-150.0,1,54.274219
-150.0,1,54.282354
-150.0,1,54.28883
-150.0,1,54.294682
-10961992.967632,6,54.329567
-150.0,1,54.335506
-150.0,1,54.342131
-150.0,1,54.346384
-150.0,1,54.358305
-481.761683,3,54.376922
-150.0,1,54.385588
-150.0,1,54.390854
-150.0,1,54.395395
-150.0,1,54.401499
-150.0,1,54.409606
-150.0,1,54.418967
-150.0,1,54.423662
-373.476761,5,54.453036
-150.0,1,54.465453
-1188.00401,6,54.497124
-150.0,1,54.502096
-150.0,1,54.509366
-150.0,1,54.517129
-150.0,1,54.526325
-150.0,1,54.534601
-150.0,1,54.540949
-150.0,1,54.549007
-150.0,1,54.553691
-150.0,1,54.559205
-150.0,1,54.567322
-150.0,1,54.576648
-150.0,1,54.581144
-150.0,1,54.586431
-150.0,1,54.592921
-150.0,1,54.602473
-150.0,1,54.610277
-150.0,1,54.615617
-150.0,1,54.62108
-1103.516142,13,54.690523
-150.0,1,54.694578
-150.0,1,54.702199
-256.060967,2,54.714468
-150.0,1,54.721343
-150.0,1,54.730131
-150.0,1,54.739893
-150.0,1,54.744563
-198.842824,2,54.756162
-150.0,1,54.765393
-150.0,1,54.771019
-150.0,1,54.777584
-150.0,1,54.784098
-150.0,1,54.791068
-150.0,1,54.795389
-150.0,1,54.79987
-161.932686,2,54.816824
-150.0,1,54.820615
-150.0,1,54.825718
-150.0,1,54.832973
-678.395015,4,54.855198
-150.0,1,54.861864
-150.0,1,54.867441
-7208842.232434,7,54.906382
-150.0,1,54.914852
-150.0,1,54.920615
-150.0,1,54.927684
-150.0,1,54.935477
-150.0,1,54.94487
-150.0,1,54.949019
-3673400.325011,3,54.969625
-150.0,1,54.975939
-150.0,1,54.987411
-214.966066,2,54.998641
-150.0,1,55.005088
-150.0,1,55.009695
-150.0,1,55.017586
-238.922266,2,55.026681
-2875.378589,7,55.062791
-187.540063,2,55.073363
-10773.517818,35,55.258634
-150.0,1,55.267861
-150.0,1,55.274337
-150.0,1,55.282706
-150.0,1,55.291338
-150.0,1,55.296561
-150.0,1,55.30473
-150.0,1,55.311137
-150.0,1,55.318408
-150.0,1,55.323165
-150.0,1,55.33178
-150.0,1,55.338246
-3007227.197402,2,55.351897
-150.0,1,55.360493
-437.100863,2,55.370069
-150.0,1,55.376395
-150.0,1,55.386003
-1406.894764,8,55.431053
-150.0,1,55.435495
-150.0,1,55.440502
-308.66416,2,55.456415
-150.0,1,55.46279
-150.0,1,55.468215
-403.615836,2,55.481705
-150.0,1,55.488356
-150.0,1,55.49324
-707.434172,2,55.505083
-8376.078832,26,55.641787
-150.0,1,55.648876
-638.178857,8,55.691873
-150.0,1,55.700876
-150.0,1,55.709828
-150.0,1,55.716614
-150.0,1,55.724075
-151.625833,2,55.734958
-150.0,1,55.739313
-150.0,1,55.746467
-150.0,1,55.754793
-150.0,1,55.762134
-150.0,1,55.769353
-634.791502,7,55.809447
-794.064629,2,55.821526
-150.0,1,55.831795
-150.0,1,55.839263
-150.0,1,55.844888
-150.0,1,55.851703
-150.0,1,55.859903
-150.0,1,55.866338
-6801.408905,20,55.973525
-150.0,1,55.979633
-429.117797,2,55.992905
-1074.13105,17,56.082529
-150.0,1,56.092295
-150.0,1,56.098225
-150.0,1,56.108548
-150.0,1,56.113854
-4763975.347458,2,56.126708
-150.0,1,56.133588
-456.175941,2,56.145616
-150.0,1,56.152527
-150.0,1,56.161062
-150.0,1,56.16733
-252.808716,2,56.178104
-150.0,1,56.184336
-150.0,1,56.192868
-150.0,1,56.201622
-150.0,1,56.209082
-150.0,1,56.214873
-150.0,1,56.221876
-225.015115,2,56.231794
-150.0,1,56.240336
-150.0,1,56.245927
-150.0,1,56.251888
-150.0,1,56.259613
-150.0,1,56.269273
-150.0,1,56.274999
-150.0,1,56.284945
-150.0,1,56.290519
-150.0,1,56.297183
-150.0,1,56.301738
-150.0,1,56.308362
-150.0,1,56.318496
-150.0,1,56.328238
-150.0,1,56.335964
-1106.090456,5,56.364482
-150.0,1,56.370037
-150.0,1,56.376769
-150.0,1,56.381687
-150.0,1,56.390483
-150.0,1,56.396187
-150.0,1,56.402041
-150.0,1,56.408191
-150.0,1,56.415351
-150.0,1,56.421389
-150.0,1,56.426796
-150.0,1,56.433807
-1081.682611,2,56.445211
-150.0,1,56.453606
-150.0,1,56.45898
-276.222989,2,56.469497
-150.0,1,56.479759
-150.0,1,56.488037
-150.0,1,56.492645
-428.516944,2,56.504393
-150.0,1,56.514684
-150.0,1,56.51903
-150.0,1,56.527995
-150.0,1,56.535361
-150.0,1,56.543736
-150.142337,2,56.552873
-227.216114,2,56.564929
-150.0,1,56.570188
-150.0,1,56.577674
-150.0,1,56.585292
-150.0,1,56.59032
-150.0,1,56.595938
-150.0,1,56.602141
-2553520.188884,4,56.622034
-150.0,1,56.63159
-150.0,1,56.638628
-150.0,1,56.648029
-355.932364,2,56.659828
-150.0,1,56.665495
-150.0,1,56.67058
-150.0,1,56.67921
-150.0,1,56.687738
-150.0,1,56.691876
-150.0,1,56.697807
-150.0,1,56.703608
-150.0,1,56.71047
-607.455525,3,56.726836
-150.0,1,56.73536
-150.0,1,56.743737
-150.0,1,56.75199
-150.0,1,56.759142
-150.0,1,56.765233
-150.0,1,56.773674
-150.0,1,56.783392
-150.0,1,56.79123
-150.0,1,56.797689
-150.0,1,56.805105
-150.0,1,56.809567
-150.0,1,56.814826
-150.0,1,56.820874
-150.0,1,56.83076
-150.0,1,56.838341
-150.0,1,56.84189
-150.0,1,56.852294
-150.0,1,56.861387
-150.0,1,56.868304
-150.0,1,56.873039
-150.0,1,56.879865
-150.0,1,56.887523
-150.0,1,56.891759
-150.0,1,56.897936
-150.0,1,56.911302
-150.0,1,56.918935
-150.0,1,56.924168
-150.0,1,56.93009
-150.0,1,56.938745
-150.0,1,56.945747
-150.0,1,56.951266
-467.018065,2,56.964532
-150.0,1,56.971631
-150.0,1,56.979285
-528.044507,3,56.998081
-150.0,1,57.005072
-272.89338,2,57.018228
-150.0,1,57.025321
-150.0,1,57.030318
-150.0,1,57.035821
-390.416469,2,57.050525
-150.0,1,57.058264
-150.0,1,57.06253
-150.0,1,57.071628
-150.0,1,57.07707
-150.0,1,57.083827
-609.723086,3,57.099191
-150.0,1,57.104199
-150.0,1,57.111761
-1848.204433,2,57.125246
-150.0,1,57.1342
-150.0,1,57.139942
-150.0,1,57.148816
-1762.981925,3,57.165392
-150.0,1,57.176846
-274.409468,2,57.189033
-150.0,1,57.193339
-585.765683,2,57.211014
-835.536287,2,57.221159
-150.0,1,57.229381
-150.0,1,57.233519
-150.0,1,57.239837
-1977.122952,5,57.27159
-150.0,1,57.2817
-150.0,1,57.288354
-150.0,1,57.296546
-1416.895372,16,57.386284
-150.0,1,57.392126
-150.0,1,57.397958
-150.0,1,57.405027
-150.0,1,57.412495
-150.0,1,57.417245
-150.0,1,57.426722
-150.0,1,57.434879
-150.0,1,57.43971
-150.0,1,57.446563
-150.0,1,57.45658
-150.0,1,57.463921
-150.0,1,57.468474
-150.0,1,57.476915
-150.0,1,57.486217
-150.0,1,57.497053
-150.0,1,57.502283
-150.0,1,57.50816
-150.0,1,57.515981
-150.0,1,57.525055
-150.0,1,57.532124
-152.838688,2,57.54514
-150.0,1,57.554976
-150.0,1,57.562276
-150.0,1,57.568594
-150.0,1,57.575738
-150.0,1,57.581645
-150.0,1,57.590285
-150.0,1,57.597168
-150.0,1,57.604338
-192.340359,2,57.615452
-738.498847,3,57.635262
-150.0,1,57.640577
-570.897997,3,57.663173
-350.73287,2,57.672434
-150.0,1,57.683763
-150.0,1,57.688612
-150.0,1,57.698262
-150.0,1,57.702887
-347.667099,2,57.721266
-150.0,1,57.725899
-150.0,1,57.732507
-3525.441343,3,57.747372
-150.0,1,57.756625
-456.175941,2,57.77343
-150.0,1,57.782581
-621.149881,5,57.807345
-150.0,1,57.81871
-1618.509852,7,57.856833
-150.0,1,57.867049
-150.0,1,57.872951
-150.0,1,57.880511
-150.0,1,57.886765
-834.059339,2,57.899396
-150.0,1,57.904133
-807.825868,4,57.931746
-150.0,1,57.936719
-150.0,1,57.943902
-150.0,1,57.950016
-150.0,1,57.955827
-150.0,1,57.961329
-150.0,1,57.974995
-150.0,1,57.979865
-150.0,1,57.986414
-150.0,1,57.990568
-150.0,1,57.999501
-150.0,1,58.005572
-1294340.766657,8,58.049883
-150.0,1,58.057117
-150.0,1,58.063992
-150.0,1,58.069872
-150.0,1,58.080907
-150.0,1,58.084945
-366.17302,3,58.101778
-150.0,1,58.105991
-150.0,1,58.114162
-456.175941,2,58.129222
-150.0,1,58.134106
-150.0,1,58.141688
-936.313495,3,58.159726
-150.0,1,58.168134
-150.0,1,58.175048
-150.0,1,58.182795
-150.0,1,58.189637
-150.0,1,58.195738
-2096.603031,23,58.327633
-150.0,1,58.334775
-150.0,1,58.345453
-150.0,1,58.353546
-150.0,1,58.358332
-150.0,1,58.368787
-150.0,1,58.377163
-150.0,1,58.38262
-150.0,1,58.390275
-150.0,1,58.395249
-150.0,1,58.405308
-150.0,1,58.413438
-638.178857,8,58.456101
-150.0,1,58.460409
-150.0,1,58.466826
-973.49426,2,58.477175
-150.0,1,58.482983
-150.0,1,58.489234
-150.0,1,58.499254
-150.0,1,58.505649
-150.0,1,58.51142
-428.516944,2,58.523706
-596.11635,5,58.5528
-150.0,1,58.559642
-1141.116518,8,58.603496
-291.657556,4,58.623815
-150.0,1,58.633531
-150.0,1,58.641023
-150.0,1,58.645437
-150.0,1,58.651408
-150.0,1,58.658427
-150.0,1,58.664145
-150.0,1,58.671815
-150.0,1,58.675792
-150.0,1,58.68291
-150.0,1,58.688256
-150.0,1,58.695987
-150.0,1,58.701393
-150.0,1,58.708977
-150.0,1,58.717941
-150.0,1,58.724463
-150.0,1,58.728804
-150.0,1,58.735576
-150.0,1,58.744384
-150.0,1,58.750795
-1736.822772,11,58.811326
-150.0,1,58.818762
-150.0,1,58.82348
-498.969627,2,58.838891
-593.538229,10,58.892923
-150.0,1,58.903959
-150.0,1,58.912124
-150.0,1,58.917671
-150.0,1,58.922394
-2022.264969,3,58.940338
-161.891521,2,58.950649
-150.0,1,58.956497
-150.0,1,58.964192
-150.0,1,58.971116
-150.0,1,58.977577
-150.0,1,58.983245
-201.180254,3,59.003767
-150.0,1,59.014965
-150.0,1,59.021335
-150.0,1,59.026667
-172.878741,3,59.044197
-150.0,1,59.05353
-150.0,1,59.059303
-150.0,1,59.066432
-150.0,1,59.075456
-150.0,1,59.083134
-150.0,1,59.090312
-150.0,1,59.099471
-150.0,1,59.107007
-451.073857,26,59.24673
-150.0,1,59.252234
-150.0,1,59.25934
-150.0,1,59.267368
-150.0,1,59.273221
-150.0,1,59.283256
-150.0,1,59.287303
-150.0,1,59.292813
-150.0,1,59.304121
-150.0,1,59.31442
-150.0,1,59.320174
-228.948781,2,59.330153
-243.840125,2,59.344628
-150.0,1,59.348576
-150.0,1,59.355599
-150.0,1,59.362772
-150.0,1,59.370847
-150.0,1,59.378139
-150.0,1,59.382438
-594.289391,5,59.414511
-150.0,1,59.420887
-150.0,1,59.426363
-150.0,1,59.43091
-150.0,1,59.437486
-276.511071,4,59.466542
-1723.446266,3,59.484546
-150.0,1,59.496982
-383.86064,2,59.505877
-150.0,1,59.515201
-150.0,1,59.525483
-150.0,1,59.530694
-232.953244,2,59.539477
-12659514.194042,4,59.563767
-150.0,1,59.572723
-150.0,1,59.577959
-219.996909,3,59.597016
-150.0,1,59.605029
-150.0,1,59.60949
-150.0,1,59.6176
-294.238645,2,59.628805
-150.0,1,59.638572
-150.0,1,59.643482
-150.0,1,59.650271
-174.787526,2,59.659796
-150.0,1,59.665937
-150.0,1,59.671701
-150.0,1,59.677541
-150.0,1,59.684711
-150.0,1,59.695926
-254.702614,2,59.710771
-150.0,1,59.714628
-150.0,1,59.720356
-150.0,1,59.729811
-372.837367,3,59.748499
-150.0,1,59.755219
-150.0,1,59.761337
-150.0,1,59.768414
-150.0,1,59.774603
-150.0,1,59.781704
-150.0,1,59.788545
-150.0,1,59.797656
-150.0,1,59.802507
-150.0,1,59.810445
-150.0,1,59.81604
-150.0,1,59.826789
-150.0,1,59.833704
-150.0,1,59.843851
-150.0,1,59.848196
-2017.333946,18,59.949688
-150.0,1,59.957234
-150.0,1,59.964606
-150.0,1,59.969383
-606.589408,2,59.983783
-150.0,1,59.992842
-150.0,1,59.999319
-150.0,1,60.005482
-150.0,1,60.014764
-150.0,1,60.020091
-350.293764,6,60.053867
-198.376047,2,60.066266
-1707.031056,2,60.076722
-187.540063,2,60.08946
-150.0,1,60.093673
-150.0,1,60.101328
-150.0,1,60.114211
-150.0,1,60.12004
-150.0,1,60.124974
-150.0,1,60.133169
-150.0,1,60.144209
-150.0,1,60.150897
-150.0,1,60.155864
-150.0,1,60.163909
-150.0,1,60.171325
-150.0,1,60.175952
-150.0,1,60.181913
-150.0,1,60.186779
-150.0,1,60.19774
-150.0,1,60.205024
-150.0,1,60.210495
-150.0,1,60.218889
-150.0,1,60.228126
-150.0,1,60.232887
-150.0,1,60.240991
-150.0,1,60.247002
-150.0,1,60.255768
-150.0,1,60.26074
-150.0,1,60.268529
-150.0,1,60.272761
-150.0,1,60.282829
-150.0,1,60.287798
-150.0,1,60.292969
-150.0,1,60.29758
-150.0,1,60.3054
-150.0,1,60.311586
-13460855.973835,2,60.322713
-150.0,1,60.330731
-150.0,1,60.336969
-543.748039,2,60.348579
-150.0,1,60.355031
-150.0,1,60.360576
-150.0,1,60.369417
-150.0,1,60.373893
-326.025925,2,60.386612
-150.0,1,60.394306
-150.0,1,60.402097
-150.0,1,60.411121
-150.0,1,60.418635
-150.0,1,60.423686
-150.0,1,60.433261
-150.0,1,60.441697
-150.0,1,60.447481
-150.0,1,60.452897
-150.0,1,60.461378
-150.0,1,60.467741
-150.0,1,60.478225
-150.0,1,60.483029
-150.0,1,60.492259
-150.0,1,60.498078
-150.0,1,60.502208
-150.0,1,60.507657
-150.0,1,60.513969
-150.0,1,60.521489
-150.0,1,60.527383
-150.0,1,60.535697
-150.0,1,60.547115
-150.0,1,60.555528
-150.0,1,60.561929
-150.0,1,60.566619
-150.0,1,60.573121
-150.0,1,60.581152
-150.0,1,60.587937
-150.0,1,60.593599
-150.0,1,60.602234
-150.0,1,60.608172
-150.0,1,60.617488
-150.0,1,60.621601
-150.0,1,60.630389
-150.0,1,60.637814
-150.0,1,60.646445
-150.0,1,60.650725
-150.0,1,60.657502
-150.0,1,60.667741
-150.0,1,60.674892
-150.0,1,60.680668
-150.0,1,60.68837
-483.033309,2,60.704166
-150.0,1,60.709485
-404.862064,2,60.721311
-150.0,1,60.731642
-150.0,1,60.740469
-150.0,1,60.74703
-150.0,1,60.759695
-450.856746,7,60.797548
-831.871304,6,60.830313
-150.0,1,60.837261
-150.0,1,60.842415
-150.0,1,60.852087
-150.0,1,60.859455
-150.0,1,60.863668
-150.0,1,60.86822
-150.0,1,60.876344
-150.0,1,60.882284
-150.0,1,60.889279
-150.0,1,60.894663
-150.0,1,60.902901
-150.0,1,60.907921
-150.0,1,60.912765
-150.0,1,60.917907
-782.403128,5,60.951435
-150.0,1,60.958842
-150.0,1,60.96327
-150.0,1,60.969166
-357.790098,2,60.983212
-150.0,1,60.99214
-150.0,1,60.999719
-150.0,1,61.007224
-150.0,1,61.014935
-150.0,1,61.021741
-156.364352,2,61.038617
-150.0,1,61.042954
-150.0,1,61.049331
-150.0,1,61.056752
-150.0,1,61.064911
-1090.154804,6,61.096559
-150.0,1,61.107424
-150.0,1,61.115215
-150.0,1,61.121402
-150.0,1,61.12649
-150.0,1,61.132872
-150.0,1,61.13834
-150.0,1,61.146433
-150.0,1,61.152152
-150.0,1,61.158611
-150.0,1,61.166503
-150.0,1,61.172171
-150.0,1,61.178777
-150.0,1,61.186739
-150.0,1,61.19298
-150.0,1,61.199311
-150.0,1,61.204938
-150.0,1,61.212176
-150.0,1,61.218483
-150.0,1,61.22857
-150.0,1,61.235005
-150.0,1,61.243659
-150.0,1,61.251934
-150.0,1,61.25817
-6754871.885929,7,61.299814
-150.0,1,61.307283
-150.0,1,61.312568
-4552009.086229,3,61.32855
-150.0,1,61.332716
-150.0,1,61.339049
-150.0,1,61.34546
-150.0,1,61.351001
-150.0,1,61.358624
-150.0,1,61.368331
-150.0,1,61.375837
-150.0,1,61.381476
-150.0,1,61.386342
-150.0,1,61.392529
-150.0,1,61.40023
-150.0,1,61.406313
-150.0,1,61.410389
-311.585084,2,61.424337
-213.199497,2,61.433467
-150.0,1,61.438792
-150.0,1,61.446005
-920.950502,11,61.507168
-150.0,1,61.514864
-150.0,1,61.519002
-150.0,1,61.523252
-150.0,1,61.529497
-150.0,1,61.535593
-313.137911,2,61.547112
-150.0,1,61.552709
-150.0,1,61.561107
-150.0,1,61.564935
-238.412387,3,61.582219
-150.0,1,61.588005
-150.0,1,61.599296
-150.0,1,61.603556
-150.0,1,61.612997
-150.0,1,61.617404
-814.368232,5,61.649099
-150.0,1,61.654591
-150.0,1,61.660354
-150.0,1,61.665159
-150.0,1,61.678814
-150.0,1,61.68753
-150.0,1,61.695002
-150.0,1,61.698939
-150.0,1,61.708266
-150.0,1,61.714038
-150.0,1,61.722826
-150.0,1,61.730662
-150.0,1,61.737902
-150.0,1,61.745285
-150.0,1,61.754254
-253.795112,3,61.768988
-150.0,1,61.780953
-150.0,1,61.785696
-150.0,1,61.790883
-689.11276,2,61.806154
-150.0,1,61.815856
-150.0,1,61.820263
-150.0,1,61.828764
-150.0,1,61.836453
-150.0,1,61.848289
-150.0,1,61.853226
-150.0,1,61.857877
-334.41473,2,61.873889
-150.0,1,61.886949
-150.0,1,61.892882
-150.0,1,61.902544
-150.0,1,61.908179
-150.0,1,61.914951
-150.0,1,61.920638
-150.0,1,61.930992
-271.337969,2,61.940249
-150.0,1,61.948042
-150.0,1,61.954744
-150.0,1,61.958844
-150.0,1,61.966904
-150.0,1,61.973475
-150.0,1,61.982549
-150.0,1,61.988357
-150.0,1,61.99334
-150.0,1,61.999894
-150.0,1,62.006657
-150.0,1,62.012855
-150.0,1,62.019578
-150.0,1,62.026904
-150.0,1,62.036392
-150.0,1,62.045821
-150.0,1,62.050848
-150.0,1,62.061494
-150.0,1,62.070895
-680.011084,2,62.082169
-150.0,1,62.091174
-150.0,1,62.102821
-150.0,1,62.111782
-150.0,1,62.121264
-183.190579,2,62.135485
-150.0,1,62.145012
-1824.085206,2,62.153986
-150.0,1,62.161523
-150.0,1,62.16672
-150.0,1,62.176594
-150.0,1,62.182029
-150.0,1,62.192829
-150.0,1,62.199404
-150.0,1,62.208681
-150.0,1,62.215592
-273.569944,2,62.230066
-150.0,1,62.23398
-150.0,1,62.241669
-150.0,1,62.249008
-150.0,1,62.252736
-150.0,1,62.256735
-150.0,1,62.266128
-150.0,1,62.276038
-150.0,1,62.286502
-150.0,1,62.292629
-150.0,1,62.300769
-150.0,1,62.30688
-1530.977478,2,62.318566
-150.0,1,62.323451
-150.0,1,62.333075
-150.0,1,62.338171
-150.0,1,62.34302
-150.0,1,62.347772
-150.0,1,62.35696
-150.0,1,62.363514
-208.344015,2,62.374086
-150.0,1,62.382428
-150.0,1,62.389151
-150.0,1,62.396508
-150.0,1,62.402149
-150.0,1,62.412322
-150.0,1,62.41944
-150.0,1,62.425285
-150.0,1,62.431661
-150.0,1,62.437206
-163.237153,2,62.451742
-150.0,1,62.458843
-150.0,1,62.469783
-150.0,1,62.474401
-150.0,1,62.482642
-150.0,1,62.486566
-150.0,1,62.493201
-150.0,1,62.497834
-150.0,1,62.506957
-150.0,1,62.511215
-150.0,1,62.519047
-231.208098,2,62.532827
-150.0,1,62.543165
-150.0,1,62.553205
-150.0,1,62.557532
-150.0,1,62.562094
-150.0,1,62.569835
-150.0,1,62.575535
-150.0,1,62.58188
-150.0,1,62.588002
-150.0,1,62.598893
-150.0,1,62.609036
-150.0,1,62.614779
-150.0,1,62.618959
-150.0,1,62.626412
-150.0,1,62.63414
-150.0,1,62.638759
-150.0,1,62.64302
-150.0,1,62.64954
-587.466664,2,62.66297
-150.0,1,62.666806
-150.0,1,62.671962
-150.0,1,62.68134
-150.0,1,62.688585
-150.0,1,62.693829
-150.0,1,62.697658
-150.0,1,62.706245
-150.0,1,62.717005
-150.0,1,62.723734
-150.0,1,62.73264
-150.0,1,62.741469
-150.0,1,62.745955
-2116.75691,4,62.768593
-150.0,1,62.773109
-150.0,1,62.782033
-2498.590822,2,62.7941
-150.0,1,62.799932
-794.413343,2,62.812129
-150.0,1,62.825233
-876.337557,4,62.846664
-150.0,1,62.853108
-150.0,1,62.857481
-651.294341,4,62.880881
-150.0,1,62.888322
-150.0,1,62.896383
-150.0,1,62.903004
-150.0,1,62.910138
-7959858.176397,2,62.923866
-150.0,1,62.929406
-150.0,1,62.936589
-150.0,1,62.946807
-155.424259,2,62.956124
-150.0,1,62.960579
-565.923698,4,62.98337
-150.0,1,62.992733
-150.0,1,63.001311
-150.0,1,63.006054
-150.0,1,63.011584
-150.0,1,63.024915
-150.0,1,63.029637
-150.0,1,63.036573
-189.699469,2,63.049047
-150.0,1,63.054814
-150.0,1,63.060117
-150.0,1,63.065469
-150.0,1,63.075307
-150.0,1,63.082947
-150.0,1,63.089814
-150.0,1,63.094589
-150.0,1,63.102684
-150.0,1,63.109406
-150.0,1,63.114882
-150.0,1,63.119927
-150.0,1,63.125986
-150.0,1,63.134459
-150.0,1,63.140678
-253.562778,3,63.158772
-150.0,1,63.165241
-977.672139,6,63.199034
-150.0,1,63.204473
-150.0,1,63.210231
-150.0,1,63.216294
-150.0,1,63.22602
-150.0,1,63.231029
-150.0,1,63.236814
-150.0,1,63.242145
-150.0,1,63.251908
-150.0,1,63.258416
-181.675463,2,63.26827
-150.0,1,63.273933
-489.202857,4,63.302847
-150.0,1,63.310156
-150.0,1,63.316542
-150.0,1,63.320628
-150.0,1,63.328512
-280.269397,2,63.342023
-150.0,1,63.346886
-150.0,1,63.352774
-150.0,1,63.358759
-264.654095,3,63.375102
-150.0,1,63.380256
-12585681.81538,3,63.396144
-150.0,1,63.403564
-698.460935,2,63.413662
-595.389816,2,63.424053
-150.0,1,63.430132
-4856.594224,42,63.663194
-150.0,1,63.669542
-150.0,1,63.675005
-150.0,1,63.681181
-150.0,1,63.6894
-150.0,1,63.697465
-150.0,1,63.70431
-150.0,1,63.709623
-4051700.962012,36,63.90666
-150.0,1,63.917269
-330.697581,2,63.926561
-150.0,1,63.932379
-150.0,1,63.940809
-150.0,1,63.946445
-150.0,1,63.953855
-150.0,1,63.961975
-150.0,1,63.971521
-229.33542,3,63.986115
-150.0,1,63.992691
-150.0,1,63.999618
-150.0,1,64.007553
-150.0,1,64.0138
-150.0,1,64.020168
-150.0,1,64.027275
-150.0,1,64.036232
-150.0,1,64.040479
-150.0,1,64.051459
-150.0,1,64.05582
-150.0,1,64.065299
-150.0,1,64.070038
-150.0,1,64.076562
-150.0,1,64.080313
-150.0,1,64.088228
-150.0,1,64.093039
-150.0,1,64.100374
-150.0,1,64.106337
-150.0,1,64.113301
-150.0,1,64.117884
-189.727207,2,64.130074
-273.569944,2,64.141272
-150.0,1,64.155804
-150.0,1,64.159941
-150.0,1,64.164362
-150.0,1,64.171868
-150.0,1,64.180133
-150.0,1,64.189564
-150.0,1,64.194161
-150.0,1,64.200539
-150.0,1,64.209569
-150.0,1,64.216555
-150.0,1,64.221866
-670.108416,2,64.233153
-150.0,1,64.243904
-150.0,1,64.249457
-330.462175,3,64.271643
-150.0,1,64.278641
-150.0,1,64.286871
-269.382011,3,64.305299
-150.0,1,64.316557
-150.0,1,64.32355
-150.0,1,64.331607
-150.0,1,64.336091
-150.0,1,64.342783
-150.0,1,64.352044
-150.0,1,64.360984
-150.0,1,64.366577
-150.0,1,64.375232
-150.0,1,64.383932
-150.0,1,64.394496
-201.492163,2,64.404831
-150.0,1,64.411507
-150.0,1,64.415656
-150.0,1,64.423171
-150.0,1,64.430429
-150.0,1,64.439845
-150.0,1,64.444557
-150.0,1,64.454138
-150.0,1,64.45998
-1376.236958,8,64.505151
-150.0,1,64.515652
-588.383628,3,64.532271
-150.0,1,64.542484
-487.526197,4,64.564863
-150.0,1,64.569686
-150.0,1,64.579631
-261.938146,3,64.597496
-150.0,1,64.604028
-150.0,1,64.60905
-626.341841,3,64.631515
-150.0,1,64.638737
-150.0,1,64.64457
-150.0,1,64.650479
-915.110928,2,64.666077
-1144.327192,2,64.679288
-3319.10749,31,64.847513
-150.0,1,64.855633
-150.0,1,64.862873
-150.0,1,64.866936
-2996.6835,4,64.888862
-150.0,1,64.897308
-150.0,1,64.904348
-150.0,1,64.908974
-150.0,1,64.915016
-150.0,1,64.92063
-150.0,1,64.929439
-150.0,1,64.935466
-150.0,1,64.939968
-150.0,1,64.948535
-150.0,1,64.959545
-150.0,1,64.964483
-150.0,1,64.968345
-150.0,1,64.974027
-150.0,1,64.981519
-150.0,1,64.98848
-150.0,1,64.996587
-150.0,1,65.002993
-150.0,1,65.009254
-371.466742,2,65.020887
-150.0,1,65.027261
-150.0,1,65.033955
-150.0,1,65.040511
-150.0,1,65.046404
-5153.212211,5,65.073381
-150.0,1,65.077684
-150.0,1,65.08659
-150.0,1,65.091592
-150.0,1,65.099531
-150.0,1,65.103374
-319.638185,2,65.11792
-150.0,1,65.125551
-150.0,1,65.134525
-150.0,1,65.138973
-150.0,1,65.147928
-150.0,1,65.154234
-150.0,1,65.160641
-150.0,1,65.166202
-150.0,1,65.174653
-2082393.292239,100,65.703948
-150.0,1,65.713579
-150.0,1,65.719083
-150.0,1,65.726502
-150.0,1,65.733917
-150.0,1,65.73968
-150.0,1,65.743946
-150.0,1,65.750357
-150.0,1,65.756425
-150.0,1,65.763306
-150.0,1,65.768258
-150.0,1,65.775646
-150.0,1,65.780627
-150.0,1,65.789402
-150.0,1,65.796998
-150.0,1,65.804911
-150.0,1,65.813503
-150.0,1,65.821251
-150.0,1,65.828031
-150.0,1,65.837172
-150.0,1,65.842088
-150.0,1,65.853961
-292.850268,2,65.86275
-150.0,1,65.869163
-150.0,1,65.876961
-150.0,1,65.883332
-150.0,1,65.890805
-150.0,1,65.898398
-150.0,1,65.905499
-150.0,1,65.913166
-150.0,1,65.919979
-150.0,1,65.926797
-150.0,1,65.934264
-150.0,1,65.939014
-150.0,1,65.94391
-150.0,1,65.953732
-150.0,1,65.960153
-150.0,1,65.96573
-150.0,1,65.969908
-150.0,1,65.976768
-150.0,1,65.983854
-150.0,1,65.988119
-150.0,1,65.997017
-150.0,1,66.003025
-150.0,1,66.009885
-150.0,1,66.02084
-150.0,1,66.029817
-150.0,1,66.036859
-150.0,1,66.045531
-150.0,1,66.050262
-150.0,1,66.055569
-150.0,1,66.066353
-150.0,1,66.075857
-150.0,1,66.083226
-150.0,1,66.088743
-150.0,1,66.097177
-150.0,1,66.104749
-150.0,1,66.110942
-150.0,1,66.115757
-150.0,1,66.124064
-150.0,1,66.130454
-150.0,1,66.13487
-150.0,1,66.139788
-150.0,1,66.146295
-150.0,1,66.155632
-150.0,1,66.163031
-150.0,1,66.169877
-150.0,1,66.177522
-150.0,1,66.18619
-150.0,1,66.192851
-150.0,1,66.19825
-150.0,1,66.205755
-150.0,1,66.213745
-150.0,1,66.218322
-150.0,1,66.223596
-150.0,1,66.23472
-150.0,1,66.241444
-150.0,1,66.246435
-150.0,1,66.253685
-150.0,1,66.262086
-150.0,1,66.269351
-150.0,1,66.275098
-150.0,1,66.280603
-150.0,1,66.287837
-150.0,1,66.293876
-150.0,1,66.298225
-150.0,1,66.304404
-150.0,1,66.311997
-357.459247,2,66.324313
-150.0,1,66.328934
-150.0,1,66.335251
-150.0,1,66.346309
-150.0,1,66.3522
-150.0,1,66.356168
-150.0,1,66.361883
-150.0,1,66.37123
-150.0,1,66.37852
-150.0,1,66.383917
-150.0,1,66.388688
-150.0,1,66.398609
-150.0,1,66.40389
-150.0,1,66.411421
-150.0,1,66.419861
-150.0,1,66.430074
-150.0,1,66.438501
-150.0,1,66.442375
-150.0,1,66.4476
-150.0,1,66.457879
-150.0,1,66.467
-150.0,1,66.471999
-150.0,1,66.47671
-150.0,1,66.489272
-150.0,1,66.493672
-150.0,1,66.499237
-150.0,1,66.502923
-150.0,1,66.514216
-150.0,1,66.52136
-150.0,1,66.526401
-150.0,1,66.532026
-150.0,1,66.543574
-150.0,1,66.548108
-150.0,1,66.557969
-150.0,1,66.566612
-150.0,1,66.575519
-150.0,1,66.582443
-150.0,1,66.589792
-150.0,1,66.595333
-150.0,1,66.607732
-201.55448,2,66.619905
-150.0,1,66.625073
-150.0,1,66.632506
-150.0,1,66.638686
-150.0,1,66.64523
-150.0,1,66.649217
-150.0,1,66.655766
-150.0,1,66.662674
-150.0,1,66.671449
-150.0,1,66.675819
-150.0,1,66.681905
-150.0,1,66.691028
-150.0,1,66.697812
-150.0,1,66.702982
-150.0,1,66.71148
-150.0,1,66.719909
-150.0,1,66.726562
-150.0,1,66.731658
-150.0,1,66.73802
-150.0,1,66.747717
-150.0,1,66.755988
-150.0,1,66.760768
-150.0,1,66.76732
-150.0,1,66.775107
-150.0,1,66.783294
-150.0,1,66.790959
-150.0,1,66.80029
-150.0,1,66.80897
-150.0,1,66.815186
-150.0,1,66.820765
-428.39373,2,66.833028
-150.0,1,66.839248
-150.0,1,66.843967
-150.0,1,66.852955
-150.0,1,66.859281
-150.0,1,66.866905
-150.0,1,66.871792
-401.028932,2,66.884113
-150.0,1,66.889407
-150.0,1,66.895834
-150.0,1,66.904104
-150.0,1,66.911762
-150.0,1,66.916342
-150.0,1,66.924322
-150.0,1,66.930923
-150.0,1,66.937282
-150.0,1,66.943788
-150.0,1,66.950122
-150.0,1,66.956797
-351.477954,2,66.969084
-150.0,1,66.973644
-150.0,1,66.98493
-150.0,1,66.989474
-150.0,1,66.996551
-150.0,1,67.001224
-150.0,1,67.010028
-150.0,1,67.015874
-150.0,1,67.021093
-936.745823,5,67.04791
-150.0,1,67.057989
-150.0,1,67.063998
-150.0,1,67.06949
-150.0,1,67.073521
-150.0,1,67.08336
-150.0,1,67.088913
-150.0,1,67.096932
-213.727859,2,67.108019
-150.0,1,67.116276
-150.0,1,67.125116
-150.0,1,67.133263
-150.0,1,67.141195
-385.313674,3,67.16286
-361.386351,2,67.174625
-150.0,1,67.18036
-150.0,1,67.186967
-150.0,1,67.195145
-150.0,1,67.200137
-150.0,1,67.204712
-150.0,1,67.209806
-150.0,1,67.22051
-150.0,1,67.226653
-150.0,1,67.23208
-150.0,1,67.236919
-150.0,1,67.245587
-150.0,1,67.252062
-150.0,1,67.256405
-150.0,1,67.263352
-150.0,1,67.276982
-150.0,1,67.282651
-150.0,1,67.287245
-150.0,1,67.295006
-150.0,1,67.304282
-150.0,1,67.310589
-794.064629,2,67.320004
-150.0,1,67.328786
-472.905766,2,67.34122
-457.292323,2,67.351614
-150.0,1,67.355586
-150.0,1,67.363678
-150.0,1,67.370162
-150.0,1,67.378698
-150.0,1,67.384608
-150.0,1,67.390094
-150.0,1,67.397725
-150.0,1,67.405262
-150.0,1,67.410559
-150.0,1,67.416255
-150.0,1,67.42729
-627.113786,4,67.449032
-1960883.726077,12,67.512401
-150.0,1,67.520624
-150.0,1,67.529029
-150.0,1,67.536999
-150.0,1,67.541816
-150.0,1,67.55051
-150.0,1,67.557152
-150.0,1,67.565068
-150.0,1,67.574826
-150.0,1,67.586201
-150.0,1,67.593656
-150.0,1,67.598496
-150.0,1,67.604984
-150.0,1,67.611006
-150.0,1,67.61941
-150.0,1,67.623832
-150.0,1,67.628212
-320.498234,3,67.647124
-150.0,1,67.655121
-150.0,1,67.6606
-150.0,1,67.665669
-150.0,1,67.670413
-150.0,1,67.680319
-322.680631,2,67.691926
-150.0,1,67.697326
-150.0,1,67.70193
-150.0,1,67.710151
-150.0,1,67.715353
-150.0,1,67.719981
-150.0,1,67.725035
-150.0,1,67.732928
-150.0,1,67.737671
-150.0,1,67.742285
-150.0,1,67.750444
-150.0,1,67.758851
-150.0,1,67.766483
-2829.041786,25,67.899178
-150.0,1,67.903344
-150.0,1,67.917037
-150.0,1,67.921363
-150.0,1,67.927046
-150.0,1,67.931262
-150.0,1,67.940489
-150.0,1,67.94496
-150.0,1,67.952356
-150.0,1,67.958774
-150.0,1,67.968197
-150.0,1,67.973205
-150.0,1,67.978053
-150.0,1,67.985448
-260.587241,5,68.019683
-150.0,1,68.027867
-150.0,1,68.033463
-150.0,1,68.039302
-150.0,1,68.048949
-150.0,1,68.054003
-150.0,1,68.064054
-486.278946,2,68.077352
-150.0,1,68.083836
-150.0,1,68.088041
-150.0,1,68.09552
-150.0,1,68.101016
-150.0,1,68.107904
-150.0,1,68.117249
-835.536287,2,68.127519
-150.0,1,68.135252
-150.0,1,68.142646
-150.0,1,68.151514
-150.0,1,68.159121
-150.0,1,68.164135
-150.0,1,68.172806
-150.0,1,68.178415
-150.0,1,68.185213
-150.0,1,68.190195
-150.0,1,68.198175
-150.0,1,68.201985
-150.0,1,68.21078
-150.0,1,68.215874
-192.890445,2,68.229218
-150.0,1,68.23563
-150.0,1,68.241462
-150.0,1,68.245891
-150.0,1,68.25238
-150.0,1,68.262641
-1096.944446,4,68.283602
-150.0,1,68.29202
-150.0,1,68.300299
-150.0,1,68.305466
-1525.034805,13,68.380023
-150.0,1,68.386951
-150.0,1,68.394072
-150.0,1,68.401004
-150.0,1,68.408549
-150.0,1,68.412941
-150.0,1,68.420529
-150.0,1,68.425823
-150.0,1,68.434641
-150.0,1,68.439239
-150.0,1,68.445167
-150.0,1,68.451559
-150.0,1,68.458183
-150.0,1,68.465088
-150.0,1,68.472886
-150.0,1,68.477918
-150.0,1,68.484421
-150.0,1,68.489537
-150.0,1,68.495302
-1103.200769,2,68.50952
-150.0,1,68.514485
-150.0,1,68.519367
-150.0,1,68.527233
-150.0,1,68.533485
-490.72154,2,68.544479
-187.540063,2,68.55782
-150.0,1,68.566653
-150.0,1,68.572972
-150.0,1,68.579338
-150.0,1,68.585952
-150.0,1,68.592908
-150.0,1,68.599585
-936.745823,5,68.631953
-150.0,1,68.640971
-615.498787,5,68.672801
-150.0,1,68.678093
-150.0,1,68.682791
-150.0,1,68.690912
-150.0,1,68.697381
-150.0,1,68.702782
-150.0,1,68.710824
-715.308975,7,68.748858
-247.282582,2,68.763579
-150.0,1,68.769115
-1099.606118,4,68.790154
-150.0,1,68.796872
-150.0,1,68.805914
-150.0,1,68.815789
-150.0,1,68.821933
-150.0,1,68.82697
-150.0,1,68.834435
-150.0,1,68.841693
-150.0,1,68.849491
-150.0,1,68.858091
-150.0,1,68.865093
-678.258914,4,68.887312
-1233.218708,3,68.903947
-150.0,1,68.909316
-622.528561,8,68.955313
-150.0,1,68.963672
-150.0,1,68.971123
-150.0,1,68.975604
-150.0,1,68.983323
-276.572323,3,68.999885
-150.0,1,69.004082
-150.0,1,69.013664
-150.0,1,69.022814
-150.0,1,69.028518
-150.0,1,69.034017
-150.0,1,69.040541
-150.0,1,69.048865
-150.0,1,69.052693
-150.0,1,69.059541
-150.0,1,69.065814
-150.0,1,69.073754
-150.0,1,69.078737
-487.526197,4,69.101326
-150.0,1,69.106595
-150.0,1,69.116494
-150.0,1,69.122763
-150.0,1,69.127655
-150.0,1,69.134252
-150.0,1,69.144663
-575.417826,3,69.159842
-150.0,1,69.167124
-150.0,1,69.174118
-150.0,1,69.181173
-150.0,1,69.186421
-150.0,1,69.196511
-150.0,1,69.200911
-150.0,1,69.211917
-150.0,1,69.217471
-150.0,1,69.226595
-150.0,1,69.235798
-150.0,1,69.244954
-150.0,1,69.249169
-150.0,1,69.256664
-642.437732,2,69.267097
-1088.798176,3,69.284975
-150.0,1,69.28875
-150.0,1,69.294022
-150.0,1,69.300633
-150.0,1,69.308389
-150.0,1,69.315446
-243.840125,2,69.329345
-150.0,1,69.335154
-150.0,1,69.342219
-150.0,1,69.348333
-150.0,1,69.355678
-150.0,1,69.360935
-150.0,1,69.368883
-150.0,1,69.375216
-150.0,1,69.383343
-167.932713,2,69.393477
-150.0,1,69.401665
-5874796.060749,5,69.430315
-1525.034805,13,69.496411
-150.0,1,69.502045
-150.0,1,69.509194
-150.0,1,69.514665
-294.436495,13,69.587255
-150.0,1,69.592818
-150.0,1,69.598866
-3083.43527,3,69.615289
-150.0,1,69.620474
-1054.171599,4,69.649312
-150.0,1,69.658566
-150.0,1,69.663982
-150.0,1,69.669568
-150.0,1,69.67679
-150.0,1,69.685595
-150.0,1,69.692936
-192.908529,2,69.70386
-17509.628541,9,69.755377
-150.0,1,69.763807
-150.0,1,69.768332
-150.0,1,69.775125
-150.0,1,69.782565
-150.0,1,69.790628
-150.0,1,69.800537
-150.0,1,69.804839
-150.0,1,69.811782
-150.0,1,69.819242
-150.0,1,69.824317
-1397.458818,17,69.918672
-150.0,1,69.925579
-150.0,1,69.932796
-150.0,1,69.939893
-150.0,1,69.949451
-150.0,1,69.957702
-150.0,1,69.965591
-289.122383,2,69.976016
-150.0,1,69.982647
-150.0,1,69.98894
-150.0,1,69.999606
-481.761683,3,70.018407
-150.0,1,70.022925
-510.905473,4,70.049363
-4201.553567,53,70.334129
-150.0,1,70.344661
-150.0,1,70.35492
-150.0,1,70.362735
-150.0,1,70.36877
-150.0,1,70.376294
-150.0,1,70.380858
-150.0,1,70.385399
-150.0,1,70.392322
-150.0,1,70.400899
-150.0,1,70.40665
-150.0,1,70.412333
-150.0,1,70.4197
-150.0,1,70.426752
-150.0,1,70.435199
-587.989328,2,70.447756
-150.0,1,70.45776
-621.71043,3,70.472475
-150.0,1,70.480016
-478.069195,2,70.493434
-150.0,1,70.503965
-150.0,1,70.51201
-150.0,1,70.515947
-150.0,1,70.521372
-150.0,1,70.528373
-150.0,1,70.534955
-150.0,1,70.54103
-150.0,1,70.548977
-150.0,1,70.555992
-150.0,1,70.567402
-306.243043,3,70.581727
-150.0,1,70.592158
-150.0,1,70.599674
-150.0,1,70.606899
-150.0,1,70.61237
-150.0,1,70.619563
-150.0,1,70.626685
-150.0,1,70.632645
-150.0,1,70.637142
-1171.548054,11,70.710105
-150.0,1,70.718297
-403.093181,4,70.741157
-150.0,1,70.74914
-150.0,1,70.754088
-150.0,1,70.760709
-150.0,1,70.767668
-150.0,1,70.775955
-7739.556324,4,70.796082
-150.0,1,70.806781
-150.0,1,70.811226
-150.0,1,70.816287
-150.0,1,70.825458
-150.0,1,70.833956
-150.0,1,70.838255
-304.496425,3,70.855349
-150.0,1,70.863087
-150.0,1,70.871649
-150.0,1,70.88159
-152.06785,3,70.897028
-150.0,1,70.903644
-150.0,1,70.912638
-150.0,1,70.917903
-150.0,1,70.92368
-150.0,1,70.931623
-150.0,1,70.940676
-150.0,1,70.94702
-150.0,1,70.952605
-170.950561,2,70.96337
-150.0,1,70.973742
-150.0,1,70.979238
-646.455602,3,70.998908
-150.0,1,71.002901
-150.0,1,71.012929
-150.0,1,71.019794
-2005.531327,4,71.040943
-150.0,1,71.050773
-1597.924884,19,71.155544
-150.0,1,71.160679
-150.0,1,71.166274
-150.0,1,71.178257
0.0,1,71.183291
-150.0,1,71.192394
-1528.59158,4,71.214045
-150.0,1,71.220334
-150.0,1,71.230287
-3961.311471,9,71.279631
-150.0,1,71.284978
-150.0,1,71.289682
-150.0,1,71.299258
-9023.029602,28,71.449336
-150.0,1,71.455681
-150.0,1,71.460512
-150.0,1,71.470174
-150.0,1,71.477829
-150.0,1,71.484507
-150.0,1,71.488218
-150.0,1,71.494886
-150.0,1,71.503101
-150.0,1,71.507306
-150.0,1,71.513348
-678.395015,4,71.541031
-150.0,1,71.546209
-150.0,1,71.552626
-150.0,1,71.560309
-150.0,1,71.566901
-150.0,1,71.572222
-150.0,1,71.579725
-150.0,1,71.586497
-150.0,1,71.593885
-150.0,1,71.601673
-150.0,1,71.610412
-150.0,1,71.617118
-150.0,1,71.626663
-150.0,1,71.636053
-150.0,1,71.643072
-150.0,1,71.649713
-150.0,1,71.657873
-150.0,1,71.662942
-150.0,1,71.670163
-5733.09926,54,71.956173
-150.0,1,71.964839
-150.0,1,71.973316
-150.0,1,71.979112
-150.0,1,71.984578
-150.0,1,71.990863
-150.0,1,71.998209
-150.0,1,72.004647
-150.0,1,72.010619
-150.0,1,72.017912
-150.0,1,72.026117
-150.0,1,72.03286
-150.0,1,72.040752
-150.0,1,72.048224
-150.0,1,72.056265
-150.0,1,72.064972
-150.0,1,72.071074
-150.0,1,72.079541
-150.0,1,72.086827
-150.0,1,72.091683
-150.0,1,72.095589
-150.0,1,72.105941
-150.0,1,72.112217
-150.0,1,72.120716
-150.0,1,72.126611
-150.0,1,72.134298
-150.0,1,72.142869
-150.0,1,72.147269
-1687.938803,8,72.188814
-150.0,1,72.196638
-150.0,1,72.203043
-150.0,1,72.211259
-150.0,1,72.217922
-150.0,1,72.225772
-150.0,1,72.234733
-150.0,1,72.245461
-150.0,1,72.252372
-150.0,1,72.258582
-150.0,1,72.264131
-150.0,1,72.269764
-150.0,1,72.276552
-150.0,1,72.283956
-150.0,1,72.288668
-343.003706,2,72.300721
-150.0,1,72.30892
-211.006824,2,72.32369
-1124.946341,82,72.754426
-150.0,1,72.759699
-150.0,1,72.766479
-150.0,1,72.773618
-150.0,1,72.781443
-8422.271136,87,73.246569
-150.0,1,73.253561
-960.452047,11,73.313697
-150.0,1,73.318485
-150.0,1,73.322703
-150.0,1,73.330302
-150.0,1,73.339695
-1034.951144,5,73.364741
-150.0,1,73.369263
-327.158988,2,73.384861
-150.0,1,73.395098
-150.0,1,73.402832
-207.815419,2,73.415005
-1387.241091,8,73.458913
-150.0,1,73.466196
-150.0,1,73.471073
-150.0,1,73.477576
-4900422.080476,9,73.524639
-370.572884,2,73.540643
-150.0,1,73.548889
-150.0,1,73.553702
-150.0,1,73.560808
-150.0,1,73.571275
-150.0,1,73.57892
-150.0,1,73.583449
-150.0,1,73.588724
-192.908529,2,73.605678
-150.0,1,73.614311
-471.433157,4,73.634331
-393.471457,2,73.645949
-150.0,1,73.656474
-150.0,1,73.663172
-150.0,1,73.670923
-150.0,1,73.676913
-150.0,1,73.686835
-150.0,1,73.693266
-150.0,1,73.69846
-150.0,1,73.705734
-150.0,1,73.713997
-5078.94499,3,73.732542
-150.0,1,73.738721
-150.0,1,73.747154
-150.0,1,73.754286
-150.0,1,73.758936
-150.0,1,73.765456
-150.0,1,73.770927
-150.0,1,73.77735
-150.0,1,73.785115
-150.0,1,73.791652
-150.0,1,73.796169
-150.0,1,73.802622
-150.0,1,73.810446
-150.0,1,73.816707
-150.0,1,73.822914
-150.0,1,73.832618
-150.0,1,73.838044
-150.0,1,73.84413
-238.922266,2,73.85597
-150.0,1,73.865124
-150.0,1,73.871097
-150.0,1,73.877123
-150.0,1,73.882143
-150.0,1,73.888888
-150.0,1,73.895746
-150.0,1,73.900777
-150.0,1,73.906092
-150.0,1,73.912261
-150.0,1,73.920632
-150.0,1,73.928561
-150.0,1,73.933604
-150.0,1,73.939795
-150.0,1,73.945637
-150.0,1,73.953098
-150.0,1,73.958499
-150.0,1,73.968241
-254.456964,2,73.979853
-150.0,1,73.984957
-150.0,1,73.989275
-264.216083,2,74.004282
-150.0,1,74.009204
-713.390378,5,74.038121
-150.0,1,74.046349
-299.173022,2,74.061133
-150.0,1,74.066849
-1171.23022,7,74.104726
-540.352192,3,74.120801
-150.0,1,74.129921
-150.0,1,74.135214
-150.0,1,74.143942
-150.0,1,74.151998
-150.0,1,74.160064
-6653.040741,29,74.313645
-150.0,1,74.320385
-17317.092678,54,74.605322
-150.0,1,74.61239
-150.0,1,74.620647
-150.0,1,74.624767
-150.0,1,74.630002
-150.0,1,74.638015
-150.0,1,74.64564
-150.0,1,74.649872
-2644.684456,19,74.752535
-1736.822772,11,74.813339
-150.0,1,74.821994
-150.0,1,74.829146
-150.0,1,74.834497
-150.0,1,74.841838
-150.0,1,74.848783
-150.0,1,74.85585
-9603751.471126,14,74.931873
-150.0,1,74.939894
-150.0,1,74.948096
-150.0,1,74.951978
-4309549.87224,8,74.996666
-150.0,1,75.006253
-150.0,1,75.012558
-1639.212364,5,75.038278
-150.0,1,75.042403
-150.0,1,75.049979
-396.353823,3,75.067195
-150.0,1,75.073391
-283.82037,2,75.087029
-957.735633,4,75.113114
-150.0,1,75.117841
-150.0,1,75.124496
-150.0,1,75.131989
-150.0,1,75.139852
-150.0,1,75.144637
-150.0,1,75.148449
-150.0,1,75.15495
-150.0,1,75.161073
-150.0,1,75.164986
-150.0,1,75.169627
-492.113792,8,75.211974
-274.692949,2,75.226413
-150.0,1,75.231424
-150.0,1,75.235797
-150.0,1,75.24143
-150.0,1,75.24765
-150.0,1,75.255255
-150.0,1,75.260038
-150.0,1,75.265584
-205.573005,2,75.277046
-150.0,1,75.282661
-150.0,1,75.289725
-150.0,1,75.295472
-150.0,1,75.306251
-150.0,1,75.311492
-150.0,1,75.318697
-392.422482,3,75.332785
-150.0,1,75.341299
-150.0,1,75.34603
-1687.938803,8,75.390418
-150.0,1,75.396033
-150.0,1,75.405436
-150.0,1,75.414428
-150.0,1,75.42029
-150.0,1,75.425646
-150.0,1,75.434985
-150.0,1,75.441093
-150.0,1,75.445764
-230.998032,2,75.455715
-150.0,1,75.464301
-150.0,1,75.469824
-150.0,1,75.478147
-150.0,1,75.483083
-150.0,1,75.494439
-150.0,1,75.499954
-265.67497,2,75.51016
-150.0,1,75.519878
-150.0,1,75.527932
-150.0,1,75.536866
-12306969.598166,6,75.56951
-150.0,1,75.573943
-150.0,1,75.581908
-150.0,1,75.587298
-150.0,1,75.598658
-150.0,1,75.603811
-150.0,1,75.610884
-716.413081,5,75.641393
-150.0,1,75.649253
-150.0,1,75.655598
-150.0,1,75.664021
-150.0,1,75.669815
-150.0,1,75.676635
-4007.453734,3,75.690444
-150.0,1,75.704862
-150.0,1,75.710851
-150.0,1,75.716144
-150.0,1,75.723693
-150.0,1,75.733588
-331.524011,2,75.743578
-150.0,1,75.748827
-150.0,1,75.755004
-150.0,1,75.762376
-150.0,1,75.76982
-1686.85007,9,75.819946
-1146.915423,2,75.833225
-150.0,1,75.841625
-150.0,1,75.849482
-150.0,1,75.855554
-240.731981,3,75.870028
-150.0,1,75.879327
-1154.924192,8,75.923985
-150.0,1,75.929212
-150.0,1,75.937643
-150.0,1,75.94393
-150.0,1,75.954377
-150.0,1,75.958963
-150.0,1,75.964638
-150.0,1,75.971856
-150.0,1,75.979878
-150.0,1,75.985395
-150.0,1,75.992777
-150.0,1,76.00022
-150.0,1,76.009644
-258.924466,2,76.019346
-150.0,1,76.023469
-150.0,1,76.031505
-150.0,1,76.040623
-150.0,1,76.045343
-150.0,1,76.049956
-150.0,1,76.057597
-150.0,1,76.067506
-150.0,1,76.071899
-150.0,1,76.075829
-150.0,1,76.085589
-150.0,1,76.091205
-150.0,1,76.095753
-150.0,1,76.101289
-150.0,1,76.111581
-320.402657,2,76.121999
-150.0,1,76.126952
-150.0,1,76.135032
-150.0,1,76.142165
-150.0,1,76.146554
-150.0,1,76.152442
-150.0,1,76.160953
-150.0,1,76.169866
-150.0,1,76.174455
-150.0,1,76.179046
-150.0,1,76.186713
-222.132068,2,76.199594
-150.0,1,76.206523
-150.0,1,76.214063
-150.0,1,76.21953
-150.0,1,76.229208
-150.0,1,76.234575
-150.0,1,76.239891
-150.0,1,76.246325
-150.0,1,76.253237
-150.0,1,76.258704
-205.763688,2,76.269016
-150.0,1,76.273684
-240.731981,3,76.294854
-150.0,1,76.299957
-150.0,1,76.304326
-150.0,1,76.312881
-150.0,1,76.321914
-150.0,1,76.326297
-150.0,1,76.331353
-150.0,1,76.337554
-150.0,1,76.347245
-150.0,1,76.357564
-150.0,1,76.365125
-150.0,1,76.375042
-150.0,1,76.383893
-150.0,1,76.392405
-150.0,1,76.397149
-505.932084,4,76.419465
-150.0,1,76.431339
-150.0,1,76.435637
-150.0,1,76.440755
-312.138602,2,76.454259
-150.0,1,76.462125
-150.0,1,76.468117
-150.0,1,76.474003
-150.0,1,76.481789
-668.48132,2,76.499827
-1025.442018,10,76.559765
-150.0,1,76.565245
-273.569944,2,76.57668
-150.0,1,76.585987
-1660.609057,20,76.696343
-150.0,1,76.703839
-150.0,1,76.710146
-150.0,1,76.719227
-150.0,1,76.731287
-150.0,1,76.735906
-150.0,1,76.742837
-150.0,1,76.749048
-659.704642,5,76.778859
-150.0,1,76.783273
-150.0,1,76.789103
-150.0,1,76.797593
-150.0,1,76.804964
-150.0,1,76.810922
-150.0,1,76.816763
-150.0,1,76.82303
-150.0,1,76.834448
-150.0,1,76.838904
-150.0,1,76.844661
-150.0,1,76.853198
-8056666.978117,5,76.882178
-150.0,1,76.889148
-150.0,1,76.899012
-150.0,1,76.907077
-942.109225,3,76.927351
-150.0,1,76.936017
-951.215961,9,76.985583
-150.0,1,76.992862
-150.0,1,76.998652
-150.0,1,77.004836
-150.0,1,77.011592
-150.0,1,77.020823
-150.0,1,77.024787
-150.0,1,77.031713
-150.0,1,77.040795
-150.0,1,77.04959
-182.360374,2,77.061694
-150.0,1,77.069396
-150.0,1,77.074436
-150.0,1,77.081796
-150.0,1,77.089272
-150.0,1,77.100635
-150.0,1,77.105585
-150.0,1,77.111853
-150.0,1,77.11756
-150.0,1,77.124205
-150.0,1,77.132141
-1124.318843,6,77.166954
-150.0,1,77.176049
-150.0,1,77.184848
-292.265262,2,77.196553
-150.0,1,77.204117
-150.0,1,77.209894
-150.0,1,77.216783
-150.0,1,77.221806
-430.403189,3,77.241607
-150.0,1,77.248311
-893.846817,2,77.26366
-150.0,1,77.268193
-150.0,1,77.279466
-150.0,1,77.285874
-360.630942,2,77.295335
-150.0,1,77.300603
-150.0,1,77.311437
-150.0,1,77.315949
-150.0,1,77.32231
-150.0,1,77.330997
-150.0,1,77.339086
-150.0,1,77.345906
-150.0,1,77.350338
-150.0,1,77.359579
-150.0,1,77.36876
-150.0,1,77.375353
-150.0,1,77.383162
-177.776253,2,77.397839
-150.0,1,77.407633
-150.0,1,77.412498
-395.40827,3,77.430279
-150.0,1,77.437726
-521.457014,2,77.459712
-150.0,1,77.470146
-150.0,1,77.476167
-150.0,1,77.484267
-150.0,1,77.493719
-150.0,1,77.499214
-150.0,1,77.504181
-196.946394,2,77.517036
-150.0,1,77.527842
-150.0,1,77.532248
-150.0,1,77.535861
-150.0,1,77.542191
-150.0,1,77.55172
-150.0,1,77.559724
-150.0,1,77.569164
-150.0,1,77.57561
-150.0,1,77.582719
-150.0,1,77.589548
-4691.759669,43,77.826312
-150.0,1,77.835042
-150.0,1,77.841945
-150.0,1,77.850029
-150.0,1,77.854427
-150.0,1,77.860723
-150.0,1,77.868464
-150.0,1,77.876776
-150.0,1,77.881715
-150.0,1,77.887329
-150.0,1,77.894176
-150.0,1,77.901592
-556.345747,2,77.912532
-150.0,1,77.91799
-150.0,1,77.928209
-150.0,1,77.934973
-150.0,1,77.938784
-150.0,1,77.946791
-31311240.507992,34,78.13504
-150.0,1,78.139205
-150.0,1,78.144114
-150.0,1,78.150224
-150.0,1,78.158564
-150.0,1,78.163685
-150.0,1,78.170508
-150.0,1,78.178974
-408.778472,3,78.198442
-150.0,1,78.205394
-150.0,1,78.21105
-150.0,1,78.217477
-150.0,1,78.224856
-150.0,1,78.23635
-150.0,1,78.241446
-150.0,1,78.247091
-150.0,1,78.253002
-150.0,1,78.26346
-150.0,1,78.268498
-150.0,1,78.275187
-150.0,1,78.282516
-150.0,1,78.289473
-150.0,1,78.293935
-150.0,1,78.299982
-150.0,1,78.311417
-150.0,1,78.318644
-150.0,1,78.325424
-150.0,1,78.329956
-150.0,1,78.33723
-150.0,1,78.343283
-150.0,1,78.348732
-150.0,1,78.355242
-150.0,1,78.362942
-150.0,1,78.37074
-150.0,1,78.378546
-150.0,1,78.385843
-150.0,1,78.392965
-150.0,1,78.401095
-150.0,1,78.407861
-150.0,1,78.41264
-150.0,1,78.420105
-218.503005,2,78.434027
-150.0,1,78.440257
-150.0,1,78.445218
-150.0,1,78.455478
-150.0,1,78.460319
-150.0,1,78.467573
-150.0,1,78.471883
-150.0,1,78.484759
-240.698102,3,78.500441
-150.0,1,78.510487
-150.0,1,78.515437
-150.0,1,78.522266
-150.0,1,78.53013
-626.849892,6,78.565822
-437.247724,2,78.57758
-512.314997,7,78.620791
-150.0,1,78.628164
-150.0,1,78.634398
-150.0,1,78.643903
-716.833008,6,78.676686
-150.0,1,78.6847
-150.0,1,78.689989
-150.0,1,78.693767
-150.0,1,78.700282
-150.0,1,78.706345
-1163.434157,13,78.778137
-182.754739,2,78.790537
-150.0,1,78.798439
-150.0,1,78.802304
-150.0,1,78.806338
-150.0,1,78.813438
-150.0,1,78.824425
-150.0,1,78.830186
-150.0,1,78.837169
-150.0,1,78.842999
-237.214953,2,78.85908
-201.180254,3,78.876038
-892.738793,9,78.92559
-150.0,1,78.931306
-150.0,1,78.940933
-150.0,1,78.948448
-150.0,1,78.953283
-150.0,1,78.95758
-1285.848475,5,78.992836
-150.0,1,79.001867
-150.0,1,79.007583
-150.0,1,79.012063
-150.0,1,79.018892
-353.78426,2,79.030276
-150.0,1,79.037537
-150.0,1,79.041356
-229.479051,2,79.053834
-150.0,1,79.059824
-150.0,1,79.06489
-288.684849,5,79.093117
-3305.468052,7,79.132307
-150.0,1,79.138311
-150.0,1,79.142461
-150.0,1,79.14887
-150.0,1,79.156032
-1824.96586,6,79.19055
-150.0,1,79.198325
-150.0,1,79.204614
-150.0,1,79.21456
-150.0,1,79.221448
-150.0,1,79.226377
-304.496425,3,79.243634
-150.0,1,79.250324
-150.0,1,79.255542
-150.0,1,79.26411
-150.0,1,79.273954
-150.0,1,79.282435
-150.0,1,79.288644
-150.0,1,79.295248
-150.0,1,79.301308
-150.0,1,79.309108
-150.0,1,79.313275
-150.0,1,79.321255
-150.0,1,79.327682
-150.0,1,79.338238
-150.0,1,79.342856
-150.0,1,79.351913
-150.0,1,79.356109
-150.0,1,79.367692
-150.0,1,79.375151
-150.0,1,79.383519
-150.0,1,79.389541
-150.0,1,79.397914
-150.0,1,79.403212
-150.0,1,79.409822
-150.0,1,79.414464
-150.0,1,79.421666
-150.0,1,79.430034
-150.0,1,79.436431
-150.0,1,79.442109
-150.0,1,79.450784
-150.0,1,79.454754
-150.0,1,79.460935
-3042.129466,4,79.482765
-150.0,1,79.489712
-1237.260853,4,79.512131
-150.0,1,79.518209
-150.0,1,79.52372
-150.0,1,79.532026
-150.0,1,79.538026
-4874.220385,4,79.559771
-150.0,1,79.565868
-150.0,1,79.572319
-201.475201,2,79.586679
-150.0,1,79.591935
-762.083835,2,79.606632
-270.841594,3,79.624584
-150.0,1,79.630419
-150.0,1,79.636705
-150.0,1,79.640561
-150.0,1,79.648443
-150.0,1,79.655531
-150.0,1,79.661336
-150.0,1,79.667039
-150.0,1,79.674205
-150.0,1,79.680573
-150.0,1,79.685054
-150.0,1,79.690422
-150.0,1,79.702114
-150.0,1,79.712736
-150.0,1,79.717545
-1617.243464,3,79.733781
-373.476761,5,79.760864
-150.0,1,79.764964
-5581.565537,49,80.024193
-150.0,1,80.031868
-150.0,1,80.040338
-150.0,1,80.046285
-150.0,1,80.052167
-150.0,1,80.057722
-150.0,1,80.065383
-150.0,1,80.069735
-150.0,1,80.074593
-150.0,1,80.082084
-150.0,1,80.089478
-150.0,1,80.097137
-150.0,1,80.102421
-150.0,1,80.109978
-150.0,1,80.117341
-150.0,1,80.122737
-150.0,1,80.127603
-150.0,1,80.134272
-150.0,1,80.141462
-150.0,1,80.149282
-150.0,1,80.155112
-150.0,1,80.162541
-814.368232,5,80.189777
-150.0,1,80.197917
-150.0,1,80.201822
-150.0,1,80.208609
-1246.406776,3,80.228228
-150.0,1,80.234996
-150.0,1,80.243132
-150.0,1,80.249851
-150.0,1,80.257463
-150.0,1,80.265632
-150.0,1,80.27383
-150.0,1,80.279866
-150.0,1,80.287599
-2241.5484,5,80.314784
-150.0,1,80.319381
-150.0,1,80.324213
-150.0,1,80.333738
-150.0,1,80.340377
-150.0,1,80.345311
-150.0,1,80.350692
-150.0,1,80.357135
-150.0,1,80.366748
-150.0,1,80.372002
-150.0,1,80.377831
-150.0,1,80.385761
-150.0,1,80.391833
-150.0,1,80.399445
-150.0,1,80.404634
-150.0,1,80.415873
-150.0,1,80.424727
-150.0,1,80.432871
-150.0,1,80.436936
-150.0,1,80.444333
-150.0,1,80.450189
-150.0,1,80.457875
-150.0,1,80.464889
-150.0,1,80.471194
-150.0,1,80.480207
-150.0,1,80.485827
-150.0,1,80.489802
-150.0,1,80.497583
-150.0,1,80.50697
-150.0,1,80.512273
-150.0,1,80.518026
-150.0,1,80.524815
-150.0,1,80.534505
-150.0,1,80.539077
-150.0,1,80.544162
-525.919137,2,80.561276
-150.0,1,80.566583
-150.0,1,80.571427
-150.0,1,80.578649
-150.0,1,80.587225
-150.0,1,80.591876
-150.0,1,80.600614
-150.0,1,80.606737
-150.0,1,80.615213
-150.0,1,80.748688
-150.0,1,80.754806
-150.0,1,80.759816
-150.0,1,80.77067
-287.331556,2,80.782257
-150.0,1,80.787746
-150.0,1,80.793931
-150.0,1,80.804727
-150.0,1,80.808606
-150.0,1,80.812656
-150.0,1,80.819849
-150.0,1,80.827342
-150.0,1,80.831982
-150.0,1,80.839483
-150.0,1,80.845768
-150.0,1,80.855278
-150.0,1,80.861478
-954.307371,4,80.884323
-150.0,1,80.890013
-150.0,1,80.899597
-717.231555,4,80.92171
-150.0,1,80.927092
-150.0,1,80.934988
-150.0,1,80.940886
-150.0,1,80.950454
-150.0,1,80.956754
-150.0,1,80.96442
-150.0,1,80.971797
-150.0,1,80.978074
-150.0,1,80.985106
-150.0,1,80.99422
-150.0,1,81.005707
-678.395015,4,81.029768
-150.0,1,81.039818
-150.0,1,81.044508
-150.0,1,81.052122
-150.0,1,81.063802
-150.0,1,81.072966
-150.0,1,81.07857
-150.0,1,81.086184
-150.0,1,81.09091
-150.0,1,81.098099
-150.0,1,81.104524
-150.0,1,81.110879
-150.0,1,81.118055
-150.0,1,81.123828
-150.0,1,81.130495
-150.0,1,81.13762
-150.0,1,81.142534
-505.932084,4,81.165763
-150.0,1,81.171403
-331.450754,3,81.187125
-150.0,1,81.196964
-150.0,1,81.201923
-150.0,1,81.206486
-150.0,1,81.21331
-150.0,1,81.220325
-1702.216234,16,81.310743
-205.763688,2,81.322301
-150.0,1,81.32851
-150.0,1,81.334939
-150.0,1,81.340331
-150.0,1,81.347522
-8741419.901129,2,81.36388
-150.0,1,81.372366
-150.0,1,81.380813
-150.0,1,81.386345
-150.0,1,81.394798
-150.0,1,81.399367
-150.0,1,81.404072
-150.0,1,81.410979
-150.0,1,81.418543
-150.0,1,81.422675
-150.0,1,81.427575
-150.0,1,81.434846
-150.0,1,81.44459
-150.0,1,81.449831
-150.0,1,81.455791
-150.0,1,81.46275
-486.278946,2,81.477154
-150.0,1,81.48669
-150.0,1,81.49468
-150.0,1,81.502975
-150.0,1,81.512408
-150.0,1,81.519541
-150.0,1,81.527954
-150.0,1,81.535467
-1109.099067,7,81.574559
-150.0,1,81.582546
-150.0,1,81.587749
-150.0,1,81.592264
-150.0,1,81.598557
-150.0,1,81.604323
-421.127198,4,81.62614
-150.0,1,81.631574
-150.0,1,81.639007
-150.0,1,81.644855
-150.0,1,81.651697
-150.0,1,81.660776
-150.0,1,81.666971
-150.0,1,81.673337
-408.570102,6,81.708308
-150.0,1,81.713784
-150.0,1,81.723413
-330.56553,2,81.737225
-150.0,1,81.743577
-150.0,1,81.750418
-150.0,1,81.758818
-150.0,1,81.76572
-150.0,1,81.770836
-150.0,1,81.779321
-150.0,1,81.787461
-150.0,1,81.795167
-150.0,1,81.800266
-150.0,1,81.804643
-802.349337,11,81.868133
-150.0,1,81.875511
-150.0,1,81.884746
-150.0,1,81.889351
-183.328371,2,81.902374
-150.0,1,81.911111
-150.0,1,81.91567
-150.0,1,81.924553
-253.493441,2,81.938103
-150.0,1,81.943707
-439.627768,3,81.959599
-150.0,1,81.965913
-150.0,1,81.97201
-150.0,1,81.980709
-150.0,1,81.989961
-258.924466,2,82.000007
-150.0,1,82.006862
-150.0,1,82.015346
-150.0,1,82.021737
-150.0,1,82.029738
-150.0,1,82.037244
-337.155248,2,82.050653
-150.0,1,82.056278
-150.0,1,82.060989
-150.0,1,82.070493
-150.0,1,82.075533
-322.107373,5,82.106365
-150.0,1,82.113834
-150.0,1,82.124991
-150.0,1,82.131768
-150.0,1,82.13585
-150.0,1,82.142179
-150.0,1,82.151582
-150.0,1,82.160006
-150.0,1,82.167075
-644.75018,6,82.199862
-150.0,1,82.209403
-150.0,1,82.217712
-150.0,1,82.223666
-150.0,1,82.232153
-319.638185,2,82.247175
-150.0,1,82.251837
-150.0,1,82.261069
-150.0,1,82.267783
-150.0,1,82.278867
-150.0,1,82.287045
-363.516579,2,82.302153
-150.0,1,82.309247
-150.0,1,82.315614
-150.0,1,82.322545
-150.0,1,82.32811
-150.0,1,82.333781
-150.0,1,82.339518
-291.340035,2,82.355141
-778.108441,5,82.385371
-150.0,1,82.392255
-150.0,1,82.402797
-225.863974,2,82.413333
-1458.14691,17,82.505226
-150.0,1,82.511218
-174.096377,2,82.523135
-361.406217,2,82.538906
-150.0,1,82.543904
-472.873252,2,82.5561
-150.0,1,82.568163
-150.0,1,82.572644
-150.0,1,82.578396
-150.0,1,82.584207
-150.0,1,82.5929
-167.336687,2,82.603553
-282.59832,2,82.619102
-150.0,1,82.628864
-150.0,1,82.637918
-150.0,1,82.642321
-150.0,1,82.648041
-150.0,1,82.655835
-150.0,1,82.665108
-223.621156,2,82.67829
-150.0,1,82.683421
-150.0,1,82.688401
-150.0,1,82.695935
-150.0,1,82.706574
-150.0,1,82.715666
-150.0,1,82.721621
-362.169225,2,82.73472
-150.0,1,82.739456
-150.0,1,82.747888
-150.0,1,82.75445
-3315.52194,5,82.784577
-150.0,1,82.789104
-150.0,1,82.79405
-150.0,1,82.800548
-150.0,1,82.810196
-150.0,1,82.81901
-150.0,1,82.824064
-939.213275,3,82.84096
-260.91558,2,82.856043
-150.0,1,82.863519
-383.86064,2,82.87397
-150.0,1,82.878422
-150.0,1,82.887866
-150.0,1,82.893923
-150.0,1,82.899343
-150.0,1,82.903801
-150.0,1,82.914946
-150.0,1,82.922308
-150.0,1,82.927545
-150.0,1,82.935449
-585.765683,2,82.949944
-150.0,1,82.957871
-150.0,1,82.96388
-150.0,1,82.970119
-150.0,1,82.976784
-150.0,1,82.982069
-150.0,1,82.98789
-150.0,1,82.99526
-8226.82022,30,83.160101
-150.0,1,83.168876
-150.0,1,83.174772
-11060.2099,97,83.698699
-150.0,1,83.708755
-150.0,1,83.716712
-1964.870494,5,83.748155
-150.0,1,83.752337
-150.0,1,83.759131
-150.0,1,83.765051
-150.0,1,83.77264
-411.065258,4,83.798794
-649.00709,4,83.823383
-150.0,1,83.834295
-195.021481,2,83.843965
-150.0,1,83.855724
-818.493751,4,83.879863
-150.0,1,83.886972
-150.0,1,83.894509
-150.0,1,83.898715
-150.0,1,83.907295
-150.0,1,83.916648
-1212.266046,7,83.957756
-150.0,1,83.967417
-276.511071,4,83.990225
-1047.664491,5,84.015484
-150.0,1,84.019943
-150.0,1,84.028311
-150.0,1,84.034717
-150.0,1,84.040074
-150.0,1,84.046423
-150.0,1,84.056823
-150.0,1,84.067673
-150.0,1,84.071878
-150.0,1,84.076918
-9959.223788,86,84.552387
-150.0,1,84.56304
-150.458544,2,84.57803
-403.615836,2,84.590265
-1786.748136,3,84.606939
-150.0,1,84.617076
-150.0,1,84.622747
-721.22758,2,84.638236
-150.0,1,84.645539
-150.0,1,84.651218
-150.0,1,84.659053
-593.503393,9,84.70962
-150.0,1,84.71499
-150.0,1,84.724047
-150.0,1,84.730912
-150.0,1,84.736849
-150.0,1,84.741518
-150.0,1,84.748242
-150.0,1,84.756397
-150.0,1,84.761587
-150.0,1,84.767898
-150.0,1,84.779145
-150.0,1,84.785534
-602.506886,3,84.800294
-150.0,1,84.80719
-360.009142,3,84.823635
-338.420187,3,84.843627
-150.0,1,84.847462
-216.920308,2,84.858306
-150.0,1,84.866359
-150.0,1,84.874966
-150.0,1,84.883574
-150.0,1,84.889284
-150.0,1,84.894926
-150.0,1,84.902819
-228.193606,2,84.914186
-2777.203172,8,84.956583
-150.0,1,84.965429
-150.0,1,84.969211
-150.0,1,84.976251
-211.020556,3,84.991349
-150.0,1,85.001692
-150.0,1,85.007296
-150.0,1,85.017062
-150.0,1,85.023641
-165.24787,2,85.037503
-754.213654,3,85.055123
-150.0,1,85.063143
-150.0,1,85.070585
-150.0,1,85.079008
-150.0,1,85.08741
-150.0,1,85.093284
-150.0,1,85.101812
-150.0,1,85.107959
-1371.737408,3,85.129694
-150.0,1,85.135019
-150.0,1,85.142238
-150.0,1,85.151728
-150.0,1,85.157227
-150.0,1,85.162018
-150.0,1,85.170639
-150.0,1,85.178762
-150.0,1,85.184971
-150.0,1,85.193793
-150.0,1,85.201754
-150.0,1,85.208775
-150.0,1,85.213045
-300.447423,2,85.224591
-150.0,1,85.233769
-1231.437934,2,85.245623
-150.0,1,85.252897
-150.0,1,85.258796
-150.0,1,85.265985
-150.0,1,85.273607
-150.0,1,85.28322
-150.0,1,85.290254
-150.0,1,85.297475
-150.0,1,85.306157
-150.0,1,85.314259
-150.0,1,85.321703
-150.0,1,85.326855
-150.0,1,85.332991
-1561.409973,7,85.370918
-150.0,1,85.376205
-150.0,1,85.384831
-150.0,1,85.392624
-5944.818609,19,85.495516
-150.0,1,85.5017
-150.0,1,85.506267
-150.0,1,85.514049
-150.0,1,85.523031
-150.0,1,85.527913
-150.0,1,85.533858
-150.0,1,85.541129
-150.0,1,85.550022
-150.0,1,85.555049
-282.457017,2,85.564915
-150.0,1,85.575545
-150.0,1,85.584572
-150.0,1,85.591671
-150.0,1,85.597378
-150.0,1,85.607742
-150.0,1,85.615421
-150.0,1,85.620622
-150.0,1,85.627423
-150.0,1,85.635542
-150.0,1,85.639727
-150.0,1,85.644236
-2720.528936,3,85.662009
-5737.265724,65,86.009455
-150.0,1,86.018213
-150.0,1,86.025761
-1994.886648,2,86.03686
-330.368685,2,86.050225
-150.0,1,86.055862
-542.147661,2,86.069313
-150.0,1,86.075892
-150.0,1,86.082377
-150.0,1,86.089931
-150.0,1,86.094338
-150.0,1,86.103509
-150.0,1,86.109386
-150.0,1,86.117315
-150.0,1,86.1227
-150.0,1,86.130382
-150.0,1,86.138847
-150.0,1,86.143963
-150.0,1,86.149029
-292.480694,2,86.16448
-752.275881,3,86.184674
-150.0,1,86.189635
-150.0,1,86.193959
-246.619627,2,86.207093
-150.0,1,86.213975
-150.0,1,86.220082
-150.0,1,86.22593
-150.0,1,86.232782
-150.0,1,86.243325
-150.0,1,86.248016
-150.0,1,86.252234
-150.0,1,86.257785
-219.033363,2,86.271879
-150.0,1,86.277794
-150.0,1,86.284623
-150.0,1,86.290454
-150.0,1,86.30155
-416.79198,2,86.313708
-150.0,1,86.317869
-150.0,1,86.326483
-150.0,1,86.333633
-150.0,1,86.33894
-150.0,1,86.343827
-150.0,1,86.348382
-150.0,1,86.358108
-150.0,1,86.365623
-150.0,1,86.369806
-150.0,1,86.376323
-150.0,1,86.38502
-689.899729,7,86.423779
-150.0,1,86.429921
-150.0,1,86.437749
-150.0,1,86.444605
-150.0,1,86.452956
-150.0,1,86.460209
-998.117246,2,86.472245
-399.308352,2,86.483972
-473.631846,5,86.516506
-150.0,1,86.523844
-427.041191,2,86.537238
-1419.980599,2,86.551892
-150.0,1,86.562032
-1390.310598,3,86.577718
-150.0,1,86.584582
-150.0,1,86.594181
-404.000309,3,86.612431
-150.0,1,86.617428
-150.0,1,86.623438
-150.0,1,86.630387
-150.0,1,86.636416
-150.0,1,86.641111
-150.0,1,86.647674
-150.0,1,86.654425
-954.307371,4,86.675936
-150.0,1,86.68253
-150.0,1,86.690524
-150.0,1,86.701447
-681.151203,3,86.71653
-150.0,1,86.723426
-150.0,1,86.728327
-150.0,1,86.739217
-150.0,1,86.743891
-150.0,1,86.751658
-150.0,1,86.760118
-150.0,1,86.767507
-150.0,1,86.773006
-150.0,1,86.78023
-150.0,1,86.788068
-150.0,1,86.794441
-150.0,1,86.80066
-238.030653,4,86.820742
-150.0,1,86.828125
-150.0,1,86.836105
-150.0,1,86.845521
-150.0,1,86.849945
-150.0,1,86.859702
-150.0,1,86.867707
-150.0,1,86.871738
-343.738585,2,86.883253
-704.956604,6,86.91486
-385.280186,2,86.931536
-150.0,1,86.944599
-150.0,1,86.950671
-824.305959,6,86.985753
-150.0,1,86.995366
-716.833008,6,87.025192
-150.0,1,87.034926
-150.0,1,87.040596
-150.0,1,87.051578
-150.0,1,87.058653
-902.584777,10,87.111248
-150.0,1,87.118988
-150.0,1,87.126545
-150.0,1,87.134127
-150.0,1,87.139889
-150.0,1,87.148085
-150.0,1,87.15561
-1020.907344,7,87.190867
-150.0,1,87.195529
-150.0,1,87.202741
-150.0,1,87.210012
-150.0,1,87.21474
-150.0,1,87.220463
-150.0,1,87.230432
-150.0,1,87.236859
-150.0,1,87.245808
-150.0,1,87.255204
-1658.043779,18,87.347392
-373.014076,5,87.378265
-276.222989,2,87.388618
-150.0,1,87.394179
-150.0,1,87.400682
-150.0,1,87.406824
-150.0,1,87.414221
-150.0,1,87.419644
-150.0,1,87.42396
-150.0,1,87.433152
-150.0,1,87.440159
-150.0,1,87.445688
-150.0,1,87.449958
-150.0,1,87.461645
-150.0,1,87.468635
-653.343828,3,87.486945
-150.0,1,87.494153
-150.0,1,87.501673
-150.0,1,87.508265
-150.0,1,87.513212
-150.0,1,87.518786
-150.0,1,87.528496
-8083.710556,70,87.901473
-150.0,1,87.907614
-239.162446,2,87.921246
-150.0,1,87.927492
-150.0,1,87.934318
-150.0,1,87.939034
-150.0,1,87.944794
-276.584441,2,87.958883
-150.0,1,87.965047
-150.0,1,87.971777
-182.563558,2,87.983865
-304.164058,3,88.001292
-150.0,1,88.008198
-150.0,1,88.014261
-150.0,1,88.018429
-150.0,1,88.028355
-150.0,1,88.034146
-150.0,1,88.039693
-150.0,1,88.04462
-150.0,1,88.051121
-150.0,1,88.058477
-150.0,1,88.06855
-357.790098,2,88.079103
-150.0,1,88.088403
-276.584441,2,88.097836
-150.0,1,88.101729
-150.0,1,88.107892
-150.0,1,88.114905
-150.0,1,88.121011
-678.395015,4,88.144166
-150.0,1,88.151833
-150.0,1,88.167607
-150.0,1,88.176761
-150.0,1,88.184611
-621.71043,3,88.203159
-150.0,1,88.209981
-150.0,1,88.214652
-150.0,1,88.22411
-150.0,1,88.229992
-150.0,1,88.239313
-150.0,1,88.24394
-150.0,1,88.25199
-150.0,1,88.257372
-150.0,1,88.265499
-150.0,1,88.272784
-150.0,1,88.281436
-150.0,1,88.286642
-150.0,1,88.293729
-150.0,1,88.298103
-150.0,1,88.304688
-150.0,1,88.315103
-150.0,1,88.325411
-301.640752,2,88.33639
-150.0,1,88.34384
-202.802067,2,88.35412
-985.27066,5,88.385622
-150.0,1,88.390512
-150.0,1,88.395654
-1699.972666,19,88.503066
-150.0,1,88.514272
-150.0,1,88.518186
-150.0,1,88.526802
-150.0,1,88.530855
-150.0,1,88.537976
-150.0,1,88.543256
-150.0,1,88.551472
-150.0,1,88.555583
-150.0,1,88.562547
-150.0,1,88.567815
-150.0,1,88.574928
-150.0,1,88.582283
-150.0,1,88.591914
-150.0,1,88.596321
-150.0,1,88.604214
-150.0,1,88.60942
-150.0,1,88.617637
-315.151992,2,88.629421
-150.0,1,88.635327
-587.466664,2,88.646987
-150.0,1,88.654357
-150.0,1,88.660154
-150.0,1,88.664049
-150.0,1,88.668251
-150.0,1,88.677678
-150.0,1,88.681648
-150.0,1,88.686769
-150.0,1,88.697052
-428.39373,2,88.709526
-1515.506217,8,88.753405
-150.0,1,88.763114
-150.0,1,88.767744
-150.0,1,88.777949
-150.0,1,88.786165
-150.0,1,88.793279
-1514.637747,4,88.819356
-150.0,1,88.831002
-150.0,1,88.841988
-150.0,1,88.84928
-150.0,1,88.854677
-150.0,1,88.864207
-477.45169,16,88.947664
-371.364353,2,88.961511
-150.0,1,88.965532
-150.0,1,88.974745
-150.0,1,88.980254
-150.0,1,88.986255
-150.0,1,88.994423
-150.0,1,89.003813
-150.0,1,89.010558
-150.0,1,89.015685
-150.0,1,89.020445
-546.620403,5,89.051163
-150.0,1,89.058039
-1240.144568,6,89.090647
-4347.535995,21,89.20307
-150.0,1,89.215527
-150.0,1,89.22116
-150.0,1,89.227799
-150.0,1,89.233487
-150.0,1,89.242512
-150.0,1,89.246679
-150.0,1,89.253114
-150.0,1,89.258488
-150.0,1,89.2697
-150.0,1,89.274731
-150.0,1,89.281672
-150.0,1,89.285666
-150.0,1,89.293655
-150.0,1,89.303315
-150.0,1,89.307567
-171.450831,2,89.322358
-161.891521,2,89.333951
-210.135929,2,89.346
-150.0,1,89.35097
-150.0,1,89.355885
-150.0,1,89.362643
-150.0,1,89.368288
-150.0,1,89.376625
-150.0,1,89.381021
-946.012878,7,89.424162
-150.0,1,89.429864
-150.0,1,89.434864
-150.0,1,89.442411
-150.0,1,89.450231
-542.276019,3,89.466438
-150.0,1,89.472533
-150.0,1,89.477317
-150.0,1,89.485444
-150.0,1,89.492986
-4987760.001207,11,89.550676
-150.0,1,89.556365
-150.0,1,89.563939
-150.0,1,89.571517
-150.0,1,89.577828
-150.0,1,89.587211
-150.0,1,89.59592
-150.0,1,89.600898
-150.0,1,89.606231
-150.0,1,89.612877
-150.0,1,89.619853
-150.0,1,89.629705
-150.0,1,89.637738
-150.0,1,89.643708
-276.584441,2,89.655821
-150.0,1,89.664938
-634.791502,7,89.70208
-150.0,1,89.707445
-150.0,1,89.718853
-150.0,1,89.722939
-4146.358568,13,89.790921
-150.0,1,89.796341
-596.11635,5,89.826843
-330.462175,3,89.843134
-150.0,1,89.852458
-150.0,1,89.857965
-150.0,1,89.865037
-150.0,1,89.869167
-150.0,1,89.875484
-150.0,1,89.88263
-150.0,1,89.889506
-150.0,1,89.895844
-150.0,1,89.901757
-150.0,1,89.906209
-150.0,1,89.915527
-150.0,1,89.922043
-150.0,1,89.930189
-150.0,1,89.939791
-150.0,1,89.946186
-150.0,1,89.950857
-626.341841,3,89.970167
-150.0,1,89.974877
-150.0,1,89.985355
-150.0,1,89.990371
-150.0,1,89.994305
-150.0,1,90.000018
-196.869266,2,90.012292
-321.679503,2,90.020937
-150.0,1,90.026565
-150.0,1,90.031166
-150.0,1,90.038824
-252.808716,2,90.051708
-150.0,1,90.056766
-150.0,1,90.064414
-150.0,1,90.071122
-150.0,1,90.077745
-150.0,1,90.083386
-150.0,1,90.087402
-150.0,1,90.0941
-150.0,1,90.10004
-150.0,1,90.109434
-150.0,1,90.113935
-150.0,1,90.122476
-150.0,1,90.131681
-150.0,1,90.138052
-150.0,1,90.142476
-150.0,1,90.151389
-264.216083,2,90.164206
-150.0,1,90.169169
-150.0,1,90.17402
-531.07008,2,90.188618
-150.0,1,90.193997
-150.0,1,90.199131
-150.0,1,90.205568
-150.0,1,90.213302
-238.353704,5,90.237597
-150.0,1,90.24303
-933.628347,3,90.260417
-150.0,1,90.269257
-150.0,1,90.276131
-150.0,1,90.28273
-150.0,1,90.286716
-150.0,1,90.293447
-239.162446,2,90.305457
-316.750838,5,90.330966
-150.0,1,90.337138
-150.0,1,90.345621
-150.0,1,90.354548
-273.770103,2,90.363981
-150.0,1,90.371339
-150.0,1,90.381211
-150.0,1,90.387932
-150.0,1,90.394498
-150.0,1,90.405365
-150.0,1,90.412387
-260.587241,5,90.439651
-150.0,1,90.444679
0.0,1,90.448936
-255.357301,2,90.464108
-150.0,1,90.470087
-268.766035,2,90.481988
-150.0,1,90.489022
-150.0,1,90.496708
-150.0,1,90.504581
-150.0,1,90.511661
-1194.513348,7,90.549879
-150.0,1,90.555977
-150.0,1,90.562889
-150.0,1,90.571769
-150.0,1,90.578982
-150.0,1,90.58556
-1215.130003,2,90.595906
-150.0,1,90.60463
-150.0,1,90.612596
-580.21468,3,90.632987
-150.0,1,90.638367
-240.731981,3,90.653892
-194.323254,2,90.667911
-150.0,1,90.676753
-150.0,1,90.6825
-150.0,1,90.687665
-150.0,1,90.69203
-150.0,1,90.698004
-150.0,1,90.703802
-150.0,1,90.708825
-150.0,1,90.718984
-150.0,1,90.726143
-150.0,1,90.733296
-150.0,1,90.738038
-150.0,1,90.746012
-150.0,1,90.75621
-150.0,1,90.763186
-150.0,1,90.768981
-150.0,1,90.775993
-150.0,1,90.782377
-150.0,1,90.788704
-150.0,1,90.792861
-150.0,1,90.797389
-150.0,1,90.806718
-150.0,1,90.814248
-150.0,1,90.81922
-150.0,1,90.823794
-150.0,1,90.830985
-150.0,1,90.839893
-150.0,1,90.847139
-150.0,1,90.853795
-1597.924884,19,90.961838
-594.79543,2,90.974597
-150.0,1,90.985143
-150.0,1,90.990155
-150.0,1,90.998547
-150.0,1,91.005667
-150.0,1,91.01228
-565.784863,2,91.022247
-150.0,1,91.028813
-636.546717,3,91.045479
-218.236667,2,91.05549
-150.0,1,91.063116
-150.0,1,91.070528
-150.0,1,91.076979
-150.0,1,91.085623
-150.0,1,91.091825
-150.0,1,91.101176
-150.0,1,91.107744
-150.0,1,91.117248
-150.0,1,91.12717
-150.0,1,91.134949
-150.0,1,91.139653
-150.0,1,91.149294
-150.0,1,91.153356
-873.289911,5,91.182694
-150.0,1,91.188213
-150.0,1,91.194957
-150.0,1,91.201015
-150.0,1,91.207942
-150.0,1,91.212624
-150.0,1,91.22266
-150.0,1,91.227912
-150.0,1,91.236029
-1079.896806,2,91.250695
-150.0,1,91.25659
-150.0,1,91.261399
-150.0,1,91.272101
-150.0,1,91.280791
-150.0,1,91.287531
-150.0,1,91.292817
-150.0,1,91.300582
-150.0,1,91.30953
-150.0,1,91.315912
-150.0,1,91.321541
-150.0,1,91.327756
-150.0,1,91.333944
-150.0,1,91.338787
-150.0,1,91.346022
-150.0,1,91.351779
-150.0,1,91.359525
-627.113786,4,91.383304
-383.047059,3,91.39944
-150.0,1,91.410038
-150.0,1,91.415262
-150.0,1,91.420514
-150.0,1,91.4249
-150.0,1,91.435474
-150.0,1,91.439177
-150.0,1,91.448002
-273.569944,2,91.459446
-481.761683,3,91.47756
-150.0,1,91.486171
-480.57676,5,91.51374
-5409823.292209,4,91.535251
-150.0,1,91.542827
-150.0,1,91.54719
-150.0,1,91.556366
-150.0,1,91.562329
-150.0,1,91.569096
-150.0,1,91.574253
-292.480694,2,91.590629
-150.0,1,91.597287
-150.0,1,91.603449
-150.0,1,91.609033
-150.0,1,91.614921
-150.0,1,91.619327
-150.0,1,91.627149
-150.0,1,91.632884
-150.0,1,91.63662
-150.0,1,91.641561
-150.0,1,91.648629
-150.0,1,91.657799
-721.338035,9,91.707676
-150.0,1,91.714487
-150.0,1,91.721795
-150.0,1,91.732337
-150.0,1,91.73843
-150.0,1,91.744051
-150.0,1,91.754222
-150.0,1,91.762013
-150.0,1,91.770619
-150.0,1,91.778251
-150.0,1,91.787201
-511.418683,2,91.800875
-150.0,1,91.805871
-150.0,1,91.812835
-150.0,1,91.821763
-150.0,1,91.829143
-150.0,1,91.833573
-150.0,1,91.840224
-150.0,1,91.849399
-150.0,1,91.856731
-983.311564,7,91.89746
-150.0,1,91.904922
-255.733154,2,91.916934
-150.0,1,91.928238
-150.0,1,91.932241
-150.0,1,91.940884
-7352170.14035,2,91.953242
-334.510239,2,91.963364
-525.919137,2,91.974867
-150.0,1,91.979172
-150.0,1,91.989497
-222.86042,2,92.004655
-689.062259,3,92.021383
-150.0,1,92.028198
-150.0,1,92.037933
-150.0,1,92.045854
-150.0,1,92.051033
-150.0,1,92.057514
-150.0,1,92.067245
-150.0,1,92.071816
-150.0,1,92.079088
-150.0,1,92.086845
-150.0,1,92.096519
-433.213057,3,92.11677
-150.0,1,92.121748
-150.0,1,92.128045
-150.0,1,92.134774
-464.972423,2,92.148927
-150.0,1,92.154925
-150.0,1,92.161841
-993.270895,3,92.181386
-150.0,1,92.187724
-150.0,1,92.194482
-150.0,1,92.19956
-150.0,1,92.211592
-150.0,1,92.219672
-150.0,1,92.225961
-150.0,1,92.230237
-150.0,1,92.237832
-150.0,1,92.245896
-150.0,1,92.252584
-150.0,1,92.258399
-150.0,1,92.264954
-150.0,1,92.269741
-150.0,1,92.277289
-150.0,1,92.281752
-150.0,1,92.291083
-3231381.838442,31,92.455529
-150.0,1,92.463632
-1130.720734,2,92.475797
-150.0,1,92.483853
-150.0,1,92.492112
-150.0,1,92.499094
-150.0,1,92.505083
-150.0,1,92.511701
-150.0,1,92.520807
-751.74129,2,92.532407
-253.562778,3,92.546294
-150.0,1,92.554927
-150.0,1,92.55961
-2181.430416,24,92.686915
-150.0,1,92.695593
-150.0,1,92.703215
-150.0,1,92.708822
-150.0,1,92.716206
-150.0,1,92.724707
-150.0,1,92.734197
-1030.774122,5,92.76086
-150.0,1,92.766143
-150.0,1,92.770744
-150.0,1,92.777827
-150.0,1,92.789342
-525.000388,8,92.832747
-1651.923011,24,92.961422
-150.0,1,92.970288
-257.593116,2,92.981291
-150.0,1,92.993878
-150.0,1,92.999909
-150.0,1,93.008898
-330.697581,2,93.019763
-150.0,1,93.024606
-150.0,1,93.03057
-150.0,1,93.036573
-150.0,1,93.045006
-150.0,1,93.050548
-150.0,1,93.054641
-150.0,1,93.060886
-150.0,1,93.068547
-150.0,1,93.072249
-150.0,1,93.077675
-150.0,1,93.087168
-703.409938,5,93.115098
-150.0,1,93.120046
-150.0,1,93.126336
-150.0,1,93.136888
-150.0,1,93.14511
-150.0,1,93.152482
-1564.154685,7,93.191967
-150.0,1,93.199438
-150.0,1,93.206047
-150.0,1,93.213068
-150.0,1,93.219083
-150.0,1,93.228347
-150.0,1,93.233093
-293.921128,3,93.250205
-150.0,1,93.255279
-742.246504,3,93.275478
-150.0,1,93.280606
-525.919137,2,93.290671
-150.0,1,93.297318
-150.0,1,93.303792
-150.0,1,93.310246
-1549.113719,6,93.347456
-150.0,1,93.354398
-150.0,1,93.361696
-150.0,1,93.368048
-150.0,1,93.374263
-150.0,1,93.381463
-150.0,1,93.38822
-150.0,1,93.399048
-240.352416,2,93.408741
-150.0,1,93.412432
-150.0,1,93.425368
-150.0,1,93.430439
-150.0,1,93.435567
-150.0,1,93.443069
-1564.154685,7,93.483981
-150.0,1,93.493557
-150.0,1,93.502948
-150.0,1,93.509578
-150.0,1,93.516958
-150.0,1,93.525381
-594.663816,2,93.53766
-150.0,1,93.544362
-150.0,1,93.550022
-205.38866,2,93.560935
-150.0,1,93.568847
-150.0,1,93.573807
-150.0,1,93.58354
-150.0,1,93.590063
-150.0,1,93.594182
-150.0,1,93.599268
-150.0,1,93.607565
-150.0,1,93.612015
-150.0,1,93.617839
-150.0,1,93.624262
-150.0,1,93.634911
-2373.962638,20,93.739434
-150.0,1,93.748509
-150.0,1,93.754202
-150.0,1,93.762697
-150.0,1,93.768619
-150.0,1,93.772917
-170.022569,2,93.783636
-150.0,1,93.792187
-150.0,1,93.796953
-150.0,1,93.801893
-150.0,1,93.806197
-150.0,1,93.815965
-300.447423,2,93.826507
-150.0,1,93.834234
-150.0,1,93.839623
-2241.658175,25,93.972429
-550.661984,2,93.981273
-301.833854,2,93.995739
-521.457014,2,94.008039
-150.0,1,94.016906
-150.0,1,94.021235
-150.0,1,94.02666
-150.0,1,94.033292
-1951.777999,22,94.15695
-150.0,1,94.166377
-150.0,1,94.172258
-6843.184413,18,94.273996
-150.0,1,94.281781
-150.0,1,94.286177
-150.0,1,94.29587
-150.0,1,94.301393
-150.0,1,94.30849
-316.378562,2,94.321002
-150.0,1,94.325157
-150.0,1,94.329038
-2225.096062,3,94.347041
-1444.269517,3,94.36651
-150.0,1,94.372142
-150.0,1,94.37772
-150.0,1,94.383623
-150.0,1,94.391736
-150.0,1,94.396036
-150.0,1,94.401144
-184.63412,2,94.417789
-150.0,1,94.421564
-276.511071,4,94.442746
-150.0,1,94.451593
-150.0,1,94.458857
-150.0,1,94.470947
-150.0,1,94.478471
-150.0,1,94.482877
-150.0,1,94.490754
-150.0,1,94.499488
-150.0,1,94.505266
-150.0,1,94.509958
-150.0,1,94.519906
-150.0,1,94.529054
-150.0,1,94.535902
-150.0,1,94.540159
-150.0,1,94.548851
-150.0,1,94.557129
-150.0,1,94.563621
-150.0,1,94.571378
-150.0,1,94.579315
-150.0,1,94.587538
-893.7458,4,94.610346
-150.0,1,94.615834
-150.0,1,94.622902
-150.0,1,94.628825
-150.0,1,94.635353
-155.200694,2,94.648169
-150.0,1,94.653991
-150.0,1,94.660316
-150.0,1,94.665287
-150.0,1,94.672186
-593.538229,10,94.7307
-150.0,1,94.735465
-150.0,1,94.739415
-150.0,1,94.746869
-150.0,1,94.756013
-150.0,1,94.762354
-150.0,1,94.767669
-224.264778,2,94.783427
-150.0,1,94.79165
-150.0,1,94.79725
-150.0,1,94.801349
-150.0,1,94.810865
-150.0,1,94.820486
-150.0,1,94.825859
-150.0,1,94.83546
-150.0,1,94.841409
-150.0,1,94.848465
-525.919137,2,94.85844
-150.0,1,94.865157
-150.0,1,94.870719
-150.0,1,94.880841
-150.0,1,94.887264
-150.0,1,94.894264
-150.0,1,94.899
-150.0,1,94.905551
-150.0,1,94.913731
-150.0,1,94.919755
-150.0,1,94.924004
-150.0,1,94.932822
-150.0,1,94.937392
-150.0,1,94.945512
-299.313147,2,94.956143
-150.0,1,94.963977
-150.0,1,94.971756
-150.0,1,94.979293
-150.0,1,94.984396
-150.0,1,94.991118
-150.0,1,94.999393
-150.0,1,95.005268
-150.0,1,95.009879
-150.0,1,95.017373
-150.0,1,95.023706
-150.0,1,95.02978
-150.0,1,95.036968
-150.0,1,95.048436
-150.0,1,95.055616
-150.0,1,95.060791
-797.257272,2,95.07093
-150.0,1,95.079164
-150.0,1,95.089159
-150.0,1,95.093855
-150.0,1,95.099305
-150.0,1,95.109926
-150.0,1,95.117225
-1266.902106,14,95.196263
-150.0,1,95.20448
-150.0,1,95.212818
-150.0,1,95.21693
-586.605492,7,95.25388
-150.0,1,95.257662
-150.0,1,95.267085
-150.0,1,95.275257
-150.0,1,95.279908
-150.0,1,95.28552
-150.0,1,95.295978
-150.0,1,95.303782
-150.0,1,95.309264
-1030.209496,2,95.318666
-150.0,1,95.328647
-150.0,1,95.332849
-150.0,1,95.339579
-150.0,1,95.343869
-150.0,1,95.351429
-150.0,1,95.358419
-150.0,1,95.364602
-428.39373,2,95.377342
-957.735633,4,95.403142
-150.0,1,95.409327
-483.585448,7,95.446126
-150.0,1,95.450041
-150.0,1,95.457379
-150.0,1,95.464589
-150.0,1,95.470323
-150.0,1,95.475111
-150.0,1,95.48266
-150.0,1,95.49072
-150.0,1,95.500188
-150.0,1,95.504827
-150.0,1,95.513341
-150.0,1,95.518706
-150.0,1,95.525398
-150.0,1,95.529259
-150.0,1,95.540128
-150.0,1,95.546749
-150.0,1,95.552638
-150.0,1,95.557565
-150.0,1,95.565349
-150.0,1,95.573025
-150.0,1,95.580965
-150.0,1,95.585726
-150.0,1,95.59349
-150.0,1,95.602566
-150.0,1,95.61003
-150.0,1,95.61414
-150.0,1,95.620388
-150.0,1,95.626369
-150.0,1,95.632589
-150.0,1,95.639272
-150.0,1,95.648376
-150.0,1,95.654568
-150.0,1,95.662035
-150.0,1,95.668416
-150.0,1,95.67434
-150.0,1,95.683513
-150.0,1,95.693547
-150.0,1,95.69948
-150.0,1,95.71048
-150.0,1,95.716432
-1702.216234,16,95.80168
-150.0,1,95.812042
-150.0,1,95.818537
-353.032386,2,95.827442
-150.0,1,95.836305
-150.0,1,95.841415
-150.0,1,95.848241
-150.0,1,95.852119
-150.0,1,95.860176
-150.0,1,95.869528
-427.736328,2,95.880132
-150.0,1,95.885928
-150.0,1,95.892273
-150.0,1,95.899398
-211.020556,3,95.919614
-150.0,1,95.923695
-150.0,1,95.930786
-307.370507,2,95.942988
-150.0,1,95.951683
-150.0,1,95.95752
-150.0,1,95.967317
-239.716797,2,95.978543
-150.0,1,95.986873
-249.151674,2,95.999857
-150.0,1,96.005158
-150.0,1,96.010459
-150.0,1,96.021324
-150.0,1,96.02786
-150.0,1,96.036723
-150.0,1,96.042325
-150.0,1,96.052335
-150.0,1,96.058471
-459.722389,3,96.073929
-150.0,1,96.080156
-2693.499352,23,96.202678
-596.11635,5,96.22982
-150.0,1,96.235232
-150.0,1,96.242581
-150.0,1,96.252041
-150.0,1,96.259585
-150.0,1,96.266509
-3718.283722,5,96.293435
-945.273619,6,96.330721
-150.0,1,96.336453
-150.0,1,96.341594
-150.0,1,96.348002
-150.0,1,96.358776
-150.0,1,96.362784
-192.91946,4,96.384383
-383.86064,2,96.395134
-150.0,1,96.404434
-150.0,1,96.412383
-150.0,1,96.418818
-150.0,1,96.429531
-543.748039,2,96.441021
-150.0,1,96.44771
-5448.677767,63,96.777134
-2864109.871223,3,96.792636
-465.755202,2,96.809104
-150.0,1,96.815812
-150.0,1,96.825546
-150.0,1,96.834204
-150.0,1,96.843051
-150.0,1,96.850359
-1023.908338,2,96.860425
-150.0,1,96.864559
-150.0,1,96.872961
-150.0,1,96.878814
-150.0,1,96.884992
-607.150826,6,96.916065
-150.0,1,96.923053
-150.0,1,96.928267
-150.0,1,96.933697
-150.0,1,96.944029
-150.0,1,96.950605
-150.0,1,96.959142
-150.0,1,96.963084
-150.0,1,96.972143
-150.0,1,96.980447
-150.0,1,96.985098
-150.0,1,96.990485
-2933586.756764,7,97.0273
-150.0,1,97.033533
-150.0,1,97.041831
-150.0,1,97.046863
-150.0,1,97.051867
-150.0,1,97.057575
-150.0,1,97.063763
-150.0,1,97.069938
-150.0,1,97.076008
-150.0,1,97.08689
-150.0,1,97.093484
-150.0,1,97.100142
-518.03156,2,97.11471
-150.0,1,97.122667
-150.0,1,97.130427
-150.0,1,97.138412
-150.0,1,97.148032
-150.0,1,97.16469
-150.0,1,97.170355
-960.918813,6,97.20316
-150.0,1,97.213254
-150.0,1,97.221004
-150.0,1,97.227026
-150.0,1,97.231614
-150.0,1,97.239407
-287.875957,3,97.257114
-150.0,1,97.264497
-150.0,1,97.26932
-150.0,1,97.275512
-150.0,1,97.282352
-150.0,1,97.289712
-150.0,1,97.294862
-150.0,1,97.299579
-150.0,1,97.307305
-440.109435,2,97.319046
-150.0,1,97.323851
-150.0,1,97.327669
-150.0,1,97.336463
-150.0,1,97.342254
-150.0,1,97.349271
-150.0,1,97.355515
-150.0,1,97.364587
-150.0,1,97.370647
-150.0,1,97.377378
-150.0,1,97.381774
-150.0,1,97.390181
-150.0,1,97.395193
-467.077211,6,97.425869
-150.0,1,97.433268
-150.0,1,97.440876
-150.0,1,97.445498
-1736.822772,11,97.50734
-150.0,1,97.513075
-150.0,1,97.520035
-150.0,1,97.527422
-150.0,1,97.534164
-150.0,1,97.539599
-150.0,1,97.545835
-150.0,1,97.554111
-150.0,1,97.559633
-2361.186456,26,97.692811
-294.238645,2,97.70804
-818.493751,4,97.72804
-150.0,1,97.732434
-150.0,1,97.738831
-150.0,1,97.746714
-455.301143,2,97.757895
-150.0,1,97.763644
-150.0,1,97.770657
-150.0,1,97.777347
-150.0,1,97.782126
-150.0,1,97.786344
-150.0,1,97.795447
-150.0,1,97.80195
-150.0,1,97.808597
-150.0,1,97.814703
-150.0,1,97.826278
-501.013663,5,97.855776
-150.0,1,97.860728
-150.0,1,97.868525
-150.0,1,97.878843
-150.0,1,97.888573
-601.18049,4,97.909691
-689.062259,3,97.930601
-1498.27641,2,97.941877
-150.0,1,97.949166
-425.428113,6,97.984205
-150.0,1,97.990021
-150.0,1,97.994875
-660.719398,3,98.01176
-150.0,1,98.018241
-150.0,1,98.023232
-150.0,1,98.030081
-150.0,1,98.037268
-150.0,1,98.042158
-150.0,1,98.048777
-150.0,1,98.052788
-153.715625,2,98.069412
-150.0,1,98.078165
-150.0,1,98.085917
-150.0,1,98.090462
-150.0,1,98.096539
-150.0,1,98.102231
-2849.344217,9,98.147812
-150.0,1,98.153333
-150.0,1,98.16092
-707.434172,2,98.172076
-150.0,1,98.181701
-150.0,1,98.189484
-150.0,1,98.199257
-150.0,1,98.203726
-150.0,1,98.208304
-150.0,1,98.216642
-279.556341,3,98.236751
-150.0,1,98.243087
-150.0,1,98.249946
-150.0,1,98.259106
-150.0,1,98.266262
-150.0,1,98.272132
-1397.035713,3,98.290264
-150.0,1,98.299146
-150.0,1,98.309515
-150.0,1,98.31459
-540.352192,3,98.331687
-150.0,1,98.337013
-150.0,1,98.344137
-388.053345,2,98.355402
-150.0,1,98.359821
-150.0,1,98.365911
-150.0,1,98.374108
-150.0,1,98.385767
-150.0,1,98.39094
-150.0,1,98.39729
-150.0,1,98.403359
-150.0,1,98.40848
-150.0,1,98.415911
-1122.469977,12,98.476942
-150.0,1,98.483811
-607.193222,6,98.518221
-150.0,1,98.522723
-150.0,1,98.52792
-150.0,1,98.535123
-9720650.847254,5,98.562595
-150.0,1,98.567075
-150.0,1,98.572114
-150.0,1,98.578948
-150.0,1,98.588493
-831.871304,6,98.623975
-2217.469002,5,98.649518
-150.0,1,98.659912
-150.0,1,98.665667
-150.0,1,98.670647
-150.0,1,98.676191
-150.0,1,98.685262
-330.462175,3,98.702632
-255.462458,2,98.71349
-150.0,1,98.717512
-150.0,1,98.725078
-150.0,1,98.732046
-150.0,1,98.737275
-150.0,1,98.741987
-150.0,1,98.748839
-150.0,1,98.756782
-438.297758,3,98.771136
-265.516381,3,98.789883
-150.0,1,98.799783
-629.803633,8,98.843617
-150.0,1,98.850245
-150.0,1,98.854806
-150.0,1,98.86222
-150.0,1,98.866338
-150.0,1,98.872601
-330.462175,3,98.889368
-150.0,1,98.900405
-262.07823,2,98.910456
-150.0,1,98.918162
-150.0,1,98.923421
-150.0,1,98.93339
-150.0,1,98.939987
-150.0,1,98.943646
-682.873921,2,98.955077
-150.0,1,98.963902
-150.0,1,98.971318
-150.0,1,98.977765
-150.0,1,98.983487
-150.0,1,98.992146
-150.0,1,98.996295
-150.0,1,99.002967
-150.0,1,99.009429
-150.0,1,99.016882
-150.0,1,99.023896
-207.815419,2,99.037596
-150.0,1,99.045023
-150.0,1,99.051657
-150.0,1,99.060888
-150.0,1,99.065569
-150.0,1,99.07111
-150.0,1,99.079447
-150.0,1,99.088429
-150.0,1,99.093136
-9366566.744617,8,99.138859
-150.0,1,99.146194
-150.0,1,99.152803
-751.535202,3,99.168541
-150.0,1,99.174919
-150.0,1,99.184822
-150.0,1,99.188694
-150.0,1,99.192761
-150.0,1,99.198095
-150.0,1,99.210554
-794.413343,2,99.222034
-150.0,1,99.227174
-292.480694,2,99.242394
-150.0,1,99.25232
-150.0,1,99.258688
-1079.896806,2,99.270752
-150.0,1,99.274544
-150.0,1,99.281052
-150.0,1,99.287189
-150.0,1,99.293261
-187.929831,2,99.303104
-184.73528,2,99.320093
-3281.939196,36,99.506754
-150.0,1,99.512865
-150.0,1,99.517829
-150.0,1,99.529253
-150.0,1,99.533908
-150.0,1,99.54093
-150.0,1,99.547798
-150.0,1,99.56112
-150.0,1,99.568273
-150.0,1,99.575512
-150.0,1,99.580643
-150.0,1,99.589974
-150.0,1,99.59454
-150.0,1,99.598711
-150.0,1,99.603901
-150.0,1,99.613395
-150.0,1,99.6198
-207.128366,2,99.631174
-150.0,1,99.637567
-150.0,1,99.64662
-150.0,1,99.652971
-456.169983,3,99.670509
-150.0,1,99.675693
-5200.777697,62,100.006515
-150.0,1,100.011338
-150.0,1,100.015866
-150.0,1,100.021887
-150.0,1,100.03057
-150.0,1,100.037965
-150.0,1,100.043143
-150.0,1,100.047172
-150.0,1,100.057747
-150.0,1,100.062367
-150.0,1,100.070211
-150.0,1,100.076458
-150.0,1,100.084124
-150.0,1,100.089089
-150.0,1,100.09384
-150.0,1,100.100652
-150.0,1,100.113703
-150.0,1,100.119607
-543.748039,2,100.129301
-150.0,1,100.138304
-150.0,1,100.146661
-150.0,1,100.154222
-7305028.90879,2,100.164821
-150.0,1,100.170013
-150.0,1,100.176726
-150.0,1,100.180876
-150.0,1,100.186514
-150.0,1,100.191688
-150.0,1,100.201335
-150.0,1,100.208096
-150.0,1,100.214527
-150.0,1,100.221344
-150.0,1,100.228828
-150.0,1,100.236257
-724.703742,3,100.254077
-150.0,1,100.261542
-150.0,1,100.275456
-150.0,1,100.282163
-150.0,1,100.287347
-150.0,1,100.291452
-150.0,1,100.301943
-150.0,1,100.307552
-150.0,1,100.311798
-150.0,1,100.316193
-150.0,1,100.327351
-150.0,1,100.336322
-150.0,1,100.340612
-150.0,1,100.349672
-150.0,1,100.359182
-150.0,1,100.365121
-150.0,1,100.372686
-150.0,1,100.377928
-150.0,1,100.386514
-150.0,1,100.392473
-150.0,1,100.397947
-150.0,1,100.401603
-150.0,1,100.411039
-150.0,1,100.416261
-4233.130821,47,100.663523
-150.0,1,100.669256
-150.0,1,100.675298
-150.0,1,100.682616
-150.0,1,100.690388
-150.0,1,100.696407
-150.0,1,100.703767
-150.0,1,100.70919
-150.0,1,100.716449
-150.0,1,100.722009
-150.0,1,100.728384
-638.178857,8,100.774268
-150.0,1,100.780986
-150.0,1,100.788167
-150.0,1,100.796499
-1369.906988,6,100.826314
-150.0,1,100.831938
-150.0,1,100.837856
-808.928544,9,100.889436
-1423.534016,5,100.918543
-150.0,1,100.923871
-3569220.864263,6,100.95511
-150.0,1,100.961846
-150.0,1,100.968859
-150.0,1,100.975621
-840.760517,7,101.012126
-707.02841,9,101.060262
-150.0,1,101.065018
-1998.148497,17,101.155228
-579.74299,3,101.177016
-150.0,1,101.186532
-150.0,1,101.192859
-150.0,1,101.197746
-150.0,1,101.203625
-150.0,1,101.210891
-1018.577263,5,101.241483
-150.0,1,101.246788
-150.0,1,101.254997
-768.475926,29,101.410401
-150.0,1,101.418809
-150.0,1,101.424719
-724.703742,3,101.441052
-150.0,1,101.447115
-150.0,1,101.451961
-150.0,1,101.45597
-150.0,1,101.461815
-150.0,1,101.468743
-150.0,1,101.474196
-150.0,1,101.485288
-150.0,1,101.493723
-150.0,1,101.501071
-150.0,1,101.506759
-150.0,1,101.512543
-150.0,1,101.518667
-150.0,1,101.526602
-150.0,1,101.534605
-327.986186,2,101.545317
-150.0,1,101.550354
-150.0,1,101.55811
-150.0,1,101.564123
-201.180254,3,101.578952
-150.0,1,101.584507
-150.0,1,101.598546
-150.0,1,101.603088
-150.0,1,101.607053
-150.0,1,101.613437
-150.0,1,101.62431
-150.0,1,101.631219
-150.0,1,101.635709
-150.0,1,101.6428
-150.0,1,101.652656
-150.0,1,101.660109
-150.0,1,101.666753
-150.0,1,101.671165
-150.0,1,101.681371
-150.0,1,101.686566
-150.0,1,101.694911
-150.0,1,101.699087
-150.0,1,101.70733
-150.0,1,101.711549
-150.0,1,101.716524
-150.0,1,101.721896
-150.0,1,101.729947
-150.0,1,101.736799
-150.0,1,101.743131
-3206.224214,4,101.763256
-150.0,1,101.772695
-1751.549274,2,101.783604
-150.0,1,101.787489
-150.0,1,101.791391
-150.0,1,101.801284
-150.0,1,101.809259
-150.0,1,101.814307
-150.0,1,101.818967
-150.0,1,101.82902
-150.0,1,101.835249
-624.339449,3,101.854825
-150.0,1,101.860108
-150.0,1,101.871379
-388.2711,4,101.891519
-150.0,1,101.900717
-150.0,1,101.90967
-150.0,1,101.917959
-150.0,1,101.923448
-150.0,1,101.928026
-851.573828,11,101.987595
-150.0,1,101.995772
-150.0,1,102.005863
-150.0,1,102.010004
-150.0,1,102.015039
-150.0,1,102.023001
-150.0,1,102.029891
-161.891521,2,102.040254
-150.0,1,102.045048
-150.0,1,102.055626
-150.0,1,102.064321
-150.0,1,102.068883
-150.0,1,102.074186
-150.0,1,102.084478
-150.0,1,102.090874
-150.0,1,102.096209
-150.0,1,102.101911
-150.0,1,102.11235
-150.0,1,102.119455
-150.0,1,102.124645
-878.335949,13,102.196595
-150.0,1,102.20654
-150.0,1,102.213318
-150.0,1,102.219511
-150.0,1,102.224821
-150.0,1,102.232197
-150.0,1,102.236558
-150.0,1,102.242002
-304.496425,3,102.25818
-150.0,1,102.268729
-348.786673,2,102.279065
-150.0,1,102.28775
-308.685035,25,102.420382
-150.0,1,102.426723
-150.0,1,102.435555
-150.0,1,102.440976
-150.0,1,102.44986
-150.0,1,102.45667
-150.0,1,102.462858
-150.0,1,102.467597
-150.0,1,102.476454
-150.0,1,102.483384
-150.0,1,102.489482
-150.0,1,102.496148
-150.0,1,102.503043
-1702.216234,16,102.59461
-150.0,1,102.598919
-150.0,1,102.605673
-150.0,1,102.610487
-150.0,1,102.622344
-150.0,1,102.629227
-344.400032,3,102.647861
-1216.291036,4,102.66967
-150.0,1,102.676881
-150.0,1,102.683442
-150.0,1,102.691575
-1150.524226,2,102.700622
-150.0,1,102.708701
-150.0,1,102.718521
-150.0,1,102.724131
-150.0,1,102.729045
-150.0,1,102.738455
-811.21379,8,102.781888
-150.0,1,102.78684
-150.0,1,102.792889
-150.0,1,102.800712
-150.0,1,102.806033
-150.0,1,102.810705
-150.0,1,102.815184
-150.0,1,102.821894
-150.0,1,102.830867
-150.0,1,102.835541
-2605.700274,4,102.856006
-150.0,1,102.864496
-150.0,1,102.870698
-1231.437934,2,102.881283
-286.729812,2,102.890526
-150.0,1,102.898979
-150.0,1,102.904562
-150.0,1,102.911047
-150.0,1,102.915779
-150.0,1,102.929242
-150.0,1,102.936629
-306.088157,2,102.948711
-150.0,1,102.955332
-150.0,1,102.962878
-474.56198,2,102.975419
-150.0,1,102.984446
-150.0,1,102.989299
-742.246504,3,103.007789
-150.0,1,103.014263
-594.289391,5,103.0412
-150.0,1,103.0503
-150.0,1,103.06034
-150.0,1,103.066937
-150.0,1,103.071906
-249.151674,2,103.08343
-150.0,1,103.093848
-150.0,1,103.097966
-150.0,1,103.101893
-150.0,1,103.109473
-289.114625,2,103.122547
-150.0,1,103.128954
-150.0,1,103.139092
-150.0,1,103.143725
-150.0,1,103.150785
-206.963334,2,103.16437
-150.0,1,103.170404
-150.0,1,103.176959
-1825.702793,3,103.194983
-553.697132,2,103.204825
-150.0,1,103.215102
-150.0,1,103.221465
-150.0,1,103.228214
-150.0,1,103.233257
-150.0,1,103.240604
-150.0,1,103.2444
-150.0,1,103.251087
-150.0,1,103.255647
-150.0,1,103.267119
-150.0,1,103.27415
-150.0,1,103.280666
-150.0,1,103.286739
-1736.982649,5,103.317689
-150.0,1,103.323611
-150.0,1,103.332652
-150.0,1,103.336572
-2451.477179,3,103.356645
-150.0,1,103.36153
-150.0,1,103.37099
-150.0,1,103.377363
-150.0,1,103.381897
-150.0,1,103.386888
-218.236667,2,103.400541
-381.292847,2,103.414566
-150.0,1,103.422263
-150.0,1,103.427332
-150.0,1,103.43364
-763.389936,61,103.768499
-150.0,1,103.776436
-490.269713,5,103.802048
-150.0,1,103.810085
-607.150826,6,103.842684
-150.0,1,103.846939
-150.0,1,103.852584
-150.0,1,103.86017
-477.558427,3,103.878614
-150.0,1,103.882966
-150.0,1,103.891738
-150.0,1,103.899908
-150.0,1,103.904274
-2532.096391,16,103.987246
-2241.658175,25,104.117126
-23389.995017,17,104.209857
-170.022569,2,104.221982
-542.276019,3,104.237706
-327.986186,2,104.248554
-150.0,1,104.258994
-150.0,1,104.264387
-150.0,1,104.270793
-150.0,1,104.276972
-150.0,1,104.285414
-150.0,1,104.293271
-150.0,1,104.298583
-150.0,1,104.304477
-150.0,1,104.313126
-150.0,1,104.319541
-150.0,1,104.323908
-440.109435,2,104.338806
-150.0,1,104.345564
-150.0,1,104.350766
-150.0,1,104.355338
-4090664.151923,2,104.365402
-150.0,1,104.375975
-150.0,1,104.384329
-150.0,1,104.390773
-150.0,1,104.396416
-150.0,1,104.403079
-150.0,1,104.409213
-150.0,1,104.415859
-150.0,1,104.419492
-150.0,1,104.426441
-150.0,1,104.431886
-150.0,1,104.441409
-150.0,1,104.446952
-706.131605,2,104.459826
-150.0,1,104.468528
-150.0,1,104.47753
-150.0,1,104.483866
-150.0,1,104.489966
-150.0,1,104.496353
-188.614576,4,104.516304
-150.0,1,104.521567
-150.0,1,104.5293
-150.0,1,104.534576
-150.0,1,104.541195
-1228.668559,15,104.620262
-150.0,1,104.630503
-150.0,1,104.636329
-150.0,1,104.642581
-150.0,1,104.646541
-150.0,1,104.657781
-826448.372428,14,104.730794
-150.0,1,104.735233
-150.0,1,104.742781
-150.0,1,104.752154
-150.0,1,104.757393
-2241.5484,5,104.784307
-150.0,1,104.790497
-150.0,1,104.797341
-150.0,1,104.802986
-150.0,1,104.810488
-150.0,1,104.820623
-150.0,1,104.829816
-150.0,1,104.835076
-150.0,1,104.839992
-150.0,1,104.845986
0.0,1,104.850657
-150.0,1,104.856437
-150.0,1,104.861541
-3960.819017,28,105.016214
-150.0,1,105.02436
-150.0,1,105.0287
-150.0,1,105.034095
-150.0,1,105.039016
-150.0,1,105.05228
-150.0,1,105.058732
-383.005528,4,105.084516
-150.0,1,105.088775
-720.491908,2,105.104554
-150.0,1,105.10869
-150.0,1,105.114079
-277.207292,2,105.126818
-150.0,1,105.133848
-150.0,1,105.141435
-430.403189,3,105.156762
-150.0,1,105.164186
-150.0,1,105.1708
-150.0,1,105.178414
-150.0,1,105.182673
-150.0,1,105.189304
-150.0,1,105.199666
-150.0,1,105.205424
-150.0,1,105.210136
-888.865967,2,105.223596
-150.0,1,105.235683
-150.0,1,105.240091
-150.0,1,105.245745
-150.0,1,105.250684
-150.0,1,105.259653
-150.0,1,105.266127
-150.0,1,105.272445
-150.0,1,105.277787
-285.860849,2,105.293414
-150.0,1,105.300336
-150.0,1,105.305572
-150.0,1,105.310762
-150.0,1,105.318217
-888.865967,2,105.329977
-249.59349,2,105.340378
-150.0,1,105.345723
-150.0,1,105.352175
-150.0,1,105.362516
-150.0,1,105.370592
-150.0,1,105.377821
-485.68806,3,105.396852
-150.0,1,105.402402
-150.0,1,105.408751
-150.0,1,105.415243
-150.0,1,105.422598
-150.0,1,105.4275
-1784.001266,2,105.44143
-150.0,1,105.448123
-339.681075,2,105.461237
-150.0,1,105.469043
-1188.00401,6,105.501505
-150.0,1,105.51052
-150.0,1,105.518542
-150.0,1,105.523335
-257.176224,2,105.5337
-150.0,1,105.540487
-223.4692,2,105.556108
-289.114625,2,105.569286
-150.0,1,105.574192
-150.0,1,105.578485
-150.0,1,105.588357
-372.909312,4,105.609469
-283.82037,2,105.62511
-194.323254,2,105.635521
-150.0,1,105.644648
-150.0,1,105.649853
-150.0,1,105.657151
-150.0,1,105.661966
-150.0,1,105.670894
-150.0,1,105.676299
-150.0,1,105.680647
-150.0,1,105.687371
-520.525833,4,105.714689
-150.0,1,105.722599
-150.0,1,105.729707
-678.258914,4,105.75069
-150.0,1,105.760486
-150.0,1,105.768877
-150.0,1,105.775958
-150.0,1,105.781377
-150.0,1,105.788815
-1329.908028,3,105.804403
-150.0,1,105.813962
-150.0,1,105.820519
-150.0,1,105.831552
-150.0,1,105.836775
-253.562778,3,105.852236
-150.0,1,105.856152
-926.320318,10,105.915497
-1365.678071,16,105.996869
-150.0,1,106.003567
-150.0,1,106.009929
-818.493751,4,106.036937
-150.0,1,106.042148
-150.0,1,106.047254
-150.0,1,106.055337
-1375.383852,2,106.066676
-150.0,1,106.072201
-150.0,1,106.078693
-150.0,1,106.086243
-150.0,1,106.092708
-150.0,1,106.098719
-911.091979,5,106.128896
-150.0,1,106.133702
-150.0,1,106.141769
-150.0,1,106.148781
-369.480785,3,106.165128
-150.0,1,106.170126
-150.0,1,106.17991
-150.0,1,106.18499
-150.0,1,106.194133
-150.0,1,106.198268
-150.0,1,106.206957
-150.0,1,106.211665
-150.0,1,106.215373
-150.0,1,106.220499
-150.0,1,106.229726
-150.0,1,106.234617
-3068.222028,5,106.261583
-150.0,1,106.268289
-150.0,1,106.276757
-150.0,1,106.282401
-150.0,1,106.287941
-150.0,1,106.294888
-724.703742,3,106.312473
-150.0,1,106.319254
-682.873921,2,106.331827
-150.0,1,106.340799
-150.0,1,106.347277
-150.0,1,106.355468
-150.0,1,106.359755
-347.919332,2,106.373645
-150.0,1,106.381772
-853.666839,2,106.393863
-150.0,1,106.398435
-150.0,1,106.407387
-150.0,1,106.414468
-19263.742556,63,106.745923
-150.0,1,106.753099
-150.0,1,106.757349
-2292.81581,12,106.823147
-150.0,1,106.830122
-150.0,1,106.842542
-150.0,1,106.849644
-150.0,1,106.856462
-150.0,1,106.863855
-150.0,1,106.870711
-956.988437,11,106.927077
-150.0,1,106.938765
-150.0,1,106.947235
-150.0,1,106.952168
-327.878191,3,106.968906
-239.162446,2,106.981979
-150.0,1,106.988675
-150.0,1,106.994345
-150.0,1,106.999679
-150.0,1,107.006727
-150.0,1,107.013792
-601.983278,8,107.055526
-150.0,1,107.061363
-150.0,1,107.068903
-150.0,1,107.073852
-150.0,1,107.079711
-150.0,1,107.084506
-150.0,1,107.092314
-150.0,1,107.097379
-150.0,1,107.103066
-150.0,1,107.108114
-150.0,1,107.1162
-150.0,1,107.120752
-195.662355,2,107.132257
-150.0,1,107.139318
-150.0,1,107.147353
-150.0,1,107.155665
-150.0,1,107.163273
-248.295201,3,107.191846
-150.0,1,107.203377
-150.0,1,107.209888
-456.175941,2,107.221551
-150.0,1,107.227902
-150.0,1,107.236664
-150.0,1,107.240427
-525.919137,2,107.255407
-150.0,1,107.25975
-150.0,1,107.268023
-525.919137,2,107.281931
-150.0,1,107.287188
-150.0,1,107.291528
-150.0,1,107.299911
-150.0,1,107.305127
-150.0,1,107.313952
-150.0,1,107.318547
-150.0,1,107.326427
-150.0,1,107.33287
-416.79198,2,107.341969
-150.0,1,107.350869
-150.0,1,107.359123
-150.0,1,107.365128
-150.0,1,107.370494
-150.0,1,107.37773
-150.0,1,107.384712
-150.0,1,107.391011
-150.0,1,107.394736
-150.0,1,107.402034
-150.0,1,107.411206
-150.0,1,107.41538
-150.0,1,107.420531
-2280.739324,27,107.567019
-150.0,1,107.57751
-150.0,1,107.584495
-150.0,1,107.591496
-150.0,1,107.596189
-150.0,1,107.60366
-150.0,1,107.611742
-150.0,1,107.61664
-150.0,1,107.621986
-150.0,1,107.628755
-150.0,1,107.635061
-3114.954221,11,107.693935
-150.0,1,107.699161
-150.0,1,107.70696
-499.390599,2,107.715466
-150.0,1,107.725403
-150.0,1,107.730572
-150.0,1,107.739507
-150.0,1,107.743474
-150.0,1,107.750781
-150.0,1,107.755748
-150.0,1,107.762457
-150.0,1,107.770386
-150.0,1,107.778032
-150.0,1,107.783345
-1472.044467,3,107.804347
-150.0,1,107.810442
-150.0,1,107.816769
-157.533663,2,107.830161
-150.0,1,107.839948
-253.393656,5,107.865588
-150.0,1,107.872579
-150.0,1,107.879668
-150.0,1,107.885666
-150.0,1,107.890228
-150.0,1,107.896045
-150.0,1,107.904753
-150.0,1,107.91246
-150.0,1,107.921039
-2310.544904,3,107.938713
-150.0,1,107.944551
-1604.980083,2,107.959286
-150.0,1,107.964236
-150.0,1,107.970832
-150.0,1,107.978748
-436.29151,5,108.010487
-150.0,1,108.016194
-150.0,1,108.022124
-150.0,1,108.027145
-150.0,1,108.03598
-150.0,1,108.042952
-738.681293,3,108.059453
-150.0,1,108.067837
-150.0,1,108.075112
-150.0,1,108.081379
-150.0,1,108.086926
-150.0,1,108.09548
-150.0,1,108.104984
-150.0,1,108.109942
-150.0,1,108.11847
-150.0,1,108.12417
-150.0,1,108.13411
-150.0,1,108.137912
-220.475103,2,108.150566
-373.036974,2,108.160891
-258.924466,2,108.178293
-150.0,1,108.184922
-150.0,1,108.188972
-150.0,1,108.198464
-308.20497,4,108.224163
-191.257046,2,108.233229
-150.0,1,108.238741
-150.0,1,108.245818
-150.0,1,108.253247
-150.0,1,108.258327
-150.0,1,108.262986
-150.0,1,108.271269
-607.455525,3,108.290807
-150.0,1,108.301409
-150.0,1,108.305891
-150.0,1,108.309944
-150.0,1,108.316674
-150.0,1,108.326066
-150.0,1,108.330581
-940.736274,12,108.396119
-1189.680249,2,108.408702
-150.0,1,108.41631
-150.0,1,108.421949
-150.0,1,108.427191
-150.0,1,108.436237
-150.0,1,108.443844
-150.0,1,108.448416
-1099.606118,4,108.469014
-150.0,1,108.480025
-150.0,1,108.483819
-150.0,1,108.492007
-150.0,1,108.496907
-150.0,1,108.504941
-150.0,1,108.509637
-773.301196,8,108.55121
-150.0,1,108.558049
-2199.467966,3,108.5759
-150.0,1,108.582881
-1848.204433,2,108.59174
-150.142337,2,108.604696
-161.891521,2,108.61581
-150.0,1,108.621695
-150.0,1,108.627925
-150.0,1,108.63444
-876.337557,4,108.657604
-150.0,1,108.663371
-150.0,1,108.668051
-150.0,1,108.674296
-150.0,1,108.681197
-150.0,1,108.685086
-150.0,1,108.691668
-150.0,1,108.700424
-150.0,1,108.711182
-150.0,1,108.715544
-150.0,1,108.721361
-150.0,1,108.72861
-150.0,1,108.737103
-150.0,1,108.742381
-150.0,1,108.747745
-150.0,1,108.754738
-150.0,1,108.7655
-150.0,1,108.769811
-150.0,1,108.77924
-150.0,1,108.788379
-150.0,1,108.79728
-150.0,1,108.804446
-150.0,1,108.812222
-150.0,1,108.820918
-150.0,1,108.829628
-150.0,1,108.834147
-150.0,1,108.842557
-150.0,1,108.852626
-150.0,1,108.859953
-334.510239,2,108.871527
-1683471.806598,4,108.892404
-150.0,1,108.898405
-150.0,1,108.909517
-150.0,1,108.914009
-150.0,1,108.919536
-150.0,1,108.926305
-150.0,1,108.936029
-150.0,1,108.943439
-150.0,1,108.94816
-150.0,1,108.957335
-150.0,1,108.967055
-150.0,1,108.973098
-150.0,1,108.979797
-150.0,1,108.988485
-150.0,1,108.994438
-150.0,1,109.000376
-150.0,1,109.008859
-150.0,1,109.019881
-150.0,1,109.027221
-150.0,1,109.031397
-150.0,1,109.03655
-150.0,1,109.044713
-150.0,1,109.051492
-150.0,1,109.055228
-150.0,1,109.059683
-150.0,1,109.068747
-150.0,1,109.076245
-150.0,1,109.082624
-150.0,1,109.089558
-150.0,1,109.095018
-150.0,1,109.101726
-150.0,1,109.108928
-150.0,1,109.115539
-150.0,1,109.122411
-150.0,1,109.132729
-150.0,1,109.137715
-150.0,1,109.144779
-150.0,1,109.153401
-276.584441,2,109.164687
-150.0,1,109.17126
-150.0,1,109.178213
-150.0,1,109.184067
-150.0,1,109.1922
-150.0,1,109.197484
-150.0,1,109.205893
-150.0,1,109.214537
-150.0,1,109.221488
-150.0,1,109.226124
-150.0,1,109.232911
-561.560229,4,109.253069
-150.0,1,109.260052
-150.0,1,109.269294
-150.0,1,109.273525
-150.0,1,109.27885
-150.0,1,109.289426
-388.053345,2,109.298627
-401.028932,2,109.309617
-150.0,1,109.317273
-150.0,1,109.326205
-150.0,1,109.332855
-150.0,1,109.337304
-150.0,1,109.341691
-150.0,1,109.349799
-150.0,1,109.355235
-150.0,1,109.362835
-273.150152,11,109.424839
-150.0,1,109.432862
-150.0,1,109.437427
-387.130653,3,109.457875
-150.0,1,109.462389
-150.0,1,109.469668
-1938.671235,4,109.490894
-150.0,1,109.49912
-150.0,1,109.50313
-150.0,1,109.509013
-150.0,1,109.514273
-150.0,1,109.521051
-150.0,1,109.526096
-150.0,1,109.532592
-150.0,1,109.537972
-190.620701,2,109.550267
-150.0,1,109.555739
-150.0,1,109.563127
-150.0,1,109.572297
-150.0,1,109.576918
-150.0,1,109.583477
-161.891521,2,109.597142
-150.0,1,109.602337
-150.0,1,109.606111
-150.0,1,109.612781
-150.0,1,109.622353
-150.0,1,109.626725
-150.0,1,109.631762
-150.0,1,109.63858
-3149.511146,4,109.664099
-150.0,1,109.671489
-150.0,1,109.677191
-150.0,1,109.683509
-150.0,1,109.691565
-150.0,1,109.701851
-1723.446266,3,109.718187
-150.0,1,109.726213
-150.0,1,109.733423
-23389.995017,17,109.819192
-150.0,1,109.825423
-150.0,1,109.831774
-150.0,1,109.839516
-438.297758,3,109.85588
-150.0,1,109.861476
-400.383104,2,109.871185
-445.060403,2,109.884158
-283.011162,14,109.956045
-150.0,1,109.963114
-187.540063,2,109.972372
-355.664486,2,109.984704
-150.0,1,109.990132
-150.0,1,109.999628
-467.018065,2,110.010448
-1433.438541,6,110.047024
-150.0,1,110.054358
-1316.075912,4,110.074605
-150.0,1,110.081845
-150.0,1,110.090937
-205.38866,2,110.100487
-150.0,1,110.107929
-150.0,1,110.11345
-150.0,1,110.122508
-150.0,1,110.128201
-150.0,1,110.138517
-150.0,1,110.145886
-150.0,1,110.15286
-150.0,1,110.158808
-150.0,1,110.164954
-150.0,1,110.16994
-150.0,1,110.178499
-150.0,1,110.185029
-150.0,1,110.194999
-337.136125,2,110.205575
-375.361862,2,110.221326
-150.0,1,110.22899
-150.0,1,110.236882
-150.0,1,110.243806
-150.0,1,110.253718
-150.0,1,110.258539
-189.699469,2,110.26741
-150.0,1,110.276911
-150.0,1,110.284621
-150.0,1,110.289017
-150.0,1,110.298364
-150.0,1,110.304518
-150.0,1,110.313792
-150.0,1,110.322447
-150.0,1,110.327815
-150.0,1,110.334675
-264.216083,2,110.347614
-150.0,1,110.354472
-150.0,1,110.361821
-150.0,1,110.366758
-150.0,1,110.373241
-336.644577,2,110.383294
-150.0,1,110.388599
-487.880394,2,110.398521
-150.0,1,110.407722
-150.0,1,110.415864
-546.244584,5,110.446512
-150.0,1,110.453936
-184.695382,2,110.471686
-150.0,1,110.476536
-150.0,1,110.482407
-150.0,1,110.490021
-150.0,1,110.499756
-150.0,1,110.503849
-150.0,1,110.50937
-150.0,1,110.514784
-150.0,1,110.52106
-150.0,1,110.528201
-150.0,1,110.533947
-150.0,1,110.54313
-150.0,1,110.550261
-150.0,1,110.557195
-150.0,1,110.566699
-150.0,1,110.573496
-2241.5484,5,110.601803
-150.0,1,110.606893
-976.959036,5,110.632165
-150.0,1,110.640846
-364.710958,5,110.673282
-150.0,1,110.681195
-150.0,1,110.685493
-150.0,1,110.694143
-150.0,1,110.704046
-150.0,1,110.710285
-1470.378,3,110.728708
-150.0,1,110.734741
-481.761683,3,110.756714
-150.0,1,110.762653
-150.0,1,110.767822
-150.0,1,110.773549
-150.0,1,110.783548
-150.0,1,110.788499
-150.0,1,110.794469
-1660.609057,20,110.899769
-3437838.002748,9,110.955724
-150.0,1,111.086901
-150.0,1,111.093291
-150.0,1,111.098691
-1525.034805,13,111.173709
-199.735286,2,111.183605
-348.96729,2,111.195693
-150.0,1,111.201299
-150.0,1,111.209257
-299.537087,2,111.220312
-150.0,1,111.226684
-150.0,1,111.232612
-603.371287,3,111.250744
-150.0,1,111.255023
-150.0,1,111.260818
-150.0,1,111.268987
-150.0,1,111.27748
-981.029363,10,111.333713
-150.0,1,111.342814
-150.0,1,111.349616
-3594.318306,45,111.596998
-150.0,1,111.605323
-333.776057,3,111.622601
-150.0,1,111.627646
-150.0,1,111.6389
-150.0,1,111.644604
-525.919137,2,111.653676
-150.0,1,111.664454
-239.162446,2,111.68008
-150.0,1,111.687593
-150.0,1,111.69515
-150.0,1,111.699903
-150.0,1,111.708363
-1563.391287,2,111.72224
-843.124778,3,111.736992
-385.313674,3,111.755464
-666.111961,2,111.768317
-150.0,1,111.774095
-150.0,1,111.778826
-150.0,1,111.783174
-150.0,1,111.790591
-150.0,1,111.799912
-150.0,1,111.804605
-150.0,1,111.81132
-261.938146,3,111.829942
-150.0,1,111.8346
-150.0,1,111.84057
-150.0,1,111.845843
-210.181344,2,111.857176
-150.0,1,111.863103
-336.576638,2,111.875062
-151.356667,3,111.891174
-150.0,1,111.902748
-150.0,1,111.911148
-150.0,1,111.921127
-150.0,1,111.927365
-150.0,1,111.934969
-150.0,1,111.939749
-150.0,1,111.945823
-300.377822,2,111.956839
-150.0,1,111.96392
-16296521.415729,3,111.979964
-150.0,1,111.987446
-150.0,1,111.993417
-306.800844,2,112.005186
-150.0,1,112.010666
-150.0,1,112.020377
-150.0,1,112.025704
-150.0,1,112.031858
-150.0,1,112.037014
-5815502.373704,4,112.060599
-150.0,1,112.068955
-150.0,1,112.076026
-150.0,1,112.084898
-150.0,1,112.090466
-150.0,1,112.100385
-150.0,1,112.108381
-3656.210875,9,112.15679
-150.0,1,112.162213
-150.0,1,112.169441
-150.0,1,112.17639
-150.0,1,112.181162
-150.0,1,112.185653
-150.0,1,112.196851
-150.0,1,112.204223
-150.0,1,112.209644
-150.0,1,112.215551
-150.0,1,112.223063
-11360.172197,35,112.411593
-1091.548908,6,112.449168
-150.0,1,112.454004
-150.0,1,112.461032
-794.064629,2,112.474672
-150.0,1,112.481999
-473.631846,5,112.510103
-150.0,1,112.519014
-150.0,1,112.525849
-150.0,1,112.532427
-367.712417,2,112.542552
-150.0,1,112.551406
-915.181707,3,112.571446
-150.0,1,112.57707
-570.233779,5,112.606494
-150.0,1,112.613336
-150.0,1,112.622801
-150.0,1,112.628139
-150.0,1,112.637099
-150.0,1,112.643713
-150.0,1,112.652889
-150.0,1,112.657578
-150.0,1,112.66286
-150.0,1,112.670193
-150.0,1,112.681005
-150.0,1,112.68624
-150.0,1,112.69054
-150.0,1,112.696558
-150.0,1,112.704294
-150.0,1,112.708396
-440.109435,2,112.720202
-150.0,1,112.729667
-150.0,1,112.739886
-150.0,1,112.746054
-150.0,1,112.750487
-150.0,1,112.756447
-150.0,1,112.765525
-1369.656705,2,112.77958
-150.0,1,112.785096
-150.0,1,112.789706
-150.0,1,112.797122
-150.0,1,112.801912
-150.0,1,112.809167
-150.0,1,112.815188
-150.0,1,112.82243
-150.0,1,112.827026
-150.0,1,112.834984
-150.0,1,112.84213
-150.0,1,112.849301
-187.747678,3,112.8707
-150.0,1,112.876969
-2823.536307,10,112.931906
-150.0,1,112.941683
-150.0,1,112.951055
-366.780678,2,112.96587
-150.0,1,112.973539
-150.0,1,112.982227
-150.0,1,112.985933
-150.0,1,112.995072
-392.900424,2,113.007709
-150.0,1,113.014588
-150.0,1,113.020914
-150.0,1,113.026223
-150.0,1,113.032121
-150.0,1,113.039637
-150.0,1,113.047785
-150.0,1,113.054528
-150.0,1,113.060263
-150.0,1,113.067205
-150.0,1,113.074873
-150.0,1,113.080287
-150.0,1,113.084655
-150.0,1,113.094239
-150.0,1,113.102275
-150.0,1,113.106788
-150.0,1,113.11175
-150.0,1,113.121601
-150.0,1,113.127626
-150.0,1,113.133184
-150.0,1,113.137067
-150.0,1,113.144444
-150.0,1,113.15503
-150.0,1,113.161843
-150.0,1,113.169416
-150.0,1,113.179413
-150.0,1,113.185494
-150.0,1,113.190534
-150.0,1,113.195154
-150.0,1,113.201261
-150.0,1,113.208164
-150.0,1,113.215299
-150.0,1,113.220433
-150.0,1,113.227685
-11418.56676,6,113.26043
-150.0,1,113.268744
-150.0,1,113.272502
-150.0,1,113.281649
-150.0,1,113.286165
-150.0,1,113.292597
-308.66416,2,113.30373
-150.0,1,113.309955
-475.132636,3,113.32815
-150.0,1,113.33338
-150.0,1,113.33852
-150.0,1,113.346135
-150.0,1,113.355339
-150.0,1,113.361673
-150.0,1,113.367199
-150.0,1,113.376933
-150.0,1,113.384837
-458.749443,2,113.394939
-279.179549,2,113.407597
-150.0,1,113.414675
-150.0,1,113.419044
-150.0,1,113.424051
-150.0,1,113.43218
-150.0,1,113.439651
-150.0,1,113.445228
-150.0,1,113.449297
-804.261382,2,113.461526
-150.0,1,113.471976
-150.0,1,113.477165
-150.0,1,113.48365
-150.0,1,113.490153
-150.0,1,113.500514
-150.0,1,113.505664
-150.0,1,113.511821
-150.0,1,113.519375
-150.0,1,113.52605
-150.0,1,113.531594
-150.0,1,113.537346
-150.0,1,113.541837
-150.0,1,113.551021
-279.739387,2,113.565032
-150.0,1,113.571479
-150.0,1,113.576804
-150.0,1,113.582929
-150.0,1,113.588787
-1307.086231,10,113.639681
-150.0,1,113.643809
-150.0,1,113.652537
-150.0,1,113.656304
-150.0,1,113.662298
-150.0,1,113.672906
-1824.085206,2,113.685399
-150.0,1,113.691339
-150.0,1,113.697739
-150.0,1,113.70559
-150.0,1,113.714538
-150.0,1,113.722286
-150.0,1,113.727429
-150.0,1,113.733935
-150.0,1,113.744847
-150.0,1,113.752584
-6997972.633253,5,113.781319
-464.972423,2,113.791841
-150.0,1,113.798777
-150.0,1,113.804368
-243.033218,2,113.817477
-150.0,1,113.822333
-150.2125,2,113.836761
-150.0,1,113.841684
-150.0,1,113.851453
-150.0,1,113.856196
-150.0,1,113.867567
-150.0,1,113.873606
-1048.810292,15,113.95149
-150.0,1,113.956188
-150.0,1,113.963865
-150.0,1,113.968138
-150.0,1,113.974013
-150.0,1,113.981331
-247.860425,2,113.996202
-150.0,1,114.002503
-389.578789,4,114.027609
-267.408878,2,114.036732
-307.284481,5,114.066521
-150.0,1,114.073617
-150.0,1,114.081351
-539.027183,7,114.118896
-150.0,1,114.128164
-150.0,1,114.133775
-150.0,1,114.138513
-747.080884,2,114.149545
-150.0,1,114.158079
-150.0,1,114.164718
-150.0,1,114.170722
-493.911735,2,114.182811
-150.0,1,114.190235
-150.0,1,114.199534
-203.543706,2,114.209586
-1929.884181,2,114.222148
-150.0,1,114.234527
-150.0,1,114.238679
-150.0,1,114.243634
-263.346279,2,114.255414
-150.0,1,114.263371
-150.0,1,114.268184
-407.208293,2,114.282409
-150.0,1,114.289816
-150.0,1,114.298969
-363.516579,2,114.314981
-150.0,1,114.321635
-150.0,1,114.328025
-150.0,1,114.337102
-1209.507706,3,114.352325
-150.0,1,114.360088
-150.0,1,114.365144
-196.646559,2,114.379941
-200.746217,2,114.394156
-150.0,1,114.398228
-345.163104,2,114.410318
-150.0,1,114.416448
-150.0,1,114.420767
-150.0,1,114.426881
-150.0,1,114.434285
-150.0,1,114.441427
-150.0,1,114.445383
-150.0,1,114.451813
-150.0,1,114.457913
-914.387941,2,114.469787
-150.0,1,114.474731
-4643.621518,14,114.550664
-21024.59468,12,114.615502
-150.0,1,114.624033
-150.0,1,114.629627
-150.0,1,114.635656
-214.599239,2,114.647205
-150.0,1,114.654835
-7463493.776199,2,114.66776
-150.0,1,114.671975
-150.0,1,114.677911
-150.0,1,114.687479
-150.0,1,114.698211
-366.201092,2,114.70732
-150.0,1,114.7145
-206.37088,2,114.726134
-328.137283,2,114.736709
-150.0,1,114.743076
-150.0,1,114.751805
-150.0,1,114.762729
-150.0,1,114.769203
-150.0,1,114.776198
-1060.180029,2,114.786437
-150.0,1,114.795145
-3008.02539,6,114.827302
-150.0,1,114.832609
-150.0,1,114.840881
-276.222989,2,114.852846
-150.0,1,114.857202
-150.0,1,114.863307
-150.0,1,114.87088
-150.0,1,114.878034
-150.0,1,114.887526
-150.0,1,114.894391
-150.0,1,114.898926
-247.747462,2,114.91227
-322.620144,4,114.932523
-366.381159,4,114.954212
-150.0,1,114.96135
-150.0,1,114.968178
-150.0,1,114.972417
-253.562778,3,114.988697
-150.0,1,114.995596
-226.782715,2,115.010148
-150.0,1,115.017588
-150.0,1,115.024093
-298.160956,2,115.035637
-150.0,1,115.042965
-150.0,1,115.047153
-361.406217,2,115.058538
-150.0,1,115.06356
-150.0,1,115.070257
-150.0,1,115.075445
-150.0,1,115.08402
-150.0,1,115.088205
-455.301143,2,115.099773
-150.0,1,115.109747
-290.569269,2,115.120669
-189.200919,4,115.142183
-150.0,1,115.151224
-150.0,1,115.16201
-150.0,1,115.169819
-150.0,1,115.175839
-150.0,1,115.183933
-150.0,1,115.190772
-150.0,1,115.198695
-150.0,1,115.20484
-150.0,1,115.213944
-216.514717,4,115.23419
-150.0,1,115.241794
-2084.756905,6,115.271366
-150.0,1,115.279325
-150.0,1,115.287986
-270.841594,3,115.302435
-500.999258,2,115.31713
-150.0,1,115.323669
-150.0,1,115.327761
-150.0,1,115.33341
-150.0,1,115.340064
-150.0,1,115.347331
-150.0,1,115.351869
-1281.630475,7,115.388279
-955.115464,2,115.400247
-150.0,1,115.406368
-150.0,1,115.413612
-186.458386,2,115.427486
-150.0,1,115.432237
-150.0,1,115.441663
-421.676712,3,115.458397
-187.14749,2,115.468227
-1966.461818,2,115.482155
-191.450409,2,115.493137
-150.0,1,115.49878
-150.0,1,115.503904
-150.0,1,115.508585
-150.0,1,115.515178
-150.0,1,115.522694
-150.0,1,115.526608
-150.0,1,115.534884
-745.368452,2,115.548507
-150.0,1,115.554794
-150.0,1,115.56001
-325.957157,2,115.570682
-150.0,1,115.58208
-150.0,1,115.587544
-150.0,1,115.594225
-150.0,1,115.604316
-1194.139591,3,115.622677
-150.0,1,115.628621
-150.0,1,115.632374
-150.0,1,115.637231
-150.0,1,115.644598
-317.801677,6,115.675975
-150.0,1,115.682712
-150.0,1,115.688696
-150.0,1,115.696389
-150.0,1,115.700538
-170.022569,2,115.712612
-150.0,1,115.718417
-150.0,1,115.726326
-150.0,1,115.732389
-150.0,1,115.736176
-150.0,1,115.741739
-150.0,1,115.750869
-150.0,1,115.756561
-150.0,1,115.761083
-150.0,1,115.767709
-150.0,1,115.777807
-150.0,1,115.783376
-150.0,1,115.789819
-2451.477179,3,115.807313
-150.0,1,115.817197
-150.0,1,115.823609
-150.0,1,115.830729
-150.0,1,115.840567
-150.0,1,115.848148
-150.0,1,115.854275
-150.0,1,115.860501
-150.0,1,115.868486
-150.0,1,115.875529
-150.0,1,115.8829
-306.243043,3,115.898952
-150.0,1,115.907376
-210.829124,2,115.92148
-6664682.48263,2,115.935801
-150.0,1,115.940775
-150.0,1,115.947332
-150.0,1,115.954787
-915.181707,3,115.973144
-150.0,1,115.980947
-150.0,1,115.98744
-150.0,1,115.994491
-150.0,1,115.999883
-150.0,1,116.004987
-150.0,1,116.012341
-150.0,1,116.019044
-202.802067,2,116.030562
-150.0,1,116.041314
-3057757.300874,3,116.055683
-150.0,1,116.067907
-150.0,1,116.072825
-150.0,1,116.077981
-150.0,1,116.086504
-150.0,1,116.095031
-150.0,1,116.099319
-150.0,1,116.10447
-150.0,1,116.109546
-150.0,1,116.119825
-294.238645,2,116.13343
-150.0,1,116.13744
-150.0,1,116.147835
-150.0,1,116.155302
-150.0,1,116.159647
-4254.617168,60,116.475585
-150.0,1,116.480132
-150.0,1,116.487988
-150.0,1,116.494555
-3704.750879,4,116.516722
-150.0,1,116.52251
-150.0,1,116.531877
-680.877085,47,116.777035
-150.0,1,116.783237
-298.846224,2,116.794261
-355.196149,6,116.826505
-150.0,1,116.834774
-150.0,1,116.844363
-150.0,1,116.849431
-226.57808,2,116.863709
-1864.510061,4,116.88568
-150.0,1,116.89084
-150.0,1,116.895316
-2288.534988,4,116.928267
-150.0,1,116.936014
-150.0,1,116.941848
-192.91946,4,116.964288
-150.0,1,116.973221
-150.0,1,116.977232
-290.943835,4,116.998323
-531.739668,6,117.032897
-886.613968,2,117.046482
-150.0,1,117.051145
-150.0,1,117.057375
-150.0,1,117.062836
-150.0,1,117.070884
-724.703742,3,117.086575
-150.0,1,117.09075
-150.0,1,117.095106
-150.0,1,117.104409
-580.21468,3,117.122303
-150.0,1,117.13176
-150.0,1,117.137974
-150.0,1,117.146015
-150.0,1,117.151909
-150.0,1,117.158238
-150.0,1,117.164768
-150.0,1,117.174213
-150.0,1,117.179034
-150.0,1,117.191165
-1412.684016,2,117.200782
-150.0,1,117.207467
-150.0,1,117.217275
-150.0,1,117.222114
-150.0,1,117.226688
-150.0,1,117.234678
-150.0,1,117.241834
-487.526197,4,117.263248
-150.0,1,117.268585
-150.0,1,117.276728
-150.0,1,117.280576
-1228.775807,7,117.31655
-150.0,1,117.322097
-150.0,1,117.330432
-255.746123,2,117.340176
-150.0,1,117.345685
-150.0,1,117.35432
-150.0,1,117.360168
-668.48132,2,117.369297
-150.0,1,117.380259
-150.0,1,117.384486
-150.0,1,117.391721
-150.0,1,117.399884
-150.0,1,117.407488
-150.0,1,117.411579
-150.0,1,117.419274
-304.327038,3,117.438013
-150.0,1,117.446383
-150.0,1,117.450834
-150.0,1,117.458685
-150.0,1,117.464632
-150.0,1,117.469539
-150.0,1,117.474961
-483.393839,2,117.494405
-150.0,1,117.499483
-150.0,1,117.505355
-150.0,1,117.513428
-630.334266,5,117.544294
-150.0,1,117.550587
-150.0,1,117.555095
-150.0,1,117.561982
-192.908529,2,117.576419
-150.0,1,117.582891
-150.0,1,117.594467
-150.0,1,117.601396
-150.0,1,117.609449
-150.0,1,117.614994
-150.0,1,117.621438
-320.498234,3,117.640042
-1044.234158,2,117.653625
-150.0,1,117.659163
-150.0,1,117.667705
-150.0,1,117.675772
-150.0,1,117.686703
-458.749443,2,117.6987
-150.0,1,117.705328
-150.0,1,117.711118
-150.0,1,117.720472
-150.0,1,117.724464
-150.0,1,117.730043
-150.0,1,117.734234
-150.0,1,117.742142
-150.0,1,117.746847
-150.0,1,117.754016
-370.088665,2,117.765151
-150.122576,2,117.779469
-205.38866,2,117.789989
-150.0,1,117.799037
-150.0,1,117.805794
-150.0,1,117.811591
-219.67586,6,117.842497
-150.0,1,117.848399
-150.0,1,117.854011
-150.0,1,117.860445
-150.0,1,117.865837
-150.0,1,117.872129
-150.0,1,117.881209
-150.0,1,117.887577
-150.0,1,117.893651
-150.0,1,117.901263
-150.0,1,117.906365
-150.0,1,117.91541
-150.0,1,117.922334
-150.0,1,117.932379
-150.0,1,117.937198
-150.0,1,117.943591
-150.0,1,117.949347
-150.0,1,117.955709
-150.0,1,117.960702
-899.730411,5,117.987956
-150.0,1,117.995559
-150.0,1,118.008077
-150.0,1,118.012722
-451.460547,7,118.053603
-150.0,1,118.061139
-904.619109,2,118.07462
-150.0,1,118.081805
-306.893113,2,118.094298
-1834.086681,21,118.204168
-709.045182,9,118.256613
-150.0,1,118.264418
-150.0,1,118.273968
-150.0,1,118.282715
-150.0,1,118.28951
-150.0,1,118.298451
-150.0,1,118.305996
-150.0,1,118.312771
-150.0,1,118.321922
-150.0,1,118.32678
-518.03156,2,118.341413
-150.0,1,118.350301
-150.0,1,118.355471
-150.0,1,118.360168
-826.154255,2,118.377609
-150.0,1,118.383296
-150.0,1,118.390971
-150.0,1,118.395832
-150.0,1,118.408479
-150.0,1,118.417695
-150.0,1,118.426607
-150.0,1,118.438793
-150.0,1,118.452245
-150.0,1,118.45658
-150.0,1,118.47134
-150.0,1,118.486885
-150.0,1,118.502551
-150.0,1,118.510468
-150.0,1,118.515449
-150.0,1,118.526343
-150.0,1,118.53765
-150.0,1,118.543127
-150.0,1,118.551499
-150.0,1,118.560025
-150.0,1,118.569409
-150.0,1,118.574847
-150.0,1,118.580152
-150.0,1,118.588821
-150.0,1,118.60126
-150.0,1,118.611931
-150.0,1,118.621376
-150.0,1,118.625597
-150.0,1,118.636585
-205.38866,2,118.647656
-150.0,1,118.656949
-150.0,1,118.666163
-150.0,1,118.672647
-540.352192,3,118.694966
-150.0,1,118.701462
-150.0,1,118.706006
-150.0,1,118.713377
-150.0,1,118.720594
-150.0,1,118.728099
-150.0,1,118.735578
-150.0,1,118.742707
-150.0,1,118.75259
-150.0,1,118.762222
-150.0,1,118.76772
-150.0,1,118.77895
-150.0,1,118.786297
-150.0,1,118.793467
-150.0,1,118.799788
-150.0,1,118.805581
-150.0,1,118.813485
-150.0,1,118.819066
-150.0,1,118.823714
-150.0,1,118.831035
-150.0,1,118.839808
-150.0,1,118.846543
-150.0,1,118.852927
-150.0,1,118.86132
-150.0,1,118.867631
-150.0,1,118.871992
-150.0,1,118.877745
-150.0,1,118.885171
-150.0,1,118.892447
-150.0,1,118.898456
-150.0,1,118.902974
-150.0,1,118.915029
-150.0,1,118.924754
-150.0,1,118.931632
-150.0,1,118.936322
-150.0,1,118.947956
-150.0,1,118.955936
-150.0,1,118.960553
-150.0,1,118.96446
-150.0,1,118.971005
-150.0,1,118.978353
-150.0,1,118.983459
-150.0,1,118.988252
-150.0,1,118.994842
-1555750.830948,4,119.015413
-150.0,1,119.02113
-192.890445,2,119.032334
-150.0,1,119.042592
-150.0,1,119.051454
-304.164058,3,119.067616
-150.0,1,119.074317
-924.422837,2,119.086402
-150.0,1,119.093647
-150.0,1,119.105254
-150.0,1,119.109876
-150.0,1,119.117706
-150.0,1,119.122481
-883.343265,14,119.199804
-150.0,1,119.205851
-370.83777,3,119.225296
-150.0,1,119.233453
-150.0,1,119.23951
-150.0,1,119.245345
-150.0,1,119.255438
-150.0,1,119.261304
-150.0,1,119.265645
-548.179308,3,119.281054
-150.0,1,119.287922
-150.0,1,119.296118
-150.0,1,119.302313
-525.919137,2,119.314501
-150.0,1,119.322269
-150.0,1,119.331136
-150.0,1,119.337159
-150.0,1,119.343869
-150.0,1,119.355681
-150.0,1,119.361309
-150.0,1,119.366476
-150.0,1,119.371335
-150.0,1,119.378581
-150.0,1,119.38362
-150.0,1,119.388309
-150.0,1,119.395145
-150.0,1,119.403819
-150.0,1,119.410039
-150.0,1,119.415539
-150.0,1,119.421299
-150.0,1,119.430381
-150.0,1,119.435361
-150.0,1,119.439838
-150.0,1,119.444468
-341.981183,2,119.458402
-150.0,1,119.463562
-150.0,1,119.467463
-150.0,1,119.474914
-150.0,1,119.483693
-150.0,1,119.489794
-150.0,1,119.495492
-150.0,1,119.502899
-9440904.465299,2,119.518628
-150.0,1,119.52552
-150.0,1,119.531812
-150.0,1,119.538806
-150.0,1,119.546133
-150.0,1,119.550937
-150.0,1,119.560804
-150.0,1,119.566477
-150.0,1,119.573351
-150.0,1,119.578371
-150.0,1,119.585687
-150.0,1,119.590445
-308.215098,2,119.601161
-150.0,1,119.607973
-1033.537037,41,119.82137
-168.944263,2,119.835775
-150.0,1,119.846245
-150.0,1,119.854927
-150.0,1,119.860325
-150.0,1,119.867198
-150.0,1,119.877563
-150.0,1,119.88383
-150.0,1,119.888282
-150.0,1,119.89349
-473.367102,2,119.907452
-150.0,1,119.91701
-150.0,1,119.921284
-150.0,1,119.928542
-150.0,1,119.937578
-150.0,1,119.945218
-1217.413924,2,119.955142
-150.0,1,119.96051
-150.0,1,119.9687
-150.0,1,119.973869
-150.0,1,119.983537
-152.838688,2,119.992075
-150.0,1,120.001041
-150.0,1,120.006556
-464.677639,2,120.020025
-813.27187,11,120.082918
-150.0,1,120.09078
-150.0,1,120.096642
-754.378584,2,120.108926
-150.0,1,120.114495
-150.0,1,120.121024
-150.0,1,120.13291
-150.0,1,120.139125
-388.053345,2,120.148845
-150.0,1,120.157672
-453.971631,2,120.167588
-6678.776981,100,120.695554
-150.0,1,120.7005
-341.656569,2,120.715295
-778.108441,5,120.745613
-322.107373,5,120.774843
-150.0,1,120.781269
-150.0,1,120.788388
-150.0,1,120.792792
-150.0,1,120.802978
-150.0,1,120.808743
-401.593587,3,120.826345
-150.0,1,120.837558
-150.0,1,120.842427
-150.0,1,120.847891
-150.0,1,120.858576
-150.0,1,120.867435
-150.0,1,120.872724
-150.0,1,120.877291
-150.0,1,120.884232
-150.0,1,120.891187
-150.0,1,120.896366
-150.0,1,120.90642
-150.0,1,120.913045
-150.0,1,120.920963
-150.0,1,120.926582
-150.0,1,120.934107
-150.0,1,120.942027
-330.56553,2,120.953959
-562.335831,2,120.962898
-150.0,1,120.969279
-566.782008,6,121.002519
-150.0,1,121.007749
-150.0,1,121.016957
-150.0,1,121.022274
-150.0,1,121.030919
-150.0,1,121.036376
-150.0,1,121.043023
-1564.154685,7,121.081668
-1154.924192,8,121.130889
-150.0,1,121.140187
-150.0,1,121.144608
-150.0,1,121.151217
-150.0,1,121.158834
-150.0,1,121.166302
-150.0,1,121.171423
-150.0,1,121.176229
-150.0,1,121.184005
-150.0,1,121.191945
-150.0,1,121.196381
-150.0,1,121.205404
-150.0,1,121.214735
-282.115323,2,121.226132
-4584.334102,52,121.49896
-150.0,1,121.504878
-150.0,1,121.516165
-150.0,1,121.52426
-150.0,1,121.532416
-277.146044,2,121.544689
-1212.266046,7,121.585574
-150.0,1,121.593515
-3866.556717,39,121.80053
-150.0,1,121.805346
-150.0,1,121.817364
-150.0,1,121.824538
-150.0,1,121.830586
-150.0,1,121.83537
-150.0,1,121.845225
-150.0,1,121.85295
-150.0,1,121.861989
-150.0,1,121.868275
-150.0,1,121.877776
-150.0,1,121.884162
-150.0,1,121.89254
-150.0,1,121.897744
-150.0,1,121.907955
-150.0,1,121.914262
-150.0,1,121.920105
-150.0,1,121.924818
-487.880394,2,121.943485
-150.0,1,121.950007
-150.0,1,121.95497
-150.0,1,121.96221
-150.0,1,121.971014
-150.0,1,121.980443
-150.0,1,121.986605
-150.0,1,121.993048
-3281.826802,20,122.101838
-843.124778,3,122.118062
-150.0,1,122.128886
-5801.478339,66,122.499469
-150.0,1,122.510931
-150.0,1,122.520749
-150.0,1,122.524858
-150.0,1,122.528817
-150.0,1,122.535278
-150.0,1,122.541728
-490.269713,5,122.568441
-150.0,1,122.577846
-150.0,1,122.587565
-150.0,1,122.596155
-150.0,1,122.600851
-150.0,1,122.60586
-150.0,1,122.616782
-150.0,1,122.626707
-150.0,1,122.63233
-150.0,1,122.640029
-150.0,1,122.649431
-206.540772,3,122.665209
-317.501853,3,122.682022
-1186.064655,3,122.699833
-150.0,1,122.709598
-150.0,1,122.714548
-150.0,1,122.720247
-150.0,1,122.731196
-150.0,1,122.740177
-150.0,1,122.745817
-638.178857,8,122.790682
-150.0,1,122.797132
-150.0,1,122.807632
-150.0,1,122.812018
-150.0,1,122.816653
-455.825091,3,122.83385
-150.0,1,122.842422
-743.808334,9,122.891198
-150.0,1,122.898856
-150.0,1,122.906229
-150.0,1,122.915168
-150.0,1,122.91972
-150.0,1,122.926219
-150.0,1,122.930214
-150.0,1,122.936925
-515.841244,5,122.965253
-150.0,1,122.97124
-150.0,1,122.976538
-553.375351,2,122.991722
-150.0,1,122.999117
-170.022569,2,123.009233
-150.0,1,123.015036
-150.0,1,123.022994
-150.0,1,123.030706
-150.0,1,123.036129
-150.0,1,123.040996
-150.0,1,123.051367
-1220.601683,3,123.066484
-150.0,1,123.072568
-150.0,1,123.076654
-150.0,1,123.084548
-235.286676,3,123.101246
-150.0,1,123.110447
-150.0,1,123.11669
-150.0,1,123.126722
-366.381159,4,123.148626
-150.0,1,123.15527
-150.0,1,123.159914
-150.0,1,123.168741
-12357.528162,38,123.368598
-150.0,1,123.375847
-155.972591,2,123.387041
-214.687573,2,123.399643
-484.644973,3,123.419877
-603.055752,2,123.429857
-150.0,1,123.435831
-150.0,1,123.444148
-150.0,1,123.44904
-150.0,1,123.45545
-150.0,1,123.463403
-150.0,1,123.472246
-150.0,1,123.479854
-211.434577,3,123.495575
-150.0,1,123.500315
-150.0,1,123.508404
-150.0,1,123.516009
-150.0,1,123.519963
-150.0,1,123.5245
-317.651636,2,123.539889
-150.0,1,123.544823
-150.0,1,123.553297
-150.0,1,123.559479
-150.0,1,123.569878
-150.0,1,123.577413
-150.0,1,123.583764
-150.0,1,123.588963
-150.0,1,123.597843
-150.0,1,123.604596
-150.0,1,123.610334
-150.0,1,123.619154
-150.0,1,123.630372
-150.0,1,123.6349
-150.0,1,123.643466
-150.0,1,123.65013
-187.14749,2,123.666185
-306.243043,3,123.683545
-150.0,1,123.687969
-150.0,1,123.692623
-150.0,1,123.700083
-150.0,1,123.709182
-150.0,1,123.716431
-150.0,1,123.722077
-150.0,1,123.7323
-150.0,1,123.739298
-150.0,1,123.744651
-150.0,1,123.751852
-150.0,1,123.758741
-150.0,1,123.769975
-150.0,1,123.777172
-150.0,1,123.782779
-150.0,1,123.791016
-150.0,1,123.800109
-150.0,1,123.808948
-150.0,1,123.816131
-150.0,1,123.824595
-150.0,1,123.833084
-150.0,1,123.837898
-150.0,1,123.843796
-150.0,1,123.851916
-150.0,1,123.859973
-150.0,1,123.869393
-150.0,1,123.876804
-311.392307,2,123.895419
-1205.300225,11,123.955933
-181.194027,2,123.967933
-940.736274,12,124.034587
-354.284844,4,124.061071
-150.0,1,124.067449
-150.0,1,124.073717
-150.0,1,124.080027
-475.734363,2,124.096355
-150.0,1,124.101785
-150.0,1,124.110171
-150.0,1,124.114681
-150.0,1,124.126225
-150.0,1,124.130822
-150.0,1,124.138235
-150.0,1,124.142764
-150.0,1,124.149255
-5569.053104,44,124.379508
-218.614114,4,124.403802
-150.0,1,124.40886
-285.75254,2,124.424434
-1422.369887,8,124.466017
-150.0,1,124.471419
-150.0,1,124.477284
-150.0,1,124.488096
-150.0,1,124.492822
-150.0,1,124.499917
-1010.890797,4,124.52341
-150.0,1,124.530229
-150.0,1,124.539586
-150.0,1,124.544556
-150.0,1,124.55073
-309.95337,2,124.564943
-150.0,1,124.569178
-150.0,1,124.573948
-6180018.072072,16,124.658572
-150.0,1,124.670087
-150.0,1,124.676111
-472.873252,2,124.687286
-150.0,1,124.692136
-150.0,1,124.700108
-203.077145,2,124.716012
-850.727382,2,124.731696
-150.0,1,124.737731
-150.0,1,124.745858
-207.091369,2,124.756945
-150.0,1,124.762508
-150.0,1,124.76821
-150.0,1,124.776683
-150.0,1,124.784321
-150.0,1,124.788932
-150.0,1,124.796783
-746.219622,3,124.815229
-977.672139,6,124.848448
-1395.130341,23,124.973325
-150.0,1,124.98192
-1549.113719,6,125.018854
-547.336509,5,125.046118
-150.0,1,125.051875
-617.66015,6,125.086921
-788.312965,3,125.107942
-150.0,1,125.112998
-150.0,1,125.12081
-150.0,1,125.128099
-150.0,1,125.140223
-150.0,1,125.147254
-150.0,1,125.153828
-150.0,1,125.163913
-150.0,1,125.173494
-150.0,1,125.180632
-150.0,1,125.189306
-150.0,1,125.195198
-150.0,1,125.203483
-150.0,1,125.20773
-150.0,1,125.215354
-150.0,1,125.224087
-150.0,1,125.233633
-150.0,1,125.240829
-626.341841,3,125.255956
-150.0,1,125.260891
-150.0,1,125.269466
-150.0,1,125.27675
-150.0,1,125.283078
-150.0,1,125.291003
-150.0,1,125.298383
-525.919137,2,125.309613
-150.0,1,125.314707
-1370.73133,8,125.357868
-150.0,1,125.366761
-150.0,1,125.373681
-3193.714263,37,125.570912
-150.0,1,125.575709
-150.0,1,125.584738
-150.0,1,125.589088
-150.0,1,125.597385
-150.0,1,125.60377
-150.0,1,125.610269
-150.0,1,125.615351
-150.0,1,125.621045
-150.0,1,125.625983
-150.0,1,125.638053
-150.0,1,125.644223
-254.08856,2,125.659393
-150.0,1,125.664067
-150.0,1,125.67009
-150.0,1,125.679342
-150.0,1,125.685655
-150.0,1,125.689885
-150.0,1,125.698161
-1706.352629,2,125.708776
-150.0,1,125.713512
-150.0,1,125.720747
-150.0,1,125.72945
-150.0,1,125.735614
-150.0,1,125.741874
-150.0,1,125.748556
-255.746123,2,125.762413
-150.0,1,125.767811
-150.0,1,125.773969
-150.0,1,125.783976
-851.573828,11,125.84391
-150.0,1,125.849792
-341.904448,3,125.864377
-150.0,1,125.872386
-150.0,1,125.88014
-150.0,1,125.889372
-150.0,1,125.895943
-1929.729499,22,126.012854
-150.0,1,126.021866
-150.0,1,126.02844
-150.0,1,126.034919
-150.0,1,126.039891
-1353.678958,7,126.080697
-150.0,1,126.08536
-1172.844993,11,126.143802
-150.0,1,126.151929
-150.0,1,126.160289
-150.0,1,126.165697
-150.0,1,126.173373
-150.0,1,126.180974
-150.0,1,126.189312
-150.0,1,126.195286
-150.0,1,126.201423
-150.0,1,126.207152
-150.0,1,126.214141
-150.0,1,126.221842
-150.0,1,126.22814
-150.0,1,126.234529
-150.0,1,126.242635
-150.0,1,126.249605
-150.0,1,126.258034
-249.151674,2,126.26948
-150.0,1,126.276957
-150.0,1,126.283458
-150.0,1,126.292043
-856.571797,6,126.322701
-373.476761,5,126.35402
-150.0,1,126.360343
-1085.945165,2,126.369761
-150.0,1,126.376686
-150.0,1,126.384251
-150.0,1,126.388825
-1977.122952,5,126.414659
-150.0,1,126.420244
-193.634679,2,126.431645
-150.0,1,126.436733
-273.569944,2,126.451322
-150.0,1,126.455048
-150.0,1,126.463343
-357.790098,2,126.473826
-150.0,1,126.479661
-150.0,1,126.483855
-150.0,1,126.491528
-150.0,1,126.498901
-150.0,1,126.503154
-770.920054,5,126.527595
-150.0,1,126.535848
-150.0,1,126.541746
-150.0,1,126.548698
-150.0,1,126.555236
-150.0,1,126.564589
-467.680624,6,126.594859
-660.719398,3,126.615826
-150.0,1,126.622077
-150.0,1,126.631813
-236.890685,2,126.643225
-480.57676,5,126.675719
-150.0,1,126.680571
-2871.672876,6,126.716977
-150.0,1,126.721128
-150.0,1,126.729298
-150.0,1,126.736418
-150.0,1,126.744628
-150.0,1,126.749967
-2007.822612,28,126.913785
-150.0,1,126.918858
-150.0,1,126.927962
-150.0,1,126.933141
-214.809106,2,126.943467
-150.0,1,126.950516
-501.258615,2,126.963513
-262.408315,2,126.977823
-150.0,1,126.983088
-150.0,1,126.988674
-150.0,1,127.000099
-3497.377955,5,127.032642
-150.0,1,127.037731
-150.0,1,127.042494
-201.475201,2,127.056934
-150.0,1,127.061763
-16901.403457,13,127.129963
-150.0,1,127.134515
-150.0,1,127.142815
-187.443496,2,127.152749
-150.0,1,127.159744
-10644337.199951,2,127.172029
-150.0,1,127.179049
-150.0,1,127.18487
-150.0,1,127.192447
-150.0,1,127.197937
-150.0,1,127.205078
-150.0,1,127.212929
-150.0,1,127.218418
-150.0,1,127.223515
-150.0,1,127.230908
-537.275168,4,127.254952
-150.0,1,127.26099
-150.0,1,127.268925
-150.0,1,127.276902
-150.0,1,127.283475
-150.0,1,127.289338
-150.0,1,127.298309
-150.0,1,127.307984
-150.0,1,127.313462
-150.0,1,127.317795
-150.0,1,127.323322
-150.0,1,127.329927
-1038.930895,2,127.341661
-150.0,1,127.350454
-150.0,1,127.354932
-2758.342639,13,127.427233
-150.0,1,127.433295
-150.0,1,127.440045
-708.116389,3,127.455224
-150.0,1,127.466695
-606.191486,3,127.4833
-150.0,1,127.490839
-150.0,1,127.495646
-150.0,1,127.502127
-150.0,1,127.508992
-537.978665,2,127.523114
-155.669145,2,127.532944
-150.0,1,127.54025
-150.0,1,127.545048
-150.0,1,127.549446
-150.0,1,127.553601
-150.0,1,127.56246
-150.0,1,127.567954
-150.0,1,127.57309
-150.0,1,127.580123
-150.0,1,127.592767
-150.0,1,127.598181
-336.576638,2,127.608886
-150.0,1,127.616149
-150.0,1,127.622492
-150.0,1,127.6277
-150.0,1,127.633906
-150.0,1,127.643314
-150.0,1,127.653009
-150.0,1,127.657876
-178.927045,2,127.669734
-150.0,1,127.674254
-682.873921,2,127.687741
-150.0,1,127.698702
-150.0,1,127.706099
-150.0,1,127.710861
-150.0,1,127.719924
-150.0,1,127.72597
-150.0,1,127.73179
-150.0,1,127.735947
-150.0,1,127.741769
-150.0,1,127.749171
-544.379177,3,127.76561
-150.0,1,127.771345
-150.0,1,127.777735
-366.201092,2,127.78792
-150.0,1,127.796685
-150.0,1,127.805228
-338.309766,2,127.818666
-150.0,1,127.827895
-150.0,1,127.834899
-150.0,1,127.839325
-150.0,1,127.845513
-150.0,1,127.851489
-150.0,1,127.85708
-150.0,1,127.86397
-150.0,1,127.874248
-150.0,1,127.885271
-198.842824,2,127.897987
-150.0,1,127.902886
-150.0,1,127.912474
-150.0,1,127.917521
-150.0,1,127.921553
-150.0,1,127.926245
-150.0,1,127.939701
-150.0,1,127.947219
-150.0,1,127.951042
-150.0,1,127.957791
-150.0,1,127.967599
-150.0,1,127.971843
-150.0,1,127.980093
-150.0,1,127.984738
-150.0,1,127.993169
-150.0,1,127.997827
-285.860849,2,128.008017
-150.0,1,128.015063
-150.0,1,128.021645
-150.0,1,128.027982
-150.0,1,128.033042
-351.231684,2,128.04677
-150.0,1,128.056867
-150.0,1,128.063054
-150.0,1,128.072399
-150.0,1,128.076973
-150.0,1,128.084048
-160.766806,2,128.095822
-150.0,1,128.101886
-150.0,1,128.108216
-150.0,1,128.115696
-724.703742,3,128.130927
-150.0,1,128.134859
-150.0,1,128.143205
-150.0,1,128.149131
-1550.487134,2,128.159163
-150.0,1,128.169683
-150.0,1,128.177917
-150.0,1,128.187909
-150.0,1,128.192027
-150.0,1,128.200924
-150.0,1,128.208505
-150.0,1,128.217476
-150.0,1,128.225167
-150.0,1,128.232351
-14661727.448565,2,128.241206
-150.0,1,128.252186
-150.0,1,128.258885
-150.0,1,128.26703
-150.0,1,128.271303
-380.99336,2,128.288132
-150.0,1,128.292883
-150.0,1,128.297884
-1213.136915,3,128.315138
-150.0,1,128.322846
-385.280186,2,128.334425
-150.0,1,128.339558
-150.0,1,128.346903
-150.0,1,128.355851
-151.625833,2,128.367486
-150.0,1,128.371463
-150.0,1,128.375672
-150.0,1,128.385629
-150.0,1,128.390532
-150.0,1,128.395205
-150.0,1,128.400489
-150.0,1,128.409791
-150.0,1,128.415449
-150.0,1,128.421425
-150.0,1,128.426823
-150.0,1,128.437024
-150.0,1,128.442165
-150.0,1,128.447626
-150.0,1,128.454416
-150.0,1,128.464815
-150.0,1,128.469387
-150.0,1,128.473629
-298.489884,2,128.484014
-985.608757,11,128.547918
-150.0,1,128.555312
-150.0,1,128.560461
-150.0,1,128.56611
-1389.735517,6,128.599228
-460.241568,6,128.633863
-150.0,1,128.640486
-207.982558,2,128.653748
-150.0,1,128.660824
-150.0,1,128.665545
-211.596003,2,128.675979
-150.0,1,128.680774
-150.0,1,128.688925
-150.0,1,128.694911
-150.0,1,128.699467
-150.0,1,128.708263
-980.079909,2,128.724172
-150.0,1,128.731806
-150.0,1,128.739206
-805.801392,4,128.763137
-150.0,1,128.770351
-150.0,1,128.778019
-150.0,1,128.78378
-150.0,1,128.788754
-150.0,1,128.799017
-303.886276,2,128.809782
-150.0,1,128.814784
-150.0,1,128.819003
-150.0,1,128.830006
-1736.822772,11,128.886408
-1921.187257,9,128.936915
-150.0,1,128.942874
-244.051484,3,128.961637
-150.0,1,128.967212
-516.393002,2,128.976012
-150.0,1,128.984511
-150.0,1,128.993988
-225.086557,2,129.003559
-174.884514,2,129.015965
-150.0,1,129.021636
-150.0,1,129.029896
-150.0,1,129.037624
-150.0,1,129.047093
-163.987197,2,129.05634
-150.0,1,129.066836
-150.0,1,129.071069
-150.0,1,129.077137
-150.0,1,129.082155
-150.0,1,129.090531
-150.0,1,129.096028
-150.0,1,129.101587
-207.483309,2,129.113311
-946.180701,4,129.140042
-3892.981537,55,129.423247
-150.0,1,129.428838
-150.0,1,129.434508
-150.0,1,129.441893
-150.0,1,129.447487
-150.0,1,129.454908
-150.0,1,129.459324
-150.0,1,129.46585
-150.0,1,129.471536
-150.0,1,129.479089
-745.368452,2,129.489998
-150.0,1,129.497051
-150.0,1,129.50722
-150.0,1,129.513587
-267.895142,2,129.524065
-924.422837,2,129.539181
-150.0,1,129.54569
-150.0,1,129.550666
-150.0,1,129.558871
-150.0,1,129.565199
-150.0,1,129.570885
-354.928943,4,129.593206
-150.0,1,129.600705
-150.0,1,129.608937
-150.0,1,129.61397
-150.0,1,129.620932
-150.0,1,129.626133
-150.0,1,129.635574
-150.0,1,129.641459
-150.0,1,129.647117
-150.0,1,129.652331
-150.0,1,129.660246
-490.72154,2,129.674673
-150.0,1,129.680303
-150.0,1,129.687144
-150.0,1,129.694699
-150.0,1,129.700836
-150.0,1,129.70605
-189.727207,2,129.717784
-150.0,1,129.725321
-5465.722097,47,129.972894
-150.0,1,129.980517
-150.0,1,129.986251
-238.922266,2,129.998807
-150.0,1,130.003337
-150.0,1,130.009638
-150.0,1,130.017393
-150.0,1,130.025031
-150.0,1,130.028949
-150.0,1,130.034178
-150.0,1,130.042189
-150.0,1,130.049434
-1775.196701,11,130.110807
-150.0,1,130.116418
-150.0,1,130.123047
-150.0,1,130.132601
-150.0,1,130.138938
-4145609.741839,8,130.184649
-150.0,1,130.189687
-150.0,1,130.197449
-150.0,1,130.201612
-154.949062,2,130.215053
-150.0,1,130.221043
-1100.226732,7,130.263834
-150.0,1,130.270804
-4654.521436,53,130.555867
-150.0,1,130.563221
-150.0,1,130.569862
-315.846563,2,130.586542
-150.0,1,130.597092
-150.0,1,130.60378
-150.0,1,130.609772
-2074.476151,3,130.625828
-150.0,1,130.632038
-150.0,1,130.636713
-150.0,1,130.644754
-150.0,1,130.650149
-150.0,1,130.653963
-150.0,1,130.657678
-150.0,1,130.665351
-150.0,1,130.671631
-150.0,1,130.676629
-150.0,1,130.68399
-255.180657,2,130.700025
-153.863333,7,130.739242
-150.0,1,130.746346
-150.0,1,130.752002
-155.557731,2,130.765497
-150.0,1,130.769751
-282.59832,2,130.778939
-150.0,1,130.787754
-150.0,1,130.795344
-150.0,1,130.799274
-496.759199,4,130.818917
-150.0,1,130.826608
-150.0,1,130.835152
-222.142625,2,130.847765
-150.0,1,130.851977
-3073.543491,3,130.869014
-150.0,1,130.87603
-150.0,1,130.883063
-150.0,1,130.890103
-150.0,1,130.898083
-31312.350222,100,131.431516
-150.0,1,131.435503
-150.0,1,131.442173
-318.991956,5,131.467353
-688.168516,3,131.486088
-150.0,1,131.490592
-421.676712,3,131.507973
-2074.051322,5,131.534452
-150.0,1,131.542692
-150.0,1,131.547996
-395.724107,3,131.5656
-150.0,1,131.569977
-562.215835,6,131.606665
-150.0,1,131.612303
-924.44729,3,131.630645
-150.0,1,131.635098
-150.0,1,131.641623
-150.0,1,131.649076
-150.0,1,131.655633
-1059.371898,4,131.675766
-2443.285716,3,131.693871
-204.403661,2,131.705967
-956.988437,11,131.765526
-150.0,1,131.769881
-150.0,1,131.777268
-1044.234158,2,131.787299
-150.0,1,131.791544
-150.0,1,131.798017
-172.808226,2,131.813882
-150.0,1,131.818549
-150.0,1,131.824194
-150.0,1,131.834294
-2132.675774,4,131.858299
-161.360602,2,131.868757
-150.0,1,131.873252
-7448438.174198,3,131.889547
-150.0,1,131.896621
-297.032024,2,131.907467
-150.0,1,131.915288
-150.0,1,131.92304
-150.0,1,131.931395
-2649.806074,4,131.952173
-811.184883,2,131.962746
-150.0,1,131.967628
-150.0,1,131.980318
-150.0,1,131.984765
-150.0,1,131.989705
-150.0,1,131.999042
-150.0,1,132.007312
-150.0,1,132.012914
-150.0,1,132.019632
-207.931328,2,132.030106
-2225.096062,3,132.046451
-150.0,1,132.056866
-789.852209,2,132.07162
-150.0,1,132.076577
-150.0,1,132.087649
-150.0,1,132.093321
-900.987831,2,132.10255
-1317.745617,5,132.133483
-150.0,1,132.141761
-150.0,1,132.147922
-150.0,1,132.152828
-150.0,1,132.158459
-150.0,1,132.167906
-150.0,1,132.173021
-150.0,1,132.178388
-150.0,1,132.188745
-150.0,1,132.194882
-150.0,1,132.201751
-150.0,1,132.206601
-1105.264253,50,132.490641
-2076.87141,5,132.517943
-150.0,1,132.522092
-150.0,1,132.528613
-150.0,1,132.534898
-150.0,1,132.541721
-150.0,1,132.548231
-150.0,1,132.556493
-150.0,1,132.562276
-150.0,1,132.568316
-150.0,1,132.572719
-150.0,1,132.583301
-150.0,1,132.587757
-150.0,1,132.598808
-542.276019,3,132.616332
-150.0,1,132.623259
-150.0,1,132.627305
-150.0,1,132.638185
-1030.774122,5,132.665381
-150.0,1,132.673445
-150.0,1,132.678562
-150.0,1,132.686001
-150.0,1,132.6917
-150.0,1,132.69727
-150.0,1,132.704114
-150.0,1,132.716385
-150.0,1,132.725078
-150.0,1,132.730425
-150.0,1,132.734384
-150.0,1,132.745555
-592.04836,2,132.755645
-150.0,1,132.760888
-150.0,1,132.766527
-150.0,1,132.773049
-150.0,1,132.777735
-150.0,1,132.784524
-150.0,1,132.790441
-150.0,1,132.797075
-150.0,1,132.805208
-150.0,1,132.813414
-387.012002,2,132.82743
-150.0,1,132.834433
-2118.590565,24,132.966508
-150.0,1,132.972021
-150.0,1,132.982939
-150.0,1,132.99138
-150.0,1,132.996457
-1002254.345733,4,133.016371
-150.0,1,133.023536
-705.370771,7,133.063598
-7277.162696,3,133.082277
-150.0,1,133.088181
-150.0,1,133.098508
-150.0,1,133.108021
-150.0,1,133.113711
-150.0,1,133.119116
-150.0,1,133.123409
-1271.980779,16,133.209585
-150.0,1,133.216842
-150.0,1,133.222678
-150.0,1,133.227781
-150.0,1,133.233655
-150.0,1,133.242293
-150.0,1,133.249175
-150.0,1,133.25402
-150.0,1,133.262403
-2622.692962,2,133.275775
-150.0,1,133.283649
-150.0,1,133.28749
-150.0,1,133.29828
-150.0,1,133.30336
-150.0,1,133.308799
-150.0,1,133.316975
-190.794449,2,133.333263
-150.0,1,133.339402
-150.0,1,133.346952
-150.0,1,133.35484
-150.0,1,133.364083
-1940.966337,17,133.4517
-150.0,1,133.455618
-150.0,1,133.46517
-150.0,1,133.47329
-748.827874,4,133.495997
-150.0,1,133.500429
-150.0,1,133.504958
-182.563558,2,133.521172
-196.444468,2,133.531848
-150.0,1,133.540129
-634.791502,7,133.578561
-150.0,1,133.589516
-150.0,1,133.594485
-150.0,1,133.598737
-150.0,1,133.60367
-150.0,1,133.611843
-860.988689,4,133.632841
-186.458386,2,133.642006
-150.0,1,133.647863
-150.0,1,133.65669
-150.0,1,133.661434
-150.0,1,133.666447
-429.33712,4,133.692426
-3339.920791,4,133.719928
-150.0,1,133.726481
-150.0,1,133.736451
-356.151442,5,133.764034
-150.0,1,133.776293
-150.0,1,133.780578
-150.0,1,133.787838
-150.0,1,133.792654
-150.0,1,133.800968
-150.0,1,133.805737
-987.997885,4,133.826281
-746.219622,3,133.843579
-1971.858107,11,133.906144
-150.0,1,133.910418
-638.089602,3,133.926577
-643.204772,3,133.947192
-891.997431,2,133.959421
-150.0,1,133.964892
-1544.274714,6,134.002956
-150.0,1,134.009602
-150.0,1,134.017739
-150.0,1,134.026638
-3339.920791,4,134.050339
-1458.320107,2,134.062011
-150.0,1,134.070762
-150.0,1,134.079831
-150.0,1,134.0861
-743.875352,3,134.102723
-150.0,1,134.109545
-208.530157,2,134.121738
-150.0,1,134.130918
-542.276019,3,134.147444
-163.448668,2,134.161114
-573.172255,3,134.179203
-150.0,1,134.183626
-150.0,1,134.191607
-150.0,1,134.197584
-150.0,1,134.2052
-150.0,1,134.210422
-194.846832,2,134.221575
-150.0,1,134.232618
-180.474941,3,134.247508
-150.0,1,134.255975
-150.0,1,134.261323
-150.0,1,134.269004
-150.0,1,134.274859
-150.0,1,134.283145
-150.0,1,134.287172
-150.0,1,134.294974
-1504.449265,10,134.346927
-3993.035664,3,134.360995
-150.0,1,134.368895
-150.0,1,134.376193
-570.008301,8,134.418437
-150.0,1,134.426662
-150.0,1,134.432958
-150.0,1,134.443261
-1525.034805,13,134.51462
-150.0,1,134.521948
-370.572884,2,134.535112
-150.0,1,134.542198
-1534.911326,3,134.56175
-150.0,1,134.568282
-219.807336,2,134.585128
-150.0,1,134.600599
-150.0,1,134.605062
-150.0,1,134.609439
-150.0,1,134.613516
-150.0,1,134.62397
-150.0,1,134.631621
-782.403128,5,134.658754
-150.0,1,134.663396
-150.0,1,134.672992
-247.282582,2,134.685201
-850.727382,2,134.7001
-150.0,1,134.705262
-150.0,1,134.714151
-150.0,1,134.721906
-150.0,1,134.729553
-150.0,1,134.737019
-150.0,1,134.744947
-150.0,1,134.749097
-150.0,1,134.757978
-150.0,1,134.7668
-150.0,1,134.774276
-7277.162696,3,134.79162
-150.0,1,134.795719
-511.513213,3,134.817196
-150.0,1,134.82813
-150.0,1,134.833348
-150.0,1,134.840131
-150.0,1,134.844464
-150.0,1,134.851867
-150.0,1,134.856211
-150.0,1,134.864012
-150.0,1,134.868376
-150.0,1,134.875067
-635.286509,4,134.897254
-150.0,1,134.902945
-150.0,1,134.911314
-150.0,1,134.919508
-1325.652529,13,134.985533
-150.0,1,134.990645
-150.0,1,135.001657
-150.0,1,135.011844
-150.0,1,135.016321
-150.0,1,135.020033
-150.0,1,135.028997
-150.0,1,135.037535
-2213.503526,8,135.080069
-150.0,1,135.085466
-150.0,1,135.091856
-150.0,1,135.104155
-150.0,1,135.112121
-500.942201,4,135.136009
-150.0,1,135.140337
-150.0,1,135.147378
-150.0,1,135.15373
-1059.368223,4,135.173969
-565.410352,4,135.19483
-1514.036656,3,135.211742
-150.0,1,135.219088
-534.679713,4,135.239529
-3699.501366,15,135.314626
-649.254657,2,135.332361
-268.070925,2,135.342472
-2649.806074,4,135.365679
-150.0,1,135.373614
-150.0,1,135.380083
-150.0,1,135.386191
-270.687943,2,135.396995
-150.0,1,135.400812
-769.103395,9,135.452396
-150.0,1,135.462274
-150.0,1,135.471801
-166.428343,2,135.481344
-150.0,1,135.493345
-150.0,1,135.504648
-150.0,1,135.51024
-150.0,1,135.516953
-150.0,1,135.525745
-150.0,1,135.532199
-150.0,1,135.538827
-366.878455,6,135.568444
-150.0,1,135.578607
-272.253271,2,135.588562
-150.0,1,135.592576
-1498.27641,2,135.605575
-1107.321959,3,135.626075
-150.0,1,135.631186
-150.0,1,135.637166
-150.0,1,135.644116
-150.0,1,135.652311
-150.0,1,135.657927
-279.231028,2,135.668083
-150.0,1,135.673303
-1556.269618,2,135.686337
-150.0,1,135.691162
-150.0,1,135.696338
-150.0,1,135.701491
-150.0,1,135.709911
-1435.857679,16,135.794291
-150.0,1,135.798908
-390.245433,3,135.815471
-150.0,1,135.824331
-150.0,1,135.835037
-150.0,1,135.842024
-150.0,1,135.847363
-467.180838,2,135.860738
-150.0,1,135.866485
-284.822835,2,135.879236
-150.0,1,135.885319
-150.0,1,135.893203
-4500.871659,14,135.969159
-150.0,1,135.977719
-150.0,1,135.982339
-335.479676,2,135.992932
-150.0,1,136.001838
-150.0,1,136.009317
-379.716864,2,136.021037
-150.0,1,136.035114
-150.0,1,136.042469
-187.14749,2,136.052526
-216.77881,2,136.064355
-307.605624,2,136.076454
-150.0,1,136.082706
-231.05637,2,136.091932
-230.62485,4,136.113349
-150.0,1,136.121896
-1032.644112,6,136.154409
-441.522669,2,136.166319
-150.0,1,136.172199
-150.0,1,136.18
-150.0,1,136.184211
-273.063803,3,136.200145
-977.672139,6,136.229758
-150.0,1,136.237918
-150.0,1,136.246092
-150.0,1,136.255527
-150.0,1,136.26437
-3191256.46613,3,136.282155
-214.583767,2,136.294366
-150.0,1,136.298337
-312.016245,2,136.30821
-874.484484,3,136.327127
-746.219622,3,136.343032
-565.410352,4,136.364561
-150.0,1,136.369645
-150.0,1,136.379747
-150.0,1,136.386911
-150.0,1,136.391775
-150.0,1,136.398345
-150.0,1,136.405283
-150.0,1,136.411872
-150.0,1,136.41892
-150.0,1,136.422646
-773.182002,5,136.451889
-924.126755,2,136.463972
-150.0,1,136.469651
-150.0,1,136.475225
-150.0,1,136.482997
-150.0,1,136.488384
-150.0,1,136.493355
-2224.834363,2,136.504589
-150.0,1,136.511467
-150.0,1,136.517025
-150.0,1,136.526027
-397.203353,4,136.548254
-150.0,1,136.560628
-150.0,1,136.565907
-150.0,1,136.570177
-151.033925,2,136.580859
-150.0,1,136.587416
-150.0,1,136.595232
-150.0,1,136.600734
-150.0,1,136.606848
-1507.678218,4,136.629983
-580.21468,3,136.643619
-150.0,1,136.650526
-150.0,1,136.656958
-150.0,1,136.663803
-150.0,1,136.668
-150.0,1,136.675046
-370.83777,3,136.690658
-150.0,1,136.699172
-150.0,1,136.704551
-150.0,1,136.7093
-150.0,1,136.714315
-150.0,1,136.721486
-150.0,1,136.726149
-150.0,1,136.733963
-150.0,1,136.739121
-516.393002,2,136.754271
-150.0,1,136.761353
-1095.908246,5,136.78603
-150.0,1,136.792417
-182.360374,2,136.803473
-150.0,1,136.807373
-150.0,1,136.815885
-150.0,1,136.824581
-150.0,1,136.830721
-357.790098,2,136.842782
-150.0,1,136.848208
-150.0,1,136.854848
-298.439347,2,136.870198
-150.0,1,136.875633
-150.0,1,136.882687
-182.733343,2,136.893038
-150.0,1,136.900831
-219.142516,2,136.911447
-150.0,1,136.919667
-311.554965,3,136.933326
-150.0,1,136.942645
-150.0,1,136.947045
-419.658865,5,136.973233
-150.0,1,136.980509
-373.703039,2,136.994676
-150.0,1,136.999999
-150.0,1,137.00589
-150.0,1,137.012369
-385.313674,3,137.028769
-681.241853,4,137.04987
-543.748039,2,137.06242
-150.0,1,137.071676
-150.0,1,137.078806
-150.0,1,137.084904
-150.0,1,137.091782
-150.0,1,137.098639
-174.742329,2,137.113548
-150.0,1,137.117992
-8855.184179,27,137.26254
-150.0,1,137.267751
-150.0,1,137.276183
-150.0,1,137.282505
-150.0,1,137.291784
-150.0,1,137.296214
-150.0,1,137.303926
-150.0,1,137.311563
-150.0,1,137.320669
-150.0,1,137.324937
-150.0,1,137.330952
-150.0,1,137.336989
-150.0,1,137.347086
-150.0,1,137.35252
-150.0,1,137.361659
-150.0,1,137.367923
-150.0,1,137.374458
-282.59832,2,137.386045
-150.0,1,137.392287
-150.0,1,137.399201
-150.0,1,137.40415
-150.0,1,137.4083
-150.0,1,137.416819
-211.354485,3,137.435231
-192.91946,4,137.456761
-150.0,1,137.460544
-150.0,1,137.469254
-150.0,1,137.476216
-150.0,1,137.486109
-579.74299,3,137.505158
-150.0,1,137.514351
-197.702155,2,137.526424
-150.0,1,137.53237
-150.0,1,137.536249
-150.0,1,137.544566
-150.715139,2,137.556822
-1006.804611,3,137.57253
-150.0,1,137.577384
-150.0,1,137.584676
-603.392492,7,137.625238
-150.0,1,137.630645
-464.356442,2,137.642571
-150.0,1,137.653781
-150.0,1,137.658465
-150.0,1,137.665323
-285.707148,2,137.679926
-170.239406,2,137.69084
-150.0,1,137.69998
-314.614266,3,137.713655
-150.0,1,137.720216
-150.0,1,137.726153
-331.816339,3,137.740883
-150.0,1,137.745028
-150.0,1,137.750831
-150.0,1,137.75672
-341.403359,2,137.768917
-150.0,1,137.77578
-150.0,1,137.781205
-150.0,1,137.789129
-150.0,1,137.795489
-150.0,1,137.802674
-150.0,1,137.807026
-150.0,1,137.817313
-150.0,1,137.824188
-150.0,1,137.830452
-150.0,1,137.835594
-1077.321363,2,137.850355
-150.0,1,137.858844
-150.0,1,137.864678
-150.0,1,137.873563
-828.590904,2,137.886443
-150.0,1,137.893304
-455.604406,2,137.907155
-150.0,1,137.912419
-150.0,1,137.919598
-150.0,1,137.929198
-218.252573,2,137.942829
-439.052801,3,137.959179
-150.0,1,137.968062
-269.528281,2,137.978949
-150.0,1,137.986042
-150.0,1,137.990706
-150.0,1,137.997269
-150.0,1,138.00524
-1320.422755,6,138.038023
-150.0,1,138.04509
-473.916269,2,138.058542
-150.0,1,138.065464
-204.128307,2,138.077818
-150.0,1,138.083794
-245.613044,2,138.09696
-150.0,1,138.105514
-150.0,1,138.109935
-150.0,1,138.11542
-150.0,1,138.125459
-150.0,1,138.133024
-493.911735,2,138.147414
-150.0,1,138.154968
-150.0,1,138.16321
-150.0,1,138.167246
-150.0,1,138.174436
-606.055279,3,138.191749
-150.0,1,138.199351
-150.0,1,138.20336
-150.0,1,138.211747
-150.0,1,138.217033
-150.0,1,138.223292
-203.959917,2,138.235675
-1133.353873,2,138.245382
-150.0,1,138.252828
-150.0,1,138.262044
-150.0,1,138.268124
-150.0,1,138.272712
-190.620701,2,138.28715
-150.0,1,138.294607
-150.0,1,138.300748
-150.0,1,138.306557
-2954.949434,2,138.319537
-572.033361,2,138.330921
-150.0,1,138.338051
-150.0,1,138.342781
-150.0,1,138.349428
-150.0,1,138.357285
-150.0,1,138.36513
-150.0,1,138.371379
-217.758588,2,138.384836
-150.0,1,138.399506
-150.0,1,138.40469
-150.0,1,138.409385
-150.0,1,138.416958
-150.0,1,138.428451
-150.0,1,138.437409
-150.0,1,138.442132
-150.0,1,138.449851
-150.0,1,138.458189
-150.0,1,138.46274
-150.0,1,138.470913
-150.0,1,138.475914
-150.0,1,138.487271
-150.0,1,138.491511
-150.0,1,138.499619
-150.0,1,138.503747
-150.0,1,138.515295
-150.0,1,138.521051
-150.0,1,138.526636
-150.0,1,138.535763
-3487.886281,39,138.748115
-274.409468,2,138.758144
-150.0,1,138.76451
-150.0,1,138.76856
-150.0,1,138.775636
-150.0,1,138.784608
-150.0,1,138.788953
-150.0,1,138.797431
-150.0,1,138.804763
-150.0,1,138.813478
-150.0,1,138.81774
-150.0,1,138.823546
-1389.735517,6,138.85822
-150.0,1,138.86391
-150.0,1,138.867846
-150.0,1,138.873856
-150.0,1,138.883622
-150.0,1,138.889832
-150.0,1,138.894288
-150.0,1,138.89971
-150.0,1,138.907621
-150.0,1,138.917399
-150.0,1,138.924994
-395.906607,2,138.937397
-150.0,1,138.944437
-150.0,1,138.950846
-150.0,1,138.95801
-150.0,1,138.965621
-150.0,1,138.973974
-150.0,1,138.982563
-150.0,1,138.987461
-280.691934,3,139.006124
-245.829062,2,139.019601
-150.0,1,139.024317
-927.346829,6,139.061467
-1082.38896,10,139.116029
-150.0,1,139.122526
-150.0,1,139.127947
-150.0,1,139.138702
-172.815509,2,139.14901
-150.0,1,139.156993
-150.0,1,139.16329
-150.0,1,139.169149
-263.944795,2,139.180983
-6025.40995,6,139.214673
-150.0,1,139.221339
-150.0,1,139.227205
-150.0,1,139.237473
-150.0,1,139.245013
-150.0,1,139.249118
-276.222989,2,139.26201
-507.004243,2,139.270895
-150.0,1,139.27886
-150.0,1,139.286492
-1578.690836,18,139.379633
-150.0,1,139.384313
-279.819736,3,139.40383
-150.0,1,139.408495
-150.0,1,139.415821
-150.0,1,139.423451
-867.130127,2,139.435739
-198.461921,2,139.448422
-150.0,1,139.453973
-2742.979066,6,139.487605
-552.691029,4,139.512066
-467.180838,2,139.521735
-150.0,1,139.528827
-150.0,1,139.53586
-150.0,1,139.542064
-150.0,1,139.550369
-150.0,1,139.556294
-150.0,1,139.563395
-856.571797,6,139.597009
-150.0,1,139.601926
-150.0,1,139.610521
-150.0,1,139.617706
-290.943835,4,139.640784
-150.0,1,139.646232
-320.768888,3,139.665761
-465.442988,10,139.715735
-150.0,1,139.723547
-150.0,1,139.732669
-189.86588,2,139.743372
-150.0,1,139.75021
-150.0,1,139.760473
-150.0,1,139.76782
-150.0,1,139.773336
-151.041475,2,139.784658
-150.0,1,139.796407
-150.0,1,139.802413
-1563.391287,2,139.815518
-150.0,1,139.819325
-638.089602,3,139.841131
-150.0,1,139.844917
-771.410551,8,139.887336
-150.0,1,139.891669
-150.0,1,139.902622
-150.0,1,139.912266
-150.0,1,139.916978
-150.0,1,139.922286
-487.526197,4,139.943927
-150.0,1,139.949977
-367.712417,2,139.961689
-150.0,1,139.969394
-178.048121,2,139.983373
-251.558517,3,140.000797
-150.0,1,140.005878
-150.0,1,140.012283
-150.0,1,140.01924
-1674.284467,20,140.125893
-150.0,1,140.132118
-150.0,1,140.137124
-1611.748749,8,140.183034
-150.0,1,140.188267
-150.0,1,140.199013
-150.0,1,140.205673
-150.0,1,140.214179
-150.0,1,140.218896
-150.0,1,140.224511
-150.0,1,140.233941
-150.0,1,140.240622
-150.0,1,140.245878
-150.0,1,140.252731
-150.0,1,140.258756
-407.261835,4,140.282902
-150.0,1,140.287779
-273.569944,2,140.303461
-150.0,1,140.309232
-150.0,1,140.319329
-150.0,1,140.323639
-150.0,1,140.330147
-150.0,1,140.337376
-150.0,1,140.345011
-150.0,1,140.351022
-150.0,1,140.357982
-150.0,1,140.365047
-150.0,1,140.37241
-150.0,1,140.377737
-150.0,1,140.385937
-235.655346,2,140.398622
-150.0,1,140.405191
-150.0,1,140.411958
-150.0,1,140.418439
-150.0,1,140.423179
-150.0,1,140.430824
-150.0,1,140.435221
-150.0,1,140.443618
-150.0,1,140.447934
-214.599239,2,140.460425
-150.0,1,140.46845
-150.0,1,140.476426
-150.0,1,140.481502
-150.0,1,140.490841
-150.0,1,140.497018
-150.0,1,140.502828
-470.999291,7,140.539789
-150.0,1,140.547087
-373.703039,2,140.556702
-150.0,1,140.563234
-150.0,1,140.570493
-150.0,1,140.583352
-914.387941,2,140.593714
-150.0,1,140.598638
-150.0,1,140.603784
-150.0,1,140.6112
-240.731981,3,140.626212
-150.0,1,140.630047
-504.442647,4,140.650156
-150.0,1,140.658249
-150.0,1,140.663911
-150.0,1,140.669657
-150.0,1,140.673692
-521.23518,2,140.693349
-300.447423,2,140.704022
-150.0,1,140.71039
-150.0,1,140.715889
-150.0,1,140.723898
-150.0,1,140.728749
-656.785793,3,140.744605
-716.833008,6,140.77608
-150.0,1,140.784225
-150.0,1,140.788784
-150.0,1,140.7946
-150.0,1,140.800932
-150.0,1,140.807265
-150.0,1,140.813561
-150.0,1,140.819994
-150.0,1,140.825779
-150.0,1,140.832135
-150.0,1,140.837103
-150.0,1,140.841661
-150.0,1,140.850461
-511.513213,3,140.867161
-9530.65301,35,141.05739
-150.0,1,141.06236
-150.0,1,141.073658
-150.0,1,141.080748
-150.0,1,141.088645
-279.739387,2,141.102455
-150.0,1,141.110362
-150.0,1,141.11735
-150.0,1,141.123507
-150.0,1,141.130467
-150.0,1,141.135661
-150.0,1,141.142586
-225.086557,2,141.153761
-150.0,1,141.159574
-150.0,1,141.167533
-150.0,1,141.176637
-150.0,1,141.183711
-150.0,1,141.189558
-150.0,1,141.195663
-1420.724978,3,141.213455
-150.0,1,141.218598
-1678.224308,5,141.246187
-150.0,1,141.253196
-268.629516,2,141.2666
-150.0,1,141.27125
-150.0,1,141.277447
-150.0,1,141.281894
-150.0,1,141.288349
-422.146893,2,141.301256
-203.777333,2,141.310648
-150.0,1,141.315572
-150.0,1,141.323712
-150.0,1,141.329081
-150.0,1,141.335641
-468.029646,3,141.352076
-150.0,1,141.358665
-150.0,1,141.364407
-150.0,1,141.37364
-150.0,1,141.378808
-1133.052566,5,141.411937
-150.0,1,141.416883
-150.0,1,141.424747
-150.0,1,141.43202
-150.0,1,141.439624
-150.0,1,141.446674
-150.0,1,141.45238
-150.0,1,141.457134
-160.684688,2,141.469936
-185.840915,2,141.482681
-406.291774,3,141.504824
-794.413343,2,141.516293
-150.0,1,141.522937
-150.0,1,141.531467
-150.0,1,141.537102
-150.0,1,141.543799
-150.0,1,141.55148
-835.032237,4,141.576364
-276.511071,4,141.598296
-189.932508,2,141.611458
-150.0,1,141.618295
-205.763688,2,141.632209
-150.0,1,141.637939
-150.0,1,141.643262
-1444.269517,3,141.661169
-150.0,1,141.668767
-150.0,1,141.673799
-446.234536,2,141.684717
-150.0,1,141.691258
-150.0,1,141.69585
-150.0,1,141.702781
-150.0,1,141.708716
-150.0,1,141.716579
-150.0,1,141.723001
-150.0,1,141.733794
-150.0,1,141.738573
-150.0,1,141.744905
-150.0,1,141.7495
-2439.404498,2,141.760885
-1223.898519,2,141.769722
-150.0,1,141.779167
-150.0,1,141.786175
-150.0,1,141.79178
-150.0,1,141.796771
-394.749679,2,141.811528
-150.0,1,141.820254
-482.026363,3,141.838723
-150.0,1,141.844778
-150.0,1,141.851003
-590.820347,2,141.863303
-218.396533,2,141.873898
-454.667347,2,141.885092
-12214.738652,6,141.920455
-150.0,1,141.930042
-150.0,1,141.934411
-279.711143,4,141.959772
-150.0,1,141.967391
-150.0,1,141.97426
-150.0,1,141.98243
-175.411534,2,141.991516
-150.0,1,141.998014
-150.0,1,142.006074
-189.924273,2,142.02066
-223.481743,2,142.032756
-425.428113,6,142.067928
-227.216114,2,142.081441
-150.0,1,142.085737
-150.0,1,142.089996
-150.0,1,142.097543
-150.0,1,142.104824
-150.0,1,142.1108
-150.0,1,142.11441
-4485636.82171,2,142.130819
-1362.466671,5,142.157256
-279.739387,2,142.168441
-150.0,1,142.173752
-150.0,1,142.182673
-150.0,1,142.18716
-150.0,1,142.192754
-314.062074,2,142.20396
-150.0,1,142.212772
-150.0,1,142.217968
-150.0,1,142.228726
-150.0,1,142.23422
-2162.92278,2,142.245215
-531.975135,8,142.288325
-184.63412,2,142.299064
-769.103395,9,142.348237
-150.0,1,142.359365
-150.0,1,142.367801
-150.0,1,142.37702
-150.0,1,142.383242
-150.0,1,142.391548
-4796428.610241,5,142.420727
-153.566806,2,142.431414
-397.203353,4,142.455508
-150.0,1,142.463266
-150.0,1,142.471607
-150.0,1,142.47692
-150.0,1,142.483129
-1267.566773,3,142.505095
-150.0,1,142.509844
-150.0,1,142.516034
-150.0,1,142.523952
-150.0,1,142.531281
-294.845998,3,142.551086
-150.0,1,142.557675
-150.0,1,142.563842
-150.0,1,142.573042
-150.0,1,142.579115
-810.672531,3,142.594703
-150.0,1,142.60272
-150.0,1,142.609332
-150.0,1,142.61499
-150.0,1,142.619236
-150.0,1,142.628069
-150.0,1,142.635548
-150.0,1,142.643195
-150.0,1,142.648536
-150.0,1,142.656205
-428.336722,2,142.668243
-150.0,1,142.672859
-478.069195,2,142.687042
-150.0,1,142.695094
-3961.311471,9,142.746325
-150.0,1,142.754562
-150.0,1,142.75861
-150.0,1,142.764083
-234.44033,2,142.777287
-3666.935899,51,143.044348
-150.0,1,143.05489
-150.0,1,143.059455
-150.0,1,143.070133
-150.0,1,143.07483
-150.0,1,143.081913
-150.0,1,143.089289
-150.0,1,143.096696
-150.0,1,143.101429
-150.0,1,143.108474
-150.0,1,143.114049
-150.0,1,143.121002
-150.0,1,143.125294
-150.0,1,143.131358
-150.0,1,143.13599
-1150.524226,2,143.149109
-150.0,1,143.159717
-150.0,1,143.164476
-150.0,1,143.169616
-150.0,1,143.177555
-1078.797136,4,143.20316
-150.0,1,143.210678
-150.0,1,143.214462
-150.0,1,143.220406
-150.0,1,143.227234
-150.0,1,143.236382
-150.0,1,143.240129
-150.0,1,143.246838
-280.269397,2,143.259885
-150.0,1,143.265156
-150.0,1,143.270184
-150.0,1,143.277639
-150.0,1,143.286161
-150.0,1,143.292069
-150.0,1,143.299003
-150.0,1,143.305308
-1899.960682,12,143.370385
-150.0,1,143.378898
-150.0,1,143.38631
-1555.0747,7,143.425388
-150.0,1,143.431794
-150.0,1,143.438583
-150.0,1,143.443396
-150.0,1,143.452869
-150.0,1,143.457553
-150.0,1,143.46466
-150.0,1,143.469526
-150.0,1,143.478365
-150.0,1,143.48356
-150.0,1,143.488518
-541.474564,4,143.51072
-150.0,1,143.517384
-150.0,1,143.526485
-150.0,1,143.530948
-150.0,1,143.53677
-253.016897,2,143.553607
-150.0,1,143.557734
-150.0,1,143.567292
-150.0,1,143.576021
-150.0,1,143.58498
-286.594934,2,143.594695
-150.0,1,143.599538
-150.0,1,143.607085
-150.0,1,143.613815
-150.0,1,143.619797
-150.0,1,143.626088
-150.0,1,143.632113
-150.0,1,143.641777
-150.0,1,143.648096
-150.0,1,143.656787
-774.697058,2,143.671655
-276.572323,3,143.691417
-226.253922,2,143.700174
-185.840915,2,143.714093
-150.0,1,143.719634
-150.0,1,143.730517
-392.900424,2,143.741774
-150.0,1,143.74643
-150.0,1,143.751419
-458.870865,4,143.780117
-150.0,1,143.785175
-150.0,1,143.794803
-356.77477,5,143.824322
-150.0,1,143.833567
-150.0,1,143.837644
-150.0,1,143.844034
-150.0,1,143.84888
-223.481743,2,143.860881
-150.0,1,143.866573
-150.0,1,143.872188
-150.0,1,143.882889
-150.0,1,143.889744
-150.0,1,143.898592
-150.0,1,143.904675
-150.0,1,143.908865
-150.0,1,143.917022
-150.0,1,143.923628
-150.0,1,143.928492
-150.0,1,143.934358
-150.0,1,143.941158
-150.0,1,143.949531
-150.0,1,143.954912
-150.0,1,143.960888
-150.0,1,143.967704
-150.0,1,143.973093
-254.969791,2,143.984009
-150.0,1,143.989
-150.0,1,143.999027
-150.0,1,144.008044
-150.0,1,144.014954
-150.0,1,144.023108
-150.0,1,144.03244
-150.0,1,144.037308
-1477.048543,2,144.049338
-150.0,1,144.057312
-150.0,1,144.065622
-1145.463294,2,144.075078
-150.0,1,144.081563
-150.0,1,144.08807
-194.956305,2,144.102007
-150.0,1,144.110021
-705.02211,8,144.153128
-360.297675,3,144.167757
-150.0,1,144.176599
-150.0,1,144.183041
-150.0,1,144.190874
-552.209975,2,144.203447
-150.0,1,144.210266
-150.0,1,144.216446
-262.837578,2,144.228281
-150.0,1,144.233948
-150.0,1,144.241092
-150.0,1,144.246181
-150.0,1,144.255861
-150.0,1,144.26362
-251.839302,2,144.276043
-150.0,1,144.285332
-150.0,1,144.291767
-8091702.173845,2,144.304371
-150.0,1,144.31469
-824.305959,6,144.347008
-150.0,1,144.353309
-150.0,1,144.360745
-398.026176,2,144.374389
-150.0,1,144.378782
-150.0,1,144.385055
-175.411534,2,144.397733
-150.0,1,144.408555
-150.0,1,144.416989
-150.0,1,144.423658
-150.0,1,144.430201
-150.0,1,144.43951
-150.0,1,144.44591
-207.931328,2,144.456552
-150.0,1,144.592413
-150.0,1,144.600705
-150.0,1,144.605557
-150.0,1,144.611757
-150.0,1,144.616991
-150.0,1,144.626396
-150.0,1,144.632063
-150.0,1,144.636321
-229.322442,2,144.649825
-150.0,1,144.656033
-150.0,1,144.660744
-150.0,1,144.666536
-222.86042,2,144.682242
-270.125109,2,144.699675
-150.0,1,144.706905
-150.0,1,144.71476
-150.0,1,144.72019
-150.0,1,144.728073
-150.0,1,144.733854
-150.0,1,144.739036
-150.0,1,144.743468
-150.0,1,144.752908
-156.719051,2,144.763966
-1151.919693,4,144.785466
-687.688704,2,144.801867
-150.0,1,144.810597
-150.0,1,144.816843
-150.0,1,144.821065
-150.0,1,144.826139
-150.0,1,144.836224
-150.0,1,144.842731
-150.0,1,144.847489
-468.029646,3,144.863762
-894.43678,3,144.881217
-150.0,1,144.889236
-211.434577,3,144.906171
-150.0,1,144.91131
-150.0,1,144.922047
-150.0,1,144.928341
-150.0,1,144.93512
-170.830221,2,144.948087
-150.0,1,144.956958
-150.0,1,144.965343
-150.0,1,144.970408
-150.0,1,144.976019
-150.0,1,144.988195
-150.0,1,144.995528
-150.0,1,145.005007
-150.0,1,145.010808
-150.0,1,145.017146
-150.0,1,145.025681
-150.0,1,145.034388
-150.0,1,145.040077
-150.0,1,145.047364
-150.0,1,145.053261
-150.0,1,145.063344
-697.88991,2,145.072616
-150.0,1,145.080388
-150.0,1,145.086614
-150.0,1,145.091506
-150.0,1,145.097907
-4571.079838,57,145.404521
-150.0,1,145.411234
-150.0,1,145.417703
-150.0,1,145.422579
-150.0,1,145.431083
-150.0,1,145.436314
-150.0,1,145.440601
-150.0,1,145.445627
-150.0,1,145.453587
-150.0,1,145.457841
-150.0,1,145.464531
-150.0,1,145.468674
-150.0,1,145.476371
-150.0,1,145.482185
-150.0,1,145.487774
-150.0,1,145.496411
-150.0,1,145.504176
-525.919137,2,145.517911
-150.0,1,145.523879
-150.0,1,145.534639
-150.0,1,145.540773
-150.0,1,145.545254
-1412.365333,3,145.565401
-253.562778,3,145.584164
-150.0,1,145.590742
-150.0,1,145.597492
-457.718058,5,145.626992
-782.403128,5,145.655157
-150.0,1,145.661531
-150.0,1,145.665989
-150.0,1,145.674793
-193.340098,2,145.686052
-150.0,1,145.692988
-747.500275,3,145.709337
-150.0,1,145.714408
-6044.646598,18,145.813681
-853.397358,3,145.832462
-150.0,1,145.838926
-1559.788265,2,145.849049
-150.0,1,145.854497
-150.0,1,145.862349
-242.891354,2,145.874039
-150.0,1,145.879157
-212.894457,2,145.891971
-150.0,1,145.902662
-150.0,1,145.910259
-1170.380939,4,145.931864
-150.0,1,145.942333
-150.0,1,145.948734
-150.0,1,145.957226
-150.0,1,145.964802
-580.05122,5,145.993945
-150.0,1,146.002169
-150.0,1,146.007742
-1744.191306,3,146.024087
-150.0,1,146.032968
-150.0,1,146.043644
-150.0,1,146.05179
-150.0,1,146.056423
-150.0,1,146.062125
-856.571797,6,146.10163
-150.0,1,146.107236
-150.0,1,146.11397
-166.25485,2,146.128178
-150.0,1,146.13707
-199.698755,2,146.146209
-3765.973673,3,146.161511
-150.0,1,146.169218
-150.0,1,146.17789
-150.0,1,146.186879
-150.0,1,146.193974
-150.0,1,146.199343
-150.0,1,146.210163
-150.0,1,146.21535
-150.0,1,146.219406
-150.0,1,146.227684
-150.0,1,146.241707
-150.0,1,146.246587
-373.036974,2,146.256788
-150.0,1,146.263872
-150.0,1,146.269899
-177.678029,2,146.280272
-150.0,1,146.286018
-150.0,1,146.292309
-150.0,1,146.300732
-150.0,1,146.308042
-150.0,1,146.314347
-150.0,1,146.320592
-150.0,1,146.327443
-150.0,1,146.336103
-150.0,1,146.344434
-150.0,1,146.348524
-150.0,1,146.358617
-150.0,1,146.366039
-150.0,1,146.373006
-150.0,1,146.378649
-473.631846,5,146.406834
-150.0,1,146.411949
-150.0,1,146.421407
-150.0,1,146.428387
-150.0,1,146.435255
-150.0,1,146.44469
-150.0,1,146.45538
-150.0,1,146.462647
-150.0,1,146.47236
-150.0,1,146.478937
-150.0,1,146.487231
-546.660257,2,146.498846
-150.0,1,146.506717
-150.0,1,146.517392
-150.0,1,146.521255
-150.0,1,146.525188
-150.0,1,146.533411
-150.0,1,146.539223
-150.0,1,146.545998
-150.0,1,146.550996
-150.0,1,146.559611
-150.0,1,146.567802
-150.0,1,146.573172
-659.704642,5,146.597672
-432.751297,2,146.60997
-150.0,1,146.616072
-150.0,1,146.621301
-150.0,1,146.626754
-150.0,1,146.635667
-240.731981,3,146.651757
-150.0,1,146.657624
-150.0,1,146.662829
-12810.060433,40,146.872635
-150.0,1,146.880957
-245.524222,2,146.892985
-506.255426,2,146.903942
-150.0,1,146.910871
-150.0,1,146.917859
-150.0,1,146.922035
-150.0,1,146.927626
-150.0,1,146.936104
-150.0,1,146.941645
-150.0,1,146.946241
-150.0,1,146.952216
-150.0,1,146.961109
-150.0,1,146.967644
-150.0,1,146.974718
-150.0,1,146.979675
-709.045182,9,147.026363
-789.199539,5,147.055767
-1030.209496,2,147.069312
-150.0,1,147.076976
-1253.226628,8,147.119362
-150.0,1,147.126036
-150.0,1,147.132044
-150.0,1,147.137249
-150.0,1,147.144104
-330.56553,2,147.154816
-247.860425,2,147.166825
-150.0,1,147.173559
-150.0,1,147.180583
-150.0,1,147.185234
-575.592754,3,147.203405
-211.020016,2,147.218675
-150.0,1,147.227051
-150.0,1,147.231206
-150.0,1,147.236114
-150.0,1,147.243889
-150.0,1,147.256727
-150.0,1,147.263656
-1058.493019,4,147.286827
-150.0,1,147.291505
-150.0,1,147.299378
-150.0,1,147.310903
-150.0,1,147.318022
-234.582714,2,147.326467
-3964.993523,2,147.342306
-599.056836,3,147.362114
-603.055752,2,147.37444
-150.0,1,147.380773
-436.29151,5,147.411651
-150.0,1,147.419038
-150.0,1,147.423028
-150.0,1,147.427418
-150.0,1,147.437522
-256.060967,2,147.449704
-170.118307,2,147.460821
-150.0,1,147.467315
-150.0,1,147.476765
-150.0,1,147.481588
-150.0,1,147.487901
-4509.787532,52,147.762519
-150.0,1,147.771556
-3075.827369,3,147.788351
-745.368452,2,147.797065
-150.0,1,147.803355
-150.0,1,147.813884
-338.732165,2,147.824021
-150.0,1,147.829039
-150.0,1,147.835748
-1307.086231,10,147.890721
-408.778472,3,147.908355
-150.0,1,147.914935
-150.0,1,147.919928
-150.0,1,147.928189
-150.0,1,147.934161
-150.0,1,147.940362
-150.0,1,147.947147
-150.0,1,147.958346
-150.0,1,147.965738
-150.0,1,147.973135
-1824.96586,6,148.006294
-210.10003,3,148.02261
-216.77881,2,148.034006
-150.0,1,148.041228
-1065.573487,6,148.072896
-621.022864,10,148.129569
-150.0,1,148.136994
-1074.771203,12,148.20102
-150.0,1,148.207718
-150.0,1,148.215783
-150.0,1,148.2207
-150.0,1,148.229273
-150.0,1,148.236518
-591.582294,2,148.250128
-150.0,1,148.256798
-150.0,1,148.263137
-150.0,1,148.269814
-150.0,1,148.27604
-2254.947372,19,148.378202
-150.0,1,148.386225
-150.0,1,148.39042
-150.0,1,148.399799
-150.0,1,148.406083
-456.169983,3,148.426425
-150.0,1,148.431236
-150.0,1,148.439101
-150.0,1,148.444879
-150.0,1,148.452334
-150.0,1,148.457721
-150.0,1,148.465651
-150.0,1,148.470671
-150.0,1,148.477252
-150.0,1,148.482882
-150.0,1,148.490158
-150.0,1,148.495317
-150.0,1,148.5011
-150.0,1,148.508741
-150.0,1,148.518487
-1180.27149,2,148.529979
-150.0,1,148.536381
-150.0,1,148.543026
-150.0,1,148.550986
-150.0,1,148.560361
-150.0,1,148.564851
-150.0,1,148.571009
-150.0,1,148.578927
-150.0,1,148.58841
-150.0,1,148.593906
-150.0,1,148.599191
-150.0,1,148.605701
-150.0,1,148.615185
-150.0,1,148.620263
-150.0,1,148.624507
-150.0,1,148.632611
-150.0,1,148.639956
-150.0,1,148.647135
-150.0,1,148.653411
-150.0,1,148.660113
-150.0,1,148.667383
-150.0,1,148.672395
-150.0,1,148.678487
-350.293764,6,148.715267
-150.0,1,148.719099
-1253.344633,5,148.750373
-150.0,1,148.757235
-150.0,1,148.764759
-150.0,1,148.769993
-150.0,1,148.778081
-150.0,1,148.782616
-150.0,1,148.791683
-150.0,1,148.795857
-150.0,1,148.800662
-150.0,1,148.806002
-150.0,1,148.817779
-462.216451,3,148.835218
-150.0,1,148.841513
-1706.352629,2,148.852577
-286.755663,4,148.875793
-150.0,1,148.883624
-150.0,1,148.889646
-150.0,1,148.893923
-150.0,1,148.900931
-1318.617914,24,149.025693
-150.0,1,149.032371
-150.0,1,149.039465
-150.0,1,149.050314
-212.781418,2,149.061218
-323.901044,2,149.07539
-150.0,1,149.081244
-150.0,1,149.089009
-150.0,1,149.095616
-150.0,1,149.100075
-150.0,1,149.104452
-150.0,1,149.111951
-326.887952,3,149.129815
-150.0,1,149.134632
-150.0,1,149.141209
-155.424259,2,149.152142
-150.0,1,149.156816
-451.460547,7,149.192484
-150.0,1,149.197487
-150.0,1,149.205344
-150.0,1,149.209564
-150.0,1,149.214845
-150.0,1,149.221877
-150.0,1,149.231044
-150.0,1,149.236177
-150.0,1,149.241285
-189.727207,2,149.252474
-197.227962,2,149.265601
-150.0,1,149.270185
-150.0,1,149.275923
-150.0,1,149.283655
-150.0,1,149.289608
-200.441477,2,149.303152
-150.0,1,149.309209
-150.0,1,149.31524
-150.0,1,149.322706
-150.0,1,149.331707
-150.0,1,149.340014
-150.0,1,149.346271
-274.692949,2,149.362206
-150.0,1,149.369259
-150.0,1,149.376494
-150.0,1,149.381446
-219.142516,2,149.395071
-150.0,1,149.401328
-150.0,1,149.40805
-428.39373,2,149.419211
-10220489.799101,6,149.455832
-150.0,1,149.462115
-150.0,1,149.471079
-150.0,1,149.475495
-150.0,1,149.483746
-150.0,1,149.489992
-150.0,1,149.494746
-150.0,1,149.501157
-205.443108,2,149.513983
-150.0,1,149.518036
-150.0,1,149.523267
-150.0,1,149.528332
-150.0,1,149.54213
-290.801498,3,149.555936
-150.0,1,149.564146
-150.0,1,149.571421
-150.0,1,149.578114
-150.0,1,149.583651
-150.0,1,149.589236
-150.0,1,149.593899
-150.0,1,149.602047
-150.0,1,149.609124
-150.0,1,149.616265
-150.0,1,149.620771
-150.0,1,149.628427
-150.0,1,149.633293
-150.0,1,149.642286
-150.0,1,149.649664
-150.0,1,149.656224
-406.400417,2,149.667595
-150.0,1,149.672287
-150.0,1,149.677832
-150.0,1,149.683989
-150.0,1,149.690793
-150.0,1,149.694648
-150.0,1,149.698492
-150.0,1,149.708164
-150.0,1,149.715188
-436.29151,5,149.742597
-150.0,1,149.748384
-150.0,1,149.755468
-150.0,1,149.761816
-150.0,1,149.768324
-6205.247268,20,149.875516
-150.0,1,149.882502
-385.769816,4,149.905769
-150.0,1,149.909882
-150.0,1,149.91912
-150.0,1,149.925121
-150.0,1,149.929808
-150.0,1,149.935868
-1234.224374,2,149.94777
-150.0,1,149.956096
-150.0,1,149.961915
-150.0,1,149.968506
-150.0,1,149.977458
-150.0,1,149.984946
-150.0,1,149.991086
-1423.534016,5,150.01946
-150.0,1,150.026848
-150.0,1,150.035965
-284.568645,2,150.047077
-2197.863039,19,150.145072
-150.0,1,150.15546
-769.103395,9,150.203197
-150.0,1,150.20937
-150.0,1,150.215236
-150.0,1,150.222948
-150.0,1,150.229971
-219.33942,3,150.248397
-369.480785,3,150.265581
-150.0,1,150.272518
-150.0,1,150.281133
-150.0,1,150.289147
-263.262731,2,150.303913
-515.822898,4,150.32799
-684.767527,4,150.354377
-150.0,1,150.360802
-150.0,1,150.369019
-944.198598,2,150.379577
-150.0,1,150.38651
-3297.283785,4,150.407074
-170.118307,2,150.420988
-150.0,1,150.429724
-150.0,1,150.43717
-971.909482,2,150.447537
-150.0,1,150.452925
-150.0,1,150.457463
-703.702847,2,150.470802
-390.245433,3,150.486125
-1000.866049,3,150.502476
-150.0,1,150.507467
-873.289911,5,150.533941
-150.0,1,150.540649
-150.0,1,150.547651
-331.345342,2,150.558749
-150.0,1,150.572836
-467.380468,3,150.588274
-750.262199,28,150.735518
-150.0,1,150.741048
-316.372716,2,150.753205
-2991.699386,34,150.935158
-150.0,1,150.940983
-150.0,1,150.946084
-805.801392,4,150.968759
-150.0,1,150.972948
-340.284977,2,150.990633
-150.0,1,150.994734
-150.0,1,151.004456
-150.0,1,151.013296
-150.0,1,151.022319
-1231.691221,6,151.055005
-311.939651,3,151.077033
-838.578578,2,151.088742
-150.0,1,151.097602
-1294.927619,4,151.120912
-216.676436,2,151.132063
-150.0,1,151.138251
-1444.269517,3,151.15452
-704.956604,6,151.189472
-575.592754,3,151.208561
-150.0,1,151.215908
-150.0,1,151.222115
-150.0,1,151.229199
-1486.548276,3,151.24745
-3398.6542,36,151.442882
-361.406217,2,151.455227
-501.266118,2,151.464551
-320.700978,3,151.484252
-421.430855,6,151.517838
-150.0,1,151.527215
-150.0,1,151.534119
-150.0,1,151.541899
-499.820472,2,151.554546
-191.843132,2,151.563265
-150.0,1,151.567944
-150.0,1,151.578468
-150.0,1,151.583823
-211.020016,2,151.593721
-150.0,1,151.601324
-150.0,1,151.61164
-782.403128,5,151.638009
-150.0,1,151.645894
-269.528281,2,151.656073
-150.0,1,151.663737
-150.0,1,151.668974
-150.0,1,151.676675
-150.0,1,151.683171
-150.0,1,151.688994
-610.319394,4,151.710958
-3964.993523,2,151.724121
-150.0,1,151.732985
-150.0,1,151.742157
-150.0,1,151.749161
-338.352552,2,151.759347
-150.0,1,151.767199
-1149.385353,2,151.780412
-150.0,1,151.78868
-150.0,1,151.795648
-9213.179076,30,151.954094
-150.0,1,151.960243
-150.0,1,151.966932
-150.0,1,151.971951
-150.0,1,151.978788
-150.0,1,151.985683
-150.0,1,151.989558
-150.0,1,151.994279
-150.0,1,152.001457
-375.361862,2,152.018166
-999.319787,12,152.083137
-150.0,1,152.088347
-150.0,1,152.09714
-150.0,1,152.10445
-150.0,1,152.110834
-150.0,1,152.116699
-150.0,1,152.122466
-150.0,1,152.128905
-150.0,1,152.134509
-150.0,1,152.138355
-190.720996,2,152.150952
-150.0,1,152.158414
-150.0,1,152.164995
-150.0,1,152.170782
-150.0,1,152.175799
-150.0,1,152.184049
-150.0,1,152.188644
-150.0,1,152.197354
-150.0,1,152.202893
-150.0,1,152.210578
-150.0,1,152.217725
-150.0,1,152.226055
-150.0,1,152.230651
-150.0,1,152.238819
-150.0,1,152.24336
-150.0,1,152.250164
-150.0,1,152.255356
-150.0,1,152.26303
-150.0,1,152.267689
-150.0,1,152.274363
-333.776057,3,152.2906
-150.0,1,152.299345
-150.0,1,152.304583
-150.0,1,152.308961
-2647326.960138,3,152.327406
-150.0,1,152.336143
-150.0,1,152.342157
-150.0,1,152.347944
-150.0,1,152.354415
-150.0,1,152.362342
-150.0,1,152.368676
-150.0,1,152.374389
-150.0,1,152.378864
-150.0,1,152.385175
-150.0,1,152.39133
-150.0,1,152.399896
-150.0,1,152.404712
-150.0,1,152.412153
-150.0,1,152.417251
-150.0,1,152.426297
-557.871272,7,152.465987
-150.0,1,152.474959
-150.0,1,152.478886
-150.0,1,152.487694
-150.0,1,152.496634
-150.0,1,152.50484
-150.0,1,152.511282
-150.0,1,152.517138
-150.0,1,152.524344
-150.0,1,152.533649
-150.0,1,152.538577
-150.0,1,152.544416
-596.11635,5,152.57158
-150.0,1,152.581081
-1762.255417,20,152.688523
-150.0,1,152.693663
-150.0,1,152.702564
-150.0,1,152.709255
-150.0,1,152.716
-150.0,1,152.720104
-150.0,1,152.726743
-150.0,1,152.734974
-150.0,1,152.742041
-150.0,1,152.749448
-886.613968,2,152.76001
-150.0,1,152.768813
-150.0,1,152.773102
-150.0,1,152.778118
-150.0,1,152.782827
-150.0,1,152.791344
-488.989747,2,152.80218
-150.0,1,152.806096
-374.977744,5,152.834662
-161.81463,2,152.851371
-150.0,1,152.85832
-150.0,1,152.864774
-150.0,1,152.871825
-150.0,1,152.878403
-150.0,1,152.884182
-520.355726,2,152.897894
-150.0,1,152.901838
-150.0,1,152.907975
-150.0,1,152.914335
-150.0,1,152.921126
-150.0,1,152.925879
-150.0,1,152.934829
-150.0,1,152.945994
-150.0,1,152.951129
-4796103.159719,2,152.960657
-344.297256,3,152.982759
-432.869089,3,152.998258
-150.0,1,153.002849
-785.820388,2,153.01752
-150.0,1,153.024149
-483.033309,2,153.036913
-150.0,1,153.048994
-150.0,1,153.053852
-150.0,1,153.062769
-150.0,1,153.071676
-150.0,1,153.079023
-219.33942,3,153.094557
-150.0,1,153.103108
-1003.172387,3,153.117475
-150.0,1,153.126654
-281.945146,2,153.136519
-150.0,1,153.147607
-150.0,1,153.15488
-892.084162,2,153.164787
-150.0,1,153.172534
-150.0,1,153.181737
-150.0,1,153.189562
-150.0,1,153.198824
-150.0,1,153.205582
-150.0,1,153.214564
-150.0,1,153.222117
-150.0,1,153.226966
-150.0,1,153.23174
-150.0,1,153.24042
-150.0,1,153.245247
-1151.432027,2,153.256441
-150.0,1,153.264178
-150.0,1,153.271348
-429.33712,4,153.295687
-150.0,1,153.3048
-150.0,1,153.308703
-437.824745,2,153.323213
-150.0,1,153.329292
-150.0,1,153.334969
-150.0,1,153.342267
-150.0,1,153.350286
-150.0,1,153.357018
-150.0,1,153.363517
-150.0,1,153.3708
-150.0,1,153.377928
-150.0,1,153.385453
-150.0,1,153.391551
-371.364353,2,153.402977
-150.0,1,153.411178
-150.0,1,153.417244
-150.0,1,153.423874
-150.0,1,153.427586
-150.0,1,153.435054
-464.972423,2,153.447266
-150.0,1,153.457577
-150.0,1,153.461979
-150.0,1,153.471205
-150.0,1,153.480724
-150.0,1,153.488537
-960.918813,6,153.521337
-150.0,1,153.530438
-150.0,1,153.537189
-150.0,1,153.547042
-151.625833,2,153.55922
-438.903438,3,153.57588
-1045.488114,2,153.58649
-1560.26918,3,153.601921
-150.0,1,153.610343
-150.0,1,153.617548
-150.0,1,153.622328
-150.0,1,153.628936
-591.024128,6,153.65913
-150.0,1,153.668513
-150.0,1,153.675969
-150.0,1,153.683051
-150.0,1,153.691732
-2793.792104,2,153.704857
-150.0,1,153.709283
-150.0,1,153.71526
-150.0,1,153.719223
-150.0,1,153.728904
-150.0,1,153.734091
-1464.326202,4,153.754923
-150.0,1,153.760972
-150.0,1,153.769913
-150.0,1,153.776796
-700.721643,2,153.785863
-1230.623101,3,153.803399
-150.0,1,153.810951
-1184.281319,48,154.067255
-150.0,1,154.078138
-4405.454296,12,154.140844
-2920.185106,2,154.154867
-150.0,1,154.161275
-150.0,1,154.165818
-150.0,1,154.17469
-150.0,1,154.182345
-150.0,1,154.190998
-150.0,1,154.197408
-150.0,1,154.203959
-150.0,1,154.211805
-150.0,1,154.221647
-150.0,1,154.228981
0.0,1,154.233525
-150.0,1,154.240829
-150.0,1,154.245809
-356.77477,5,154.27046
-150.0,1,154.277721
-360.667942,2,154.290264
-150.0,1,154.294255
-150.0,1,154.301642
-150.0,1,154.305371
-150.0,1,154.316395
-4327.661571,58,154.62036
-150.0,1,154.626351
-150.0,1,154.63085
-150.0,1,154.638908
-150.0,1,154.647278
-150.0,1,154.653127
-150.0,1,154.657104
-150.0,1,154.663694
-150.0,1,154.671187
-1006.804611,3,154.688001
-150.0,1,154.69663
-195.915373,2,154.709339
-418.755109,2,154.72329
-150.0,1,154.730351
-150.0,1,154.734587
-2803.539788,18,154.833807
-150.0,1,154.841323
-150.0,1,154.845657
-150.0,1,154.851714
-150.0,1,154.859078
-150.0,1,154.865551
-150.0,1,154.871148
-150.0,1,154.879308
-150.0,1,154.888814
-150.0,1,154.89783
-150.0,1,154.903038
-150.0,1,154.909822
-150.0,1,154.918617
-150.0,1,154.923004
-150.0,1,154.9276
-150.0,1,154.936816
-969.657122,2,154.950972
-150.0,1,154.956042
-279.179549,2,154.968111
-150.0,1,154.976044
-150.0,1,154.984223
-150.0,1,154.988894
-150.0,1,154.998541
-150.0,1,155.004358
-843.124778,3,155.023111
-150.0,1,155.032696
-150.0,1,155.038704
-341.904448,3,155.056662
-150.0,1,155.06575
-150.0,1,155.069704
-150.0,1,155.076759
-150.0,1,155.083605
-150.0,1,155.092486
-150.0,1,155.096911
-986.271073,11,155.157141
-150.0,1,155.164633
-492.113792,8,155.208621
-150.0,1,155.217778
-150.0,1,155.226021
-150.0,1,155.232957
-150.0,1,155.241698
-316.236533,2,155.252588
-150.0,1,155.257968
-150.0,1,155.262114
-150.0,1,155.271299
-492.221083,2,155.281342
-150.0,1,155.287316
-797.257272,2,155.302008
-150.0,1,155.310766
-150.0,1,155.31485
-150.0,1,155.322631
-150.0,1,155.328607
-3278503.028775,2,155.341762
-786.689653,30,155.498952
-150.0,1,155.504004
-150.0,1,155.510349
-150.0,1,155.519665
-150.0,1,155.526164
-150.0,1,155.531404
-662.899392,3,155.547657
-150.0,1,155.556724
-150.0,1,155.563561
-231.198871,3,155.580885
-150.0,1,155.58661
-1579.624152,2,155.600837
-150.0,1,155.610274
-150.0,1,155.617009
-150.0,1,155.623708
-150.0,1,155.634286
-150.0,1,155.639835
-150.0,1,155.644839
-150.0,1,155.650507
-150.0,1,155.656914
-150.0,1,155.662332
-623.441486,2,155.673906
-150.0,1,155.677635
-255.24179,2,155.694158
-150.0,1,155.700863
-784.228391,7,155.737794
-150.0,1,155.743396
-150.0,1,155.753368
-150.0,1,155.759384
-150.0,1,155.767909
-150.0,1,155.775094
-150.0,1,155.781629
-150.0,1,155.787529
-150.0,1,155.794513
-150.0,1,155.802037
-150.0,1,155.810612
-150.0,1,155.815132
-150.0,1,155.821421
-150.0,1,155.829693
-401.002715,5,155.855716
-150.0,1,155.86132
-1486.548276,3,155.877079
-532.916616,3,155.895231
-150.0,1,155.904874
-150.0,1,155.912005
-164.781958,2,155.928774
-314.062074,2,155.938313
-150.0,1,155.946159
-150.0,1,155.9532
-150.0,1,155.957865
-150.0,1,155.962136
-481.761683,3,155.984427
-150.0,1,155.990391
-150.0,1,155.995323
-150.0,1,156.001644
-150.0,1,156.010046
-150.0,1,156.016103
-254.702614,2,156.029892
-150.0,1,156.039529
-150.0,1,156.046327
-150.0,1,156.050424
-150.0,1,156.0566
-150.0,1,156.062174
-1012.414116,6,156.095207
-150.0,1,156.103948
-150.0,1,156.113003
-150.0,1,156.120183
-150.0,1,156.128648
-150.0,1,156.134255
-415.818202,2,156.145306
-1709.734115,3,156.161424
-150.0,1,156.168894
-150.0,1,156.173556
-587.939329,2,156.185958
-6015.557757,33,156.356383
-150.0,1,156.363602
-150.0,1,156.371031
-552.691029,4,156.391886
-150.0,1,156.39979
-249.713426,2,156.412699
-150.0,1,156.419889
-490.72154,2,156.429545
-150.0,1,156.43398
-215.952916,2,156.452628
-150.0,1,156.45785
-216.651802,2,156.468962
-150.0,1,156.47657
-150.0,1,156.484319
-150.0,1,156.488151
-150.0,1,156.496268
-150.0,1,156.502893
-596.11635,5,156.532021
-150.0,1,156.536754
-150.0,1,156.542432
-150.0,1,156.549765
-150.0,1,156.558937
-150.0,1,156.563304
-150.0,1,156.569717
-150.0,1,156.574413
-1579.624152,2,156.586571
-150.0,1,156.593689
-259.501366,2,156.608513
-1164.40423,2,156.623115
-975.864426,25,156.757582
-150.0,1,156.767607
-4944.525167,18,156.862089
-150.0,1,156.86725
-150.0,1,156.876579
-150.0,1,156.883225
-150.0,1,156.889544
-150.0,1,156.894778
-150.0,1,156.900789
-150.0,1,156.904678
-150.0,1,156.914299
-150.0,1,156.918546
-150.0,1,156.924997
-150.0,1,156.930968
-150.0,1,156.936927
-150.0,1,156.941452
-150.0,1,156.947942
-150.0,1,156.951808
-150.0,1,156.957821
-150.0,1,156.963213
-150.0,1,156.972284
-150.0,1,156.977609
-150.0,1,156.983327
-478.712943,4,157.00331
-150.0,1,157.011524
-150.0,1,157.01589
-150.0,1,157.023397
-150.0,1,157.029284
-150.0,1,157.036877
-150.0,1,157.043325
-541.474564,4,157.067912
-150.0,1,157.073485
-150.0,1,157.084124
-150.0,1,157.088513
-673.723724,5,157.117294
-150.0,1,157.1261
-150.0,1,157.136392
-6124.045674,70,157.510541
-644.75018,6,157.542684
-150.0,1,157.550675
-150.0,1,157.558343
-150.0,1,157.563179
-150.0,1,157.568676
-150.0,1,157.574656
-150.0,1,157.582528
-150.0,1,157.587929
-150.0,1,157.59586
-150.0,1,157.602523
-150.0,1,157.608733
-150.0,1,157.615315
-189.973418,2,157.627507
-456.169983,3,157.643674
-150.0,1,157.65075
-150.0,1,157.658035
-150.0,1,157.662511
-2192.320272,14,157.738698
-150.0,1,157.745861
-150.0,1,157.752378
-150.0,1,157.760082
-1794.148844,13,157.826692
-3457.503288,39,158.033778
-5925.378708,5,158.057842
-150.0,1,158.062136
-150.0,1,158.066656
-150.0,1,158.074593
-150.0,1,158.08114
-150.0,1,158.086418
-150.0,1,158.09108
-150.0,1,158.101008
-150.0,1,158.105693
-150.0,1,158.109859
-150.0,1,158.114987
-150.0,1,158.126563
-489.206415,2,158.139127
-150.0,1,158.145346
-150.0,1,158.151531
-150.0,1,158.157442
-288.238889,2,158.167519
-150.0,1,158.172679
-150.0,1,158.178316
-150.0,1,158.184594
-150.0,1,158.190129
-150.0,1,158.198169
-150.0,1,158.204346
-150.0,1,158.210558
-150.0,1,158.214853
-150.0,1,158.222497
-150.0,1,158.233055
-150.0,1,158.241525
-150.0,1,158.24741
-150.0,1,158.254241
-150.0,1,158.259309
-282.115323,2,158.270929
-263.944795,2,158.286469
-150.0,1,158.293876
-706.313271,8,158.341884
-150.0,1,158.350148
-150.0,1,158.356605
-150.0,1,158.361052
-150.0,1,158.368345
-157.403652,2,158.381618
-920.950502,11,158.439234
-336.387829,2,158.450857
-150.0,1,158.455488
-150.0,1,158.462346
-150.0,1,158.468642
-150.0,1,158.474168
-150.0,1,158.479821
-1228.775807,7,158.521303
-8046.482712,26,158.660034
-150.0,1,158.666448
-150.0,1,158.670852
-150.0,1,158.677221
-150.0,1,158.683696
-150.0,1,158.690478
-150.0,1,158.697501
-150.0,1,158.706969
-150.0,1,158.715636
-150.0,1,158.723837
-150.0,1,158.730428
-1152.613294,2,158.742195
-4736124.187038,3,158.759241
-150.0,1,158.766138
-150.0,1,158.771935
-505.932084,4,158.794823
-150.0,1,158.8024
-150.0,1,158.809795
-150.0,1,158.813967
-150.0,1,158.82463
-150.0,1,158.829879
-150.0,1,158.835593
-296.218329,2,158.847995
-518.03156,2,158.861322
-150.0,1,158.866241
-150.0,1,158.87297
-150.0,1,158.879043
-150.0,1,158.887479
-150.0,1,158.894001
-362.267531,2,158.905606
-150.0,1,158.912321
-150.0,1,158.918642
-150.0,1,158.928277
-150.0,1,158.932518
-150.0,1,158.938051
-150.0,1,158.944949
-150.0,1,158.954107
-150.0,1,158.958222
-150.0,1,158.966037
-150.0,1,158.974257
-150.0,1,158.983618
-150.0,1,158.990158
-150.0,1,158.999071
-150.0,1,159.005221
-7277.162696,3,159.022503
-150.0,1,159.031479
-150.0,1,159.03855
-150.0,1,159.048054
-150.0,1,159.053307
-150.0,1,159.059507
-150.0,1,159.067593
-150.0,1,159.075189
-150.0,1,159.081163
-150.0,1,159.08503
-150.0,1,159.09151
-284.260093,2,159.105003
-150.0,1,159.109471
-150.0,1,159.12094
-150.0,1,159.1247
-157.565579,2,159.139665
-150.0,1,159.149006
-150.0,1,159.154137
-150.0,1,159.158114
-150.0,1,159.165713
-150.0,1,159.174533
-150.0,1,159.182983
-150.0,1,159.189366
-761.543269,3,159.20818
-2192.320272,14,159.284495
-311.566671,2,159.296403
-186.458386,2,159.305871
-150.0,1,159.313823
-150.0,1,159.318879
-150.0,1,159.325878
-150.0,1,159.33301
-2056.592417,8,159.377377
-222.132068,2,159.388073
-150.0,1,159.393821
-150.0,1,159.399261
-150.0,1,159.409822
-150.0,1,159.415642
-150.0,1,159.421603
-150.0,1,159.429437
-150.0,1,159.43968
-150.0,1,159.444949
-375.051761,2,159.456642
-150.0,1,159.465842
-291.061845,2,159.476594
-150.0,1,159.482808
-261.101447,4,159.506364
-150.0,1,159.512641
-15194827.509733,2,159.525487
-238.922266,2,159.537501
-6678.776981,100,160.06256
-291.034935,3,160.079118
-150.0,1,160.086988
-150.0,1,160.092013
-150.0,1,160.098937
-150.0,1,160.106491
-150.0,1,160.114778
-150.0,1,160.119615
-150.0,1,160.124171
-304.496425,3,160.139837
-150.0,1,160.149097
-150.0,1,160.154825
-150.0,1,160.163034
-3692.931714,5,160.19204
-850.727382,2,160.203257
-150.0,1,160.209934
-150.0,1,160.214605
-150.0,1,160.219162
-150.0,1,160.225049
-150.0,1,160.23555
-190.620701,2,160.244673
-304.327038,3,160.261225
-150.0,1,160.27002
-150.0,1,160.276635
-1199.697009,3,160.295536
-150.0,1,160.301469
-150.0,1,160.310141
-150.0,1,160.314235
-150.0,1,160.318715
-1299.041591,2,160.333244
-150.0,1,160.341768
-150.0,1,160.34625
-284.16131,2,160.357624
-424.663314,3,160.375227
-150.0,1,160.388077
-150.0,1,160.393683
-194.922056,2,160.404316
-150.0,1,160.411286
-256.060967,2,160.422935
-170.239406,2,160.435081
-150.0,1,160.441563
-158.467824,2,160.450587
-626.849892,6,160.489189
-150.0,1,160.495546
-467.236352,3,160.511992
-150.0,1,160.516027
-150.0,1,160.524668
-573.506178,7,160.563731
-150.0,1,160.571256
-150.0,1,160.577994
-150.0,1,160.583698
-150.0,1,160.591841
-150.0,1,160.598202
-150.0,1,160.605016
-150.0,1,160.61402
-150.0,1,160.619275
-150.0,1,160.623478
-150.0,1,160.629901
-150.0,1,160.63935
-150.0,1,160.647742
-150.0,1,160.652828
-150.0,1,160.659317
-150.0,1,160.665349
-150.0,1,160.673662
-150.0,1,160.677779
-150.0,1,160.684036
-150.0,1,160.691133
-1223.898519,2,160.70088
-150.0,1,160.708789
-150.0,1,160.713483
-15757604.73466,2,160.726772
-150.0,1,160.732134
-150.0,1,160.735912
-150.0,1,160.740443
-150.0,1,160.74913
-150.0,1,160.754471
-150.0,1,160.758538
-150.0,1,160.765929
-150.0,1,160.772188
-150.0,1,160.779585
-150.0,1,160.784345
-150.0,1,160.791563
-150.0,1,160.801335
-150.0,1,160.808218
-150.0,1,160.814718
-1085.945165,2,160.824897
-150.0,1,160.834262
-150.0,1,160.838977
-150.0,1,160.842916
-150.0,1,160.848421
-150.0,1,160.858644
-150.0,1,160.866688
-1834.144798,2,160.882032
-150.0,1,160.887853
-150.0,1,160.895667
-931.167012,12,160.958325
-150.0,1,160.963807
-150.0,1,160.968582
-150.0,1,160.977579
-150.0,1,160.985272
-150.0,1,160.990703
-275.579703,2,161.003739
-150.0,1,161.014536
-150.0,1,161.021867
-150.0,1,161.026459
-150.0,1,161.032511
-150.0,1,161.040168
-150.0,1,161.048395
-150.0,1,161.053524
-150.0,1,161.06081
-150.0,1,161.06755
-150.0,1,161.071243
-150.0,1,161.075882
-414.511083,6,161.110693
-150.0,1,161.116855
-150.0,1,161.124274
-150.0,1,161.130191
-150.0,1,161.13602
-790.065864,5,161.163474
-150.0,1,161.171814
-150.0,1,161.180801
-150.0,1,161.189585
-150.0,1,161.196927
-150.0,1,161.203655
-150.0,1,161.210715
-150.0,1,161.215325
-794.413343,2,161.227368
-150.0,1,161.236637
-150.0,1,161.244955
-150.0,1,161.249155
-150.0,1,161.255119
-150.0,1,161.261783
-325.889395,2,161.271429
-150.0,1,161.275903
-150.0,1,161.288928
-150.0,1,161.294898
-150.0,1,161.298969
-150.0,1,161.304547
-150.0,1,161.314386
-150.0,1,161.319294
-150.0,1,161.326622
-258.322188,2,161.340374
-150.0,1,161.349026
-150.0,1,161.353329
-1059.449637,9,161.400046
-415.77411,2,161.410186
-150.0,1,161.418305
-150.0,1,161.424842
-150.0,1,161.433368
-150.0,1,161.437646
-150.0,1,161.444381
-150.0,1,161.44823
-150.0,1,161.453988
-150.0,1,161.460161
-150.0,1,161.471437
-150.0,1,161.477931
-150.0,1,161.4876
-150.0,1,161.494577
-150.0,1,161.502001
-150.0,1,161.50872
-340.787785,4,161.528979
-150.0,1,161.539448
-150.0,1,161.546202
-150.0,1,161.551616
-150.0,1,161.559746
-150.0,1,161.566988
-1852.373717,2,161.577615
-175.939306,2,161.587777
-150.0,1,161.593934
-150.0,1,161.600455
-150.0,1,161.609844
-3042.129466,4,161.632732
-195.021481,2,161.644483
-150.0,1,161.648784
-150.0,1,161.656031
-150.0,1,161.663905
-682.873921,2,161.677598
-150.0,1,161.684467
-2780.196953,4,161.709639
-150.0,1,161.717525
-150.0,1,161.722848
-1430.375094,22,161.838464
-150.0,1,161.84913
-150.0,1,161.854733
-212.781418,2,161.863817
-150.0,1,161.871348
-150.0,1,161.878459
-150.0,1,161.883049
-276.584441,2,161.893829
-150.0,1,161.899441
-150.0,1,161.911648
-433.274838,14,161.98672
-214.599239,2,161.997553
-150.0,1,162.002816
-150.0,1,162.0132
-150.0,1,162.021521
-150.0,1,162.025419
-150.0,1,162.03446
-150.0,1,162.04522
-150.0,1,162.053079
-150.0,1,162.05768
-336.576638,2,162.069705
-150.0,1,162.077259
-150.0,1,162.081766
-150.0,1,162.086252
-150.0,1,162.091731
-150.0,1,162.098659
-150.0,1,162.10684
-150.0,1,162.114364
-150.0,1,162.12104
-150.0,1,162.12917
-150.0,1,162.133648
-150.0,1,162.141114
-150.0,1,162.150116
-150.0,1,162.159686
-400127.461122,2,162.168251
-237.403065,2,162.183289
-150.0,1,162.187813
-661.787076,10,162.245616
-150.0,1,162.250509
-150.0,1,162.255391
-4167956.020538,2,162.267825
-150.0,1,162.27409
-585.765683,2,162.28547
-150.0,1,162.291721
-2639253.037778,2,162.300352
-150.0,1,162.308749
-263.944795,2,162.321384
0.0,1,162.323946
-306.243043,3,162.343244
-150.0,1,162.352144
-150.0,1,162.358253
-150.0,1,162.370146
-150.0,1,162.375288
-150.0,1,162.383175
-150.0,1,162.388958
-150.0,1,162.395238
-150.0,1,162.399718
-2490.144649,28,162.551984
-150.0,1,162.556249
-150.0,1,162.560671
-150.0,1,162.571849
-150.0,1,162.580892
-26778.70661,87,163.040041
-150.0,1,163.045566
-150.0,1,163.052575
-150.0,1,163.060216
-150.0,1,163.069279
-150.0,1,163.075795
-150.0,1,163.082543
-150.0,1,163.089639
-150.0,1,163.097818
-150.0,1,163.102711
-150.0,1,163.107153
-150.0,1,163.11499
-150.0,1,163.121174
-150.0,1,163.12882
-150.0,1,163.132714
-150.0,1,163.14285
-150.0,1,163.150017
-706.313271,8,163.191027
-150.0,1,163.196962
-747.252105,6,163.22914
-150.0,1,163.235717
-150.0,1,163.241081
-408.384253,6,163.271122
-150.0,1,163.284356
-150.0,1,163.291764
-150.0,1,163.298135
-150.0,1,163.304898
-150.0,1,163.315697
-150.0,1,163.32208
-150.0,1,163.326028
-150.0,1,163.332705
-150.0,1,163.343411
-187.00735,2,163.353798
-150.0,1,163.358333
-150.0,1,163.366577
-150.0,1,163.37291
-150.0,1,163.3777
-853.934769,4,163.400344
-150.0,1,163.405153
-150.0,1,163.414544
-150.0,1,163.419486
-150.0,1,163.424812
-150.0,1,163.428974
-388.053345,2,163.442863
-150.0,1,163.448346
-150.0,1,163.456834
-150.0,1,163.46297
-150.0,1,163.474166
-3979.550916,64,163.813204
-721.338035,9,163.8634
-150.0,1,163.867258
-150.0,1,163.878205
-649.254657,2,163.887084
-150.0,1,163.894746
-240.688881,3,163.911409
-150.0,1,163.91921
-150.0,1,163.929343
-150.0,1,163.936357
-240.688881,3,163.954796
-150.0,1,163.961231
-150.0,1,163.966504
-150.0,1,163.971199
-150.0,1,163.977724
-1484.25939,12,164.046905
-150.0,1,164.054171
-150.0,1,164.058308
-3964557.529731,6,164.09457
-427.736328,2,164.107053
-150.0,1,164.113107
-150.0,1,164.120043
-150.0,1,164.125483
-150.0,1,164.133678
-240.731981,3,164.152049
-150.0,1,164.155842
-150.0,1,164.160324
-150.0,1,164.171435
-150.0,1,164.176636
-150.0,1,164.181975
-150.0,1,164.190854
-150.0,1,164.199725
-150.0,1,164.204019
-150.0,1,164.208315
-150.0,1,164.214798
-172.878741,3,164.235298
-150.0,1,164.241706
-150.0,1,164.250623
-150.0,1,164.255069
-150.0,1,164.261974
-150.0,1,164.267022
-150.0,1,164.27539
-957.735633,4,164.301764
-150.0,1,164.310463
-150.0,1,164.315708
-150.0,1,164.3211
-150.0,1,164.327229
-150.0,1,164.33497
-150.0,1,164.340718
-150.0,1,164.344806
-150.0,1,164.351973
-150.0,1,164.359009
-150.0,1,164.363361
-150.0,1,164.36835
-150.0,1,164.379327
-879.737922,17,164.471999
-150.0,1,164.477629
-150.0,1,164.481927
-150.0,1,164.488618
-150.0,1,164.496521
-255.733154,2,164.505978
-150.0,1,164.512863
-150.0,1,164.517348
-1042.441435,9,164.569395
-150.0,1,164.576901
-150.0,1,164.585314
-150.0,1,164.594515
-808.406703,8,164.640577
-257.593116,2,164.655143
-235.286676,3,164.675192
-150.0,1,164.68286
-150.0,1,164.6913
-150.0,1,164.696598
-170.950561,2,164.70748
-150.0,1,164.713426
-644.75018,6,164.747236
-239.162446,2,164.758612
-150.0,1,164.765862
-150.0,1,164.770552
-150.0,1,164.777031
-150.0,1,164.787409
-150.0,1,164.791618
-150.0,1,164.797144
-150.0,1,164.805768
-150.0,1,164.812486
-365.569215,2,164.823067
-876.337557,4,164.847438
-335.260162,2,164.860077
-150.0,1,164.864243
-150.0,1,164.869962
-150.0,1,164.87922
-150.0,1,164.89056
-150.0,1,164.89704
-13734.867899,46,165.136707
-150.0,1,165.142814
-438.297758,3,165.163272
-199.56761,3,165.179085
-150.0,1,165.184762
-150.0,1,165.197294
-150.0,1,165.204496
-150.0,1,165.21201
-693.51676,3,165.230422
-843.196736,10,165.283841
-150.0,1,165.295367
-150.0,1,165.302707
-150.0,1,165.312288
-150.0,1,165.318491
-237.000363,3,165.337333
-150.0,1,165.342343
-254.702614,2,165.359171
-150.0,1,165.367462
-150.0,1,165.375305
-411.733476,2,165.389229
-150.0,1,165.393886
-150.0,1,165.397944
-198.26505,2,165.412981
-150.0,1,165.422167
-1238.106702,12,165.486941
-150.0,1,165.49604
-191.266363,2,165.513076
-150.0,1,165.518676
-150.0,1,165.523637
-562.786464,3,165.541134
-3532107.066033,2,165.557666
-150.0,1,165.563224
-567.148125,3,165.5811
-150.0,1,165.586669
-150.0,1,165.595942
-150.0,1,165.603515
-150.0,1,165.610853
-150.0,1,165.615585
-150.0,1,165.624799
-150.0,1,165.63039
-150.0,1,165.637137
-150.0,1,165.64256
-150.0,1,165.652251
-150.0,1,165.661192
-150.0,1,165.667562
-150.0,1,165.672593
-565.784863,2,165.686027
-150.0,1,165.692283
-226.253922,2,165.704045
-656.936332,4,165.731568
-150.0,1,165.739739
-150.0,1,165.745547
-150.0,1,165.754833
-572.003956,2,165.764612
-150.0,1,165.774962
-150.826784,2,165.785907
-150.0,1,165.792228
-150.0,1,165.799048
-150.0,1,165.807522
-150.0,1,165.814083
-1164.214071,14,165.894173
-1162.872785,3,165.909729
-150.0,1,165.921876
-150.0,1,165.927591
-1444.891661,6,165.959547
-150.0,1,165.96885
-150.0,1,165.976549
-464.972423,2,165.984925
-150.0,1,165.990893
-150.0,1,165.995482
-150.0,1,166.006743
-734.819628,2,166.019046
-150.0,1,166.024894
-150.0,1,166.031607
-150.0,1,166.039231
-150.0,1,166.045799
-150.0,1,166.053066
-150.0,1,166.060208
-210.973359,4,166.083645
-150.0,1,166.090398
-150.0,1,166.096539
-150.0,1,166.10275
-818.542331,8,166.146766
-1096.381781,4,166.168148
-150.0,1,166.175013
-287.921963,2,166.187333
-150.0,1,166.19489
-150.0,1,166.200947
-150.0,1,166.206344
-150.0,1,166.215356
-150.0,1,166.224319
-1145.322499,4,166.247772
-150.0,1,166.25151
-150.0,1,166.255502
-150.0,1,166.267848
-150.0,1,166.271652
-150.0,1,166.276618
-150.0,1,166.281276
-150.0,1,166.29169
-150.0,1,166.295981
-150.0,1,166.300407
-226.253922,2,166.311862
-150.0,1,166.317981
-150.0,1,166.323482
-150.0,1,166.332297
-150.0,1,166.33891
-150.0,1,166.345209
-150.0,1,166.352446
-150.0,1,166.357883
-150.0,1,166.36429
-150.0,1,166.37139
-150.0,1,166.375887
-150.0,1,166.380635
-388.053345,2,166.393527
-150.0,1,166.400827
-150.0,1,166.405017
-150.0,1,166.415846
-150.0,1,166.421112
-303.550872,16,166.506865
-150.0,1,166.514613
-150.0,1,166.519791
-150.0,1,166.527005
-150.0,1,166.536313
-150.0,1,166.542205
-150.0,1,166.546617
-150.0,1,166.553269
-788.180501,2,166.563795
-150.0,1,166.568067
-150.0,1,166.574181
-191.497785,3,166.588715
-150.0,1,166.601422
-150.0,1,166.607453
-364.710958,5,166.632048
-150.0,1,166.6381
-219.759011,2,166.653643
-150.0,1,166.659022
-150.0,1,166.666917
-245.613044,2,166.677688
-1010.144147,5,166.70567
-150.0,1,166.712252
-354.905945,3,166.729008
-150.0,1,166.733572
-150.0,1,166.744213
-843.196736,10,166.797534
-212.781418,2,166.809617
-150.0,1,166.814555
-710.969116,21,166.926771
-150.0,1,166.932178
-150.0,1,166.941954
-150.0,1,166.947955
-150.0,1,166.955758
-335.260162,2,166.968912
-150.0,1,166.975147
-150.0,1,166.980612
-150.0,1,166.991031
-151.065278,2,167.004998
-150.0,1,167.011217
-150.0,1,167.015426
-150.0,1,167.024854
-150.0,1,167.029725
-150.0,1,167.034657
-322.107373,5,167.062261
-150.0,1,167.070499
-150.0,1,167.075329
-150.0,1,167.081849
-150.0,1,167.086104
-150.0,1,167.099174
-150.0,1,167.104105
-150.0,1,167.108883
-1180.27149,2,167.120308
-425.097849,8,167.165406
-150.0,1,167.171853
-150.0,1,167.17682
-150.0,1,167.183123
-150.0,1,167.191599
-150.0,1,167.195897
-150.0,1,167.199936
-150.0,1,167.204473
-150.0,1,167.216383
-150.0,1,167.222678
-216.694926,2,167.235023
-302.323732,4,167.256599
-150.0,1,167.270331
-150.0,1,167.274723
-404.862064,2,167.285379
-364.710958,5,167.31749
-150.0,1,167.326238
-150.0,1,167.334149
-150.0,1,167.338282
-150.0,1,167.343876
-150.0,1,167.351532
-150.0,1,167.358686
-150.0,1,167.363622
-150.0,1,167.369749
-150.0,1,167.376463
-150.0,1,167.38317
-150.0,1,167.387141
-150.0,1,167.392972
-150.0,1,167.402089
-150.0,1,167.410495
-150.0,1,167.414831
-150.0,1,167.420516
-2383.539041,2,167.43198
-150.0,1,167.437662
-150.0,1,167.443288
-150.0,1,167.45382
-150.0,1,167.461983
-189.699469,2,167.472188
-150.0,1,167.479135
-150.0,1,167.487209
-150.0,1,167.494425
-150.0,1,167.503999
-861.501082,9,167.551424
-219.142516,2,167.562392
-150.0,1,167.570444
-150.0,1,167.574544
-490.72154,2,167.584208
-150.0,1,167.591052
-150.0,1,167.601946
-150.0,1,167.606039
-150.0,1,167.61083
-150.0,1,167.616739
-150.0,1,167.624124
-150.0,1,167.629473
-150.0,1,167.63797
-150.0,1,167.647246
-1947.197902,21,167.758189
-150.0,1,167.766363
-150.0,1,167.775097
-150.0,1,167.78287
-150.0,1,167.790429
-150.0,1,167.798348
-150.0,1,167.80336
-239.162446,2,167.813826
-150.0,1,167.820937
-150.0,1,167.825628
-150.0,1,167.83112
-525.000388,8,167.874174
-150.0,1,167.882009
-150.0,1,167.885787
-6066124.280422,14,167.958636
-150.0,1,167.966969
-150.0,1,167.976913
-150.0,1,167.98056
-150.0,1,167.989635
-150.0,1,167.994154
-150.0,1,168.001273
-150.0,1,168.006254
-150.0,1,168.013402
-150.0,1,168.020261
-150.0,1,168.028034
-464.650252,2,168.03868
-150.0,1,168.043359
-245.182923,2,168.055227
-150.0,1,168.067668
-150.0,1,168.072091
-150.0,1,168.078961
-150.0,1,168.087432
-150.0,1,168.097975
-150.0,1,168.107091
-150.0,1,168.113244
-150.0,1,168.120218
-150.0,1,168.132225
-150.0,1,168.137033
-150.0,1,168.141982
-150.0,1,168.146093
-150.0,1,168.15871
-150.0,1,168.162489
-150.0,1,168.168234
-150.0,1,168.175325
-150.0,1,168.187369
-150.0,1,168.194249
-212.684173,2,168.203485
-150.0,1,168.208917
-168.944263,2,168.222713
-150.0,1,168.227937
-150.0,1,168.233342
-150.0,1,168.237096
-150.0,1,168.246035
-150.0,1,168.253284
-150.0,1,168.258698
-512.377868,4,168.281839
-150.0,1,168.291621
-150.0,1,168.300297
-150.0,1,168.304998
-311.437581,4,168.325679
-3943.770799,35,168.512613
-150.0,1,168.517825
-150.0,1,168.525872
-150.0,1,168.531181
-150.0,1,168.538638
-840.766964,2,168.550242
-1079.896806,2,168.56097
-534.961807,2,168.574445
-150.0,1,168.580674
-150.0,1,168.586447
-150.0,1,168.596473
-150.0,1,168.605657
-150.0,1,168.614484
-150.0,1,168.619421
-150.0,1,168.624125
-150.0,1,168.63121
-150.0,1,168.638896
-150.0,1,168.64534
-150.0,1,168.649796
-150.0,1,168.657034
-150.0,1,168.664136
-150.0,1,168.672827
-150.0,1,168.678255
-150.0,1,168.685008
-150.0,1,168.694146
-150.0,1,168.699454
-150.0,1,168.70392
-150.0,1,168.710413
-309.417825,3,168.72563
-150.0,1,168.732086
-150.0,1,168.73961
-150.0,1,168.744394
-150.0,1,168.751466
-150.0,1,168.758108
-150.0,1,168.767456
-150.0,1,168.775252
-150.0,1,168.781399
-150.0,1,168.788338
-150.0,1,168.793321
-150.0,1,168.801636
-150.0,1,168.807773
-150.0,1,168.814564
-150.0,1,168.818433
-544.755773,2,168.829915
-150.0,1,168.840895
-150.0,1,168.846142
-150.0,1,168.851602
-150.0,1,168.855938
-150.0,1,168.865979
-150.0,1,168.870165
-150.0,1,168.876016
-150.0,1,168.883893
-150.0,1,168.891737
-150.0,1,168.896018
-150.0,1,168.903109
-274.568727,2,168.917261
-809.548031,3,168.93732
-150.0,1,168.945329
-2569.413052,18,169.042166
-150.0,1,169.046724
-150.0,1,169.056111
-2549955.287968,2,169.064496
-309.689983,2,169.078064
-150.0,1,169.083553
-273.454408,2,169.094263
-150.0,1,169.099555
-151.766885,2,169.11076
-150.0,1,169.117791
-150.0,1,169.125477
-473.631846,5,169.152555
-7169742.942688,3,169.16836
-150.0,1,169.172861
-204.857593,2,169.185591
-150.0,1,169.191294
-150.0,1,169.196766
-150.0,1,169.201038
-150.0,1,169.210128
-150.0,1,169.219208
-150.0,1,169.224864
-682.873921,2,169.236999
-150.0,1,169.246891
-150.0,1,169.254194
-150.0,1,169.262475
-150.0,1,169.268998
-150.0,1,169.27841
-150.0,1,169.283897
-150.0,1,169.289505
-150.0,1,169.297543
-150.0,1,169.307707
-150.0,1,169.316558
-580.21468,3,169.335827
-150.0,1,169.34148
-150.0,1,169.349095
-150.0,1,169.354594
-246.148288,2,169.364618
-150.0,1,169.370404
-150.0,1,169.379508
-150.0,1,169.38715
-150.0,1,169.392941
-150.0,1,169.401668
-150.0,1,169.407981
-150.0,1,169.419519
-668.913105,3,169.434189
-678.694676,2,169.447365
-150.0,1,169.453784
-346.459657,2,169.465284
-150.0,1,169.472648
-150.0,1,169.478001
-150.0,1,169.485683
-150.0,1,169.493169
-150.0,1,169.497795
-150.0,1,169.502532
-150.0,1,169.510662
-150.0,1,169.519205
-150.0,1,169.524617
-313.208745,2,169.533506
-150.0,1,169.543993
-150.0,1,169.550538
-150.0,1,169.555835
-751.535202,3,169.572226
-578.27394,7,169.61466
-150.0,1,169.618463
-150.0,1,169.625923
-150.0,1,169.63146
-150.0,1,169.640704
-150.0,1,169.644536
-150.0,1,169.650048
-150.0,1,169.654962
-150.0,1,169.667046
-150.0,1,169.677015
-1030.774122,5,169.703514
-150.0,1,169.709675
-150.0,1,169.718023
-150.0,1,169.723011
-621.71043,3,169.739516
-150.0,1,169.747558
-911.091979,5,169.774697
-150.0,1,169.780614
-150.0,1,169.788922
-150.0,1,169.794964
-150.0,1,169.803829
-150.0,1,169.808762
-182.12711,2,169.819033
-150.0,1,169.822927
-150.0,1,169.831464
-150.0,1,169.838996
-150.0,1,169.845356
-186.687993,2,169.856109
-150.0,1,169.868315
-150.0,1,169.873754
-150.0,1,169.878303
-150.0,1,169.882799
-150.0,1,169.890342
-734.819628,2,169.90157
-376.72447,2,169.913489
-150.0,1,169.917542
-150.0,1,169.924856
-150.0,1,169.930841
-150.0,1,169.939568
-150.0,1,169.94752
-150.0,1,169.953717
-150.0,1,169.959064
-150.0,1,169.968916
-150.0,1,169.973315
-362.361349,2,169.984597
-150.0,1,169.994417
-2606.277884,7,170.029667
-363.53705,7,170.066165
-150.0,1,170.074179
-150.0,1,170.07981
-150.0,1,170.086547
-243.466461,3,170.105802
-150.0,1,170.112645
-150.0,1,170.117522
-150.0,1,170.125805
-150.0,1,170.131586
-153.065536,2,170.144567
-150.0,1,170.148853
-150.0,1,170.158278
-150.0,1,170.16709
-150.0,1,170.176876
-150.0,1,170.181546
-150.0,1,170.188051
-150.0,1,170.194302
-150.0,1,170.204209
-150.0,1,170.209712
-150.0,1,170.215666
-198.461921,2,170.225934
-182.013225,2,170.242328
-4607.509056,51,170.503824
-211.006824,2,170.515838
-150.0,1,170.521739
-150.0,1,170.528384
-4042.76611,4,170.549966
-150.0,1,170.556083
-2181.430416,24,170.677582
-150.0,1,170.684653
-150.0,1,170.692837
-401.593587,3,170.709091
-954.570988,4,170.73057
-455.604406,2,170.743073
-397.203353,4,170.767903
-150.0,1,170.775017
-150.0,1,170.779424
-150.0,1,170.786289
-1292.729828,24,170.909561
-150.0,1,170.915253
-150.0,1,170.923885
-150.0,1,170.931095
-150.0,1,170.935096
-253.562778,3,170.951988
-150.0,1,170.957273
-150.0,1,170.9665
-150.0,1,170.973848
-150.0,1,170.978237
-150.0,1,170.983809
-235.730832,2,170.997833
-163.448668,2,171.007749
-150.0,1,171.016711
-150.0,1,171.022327
-150.0,1,171.028747
-150.0,1,171.032986
-155.424259,2,171.04424
-150.0,1,171.048691
-150.0,1,171.057445
-150.0,1,171.063952
-428.516944,2,171.075706
-196.444468,2,171.084874
-627.113786,4,171.108847
-273.569944,2,171.122874
-150.0,1,171.131965
-150.0,1,171.140182
-580.861787,2,171.153661
-150.0,1,171.158404
-150.0,1,171.164818
-150.0,1,171.173842
-150.0,1,171.182907
-694.847712,4,171.207251
-2583.486338,29,171.358268
-295.028802,2,171.372123
-310.649211,2,171.386569
-229.946183,2,171.400197
-150.0,1,171.405003
-150.0,1,171.412878
-150.0,1,171.420995
-173.853658,2,171.432959
-150.0,1,171.439987
-537.315227,2,171.450585
-404.862064,2,171.462339
-150.0,1,171.467588
-150.0,1,171.477461
-150.0,1,171.487534
-150.0,1,171.496404
-150.0,1,171.505445
-150.0,1,171.512479
-182.754739,2,171.52471
-150.0,1,171.536196
-150.0,1,171.542116
-150.0,1,171.548172
-370.088665,2,171.558715
-150.0,1,171.567995
-342.22944,2,171.580234
-150.0,1,171.584939
-150.0,1,171.590394
-150.0,1,171.596985
-1987.414891,3,171.616025
-150.0,1,171.620985
-150.0,1,171.628992
-150.0,1,171.638063
-150.0,1,171.64716
-150.0,1,171.652995
-150.0,1,171.659234
-150.0,1,171.669268
-150.0,1,171.675457
-150.0,1,171.68579
-307.284481,5,171.711155
-150.0,1,171.718531
-547.591667,19,171.819078
-150.0,1,171.824976
-150.0,1,171.831368
-150.0,1,171.838794
-150.0,1,171.84293
-150.0,1,171.847326
-1194.508027,11,171.912035
-150.0,1,171.922568
-150.0,1,171.928905
-150.0,1,171.933686
-150.0,1,171.941318
-150.0,1,171.948068
-150.0,1,171.956459
-150.0,1,171.961972
-150.0,1,171.967512
-1133.052566,5,171.996122
-150.0,1,172.002361
-150.0,1,172.006613
-150.0,1,172.013287
-150.0,1,172.020097
-150.0,1,172.025375
-150.0,1,172.029233
-265.689384,2,172.037883
-150.0,1,172.046017
-150.0,1,172.051268
-150.0,1,172.057572
-150.0,1,172.065155
-150.0,1,172.07394
-1882.669105,4,172.096771
0.0,1,172.099556
-790.065864,5,172.129276
-150.0,1,172.136149
-150.0,1,172.14553
-258.232439,2,172.155589
-216.651802,2,172.166933
-150.0,1,172.175606
-150.0,1,172.18224
-150.0,1,172.186281
-278.659271,2,172.198628
-219.33942,3,172.219103
-150.0,1,172.225177
-150.0,1,172.229334
-150.0,1,172.236716
-150.0,1,172.244505
-150.0,1,172.252827
-150.0,1,172.257931
-437.247724,2,172.270336
-150.0,1,172.278484
-150.0,1,172.285759
-150.0,1,172.290662
-150.0,1,172.300928
-150.0,1,172.310885
-150.0,1,172.314872
-170.881307,3,172.331754
-150.0,1,172.337701
-150.0,1,172.34462
-180.474941,3,172.36166
-150.0,1,172.365687
-373.703039,2,172.379071
-150.0,1,172.386009
-150.0,1,172.39113
-150.0,1,172.398338
-150.0,1,172.404144
-150.0,1,172.412257
-150.0,1,172.419909
-273.569944,2,172.434395
-1498.27641,2,172.443426
-150.0,1,172.45137
-1176.03643,13,172.51795
-150.0,1,172.523995
-150.0,1,172.531194
-150.0,1,172.538911
-150.0,1,172.543589
-2404.327859,2,172.553875
-150.0,1,172.559241
-150.0,1,172.571451
-150.0,1,172.577013
-150.0,1,172.583552
-150.0,1,172.592582
-155.415574,2,172.609444
-9935.72809,6,172.641282
-150.0,1,172.647371
-467.018065,2,172.66003
-150.0,1,172.669953
-150.0,1,172.676685
-150.0,1,172.681177
-150.0,1,172.689748
-185.627349,2,172.703142
-150.0,1,172.709625
-150.0,1,172.715245
-150.0,1,172.721776
-150.0,1,172.728462
-150.0,1,172.735187
-150.0,1,172.741034
-150.0,1,172.74946
-150.0,1,172.756946
-788.180501,2,172.76962
-150.0,1,172.776843
-150.0,1,172.784726
-150.0,1,172.793042
-150.0,1,172.800261
-1442.61119,3,172.817633
-150.0,1,172.822284
-150.0,1,172.830744
-457.974976,7,172.865762
-150.0,1,172.876295
-568.388985,3,172.890008
-528.459301,2,172.904281
-150.0,1,172.909587
-150.0,1,172.915581
-150.0,1,172.925781
-150.0,1,172.933849
-150.0,1,172.940959
-150.0,1,172.948009
-150.0,1,172.954566
-150.0,1,172.961332
-150.0,1,172.965582
-150.0,1,172.971228
-1987.414891,3,172.988814
-150.0,1,172.996471
-477.834016,7,173.039155
-150.0,1,173.046308
-963.039702,7,173.087538
-150.0,1,173.095574
-150.0,1,173.10305
-958.723417,3,173.118701
-150.0,1,173.127453
-150.0,1,173.137012
-150.0,1,173.144882
-150.0,1,173.150048
-150.0,1,173.160081
-150.0,1,173.168372
-150.0,1,173.173138
-150.0,1,173.177458
-150.0,1,173.183465
-150.0,1,173.191723
-590.820347,2,173.200751
-150.0,1,173.207506
-354.882656,3,173.222248
-215.394144,2,173.240093
-150.0,1,173.244651
-150.0,1,173.250312
-13501240.417919,3,173.268449
-150.0,1,173.278972
-150.0,1,173.284952
-150.0,1,173.29047
-150.0,1,173.294585
-150.0,1,173.300977
-150.0,1,173.308767
-150.0,1,173.318555
-150.0,1,173.323451
-150.0,1,173.33468
-150.0,1,173.340966
-150.0,1,173.346419
-161.891521,2,173.356111
-150.0,1,173.36588
-150.0,1,173.374014
-150.0,1,173.382185
-150.0,1,173.391819
-150.0,1,173.400082
-150.0,1,173.405143
-150.0,1,173.411517
-287.331556,2,173.423777
-150.0,1,173.429718
-150.0,1,173.439716
-150.0,1,173.446922
-150.0,1,173.454011
-204.857593,2,173.466155
-150.0,1,173.47165
-150.0,1,173.48095
-150.0,1,173.487721
-465.920688,6,173.522771
-4788605.141036,2,173.533242
-150.0,1,173.53753
-167.941154,2,173.553979
-150.0,1,173.563918
-785.551851,2,173.572801
-440.109435,2,173.584324
-150.0,1,173.589192
-150.0,1,173.597472
-254.702614,2,173.608658
-150.0,1,173.61381
-150.0,1,173.620531
-150.0,1,173.628914
-150.0,1,173.63818
-226.246673,2,173.65135
-150.0,1,173.658983
-150.0,1,173.665916
-150.0,1,173.67167
-150.0,1,173.678913
-150.0,1,173.684741
-150.0,1,173.694514
-150.0,1,173.700968
-150.0,1,173.705796
-150.0,1,173.714794
-150.0,1,173.720707
-150.0,1,173.725327
-150.0,1,173.730019
-150.0,1,173.736382
-150.0,1,173.747369
-150.0,1,173.75331
-150.0,1,173.758537
-150.0,1,173.764702
-150.0,1,173.771698
-150.0,1,173.777493
-584.909336,2,173.789388
-150.0,1,173.794568
-150.0,1,173.8037
-150.0,1,173.807306
-150.0,1,173.814936
-150.0,1,173.822367
-150.0,1,173.83112
-150.0,1,173.837553
-150.0,1,173.846299
-150.0,1,173.850271
-150.0,1,173.859996
-863.563812,9,173.906934
-211.354485,3,173.924201
-510.585814,4,173.945446
-150.0,1,173.954226
-150.0,1,173.964188
-150.0,1,173.969438
-150.0,1,173.97421
-150.0,1,173.982649
-261.938146,3,173.999177
-150.0,1,174.00609
-150.0,1,174.013
-150.0,1,174.020635
-150.0,1,174.025532
-150.0,1,174.029815
-153.954173,2,174.041811
-150.0,1,174.050384
-150.0,1,174.058371
-150.0,1,174.069734
-150.0,1,174.074836
-150.0,1,174.083526
-150.0,1,174.088863
-150.0,1,174.096471
-150.0,1,174.101935
-150.0,1,174.109593
-150.0,1,174.116946
-150.0,1,174.124453
-150.0,1,174.128333
-150.0,1,174.138453
-150.0,1,174.144112
-150.0,1,174.150558
-150.0,1,174.155693
-150.0,1,174.162088
-208.564634,2,174.178583
-150.0,1,174.182738
-182.754739,2,174.193164
-920.950502,11,174.257164
-150.0,1,174.262324
-150.0,1,174.274435
-150.0,1,174.281277
-150.0,1,174.289469
-150.0,1,174.295482
-150.0,1,174.302751
-277.495113,2,174.31168
-885.392602,10,174.37163
-150.0,1,174.380103
-1998.655646,5,174.40767
-150.0,1,174.416116
-150.0,1,174.425929
-150.0,1,174.430536
-150.0,1,174.438326
-150.0,1,174.443033
-2942.514626,6,174.479328
-150.0,1,174.486417
-274.116963,2,174.50058
-150.0,1,174.505725
-150.0,1,174.513277
-150.0,1,174.519619
-492.113792,8,174.559421
-150.0,1,174.566131
-158.343103,2,174.578497
-150.0,1,174.584998
-150.0,1,174.592512
-1608.76442,3,174.607238
-150.0,1,174.615133
-150.0,1,174.620656
-150.0,1,174.627269
-150.0,1,174.631693
-150.0,1,174.639679
-150.0,1,174.64734
-150.0,1,174.651435
-150.0,1,174.656063
-150.0,1,174.665184
-150.0,1,174.672022
-150.0,1,174.676348
-150.0,1,174.680243
-150.0,1,174.690158
-150.0,1,174.695126
-150.0,1,174.700153
-452.546736,2,174.710587
-150.0,1,174.717946
-150.0,1,174.723718
-150.0,1,174.732373
-150.0,1,174.738982
-244.116163,2,174.750884
-150.0,1,174.755487
-150.0,1,174.762659
-150.0,1,174.771633
-475.042254,3,174.793677
-150.0,1,174.798686
-512.697939,2,174.808956
-150.0,1,174.817677
-150.0,1,174.826761
-1888.289061,3,174.845111
-150.0,1,174.852896
-150.0,1,174.857908
-150.0,1,174.865594
-575.592754,3,174.880891
-150.0,1,174.885201
-435.899065,2,174.898993
-333.29994,3,174.920488
-150.0,1,174.924371
-150.0,1,174.92992
-262.408315,2,174.941042
-150.0,1,174.948725
-150.0,1,174.955788
-150.0,1,174.961613
-150.0,1,174.968312
-150.0,1,174.97486
-150.0,1,174.979511
-150.0,1,174.986048
-150.0,1,174.991402
-150.0,1,174.999311
-150.0,1,175.006223
-150.0,1,175.0103
-150.0,1,175.016772
-150.0,1,175.023267
-150.0,1,175.029047
-150.0,1,175.033904
-150.0,1,175.040213
-150.0,1,175.048157
-232.603366,3,175.066365
-2241.658175,25,175.197951
-150.0,1,175.206731
-150.0,1,175.214823
-150.0,1,175.221254
-150.0,1,175.226515
-150.0,1,175.232969
-150.0,1,175.241858
-150.0,1,175.249608
-150.0,1,175.255066
-150.0,1,175.259458
-769.951493,3,175.278724
-2524.694986,6,175.314652
-150.0,1,175.320256
-150.0,1,175.324125
-150.0,1,175.331498
-150.0,1,175.337689
-150.0,1,175.346432
-150.0,1,175.352688
-150.0,1,175.359896
-290.943835,4,175.381466
-150.0,1,175.388784
-150.0,1,175.395985
-150.0,1,175.404119
-150.0,1,175.408369
-5970.600374,51,175.683251
-150.0,1,175.691018
-205.994706,2,175.706339
-240.731981,3,175.723504
-150.0,1,175.730517
-150.0,1,175.734945
-150.0,1,175.741837
-150.0,1,175.74983
-150.0,1,175.757987
-150.0,1,175.766011
-499.390599,2,175.777966
-150.0,1,175.785964
-150.0,1,175.790217
-150.0,1,175.795686
-150.0,1,175.803269
-150.0,1,175.812828
-150.0,1,175.818926
-1649.097757,8,175.861692
-150.0,1,175.867961
-150.0,1,175.876358
-150.0,1,175.884376
-150.0,1,175.889697
-150.0,1,176.023757
-150.0,1,176.030512
-150.0,1,176.038535
-150.0,1,176.044217
-150.0,1,176.053297
-163.70875,2,176.065312
-150.0,1,176.069989
-152.42609,2,176.078867
-150.0,1,176.086588
-150.0,1,176.0914
-150.0,1,176.095971
-150.0,1,176.101609
-703.732719,3,176.119215
-150.0,1,176.125389
-150.0,1,176.132496
-150.0,1,176.137871
-443.335171,8,176.184667
-150.0,1,176.190666
-859.128832,3,176.207458
-150.0,1,176.216869
-150.0,1,176.223093
-150.0,1,176.230875
-368.95478,2,176.243701
-150.0,1,176.248786
-1222.152859,3,176.265826
-150.0,1,176.269754
-276.572323,3,176.286997
-150.0,1,176.293158
-150.0,1,176.30079
-150.0,1,176.306274
-150.0,1,176.31078
-150.0,1,176.315795
-150.0,1,176.328303
-150.0,1,176.333994
-150.0,1,176.341092
-150.0,1,176.345139
-150.0,1,176.353996
-150.0,1,176.360072
-150.0,1,176.367092
-150.0,1,176.373302
-153.065536,2,176.390192
-150.0,1,176.396933
-150.0,1,176.402801
-150.0,1,176.41149
-150.0,1,176.418318
-150.0,1,176.427297
-150.0,1,176.43365
-150.0,1,176.440399
-150.0,1,176.446357
-150.0,1,176.453423
-150.0,1,176.458338
-150.0,1,176.463971
-150.0,1,176.469912
-150.0,1,176.476588
-150.0,1,176.480554
-150.0,1,176.490547
-150.0,1,176.498566
-150.0,1,176.505213
-150.0,1,176.513612
-1834.92164,3,176.532792
-150.0,1,176.54111
-150.0,1,176.548346
-150.0,1,176.554021
-150.0,1,176.562654
-1494.081805,7,176.599961
-150.0,1,176.606527
-150.0,1,176.61504
-150.0,1,176.622532
-150.0,1,176.628712
-150.0,1,176.634907
-150.0,1,176.644982
-411.065258,4,176.668978
-150.0,1,176.676932
-150.0,1,176.681883
-150.0,1,176.686245
-150.0,1,176.691224
-150.0,1,176.700842
-150.0,1,176.704664
-150.0,1,176.712321
-150.0,1,176.722098
-289.114625,2,176.740329
-150.0,1,176.751158
-150.0,1,176.755254
-150.0,1,176.760782
-150.0,1,176.768994
-150.0,1,176.776031
-150.0,1,176.780275
-155.200694,2,176.792547
-1045.488114,2,176.805598
-150.0,1,176.813392
-150.0,1,176.818412
-150.0,1,176.822693
-150.0,1,176.831052
-150.0,1,176.839685
-150.0,1,176.845042
-150.0,1,176.850593
-150.0,1,176.857797
-150.0,1,176.864678
-379.965979,7,176.899887
-150.0,1,176.911201
-172.808226,2,176.926024
-150.0,1,176.930891
-150.0,1,176.941736
-150.0,1,176.949387
-150.0,1,176.958728
-150.0,1,176.96256
-150.0,1,176.969418
-150.0,1,176.977189
-150.0,1,176.983867
-150.0,1,176.989182
-150.0,1,176.996713
-150.0,1,177.005862
-150.0,1,177.01274
-8282474.217255,11,177.075476
-150.0,1,177.08269
-3758985.572713,8,177.124258
-150.0,1,177.133136
-150.0,1,177.141343
-150.0,1,177.145531
-150.0,1,177.149478
-150.0,1,177.157132
-401.593587,3,177.175182
-150.0,1,177.180198
-150.0,1,177.185608
-150.0,1,177.193265
-150.0,1,177.200018
-150.0,1,177.20478
-254.969791,2,177.22007
-150.0,1,177.226532
-150.0,1,177.230388
-150.0,1,177.237093
-150.0,1,177.242412
-150.0,1,177.25045
-677.086352,8,177.293922
-573.506178,7,177.33301
-150.0,1,177.337385
-150.0,1,177.34819
-150.0,1,177.357396
-150.0,1,177.366428
-150.0,1,177.37096
-150.0,1,177.37699
-150.0,1,177.385762
-150.0,1,177.39579
-150.0,1,177.402423
-308.20497,4,177.427038
-150.0,1,177.433352
-150.0,1,177.441496
-150.0,1,177.44664
-150.0,1,177.452905
-150.0,1,177.456801
-150.0,1,177.468101
-150.0,1,177.475959
-150.0,1,177.483908
-207.970297,2,177.495065
-150.0,1,177.499935
-150.0,1,177.505396
-150.0,1,177.511671
-150.0,1,177.519806
-306.243043,3,177.536161
-150.0,1,177.542663
-150.0,1,177.551578
-150.0,1,177.561049
-150.0,1,177.569067
-150.0,1,177.575523
-150.0,1,177.583949
-150.0,1,177.589595
-150.0,1,177.596411
-150.0,1,177.603202
-150.0,1,177.609386
-228.369286,2,177.622295
-150.0,1,177.627548
-335.514801,2,177.638042
-150.0,1,177.646309
-150.0,1,177.654321
-150.0,1,177.658673
-150.0,1,177.665073
-150.0,1,177.677686
-150.0,1,177.68529
-150.0,1,177.691268
-150.0,1,177.695752
-150.0,1,177.70269
-150.0,1,177.712564
-6243814.914155,4,177.736641
-150.0,1,177.74483
-150.0,1,177.751221
-150.0,1,177.757857
-150.0,1,177.765411
-150.0,1,177.772631
-150.0,1,177.782576
-150.0,1,177.787104
-150.0,1,177.795773
-618.0562,2,177.80616
-150.0,1,177.812744
-150.0,1,177.820473
-150.0,1,177.826896
-150.0,1,177.834333
-150.0,1,177.843986
-150.0,1,177.850581
-150.0,1,177.85489
-668.913105,3,177.87059
-326.545553,2,177.883588
-150.0,1,177.890951
-150.0,1,177.89747
-150.0,1,177.906094
-150.0,1,177.913508
-150.0,1,177.918029
-150.0,1,177.92433
-150.0,1,177.930022
-150.0,1,177.93679
-150.0,1,177.943827
-150.0,1,177.952109
-294.436495,13,178.023717
-150.0,1,178.03459
-150.0,1,178.040208
-150.0,1,178.048107
-150.0,1,178.052355
0.0,1,178.057173
-150.0,1,178.063043
-150.0,1,178.0715
-150.0,1,178.07824
-150.0,1,178.084398
-150.2125,2,178.098656
-152.677139,2,178.112695
-150.0,1,178.117407
-431.813667,2,178.132793
-150.0,1,178.138752
-150.0,1,178.143169
-202.614256,2,178.155089
-150.0,1,178.163319
-150.0,1,178.170304
-150.0,1,178.177519
-150.0,1,178.183226
-189.86588,2,178.195724
-150.0,1,178.203856
-285.75254,2,178.214046
-150.0,1,178.218223
-1830.280248,22,178.336509
-150.0,1,178.34374
-150.0,1,178.353303
-150.0,1,178.362347
-150.0,1,178.371878
-678.694676,2,178.382421
-206.37088,2,178.395833
-150.0,1,178.400877
-211.006824,2,178.415369
-150.0,1,178.419374
-150.0,1,178.426317
-150.0,1,178.43303
-150.0,1,178.442798
-374.761718,2,178.454384
-150.0,1,178.460902
-150.0,1,178.468866
-150.0,1,178.479253
-150.0,1,178.485229
-182.733343,2,178.498246
-150.0,1,178.502961
-150.0,1,178.511114
-150.0,1,178.516538
-150.0,1,178.524002
-150.0,1,178.528794
-258.951204,2,178.544121
-427.985897,7,178.581879
-150.0,1,178.586849
-150.0,1,178.592805
-195.021481,2,178.606063
-1164.591589,3,178.624739
-178.507602,2,178.63543
-150.0,1,178.642122
-154.55167,2,178.655182
-247.310003,2,178.667821
-150.0,1,178.675183
-150.0,1,178.682435
-150.0,1,178.690406
-150.0,1,178.70136
-154.43625,2,178.711184
-150.0,1,178.715745
-150.0,1,178.723926
-238.030653,4,178.746998
-180.308519,2,178.757528
-150.0,1,178.763327
-168.766358,2,178.778276
-1228.775807,7,178.817937
-150.0,1,178.822499
-150.0,1,178.828149
-150.0,1,178.836867
-150.0,1,178.845544
-150.0,1,178.85129
-188.651914,2,178.860738
-150.0,1,178.869342
-150.0,1,178.87421
-150.0,1,178.879005
-361.888093,2,178.895634
-150.0,1,178.904972
-150.0,1,178.911857
-150.0,1,178.918
-150.0,1,178.923611
-150.0,1,178.931597
-150.0,1,178.936029
-150.0,1,178.940178
-150.0,1,178.949836
-150.0,1,178.960347
-629.838296,3,178.977581
-150.0,1,178.984842
-1275.890075,2,178.994487
-150.0,1,179.004604
-150.0,1,179.014789
-150.0,1,179.019268
-150.0,1,179.025691
-150.0,1,179.034378
-150.0,1,179.044636
-150.0,1,179.051255
-150.0,1,179.057301
-575.592754,3,179.075535
-603.371287,3,179.09397
-150.0,1,179.098242
-150.0,1,179.102501
-150.0,1,179.115104
-150.0,1,179.11986
-150.0,1,179.128721
-150.0,1,179.132712
-150.0,1,179.146028
-150.0,1,179.150441
-150.0,1,179.161278
-150.0,1,179.165204
-510.905473,4,179.19079
-150.0,1,179.197543
-150.0,1,179.203837
-150.0,1,179.208533
-150.0,1,179.219195
-551.32919,2,179.233583
-226.769056,4,179.254619
-150.0,1,179.260479
-354.928943,4,179.284791
-150.0,1,179.28956
-150.0,1,179.295054
-150.0,1,179.300157
-150.0,1,179.308229
-150.0,1,179.312408
-150.0,1,179.320406
-150.0,1,179.326395
-150.0,1,179.334494
-150.0,1,179.340891
-150.0,1,179.349394
-150.0,1,179.357458
-150.0,1,179.369488
-150.0,1,179.377407
-150.0,1,179.386189
-2398916.647875,3,179.400158
-150.0,1,179.409318
-150.0,1,179.415833
-150.0,1,179.422907
-150.0,1,179.427739
-150.0,1,179.436107
-150.0,1,179.440157
-150.0,1,179.446537
-150.0,1,179.453466
-150.0,1,179.461792
-150.0,1,179.466253
-150.0,1,179.472136
-150.0,1,179.476539
-150.0,1,179.485484
-312.138602,2,179.494033
-150.0,1,179.498411
-150.0,1,179.507735
-150.0,1,179.517228
-150.0,1,179.523727
-150.0,1,179.528658
-150.0,1,179.534845
-150.0,1,179.540845
-150.0,1,179.548704
-150.0,1,179.557967
-150.0,1,179.564142
-150.0,1,179.571156
-150.0,1,179.576887
-150.0,1,179.58232
-150.0,1,179.592511
-150.0,1,179.60152
-150.0,1,179.609701
-150.0,1,179.614101
-330.626368,2,179.626282
-853.934769,4,179.651499
-150.0,1,179.657651
-201.301349,2,179.670157
-150.0,1,179.678457
-150.0,1,179.686956
-150.0,1,179.697016
-150.0,1,179.706989
-150.0,1,179.717045
-150.0,1,179.730561
-472.905766,2,179.74569
-150.0,1,179.749869
-150.0,1,179.756296
-150.0,1,179.763259
-150.0,1,179.77088
-150.0,1,179.776632
-150.0,1,179.781237
-150.0,1,179.788942
-150.0,1,179.795266
-150.0,1,179.801308
-150.0,1,179.807517
-150.0,1,179.815646
-150.0,1,179.823943
-150.0,1,179.833941
-150.0,1,179.837954
-150.0,1,179.845713
-150.0,1,179.852118
-150.0,1,179.858885
-150.0,1,179.866953
-225.086557,2,179.880676
-150.0,1,179.885324
-150.0,1,179.892004
-1188.00401,6,179.924874
-150.0,1,179.932047
-150.0,1,179.942556
-150.0,1,179.950686
-150.0,1,179.957866
-150.0,1,179.967675
-150.0,1,179.971799
-150.0,1,179.980782
-150.0,1,179.987451
-521.457014,2,179.999507
-150.0,1,180.004083
-150.0,1,180.012389
-150.0,1,180.016911
-150.0,1,180.026137
-150.0,1,180.034136
-818.493751,4,180.058505
-2618.13426,9,180.1089
-150.0,1,180.117067
-150.0,1,180.12274
-1929.729499,22,180.242514
-150.0,1,180.252184
-150.0,1,180.258968
-150.0,1,180.26476
-150.0,1,180.271022
-150.0,1,180.276657
-2800.445815,22,180.395857
-150.0,1,180.402083
-150.0,1,180.411039
-150.0,1,180.415761
-2023351.514816,7,180.45684
-150.0,1,180.46454
-150.0,1,180.473075
-150.0,1,180.480411
-150.0,1,180.486506
-150.0,1,180.49267
-150.0,1,180.500318
-150.0,1,180.50856
-312.138602,2,180.520497
-150.0,1,180.526207
-150.0,1,180.537077
-150.0,1,180.543143
-150.0,1,180.550472
-150.0,1,180.554692
-150.0,1,180.562279
-326.025925,2,180.574036
-150.0,1,180.580586
-150.0,1,180.5884
-150.0,1,180.59555
-150.0,1,180.600401
-150.0,1,180.606729
-150.0,1,180.617675
-150.0,1,180.622329
-150.0,1,180.629478
-150.0,1,180.635857
-206.540772,3,180.651844
-150.0,1,180.655659
-489.741198,2,180.671862
-150.0,1,180.679686
-150.0,1,180.686361
-150.0,1,180.693308
-150.0,1,180.698411
-150.0,1,180.706556
-150.0,1,180.713984
-150.0,1,180.721751
-150.0,1,180.727352
-150.0,1,180.735972
-207.261819,2,180.749951
-189.699469,2,180.761327
-150.0,1,180.76836
-150.0,1,180.776547
-150.0,1,180.781723
-150.0,1,180.787483
-1030.774122,5,180.813403
-150.0,1,180.82124
-150.0,1,180.828456
-150.0,1,180.834095
-150.0,1,180.838634
-166.231444,2,180.854003
-886.613968,2,180.868319
-150.0,1,180.876513
-931.573838,8,180.919888
-150.0,1,180.931857
-386.161797,3,180.952216
-150.0,1,180.958972
-150.0,1,180.964471
-298.457128,2,180.981686
-150.0,1,180.986409
-276.222989,2,180.998527
-150.0,1,181.007383
-219.033363,2,181.019574
-1525.034805,13,181.088028
-150.0,1,181.096948
-150.0,1,181.105635
-2749.915916,4,181.130724
-150.0,1,181.136633
-150.0,1,181.141496
-292.265262,2,181.157849
-2297.243281,2,181.171903
-626.341841,3,181.189883
-150.0,1,181.199793
-548.965959,2,181.215437
-150.0,1,181.222444
-150.0,1,181.227286
-150.0,1,181.23425
-150.0,1,181.238082
-150.0,1,181.245268
-150.0,1,181.249683
-150.0,1,181.258715
-150.0,1,181.262804
-150.0,1,181.27375
-150.0,1,181.282539
-354.928943,4,181.303554
-376.302965,2,181.31726
-485.868763,3,181.338105
-150.0,1,181.345826
-459.085359,2,181.359356
-150.0,1,181.368798
-150.0,1,181.380354
-150.0,1,181.387679
-150.0,1,181.393561
-150.0,1,181.401055
-429.436876,2,181.412752
-488.989747,2,181.424718
-150.0,1,181.430081
-150.0,1,181.436437
-150.0,1,181.44241
-245.524222,2,181.456182
-150.0,1,181.460877
-150.0,1,181.465149
-150.0,1,181.476127
-1020.770964,2,181.491796
-150.0,1,181.497827
-150.0,1,181.505413
-150.0,1,181.515035
-150.0,1,181.52305
-150.0,1,181.528431
-150.0,1,181.535686
-150.0,1,181.543877
-150.0,1,181.550621
-150.0,1,181.554711
-150.0,1,181.560782
-8709.688058,100,182.097912
-150.0,1,182.105255
-150.0,1,182.11248
-150.0,1,182.119841
-33192100.399874,34,182.307165
-341.403359,2,182.320238
-150.0,1,182.329543
-150.0,1,182.334725
-150.0,1,182.342668
-150.0,1,182.347118
-150.0,1,182.353293
-150.0,1,182.358666
-150.0,1,182.366195
-150.0,1,182.374101
-150.0,1,182.382797
-150.0,1,182.389354
-150.0,1,182.397453
-588.375874,3,182.416782
-1832.249718,21,182.534266
-150.0,1,182.538244
-150.0,1,182.54908
-150.0,1,182.553338
-2027.041237,3,182.573409
-150.0,1,182.57902
-150.0,1,182.586586
-150.0,1,182.590677
-150.0,1,182.5973
-150.0,1,182.60263
-150.0,1,182.61399
-150.0,1,182.620138
-150.0,1,182.625586
-150.0,1,182.632084
-150.0,1,182.639252
-150.0,1,182.6474
-150.0,1,182.655337
-150.0,1,182.65956
-150.0,1,182.667582
-150.0,1,182.672367
-196.676156,2,182.689051
-150.0,1,182.694138
-150.0,1,182.701978
-150.0,1,182.709887
-150.0,1,182.716527
-150.0,1,182.72374
-150.0,1,182.731277
-150.0,1,182.738475
-956.988437,11,182.794795
-150.0,1,182.800862
-150.0,1,182.806931
-150.0,1,182.811571
-150.0,1,182.818662
-150.0,1,182.828459
-150.0,1,182.836311
-150.0,1,182.84394
-150.0,1,182.850213
-150.0,1,182.856914
-367.712417,2,182.869698
-1229.892408,20,182.975351
-150.0,1,182.981355
-212.174122,2,182.995107
-150.0,1,183.001995
-150.0,1,183.008216
-465.600199,3,183.027156
-150.0,1,183.03184
-150.0,1,183.041062
0.0,1,183.044086
-150.0,1,183.04973
-150.0,1,183.055526
-150.0,1,183.064474
-150.0,1,183.0697
-150.0,1,183.076662
-150.0,1,183.08198
-150.0,1,183.091944
-150.0,1,183.098445
-372.060759,2,183.111932
-150.0,1,183.121833
-150.0,1,183.131081
-228.193606,2,183.139999
-660.719398,3,183.162236
-150.0,1,183.167304
-249.59349,2,183.182569
-150.0,1,183.187459
-1549.113719,6,183.220451
-150.0,1,183.225834
-150.0,1,183.235018
-150.0,1,183.240551
-150.0,1,183.247773
-150.0,1,183.254755
-150.0,1,183.262624
-150.0,1,183.267072
-150.0,1,183.274569
-150.0,1,183.278378
-150.0,1,183.288328
-150.0,1,183.294446
-150.0,1,183.302385
-1107.321959,3,183.317835
-150.0,1,183.329041
-738.681293,3,183.346629
-150.0,1,183.352812
-150.0,1,183.359385
-420.148522,3,183.377721
-150.0,1,183.386781
-150.0,1,183.394204
-150.0,1,183.401612
-150.0,1,183.410499
-150.0,1,183.416087
-652.578342,2,183.426988
-150.0,1,183.436679
-150.0,1,183.444506
-150.0,1,183.452881
-150.0,1,183.460608
-150.0,1,183.467534
-150.0,1,183.47422
-150.0,1,183.480125
-150.0,1,183.486127
-201.942591,5,183.516379
-150.0,1,183.527049
-150.0,1,183.533948
-150.0,1,183.541307
-150.0,1,183.548388
-150.0,1,183.55419
-150.0,1,183.560688
-150.0,1,183.567949
-150.0,1,183.57848
-563.863972,2,183.590671
-150.0,1,183.59585
-500.942201,4,183.619498
-150.0,1,183.626297
-150.0,1,183.632573
-150.0,1,183.639398
-150.0,1,183.647512
-150.0,1,183.654837
-150.0,1,183.66179
-150.0,1,183.667397
-516.393002,2,183.682281
-306.243043,3,183.696925
-150.0,1,183.709279
-150.0,1,183.713897
-150.0,1,183.717738
-150.0,1,183.723403
-150.0,1,183.731342
-150.0,1,183.738533
-150.0,1,183.744014
-150.0,1,183.752344
-150.0,1,183.760529
-150.0,1,183.766912
-150.0,1,183.774146
-435.022183,2,183.785829
-150.0,1,183.795925
-150.0,1,183.801572
-150.0,1,183.810512
-150.0,1,183.817615
-150.0,1,183.82393
-150.0,1,183.832481
-150.0,1,183.837396
-150.0,1,183.843703
-150.0,1,183.854652
-150.0,1,183.858818
-150.0,1,183.868548
-238.030653,4,183.891871
-2532.096391,16,183.979929
-150.0,1,183.986651
-150.0,1,183.995458
-150.0,1,184.001007
-411.911024,2,184.01356
-150.0,1,184.018047
-312.430579,2,184.028998
-237.947203,2,184.039765
-150.0,1,184.049651
-150.0,1,184.057739
-346.184907,2,184.069137
-150.0,1,184.074009
-150.0,1,184.080868
-1373080.753461,4,184.100644
-150.0,1,184.111088
-158.343103,2,184.120757
-150.0,1,184.129049
-346.459657,2,184.140928
-150.0,1,184.146583
-485.55229,2,184.16116
-150.0,1,184.167989
-4522.674611,7,184.207648
-150.0,1,184.216545
-150.0,1,184.222533
-150.0,1,184.228931
-763.431652,2,184.241436
-150.0,1,184.247119
-150.0,1,184.254344
-150.0,1,184.266054
-150.0,1,184.272409
-225.086557,2,184.281247
-785.551851,2,184.292391
-150.0,1,184.300616
-150.0,1,184.305316
-150.0,1,184.312509
-150.0,1,184.318638
-150.0,1,184.32609
-150.0,1,184.33086
-150.0,1,184.338434
-150.0,1,184.345098
-150.0,1,184.351261
-150.0,1,184.357844
-150.0,1,184.367739
-150.0,1,184.371962
-150.0,1,184.379242
-151.824537,2,184.392294
-150.0,1,184.399137
-863.257198,10,184.450862
-290.067908,2,184.467823
-150.0,1,184.473742
-150.0,1,184.478523
-150.0,1,184.485114
-150.0,1,184.494445
-150.0,1,184.499812
-150.0,1,184.506683
-373.703039,2,184.518307
-150.0,1,184.52577
-543.748039,2,184.536399
-150.0,1,184.542538
-150.0,1,184.546744
-150.0,1,184.553
-150.0,1,184.56054
-150.0,1,184.566326
-150.0,1,184.576757
-150.0,1,184.584305
-2383.627821,3,184.599532
-532.044555,3,184.61486
-150.0,1,184.619466
-150.0,1,184.627661
-150.0,1,184.634035
-150.0,1,184.639015
-376.302965,2,184.651505
-150.0,1,184.659491
-150.0,1,184.665025
-150.0,1,184.673841
-150.0,1,184.679071
-150.0,1,184.688534
-150.0,1,184.693564
-150.0,1,184.698382
-150.0,1,184.702738
-150.0,1,184.710884
-150.0,1,184.715864
-1752.749321,20,184.821221
-1425.188649,20,184.928898
-586.015671,7,184.97028
-150.0,1,184.975356
-150.0,1,184.983697
-150.0,1,184.989401
-150.0,1,184.997771
-150.0,1,185.002255
-150.0,1,185.007206
-150.0,1,185.013875
-150.0,1,185.021741
-150.0,1,185.02725
-150.0,1,185.031111
-150.0,1,185.036985
-150.0,1,185.045206
-150.0,1,185.052757
-150.0,1,185.061388
-150.0,1,185.070751
-150.0,1,185.079021
-367.712417,2,185.091295
-150.0,1,185.09696
-150.0,1,185.104464
-150.0,1,185.11124
-150.0,1,185.119504
-150.0,1,185.126299
-150.0,1,185.133192
-214.986944,2,185.14525
-150.0,1,185.152244
-150.0,1,185.159596
-150.0,1,185.166366
-150.0,1,185.177067
-150.0,1,185.183567
-150.0,1,185.191802
-150.0,1,185.201268
-150.0,1,185.208393
-1321.719416,15,185.287876
-150.0,1,185.297271
-150.0,1,185.301915
-150.0,1,185.311553
-150.0,1,185.318968
-150.0,1,185.32552
-150.0,1,185.331453
-150.0,1,185.339169
-150.0,1,185.346903
-150.0,1,185.352017
-150.0,1,185.356021
-150.0,1,185.363932
-150.0,1,185.36856
-150.0,1,185.377123
-386.04591,5,185.40691
-150.0,1,185.417524
-150.0,1,185.424341
-150.0,1,185.430868
-150.0,1,185.435035
-1376.236958,8,185.48157
-337.155248,2,185.499326
-150.0,1,185.503377
-327.986186,2,185.515651
-150.0,1,185.527256
-150.0,1,185.53288
-150.0,1,185.537439
-150.0,1,185.543382
-150.0,1,185.551502
-150.0,1,185.556958
-150.0,1,185.562235
-150.0,1,185.571944
-150.0,1,185.581744
-150.0,1,185.588233
-150.0,1,185.595423
-150.0,1,185.603733
-150.0,1,185.611497
-150.0,1,185.619157
-150.0,1,185.623352
-150.0,1,185.632682
-150.0,1,185.640576
-150.0,1,185.645739
-150.0,1,185.650988
-466.891642,5,185.678249
-150.0,1,185.684565
-150.0,1,185.688942
-150.0,1,185.696564
-150.0,1,185.703301
-150.0,1,185.711915
-150.0,1,185.717207
-150.0,1,185.721472
-150.0,1,185.727835
-150.0,1,185.739334
-150.0,1,185.744499
-150.0,1,185.748932
-150.0,1,185.75508
-150.0,1,185.761883
-150.0,1,185.766268
-150.0,1,185.77168
-153.918472,2,185.784447
-150.0,1,185.790477
-150.0,1,185.795498
-150.0,1,185.804169
-150.0,1,185.808325
-150.0,1,185.816119
-150.0,1,185.821614
-150.0,1,185.829599
-150.0,1,185.835774
-150.0,1,185.842438
-150.0,1,185.846532
-150.0,1,185.855483
-150.0,1,185.861987
-150.0,1,185.871116
-192.91946,4,185.891629
-150.0,1,185.897909
-150.0,1,185.906679
-150.0,1,185.913876
-368.767302,2,185.922565
-150.0,1,185.930281
-150.0,1,185.934303
-150.0,1,185.941159
-150.0,1,185.945566
-150.0,1,185.952303
-150.0,1,185.960918
-150.0,1,185.967821
-150.0,1,185.975033
-12663.290225,40,186.181334
-150.0,1,186.188411
-150.0,1,186.197875
-150.0,1,186.202847
-150.0,1,186.209832
-150.0,1,186.219461
-150.0,1,186.228656
-150.0,1,186.236451
-150.0,1,186.24088
-150.0,1,186.247003
-150.0,1,186.255769
-150.0,1,186.263289
-150.0,1,186.26736
-150.0,1,186.276055
-150.0,1,186.28382
-150.0,1,186.290472
-790.918331,9,186.338223
-150.0,1,186.347155
-325.533261,2,186.358495
-150.0,1,186.36271
-150.0,1,186.371083
-150.0,1,186.377635
-150.0,1,186.383497
-453.599164,3,186.403542
-150.0,1,186.407573
-150.0,1,186.412247
-150.0,1,186.422517
-336.576638,2,186.433769
-150.0,1,186.438864
-150.0,1,186.447739
-198.637836,2,186.458249
-150.0,1,186.464098
-150.0,1,186.47096
-150.0,1,186.478055
-150.0,1,186.484623
-309.906191,2,186.495448
-150.0,1,186.503389
-150.0,1,186.511501
-150.0,1,186.522621
-150.0,1,186.531019
-150.0,1,186.535944
-150.0,1,186.541344
-150.0,1,186.550346
-441.522669,2,186.566112
-176.337995,2,186.575248
-150.0,1,186.586851
-150.0,1,186.592858
-150.0,1,186.600719
-150.0,1,186.60828
-150.0,1,186.617439
-150.0,1,186.626039
-150.0,1,186.634207
-150.0,1,186.640068
-150.0,1,186.647213
-150.0,1,186.655637
-150.0,1,186.660521
-150.0,1,186.665971
-150.0,1,186.672051
-150.0,1,186.679998
-150.0,1,186.688114
-150.0,1,186.698053
-150.0,1,186.704735
-150.0,1,186.712352
-150.0,1,186.717443
-318.636923,2,186.734053
-150.0,1,186.738389
-932.199855,66,187.084566
-150.0,1,187.091021
-150.0,1,187.096614
-150.0,1,187.102934
-150.0,1,187.110096
-150.0,1,187.115974
-150.0,1,187.123529
-150.0,1,187.131491
-150.0,1,187.139884
-150.0,1,187.145548
-150.0,1,187.152525
-150.0,1,187.160439
-150.0,1,187.170591
-150.0,1,187.176533
-150.0,1,187.182019
-150.0,1,187.189263
-150.0,1,187.196443
-238.216139,2,187.210145
-150.0,1,187.214948
-150.0,1,187.221748
-150.0,1,187.231681
-150.0,1,187.240279
-150.0,1,187.245568
-150.0,1,187.251028
-150.0,1,187.259923
-150.0,1,187.267236
-150.0,1,187.27367
-531.975135,8,187.315321
-150.0,1,187.323104
-150.0,1,187.328756
-150.0,1,187.337387
-150.0,1,187.344724
-150.0,1,187.351998
-1444.269517,3,187.367586
-150.0,1,187.373276
-150.0,1,187.380863
-150.0,1,187.389539
-714.456623,2,187.400102
-1766.760628,17,187.494004
-840.766964,2,187.503108
-691.636856,46,187.74555
-150.0,1,187.752497
-150.0,1,187.75851
-422.146893,2,187.771121
-150.0,1,187.778307
-150.0,1,187.783118
-150.0,1,187.788877
-150.0,1,187.796337
-150.0,1,187.802516
-150.0,1,187.808484
-150.0,1,187.816356
-150.0,1,187.823471
-150.0,1,187.82994
-150.0,1,187.834183
-150.0,1,187.838339
-1556.269618,2,187.852094
-150.0,1,187.859099
-316.750838,5,187.88563
-150.0,1,187.891579
-150.0,1,187.895938
-150.0,1,187.903155
-467.236352,3,187.919539
-150.0,1,187.923521
-845.625629,4,187.944877
-150.0,1,187.953544
-150.0,1,187.962837
-150.0,1,187.969409
-150.0,1,187.975226
-150.0,1,187.981975
-150.0,1,187.989624
-150.0,1,187.995679
-150.0,1,187.99986
-150.0,1,188.008732
-150.0,1,188.014702
-150.0,1,188.022835
-150.0,1,188.030023
-150.0,1,188.037814
-150.0,1,188.043635
-150.0,1,188.048965
-150.0,1,188.055618
-150.0,1,188.066354
-150.0,1,188.073277
-150.0,1,188.080161
-150.0,1,188.084318
-150.0,1,188.093863
-150.0,1,188.103332
-150.0,1,188.11134
-150.0,1,188.117314
-150.0,1,188.128042
-150.0,1,188.133823
-150.0,1,188.140188
-150.0,1,188.144688
-1533.907824,16,188.232871
-150.0,1,188.239106
-150.0,1,188.245736
-150.0,1,188.250452
-150.0,1,188.257888
-150.0,1,188.264124
-150.0,1,188.271918
-150.0,1,188.276433
-150.0,1,188.284837
-150.0,1,188.292685
-150.0,1,188.299391
-150.0,1,188.30501
-150.0,1,188.312339
-150.0,1,188.317409
-150.0,1,188.325757
-150.0,1,188.333231
-150.0,1,188.339382
-150.0,1,188.34401
-150.0,1,188.351386
-150.0,1,188.356482
-150.0,1,188.363644
-150.0,1,188.372054
-150.0,1,188.37772
-150.0,1,188.384889
-150.0,1,188.39101
-150.0,1,188.394968
-150.0,1,188.401289
-150.0,1,188.406228
-150.0,1,188.413357
-150.0,1,188.421077
-150.0,1,188.428321
-150.0,1,188.432481
-150.0,1,188.440326
-150.0,1,188.445146
-150.0,1,188.454595
-150.0,1,188.462175
-150.0,1,188.469438
-150.0,1,188.475255
-150.0,1,188.482158
-150.0,1,188.488855
-150.0,1,188.49962
-150.0,1,188.505078
-150.0,1,188.511903
-150.0,1,188.515636
-150.0,1,188.525282
-150.0,1,188.532992
-150.0,1,188.541095
-150.0,1,188.5458
-150.0,1,188.553065
-150.0,1,188.559015
-150.0,1,188.56831
-150.0,1,188.575592
-150.0,1,188.582185
-150.0,1,188.58627
-150.0,1,188.592738
-150.0,1,188.599109
-150.0,1,188.610039
-150.0,1,188.61693
-150.0,1,188.622613
-150.0,1,188.628952
-150.0,1,188.636735
-150.0,1,188.644159
-150.0,1,188.655657
-150.0,1,188.660271
-150.0,1,188.668769
-225.086557,2,188.68115
-150.0,1,188.685288
-150.0,1,188.689633
-150.0,1,188.696286
-150.0,1,188.70267
-150.0,1,188.706543
-150.0,1,188.713375
-150.0,1,188.720377
-150.0,1,188.729349
-150.0,1,188.733087
-150.0,1,188.73705
-150.0,1,188.746675
-150.0,1,188.753497
-150.0,1,188.759603
-150.0,1,188.764328
-150.0,1,188.775294
-150.0,1,188.782688
-150.0,1,188.787097
-150.0,1,188.796471
-175.064538,3,188.814382
-150.0,1,188.824234
-150.0,1,188.828742
-150.0,1,188.83636
-273.569944,2,188.848583
-150.0,1,188.85371
-150.0,1,188.861063
-150.0,1,188.866708
-150.0,1,188.873378
-150.0,1,188.882578
-150.0,1,188.892479
-150.0,1,188.896637
-150.0,1,188.903499
-150.0,1,188.907751
-150.0,1,188.914072
-150.0,1,188.918965
-150.0,1,188.927109
-150.0,1,188.932024
-1638.657587,5,188.960396
-150.0,1,188.965591
-150.0,1,188.972911
-150.0,1,188.977757
-150.0,1,188.987593
-150.0,1,188.99389
-150.0,1,189.000483
-150.0,1,189.003979
-150.0,1,189.011505
-150.0,1,189.016812
-150.0,1,189.022926
-150.0,1,189.027485
-150.0,1,189.034993
-150.0,1,189.04114
-150.0,1,189.048111
-150.0,1,189.052675
-150.0,1,189.057722
-150.0,1,189.062434
-150.0,1,189.071272
-150.0,1,189.078074
-150.0,1,189.086812
-150.0,1,189.09075
-150.0,1,189.097462
-150.0,1,189.104621
-150.0,1,189.109985
-150.0,1,189.119096
-339.764757,2,189.133511
-222.294521,2,189.144295
-150.0,1,189.151628
-150.0,1,189.157854
-150.0,1,189.165918
-150.0,1,189.171733
-150.0,1,189.177002
-150.0,1,189.184254
-150.0,1,189.194887
-150.0,1,189.200744
-150.0,1,189.20583
-150.0,1,189.210324
-150.0,1,189.221564
-150.0,1,189.225949
-150.0,1,189.23147
-150.0,1,189.238347
-150.0,1,189.245807
-150.0,1,189.253396
-279.179549,2,189.265419
-150.0,1,189.272064
-150.0,1,189.279003
-150.0,1,189.283169
-150.0,1,189.287164
-150.0,1,189.297194
-150.0,1,189.304582
-150.0,1,189.311011
-150.0,1,189.315054
-150.0,1,189.321425
-534.961807,2,189.333073
-150.0,1,189.338434
-150.0,1,189.346095
-166.231444,2,189.354554
-150.0,1,189.361328
-150.0,1,189.370158
-150.0,1,189.375889
-150.0,1,189.381999
-292.850268,2,189.395123
-150.0,1,189.401886
-150.0,1,189.40659
-150.0,1,189.413122
-150.0,1,189.421175
-1413.744,8,189.462447
-150.0,1,189.467843
-150.0,1,189.472749
-150.0,1,189.483655
-150.0,1,189.490287
-949.447096,3,189.508778
-150.0,1,189.514755
-150.0,1,189.521222
-201.55448,2,189.532938
-150.0,1,189.541187
-150.0,1,189.545293
-150.0,1,189.552387
-150.0,1,189.559561
-150.0,1,189.566724
-982.92993,10,189.620243
-150.0,1,189.627651
-150.0,1,189.63521
-352.937659,2,189.645823
-150.0,1,189.651481
-150.0,1,189.661305
-2806138.430873,7,189.695973
-150.0,1,189.704338
-150.0,1,189.70911
-150.0,1,189.716393
-150.0,1,189.721283
-150.0,1,189.727918
-150.0,1,189.735853
-150.0,1,189.743354
-150.0,1,189.748478
-150.0,1,189.754928
-152.8925,2,189.768784
-150.0,1,189.779267
-150.0,1,189.785062
-150.0,1,189.789671
-150.0,1,189.793643
-1617.243464,3,189.814413
-360.568932,3,189.832084
-150.0,1,189.840423
-150.0,1,189.8449
-150.0,1,189.852065
-150.0,1,189.859502
-744.264858,2,189.868813
-150.0,1,189.873284
-150.0,1,189.884179
-150.0,1,189.889019
-150.0,1,189.894912
-150.0,1,189.901266
-150.0,1,189.913685
-150.0,1,189.920681
-150.0,1,189.927038
-207.261819,2,189.941293
-150.0,1,189.94908
-150.0,1,189.956226
-150.0,1,189.96186
-150.0,1,189.973639
-150.0,1,189.980189
-150.0,1,189.984372
-150.0,1,189.990655
-150.0,1,189.996672
-150.0,1,190.003005
-150.0,1,190.007713
-150.0,1,190.015029
-570.52893,4,190.038359
-150.0,1,190.046997
-150.0,1,190.052794
-150.0,1,190.057675
-150.0,1,190.061608
-150.0,1,190.070278
-150.0,1,190.075677
-150.0,1,190.081314
-150.0,1,190.085749
-150.0,1,190.097187
-150.0,1,190.101761
-463.917496,10,190.153635
-313.884325,4,190.174883
-306.088157,2,190.187531
-150.0,1,190.191787
-150.0,1,190.199009
-150.0,1,190.209331
-150.0,1,190.217049
-150.0,1,190.224131
-325.889395,2,190.237165
-150.0,1,190.244336
-150.0,1,190.252933
-150.0,1,190.25661
-150.0,1,190.264992
-150.0,1,190.272277
-150.0,1,190.280141
-150.0,1,190.285556
-365.584383,3,190.302069
-150.0,1,190.306648
-150.0,1,190.315003
-150.0,1,190.322923
-150.0,1,190.327756
-150.0,1,190.334726
-150.0,1,190.342149
-267.895142,2,190.353029
-150.0,1,190.360862
-337.139837,4,190.385719
-250.110026,2,190.399185
-150.0,1,190.403783
-150.0,1,190.407765
-150.0,1,190.417658
-150.0,1,190.42567
-150.0,1,190.430664
-150.0,1,190.434683
-3786289.297763,8,190.475588
-1675.388195,9,190.525415
-150.0,1,190.531963
-150.0,1,190.537156
-150.0,1,190.542369
-150.0,1,190.549992
-150.0,1,190.554891
-150.0,1,190.560296
-150.0,1,190.56556
-500.999258,2,190.579794
-3267.629456,46,190.82186
-150.0,1,190.828799
-750.967883,3,190.844177
-251.221126,2,190.857052
-150.0,1,190.863726
-777.303458,12,190.929133
-304.496425,3,190.946309
-150.0,1,190.956542
-2422.359892,21,191.071019
-150.0,1,191.082315
-2632.907566,4,191.105065
-150.0,1,191.111522
-150.0,1,191.116106
-150.0,1,191.121723
-150.0,1,191.128297
-150.0,1,191.134517
-806.739442,7,191.174189
-734.884774,58,191.475227
-150.0,1,191.483327
-150.0,1,191.494374
-824.305959,6,191.526331
-150.0,1,191.532165
-150.0,1,191.539698
-150.0,1,191.548148
-150.0,1,191.552227
-752.894636,2,191.567297
-150.0,1,191.57431
-150.0,1,191.582784
-150.0,1,191.58807
-150.0,1,191.59635
-229.479051,2,191.607032
-150.0,1,191.618219
-150.0,1,191.624453
-2398.822516,4,191.647843
-150.0,1,191.654567
-205.493481,2,191.669024
-150.0,1,191.675851
-279.739387,2,191.68514
-270.687943,2,191.695644
-207.019349,2,191.706949
-397.209562,2,191.718951
-150.0,1,191.724988
-1189.680249,2,191.736461
-150.0,1,191.747379
-902.155644,4,191.770658
-150.0,1,191.776436
-626.341841,3,191.793595
-150.0,1,191.801641
-150.0,1,191.811433
-150.0,1,191.816629
-1985.72729,2,191.827788
-150.0,1,191.835941
-150.0,1,191.840578
-150.0,1,191.847351
-150.0,1,191.851224
-150.0,1,191.858952
-151.033925,2,191.870512
-150.0,1,191.879842
-159.279124,2,191.889876
-150.0,1,191.899537
-150.0,1,191.904192
-440.168161,3,191.919487
-795.951664,4,191.939902
-1507.678218,4,191.963808
-150.0,1,191.972417
-195.662355,2,191.981897
-2128.019521,24,192.111606
-150.0,1,192.121016
-150.0,1,192.126463
-150.0,1,192.13523
-150.0,1,192.13927
-150.0,1,192.148106
-3677.568659,4,192.169614
-150.0,1,192.176516
-309.583711,3,192.195824
-150.0,1,192.205926
-150.0,1,192.212869
-150.0,1,192.218097
-150.0,1,192.224533
-655.162474,2,192.23841
-150.0,1,192.245753
-150.0,1,192.252924
-154.55167,2,192.263703
-246.140554,3,192.284399
-1154.924192,8,192.327554
-270.528238,11,192.387915
-150.0,1,192.394098
-150.0,1,192.402759
-150.0,1,192.409223
-5301.286398,2,192.421442
-150.0,1,192.428503
-150.0,1,192.436669
-150.0,1,192.445369
-150.0,1,192.451243
-150.0,1,192.460259
-251.568632,3,192.48797
-150.0,1,192.495973
-564.804029,3,192.511853
-151.766885,2,192.521013
-150.0,1,192.529546
-150.0,1,192.535371
-473.631846,5,192.562392
-150.0,1,192.568001
-642.934582,3,192.590081
-150.0,1,192.5951
-150.0,1,192.603524
-150.0,1,192.607564
-330.368685,2,192.618706
-1365.000385,2,192.630638
-150.0,1,192.638778
-150.0,1,192.643439
-150.0,1,192.651566
-150.0,1,192.66094
-575.592754,3,192.677869
-150.0,1,192.688837
-1482.300168,5,192.719958
-150.0,1,192.724309
-150.0,1,192.734579
-150.0,1,192.740607
-150.0,1,192.747048
-150.0,1,192.753706
-150.0,1,192.761328
-150.0,1,192.766707
-150.0,1,192.773129
-150.0,1,192.779708
-150.0,1,192.790655
-150.0,1,192.79441
-150.0,1,192.800912
-150.0,1,192.805719
-150.0,1,192.812407
-627.113786,4,192.834742
-150.0,1,192.841258
-150.0,1,192.847491
-659.704642,5,192.872485
-150.0,1,192.880351
-150.0,1,192.888502
-150.0,1,192.898504
-428.516944,2,192.910778
-150.0,1,192.917011
-152.42609,2,192.929291
-229.479051,2,192.941308
-150.0,1,192.949165
-150.0,1,192.954378
-150.0,1,192.96412
-150.0,1,192.969685
-150.0,1,192.974223
-150.0,1,192.979408
-150.0,1,192.990897
-150.0,1,192.999717
-150.0,1,193.006558
-150.0,1,193.012096
-150.0,1,193.021715
-150.0,1,193.028725
-150.0,1,193.032801
-150.0,1,193.03892
-150.0,1,193.04792
-150.0,1,193.053259
-150.0,1,193.059319
-150.0,1,193.064389
-150.0,1,193.073521
-150.0,1,193.081185
-311.497879,3,193.104513
-150.0,1,193.108332
-150.0,1,193.116712
-150.0,1,193.121336
-150.0,1,193.127819
-150.0,1,193.133887
-150.0,1,193.141299
-150.0,1,193.146202
-150.0,1,193.152411
-150.0,1,193.158365
-150.0,1,193.167192
-150.0,1,193.172786
-150.0,1,193.184337
-150.0,1,193.188529
-150.0,1,193.195439
-150.0,1,193.204798
-150.0,1,193.213797
-150.0,1,193.21902
-150.0,1,193.226558
-150.0,1,193.233126
-150.0,1,193.239967
-150.0,1,193.245612
-150.0,1,193.252158
-150.0,1,193.258576
-150.0,1,193.265086
-150.0,1,193.269582
-150.0,1,193.277324
-150.0,1,193.282231
-150.0,1,193.288037
-150.0,1,193.292225
-150.0,1,193.29869
-150.0,1,193.307798
-150.0,1,193.315759
-6088265.086301,7,193.351782
-150.0,1,193.362394
-150.0,1,193.369067
-150.0,1,193.372837
-150.0,1,193.377392
-150.0,1,193.389162
-150.0,1,193.395849
-150.0,1,193.401883
-150.0,1,193.407279
-150.0,1,193.420089
-627.113786,4,193.441832
-150.0,1,193.448989
-150.0,1,193.453765
-150.0,1,193.462969
-150.0,1,193.47124
-150.0,1,193.478159
-150.0,1,193.482599
-150.0,1,193.491448
-150.0,1,193.498815
-150.0,1,193.504383
-150.0,1,193.50888
-286.06259,3,193.529157
-150.0,1,193.535895
-150.0,1,193.54093
-150.0,1,193.547404
-150.0,1,193.553641
-354.928943,4,193.576036
-150.0,1,193.585087
-150.0,1,193.590222
-150.0,1,193.598907
-150.0,1,193.605331
-150.0,1,193.610807
-220.475103,2,193.623856
-150.0,1,193.631109
-682.873921,2,193.643381
-150.0,1,193.653574
-150.0,1,193.658456
-150.0,1,193.667038
-859.952921,5,193.695302
-3961.311471,9,193.744016
-150.0,1,193.74826
-150.0,1,193.754352
-150.0,1,193.75949
-150.0,1,193.766047
-150.0,1,193.770212
-150.0,1,193.777442
-150.0,1,193.782682
-150.0,1,193.788112
-150.0,1,193.792237
-150.0,1,193.800208
-150.0,1,193.804157
-150.0,1,193.812792
-150.0,1,193.817775
-4017389.149432,2,193.83147
-150.0,1,193.840106
-17719.600121,10,193.889922
-150.0,1,193.89829
-150.0,1,193.905927
-190.889786,2,193.917744
-150.0,1,193.92215
-150.0,1,193.930739
-150.0,1,193.942316
-150.0,1,193.947196
-416.79198,2,193.960109
-372.939652,2,193.972512
-150.0,1,193.979329
-150.0,1,193.989549
-150.0,1,193.993778
-150.0,1,193.998965
-150.0,1,194.005046
-150.0,1,194.014302
-150.0,1,194.02055
-150.0,1,194.029339
-150.0,1,194.037276
-150.0,1,194.045582
-151.960833,3,194.060708
-778.108441,5,194.090782
-150.0,1,194.097934
-150.0,1,194.104239
-150.0,1,194.110763
-605.497501,4,194.133806
-150.0,1,194.144687
-150.0,1,194.154686
-150.0,1,194.160258
-150.0,1,194.166294
-150.0,1,194.177392
-150.0,1,194.183611
-150.0,1,194.189765
-150.0,1,194.1949
-150.0,1,194.205339
-150.0,1,194.213738
-150.0,1,194.218561
-150.0,1,194.224856
-150.0,1,194.235959
-150.0,1,194.241457
-150.0,1,194.249075
-150.0,1,194.254024
-150.0,1,194.261317
-150.0,1,194.266489
-150.0,1,194.271869
-150.0,1,194.276387
-150.0,1,194.288032
-150.0,1,194.292525
-150.0,1,194.299377
-150.0,1,194.3047
-150.0,1,194.31424
-2010.500251,23,194.436352
-150.0,1,194.444394
-300.447423,2,194.456853
-150.0,1,194.466685
-150.0,1,194.473679
-150.0,1,194.479303
-150.0,1,194.48385
-150.0,1,194.491091
-770.08426,7,194.527032
-150.0,1,194.532865
-150.0,1,194.538181
-668.913105,3,194.556226
-150.0,1,194.562985
-150.0,1,194.570243
-150.0,1,194.575654
-150.0,1,194.582317
-150.0,1,194.590609
-150.0,1,194.596011
-163.448668,2,194.605105
-150.0,1,194.613129
-404.862064,2,194.622534
-150.0,1,194.630845
-600.070393,3,194.650044
-150.0,1,194.657351
-150.0,1,194.662509
-956.988437,11,194.724018
-150.0,1,194.729597
-150.0,1,194.737904
-150.0,1,194.742317
-150.0,1,194.751969
-150.0,1,194.758272
-150.0,1,194.767133
-291.368379,2,194.776738
-150.0,1,194.783023
-150.0,1,194.787546
-150.0,1,194.795897
-511.5239,2,194.807861
-150.0,1,194.814821
-150.0,1,194.821717
-150.0,1,194.828841
-150.0,1,194.83593
-150.0,1,194.843428
-318.560423,3,194.859706
-150.0,1,194.866205
-2165.348103,8,194.908909
-150.0,1,194.917073
-150.0,1,194.921639
-150.0,1,194.930728
-1848.204433,2,194.93995
-150.0,1,194.947791
-150.0,1,194.957326
-150.0,1,194.967547
-150.0,1,194.972032
-794.413343,2,194.984406
-596.11635,5,195.009692
-150.0,1,195.017477
-1007.586159,3,195.033901
-150.0,1,195.039189
-584.612576,3,195.060272
-150.0,1,195.06802
-150.0,1,195.07545
-150.0,1,195.082289
-150.0,1,195.08664
-220.844376,2,195.099437
-292.265262,2,195.113367
-150.0,1,195.119799
-1771.497721,16,195.210466
-150.0,1,195.218948
-150.0,1,195.224583
-150.0,1,195.230075
-150.0,1,195.234989
-150.0,1,195.242738
-150.0,1,195.252376
-659.678256,3,195.270099
-150.0,1,195.278169
-284.734173,2,195.288936
-425.092254,2,195.300395
-150.0,1,195.308913
-492.113792,8,195.353746
-1141.116518,8,195.402513
-150.0,1,195.407433
-150.0,1,195.415488
-150.0,1,195.424582
-150.0,1,195.433523
-150.0,1,195.438732
-481.761683,3,195.453675
-1975.86765,13,195.523774
-150.0,1,195.532515
-150.0,1,195.54242
-150.0,1,195.550017
-150.0,1,195.554704
-503.821236,2,195.571831
-150.0,1,195.576455
-150.0,1,195.582528
-150.0,1,195.588757
-150.0,1,195.598704
-150.0,1,195.604078
-150.0,1,195.609063
-150.0,1,195.614893
-150.0,1,195.623506
-150.0,1,195.62817
-150.0,1,195.637291
-150.0,1,195.642785
-150.0,1,195.651008
-222.335432,2,195.664346
-150.0,1,195.66957
-2240.721616,4,195.690753
-150.0,1,195.699243
-150.0,1,195.703825
-150.0,1,195.713495
-150.0,1,195.719428
-150.0,1,195.727614
-150.0,1,195.736302
-150.0,1,195.744732
-150.0,1,195.750429
-439.591887,4,195.778255
-150.0,1,195.784871
-150.0,1,195.789326
-150.0,1,195.795388
-150.0,1,195.803702
-150.0,1,195.814915
-150.0,1,195.821376
-150.0,1,195.827386
-150.0,1,195.83845
-150.0,1,195.846567
-622.360254,5,195.875903
-150.0,1,195.885077
-150.0,1,195.8909
-11550.928103,100,196.425782
-150.0,1,196.436762
-150.0,1,196.44216
-150.0,1,196.453702
-356.171504,2,196.466542
-334.510239,2,196.478742
-206.963334,2,196.489269
-150.0,1,196.500817
-705.370771,7,196.536788
-150.0,1,196.543363
-150.0,1,196.549932
-171.450831,2,196.564054
-289.114625,2,196.577833
-150.0,1,196.582326
-150.0,1,196.589525
-150.0,1,196.601679
-150.0,1,196.610808
-150.0,1,196.615305
-186.875917,2,196.62703
-150.0,1,196.634447
-150.0,1,196.640081
-331.816339,3,196.655696
-150.0,1,196.66358
-150.0,1,196.67145
-811.184883,2,196.681806
-150.0,1,196.688417
-150.0,1,196.696484
-150.0,1,196.704067
-150.0,1,196.709994
-957.735633,4,196.731338
-150.0,1,196.736221
-150.0,1,196.744542
-150.0,1,196.749362
-150.0,1,196.756195
-150.0,1,196.760617
-150.0,1,196.769456
-150.0,1,196.773643
-150.0,1,196.778744
-150.0,1,196.784089
-150.0,1,196.792389
-150.0,1,196.798196
-150.0,1,196.804186
-150.0,1,196.811094
-150.0,1,196.821295
-150.0,1,196.827768
-150.0,1,196.833402
-150.0,1,196.838956
-784.963397,4,196.863953
-150.0,1,196.871898
-150.0,1,196.877562
-150.0,1,196.883879
-150.0,1,196.891343
-1832.249718,21,197.004385
-150.0,1,197.008853
-150.0,1,197.016655
-150.0,1,197.02842
-150.0,1,197.038153
-150.0,1,197.042469
-150.0,1,197.047496
-150.0,1,197.057191
-150.0,1,197.063283
-627.113786,4,197.083459
-150.0,1,197.087801
-960.858832,9,197.136011
-150.0,1,197.141045
-150.0,1,197.146607
-980.479444,2,197.157885
-150.0,1,197.169359
-150.0,1,197.17519
-543.045933,3,197.191856
-150.0,1,197.2019
-150.0,1,197.209179
-565.686912,2,197.220843
-150.0,1,197.228297
-150.0,1,197.233159
-150.0,1,197.242497
-150.0,1,197.248486
-150.0,1,197.253751
-150.0,1,197.258456
-411.796816,2,197.269162
-150.0,1,197.278063
-150.0,1,197.28402
-150.0,1,197.289802
-150.0,1,197.297163
-150.0,1,197.303974
-207.982558,2,197.314308
-150.0,1,197.319724
-150.0,1,197.329767
-1154.924192,8,197.371151
-150.0,1,197.380623
-150.0,1,197.384609
-3525.441343,3,197.402211
-150.0,1,197.411378
-150.0,1,197.415387
-150.0,1,197.420975
-150.0,1,197.434103
-253.562778,3,197.452477
-150.0,1,197.458163
-150.0,1,197.462704
-150.0,1,197.469729
-150.0,1,197.475364
-150.0,1,197.485119
-150.0,1,197.488983
-150.0,1,197.4955
-150.0,1,197.501402
-150.0,1,197.505477
-150.0,1,197.511787
-150.0,1,197.518363
-150.0,1,197.525077
-150.0,1,197.531365
-150.0,1,197.53907
-150.0,1,197.546758
-150.0,1,197.556976
-150.0,1,197.563451
-150.0,1,197.568253
-150.0,1,197.576492
-240.698102,3,197.592321
-150.0,1,197.599917
-258.322188,2,197.611552
-150.0,1,197.622842
-150.0,1,197.628586
-150.0,1,197.634435
-150.0,1,197.641678
-150.0,1,197.649821
-150.0,1,197.655703
-259.607653,3,197.671294
-150.0,1,197.675034
-150.0,1,197.682194
-1431.731675,16,197.766273
-262.837578,2,197.775629
-150.0,1,197.779458
-150.0,1,197.787884
-150.0,1,197.793013
-3226.505748,36,197.994994
-150.0,1,197.999601
-229.479051,2,198.014077
-150.0,1,198.020695
-150.0,1,198.024311
-150.0,1,198.029276
-150.0,1,198.0391
-1848.204433,2,198.050344
-150.0,1,198.055079
-150.0,1,198.061924
-1457.161737,3,198.081664
-150.0,1,198.087156
-150.0,1,198.090963
-150.0,1,198.09744
-205.38866,2,198.111528
-150.0,1,198.119125
-150.0,1,198.123158
-208.823029,2,198.133474
-150.0,1,198.140722
-416.79198,2,198.15518
-150.0,1,198.161174
-150.0,1,198.167296
-150.0,1,198.177847
-150.0,1,198.186976
-150.0,1,198.196334
-150.0,1,198.201781
-150.0,1,198.208359
-307.502946,2,198.221045
-721.098132,8,198.26761
-150.0,1,198.27168
-843.124778,3,198.291809
-150.0,1,198.299533
-150.0,1,198.305474
-150.0,1,198.313225
-150.0,1,198.324424
-265.35426,4,198.347642
-150.0,1,198.354027
-150.0,1,198.360386
-150.0,1,198.369506
-306.088157,2,198.384979
-150.0,1,198.388935
-150.0,1,198.395594
-183.226331,2,198.409909
-150.0,1,198.416896
-150.0,1,198.422564
-150.0,1,198.430733
-150.0,1,198.438886
-150.0,1,198.444569
-150.0,1,198.449754
-150.0,1,198.455713
-150.0,1,198.463552
-150.0,1,198.47252
-150.0,1,198.478937
-150.0,1,198.490307
-150.0,1,198.496589
-150.0,1,198.504405
-150.0,1,198.510616
-150.0,1,198.517012
-150.0,1,198.524839
-285.707148,2,198.539366
-150.0,1,198.548455
-229.763262,2,198.558083
-150.0,1,198.5662
-150.0,1,198.573273
-150.0,1,198.578953
-150.0,1,198.586902
-606.191486,3,198.605454
-525.919137,2,198.614931
-150.0,1,198.626559
-150.0,1,198.631694
-150.0,1,198.640494
-150.0,1,198.647891
-3817855.252952,6,198.681944
-150.0,1,198.691881
-150.0,1,198.698179
-150.0,1,198.703819
-150.0,1,198.710251
-150.0,1,198.719405
-150.0,1,198.727422
-150.0,1,198.735339
-150.0,1,198.73988
-1050.954251,2,198.751216
-150.0,1,198.758766
-1994.886648,2,198.771448
-150.0,1,198.77596
-150.0,1,198.783002
-3630.135311,18,198.880537
-150.0,1,198.886368
-2056.592417,8,198.930614
-240.112843,2,198.942487
-150.0,1,198.948976
-150.0,1,198.956116
-331.816339,3,198.978208
-150.0,1,198.983368
-150.0,1,198.992841
-150.0,1,198.99961
-150.0,1,199.003956
-921.869472,3,199.019857
-213.948328,2,199.032815
-150.0,1,199.038625
-150.0,1,199.044899
-2483.8125,11,199.10826
-150.0,1,199.118101
-150.0,1,199.12271
-150.0,1,199.128204
-150.0,1,199.135024
-150.0,1,199.142642
-150.0,1,199.150689
-150.0,1,199.158483
-150.0,1,199.165112
-413.513485,3,199.185097
-150.0,1,199.194439
-416.79198,2,199.2058
-241.738655,2,199.219062
-150.0,1,199.2256
-150.0,1,199.230196
-150.0,1,199.234902
-220.475103,2,199.247626
-150.0,1,199.253628
-150.0,1,199.258586
-150.0,1,199.267276
-505.932084,4,199.289503
-303.886276,2,199.300627
-150.0,1,199.307751
-150.0,1,199.317281
-150.0,1,199.323218
-150.0,1,199.330542
-150.0,1,199.336374
-838.578578,2,199.348316
-150.0,1,199.353903
-150.0,1,199.362918
-150.0,1,199.369992
-150.0,1,199.379633
-150.0,1,199.386363
-150.0,1,199.394151
-378.54041,5,199.421442
-1077.321363,2,199.431421
-150.0,1,199.437571
-150.0,1,199.446728
-428.141431,3,199.463068
-150.0,1,199.470123
-150.0,1,199.475728
-150.0,1,199.48244
-150.0,1,199.488295
-150.0,1,199.495472
-150.0,1,199.5015
-150.0,1,199.510176
-150.0,1,199.517641
-150.0,1,199.525503
-150.0,1,199.529806
-150.0,1,199.53842
-150.0,1,199.543981
-150.0,1,199.553784
-150.0,1,199.558919
-150.0,1,199.565582
-1807.172915,2,199.577363
-150.0,1,199.582547
-150.0,1,199.586241
-150.0,1,199.595668
-150.0,1,199.603027
-150.0,1,199.607867
-150.0,1,199.615824
-150.0,1,199.627077
-284.568645,2,199.638431
-150.0,1,199.646773
-150.0,1,199.65161
-150.0,1,199.660341
-150.0,1,199.666382
-150.0,1,199.670118
-150.0,1,199.674872
-748.827874,4,199.700951
-150.0,1,199.707054
-1940.966337,17,199.798726
-856.571797,6,199.82886
-150.0,1,199.839439
-150.0,1,199.846099
-150.0,1,199.850368
-150.0,1,199.854436
-150.0,1,199.862039
-150.0,1,199.867121
-150.0,1,199.87233
-150.0,1,199.879784
-180.522282,2,199.893911
-150.0,1,199.898768
-150.0,1,199.904243
-150.0,1,199.911132
-150.0,1,199.91837
-150.0,1,199.923256
-306.088157,2,199.938463
-150.0,1,199.944752
-150.0,1,199.95119
-150.0,1,199.9605
-150.0,1,199.967361
-150.0,1,199.972677
-150.0,1,199.981034
-150.0,1,199.988333
-150.0,1,199.995708
-356.77477,5,200.024755
-385.313674,3,200.042895
-150.0,1,200.050636
-150.0,1,200.056861
-150.0,1,200.063726
-747.252105,6,200.096987
-150.0,1,200.102412
-150.0,1,200.111794
-150.0,1,200.119744
-150.0,1,200.127821
-150.0,1,200.133868
-150.0,1,200.138685
-150.0,1,200.147486
-150.0,1,200.157656
-306.052181,3,200.177011
-150.0,1,200.183136
-150.0,1,200.189559
-150.0,1,200.199674
-150.0,1,200.206703
-150.0,1,200.212682
-323.392399,2,200.225913
-150.0,1,200.237705
-150.0,1,200.24558
-150.0,1,200.251561
-150.0,1,200.257893
-150.0,1,200.265386
-150.0,1,200.271172
-150.0,1,200.275738
-963.039702,7,200.315733
-150.0,1,200.326205
-150.0,1,200.3301
-150.0,1,200.336283
-150.0,1,200.340925
-150.0,1,200.351077
-150.0,1,200.357401
-150.0,1,200.367361
-150.0,1,200.374392
-150.0,1,200.382249
-2008.579096,2,200.394273
-150.0,1,200.398507
-150.0,1,200.403161
-150.0,1,200.41321
-2885945.369682,5,200.444365
-874.484484,3,200.46001
-150.0,1,200.46804
-150.0,1,200.479769
-150.0,1,200.484634
-150.0,1,200.49089
-150.0,1,200.498843
-150.0,1,200.507971
-150.0,1,200.513448
-211.006824,2,200.527528
-150.0,1,200.531753
-150.0,1,200.538873
-6654691.21778,2,200.551316
-150.0,1,200.559679
-150.0,1,200.565049
-150.0,1,200.572456
-150.0,1,200.578596
-150.0,1,200.583989
-150.0,1,200.590435
-150.0,1,200.59845
-150.0,1,200.605
-150.0,1,200.610765
-150.0,1,200.616654
-150.0,1,200.627901
-150.0,1,200.63504
-863.563812,9,200.683117
-704.956604,6,200.71262
-150.0,1,200.722424
-150.0,1,200.730766
-161.932686,2,200.743504
-150.0,1,200.749962
-572.033361,2,200.762325
-150.0,1,200.766699
-150.0,1,200.772415
-357.790098,2,200.782638
-150.0,1,200.790565
-150.0,1,200.796274
-150.0,1,200.803445
-790.918331,9,200.851623
-14253834.163258,2,200.867556
-150.0,1,200.872288
-150.0,1,200.878759
-150.0,1,200.885303
-150.0,1,200.895262
-150.0,1,200.901398
-150.0,1,200.908662
-150.0,1,200.916049
-150.0,1,200.926383
-150.0,1,200.931598
-150.0,1,200.941742
-150.0,1,200.950495
-150.0,1,200.959825
-150.0,1,200.966519
-150.0,1,200.973037
-150.0,1,200.978342
-150.0,1,200.986619
-150.0,1,200.994826
-150.0,1,200.999373
-150.0,1,201.00773
-1209.507706,3,201.02867
-150.0,1,201.034892
-427.736328,2,201.052469
-150.0,1,201.059461
-150.0,1,201.065887
-150.0,1,201.072479
-150.0,1,201.077873
-150.0,1,201.086641
-150.0,1,201.094559
-150.0,1,201.102516
-150.0,1,201.109824
-150.0,1,201.116677
-150.0,1,201.1251
-150.0,1,201.13386
-150.0,1,201.137896
-150.0,1,201.141997
-150.0,1,201.152322
-150.0,1,201.159877
-346.459657,2,201.170722
-150.0,1,201.176186
-500.942201,4,201.201939
-150.0,1,201.210223
-150.0,1,201.215081
-150.0,1,201.219457
-150.0,1,201.228204
-150.0,1,201.23929
-150.0,1,201.246254
-150.0,1,201.253842
-150.0,1,201.262793
0.0,1,201.267911
-150.0,1,201.274481
-150.0,1,201.279534
-150.0,1,201.285693
-150.0,1,201.294276
-150.0,1,201.302923
-150.0,1,201.308502
-150.0,1,201.315554
-150.0,1,201.322198
-150.0,1,201.327447
-150.0,1,201.333552
-150.0,1,201.342845
-150.0,1,201.34982
-150.0,1,201.357737
-150.0,1,201.363275
-150.0,1,201.369738
-2008.611117,23,201.500269
-150.0,1,201.508208
-150.0,1,201.516843
-150.0,1,201.524789
-153.566806,2,201.535053
-150.0,1,201.543975
-150.0,1,201.548269
-150.0,1,201.559522
-150.0,1,201.566956
-150.0,1,201.573846
-150.0,1,201.579304
-150.0,1,201.587997
-750.124208,6,201.621984
-150.0,1,201.626025
-299.034987,4,201.649649
-150.0,1,201.657797
-150.0,1,201.66579
-150.0,1,201.673048
-1429.369541,4,201.695335
-493.642332,2,201.707977
-150.0,1,201.713584
-238.804106,2,201.729956
-161.891521,2,201.74012
-170.950561,2,201.756655
-254.702614,2,201.768025
-274.440088,2,201.781268
-150.0,1,201.786729
-265.689384,2,201.802536
-150.0,1,201.807609
-150.0,1,201.814228
-164.217424,2,201.827352
-469.635906,3,201.846726
-150.0,1,201.853134
-454.845962,2,201.865124
-150.0,1,201.872485
-424.651152,4,201.897167
-150.0,1,201.904581
-150.0,1,201.909853
-2910.972144,4,201.930651
-150.0,1,201.936837
-150.0,1,201.942152
-157.124181,2,201.954429
-150.0,1,201.95993
-150.0,1,201.967398
-150.0,1,201.975202
-150.0,1,201.980069
-150.0,1,201.985332
-1419.255033,5,202.017514
-150.0,1,202.025611
-150.0,1,202.032151
-649.00709,4,202.05365
-150.0,1,202.060463
-1775.974411,4,202.08398
-150.0,1,202.090158
-150.0,1,202.096731
-150.0,1,202.104621
-432.869089,3,202.122436
-150.0,1,202.129827
-373.637137,2,202.139795
-150.0,1,202.150193
-150.0,1,202.154846
-150.0,1,202.161744
-150.0,1,202.170103
-150.0,1,202.179031
-150.0,1,202.184383
-150.0,1,202.18864
-150.0,1,202.195256
-150.0,1,202.204186
-150.0,1,202.211485
-150.0,1,202.21536
-150.0,1,202.221225
-150.0,1,202.229231
-150.0,1,202.235532
-150.0,1,202.245131
-150.0,1,202.251508
-150.0,1,202.26105
-150.0,1,202.268403
-294.238645,2,202.279886
-150.0,1,202.290568
-150.0,1,202.29895
-150.0,1,202.306232
-525.919137,2,202.316946
-150.0,1,202.32199
-150.0,1,202.329144
-150.0,1,202.3338
-150.0,1,202.339976
-175.765286,2,202.352082
-1785075.682028,2,202.365262
-150.0,1,202.37335
-150.0,1,202.381781
-495.864971,3,202.399168
-465.755202,2,202.412484
-150.0,1,202.419917
-150.0,1,202.424969
-150.0,1,202.433307
-150.0,1,202.440742
-150.0,1,202.448155
-170.239406,2,202.459339
-150.0,1,202.464862
-150.0,1,202.474197
-150.0,1,202.479551
-150.0,1,202.486731
-679.598642,5,202.512909
-777.085433,7,202.559473
-150.0,1,202.564333
-150.0,1,202.57048
-150.0,1,202.575292
-150.0,1,202.582826
-150.0,1,202.58896
-150.0,1,202.596354
-150.0,1,202.603893
-150.0,1,202.61196
-150.0,1,202.617579
-150.0,1,202.624534
-150.0,1,202.630033
-150.0,1,202.637881
-150.0,1,202.644649
-150.0,1,202.650312
-498.345154,2,202.660354
-150.0,1,202.667538
-150.0,1,202.676333
-150.0,1,202.682878
-500.468664,5,202.709599
-150.0,1,202.718333
-150.0,1,202.725296
-715.308975,7,202.76311
-150.0,1,202.770361
-150.0,1,202.777902
-150.0,1,202.784557
-150.0,1,202.79302
-150.0,1,202.803639
-150.0,1,202.811239
-344.171465,2,202.822942
-150.0,1,202.834955
-150.0,1,202.84028
-150.0,1,202.846811
-150.0,1,202.854047
-150.0,1,202.862005
-150.0,1,202.868917
-150.0,1,202.875773
-150.0,1,202.880308
-150.0,1,202.887282
-590.820347,2,202.900074
-150.0,1,202.907107
-150.0,1,202.914768
-150.0,1,202.92085
-552.691029,4,202.94169
-150.0,1,202.948637
-150.0,1,202.955828
-150.0,1,202.964247
-150.0,1,202.971072
-150.0,1,202.977379
-808.188204,3,203.000112
-150.0,1,203.005973
-150.0,1,203.009895
-150.0,1,203.018364
-150.0,1,203.02758
-946.012878,7,203.089195
-150.0,1,203.09988
-150.0,1,203.108968
-150.0,1,203.11451
-150.0,1,203.122264
-150.0,1,203.128174
-1191.261077,5,203.158254
-150.0,1,203.165228
-187.14749,2,203.1799
-150.0,1,203.184942
-198.842824,2,203.203733
-150.0,1,203.211585
-150.0,1,203.217032
-150.0,1,203.22378
-270.410264,3,203.242267
-150.0,1,203.247662
-707.434172,2,203.260441
-150.0,1,203.267391
-1089.510925,13,203.344383
-150.0,1,203.352593
-150.0,1,203.356793
-150.0,1,203.363009
-150.0,1,203.371156
-150.0,1,203.378941
-150.0,1,203.384198
-150.0,1,203.388237
-150.0,1,203.398439
-150.0,1,203.404654
-150.0,1,203.411643
-150.0,1,203.416495
-150.0,1,203.424015
-1139.813672,3,203.444927
-150.0,1,203.450308
-150.0,1,203.45779
-738.681293,3,203.475784
-1028.533647,27,203.622525
-150.0,1,203.630016
-150.0,1,203.637465
-2257.675265,2,203.65216
-150.0,1,203.65803
-150.0,1,203.665042
-150.0,1,203.672426
-150.0,1,203.680853
-1012.414116,6,203.720571
-709.17735,6,203.752184
-150.0,1,203.758595
-640.359728,3,203.77949
-150.0,1,203.913376
-150.0,1,203.921917
-150.0,1,203.929939
-150.0,1,203.939375
-150.0,1,203.944163
-150.0,1,203.951565
-394.749679,2,203.963445
-150.0,1,203.974422
-543.748039,2,203.985965
-150.0,1,203.994036
-150.0,1,203.999526
-150.0,1,204.010065
-150.0,1,204.019448
-150.0,1,204.024586
-150.0,1,204.030946
-150.0,1,204.039283
-150.0,1,204.046821
-150.0,1,204.055524
-150.0,1,204.060164
-150.0,1,204.069821
-150.0,1,204.077505
-150.0,1,204.083035
-150.0,1,204.088248
-150.0,1,204.100196
-150.0,1,204.104406
-150.0,1,204.112884
-150.0,1,204.118891
-150.0,1,204.128923
-150.0,1,204.135538
-150.0,1,204.142303
-219.996909,3,204.161489
-150.0,1,204.170699
-150.0,1,204.176091
-271.742591,2,204.187246
-150.0,1,204.196787
-150.0,1,204.204352
-150.0,1,204.21225
-150.0,1,204.220414
-150.0,1,204.225547
-150.0,1,204.232033
-150.0,1,204.238847
-150.0,1,204.24459
-199.56761,3,204.264907
-150.0,1,204.273976
-150.0,1,204.279994
-150.0,1,204.285441
-150.0,1,204.293237
-150.0,1,204.30389
-150.0,1,204.309705
-150.0,1,204.316333
-150.0,1,204.328095
-150.0,1,204.33819
-150.0,1,204.343792
-150.0,1,204.348112
-150.0,1,204.355439
-150.0,1,204.363139
-350.293764,6,204.394534
-150.0,1,204.400093
-150.0,1,204.403811
-150.0,1,204.413188
-150.0,1,204.419052
-150.0,1,204.427184
-150.0,1,204.433252
-150.0,1,204.444047
-150.0,1,204.449256
-150.0,1,204.456327
-150.0,1,204.463406
-150.0,1,204.471342
-150.0,1,204.477578
-150.0,1,204.483472
-150.0,1,204.49018
-150.0,1,204.498556
-207.483309,2,204.51031
-150.0,1,204.517537
-150.0,1,204.523072
-150.0,1,204.535328
-150.0,1,204.544884
-150.0,1,204.554113
-150.0,1,204.564259
-150.0,1,204.573136
-150.0,1,204.584108
-150.0,1,204.588602
-150.0,1,204.596797
-150.0,1,204.604924
-150.0,1,204.612319
-150.0,1,204.61768
-150.0,1,204.625891
-150.0,1,204.634662
-150.0,1,204.640445
-150.0,1,204.645631
-150.0,1,204.651003
-445.315026,5,204.679368
-261.061508,3,204.696241
-150.0,1,204.704453
-150.0,1,204.715381
-150.0,1,204.723116
-150.0,1,204.73136
-150.0,1,204.742035
-150.0,1,204.748714
-150.0,1,204.759222
-150.0,1,204.764396
-150.0,1,204.768832
-150.0,1,204.778079
-191.80544,2,204.789093
-150.0,1,204.795789
-150.0,1,204.804013
-150.0,1,204.810637
-150.0,1,204.816511
-366.17302,3,204.833124
-150.0,1,204.839245
-218.396533,2,204.849942
-150.0,1,204.8571
-505.932084,4,204.878131
-678.701405,4,204.901489
-150.0,1,204.907133
-150.0,1,204.914297
-150.0,1,204.923441
-404.000309,3,204.943172
-150.0,1,204.95187
-150.0,1,204.958637
-150.0,1,204.963437
-150.0,1,204.969182
-150.0,1,204.977042
-150.0,1,204.983261
-699.895492,4,205.008568
-150.0,1,205.013899
-150.0,1,205.020524
-199.387991,2,205.034528
-150.0,1,205.041094
-150.0,1,205.050154
-150.0,1,205.060522
-150.0,1,205.067303
-150.0,1,205.07166
-150.0,1,205.076222
-570.808528,3,205.092105
-150.0,1,205.100202
-4533.972951,3,205.115563
-150.0,1,205.119813
-957.735633,4,205.13996
-150.0,1,205.150162
-150.0,1,205.157603
-150.0,1,205.16234
-150.0,1,205.167737
-416.79198,2,205.180563
-150.0,1,205.1887
-150.0,1,205.196821
-249.151674,2,205.207027
-1012.414116,6,205.24093
-150.0,1,205.253695
-150.0,1,205.260619
-557.955058,3,205.278223
-150.0,1,205.284923
-300.377822,2,205.29733
-150.0,1,205.305314
-150.0,1,205.312431
-1234.224374,2,205.323364
-150.0,1,205.33035
-150.0,1,205.335616
-150.0,1,205.339437
-150.0,1,205.347344
-150.0,1,205.357628
-150.0,1,205.365398
-150.0,1,205.371874
-150.0,1,205.379508
-150.0,1,205.386307
-150.0,1,205.392688
-150.0,1,205.397509
-439.591887,4,205.422489
-150.0,1,205.427629
-152.06785,3,205.44677
-150.0,1,205.454581
-392.422482,3,205.475463
-150.0,1,205.480888
-904.082938,11,205.540312
-150.0,1,205.547193
-150.0,1,205.555891
-150.0,1,205.563545
-331.345342,2,205.573517
-150.0,1,205.58311
-150.0,1,205.589978
-150.0,1,205.596905
-150.0,1,205.602361
-150.0,1,205.609769
-910.792716,5,205.637384
-150.0,1,205.64294
-150.0,1,205.649228
-150.0,1,205.65498
-150.0,1,205.661954
-5453.262888,63,206.005797
-150.0,1,206.013506
-150.0,1,206.018457
-150.0,1,206.026651
-150.0,1,206.033775
-150.0,1,206.039284
-150.0,1,206.04509
-150.0,1,206.051275
-150.0,1,206.062421
-150.0,1,206.066364
-150.0,1,206.071152
-150.0,1,206.079504
-262.408315,2,206.095518
-150.0,1,206.100158
-150.0,1,206.106035
-150.0,1,206.116683
-150.0,1,206.123508
-150.0,1,206.129154
-150.0,1,206.134357
-150.0,1,206.143618
-150.0,1,206.14932
-150.0,1,206.15799
-150.0,1,206.16381
-150.0,1,206.174578
-1052.512889,2,206.188398
-150.0,1,206.196256
-150.0,1,206.201759
-150.0,1,206.208703
-150.0,1,206.21712
-150.0,1,206.221723
-150.0,1,206.230309
-150.0,1,206.240875
-150.0,1,206.246622
-150.0,1,206.251998
-150.0,1,206.2576
-150.0,1,206.267006
-150.0,1,206.271324
-400.068155,3,206.287598
-150.0,1,206.293785
-150.0,1,206.301206
-150.0,1,206.308786
-150.0,1,206.314854
-150.0,1,206.321734
-150.0,1,206.329602
-150.0,1,206.335626
-150.0,1,206.342688
-150.0,1,206.348193
-150.0,1,206.355064
-150.0,1,206.364465
-150.0,1,206.368419
-150.0,1,206.373548
-150.0,1,206.384861
-150.0,1,206.394511
-150.0,1,206.402177
-150.0,1,206.407871
-150.0,1,206.416373
-624.339449,3,206.436809
-150.0,1,206.442912
-568.937098,3,206.460524
-150.0,1,206.472478
-150.0,1,206.479284
-150.0,1,206.483159
-150.0,1,206.492261
-150.0,1,206.502177
-150.0,1,206.511559
-335.493264,2,206.523518
-150.0,1,206.530776
-150.0,1,206.539311
-150.0,1,206.544033
-150.0,1,206.550786
-230.60118,2,206.563964
-150.0,1,206.572052
-150.0,1,206.579706
-152.222639,2,206.591586
-364.684362,2,206.606613
-150.0,1,206.613185
-150.0,1,206.619479
-150.0,1,206.626887
-150.0,1,206.631263
-150.0,1,206.639338
-150.0,1,206.646456
-150.0,1,206.654669
-150.622431,2,206.66624
-182.783134,2,206.680343
-150.0,1,206.684211
-150.0,1,206.689274
-150.0,1,206.695577
-150.0,1,206.701496
-150.0,1,206.707507
-150.0,1,206.712521
-150.0,1,206.719419
-150.0,1,206.72737
-203.259296,2,206.739135
-150.0,1,206.745574
-485.993423,2,206.754182
-150.0,1,206.760037
-150.0,1,206.769324
-150.0,1,206.774246
-150.0,1,206.781854
-150.0,1,206.788773
-150.0,1,206.795814
-150.0,1,206.805188
-150.0,1,206.812522
-150.0,1,206.818301
-189.924273,2,206.830425
-150.0,1,206.83576
-150.0,1,206.842708
-150.0,1,206.851714
-150.0,1,206.85852
-150.0,1,206.863113
-150.0,1,206.868083
-150.0,1,206.880187
-2048.288031,6,206.91474
-150.0,1,206.91924
-150.0,1,206.925797
-150.0,1,206.934262
-150.0,1,206.939329
-150.0,1,206.944977
-150.0,1,206.951801
-150.0,1,206.958498
-150.0,1,206.96279
-150.0,1,206.971412
-150.0,1,206.977401
-150.0,1,206.984118
-150.0,1,206.991084
-150.0,1,206.998383
-150.0,1,207.004457
-150.0,1,207.013091
-150.0,1,207.019243
-150.0,1,207.024552
-150.0,1,207.031272
-150.0,1,207.038565
-150.0,1,207.04497
-490.72154,2,207.055946
-150.0,1,207.06381
-150.0,1,207.073093
-150.0,1,207.078461
-521.23518,2,207.09282
-411.065258,4,207.119804
-8549.634616,26,207.261609
-177.565157,2,207.27599
-150.0,1,207.28159
-150.0,1,207.286078
-150.0,1,207.299586
-518.694666,39,207.509956
-150.0,1,207.517034
-150.0,1,207.521644
-507.535927,7,207.561365
-150.0,1,207.567127
-212.63503,3,207.586452
-219.142516,2,207.597586
-150.0,1,207.605029
-150.0,1,207.610837
-150.0,1,207.617239
-150.0,1,207.624631
-150.0,1,207.634674
-1430.375094,22,207.750249
-150.0,1,207.756228
-457.974976,7,207.796344
-886.613968,2,207.80822
-150.0,1,207.815027
-233.447446,3,207.833019
-150.0,1,207.841462
-150.0,1,207.847175
-150.0,1,207.853218
-150.0,1,207.862625
-150.0,1,207.869052
-150.0,1,207.879207
-150.0,1,207.885028
-254.368811,2,207.896895
-150.0,1,207.904508
-150.0,1,207.911139
-150.0,1,207.915935
-1899.960682,12,207.979198
-150.0,1,207.985605
-150.0,1,207.994014
-150.0,1,207.999606
-150.0,1,208.00538
-150.0,1,208.011389
-150.0,1,208.017858
-476.554967,3,208.03516
-150.0,1,208.039338
-150.0,1,208.046211
-150.0,1,208.057598
-150.0,1,208.063616
-2823.536307,10,208.115662
-902.584777,10,208.169889
-833.873414,2,208.182726
-746.219622,3,208.199956
-150.0,1,208.207819
-150.0,1,208.213043
-150.0,1,208.222464
-2767.377225,3,208.238997
-150.0,1,208.246469
-150.0,1,208.253707
-150.0,1,208.26058
-150.0,1,208.264887
-150.0,1,208.273497
-150.0,1,208.280374
-150.0,1,208.285995
-150.0,1,208.290137
-150.0,1,208.297401
-150.0,1,208.302901
-150.0,1,208.309646
-150.0,1,208.3151
-1802.932224,3,208.332133
-860.988689,4,208.353023
-649.00709,4,208.376231
-150.0,1,208.381086
-150.0,1,208.387312
-150.0,1,208.393081
-150.0,1,208.401732
-150.0,1,208.408713
-1154.924192,8,208.452242
-352.670532,10,208.504924
-150.0,1,208.512793
-150.0,1,208.521224
-150.0,1,208.528824
-150.0,1,208.535185
-171.450831,2,208.547223
-150.0,1,208.552959
-736.956623,2,208.56638
-150.0,1,208.571193
-150.0,1,208.580615
-150.0,1,208.584708
-150.0,1,208.591964
-312.430579,2,208.605018
-150.0,1,208.615564
-150.0,1,208.6202
-150.0,1,208.625469
-150.0,1,208.632161
-150.0,1,208.643895
-150.0,1,208.652097
-276.572323,3,208.669805
-150.0,1,208.675282
-150.0,1,208.68162
-150.0,1,208.688666
-743.220779,2,208.699796
-679.598642,5,208.725527
-196.268302,2,208.738648
-150.0,1,208.746967
-150.0,1,208.753764
-150.0,1,208.759749
-150.0,1,208.769993
-150.0,1,208.775867
-150.0,1,208.782238
-150.0,1,208.788668
-150.0,1,208.796033
-150.0,1,208.800555
-150.0,1,208.806384
-150.0,1,208.814738
-709.061015,2,208.828707
-150.0,1,208.836326
-437.247724,2,208.848929
-282.961418,2,208.86036
-1543.261,4,208.886796
-150.0,1,208.893283
-150.0,1,208.897849
-1107.321959,3,208.915123
-156.862361,2,208.927586
-150.0,1,208.932115
-247.860425,2,208.946599
-150.0,1,208.951031
-483.033309,2,208.965514
-3825.542018,7,209.002167
-150.0,1,209.009542
-763.431652,2,209.02154
-1267.566773,3,209.041818
-150.0,1,209.045981
-150.0,1,209.05058
-150.0,1,209.057865
-7595.064939,25,209.194268
-1091.548908,6,209.223847
-150.0,1,209.230186
-150.0,1,209.233914
-229.479051,2,209.245643
-150.0,1,209.251648
-150.0,1,209.255599
-150.0,1,209.262532
-150.0,1,209.270247
-150.0,1,209.278601
-150.0,1,209.286636
-150.0,1,209.292217
-150.0,1,209.299731
-150.0,1,209.306309
-150.0,1,209.312402
-1294.927619,4,209.336696
-619.223151,3,209.357481
-150.0,1,209.364434
-150.0,1,209.368938
-150.0,1,209.373002
-173.180556,2,209.387926
-150.0,1,209.394345
-150.0,1,209.399153
-150.0,1,209.405545
-150.0,1,209.412356
-150.0,1,209.417019
-150.0,1,209.42188
-150.0,1,209.430657
-150.0,1,209.438507
-238.468004,2,209.447243
-150.0,1,209.453312
-150.0,1,209.460492
-150.0,1,209.467659
-150.0,1,209.47429
-150.0,1,209.480534
-702.238701,2,209.493829
-150.0,1,209.499684
-150.0,1,209.506949
-150.0,1,209.51166
-150.0,1,209.516855
-239.595134,2,209.530196
-150.0,1,209.536347
-150.0,1,209.542916
-150.0,1,209.547223
-150.0,1,209.556875
-150.0,1,209.561871
-150.0,1,209.566492
-150.0,1,209.57064
-150.0,1,209.578177
-150.0,1,209.583402
-150.0,1,209.590453
-150.0,1,209.600737
-3462.978501,2,209.616992
-150.0,1,209.622857
-150.0,1,209.628965
-150.0,1,209.636748
-150.0,1,209.64537
-150.0,1,209.650455
-150.0,1,209.657037
-311.379251,2,209.669728
-150.0,1,209.676994
-150.0,1,209.684216
-150.0,1,209.689605
-150.0,1,209.695308
-150.0,1,209.706344
-150.0,1,209.710821
-150.0,1,209.716556
-150.0,1,209.720603
-150.0,1,209.727281
-897.128431,10,209.779171
-150.0,1,209.785484
-150.0,1,209.789708
-150.0,1,209.796711
-150.0,1,209.8072
-150.0,1,209.815606
-150.0,1,209.820463
-150.0,1,209.826935
-150.0,1,209.834001
-678.395015,4,209.856836
-150.0,1,209.861911
-150.0,1,209.869136
-150.0,1,209.874701
-150.0,1,209.880757
-150.0,1,209.886101
-150.0,1,209.894162
-2942.514626,6,209.928475
-150.0,1,209.932173
-150.0,1,209.93716
-2326.531146,20,210.045494
-150.0,1,210.052622
-255.180657,2,210.066519
-150.0,1,210.072316
-150.0,1,210.078407
-150.0,1,210.088096
-150.0,1,210.092179
-150.0,1,210.098257
-150.0,1,210.105954
-150.0,1,210.116393
-150.0,1,210.121879
-150.0,1,210.126928
-150.0,1,210.134881
-150.0,1,210.140047
-150.0,1,210.146807
-150.0,1,210.152719
-680.45952,5,210.178896
-150.0,1,210.185989
-150.0,1,210.191023
-150.0,1,210.195694
-150.0,1,210.203365
-150.0,1,210.211611
-543.748039,2,210.224882
-150.0,1,210.232921
-150.0,1,210.242164
-150.0,1,210.246562
-376.72447,2,210.258531
-150.0,1,210.263823
-150.0,1,210.273724
-150.0,1,210.278588
-150.0,1,210.28377
-982.92993,10,210.339395
-150.0,1,210.346402
-276.584441,2,210.357963
-2383.252782,17,210.451589
-150.0,1,210.456979
-210.01738,6,210.493435
-1702.216234,16,210.580351
-150.0,1,210.585937
-150.0,1,210.592872
-1625.907191,10,210.651956
-150.0,1,210.657678
-14192800.362533,3,210.674086
-681.151203,3,210.690931
-150.0,1,210.698566
-150.0,1,210.702823
-150.0,1,210.709345
-150.0,1,210.716125
-155.424259,2,210.731324
-255.746123,2,210.74364
-150.0,1,210.749635
-1129.546441,4,210.771158
-150.0,1,210.780458
-228.714859,2,210.790015
-150.0,1,210.796799
-150.0,1,210.801266
-150.0,1,210.809513
-150.0,1,210.817927
-150.0,1,210.823454
-707.02841,9,210.875231
-150.0,1,210.884329
-279.809096,3,210.899983
-150.0,1,210.904244
-150.0,1,210.909451
-150.0,1,210.917453
-150.0,1,210.922906
-150.0,1,210.92745
-150.0,1,210.936096
-150.0,1,210.943938
-327.986186,2,210.953315
-150.0,1,210.959093
-150.0,1,210.966459
-2018.374105,22,211.083211
-150.0,1,211.08953
-150.0,1,211.100532
-150.0,1,211.104821
-3367.88945,6,211.139141
-150.0,1,211.148252
-150.0,1,211.155841
-150.0,1,211.16015
-150.0,1,211.170348
-150.0,1,211.177306
-505.078152,2,211.186502
-150.0,1,211.19042
-150.0,1,211.199338
-150.0,1,211.204626
-770.920054,5,211.231472
-150.0,1,211.237368
-150.0,1,211.249356
-1063.13618,11,211.308555
-150.0,1,211.316468
-150.0,1,211.32023
-150.0,1,211.326872
-150.0,1,211.331298
-150.0,1,211.341032
-150.0,1,211.347454
-150.0,1,211.355325
-150.0,1,211.360809
-150.0,1,211.366768
-150.0,1,211.37049
0.0,1,211.374986
-150.0,1,211.380121
-150.0,1,211.386855
-1015.142063,6,211.420145
-150.0,1,211.429137
-150.0,1,211.436621
-392.016861,3,211.452497
-150.0,1,211.458391
-150.0,1,211.465713
0.0,1,211.468488
-390.416469,2,211.479917
-150.0,1,211.485311
-150.0,1,211.492377
-150.0,1,211.496766
-292.265262,2,211.509556
-150.0,1,211.515902
-150.0,1,211.524259
-205.723595,2,211.535647
-311.483611,2,211.545699
-150.0,1,211.554337
-150.0,1,211.563591
-150.0,1,211.569734
-180.308519,2,211.580657
-150.0,1,211.585528
-150.0,1,211.596871
-1137.710247,6,211.632077
-150.0,1,211.642157
-280.149247,2,211.653317
-150.0,1,211.661529
-150.0,1,211.6682
-150.0,1,211.672475
-150.0,1,211.678054
-150.0,1,211.688884
-150.0,1,211.693918
-150.0,1,211.700155
-150.0,1,211.705645
-150.0,1,211.714739
-150.0,1,211.720731
-150.0,1,211.725842
-150.0,1,211.73262
-150.0,1,211.746476
-402.176884,2,211.756996
-150.0,1,211.762429
-150.0,1,211.767665
-150.0,1,211.775252
-150.0,1,211.780294
-150.0,1,211.785126
-150.0,1,211.791695
-150.0,1,211.799386
-150.0,1,211.805493
-150.0,1,211.809843
-150.0,1,211.815483
-1060.180029,2,211.827795
-166.531137,2,211.840142
-150.0,1,211.846749
-150.0,1,211.85134
-150.0,1,211.860859
-150.0,1,211.867692
-1212.266046,7,211.903996
-167.005972,2,211.914372
-150.0,1,211.922116
-150.0,1,211.926968
-150.0,1,211.936672
-150.0,1,211.941405
-150.0,1,211.947662
-150.0,1,211.956553
-150.0,1,211.965082
-150.0,1,211.971786
-367.712417,2,211.984496
-150.0,1,211.991552
-294.238645,2,212.002262
-150.0,1,212.007293
-150.0,1,212.015128
-150.0,1,212.019684
-507.535927,7,212.058304
-150.0,1,212.064308
-150.0,1,212.073975
-150.0,1,212.079916
-150.0,1,212.087259
-150.0,1,212.095833
-150.0,1,212.103525
-150.0,1,212.108412
-150.0,1,212.115815
-4630718.413261,7,212.151794
-150.0,1,212.161809
-150.0,1,212.167783
-155.86808,2,212.180995
-150.0,1,212.191863
-150.0,1,212.198619
-150.0,1,212.203627
-150.0,1,212.207595
-356.151442,5,212.235987
-150.0,1,212.24385
-1110.473701,5,212.271868
-150.0,1,212.27744
-2463.854243,30,212.43946
-150.0,1,212.448088
-150.0,1,212.453263
-449.151104,2,212.467017
-6476.69274,17,212.559431
-150.0,1,212.568302
-988.120508,2,212.580447
-150.0,1,212.584903
-150.0,1,212.589616
-150.0,1,212.600535
-150.0,1,212.607041
-150.0,1,212.612182
-150.0,1,212.617713
-150.0,1,212.625333
-150.0,1,212.631307
-150.0,1,212.636626
-13346.432169,44,212.866587
-150.0,1,212.87611
-150.0,1,212.883933
-150.0,1,212.892329
-150.0,1,212.898184
-150.0,1,212.904501
-150.0,1,212.911663
-150.0,1,212.916321
-150.0,1,212.924025
-150.0,1,212.931776
-150.0,1,212.939155
-150.0,1,212.947345
-150.0,1,212.954888
-150.0,1,212.962289
-150.0,1,212.969329
-150.0,1,212.97425
-150.0,1,212.981822
-150.0,1,212.993375
-150.0,1,213.000421
-150.0,1,213.006432
-150.0,1,213.015324
-150.0,1,213.023695
-150.0,1,213.031494
-150.0,1,213.040358
-150.0,1,213.04689
-150.0,1,213.053738
-150.0,1,213.060337
-150.0,1,213.068474
-150.0,1,213.073608
-150.0,1,213.079905
-150.0,1,213.08596
-150.0,1,213.09198
-150.0,1,213.099115
-375.361862,2,213.112638
-150.0,1,213.118816
-319.368027,2,213.128739
-150.0,1,213.137559
-150.0,1,213.147146
-150.0,1,213.151946
-150.0,1,213.157136
-150.0,1,213.165638
-150.0,1,213.172786
-150.0,1,213.177622
-180.308519,2,213.188317
-150.0,1,213.193877
-150.0,1,213.201551
-150.0,1,213.206543
-150.0,1,213.214066
-150.0,1,213.2183
-150.0,1,213.226153
-150.0,1,213.234393
-150.0,1,213.241777
-150.0,1,213.246825
-153.101775,4,213.273131
-455.884578,6,213.306199
-150.0,1,213.314149
-150.0,1,213.320527
-705.370771,7,213.363281
-150.0,1,213.368248
-150.0,1,213.373097
-150.0,1,213.38034
-150.0,1,213.389844
-212.174122,2,213.399804
-924.126755,2,213.41368
-150.0,1,213.419318
-150.0,1,213.427329
-150.0,1,213.435811
-223.621156,2,213.446955
-330.56553,2,213.459906
-150.0,1,213.469737
-150.0,1,213.474811
-8843465.499513,4,213.49653
-150.0,1,213.503265
-150.0,1,213.511591
-416.79198,2,213.523493
-150.0,1,213.527963
-150.0,1,213.532837
-150.0,1,213.541631
-150.0,1,213.547281
-165.24787,2,213.557249
-457.875063,2,213.568956
-1085.945165,2,213.580868
-150.0,1,213.589751
-150.0,1,213.595747
-150.0,1,213.602389
-659.543699,2,213.616654
-671.418241,3,213.632703
-150.0,1,213.640218
-980.079909,2,213.653231
-330.143516,2,213.66607
-659.543699,2,213.675355
-150.0,1,213.681003
-213.948328,2,213.693288
-150.0,1,213.70028
-251.424436,3,213.71719
-150.0,1,213.724634
-150.0,1,213.731122
-150.0,1,213.74048
-2693.057042,40,213.949791
-150.0,1,213.954257
-247.282582,2,213.965146
-1848.204433,2,213.981179
-150.0,1,213.986555
-150.0,1,213.991921
-150.0,1,213.999487
-150.0,1,214.006387
-150.0,1,214.01465
-150.0,1,214.019873
-150.0,1,214.027508
-150.0,1,214.038985
-150.0,1,214.043313
-150.0,1,214.0501
-150.0,1,214.057356
-228.948781,2,214.071032
-150.0,1,214.075912
-150.0,1,214.084749
-150.0,1,214.088645
-150.0,1,214.096647
-150.0,1,214.102041
-150.0,1,214.108691
-150.0,1,214.115867
-150.0,1,214.125287
-150.0,1,214.129547
-150.0,1,214.137268
-150.0,1,214.141791
-261.938146,3,214.160236
-150.0,1,214.165586
-150.0,1,214.172099
-150.0,1,214.178658
-150.0,1,214.188704
-150.0,1,214.19292
-150.0,1,214.200456
-150.0,1,214.204778
-150.0,1,214.21462
-150.0,1,214.221649
-280.048467,3,214.239025
-150.0,1,214.242819
-1389.735517,6,214.275264
-150.0,1,214.280864
-150.0,1,214.285963
-150.0,1,214.290731
-150.0,1,214.299628
-150.0,1,214.310226
-150.0,1,214.315783
-150.0,1,214.322993
-150.0,1,214.329486
-150.0,1,214.337823
-150.0,1,214.344761
-150.0,1,214.348688
-340.403395,4,214.372493
-150.0,1,214.380544
-150.0,1,214.387361
-312.430579,2,214.396199
-150.0,1,214.401916
-150.0,1,214.407599
-150.0,1,214.413419
-5078.94499,3,214.433408
-492.316852,3,214.452244
-150.0,1,214.460382
-150.0,1,214.465077
-150.0,1,214.469041
-150.0,1,214.476607
-415.061111,13,214.548702
-150.0,1,214.554468
-150.0,1,214.558488
-339.674084,5,214.58685
-150.0,1,214.593455
-150.0,1,214.598241
-659.704642,5,214.627233
-150.0,1,214.638587
-150.0,1,214.645453
-150.0,1,214.653864
-150.0,1,214.658415
-150.0,1,214.66423
-150.0,1,214.671605
-150.0,1,214.676266
-150.0,1,214.68103
0.0,1,214.685685
-150.0,1,214.694608
-660.719398,3,214.710483
-150.0,1,214.718167
-150.0,1,214.724366
-150.0,1,214.728933
-150.0,1,214.734869
-150.0,1,214.742122
-150.0,1,214.749321
-150.0,1,214.755203
-150.0,1,214.760372
-150.0,1,214.771036
-790.918331,9,214.822019
-150.0,1,214.827739
-150.0,1,214.832393
-150.0,1,214.840517
-1985.72729,2,214.852011
-150.0,1,214.861829
-150.0,1,214.868306
-150.0,1,214.874081
-150.0,1,214.879972
-300.447423,2,214.892613
-150.0,1,214.897308
-150.0,1,214.905339
-150.0,1,214.912446
-191.257046,2,214.923081
-4171.459766,5,214.950337
-150.0,1,214.954904
-150.0,1,214.96835
-277.427089,2,214.977477
-6402035.833826,6,215.01094
-181.626888,2,215.022269
-150.0,1,215.029503
-150.0,1,215.036872
-150.0,1,215.041076
-250.79097,2,215.056113
-150.0,1,215.06607
-1450.961133,12,215.128874
-327.082912,3,215.143556
-212.955726,3,215.161871
-1636.410777,2,215.181467
-186.12591,2,215.192595
-240.731981,3,215.210081
-150.0,1,215.214846
-150.0,1,215.224746
-150.0,1,215.234955
-235.286676,3,215.248484
-150.0,1,215.255652
-1929.729499,22,215.377106
-150.0,1,215.382447
-150.0,1,215.388398
-1012.223376,4,215.408108
-150.0,1,215.414447
-150.0,1,215.42134
-150.0,1,215.427966
-689.062259,3,215.444962
-150.0,1,215.451366
-150.0,1,215.459482
-150.0,1,215.464015
-205.573005,2,215.474356
-253.562778,3,215.495324
-150.0,1,215.499544
-150.0,1,215.507179
-150.0,1,215.512995
-150.0,1,215.520002
-150.0,1,215.527167
-150.0,1,215.533962
-150.0,1,215.540663
-150.0,1,215.548435
-150.0,1,215.553741
-150.0,1,215.559048
-150.0,1,215.565027
-150.0,1,215.57144
-150.0,1,215.576284
-150.0,1,215.585758
-150.0,1,215.591989
-150.0,1,215.598769
-150.0,1,215.60295
-150.0,1,215.610371
-150.0,1,215.615433
-150.0,1,215.621484
-150.0,1,215.625228
-238.922266,2,215.637933
-1231.437934,2,215.648779
-4124.722896,13,215.725795
-150.0,1,215.731377
-150.0,1,215.736635
-150.0,1,215.743876
-150.0,1,215.755189
-150.0,1,215.759655
-150.0,1,215.763474
-150.0,1,215.768092
-150.0,1,215.777336
-150.0,1,215.786967
-316.750838,5,215.813281
-150.0,1,215.818574
-150.0,1,215.827999
-484.239239,6,215.85865
-150.0,1,215.864238
-150.0,1,215.871471
-150.0,1,215.880169
-150.0,1,215.88417
-150.0,1,215.890024
-367.712417,2,215.900824
-438.87299,25,216.032976
-150.0,1,216.038823
-150.0,1,216.047912
-150.0,1,216.05244
-150.0,1,216.060487
-150.0,1,216.066118
-651.294341,4,216.086885
-150.0,1,216.095478
-150.0,1,216.105477
-150.0,1,216.112486
-150.0,1,216.116939
-150.0,1,216.125835
-150.0,1,216.133938
-150.0,1,216.138592
-150.0,1,216.143879
-150.0,1,216.153333
-150.0,1,216.159775
-150.0,1,216.16753
-150.0,1,216.173883
-150.0,1,216.179983
-150.0,1,216.187424
-182.733343,2,216.199578
-150.0,1,216.205791
-150.0,1,216.21072
-150.0,1,216.21937
-150.0,1,216.225787
-150.0,1,216.233063
-256.060967,2,216.24521
-150.0,1,216.252378
-150.0,1,216.260009
-150.0,1,216.264212
-150.0,1,216.27132
-150.0,1,216.281115
-150.0,1,216.288488
-150.0,1,216.29497
-150.0,1,216.30088
-150.0,1,216.309493
-150.0,1,216.315667
-150.0,1,216.321017
-1189.647431,19,216.425155
-150.0,1,216.433303
-150.0,1,216.437624
-326.025925,2,216.449821
-150.0,1,216.455447
-1208.911805,72,216.835682
-150.0,1,216.840964
-150.0,1,216.846823
-150.0,1,216.853005
-150.0,1,216.862808
-150.0,1,216.869134
-150.0,1,216.875535
-194.176852,3,216.891652
-150.0,1,216.8998
-150.0,1,216.904991
-418.817635,2,216.916932
-150.0,1,216.921638
-394.749679,2,216.936845
-150.0,1,216.941089
-150.0,1,216.946532
-150.0,1,216.951942
-150.0,1,216.961301
-150.0,1,216.968518
-182.407458,2,216.980709
-150.0,1,216.987021
-150.0,1,216.994837
-150.0,1,216.999736
-150.0,1,217.007588
-194.904249,3,217.023931
-354.882656,3,217.04093
-150.0,1,217.045832
-150.0,1,217.054248
-490.269713,5,217.079389
-150.0,1,217.087157
-150.0,1,217.097266
-1059.332271,3,217.11433
-150.0,1,217.122213
-150.0,1,217.131826
-150.0,1,217.137981
-150.0,1,217.144427
-178.048121,2,217.155995
-150.0,1,217.16424
-150.0,1,217.168309
-1636.410777,2,217.181932
-150.0,1,217.189394
-150.0,1,217.195833
-150.0,1,217.202106
-150.0,1,217.210639
-150.0,1,217.216695
-150.0,1,217.226446
-150.0,1,217.232309
-150.0,1,217.240284
-215.461343,2,217.250501
-240.688881,3,217.270227
-150.0,1,217.274798
-150.0,1,217.279351
-150.0,1,217.288633
-150.0,1,217.296156
-150.0,1,217.304521
-150.0,1,217.311149
-150.0,1,217.318662
-3768.723002,21,217.434063
-3733.013911,55,217.7221
-150.0,1,217.730677
-387.113839,4,217.755083
-181.756486,2,217.766465
-150.0,1,217.772679
-150.0,1,217.779397
-150.0,1,217.783916
-720.598208,2,217.798038
-150.0,1,217.801973
-443.335171,8,217.848565
-150.0,1,217.854194
-150.0,1,217.860707
-150.0,1,217.869143
-150.0,1,217.874377
-150.0,1,217.878573
-238.030653,4,217.904388
-150.0,1,217.908696
-150.0,1,217.91703
-150.0,1,217.920866
-150.0,1,217.928774
-150.0,1,217.934104
-150.0,1,217.941307
-150.0,1,217.950175
-1006.804611,3,217.967561
-150.0,1,217.973603
-150.0,1,217.979442
-150.0,1,217.988106
-150.0,1,217.99986
-150.0,1,218.00458
-150.0,1,218.01147
-150.0,1,218.017028
-150.0,1,218.025589
-305.17298,2,218.03896
-150.0,1,218.047904
-150.0,1,218.054754
-150.0,1,218.062604
-150.0,1,218.067164
-150.0,1,218.072666
-150.0,1,218.079348
-150.0,1,218.089967
-150.0,1,218.095728
-150.0,1,218.10143
-150.0,1,218.107961
-150.0,1,218.114661
-294.238645,2,218.125047
-150.0,1,218.130568
-150.0,1,218.139105
-150.0,1,218.147916
-150.0,1,218.155299
-150.0,1,218.162234
-258.924466,2,218.174375
-150.0,1,218.180659
-150.0,1,218.190396
-150.0,1,218.197872
-150.0,1,218.201978
-150.0,1,218.2093
-150.0,1,218.219713
-267.238254,2,218.229852
-158.533934,2,218.241785
-437.168927,4,218.271692
-692.058168,3,218.287847
-150.0,1,218.295412
-150.0,1,218.301072
-150.0,1,218.307851
-382.575626,3,218.327428
-150.0,1,218.336779
-150.0,1,218.345603
-150.0,1,218.356082
-150.0,1,218.361145
-150.0,1,218.366477
-161.977015,2,218.379339
-150.0,1,218.38859
-150.0,1,218.395521
-150.0,1,218.403239
-150.0,1,218.408804
-788.180501,2,218.423084
-236.605834,2,218.434752
-150.0,1,218.439254
-685.933228,4,218.462089
-150.0,1,218.470487
-150.0,1,218.474459
-150.0,1,218.480853
-150.0,1,218.486828
-150.0,1,218.49428
-150.0,1,218.499797
-150.0,1,218.505749
-150.0,1,218.511011
-150.0,1,218.518106
-150.0,1,218.524435
-150.0,1,218.533401
-705.543951,8,218.576796
-150.0,1,218.583761
-150.0,1,218.591122
-150.0,1,218.5952
-150.0,1,218.601695
-167.336687,2,218.612841
-150.0,1,218.618223
-150.0,1,218.626251
-150.0,1,218.632437
-1000.866049,3,218.653172
-258.924466,2,218.668601
-150.0,1,218.673954
-150.0,1,218.67987
-150.0,1,218.688974
-150.0,1,218.695477
-150.0,1,218.700336
-150.0,1,218.707644
-150.0,1,218.714896
-505.508077,2,218.726731
-150.0,1,218.733328
-150.0,1,218.738204
-209.295495,2,218.749466
-1106.090456,5,218.77995
-150.0,1,218.785249
-271.438517,2,218.798663
-150.0,1,218.808589
-150.0,1,218.817414
-150.0,1,218.821573
-150.0,1,218.825656
-150.0,1,218.833872
-150.0,1,218.84026
-462.513396,2,218.849899
-1216.472301,13,218.919796
-150.0,1,218.925791
-150.0,1,218.934033
-1579.624152,2,218.94529
-703.27755,3,218.962181
-150.0,1,218.976016
-150.0,1,218.981785
-150.0,1,218.989403
-734.389378,10,219.04396
-150.0,1,219.050588
-150.0,1,219.055475
-150.0,1,219.061211
-1416.081793,4,219.084518
-150.0,1,219.094769
-150.0,1,219.099223
-150.0,1,219.104831
-233.447446,3,219.12103
-150.0,1,219.127763
-150.0,1,219.132686
-150.0,1,219.139714
-150.0,1,219.14543
-584.909336,2,219.159351
-150.0,1,219.165999
-150.0,1,219.171549
-150.0,1,219.18048
-150.0,1,219.187913
-150.0,1,219.194743
-150.0,1,219.203528
-1456.347023,5,219.230045
-150.0,1,219.237706
-150.0,1,219.246061
-150.0,1,219.252542
-150.0,1,219.258427
-150.0,1,219.268431
-150.0,1,219.276163
-150.0,1,219.285151
-150.0,1,219.289488
-152.397454,2,219.303232
-150.0,1,219.308366
-150.0,1,219.312981
-150.0,1,219.32132
-150.0,1,219.331912
-150.0,1,219.338232
-150.0,1,219.342405
-150.0,1,219.350053
-150.0,1,219.358702
-150.0,1,219.364309
-150.0,1,219.372006
-150.0,1,219.382442
-150.0,1,219.393193
-150.0,1,219.397238
-783.367145,2,219.406299
-578.795752,4,219.431277
-150.0,1,219.440612
-150.0,1,219.448729
-150.0,1,219.453173
-150.0,1,219.458005
-1409.958832,14,219.536149
-150.0,1,219.543671
-150.0,1,219.549314
-150.0,1,219.555307
-253.562778,3,219.570822
-150.0,1,219.576373
-150.0,1,219.581874
-150.0,1,219.586166
-389.902207,4,219.614297
-150.0,1,219.619279
-150.0,1,219.626204
-150.0,1,219.632538
-150.0,1,219.641247
-3075.827369,3,219.662033
-381.694719,2,219.671928
-150.0,1,219.678886
-150.0,1,219.686063
-150.0,1,219.690846
-150.0,1,219.701004
-150.0,1,219.707435
-319.638185,2,219.720209
-150.0,1,219.726975
-794.413343,2,219.737969
-229.479051,2,219.746583
-150.0,1,219.754891
-150.0,1,219.760587
-150.0,1,219.765261
-150.0,1,219.769618
-150.0,1,219.779861
-150.0,1,219.785186
-150.0,1,219.792852
-150.0,1,219.798375
-150.0,1,219.80783
-150.0,1,219.81331
-150.0,1,219.817834
-150.0,1,219.8259
-150.0,1,219.834907
-150.0,1,219.841629
-150.0,1,219.84633
-150.0,1,219.851849
-150.0,1,219.862214
-150.0,1,219.867741
-150.0,1,219.871915
-150.0,1,219.875868
-150.0,1,219.883524
-150.0,1,219.889258
-150.0,1,219.893675
-150.0,1,219.898787
-271.337969,2,219.915915
-416.79198,2,219.925699
-150.0,1,219.935618
-997.365651,4,219.957602
-150.0,1,219.964375
-552.691029,4,219.98451
-150.0,1,219.988411
-150.0,1,219.993184
-150.0,1,220.001287
-150.0,1,220.007324
-150.0,1,220.01226
-150.0,1,220.016491
-150.0,1,220.02628
-531.295631,2,220.036184
-877.201924,2,220.047649
-150.0,1,220.055763
-150.0,1,220.062656
-150.0,1,220.0688
-204.141119,2,220.080918
-150.0,1,220.085557
-150.0,1,220.092309
-150.0,1,220.098676
-150.0,1,220.10314
-150.0,1,220.108312
-150.0,1,220.117466
-150.0,1,220.124538
-150.0,1,220.134177
-150.0,1,220.140092
-150.0,1,220.146928
-150.0,1,220.156429
-150.0,1,220.162437
-150.0,1,220.167708
-5811377.112296,2,220.180546
-150.0,1,220.184971
-150.0,1,220.190532
-150.0,1,220.198539
-150.0,1,220.210466
-150.0,1,220.216434
-150.0,1,220.222157
-322.545704,4,220.246606
-150.0,1,220.253438
-150.0,1,220.260158
-2628.276303,5,220.285505
-150.0,1,220.291103
-150.0,1,220.297702
-150.0,1,220.303557
-150.0,1,220.308845
-678.395015,4,220.331412
-150.0,1,220.33754
-150.0,1,220.343302
-150.0,1,220.350241
-150.0,1,220.354829
-213.076171,2,220.366735
-150.0,1,220.373514
-150.0,1,220.379091
-150.0,1,220.385326
-150.0,1,220.39273
-417.652221,2,220.407385
-789.680824,2,220.419405
-199.027952,2,220.431322
-150.0,1,220.43804
-2875.747064,6,220.470007
-150.0,1,220.475487
-150.0,1,220.481944
-150.0,1,220.49058
-150.0,1,220.497688
-150.0,1,220.503345
-150.0,1,220.511018
-150.0,1,220.519629
-691.926444,2,220.532942
-150.0,1,220.540693
-150.0,1,220.54522
-150.0,1,220.557704
-150.0,1,220.56486
-8465957.405876,7,220.604346
-150.0,1,220.608493
-238.259946,2,220.62295
-602.786157,2,220.636407
-150.0,1,220.64132
-150.0,1,220.649377
-150.0,1,220.659159
-150.0,1,220.664698
-150.0,1,220.669016
-2643.969544,21,220.778813
-150.0,1,220.78887
-434.469476,2,220.799087
-150.0,1,220.806669
-150.0,1,220.812288
-150.0,1,220.818162
-150.0,1,220.826849
-150.0,1,220.836305
-150.0,1,220.842288
-150.0,1,220.848645
-150.0,1,220.856452
-150.0,1,220.86314
-150.0,1,220.871562
-150.0,1,220.878853
-150.0,1,220.883457
-150.0,1,220.887354
-300.447423,2,220.89957
-150.0,1,220.908878
-150.0,1,220.913018
-150.0,1,220.919494
-150.0,1,220.925104
-150.0,1,220.931537
-150.0,1,220.938558
-150.0,1,220.946934
-150.0,1,220.950786
-150.0,1,220.959765
-150.0,1,220.967459
-150.0,1,220.975286
-150.0,1,220.980423
-150.0,1,220.990799
-697.88991,2,221.002651
-150.0,1,221.007346
-150.0,1,221.012589
-402.176884,2,221.02511
-150.0,1,221.032909
-150.0,1,221.041242
-150.0,1,221.045849
-150.0,1,221.054708
-150.0,1,221.060107
-150.0,1,221.065862
-150.0,1,221.074344
-150.0,1,221.083497
-150.0,1,221.088424
-150.0,1,221.093828
-150.0,1,221.099355
-150.0,1,221.107741
-150.0,1,221.114635
-150.0,1,221.119574
-150.0,1,221.123965
-150.0,1,221.134521
-150.0,1,221.13998
-150.0,1,221.146224
-229.479051,2,221.15914
-587.466664,2,221.170024
-466.6839,2,221.180736
-150.0,1,221.187005
-150.0,1,221.191736
-915.181707,3,221.210946
-150.0,1,221.216653
-150.0,1,221.222329
-150.0,1,221.230906
-150.0,1,221.2383
-150.0,1,221.248682
-150.0,1,221.254048
-150.0,1,221.26168
-150.0,1,221.26965
-150.0,1,221.277388
-150.0,1,221.282782
-150.0,1,221.288043
-150.0,1,221.2949
-150.0,1,221.300854
-150.0,1,221.305702
-150.0,1,221.312084
-319.638185,2,221.325547
-150.0,1,221.331707
-150.0,1,221.337749
-258.951204,2,221.349128
-150.0,1,221.355712
-150.0,1,221.363004
-150.0,1,221.367821
-150.0,1,221.371939
-150.0,1,221.37975
-150.0,1,221.388567
-150.0,1,221.396697
-150.0,1,221.402308
-6342.57093,21,221.512349
-150.0,1,221.52093
-411.065258,4,221.543656
-150.0,1,221.549296
-1545.44792,21,221.664789
-150.0,1,221.670215
-150.0,1,221.679105
-150.0,1,221.683416
-150.0,1,221.694722
-150.0,1,221.699724
-150.0,1,221.707843
-210.576602,2,221.717641
-150.0,1,221.723306
-150.0,1,221.730444
-150.0,1,221.734199
-150.0,1,221.740143
-150.0,1,221.747203
-150.0,1,221.758878
-150.0,1,221.766804
-150.0,1,221.771146
-150.0,1,221.778813
-150.0,1,221.789562
-150.0,1,221.796312
-150.0,1,221.801031
-150.0,1,221.809752
-150.0,1,221.816135
-364.684362,2,221.826205
-150.0,1,221.834969
-150.0,1,221.843913
-150.0,1,221.848
-150.0,1,221.85211
-150.0,1,221.859018
-425.097849,8,221.904671
-323.392399,2,221.917372
-150.0,1,221.924232
-150.0,1,221.93084
-150.0,1,221.938259
-150.0,1,221.942616
-150.0,1,221.947656
-150.0,1,221.952828
-150.0,1,221.961777
-150.0,1,221.967841
-150.0,1,221.972637
-150.0,1,221.977743
-150.0,1,221.987209
-150.0,1,221.992268
-1590.567416,5,222.017787
-150.0,1,222.023238
-151.609003,2,222.037444
-150.0,1,222.044369
-150.0,1,222.05194
-341.904448,3,222.071369
-150.0,1,222.079235
-2481.692377,4,222.102709
-258.924466,2,222.115636
-150.0,1,222.120456
-1759.973425,17,222.215868
-606.191486,3,222.232793
-705.370771,7,222.275527
-150.0,1,222.282331
-877.201924,2,222.295965
-150.0,1,222.302948
-3521.913934,2,222.311845
-3710157.661207,2,222.324929
-228.193606,2,222.337698
-150.0,1,222.343724
-150.0,1,222.348806
-150.0,1,222.353459
-150.0,1,222.364987
-306.243043,3,222.38409
-150.0,1,222.388391
-150.0,1,222.395892
-150.0,1,222.405629
-150.0,1,222.409326
-150.0,1,222.418167
-150.0,1,222.42736
-150.0,1,222.433723
-150.0,1,222.439289
-5346.112917,44,222.691849
-150.0,1,222.69721
-4480422.992817,7,222.741632
-528.882143,9,222.792657
-150.0,1,222.800868
-592.04836,2,222.811435
-150.0,1,222.820844
-558.459845,4,222.842991
-280.850327,4,222.867331
-150.0,1,222.874471
-150.0,1,222.881641
-150.0,1,222.885855
-150.0,1,222.896727
-150.0,1,222.903774
-150.0,1,222.913408
-150.0,1,222.919002
-150.0,1,222.924136
-150.0,1,222.930244
-150.0,1,222.937961
-150.0,1,222.942655
-150.0,1,222.947469
-150.0,1,222.955755
-150.0,1,222.966643
-150.0,1,222.972658
-150.0,1,222.978583
-150.0,1,222.987533
-150.0,1,222.994409
-150.0,1,223.001982
-150.0,1,223.008247
-724.703742,3,223.027669
-150.0,1,223.036016
-150.0,1,223.044011
-150.0,1,223.049244
-150.0,1,223.053689
-150.0,1,223.060083
-150.0,1,223.066688
-697.88991,2,223.078676
-150.0,1,223.085616
-150.0,1,223.094599
-150.0,1,223.10131
-150.0,1,223.106176
-150.0,1,223.111019
-150.0,1,223.118696
-150.0,1,223.12476
-150.0,1,223.132525
-150.0,1,223.139704
-150.0,1,223.147835
-150.0,1,223.153046
-2315.710345,26,223.294948
-150.0,1,223.300318
-150.0,1,223.308022
-150.0,1,223.313877
-150.0,1,223.321785
-150.0,1,223.330078
-150.0,1,223.339345
-150.0,1,223.344672
-150.0,1,223.350379
-150.0,1,223.356286
-219.67586,6,223.390425
-150.0,1,223.39799
-150.0,1,223.404501
-150.0,1,223.411064
-150.0,1,223.417583
-150.0,1,223.422745
-150.0,1,223.433403
-150.0,1,223.438982
-150.0,1,223.446519
-150.0,1,223.451779
-150.0,1,223.459211
-150.0,1,223.463836
-150.0,1,223.470273
-150.0,1,223.479573
-150.0,1,223.487833
-372.697883,2,223.496222
-150.0,1,223.505092
-150.0,1,223.51456
-150.0,1,223.519531
-487.880394,2,223.528558
-150.0,1,223.53953
-1729.676807,10,223.594557
-150.0,1,223.599143
-150.0,1,223.605644
-150.0,1,223.61969
-150.0,1,223.628766
-402.948724,2,223.640491
-304.591885,2,223.650508
-1034.951144,5,223.679503
-258.924466,2,223.691463
-150.0,1,223.697129
-150.0,1,223.703064
-150.0,1,223.711613
-150.0,1,223.720105
-150.0,1,223.726234
-150.0,1,223.730282
-150.0,1,223.742905
-150.0,1,223.749723
-150.0,1,223.753801
-150.0,1,223.759018
-150.0,1,223.767458
-274.692949,2,223.776563
-150.0,1,223.782428
-861.501082,9,223.835322
-150.0,1,223.843786
-150.0,1,223.848493
-150.0,1,223.854932
-150.0,1,223.863792
-150.0,1,223.870402
-150.0,1,223.876441
-150.0,1,223.883847
-150.0,1,223.892325
-150.0,1,223.904361
-150.0,1,223.909552
-150.0,1,223.916584
-150.0,1,223.925049
-150.0,1,223.931908
-150.0,1,223.937831
-150.0,1,223.943051
-150.0,1,223.949497
-150.0,1,223.955529
-150.0,1,223.961873
-456.175941,2,223.975744
-150.0,1,223.982124
-150.0,1,223.991295
-1542.363731,17,224.087115
-150.0,1,224.093868
-150.0,1,224.100115
-150.0,1,224.106627
-150.0,1,224.112009
-150.0,1,224.122419
-424.714469,2,224.13283
-150.0,1,224.140178
-150.0,1,224.149294
-296.218329,2,224.159437
-276.584441,2,224.171574
-2599.801783,10,224.224761
-150.0,1,224.233928
-150.0,1,224.240993
-150.0,1,224.245877
-150.0,1,224.255347
-150.0,1,224.261429
-150.0,1,224.266997
-150.0,1,224.273205
-219.33942,3,224.294539
-150.0,1,224.300362
-150.0,1,224.304849
-150.0,1,224.311619
-2391.131677,3,224.331368
-150.0,1,224.33744
-150.0,1,224.344302
-346.459657,2,224.35342
-1234.224374,2,224.370205
-150.0,1,224.378838
-150.0,1,224.383726
-150.0,1,224.389009
-150.0,1,224.399334
-150.0,1,224.40486
-150.0,1,224.414279
-150.0,1,224.418987
-254.969791,2,224.435239
-2096.603031,23,224.561544
-150.0,1,224.569634
-150.0,1,224.575387
-150.0,1,224.584046
-150.0,1,224.591822
-3339.920791,4,224.618862
-150.0,1,224.627229
-150.0,1,224.635008
-150.0,1,224.642636
-150.0,1,224.65161
-150.0,1,224.657494
-2662.810882,5,224.686134
-337.788223,4,224.709041
-1103.200769,2,224.721359
-150.0,1,224.727472
-174.884514,2,224.740226
-150.0,1,224.749013
-150.0,1,224.754844
-150.0,1,224.759991
-150.0,1,224.771739
-191.80544,2,224.786085
-150.0,1,224.793096
-150.0,1,224.800435
-150.0,1,224.810843
-202.614256,2,224.821616
-150.0,1,224.827167
-1570.22177,38,225.030861
-150.0,1,225.038732
-150.0,1,225.046031
-2152.630576,6,225.079206
-430.476409,2,225.088036
-150.0,1,225.096641
-180.997492,2,225.105177
-373.703039,2,225.1166
-5782162.98167,2,225.128389
-150.0,1,225.137334
-290.934244,4,225.157151
-150.0,1,225.165111
-150.0,1,225.170915
-150.0,1,225.177717
-150.0,1,225.184722
-150.0,1,225.192917
-150.0,1,225.199798
-150.0,1,225.208796
-150.0,1,225.213743
-378.591452,4,225.233763
-150.0,1,225.241381
-150.0,1,225.251296
-150.0,1,225.256685
-150.0,1,225.261972
-150.0,1,225.270366
-150.0,1,225.280741
-150.0,1,225.286558
-150.0,1,225.291301
-150.0,1,225.297467
-1849.891244,7,225.337758
-150.0,1,225.344579
-150.0,1,225.348741
-150.0,1,225.35589
-150.0,1,225.3631
-373.476761,5,225.390235
-387.149116,2,225.400647
-150.0,1,225.405479
-150.0,1,225.413413
-150.0,1,225.417825
-150.0,1,225.425406
-150.0,1,225.434196
-150.0,1,225.441885
-150.0,1,225.450395
-150.0,1,225.456385
-150.0,1,225.461722
-150.0,1,225.472168
-150.0,1,225.476355
-150.0,1,225.48089
-150.0,1,225.486709
-150.0,1,225.495612
-150.0,1,225.503483
-150.0,1,225.508113
-150.0,1,225.512272
-490.72154,2,225.52914
-150.0,1,225.535081
-150.0,1,225.54049
-150.0,1,225.549108
-150.0,1,225.555044
-150.0,1,225.562708
-150.0,1,225.566966
-150.0,1,225.575097
-150.0,1,225.582191
-150.0,1,225.588402
-150.0,1,225.59278
-1660.748801,4,225.613213
-150.0,1,225.626419
-197.637707,5,225.653113
-497.603284,5,225.68585
-150.0,1,225.69236
-150.0,1,225.700881
-150.0,1,225.70548
-150.0,1,225.711603
-5313482.952486,2,225.722303
-529.580301,2,225.73784
-150.0,1,225.741735
-150.0,1,225.749669
-150.0,1,225.756538
-594.663816,2,225.769905
-150.0,1,225.777114
-150.0,1,225.78465
-150.0,1,225.790313
-150.0,1,225.798618
-150.0,1,225.804287
-150.0,1,225.809913
-150.0,1,225.815658
-150.0,1,225.823227
-150.0,1,225.833723
-150.0,1,225.842436
-150.0,1,225.850632
-150.0,1,225.860151
-150.0,1,225.866482
-150.0,1,225.873116
-150.0,1,225.87844
-980.25216,2,225.894603
-150.0,1,225.900491
-150.0,1,225.906874
-150.0,1,225.911291
-150.0,1,225.920663
-150.0,1,225.926143
-273.770103,2,225.938103
-296.904114,2,225.950244
-608.215851,3,225.969513
-150.0,1,225.975683
-150.0,1,225.984257
-150.0,1,225.989949
-150.0,1,225.998397
-669.28934,2,226.007491
-368.95478,2,226.018306
-150.0,1,226.02311
-150.0,1,226.030651
-150.0,1,226.034337
-150.0,1,226.040891
-150.0,1,226.048281
-284.946863,2,226.060318
-150.0,1,226.067273
-150.0,1,226.072254
-150.0,1,226.076707
-1531.526094,10,226.138278
-150.0,1,226.142623
-150.0,1,226.150603
-150.0,1,226.155963
-150.0,1,226.164446
-150.0,1,226.170789
-150.0,1,226.175382
-150.0,1,226.179908
-150.0,1,226.192153
-150.0,1,226.199251
-150.0,1,226.205426
-150.0,1,226.211602
-932.310512,3,226.231743
-150.0,1,226.239858
-150.0,1,226.248405
-150.0,1,226.25514
-150.0,1,226.26205
-150.0,1,226.268765
-243.840125,2,226.281954
-207.970297,2,226.290871
-528.044507,3,226.311773
-150.0,1,226.319602
-150.0,1,226.325935
-150.0,1,226.330208
-150.0,1,226.336607
-227.216114,2,226.349598
-691.685509,7,226.387731
-150.0,1,226.395822
-150.0,1,226.40807
-150.0,1,226.414128
-753.581158,7,226.450261
-150.0,1,226.455392
-150.0,1,226.463168
-158.467824,2,226.473971
-901.599777,10,226.527748
-150.0,1,226.536126
-150.0,1,226.543759
-150.0,1,226.551372
-150.0,1,226.556841
-150.0,1,226.564543
-150.0,1,226.57174
-150.0,1,226.578541
-150.0,1,226.583547
-150.0,1,226.589252
-150.0,1,226.59712
-162.08603,2,226.611442
-9086.006352,30,226.769803
-150.0,1,226.775632
-178.048121,2,226.789282
-245.829062,2,226.799
-392.422482,3,226.819171
-150.0,1,226.824443
-367.712417,2,226.838106
-150.0,1,226.842432
-150.0,1,226.84742
-150.0,1,226.855791
-150.0,1,226.865773
-150.0,1,226.870487
-150.0,1,226.875673
-150.0,1,226.880599
-150.0,1,226.889746
-150.0,1,226.89856
-150.0,1,226.903958
-150.0,1,226.912985
-150.0,1,226.922353
-150.0,1,226.929749
-150.0,1,226.93421
-150.0,1,226.940086
-150.0,1,226.948608
-150.0,1,226.95735
-150.0,1,226.964133
-150.0,1,226.97076
-150.0,1,226.979408
-150.0,1,226.985732
-150.0,1,226.99174
-150.0,1,226.996033
-150.0,1,227.005999
-150.0,1,227.011299
-150.0,1,227.02067
-150.0,1,227.024867
-150.0,1,227.03423
-150.0,1,227.039108
-514.454462,2,227.051032
-481.761683,3,227.06625
-150.0,1,227.073496
-150.0,1,227.080052
-150.0,1,227.08665
-150.0,1,227.090889
-428.39373,2,227.103608
-150.0,1,227.109293
-150.0,1,227.117226
-150.0,1,227.125786
-150.0,1,227.136491
-150.0,1,227.142386
-150.0,1,227.146675
-150.0,1,227.152833
-150.0,1,227.160199
-150.0,1,227.164853
-150.0,1,227.169689
-150.0,1,227.175417
-150.0,1,227.186553
-150.0,1,227.19419
-396.353823,3,227.211695
-150.0,1,227.219436
-150.0,1,227.228603
-150.0,1,227.233919
-150.0,1,227.24053
-150.0,1,227.245888
-150.0,1,227.255227
-1435.279703,2,227.267305
-150.0,1,227.273499
-1054.171599,4,227.297018
-150.0,1,227.305826
-150.0,1,227.310307
-150.0,1,227.319598
-150.0,1,227.329485
-150.0,1,227.337225
-150.0,1,227.342655
-1929.729499,22,227.463864
-150.0,1,227.46846
-150.0,1,227.478514
-838.916515,2,227.49044
-150.0,1,227.496858
-364.710958,5,227.524501
-546.660257,2,227.541493
-150.0,1,227.545985
-150.0,1,227.553766
-1527.076243,8,227.599271
-150.0,1,227.60978
-287.921963,2,227.625391
-150.0,1,227.633581
-150.0,1,227.644648
-150.0,1,227.651676
-150.0,1,227.656296
-150.0,1,227.663271
-150.0,1,227.672274
-150.0,1,227.679043
-150.0,1,227.683605
-150.0,1,227.689261
-150.0,1,227.698055
-150.0,1,227.705525
-469.635906,3,227.724092
-150.0,1,227.728389
-150.0,1,227.734183
-150.0,1,227.743756
-150.0,1,227.750376
-150.0,1,227.754288
-150.0,1,227.759661
-150.0,1,227.769151
-150.0,1,227.776542
-150.0,1,227.781069
-150.0,1,227.787159
-150.0,1,227.794302
-150.0,1,227.803028
-3075.827369,3,227.818671
-150.0,1,227.825531
-167.005972,2,227.837513
-150.0,1,227.845383
-777.085433,7,227.884397
-150.0,1,227.89356
-2885.353022,9,227.947401
-150.0,1,227.953901
-150.0,1,227.959214
-150.0,1,227.964701
-797.257272,2,227.980756
-492.113792,8,228.025515
-150.0,1,228.032832
-150.0,1,228.036861
-150.0,1,228.045376
-579.716792,2,228.055084
-150.0,1,228.059151
-150.0,1,228.065791
-150.0,1,228.073465
-150.0,1,228.081043
-150.0,1,228.086078
-150.0,1,228.093219
-4093350.409637,3,228.109209
-1828.938209,4,228.132187
-150.0,1,228.140722
-150.0,1,228.147882
-150.0,1,228.156689
-751.535202,3,228.172496
-366.17302,3,228.190861
-150.0,1,228.195259
-150.0,1,228.201746
-150.0,1,228.206486
-150.0,1,228.213449
-216.651802,2,228.226511
-978.399587,10,228.283154
-150.0,1,228.288221
-150.0,1,228.293807
-150.0,1,228.300239
-150.0,1,228.308913
-150.0,1,228.31478
-150.0,1,228.320538
-150.0,1,228.327108
-150.0,1,228.337863
-150.0,1,228.344171
-150.0,1,228.350638
-150.0,1,228.357018
-150.0,1,228.364649
-196.7125,2,228.374829
-150.0,1,228.38108
-150.0,1,228.388562
-150.0,1,228.39612
-150.0,1,228.402736
-150.0,1,228.409561
-150.0,1,228.416151
-2294737.078448,4,228.438999
-150.0,1,228.445571
-150.0,1,228.451911
-150.0,1,228.461752
-150.0,1,228.470282
-150.0,1,228.4742
-3250.926562,10,228.5267
-150.0,1,228.533361
-150.0,1,228.543261
-1975.86765,13,228.6143
-150.0,1,228.61841
-150.0,1,228.624772
-150.0,1,228.632711
-150.0,1,228.638076
-150.0,1,228.641996
-150.0,1,228.650033
-150.0,1,228.659783
-150.0,1,228.664542
-185.266292,3,228.68451
-150.0,1,228.69462
-150.0,1,228.701191
-150.0,1,228.707822
-150.0,1,228.712417
-150.0,1,228.716997
-150.0,1,228.724396
-1561.409973,7,228.759402
-150.0,1,228.765314
-150.0,1,228.776339
-150.0,1,228.783417
-150.0,1,228.787578
-150.0,1,228.792742
-150.0,1,228.801181
-150.0,1,228.809001
-150.0,1,228.814827
-150.0,1,228.820943
-150.0,1,228.826868
-150.0,1,228.833407
-256.060967,2,228.844559
-150.0,1,228.852834
-150.0,1,228.857193
-150.0,1,228.866407
-198.376047,2,228.878867
-150.0,1,228.883098
-150.0,1,228.892188
-150.0,1,228.898519
-150.0,1,228.909318
-150.0,1,228.913777
-150.0,1,228.918049
-150.0,1,228.926697
-150.0,1,228.934066
-150.0,1,228.93887
-150.0,1,228.943234
-150.0,1,228.952299
-150.0,1,228.958776
-150.0,1,228.964098
-4246.418007,47,229.214922
-956.147939,51,229.479206
-150.0,1,229.488193
-207.967183,3,229.50593
-150.0,1,229.512427
-150.0,1,229.52012
-150.0,1,229.52589
-150.0,1,229.531699
-192.890445,2,229.545753
-150.0,1,229.555305
-150.0,1,229.562027
-150.0,1,229.570215
-227.216114,2,229.582338
-2673.161083,30,229.743423
-150.0,1,229.74864
-150.0,1,229.7548
-150.0,1,229.760423
-150.0,1,229.7709
-150.0,1,229.7791
-150.0,1,229.78429
-167.845413,2,229.796968
-150.0,1,229.804169
-150.0,1,229.810161
-150.0,1,229.819114
-150.0,1,229.829202
-150.0,1,229.836647
-150.0,1,229.844372
-150.0,1,229.849598
-150.0,1,229.858682
-150.0,1,229.865674
-150.0,1,229.870384
-150.0,1,229.877115
-150.0,1,229.88681
-150.0,1,229.893421
-150.0,1,229.897785
-150.0,1,229.904557
-150.0,1,229.911463
-150.0,1,229.920405
-150.0,1,229.927526
-150.0,1,229.931931
-150.0,1,229.940833
-150.0,1,229.94943
-150.0,1,229.953385
-150.0,1,229.957983
-150.0,1,229.965626
-150.0,1,229.971935
-150.0,1,229.976147
-150.0,1,229.980884
-150.0,1,229.986618
-150.0,1,229.992425
-150.0,1,229.99651
-150.0,1,230.003528
-150.0,1,230.009522
-150.0,1,230.019627
-406.79267,2,230.02937
-150.0,1,230.038623
-150.0,1,230.045763
-150.0,1,230.051379
-150.0,1,230.060394
-150.0,1,230.068014
-181.675463,2,230.078177
-150.0,1,230.087033
-150.0,1,230.0945
-150.0,1,230.098468
-150.0,1,230.105713
-150.0,1,230.113527
-211.926135,2,230.126113
-150.0,1,230.13012
-150.0,1,230.135756
-150.0,1,230.14733
-150.0,1,230.152728
-150.0,1,230.157763
-223.4692,2,230.170092
-150.0,1,230.178334
-353.930643,2,230.189718
-150.0,1,230.197104
-150.0,1,230.203964
-150.0,1,230.214468
-150.0,1,230.224419
-150.0,1,230.231462
-150.0,1,230.237401
-11461513.077112,4,230.261293
-150.0,1,230.265941
-150.0,1,230.269967
-2155.618084,4,230.289923
-150.0,1,230.301853
-150.0,1,230.307975
-150.0,1,230.314159
-150.0,1,230.321476
-150.0,1,230.331265
-150.0,1,230.336095
-150.0,1,230.341393
-150.0,1,230.348267
-150.0,1,230.360449
-150.0,1,230.365017
-150.0,1,230.37004
-150.0,1,230.376889
-348.96729,2,230.390338
-150.0,1,230.396447
-150.0,1,230.401793
-150.0,1,230.408046
-348.30554,2,230.419597
-312.138602,2,230.437483
-150.0,1,230.445787
-150.0,1,230.451985
-824.328663,2,230.465651
-150.0,1,230.470382
-150.0,1,230.476015
-150.0,1,230.480419
-150.0,1,230.491623
-150.0,1,230.496951
-403.615836,2,230.508912
-378.217896,6,230.545937
-150.0,1,230.554405
-150.0,1,230.558781
-150.0,1,230.565838
-150.0,1,230.56988
-150.0,1,230.576107
-150.0,1,230.579871
-150.0,1,230.588476
-150.0,1,230.594943
-150.0,1,230.605691
-150.0,1,230.610642
-150.0,1,230.617009
-150.0,1,230.623142
-150.0,1,230.631286
-388.053345,2,230.644212
-150.0,1,230.648826
-150.0,1,230.652604
-150.0,1,230.658683
-150.0,1,230.665245
-150.0,1,230.672015
-150.0,1,230.680161
-150.0,1,230.689981
-150.0,1,230.696222
-150.0,1,230.700958
-150.0,1,230.705692
-150.0,1,230.713898
-150.0,1,230.72005
-2051260.045032,13,230.789446
-150.0,1,230.796951
-150.0,1,230.803317
-150.0,1,230.810376
-388.89534,2,230.819799
-150.0,1,230.824822
-150.0,1,230.834419
-150.0,1,230.843369
-150.0,1,230.847805
-150.0,1,230.854055
-263.359684,2,230.871306
-187.00735,2,230.880208
-150.0,1,230.887024
-150.0,1,230.890882
-150.0,1,230.898113
-150.0,1,230.902605
-7324656.584608,4,230.925246
-150.0,1,230.933918
-150.0,1,230.941362
-150.0,1,230.948468
-150.0,1,230.953185
-150.0,1,230.960475
-150.0,1,230.967532
-150.0,1,230.972114
-150.0,1,230.97868
-150.0,1,230.985484
-150.0,1,230.994333
-150.0,1,230.998547
-186.458386,2,231.011285
-150.0,1,231.017853
-150.0,1,231.024917
-150.0,1,231.031492
-150.0,1,231.04016
-150.0,1,231.048923
-1091.548908,6,231.083999
-150.0,1,231.091206
-150.0,1,231.097911
-3202391.411653,4,231.120116
-150.0,1,231.126325
-150.0,1,231.13159
-150.0,1,231.140736
-1528.063135,4,231.162734
-7349345.42978,3,231.183212
-150.0,1,231.190425
-258.924466,2,231.199857
-150.0,1,231.204226
-150.0,1,231.214092
-150.0,1,231.219336
-216.694926,2,231.229544
-150.0,1,231.237424
-150.0,1,231.2448
-150.0,1,231.253847
-150.0,1,231.259347
-150.0,1,231.265605
-150.0,1,231.274553
-688.16032,2,231.28458
-2971.405106,25,231.417103
-150.0,1,231.422997
-150.0,1,231.429545
-150.0,1,231.43856
-5428.031937,61,231.769009
-150.0,1,231.776454
-150.0,1,231.782979
-9304.156356,31,231.95295
-150.0,1,231.962081
-150.0,1,231.97321
-150.0,1,231.981149
-150.0,1,231.986074
-150.0,1,231.990917
-150.0,1,232.000766
-150.0,1,232.009171
-150.0,1,232.014014
-150.0,1,232.019578
-150.0,1,232.025923
-2942.514626,6,232.060291
-150.0,1,232.069166
-150.0,1,232.078357
-226.769056,4,232.10182
-150.0,1,232.112883
-150.0,1,232.121025
-150.0,1,232.126759
-956.592813,7,232.166553
-150.0,1,232.173942
-1742.768134,16,232.262309
-1282.656051,4,232.285574
-189.597862,2,232.29878
-150.0,1,232.306811
-150.0,1,232.310864
-150.0,1,232.319489
-150.0,1,232.327259
-150.0,1,232.334333
-1164.591589,3,232.35204
-150.0,1,232.356442
-691.926444,2,232.366655
-150.0,1,232.375798
-150.0,1,232.383391
-150.0,1,232.390014
-150.0,1,232.396206
-150.0,1,232.404631
-150.0,1,232.409033
-150.0,1,232.417547
-150.0,1,232.423486
-150.0,1,232.432955
-150.0,1,232.436929
-150.0,1,232.442475
-150.0,1,232.44741
-150.0,1,232.456333
-150.0,1,232.46423
-169.635263,2,232.476729
-150.0,1,232.483032
-150.0,1,232.490722
-290.432101,2,232.500138
-150.0,1,232.509389
-150.0,1,232.515183
-150.0,1,232.523467
-150.0,1,232.528266
-150.0,1,232.536992
-150.0,1,232.54166
-150.0,1,232.551126
-150.0,1,232.557116
-150.0,1,232.569063
-11238.890979,97,233.090449
-392.016861,3,233.113252
-150.0,1,233.119219
-150.0,1,233.125706
-150.0,1,233.131005
-681.151203,3,233.148776
-150.0,1,233.153205
-150.0,1,233.158755
-150.0,1,233.163618
-150.0,1,233.171495
-283.241986,4,233.194202
-150.0,1,233.202534
-150.0,1,233.207968
-150.0,1,233.215234
-704.956604,6,233.246629
-150.0,1,233.252473
-150.0,1,233.257693
-150.0,1,233.264344
-366.381159,4,233.286492
-150.0,1,233.294428
-1622.334355,14,233.370646
-150.0,1,233.379277
-150.0,1,233.385369
-3195683.823012,6,233.418379
-150.0,1,233.42272
-150.0,1,233.429384
-150.0,1,233.437907
-428.516944,2,233.446794
-150.0,1,233.451024
-150.0,1,233.460602
-150.0,1,233.46588
-150.0,1,233.470939
-150.0,1,233.47771
-1150.524226,2,233.493491
-150.0,1,233.502032
-415.77411,2,233.518013
-150.0,1,233.523141
-208.99964,3,233.544839
-150.0,1,233.550579
-150.0,1,233.556043
-150.0,1,233.560517
-150.0,1,233.570069
-150.0,1,233.575553
-150.0,1,233.579472
-4567.778689,58,233.880594
-150.0,1,233.887915
-150.0,1,233.892023
-150.0,1,233.900841
-150.0,1,233.906708
-150.0,1,233.917435
-150.0,1,233.923011
-150.0,1,233.929343
-150.0,1,233.935693
-150.0,1,233.944549
-483.033309,2,233.955856
-150.0,1,233.962458
-150.0,1,233.96859
-150.0,1,233.976519
-855.774584,4,233.998739
-150.0,1,234.008506
-692.058168,3,234.029224
-150.0,1,234.037484
-385.280186,2,234.050231
-150.0,1,234.05796
-150.0,1,234.063936
-559.99965,2,234.078393
-150.0,1,234.084662
-150.0,1,234.091009
-150.0,1,234.098117
-150.0,1,234.107818
-150.0,1,234.112358
-150.0,1,234.119663
-150.0,1,234.129027
-150.0,1,234.138921
-150.0,1,234.143833
-3276311.494956,2,234.158025
-150.0,1,234.162238
-150.0,1,234.170542
-150.0,1,234.178446
-150.0,1,234.187829
-150.0,1,234.192934
-150.0,1,234.199712
-150.0,1,234.205443
-150.0,1,234.213408
-150.0,1,234.218388
-3660.414754,31,234.38598
-150.0,1,234.392816
-225.61596,2,234.405696
-150.0,1,234.411346
-150.0,1,234.419453
-150.0,1,234.424926
-150.0,1,234.432565
-150.0,1,234.440886
-7948.020091,90,234.9197
-284.822835,2,234.934403
-261.201259,2,234.947074
-150.0,1,234.955475
-150.0,1,234.965547
-276.222989,2,234.97458
-631.549668,2,234.986839
-150.0,1,234.991826
-150.0,1,234.99903
-150.0,1,235.004418
-150.0,1,235.011032
-284.411335,2,235.020992
-150.0,1,235.028589
-6931799.600936,2,235.040925
-150.0,1,235.049668
-150.0,1,235.055956
-363.53705,7,235.09695
-364.838621,2,235.107782
-150.0,1,235.113903
-268.423995,2,235.126413
-150.0,1,235.135222
-150.0,1,235.13933
-150.0,1,235.143464
-150.0,1,235.154345
-150.0,1,235.163565
-150.0,1,235.170342
-150.0,1,235.177003
-150.0,1,235.183004
-150.0,1,235.192328
-150.0,1,235.19887
-150.0,1,235.207715
-150.0,1,235.212737
-150.0,1,235.220478
-612.123691,3,235.234418
-222.605842,2,235.245986
-150.0,1,235.25017
-336.165225,2,235.266623
-3500.975786,14,235.339093
-150.0,1,235.34484
-150.0,1,235.352348
-150.0,1,235.360567
-150.0,1,235.366946
-150.0,1,235.372054
-150.0,1,235.380041
-150.0,1,235.389409
-707.434172,2,235.398494
-150.0,1,235.405225
-150.0,1,235.413934
-150.0,1,235.420223
-150.0,1,235.42535
-3546.021301,46,235.667042
-150.0,1,235.674159
-150.0,1,235.682646
-150.0,1,235.691613
-150.0,1,235.701185
-1528.59158,4,235.723344
-162.983981,2,235.735616
-150.0,1,235.741623
-150.0,1,235.748212
-150.0,1,235.754099
-150.0,1,235.760724
-150.0,1,235.767872
-150.0,1,235.776964
-2718.129605,4,235.798877
-150.0,1,235.805278
-1021.286321,10,235.861965
-150.0,1,235.870975
-195.662355,2,235.884289
-2436.112327,3,235.901714
-238.030653,4,235.922777
-150.0,1,235.929014
-150.0,1,235.938095
-155.972591,2,235.949993
-150.0,1,235.95763
-150.0,1,235.964725
-150.0,1,235.9696
-150.0,1,235.976695
-303.772558,2,235.990443
-150.0,1,235.998158
-150.0,1,236.002753
-5681.044554,16,236.08886
-542.276019,3,236.105671
-150.0,1,236.111816
-150.0,1,236.118116
-150.0,1,236.127656
-150.0,1,236.137292
-876.337557,4,236.157869
-311.939651,3,236.180385
-150.0,1,236.187327
-150.0,1,236.195067
-150.0,1,236.200576
-150.0,1,236.210974
-150.0,1,236.21737
-295.31422,2,236.226815
-150.0,1,236.236772
-150.0,1,236.245512
-463.436372,2,236.257135
-376.72447,2,236.269494
-150.0,1,236.275274
-2455.504747,9,236.327032
-150.0,1,236.338636
-150.0,1,236.343082
-150.0,1,236.348455
-315.044021,2,236.359924
-150.0,1,236.36603
-150.0,1,236.370707
-665.882515,2,236.382332
-150.0,1,236.387692
-367.477224,2,236.403014
-150.0,1,236.409981
-238.922266,2,236.422579
-150.0,1,236.430256
-794.064629,2,236.466415
-150.0,1,236.472672
-150.0,1,236.478085
-454.845962,2,236.490676
-150.0,1,236.499869
-150.0,1,236.505517
-261.946677,2,236.516893
-150.0,1,236.526013
-150.0,1,236.532506
-150.0,1,236.539316
-150.0,1,236.547251
-150.0,1,236.555594
-150.0,1,236.562624
-150.0,1,236.570477
-150.0,1,236.577334
-150.0,1,236.585164
-150.0,1,236.593573
-351.292884,5,236.621395
-150.0,1,236.625998
-150.0,1,236.631495
-528.459301,2,236.646678
-150.0,1,236.65094
-150.0,1,236.657428
-150.0,1,236.665502
-320.006419,4,236.690571
-150.0,1,236.698195
-150.0,1,236.706104
-4179.642302,17,236.792952
-150.0,1,236.801382
-150.0,1,236.812506
-150.0,1,236.819454
-335.053471,4,236.839849
-150.0,1,236.846382
-150.0,1,236.852293
-150.0,1,236.858656
-150.0,1,236.863579
-150.0,1,236.870191
-1679.099646,18,236.977999
-150.0,1,236.984616
-282.59832,2,236.9979
-150.0,1,237.009778
-150.0,1,237.018884
-10758929.244306,7,237.061337
-150.0,1,237.065842
-150.0,1,237.075849
-150.0,1,237.083202
-310.430845,2,237.096187
-150.0,1,237.102144
-150.0,1,237.109419
-150.0,1,237.117065
-150.0,1,237.123935
-150.0,1,237.128531
-3075.827369,3,237.151933
-150.0,1,237.157271
-204.403661,2,237.17088
-150.0,1,237.177536
-150.0,1,237.184468
-150.0,1,237.190107
-150.0,1,237.196244
-150.0,1,237.201647
-877.201924,2,237.216734
-150.0,1,237.226717
-150.0,1,237.230655
-150.0,1,237.237212
-150.0,1,237.245795
-262.553635,2,237.256706
-194.956305,2,237.268719
-150.0,1,237.276639
-150.0,1,237.283621
-150.0,1,237.289055
-150.0,1,237.29535
-150.0,1,237.303299
-703.409938,5,237.336112
-150.0,1,237.341983
-960.918813,6,237.374803
-224.640305,2,237.386477
-150.0,1,237.392958
-389.902207,4,237.413805
-150.0,1,237.420833
-150.0,1,237.427223
-150.0,1,237.434678
-1642.82538,3,237.450037
-150.0,1,237.454475
-150.0,1,237.459118
-173.103107,2,237.472731
-150.0,1,237.477263
-150.0,1,237.483361
-150.0,1,237.493129
-473.814532,3,237.508498
-201.789281,2,237.519097
-150.0,1,237.524008
-150.0,1,237.530814
-150.0,1,237.542262
-150.0,1,237.547715
-150.0,1,237.554557
-150.0,1,237.55856
-150.0,1,237.569014
-330.697581,2,237.578533
-193.512654,3,237.59421
-150.0,1,237.599877
-150.0,1,237.606592
-360.070733,2,237.617209
-3257270.100341,4,237.641943
-659.704642,5,237.66838
-150.0,1,237.675641
-389.578789,4,237.826679
-150.0,1,237.834433
-150.0,1,237.84111
-150.0,1,237.851019
-856.571797,6,237.883811
-150.0,1,237.889241
-150.0,1,237.8954
-150.0,1,237.903211
-150.0,1,237.914686
-150.0,1,237.922642
-175.336811,2,237.931916
-150.0,1,237.939673
-150.0,1,237.94389
-150.0,1,237.949672
-150.0,1,237.956001
-150.0,1,237.966095
-150.0,1,237.97431
-150.0,1,237.980563
-150.0,1,237.986735
-150.0,1,237.996741
-150.0,1,238.002759
-150.0,1,238.008255
-150.0,1,238.015533
-150.0,1,238.028375
-501.816077,4,238.050084
-150.0,1,238.055318
-312.138602,2,238.065587
-150.0,1,238.075113
-150.0,1,238.082302
-150.0,1,238.086954
-150.0,1,238.095469
-150.0,1,238.104656
-150.0,1,238.113729
-222.294521,2,238.126254
-150.0,1,238.132622
-480.081501,2,238.145198
-150.0,1,238.150971
-206.37088,2,238.161649
-150.0,1,238.165853
-270.060424,2,238.181947
-150.0,1,238.186447
-150.0,1,238.19062
-150.0,1,238.195307
-150.0,1,238.204628
-150.0,1,238.211405
-150.0,1,238.217896
-366.201092,2,238.232479
-150.0,1,238.240435
-150.0,1,238.244538
-150.0,1,238.248632
-150.0,1,238.256682
-356.77477,5,238.286474
-150.0,1,238.293696
-150.0,1,238.297796
-150.0,1,238.305652
-150.0,1,238.312991
-150.0,1,238.317346
-150.0,1,238.327797
-150.0,1,238.333265
-150.0,1,238.34087
-150.0,1,238.346568
-150.0,1,238.353472
-150.0,1,238.360448
-150.0,1,238.36878
-150.0,1,238.374745
-150.0,1,238.380023
-150.0,1,238.385223
-150.0,1,238.391944
-150.0,1,238.397964
-262.046701,3,238.413844
-885.475374,8,238.457264
-150.0,1,238.463122
-150.0,1,238.472658
-150.0,1,238.478532
-150.0,1,238.485519
-150.0,1,238.495319
-150.0,1,238.501889
-150.0,1,238.508235
-150.0,1,238.513687
-4433677.796926,6,238.549509
-150.0,1,238.557189
-150.0,1,238.56169
-150.0,1,238.569118
-150.0,1,238.575527
-150.0,1,238.580836
-150.0,1,238.586401
-150.0,1,238.593381
-150.0,1,238.601228
-150.0,1,238.611424
-219.807336,2,238.620767
-150.0,1,238.625756
-1605.572406,2,238.641355
-150.0,1,238.648281
-150.0,1,238.652999
-150.0,1,238.659234
-256.775248,2,238.67047
-716.413081,5,238.698746
-150.0,1,238.70441
-678.258914,4,238.726202
-150.0,1,238.737804
-150.0,1,238.743461
-150.0,1,238.747548
-819.872611,8,238.789142
-150.0,1,238.797684
-150.0,1,238.807294
-150.0,1,238.814627
-150.0,1,238.819564
-150.0,1,238.827666
-150.0,1,238.836079
-150.0,1,238.841996
-150.0,1,238.847485
-150.0,1,238.859151
-150.0,1,238.86651
-150.0,1,238.872552
-270.060424,2,238.885212
-150.0,1,238.894625
-150.0,1,238.901614
-150.0,1,238.905822
-335.493264,2,238.920142
-1494.081805,7,238.965252
-150.0,1,238.969947
-150.0,1,238.976476
-390.245433,3,238.993426
-150.0,1,238.999807
-331.733713,2,239.013542
-150.0,1,239.019233
-150.0,1,239.0233
-150.0,1,239.033518
-150.0,1,239.045939
-150.0,1,239.054985
-150.0,1,239.061843
-150.0,1,239.069241
-150.0,1,239.079133
-150.0,1,239.083581
-150.0,1,239.087563
-150.0,1,239.094582
-150.0,1,239.100787
-150.0,1,239.107968
-600.863696,4,239.129292
-150.0,1,239.137937
-150.0,1,239.14551
-150.0,1,239.152052
-150.0,1,239.156195
-1687.938803,8,239.205849
-150.0,1,239.212841
-150.0,1,239.219087
-150.0,1,239.226315
-150.0,1,239.236695
-150.0,1,239.242272
-521.457014,2,239.256653
-155.972591,2,239.270044
-150.0,1,239.277957
-150.0,1,239.287689
-150.0,1,239.292238
-150.0,1,239.299704
-312.016245,2,239.313452
-150.0,1,239.319676
-150.0,1,239.326318
-150.0,1,239.33184
-150.0,1,239.339837
-150.0,1,239.348535
-150.0,1,239.35714
-150.0,1,239.364741
-150.0,1,239.372748
-150.0,1,239.3784
-150.0,1,239.385232
-585.765683,2,239.397841
-276.680868,2,239.41173
-150.0,1,239.415904
-150.0,1,239.426503
-150.0,1,239.43203
-150.0,1,239.440985
-150.0,1,239.446571
-2871.672876,6,239.481347
-150.0,1,239.487124
-150.0,1,239.493908
-150.0,1,239.502032
-150.0,1,239.508846
-150.0,1,239.513517
-150.0,1,239.520382
-150.0,1,239.526826
-150.0,1,239.531334
-150.0,1,239.535761
-150.0,1,239.542508
-150.0,1,239.551055
-225.529161,18,239.645308
-150.0,1,239.649572
-150.0,1,239.660944
-271.389325,3,239.675585
-150.0,1,239.687106
-150.0,1,239.691939
-9756.906737,38,239.900448
-150.0,1,239.909126
-150.0,1,239.913845
-150.0,1,239.919306
-150.0,1,239.926499
-150.0,1,239.933418
-214.966066,2,239.942715
-150.0,1,239.946742
-150.0,1,239.957948
-150.0,1,239.962663
-150.0,1,239.966867
-150.0,1,239.977309
-150.0,1,239.987832
-150.0,1,239.994348
-2524.694986,6,240.026466
-150.0,1,240.034636
-150.0,1,240.046271
-150.0,1,240.050446
-150.0,1,240.057734
-428.516944,2,240.071251
-150.0,1,240.081713
-150.0,1,240.089767
-150.0,1,240.098644
-150.0,1,240.105164
-150.0,1,240.113355
-150.0,1,240.119807
-150.0,1,240.127591
-150.0,1,240.133181
-150.0,1,240.140944
-150.0,1,240.147694
-150.0,1,240.154979
-150.0,1,240.159792
-150.0,1,240.169038
-150.0,1,240.175468
-150.0,1,240.184997
-150.0,1,240.191822
-150.0,1,240.199578
-150.0,1,240.204966
-150.0,1,240.212612
-150.0,1,240.218109
-150.0,1,240.224441
-150.0,1,240.229787
-150.0,1,240.235585
-150.0,1,240.240062
-150.0,1,240.248906
-150.0,1,240.253511
-150.0,1,240.260487
-150.0,1,240.26649
-314.511421,2,240.278095
-150.0,1,240.286382
-5464131.757843,7,240.322583
-150.0,1,240.32776
-369.480785,3,240.346652
-928.324172,2,240.35822
-150.0,1,240.364198
-2502.537105,3,240.379584
-150.0,1,240.38955
-700.85291,2,240.403013
-3582.729132,8,240.446823
-150.0,1,240.455385
-150.0,1,240.46304
-150.0,1,240.470204
-150.0,1,240.477337
-521.23518,2,240.491253
-150.0,1,240.501189
-150.0,1,240.506752
-150.0,1,240.511909
-150.0,1,240.516664
-150.0,1,240.523781
-318.01947,2,240.535026
-182.013225,2,240.544745
-513.267978,4,240.567535
-170.118307,2,240.581006
-150.0,1,240.588159
-1308.779388,3,240.60869
-150.0,1,240.613427
-150.0,1,240.620868
-1762.981925,3,240.638841
-150.0,1,240.64749
-150.0,1,240.653124
-150.0,1,240.662149
-150.0,1,240.671374
-178.190458,3,240.688864
-150.0,1,240.696444
-711.165178,2,240.71099
-190.720996,2,240.724309
-187.012025,2,240.73758
-8252703.779729,4,240.757957
-150.0,1,240.765691
-150.0,1,240.770521
-258.696878,2,240.780923
-150.0,1,240.787368
-150.0,1,240.795211
-150.0,1,240.802474
-150.0,1,240.809394
-150.0,1,240.815076
-294.845998,3,240.837533
-150.0,1,240.847182
-150.0,1,240.854574
-150.0,1,240.859911
-150.0,1,240.870483
-307.111858,3,240.885406
-150.0,1,240.893009
-1413.319482,5,240.921193
-150.0,1,240.930796
-150.0,1,240.935725
-150.0,1,240.941973
-1099.606118,4,240.963497
-150.0,1,240.974192
-150.0,1,240.981406
-150.0,1,240.986242
-150.0,1,240.991857
-150.0,1,241.000286
-150.0,1,241.010765
-850.727382,2,241.024803
-150.0,1,241.029197
-150.0,1,241.036398
-997.46141,3,241.055583
-150.0,1,241.061313
-150.0,1,241.066067
-150.0,1,241.076762
-2098.853913,3,241.093686
-150.0,1,241.10009
-150.0,1,241.105505
-258.951204,2,241.121463
-150.0,1,241.127178
-258.924466,2,241.138343
-150.0,1,241.145074
0.0,1,241.151125
-237.119161,36,241.341973
-150.0,1,241.348678
-150.0,1,241.354338
-150.0,1,241.361807
-150.0,1,241.369841
-840.766964,2,241.383024
-179.404253,2,241.396049
-1321.719416,15,241.476538
-150.0,1,241.482715
-150.0,1,241.487037
-150.0,1,241.491257
-337.136125,2,241.505774
-150.0,1,241.509825
-150.0,1,241.514414
-150.0,1,241.518493
-150.0,1,241.52946
-150.0,1,241.538304
-150.0,1,241.542651
-150.0,1,241.551303
-150.0,1,241.559621
-150.0,1,241.564013
-150.0,1,241.56916
-317.501853,3,241.585116
-150.0,1,241.593559
-315.151992,2,241.605911
-150.0,1,241.610116
-347.667099,2,241.623691
-150.0,1,241.631494
-150.0,1,241.638537
-150.0,1,241.643822
-150.0,1,241.6483
-150.0,1,241.65698
-2311.731719,4,241.677806
-150.0,1,241.682423
-150.0,1,241.687118
-993.270895,3,241.705332
-150.0,1,241.711296
-150.0,1,241.715278
-150.0,1,241.722238
-150.0,1,241.731283
-150.0,1,241.736362
-150.0,1,241.741505
-150.0,1,241.747766
-150.0,1,241.757872
-381.883241,2,241.769834
-150.0,1,241.775367
-150.0,1,241.780388
-562.548483,4,241.803205
-150.0,1,241.809358
-150.0,1,241.815347
-150.0,1,241.823721
-1111.553964,2,241.837913
-150.0,1,241.843422
-150.0,1,241.850821
-1030.774122,5,241.877965
-340.403395,4,241.901594
-150.0,1,241.908104
-150.0,1,241.912673
-150.0,1,241.918674
-150.0,1,241.928286
-150.0,1,241.937443
-150.0,1,241.942838
-150.0,1,241.949554
-150.0,1,241.956675
-150.0,1,241.961204
-150.0,1,241.965556
-150.0,1,241.972728
-150.0,1,241.979704
-150.0,1,241.985482
-6048611.649342,5,242.010631
-150.0,1,242.017396
-150.0,1,242.025596
-150.0,1,242.030028
-150.0,1,242.03989
-150.0,1,242.046929
-150.0,1,242.055259
-150.0,1,242.062118
-150.0,1,242.066648
-150.0,1,242.074518
-150.0,1,242.082288
-682.873921,2,242.093516
-865.980924,9,242.144447
-150.0,1,242.15147
-150.0,1,242.15901
-150.0,1,242.16317
-150.0,1,242.171532
-150.0,1,242.179154
-150.0,1,242.188439
-4580584.367869,5,242.218725
-3657.472777,19,242.321161
-150.0,1,242.326928
-222.789747,2,242.341155
-150.0,1,242.34881
-150.0,1,242.353738
-150.0,1,242.360244
-150.0,1,242.370004
-840.766964,2,242.379237
-150.0,1,242.388069
-150.0,1,242.393856
-150.0,1,242.402912
-150.0,1,242.407639
-150.0,1,242.413664
-150.0,1,242.423379
-225.086557,2,242.435126
-237.403065,2,242.449248
-150.0,1,242.453651
-1163.434157,13,242.524125
-150.0,1,242.53426
-150.0,1,242.539997
-150.0,1,242.546465
-682.417473,6,242.581035
-150.0,1,242.592278
-150.0,1,242.600799
-150.0,1,242.611286
-150.0,1,242.621335
-150.0,1,242.62828
-150.0,1,242.632737
-150.0,1,242.64324
-150.0,1,242.652672
-150.0,1,242.661509
-150.0,1,242.666257
-150.0,1,242.67316
-150.0,1,242.680005
-150.0,1,242.688283
-150.0,1,242.694171
-150.0,1,242.700538
-150.0,1,242.7106
-150.0,1,242.718556
-150.0,1,242.722736
-150.0,1,242.728573
-565.410352,4,242.748752
-150.0,1,242.759648
-845.350855,7,242.798203
-150.0,1,242.808943
-150.0,1,242.814044
-150.0,1,242.824599
-150.0,1,242.831905
-296.067462,2,242.847978
-150.0,1,242.852759
-150.0,1,242.860317
-150.0,1,242.867399
-269.911165,2,242.878083
-245.342377,2,242.89063
-2989951.903049,7,242.92913
-150.0,1,242.936387
-150.0,1,242.942042
-150.0,1,242.949199
-150.0,1,242.956191
-150.0,1,242.964491
-150.0,1,242.971212
-150.0,1,242.979684
-150.0,1,242.986162
-150.0,1,242.996545
-150.0,1,243.000858
-150.0,1,243.006495
-150.142337,2,243.021524
-150.0,1,243.028942
-150.0,1,243.034611
-242.61808,2,243.045506
-150.0,1,243.053606
-150.0,1,243.058411
-150.0,1,243.068111
-150.0,1,243.077915
-150.0,1,243.086533
-150.0,1,243.095906
-150.0,1,243.103156
-150.0,1,243.110525
-467.680624,6,243.143713
-911.091979,5,243.171569
-150.0,1,243.179961
-150.0,1,243.188337
-684.454629,2,243.200773
-150.0,1,243.207731
-150.0,1,243.215294
-150.0,1,243.21926
-150.0,1,243.228886
-150.0,1,243.236223
-150.0,1,243.244453
-150.0,1,243.25055
-150.2125,2,243.269209
-150.0,1,243.277886
-1179.271818,7,243.31886
-150.0,1,243.327994
-8399565.902691,2,243.342369
-150.0,1,243.34813
-150.0,1,243.35276
-233.023504,7,243.39178
-150.0,1,243.400701
-447.357898,2,243.410513
-150.0,1,243.416859
-160.766806,2,243.429446
-150.0,1,243.437979
-691.685509,7,243.47757
-150.0,1,243.482627
-150.0,1,243.488164
-150.0,1,243.494574
-150.0,1,243.502682
-150.0,1,243.506912
-150.0,1,243.515249
-150.0,1,243.524394
-150.0,1,243.531769
-150.0,1,243.53877
-150.0,1,243.545859
-150.0,1,243.55626
-150.0,1,243.561579
-150.0,1,243.569067
-221.196798,2,243.583619
-150.0,1,243.593103
-4182.961469,7,243.632144
-150.0,1,243.638348
-150.0,1,243.644301
-3059413.700376,11,243.708631
-150.0,1,243.715436
-150.0,1,243.720978
-315.702848,2,243.730965
-150.0,1,243.740052
-174.787526,2,243.750834
-251.839302,2,243.761277
-150.0,1,243.76826
-150.0,1,243.778609
-150.0,1,243.784532
-939.248755,10,243.838944
-150.0,1,243.846936
-703.732719,3,243.866891
-150.0,1,243.87238
-150.0,1,243.880408
-150.0,1,243.88684
-150.0,1,243.89814
-150.0,1,243.904707
-150.0,1,243.912952
-150.0,1,243.917566
-1087.343245,3,243.937669
-1034.283014,3,243.959583
-150.0,1,243.967497
-150.0,1,243.972615
-1413.670321,6,244.01583
-4253.759088,37,244.212367
-150.0,1,244.220382
-336.576638,2,244.232785
-720.491908,2,244.244301
-150.0,1,244.25455
-150.0,1,244.259385
-548.558137,3,244.275325
-150.0,1,244.283365
-389.902207,4,244.310558
-219.807336,2,244.319597
-150.0,1,244.328301
-150.0,1,244.337105
-150.0,1,244.344313
-150.0,1,244.349556
-150.0,1,244.357322
-679.045249,3,244.375811
-483.983818,2,244.392093
-150.0,1,244.403582
-150.0,1,244.408997
-212.174122,2,244.424216
-150.0,1,244.432953
-150.0,1,244.44272
-150.0,1,244.453185
-279.922765,2,244.465666
-150.0,1,244.470021
-5166194.417612,3,244.490718
-290.432101,2,244.50202
-150.0,1,244.51348
-150.0,1,244.518301
-150.0,1,244.526327
-312.138602,2,244.541461
-290.432101,2,244.553874
-644.524011,2,244.568238
-150.0,1,244.572235
-150.0,1,244.576008
-150.0,1,244.588025
-511.513213,3,244.604997
-150.0,1,244.615111
-150.0,1,244.621898
-150.0,1,244.63018
-150.0,1,244.634645
-150.0,1,244.640804
-150.0,1,244.646442
-150.0,1,244.654461
-150.0,1,244.663615
-150.0,1,244.669609
-150.0,1,244.675567
-150.0,1,244.683869
-1180.67515,5,244.710996
-275.657593,4,244.736681
-150.0,1,244.744125
-920.950502,11,244.804268
-150.0,1,244.812236
-150.0,1,244.819044
-1075.755199,5,244.847368
-258.924466,2,244.861668
-150.0,1,244.868668
-150.0,1,244.875205
-150.0,1,244.880387
-383.218218,3,244.89853
-279.179549,2,244.912018
-150.0,1,244.91704
-1549.113719,6,244.950092
-150.0,1,244.958378
-150.0,1,244.967451
-211.434577,3,244.986358
-150.0,1,244.992005
-150.0,1,244.999738
-150.0,1,245.00437
-150.0,1,245.010994
-150.0,1,245.015737
-150.0,1,245.024165
-150.0,1,245.031438
-150.0,1,245.037299
-150.0,1,245.042325
-150.0,1,245.050293
-150.0,1,245.056905
-658.739244,2,245.072171
-150.0,1,245.078099
-150.0,1,245.085519
-150.0,1,245.092642
-150.0,1,245.097921
-548.965959,2,245.111905
-150.0,1,245.120167
-150.0,1,245.126576
-150.0,1,245.13301
-150.0,1,245.137045
-708.736092,2,245.150117
-150.0,1,245.155464
-150.0,1,245.164115
-223.837034,3,245.184919
-4981.096485,4,245.211529
-1334.003898,5,245.238715
-150.0,1,245.247924
-150.0,1,245.253925
-150.0,1,245.260208
-150.0,1,245.26626
-150.0,1,245.271614
-150.0,1,245.278494
-150.0,1,245.285968
-150.0,1,245.29024
-150.0,1,245.299007
-150.0,1,245.303304
-150.0,1,245.314177
-150.0,1,245.31991
-394.749679,2,245.332015
-150.0,1,245.339373
-150.0,1,245.34555
-150.0,1,245.352635
-150.0,1,245.35684
-8717.974791,29,245.510544
-150.0,1,245.51694
-150.0,1,245.524544
-626.341841,3,245.538528
-238.030653,4,245.562691
-150.0,1,245.574356
-150.0,1,245.578918
-595.389816,2,245.588436
-150.0,1,245.595199
-2224.834363,2,245.609435
-150.0,1,245.617342
-150.0,1,245.624036
-150.0,1,245.630979
-150.0,1,245.638591
-150.0,1,245.645123
-150.0,1,245.652179
-372.060759,2,245.662434
-387.113839,4,245.685913
-150.0,1,245.692434
-150.0,1,245.700477
-366.222468,2,245.709968
-150.0,1,245.717165
-150.0,1,245.723874
-263.650974,2,245.735399
-150.0,1,245.74213
-2432.002524,4,245.768831
-150.0,1,245.776267
-150.0,1,245.781925
-150.0,1,245.786369
-150.0,1,245.793438
-150.0,1,245.805122
-2351.141894,26,245.94198
-150.0,1,245.949829
-150.0,1,245.960099
-150.0,1,245.967273
-150.0,1,245.971912
-150.0,1,245.978431
-150.0,1,245.988802
-150.0,1,245.99334
-150.0,1,245.998008
-150.0,1,246.004782
-150.0,1,246.01515
-150.0,1,246.020783
-150.0,1,246.025926
-150.0,1,246.033282
-150.0,1,246.042261
-150.0,1,246.05051
-150.0,1,246.05678
-150.0,1,246.061709
-150.0,1,246.071124
-150.0,1,246.075689
-293.884148,2,246.08966
-150.0,1,246.09512
-150.0,1,246.102687
-150.0,1,246.110275
-150.0,1,246.116178
-150.0,1,246.124029
-150.0,1,246.132652
-150.0,1,246.141555
-150.0,1,246.148496
-150.0,1,246.156068
-150.0,1,246.162887
-150.0,1,246.169138
-150.0,1,246.174385
-150.0,1,246.180844
-150.0,1,246.18697
-727.581036,10,246.241192
-150.0,1,246.24966
-150.0,1,246.256715
-150.0,1,246.264777
-150.0,1,246.270221
-150.0,1,246.27811
-150.0,1,246.284614
-150.0,1,246.291865
-150.0,1,246.29639
-886.613968,2,246.310726
-150.0,1,246.317534
-150.0,1,246.326787
-150.0,1,246.335264
-150.0,1,246.342782
-150.0,1,246.347992
-150.0,1,246.354006
-150.0,1,246.365439
-150.0,1,246.37086
-150.0,1,246.378237
-963.039702,7,246.419841
-150.0,1,246.426544
-150.0,1,246.432722
-150.0,1,246.44005
-150.0,1,246.447694
-150.0,1,246.452613
-150.0,1,246.458834
-274.692949,2,246.471455
-150.0,1,246.482823
-150.0,1,246.488897
-150.0,1,246.504326
-150.0,1,246.512156
-761.543269,3,246.531795
-481.761683,3,246.548265
-150.0,1,246.554393
-150.0,1,246.559875
-150.0,1,246.570881
-150.0,1,246.580824
-150.0,1,246.59042
-150.0,1,246.59505
-150.0,1,246.602164
-150.0,1,246.607528
-150.0,1,246.614461
-150.0,1,246.621638
-379.218808,2,246.633239
-150.0,1,246.640618
-150.0,1,246.645638
-150.0,1,246.650632
-150.0,1,246.658217
-245.829062,2,246.673279
-150.0,1,246.679306
-150.0,1,246.685445
-150.0,1,246.695675
-150.0,1,246.700602
-150.0,1,246.706226
-150.0,1,246.715878
-150.0,1,246.724936
-150.0,1,246.729558
-150.0,1,246.735107
-150.0,1,246.745581
-150.0,1,246.753619
-150.0,1,246.762867
-150.0,1,246.766972
-150.0,1,246.771728
-150.0,1,246.784072
-150.0,1,246.789206
-150.0,1,246.799084
-150.0,1,246.803467
-150.0,1,246.814131
-456.307801,3,246.831072
-150.0,1,246.837755
-373.703039,2,246.850305
-325.889395,2,246.866166
-150.0,1,246.873251
-150.0,1,246.879494
-150.0,1,246.885206
-150.0,1,246.894907
-4885.465936,15,246.973266
-150.0,1,246.984614
-150.0,1,246.992447
-218.396533,2,247.006442
-150.0,1,247.012936
-150.0,1,247.021622
-150.0,1,247.026462
-150.0,1,247.03514
-150.0,1,247.045072
-150.0,1,247.050826
-150.0,1,247.056126
-150.0,1,247.065977
-150.0,1,247.074521
-150.0,1,247.084132
-150.0,1,247.087972
-150.0,1,247.099044
-150.0,1,247.106745
-150.0,1,247.111268
-150.0,1,247.116326
-150.0,1,247.12516
-150.0,1,247.132374
-150.0,1,247.139448
-150.0,1,247.149711
-150.0,1,247.160173
-150.0,1,247.167184
-150.0,1,247.174657
-150.0,1,247.179711
-373.014076,5,247.212407
-150.0,1,247.220068
-150.0,1,247.224064
-150.0,1,247.229429
-623.56792,11,247.29503
-150.0,1,247.301272
-150.0,1,247.307023
-505.150727,4,247.327534
-150.0,1,247.336483
-150.0,1,247.340975
-150.0,1,247.349139
-150.0,1,247.356299
-150.0,1,247.36688
-150.0,1,247.374979
-150.0,1,247.379647
-150.0,1,247.384803
-150.0,1,247.395998
-150.0,1,247.402679
-150.0,1,247.408211
-219.142516,2,247.419279
-2027.041237,3,247.436564
-150.0,1,247.444179
-150.0,1,247.44856
-150.0,1,247.455804
-150.0,1,247.46294
-150.0,1,247.471278
-150.0,1,247.475905
-150.0,1,247.483218
-150.0,1,247.490656
-9216105.355924,3,247.510163
-150.0,1,247.515929
-3041.686312,11,247.573963
-150.0,1,247.580679
-150.0,1,247.587105
-150.0,1,247.593586
-150.0,1,247.59949
-150.0,1,247.607275
-312.928381,3,247.623999
-150.0,1,247.629781
-294.238645,2,247.645169
-150.0,1,247.656231
-150.0,1,247.661955
-150.0,1,247.671975
-150.0,1,247.676175
-150.0,1,247.683799
-150.0,1,247.688635
-150.0,1,247.702372
-150.0,1,247.708719
-823.581123,3,247.727999
-150.0,1,247.734479
-150.0,1,247.739299
0.0,1,247.742294
-150.0,1,247.752261
-150.0,1,247.760384
-212.390579,4,247.786446
-160.766806,2,247.796688
-150.0,1,247.80779
-240.509403,3,247.822595
-150.0,1,247.830681
-150.0,1,247.836569
-4120.607654,47,248.091779
-231.05637,2,248.102112
-234.419115,8,248.14524
-150.0,1,248.151099
-150.0,1,248.162497
-150.0,1,248.168044
-150.0,1,248.173455
-150.0,1,248.178318
-150.0,1,248.190451
-150.0,1,248.197047
-150.0,1,248.20112
-161.932686,2,248.213694
-150.0,1,248.222863
-150.0,1,248.227664
-150.0,1,248.232855
-489.206415,2,248.245531
-150.0,1,248.254064
-150.0,1,248.259871
-150.0,1,248.267068
0.0,1,248.269619
-150.0,1,248.276278
-150.0,1,248.28158
-150.0,1,248.289132
-150.0,1,248.294935
-150.0,1,248.301854
-150.0,1,248.307321
-150.0,1,248.313261
-150.0,1,248.322529
-150.0,1,248.328863
-150.0,1,248.332679
-150.0,1,248.33846
-150.0,1,248.344622
-558.348825,3,248.364594
-150.0,1,248.369458
-1682.648945,4,248.394829
-150.0,1,248.399414
-150.0,1,248.407214
-150.0,1,248.4134
-150.0,1,248.421671
-150.0,1,248.430564
-150.0,1,248.437928
-150.0,1,248.444756
-150.0,1,248.450174
-150.0,1,248.454219
-150.0,1,248.461652
-150.0,1,248.467578
-150.0,1,248.473339
-150.0,1,248.478329
-900.987831,2,248.492242
-150.0,1,248.49801
-150.0,1,248.503857
-150.0,1,248.510988
-150.0,1,248.521411
-9026.179164,79,248.939438
-150.0,1,248.945926
-150.0,1,248.950654
-150.0,1,248.960232
-150.0,1,248.967824
-151.033925,2,248.983846
-150.0,1,248.993725
-150.0,1,249.003551
-150.0,1,249.017201
-150.0,1,249.024307
-150.0,1,249.031417
-150.0,1,249.04365
-150.0,1,249.053078
-150.0,1,249.058224
-150.0,1,249.062355
-150.0,1,249.071081
-150.0,1,249.083137
-150.0,1,249.091315
-150.0,1,249.097149
-150.0,1,249.104761
-150.0,1,249.110733
-150.0,1,249.115456
-150.0,1,249.120005
-150.0,1,249.127997
-150.0,1,249.135089
-150.0,1,249.13882
-150.0,1,249.145627
-150.0,1,249.15273
-150.0,1,249.160445
-150.0,1,249.1659
-150.0,1,249.170167
-150.0,1,249.181197
-150.0,1,249.186867
-2080.631,3,249.202014
-249.151674,2,249.212966
-150.0,1,249.221046
-150.0,1,249.226498
-150.0,1,249.233854
-150.0,1,249.238881
-150.0,1,249.248992
-150.0,1,249.256128
-150.0,1,249.265466
-150.0,1,249.271658
-150.0,1,249.279401
-150.0,1,249.283573
-150.0,1,249.289621
-150.0,1,249.29562
-150.0,1,249.302568
-150.0,1,249.30805
-150.0,1,249.314662
-150.0,1,249.319177
-150.0,1,249.326995
-150.0,1,249.33161
-150.0,1,249.338955
-150.0,1,249.343982
-150.0,1,249.352529
-150.0,1,249.356612
-150.0,1,249.364062
-612.065525,9,249.411253
-2721.021678,17,249.500651
-150.0,1,249.507204
-150.0,1,249.513923
-150.0,1,249.520744
-150.0,1,249.532843
-150.0,1,249.537676
-638.178857,8,249.582689
-150.0,1,249.591641
-150.0,1,249.600646
-150.0,1,249.608459
-150.0,1,249.614308
-150.0,1,249.626927
-150.0,1,249.639587
-150.0,1,249.64398
-150.0,1,249.649704
-257.892877,2,249.664608
-150.0,1,249.671941
-150.0,1,249.679398
-240.557167,8,249.723228
-150.0,1,249.732686
-150.0,1,249.742557
-150.0,1,249.750942
-150.0,1,249.75533
-150.0,1,249.76734
-150.0,1,249.774918
-150.0,1,249.779904
-290.290307,3,249.797859
-401.028932,2,249.80848
-150.0,1,249.817676
-150.0,1,249.824144
-150.0,1,249.829709
-150.0,1,249.834485
-150.0,1,249.844438
-150.0,1,249.849816
-6082.730519,19,249.973471
-150.0,1,249.980112
-150.0,1,249.988343
-302.192331,2,250.002679
-150.0,1,250.008792
-150.0,1,250.014711
-150.0,1,250.025399
-150.0,1,250.034047
-265.689384,2,250.045197
-150.0,1,250.051459
-448.971651,4,250.077361
-150.0,1,250.086191
-150.0,1,250.091522
-298.846224,2,250.101372
-982.213676,8,250.147245
-150.0,1,250.159293
-8935.074757,4,250.182995
-150.0,1,250.189095
-150.0,1,250.199604
-248.524722,2,250.213577
-150.0,1,250.217834
-342.775095,4,250.240983
-150.0,1,250.253352
-150.0,1,250.258234
-150.0,1,250.2659
-150.0,1,250.270205
-150.0,1,250.279795
-150.0,1,250.28663
-150.0,1,250.292733
-150.0,1,250.297453
-150.0,1,250.303308
-150.0,1,250.309341
-150.0,1,250.318493
-150.0,1,250.323945
-150.0,1,250.333265
-150.0,1,250.33916
-150.0,1,250.345151
-1589.577029,29,250.500201
-150.0,1,250.510549
-150.0,1,250.517739
-150.0,1,250.524008
-753.674341,4,250.543655
-150.0,1,250.549921
-150.0,1,250.553963
-150.0,1,250.558792
-150.0,1,250.565015
-150.0,1,250.57494
-150.0,1,250.579272
-206.540772,3,250.596759
-150.0,1,250.60122
-150.0,1,250.608874
-150.0,1,250.617443
-150.0,1,250.621631
-150.0,1,250.631159
-150.0,1,250.638306
-150.0,1,250.644163
-150.0,1,250.649358
-150.0,1,250.654488
-1530.504763,3,250.671748
-206.963334,2,250.687184
-150.0,1,250.694819
-150.0,1,250.703387
-150.0,1,250.709666
-225.086557,2,250.720971
-503.264667,2,250.730078
-830.541074,3,250.747143
-490.72154,2,250.760048
-289.114625,2,250.771828
-150.0,1,250.777283
-150.0,1,250.785553
-150.0,1,250.795677
-150.0,1,250.801578
-150.0,1,250.810593
-150.0,1,250.817535
-150.0,1,250.825737
-150.0,1,250.832997
-150.0,1,250.83801
-150.0,1,250.844727
-150.0,1,250.853854
-150.0,1,250.861169
-199.56761,3,250.87808
-150.0,1,250.886165
-158.677824,2,250.899523
-150.414167,2,250.910463
-150.0,1,250.916428
-150.0,1,250.92149
-150.0,1,250.930753
-150.0,1,250.936959
-150.0,1,250.943558
-150.0,1,250.948544
-339.811173,6,251.009099
-150.0,1,251.015532
-150.0,1,251.026655
-150.0,1,251.040957
-150.0,1,251.050987
-150.0,1,251.055399
-150.0,1,251.060377
-150.0,1,251.067864
-150.0,1,251.07944
-150.0,1,251.088011
-150.0,1,251.098918
-150.0,1,251.105589
-150.0,1,251.112012
-150.0,1,251.117896
-150.0,1,251.122292
-150.0,1,251.129763
-150.0,1,251.13873
-305.17298,2,251.148008
-150.0,1,251.154382
-911.091979,5,251.1863
-150.0,1,251.192424
-150.0,1,251.200594
-150.0,1,251.208826
-266.261756,4,251.230473
-150.0,1,251.242492
-150.0,1,251.24773
-276.222989,2,251.261752
-399.412298,2,251.271125
-189.973418,2,251.287029
-150.0,1,251.294938
-150.0,1,251.299584
-150.0,1,251.305511
-150.0,1,251.313531
-150.0,1,251.318755
-304.496425,3,251.33543
-789.924721,6,251.365706
-150.0,1,251.374807
-150.0,1,251.386002
-150.0,1,251.395376
-336.165225,2,251.405766
-638.178857,8,251.452034
-150.0,1,251.459176
-150.0,1,251.466533
-150.0,1,251.473242
-150.0,1,251.480156
-150.0,1,251.489594
-150.0,1,251.495684
-150.0,1,251.504722
-150.0,1,251.514252
-150.0,1,251.521851
-150.0,1,251.526586
-150.0,1,251.532861
-150.0,1,251.539789
-150.0,1,251.548407
-150.0,1,251.552351
-150.0,1,251.558467
-150.0,1,251.566138
-264.628502,2,251.577702
-150.0,1,251.583129
-150.0,1,251.595833
-150.0,1,251.606288
-150.0,1,251.615304
-150.0,1,251.621816
-150.0,1,251.626315
-150.0,1,251.636386
-150.0,1,251.641312
-150.0,1,251.647499
-182.41603,2,251.659503
-150.0,1,251.667171
-150.0,1,251.672806
-150.0,1,251.682413
-150.0,1,251.6908
-150.0,1,251.700373
-150.0,1,251.707119
-150.0,1,251.712265
-150.0,1,251.721344
-150.0,1,251.732099
-150.0,1,251.736697
-150.0,1,251.745293
-150.0,1,251.755762
-150.0,1,251.763376
-150.0,1,251.768664
-150.0,1,251.776949
-150.0,1,251.785025
-150.0,1,251.793053
-150.0,1,251.798117
-150.0,1,251.807372
-1603.776867,3,251.830046
-150.0,1,251.839121
-150.0,1,251.849391
-150.0,1,251.857609
-455.7205,4,251.884218
-150.0,1,251.891204
-150.0,1,251.896106
-346.459657,2,251.911192
-150.0,1,251.917565
-150.0,1,251.927048
-150.0,1,251.934434
-150.0,1,251.942473
-150.0,1,251.948262
-458.749443,2,251.966222
-505.818162,2,251.975854
-150.0,1,251.983019
-327.082912,3,252.003846
-150.0,1,252.012335
-150.0,1,252.018775
-150.0,1,252.0232
-4141900.345237,6,252.058797
-563.863972,2,252.07487
-150.0,1,252.079805
-150.0,1,252.084837
-150.0,1,252.090875
-150.0,1,252.098739
-268.045412,2,252.110256
-150.0,1,252.117107
-2856531.112398,4,252.144553
-348.96729,2,252.159218
-150.0,1,252.166882
-150.0,1,252.175778
-150.0,1,252.183285
-150.0,1,252.190612
-150.0,1,252.198872
-150.0,1,252.207705
-570.008301,8,252.261309
-150.0,1,252.272882
-150.0,1,252.278776
-150.0,1,252.285836
-150.0,1,252.294555
-150.0,1,252.301548
-150.0,1,252.307665
-150.0,1,252.316438
-150.0,1,252.326111
-194.956305,2,252.339091
-198.890514,2,252.35102
-150.0,1,252.35488
-150.0,1,252.36051
-150.0,1,252.369656
-591.768518,21,252.486178
-150.0,1,252.491401
-150.0,1,252.500836
-150.0,1,252.508222
-150.0,1,252.519808
-150.0,1,252.524493
-150.0,1,252.529811
-276.322018,2,252.545372
-150.0,1,252.551256
-6952928.215282,2,252.561225
-150.0,1,252.567183
-150.0,1,252.575378
-150.0,1,252.583162
-150.0,1,252.587293
-150.0,1,252.597387
-150.0,1,252.603417
-150.0,1,252.609102
-150.0,1,252.614387
-150.0,1,252.620358
-150.0,1,252.62903
-387.149116,2,252.641597
-150.0,1,252.647955
-150.0,1,252.655424
-150.0,1,252.66127
-150.0,1,252.665559
-464.972423,2,252.680517
-814.368232,5,252.722856
-348.352626,2,252.743441
-150.0,1,252.749421
-150.0,1,252.755642
-463.452482,2,252.766931
-150.0,1,252.774781
-150.0,1,252.778898
-150.0,1,252.784764
-150.0,1,252.790439
-150.0,1,252.798047
-150.0,1,252.803844
-150.0,1,252.808201
-150.0,1,252.814878
-150.0,1,252.821355
-150.0,1,252.828048
-591.365135,2,252.838302
-150.0,1,252.846786
-150.0,1,252.855232
-311.676793,2,252.869795
-150.0,1,252.87446
-292.480694,2,252.8859
-150.0,1,252.894583
-152.42609,2,252.905283
-678.395015,4,252.929697
-525.919137,2,252.948227
-238.030653,4,252.971509
-311.939651,3,252.98595
-150.0,1,252.992563
-150.0,1,252.998805
-150.0,1,253.0067
-150.0,1,253.01189
-150.0,1,253.022743
-150.0,1,253.02872
-150.0,1,253.038383
-150.0,1,253.045379
-500.942201,4,253.070764
-150.0,1,253.076944
-150.0,1,253.085629
-150.0,1,253.090438
-150.0,1,253.098415
-150.0,1,253.104854
-150.0,1,253.114036
-980.979245,4,253.134544
-150.0,1,253.140394
-150.0,1,253.145946
-223.368535,2,253.160893
-150.0,1,253.165643
-1237.646794,2,253.179323
-150.0,1,253.183635
-150.0,1,253.191852
-593.538229,10,253.242263
-150.0,1,253.248013
-198.890514,2,253.259849
-150.0,1,253.271789
-150.0,1,253.277355
-150.0,1,253.283942
-418.755109,2,253.294851
-150.0,1,253.301362
-150.0,1,253.307938
-150.0,1,253.31511
-330.462175,3,253.332391
-150.0,1,253.338126
-150.0,1,253.344354
-150.0,1,253.352354
-150.0,1,253.357263
-150.0,1,253.36833
-2967.485337,3,253.385255
-415.818202,2,253.397349
-150.0,1,253.402659
-628.422995,2,253.413635
-150.0,1,253.422627
-150.0,1,253.426833
-150.0,1,253.43382
-150.0,1,253.44082
-150.0,1,253.449131
-150.0,1,253.454167
-150.0,1,253.458375
-150.0,1,253.466455
-150.0,1,253.476957
-150.0,1,253.48439
-150.0,1,253.488369
-271.337969,2,253.502631
-150.0,1,253.509691
-150.0,1,253.51829
-150.0,1,253.522838
-150.0,1,253.530995
-2291.316668,5,253.555895
-150.0,1,253.56038
-150.0,1,253.564985
-150.0,1,253.576364
-150.0,1,253.581127
-150.0,1,253.585997
-150.0,1,253.594567
-150.0,1,253.606207
-150.0,1,253.611269
-150.0,1,253.617402
-150.0,1,253.624792
-150.0,1,253.637068
-150.0,1,253.641668
-150.0,1,253.645771
-609.723086,3,253.664376
-150.0,1,253.671582
-150.0,1,253.67929
-150.0,1,253.685421
-150.0,1,253.690327
-150.0,1,253.697974
-150.0,1,253.702112
-150.0,1,253.707829
-150.0,1,253.712196
-426.828807,4,253.739139
-150.0,1,253.74544
-150.0,1,253.753588
-150.0,1,253.760889
-150.0,1,253.766921
-150.0,1,253.775569
-150.0,1,253.783345
-150.0,1,253.792635
-1087.211028,2,253.805978
-150.0,1,253.815896
-150.0,1,253.825109
-150.0,1,253.830124
-150.0,1,253.837661
-342.775095,4,253.860508
-150.0,1,253.864484
-420.992525,7,253.902845
-150.0,1,253.910001
-150.0,1,253.919323
-150.0,1,253.925188
-7667829.90491,2,253.936915
-150.0,1,253.947704
-345.052619,3,253.961979
-1180.27149,2,253.976127
-150.0,1,253.981317
-150.0,1,253.989189
-1151.919693,4,254.012043
-150.0,1,254.018782
-150.0,1,254.025172
-150.0,1,254.032798
-150.0,1,254.037291
-402.327086,4,254.060832
-275.32245,3,254.077051
-150.0,1,254.083551
-150.0,1,254.090707
-150.0,1,254.0947
-893.326631,9,254.141649
-150.0,1,254.151047
-150.0,1,254.157002
-617.70898,2,254.170165
-150.0,1,254.174351
-150.0,1,254.18332
-150.0,1,254.187793
-150.0,1,254.197196
-150.0,1,254.20376
-207.110608,2,254.216765
-150.0,1,254.224822
-166.039017,2,254.239478
-150.0,1,254.246385
-150.0,1,254.253969
-150.0,1,254.259897
-150.0,1,254.268337
-150.0,1,254.274848
-150.0,1,254.283534
-150.0,1,254.290507
-150.0,1,254.299607
-150.0,1,254.303648
-150.0,1,254.311903
-902.584777,10,254.367539
-227.674295,2,254.378846
-150.0,1,254.384577
-150.0,1,254.392881
-150.0,1,254.400254
-3995994.646612,8,254.442941
-150.0,1,254.447793
-150.0,1,254.455302
-436.218913,5,254.48294
-150.0,1,254.489555
-455.7205,4,254.513249
-150.0,1,254.522047
-251.945599,2,254.533707
-150.0,1,254.539155
-150.0,1,254.544201
-150.0,1,254.551499
-408.262136,2,254.565073
-150.0,1,254.570159
-150.0,1,254.578416
-150.0,1,254.58801
-150.0,1,254.592311
-150.0,1,254.598974
-150.0,1,254.604461
-514.454462,2,254.620266
-150.0,1,254.626375
-150.0,1,254.635229
-150.0,1,254.641086
-161.932686,2,254.655393
-499.180698,4,254.678694
-150.0,1,254.683043
-150.0,1,254.690154
-150.0,1,254.698286
-150.0,1,254.705163
-150.0,1,254.714854
-453.457492,5,254.740376
-150.0,1,254.747311
-150.0,1,254.752889
-150.0,1,254.760887
-160.097361,2,254.773488
-150.0,1,254.780645
-150.0,1,254.787817
-150.0,1,254.796354
-255.746123,2,254.805518
-150.0,1,254.818316
-840.474446,4,254.837948
-150.0,1,254.847602
-150.0,1,254.856556
-150.0,1,254.865842
-766.887654,8,254.907783
-249.875791,2,254.923516
-150.0,1,254.929909
-150.0,1,254.936955
-8936.124796,30,255.108796
-150.0,1,255.116833
-150.0,1,255.124868
-267.238254,2,255.141595
-150.0,1,255.148801
-150.0,1,255.153279
-298.439347,2,255.17041
-150.0,1,255.180068
-150.0,1,255.187595
-1834.086681,21,255.331115
-150.0,1,255.341422
-150.0,1,255.34868
-150.0,1,255.354556
-150.0,1,255.363745
-150.0,1,255.370441
-150.0,1,255.377163
-151.033925,2,255.391969
-464.356442,2,255.408006
-874.484484,3,255.428442
-480.794922,3,255.447264
-633.946288,3,255.466279
-150.0,1,255.471913
-150.0,1,255.482645
-150.0,1,255.489764
-150.0,1,255.499287
-214.133282,3,255.521298
-150.0,1,255.526689
-218.252573,2,255.545601
-150.0,1,255.551868
-3704.750879,4,255.577677
-150.0,1,255.584045
-175.765286,2,255.596988
-150.0,1,255.601684
-429.33712,4,255.623267
-150.0,1,255.628574
-150.0,1,255.636696
-150.0,1,255.645925
-150.0,1,255.653993
-150.0,1,255.661355
-11418.56676,6,255.696121
-273.444109,4,255.719234
-150.0,1,255.723743
-2487.272231,5,255.753144
-150.0,1,255.762022
-150.0,1,255.769402
-530.918482,6,255.800685
-150.0,1,255.808371
-150.0,1,255.819766
-150.0,1,255.828016
-407.43926,6,255.863342
-150.0,1,255.870369
-150.0,1,255.877569
-1611.748749,8,255.922226
-528.459301,2,255.93178
-730.753044,2,255.94369
-150.0,1,255.957376
-150.0,1,255.965193
-150.0,1,255.971935
-150.0,1,255.97922
-150.0,1,255.989704
-150.0,1,255.997388
-150.0,1,256.004689
-150.0,1,256.008686
-150.0,1,256.018864
-716.833008,6,256.052265
-150.0,1,256.061452
-150.0,1,256.069991
-150.0,1,256.07865
-150.0,1,256.087762
-150.0,1,256.096232
-467.077211,6,256.129696
-886.613968,2,256.144287
-150.0,1,256.151597
-150.0,1,256.162049
-150.0,1,256.169388
-306.152948,2,256.182773
-150.0,1,256.189024
-150.0,1,256.195294
-150.0,1,256.200851
-150.0,1,256.207286
-248.295201,3,256.223972
-150.0,1,256.23145
-150.0,1,256.236216
-150.0,1,256.246601
-150.0,1,256.252946
-1180.27149,2,256.267313
-150.0,1,256.277173
-150.0,1,256.284956
-150.0,1,256.291294
-150.0,1,256.296871
-150.0,1,256.303532
-310.430845,2,256.319495
-150.0,1,256.323601
-150.0,1,256.329518
-1320.422755,6,256.36098
-150.0,1,256.371051
-150.0,1,256.378664
-150.0,1,256.385041
-150.0,1,256.391384
-150.0,1,256.397785
-150.0,1,256.404658
-150.0,1,256.409478
-150.0,1,256.415257
-150.0,1,256.427425
-150.0,1,256.436063
-150.0,1,256.441705
-150.0,1,256.447576
-312.016245,2,256.467963
-150.0,1,256.473995
-258.924466,2,256.483768
-150.0,1,256.491493
-2645.0137,16,256.580465
-150.0,1,256.58503
-150.0,1,256.590126
-150.0,1,256.594139
-150.0,1,256.602995
-150.0,1,256.608933
-150.0,1,256.615685
-150.0,1,256.622966
-150.0,1,256.631991
-150.0,1,256.636536
-150.0,1,256.642252
-150.0,1,256.646945
-150.0,1,256.660042
-150.0,1,256.664286
-150.0,1,256.670175
-150.0,1,256.675425
-170.239406,2,256.690969
-150.0,1,256.697171
-150.0,1,256.701772
-150.0,1,256.707953
-150.0,1,256.718654
-150.0,1,256.725859
-150.0,1,256.731965
-150.0,1,256.738624
-150.0,1,256.750352
-150.0,1,256.754425
-1871.804486,5,256.784478
-150.0,1,256.791331
-150.0,1,256.79832
-150.0,1,256.804416
-150.0,1,256.809638
-150.0,1,256.816648
-1133.052566,5,256.84489
-163.081497,2,256.856449
-150.0,1,256.863095
-150.0,1,256.868424
-9028.364615,78,257.293511
-150.0,1,257.302116
-267.408878,2,257.313808
-305.831559,2,257.324492
-258.924466,2,257.33614
-150.0,1,257.342305
-150.0,1,257.349593
-715.308975,7,257.383018
-150.0,1,257.391041
-150.0,1,257.398582
-150.0,1,257.408651
-150.0,1,257.412679
-150.0,1,257.423941
-150.0,1,257.428867
-150.0,1,257.436075
-150.0,1,257.442329
-150.0,1,257.451718
-150.0,1,257.456119
-150.0,1,257.463684
-150.0,1,257.47129
-150.0,1,257.480188
-150.0,1,257.484104
-150.0,1,257.490873
-150.0,1,257.496917
-150.0,1,257.509676
-150.0,1,257.514346
-150.0,1,257.518422
-150.0,1,257.524116
-150.0,1,257.535846
-150.0,1,257.541791
-150.0,1,257.549656
-150.0,1,257.554519
-150.0,1,257.567083
-331.345342,2,257.576618
-150.0,1,257.582439
-150.0,1,257.591
-7800.084398,24,257.719384
-150.0,1,257.726924
-762.083835,2,257.736594
-150.0,1,257.746668
-171.450831,2,257.757593
-150.0,1,257.765099
-150.0,1,257.7733
-150.0,1,257.778942
-565.784863,2,257.791009
-150.0,1,257.797192
-1030.209496,2,257.811178
-150.0,1,257.817542
-150.0,1,257.82875
-1212.266046,7,257.86484
-150.0,1,257.872437
-150.0,1,257.876714
-263.650974,2,257.887722
-150.0,1,257.895315
-150.0,1,257.900631
-150.0,1,257.908548
-1658.997168,2,257.926612
-150.0,1,257.932442
-150.0,1,257.937606
-150.0,1,257.943372
-6023220.811138,2,257.957957
-150.0,1,257.961764
-691.926444,2,257.973476
-150.0,1,257.978683
-150.0,1,257.985595
-150.0,1,257.990092
-150.0,1,257.998905
-150.0,1,258.003214
-150.0,1,258.009216
-150.0,1,258.015594
-150.0,1,258.024084
-150.0,1,258.029308
-150.0,1,258.037147
-150.0,1,258.042348
-150.0,1,258.049654
-231.198871,3,258.064596
-150.0,1,258.074146
-150.0,1,258.077767
-150.0,1,258.08372
-528.510709,2,258.096498
-150.0,1,258.103477
-150.0,1,258.111251
-150.0,1,258.115718
-150.0,1,258.123599
-358.462248,2,258.136515
-222.86042,2,258.148629
-212.781418,2,258.15885
-150.0,1,258.164389
-150.0,1,258.175237
-951.979664,3,258.18938
-1027.743536,4,258.211086
-319.368027,2,258.222426
-338.445428,2,258.23484
-290.729074,4,258.258527
-2405.610592,21,258.369398
-150.0,1,258.377929
-150.0,1,258.384795
-1452.879607,17,258.472446
-150.0,1,258.480039
-150.0,1,258.484072
-333.776057,3,258.504885
-398.541279,2,258.516464
-150.0,1,258.52334
-150.0,1,258.53345
-150.0,1,258.539359
-150.0,1,258.543838
-150.0,1,258.550335
-150.0,1,258.557098
-150.0,1,258.564914
-150.0,1,258.568826
-150.0,1,258.576866
-150.0,1,258.584384
-150.0,1,258.591055
-317.458629,2,258.600263
-150.0,1,258.60585
-150.0,1,258.610143
-150.0,1,258.618279
-150.0,1,258.624942
-150.0,1,258.631539
-150.0,1,258.637136
-150.0,1,258.644833
-150.0,1,258.651579
-150.0,1,258.659384
-150.0,1,258.664541
-150.0,1,258.674582
-150.0,1,258.679533
-150.0,1,258.686748
-178.048121,2,258.698581
-1423.534016,5,258.729714
-150.0,1,258.734961
-745.142229,5,258.764489
-150.0,1,258.771137
-150.0,1,258.777916
-150.0,1,258.785242
-150.0,1,258.790923
-150.0,1,258.79526
-715.308975,7,258.834528
-150.0,1,258.840796
-150.0,1,258.844877
-150.0,1,258.85454
-150.0,1,258.862803
-150.0,1,258.872172
-150.0,1,258.876742
-480.081501,2,258.887877
-850.774518,6,258.921697
-295.378378,2,258.933889
-150.0,1,258.939259
-150.0,1,258.945872
-184.63412,2,258.963473
-681.151203,3,258.981071
-150.0,1,258.987159
-171.450831,2,258.996188
-150.0,1,259.005227
-150.0,1,259.009997
-150.0,1,259.016089
-368.582349,2,259.032411
-150.0,1,259.042442
-150.0,1,259.048665
-150.0,1,259.054592
-150.0,1,259.061593
-1110.397075,8,259.106167
-1880.283769,5,259.133339
-150.0,1,259.137859
-150.0,1,259.142803
-250.110026,2,259.158421
-150.0,1,259.162371
-150.0,1,259.167433
-150.0,1,259.175038
-150.0,1,259.181476
-150.0,1,259.186766
-150.0,1,259.192696
-150.0,1,259.199509
-150.0,1,259.205533
-150.0,1,259.213071
-150.0,1,259.217667
-602.065058,5,259.244824
-150.0,1,259.254456
-1065.573487,6,259.285787
-150.0,1,259.294421
-470.475279,3,259.309496
-150.0,1,259.319881
-150.0,1,259.327118
-782.403128,5,259.357187
-150.0,1,259.361849
-150.0,1,259.370365
-150.0,1,259.375419
-150.0,1,259.383072
-216.651802,2,259.398123
-297.032024,2,259.411646
-150.0,1,259.420844
-553.376268,5,259.450956
-150.0,1,259.45734
-150.0,1,259.464255
-1094.9067,3,259.483098
-202.686054,2,259.493657
-738.681293,3,259.512216
-150.0,1,259.521276
-150.0,1,259.53279
-1063.13618,11,259.594219
-1015.749988,7,259.633179
-966.605209,2,259.650637
-150.0,1,259.656242
-150.0,1,259.666218
-1078.797136,4,259.689603
-150.0,1,259.695798
-150.0,1,259.702254
-208.165553,2,259.713178
-150.0,1,259.721954
-150.0,1,259.732259
-853.934769,4,259.75183
-150.0,1,259.755776
-150.0,1,259.763556
-150.0,1,259.771935
-293.884148,2,259.783894
-150.0,1,259.78964
-150.0,1,259.795711
-249.151674,2,259.808859
-150.0,1,259.815587
-150.0,1,259.821077
-150.0,1,259.827745
-150.0,1,259.835625
-150.0,1,259.841776
-150.0,1,259.84811
-150.0,1,259.856667
-544.379177,3,259.875185
-150.0,1,259.881474
-150.0,1,259.887124
-150.0,1,259.891695
-150.0,1,259.899807
-150.0,1,259.905496
-150.0,1,259.914453
-440.660507,2,259.92598
-182.12711,2,259.940235
-532.044555,3,259.956657
-150.0,1,259.961696
-150.0,1,259.966412
-498.345154,2,259.980324
-150.0,1,259.985139
-150.0,1,259.991875
-150.0,1,259.996138
-150.0,1,260.0049
-150.0,1,260.010943
-150.0,1,260.016435
-150.0,1,260.0225
-1237.260853,4,260.045684
-360.297675,3,260.06526
-150.0,1,260.070827
-150.0,1,260.081895
-150.0,1,260.091315
-150.0,1,260.096007
-150.0,1,260.10208
-290.684461,3,260.118289
-350.020919,2,260.132576
-6758753.535234,2,260.144144
-150.0,1,260.148229
-292.265262,2,260.162634
-150.0,1,260.170153
-705.370771,7,260.207325
-150.0,1,260.212734
-150.0,1,260.218022
-617.592528,6,260.253457
-150.0,1,260.25831
-150.0,1,260.265393
-150.0,1,260.272217
-150.0,1,260.279645
-150.0,1,260.288628
-150.0,1,260.29405
-1012.414116,6,260.324907
-150.0,1,260.332121
-150.0,1,260.339347
-150.0,1,260.34447
-150.0,1,260.350298
-150.0,1,260.358026
-150.0,1,260.362456
-150.0,1,260.370535
-150.0,1,260.3758
-150.0,1,260.381621
-150.0,1,260.390735
-150.0,1,260.398336
-150.0,1,260.406394
-482.026363,3,260.429352
-150.0,1,260.434862
-150.0,1,260.439111
-150.0,1,260.444791
-150.0,1,260.452662
-1671.703393,4,260.473698
-150.0,1,260.479622
-187.540063,2,260.492612
-150.0,1,260.501993
-304.496425,3,260.51664
-150.0,1,260.522809
-150.0,1,260.528596
-150.0,1,260.537629
-150.0,1,260.54339
-150.0,1,260.549827
-150.0,1,260.553648
-150.0,1,260.560029
-3006.765912,3,260.577209
-150.0,1,260.581855
-216.77881,2,260.596524
-368.318255,3,260.614127
-150.0,1,260.622662
-150.0,1,260.629346
-150.0,1,260.634143
-150.0,1,260.641785
-150.0,1,260.647524
-150.0,1,260.654662
-150.0,1,260.662049
-150.0,1,260.669346
-312.702921,2,260.681845
-150.0,1,260.687452
-150.0,1,260.691774
-150.0,1,260.703039
-150.0,1,260.70891
-150.0,1,260.715208
-267.238254,2,260.728207
-150.0,1,260.735224
-1707.031056,2,260.74571
-150.0,1,260.75149
-150.0,1,260.756715
-150.0,1,260.763942
-150.0,1,260.768897
-150.0,1,260.774348
-150.0,1,260.77877
-150.0,1,260.786146
-150.0,1,260.791994
-634.791502,7,260.832168
-150.0,1,260.836367
-150.0,1,260.845146
-150.0,1,260.850486
-150.0,1,260.856168
-150.0,1,260.859997
-150.0,1,260.868331
-330.697581,2,260.881482
-210.181344,2,260.891519
-150.0,1,260.896009
-150.0,1,260.905035
-330.545619,16,260.996704
-150.0,1,261.003574
-150.0,1,261.011018
-150.0,1,261.01728
-150.0,1,261.022034
-150.0,1,261.028323
-150.0,1,261.03622
-150.0,1,261.043897
-150.0,1,261.048205
-150.0,1,261.056703
-150.0,1,261.065344
-150.0,1,261.071591
-150.0,1,261.077448
-150.0,1,261.085135
-150.0,1,261.092378
-150.0,1,261.100258
-150.0,1,261.106632
-199.575089,2,261.11876
-150.0,1,261.122897
-150.0,1,261.130464
-150.0,1,261.135036
-563.60781,2,261.147965
-150.0,1,261.153304
-150.0,1,261.160435
-150.0,1,261.167227
-150.0,1,261.173562
-150.0,1,261.178191
-150.0,1,261.184596
-150.0,1,261.192109
-150.0,1,261.196581
-150.0,1,261.200984
-150.0,1,261.211276
-150.0,1,261.21797
-150.0,1,261.223655
-150.0,1,261.231204
-150.0,1,261.238676
-150.0,1,261.245944
-150.0,1,261.251267
-150.0,1,261.257171
-150.0,1,261.264374
-150.0,1,261.271936
-150.0,1,261.278195
-150.0,1,261.283125
-1224.874134,3,261.302008
-150.0,1,261.311333
-150.0,1,261.316045
-150.0,1,261.326024
-654.646507,6,261.376932
-150.0,1,261.386116
-150.0,1,261.394412
-150.0,1,261.399222
-1286.591862,4,261.429135
-274.174817,2,261.439845
-1832.751202,19,261.544494
-150.0,1,261.548683
-150.0,1,261.567146
-150.0,1,261.572089
-150.0,1,261.581295
-150.0,1,261.589147
-150.0,1,261.600998
-150.0,1,261.605551
-150.0,1,261.612229
-150.0,1,261.616864
-150.0,1,261.62624
-150.0,1,261.632003
-3839.707399,46,261.890613
-150.0,1,261.898569
-150.0,1,261.912396
-150.0,1,261.919494
-150.0,1,261.924168
-150.0,1,261.937167
-150.0,1,261.945325
-150.0,1,261.9574
-150.0,1,261.964477
-150.0,1,261.971636
-150.0,1,261.981931
-150.0,1,261.988672
-150.0,1,261.997406
-326.025925,2,262.015457
-150.0,1,262.024911
-1090.154804,6,262.064733
-150.0,1,262.070014
-150.0,1,262.080677
-150.0,1,262.091529
-150.0,1,262.102278
-150.0,1,262.108005
-150.0,1,262.118453
-150.0,1,262.125963
-150.0,1,262.134583
-150.0,1,262.142619
-150.0,1,262.148104
-150.0,1,262.161173
-150.0,1,262.168264
-150.0,1,262.173277
-150.0,1,262.179039
-150.0,1,262.186518
-150.0,1,262.199274
-150.0,1,262.204453
-150.0,1,262.213934
-150.0,1,262.223852
-150.0,1,262.23071
-150.0,1,262.237307
-150.0,1,262.246196
-150.0,1,262.257292
-150.0,1,262.267176
-150.0,1,262.276233
-150.0,1,262.281314
-150.0,1,262.288039
-931.167012,12,262.362732
-150.0,1,262.369929
-150.0,1,262.374573
-1074.074248,9,262.427452
-150.0,1,262.432782
-150.0,1,262.443645
-150.0,1,262.451411
-1111.141297,2,262.464909
-150.0,1,262.471885
-150.0,1,262.483099
-150.0,1,262.489151
-150.0,1,262.497938
-150.0,1,262.506557
-150.0,1,262.512728
-150.0,1,262.519613
-150.0,1,262.532191
-150.0,1,262.538545
-150.0,1,262.549006
-150.0,1,262.558372
-213.948328,2,262.573785
-150.0,1,262.579514
-150.0,1,262.586423
-150.0,1,262.590413
-150.0,1,262.599669
-150.0,1,262.605866
-150.0,1,262.612313
-150.0,1,262.618762
-755.233674,12,262.691054
-3637.224818,12,262.76619
-307.284481,5,262.794502
-150.0,1,262.80076
-150.0,1,262.808533
-150.0,1,262.816186
-483.033309,2,262.830824
-271.337969,2,262.84156
-150.0,1,262.851224
-150.0,1,262.856258
-150.0,1,262.86321
-150.0,1,262.869807
-150.0,1,262.880858
-150.0,1,262.886849
-1079.896806,2,262.902613
-150.0,1,262.912485
-150.0,1,262.919177
-3733.260054,30,263.086069
-150.0,1,263.094534
-211.425509,2,263.106921
-150.0,1,263.114988
-963.039702,7,263.156209
-150.0,1,263.161214
-150.0,1,263.168927
-150.0,1,263.17692
-150.0,1,263.184799
-150.0,1,263.191531
-150.0,1,263.200761
-155.86808,2,263.214633
-150.0,1,263.224376
-150.0,1,263.232373
-150.0,1,263.237827
-150.0,1,263.246883
-150.0,1,263.251439
-703.702847,2,263.26512
-150.0,1,263.276751
-150.0,1,263.283276
-150.0,1,263.291503
-150.0,1,263.299315
-150.0,1,263.306754
-150.0,1,263.314982
-150.0,1,263.325847
-370.83777,3,263.343488
-150.0,1,263.351739
-150.0,1,263.362336
-150.0,1,263.367287
-150.0,1,263.372793
-150.0,1,263.381312
-1591.396394,2,263.392557
-150.0,1,263.399628
-778.108441,5,263.430445
-195.364538,2,263.441035
-150.0,1,263.45294
-736.956623,2,263.466369
-150.0,1,263.473639
-716.833008,6,263.50959
-150.0,1,263.518963
-150.0,1,263.523425
-253.562778,3,263.541296
-1217.413924,2,263.555754
-277.427089,2,263.570164
-150.0,1,263.575848
-150.0,1,263.580295
-150.0,1,263.58865
-150.0,1,263.596168
-150.0,1,263.60041
-150.0,1,263.608494
-150.0,1,263.617046
-150.0,1,263.625899
-150.0,1,263.634179
-150.0,1,263.639833
-150.0,1,263.646674
-150.0,1,263.655345
-150.0,1,263.660818
-150.0,1,263.667276
-150.0,1,263.674984
-150.0,1,263.683714
-150.0,1,263.689683
-150.0,1,263.694817
-150.0,1,263.701412
-326.025925,2,263.712799
-150.0,1,263.717513
-150.0,1,263.727138
-150.0,1,263.733389
-150.0,1,263.743464
-150.0,1,263.75054
-150.0,1,263.75697
-150.0,1,263.761937
-150.0,1,263.770187
-2002.215513,10,263.827333
-212.781418,2,263.837868
-150.0,1,263.845208
-150.0,1,263.85562
-150.0,1,263.862573
-150.0,1,263.867957
-150.0,1,263.873008
-150.0,1,263.885176
-150.0,1,263.892778
-150.0,1,263.903156
-150.0,1,263.907394
-150.0,1,263.920303
-150.0,1,263.924914
-626.341841,3,263.94166
-150.0,1,263.946148
-150.0,1,263.955281
-150.0,1,263.959488
-150.0,1,263.965996
-150.0,1,263.970592
-292.655362,4,263.996736
-150.0,1,264.004109
-150.0,1,264.008862
-150.0,1,264.020092
-150.0,1,264.026942
-150.0,1,264.031692
-270.687943,2,264.043281
-150.0,1,264.04919
-150.0,1,264.055712
-150.0,1,264.062018
-150.0,1,264.068969
-150.0,1,264.076335
-302.192331,2,264.0906
-150.0,1,264.09984
-150.0,1,264.106205
-150.0,1,264.112882
-172.878741,3,264.133538
-150.0,1,264.137583
-150.0,1,264.141742
-150.0,1,264.15244
-150.0,1,264.159726
-150.0,1,264.167846
-150.0,1,264.173572
-150.0,1,264.180838
-150.0,1,264.187673
-192.908529,2,264.200532
-150.0,1,264.208902
-150.0,1,264.213928
-150.0,1,264.221667
-150.0,1,264.227317
-150.0,1,264.235081
-150.0,1,264.241488
-932.629096,6,264.274733
-1032.262423,3,264.292213
-150.0,1,264.301024
-150.0,1,264.309361
-150.0,1,264.319687
-150.0,1,264.328094
-1133.732368,6,264.364428
-1223.898519,2,264.374228
-689.062259,3,264.393718
-150.0,1,264.400565
-150.0,1,264.408591
-2057.36942,23,264.532576
-150.0,1,264.53899
-150.0,1,264.549799
-150.0,1,264.557793
-150.0,1,264.566358
-150.0,1,264.572872
-150.0,1,264.579205
-150.0,1,264.587345
-150.0,1,264.595356
-150.0,1,264.604862
-638.178857,8,264.652523
-1370.73133,8,264.697757
-150.0,1,264.706079
-150.0,1,264.716162
-150.0,1,264.725963
-150.0,1,264.730781
-150.0,1,264.736843
-150.0,1,264.74481
-420.148522,3,264.765651
-150.0,1,264.772627
-150.0,1,264.777948
-150.0,1,264.784605
-485.55229,2,264.796001
-150.0,1,264.803856
-150.0,1,264.813152
-3157.931808,11,264.877935
-743.136943,3,264.898025
-150.0,1,264.902854
-992.80182,15,264.986489
-150.0,1,264.993818
-606.055279,3,265.011467
-150.0,1,265.021324
-372.081367,2,265.036643
-150.0,1,265.044221
-150.0,1,265.050342
-300.377822,2,265.062338
-150.0,1,265.070563
-223.557287,3,265.092291
-150.0,1,265.0982
-150.0,1,265.103186
-150.0,1,265.107593
-1920.440022,3,265.125214
-150.0,1,265.135317
-914.573187,5,265.164649
-744.264858,2,265.174575
-150.0,1,265.184194
-150.0,1,265.19089
-316.236533,2,265.206535
-150.0,1,265.217549
-150.0,1,265.229252
-150.0,1,265.240093
-150.0,1,265.24646
-150.0,1,265.254682
-3578.70432,4,265.283308
-150.0,1,265.294987
-150.0,1,265.300522
-611.932792,2,265.309904
-150.0,1,265.319866
-150.0,1,265.3268
-150.0,1,265.33375
-150.0,1,265.344875
-150.0,1,265.355245
-150.0,1,265.360485
-285.045492,3,265.376317
-150.0,1,265.386114
-150.0,1,265.392659
-150.0,1,265.397848
-150.0,1,265.405957
-150.0,1,265.412222
-150.0,1,265.42008
-150.0,1,265.42842
-150.0,1,265.440339
-150.0,1,265.448161
-218.396533,2,265.46308
-704.956604,6,265.498937
-150.0,1,265.50533
-192.908529,2,265.517666
-150.0,1,265.524312
-150.0,1,265.53068
-342.22944,2,265.54321
-150.0,1,265.552836
-150.0,1,265.561183
-150.0,1,265.565817
-150.0,1,265.573061
-150.0,1,265.578588
-150.0,1,265.58759
-762.083835,2,265.598918
-150.0,1,265.6059
-150.0,1,265.611026
-150.0,1,265.619006
-150.0,1,265.625507
-456.175941,2,265.639143
-565.410352,4,265.661345
-6439188.957759,2,265.676689
-150.0,1,265.682723
-150.0,1,265.688578
-150.0,1,265.695102
-515.690356,2,265.708741
-952.286966,6,265.740516
-150.0,1,265.748236
-150.0,1,265.753978
-150.0,1,265.76441
-640.359728,3,265.781712
-1164.214071,14,265.863414
-150.0,1,265.874885
-150.0,1,265.881831
-150.0,1,265.885961
-433.645061,2,265.899911
-150.0,1,265.90485
-150.0,1,265.91562
-765.980284,4,265.941446
-150.0,1,265.951609
-150.0,1,265.959833
-150.0,1,265.969845
-150.0,1,265.975445
-150.0,1,265.980653
-150.0,1,265.986712
-150.0,1,265.994262
-150.0,1,265.999031
-150.0,1,266.005167
-150.0,1,266.01533
-150.0,1,266.024275
-150.0,1,266.028793
-150.0,1,266.033527
-150.0,1,266.039068
-150.0,1,266.046982
-150.0,1,266.053531
-150.0,1,266.061846
-150.0,1,266.071511
-150.0,1,266.078246
-150.0,1,266.084042
-150.0,1,266.091211
-150.0,1,266.101046
-150.0,1,266.112144
-150.0,1,266.118561
-150.0,1,266.123779
-150.0,1,266.132341
-150.0,1,266.138921
-150.0,1,266.145875
-1141.116518,8,266.190859
-150.0,1,266.195434
-150.0,1,266.209239
-150.0,1,266.216035
-150.0,1,266.220534
-150.0,1,266.228738
-657.21076,3,266.246642
-150.0,1,266.25104
-150.0,1,266.260035
-150.0,1,266.264199
-682.873921,2,266.281711
-150.0,1,266.288084
-150.0,1,266.294044
-150.0,1,266.299098
-150.0,1,266.309225
-531.295631,2,266.321765
-150.0,1,266.327796
-150.0,1,266.333618
-360.297675,3,266.353245
-680.024313,2,266.365187
-186.137381,2,266.377046
-150.0,1,266.382849
-150.0,1,266.395162
-150.0,1,266.403942
-150.0,1,266.40946
-1611.748749,8,266.453421
-1715.292153,16,266.54493
-150.0,1,266.550533
-150.0,1,266.557412
-566.782008,6,266.597676
-4007.228229,46,266.855257
-150.0,1,266.860292
-198.842824,2,266.871191
-150.0,1,266.881414
-745.476564,3,266.899162
-150.0,1,266.906579
-150.0,1,266.91553
-150.0,1,266.921445
-150.0,1,266.930832
-150.0,1,266.937525
-304.327038,3,266.953737
-150.0,1,266.960388
-150.0,1,266.968696
-150.0,1,266.973464
-150.0,1,266.978156
-150.0,1,266.989926
-150.0,1,266.997249
-214.420751,2,267.006334
-150.0,1,267.014231
-150.0,1,267.0239
-1728.778536,15,267.108246
-226.769056,4,267.131624
-434.469476,2,267.142542
-150.0,1,267.149718
-281.063762,2,267.163616
-241.342592,2,267.176267
-1328.223882,20,267.2823
-168.089583,3,267.297638
-150.0,1,267.306758
-150.0,1,267.316374
-274.692949,2,267.326612
-150.0,1,267.331377
-150.0,1,267.338753
-150.0,1,267.344067
-150.0,1,267.348262
-150.0,1,267.352712
-751.474539,3,267.372821
-150.0,1,267.380507
-877.201924,2,267.395321
-1811.830506,21,267.513573
-150.0,1,267.520451
-150.0,1,267.52807
-150.0,1,267.534407
-150.0,1,267.541645
-229.946183,2,267.555795
-163.448668,2,267.565406
-150.0,1,267.573927
-150.0,1,267.581951
-220.698374,2,267.592985
-150.0,1,267.602321
-150.0,1,267.609053
-1365.000385,2,267.623998
-150.0,1,267.630023
-150.0,1,267.637223
-150.0,1,267.641009
-150.0,1,267.647895
-150.0,1,267.654368
-1640373.398655,2,267.66487
-402.395803,2,267.67998
-150.0,1,267.687571
-150.0,1,267.696009
-150.0,1,267.702003
-150.0,1,267.707496
-150.0,1,267.716137
-559.99965,2,267.729948
-150.0,1,267.735513
-150.0,1,267.744047
-150.0,1,267.750893
-193.139692,3,267.769355
-150.0,1,267.773376
-150.0,1,267.778661
-150.0,1,267.782582
-150.0,1,267.797436
-219.807336,2,267.810016
-353.78426,2,267.82416
-150.0,1,267.83005
-798.097884,3,267.852578
-150.0,1,267.86018
-3961.311471,9,267.915035
-150.0,1,267.923226
-150.0,1,267.938164
-579.74299,3,267.96174
-150.0,1,267.972402
-150.0,1,267.980556
-150.0,1,267.987961
-803.063365,9,268.042383
-150.0,1,268.052911
-150.0,1,268.059204
-150.0,1,268.067673
-150.0,1,268.075696
-150.0,1,268.085557
-150.0,1,268.090039
-150.0,1,268.097585
-150.0,1,268.105471
-150.0,1,268.113219
-150.0,1,268.119568
-150.0,1,268.125888
-728.418345,2,268.141317
-150.0,1,268.148468
-1592.217923,4,268.172191
-150.0,1,268.179879
-150.0,1,268.186223
-150.0,1,268.192986
-194.922056,2,268.208075
-150.0,1,268.214635
-150.0,1,268.222503
-308.223252,2,268.233654
-150.0,1,268.241591
-150.0,1,268.252149
-150.0,1,268.257951
-150.0,1,268.265816
-150.0,1,268.271217
-150.0,1,268.282024
-150.0,1,268.287177
-150.0,1,268.420991
-150.0,1,268.426054
-150.0,1,268.435019
-150.0,1,268.440922
-278.485835,2,268.454157
-150.0,1,268.460509
-150.0,1,268.471533
-150.0,1,268.477265
-150.0,1,268.48205
-150.0,1,268.493461
-150.0,1,268.50051
-150.0,1,268.508015
-150.0,1,268.516661
-150.0,1,268.525106
-707.434172,2,268.536097
-150.0,1,268.54588
-150.0,1,268.553627
-150.0,1,268.559217
-150.0,1,268.567546
-150.0,1,268.573299
-150.0,1,268.580514
-289.114625,2,268.59242
-150.0,1,268.600324
-150.0,1,268.609925
-150.0,1,268.615598
-150.0,1,268.624614
-150.0,1,268.630865
-150.0,1,268.636698
-177.023648,3,268.652137
-150.0,1,268.66104
-786.233332,9,268.710228
-150.0,1,268.717008
-150.0,1,268.724155
-150.0,1,268.73424
-150.0,1,268.744464
-150.0,1,268.755148
-150.0,1,268.762981
-150.0,1,268.773192
-150.0,1,268.780872
-562.521151,3,268.800069
-150.0,1,268.808407
-150.0,1,268.816782
-1612.310788,2,268.834023
-150.0,1,268.839161
-150.0,1,268.843517
-307.284481,5,268.874882
-150.0,1,268.883175
-150.0,1,268.887329
-150.0,1,268.892346
-150.0,1,268.897444
-150.0,1,268.905714
-4413825.501697,12,268.978282
-150.0,1,268.985012
-150.0,1,268.993644
-150.0,1,269.002783
-150.0,1,269.009907
-150.0,1,269.015189
-150.0,1,269.021113
-150.0,1,269.029105
-150.0,1,269.04049
-327.082912,3,269.056811
-440.109435,2,269.068769
-150.0,1,269.076934
-150.0,1,269.083052
-861.585863,30,269.249358
-150.0,1,269.254598
-150.0,1,269.260959
-150.0,1,269.268352
-211.007541,3,269.283219
-150.0,1,269.29241
-150.0,1,269.304515
-150.0,1,269.3086
-150.0,1,269.315997
0.0,1,269.3207
-150.0,1,269.329761
-150.0,1,269.335722
-1728.061224,27,269.486772
-150.0,1,269.492812
-150.0,1,269.501204
-150.0,1,269.508662
-150.0,1,269.51268
-150.0,1,269.519332
-150.0,1,269.526252
-150.0,1,269.536803
-150.0,1,269.542422
-150.0,1,269.548838
-150.0,1,269.56001
-150.0,1,269.5675
-150.0,1,269.574028
-150.0,1,269.583968
-150.0,1,269.590221
-150.0,1,269.596982
-150.0,1,269.602052
-150.0,1,269.60735
-436.29151,5,269.636394
-308.66416,2,269.650216
-206.963334,2,269.663908
-150.0,1,269.671135
-150.0,1,269.681459
-843.124778,3,269.699907
-356.917821,2,269.711974
-150.0,1,269.717895
-150.0,1,269.730354
-150.0,1,269.735456
-150.0,1,269.741169
-150.0,1,269.745212
-150.0,1,269.754831
-312.430579,2,269.766094
-150.0,1,269.774651
-174.096377,2,269.788092
-515.015211,2,269.799219
-183.365246,2,269.814715
-203.417541,2,269.825857
-150.0,1,269.833657
-455.825091,3,269.851343
-150.0,1,269.857481
-335.053471,4,269.881935
-150.0,1,269.886063
-150.0,1,269.893591
-150.0,1,269.899759
-301.304789,2,269.912475
-155.86808,2,269.926084
-492.221083,2,269.943364
-1281.599911,8,269.991732
-150.0,1,269.99772
-150.0,1,270.006469
-150.0,1,270.016132
-318.636923,2,270.024769
-150.0,1,270.029881
-150.0,1,270.036029
-341.457278,2,270.047993
-150.0,1,270.053666
-150.0,1,270.060537
-505.932084,4,270.086011
-150.0,1,270.092496
-366.290331,2,270.102927
-10862.199928,36,270.299137
-150.0,1,270.308367
-150.0,1,270.319569
-150.0,1,270.324521
-150.0,1,270.331714
-150.0,1,270.338897
-150.0,1,270.34724
-150.0,1,270.353451
-150.0,1,270.357888
-1060.419584,11,270.417441
-150.0,1,270.423657
-659.704642,5,270.454351
-150.0,1,270.461132
-150.0,1,270.466414
-150.0,1,270.473179
-150.0,1,270.482972
-150.0,1,270.488303
-150.0,1,270.505093
-150.0,1,270.51665
-150.0,1,270.528677
-150.0,1,270.534185
-150.0,1,270.538826
-150.0,1,270.547191
-786.233332,9,270.600314
-682.873921,2,270.613333
-150.0,1,270.619537
-453.310805,2,270.636526
-150.0,1,270.642186
-150.0,1,270.648004
-150.0,1,270.654383
-150.0,1,270.661451
-150.0,1,270.667105
-150.0,1,270.672285
-150.0,1,270.679867
-150.0,1,270.688615
-150.0,1,270.694075
-324.091462,2,270.709793
-150.0,1,270.71628
-150.0,1,270.723623
-150.0,1,270.730244
-150.0,1,270.736385
-150.0,1,270.741998
-325.889395,2,270.756902
-150.0,1,270.763104
-150.0,1,270.767216
-150.0,1,270.774414
-150.0,1,270.785741
-150.0,1,270.791653
-150.0,1,270.802241
-150.0,1,270.807764
-150.0,1,270.815033
-150.0,1,270.822278
-150.0,1,270.827175
-150.0,1,270.833745
-150.0,1,270.841606
-599.25446,2,270.857579
-150.0,1,270.862996
-191.257046,2,270.878471
-150.0,1,270.890335
-150.0,1,270.897656
-150.0,1,270.904292
-150.0,1,270.911179
-150.0,1,270.92035
-150.0,1,270.9259
-150.0,1,270.933612
-150.0,1,270.939434
-150.0,1,270.94668
-150.0,1,270.952696
-150.0,1,270.957718
-150.0,1,270.964829
-150.0,1,270.976277
-150.0,1,270.981747
-263.969548,2,270.995142
-324.552261,2,271.009982
-150.0,1,271.016477
-150.0,1,271.021972
-150.0,1,271.029359
-150.0,1,271.034857
-150.0,1,271.042779
-150.0,1,271.052164
-150.0,1,271.057292
-150.0,1,271.062686
-150.0,1,271.069935
-150.0,1,271.076506
-150.0,1,271.083046
-150.0,1,271.088893
-11818949.079945,2,271.109112
-150.0,1,271.115775
-150.0,1,271.119934
-464.990639,2,271.130887
-346.459657,2,271.142591
-276.222989,2,271.154925
-425.428113,6,271.189194
-150.0,1,271.196146
-2214.412879,5,271.226866
-196.646559,2,271.239625
-150.0,1,271.248319
-600.544539,3,271.264886
-150.0,1,271.272007
-150.0,1,271.277945
-150.0,1,271.283658
-150.0,1,271.287944
-150.0,1,271.295278
-150.0,1,271.303268
-514.454462,2,271.314656
-311.898889,3,271.331712
-150.0,1,271.338197
-150.0,1,271.344456
-150.0,1,271.354174
-150.0,1,271.36236
-150.0,1,271.368871
-315.846563,2,271.381595
-150.0,1,271.38992
-150.0,1,271.394593
-150.0,1,271.402225
-150.0,1,271.413823
-150.0,1,271.418148
-150.0,1,271.422272
-150.0,1,271.43023
-150.0,1,271.441252
-150.0,1,271.448452
-150.0,1,271.453566
-175.411534,2,271.466594
-150.0,1,271.470747
-150.0,1,271.479994
-3191.867451,31,271.654229
-150.0,1,271.661615
-150.0,1,271.670313
-150.0,1,271.677651
-150.0,1,271.68277
-150.0,1,271.692805
-418.817635,2,271.703634
-150.0,1,271.707863
-150.0,1,271.714279
-150.0,1,271.722896
-150.0,1,271.728665
-150.0,1,271.735192
-946.13271,4,271.756341
-150.0,1,271.764609
-393.725162,5,271.791807
-150.0,1,271.798519
-917.976932,4,271.820126
-150.0,1,271.82827
-376.709338,3,271.846455
-213.727859,2,271.856666
-150.0,1,271.861116
-451.52417,2,271.875589
-4962822.33094,6,271.906666
-2605.490999,6,271.941762
-493.331829,2,271.95062
-477.78172,3,271.969009
-389.902207,4,271.989622
-150.0,1,271.994996
-330.56553,2,272.005296
-150.0,1,272.013216
-150.0,1,272.018006
-415.359473,3,272.035604
-150.0,1,272.041757
-150.0,1,272.050209
-150.0,1,272.054917
-160.097361,2,272.063436
-1483.676542,7,272.100219
-150.0,1,272.106477
-150.0,1,272.112686
-1966.461818,2,272.12643
-150.0,1,272.131349
-492.221083,2,272.145186
-659.543699,2,272.156577
-150.0,1,272.162146
-3197917.316112,9,272.209857
-427.985897,7,272.250714
-150.0,1,272.254598
-150.0,1,272.258867
-150.0,1,272.265864
-2169388.83712,5,272.293533
-5023.853029,63,272.614211
-150.0,1,272.622419
-150.0,1,272.627832
-150.0,1,272.636578
-150.0,1,272.641401
-150.0,1,272.646407
-150.0,1,272.650732
-2112.091066,4,272.674552
-150.0,1,272.678643
-202.405903,2,272.691245
-150.0,1,272.697288
-150.0,1,272.703963
-150.0,1,272.707794
-150.0,1,272.712793
-249.796868,2,272.725169
-150.0,1,272.735735
-150.0,1,272.743463
-150.0,1,272.749756
-150.0,1,272.756993
-150.0,1,272.764678
-150.0,1,272.771931
-150.0,1,272.77593
-150.0,1,272.780491
-150.0,1,272.790205
-9045849.393475,2,272.800261
-150.0,1,272.808055
-525.919137,2,272.821754
-150.0,1,272.827949
-150.0,1,272.832677
-201.942591,5,272.860562
-150.0,1,272.866857
-2350.391544,4,272.890982
-388.053345,2,272.901933
-150.0,1,272.906588
-150.0,1,272.912691
-150.0,1,272.920474
-150.0,1,272.924726
-150.0,1,272.931015
-150.0,1,272.938321
-150.0,1,272.946462
-150.0,1,272.953037
-150.0,1,272.957038
-150.0,1,272.964144
-150.0,1,272.972577
-150.0,1,272.978044
-150.0,1,272.983196
-150.0,1,272.989168
-150.0,1,272.997526
-150.0,1,273.002422
-150.0,1,273.007283
-150.0,1,273.014334
-150.0,1,273.022088
-150.0,1,273.02675
-150.0,1,273.03386
-150.0,1,273.040097
-150.0,1,273.047743
-150.0,1,273.052719
-150.0,1,273.060122
-150.0,1,273.06736
-150.0,1,273.074565
-150.0,1,273.080629
-150.0,1,273.086796
-150.0,1,273.096916
-150.0,1,273.103469
-150.0,1,273.108878
-150.0,1,273.114074
-150.0,1,273.123443
-150.0,1,273.130956
-150.0,1,273.136155
-456.175941,2,273.150016
-150.0,1,273.154085
-150.0,1,273.161223
-150.0,1,273.170738
-150.0,1,273.178701
-150.0,1,273.185771
-5316535.508653,4,273.212332
-150.0,1,273.218672
-150.0,1,273.224916
-150.0,1,273.233927
-150.0,1,273.245329
-150.0,1,273.251028
-150.0,1,273.255183
-150.0,1,273.264402
-150.0,1,273.274586
-150.0,1,273.279556
-150.0,1,273.28495
-150.0,1,273.291278
-150.0,1,273.300452
-150.0,1,273.30757
-150.0,1,273.316782
-695.826723,8,273.36567
-150.0,1,273.378803
-150.0,1,273.382971
-150.0,1,273.39144
-150.0,1,273.399843
-150.0,1,273.410064
-150.0,1,273.416473
-150.0,1,273.421339
-150.0,1,273.425731
-326.025925,2,273.444123
-304.327038,3,273.471371
-150.0,1,273.485495
-150.0,1,273.49595
-150.0,1,273.504679
-150.0,1,273.511941
-150.0,1,273.517322
-1384.151409,2,273.531363
-428.516944,2,273.547992
-150.0,1,273.554332
-354.928943,4,273.575749
-150.0,1,273.583683
-150.0,1,273.593635
-150.0,1,273.601787
-150.0,1,273.607417
-150.0,1,273.612349
-150.0,1,273.621702
-723.800031,4,273.646795
-150.0,1,273.653837
-150.0,1,273.659208
-150.0,1,273.665536
-150.0,1,273.673352
-150.0,1,273.677928
-150.0,1,273.684608
-150.0,1,273.692532
-150.0,1,273.700144
-150.0,1,273.706045
-150.0,1,273.714468
-400.383104,2,273.72747
-281.945146,2,273.738267
-150.0,1,273.743521
-150.0,1,273.75196
-150.0,1,273.760932
-150.0,1,273.768349
-153.641075,2,273.780327
-150.0,1,273.786091
-150.0,1,273.796082
-150.0,1,273.803697
-150.0,1,273.810902
-808.928544,9,273.860053
-150.0,1,273.868596
-150.0,1,273.873229
-150.0,1,273.881577
-150.0,1,273.88838
-150.0,1,273.897361
-1212.266046,7,273.933971
-150.0,1,273.941967
-150.0,1,273.947077
-150.0,1,273.954875
-425.428113,6,273.987469
-150.0,1,273.999117
-308.66416,2,274.019776
-150.0,1,274.02705
-150.0,1,274.031084
-150.0,1,274.040463
-150.0,1,274.046719
-150.0,1,274.053179
-316.750838,5,274.080106
-150.0,1,274.089389
-627.113786,4,274.114805
-150.0,1,274.121553
-150.0,1,274.128892
-150.0,1,274.135682
-507.535927,7,274.172679
-150.0,1,274.181215
-211.425509,2,274.192425
-150.0,1,274.199749
-150.0,1,274.20611
-1409.958832,14,274.282761
-150.0,1,274.287292
-842.950149,10,274.342053
-150.0,1,274.349432
-150.0,1,274.358272
-150.0,1,274.362841
-150.0,1,274.3705
-150.0,1,274.376153
-192.908529,2,274.388018
-150.0,1,274.393626
-150.0,1,274.398671
-150.0,1,274.408103
-150.0,1,274.415743
-205.38866,2,274.427728
-447.417607,2,274.440598
-214.599239,2,274.451833
-150.0,1,274.458848
-208.798602,2,274.46985
-150.0,1,274.477391
-150.0,1,274.485973
-150.0,1,274.494972
-150.0,1,274.501987
-150.0,1,274.507355
-150.0,1,274.515028
-150.0,1,274.524322
-150.0,1,274.531757
-150.0,1,274.538609
-150.0,1,274.544656
-810.228315,5,274.574261
-150.0,1,274.583008
-150.0,1,274.591572
-1634.442314,3,274.60917
-150.0,1,274.617785
-150.0,1,274.622262
-223.481743,2,274.63508
-635.877977,2,274.645979
-150.0,1,274.653398
-150.0,1,274.65986
-150.0,1,274.666714
-150.0,1,274.671231
-150.0,1,274.681069
-150.0,1,274.687196
-150.0,1,274.697325
-150.0,1,274.702509
-150.0,1,274.713493
-150.0,1,274.724143
-1220.601683,3,274.740278
-150.0,1,274.749045
-150.0,1,274.757233
-150.0,1,274.767524
-150.0,1,274.773342
-150.0,1,274.779977
-150.0,1,274.788178
-11439339.102011,2,274.798194
-428.39373,2,274.809909
-1171.23022,7,274.849302
-787.842859,2,274.862769
-150.0,1,274.867698
-511.418683,2,274.878867
-150.0,1,274.887689
-150.0,1,274.893971
-150.0,1,274.90214
-150.0,1,274.908118
-150.0,1,274.916077
-505.932084,4,274.940872
-150.0,1,274.946975
-150.0,1,274.955722
-150.0,1,274.964283
-150.0,1,274.970685
-150.0,1,274.975232
-150.0,1,274.982048
-150.0,1,274.98657
-150.0,1,274.99493
-150.0,1,275.000616
-150.0,1,275.009137
-205.763688,2,275.017916
-659.704642,5,275.048298
-150.0,1,275.055951
-150.0,1,275.061362
-150.0,1,275.069908
-150.0,1,275.076227
-650.203775,3,275.094128
-150.0,1,275.101531
-2898.498569,24,275.228681
-304.327038,3,275.248342
-150.0,1,275.253865
-150.0,1,275.261612
-150.0,1,275.268032
-150.0,1,275.277669
-267.201738,2,275.292248
-150.0,1,275.296323
-150.0,1,275.305788
-150.0,1,275.318077
-150.0,1,275.325709
-927.346829,6,275.365108
-150.0,1,275.37037
-150.0,1,275.37838
-150.0,1,275.383914
-150.0,1,275.387865
-1051.129079,6,275.419994
-640.359728,3,275.440005
-150.0,1,275.447498
-226.253922,2,275.457675
-150.0,1,275.465978
-150.0,1,275.474108
-150.0,1,275.483163
-150.0,1,275.488834
-150.0,1,275.493582
-150.0,1,275.502708
-150.0,1,275.508928
-723.591788,10,275.563707
-150.0,1,275.571092
-150.0,1,275.577442
-150.0,1,275.584037
-150.0,1,275.589583
-150.0,1,275.596176
-364.710958,5,275.624075
-150.0,1,275.628737
-150.0,1,275.634837
-150.0,1,275.645311
-150.0,1,275.652331
-150.0,1,275.657812
-150.0,1,275.662799
-150.0,1,275.670628
-150.0,1,275.677476
-150.0,1,275.686357
-3656.210875,9,275.732637
-150.0,1,275.739254
-552.691029,4,275.772288
-4391.555179,4,275.798658
-150.0,1,275.804678
-150.0,1,275.812866
-150.0,1,275.81921
-150.0,1,275.826349
-150.0,1,275.831993
-150.0,1,275.836186
-150.0,1,275.844007
-150.0,1,275.852888
-191.752723,2,275.862191
-959.180679,4,275.88271
-150.0,1,275.888868
-150.0,1,275.898471
-150.0,1,275.908439
-275.829319,2,275.919511
-7158566.27498,7,275.961324
-150.0,1,275.968109
-150.0,1,275.97571
-150.0,1,275.98159
-659.704642,5,276.011879
-150.0,1,276.016484
-150.0,1,276.023514
-150.0,1,276.029359
-150.0,1,276.036258
-150.0,1,276.040463
-150.0,1,276.049044
-276.797251,3,276.065314
-150.0,1,276.075584
-150.0,1,276.080615
-150.0,1,276.085013
-150.0,1,276.090486
-648.179983,3,276.110218
-150.0,1,276.116449
-150.0,1,276.127492
-150.0,1,276.132737
-1952.337163,7,276.177104
-150.0,1,276.184513
-150.0,1,276.190053
-341.608743,2,276.202194
-250.640828,57,276.511565
-438.77831,3,276.528994
-150.0,1,276.533563
-150.0,1,276.539105
-150.0,1,276.545643
-150.0,1,276.552854
-150.0,1,276.557122
-150.0,1,276.565128
-243.033218,2,276.581479
-150.0,1,276.587469
-421.676712,3,276.603042
-704.956604,6,276.637852
-2974.048638,4,276.670108
-150.0,1,276.679588
-189.932508,2,276.692741
-150.0,1,276.70052
-1485.282574,23,276.844902
-150.0,1,276.849246
-150.0,1,276.853848
-150.0,1,276.861235
-150.0,1,276.86932
-1989.923482,4,276.891774
-678.395015,4,276.916528
-783.367145,2,276.927908
-375.098036,6,276.963187
-559.99965,2,276.973754
-150.0,1,276.981562
-150.0,1,276.98756
-459.696709,3,277.008828
-150.0,1,277.01354
-315.044021,2,277.02493
-150.0,1,277.032927
-150.0,1,277.040629
-678.694676,2,277.051876
-853.934769,4,277.073447
-150.0,1,277.085335
-829.8463,2,277.102206
-150.0,1,277.106388
-150.0,1,277.115474
-150.0,1,277.120238
-150.0,1,277.129082
-150.0,1,277.134095
-175.064538,3,277.150707
-330.56553,2,277.161639
-150.0,1,277.1696
-150.0,1,277.17423
-150.0,1,277.180407
-150.0,1,277.187902
-150.0,1,277.195817
-150.0,1,277.202569
-150.0,1,277.206961
-1475.220541,15,277.287103
-150.0,1,277.295135
-150.0,1,277.303563
-150.0,1,277.312343
-4691416.757453,3,277.333187
-150.0,1,277.344736
-150.0,1,277.351587
-874.484484,3,277.370258
-150.0,1,277.377271
-150.0,1,277.384953
-150.0,1,277.397441
-150.0,1,277.40471
-238.030653,4,277.427658
-150.0,1,277.433863
-150.0,1,277.44332
-150.0,1,277.450477
-1358.131643,15,277.528907
-150.0,1,277.5393
-150.0,1,277.547307
-150.0,1,277.552208
-150.0,1,277.556651
-180.308519,2,277.569688
-150.0,1,277.573834
-150.0,1,277.579523
-150.0,1,277.590206
-150.0,1,277.597405
-150.0,1,277.602882
-150.0,1,277.610208
-150.0,1,277.61874
-150.0,1,277.62642
-411.733476,2,277.636492
-150.0,1,277.642966
-150.0,1,277.65252
-387.113839,4,277.677666
-150.0,1,277.681926
-150.0,1,277.686575
-150.0,1,277.697561
-348.96729,2,277.713036
-150.0,1,277.717626
-810.228315,5,277.747644
-150.0,1,277.75385
-150.0,1,277.761709
-150.0,1,277.769358
-150.0,1,277.780871
-255.373023,2,277.790904
-163.081497,2,277.805384
-270.910614,2,277.820748
-150.0,1,277.826878
-150.0,1,277.833877
-9398050.359337,16,277.928511
-150.0,1,277.932297
-150.0,1,277.938357
-150.0,1,277.942546
-482.026363,3,277.960926
-2714.288963,7,278.000528
-150.0,1,278.006249
-150.0,1,278.013683
-150.0,1,278.024806
-194.442222,3,278.040157
-205.443108,2,278.05121
-525.919137,2,278.06529
-150.0,1,278.077519
-150.0,1,278.082334
-150.0,1,278.087821
-150.0,1,278.092276
-150.0,1,278.103434
-150.0,1,278.113982
-150.0,1,278.118521
-150.0,1,278.127937
-150.0,1,278.137546
-150.0,1,278.144198
-150.0,1,278.152283
-1502.059919,6,278.190235
-818.414676,8,278.239399
-150.0,1,278.246433
-150.0,1,278.254494
-150.0,1,278.26485
-150.0,1,278.274341
-150.0,1,278.282488
-150.0,1,278.287748
-150.0,1,278.294373
-364.710958,5,278.326303
-150.0,1,278.335583
-150.0,1,278.344659
-708.116389,3,278.365283
-150.0,1,278.374033
-678.858896,5,278.404041
-150.0,1,278.412235
-150.0,1,278.419867
-150.0,1,278.428267
-383.047059,3,278.448668
-150.0,1,278.453713
-797.127065,16,278.546752
-150.0,1,278.552947
-317.501853,3,278.571114
-150.0,1,278.576787
-150.0,1,278.587181
-1845.105149,6,278.627174
-150.0,1,278.63272
-150.0,1,278.642507
-351.464108,3,278.658634
-150.0,1,278.670328
-150.0,1,278.679124
-150.0,1,278.686828
-150.0,1,278.691924
-150.0,1,278.703152
-150.0,1,278.712041
-150.0,1,278.719037
-150.0,1,278.729668
-150.0,1,278.738655
-150.0,1,278.746372
-150.0,1,278.755746
-1116.169681,15,278.85061
-742.170846,42,279.080862
-1675.356448,5,279.107222
-1398.965305,4,279.127785
-150.0,1,279.133895
-150.0,1,279.140848
-150.0,1,279.147816
-150.0,1,279.15672
-678.258914,4,279.176731
-150.0,1,279.182902
-2287.376639,7,279.21952
-238.199887,2,279.229213
-150.0,1,279.235397
-1568.866813,3,279.255385
-1181.792576,3,279.274456
-150.0,1,279.278512
-150.0,1,279.283077
-326.365405,3,279.302624
-683.316883,4,279.326644
-150.0,1,279.332242
-150.0,1,279.339022
-195.662355,2,279.351597
-150.0,1,279.356301
-150.0,1,279.365235
-915.181707,3,279.381601
-150.0,1,279.388796
-150.0,1,279.396986
-150.0,1,279.402585
-551.284231,7,279.440187
-150.0,1,279.450596
-150.0,1,279.456483
-150.0,1,279.46335
-292.35099,3,279.479659
-150.0,1,279.489044
-1537.463233,3,279.502847
-150.0,1,279.51205
-150.0,1,279.516275
-150.0,1,279.525135
-1051.953573,4,279.545762
-150.0,1,279.549889
-519.225292,2,279.560079
-2165.529948,10,279.615259
-150.0,1,279.62156
-150.0,1,279.626996
-150.0,1,279.632782
-150.0,1,279.639977
-150.0,1,279.646243
-574.744672,3,279.660338
-716.833008,6,279.694
-581.940497,6,279.727698
-150.0,1,279.735976
-266.757677,2,279.747817
-150.0,1,279.753786
-1256.304289,9,279.805552
-200.355361,2,279.816628
-3332384.969953,3,279.831877
-304.496425,3,279.84663
-519.556451,3,279.864609
-3352919.400551,2,279.880686
-150.0,1,279.885974
-150.0,1,279.890005
-150.0,1,279.899757
-28213.754472,21,280.018889
-150.0,1,280.023533
-319.638185,2,280.037732
-150.0,1,280.045701
-150.0,1,280.053827
-150.0,1,280.062498
-150.0,1,280.069791
-150.0,1,280.077757
-150.0,1,280.084079
-150.0,1,280.089833
-150.0,1,280.096272
-150.0,1,280.10504
-150.0,1,280.111384
-486.253025,2,280.129071
-301.858974,2,280.142025
-150.0,1,280.151899
-150.0,1,280.159806
-151.065278,2,280.178191
-3304.411035,9,280.241198
-1164.591589,3,280.265117
-261.938146,3,280.289594
-710.659805,3,280.309621
-3075.827369,3,280.324169
-150.0,1,280.332381
-150.0,1,280.336826
-150.0,1,280.34725
-8682.269622,15,280.438033
-150.0,1,280.445145
-271.231925,2,280.46284
-10262.296128,48,280.757866
-3014.827561,2,280.769462
-150.0,1,280.781544
-306.088157,2,280.79946
-150.0,1,280.805707
-150.0,1,280.812354
-150.0,1,280.822211
-346.459657,2,280.835121
-150.0,1,280.840285
-150.0,1,280.850926
-150.0,1,280.859121
-150.0,1,280.86517
-150.0,1,280.869552
-150.0,1,280.877948
-150.0,1,280.888509
-150.0,1,280.896403
-150.0,1,280.902991
-150.0,1,280.913416
-150.0,1,280.921123
-373.476761,5,280.949062
-150.0,1,280.95391
-150.0,1,280.96365
-150.0,1,280.971842
-150.0,1,280.976888
-150.0,1,280.981891
-150.0,1,280.989556
-315.702848,2,281.000633
-150.0,1,281.010155
-150.0,1,281.022635
-150.0,1,281.028825
-964526.384836,9,281.080232
-1138.780996,16,281.177976
-150.0,1,281.182821
-151.033925,2,281.195514
-2384.28403,7,281.238353
-150.0,1,281.245885
-150.0,1,281.251021
-150.0,1,281.256704
-150.0,1,281.26503
-150.0,1,281.272661
-150.0,1,281.280393
-150.0,1,281.289135
-150.0,1,281.303551
-1876.591861,7,281.341701
-150.0,1,281.348777
-150.0,1,281.354433
-150.0,1,281.36123
-1191.344086,14,281.456797
-357.351858,2,281.470546
-150.0,1,281.479509
-150.0,1,281.49305
-150.0,1,281.50252
-2283.936764,3,281.520348
-150.0,1,281.526804
-150.0,1,281.537828
-150.0,1,281.544197
-150.0,1,281.552852
-150.0,1,281.559713
-211.020016,2,281.577116
-5388913.811239,3,281.597593
-150.0,1,281.602235
-150.0,1,281.609978
-150.0,1,281.623244
-832.379029,12,281.687354
-150.0,1,281.69315
-928.204088,2,281.706765
-150.0,1,281.714371
-1030.774122,5,281.741683
-150.0,1,281.74963
-794.413343,2,281.762907
-562.422156,2,281.773841
-150.0,1,281.780751
-1133.052566,5,281.806769
-150.0,1,281.81152
-308.889431,3,281.831531
-150.0,1,281.836047
-3462.978501,2,281.846699
-150.0,1,281.851542
-393.841772,2,281.862721
-2481.692377,4,281.883007
-150.0,1,281.890541
-312.138602,2,281.900627
-6437.686485,3,281.917301
-387.012002,2,281.929494
-454.667347,2,281.944125
-211.596003,2,281.954877
-563.60781,2,281.968727
-575.417826,3,281.984702
-150.0,1,281.988339
-742.153827,6,282.018775
-150.0,1,282.027755
-778.108441,5,282.056236
-175.411534,2,282.064817
-150.0,1,282.072289
-1032.644112,6,282.103184
-150.0,1,282.108371
-326.025925,2,282.119138
-150.0,1,282.125814
-150.0,1,282.132367
-150.0,1,282.140958
-559.99965,2,282.153675
-150.0,1,282.160043
-150.0,1,282.170484
-1466.589497,4,282.190404
-150.0,1,282.194623
-227.683133,2,282.204273
-150.0,1,282.216689
-150.0,1,282.220594
-301.858974,2,282.231031
-626.341841,3,282.251784
-5505.225477,13,282.326152
-150.0,1,282.332769
-150.0,1,282.339746
-150.0,1,282.344823
-150.0,1,282.35081
-150.0,1,282.359995
-150.0,1,282.36542
-339.770059,2,282.37559
-150.0,1,282.383522
-150.0,1,282.390623
-150.0,1,282.395739
-150.0,1,282.402043
-150.0,1,282.410508
-150.0,1,282.417004
-678.395015,4,282.436007
-150.0,1,282.442492
-150.0,1,282.449604
-150.0,1,282.458793
-150.0,1,282.468332
-150.0,1,282.473613
-316.750838,5,282.501179
-405.160472,2,282.513853
-150.0,1,282.522859
-2456.397173,39,282.727866
-256.779616,2,282.739199
-150.0,1,282.745722
-150.0,1,282.753695
-150.0,1,282.757792
-150.0,1,282.763329
-150.0,1,282.769343
-2184.187014,3,282.783277
-150.0,1,282.789988
-150.0,1,282.798039
-1239.708206,7,282.835402
-150.0,1,282.840926
-150.0,1,282.849406
-150.0,1,282.857707
-150.0,1,282.863007
-150.0,1,282.866948
-150.0,1,282.870922
-184.63412,2,282.885453
-150.0,1,282.891901
-150.0,1,282.898929
-150.0,1,282.903808
-150.0,1,282.912087
-150.0,1,282.918001
-150.0,1,282.925431
-150.0,1,282.931075
-150.0,1,282.939733
-150.0,1,282.944211
-150.0,1,282.949241
-689.062259,3,282.966768
-150.0,1,282.974588
-150.0,1,282.980669
-150.0,1,282.990121
-219.67586,6,283.023548
-150.0,1,283.029898
-150.0,1,283.037324
-150.0,1,283.044066
-150.0,1,283.04966
-150.0,1,283.061259
-150.0,1,283.067983
-638.178857,8,283.114309
-150.0,1,283.118667
-150.0,1,283.127731
-150.0,1,283.13354
-150.0,1,283.142406
-4157518.685998,2,283.15388
-150.0,1,283.166513
-150.0,1,283.173139
-150.0,1,283.178531
-150.0,1,283.187011
-150.0,1,283.19452
-150.0,1,283.203511
-150.0,1,283.209147
-228.193606,2,283.218124
-150.0,1,283.226643
-150.0,1,283.23387
-150.0,1,283.240939
-150.0,1,283.245812
-150.0,1,283.255802
-150.0,1,283.261468
-150.0,1,283.269795
-150.0,1,283.274199
-150.0,1,283.281999
-150.0,1,283.28866
-150.0,1,283.293316
-150.0,1,283.299023
-150.0,1,283.30634
-150.0,1,283.311147
-150.0,1,283.318831
-150.0,1,283.324004
-242.702704,2,283.339957
-150.0,1,283.344921
-150.0,1,283.353522
-150.0,1,283.36032
-150.0,1,283.368838
-700.721643,2,283.377827
-150.0,1,283.383789
-150.0,1,283.38871
-150.0,1,283.394672
-150.0,1,283.398976
-327.072413,34,283.581456
-150.0,1,283.588591
-150.0,1,283.595173
-150.0,1,283.601729
-150.0,1,283.606174
-150.0,1,283.611204
-150.0,1,283.621839
-150.0,1,283.628711
-150.0,1,283.637783
-150.0,1,283.642029
-150.0,1,283.650135
-150.0,1,283.656679
-150.0,1,283.661448
-150.0,1,283.665939
-150.0,1,283.672759
-150.0,1,283.681191
-150.0,1,283.686716
-150.0,1,283.693163
-150.0,1,283.701261
-150.0,1,283.711001
-150.0,1,283.722431
-150.0,1,283.728657
-861.501082,9,283.7855
-150.0,1,283.791457
-150.0,1,283.797829
-150.0,1,283.803396
-150.0,1,283.810329
-724.703742,3,283.82789
-150.0,1,283.832504
-387.62471,2,283.845095
-150.0,1,283.852804
-150.0,1,283.859054
-150.0,1,283.868192
-150.0,1,283.873596
-150.0,1,283.883178
-150.0,1,283.887687
-150.0,1,283.893215
-150.0,1,283.899067
-219.996909,3,283.919209
-150.0,1,283.924934
-228.841463,2,283.935484
-150.0,1,283.942027
-150.0,1,283.949347
-150.0,1,283.953339
-150.0,1,283.957471
-150.0,1,283.991562
-150.0,1,284.002016
-150.0,1,284.008427
-150.0,1,284.013951
-150.0,1,284.022992
-150.0,1,284.035457
-150.0,1,284.042023
-150.0,1,284.050141
-150.0,1,284.059148
-150.0,1,284.066615
-150.0,1,284.07364
-150.0,1,284.078766
-150.0,1,284.084967
-150.0,1,284.096053
-326.025925,2,284.104423
-150.0,1,284.111494
-150.0,1,284.118352
-150.0,1,284.12649
-150.0,1,284.131942
-150.0,1,284.139614
-150.0,1,284.14734
-150.0,1,284.155253
-150.0,1,284.162688
-150.0,1,284.168636
-150.0,1,284.173506
-211.006824,2,284.185225
-150.0,1,284.190975
-150.0,1,284.198741
-263.097843,2,284.209559
-150.0,1,284.218913
-150.0,1,284.22314
-150.0,1,284.227535
-150.0,1,284.236366
-150.0,1,284.249686
-495.864971,3,284.263826
-210.10003,3,284.285048
-150.0,1,284.28934
-227.216114,2,284.305975
-150.0,1,284.3123
-150.0,1,284.317187
-150.0,1,284.326268
-456.09166,3,284.34255
-150.0,1,284.348785
-150.0,1,284.353117
-1164.40423,2,284.36299
-150.0,1,284.372052
-150.0,1,284.377064
-150.0,1,284.384571
-150.0,1,284.390321
-150.0,1,284.398431
-150.0,1,284.405615
-150.0,1,284.414749
-272.448471,2,284.428015
-171.272781,24,284.559697
-150.0,1,284.565536
-150.0,1,284.573097
-150.0,1,284.577403
-211.899548,2,284.590316
-150.0,1,284.596087
-150.0,1,284.601537
-150.0,1,284.613095
-150.0,1,284.624256
-150.0,1,284.630651
-180.26041,3,284.647726
-150.0,1,284.654433
-150.0,1,284.661596
-150.0,1,284.667433
-150.0,1,284.671629
-150.0,1,284.680727
-150.0,1,284.687011
-703.27755,3,284.704443
-430.476409,2,284.717011
-932.406115,2,284.726581
-410.974798,7,284.764478
-1848.204433,2,284.774249
-150.0,1,284.782376
-150.0,1,284.791004
-1591.755342,2,284.804418
-150.0,1,284.814432
-150.0,1,284.819978
-498.345154,2,284.830166
-600.544539,3,284.849317
-150.0,1,284.853916
-528.459301,2,284.86551
-150.0,1,284.869252
-202.405903,2,284.885112
-150.0,1,284.890545
-150.0,1,284.897651
-150.0,1,284.907161
-150.0,1,284.919789
-150.0,1,284.928714
-238.216139,2,284.937847
-150.0,1,284.946461
-150.0,1,284.956269
-150.0,1,284.962894
-339.28058,2,284.974279
-150.0,1,284.979562
-150.0,1,284.990304
-150.0,1,284.997677
-150.0,1,285.005824
-150.0,1,285.014815
-150.0,1,285.023776
-150.0,1,285.031251
-150.0,1,285.040673
-1171.23022,7,285.077544
-150.0,1,285.088405
-150.0,1,285.098355
-150.0,1,285.102936
-150.0,1,285.10849
-150.0,1,285.119033
-648.175258,8,285.164882
-150.0,1,285.170473
-150.0,1,285.176444
-2180.624227,3,285.197788
-150.0,1,285.206324
-150.0,1,285.211903
-150.0,1,285.224481
-150.0,1,285.234104
-150.0,1,285.240807
-150.0,1,285.247232
-150.0,1,285.253182
-150.0,1,285.260268
-150.0,1,285.268862
-150.0,1,285.274721
-3406.798279,3,285.290847
-567.46482,3,285.310418
-150.0,1,285.314381
-2605.475189,30,285.472478
-241.159585,2,285.485317
-150.0,1,285.492748
-150.0,1,285.500313
-150.0,1,285.50922
-505.078152,2,285.519116
-150.0,1,285.527796
-1982.936533,2,285.539431
-537.347259,2,285.549886
-1211.713318,12,285.613502
-150.0,1,285.624855
-150.0,1,285.632651
-150.0,1,285.64042
-150.0,1,285.649322
-150.0,1,285.656569
-150.0,1,285.661566
-150.0,1,285.667704
-327.986186,2,285.683721
-150.0,1,285.690769
-150.0,1,285.69604
-150.0,1,285.702714
-186.458386,2,285.715251
-150.0,1,285.724118
-258.951204,2,285.735912
-482.026363,3,285.755525
-150.0,1,285.764968
-989.914801,12,285.833328
-814.368232,5,285.86335
-150.0,1,285.868181
-150.0,1,285.877665
-150.0,1,285.886197
-150.0,1,285.892155
-150.0,1,285.897224
-150.0,1,285.903461
-150.0,1,285.912838
-150.0,1,285.916716
-150.0,1,285.924956
-150.0,1,285.931548
-150.0,1,285.937542
-150.0,1,285.943504
-150.0,1,285.95042
-150.0,1,285.957586
-330.462175,3,285.973369
-150.0,1,285.9822
-150.0,1,285.989769
-150.0,1,285.997196
-150.0,1,286.005146
-150.0,1,286.011199
-150.0,1,286.018788
-150.0,1,286.02815
-150.0,1,286.03622
-150.0,1,286.042511
-6892187.689778,2,286.05571
-150.0,1,286.061197
-150.0,1,286.071156
-459.085359,2,286.080774
-150.0,1,286.086479
-150.0,1,286.092619
-150.0,1,286.100396
-150.0,1,286.105614
-150.0,1,286.110817
-150.0,1,286.118535
-150.0,1,286.124633
-150.0,1,286.129964
-150.0,1,286.135162
-150.0,1,286.144107
-150.0,1,286.154594
-150.0,1,286.158705
-150.0,1,286.163511
-150.0,1,286.170513
-150.0,1,286.179766
-151.287778,3,286.195261
-150.0,1,286.199328
-150.0,1,286.204942
-150.0,1,286.213765
-150.0,1,286.224176
-150.0,1,286.229346
-150.0,1,286.235651
-6716.899462,18,286.340187
-150.0,1,286.345993
-150.0,1,286.351586
-150.0,1,286.358891
-150.0,1,286.368587
-150.0,1,286.37475
-150.0,1,286.379371
-150.0,1,286.386349
-150.0,1,286.396006
-150.0,1,286.401784
-150.0,1,286.405808
-150.0,1,286.409753
-150.0,1,286.420313
-150.0,1,286.424442
-150.0,1,286.432015
-150.0,1,286.437599
-700.85291,2,286.4524
-150.0,1,286.456364
-3568259.016604,8,286.50162
-150.0,1,286.506271
-150.0,1,286.513783
-150.0,1,286.51887
-150.0,1,286.52437
-150.0,1,286.529052
-150.0,1,286.536864
-150.0,1,286.544503
-150.0,1,286.549637
-777.085433,7,286.593017
-150.0,1,286.599522
-150.0,1,286.608997
-150.0,1,286.619278
-150.0,1,286.626116
-150.0,1,286.63434
-150.0,1,286.638754
-150.0,1,286.64466
-150.0,1,286.650246
-150.0,1,286.661777
-150.0,1,286.670411
-150.0,1,286.677813
-150.0,1,286.68313
-2083.813505,3,286.702632
-150.0,1,286.711096
-150.0,1,286.717258
-150.0,1,286.721617
-150.0,1,286.731288
-150.0,1,286.736578
-150.0,1,286.74287
-150.0,1,286.751899
-226.769056,4,286.779126
-150.0,1,286.788722
-14236.194128,9,286.839438
-150.0,1,286.844917
-150.0,1,286.85202
-168.946713,2,286.865964
-150.0,1,286.877394
-150.0,1,286.882287
-207.483309,2,286.895221
-254.702614,2,286.909954
-151.356667,3,286.927267
-224.640305,2,286.942479
-4581.06315,15,287.024119
-150.0,1,287.031051
-150.0,1,287.036855
-150.0,1,287.041973
-150.0,1,287.049783
-150.0,1,287.057274
-274.692949,2,287.066783
-150.0,1,287.072126
-150.0,1,287.086545
-150.0,1,287.090753
-150.0,1,287.096115
-150.0,1,287.100982
-150.0,1,287.110322
-150.0,1,287.115171
-150.0,1,287.119411
-150.0,1,287.125766
-150.0,1,287.134606
-150.0,1,287.140861
-443.082641,2,287.150813
-150.0,1,287.157735
-150.0,1,287.168833
-150.0,1,287.173549
-150.0,1,287.183672
-150.0,1,287.189333
-150.0,1,287.197467
-150.0,1,287.203212
-150.0,1,287.207671
-150.0,1,287.21432
-150.0,1,287.225044
-150.0,1,287.230281
-150.0,1,287.236221
-150.0,1,287.241718
-150.0,1,287.24835
-150.0,1,287.25289
-150.0,1,287.257324
-150.0,1,287.265484
-150.0,1,287.274097
-150.0,1,287.279594
-150.0,1,287.287063
-150.0,1,287.296185
-150.0,1,287.301798
-150.0,1,287.306601
-150.0,1,287.312175
-150.0,1,287.318392
-150.0,1,287.324392
-192.908529,2,287.3339
-150.0,1,287.342136
-464.677639,2,287.35217
-150.0,1,287.359869
-150.0,1,287.368
-150.0,1,287.37377
-357.790098,2,287.384148
-150.0,1,287.395863
-1868.584041,7,287.433697
-150.0,1,287.439983
-150.0,1,287.446577
-150.0,1,287.455226
-150.0,1,287.460652
-150.0,1,287.467583
-150.0,1,287.474014
-150.0,1,287.480623
-150.0,1,287.485436
-150.0,1,287.493985
-150.0,1,287.503604
-150.0,1,287.509794
-150.0,1,287.515411
-150.0,1,287.521397
-150.0,1,287.525943
-150.0,1,287.532167
-150.0,1,287.535979
-150.0,1,287.541481
-150.0,1,287.545651
-150.0,1,287.554601
-150.0,1,287.563865
-150.0,1,287.572827
-150.0,1,287.577207
-150.0,1,287.586646
-150.0,1,287.591157
-2388210.755934,7,287.632207
-150.0,1,287.641393
-150.0,1,287.650753
-264.770567,2,287.663018
-150.0,1,287.666874
-150.0,1,287.673034
-254.702614,2,287.684444
-150.0,1,287.691807
-150.0,1,287.70073
-150.0,1,287.710751
-150.0,1,287.718267
-945.273619,6,287.75197
-150.0,1,287.759825
-150.0,1,287.765617
-150.0,1,287.772015
-1697.3345,18,287.872273
-150.0,1,287.879884
-150.0,1,287.884118
-150.0,1,287.893135
-150.0,1,287.899513
-385.280186,2,287.911133
-150.0,1,287.917496
-150.0,1,287.92666
-150.0,1,287.931282
-150.0,1,287.936932
-150.0,1,287.943863
-150.0,1,287.950053
-150.0,1,287.956182
-150.0,1,287.961461
-150.0,1,287.968736
-150.0,1,287.979681
-170.950561,2,287.990029
-150.0,1,287.99846
-150.0,1,288.007341
-150.0,1,288.013599
-150.0,1,288.02045
-150.0,1,288.027841
-150.0,1,288.032945
-150.0,1,288.043358
-150.0,1,288.047378
-150.0,1,288.055109
-319.638185,2,288.067484
-182.876743,2,288.082803
-221.524761,2,288.093496
-150.0,1,288.10052
-843.124778,3,288.119908
-150.0,1,288.128947
-150.0,1,288.136212
-150.0,1,288.140644
-238.922266,2,288.154664
-150.0,1,288.167965
-150.0,1,288.174537
-150.0,1,288.179496
-150.0,1,288.186121
-150.0,1,288.199543
-150.0,1,288.205552
-150.0,1,288.216391
-150.0,1,288.221133
-150.0,1,288.231605
-714.456623,2,288.244215
-150.0,1,288.250478
-150.0,1,288.261677
-679.598642,5,288.291348
-201.180254,3,288.310484
-150.0,1,288.319871
-150.0,1,288.32522
-150.0,1,288.334615
-182.316076,2,288.348187
-150.0,1,288.354814
-654.646507,6,288.39063
-512.314997,7,288.434503
-153.641075,2,288.448534
-150.0,1,288.455249
-707.434172,2,288.468138
-150.0,1,288.480699
-150.0,1,288.485084
-150.0,1,288.489201
-150.0,1,288.496953
-150.0,1,288.505919
-150.0,1,288.512122
-220.610837,2,288.527845
-150.0,1,288.53558
-1038.933721,14,288.61878
-150.0,1,288.6311
-700.85291,2,288.644152
-487.526197,4,288.666375
-150.0,1,288.675179
-150.0,1,288.683855
-631.062448,8,288.73016
-150.0,1,288.735851
-150.0,1,288.74183
-150.0,1,288.747637
-713.741953,4,288.768849
-150.0,1,288.780593
-1524.605386,3,288.798142
-150.0,1,288.809111
-150.0,1,288.8195
-150.0,1,288.828947
-150.0,1,288.840238
-678.258914,4,288.863581
-379.716864,2,288.879119
-150.0,1,288.884408
-150.0,1,288.890474
-150.0,1,288.899014
-150.0,1,288.903367
-150.0,1,288.908777
-150.0,1,288.915264
-150.0,1,288.922012
-150.0,1,288.93069
-150.0,1,288.938463
-150.0,1,288.946037
-150.0,1,288.954164
-150.0,1,288.960355
-652.310502,10,289.016047
-150.0,1,289.026249
-150.0,1,289.035181
-1833.324247,3,289.055425
-3055.960944,31,289.224004
-189.727207,2,289.239667
-150.0,1,289.249709
-150.0,1,289.254878
-1882.669105,4,289.279234
-150.0,1,289.288251
-1547.014839,6,289.322836
-274.162813,2,289.338043
-150.0,1,289.346823
-150.0,1,289.354717
-318.233773,3,289.371414
-150.0,1,289.37765
-330.697581,2,289.388365
-150.0,1,289.398359
-166.039017,2,289.41118
-150.0,1,289.41948
-254.702614,2,289.429565
-150.0,1,289.435955
-150.0,1,289.442858
-265.516381,3,289.462376
-3368.779001,3,289.480097
-150.0,1,289.487595
-150.0,1,289.496979
-150.0,1,289.502996
-150.0,1,289.509225
-150.0,1,289.516756
-150.0,1,289.526244
-150.0,1,289.534764
-150.0,1,289.540287
-439.591887,4,289.565066
-150.0,1,289.570104
-697.379947,3,289.586395
-150.0,1,289.591789
-150.0,1,289.621625
-150.0,1,289.631536
-1031.015563,11,289.697512
-150.0,1,289.703814
-150.0,1,289.710252
-150.0,1,289.714797
-150.0,1,289.724592
-150.0,1,289.732651
-150.0,1,289.744292
-150.0,1,289.749411
-150.0,1,289.758452
-150.0,1,289.765638
-150.0,1,289.775146
-275.829319,2,289.78704
-150.0,1,289.792244
-1030.126507,11,289.852342
-150.0,1,289.859262
-150.0,1,289.865697
-150.0,1,289.875376
-150.0,1,289.884311
-150.0,1,289.89197
-150.0,1,289.899132
-366.17302,3,289.917551
-150.0,1,289.92377
-150.0,1,289.932847
-323.392399,2,289.94811
-150.0,1,289.952642
-150.0,1,289.957488
-292.265262,2,289.973558
-150.0,1,289.978819
-270.536618,2,289.995691
-799.240857,3,290.011453
-150.0,1,290.02066
-150.0,1,290.02494
-150.0,1,290.030753
-150.0,1,290.036663
-150.0,1,290.046274
-150.0,1,290.052816
-150.0,1,290.061314
-150.0,1,290.068737
-150.0,1,290.079467
-150.0,1,290.085517
-150.0,1,290.090004
-150.0,1,290.095668
-150.0,1,290.103837
-150.0,1,290.114101
-241.343069,2,290.125533
-220.475103,2,290.137755
-5635.016155,17,290.233167
-150.0,1,290.237657
-150.0,1,290.246341
-150.0,1,290.252188
-150.0,1,290.262291
-286.510582,2,290.278714
-150.0,1,290.283373
-150.0,1,290.288301
-150.0,1,290.295481
-366.965854,2,290.307493
-150.0,1,290.311647
-150.0,1,290.316741
-150.0,1,290.32624
-150.0,1,290.332206
-150.0,1,290.338787
-150.0,1,290.343526
-150.0,1,290.351269
-892.084162,2,290.360122
-150.0,1,290.364083
-566.500814,3,290.385549
-150.0,1,290.394032
-150.0,1,290.400516
-150.0,1,290.407987
-150.0,1,290.414138
-150.0,1,290.423718
-150.0,1,290.431717
-150.0,1,290.435887
-150.0,1,290.440756
-150.0,1,290.449325
-150.0,1,290.457337
-150.0,1,290.464554
-150.0,1,290.470908
-239.045421,2,290.49138
-150.0,1,290.498618
-150.0,1,290.505558
-150.0,1,290.51005
-150.0,1,290.520627
-150.0,1,290.529448
-150.0,1,290.533213
-150.0,1,290.539075
-691.685509,7,290.584037
-150.0,1,290.590572
-150.0,1,290.597965
-150.0,1,290.604492
-150.0,1,290.611648
-150.0,1,290.61551
-150.0,1,290.625635
-540.515155,4,290.651103
-744.264858,2,290.664529
-150.0,1,290.674163
-150.0,1,290.680785
-150.0,1,290.689807
-150.0,1,290.697052
-199.027952,2,290.708849
-150.0,1,290.713244
-1094.9067,3,290.73085
-434.469476,2,290.747487
-213.076171,2,290.763559
-306.243043,3,290.778502
-373.637137,2,290.794528
-150.0,1,290.802248
-150.0,1,290.811772
-150.0,1,290.818372
-150.0,1,290.825832
-490385.75308,4,290.848225
-150.0,1,290.852872
-150.0,1,290.857901
-150.0,1,290.865293
-150.0,1,290.875376
-723.048992,8,290.918486
-150.0,1,290.925135
-150.0,1,290.932349
-150.0,1,290.940914
-150.0,1,290.947284
-150.0,1,290.95396
-150.0,1,290.959249
-150.0,1,290.968166
-150.0,1,290.974319
-2320.069252,5,291.005277
-164.781958,2,291.017795
-438.77831,3,291.037083
-150.0,1,291.044171
-150.0,1,291.049039
-15685.477795,49,291.311119
-150.0,1,291.317441
-150.0,1,291.328732
-150.0,1,291.335199
-150.0,1,291.339379
-150.0,1,291.348305
-11254.95015,6,291.381996
-150.0,1,291.386669
-2873856.10954,13,291.460041
-150.0,1,291.469737
-150.0,1,291.474699
-150.0,1,291.479875
-205.513719,3,291.497441
-150.0,1,291.510152
-150.0,1,291.515146
-150.0,1,291.521435
-150.0,1,291.530129
-150.0,1,291.540838
-150.0,1,291.546667
-411.065258,4,291.568325
-150.0,1,291.574811
-1682.648945,4,291.5997
-3250.826189,36,291.79121
-2081.655676,8,291.836743
-275.241424,2,291.84959
-150.0,1,291.856445
-150.0,1,291.864346
-150.0,1,291.871444
-150.0,1,291.875225
-1184.344004,4,291.901885
-256.776542,2,291.914453
-3281.826802,20,292.026367
-150.0,1,292.0335
-379.735478,6,292.067849
-150.0,1,292.075609
-150.0,1,292.082747
-150.0,1,292.087561
-219.052313,2,292.103715
-150.0,1,292.109257
-150.0,1,292.116033
-150.0,1,292.119779
-150.0,1,292.132366
-150.0,1,292.137228
-254.368811,2,292.150502
-150.0,1,292.160578
-150.0,1,292.167723
-150.0,1,292.174068
-150.0,1,292.181238
-150.0,1,292.186819
-150.0,1,292.195101
-360.508935,3,292.211705
-150.0,1,292.217639
-150.0,1,292.227195
-274.984498,2,292.242715
-150.0,1,292.248168
-150.0,1,292.252366
-150.0,1,292.258005
-980.25216,2,292.272541
-150.0,1,292.277718
-206.963334,2,292.290322
-150.0,1,292.298072
-150.0,1,292.304
-150.0,1,292.309004
-225.086557,2,292.32104
-150.0,1,292.32894
-150.0,1,292.337256
-150.0,1,292.346803
-150.0,1,292.354915
-150.0,1,292.362486
-150.0,1,292.374034
-281.945146,2,292.388326
-150.0,1,292.393159
-1553.292632,2,292.405143
-203.892251,2,292.418007
-150.0,1,292.42247
-150.0,1,292.429395
-150.0,1,292.438796
-150.0,1,292.448152
-150.0,1,292.455665
-699.895492,4,292.477559
-150.0,1,292.485196
-150.0,1,292.493603
-150.0,1,292.500284
-150.0,1,292.505287
-150.0,1,292.51133
-150.0,1,292.517788
-150.0,1,292.524801
-150.0,1,292.53178
-150.0,1,292.539417
-574.915214,2,292.554589
-150.0,1,292.5621
-150.0,1,292.569412
-150.0,1,292.577306
-150.0,1,292.585977
-152.963169,2,292.598678
-1369.906988,6,292.631538
-150.0,1,292.636052
-150.0,1,292.652115
-150.0,1,292.659738
-150.0,1,292.666325
-150.0,1,292.674024
-150.0,1,292.684343
-150.0,1,292.69068
-150.0,1,292.695894
-150.0,1,292.701706
-150.0,1,292.710601
-150.0,1,292.718368
-150.0,1,292.723375
-2038.819333,19,292.825946
-150.0,1,292.833758
-150.0,1,292.838876
-150.0,1,292.84712
-150.0,1,292.853545
-150.0,1,292.86121
-150.0,1,292.867824
-150.0,1,292.875896
-150.0,1,292.884091
-150.0,1,292.891836
-150.0,1,292.898897
-150.0,1,292.909527
-150.0,1,292.914698
-150.0,1,292.923639
-150.0,1,292.929675
-267.238254,2,292.941825
-150.0,1,292.947713
-150.0,1,292.959839
-150.0,1,292.966255
-373.014076,5,292.993522
-150.0,1,292.999863
-150.0,1,293.005998
-150.0,1,293.014222
-1182.618128,2,293.023293
-150.0,1,293.027954
-150.0,1,293.035464
-150.0,1,293.040988
-150.0,1,293.046797
-1215.130003,2,293.061298
-150.0,1,293.067256
-150.0,1,293.071243
-150.0,1,293.079387
-150.0,1,293.086525
-150.0,1,293.092793
-150.0,1,293.100461
-150.0,1,293.110033
-2240.05039,5,293.137548
-150.0,1,293.14487
-799.240857,3,293.164441
-150.0,1,293.169693
-812.391183,2,293.179676
-150.0,1,293.191943
-150.0,1,293.197914
-152.222639,2,293.208196
-150.0,1,293.216771
-9245.454813,28,293.368587
-150.0,1,293.37436
-241.738655,2,293.3856
-150.0,1,293.391371
-184.850197,3,293.407652
-364.997818,6,293.439396
-150.0,1,293.446356
-150.0,1,293.452845
-150.0,1,293.462703
-150.0,1,293.469587
-150.0,1,293.476386
-150.0,1,293.481907
-681.151203,3,293.501951
-150.0,1,293.506622
-1067.883978,8,293.553889
-150.0,1,293.561223
-150.0,1,293.570518
-262.837578,2,293.580022
-150.0,1,293.588009
-150.0,1,293.59353
-150.0,1,293.599766
-304.164058,3,293.618325
-150.0,1,293.624528
-306.088157,2,293.635258
-272.89338,2,293.648313
-150.0,1,293.652042
-150.0,1,293.659774
-207.931328,2,293.675029
-150.0,1,293.681192
-150.0,1,293.689769
-150.0,1,293.694698
-150.0,1,293.700091
-150.0,1,293.705878
-150.0,1,293.712182
-150.0,1,293.71757
-1006.160838,16,293.803888
-150.0,1,293.812006
-150.0,1,293.816937
-150.0,1,293.826368
-150.0,1,293.831105
-150.0,1,293.838619
-150.0,1,293.843195
-150.0,1,293.849851
-150.0,1,293.855289
-150.0,1,293.862768
-150.0,1,293.868878
-150.0,1,293.876479
-150.0,1,293.886621
-150.0,1,293.893581
-150.0,1,293.898619
-150.0,1,293.906839
-150.0,1,293.911253
-150.0,1,293.920395
-150.0,1,293.925237
-150.0,1,293.933985
-150.0,1,293.938993
-150.0,1,293.945676
-150.0,1,293.951116
-150.0,1,293.961776
-150.0,1,293.966576
-150.0,1,293.973226
-150.0,1,293.978235
-150.0,1,293.985566
-400.068155,3,294.003001
-150.0,1,294.012263
-785.082651,8,294.054221
-150.0,1,294.0603
-150.0,1,294.067953
-1397.154134,2,294.083394
-150.0,1,294.087943
-150.0,1,294.096714
-150.0,1,294.103146
-267.238254,2,294.119248
-661.444348,5,294.145829
-150.0,1,294.15495
-150.826784,2,294.169032
-150.0,1,294.174951
-203.911311,2,294.189159
-150.0,1,294.194991
-150.0,1,294.199306
-150.0,1,294.206866
-150.0,1,294.215432
-150.0,1,294.21935
-150.0,1,294.22375
-150.0,1,294.232007
-979.151871,6,294.264326
-150.0,1,294.268265
-2954.949434,2,294.281343
-5367528.240983,26,294.420946
-150.0,1,294.431223
-150.0,1,294.439572
-150.0,1,294.443689
-150.0,1,294.452706
-150.0,1,294.45633
-150.0,1,294.461955
-150.0,1,294.468259
-150.0,1,294.474777
-150.0,1,294.480979
-150.0,1,294.487875
-150.0,1,294.494962
-150.0,1,294.503762
-150.0,1,294.507751
-150.0,1,294.513917
-150.0,1,294.521248
-150.0,1,294.5287
-150.0,1,294.532852
-150.0,1,294.539464
-150.0,1,294.544182
-150.0,1,294.553689
-8806716.874232,2,294.566938
-150.0,1,294.571182
-12766.874732,42,294.797824
-3049.090649,4,294.82316
-150.0,1,294.832554
-150.0,1,294.836654
-150.0,1,294.842878
-160.766806,2,294.856236
-2786659.193456,6,294.885008
-150.0,1,294.88913
-327.117036,2,294.904792
-150.0,1,294.917506
-150.0,1,294.922124
-150.0,1,294.927632
-150.0,1,294.933874
-150.0,1,294.941799
-150.0,1,294.949249
-150.0,1,294.957158
-150.0,1,294.962251
-150.0,1,294.968878
-150.0,1,294.97464
-150.0,1,294.983934
-150.0,1,294.98955
-167.205292,2,294.999913
-150.0,1,295.00932
-150.0,1,295.013331
-150.0,1,295.021871
-150.0,1,295.02866
-150.0,1,295.039385
-150.0,1,295.044345
-567.477964,3,295.060577
-150.0,1,295.069642
-150.0,1,295.074999
-150.0,1,295.080157
-150.0,1,295.087457
-204.403661,2,295.099335
-150.0,1,295.109103
-150.0,1,295.117335
-150.0,1,295.122856
-150.0,1,295.130871
-150.0,1,295.137846
-150.0,1,295.14455
-150.0,1,295.150176
-150.0,1,295.160021
-150.0,1,295.165408
-8511.674122,10,295.223382
-150.0,1,295.230052
-150.0,1,295.237848
-150.0,1,295.245271
-150.0,1,295.2541
-9261599.298409,9,295.304189
-150.0,1,295.31065
-150.0,1,295.318623
-150.0,1,295.324886
-150.0,1,295.329034
-150.0,1,295.337195
-150.0,1,295.343962
-150.0,1,295.348286
-150.0,1,295.353822
-150.0,1,295.360986
-150.0,1,295.371008
-646.524972,6,295.402538
-150.0,1,295.40743
-150.0,1,295.418207
-150.0,1,295.423193
-150.0,1,295.427249
-150.0,1,295.434841
-150.0,1,295.442535
-150.0,1,295.44802
-150.0,1,295.453446
-150.0,1,295.459739
-150.0,1,295.470113
-292.809838,3,295.487901
-150.0,1,295.495681
-150.0,1,295.501561
-150.0,1,295.507981
-150.0,1,295.51227
-150.0,1,295.519937
-150.0,1,295.525624
-150.0,1,295.531334
-150.0,1,295.538526
-150.0,1,295.54535
-150.0,1,295.550337
-150.0,1,295.558971
-238.922266,2,295.570032
-150.0,1,295.577806
-150.0,1,295.581996
-150.0,1,295.592349
-150.0,1,295.599043
-150.0,1,295.604699
-957.735633,4,295.629595
-150.0,1,295.636857
-228.948781,2,295.650904
-150.0,1,295.656525
-150.0,1,295.662116
-150.0,1,295.670139
-150.0,1,295.676243
-150.0,1,295.684227
-150.0,1,295.688356
-150.0,1,295.696826
-150.0,1,295.705163
-392.016861,3,295.721859
-150.0,1,295.729396
-150.0,1,295.736247
-1412.122539,17,295.821883
-150.0,1,295.829438
-150.0,1,295.836449
-234.626984,2,295.848945
-150.0,1,295.853038
-150.0,1,295.862589
-292.480694,2,295.876881
-150.0,1,295.883289
-150.0,1,295.889208
-150.0,1,295.894072
-150.0,1,295.902622
-150.0,1,295.91185
-584.172148,2,295.924561
-150.0,1,295.9326
-150.0,1,295.937824
-150.0,1,295.945189
-150.0,1,295.949082
-150.0,1,295.955305
-150.0,1,295.964159
-150.0,1,295.972018
-2762.370918,11,296.029456
-150.0,1,296.041778
-150.0,1,296.047042
-150.0,1,296.05349
-827.367778,3,296.069984
-150.0,1,296.074108
-721.163149,10,296.131812
-4713.679308,12,296.201861
-150.0,1,296.20584
-150.0,1,296.211826
-150.0,1,296.220704
-150.0,1,296.229366
-150.0,1,296.235814
-3042.628042,45,296.478117
-629.838296,3,296.49505
-3455251.899853,2,296.508481
-150.0,1,296.519491
-150.0,1,296.528888
-245.829062,2,296.540335
-150.0,1,296.550076
-192.441884,2,296.558892
-365.503529,2,296.574725
-150.0,1,296.58077
-150.0,1,296.587349
-150.0,1,296.592976
-648.005633,3,296.609594
-150.0,1,296.616418
-150.0,1,296.627188
-150.0,1,296.633343
-150.0,1,296.639219
-150.0,1,296.646983
-150.0,1,296.661227
-150.0,1,296.665274
-150.0,1,296.670843
-150.0,1,296.677971
-150.0,1,296.686132
-150.0,1,296.690655
-150.0,1,296.694955
-150.0,1,296.699534
-150.0,1,296.709135
-150.0,1,296.71544
-4443.538216,13,296.785206
-314.371584,2,296.801229
-150.0,1,296.808626
-194.904249,3,296.825832
-157.756759,2,296.835751
-150.0,1,296.843279
-150.0,1,296.853822
-150.0,1,296.859803
-150.0,1,296.863946
-150.0,1,296.870085
-150.0,1,296.880507
-150.0,1,296.885243
-150.0,1,296.891446
-150.0,1,296.90392
-1110.397075,8,296.958187
-150.0,1,296.967726
-150.0,1,296.974208
-150.0,1,296.980325
-1789.192303,7,297.021899
-150.0,1,297.025903
-150.0,1,297.030641
-270.536618,2,297.044415
-6680775.081551,7,297.087337
-150.0,1,297.09297
-284.568645,2,297.104243
-150.0,1,297.110544
-150.0,1,297.119807
-1948.631784,8,297.164359
-5548.914896,16,297.249901
-150.0,1,297.254352
-150.0,1,297.261356
-150.0,1,297.273736
-1565.972659,4,297.294523
-150.0,1,297.302096
-331.366497,3,297.321265
-150.0,1,297.327156
-150.0,1,297.332165
-150.0,1,297.336707
-150.0,1,297.346889
-150.0,1,297.355284
-150.0,1,297.36187
-343.561161,2,297.379727
-150.0,1,297.389957
-150.0,1,297.394904
-150.0,1,297.400566
-150.0,1,297.406105
-150.0,1,297.415378
-150.0,1,297.420667
-150.0,1,297.424992
-150.0,1,297.434422
-150.0,1,297.441606
-150.0,1,297.448643
-150.0,1,297.454426
-351.85614,3,297.47396
-999.319787,12,297.540836
-201.827547,2,297.552191
-20912.715431,37,297.753887
-238.216139,2,297.763948
-1193.289831,17,297.861627
-1807.912061,2,297.872243
-150.0,1,297.876634
-519.050927,27,298.020204
-150.0,1,298.031291
-150.0,1,298.037454
-240.140489,2,298.046649
-3229.933415,27,298.194826
-150.0,1,298.20386
-155.972591,2,298.215869
-150.0,1,298.221921
-150.0,1,298.22785
-150.0,1,298.23505
-150.0,1,298.240659
-496.549144,7,298.27668
-150.0,1,298.283796
-150.0,1,298.292837
-150.0,1,298.298161
-150.0,1,298.303053
-794.413343,2,298.314656
-150.0,1,298.3224
-150.0,1,298.328216
-150.0,1,298.338818
-350.293764,6,298.371948
-150.0,1,298.383282
-150.0,1,298.39829
-150.0,1,298.403718
-150.0,1,298.40902
-2498.149506,22,298.53029
-150.0,1,298.537859
-150.0,1,298.547486
-789.56153,3,298.566607
-150.0,1,298.573067
-150.0,1,298.578023
-150.0,1,298.584736
-150.0,1,298.590526
-954.307371,4,298.618006
-150.0,1,298.622889
-150.0,1,298.627441
-170.022569,2,298.640794
-777.085433,7,298.683879
-150.0,1,298.688026
-555.556844,8,298.732948
-150.0,1,298.738353
-150.0,1,298.74548
-150.0,1,298.753623
-150.0,1,298.758582
-150.0,1,298.763604
-150.0,1,298.769983
-150.0,1,298.779914
-150.0,1,298.786047
-1718.790581,4,298.812957
-150.0,1,298.819836
-150.0,1,298.826983
-150.0,1,298.836049
-216.464133,2,298.848177
-547.336509,5,298.87772
-150.0,1,298.887181
-150.0,1,298.891996
-26130.925654,63,299.228043
-150.0,1,299.236267
-150.0,1,299.240915
-3506.714323,9,299.285565
-782.403128,5,299.314562
-150.0,1,299.326293
-150.0,1,299.33057
-150.0,1,299.335878
-238.412387,3,299.354105
-552.209975,2,299.368495
-150.0,1,299.372393
-150.0,1,299.380366
-219.996909,3,299.398113
-150.0,1,299.404908
-150.0,1,299.411627
-227.216114,2,299.427879
-150.0,1,299.434133
-445.870518,2,299.450022
-332.720783,2,299.460793
-150.0,1,299.467837
-150.0,1,299.473153
-150.0,1,299.482412
-150.0,1,299.492008
-268.520833,2,299.508126
-211.006824,2,299.520073
-721.053325,2,299.535775
-150.0,1,299.541698
-596.11635,5,299.568779
-150.0,1,299.574552
-1363.266898,6,299.607898
-459.227638,2,299.617251
-6197.019176,22,299.736397
-150.0,1,299.742344
-280.269397,2,299.762613
-2524.694986,6,299.797501
-150.0,1,299.801353
-150.0,1,299.806883
-150.0,1,299.8155
-150.0,1,299.821817
-150.0,1,299.827168
-150.0,1,299.834118
-763.126541,4,299.860731
-150.0,1,299.867653
-150.0,1,299.872667
-150.0,1,299.876973
-150.0,1,299.887468
-797.829988,8,299.928382
-448.063064,2,299.943215
-150.0,1,299.950167
-150.0,1,299.95914
-150.0,1,299.963206
-1091.548908,6,299.993424
-634.791502,7,300.030133
-150.0,1,300.041422
-150.0,1,300.050362
-150.0,1,300.054794
-1078.797136,4,300.075216
-150.0,1,300.0815
-150.0,1,300.088765
-150.0,1,300.09478
-150.0,1,300.0984
-473.438179,2,300.110419
-150.0,1,300.116208
-150.0,1,300.120372
-150.0,1,300.124802
-150.0,1,300.1335
-150.0,1,300.143801
-427.736328,2,300.158945
-150.0,1,300.163444
-150.0,1,300.17247
-205.513719,3,300.187994
-150.0,1,300.195389
-182.563558,2,300.205248
-150.0,1,300.214451
-150.0,1,300.222813
-150.0,1,300.231133
-150.0,1,300.235795
-150.0,1,300.244494
-198.842824,2,300.258638
-150.0,1,300.264893
-1882.669105,4,300.286828
-150.0,1,300.298942
-1929.729499,22,300.416429
-150.0,1,300.42165
-308.223252,2,300.434928
-397.203353,4,300.460823
-150.0,1,300.466702
-2199.467966,3,300.483105
-150.0,1,300.487853
-150.0,1,300.495449
-211.020016,2,300.509081
-150.0,1,300.513656
-150.0,1,300.518517
-150.0,1,300.524365
-150.0,1,300.533085
-150.0,1,300.538743
-208.37623,2,300.55099
-265.35426,4,300.576672
-150.0,1,300.584931
-308.223252,2,300.594385
-150.0,1,300.598704
-150.0,1,300.609534
-150.0,1,300.615404
-150.0,1,300.622147
-150.0,1,300.629732
-429.333864,7,300.668112
-150.0,1,300.675759
-150.0,1,300.683261
-150.0,1,300.691387
-150.0,1,300.697426
-150.0,1,300.704032
-150.0,1,300.712387
-3700.25925,12,300.778652
-150.0,1,300.787483
-150.0,1,300.792482
-150.0,1,300.798386
-150.0,1,300.804482
-150.0,1,300.812622
-150.0,1,300.81794
-150.0,1,300.821961
-150.0,1,300.830695
-1642.82538,3,300.847012
-742.246504,3,300.863903
-150.0,1,300.871046
-150.0,1,300.877128
-579.74299,3,300.892797
-150.0,1,300.900504
-150.0,1,300.906393
-440.132256,3,300.923202
-150.0,1,301.05976
-150.0,1,301.064378
-150.0,1,301.070036
-150.0,1,301.07818
-150.0,1,301.087475
-1649615.377725,6,301.117825
-150.0,1,301.124863
-150.0,1,301.129214
-150.0,1,301.138895
-335.057338,5,301.167865
-784.228391,7,301.205554
-150.0,1,301.213136
-150.0,1,301.221298
-346.184907,2,301.231099
-150.0,1,301.239124
-285.366534,2,301.250775
-286.772373,2,301.264358
-150.0,1,301.273925
-150.0,1,301.279973
-150.0,1,301.285825
-222.142625,2,301.299089
-150.0,1,301.307381
-150.0,1,301.312124
-150.0,1,301.320557
-150.0,1,301.330577
-193.50279,2,301.340583
-150.0,1,301.34511
-150.0,1,301.35686
-150.0,1,301.36522
-150.0,1,301.370035
-150.0,1,301.374519
-150.0,1,301.382382
-236.24216,2,301.394693
-150.0,1,301.399837
-150.0,1,301.406166
-265.689384,2,301.416532
-150.0,1,301.4283
-150.0,1,301.435278
-150.0,1,301.440643
-150.0,1,301.445722
-150.0,1,301.455494
-150.0,1,301.464182
-150.0,1,301.468044
-2052.957386,4,301.488924
-150.0,1,301.500565
-150.0,1,301.506573
-150.0,1,301.514612
-150.0,1,301.520382
-150.0,1,301.52645
-150.0,1,301.533249
-150.0,1,301.543331
-150.0,1,301.548848
-366.965854,2,301.563734
-150.0,1,301.575624
-150.0,1,301.581425
-150.0,1,301.58579
-651.294341,4,301.609905
-150.0,1,301.613992
-582.310456,7,301.650937
-184.492847,2,301.662025
-498.523866,5,301.692786
-150.0,1,301.702031
-1015.08183,4,301.723798
-688.168516,3,301.740827
-367.712417,2,301.753631
-280.269397,2,301.767608
-150.0,1,301.77351
-914.573187,5,301.801635
-150.0,1,301.811938
-150.0,1,301.818727
-150.0,1,301.826938
-150.0,1,301.831659
-150.0,1,301.84202
-150.0,1,301.848029
-150.0,1,301.853701
-150.0,1,301.863134
-150.0,1,301.873976
-150.0,1,301.884511
-150.0,1,301.893566
-150.0,1,301.901679
-150.0,1,301.909979
-150.0,1,301.913987
-214.835617,2,301.922905
-214.656085,2,301.933499
-150.0,1,301.9405
-150.0,1,301.947814
-150.0,1,301.953317
-2283.694339,7,301.994194
-150.0,1,302.002158
-150.0,1,302.007503
-150.0,1,302.012069
-1899.960682,12,302.078906
-150.0,1,302.086636
-150.0,1,302.09485
-150.0,1,302.100601
-187.012025,2,302.110375
-150.0,1,302.120949
-315.044021,2,302.130443
-150.0,1,302.136259
-150.0,1,302.143392
-150.0,1,302.153019
-150.0,1,302.158526
-150.0,1,302.164361
-150.0,1,302.172555
-150.0,1,302.178901
-150.0,1,302.184739
-2810575.29098,24,302.315735
-357.790098,2,302.328889
-150.0,1,302.335752
-1622.50576,2,302.348397
-150.0,1,302.35429
-150.0,1,302.358957
-925.16733,8,302.410464
-150.0,1,302.420304
-150.0,1,302.428015
-716.833008,6,302.459573
-150.0,1,302.46669
-150.0,1,302.471961
-150.0,1,302.479247
-1065.071476,10,302.537072
-150.0,1,302.5441
-150.0,1,302.55108
-357.158739,3,302.566448
-150.0,1,302.574323
-150.0,1,302.582353
-258.232439,2,302.592179
-600.544539,3,302.610564
-150.0,1,302.620066
-150.0,1,302.630745
-150.0,1,302.636733
-150.0,1,302.642876
-150.0,1,302.65169
-150.0,1,302.659874
-150.0,1,302.666427
-150.0,1,302.670738
-240.557167,8,302.71407
-150.0,1,302.721843
-1137.238315,27,302.864539
-150.0,1,302.868802
-150.0,1,302.874973
-971.909482,2,302.887349
-303.886276,2,302.898699
-150.0,1,302.90432
-150.0,1,302.910091
-383.047059,3,302.929864
-150.0,1,302.933884
-150.0,1,302.941898
-3393.5017,28,303.090192
-150.0,1,303.098668
-150.0,1,303.104091
-150.0,1,303.108248
-150.0,1,303.112596
-150.0,1,303.126278
-150.0,1,303.130866
-150.0,1,303.136015
-150.0,1,303.140106
-150.0,1,303.153711
-552.209975,2,303.164762
-150.0,1,303.170687
-150.0,1,303.177587
-265.999154,2,303.191339
-150.0,1,303.196038
-1525.034805,13,303.2705
-150.0,1,303.275062
-150.0,1,303.281502
-150.0,1,303.286788
-150.0,1,303.294192
-306.710389,2,303.304182
-150.0,1,303.311346
-150.0,1,303.321895
-150.0,1,303.328613
-357.790098,2,303.339883
-150.0,1,303.350169
-150.0,1,303.354173
-150.0,1,303.358719
-150.0,1,303.363393
-150.0,1,303.372808
-2257.675265,2,303.386688
-150.0,1,303.390548
-150.0,1,303.399168
0.0,1,303.403701
-150.0,1,303.408517
-528.044507,3,303.427404
-150.0,1,303.435547
-292.480694,2,303.452519
-150.0,1,303.457437
-150.0,1,303.461855
-150.0,1,303.466423
-150.0,1,303.475234
-319.638185,2,303.487895
-150.0,1,303.494767
-150.0,1,303.506224
-150.0,1,303.514905
-150.0,1,303.519191
-253.795112,3,303.537747
-150.0,1,303.54319
-150.0,1,303.549521
-150.0,1,303.55939
-594.784554,2,303.569052
-150.0,1,303.573992
-150.0,1,303.583117
-301.304789,2,303.592432
-150.0,1,303.597634
-150.0,1,303.6045
-626.653676,2,303.621143
-797.257272,2,303.634667
-150.0,1,303.642183
-150.0,1,303.650478
-150.0,1,303.657481
-150.0,1,303.666691
-1109.048272,3,303.681159
-150.0,1,303.688835
-150.0,1,303.695258
-150.0,1,303.702223
-150.0,1,303.70966
-150.0,1,303.717294
-150.0,1,303.723368
-150.0,1,303.729818
-150.0,1,303.736133
-788.180501,2,303.749373
-150.0,1,303.758956
-150.0,1,303.76475
-191.257046,2,303.779776
-467.680624,6,303.810729
-150.0,1,303.819825
-150.0,1,303.825798
-150.0,1,303.835135
-150.0,1,303.84073
-150.0,1,303.851473
-150.0,1,303.85608
-150.0,1,303.861646
-150.0,1,303.868079
-150.0,1,303.878672
-482.589518,3,303.894048
-150.0,1,303.902837
-150.0,1,303.908595
-150.0,1,303.916511
-150.0,1,303.920839
-150.0,1,303.928472
-1519.280774,19,304.028287
-150.0,1,304.037843
-150.0,1,304.046392
-150.0,1,304.05351
-150.0,1,304.058367
-150.0,1,304.067854
-150.0,1,304.071808
-150.0,1,304.0763
-150.0,1,304.084516
-1020.770964,2,304.099501
-150.0,1,304.106413
-150.0,1,304.110781
-150.0,1,304.118706
-150.0,1,304.125296
-150.0,1,304.132608
-310.986667,2,304.144693
-150.0,1,304.155202
-969.461134,3,304.173011
-150.0,1,304.178934
-150.0,1,304.183398
-150.0,1,304.187879
-150.0,1,304.200123
-1707.992081,6,304.230331
-150.0,1,304.234841
-811.21379,8,304.27962
-150.0,1,304.287919
-150.0,1,304.294485
-150.0,1,304.300339
-150.0,1,304.305315
-150.0,1,304.316176
-150.0,1,304.321311
-150.0,1,304.32548
-150.0,1,304.330142
-150.0,1,304.340108
-150.0,1,304.346615
-150.0,1,304.352476
-4162478.281322,2,304.366841
-150.0,1,304.374102
-150.0,1,304.379329
-531.739668,6,304.41017
-150.0,1,304.416337
-150.0,1,304.422814
-150.0,1,304.426924
-150.0,1,304.435313
-150.0,1,304.441934
-150.0,1,304.448382
-150.0,1,304.453459
-150.0,1,304.464617
-150.0,1,304.471523
-150.0,1,304.478904
-204.857593,2,304.490197
-150.0,1,304.496006
-150.0,1,304.500637
-150.0,1,304.508364
-429.333864,7,304.547847
-150.0,1,304.552945
-150.0,1,304.560442
-150.0,1,304.569535
-150.0,1,304.575055
-627.113786,4,304.599792
-150.0,1,304.605826
-150.0,1,304.614236
-150.0,1,304.621757
-150.0,1,304.630295
-2346402.517779,4,304.650206
-2618.13426,9,304.69885
-150.0,1,304.705038
-4432.873004,13,304.774415
-150.0,1,304.779305
-150.0,1,304.786345
-150.0,1,304.795418
-150.0,1,304.803628
-150.0,1,304.808406
-150.0,1,304.81616
-579.716792,2,304.827099
-150.0,1,304.834861
-891.997431,2,304.846889
-150.0,1,304.85626
-150.0,1,304.8617
-150.0,1,304.870889
-150.0,1,304.87676
-150.0,1,304.886395
-150.0,1,304.890659
-150.0,1,304.896427
-150.0,1,304.903107
-150.0,1,304.910084
-150.0,1,304.913927
-150.0,1,304.918635
-150.0,1,304.925122
-351.231684,2,304.940515
-1237.260853,4,304.960977
-782.403128,5,304.990534
-150.0,1,304.995967
-150.0,1,305.002321
-150.0,1,305.007354
-150.0,1,305.013468
-150.0,1,305.019329
-150.0,1,305.026589
-2182.829771,14,305.103024
-150.0,1,305.112251
-150.0,1,305.118546
-150.0,1,305.127313
-150.0,1,305.134726
-207.261819,2,305.150426
-187.00735,2,305.159289
-150.0,1,305.167873
-150.0,1,305.1741
-150.0,1,305.181288
-150.0,1,305.186262
-150.0,1,305.196276
-150.0,1,305.201507
-150.0,1,305.205517
-150.0,1,305.209872
-150.0,1,305.218471
-150.0,1,305.222978
-263.944795,2,305.234231
-8056878.499624,4,305.256611
-150.0,1,305.267632
-150.0,1,305.27557
-150.0,1,305.282814
-150.0,1,305.287521
-150.0,1,305.296795
-150.0,1,305.305649
-150.0,1,305.310702
-2532.096391,16,305.397835
-150.0,1,305.405639
-150.0,1,305.417439
-150.0,1,305.425947
-150.0,1,305.433659
-150.0,1,305.440324
-150.0,1,305.448452
-150.0,1,305.454467
-150.0,1,305.463871
-150.0,1,305.470082
-150.0,1,305.476519
-150.0,1,305.480919
-150.0,1,305.489208
-150.0,1,305.499424
-150.0,1,305.507383
-150.0,1,305.511703
-150.0,1,305.516087
-150.0,1,305.522627
-150.0,1,305.531848
-150.0,1,305.541189
-150.0,1,305.545129
-428.516944,2,305.559235
-271.944443,2,305.57066
-150.0,1,305.577371
-150.0,1,305.583344
-150.0,1,305.592226
-150.0,1,305.596431
-150.0,1,305.60546
-150.0,1,305.614845
-150.0,1,305.62317
-150.0,1,305.629452
-150.0,1,305.637816
-150.0,1,305.643633
-150.0,1,305.652786
-150.0,1,305.660541
-5471.509679,60,305.981928
-150.0,1,305.987536
-150.0,1,305.996292
-150.0,1,306.005847
-150.0,1,306.014785
-150.0,1,306.019343
-150.0,1,306.027386
-150.0,1,306.033589
-150.0,1,306.03894
-150.0,1,306.043406
-150.0,1,306.051921
-150.0,1,306.059563
-150.0,1,306.064363
-150.0,1,306.068435
-150.0,1,306.078434
-211.899548,2,306.088806
-6194083.128765,7,306.133104
-2285.44586,5,306.163163
-150.0,1,306.171345
-150.0,1,306.179412
-150.0,1,306.185151
-2920.185106,2,306.194448
-283.82037,2,306.213921
-150.0,1,306.218455
-153.835486,2,306.230193
-1047.904852,3,306.24777
-150.0,1,306.258002
-150.0,1,306.26638
-246.148288,2,306.275661
-150.0,1,306.28178
-150.0,1,306.28797
-150.0,1,306.296335
-150.0,1,306.302236
-150.0,1,306.309529
-453.599164,3,306.329319
-150.0,1,306.335273
-150.0,1,306.340864
-150.0,1,306.346164
-150.0,1,306.355072
-150.0,1,306.361436
-150.0,1,306.367933
-150.0,1,306.374574
-150.0,1,306.381994
-853.397358,3,306.397153
-150.0,1,306.401924
-835.890218,2,306.419854
-150.0,1,306.428189
-150.0,1,306.437041
-678.684174,11,306.498018
-210.525556,95,307.010993
-1223.898519,2,307.022233
-150.0,1,307.028974
-150.0,1,307.038166
-150.0,1,307.042188
-150.0,1,307.05025
-2223.893139,9,307.098408
-150.0,1,307.103722
-150.0,1,307.108844
-150.0,1,307.117175
-150.0,1,307.124588
-150.0,1,307.128987
-480.57676,5,307.158247
-150.0,1,307.165628
-291.061845,2,307.17616
-684.719749,6,307.207628
-150.0,1,307.21363
-150.0,1,307.221967
-11419.753208,42,307.43948
-3156440.103381,8,307.483986
-150.0,1,307.494464
-150.0,1,307.502348
-150.0,1,307.507079
-150.0,1,307.512734
-150.0,1,307.522727
-204.857593,2,307.534126
-150.0,1,307.538028
-150.0,1,307.545646
-150.0,1,307.554905
-150.0,1,307.563398
-150.0,1,307.57027
-182.360374,2,307.58245
-150.0,1,307.590518
-150.0,1,307.597694
-150.0,1,307.604968
-150.0,1,307.609936
-150.0,1,307.6157
-150.0,1,307.622978
-495.757508,3,307.639441
-150.142337,2,307.650867
-5997420.536473,15,307.734757
-150.0,1,307.742668
-1682.648945,4,307.769474
-150.0,1,307.773778
-150.0,1,307.778975
-150.0,1,307.786311
-155.494803,2,307.798677
-472.873252,2,307.80876
-150.0,1,307.820466
-634.180186,5,307.849368
-727.791961,8,307.89292
-150.0,1,307.899355
-150.0,1,307.904967
-150.0,1,307.917854
-150.0,1,307.92339
-170.842197,2,307.935198
-189.727207,2,307.947707
-1430.415722,19,308.053029
-150.0,1,308.060174
-150.0,1,308.065662
-150.0,1,308.071853
-150.0,1,308.079858
-150.0,1,308.086606
-150.0,1,308.094202
-150.0,1,308.099066
-150.0,1,308.107613
-175.765286,2,308.118501
-274.692949,2,308.131807
-295.748867,2,308.14133
-150.0,1,308.147604
-570.008301,8,308.194238
-150.0,1,308.201997
-642.934582,3,308.216976
-1188.17022,31,308.383878
-150.0,1,308.388045
-150.0,1,308.394174
-150.0,1,308.397848
-150.0,1,308.404846
-2262.625836,2,308.418004
-150.0,1,308.424173
-150.0,1,308.428897
-150.0,1,308.434802
-150.0,1,308.440785
-255.227976,4,308.462232
-187.540063,2,308.473804
-150.0,1,308.482961
-403.615836,2,308.497277
-150.0,1,308.5013
-150.0,1,308.506356
-150.0,1,308.51583
-3121.885074,11,308.572978
-644.75018,6,308.609576
-176.887555,2,308.620297
-150.0,1,308.630167
-150.0,1,308.637669
-2950.709032,10,308.692604
-150.0,1,308.70174
-150.0,1,308.70796
-150.0,1,308.712364
-927.346829,6,308.750497
-150.0,1,308.755445
-150.0,1,308.767296
-1651.152543,2,308.779959
-934.105317,2,308.792567
-150.0,1,308.797366
-150.0,1,308.80554
-150.0,1,308.810183
-2048.288031,6,308.844921
-4987.557714,5,308.871542
-150.0,1,308.878885
-215.660803,2,308.890903
-150.0,1,308.897172
-150.0,1,308.904819
-188.358333,2,308.916816
-150.0,1,308.924669
-150.0,1,308.928675
-150.0,1,308.932674
-152.937407,2,308.949049
-150.0,1,308.955034
-150.0,1,308.961423
-511.091237,31,309.129083
-1164.214071,14,309.20725
-4626224.151511,7,309.24646
-150.0,1,309.25403
-150.0,1,309.260701
-150.0,1,309.26908
-150.0,1,309.27399
-150.0,1,309.28267
-150.0,1,309.290305
-150.0,1,309.297213
-150.0,1,309.303247
-150.0,1,309.306875
-150.0,1,309.314647
-360.667942,2,309.327824
-150.0,1,309.335229
-150.0,1,309.343519
-150.0,1,309.349875
-937.897864,11,309.411832
-150.0,1,309.418793
-3953.546319,13,309.489674
-2733.254423,3,309.511731
-194.904249,3,309.532394
-150.0,1,309.538867
-1174.101275,4,309.561706
-150.0,1,309.570343
-335.260162,2,309.58467
-150.0,1,309.591973
-150.0,1,309.598339
-150.0,1,309.603338
-150.0,1,309.613406
-297.213544,3,309.628482
-150.0,1,309.637159
-150.0,1,309.642134
-746.300684,10,309.69726
-150.0,1,309.706941
-150.0,1,309.714647
-150.0,1,309.719678
-234.046217,2,309.734017
-456.175941,2,309.742598
-150.0,1,309.748983
-174.62163,2,309.761972
-227.216114,2,309.775761
-28004.788548,73,310.17253
-150.0,1,310.178164
-150.0,1,310.183291
-150.0,1,310.189926
-819.367066,3,310.206497
-150.0,1,310.213356
-150.0,1,310.223526
-150.0,1,310.231188
-152.023556,2,310.240214
-150.0,1,310.247862
-150.0,1,310.252599
-150.0,1,310.260767
-150.0,1,310.265911
-150.0,1,310.272234
-150.0,1,310.278462
-241.504565,2,310.289989
-150.0,1,310.296844
-150.0,1,310.302186
-150.0,1,310.306036
-150.0,1,310.315908
-150.0,1,310.323368
-150.0,1,310.331801
-150.0,1,310.33592
-150.0,1,310.34318
-150.0,1,310.350042
-150.0,1,310.35556
-150.0,1,310.361461
-150.0,1,310.367603
-3708.154639,7,310.410109
-150.0,1,310.416564
-150.0,1,310.42523
-150.0,1,310.432761
-150.0,1,310.437553
-7081.233149,17,310.524344
-150.0,1,310.534593
-150.0,1,310.541634
-160.097361,2,310.55285
-150.0,1,310.560362
-150.0,1,310.566841
-150.0,1,310.574887
-150.0,1,310.581299
-327.082912,3,310.598015
-216.651802,2,310.611541
-150.0,1,310.618109
-150.0,1,310.622279
-150.0,1,310.627685
-150.0,1,310.636108
-150.0,1,310.6459
-150.0,1,310.653594
-150.0,1,310.662039
-150.0,1,310.67076
-208.344015,2,310.68678
-150.0,1,310.69304
-157.533663,2,310.70425
-150.0,1,310.710757
-150.0,1,310.718109
-408.384253,6,310.751417
-582.874305,4,310.771927
-150.0,1,310.78299
-150.0,1,310.791027
-150.0,1,310.797083
-150.0,1,310.802325
-150.0,1,310.810768
-150.0,1,310.818856
-150.0,1,310.82703
-150.0,1,310.832672
-150.0,1,310.839411
-150.0,1,310.84997
-566.357008,2,310.862889
-3761.169617,20,310.967859
-150.0,1,310.974684
-697.379947,3,310.992686
-150.0,1,310.998218
-150.0,1,311.002743
-150.0,1,311.011553
-150.0,1,311.02034
-365.210962,3,311.037772
-255.357301,2,311.049961
-150.0,1,311.055047
-1036.23017,3,311.07667
-790.065864,5,311.106403
-150.0,1,311.113823
-251.221126,2,311.123215
-186.458386,2,311.138824
-150.0,1,311.146913
-150.0,1,311.151602
-311.566671,2,311.162231
-260.00323,4,311.186175
-253.795112,3,311.201154
-150.0,1,311.211882
-496.563075,4,311.233801
-150.0,1,311.240162
-150.0,1,311.244557
-18021.010598,25,311.375209
-150.0,1,311.382171
-8128460.02147,8,311.427221
-150.0,1,311.431803
-530.918482,6,311.465165
-150.0,1,311.474285
-308.20497,4,311.499371
-150.0,1,311.506582
-8478592.707907,13,311.592415
-150.0,1,311.59787
-150.0,1,311.606835
-2099.186318,5,311.632498
-150.0,1,311.637182
-240.731981,3,311.655541
-1124.318843,6,311.691952
-206.540772,3,311.708939
-150.0,1,311.714557
-150.0,1,311.726585
-150.0,1,311.735116
-1330.692701,14,311.81486
-150.0,1,311.821147
-7518472.840307,5,311.853559
-150.0,1,311.860896
-150.0,1,311.870622
-150.0,1,311.876904
-150.0,1,311.882311
-150.0,1,311.890214
-150.0,1,311.895999
-150.0,1,311.904011
-150.0,1,311.909199
-16023.904824,29,312.064472
-150.0,1,312.068688
-920.950502,11,312.13024
-150.0,1,312.137929
-150.0,1,312.146375
-150.0,1,312.154638
-150.0,1,312.160849
-168.766358,2,312.175971
-150.0,1,312.185134
-150.0,1,312.191928
-150.0,1,312.197502
-150.0,1,312.207209
-150.0,1,312.215615
-1736.982649,5,312.244861
-150.0,1,312.248792
-150.0,1,312.255127
-286.705607,2,312.269284
-150.0,1,312.275149
-150.0,1,312.282546
-150.0,1,312.287335
-150.0,1,312.294499
-150.0,1,312.298314
-150.0,1,312.309713
-150.0,1,312.316416
-255.180657,2,312.328872
-150.0,1,312.337045
-150.0,1,312.3434
-150.0,1,312.348975
-2949.460084,2,312.362295
-669.28934,2,312.372641
-150.0,1,312.381164
-150.0,1,312.388815
-1064.037922,2,312.404166
-150.0,1,312.409998
-320.006419,4,312.429985
-150.0,1,312.438656
-150.0,1,312.446171
-12795452.906881,3,312.462385
-150.0,1,312.466165
-459.042912,2,312.476665
-150.0,1,312.488941
-1824.96586,6,312.522579
-150.0,1,312.530675
-150.0,1,312.539021
-150.0,1,312.545969
-150.0,1,312.553809
-150.0,1,312.55958
-2469.875393,3,312.576314
-150.0,1,312.584358
-429.27183,3,312.600247
-150.0,1,312.604671
-207.982558,2,312.618069
-566.782008,6,312.650452
-364.235368,3,312.667916
-198.13438,2,312.678818
-641.026587,2,312.693381
-150.0,1,312.700007
-150.0,1,312.705279
-150.0,1,312.709814
-150.0,1,312.714187
-150.0,1,312.721909
-294.885612,2,312.733839
-150.0,1,312.738998
-933.47701,4,312.761259
-1184.058023,5,312.794994
-1019.758993,4,312.816486
