trip_id,service_day,pt_sequence,y_true,y_pred_naive,y_pred_timesfm,y_pred_timesfm_ft
20002_1320_10,2024-05-01,1,7.97303,4.637503623962402,13.370744705200195,5.372482299804688
20002_1320_10,2024-05-01,2,10.500303,8.204866409301758,11.01430892944336,7.906458854675293
20002_1320_10,2024-05-01,3,11.16697,8.899439811706543,10.18049430847168,9.173467636108398
20002_1320_10,2024-05-01,4,11.803333,9.969975471496582,9.92672348022461,9.84278964996338
20002_1320_10,2024-05-01,5,11.833636,10.016437530517578,9.962977409362791,10.030078887939451
20002_1320_10,2024-05-01,6,11.894242,10.109766960144045,10.144241333007812,9.967107772827148
20002_1320_10,2024-05-01,7,12.672392,11.463958740234377,10.579275131225586,10.922968864440918
20002_1320_10,2024-05-01,8,13.216634,12.121027946472168,11.594354629516602,12.334988594055176
20002_1320_10,2024-05-01,9,15.22723,14.511582374572754,13.40699577331543,14.787171363830566
20002_1320_10,2024-05-01,10,16.123436,17.01265525817871,16.07158088684082,17.356353759765625
20002_1320_10,2024-05-01,11,18.41919,20.63663482666016,18.699913024902344,20.981712341308597
20002_1320_10,2024-05-01,12,18.924623,21.369220733642575,20.702882766723636,21.50786399841309
20002_1320_10,2024-05-01,13,21.053383,22.50227928161621,22.63787841796875,23.18459701538086
20002_1320_10,2024-05-01,14,22.665655,24.570911407470703,24.34516143798828,25.17667579650879
20002_1320_10,2024-05-01,15,22.832289,25.28434562683105,25.73749351501465,26.199865341186523
20002_1320_10,2024-05-01,16,24.583696,27.810007095336918,27.40059471130371,28.59059715270996
20002_1320_10,2024-05-01,17,24.865778,27.64277648925781,28.886960983276367,28.738893508911133
20002_1320_10,2024-05-01,18,27.280085,30.50870132446289,31.15276527404785,31.724210739135746
20002_1320_10,2024-05-01,19,31.004719,32.64445114135742,32.24034881591797,33.9945182800293
20002_1320_10,2024-05-01,20,31.25554,32.93104934692383,33.164794921875,34.270057678222656
20002_1320_10,2024-05-01,21,30.729641,33.426231384277344,33.563575744628906,34.378421783447266
20002_1320_10,2024-05-01,22,27.323114,30.45220375061035,33.128543853759766,31.744464874267575
20002_1320_10,2024-05-01,23,26.95387,30.03884696960449,32.9835319519043,31.34870338439941
20002_1320_10,2024-05-01,24,27.427872,31.021244049072266,33.128543853759766,32.21231842041016
20002_1320_10,2024-05-01,25,28.367943,31.59541320800781,33.65420913696289,32.86933898925781
20002_1320_10,2024-05-01,26,29.901834,32.629852294921875,33.63608169555664,33.84646224975586
20002_1320_10,2024-05-01,27,29.733492,32.71562576293945,33.599830627441406,33.92176818847656
20002_1320_10,2024-05-01,28,29.721527,32.76572036743164,33.92610168457031,33.7749137878418
20002_1320_10,2024-05-01,29,29.13736,32.735687255859375,33.853599548339844,34.029144287109375
20002_1320_10,2024-05-01,30,21.230833,33.563079833984375,34.36113739013672,35.0322265625
20002_1320_10,2024-05-01,31,20.295609,33.371307373046875,34.651161193847656,35.06352615356445
20002_1320_10,2024-05-01,32,20.08868,33.373573303222656,34.61491012573242,35.11857604980469
20002_1320_10,2024-05-01,33,19.937199,33.3837776184082,34.46989822387695,34.62263488769531
20002_1320_10,2024-05-01,34,17.149694,32.28343963623047,35.01368713378906,33.30803680419922
20002_1320_10,2024-05-01,35,22.422293,36.342533111572266,36.13752746582031,38.69370269775391
20002_1320_10,2024-05-01,36,20.482975,36.02304458618164,36.35504531860352,38.633522033691406
20002_1320_10,2024-05-01,37,19.966684,35.848567962646484,36.17377853393555,38.16024398803711
20002_1320_10,2024-05-01,38,17.791819,33.92951202392578,35.883758544921875,36.27902221679688
20002_1320_10,2024-05-01,39,17.914654,34.33021926879883,35.62998580932617,36.46846389770508
20002_1320_10,2024-05-01,40,17.416304,33.673587799072266,35.303714752197266,36.12220764160156
20002_1320_10,2024-05-01,41,16.036509,32.97185516357422,34.75992202758789,35.48485565185547
20002_1320_10,2024-05-01,42,14.139012,31.87905502319336,33.88985061645508,34.33927917480469
20002_1320_10,2024-05-01,43,12.347898,30.051496505737305,32.42161178588867,32.87870788574219
20002_1320_10,2024-05-01,44,10.108475,28.15981674194336,30.844614028930664,31.05181884765625
20002_1320_10,2024-05-01,45,8.606887,26.478666305541992,28.578813552856445,28.90069007873535
20002_1320_10,2024-05-01,46,2.521496,21.70225524902344,25.61627578735352,24.297653198242188
20002_1320_10,2024-05-01,47,2.2242908,20.707284927368164,23.24057960510254,23.54560852050781
20002_1320_10,2024-05-01,48,2.1728828,20.60939216613769,21.59107780456543,23.222021102905277
20002_1320_10,2024-05-01,49,0.030303031,16.888906478881836,17.394811630249023,19.12330436706543
20002_1320_10,2024-05-02,1,11.820618,4.637503623962402,0.0,0.0
20002_1320_10,2024-05-02,2,15.332148,8.204866409301758,0.0,0.0
20002_1320_10,2024-05-02,3,16.07721,8.899439811706543,0.0,0.0
20002_1320_10,2024-05-02,4,17.084158,9.969975471496582,0.0,0.0
20002_1320_10,2024-05-02,5,17.145885,10.016437530517578,0.0,0.0
20002_1320_10,2024-05-02,6,17.30638,10.109766960144045,0.0,0.0
20002_1320_10,2024-05-02,7,18.506556,11.463958740234377,0.0,0.0
20002_1320_10,2024-05-02,8,18.87352,12.121027946472168,0.0,0.0470552444458007
20002_1320_10,2024-05-02,9,21.557205,14.511582374572754,0.7368248701095581,2.856398582458496
20002_1320_10,2024-05-02,10,25.341671,17.01265525817871,2.506706714630127,4.422040939331055
20002_1320_10,2024-05-02,11,29.48184,20.63663482666016,4.055354118347168,7.144554138183594
20002_1320_10,2024-05-02,12,30.137005,21.369220733642575,6.009600162506104,8.435449600219727
20002_1320_10,2024-05-02,13,31.212349,22.50227928161621,7.742609977722168,9.655908584594728
20002_1320_10,2024-05-02,14,32.938713,24.570911407470703,9.180639266967772,11.549393653869627
20002_1320_10,2024-05-02,15,33.774467,25.28434562683105,10.692413330078123,12.26204776763916
20002_1320_10,2024-05-02,16,36.533894,27.810007095336918,11.87233543395996,14.42000961303711
20002_1320_10,2024-05-02,17,36.23063,27.64277648925781,13.12600326538086,15.335830688476562
20002_1320_10,2024-05-02,18,39.510223,30.50870132446289,15.02493953704834,18.017791748046875
20002_1320_10,2024-05-02,19,40.372395,32.64445114135742,16.462968826293945,20.42715835571289
20002_1320_10,2024-05-02,20,40.534878,32.93104934692383,17.550708770751953,21.13960647583008
20002_1320_10,2024-05-02,21,40.129898,33.426231384277344,18.444868087768555,22.2187614440918
20002_1320_10,2024-05-02,22,34.679226,30.45220375061035,18.361906051635746,20.190208435058597
20002_1320_10,2024-05-02,23,33.593693,30.03884696960449,18.721412658691406,20.10345268249512
20002_1320_10,2024-05-02,24,34.8743,31.021244049072266,19.458864212036133,21.619129180908203
20002_1320_10,2024-05-02,25,35.16948,31.59541320800781,20.24240493774414,22.16286277770996
20002_1320_10,2024-05-02,26,35.736115,32.629852294921875,20.40833282470703,23.23073387145996
20002_1320_10,2024-05-02,27,35.57899,32.71562576293945,20.98907470703125,23.556182861328125
20002_1320_10,2024-05-02,28,35.51224,32.76572036743164,21.75417900085449,23.89432907104492
20002_1320_10,2024-05-02,29,35.101444,32.735687255859375,21.87401580810547,23.888181686401367
20002_1320_10,2024-05-02,30,23.650423,33.563079833984375,22.498544692993164,24.928634643554688
20002_1320_10,2024-05-02,31,23.243162,33.371307373046875,22.311878204345703,24.579620361328125
20002_1320_10,2024-05-02,32,22.471798,33.373573303222656,22.574594497680664,24.592998504638672
20002_1320_10,2024-05-02,33,22.36046,33.3837776184082,23.229082107543945,24.88160896301269
20002_1320_10,2024-05-02,34,21.40876,32.28343963623047,24.077150344848636,24.298200607299805
20002_1320_10,2024-05-02,35,25.43151,36.342533111572266,24.74085807800293,28.178062438964844
20002_1320_10,2024-05-02,36,24.300344,36.02304458618164,25.100364685058597,27.986648559570312
20002_1320_10,2024-05-02,37,23.77522,35.848567962646484,25.118799209594727,28.02827453613281
20002_1320_10,2024-05-02,38,22.521639,33.92951202392578,24.980527877807617,26.32561683654785
20002_1320_10,2024-05-02,39,22.897532,34.33021926879883,24.75929450988769,25.74752616882324
20002_1320_10,2024-05-02,40,21.875511,33.673587799072266,24.09558868408203,24.91238021850586
20002_1320_10,2024-05-02,41,21.006424,32.97185516357422,23.70842742919922,24.493276596069336
20002_1320_10,2024-05-02,42,19.693314,31.87905502319336,23.41344451904297,24.175010681152344
20002_1320_10,2024-05-02,43,16.853037,30.051496505737305,22.12290573120117,22.32567596435547
20002_1320_10,2024-05-02,44,14.715618,28.15981674194336,20.744792938232425,20.94487953186035
20002_1320_10,2024-05-02,45,12.39219,26.478666305541992,19.382814407348636,19.695594787597656
20002_1320_10,2024-05-02,46,6.247337,21.70225524902344,17.403217315673828,16.520597457885742
20002_1320_10,2024-05-02,47,4.967142,20.707284927368164,15.153993606567385,15.444106101989746
20002_1320_10,2024-05-02,48,4.9174705,20.60939216613769,13.23661994934082,14.12810516357422
20002_1320_10,2024-05-02,49,0.13580246,16.888906478881836,9.881217956542969,10.99841022491455
20002_1320_10,2024-05-03,1,11.415412,4.637503623962402,0.0,0.0
20002_1320_10,2024-05-03,2,15.457317,8.204866409301758,0.0,0.0
20002_1320_10,2024-05-03,3,16.220457,8.899439811706543,0.0,0.0
20002_1320_10,2024-05-03,4,17.260635,9.969975471496582,0.3140311241149902,1.241830825805664
20002_1320_10,2024-05-03,5,17.331223,10.016437530517578,1.0569084882736206,1.6130797863006592
20002_1320_10,2024-05-03,6,17.401812,10.109766960144045,2.468374729156494,2.055018663406372
20002_1320_10,2024-05-03,7,18.21469,11.463958740234377,4.028415679931641,3.880103349685669
20002_1320_10,2024-05-03,8,19.156376,12.121027946472168,5.588457107543945,5.205730438232422
20002_1320_10,2024-05-03,9,21.468493,14.511582374572754,7.854231834411621,7.815542221069336
20002_1320_10,2024-05-03,10,24.204657,17.01265525817871,10.380013465881348,9.497297286987305
20002_1320_10,2024-05-03,11,27.989302,20.63663482666016,13.277234077453612,12.684428215026855
20002_1320_10,2024-05-03,12,28.765886,21.369220733642575,15.80301570892334,13.821610450744627
20002_1320_10,2024-05-03,13,29.086323,22.50227928161621,18.07807731628418,15.134210586547852
20002_1320_10,2024-05-03,14,31.623676,24.570911407470703,19.814552307128903,16.77938461303711
20002_1320_10,2024-05-03,15,32.452908,25.28434562683105,21.30262756347656,17.496898651123047
20002_1320_10,2024-05-03,16,34.571835,27.810007095336918,22.688556671142575,19.828514099121094
20002_1320_10,2024-05-03,17,34.390472,27.64277648925781,24.067523956298828,19.91730308532715
20002_1320_10,2024-05-03,18,37.664383,30.50870132446289,25.678638458251957,22.048236846923828
20002_1320_10,2024-05-03,19,38.718945,32.64445114135742,26.630449295043945,24.03204345703125
20002_1320_10,2024-05-03,20,38.847286,32.93104934692383,27.398860931396484,24.237110137939453
20002_1320_10,2024-05-03,21,38.810505,33.426231384277344,27.958341598510746,24.57914924621582
20002_1320_10,2024-05-03,22,34.70655,30.45220375061035,27.655385971069336,22.443260192871094
20002_1320_10,2024-05-03,23,33.63999,30.03884696960449,27.48940086364746,22.19898796081543
20002_1320_10,2024-05-03,24,34.124218,31.021244049072266,27.69891166687012,23.08935165405273
20002_1320_10,2024-05-03,25,34.573593,31.59541320800781,27.802221298217773,22.825654983520508
20002_1320_10,2024-05-03,26,35.19268,32.629852294921875,27.498685836791992,23.015117645263672
20002_1320_10,2024-05-03,27,35.070908,32.71562576293945,27.357072830200195,23.20177459716797
20002_1320_10,2024-05-03,28,35.085144,32.76572036743164,27.18992805480957,22.905824661254883
20002_1320_10,2024-05-03,29,34.799576,32.735687255859375,26.646697998046875,22.15498924255371
20002_1320_10,2024-05-03,30,21.192509,33.563079833984375,26.98795890808105,22.63252258300781
20002_1320_10,2024-05-03,31,20.559683,33.371307373046875,27.070369720458984,22.672090530395508
20002_1320_10,2024-05-03,32,20.076338,33.373573303222656,26.90438461303711,22.717304229736328
20002_1320_10,2024-05-03,33,19.966793,33.3837776184082,26.98331451416016,22.41867446899414
20002_1320_10,2024-05-03,34,18.188492,32.28343963623047,27.70181655883789,21.92448234558105
20002_1320_10,2024-05-03,35,21.912243,36.342533111572266,28.19745445251465,26.20554542541504
20002_1320_10,2024-05-03,36,21.12184,36.02304458618164,28.260133743286133,25.823997497558597
20002_1320_10,2024-05-03,37,21.084713,35.848567962646484,28.076736450195312,25.806385040283203
20002_1320_10,2024-05-03,38,19.18616,33.92951202392578,27.888696670532227,24.12808609008789
20002_1320_10,2024-05-03,39,19.928835,34.33021926879883,27.58022689819336,24.13859748840332
20002_1320_10,2024-05-03,40,19.356943,33.673587799072266,26.97867202758789,23.385066986083984
20002_1320_10,2024-05-03,41,18.513998,32.97185516357422,26.27758407592773,22.70633888244629
20002_1320_10,2024-05-03,42,16.940027,31.87905502319336,25.32577133178711,21.58433151245117
20002_1320_10,2024-05-03,43,14.749928,30.051496505737305,23.64965438842773,19.75897216796875
20002_1320_10,2024-05-03,44,12.789377,28.15981674194336,21.924787521362305,18.25119400024414
20002_1320_10,2024-05-03,45,11.186797,26.478666305541992,20.20456314086914,16.235454559326172
20002_1320_10,2024-05-03,46,5.7120433,21.70225524902344,18.310226440429688,13.063932418823242
20002_1320_10,2024-05-03,47,4.481037,20.707284927368164,16.360172271728516,12.980582237243652
20002_1320_10,2024-05-03,48,4.380463,20.60939216613769,14.63298511505127,12.20811367034912
20002_1320_10,2024-05-03,49,0.1882353,16.888906478881836,10.862884521484377,9.23409652709961
20002_1320_10,2024-05-04,1,8.378208,3.1370131969451904,1.6211199760437012,0.0
20002_1320_10,2024-05-04,2,11.549283,5.920223712921143,2.510485410690308,1.7188528776168823
20002_1320_10,2024-05-04,3,12.406347,6.348084449768066,3.177510499954224,2.853708982467652
20002_1320_10,2024-05-04,4,13.436198,7.080473899841309,4.289218902587891,4.906023025512695
20002_1320_10,2024-05-04,5,13.480974,7.100112915039063,5.215642929077148,5.596491813659668
20002_1320_10,2024-05-04,6,13.615303,7.15753698348999,6.549692153930664,6.242315292358398
20002_1320_10,2024-05-04,7,14.011392,8.11877727508545,7.957856178283691,7.866253852844238
20002_1320_10,2024-05-04,8,14.432171,8.494621276855469,9.477190017700195,8.971443176269531
20002_1320_10,2024-05-04,9,16.30573,10.427427291870115,11.40415096282959,11.294184684753418
20002_1320_10,2024-05-04,10,17.910866,11.883729934692385,13.92402172088623,13.273006439208984
20002_1320_10,2024-05-04,11,20.427418,13.889062881469728,16.629179000854492,16.203277587890625
20002_1320_10,2024-05-04,12,20.995016,14.396265983581545,18.68583869934082,17.328121185302734
20002_1320_10,2024-05-04,13,21.916739,15.535140991210938,20.631328582763672,18.485546112060547
20002_1320_10,2024-05-04,14,23.429941,17.411609649658203,22.155292510986328,20.14557456970215
20002_1320_10,2024-05-04,15,24.012993,17.891801834106445,23.239208221435547,20.812131881713867
20002_1320_10,2024-05-04,16,25.973608,19.984729766845703,24.532730102539062,22.69582748413086
20002_1320_10,2024-05-04,17,26.11522,20.00752639770508,25.62474822998047,23.116735458374023
20002_1320_10,2024-05-04,18,29.136911,22.746906280517575,26.421476364135746,24.46291160583496
20002_1320_10,2024-05-04,19,31.295294,25.54408264160156,26.958799362182617,25.78946685791016
20002_1320_10,2024-05-04,20,31.746101,25.75687026977539,27.690673828125,26.2430362701416
20002_1320_10,2024-05-04,21,31.577644,25.983333587646484,27.73699378967285,26.30373954772949
20002_1320_10,2024-05-04,22,28.211535,24.324932098388672,27.449804306030277,24.763336181640625
20002_1320_10,2024-05-04,23,26.958376,23.966609954833984,27.58876609802246,24.759252548217773
20002_1320_10,2024-05-04,24,27.692562,24.648778915405277,27.0838680267334,24.88821601867676
20002_1320_10,2024-05-04,25,27.885675,25.089954376220703,27.116291046142575,24.895662307739254
20002_1320_10,2024-05-04,26,28.419378,26.41196823120117,27.088497161865234,25.676271438598636
20002_1320_10,2024-05-04,27,28.390749,26.452129364013672,26.29177474975586,25.15795135498047
20002_1320_10,2024-05-04,28,28.356005,26.443023681640625,25.53789710998535,24.26093292236328
20002_1320_10,2024-05-04,29,28.678467,26.587671279907227,24.739437103271484,23.58318519592285
20002_1320_10,2024-05-04,30,19.901999,27.23685073852539,24.33354759216309,23.518882751464844
20002_1320_10,2024-05-04,31,19.293488,27.117900848388672,23.443021774291992,22.546424865722656
20002_1320_10,2024-05-04,32,18.96112,27.12310791015625,22.99370765686035,22.19805145263672
20002_1320_10,2024-05-04,33,18.953304,27.17875099182129,22.674091339111328,21.949859619140625
20002_1320_10,2024-05-04,34,17.89072,25.685775756835938,22.58144760131836,20.787158966064453
20002_1320_10,2024-05-04,35,22.917948,31.84015846252441,22.62082290649414,23.1922550201416
20002_1320_10,2024-05-04,36,21.806316,31.89255142211914,22.405427932739254,22.732913970947266
20002_1320_10,2024-05-04,37,21.772806,31.678829193115234,22.331314086914062,22.92915725708008
20002_1320_10,2024-05-04,38,19.496483,29.65505599975586,22.00243377685547,21.598772048950195
20002_1320_10,2024-05-04,39,19.788664,29.95296859741211,21.15012550354004,21.12634658813477
20002_1320_10,2024-05-04,40,19.13272,29.23160743713379,20.24222946166992,20.316486358642575
20002_1320_10,2024-05-04,41,18.55114,28.44189071655273,19.0564079284668,19.22439384460449
20002_1320_10,2024-05-04,42,16.95455,27.05659866333008,17.425901412963867,17.71664810180664
20002_1320_10,2024-05-04,43,14.802513,24.961669921875,15.591585159301758,15.635517120361328
20002_1320_10,2024-05-04,44,12.126799,23.01998519897461,13.701680183410645,13.663738250732422
20002_1320_10,2024-05-04,45,10.076403,21.08736228942871,11.700606346130373,11.881619453430176
20002_1320_10,2024-05-04,46,2.3300827,15.87449836730957,10.033044815063477,9.426118850708008
20002_1320_10,2024-05-04,47,1.7339096,15.246606826782228,8.698994636535645,9.200865745544434
20002_1320_10,2024-05-04,48,1.6914201,15.150118827819824,7.624343872070312,8.204882621765137
20002_1320_10,2024-05-04,49,0.14925373,12.468172073364258,6.512635231018066,7.418513298034668
20002_1320_10,2024-05-05,1,3.0,2.9442410469055176,0.8099322319030762,0.0
20002_1320_10,2024-05-05,2,5.4558825,6.089825630187988,2.295093536376953,2.2532777786254883
20002_1320_10,2024-05-05,3,5.914706,6.606072902679443,3.334707260131836,3.398226499557495
20002_1320_10,2024-05-05,4,6.679412,7.313234806060791,4.522835731506348,5.40352201461792
20002_1320_10,2024-05-05,5,6.7382355,7.334558963775635,5.636706829071045,6.654839515686035
20002_1320_10,2024-05-05,6,6.7676473,7.4406938552856445,6.861965179443359,7.48675012588501
20002_1320_10,2024-05-05,7,7.4974327,7.946801662445068,8.532772064208984,9.519742012023926
20002_1320_10,2024-05-05,8,8.068021,8.478458404541016,10.352093696594238,11.521456718444824
20002_1320_10,2024-05-05,9,10.220887,10.828190803527832,12.542707443237305,14.336578369140623
20002_1320_10,2024-05-05,10,11.480691,12.210878372192385,15.197433471679688,16.767303466796875
20002_1320_10,2024-05-05,11,13.023308,14.100179672241213,17.740772247314453,19.74316024780273
20002_1320_10,2024-05-05,12,13.493896,14.40092658996582,19.81999969482422,21.132946014404297
20002_1320_10,2024-05-05,13,15.077356,16.077953338623047,21.648601531982425,22.573596954345703
20002_1320_10,2024-05-05,14,16.39489,17.85736846923828,23.20918273925781,24.124717712402344
20002_1320_10,2024-05-05,15,16.567532,18.008615493774414,24.470409393310547,25.028541564941406
20002_1320_10,2024-05-05,16,17.588852,19.90926742553711,25.67710494995117,26.93105697631836
20002_1320_10,2024-05-05,17,17.472507,20.26524353027344,26.698150634765625,27.23428726196289
20002_1320_10,2024-05-05,18,19.127148,23.194997787475582,27.54283905029297,28.20981216430664
20002_1320_10,2024-05-05,19,22.704807,27.0225830078125,28.146183013916016,29.534194946289062
20002_1320_10,2024-05-05,20,22.790861,27.06240463256836,28.749530792236328,29.939170837402344
20002_1320_10,2024-05-05,21,22.334116,27.10540771484375,28.99087142944336,30.302589416503903
20002_1320_10,2024-05-05,22,21.41411,24.965171813964844,28.97230529785156,29.306507110595703
20002_1320_10,2024-05-05,23,20.47342,24.137052536010746,29.046566009521484,29.165817260742188
20002_1320_10,2024-05-05,24,20.741125,24.558223724365234,28.981586456298828,29.76523971557617
20002_1320_10,2024-05-05,25,20.945202,24.997892379760746,28.87948226928711,29.581039428710938
20002_1320_10,2024-05-05,26,21.760593,26.912036895751957,28.480342864990234,29.65384292602539
20002_1320_10,2024-05-05,27,21.648125,27.01651382446289,27.70991897583008,29.02618408203125
20002_1320_10,2024-05-05,28,21.636114,27.001300811767575,27.04159545898437,27.994556427001957
20002_1320_10,2024-05-05,29,22.301332,27.53890037536621,26.029830932617188,27.01848602294922
20002_1320_10,2024-05-05,30,22.8143,28.24460220336914,25.159618377685547,25.972492218017575
20002_1320_10,2024-05-05,31,23.172123,28.116641998291016,24.314929962158203,24.89347076416016
20002_1320_10,2024-05-05,32,23.319181,28.110254287719727,23.99716186523437,24.76314926147461
20002_1320_10,2024-05-05,33,23.23292,28.13177490234375,24.026309967041016,24.983379364013672
20002_1320_10,2024-05-05,34,23.074173,25.78197288513184,24.153217315673828,24.2309684753418
20002_1320_10,2024-05-05,35,32.268,34.71236801147461,24.32813262939453,26.483383178710938
20002_1320_10,2024-05-05,36,32.637493,34.76377487182617,24.432701110839844,26.34293365478516
20002_1320_10,2024-05-05,37,32.472786,34.80088424682617,24.173377990722656,26.284934997558597
20002_1320_10,2024-05-05,38,31.50135,31.82550621032715,23.60136032104492,24.91607666015625
20002_1320_10,2024-05-05,39,32.090412,31.995086669921875,22.83673477172852,24.28682327270508
20002_1320_10,2024-05-05,40,31.48827,30.92059898376465,21.736785888671875,23.18307876586914
20002_1320_10,2024-05-05,41,30.003555,29.96527099609375,20.274829864501957,21.839893341064453
20002_1320_10,2024-05-05,42,28.420658,28.611846923828125,18.39052963256836,19.797462463378903
20002_1320_10,2024-05-05,43,26.729422,26.84344482421875,16.44125747680664,17.733963012695312
20002_1320_10,2024-05-05,44,24.538574,25.245756149291992,14.491981506347656,15.79202651977539
20002_1320_10,2024-05-05,45,22.956741,23.48405647277832,12.765480995178224,14.260971069335938
20002_1320_10,2024-05-05,46,16.918081,17.096023559570312,11.725869178771973,11.932738304138184
20002_1320_10,2024-05-05,47,16.679375,16.45949935913086,10.909029960632324,11.562561988830566
20002_1320_10,2024-05-05,48,16.635422,16.352983474731445,10.574868202209473,10.898323059082031
20002_1320_10,2024-05-05,49,14.733734,14.458206176757812,10.389223098754885,11.218633651733398
20002_1320_10,2024-05-06,1,5.097561,4.637503623962402,13.807047843933104,12.15598201751709
20002_1320_10,2024-05-06,2,8.897402,8.204866409301758,13.212228775024414,12.721647262573242
20002_1320_10,2024-05-06,3,9.507157,8.899439811706543,12.468706130981444,11.310847282409668
20002_1320_10,2024-05-06,4,10.651757,9.969975471496582,12.320001602172852,11.860525131225586
20002_1320_10,2024-05-06,5,10.676147,10.016437530517578,12.654586791992188,12.227567672729492
20002_1320_10,2024-05-06,6,10.732109,10.109766960144045,13.286581993103027,12.52491855621338
20002_1320_10,2024-05-06,7,12.1515465,11.463958740234377,14.643510818481444,14.22645378112793
20002_1320_10,2024-05-06,8,12.927389,12.121027946472168,16.22349739074707,15.865397453308104
20002_1320_10,2024-05-06,9,15.670394,14.511582374572754,17.710542678833008,17.942983627319336
20002_1320_10,2024-05-06,10,18.48576,17.01265525817871,19.671586990356445,19.5107421875
20002_1320_10,2024-05-06,11,22.850355,20.63663482666016,21.98464012145996,22.105180740356445
20002_1320_10,2024-05-06,12,23.54143,21.369220733642575,23.960783004760746,23.575899124145508
20002_1320_10,2024-05-06,13,24.124304,22.50227928161621,25.902076721191406,25.140249252319336
20002_1320_10,2024-05-06,14,25.810144,24.570911407470703,27.353107452392575,26.872220993041992
20002_1320_10,2024-05-06,15,26.805166,25.28434562683105,28.445158004760746,27.732540130615234
20002_1320_10,2024-05-06,16,29.202532,27.810007095336918,29.448915481567383,29.38698959350586
20002_1320_10,2024-05-06,17,29.14529,27.64277648925781,30.183143615722656,29.678598403930664
20002_1320_10,2024-05-06,18,31.637653,30.50870132446289,31.112546920776367,30.73566627502441
20002_1320_10,2024-05-06,19,33.241962,32.64445114135742,31.856069564819336,31.945920944213867
20002_1320_10,2024-05-06,20,33.6146,32.93104934692383,32.43230056762695,32.18050003051758
20002_1320_10,2024-05-06,21,33.810833,33.426231384277344,32.46947479248047,32.225399017333984
20002_1320_10,2024-05-06,22,30.579302,30.45220375061035,32.78547286987305,31.72232818603516
20002_1320_10,2024-05-06,23,29.954945,30.03884696960449,32.71112060546875,31.461759567260746
20002_1320_10,2024-05-06,24,30.815012,31.021244049072266,32.63676834106445,31.68976211547852
20002_1320_10,2024-05-06,25,31.23335,31.59541320800781,32.71112060546875,31.488710403442383
20002_1320_10,2024-05-06,26,32.25573,32.629852294921875,32.58100509643555,31.71026039123535
20002_1320_10,2024-05-06,27,32.27294,32.71562576293945,31.63301467895508,30.75714111328125
20002_1320_10,2024-05-06,28,32.286575,32.76572036743164,31.409957885742188,30.253353118896484
20002_1320_10,2024-05-06,29,32.06039,32.735687255859375,31.13113594055176,29.90532112121582
20002_1320_10,2024-05-06,30,33.035378,33.563079833984375,31.001020431518555,29.691652297973636
20002_1320_10,2024-05-06,31,32.908848,33.371307373046875,31.242664337158203,29.52655792236328
20002_1320_10,2024-05-06,32,32.921535,33.373573303222656,31.55866050720215,29.81960868835449
20002_1320_10,2024-05-06,33,33.005615,33.3837776184082,31.8003044128418,29.618736267089844
20002_1320_10,2024-05-06,34,33.44014,32.28343963623047,32.28359603881836,29.51188850402832
20002_1320_10,2024-05-06,35,38.25648,36.342533111572266,33.02711868286133,32.23240661621094
20002_1320_10,2024-05-06,36,37.62622,36.02304458618164,33.47323226928711,32.81031036376953
20002_1320_10,2024-05-06,37,37.528923,35.848567962646484,33.30594253540039,32.886592864990234
20002_1320_10,2024-05-06,38,36.632263,33.92951202392578,32.63676834106445,31.282062530517575
20002_1320_10,2024-05-06,39,37.010036,34.33021926879883,31.54007339477539,30.0752067565918
20002_1320_10,2024-05-06,40,36.241085,33.673587799072266,30.33184814453125,28.689847946166992
20002_1320_10,2024-05-06,41,35.62376,32.97185516357422,28.538095474243164,26.902729034423828
20002_1320_10,2024-05-06,42,34.98449,31.87905502319336,26.484115600585938,25.16478157043457
20002_1320_10,2024-05-06,43,33.325363,30.051496505737305,24.33617782592773,23.0722713470459
20002_1320_10,2024-05-06,44,30.993048,28.15981674194336,22.204212188720703,21.13889503479004
20002_1320_10,2024-05-06,45,29.138905,26.478666305541992,19.913230895996094,18.889989852905277
20002_1320_10,2024-05-06,46,24.004839,21.70225524902344,17.915014266967773,16.220714569091797
20002_1320_10,2024-05-06,47,22.935808,20.707284927368164,16.335025787353516,15.04482364654541
20002_1320_10,2024-05-06,48,22.872768,20.60939216613769,15.052449226379396,13.464786529541016
20002_1320_10,2024-05-06,49,18.455555,16.888906478881836,13.844223976135254,12.684137344360352
20002_1320_10,2024-05-07,1,4.9759035,4.637503623962402,16.465911865234375,13.879525184631348
20002_1320_10,2024-05-07,2,8.593778,8.204866409301758,14.803106307983398,13.55302619934082
20002_1320_10,2024-05-07,3,9.400203,8.899439811706543,13.457915306091309,11.77625560760498
20002_1320_10,2024-05-07,4,10.544027,9.969975471496582,13.271081924438477,12.57850742340088
20002_1320_10,2024-05-07,5,10.580173,10.016437530517578,13.19635009765625,12.349821090698242
20002_1320_10,2024-05-07,6,10.66451,10.109766960144045,13.38318157196045,12.00425148010254
20002_1320_10,2024-05-07,7,12.041174,11.463958740234377,14.205242156982422,13.262043952941896
20002_1320_10,2024-05-07,8,12.487378,12.121027946472168,15.270186424255373,14.276093482971191
20002_1320_10,2024-05-07,9,14.773022,14.511582374572754,16.802207946777344,16.612836837768555
20002_1320_10,2024-05-07,10,17.218374,17.01265525817871,18.763946533203125,17.93024253845215
20002_1320_10,2024-05-07,11,21.272919,20.63663482666016,21.379594802856445,21.05146598815918
20002_1320_10,2024-05-07,12,21.967333,21.369220733642575,23.47678565979004,22.71434593200684
20002_1320_10,2024-05-07,13,23.144701,22.50227928161621,25.541282653808597,24.278364181518555
20002_1320_10,2024-05-07,14,25.255068,24.570911407470703,27.1713924407959,25.953096389770508
20002_1320_10,2024-05-07,15,25.964329,25.28434562683105,28.264360427856445,26.674535751342773
20002_1320_10,2024-05-07,16,28.497793,27.810007095336918,29.432058334350582,28.56001281738281
20002_1320_10,2024-05-07,17,28.354872,27.64277648925781,30.627784729003903,29.12867546081543
20002_1320_10,2024-05-07,18,31.880386,30.50870132446289,31.65536117553711,30.505592346191406
20002_1320_10,2024-05-07,19,33.54031,32.64445114135742,32.458736419677734,32.089473724365234
20002_1320_10,2024-05-07,20,33.81134,32.93104934692383,32.981868743896484,32.23176193237305
20002_1320_10,2024-05-07,21,33.917133,33.426231384277344,33.03791809082031,32.50201416015625
20002_1320_10,2024-05-07,22,30.087158,30.45220375061035,33.168701171875,31.41848945617676
20002_1320_10,2024-05-07,23,29.564894,30.03884696960449,33.15001678466797,31.17406463623047
20002_1320_10,2024-05-07,24,30.58253,31.021244049072266,32.813720703125,31.220186233520508
20002_1320_10,2024-05-07,25,30.801556,31.59541320800781,32.570838928222656,30.76443099975586
20002_1320_10,2024-05-07,26,31.709045,32.629852294921875,32.36532211303711,31.300729751586918
20002_1320_10,2024-05-07,27,31.681446,32.71562576293945,32.271907806396484,31.363357543945312
20002_1320_10,2024-05-07,28,31.734934,32.76572036743164,32.47742462158203,31.3899040222168
20002_1320_10,2024-05-07,29,31.525331,32.735687255859375,32.32795715332031,31.06217193603516
20002_1320_10,2024-05-07,30,32.517292,33.563079833984375,32.533470153808594,31.268489837646484
20002_1320_10,2024-05-07,31,32.57791,33.371307373046875,32.73898696899414,31.214662551879883
20002_1320_10,2024-05-07,32,32.6431,33.373573303222656,33.26211929321289,31.94886779785156
20002_1320_10,2024-05-07,33,32.552723,33.3837776184082,33.93471145629883,32.598731994628906
20002_1320_10,2024-05-07,34,33.2931,32.28343963623047,34.850189208984375,32.50959396362305
20002_1320_10,2024-05-07,35,37.131927,36.342533111572266,35.35463333129883,35.00689697265625
20002_1320_10,2024-05-07,36,36.926186,36.02304458618164,35.54146957397461,34.90314483642578
20002_1320_10,2024-05-07,37,36.762413,35.848567962646484,35.95249938964844,35.504371643066406
20002_1320_10,2024-05-07,38,35.943832,33.92951202392578,35.76566696166992,34.528419494628906
20002_1320_10,2024-05-07,39,36.272907,34.33021926879883,35.50410461425781,34.23408126831055
20002_1320_10,2024-05-07,40,35.598007,33.673587799072266,35.01833724975586,33.33897018432617
20002_1320_10,2024-05-07,41,34.788673,32.97185516357422,33.766563415527344,31.654895782470703
20002_1320_10,2024-05-07,42,33.92371,31.87905502319336,31.879558563232425,29.84638977050781
20002_1320_10,2024-05-07,43,31.937365,30.051496505737305,29.899141311645508,27.820858001708984
20002_1320_10,2024-05-07,44,29.814453,28.15981674194336,27.918720245361328,25.82374763488769
20002_1320_10,2024-05-07,45,27.92304,26.478666305541992,25.798175811767575,24.0657958984375
20002_1320_10,2024-05-07,46,22.636112,21.70225524902344,23.64668846130371,21.114795684814453
20002_1320_10,2024-05-07,47,21.70131,20.707284927368164,21.50570678710937,19.759401321411133
20002_1320_10,2024-05-07,48,21.623203,20.60939216613769,18.801313400268555,16.972780227661133
20002_1320_10,2024-05-07,49,17.06743,16.888906478881836,16.447229385375977,15.098429679870604
20002_1320_10,2024-05-08,1,5.544304,4.637503623962402,14.453418731689451,11.025738716125488
20002_1320_10,2024-05-08,2,9.57595,8.204866409301758,12.495939254760742,10.503791809082031
20002_1320_10,2024-05-08,3,10.446634,8.899439811706543,10.952543258666992,8.747199058532715
20002_1320_10,2024-05-08,4,11.429189,9.969975471496582,10.162022590637209,9.053494453430176
20002_1320_10,2024-05-08,5,11.441848,10.016437530517578,9.82322883605957,8.852726936340332
20002_1320_10,2024-05-08,6,11.619062,10.109766960144045,9.82322883605957,8.47641658782959
20002_1320_10,2024-05-08,7,13.248444,11.463958740234377,9.973803520202637,9.02521514892578
20002_1320_10,2024-05-08,8,13.893402,12.121027946472168,10.952543258666992,9.87339687347412
20002_1320_10,2024-05-08,9,16.627522,14.511582374572754,12.458295822143556,11.78271198272705
20002_1320_10,2024-05-08,10,19.881636,17.01265525817871,14.509883880615234,13.4140625
20002_1320_10,2024-05-08,11,24.071838,20.63663482666016,17.088485717773438,16.60637855529785
20002_1320_10,2024-05-08,12,25.020138,21.369220733642575,19.591798782348636,18.53841781616211
20002_1320_10,2024-05-08,13,25.60622,22.50227928161621,21.765729904174805,20.11788558959961
20002_1320_10,2024-05-08,14,27.253529,24.570911407470703,23.670270919799805,22.26517105102539
20002_1320_10,2024-05-08,15,28.327433,25.28434562683105,25.327775955200195,23.846847534179688
20002_1320_10,2024-05-08,16,30.860054,27.810007095336918,26.838232040405277,26.173301696777344
20002_1320_10,2024-05-08,17,30.708666,27.64277648925781,28.02401351928711,26.603349685668945
20002_1320_10,2024-05-08,18,33.151028,30.50870132446289,29.134506225585938,27.95439910888672
20002_1320_10,2024-05-08,19,35.77244,32.64445114135742,30.00031471252441,29.736303329467773
20002_1320_10,2024-05-08,20,36.132954,32.93104934692383,30.48968505859375,29.784948348999023
20002_1320_10,2024-05-08,21,36.250607,33.426231384277344,30.866121292114254,30.12296867370605
20002_1320_10,2024-05-08,22,32.271114,30.45220375061035,31.0355167388916,28.90424156188965
20002_1320_10,2024-05-08,23,31.896807,30.03884696960449,30.922588348388672,28.609731674194336
20002_1320_10,2024-05-08,24,33.067833,31.021244049072266,30.847299575805664,29.139842987060547
20002_1320_10,2024-05-08,25,33.703297,31.59541320800781,30.772010803222656,29.060829162597656
20002_1320_10,2024-05-08,26,35.04625,32.629852294921875,30.414396286010746,29.43008041381836
20002_1320_10,2024-05-08,27,35.134956,32.71562576293945,30.39557456970215,29.66362762451172
20002_1320_10,2024-05-08,28,35.153915,32.76572036743164,30.508506774902344,29.689626693725582
20002_1320_10,2024-05-08,29,35.613194,32.735687255859375,30.54615020751953,29.90545463562012
20002_1320_10,2024-05-08,30,36.21711,33.563079833984375,30.828479766845703,30.32438850402832
20002_1320_10,2024-05-08,31,35.967457,33.371307373046875,31.167272567749023,30.6160888671875
20002_1320_10,2024-05-08,32,35.964764,33.373573303222656,31.882503509521484,31.49191093444824
20002_1320_10,2024-05-08,33,35.92999,33.3837776184082,32.578914642333984,32.15624237060547
20002_1320_10,2024-05-08,34,36.36477,32.28343963623047,33.50118637084961,32.03815078735352
20002_1320_10,2024-05-08,35,41.33565,36.342533111572266,33.896446228027344,34.72100067138672
20002_1320_10,2024-05-08,36,41.02947,36.02304458618164,34.743431091308594,35.27092742919922
20002_1320_10,2024-05-08,37,40.741127,35.848567962646484,35.00693893432617,35.66513442993164
20002_1320_10,2024-05-08,38,39.538803,33.92951202392578,35.08222961425781,34.992706298828125
20002_1320_10,2024-05-08,39,40.109497,34.33021926879883,34.9316520690918,35.0030517578125
20002_1320_10,2024-05-08,40,39.283474,33.673587799072266,34.442283630371094,34.28468704223633
20002_1320_10,2024-05-08,41,38.284092,32.97185516357422,33.2376823425293,33.1947021484375
20002_1320_10,2024-05-08,42,37.410473,31.87905502319336,32.051902770996094,32.15785598754883
20002_1320_10,2024-05-08,43,35.576572,30.051496505737305,30.602615356445312,30.478721618652344
20002_1320_10,2024-05-08,44,33.487247,28.15981674194336,28.6451358795166,28.121570587158203
20002_1320_10,2024-05-08,45,31.784754,26.478666305541992,25.868906021118164,25.01433753967285
20002_1320_10,2024-05-08,46,26.80845,21.70225524902344,22.53036880493164,20.1071834564209
20002_1320_10,2024-05-08,47,25.438408,20.707284927368164,19.300058364868164,17.762493133544922
20002_1320_10,2024-05-08,48,25.359295,20.60939216613769,16.4108943939209,14.95127010345459
20002_1320_10,2024-05-08,49,20.53057,16.888906478881836,13.92640495300293,13.395591735839844
20002_1320_10,2024-05-09,1,4.642857,4.637503623962402,18.17388916015625,14.583999633789062
20002_1320_10,2024-05-09,2,8.12619,8.204866409301758,16.83652114868164,15.333170890808104
20002_1320_10,2024-05-09,3,8.860853,8.899439811706543,15.51826000213623,13.427858352661133
20002_1320_10,2024-05-09,4,9.959367,9.969975471496582,15.097943305969238,13.981200218200684
20002_1320_10,2024-05-09,5,9.995081,10.016437530517578,15.384522438049316,14.469311714172363
20002_1320_10,2024-05-09,6,10.075951,10.109766960144045,15.823942184448242,14.725753784179688
20002_1320_10,2024-05-09,7,11.453422,11.463958740234377,16.989364624023438,16.239255905151367
20002_1320_10,2024-05-09,8,11.992154,12.121027946472168,18.42225646972656,17.77973747253418
20002_1320_10,2024-05-09,9,13.991449,14.511582374572754,20.29457092285156,20.69610595703125
20002_1320_10,2024-05-09,10,16.552053,17.01265525817871,22.01404190063477,21.801496505737305
20002_1320_10,2024-05-09,11,19.961306,20.63663482666016,24.26129531860352,24.04161071777344
20002_1320_10,2024-05-09,12,20.702425,21.369220733642575,26.556316375732425,25.848386764526367
20002_1320_10,2024-05-09,13,22.063057,22.50227928161621,28.67222023010254,27.48125267028809
20002_1320_10,2024-05-09,14,24.330479,24.570911407470703,30.687822341918945,29.605716705322266
20002_1320_10,2024-05-09,15,25.202438,25.28434562683105,32.21623992919922,30.652931213378903
20002_1320_10,2024-05-09,16,27.660208,27.810007095336918,33.209716796875,32.21928405761719
20002_1320_10,2024-05-09,17,27.418911,27.64277648925781,34.527976989746094,32.91796875
20002_1320_10,2024-05-09,18,30.036621,30.50870132446289,35.00560760498047,33.73204040527344
20002_1320_10,2024-05-09,19,31.890335,32.64445114135742,35.693397521972656,34.91260528564453
20002_1320_10,2024-05-09,20,31.967506,32.93104934692383,36.15192413330078,34.99005889892578
20002_1320_10,2024-05-09,21,32.3452,33.426231384277344,35.96086883544922,34.74677276611328
20002_1320_10,2024-05-09,22,29.266079,30.45220375061035,35.84623718261719,33.453948974609375
20002_1320_10,2024-05-09,23,28.690636,30.03884696960449,35.80802917480469,33.22886657714844
20002_1320_10,2024-05-09,24,29.55329,31.021244049072266,35.42591857910156,33.42431640625
20002_1320_10,2024-05-09,25,30.109547,31.59541320800781,35.31129455566406,33.26513671875
20002_1320_10,2024-05-09,26,31.17011,32.629852294921875,35.158447265625,33.90644073486328
20002_1320_10,2024-05-09,27,31.242449,32.71562576293945,34.604400634765625,33.50878143310547
20002_1320_10,2024-05-09,28,31.272371,32.76572036743164,34.24140167236328,32.90393829345703
20002_1320_10,2024-05-09,29,31.461426,32.735687255859375,33.591819763183594,31.985580444335938
20002_1320_10,2024-05-09,30,32.26384,33.563079833984375,33.45808410644531,31.72809410095215
20002_1320_10,2024-05-09,31,31.99794,33.371307373046875,33.744659423828125,31.59867477416992
20002_1320_10,2024-05-09,32,31.976007,33.373573303222656,34.623504638671875,32.590110778808594
20002_1320_10,2024-05-09,33,31.951998,33.3837776184082,35.34950256347656,33.467559814453125
20002_1320_10,2024-05-09,34,32.689995,32.28343963623047,35.88444519042969,32.92643737792969
20002_1320_10,2024-05-09,35,37.56806,36.342533111572266,35.80802917480469,35.123268127441406
20002_1320_10,2024-05-09,36,37.151867,36.02304458618164,36.19013214111328,35.02583312988281
20002_1320_10,2024-05-09,37,37.145542,35.848567962646484,36.57223510742188,35.449745178222656
20002_1320_10,2024-05-09,38,35.845783,33.92951202392578,36.76329040527344,34.557159423828125
20002_1320_10,2024-05-09,39,36.287872,34.33021926879883,36.91613006591797,34.744140625
20002_1320_10,2024-05-09,40,35.522617,33.673587799072266,36.45760345458984,34.116729736328125
20002_1320_10,2024-05-09,41,34.153046,32.97185516357422,34.92918395996094,32.150848388671875
20002_1320_10,2024-05-09,42,33.126663,31.87905502319336,33.07597732543945,30.150144577026367
20002_1320_10,2024-05-09,43,31.73134,30.051496505737305,31.33740234375,28.05015182495117
20002_1320_10,2024-05-09,44,29.660465,28.15981674194336,29.016115188598636,25.53310203552246
20002_1320_10,2024-05-09,45,27.824219,26.478666305541992,26.03569602966309,22.68573760986328
20002_1320_10,2024-05-09,46,23.132181,21.70225524902344,22.529884338378903,18.129573822021484
20002_1320_10,2024-05-09,47,22.060862,20.707284927368164,19.60678100585937,16.68114471435547
20002_1320_10,2024-05-09,48,21.987444,20.60939216613769,16.702783584594727,14.095444679260254
20002_1320_10,2024-05-09,49,17.610483,16.888906478881836,14.734944343566896,13.018426895141602
20002_1320_10,2024-05-10,1,5.216216,4.637503623962402,15.98744297027588,12.995989799499512
20002_1320_10,2024-05-10,2,9.03283,8.204866409301758,14.80198574066162,13.40549087524414
20002_1320_10,2024-05-10,3,9.965262,8.899439811706543,13.635649681091309,11.36842918395996
20002_1320_10,2024-05-10,4,11.151185,9.969975471496582,13.176763534545898,11.32487678527832
20002_1320_10,2024-05-10,5,11.169023,10.016437530517578,12.87083911895752,10.765442848205566
20002_1320_10,2024-05-10,6,11.264657,10.109766960144045,13.1002836227417,10.22815227508545
20002_1320_10,2024-05-10,7,12.807412,11.463958740234377,14.094536781311035,11.239888191223145
20002_1320_10,2024-05-10,8,13.44412,12.121027946472168,15.452075004577637,12.452717781066896
20002_1320_10,2024-05-10,9,15.726373,14.511582374572754,17.019935607910156,14.848135948181152
20002_1320_10,2024-05-10,10,17.968885,17.01265525817871,18.81724166870117,15.854991912841797
20002_1320_10,2024-05-10,11,21.421038,20.63663482666016,20.8439884185791,18.01744079589844
20002_1320_10,2024-05-10,12,21.859192,21.369220733642575,22.85161590576172,19.25261878967285
20002_1320_10,2024-05-10,13,22.977617,22.50227928161621,25.02296257019043,20.803916931152344
20002_1320_10,2024-05-10,14,24.65019,24.570911407470703,26.87643051147461,22.687522888183597
20002_1320_10,2024-05-10,15,25.138609,25.28434562683105,28.29133415222168,23.641586303710938
20002_1320_10,2024-05-10,16,26.974073,27.810007095336918,29.35250473022461,25.346960067749023
20002_1320_10,2024-05-10,17,26.971798,27.64277648925781,30.38500022888184,25.865318298339844
20002_1320_10,2024-05-10,18,29.39531,30.50870132446289,31.16893196105957,26.56318473815918
20002_1320_10,2024-05-10,19,31.252876,32.64445114135742,32.01021957397461,28.01622200012207
20002_1320_10,2024-05-10,20,31.612288,32.93104934692383,32.52647018432617,27.80509185791016
20002_1320_10,2024-05-10,21,32.14949,33.426231384277344,32.583831787109375,27.909690856933597
20002_1320_10,2024-05-10,22,30.329079,30.45220375061035,32.258785247802734,26.6141357421875
20002_1320_10,2024-05-10,23,30.032345,30.03884696960449,32.02934646606445,26.41838264465332
20002_1320_10,2024-05-10,24,30.766945,31.021244049072266,31.78077888488769,26.809799194335938
20002_1320_10,2024-05-10,25,31.342438,31.59541320800781,31.761659622192383,26.86088752746582
20002_1320_10,2024-05-10,26,32.119984,32.629852294921875,31.60869598388672,27.563804626464844
20002_1320_10,2024-05-10,27,31.992987,32.71562576293945,31.149810791015625,27.07186317443848
20002_1320_10,2024-05-10,28,31.96592,32.76572036743164,30.9012508392334,26.495569229125977
20002_1320_10,2024-05-10,29,31.947794,32.735687255859375,30.193798065185547,25.66516876220703
20002_1320_10,2024-05-10,30,33.17046,33.563079833984375,29.88787269592285,24.826141357421875
20002_1320_10,2024-05-10,31,33.346737,33.371307373046875,29.54370880126953,24.008865356445312
20002_1320_10,2024-05-10,32,33.36332,33.373573303222656,29.715789794921875,24.2365779876709
20002_1320_10,2024-05-10,33,33.250793,33.3837776184082,30.38500022888184,24.93635368347168
20002_1320_10,2024-05-10,34,33.566166,32.28343963623047,31.015968322753903,24.84869384765625
20002_1320_10,2024-05-10,35,39.612183,36.342533111572266,31.37925338745117,27.494197845458984
20002_1320_10,2024-05-10,36,38.978767,36.02304458618164,31.857261657714844,27.850379943847656
20002_1320_10,2024-05-10,37,38.907284,35.848567962646484,32.163185119628906,28.443693161010746
20002_1320_10,2024-05-10,38,38.235367,33.92951202392578,32.430870056152344,27.784393310546875
20002_1320_10,2024-05-10,39,38.682335,34.33021926879883,32.27790451049805,27.90780067443848
20002_1320_10,2024-05-10,40,37.68847,33.673587799072266,31.857261657714844,27.122806549072266
20002_1320_10,2024-05-10,41,36.629868,32.97185516357422,30.002593994140625,25.06054306030273
20002_1320_10,2024-05-10,42,35.536774,31.87905502319336,28.15749168395996,23.2570915222168
20002_1320_10,2024-05-10,43,33.247547,30.051496505737305,26.259803771972656,21.341991424560547
20002_1320_10,2024-05-10,44,31.156065,28.15981674194336,23.90263557434082,18.92958068847656
20002_1320_10,2024-05-10,45,29.435186,26.478666305541992,21.188152313232425,16.5626277923584
20002_1320_10,2024-05-10,46,24.054499,21.70225524902344,18.167150497436523,12.939870834350586
20002_1320_10,2024-05-10,47,22.923342,20.707284927368164,15.777118682861328,11.913115501403809
20002_1320_10,2024-05-10,48,22.865118,20.60939216613769,13.865093231201172,10.097445487976074
20002_1320_10,2024-05-10,49,18.527605,16.888906478881836,12.450194358825684,9.557835578918455
20002_1320_10,2024-05-11,1,3.296875,3.1370131969451904,17.459474563598633,15.007563591003418
20002_1320_10,2024-05-11,2,6.5729165,5.920223712921143,15.963562965393066,15.338868141174316
20002_1320_10,2024-05-11,3,7.171317,6.348084449768066,14.467652320861816,13.238802909851074
20002_1320_10,2024-05-11,4,7.9602866,7.080473899841309,14.088940620422363,13.420263290405272
20002_1320_10,2024-05-11,5,7.9915366,7.100112915039063,13.74810028076172,12.63430118560791
20002_1320_10,2024-05-11,6,7.9915366,7.15753698348999,14.013198852539062,12.269498825073242
20002_1320_10,2024-05-11,7,8.999949,8.11877727508545,14.73275089263916,13.221818923950195
20002_1320_10,2024-05-11,8,9.416847,8.494621276855469,15.490174293518066,13.600460052490234
20002_1320_10,2024-05-11,9,11.462733,10.427427291870115,16.702051162719727,15.47213649749756
20002_1320_10,2024-05-11,10,12.866259,11.883729934692385,18.084348678588867,16.25737953186035
20002_1320_10,2024-05-11,11,15.367881,13.889062881469728,19.57079124450684,17.974964141845703
20002_1320_10,2024-05-11,12,15.748098,14.396265983581545,21.49275016784668,18.88381767272949
20002_1320_10,2024-05-11,13,16.756435,15.535140991210938,23.20878791809082,19.935762405395508
20002_1320_10,2024-05-11,14,18.366718,17.411609649658203,25.051456451416016,21.679792404174805
20002_1320_10,2024-05-11,15,18.63083,17.891801834106445,26.41126823425293,22.427587509155277
20002_1320_10,2024-05-11,16,20.239182,19.984729766845703,27.268102645874023,23.93974876403809
20002_1320_10,2024-05-11,17,20.309309,20.00752639770508,28.51785087585449,24.661075592041016
20002_1320_10,2024-05-11,18,22.947002,22.746906280517575,29.38888931274414,25.679887771606445
20002_1320_10,2024-05-11,19,25.060976,25.54408264160156,30.373538970947266,27.208057403564453
20002_1320_10,2024-05-11,20,25.204245,25.75687026977539,31.03628158569336,27.667156219482425
20002_1320_10,2024-05-11,21,25.40748,25.983333587646484,31.13096237182617,27.967966079711918
20002_1320_10,2024-05-11,22,23.489193,24.324932098388672,30.998411178588867,26.74000358581543
20002_1320_10,2024-05-11,23,22.593744,23.966609954833984,30.998411178588867,26.546205520629883
20002_1320_10,2024-05-11,24,22.996986,24.648778915405277,31.112024307250977,27.25001716613769
20002_1320_10,2024-05-11,25,23.487293,25.089954376220703,31.301380157470703,27.258567810058597
20002_1320_10,2024-05-11,26,24.516518,26.41196823120117,31.206701278686523,27.9616641998291
20002_1320_10,2024-05-11,27,24.673023,26.452129364013672,30.714378356933597,27.78077507019043
20002_1320_10,2024-05-11,28,24.733826,26.443023681640625,30.657569885253903,27.49409294128418
20002_1320_10,2024-05-11,29,25.163414,26.587671279907227,30.01375961303711,26.886125564575195
20002_1320_10,2024-05-11,30,26.2245,27.23685073852539,29.691858291625977,26.16386032104492
20002_1320_10,2024-05-11,31,26.370806,27.117900848388672,29.379419326782227,25.38433074951172
20002_1320_10,2024-05-11,32,26.360113,27.12310791015625,29.493032455444336,25.29583549499512
20002_1320_10,2024-05-11,33,26.358772,27.17875099182129,29.87174415588379,25.595996856689453
20002_1320_10,2024-05-11,34,26.487003,25.685775756835938,30.90373420715332,25.693904876708984
20002_1320_10,2024-05-11,35,32.004765,31.84015846252441,31.49073600769043,28.620973587036133
20002_1320_10,2024-05-11,36,32.23729,31.89255142211914,32.13454818725586,29.212854385375977
20002_1320_10,2024-05-11,37,32.07481,31.678829193115234,32.929840087890625,29.890718460083008
20002_1320_10,2024-05-11,38,31.438717,29.65505599975586,33.49790573120117,29.275590896606445
20002_1320_10,2024-05-11,39,31.770548,29.95296859741211,33.49790573120117,29.20133399963379
20002_1320_10,2024-05-11,40,31.093182,29.23160743713379,33.21387481689453,28.636201858520508
20002_1320_10,2024-05-11,41,30.62666,28.44189071655273,31.68009185791016,26.991947174072266
20002_1320_10,2024-05-11,42,29.883604,27.05659866333008,30.10844039916992,25.260086059570312
20002_1320_10,2024-05-11,43,27.589666,24.961669921875,28.716676712036133,23.57620048522949
20002_1320_10,2024-05-11,44,25.437675,23.01998519897461,26.671634674072266,21.208839416503903
20002_1320_10,2024-05-11,45,23.92448,21.08736228942871,24.0017147064209,18.815771102905277
20002_1320_10,2024-05-11,46,19.052597,15.87449836730957,20.290342330932617,14.859004020690918
20002_1320_10,2024-05-11,47,18.11451,15.246606826782228,17.118633270263672,12.886338233947754
20002_1320_10,2024-05-11,48,18.066431,15.150118827819824,14.675943374633787,10.648740768432615
20002_1320_10,2024-05-11,49,15.231073,12.468172073364258,12.990676879882812,9.74378490447998
20002_1320_10,2024-05-12,1,2.548387,2.9442410469055176,13.51026725769043,11.7833251953125
20002_1320_10,2024-05-12,2,4.645161,6.089825630187988,12.005215644836426,12.585135459899902
20002_1320_10,2024-05-12,3,4.967742,6.606072902679443,10.312031745910645,10.801493644714355
20002_1320_10,2024-05-12,4,5.419355,7.313234806060791,9.5595064163208,10.838006019592283
20002_1320_10,2024-05-12,5,5.451613,7.334558963775635,8.656474113464355,10.045022010803224
20002_1320_10,2024-05-12,6,5.451613,7.4406938552856445,8.694101333618164,9.446802139282228
20002_1320_10,2024-05-12,7,6.802198,7.946801662445068,8.61884880065918,9.520201683044434
20002_1320_10,2024-05-12,8,7.4538107,8.478458404541016,8.919858932495117,9.548517227172852
20002_1320_10,2024-05-12,9,9.206499,10.828190803527832,9.973395347595217,11.043041229248049
20002_1320_10,2024-05-12,10,10.400047,12.210878372192385,11.365568161010742,11.923887252807615
20002_1320_10,2024-05-12,11,12.181975,14.100179672241213,12.795367240905762,13.494305610656738
20002_1320_10,2024-05-12,12,12.633588,14.40092658996582,14.733121871948242,14.669994354248049
20002_1320_10,2024-05-12,13,14.344124,16.077953338623047,16.520370483398438,16.12074089050293
20002_1320_10,2024-05-12,14,15.640496,17.85736846923828,17.89373016357422,17.66017723083496
20002_1320_10,2024-05-12,15,15.813296,18.008615493774414,19.09777069091797,18.288272857666016
20002_1320_10,2024-05-12,16,17.490717,19.90926742553711,20.414691925048828,20.021217346191406
20002_1320_10,2024-05-12,17,17.768953,20.26524353027344,21.87506103515625,21.14873504638672
20002_1320_10,2024-05-12,18,20.83347,23.194997787475582,22.954465866088867,22.35759925842285
20002_1320_10,2024-05-12,19,23.47424,27.0225830078125,23.862199783325195,24.033912658691406
20002_1320_10,2024-05-12,20,23.568274,27.06240463256836,24.821672439575195,24.93258285522461
20002_1320_10,2024-05-12,21,23.370857,27.10540771484375,25.802305221557617,25.848188400268555
20002_1320_10,2024-05-12,22,21.199219,24.965171813964844,25.94810676574707,24.920278549194336
20002_1320_10,2024-05-12,23,20.732454,24.137052536010746,25.943405151367188,25.002063751220703
20002_1320_10,2024-05-12,24,20.877823,24.558223724365234,26.11977767944336,26.027814865112305
20002_1320_10,2024-05-12,25,21.088184,24.997892379760746,26.0821533203125,26.04529190063477
20002_1320_10,2024-05-12,26,22.746592,26.912036895751957,25.67531967163086,26.6309814453125
20002_1320_10,2024-05-12,27,22.790298,27.01651382446289,25.339035034179688,26.591800689697266
20002_1320_10,2024-05-12,28,22.781693,27.001300811767575,25.41428565979004,26.768796920776367
20002_1320_10,2024-05-12,29,22.684757,27.53890037536621,25.226154327392575,26.98027801513672
20002_1320_10,2024-05-12,30,23.331793,28.24460220336914,25.15089988708496,27.102643966674805
20002_1320_10,2024-05-12,31,22.953997,28.116641998291016,25.096811294555664,26.90342712402344
20002_1320_10,2024-05-12,32,22.87651,28.110254287719727,25.59065818786621,27.14824104309082
20002_1320_10,2024-05-12,33,22.857843,28.13177490234375,26.401973724365234,27.781417846679688
20002_1320_10,2024-05-12,34,23.212683,25.78197288513184,27.977577209472656,28.613601684570312
20002_1320_10,2024-05-12,35,30.065166,34.71236801147461,29.53907012939453,32.419979095458984
20002_1320_10,2024-05-12,36,29.82112,34.76377487182617,31.34513092041016,33.72690200805664
20002_1320_10,2024-05-12,37,29.858818,34.80088424682617,32.850181579589844,34.99168014526367
20002_1320_10,2024-05-12,38,29.2538,31.82550621032715,33.94134521484375,34.75669860839844
20002_1320_10,2024-05-12,39,29.825485,31.995086669921875,34.61861801147461,35.31931686401367
20002_1320_10,2024-05-12,40,29.07992,30.92059898376465,35.107757568359375,35.53028869628906
20002_1320_10,2024-05-12,41,28.2177,29.96527099609375,35.07013702392578,35.294898986816406
20002_1320_10,2024-05-12,42,27.275778,28.611846923828125,34.543365478515625,34.762718200683594
20002_1320_10,2024-05-12,43,25.854116,26.84344482421875,33.94134521484375,34.28964614868164
20002_1320_10,2024-05-12,44,23.81532,25.245756149291992,32.737300872802734,32.754486083984375
20002_1320_10,2024-05-12,45,22.292948,23.48405647277832,30.59260368347168,30.220111846923828
20002_1320_10,2024-05-12,46,16.288105,17.096023559570312,26.92403793334961,25.716371536254883
20002_1320_10,2024-05-12,47,16.168404,16.45949935913086,23.67171669006348,23.673851013183597
20002_1320_10,2024-05-12,48,16.117338,16.352983474731445,20.776844024658203,21.36922645568848
20002_1320_10,2024-05-12,49,13.827227,14.458206176757812,17.903135299682617,19.53107070922852
20002_1320_10,2024-05-13,1,4.219512,4.637503623962402,11.50479221343994,9.665950775146484
20002_1320_10,2024-05-13,2,7.314315,8.204866409301758,9.572152137756348,10.435718536376951
20002_1320_10,2024-05-13,3,7.960656,8.899439811706543,7.980566501617432,9.336965560913086
20002_1320_10,2024-05-13,4,8.997242,9.969975471496582,7.525827407836914,9.979168891906738
20002_1320_10,2024-05-13,5,9.021632,10.016437530517578,7.033194065093994,10.041738510131836
20002_1320_10,2024-05-13,6,9.060657,10.109766960144045,7.3742475509643555,10.255846977233888
20002_1320_10,2024-05-13,7,10.196368,11.463958740234377,8.056356430053711,11.472457885742188
20002_1320_10,2024-05-13,8,10.766835,12.121027946472168,8.814254760742188,12.257501602172852
20002_1320_10,2024-05-13,9,12.737706,14.511582374572754,10.064785957336426,14.178091049194336
20002_1320_10,2024-05-13,10,15.248331,17.01265525817871,11.542686462402344,15.883505821228027
20002_1320_10,2024-05-13,11,18.437363,20.63663482666016,13.532169342041016,18.14332771301269
20002_1320_10,2024-05-13,12,19.225952,21.369220733642575,15.730072021484377,19.655902862548828
20002_1320_10,2024-05-13,13,20.032597,22.50227928161621,18.07955741882324,21.872976303100582
20002_1320_10,2024-05-13,14,21.65959,24.570911407470703,20.0595645904541,24.19801902770996
20002_1320_10,2024-05-13,15,22.371525,25.28434562683105,21.509042739868164,25.170822143554688
20002_1320_10,2024-05-13,16,24.836245,27.810007095336918,22.82589340209961,26.585548400878903
20002_1320_10,2024-05-13,17,24.85346,27.64277648925781,24.246950149536133,27.362873077392575
20002_1320_10,2024-05-13,18,27.190912,30.50870132446289,25.639589309692383,29.077577590942383
20002_1320_10,2024-05-13,19,28.561337,32.64445114135742,26.681697845458984,30.3326416015625
20002_1320_10,2024-05-13,20,28.838667,32.93104934692383,27.799596786499023,30.9263916015625
20002_1320_10,2024-05-13,21,29.016706,33.426231384277344,28.80381202697754,31.78475952148437
20002_1320_10,2024-05-13,22,26.340899,30.45220375061035,29.315393447875977,31.053253173828125
20002_1320_10,2024-05-13,23,25.856398,30.03884696960449,29.44802474975586,31.00248908996582
20002_1320_10,2024-05-13,24,26.729153,31.021244049072266,29.485919952392575,31.53761863708496
20002_1320_10,2024-05-13,25,27.392365,31.59541320800781,29.504867553710938,31.56858253479004
20002_1320_10,2024-05-13,26,28.182058,32.629852294921875,29.050127029418945,31.71658706665039
20002_1320_10,2024-05-13,27,28.15411,32.71562576293945,28.898548126220703,31.55457305908203
20002_1320_10,2024-05-13,28,28.149548,32.76572036743164,29.485919952392575,31.883207321166992
20002_1320_10,2024-05-13,29,28.146336,32.735687255859375,29.6943416595459,32.21041488647461
20002_1320_10,2024-05-13,30,29.02676,33.563079833984375,30.09223747253418,32.71791458129883
20002_1320_10,2024-05-13,31,28.860292,33.371307373046875,30.452238082885746,32.5930061340332
20002_1320_10,2024-05-13,32,28.97643,33.373573303222656,30.85013771057129,32.39836120605469
20002_1320_10,2024-05-13,33,28.957254,33.3837776184082,31.589086532592773,32.86847686767578
20002_1320_10,2024-05-13,34,29.333004,32.28343963623047,32.972251892089844,33.202274322509766
20002_1320_10,2024-05-13,35,33.34209,36.342533111572266,34.203834533691406,36.61458969116211
20002_1320_10,2024-05-13,36,33.13339,36.02304458618164,35.03752136230469,36.79981231689453
20002_1320_10,2024-05-13,37,32.993164,35.848567962646484,35.7954216003418,37.126014709472656
20002_1320_10,2024-05-13,38,31.986147,33.92951202392578,36.06068420410156,36.099422454833984
20002_1320_10,2024-05-13,39,32.42598,34.33021926879883,36.136474609375,36.23878479003906
20002_1320_10,2024-05-13,40,31.85111,33.673587799072266,36.136474609375,36.2835578918457
20002_1320_10,2024-05-13,41,31.056583,32.97185516357422,35.87120819091797,35.82324981689453
20002_1320_10,2024-05-13,42,30.37033,31.87905502319336,35.34067916870117,35.338409423828125
20002_1320_10,2024-05-13,43,28.17557,30.051496505737305,34.54488754272461,34.36488342285156
20002_1320_10,2024-05-13,44,26.499146,28.15981674194336,33.71120071411133,33.53333282470703
20002_1320_10,2024-05-13,45,24.945484,26.478666305541992,32.00593185424805,32.21677780151367
20002_1320_10,2024-05-13,46,20.564684,21.70225524902344,29.80802726745605,28.75620460510254
20002_1320_10,2024-05-13,47,19.626387,20.707284927368164,27.15538215637207,27.128158569335938
20002_1320_10,2024-05-13,48,19.52928,20.60939216613769,24.059844970703125,24.384679794311523
20002_1320_10,2024-05-13,49,15.748525,16.888906478881836,20.50482940673828,20.673227310180664
20002_1320_10,2024-05-14,1,4.4698796,4.637503623962402,13.354588508605955,9.900039672851562
20002_1320_10,2024-05-14,2,8.212429,8.204866409301758,11.324872016906738,9.625321388244627
20002_1320_10,2024-05-14,3,8.8417635,8.899439811706543,10.046903610229492,9.007566452026367
20002_1320_10,2024-05-14,4,9.962246,9.969975471496582,9.558267593383787,9.897459983825684
20002_1320_10,2024-05-14,5,9.97831,10.016437530517578,8.994457244873047,9.57042407989502
20002_1320_10,2024-05-14,6,10.078289,10.109766960144045,9.407917976379396,9.448878288269045
20002_1320_10,2024-05-14,7,11.342725,11.463958740234377,10.272427558898926,10.551997184753418
20002_1320_10,2024-05-14,8,12.177772,12.121027946472168,10.91141128540039,11.2288179397583
20002_1320_10,2024-05-14,9,14.988477,14.511582374572754,12.264555931091309,13.058576583862305
20002_1320_10,2024-05-14,10,17.785261,17.01265525817871,13.9183988571167,14.582193374633787
20002_1320_10,2024-05-14,11,21.76665,20.63663482666016,15.948114395141602,16.993837356567383
20002_1320_10,2024-05-14,12,22.452486,21.369220733642575,18.015419006347656,18.292648315429688
20002_1320_10,2024-05-14,13,23.313448,22.50227928161621,19.847801208496094,19.747648239135746
20002_1320_10,2024-05-14,14,24.848333,24.570911407470703,21.44056510925293,21.29717063903809
20002_1320_10,2024-05-14,15,25.407341,25.28434562683105,22.83129501342773,22.284936904907227
20002_1320_10,2024-05-14,16,27.699331,27.810007095336918,23.9941520690918,24.16073989868164
20002_1320_10,2024-05-14,17,27.827112,27.64277648925781,25.283870697021484,24.75877952575684
20002_1320_10,2024-05-14,18,30.174353,30.50870132446289,26.904823303222656,26.79055404663086
20002_1320_10,2024-05-14,19,32.44514,32.64445114135742,27.85390281677246,28.21201705932617
20002_1320_10,2024-05-14,20,32.72979,32.93104934692383,28.558666229248047,28.529279708862305
20002_1320_10,2024-05-14,21,32.808247,33.426231384277344,29.23523712158203,29.2952823638916
20002_1320_10,2024-05-14,22,30.417366,30.45220375061035,29.272825241088867,27.974910736083984
20002_1320_10,2024-05-14,23,29.894152,30.03884696960449,28.85936546325684,27.266902923583984
20002_1320_10,2024-05-14,24,30.678907,31.021244049072266,28.84057235717773,27.715988159179688
20002_1320_10,2024-05-14,25,31.242046,31.59541320800781,28.915746688842773,28.048437118530277
20002_1320_10,2024-05-14,26,32.260937,32.629852294921875,28.718414306640625,28.583642959594727
20002_1320_10,2024-05-14,27,32.194458,32.71562576293945,28.77479553222656,28.683412551879883
20002_1320_10,2024-05-14,28,32.280136,32.76572036743164,29.11307907104492,28.63124084472656
20002_1320_10,2024-05-14,29,32.118958,32.735687255859375,29.25403213500977,29.004615783691406
20002_1320_10,2024-05-14,30,33.467754,33.563079833984375,29.705080032348636,29.57124137878418
20002_1320_10,2024-05-14,31,33.722008,33.371307373046875,30.250097274780277,29.982807159423828
20002_1320_10,2024-05-14,32,33.71492,33.373573303222656,30.776317596435547,30.253623962402344
20002_1320_10,2024-05-14,33,33.7193,33.3837776184082,31.528064727783203,31.017688751220703
20002_1320_10,2024-05-14,34,34.268055,32.28343963623047,32.65568542480469,31.18194580078125
20002_1320_10,2024-05-14,35,39.549324,36.342533111572266,33.63295364379883,34.59690475463867
20002_1320_10,2024-05-14,36,39.09109,36.02304458618164,33.83968734741211,34.26838302612305
20002_1320_10,2024-05-14,37,38.92142,35.848567962646484,34.065208435058594,34.3834114074707
20002_1320_10,2024-05-14,38,37.92559,33.92951202392578,34.065208435058594,33.52488708496094
20002_1320_10,2024-05-14,39,38.171497,34.33021926879883,33.91485977172852,33.758766174316406
20002_1320_10,2024-05-14,40,37.2961,33.673587799072266,33.52019500732422,33.211509704589844
20002_1320_10,2024-05-14,41,36.16358,32.97185516357422,32.93758773803711,32.528663635253906
20002_1320_10,2024-05-14,42,34.91893,31.87905502319336,32.4113655090332,32.4516487121582
20002_1320_10,2024-05-14,43,32.932083,30.051496505737305,31.208574295043945,30.934741973876957
20002_1320_10,2024-05-14,44,30.886892,28.15981674194336,30.062158584594727,29.99420166015625
20002_1320_10,2024-05-14,45,28.830893,26.478666305541992,28.62444305419922,28.915159225463867
20002_1320_10,2024-05-14,46,24.132044,21.70225524902344,26.730981826782227,26.125762939453125
20002_1320_10,2024-05-14,47,23.13795,20.707284927368164,24.3538761138916,25.05853271484375
20002_1320_10,2024-05-14,48,23.06772,20.60939216613769,21.6895809173584,22.78070640563965
20002_1320_10,2024-05-14,49,18.49046,16.888906478881836,18.03421211242676,18.911666870117188
20002_1320_10,2024-05-15,1,4.4235296,4.637503623962402,15.515396118164062,10.654680252075195
20002_1320_10,2024-05-15,2,7.958222,8.204866409301758,13.13019847869873,9.873981475830078
20002_1320_10,2024-05-15,3,8.711855,8.899439811706543,11.890647888183594,9.60578727722168
20002_1320_10,2024-05-15,4,9.86009,9.969975471496582,11.552589416503906,10.649925231933594
20002_1320_10,2024-05-15,5,9.869502,10.016437530517578,10.914031982421877,9.925408363342283
20002_1320_10,2024-05-15,6,9.998914,10.109766960144045,11.064281463623049,9.643454551696776
20002_1320_10,2024-05-15,7,11.302699,11.463958740234377,11.890647888183594,11.015535354614258
20002_1320_10,2024-05-15,8,11.980662,12.121027946472168,12.754578590393066,12.033007621765137
20002_1320_10,2024-05-15,9,14.434738,14.511582374572754,14.163159370422363,14.086310386657717
20002_1320_10,2024-05-15,10,17.756742,17.01265525817871,15.947360038757324,15.635259628295898
20002_1320_10,2024-05-15,11,22.103064,20.63663482666016,17.8630313873291,18.17715072631836
20002_1320_10,2024-05-15,12,22.995289,21.369220733642575,19.891387939453125,19.524812698364254
20002_1320_10,2024-05-15,13,24.339548,22.50227928161621,22.013647079467773,21.295799255371094
20002_1320_10,2024-05-15,14,26.077599,24.570911407470703,23.717443466186523,23.192859649658203
20002_1320_10,2024-05-15,15,26.72662,25.28434562683105,24.837852478027344,24.216575622558597
20002_1320_10,2024-05-15,16,29.01032,27.810007095336918,26.09383583068848,26.20662879943848
20002_1320_10,2024-05-15,17,28.72114,27.64277648925781,27.441381454467773,26.84818458557129
20002_1320_10,2024-05-15,18,31.247807,30.50870132446289,29.169239044189453,29.08002281188965
20002_1320_10,2024-05-15,19,33.192665,32.64445114135742,30.314884185791016,30.602373123168945
20002_1320_10,2024-05-15,20,33.323116,32.93104934692383,31.385404586791992,31.2230224609375
20002_1320_10,2024-05-15,21,33.608894,33.426231384277344,31.798587799072266,31.668540954589844
20002_1320_10,2024-05-15,22,30.511469,30.45220375061035,31.704683303833008,30.24022483825684
20002_1320_10,2024-05-15,23,30.112993,30.03884696960449,31.498090744018555,29.75580406188965
20002_1320_10,2024-05-15,24,31.181156,31.021244049072266,31.404186248779297,30.03929328918457
20002_1320_10,2024-05-15,25,32.253784,31.59541320800781,31.51687240600586,30.117420196533203
20002_1320_10,2024-05-15,26,33.345894,32.629852294921875,31.4229679107666,30.741952896118164
20002_1320_10,2024-05-15,27,33.421032,32.71562576293945,31.27271842956543,30.5349063873291
20002_1320_10,2024-05-15,28,33.62209,32.76572036743164,31.66712188720703,30.5128116607666
20002_1320_10,2024-05-15,29,33.626564,32.735687255859375,31.573217391967773,30.331600189208984
20002_1320_10,2024-05-15,30,34.42876,33.563079833984375,32.15542984008789,31.347946166992188
20002_1320_10,2024-05-15,31,34.265316,33.371307373046875,32.775203704833984,31.71409034729004
20002_1320_10,2024-05-15,32,34.20478,33.373573303222656,32.963016510009766,31.975584030151367
20002_1320_10,2024-05-15,33,34.188366,33.3837776184082,33.413761138916016,32.31257629394531
20002_1320_10,2024-05-15,34,34.68189,32.28343963623047,34.57818603515625,32.397544860839844
20002_1320_10,2024-05-15,35,39.18505,36.342533111572266,35.59236526489258,36.24526977539063
20002_1320_10,2024-05-15,36,38.830288,36.02304458618164,36.34360504150391,36.56125259399414
20002_1320_10,2024-05-15,37,38.739117,35.848567962646484,36.75679016113281,37.070125579833984
20002_1320_10,2024-05-15,38,37.837418,33.92951202392578,37.01972579956055,36.35622024536133
20002_1320_10,2024-05-15,39,38.317554,34.33021926879883,36.64410400390625,36.17050552368164
20002_1320_10,2024-05-15,40,37.3641,33.673587799072266,36.49385452270508,36.06912612915039
20002_1320_10,2024-05-15,41,36.402573,32.97185516357422,35.742610931396484,35.1968879699707
20002_1320_10,2024-05-15,42,35.48985,31.87905502319336,34.57818603515625,34.507408142089844
20002_1320_10,2024-05-15,43,33.742424,30.051496505737305,33.188385009765625,32.95228958129883
20002_1320_10,2024-05-15,44,31.45778,28.15981674194336,31.441747665405277,31.20809555053711
20002_1320_10,2024-05-15,45,29.732836,26.478666305541992,29.394609451293945,29.19694328308105
20002_1320_10,2024-05-15,46,24.635326,21.70225524902344,26.943681716918945,25.75628662109375
20002_1320_10,2024-05-15,47,23.631317,20.707284927368164,24.101869583129883,24.479665756225582
20002_1320_10,2024-05-15,48,23.57167,20.60939216613769,21.0135555267334,21.66352653503418
20002_1320_10,2024-05-15,49,19.037455,16.888906478881836,17.581314086914062,17.994409561157227
20002_1320_10,2024-05-16,1,4.75,4.637503623962402,15.226097106933594,9.684982299804688
20002_1320_10,2024-05-16,2,8.32671,8.204866409301758,12.531126022338867,8.817159652709961
20002_1320_10,2024-05-16,3,9.029091,8.899439811706543,10.996490478515623,8.239995002746582
20002_1320_10,2024-05-16,4,10.274272,9.969975471496582,10.50989818572998,9.153453826904297
20002_1320_10,2024-05-16,5,10.331049,10.016437530517578,10.50989818572998,9.45144748687744
20002_1320_10,2024-05-16,6,10.34612,10.109766960144045,11.183640480041504,9.536964416503906
20002_1320_10,2024-05-16,7,11.569151,11.463958740234377,12.194254875183104,10.893198013305664
20002_1320_10,2024-05-16,8,12.214582,12.121027946472168,13.579169273376465,12.420044898986816
20002_1320_10,2024-05-16,9,14.70164,14.511582374572754,15.30095672607422,14.630887031555176
20002_1320_10,2024-05-16,10,17.209461,17.01265525817871,17.191181182861328,16.40485191345215
20002_1320_10,2024-05-16,11,21.378239,20.63663482666016,19.493133544921875,19.2612419128418
20002_1320_10,2024-05-16,12,22.100693,21.369220733642575,21.56114959716797,20.13605117797852
20002_1320_10,2024-05-16,13,22.736195,22.50227928161621,23.373291015625,21.282390594482425
20002_1320_10,2024-05-16,14,24.750378,24.570911407470703,24.99302673339844,22.90343475341797
20002_1320_10,2024-05-16,15,25.372053,25.28434562683105,26.05276870727539,23.73963928222656
20002_1320_10,2024-05-16,16,27.675081,27.810007095336918,27.2879638671875,25.58623504638672
20002_1320_10,2024-05-16,17,27.437277,27.64277648925781,28.55122756958008,26.152462005615234
20002_1320_10,2024-05-16,18,30.268372,30.50870132446289,30.17943954467773,28.544330596923828
20002_1320_10,2024-05-16,19,32.358635,32.64445114135742,31.09647750854492,30.169708251953125
20002_1320_10,2024-05-16,20,32.62282,32.93104934692383,32.013519287109375,30.88690185546875
20002_1320_10,2024-05-16,21,32.667908,33.426231384277344,32.14452362060547,30.90562438964844
20002_1320_10,2024-05-16,22,29.19204,30.45220375061035,31.470779418945312,28.748329162597656
20002_1320_10,2024-05-16,23,29.025341,30.03884696960449,31.22748565673828,28.0372314453125
20002_1320_10,2024-05-16,24,30.046747,31.021244049072266,31.00290298461914,28.454036712646484
20002_1320_10,2024-05-16,25,31.10931,31.59541320800781,31.021617889404297,28.90381622314453
20002_1320_10,2024-05-16,26,32.390934,32.629852294921875,31.1339111328125,29.827373504638672
20002_1320_10,2024-05-16,27,32.49496,32.71562576293945,31.11519241333008,29.910125732421875
20002_1320_10,2024-05-16,28,32.592888,32.76572036743164,31.601787567138672,30.155261993408203
20002_1320_10,2024-05-16,29,32.666866,32.735687255859375,31.48949813842773,30.223358154296875
20002_1320_10,2024-05-16,30,33.329815,33.563079833984375,31.919940948486328,30.994354248046875
20002_1320_10,2024-05-16,31,33.17961,33.371307373046875,32.57497024536133,31.850196838378903
20002_1320_10,2024-05-16,32,33.209988,33.373573303222656,32.743408203125,31.99008560180664
20002_1320_10,2024-05-16,33,33.24324,33.3837776184082,33.08028030395508,31.991283416748047
20002_1320_10,2024-05-16,34,33.632477,32.28343963623047,34.12832260131836,32.50654220581055
20002_1320_10,2024-05-16,35,37.94942,36.342533111572266,35.32608795166016,36.63169860839844
20002_1320_10,2024-05-16,36,37.677044,36.02304458618164,36.07469177246094,36.99755859375
20002_1320_10,2024-05-16,37,37.736725,35.848567962646484,36.29927062988281,37.19776916503906
20002_1320_10,2024-05-16,38,36.920795,33.92951202392578,36.336700439453125,36.20112609863281
20002_1320_10,2024-05-16,39,37.354786,34.33021926879883,36.03726196289063,36.27003860473633
20002_1320_10,2024-05-16,40,36.659832,33.673587799072266,35.62553024291992,35.83310317993164
20002_1320_10,2024-05-16,41,36.07251,32.97185516357422,34.80206680297852,34.82120513916016
20002_1320_10,2024-05-16,42,34.911358,31.87905502319336,33.866310119628906,34.173072814941406
20002_1320_10,2024-05-16,43,33.21153,30.051496505737305,32.518821716308594,32.726348876953125
20002_1320_10,2024-05-16,44,30.684187,28.15981674194336,30.90932846069336,31.33094024658203
20002_1320_10,2024-05-16,45,28.84213,26.478666305541992,28.51380157470703,28.70791244506836
20002_1320_10,2024-05-16,46,24.224848,21.70225524902344,25.69718170166016,24.81468963623047
20002_1320_10,2024-05-16,47,23.088364,20.707284927368164,23.03086471557617,23.34851837158203
20002_1320_10,2024-05-16,48,22.979776,20.60939216613769,20.297882080078125,21.34873580932617
20002_1320_10,2024-05-16,49,18.633621,16.888906478881836,16.423860549926758,17.423503875732422
20002_1320_10,2024-05-17,1,4.47561,4.637503623962402,13.281390190124512,7.361950397491455
20002_1320_10,2024-05-17,2,7.8933163,8.204866409301758,10.9291353225708,7.703197002410889
20002_1320_10,2024-05-17,3,8.747411,8.899439811706543,10.107712745666504,8.572122573852539
20002_1320_10,2024-05-17,4,9.769267,9.969975471496582,10.145050048828123,9.701168060302734
20002_1320_10,2024-05-17,5,9.805852,10.016437530517578,10.257061958312988,9.67567539215088
20002_1320_10,2024-05-17,6,9.915608,10.109766960144045,10.630435943603516,9.744678497314451
20002_1320_10,2024-05-17,7,11.076669,11.463958740234377,11.67588233947754,11.311551094055176
20002_1320_10,2024-05-17,8,11.615574,12.121027946472168,13.020028114318848,12.587472915649414
20002_1320_10,2024-05-17,9,14.170211,14.511582374572754,14.718878746032717,14.588768005371094
20002_1320_10,2024-05-17,10,16.462366,17.01265525817871,16.511072158813477,16.208555221557617
20002_1320_10,2024-05-17,11,19.771542,20.63663482666016,18.564626693725582,18.60878562927246
20002_1320_10,2024-05-17,12,20.196877,21.369220733642575,20.450164794921875,19.498735427856445
20002_1320_10,2024-05-17,13,21.31549,22.50227928161621,22.14434814453125,20.7296199798584
20002_1320_10,2024-05-17,14,23.204094,24.570911407470703,23.677515029907227,22.69773292541504
20002_1320_10,2024-05-17,15,23.889915,25.28434562683105,24.840808868408203,23.6461124420166
20002_1320_10,2024-05-17,16,26.04663,27.810007095336918,26.22345542907715,25.46195411682129
20002_1320_10,2024-05-17,17,25.876402,27.64277648925781,27.74962043762207,26.20281410217285
20002_1320_10,2024-05-17,18,28.414476,30.50870132446289,29.32712745666504,28.296920776367188
20002_1320_10,2024-05-17,19,30.702898,32.64445114135742,30.083208084106445,29.910961151123047
20002_1320_10,2024-05-17,20,30.939829,32.93104934692383,30.867292404174805,30.37396240234375
20002_1320_10,2024-05-17,21,31.37986,33.426231384277344,31.09131622314453,30.670297622680664
20002_1320_10,2024-05-17,22,28.68507,30.45220375061035,30.755279541015625,28.99005699157715
20002_1320_10,2024-05-17,23,28.640324,30.03884696960449,30.755281448364254,28.60695075988769
20002_1320_10,2024-05-17,24,29.727968,31.021244049072266,30.680604934692383,28.99834442138672
20002_1320_10,2024-05-17,25,30.706865,31.59541320800781,30.755281448364254,29.27133178710937
20002_1320_10,2024-05-17,26,31.698465,32.629852294921875,30.680604934692383,30.10166549682617
20002_1320_10,2024-05-17,27,31.830238,32.71562576293945,30.829954147338867,30.41153907775879
20002_1320_10,2024-05-17,28,31.858929,32.76572036743164,31.50202751159668,30.477832794189453
20002_1320_10,2024-05-17,29,31.91745,32.735687255859375,31.59537124633789,30.65243530273437
20002_1320_10,2024-05-17,30,33.02395,33.563079833984375,31.85673141479492,31.220706939697266
20002_1320_10,2024-05-17,31,33.035694,33.371307373046875,32.32345199584961,31.57359504699707
20002_1320_10,2024-05-17,32,33.037033,33.373573303222656,32.398128509521484,31.63190460205078
20002_1320_10,2024-05-17,33,33.024704,33.3837776184082,33.1075325012207,32.40943908691406
20002_1320_10,2024-05-17,34,34.113064,32.28343963623047,34.60102844238281,33.15231704711914
20002_1320_10,2024-05-17,35,38.23562,36.342533111572266,35.72114944458008,37.07600784301758
20002_1320_10,2024-05-17,36,37.73494,36.02304458618164,36.20653533935547,37.1570930480957
20002_1320_10,2024-05-17,37,37.55216,35.848567962646484,36.57991027832031,37.609073638916016
20002_1320_10,2024-05-17,38,36.87889,33.92951202392578,36.39322280883789,36.27562713623047
20002_1320_10,2024-05-17,39,37.34635,34.33021926879883,36.05718994140625,36.09852600097656
20002_1320_10,2024-05-17,40,36.578773,33.673587799072266,35.87050247192383,35.7205810546875
20002_1320_10,2024-05-17,41,35.41527,32.97185516357422,35.31044006347656,34.85445785522461
20002_1320_10,2024-05-17,42,34.62761,31.87905502319336,34.451683044433594,34.00215148925781
20002_1320_10,2024-05-17,43,32.482903,30.051496505737305,33.14487075805664,32.3464469909668
20002_1320_10,2024-05-17,44,30.591076,28.15981674194336,31.352680206298828,30.50456428527832
20002_1320_10,2024-05-17,45,28.952938,26.478666305541992,28.97241973876953,28.110645294189453
20002_1320_10,2024-05-17,46,23.56229,21.70225524902344,26.298131942749023,24.09653091430664
20002_1320_10,2024-05-17,47,22.551004,20.707284927368164,24.008882522583008,23.111717224121094
20002_1320_10,2024-05-17,48,22.425922,20.60939216613769,21.420936584472656,21.32859230041504
20002_1320_10,2024-05-17,49,17.970057,16.888906478881836,16.996458053588867,16.631324768066406
20002_1320_10,2024-05-18,1,3.5671642,3.1370131969451904,13.013012886047363,6.273332595825195
20002_1320_10,2024-05-18,2,6.109808,5.920223712921143,10.820504188537598,7.205776691436768
20002_1320_10,2024-05-18,3,6.6769724,6.348084449768066,9.817151069641112,7.650112628936768
20002_1320_10,2024-05-18,4,7.6009884,7.080473899841309,9.40837860107422,8.279097557067871
20002_1320_10,2024-05-18,5,7.645765,7.100112915039063,9.33405590057373,7.938731670379639
20002_1320_10,2024-05-18,6,7.6756153,7.15753698348999,9.482701301574709,7.745491504669189
20002_1320_10,2024-05-18,7,8.58941,8.11877727508545,10.188763618469238,8.359981536865234
20002_1320_10,2024-05-18,8,9.00507,8.494621276855469,11.117793083190918,8.928731918334961
20002_1320_10,2024-05-18,9,11.036339,10.427427291870115,12.67856216430664,10.84928035736084
20002_1320_10,2024-05-18,10,12.27322,11.883729934692385,14.313655853271484,12.161670684814451
20002_1320_10,2024-05-18,11,14.391441,13.889062881469728,16.097393035888672,14.15638828277588
20002_1320_10,2024-05-18,12,15.03319,14.396265983581545,17.695323944091797,14.452753067016602
20002_1320_10,2024-05-18,13,15.71629,15.535140991210938,19.181772232055664,15.228842735290527
20002_1320_10,2024-05-18,14,16.858187,17.411609649658203,20.47312355041504,16.630084991455078
20002_1320_10,2024-05-18,15,17.358704,17.891801834106445,21.31854057312012,17.05073356628418
20002_1320_10,2024-05-18,16,19.223408,19.984729766845703,22.46124649047852,18.740419387817383
20002_1320_10,2024-05-18,17,19.104647,20.00752639770508,23.54705047607422,18.83644676208496
20002_1320_10,2024-05-18,18,21.735048,22.746906280517575,24.951047897338867,20.85747718811035
20002_1320_10,2024-05-18,19,24.471823,25.54408264160156,25.710529327392575,22.67694854736328
20002_1320_10,2024-05-18,20,24.637182,25.75687026977539,26.35852813720703,22.974496841430664
20002_1320_10,2024-05-18,21,24.639065,25.983333587646484,26.68833351135254,23.42780494689941
20002_1320_10,2024-05-18,22,22.173685,24.324932098388672,26.25633430480957,21.638032913208008
20002_1320_10,2024-05-18,23,21.516222,23.966609954833984,26.040332794189453,21.2265567779541
20002_1320_10,2024-05-18,24,22.056433,24.648778915405277,25.817367553710938,21.58279609680176
20002_1320_10,2024-05-18,25,22.567144,25.089954376220703,26.02175521850586,22.03678321838379
20002_1320_10,2024-05-18,26,23.628862,26.41196823120117,25.534013748168945,22.415075302124023
20002_1320_10,2024-05-18,27,23.55231,26.452129364013672,25.689626693725582,22.659400939941406
20002_1320_10,2024-05-18,28,23.53964,26.443023681640625,26.386398315429688,22.819101333618164
20002_1320_10,2024-05-18,29,23.633833,26.587671279907227,26.428205490112305,22.980512619018555
20002_1320_10,2024-05-18,30,24.070724,27.23685073852539,26.813751220703125,23.800275802612305
20002_1320_10,2024-05-18,31,24.253395,27.117900848388672,27.33400535583496,24.140892028808597
20002_1320_10,2024-05-18,32,24.119053,27.12310791015625,27.347944259643555,24.108760833740234
20002_1320_10,2024-05-18,33,24.16383,27.17875099182129,27.8496208190918,24.663612365722656
20002_1320_10,2024-05-18,34,24.22225,25.685775756835938,29.243165969848636,25.098552703857425
20002_1320_10,2024-05-18,35,29.158354,31.84015846252441,30.40445327758789,30.059627532958984
20002_1320_10,2024-05-18,36,29.062372,31.89255142211914,30.9061279296875,30.09691429138184
20002_1320_10,2024-05-18,37,28.83103,31.678829193115234,31.389223098754883,30.49350357055664
20002_1320_10,2024-05-18,38,28.326231,29.65505599975586,31.40780067443848,29.58360481262207
20002_1320_10,2024-05-18,39,28.55774,29.95296859741211,31.203418731689453,29.87080383300781
20002_1320_10,2024-05-18,40,27.87812,29.23160743713379,30.776065826416016,28.914445877075195
20002_1320_10,2024-05-18,41,27.523827,28.44189071655273,30.05141830444336,28.117292404174805
20002_1320_10,2024-05-18,42,26.829023,27.05659866333008,29.113100051879883,27.12549591064453
20002_1320_10,2024-05-18,43,25.644691,24.961669921875,27.83104133605957,25.696992874145508
20002_1320_10,2024-05-18,44,23.839918,23.01998519897461,26.12162399291992,23.82071685791016
20002_1320_10,2024-05-18,45,21.82232,21.08736228942871,24.264726638793945,22.18971443176269
20002_1320_10,2024-05-18,46,16.766539,15.87449836730957,21.56937789916992,18.133106231689453
20002_1320_10,2024-05-18,47,16.044725,15.246606826782228,19.71131896972656,17.742069244384766
20002_1320_10,2024-05-18,48,16.029755,15.150118827819824,17.56525993347168,16.67168617248535
20002_1320_10,2024-05-18,49,13.579104,12.468172073364258,13.644753456115724,13.210847854614258
20002_1320_10,2024-05-19,1,2.0,2.9442410469055176,7.954873085021973,4.259032249450684
20002_1320_10,2024-05-19,2,4.0588236,6.089825630187988,6.079366683959961,5.926374912261963
20002_1320_10,2024-05-19,3,4.7352943,6.606072902679443,5.049676895141602,5.641639709472656
20002_1320_10,2024-05-19,4,5.2352943,7.313234806060791,4.829028129577637,6.13200569152832
20002_1320_10,2024-05-19,5,5.2647057,7.334558963775635,5.049675941467285,6.386420726776123
20002_1320_10,2024-05-19,6,5.3235292,7.4406938552856445,5.564521789550781,6.154539585113525
20002_1320_10,2024-05-19,7,5.8077946,7.946801662445068,6.079366683959961,7.041697978973389
20002_1320_10,2024-05-19,8,6.5901475,8.478458404541016,6.814858913421631,7.798404216766357
20002_1320_10,2024-05-19,9,8.685996,10.828190803527832,8.469717025756836,9.829051971435549
20002_1320_10,2024-05-19,10,9.803642,12.210878372192385,9.903928756713867,10.907784461975098
20002_1320_10,2024-05-19,11,11.563152,14.100179672241213,11.41168975830078,12.82125186920166
20002_1320_10,2024-05-19,12,11.798447,14.40092658996582,13.029773712158203,13.30240535736084
20002_1320_10,2024-05-19,13,12.792277,16.077953338623047,14.39043426513672,14.201658248901367
20002_1320_10,2024-05-19,14,14.086395,17.85736846923828,15.640772819519045,15.887009620666504
20002_1320_10,2024-05-19,15,14.32169,18.008615493774414,16.707237243652344,16.383438110351562
20002_1320_10,2024-05-19,16,15.766309,19.90926742553711,17.718538284301758,18.095685958862305
20002_1320_10,2024-05-19,17,15.855497,20.26524353027344,19.01484680175781,18.52361488342285
20002_1320_10,2024-05-19,18,18.704762,23.194997787475582,20.4306697845459,20.472789764404297
20002_1320_10,2024-05-19,19,21.006464,27.0225830078125,21.230518341064453,22.55752944946289
20002_1320_10,2024-05-19,20,21.158422,27.06240463256836,21.78673553466797,22.766292572021484
20002_1320_10,2024-05-19,21,21.010384,27.10540771484375,21.97520446777344,23.06650733947754
20002_1320_10,2024-05-19,22,19.071177,24.965171813964844,21.69479751586914,21.47927665710449
20002_1320_10,2024-05-19,23,18.682487,24.137052536010746,21.4511661529541,20.87397575378418
20002_1320_10,2024-05-19,24,18.956894,24.558223724365234,21.26729202270508,21.192058563232425
20002_1320_10,2024-05-19,25,19.287142,24.997892379760746,21.795928955078125,21.812219619750977
20002_1320_10,2024-05-19,26,20.089445,26.912036895751957,21.72237968444824,22.686199188232425
20002_1320_10,2024-05-19,27,20.163174,27.01651382446289,21.901655197143555,22.798751831054688
20002_1320_10,2024-05-19,28,20.192585,27.001300811767575,22.241819381713867,22.81039428710937
20002_1320_10,2024-05-19,29,20.663733,27.53890037536621,22.471662521362305,23.490943908691406
20002_1320_10,2024-05-19,30,21.339743,28.24460220336914,22.947433471679688,24.19129180908203
20002_1320_10,2024-05-19,31,21.268564,28.116641998291016,23.078445434570312,24.02847671508789
20002_1320_10,2024-05-19,32,21.220554,28.110254287719727,23.15199279785156,24.061872482299805
20002_1320_10,2024-05-19,33,21.176538,28.13177490234375,23.805316925048828,24.83413314819336
20002_1320_10,2024-05-19,34,21.427464,25.78197288513184,25.041290283203125,24.787965774536133
20002_1320_10,2024-05-19,35,26.0233,34.71236801147461,26.23186683654785,29.89443588256836
20002_1320_10,2024-05-19,36,25.948719,34.76377487182617,27.059297561645508,30.37196350097656
20002_1320_10,2024-05-19,37,25.826275,34.80088424682617,27.666078567504883,30.91423225402832
20002_1320_10,2024-05-19,38,24.92799,31.82550621032715,27.748823165893555,29.55706787109375
20002_1320_10,2024-05-19,39,25.290283,31.995086669921875,27.785594940185547,29.904088973999023
20002_1320_10,2024-05-19,40,24.536451,30.92059898376465,27.50978660583496,29.367935180664062
20002_1320_10,2024-05-19,41,24.572172,29.96527099609375,27.19720268249512,28.863191604614254
20002_1320_10,2024-05-19,42,23.914608,28.611846923828125,26.65477561950684,28.14708137512207
20002_1320_10,2024-05-19,43,22.7908,26.84344482421875,25.494075775146484,26.982147216796875
20002_1320_10,2024-05-19,44,20.916313,25.245756149291992,23.93058204650879,25.21756172180176
20002_1320_10,2024-05-19,45,20.053083,23.48405647277832,22.030366897583008,23.41169548034668
20002_1320_10,2024-05-19,46,15.047823,17.096023559570312,19.41017341613769,19.07583236694336
20002_1320_10,2024-05-19,47,14.767241,16.45949935913086,17.71854019165039,18.49465751647949
20002_1320_10,2024-05-19,48,14.721584,16.352983474731445,16.284330368041992,17.81336784362793
20002_1320_10,2024-05-19,49,13.374344,14.458206176757812,13.213645935058594,15.370279312133787
20002_1320_10,2024-05-20,1,4.481928,4.637503623962402,8.050544738769531,4.586917877197266
20002_1320_10,2024-05-20,2,7.7852407,8.204866409301758,5.945470333099365,6.003854274749756
20002_1320_10,2024-05-20,3,8.268675,8.899439811706543,5.0591230392456055,6.24815559387207
20002_1320_10,2024-05-20,4,9.55272,9.969975471496582,5.169915676116943,7.492143630981445
20002_1320_10,2024-05-20,5,9.564768,10.016437530517578,5.723883152008057,8.288050651550293
20002_1320_10,2024-05-20,6,9.637057,10.109766960144045,6.46250581741333,8.337167739868164
20002_1320_10,2024-05-20,7,10.730487,11.463958740234377,7.201128005981445,9.632572174072266
20002_1320_10,2024-05-20,8,11.141735,12.121027946472168,8.050544738769531,10.567132949829102
20002_1320_10,2024-05-20,9,13.282213,14.511582374572754,9.527790069580078,12.523061752319336
20002_1320_10,2024-05-20,10,15.400301,17.01265525817871,11.485139846801758,14.073543548583984
20002_1320_10,2024-05-20,11,18.765995,20.63663482666016,13.479421615600586,16.647777557373047
20002_1320_10,2024-05-20,12,19.51016,21.369220733642575,15.178253173828123,17.20252227783203
20002_1320_10,2024-05-20,13,20.504578,22.50227928161621,16.987878799438477,18.492033004760746
20002_1320_10,2024-05-20,14,21.874046,24.570911407470703,18.63131523132324,20.473106384277344
20002_1320_10,2024-05-20,15,22.61957,25.28434562683105,19.942371368408203,21.2758903503418
20002_1320_10,2024-05-20,16,24.966791,27.810007095336918,21.364219665527344,23.524906158447266
20002_1320_10,2024-05-20,17,24.908697,27.64277648925781,22.78145217895508,23.860801696777344
20002_1320_10,2024-05-20,18,27.262989,30.50870132446289,24.77573013305664,26.47167205810547
20002_1320_10,2024-05-20,19,29.164433,32.64445114135742,25.985227584838867,28.988880157470703
20002_1320_10,2024-05-20,20,29.311094,32.93104934692383,26.756162643432617,29.13827514648437
20002_1320_10,2024-05-20,21,29.206505,33.426231384277344,26.86695671081543,29.07271385192871
20002_1320_10,2024-05-20,22,26.10816,30.45220375061035,26.211429595947266,27.004289627075195
20002_1320_10,2024-05-20,23,25.837776,30.03884696960449,25.96676254272461,26.42630386352539
20002_1320_10,2024-05-20,24,26.793934,31.021244049072266,25.996767044067383,26.944101333618164
20002_1320_10,2024-05-20,25,27.36467,31.59541320800781,26.65921974182129,27.588193893432617
20002_1320_10,2024-05-20,26,28.461443,32.629852294921875,26.96851921081543,28.997556686401367
20002_1320_10,2024-05-20,27,28.562956,32.71562576293945,27.19010734558105,29.204469680786133
20002_1320_10,2024-05-20,28,28.63024,32.76572036743164,27.53171730041504,28.95745086669922
20002_1320_10,2024-05-20,29,28.623121,32.735687255859375,27.54094886779785,29.243783950805664
20002_1320_10,2024-05-20,30,29.9409,33.563079833984375,27.84563446044922,29.88772392272949
20002_1320_10,2024-05-20,31,29.98301,33.371307373046875,28.13184928894043,30.159481048583984
20002_1320_10,2024-05-20,32,29.945354,33.373573303222656,28.178014755249023,29.5577392578125
20002_1320_10,2024-05-20,33,29.888472,33.3837776184082,28.49193000793457,29.44579124450684
20002_1320_10,2024-05-20,34,30.313828,32.28343963623047,29.673725128173828,29.41443252563477
20002_1320_10,2024-05-20,35,35.27221,36.342533111572266,31.05864143371582,34.846961975097656
20002_1320_10,2024-05-20,36,34.886997,36.02304458618164,31.48335075378418,34.60805892944336
20002_1320_10,2024-05-20,37,34.808823,35.848567962646484,31.834197998046875,34.634063720703125
20002_1320_10,2024-05-20,38,33.78037,33.92951202392578,31.668004989624023,33.28171157836914
20002_1320_10,2024-05-20,39,33.999928,34.33021926879883,31.372556686401367,33.43128204345703
20002_1320_10,2024-05-20,40,33.13516,33.673587799072266,30.9663143157959,32.57734298706055
20002_1320_10,2024-05-20,41,32.30167,32.97185516357422,30.726261138916016,32.3558235168457
20002_1320_10,2024-05-20,42,31.226645,31.87905502319336,30.04303741455078,31.1356201171875
20002_1320_10,2024-05-20,43,29.35889,30.051496505737305,28.80584144592285,29.837034225463867
20002_1320_10,2024-05-20,44,27.505495,28.15981674194336,27.199338912963867,28.12763977050781
20002_1320_10,2024-05-20,45,26.068686,26.478666305541992,24.86113739013672,26.346656799316406
20002_1320_10,2024-05-20,46,21.822992,21.70225524902344,22.03821182250977,21.5613956451416
20002_1320_10,2024-05-20,47,20.797703,20.707284927368164,20.071630477905277,20.55559539794922
20002_1320_10,2024-05-20,48,20.696249,20.60939216613769,18.852901458740234,20.40106964111328
20002_1320_10,2024-05-20,49,16.618769,16.888906478881836,15.732219696044922,17.80938148498535
20002_1320_10,2024-05-21,1,4.756098,4.637503623962402,12.571972846984863,5.313952445983887
20002_1320_10,2024-05-21,2,8.372027,8.204866409301758,10.444125175476074,6.834256649017334
20002_1320_10,2024-05-21,3,8.952566,8.899439811706543,9.857132911682127,7.999058246612549
20002_1320_10,2024-05-21,4,9.83468,9.969975471496582,10.07725429534912,9.42557430267334
20002_1320_10,2024-05-21,5,9.836014,10.016437530517578,10.334064483642578,9.2417573928833
20002_1320_10,2024-05-21,6,9.909184,10.109766960144045,11.141179084777832,9.312582015991213
20002_1320_10,2024-05-21,7,10.888568,11.463958740234377,11.691484451293944,10.4223051071167
20002_1320_10,2024-05-21,8,11.436312,12.121027946472168,12.461912155151367,11.3677339553833
20002_1320_10,2024-05-21,9,13.549854,14.511582374572754,14.222888946533203,13.723299026489258
20002_1320_10,2024-05-21,10,15.929348,17.01265525817871,16.570859909057617,15.820931434631348
20002_1320_10,2024-05-21,11,19.57971,20.63663482666016,19.24901390075684,19.623201370239254
20002_1320_10,2024-05-21,12,20.213623,21.369220733642575,21.248458862304688,20.31016159057617
20002_1320_10,2024-05-21,13,20.942091,22.50227928161621,22.97274780273437,21.704137802124023
20002_1320_10,2024-05-21,14,22.345276,24.570911407470703,24.28932762145996,23.47364044189453
20002_1320_10,2024-05-21,15,22.923784,25.28434562683105,25.692174911499023,24.246734619140625
20002_1320_10,2024-05-21,16,25.07138,27.810007095336918,27.045011520385746,26.7191104888916
20002_1320_10,2024-05-21,17,24.850739,27.64277648925781,28.182308197021484,26.89092445373535
20002_1320_10,2024-05-21,18,27.050016,30.50870132446289,30.346843719482425,29.448774337768555
20002_1320_10,2024-05-21,19,28.757175,32.64445114135742,31.227331161499023,31.22432518005371
20002_1320_10,2024-05-21,20,28.956718,32.93104934692383,31.722606658935547,31.001447677612305
20002_1320_10,2024-05-21,21,28.964811,33.426231384277344,32.052791595458984,31.46656608581543
20002_1320_10,2024-05-21,22,26.44097,30.45220375061035,31.374080657958984,28.97384452819824
20002_1320_10,2024-05-21,23,26.186636,30.03884696960449,31.208986282348636,28.552291870117188
20002_1320_10,2024-05-21,24,27.208317,31.021244049072266,31.30070686340332,29.304441452026367
20002_1320_10,2024-05-21,25,27.653568,31.59541320800781,31.722606658935547,29.812055587768555
20002_1320_10,2024-05-21,26,28.986094,32.629852294921875,31.887697219848636,30.95440673828125
20002_1320_10,2024-05-21,27,29.033861,32.71562576293945,31.97941780090332,30.814104080200195
20002_1320_10,2024-05-21,28,29.00844,32.76572036743164,32.45634841918945,30.735292434692383
20002_1320_10,2024-05-21,29,28.521547,32.735687255859375,32.78653335571289,31.44235610961914
20002_1320_10,2024-05-21,30,29.428925,33.563079833984375,33.465240478515625,32.62190628051758
20002_1320_10,2024-05-21,31,29.532852,33.371307373046875,33.59364700317383,32.30878448486328
20002_1320_10,2024-05-21,32,29.54072,33.373573303222656,33.66701889038086,32.305538177490234
20002_1320_10,2024-05-21,33,29.53842,33.3837776184082,34.03388977050781,32.605712890625
20002_1320_10,2024-05-21,34,29.944407,32.28343963623047,35.244564056396484,32.36422348022461
20002_1320_10,2024-05-21,35,34.44376,36.342533111572266,36.418548583984375,37.248172760009766
20002_1320_10,2024-05-21,36,33.95718,36.02304458618164,37.00554275512695,37.355445861816406
20002_1320_10,2024-05-21,37,33.773945,35.848567962646484,36.67535781860352,37.08346176147461
20002_1320_10,2024-05-21,38,33.170254,33.92951202392578,36.05167770385742,34.7724723815918
20002_1320_10,2024-05-21,39,33.32436,34.33021926879883,36.0883674621582,35.546226501464844
20002_1320_10,2024-05-21,40,32.76516,33.673587799072266,35.61143493652344,34.84797668457031
20002_1320_10,2024-05-21,41,32.413124,32.97185516357422,35.244564056396484,34.412261962890625
20002_1320_10,2024-05-21,42,31.358246,31.87905502319336,34.327388763427734,33.2136116027832
20002_1320_10,2024-05-21,43,30.020111,30.051496505737305,32.62144088745117,31.36491203308105
20002_1320_10,2024-05-21,44,28.360756,28.15981674194336,30.47524642944336,29.20576286315918
20002_1320_10,2024-05-21,45,27.12508,26.478666305541992,28.17313575744629,27.278160095214844
20002_1320_10,2024-05-21,46,23.196253,21.70225524902344,25.78389358520508,23.47736930847168
20002_1320_10,2024-05-21,47,22.171635,20.707284927368164,23.582670211791992,22.46859359741211
20002_1320_10,2024-05-21,48,22.164263,20.60939216613769,21.93634033203125,22.1107177734375
20002_1320_10,2024-05-21,49,17.355986,16.888906478881836,17.08448028564453,17.28223991394043
20002_1320_10,2024-05-22,1,4.821429,4.637503623962402,12.637336730957031,4.570801734924316
20002_1320_10,2024-05-22,2,8.418412,8.204866409301758,10.711502075195312,6.449115753173828
20002_1320_10,2024-05-22,3,9.0490675,8.899439811706543,10.021108627319336,8.022238731384277
20002_1320_10,2024-05-22,4,10.159057,9.969975471496582,10.021108627319336,9.729400634765623
20002_1320_10,2024-05-22,5,10.230486,10.016437530517578,9.730417251586914,9.183380126953123
20002_1320_10,2024-05-22,6,10.420961,10.109766960144045,9.730416297912598,8.622166633605957
20002_1320_10,2024-05-22,7,11.678505,11.463958740234377,10.275464057922363,9.993983268737791
20002_1320_10,2024-05-22,8,12.223851,12.121027946472168,11.147540092468262,11.333011627197266
20002_1320_10,2024-05-22,9,14.684781,14.511582374572754,12.89169216156006,14.07815933227539
20002_1320_10,2024-05-22,10,17.31895,17.01265525817871,15.19905948638916,16.234325408935547
20002_1320_10,2024-05-22,11,21.590427,20.63663482666016,17.560932159423828,19.74222946166992
20002_1320_10,2024-05-22,12,22.201624,21.369220733642575,19.50493621826172,20.027719497680664
20002_1320_10,2024-05-22,13,22.961096,22.50227928161621,21.55794715881348,21.64063262939453
20002_1320_10,2024-05-22,14,24.911728,24.570911407470703,22.72980117797852,23.12209129333496
20002_1320_10,2024-05-22,15,25.495466,25.28434562683105,23.718406677246094,23.589336395263672
20002_1320_10,2024-05-22,16,27.974798,27.810007095336918,25.221120834350582,25.99880790710449
20002_1320_10,2024-05-22,17,27.698875,27.64277648925781,26.52242088317871,26.132015228271484
20002_1320_10,2024-05-22,18,30.429117,30.50870132446289,28.34379005432129,28.50543594360352
20002_1320_10,2024-05-22,19,32.375534,32.64445114135742,29.22494888305664,30.31734085083008
20002_1320_10,2024-05-22,20,32.65037,32.93104934692383,29.860837936401367,30.753877639770508
20002_1320_10,2024-05-22,21,32.495407,33.426231384277344,30.35137939453125,30.912857055664062
20002_1320_10,2024-05-22,22,29.44063,30.45220375061035,29.80633354187012,28.68931007385254
20002_1320_10,2024-05-22,23,29.184256,30.03884696960449,29.497472763061523,28.007648468017575
20002_1320_10,2024-05-22,24,30.731401,31.021244049072266,29.3157901763916,28.69078254699707
20002_1320_10,2024-05-22,25,31.645964,31.59541320800781,29.769994735717773,29.12765121459961
20002_1320_10,2024-05-22,26,33.15927,32.629852294921875,29.73365974426269,30.15486717224121
20002_1320_10,2024-05-22,27,33.153255,32.71562576293945,29.86083602905273,29.919334411621094
20002_1320_10,2024-05-22,28,33.25678,32.76572036743164,30.442222595214844,30.173831939697266
20002_1320_10,2024-05-22,29,33.266987,32.735687255859375,30.55122947692871,30.583253860473636
20002_1320_10,2024-05-22,30,34.059345,33.563079833984375,30.987268447875977,31.382789611816406
20002_1320_10,2024-05-22,31,34.10786,33.371307373046875,31.350635528564453,31.32485008239746
20002_1320_10,2024-05-22,32,34.062252,33.373573303222656,31.586822509765625,31.719844818115234
20002_1320_10,2024-05-22,33,34.129555,33.3837776184082,31.932018280029297,31.61029052734375
20002_1320_10,2024-05-22,34,34.39922,32.28343963623047,33.094783782958984,31.341188430786133
20002_1320_10,2024-05-22,35,38.500572,36.342533111572266,34.330223083496094,36.88587188720703
20002_1320_10,2024-05-22,36,38.239292,36.02304458618164,34.766265869140625,37.00657653808594
20002_1320_10,2024-05-22,37,38.2371,35.848567962646484,34.87527084350586,36.60220718383789
20002_1320_10,2024-05-22,38,37.400414,33.92951202392578,34.62091827392578,35.04823684692383
20002_1320_10,2024-05-22,39,37.58929,34.33021926879883,34.47557067871094,35.36113357543945
20002_1320_10,2024-05-22,40,36.77796,33.673587799072266,34.22121810913086,34.97166061401367
20002_1320_10,2024-05-22,41,36.128754,32.97185516357422,33.8033447265625,34.357635498046875
20002_1320_10,2024-05-22,42,35.261734,31.87905502319336,33.058448791503906,33.454681396484375
20002_1320_10,2024-05-22,43,33.08838,30.051496505737305,31.6049919128418,32.20278549194336
20002_1320_10,2024-05-22,44,30.682373,28.15981674194336,29.9698486328125,30.327804565429688
20002_1320_10,2024-05-22,45,28.851479,26.478666305541992,27.816909790039062,28.336271286010746
20002_1320_10,2024-05-22,46,23.969303,21.70225524902344,25.16775321960449,24.307025909423828
20002_1320_10,2024-05-22,47,22.991325,20.707284927368164,22.981884002685547,23.60843849182129
20002_1320_10,2024-05-22,48,22.850842,20.60939216613769,20.93114280700684,22.61804580688477
20002_1320_10,2024-05-22,49,18.431875,16.888906478881836,16.47083854675293,18.07647705078125
20002_1320_10,2024-05-23,1,4.352941,4.637503623962402,13.136347770690918,5.575081825256348
20002_1320_10,2024-05-23,2,7.6999884,8.204866409301758,10.729127883911133,7.17386531829834
20002_1320_10,2024-05-23,3,8.426039,8.899439811706543,10.473816871643066,8.683924674987793
20002_1320_10,2024-05-23,4,9.650241,9.969975471496582,10.76560115814209,10.1161470413208
20002_1320_10,2024-05-23,5,9.673771,10.016437530517578,11.057385444641112,10.095660209655762
20002_1320_10,2024-05-23,6,9.7057705,10.109766960144045,11.42211627960205,9.796630859375
20002_1320_10,2024-05-23,7,10.736541,11.463958740234377,12.005684852600098,11.050841331481934
20002_1320_10,2024-05-23,8,11.398552,12.121027946472168,12.990456581115724,12.02975845336914
20002_1320_10,2024-05-23,9,13.450201,14.511582374572754,14.595270156860352,13.97097396850586
20002_1320_10,2024-05-23,10,15.790177,17.01265525817871,16.8930721282959,16.29351806640625
20002_1320_10,2024-05-23,11,19.104263,20.63663482666016,19.446184158325195,20.02782821655273
20002_1320_10,2024-05-23,12,19.632198,21.369220733642575,21.361019134521484,20.386857986450195
20002_1320_10,2024-05-23,13,20.572548,22.50227928161621,22.867809295654297,21.348737716674805
20002_1320_10,2024-05-23,14,22.085562,24.570911407470703,24.117584228515625,22.782758712768555
20002_1320_10,2024-05-23,15,22.660639,25.28434562683105,25.19752693176269,23.474336624145508
20002_1320_10,2024-05-23,16,24.841143,27.810007095336918,26.3532657623291,25.47640609741211
20002_1320_10,2024-05-23,17,24.799583,27.64277648925781,27.40642547607422,25.31874084472656
20002_1320_10,2024-05-23,18,27.270666,30.50870132446289,29.23919677734375,28.130245208740234
20002_1320_10,2024-05-23,19,28.603403,32.64445114135742,30.11454963684082,30.51273536682129
20002_1320_10,2024-05-23,20,28.681192,32.93104934692383,30.82577133178711,30.872394561767575
20002_1320_10,2024-05-23,21,28.895668,33.426231384277344,31.00813865661621,30.8376579284668
20002_1320_10,2024-05-23,22,26.353844,30.45220375061035,30.041603088378903,27.750394821166992
20002_1320_10,2024-05-23,23,25.879797,30.03884696960449,29.80452919006348,27.16133117675781
20002_1320_10,2024-05-23,24,26.768095,31.021244049072266,29.950420379638672,28.45143699645996
20002_1320_10,2024-05-23,25,27.269196,31.59541320800781,30.643407821655277,29.102764129638672
20002_1320_10,2024-05-23,26,28.261791,32.629852294921875,30.661645889282227,30.160051345825195
20002_1320_10,2024-05-23,27,28.278986,32.71562576293945,31.00813865661621,30.53923225402832
20002_1320_10,2024-05-23,28,28.328568,32.76572036743164,31.555233001708984,30.765945434570312
20002_1320_10,2024-05-23,29,28.341665,32.735687255859375,31.354633331298828,30.938289642333984
20002_1320_10,2024-05-23,30,29.241161,33.563079833984375,31.810544967651367,31.546112060546875
20002_1320_10,2024-05-23,31,29.19064,33.371307373046875,32.412353515625,32.0456428527832
20002_1320_10,2024-05-23,32,29.244766,33.373573303222656,32.63119125366211,32.3124885559082
20002_1320_10,2024-05-23,33,29.147518,33.3837776184082,32.70413589477539,32.33904266357422
20002_1320_10,2024-05-23,34,29.889988,32.28343963623047,33.944217681884766,31.549060821533203
20002_1320_10,2024-05-23,35,34.1712,36.342533111572266,35.45785140991211,37.14548873901367
20002_1320_10,2024-05-23,36,33.569946,36.02304458618164,35.82257843017578,37.37886047363281
20002_1320_10,2024-05-23,37,33.322388,35.848567962646484,35.56726837158203,36.9417839050293
20002_1320_10,2024-05-23,38,32.821182,33.92951202392578,35.202537536621094,35.13166046142578
20002_1320_10,2024-05-23,39,33.08991,34.33021926879883,35.38490295410156,35.95161437988281
20002_1320_10,2024-05-23,40,32.009857,33.673587799072266,35.202537536621094,35.26984405517578
20002_1320_10,2024-05-23,41,31.340666,32.97185516357422,34.76486587524414,34.819637298583984
20002_1320_10,2024-05-23,42,30.581247,31.87905502319336,33.65243148803711,33.488582611083984
20002_1320_10,2024-05-23,43,28.990723,30.051496505737305,32.26646041870117,32.20388412475586
20002_1320_10,2024-05-23,44,26.920485,28.15981674194336,30.606935501098636,30.602399826049805
20002_1320_10,2024-05-23,45,25.40895,26.478666305541992,28.290895462036133,28.33013916015625
20002_1320_10,2024-05-23,46,21.401653,21.70225524902344,25.16219520568848,23.35190773010254
20002_1320_10,2024-05-23,47,20.455204,20.707284927368164,22.75155258178711,22.37894821166992
20002_1320_10,2024-05-23,48,20.3821,20.60939216613769,21.23336410522461,22.039203643798828
20002_1320_10,2024-05-23,49,16.212017,16.888906478881836,16.820125579833984,17.869783401489258
20002_1320_10,2024-05-24,1,4.4880953,4.637503623962402,9.77151107788086,3.5661332607269287
20002_1320_10,2024-05-24,2,7.640306,8.204866409301758,8.309805870056152,6.182673454284668
20002_1320_10,2024-05-24,3,8.377551,8.899439811706543,8.701970100402832,7.309742927551269
20002_1320_10,2024-05-24,4,9.409297,9.969975471496582,8.808924674987793,8.513983726501465
20002_1320_10,2024-05-24,5,9.445012,10.016437530517578,8.559365272521973,7.553014755249023
20002_1320_10,2024-05-24,6,9.564059,10.109766960144045,8.630668640136719,7.233501434326172
20002_1320_10,2024-05-24,7,10.923796,11.463958740234377,9.272391319274902,8.294374465942383
20002_1320_10,2024-05-24,8,11.190562,12.121027946472168,10.2706298828125,9.06538200378418
20002_1320_10,2024-05-24,9,13.428265,14.511582374572754,11.874939918518066,10.504986763000488
20002_1320_10,2024-05-24,10,15.653204,17.01265525817871,13.942719459533691,11.921164512634276
20002_1320_10,2024-05-24,11,18.374958,20.63663482666016,16.349185943603516,14.88118839263916
20002_1320_10,2024-05-24,12,19.063328,21.369220733642575,18.04262351989746,15.14365291595459
20002_1320_10,2024-05-24,13,20.042313,22.50227928161621,19.41520118713379,15.475508689880373
20002_1320_10,2024-05-24,14,21.69458,24.570911407470703,20.582782745361328,16.997589111328125
20002_1320_10,2024-05-24,15,22.213982,25.28434562683105,21.563196182250977,17.336427688598633
20002_1320_10,2024-05-24,16,24.746298,27.810007095336918,22.577028274536133,18.90171813964844
20002_1320_10,2024-05-24,17,24.650333,27.64277648925781,23.730684280395508,18.72148895263672
20002_1320_10,2024-05-24,18,26.980963,30.50870132446289,25.721036911010746,21.12391471862793
20002_1320_10,2024-05-24,19,28.13184,32.64445114135742,26.62568664550781,23.18053436279297
20002_1320_10,2024-05-24,20,28.207088,32.93104934692383,27.21393203735352,23.295148849487305
20002_1320_10,2024-05-24,21,28.581636,33.426231384277344,27.356538772583008,23.44498634338379
20002_1320_10,2024-05-24,22,26.186745,30.45220375061035,26.45634078979492,20.68588638305664
20002_1320_10,2024-05-24,23,25.703531,30.03884696960449,26.5142765045166,20.59272766113281
20002_1320_10,2024-05-24,24,26.31514,31.021244049072266,26.70590209960937,21.482763290405277
20002_1320_10,2024-05-24,25,26.926342,31.59541320800781,27.436756134033203,22.182350158691406
20002_1320_10,2024-05-24,26,28.086435,32.629852294921875,27.481319427490234,23.1850643157959
20002_1320_10,2024-05-24,27,28.282162,32.71562576293945,27.730876922607425,23.355806350708008
20002_1320_10,2024-05-24,28,28.261518,32.76572036743164,28.158695220947266,23.18852424621582
20002_1320_10,2024-05-24,29,28.308744,32.735687255859375,27.82000732421875,22.89348030090332
20002_1320_10,2024-05-24,30,29.123869,33.563079833984375,28.301300048828125,23.75240707397461
20002_1320_10,2024-05-24,31,29.344421,33.371307373046875,28.827157974243164,24.239933013916016
20002_1320_10,2024-05-24,32,29.409342,33.373573303222656,28.862808227539062,24.326068878173828
20002_1320_10,2024-05-24,33,29.41126,33.3837776184082,29.34410285949707,24.64970016479492
20002_1320_10,2024-05-24,34,29.576834,32.28343963623047,30.823633193969727,24.71934509277344
20002_1320_10,2024-05-24,35,33.718025,36.342533111572266,32.24968719482422,29.9744930267334
20002_1320_10,2024-05-24,36,33.564766,36.02304458618164,32.6596794128418,30.004011154174805
20002_1320_10,2024-05-24,37,33.347305,35.848567962646484,32.83793258666992,30.35968017578125
20002_1320_10,2024-05-24,38,32.437702,33.92951202392578,32.67750549316406,28.887147903442383
20002_1320_10,2024-05-24,39,32.933838,34.33021926879883,32.78445816040039,29.390613555908203
20002_1320_10,2024-05-24,40,32.18,33.673587799072266,32.57054901123047,29.228046417236328
20002_1320_10,2024-05-24,41,31.158587,32.97185516357422,32.28533935546875,28.72676467895508
20002_1320_10,2024-05-24,42,30.134548,31.87905502319336,31.661439895629883,27.83651161193848
20002_1320_10,2024-05-24,43,28.360245,30.051496505737305,30.0214786529541,25.82954216003418
20002_1320_10,2024-05-24,44,26.58363,28.15981674194336,28.39933967590332,24.11232185363769
20002_1320_10,2024-05-24,45,25.2361,26.478666305541992,26.389497756958008,22.288143157958984
20002_1320_10,2024-05-24,46,20.875998,21.70225524902344,23.795860290527344,18.402172088623047
20002_1320_10,2024-05-24,47,20.01466,20.707284927368164,21.701343536376957,17.788490295410156
20002_1320_10,2024-05-24,48,19.91251,20.60939216613769,20.32431030273437,17.54238510131836
20002_1320_10,2024-05-24,49,15.692659,16.888906478881836,16.04615020751953,14.364806175231934
20002_1320_10,2024-05-25,1,2.7727273,3.1370131969451904,9.661767959594728,3.163893461227417
20002_1320_10,2024-05-25,2,5.8333335,5.920223712921143,8.212989807128906,5.542609214782715
20002_1320_10,2024-05-25,3,6.2727275,6.348084449768066,7.930300235748291,5.647562026977539
20002_1320_10,2024-05-25,4,6.9242425,7.080473899841309,7.753620147705078,6.794363498687744
20002_1320_10,2024-05-25,5,6.9242425,7.100112915039063,7.61227560043335,6.425294876098633
20002_1320_10,2024-05-25,6,6.939394,7.15753698348999,7.788956165313721,6.011662006378174
20002_1320_10,2024-05-25,7,7.900214,8.11877727508545,8.318997383117676,6.929469108581543
20002_1320_10,2024-05-25,8,8.344658,8.494621276855469,8.778366088867188,7.172816753387451
20002_1320_10,2024-05-25,9,10.176645,10.427427291870115,10.15647315979004,8.912046432495117
20002_1320_10,2024-05-25,10,11.498697,11.883729934692385,12.135293006896973,10.43200969696045
20002_1320_10,2024-05-25,11,13.0270605,13.889062881469728,13.937432289123535,12.622783660888672
20002_1320_10,2024-05-25,12,13.4854,14.396265983581545,15.333207130432127,12.650959968566896
20002_1320_10,2024-05-25,13,14.233071,15.535140991210938,16.499298095703125,13.06153678894043
20002_1320_10,2024-05-25,14,15.782593,17.411609649658203,17.524044036865234,14.434228897094728
20002_1320_10,2024-05-25,15,16.115753,17.891801834106445,18.31910514831543,14.886942863464355
20002_1320_10,2024-05-25,16,17.649588,19.984729766845703,19.335018157958984,16.47897720336914
20002_1320_10,2024-05-25,17,17.666767,20.00752639770508,20.37743186950684,16.366973876953125
20002_1320_10,2024-05-25,18,19.663086,22.746906280517575,21.848295211791992,18.501468658447266
20002_1320_10,2024-05-25,19,22.244217,25.54408264160156,22.66985893249512,20.76559066772461
20002_1320_10,2024-05-25,20,22.4899,25.75687026977539,23.35670280456543,21.1889591217041
20002_1320_10,2024-05-25,21,22.740412,25.983333587646484,23.34235000610352,21.51316261291504
20002_1320_10,2024-05-25,22,21.34732,24.324932098388672,22.376129150390625,18.78861427307129
20002_1320_10,2024-05-25,23,20.98952,23.966609954833984,22.234783172607425,18.239444732666016
20002_1320_10,2024-05-25,24,21.516996,24.648778915405277,22.35293960571289,19.08383178710937
20002_1320_10,2024-05-25,25,22.112864,25.089954376220703,23.013282775878903,19.809711456298828
20002_1320_10,2024-05-25,26,23.346193,26.41196823120117,22.74274063110352,20.61066055297852
20002_1320_10,2024-05-25,27,23.450987,26.452129364013672,22.99009132385254,21.219707489013672
20002_1320_10,2024-05-25,28,23.557547,26.443023681640625,23.5002555847168,21.213157653808597
20002_1320_10,2024-05-25,29,23.917387,26.587671279907227,23.199899673461918,21.049177169799805
20002_1320_10,2024-05-25,30,24.725254,27.23685073852539,23.60626792907715,21.9077262878418
20002_1320_10,2024-05-25,31,24.913513,27.117900848388672,23.92870712280273,22.00200653076172
20002_1320_10,2024-05-25,32,24.939032,27.12310791015625,23.844783782958984,21.86068725585937
20002_1320_10,2024-05-25,33,24.897848,27.17875099182129,24.29421615600586,22.140640258789062
20002_1320_10,2024-05-25,34,25.106527,25.685775756835938,25.72201156616211,22.2146110534668
20002_1320_10,2024-05-25,35,33.4767,31.84015846252441,26.97644424438477,27.655258178710938
20002_1320_10,2024-05-25,36,33.65198,31.89255142211914,27.365140914916992,27.42030906677246
20002_1320_10,2024-05-25,37,33.29399,31.678829193115234,27.60365867614746,27.76377487182617
20002_1320_10,2024-05-25,38,32.36901,29.65505599975586,27.51531791687012,26.44589233398437
20002_1320_10,2024-05-25,39,32.733734,29.95296859741211,27.488815307617188,26.977020263671875
20002_1320_10,2024-05-25,40,31.863632,29.23160743713379,27.117788314819336,26.162168502807617
20002_1320_10,2024-05-25,41,30.923676,28.44189071655273,26.517072677612305,25.46823501586914
20002_1320_10,2024-05-25,42,30.280415,27.05659866333008,25.59391975402832,24.398313522338867
20002_1320_10,2024-05-25,43,28.121258,24.961669921875,24.469789505004883,22.948217391967773
20002_1320_10,2024-05-25,44,26.006645,23.01998519897461,23.12425994873047,21.42181968688965
20002_1320_10,2024-05-25,45,23.755854,21.08736228942871,21.5081844329834,20.14564514160156
20002_1320_10,2024-05-25,46,17.945637,15.87449836730957,18.778474807739254,15.42448902130127
20002_1320_10,2024-05-25,47,17.418642,15.246606826782228,17.15301513671875,15.096155166625977
20002_1320_10,2024-05-25,48,17.336498,15.150118827819824,16.12826919555664,15.177450180053713
20002_1320_10,2024-05-25,49,14.41831,12.468172073364258,12.347310066223145,11.968582153320312
20002_1320_10,2024-05-26,1,7.7430305,2.9442410469055176,9.457883834838867,4.836627960205078
20002_1320_10,2024-05-26,2,10.047273,6.089825630187988,7.912154197692871,6.73500919342041
20002_1320_10,2024-05-26,3,10.592728,6.606072902679443,7.279809951782227,6.793050765991211
20002_1320_10,2024-05-26,4,11.32,7.313234806060791,7.350069999694824,7.645773887634277
20002_1320_10,2024-05-26,5,11.350303,7.334558963775635,7.385200500488281,7.321722030639648
20002_1320_10,2024-05-26,6,11.441212,7.4406938552856445,7.947283744812012,7.220179557800293
20002_1320_10,2024-05-26,7,11.854402,7.946801662445068,8.474236488342285,7.854831695556641
20002_1320_10,2024-05-26,8,12.43016,8.478458404541016,9.001190185546875,8.407120704650879
20002_1320_10,2024-05-26,9,14.588943,10.828190803527832,10.476659774780272,10.239951133728027
20002_1320_10,2024-05-26,10,15.418308,12.210878372192385,12.162909507751465,11.513542175292969
20002_1320_10,2024-05-26,11,16.953257,14.100179672241213,13.726202964782717,13.54488754272461
20002_1320_10,2024-05-26,12,17.297836,14.40092658996582,15.131412506103516,13.978515625
20002_1320_10,2024-05-26,13,18.9918,16.077953338623047,16.32583999633789,14.476611137390137
20002_1320_10,2024-05-26,14,20.55062,17.85736846923828,17.555397033691406,15.815995216369627
20002_1320_10,2024-05-26,15,20.95428,18.008615493774414,18.46000099182129,16.340557098388672
20002_1320_10,2024-05-26,16,22.38765,19.90926742553711,19.628080368041992,18.34456825256348
20002_1320_10,2024-05-26,17,22.883263,20.26524353027344,20.971811294555664,18.86143493652344
20002_1320_10,2024-05-26,18,28.420677,23.194997787475582,22.45386505126953,20.805028915405277
20002_1320_10,2024-05-26,19,30.424736,27.0225830078125,23.329927444458008,23.333385467529297
20002_1320_10,2024-05-26,20,30.56916,27.06240463256836,24.075069427490234,23.720319747924805
20002_1320_10,2024-05-26,21,30.121525,27.10540771484375,24.074249267578125,23.838497161865234
20002_1320_10,2024-05-26,22,27.551989,24.965171813964844,23.336515426635746,21.665977478027344
20002_1320_10,2024-05-26,23,26.299109,24.137052536010746,23.288209915161133,21.209774017333984
20002_1320_10,2024-05-26,24,26.424374,24.558223724365234,23.305774688720703,21.8448429107666
20002_1320_10,2024-05-26,25,26.77638,24.997892379760746,23.892559051513672,22.708555221557617
20002_1320_10,2024-05-26,26,28.3249,26.912036895751957,24.083580017089844,23.880964279174805
20002_1320_10,2024-05-26,27,28.177958,27.01651382446289,24.14011573791504,23.99778938293457
20002_1320_10,2024-05-26,28,28.277252,27.001300811767575,24.50679016113281,24.090059280395508
20002_1320_10,2024-05-26,29,28.288929,27.53890037536621,24.639625549316406,24.553279876708984
20002_1320_10,2024-05-26,30,21.042717,28.24460220336914,25.132545471191406,25.481822967529297
20002_1320_10,2024-05-26,31,21.05485,28.116641998291016,25.52117347717285,25.71975326538086
20002_1320_10,2024-05-26,32,20.640753,28.110254287719727,25.565086364746094,25.784238815307617
20002_1320_10,2024-05-26,33,20.86114,28.13177490234375,26.285255432128903,26.435636520385746
20002_1320_10,2024-05-26,34,19.366451,25.78197288513184,27.41820526123047,26.37781524658203
20002_1320_10,2024-05-26,35,24.004484,34.71236801147461,28.75315284729004,31.763484954833984
20002_1320_10,2024-05-26,36,21.971725,34.76377487182617,29.183500289916992,31.50059509277344
20002_1320_10,2024-05-26,37,21.390728,34.80088424682617,29.605060577392575,32.15422821044922
20002_1320_10,2024-05-26,38,19.39364,31.82550621032715,29.815841674804688,31.09745216369629
20002_1320_10,2024-05-26,39,19.54036,31.995086669921875,29.72801780700684,31.558273315429688
20002_1320_10,2024-05-26,40,18.591583,30.92059898376465,29.499670028686523,30.885467529296875
20002_1320_10,2024-05-26,41,17.963976,29.96527099609375,29.13958549499512,30.52738571166992
20002_1320_10,2024-05-26,42,16.57984,28.611846923828125,28.638978958129883,29.86844253540039
20002_1320_10,2024-05-26,43,14.311818,26.84344482421875,27.760725021362305,29.11724853515625
20002_1320_10,2024-05-26,44,12.09502,25.245756149291992,26.30721092224121,27.525390625
20002_1320_10,2024-05-26,45,10.484541,23.48405647277832,23.97983741760254,25.158700942993164
20002_1320_10,2024-05-26,46,2.2371664,17.096023559570312,20.92570304870605,20.40617561340332
20002_1320_10,2024-05-26,47,1.7574905,16.45949935913086,19.15382194519043,19.829992294311523
20002_1320_10,2024-05-26,48,1.7574905,16.352983474731445,17.985742568969727,19.31642723083496
20002_1320_10,2024-05-26,49,0.09090909,14.458206176757812,14.622025489807127,16.32571792602539
20002_1320_10,2024-05-27,1,4.773543,4.637503623962402,0.0,0.0
20002_1320_10,2024-05-27,2,8.573676,8.204866409301758,0.0,0.0
20002_1320_10,2024-05-27,3,9.4016075,8.899439811706543,0.0,0.0
20002_1320_10,2024-05-27,4,10.490603,9.969975471496582,0.0,0.0
20002_1320_10,2024-05-27,5,10.529412,10.016437530517578,0.0,0.2552765011787414
20002_1320_10,2024-05-27,6,10.723459,10.109766960144045,0.0,0.7433875799179077
20002_1320_10,2024-05-27,7,11.868805,11.463958740234377,0.7480358481407166,2.4027249813079834
20002_1320_10,2024-05-27,8,12.456754,12.121027946472168,2.164358139038086,4.182535171508789
20002_1320_10,2024-05-27,9,15.577147,14.511582374572754,3.934760093688965,6.518570899963379
20002_1320_10,2024-05-27,10,18.730953,17.01265525817871,5.634346008300781,8.121657371520996
20002_1320_10,2024-05-27,11,23.384447,20.63663482666016,7.617196083068848,10.58409023284912
20002_1320_10,2024-05-27,12,24.364075,21.369220733642575,9.245965957641602,11.5327787399292
20002_1320_10,2024-05-27,13,25.6534,22.50227928161621,10.98095989227295,12.802000999450684
20002_1320_10,2024-05-27,14,27.105375,24.570911407470703,12.680546760559082,14.595735549926758
20002_1320_10,2024-05-27,15,27.71817,25.28434562683105,13.919827461242676,15.572765350341797
20002_1320_10,2024-05-27,16,30.186148,27.810007095336918,15.495484352111816,17.92613983154297
20002_1320_10,2024-05-27,17,29.896782,27.64277648925781,16.752470016479492,18.585548400878903
20002_1320_10,2024-05-27,18,32.2428,30.50870132446289,18.496315002441406,21.016870498657227
20002_1320_10,2024-05-27,19,34.015488,32.64445114135742,19.61166763305664,23.3170166015625
20002_1320_10,2024-05-27,20,34.28452,32.93104934692383,20.3021240234375,23.577192306518555
20002_1320_10,2024-05-27,21,34.27253,33.426231384277344,20.55883407592773,23.88022994995117
20002_1320_10,2024-05-27,22,32.309345,30.45220375061035,20.23130989074707,21.92560577392578
20002_1320_10,2024-05-27,23,31.622341,30.03884696960449,20.24458694458008,21.335657119750977
20002_1320_10,2024-05-27,24,32.49303,31.021244049072266,20.54113006591797,22.461366653442383
20002_1320_10,2024-05-27,25,33.192337,31.59541320800781,21.156343460083008,22.932859420776367
20002_1320_10,2024-05-27,26,34.716316,32.629852294921875,21.22715950012207,23.733396530151367
20002_1320_10,2024-05-27,27,34.854267,32.71562576293945,21.56574821472168,24.106035232543945
20002_1320_10,2024-05-27,28,34.86906,32.76572036743164,22.10516929626465,23.90014266967773
20002_1320_10,2024-05-27,29,34.715534,32.735687255859375,22.31319046020508,24.407825469970703
20002_1320_10,2024-05-27,30,36.15301,33.563079833984375,22.754131317138672,25.183956146240234
20002_1320_10,2024-05-27,31,35.93207,33.371307373046875,22.880273818969727,25.38609504699707
20002_1320_10,2024-05-27,32,35.93701,33.373573303222656,22.917892456054688,25.024301528930664
20002_1320_10,2024-05-27,33,35.985596,33.3837776184082,23.33836555480957,24.901460647583008
20002_1320_10,2024-05-27,34,34.619236,32.28343963623047,24.821075439453125,25.220081329345703
20002_1320_10,2024-05-27,35,38.832462,36.342533111572266,26.02052497863769,29.733966827392575
20002_1320_10,2024-05-27,36,38.30443,36.02304458618164,26.480825424194336,29.563013076782227
20002_1320_10,2024-05-27,37,38.06758,35.848567962646484,26.728683471679688,29.95876121520996
20002_1320_10,2024-05-27,38,36.56305,33.92951202392578,25.9143009185791,27.836570739746094
20002_1320_10,2024-05-27,39,36.780285,34.33021926879883,25.59562873840332,27.784154891967773
20002_1320_10,2024-05-27,40,36.28345,33.673587799072266,25.24154663085937,27.202537536621094
20002_1320_10,2024-05-27,41,35.348312,32.97185516357422,25.104341506958008,26.817806243896484
20002_1320_10,2024-05-27,42,34.11394,31.87905502319336,24.65731430053711,26.28146743774414
20002_1320_10,2024-05-27,43,32.366493,30.051496505737305,23.01747703552246,24.47414207458496
20002_1320_10,2024-05-27,44,30.100706,28.15981674194336,21.20503044128418,22.580398559570312
20002_1320_10,2024-05-27,45,28.293858,26.478666305541992,19.036287307739254,20.82850646972656
20002_1320_10,2024-05-27,46,23.924063,21.70225524902344,16.68165397644043,17.034944534301758
20002_1320_10,2024-05-27,47,22.866314,20.707284927368164,14.840436935424805,16.478519439697266
20002_1320_10,2024-05-27,48,22.814564,20.60939216613769,13.424115180969238,15.88221836090088
20002_1320_10,2024-05-27,49,18.611864,16.888906478881836,10.520655632019045,13.508878707885742
20002_1320_10,2024-05-28,1,5.0898647,4.637503623962402,16.740629196166992,11.151185989379885
20002_1320_10,2024-05-28,2,9.831372,8.204866409301758,15.433185577392578,12.671636581420898
20002_1320_10,2024-05-28,3,10.52778,8.899439811706543,14.537675857543944,12.014884948730469
20002_1320_10,2024-05-28,4,11.859218,9.969975471496582,14.28693389892578,12.652839660644531
20002_1320_10,2024-05-28,5,11.881739,10.016437530517578,14.215291976928713,12.339632034301758
20002_1320_10,2024-05-28,6,11.96901,10.109766960144045,14.913789749145508,12.439483642578123
20002_1320_10,2024-05-28,7,14.058118,11.463958740234377,15.540647506713867,13.05900764465332
20002_1320_10,2024-05-28,8,14.872498,12.121027946472168,16.543617248535156,13.897117614746094
20002_1320_10,2024-05-28,9,18.421108,14.511582374572754,18.06598281860352,16.122848510742188
20002_1320_10,2024-05-28,10,22.138607,17.01265525817871,19.946552276611328,17.437564849853516
20002_1320_10,2024-05-28,11,26.653141,20.63663482666016,22.180849075317383,20.176300048828125
20002_1320_10,2024-05-28,12,27.324884,21.369220733642575,24.180072784423828,20.88556289672852
20002_1320_10,2024-05-28,13,28.479641,22.50227928161621,26.022584915161133,22.290143966674805
20002_1320_10,2024-05-28,14,30.170042,24.570911407470703,27.38823699951172,23.97719383239746
20002_1320_10,2024-05-28,15,31.311285,25.28434562683105,28.328519821166992,24.49397850036621
20002_1320_10,2024-05-28,16,33.69801,27.810007095336918,29.188209533691406,26.496028900146484
20002_1320_10,2024-05-28,17,33.595234,27.64277648925781,30.44192314147949,26.74744415283203
20002_1320_10,2024-05-28,18,35.917206,30.50870132446289,32.10757064819336,29.26100349426269
20002_1320_10,2024-05-28,19,37.9315,32.64445114135742,32.84189224243164,30.87826538085937
20002_1320_10,2024-05-28,20,38.234283,32.93104934692383,33.36128234863281,30.916961669921875
20002_1320_10,2024-05-28,21,38.49708,33.426231384277344,33.468746185302734,31.26726722717285
20002_1320_10,2024-05-28,22,36.115265,30.45220375061035,33.03889846801758,29.00953865051269
20002_1320_10,2024-05-28,23,35.53528,30.03884696960449,33.03889846801758,29.049297332763672
20002_1320_10,2024-05-28,24,37.053425,31.021244049072266,33.11054229736328,29.858152389526367
20002_1320_10,2024-05-28,25,37.740524,31.59541320800781,33.36128234863281,30.13697052001953
20002_1320_10,2024-05-28,26,38.396236,32.629852294921875,33.43292617797852,30.998676300048828
20002_1320_10,2024-05-28,27,38.639877,32.71562576293945,33.82695007324219,31.585777282714844
20002_1320_10,2024-05-28,28,38.677734,32.76572036743164,34.077693939208984,31.662654876708984
20002_1320_10,2024-05-28,29,39.05,32.735687255859375,34.0418701171875,31.58729362487793
20002_1320_10,2024-05-28,30,40.598373,33.563079833984375,34.829917907714844,32.79726791381836
20002_1320_10,2024-05-28,31,40.507584,33.371307373046875,35.58214569091797,33.44236373901367
20002_1320_10,2024-05-28,32,40.507328,33.373573303222656,35.58214569091797,33.452239990234375
20002_1320_10,2024-05-28,33,40.487553,33.3837776184082,35.725425720214844,33.24601364135742
20002_1320_10,2024-05-28,34,38.729576,32.28343963623047,36.54929733276367,33.02921295166016
20002_1320_10,2024-05-28,35,44.592953,36.342533111572266,37.44480514526367,37.47428512573242
20002_1320_10,2024-05-28,36,43.912224,36.02304458618164,37.65972518920898,37.208744049072266
20002_1320_10,2024-05-28,37,44.050404,35.848567962646484,37.44480514526367,37.284210205078125
20002_1320_10,2024-05-28,38,41.864807,33.92951202392578,36.90749740600586,35.52364730834961
20002_1320_10,2024-05-28,39,42.23669,34.33021926879883,36.33437728881836,35.25918197631836
20002_1320_10,2024-05-28,40,41.296837,33.673587799072266,35.65378952026367,34.417476654052734
20002_1320_10,2024-05-28,41,41.52212,32.97185516357422,34.829917907714844,33.73709487915039
20002_1320_10,2024-05-28,42,40.299526,31.87905502319336,33.755306243896484,32.845699310302734
20002_1320_10,2024-05-28,43,37.782356,30.051496505737305,32.19712448120117,31.055330276489254
20002_1320_10,2024-05-28,44,36.070934,28.15981674194336,30.47774314880371,29.43021011352539
20002_1320_10,2024-05-28,45,34.68058,26.478666305541992,28.35538673400879,27.60648536682129
20002_1320_10,2024-05-28,46,29.259268,21.70225524902344,25.995718002319336,23.90387535095215
20002_1320_10,2024-05-28,47,28.279474,20.707284927368164,24.09108161926269,23.32382583618164
20002_1320_10,2024-05-28,48,28.296143,20.60939216613769,22.17637252807617,21.75282859802246
20002_1320_10,2024-05-28,49,24.243523,16.888906478881836,17.94061279296875,17.2646541595459
20002_1320_10,2024-05-29,1,5.1306877,4.637503623962402,21.187856674194336,14.071852684020996
20002_1320_10,2024-05-29,2,9.014883,8.204866409301758,19.217344284057617,14.536276817321776
20002_1320_10,2024-05-29,3,9.998402,8.899439811706543,17.667083740234375,12.859054565429688
20002_1320_10,2024-05-29,4,11.330741,9.969975471496582,17.181459426879883,13.653050422668455
20002_1320_10,2024-05-29,5,11.391222,10.016437530517578,17.23749351501465,13.811079978942873
20002_1320_10,2024-05-29,6,11.45679,10.109766960144045,17.83518409729004,13.768376350402832
20002_1320_10,2024-05-29,7,12.880446,11.463958740234377,18.56361961364746,15.032657623291016
20002_1320_10,2024-05-29,8,13.568726,12.121027946472168,19.60957908630371,16.117265701293945
20002_1320_10,2024-05-29,9,16.712664,14.511582374572754,21.48670196533203,18.92387962341309
20002_1320_10,2024-05-29,10,19.873281,17.01265525817871,23.72629165649414,20.83318519592285
20002_1320_10,2024-05-29,11,23.559956,20.63663482666016,26.226205825805664,24.071853637695312
20002_1320_10,2024-05-29,12,24.291208,21.369220733642575,28.565603256225582,25.252391815185547
20002_1320_10,2024-05-29,13,25.868002,22.50227928161621,30.517438888549805,26.991565704345703
20002_1320_10,2024-05-29,14,28.083282,24.570911407470703,31.84356689453125,28.782310485839844
20002_1320_10,2024-05-29,15,28.744608,25.28434562683105,32.833492279052734,29.35563087463379
20002_1320_10,2024-05-29,16,31.716167,27.810007095336918,34.15961837768555,31.62995719909668
20002_1320_10,2024-05-29,17,31.445635,27.64277648925781,35.35499954223633,32.040924072265625
20002_1320_10,2024-05-29,18,34.137398,30.50870132446289,36.66245269775391,34.207855224609375
20002_1320_10,2024-05-29,19,36.154404,32.64445114135742,37.44691848754883,35.81681823730469
20002_1320_10,2024-05-29,20,36.186203,32.93104934692383,38.04461288452149,36.093971252441406
20002_1320_10,2024-05-29,21,36.77582,33.426231384277344,38.45552444458008,36.86042404174805
20002_1320_10,2024-05-29,22,33.379322,30.45220375061035,38.00725555419922,34.596763610839844
20002_1320_10,2024-05-29,23,33.19526,30.03884696960449,38.34345626831055,34.60004806518555
20002_1320_10,2024-05-29,24,34.34214,31.021244049072266,38.30609893798828,35.12594223022461
20002_1320_10,2024-05-29,25,35.217335,31.59541320800781,38.30610275268555,35.02591323852539
20002_1320_10,2024-05-29,26,36.325165,32.629852294921875,38.15667724609375,35.42934036254883
20002_1320_10,2024-05-29,27,36.533337,32.71562576293945,38.11931991577149,35.46303176879883
20002_1320_10,2024-05-29,28,36.669228,32.76572036743164,38.71701049804688,35.63609313964844
20002_1320_10,2024-05-29,29,36.72771,32.735687255859375,38.49287796020508,35.38727569580078
20002_1320_10,2024-05-29,30,37.337147,33.563079833984375,38.75436782836914,35.859798431396484
20002_1320_10,2024-05-29,31,36.95926,33.371307373046875,39.05321502685547,35.90230178833008
20002_1320_10,2024-05-29,32,37.040657,33.373573303222656,39.3894157409668,36.201263427734375
20002_1320_10,2024-05-29,33,37.00283,33.3837776184082,40.02445983886719,36.50718307495117
20002_1320_10,2024-05-29,34,35.441345,32.28343963623047,41.07041931152344,36.23011779785156
20002_1320_10,2024-05-29,35,39.663517,36.342533111572266,41.66810989379883,40.742130279541016
20002_1320_10,2024-05-29,36,39.367046,36.02304458618164,41.92960357666016,40.632080078125
20002_1320_10,2024-05-29,37,39.012844,35.848567962646484,41.92960357666016,40.78410339355469
20002_1320_10,2024-05-29,38,37.600925,33.92951202392578,41.74282455444336,39.244537353515625
20002_1320_10,2024-05-29,39,37.932617,34.33021926879883,41.14513397216797,38.71351623535156
20002_1320_10,2024-05-29,40,37.163944,33.673587799072266,40.808929443359375,38.20763397216797
20002_1320_10,2024-05-29,41,36.428577,32.97185516357422,40.02445983886719,37.25229644775391
20002_1320_10,2024-05-29,42,35.449093,31.87905502319336,38.45552444458008,35.983341217041016
20002_1320_10,2024-05-29,43,33.875748,30.051496505737305,35.76591110229492,33.06431579589844
20002_1320_10,2024-05-29,44,32.3359,28.15981674194336,32.982913970947266,30.179780960083008
20002_1320_10,2024-05-29,45,31.195833,26.478666305541992,30.48008346557617,27.776309967041016
20002_1320_10,2024-05-29,46,27.167515,21.70225524902344,28.23874282836914,24.19599723815918
20002_1320_10,2024-05-29,47,26.131723,20.707284927368164,26.212196350097656,23.313629150390625
20002_1320_10,2024-05-29,48,26.107792,20.60939216613769,23.65157890319824,21.247779846191406
20002_1320_10,2024-05-29,49,21.512787,16.888906478881836,20.104541778564453,17.584230422973633
20002_1320_10,2024-05-30,1,8.872059,4.637503623962402,17.166906356811523,9.283028602600098
20002_1320_10,2024-05-30,2,11.04853,8.204866409301758,14.926746368408203,10.45474338531494
20002_1320_10,2024-05-30,3,11.519117,8.899439811706543,13.834901809692385,11.019803047180176
20002_1320_10,2024-05-30,4,12.224999,9.969975471496582,13.420756340026855,12.223937034606934
20002_1320_10,2024-05-30,5,12.283823,10.016437530517578,13.496055603027344,12.350316047668455
20002_1320_10,2024-05-30,6,12.372059,10.109766960144045,13.8349027633667,12.493565559387209
20002_1320_10,2024-05-30,7,13.1595,11.463958740234377,14.399649620056152,13.545495986938477
20002_1320_10,2024-05-30,8,13.923087,12.121027946472168,15.322067260742188,14.50588607788086
20002_1320_10,2024-05-30,9,17.14258,14.511582374572754,17.053956985473633,16.897960662841797
20002_1320_10,2024-05-30,10,18.42469,17.01265525817871,19.388242721557617,18.93476867675781
20002_1320_10,2024-05-30,11,21.374958,20.63663482666016,21.60016632080078,21.88368225097656
20002_1320_10,2024-05-30,12,22.390991,21.369220733642575,23.596778869628903,22.832172393798828
20002_1320_10,2024-05-30,13,23.771744,22.50227928161621,25.29454803466797,23.65779685974121
20002_1320_10,2024-05-30,14,25.766588,24.570911407470703,27.068796157836918,26.07418441772461
20002_1320_10,2024-05-30,15,26.325413,25.28434562683105,28.480661392211918,27.48441696166992
20002_1320_10,2024-05-30,16,28.168821,27.810007095336918,29.591327667236328,29.473093032836918
20002_1320_10,2024-05-30,17,28.313778,27.64277648925781,30.55139923095703,29.25028610229492
20002_1320_10,2024-05-30,18,31.799711,30.50870132446289,31.925615310668945,31.55618476867676
20002_1320_10,2024-05-30,19,34.32423,32.64445114135742,32.96098327636719,33.981529235839844
20002_1320_10,2024-05-30,20,34.731163,32.93104934692383,33.43160629272461,34.1495361328125
20002_1320_10,2024-05-30,21,34.436497,33.426231384277344,33.52573013305664,34.19499969482422
20002_1320_10,2024-05-30,22,31.518515,30.45220375061035,33.24335861206055,32.0881462097168
20002_1320_10,2024-05-30,23,30.469131,30.03884696960449,33.24335479736328,31.98351287841797
20002_1320_10,2024-05-30,24,31.194016,31.021244049072266,33.33748245239258,32.96337127685547
20002_1320_10,2024-05-30,25,31.37574,31.59541320800781,33.37512969970703,33.17662048339844
20002_1320_10,2024-05-30,26,33.321884,32.629852294921875,33.20570755004883,34.17414093017578
20002_1320_10,2024-05-30,27,33.331524,32.71562576293945,33.3751335144043,34.43864059448242
20002_1320_10,2024-05-30,28,33.353767,32.76572036743164,33.808101654052734,34.53498840332031
20002_1320_10,2024-05-30,29,32.958675,32.735687255859375,33.84574890136719,34.74455261230469
20002_1320_10,2024-05-30,30,21.346014,33.563079833984375,34.146949768066406,35.197147369384766
20002_1320_10,2024-05-30,31,20.98676,33.371307373046875,33.9775276184082,35.09663772583008
20002_1320_10,2024-05-30,32,20.612024,33.373573303222656,34.203426361083984,35.47773361206055
20002_1320_10,2024-05-30,33,20.670849,33.3837776184082,34.57992172241211,35.872093200683594
20002_1320_10,2024-05-30,34,18.028065,32.28343963623047,35.40821838378906,34.97415542602539
20002_1320_10,2024-05-30,35,25.020483,36.342533111572266,35.89766311645508,39.33208084106445
20002_1320_10,2024-05-30,36,23.942532,36.02304458618164,36.23651123046875,39.84675598144531
20002_1320_10,2024-05-30,37,23.55737,35.848567962646484,36.2741584777832,39.751373291015625
20002_1320_10,2024-05-30,38,21.052458,33.92951202392578,35.97296524047852,37.96236801147461
20002_1320_10,2024-05-30,39,21.179262,34.33021926879883,35.9353141784668,38.51715850830078
20002_1320_10,2024-05-30,40,20.544157,33.673587799072266,35.596466064453125,37.52063751220703
20002_1320_10,2024-05-30,41,19.660097,32.97185516357422,35.332916259765625,37.17265701293945
20002_1320_10,2024-05-30,42,17.954977,31.87905502319336,34.335201263427734,36.07730484008789
20002_1320_10,2024-05-30,43,16.496317,30.051496505737305,32.43388748168945,33.625465393066406
20002_1320_10,2024-05-30,44,14.205707,28.15981674194336,30.607873916625977,31.634449005126957
20002_1320_10,2024-05-30,45,11.752054,26.478666305541992,28.15122604370117,28.617197036743164
20002_1320_10,2024-05-30,46,3.1383252,21.70225524902344,25.485151290893555,23.904708862304688
20002_1320_10,2024-05-30,47,2.733584,20.707284927368164,23.035564422607425,22.67635536193848
20002_1320_10,2024-05-30,48,2.5968094,20.60939216613769,21.28014373779297,21.72649574279785
20002_1320_10,2024-05-30,49,0.1764706,16.888906478881836,17.91990089416504,18.54893684387207
20002_1320_10,2024-05-31,1,,4.637503623962402,0.0,0.0
20002_1320_10,2024-05-31,2,,8.204866409301758,0.0,0.0
20002_1320_10,2024-05-31,3,,8.899439811706543,0.0,0.0
20002_1320_10,2024-05-31,4,,9.969975471496582,0.0,0.0
20002_1320_10,2024-05-31,5,,10.016437530517578,0.0,0.0
20002_1320_10,2024-05-31,6,,10.109766960144045,0.1615157127380371,0.0
20002_1320_10,2024-05-31,7,,11.463958740234377,1.812795162200928,0.8922387957572937
20002_1320_10,2024-05-31,8,,12.121027946472168,3.539133071899414,1.9637506008148196
20002_1320_10,2024-05-31,9,,14.511582374572754,5.528173923492432,4.232097625732422
20002_1320_10,2024-05-31,10,,17.01265525817871,7.4796857833862305,4.832646369934082
20002_1320_10,2024-05-31,11,,20.63663482666016,9.618844032287598,6.933918952941895
20002_1320_10,2024-05-31,12,,21.369220733642575,11.4952974319458,7.4704742431640625
20002_1320_10,2024-05-31,13,,22.50227928161621,13.090283393859863,7.852022171020508
20002_1320_10,2024-05-31,14,,24.570911407470703,14.947972297668455,9.45942497253418
20002_1320_10,2024-05-31,15,,25.28434562683105,16.35531234741211,10.249974250793455
20002_1320_10,2024-05-31,16,,27.810007095336918,17.424890518188477,11.730704307556152
20002_1320_10,2024-05-31,17,,27.64277648925781,18.485088348388672,11.821822166442873
20002_1320_10,2024-05-31,18,,30.50870132446289,19.578123092651367,13.28215217590332
20002_1320_10,2024-05-31,19,,32.64445114135742,20.638317108154297,15.180421829223633
20002_1320_10,2024-05-31,20,,32.93104934692383,21.483896255493164,15.51988124847412
20002_1320_10,2024-05-31,21,,33.426231384277344,21.689132690429688,15.612126350402832
20002_1320_10,2024-05-31,22,,30.45220375061035,21.660985946655277,14.073369026184082
20002_1320_10,2024-05-31,23,,30.03884696960449,21.66567611694336,13.939420700073242
20002_1320_10,2024-05-31,24,,31.021244049072266,21.970600128173828,14.957658767700195
20002_1320_10,2024-05-31,25,,31.59541320800781,22.23799514770508,15.10517692565918
20002_1320_10,2024-05-31,26,,32.629852294921875,22.247377395629883,15.934467315673828
20002_1320_10,2024-05-31,27,,32.71562576293945,22.655506134033203,16.301177978515625
20002_1320_10,2024-05-31,28,,32.76572036743164,22.96981430053711,16.146595001220703
20002_1320_10,2024-05-31,29,,32.735687255859375,23.049560546875,16.502544403076172
20002_1320_10,2024-05-31,30,,33.563079833984375,23.15276527404785,16.975358963012695
20002_1320_10,2024-05-31,31,,33.371307373046875,23.10116577148437,16.681137084960938
20002_1320_10,2024-05-31,32,,33.373573303222656,23.237207412719727,16.99161148071289
20002_1320_10,2024-05-31,33,,33.3837776184082,23.57965850830078,17.413450241088867
20002_1320_10,2024-05-31,34,,32.28343963623047,24.320858001708984,17.12017822265625
20002_1320_10,2024-05-31,35,,36.342533111572266,24.84626579284668,21.171541213989254
20002_1320_10,2024-05-31,36,,36.02304458618164,25.019838333129883,21.017709732055664
20002_1320_10,2024-05-31,37,,35.848567962646484,24.95416259765625,21.01313781738281
20002_1320_10,2024-05-31,38,,33.92951202392578,24.761823654174805,19.701778411865234
20002_1320_10,2024-05-31,39,,34.33021926879883,24.461593627929688,19.880374908447266
20002_1320_10,2024-05-31,40,,33.673587799072266,24.273948669433597,19.40589714050293
20002_1320_10,2024-05-31,41,,32.97185516357422,23.729774475097656,18.78201103210449
20002_1320_10,2024-05-31,42,,31.87905502319336,22.721179962158203,18.072206497192383
20002_1320_10,2024-05-31,43,,30.051496505737305,21.480377197265625,16.200794219970703
20002_1320_10,2024-05-31,44,,28.15981674194336,20.150440216064453,14.936659812927246
20002_1320_10,2024-05-31,45,,26.478666305541992,18.26929473876953,13.427474975585938
20002_1320_10,2024-05-31,46,,21.70225524902344,15.96125602722168,10.338159561157228
20002_1320_10,2024-05-31,47,,20.707284927368164,13.634454727172852,9.703446388244627
20002_1320_10,2024-05-31,48,,20.60939216613769,11.457768440246582,8.664499282836914
20002_1320_10,2024-05-31,49,,16.888906478881836,8.755674362182617,6.600577354431152
